ISO-10303-21;
HEADER;
/* Generated by software containing ST-Developer
 * from STEP Tools, Inc. (www.steptools.com) 
 */

FILE_DESCRIPTION(
/* description */ (''),
/* implementation_level */ '2;1');

FILE_NAME(
/* name */ 'Printed_9mm_AWD_XY_joint_left_b.step',
/* time_stamp */ '2026-05-22T18:33:55+03:00',
/* author */ (''),
/* organization */ (''),
/* preprocessor_version */ 'ST-DEVELOPER v20.1',
/* originating_system */ 'Autodesk Translation Framework v15.8.0.0',
/* authorisation */ '');

FILE_SCHEMA (('AUTOMOTIVE_DESIGN { 1 0 10303 214 3 1 1 }'));
ENDSEC;

DATA;
#10=MECHANICAL_DESIGN_GEOMETRIC_PRESENTATION_REPRESENTATION('',(#13),#7497);
#11=SHAPE_REPRESENTATION_RELATIONSHIP('SRR','None',#7504,#12);
#12=ADVANCED_BREP_SHAPE_REPRESENTATION('',(#14),#7496);
#13=STYLED_ITEM('',(#7514),#14);
#14=MANIFOLD_SOLID_BREP('Body1',#4224);
#15=TOROIDAL_SURFACE('',#4338,1.4,1.);
#16=TOROIDAL_SURFACE('',#4354,1.4,1.);
#17=TOROIDAL_SURFACE('',#4603,3.4,0.4);
#18=TOROIDAL_SURFACE('',#4620,2.5,1.);
#19=TOROIDAL_SURFACE('',#4627,1.4,1.);
#20=TOROIDAL_SURFACE('',#4640,1.4,1.);
#21=TOROIDAL_SURFACE('',#4643,7.50000000000001,1.);
#22=TOROIDAL_SURFACE('',#4646,1.4,1.);
#23=TOROIDAL_SURFACE('',#4650,2.5,1.);
#24=TOROIDAL_SURFACE('',#4652,1.4,1.);
#25=TOROIDAL_SURFACE('',#4665,1.4,1.);
#26=TOROIDAL_SURFACE('',#4669,1.4,1.);
#27=TOROIDAL_SURFACE('',#4681,3.4,0.4);
#28=ELLIPSE('',#4285,2.12132034355965,1.5);
#29=ELLIPSE('',#4289,2.12132034355965,1.5);
#30=ELLIPSE('',#4341,1.41421356237305,1.);
#31=ELLIPSE('',#4371,4.24264068713257,3.);
#32=ELLIPSE('',#4493,4.24264068711929,3.);
#33=ELLIPSE('',#4529,2.12132034355964,1.5);
#34=ELLIPSE('',#4534,2.12132034355964,1.5);
#35=ELLIPSE('',#4587,0.787374960035544,0.552862109438103);
#36=B_SPLINE_SURFACE_WITH_KNOTS('',3,3,((#6145,#6146,#6147,#6148),(#6149,
#6150,#6151,#6152),(#6153,#6154,#6155,#6156),(#6157,#6158,#6159,#6160),
(#6161,#6162,#6163,#6164)),.UNSPECIFIED.,.F.,.F.,.F.,(4,1,4),(4,4),(0.,
0.5,1.),(0.181851442875397,0.317571111784572),.UNSPECIFIED.);
#37=B_SPLINE_SURFACE_WITH_KNOTS('',3,3,((#6861,#6862,#6863,#6864),(#6865,
#6866,#6867,#6868),(#6869,#6870,#6871,#6872),(#6873,#6874,#6875,#6876),
(#6877,#6878,#6879,#6880)),.UNSPECIFIED.,.F.,.F.,.F.,(4,1,4),(4,4),(0.,
0.5,1.),(0.121084858336575,0.256804527245755),.UNSPECIFIED.);
#38=B_SPLINE_SURFACE_WITH_KNOTS('',3,3,((#7114,#7115,#7116,#7117,#7118,
#7119,#7120,#7121,#7122,#7123,#7124,#7125,#7126,#7127,#7128,#7129),(#7130,
#7131,#7132,#7133,#7134,#7135,#7136,#7137,#7138,#7139,#7140,#7141,#7142,
#7143,#7144,#7145),(#7146,#7147,#7148,#7149,#7150,#7151,#7152,#7153,#7154,
#7155,#7156,#7157,#7158,#7159,#7160,#7161),(#7162,#7163,#7164,#7165,#7166,
#7167,#7168,#7169,#7170,#7171,#7172,#7173,#7174,#7175,#7176,#7177)),
 .UNSPECIFIED.,.F.,.F.,.F.,(4,4),(4,1,1,1,1,1,1,1,1,1,1,2,4),(0.,1.),(0.00889129780004028,
0.0138042777866822,0.0206112020031801,0.0274311441742587,0.0342641024500853,
0.0411100806585704,0.0479690818591098,0.0548411088720588,0.0617261651041029,
0.0686242519372286,0.0755353753867722,0.0823425143654363,0.0886320821859496),
 .UNSPECIFIED.);
#39=B_SPLINE_SURFACE_WITH_KNOTS('',3,3,((#7197,#7198,#7199,#7200),(#7201,
#7202,#7203,#7204),(#7205,#7206,#7207,#7208),(#7209,#7210,#7211,#7212),
(#7213,#7214,#7215,#7216),(#7217,#7218,#7219,#7220)),.UNSPECIFIED.,.F.,
 .F.,.F.,(4,1,1,4),(4,4),(-1.81809313018482E-5,0.285714285714286,0.571428571428571,
1.0000181809313),(0.470110111609148,0.516316314075626),.UNSPECIFIED.);
#40=(
BOUNDED_CURVE()
B_SPLINE_CURVE(2,(#6097,#6098,#6099),.UNSPECIFIED.,.F.,.F.)
B_SPLINE_CURVE_WITH_KNOTS((3,3),(0.956060470621893,1.31240814503465),
 .UNSPECIFIED.)
CURVE()
GEOMETRIC_REPRESENTATION_ITEM()
RATIONAL_B_SPLINE_CURVE((1.,1.27300228133125,1.34249499177001))
REPRESENTATION_ITEM('')
);
#41=(
BOUNDED_CURVE()
B_SPLINE_CURVE(2,(#6103,#6104,#6105),.UNSPECIFIED.,.F.,.F.)
B_SPLINE_CURVE_WITH_KNOTS((3,3),(2.23144572703393,2.79653233351733),
 .UNSPECIFIED.)
CURVE()
GEOMETRIC_REPRESENTATION_ITEM()
RATIONAL_B_SPLINE_CURVE((1.,1.3670657641843,1.54822160949744))
REPRESENTATION_ITEM('')
);
#42=(
BOUNDED_CURVE()
B_SPLINE_CURVE(2,(#6204,#6205,#6206),.UNSPECIFIED.,.F.,.F.)
B_SPLINE_CURVE_WITH_KNOTS((3,3),(0.485581265626676,0.812848895853495),
 .UNSPECIFIED.)
CURVE()
GEOMETRIC_REPRESENTATION_ITEM()
RATIONAL_B_SPLINE_CURVE((1.3044910376955,1.25485456432163,1.))
REPRESENTATION_ITEM('')
);
#43=(
BOUNDED_CURVE()
B_SPLINE_CURVE(2,(#6224,#6225,#6226),.UNSPECIFIED.,.F.,.F.)
B_SPLINE_CURVE_WITH_KNOTS((3,3),(3.6650934784629,4.72799278350008),
 .UNSPECIFIED.)
CURVE()
GEOMETRIC_REPRESENTATION_ITEM()
RATIONAL_B_SPLINE_CURVE((5.5557892981142,5.55578929810353,5.17263141548561))
REPRESENTATION_ITEM('')
);
#44=(
BOUNDED_CURVE()
B_SPLINE_CURVE(2,(#6245,#6246,#6247),.UNSPECIFIED.,.F.,.F.)
B_SPLINE_CURVE_WITH_KNOTS((3,3),(2.60219417336688,3.66509347846313),
 .UNSPECIFIED.)
CURVE()
GEOMETRIC_REPRESENTATION_ITEM()
RATIONAL_B_SPLINE_CURVE((5.17263141548619,5.55578929812535,5.55578929811467))
REPRESENTATION_ITEM('')
);
#45=(
BOUNDED_CURVE()
B_SPLINE_CURVE(2,(#6260,#6261,#6262),.UNSPECIFIED.,.F.,.F.)
B_SPLINE_CURVE_WITH_KNOTS((3,3),(3.66509347846316,4.72799278350012),
 .UNSPECIFIED.)
CURVE()
GEOMETRIC_REPRESENTATION_ITEM()
RATIONAL_B_SPLINE_CURVE((5.55578929811472,5.55578929810402,5.17263141548621))
REPRESENTATION_ITEM('')
);
#46=(
BOUNDED_CURVE()
B_SPLINE_CURVE(2,(#6282,#6283,#6284),.UNSPECIFIED.,.F.,.F.)
B_SPLINE_CURVE_WITH_KNOTS((3,3),(2.60219417336641,3.66509347846258),
 .UNSPECIFIED.)
CURVE()
GEOMETRIC_REPRESENTATION_ITEM()
RATIONAL_B_SPLINE_CURVE((5.17263141548549,5.5557892981247,5.55578929811412))
REPRESENTATION_ITEM('')
);
#47=(
BOUNDED_CURVE()
B_SPLINE_CURVE(2,(#6292,#6293,#6294),.UNSPECIFIED.,.F.,.F.)
B_SPLINE_CURVE_WITH_KNOTS((3,3),(3.66509347843324,4.72799278349577),
 .UNSPECIFIED.)
CURVE()
GEOMETRIC_REPRESENTATION_ITEM()
RATIONAL_B_SPLINE_CURVE((5.55578929810913,5.55578929810914,5.17263141548403))
REPRESENTATION_ITEM('')
);
#48=(
BOUNDED_CURVE()
B_SPLINE_CURVE(2,(#6296,#6297,#6298),.UNSPECIFIED.,.F.,.F.)
B_SPLINE_CURVE_WITH_KNOTS((3,3),(2.60219417337079,3.66509347843324),
 .UNSPECIFIED.)
CURVE()
GEOMETRIC_REPRESENTATION_ITEM()
RATIONAL_B_SPLINE_CURVE((5.1726314154839,5.55578929810896,5.55578929810898))
REPRESENTATION_ITEM('')
);
#49=(
BOUNDED_CURVE()
B_SPLINE_CURVE(2,(#6307,#6308,#6309),.UNSPECIFIED.,.F.,.F.)
B_SPLINE_CURVE_WITH_KNOTS((3,3),(3.66509347843352,4.72799278350471),
 .UNSPECIFIED.)
CURVE()
GEOMETRIC_REPRESENTATION_ITEM()
RATIONAL_B_SPLINE_CURVE((5.55578929812,5.55578929812,5.1726314154878))
REPRESENTATION_ITEM('')
);
#50=(
BOUNDED_CURVE()
B_SPLINE_CURVE(2,(#6311,#6312,#6313),.UNSPECIFIED.,.F.,.F.)
B_SPLINE_CURVE_WITH_KNOTS((3,3),(2.60219417336234,3.66509347843352),
 .UNSPECIFIED.)
CURVE()
GEOMETRIC_REPRESENTATION_ITEM()
RATIONAL_B_SPLINE_CURVE((5.17263141548778,5.55578929811997,5.55578929811996))
REPRESENTATION_ITEM('')
);
#51=(
BOUNDED_CURVE()
B_SPLINE_CURVE(2,(#6371,#6372,#6373),.UNSPECIFIED.,.F.,.F.)
B_SPLINE_CURVE_WITH_KNOTS((3,3),(0.2361762000611,0.334756280320646),
 .UNSPECIFIED.)
CURVE()
GEOMETRIC_REPRESENTATION_ITEM()
RATIONAL_B_SPLINE_CURVE((1.12412712713953,1.12412712713953,1.10250129751109))
REPRESENTATION_ITEM('')
);
#52=(
BOUNDED_CURVE()
B_SPLINE_CURVE(2,(#6436,#6437,#6438),.UNSPECIFIED.,.F.,.F.)
B_SPLINE_CURVE_WITH_KNOTS((3,3),(0.201166627419329,0.547722557505158),
 .UNSPECIFIED.)
CURVE()
GEOMETRIC_REPRESENTATION_ITEM()
RATIONAL_B_SPLINE_CURVE((1.4497474683059,1.75000000000007,1.75000000000008))
REPRESENTATION_ITEM('')
);
#53=(
BOUNDED_CURVE()
B_SPLINE_CURVE(2,(#6447,#6448,#6449),.UNSPECIFIED.,.F.,.F.)
B_SPLINE_CURVE_WITH_KNOTS((3,3),(0.8917398723847,1.34947865734847),
 .UNSPECIFIED.)
CURVE()
GEOMETRIC_REPRESENTATION_ITEM()
RATIONAL_B_SPLINE_CURVE((2.86666666666757,2.86666666666759,2.37482442427318))
REPRESENTATION_ITEM('')
);
#54=(
BOUNDED_CURVE()
B_SPLINE_CURVE(2,(#6944,#6945,#6946),.UNSPECIFIED.,.F.,.F.)
B_SPLINE_CURVE_WITH_KNOTS((3,3),(0.485582721495707,0.812850737066053),
 .UNSPECIFIED.)
CURVE()
GEOMETRIC_REPRESENTATION_ITEM()
RATIONAL_B_SPLINE_CURVE((1.30449156246735,1.25485481672371,1.))
REPRESENTATION_ITEM('')
);
#55=(
BOUNDED_CURVE()
B_SPLINE_CURVE(2,(#6967,#6968,#6969),.UNSPECIFIED.,.F.,.F.)
B_SPLINE_CURVE_WITH_KNOTS((3,3),(0.547722557505165,0.894278487591),
 .UNSPECIFIED.)
CURVE()
GEOMETRIC_REPRESENTATION_ITEM()
RATIONAL_B_SPLINE_CURVE((1.75000000000008,1.75000000000008,1.44974746830591))
REPRESENTATION_ITEM('')
);
#56=(
BOUNDED_CURVE()
B_SPLINE_CURVE(2,(#6973,#6974,#6975),.UNSPECIFIED.,.F.,.F.)
B_SPLINE_CURVE_WITH_KNOTS((3,3),(0.891739872384728,1.34947865734848),
 .UNSPECIFIED.)
CURVE()
GEOMETRIC_REPRESENTATION_ITEM()
RATIONAL_B_SPLINE_CURVE((2.86666666666767,2.86666666666766,2.37482442427323))
REPRESENTATION_ITEM('')
);
#57=(
BOUNDED_CURVE()
B_SPLINE_CURVE(2,(#6999,#7000,#7001),.UNSPECIFIED.,.F.,.F.)
B_SPLINE_CURVE_WITH_KNOTS((3,3),(0.179064948403024,0.282861184797665),
 .UNSPECIFIED.)
CURVE()
GEOMETRIC_REPRESENTATION_ITEM()
RATIONAL_B_SPLINE_CURVE((1.14423954681807,1.16668408274459,1.16668408274459))
REPRESENTATION_ITEM('')
);
#58=CYLINDRICAL_SURFACE('',#4263,0.4);
#59=CYLINDRICAL_SURFACE('',#4276,2.70000000000004);
#60=CYLINDRICAL_SURFACE('',#4281,1.5);
#61=CYLINDRICAL_SURFACE('',#4284,1.5);
#62=CYLINDRICAL_SURFACE('',#4290,1.5);
#63=CYLINDRICAL_SURFACE('',#4295,0.4);
#64=CYLINDRICAL_SURFACE('',#4311,4.99999999999983);
#65=CYLINDRICAL_SURFACE('',#4317,5.00000000000004);
#66=CYLINDRICAL_SURFACE('',#4334,2.7);
#67=CYLINDRICAL_SURFACE('',#4346,2.35);
#68=CYLINDRICAL_SURFACE('',#4350,1.7);
#69=CYLINDRICAL_SURFACE('',#4358,1.6);
#70=CYLINDRICAL_SURFACE('',#4372,1.49999999999947);
#71=CYLINDRICAL_SURFACE('',#4375,1.49999999999963);
#72=CYLINDRICAL_SURFACE('',#4377,0.4);
#73=CYLINDRICAL_SURFACE('',#4381,0.4);
#74=CYLINDRICAL_SURFACE('',#4385,0.4);
#75=CYLINDRICAL_SURFACE('',#4387,3.);
#76=CYLINDRICAL_SURFACE('',#4390,0.399999999999991);
#77=CYLINDRICAL_SURFACE('',#4394,0.4);
#78=CYLINDRICAL_SURFACE('',#4397,0.4);
#79=CYLINDRICAL_SURFACE('',#4401,0.4);
#80=CYLINDRICAL_SURFACE('',#4452,3.00000000000014);
#81=CYLINDRICAL_SURFACE('',#4455,3.0000000000004);
#82=CYLINDRICAL_SURFACE('',#4458,3.00000000000034);
#83=CYLINDRICAL_SURFACE('',#4461,3.00000000000027);
#84=CYLINDRICAL_SURFACE('',#4464,3.00000000000005);
#85=CYLINDRICAL_SURFACE('',#4467,2.99999999999991);
#86=CYLINDRICAL_SURFACE('',#4481,2.99999999999987);
#87=CYLINDRICAL_SURFACE('',#4483,3.00000000000034);
#88=CYLINDRICAL_SURFACE('',#4485,2.99999999999997);
#89=CYLINDRICAL_SURFACE('',#4487,3.00000000000026);
#90=CYLINDRICAL_SURFACE('',#4489,3.0000000000002);
#91=CYLINDRICAL_SURFACE('',#4490,3.00000000000036);
#92=CYLINDRICAL_SURFACE('',#4497,4.);
#93=CYLINDRICAL_SURFACE('',#4504,1.4999999999998);
#94=CYLINDRICAL_SURFACE('',#4509,1.5);
#95=CYLINDRICAL_SURFACE('',#4511,1.6);
#96=CYLINDRICAL_SURFACE('',#4514,0.4);
#97=CYLINDRICAL_SURFACE('',#4518,0.4);
#98=CYLINDRICAL_SURFACE('',#4521,0.4);
#99=CYLINDRICAL_SURFACE('',#4524,0.399999999999992);
#100=CYLINDRICAL_SURFACE('',#4528,1.5);
#101=CYLINDRICAL_SURFACE('',#4532,1.5);
#102=CYLINDRICAL_SURFACE('',#4536,1.50000000000009);
#103=CYLINDRICAL_SURFACE('',#4540,2.6);
#104=CYLINDRICAL_SURFACE('',#4542,2.8);
#105=CYLINDRICAL_SURFACE('',#4568,1.5);
#106=CYLINDRICAL_SURFACE('',#4571,8.49999999999994);
#107=CYLINDRICAL_SURFACE('',#4573,0.4);
#108=CYLINDRICAL_SURFACE('',#4576,0.4);
#109=CYLINDRICAL_SURFACE('',#4580,0.4);
#110=CYLINDRICAL_SURFACE('',#4583,0.4);
#111=CYLINDRICAL_SURFACE('',#4598,3.);
#112=CYLINDRICAL_SURFACE('',#4601,1.5);
#113=CYLINDRICAL_SURFACE('',#4607,0.4);
#114=CYLINDRICAL_SURFACE('',#4610,0.4);
#115=CYLINDRICAL_SURFACE('',#4618,1.5);
#116=CYLINDRICAL_SURFACE('',#4622,0.4);
#117=CYLINDRICAL_SURFACE('',#4625,1.);
#118=CYLINDRICAL_SURFACE('',#4628,1.7);
#119=CYLINDRICAL_SURFACE('',#4631,3.);
#120=CYLINDRICAL_SURFACE('',#4648,0.4);
#121=CYLINDRICAL_SURFACE('',#4654,1.);
#122=CYLINDRICAL_SURFACE('',#4655,7.75);
#123=CYLINDRICAL_SURFACE('',#4657,0.4);
#124=CYLINDRICAL_SURFACE('',#4660,0.4);
#125=CYLINDRICAL_SURFACE('',#4667,1.);
#126=CYLINDRICAL_SURFACE('',#4672,2.35);
#127=CYLINDRICAL_SURFACE('',#4685,3.);
#128=CYLINDRICAL_SURFACE('',#4688,1.);
#129=FACE_BOUND('',#501,.T.);
#130=FACE_BOUND('',#502,.T.);
#131=FACE_BOUND('',#503,.T.);
#132=FACE_BOUND('',#504,.T.);
#133=FACE_BOUND('',#505,.T.);
#134=FACE_BOUND('',#507,.T.);
#135=FACE_BOUND('',#620,.T.);
#136=FACE_BOUND('',#622,.T.);
#137=FACE_BOUND('',#639,.T.);
#138=FACE_BOUND('',#696,.T.);
#139=FACE_BOUND('',#704,.T.);
#140=FACE_BOUND('',#717,.T.);
#141=FACE_BOUND('',#738,.T.);
#142=FACE_BOUND('',#739,.T.);
#143=FACE_BOUND('',#742,.T.);
#144=FACE_BOUND('',#746,.T.);
#145=B_SPLINE_CURVE_WITH_KNOTS('',3,(#5977,#5978,#5979,#5980,#5981),
 .UNSPECIFIED.,.F.,.F.,(4,1,4),(0.,0.0196978195211111,0.0393956390422222),
 .UNSPECIFIED.);
#146=B_SPLINE_CURVE_WITH_KNOTS('',3,(#6025,#6026,#6027,#6028,#6029),
 .UNSPECIFIED.,.F.,.F.,(4,1,4),(0.,0.0196978195211077,0.0393956390422154),
 .UNSPECIFIED.);
#147=B_SPLINE_CURVE_WITH_KNOTS('',3,(#6071,#6072,#6073,#6074,#6075,#6076,
#6077,#6078),.UNSPECIFIED.,.F.,.F.,(4,2,2,4),(-0.165627968282863,-0.132202787135699,
-0.0963405313346093,-5.24580379135386E-15),.UNSPECIFIED.);
#148=B_SPLINE_CURVE_WITH_KNOTS('',3,(#6082,#6083,#6084,#6085,#6086,#6087,
#6088,#6089),.UNSPECIFIED.,.F.,.F.,(4,2,2,4),(-0.16562796828286,-0.132202787135694,
-0.0963405313346041,0.),.UNSPECIFIED.);
#149=B_SPLINE_CURVE_WITH_KNOTS('',3,(#6362,#6363,#6364,#6365),
 .UNSPECIFIED.,.F.,.F.,(4,4),(-0.0639256325808179,-1.9346510798702E-6),
 .UNSPECIFIED.);
#150=B_SPLINE_CURVE_WITH_KNOTS('',3,(#6381,#6382,#6383,#6384,#6385,#6386,
#6387,#6388),.UNSPECIFIED.,.F.,.F.,(4,2,2,4),(-0.165627968282872,-0.132202787135708,
-0.0963405313346153,-5.57887069874141E-15),.UNSPECIFIED.);
#151=B_SPLINE_CURVE_WITH_KNOTS('',3,(#6509,#6510,#6511,#6512,#6513,#6514),
 .UNSPECIFIED.,.F.,.F.,(4,2,4),(-0.172990442705939,-0.129806209296194,3.13638004456607E-15),
 .UNSPECIFIED.);
#152=B_SPLINE_CURVE_WITH_KNOTS('',3,(#7002,#7003,#7004,#7005,#7006,#7007,
#7008),.UNSPECIFIED.,.F.,.F.,(4,3,4),(-0.0390659506994077,0.,0.135997667898361),
 .UNSPECIFIED.);
#153=B_SPLINE_CURVE_WITH_KNOTS('',3,(#7238,#7239,#7240,#7241,#7242,#7243,
#7244,#7245,#7246,#7247,#7248,#7249,#7250,#7251,#7252,#7253,#7254,#7255,
#7256),.UNSPECIFIED.,.F.,.F.,(4,3,3,3,3,3,4),(-0.00243862166907151,0.,0.0261160011769722,
0.0469849882386045,0.0678539753041318,0.093969976487027,0.0964085981560584),
 .UNSPECIFIED.);
#154=B_SPLINE_CURVE_WITH_KNOTS('',3,(#7297,#7298,#7299,#7300,#7301,#7302),
 .UNSPECIFIED.,.F.,.F.,(4,2,4),(-0.000538140478139256,0.,0.0448573393831183),
 .UNSPECIFIED.);
#155=B_SPLINE_CURVE_WITH_KNOTS('',3,(#7315,#7316,#7317,#7318,#7319,#7320,
#7321,#7322,#7323,#7324,#7325,#7326),.UNSPECIFIED.,.F.,.F.,(4,2,2,2,2,4),
(0.445364795547744,0.479724620495894,0.51869652997598,0.587417364572513,
0.60532862784781,0.605769458010485),.UNSPECIFIED.);
#156=B_SPLINE_CURVE_WITH_KNOTS('',3,(#7337,#7338,#7339,#7340,#7341,#7342,
#7343,#7344),.UNSPECIFIED.,.F.,.F.,(4,2,2,4),(-0.000431492318922225,0.,
0.0368631510586697,0.0374350239044859),.UNSPECIFIED.);
#157=B_SPLINE_CURVE_WITH_KNOTS('',3,(#7352,#7353,#7354,#7355,#7356,#7357,
#7358,#7359),.UNSPECIFIED.,.F.,.F.,(4,2,2,4),(-0.268729552388209,-0.233758463145629,
-0.190073784086232,-0.14995260150106),.UNSPECIFIED.);
#158=B_SPLINE_CURVE_WITH_KNOTS('',3,(#7383,#7384,#7385,#7386,#7387,#7388,
#7389,#7390,#7391,#7392,#7393,#7394),.UNSPECIFIED.,.F.,.F.,(4,2,2,2,2,4),
(-0.000440832269813343,0.,0.0179112898048703,0.0866322198014295,0.125604183849469,
0.159964056907801),.UNSPECIFIED.);
#159=B_SPLINE_CURVE_WITH_KNOTS('',3,(#7399,#7400,#7401,#7402,#7403,#7404),
 .UNSPECIFIED.,.F.,.F.,(4,2,4),(0.652794797487933,0.697652151563214,0.698190292328533),
 .UNSPECIFIED.);
#160=B_SPLINE_CURVE_WITH_KNOTS('',3,(#7409,#7410,#7411,#7412,#7413,#7414),
 .UNSPECIFIED.,.F.,.F.,(4,2,4),(0.200084677698813,0.349178105911218,0.429815306101934),
 .UNSPECIFIED.);
#161=B_SPLINE_CURVE_WITH_KNOTS('',3,(#7417,#7418,#7419,#7420,#7421,#7422),
 .UNSPECIFIED.,.F.,.F.,(4,2,4),(-0.896794653046575,-0.847032856899351,-0.666721965412989),
 .UNSPECIFIED.);
#162=B_SPLINE_CURVE_WITH_KNOTS('',3,(#7426,#7427,#7428,#7429,#7430,#7431,
#7432,#7433,#7434,#7435,#7436,#7437),.UNSPECIFIED.,.F.,.F.,(4,2,2,2,2,4),
(-0.000440828362084699,0.,0.0179112403155143,0.0866319923543065,0.125603854612338,
0.159963637926867),.UNSPECIFIED.);
#163=PLANE('',#4241);
#164=PLANE('',#4261);
#165=PLANE('',#4266);
#166=PLANE('',#4267);
#167=PLANE('',#4274);
#168=PLANE('',#4275);
#169=PLANE('',#4283);
#170=PLANE('',#4287);
#171=PLANE('',#4288);
#172=PLANE('',#4293);
#173=PLANE('',#4298);
#174=PLANE('',#4299);
#175=PLANE('',#4300);
#176=PLANE('',#4301);
#177=PLANE('',#4302);
#178=PLANE('',#4304);
#179=PLANE('',#4305);
#180=PLANE('',#4308);
#181=PLANE('',#4314);
#182=PLANE('',#4315);
#183=PLANE('',#4319);
#184=PLANE('',#4321);
#185=PLANE('',#4322);
#186=PLANE('',#4324);
#187=PLANE('',#4327);
#188=PLANE('',#4330);
#189=PLANE('',#4340);
#190=PLANE('',#4342);
#191=PLANE('',#4362);
#192=PLANE('',#4364);
#193=PLANE('',#4367);
#194=PLANE('',#4370);
#195=PLANE('',#4374);
#196=PLANE('',#4380);
#197=PLANE('',#4389);
#198=PLANE('',#4393);
#199=PLANE('',#4400);
#200=PLANE('',#4404);
#201=PLANE('',#4411);
#202=PLANE('',#4412);
#203=PLANE('',#4419);
#204=PLANE('',#4420);
#205=PLANE('',#4427);
#206=PLANE('',#4428);
#207=PLANE('',#4435);
#208=PLANE('',#4436);
#209=PLANE('',#4443);
#210=PLANE('',#4444);
#211=PLANE('',#4451);
#212=PLANE('',#4454);
#213=PLANE('',#4457);
#214=PLANE('',#4460);
#215=PLANE('',#4463);
#216=PLANE('',#4466);
#217=PLANE('',#4469);
#218=PLANE('',#4470);
#219=PLANE('',#4472);
#220=PLANE('',#4480);
#221=PLANE('',#4482);
#222=PLANE('',#4484);
#223=PLANE('',#4486);
#224=PLANE('',#4488);
#225=PLANE('',#4491);
#226=PLANE('',#4492);
#227=PLANE('',#4494);
#228=PLANE('',#4499);
#229=PLANE('',#4503);
#230=PLANE('',#4506);
#231=PLANE('',#4508);
#232=PLANE('',#4517);
#233=PLANE('',#4520);
#234=PLANE('',#4523);
#235=PLANE('',#4527);
#236=PLANE('',#4531);
#237=PLANE('',#4535);
#238=PLANE('',#4539);
#239=PLANE('',#4545);
#240=PLANE('',#4547);
#241=PLANE('',#4549);
#242=PLANE('',#4551);
#243=PLANE('',#4553);
#244=PLANE('',#4556);
#245=PLANE('',#4575);
#246=PLANE('',#4579);
#247=PLANE('',#4586);
#248=PLANE('',#4591);
#249=PLANE('',#4593);
#250=PLANE('',#4595);
#251=PLANE('',#4596);
#252=PLANE('',#4609);
#253=PLANE('',#4612);
#254=PLANE('',#4615);
#255=PLANE('',#4624);
#256=PLANE('',#4632);
#257=PLANE('',#4633);
#258=PLANE('',#4634);
#259=PLANE('',#4659);
#260=PLANE('',#4662);
#261=PLANE('',#4676);
#262=PLANE('',#4677);
#263=PLANE('',#4678);
#264=PLANE('',#4679);
#265=PLANE('',#4687);
#266=FACE_OUTER_BOUND('',#499,.T.);
#267=FACE_OUTER_BOUND('',#500,.T.);
#268=FACE_OUTER_BOUND('',#506,.T.);
#269=FACE_OUTER_BOUND('',#508,.T.);
#270=FACE_OUTER_BOUND('',#509,.T.);
#271=FACE_OUTER_BOUND('',#510,.T.);
#272=FACE_OUTER_BOUND('',#511,.T.);
#273=FACE_OUTER_BOUND('',#512,.T.);
#274=FACE_OUTER_BOUND('',#513,.T.);
#275=FACE_OUTER_BOUND('',#514,.T.);
#276=FACE_OUTER_BOUND('',#515,.T.);
#277=FACE_OUTER_BOUND('',#516,.T.);
#278=FACE_OUTER_BOUND('',#517,.T.);
#279=FACE_OUTER_BOUND('',#518,.T.);
#280=FACE_OUTER_BOUND('',#519,.T.);
#281=FACE_OUTER_BOUND('',#520,.T.);
#282=FACE_OUTER_BOUND('',#521,.T.);
#283=FACE_OUTER_BOUND('',#522,.T.);
#284=FACE_OUTER_BOUND('',#523,.T.);
#285=FACE_OUTER_BOUND('',#524,.T.);
#286=FACE_OUTER_BOUND('',#525,.T.);
#287=FACE_OUTER_BOUND('',#526,.T.);
#288=FACE_OUTER_BOUND('',#527,.T.);
#289=FACE_OUTER_BOUND('',#528,.T.);
#290=FACE_OUTER_BOUND('',#529,.T.);
#291=FACE_OUTER_BOUND('',#530,.T.);
#292=FACE_OUTER_BOUND('',#531,.T.);
#293=FACE_OUTER_BOUND('',#532,.T.);
#294=FACE_OUTER_BOUND('',#533,.T.);
#295=FACE_OUTER_BOUND('',#534,.T.);
#296=FACE_OUTER_BOUND('',#535,.T.);
#297=FACE_OUTER_BOUND('',#536,.T.);
#298=FACE_OUTER_BOUND('',#537,.T.);
#299=FACE_OUTER_BOUND('',#538,.T.);
#300=FACE_OUTER_BOUND('',#539,.T.);
#301=FACE_OUTER_BOUND('',#540,.T.);
#302=FACE_OUTER_BOUND('',#541,.T.);
#303=FACE_OUTER_BOUND('',#542,.T.);
#304=FACE_OUTER_BOUND('',#543,.T.);
#305=FACE_OUTER_BOUND('',#544,.T.);
#306=FACE_OUTER_BOUND('',#545,.T.);
#307=FACE_OUTER_BOUND('',#546,.T.);
#308=FACE_OUTER_BOUND('',#547,.T.);
#309=FACE_OUTER_BOUND('',#548,.T.);
#310=FACE_OUTER_BOUND('',#549,.T.);
#311=FACE_OUTER_BOUND('',#550,.T.);
#312=FACE_OUTER_BOUND('',#551,.T.);
#313=FACE_OUTER_BOUND('',#552,.T.);
#314=FACE_OUTER_BOUND('',#553,.T.);
#315=FACE_OUTER_BOUND('',#554,.T.);
#316=FACE_OUTER_BOUND('',#555,.T.);
#317=FACE_OUTER_BOUND('',#556,.T.);
#318=FACE_OUTER_BOUND('',#557,.T.);
#319=FACE_OUTER_BOUND('',#558,.T.);
#320=FACE_OUTER_BOUND('',#559,.T.);
#321=FACE_OUTER_BOUND('',#560,.T.);
#322=FACE_OUTER_BOUND('',#561,.T.);
#323=FACE_OUTER_BOUND('',#562,.T.);
#324=FACE_OUTER_BOUND('',#563,.T.);
#325=FACE_OUTER_BOUND('',#564,.T.);
#326=FACE_OUTER_BOUND('',#565,.T.);
#327=FACE_OUTER_BOUND('',#566,.T.);
#328=FACE_OUTER_BOUND('',#567,.T.);
#329=FACE_OUTER_BOUND('',#568,.T.);
#330=FACE_OUTER_BOUND('',#569,.T.);
#331=FACE_OUTER_BOUND('',#570,.T.);
#332=FACE_OUTER_BOUND('',#571,.T.);
#333=FACE_OUTER_BOUND('',#572,.T.);
#334=FACE_OUTER_BOUND('',#573,.T.);
#335=FACE_OUTER_BOUND('',#574,.T.);
#336=FACE_OUTER_BOUND('',#575,.T.);
#337=FACE_OUTER_BOUND('',#576,.T.);
#338=FACE_OUTER_BOUND('',#577,.T.);
#339=FACE_OUTER_BOUND('',#578,.T.);
#340=FACE_OUTER_BOUND('',#579,.T.);
#341=FACE_OUTER_BOUND('',#580,.T.);
#342=FACE_OUTER_BOUND('',#581,.T.);
#343=FACE_OUTER_BOUND('',#582,.T.);
#344=FACE_OUTER_BOUND('',#583,.T.);
#345=FACE_OUTER_BOUND('',#584,.T.);
#346=FACE_OUTER_BOUND('',#585,.T.);
#347=FACE_OUTER_BOUND('',#586,.T.);
#348=FACE_OUTER_BOUND('',#587,.T.);
#349=FACE_OUTER_BOUND('',#588,.T.);
#350=FACE_OUTER_BOUND('',#589,.T.);
#351=FACE_OUTER_BOUND('',#590,.T.);
#352=FACE_OUTER_BOUND('',#591,.T.);
#353=FACE_OUTER_BOUND('',#592,.T.);
#354=FACE_OUTER_BOUND('',#593,.T.);
#355=FACE_OUTER_BOUND('',#594,.T.);
#356=FACE_OUTER_BOUND('',#595,.T.);
#357=FACE_OUTER_BOUND('',#596,.T.);
#358=FACE_OUTER_BOUND('',#597,.T.);
#359=FACE_OUTER_BOUND('',#598,.T.);
#360=FACE_OUTER_BOUND('',#599,.T.);
#361=FACE_OUTER_BOUND('',#600,.T.);
#362=FACE_OUTER_BOUND('',#601,.T.);
#363=FACE_OUTER_BOUND('',#602,.T.);
#364=FACE_OUTER_BOUND('',#603,.T.);
#365=FACE_OUTER_BOUND('',#604,.T.);
#366=FACE_OUTER_BOUND('',#605,.T.);
#367=FACE_OUTER_BOUND('',#606,.T.);
#368=FACE_OUTER_BOUND('',#607,.T.);
#369=FACE_OUTER_BOUND('',#608,.T.);
#370=FACE_OUTER_BOUND('',#609,.T.);
#371=FACE_OUTER_BOUND('',#610,.T.);
#372=FACE_OUTER_BOUND('',#611,.T.);
#373=FACE_OUTER_BOUND('',#612,.T.);
#374=FACE_OUTER_BOUND('',#613,.T.);
#375=FACE_OUTER_BOUND('',#614,.T.);
#376=FACE_OUTER_BOUND('',#615,.T.);
#377=FACE_OUTER_BOUND('',#616,.T.);
#378=FACE_OUTER_BOUND('',#617,.T.);
#379=FACE_OUTER_BOUND('',#618,.T.);
#380=FACE_OUTER_BOUND('',#619,.T.);
#381=FACE_OUTER_BOUND('',#621,.T.);
#382=FACE_OUTER_BOUND('',#623,.T.);
#383=FACE_OUTER_BOUND('',#624,.T.);
#384=FACE_OUTER_BOUND('',#625,.T.);
#385=FACE_OUTER_BOUND('',#626,.T.);
#386=FACE_OUTER_BOUND('',#627,.T.);
#387=FACE_OUTER_BOUND('',#628,.T.);
#388=FACE_OUTER_BOUND('',#629,.T.);
#389=FACE_OUTER_BOUND('',#630,.T.);
#390=FACE_OUTER_BOUND('',#631,.T.);
#391=FACE_OUTER_BOUND('',#632,.T.);
#392=FACE_OUTER_BOUND('',#633,.T.);
#393=FACE_OUTER_BOUND('',#634,.T.);
#394=FACE_OUTER_BOUND('',#635,.T.);
#395=FACE_OUTER_BOUND('',#636,.T.);
#396=FACE_OUTER_BOUND('',#637,.T.);
#397=FACE_OUTER_BOUND('',#638,.T.);
#398=FACE_OUTER_BOUND('',#640,.T.);
#399=FACE_OUTER_BOUND('',#641,.T.);
#400=FACE_OUTER_BOUND('',#642,.T.);
#401=FACE_OUTER_BOUND('',#643,.T.);
#402=FACE_OUTER_BOUND('',#644,.T.);
#403=FACE_OUTER_BOUND('',#645,.T.);
#404=FACE_OUTER_BOUND('',#646,.T.);
#405=FACE_OUTER_BOUND('',#647,.T.);
#406=FACE_OUTER_BOUND('',#648,.T.);
#407=FACE_OUTER_BOUND('',#649,.T.);
#408=FACE_OUTER_BOUND('',#650,.T.);
#409=FACE_OUTER_BOUND('',#651,.T.);
#410=FACE_OUTER_BOUND('',#652,.T.);
#411=FACE_OUTER_BOUND('',#653,.T.);
#412=FACE_OUTER_BOUND('',#654,.T.);
#413=FACE_OUTER_BOUND('',#655,.T.);
#414=FACE_OUTER_BOUND('',#656,.T.);
#415=FACE_OUTER_BOUND('',#657,.T.);
#416=FACE_OUTER_BOUND('',#658,.T.);
#417=FACE_OUTER_BOUND('',#659,.T.);
#418=FACE_OUTER_BOUND('',#660,.T.);
#419=FACE_OUTER_BOUND('',#661,.T.);
#420=FACE_OUTER_BOUND('',#662,.T.);
#421=FACE_OUTER_BOUND('',#663,.T.);
#422=FACE_OUTER_BOUND('',#664,.T.);
#423=FACE_OUTER_BOUND('',#665,.T.);
#424=FACE_OUTER_BOUND('',#666,.T.);
#425=FACE_OUTER_BOUND('',#667,.T.);
#426=FACE_OUTER_BOUND('',#668,.T.);
#427=FACE_OUTER_BOUND('',#669,.T.);
#428=FACE_OUTER_BOUND('',#670,.T.);
#429=FACE_OUTER_BOUND('',#671,.T.);
#430=FACE_OUTER_BOUND('',#672,.T.);
#431=FACE_OUTER_BOUND('',#673,.T.);
#432=FACE_OUTER_BOUND('',#674,.T.);
#433=FACE_OUTER_BOUND('',#675,.T.);
#434=FACE_OUTER_BOUND('',#676,.T.);
#435=FACE_OUTER_BOUND('',#677,.T.);
#436=FACE_OUTER_BOUND('',#678,.T.);
#437=FACE_OUTER_BOUND('',#679,.T.);
#438=FACE_OUTER_BOUND('',#680,.T.);
#439=FACE_OUTER_BOUND('',#681,.T.);
#440=FACE_OUTER_BOUND('',#682,.T.);
#441=FACE_OUTER_BOUND('',#683,.T.);
#442=FACE_OUTER_BOUND('',#684,.T.);
#443=FACE_OUTER_BOUND('',#685,.T.);
#444=FACE_OUTER_BOUND('',#686,.T.);
#445=FACE_OUTER_BOUND('',#687,.T.);
#446=FACE_OUTER_BOUND('',#688,.T.);
#447=FACE_OUTER_BOUND('',#689,.T.);
#448=FACE_OUTER_BOUND('',#690,.T.);
#449=FACE_OUTER_BOUND('',#691,.T.);
#450=FACE_OUTER_BOUND('',#692,.T.);
#451=FACE_OUTER_BOUND('',#693,.T.);
#452=FACE_OUTER_BOUND('',#694,.T.);
#453=FACE_OUTER_BOUND('',#695,.T.);
#454=FACE_OUTER_BOUND('',#697,.T.);
#455=FACE_OUTER_BOUND('',#698,.T.);
#456=FACE_OUTER_BOUND('',#699,.T.);
#457=FACE_OUTER_BOUND('',#700,.T.);
#458=FACE_OUTER_BOUND('',#701,.T.);
#459=FACE_OUTER_BOUND('',#702,.T.);
#460=FACE_OUTER_BOUND('',#703,.T.);
#461=FACE_OUTER_BOUND('',#705,.T.);
#462=FACE_OUTER_BOUND('',#706,.T.);
#463=FACE_OUTER_BOUND('',#707,.T.);
#464=FACE_OUTER_BOUND('',#708,.T.);
#465=FACE_OUTER_BOUND('',#709,.T.);
#466=FACE_OUTER_BOUND('',#710,.T.);
#467=FACE_OUTER_BOUND('',#711,.T.);
#468=FACE_OUTER_BOUND('',#712,.T.);
#469=FACE_OUTER_BOUND('',#713,.T.);
#470=FACE_OUTER_BOUND('',#714,.T.);
#471=FACE_OUTER_BOUND('',#715,.T.);
#472=FACE_OUTER_BOUND('',#716,.T.);
#473=FACE_OUTER_BOUND('',#718,.T.);
#474=FACE_OUTER_BOUND('',#719,.T.);
#475=FACE_OUTER_BOUND('',#720,.T.);
#476=FACE_OUTER_BOUND('',#721,.T.);
#477=FACE_OUTER_BOUND('',#722,.T.);
#478=FACE_OUTER_BOUND('',#723,.T.);
#479=FACE_OUTER_BOUND('',#724,.T.);
#480=FACE_OUTER_BOUND('',#725,.T.);
#481=FACE_OUTER_BOUND('',#726,.T.);
#482=FACE_OUTER_BOUND('',#727,.T.);
#483=FACE_OUTER_BOUND('',#728,.T.);
#484=FACE_OUTER_BOUND('',#729,.T.);
#485=FACE_OUTER_BOUND('',#730,.T.);
#486=FACE_OUTER_BOUND('',#731,.T.);
#487=FACE_OUTER_BOUND('',#732,.T.);
#488=FACE_OUTER_BOUND('',#733,.T.);
#489=FACE_OUTER_BOUND('',#734,.T.);
#490=FACE_OUTER_BOUND('',#735,.T.);
#491=FACE_OUTER_BOUND('',#736,.T.);
#492=FACE_OUTER_BOUND('',#737,.T.);
#493=FACE_OUTER_BOUND('',#740,.T.);
#494=FACE_OUTER_BOUND('',#741,.T.);
#495=FACE_OUTER_BOUND('',#743,.T.);
#496=FACE_OUTER_BOUND('',#744,.T.);
#497=FACE_OUTER_BOUND('',#745,.T.);
#498=FACE_OUTER_BOUND('',#747,.T.);
#499=EDGE_LOOP('',(#2705,#2706,#2707,#2708));
#500=EDGE_LOOP('',(#2709,#2710,#2711,#2712,#2713,#2714,#2715,#2716,#2717,
#2718,#2719,#2720,#2721,#2722,#2723,#2724,#2725,#2726,#2727,#2728,#2729,
#2730,#2731,#2732,#2733,#2734,#2735,#2736,#2737,#2738,#2739,#2740));
#501=EDGE_LOOP('',(#2741));
#502=EDGE_LOOP('',(#2742));
#503=EDGE_LOOP('',(#2743));
#504=EDGE_LOOP('',(#2744,#2745,#2746,#2747));
#505=EDGE_LOOP('',(#2748));
#506=EDGE_LOOP('',(#2749));
#507=EDGE_LOOP('',(#2750));
#508=EDGE_LOOP('',(#2751,#2752,#2753,#2754));
#509=EDGE_LOOP('',(#2755,#2756,#2757,#2758,#2759,#2760,#2761,#2762,#2763,
#2764,#2765,#2766,#2767,#2768,#2769));
#510=EDGE_LOOP('',(#2770,#2771,#2772,#2773,#2774,#2775,#2776,#2777,#2778,
#2779,#2780));
#511=EDGE_LOOP('',(#2781,#2782,#2783,#2784));
#512=EDGE_LOOP('',(#2785,#2786,#2787,#2788));
#513=EDGE_LOOP('',(#2789,#2790,#2791,#2792,#2793));
#514=EDGE_LOOP('',(#2794,#2795,#2796,#2797));
#515=EDGE_LOOP('',(#2798,#2799,#2800,#2801));
#516=EDGE_LOOP('',(#2802,#2803,#2804,#2805));
#517=EDGE_LOOP('',(#2806,#2807,#2808,#2809));
#518=EDGE_LOOP('',(#2810,#2811,#2812,#2813));
#519=EDGE_LOOP('',(#2814,#2815,#2816,#2817,#2818,#2819,#2820,#2821));
#520=EDGE_LOOP('',(#2822,#2823,#2824,#2825));
#521=EDGE_LOOP('',(#2826,#2827,#2828,#2829));
#522=EDGE_LOOP('',(#2830,#2831,#2832,#2833,#2834,#2835));
#523=EDGE_LOOP('',(#2836,#2837,#2838,#2839));
#524=EDGE_LOOP('',(#2840,#2841,#2842,#2843));
#525=EDGE_LOOP('',(#2844,#2845,#2846,#2847,#2848,#2849,#2850,#2851,#2852,
#2853,#2854,#2855,#2856,#2857));
#526=EDGE_LOOP('',(#2858,#2859,#2860,#2861));
#527=EDGE_LOOP('',(#2862,#2863,#2864,#2865,#2866,#2867,#2868,#2869,#2870,
#2871,#2872,#2873,#2874,#2875));
#528=EDGE_LOOP('',(#2876,#2877,#2878,#2879,#2880,#2881,#2882));
#529=EDGE_LOOP('',(#2883,#2884,#2885));
#530=EDGE_LOOP('',(#2886,#2887,#2888,#2889,#2890,#2891,#2892));
#531=EDGE_LOOP('',(#2893,#2894,#2895,#2896));
#532=EDGE_LOOP('',(#2897,#2898,#2899,#2900));
#533=EDGE_LOOP('',(#2901,#2902,#2903,#2904,#2905,#2906,#2907,#2908));
#534=EDGE_LOOP('',(#2909,#2910,#2911,#2912));
#535=EDGE_LOOP('',(#2913,#2914,#2915,#2916));
#536=EDGE_LOOP('',(#2917,#2918,#2919,#2920,#2921,#2922,#2923,#2924));
#537=EDGE_LOOP('',(#2925,#2926,#2927,#2928));
#538=EDGE_LOOP('',(#2929,#2930,#2931,#2932));
#539=EDGE_LOOP('',(#2933,#2934,#2935,#2936));
#540=EDGE_LOOP('',(#2937,#2938,#2939,#2940));
#541=EDGE_LOOP('',(#2941,#2942,#2943,#2944));
#542=EDGE_LOOP('',(#2945,#2946,#2947));
#543=EDGE_LOOP('',(#2948,#2949,#2950,#2951));
#544=EDGE_LOOP('',(#2952,#2953,#2954));
#545=EDGE_LOOP('',(#2955,#2956,#2957,#2958));
#546=EDGE_LOOP('',(#2959,#2960,#2961));
#547=EDGE_LOOP('',(#2962,#2963,#2964,#2965));
#548=EDGE_LOOP('',(#2966,#2967,#2968,#2969,#2970));
#549=EDGE_LOOP('',(#2971,#2972,#2973,#2974));
#550=EDGE_LOOP('',(#2975,#2976,#2977));
#551=EDGE_LOOP('',(#2978,#2979,#2980,#2981,#2982,#2983,#2984,#2985,#2986,
#2987,#2988,#2989));
#552=EDGE_LOOP('',(#2990,#2991,#2992,#2993));
#553=EDGE_LOOP('',(#2994,#2995,#2996,#2997,#2998));
#554=EDGE_LOOP('',(#2999,#3000,#3001,#3002,#3003));
#555=EDGE_LOOP('',(#3004,#3005,#3006,#3007));
#556=EDGE_LOOP('',(#3008,#3009,#3010,#3011,#3012,#3013,#3014,#3015));
#557=EDGE_LOOP('',(#3016,#3017,#3018,#3019));
#558=EDGE_LOOP('',(#3020,#3021,#3022,#3023));
#559=EDGE_LOOP('',(#3024,#3025,#3026,#3027));
#560=EDGE_LOOP('',(#3028,#3029,#3030,#3031));
#561=EDGE_LOOP('',(#3032,#3033,#3034,#3035));
#562=EDGE_LOOP('',(#3036,#3037,#3038,#3039));
#563=EDGE_LOOP('',(#3040,#3041,#3042,#3043));
#564=EDGE_LOOP('',(#3044,#3045,#3046,#3047));
#565=EDGE_LOOP('',(#3048,#3049,#3050,#3051));
#566=EDGE_LOOP('',(#3052,#3053,#3054,#3055,#3056));
#567=EDGE_LOOP('',(#3057,#3058,#3059,#3060));
#568=EDGE_LOOP('',(#3061,#3062,#3063,#3064));
#569=EDGE_LOOP('',(#3065,#3066,#3067,#3068));
#570=EDGE_LOOP('',(#3069,#3070,#3071,#3072));
#571=EDGE_LOOP('',(#3073,#3074,#3075,#3076));
#572=EDGE_LOOP('',(#3077,#3078,#3079,#3080));
#573=EDGE_LOOP('',(#3081,#3082,#3083,#3084,#3085));
#574=EDGE_LOOP('',(#3086,#3087,#3088,#3089));
#575=EDGE_LOOP('',(#3090,#3091,#3092,#3093,#3094));
#576=EDGE_LOOP('',(#3095,#3096,#3097,#3098,#3099,#3100));
#577=EDGE_LOOP('',(#3101,#3102,#3103,#3104));
#578=EDGE_LOOP('',(#3105,#3106,#3107,#3108));
#579=EDGE_LOOP('',(#3109,#3110,#3111,#3112));
#580=EDGE_LOOP('',(#3113,#3114,#3115,#3116));
#581=EDGE_LOOP('',(#3117,#3118,#3119,#3120));
#582=EDGE_LOOP('',(#3121,#3122,#3123,#3124));
#583=EDGE_LOOP('',(#3125,#3126,#3127,#3128));
#584=EDGE_LOOP('',(#3129,#3130,#3131,#3132));
#585=EDGE_LOOP('',(#3133,#3134,#3135,#3136));
#586=EDGE_LOOP('',(#3137,#3138,#3139,#3140));
#587=EDGE_LOOP('',(#3141,#3142,#3143,#3144));
#588=EDGE_LOOP('',(#3145,#3146,#3147,#3148));
#589=EDGE_LOOP('',(#3149,#3150,#3151,#3152));
#590=EDGE_LOOP('',(#3153,#3154,#3155,#3156));
#591=EDGE_LOOP('',(#3157,#3158,#3159,#3160));
#592=EDGE_LOOP('',(#3161,#3162,#3163,#3164));
#593=EDGE_LOOP('',(#3165,#3166,#3167,#3168));
#594=EDGE_LOOP('',(#3169,#3170,#3171,#3172));
#595=EDGE_LOOP('',(#3173,#3174,#3175,#3176));
#596=EDGE_LOOP('',(#3177,#3178,#3179,#3180));
#597=EDGE_LOOP('',(#3181,#3182,#3183,#3184));
#598=EDGE_LOOP('',(#3185,#3186,#3187,#3188));
#599=EDGE_LOOP('',(#3189,#3190,#3191,#3192));
#600=EDGE_LOOP('',(#3193,#3194,#3195,#3196));
#601=EDGE_LOOP('',(#3197,#3198,#3199,#3200));
#602=EDGE_LOOP('',(#3201,#3202,#3203,#3204));
#603=EDGE_LOOP('',(#3205,#3206,#3207,#3208));
#604=EDGE_LOOP('',(#3209,#3210,#3211,#3212));
#605=EDGE_LOOP('',(#3213,#3214,#3215,#3216));
#606=EDGE_LOOP('',(#3217,#3218,#3219,#3220));
#607=EDGE_LOOP('',(#3221,#3222,#3223,#3224));
#608=EDGE_LOOP('',(#3225,#3226,#3227,#3228));
#609=EDGE_LOOP('',(#3229,#3230,#3231,#3232));
#610=EDGE_LOOP('',(#3233,#3234,#3235,#3236));
#611=EDGE_LOOP('',(#3237,#3238,#3239,#3240));
#612=EDGE_LOOP('',(#3241,#3242,#3243,#3244));
#613=EDGE_LOOP('',(#3245,#3246,#3247,#3248));
#614=EDGE_LOOP('',(#3249,#3250,#3251,#3252));
#615=EDGE_LOOP('',(#3253,#3254,#3255,#3256));
#616=EDGE_LOOP('',(#3257,#3258,#3259,#3260));
#617=EDGE_LOOP('',(#3261,#3262,#3263,#3264));
#618=EDGE_LOOP('',(#3265,#3266,#3267,#3268));
#619=EDGE_LOOP('',(#3269));
#620=EDGE_LOOP('',(#3270,#3271,#3272,#3273,#3274,#3275,#3276,#3277,#3278,
#3279,#3280,#3281,#3282,#3283,#3284,#3285,#3286,#3287,#3288,#3289,#3290,
#3291,#3292,#3293));
#621=EDGE_LOOP('',(#3294,#3295,#3296,#3297,#3298,#3299,#3300,#3301,#3302,
#3303,#3304,#3305,#3306,#3307,#3308,#3309,#3310,#3311,#3312,#3313,#3314,
#3315,#3316,#3317));
#622=EDGE_LOOP('',(#3318));
#623=EDGE_LOOP('',(#3319,#3320,#3321,#3322));
#624=EDGE_LOOP('',(#3323,#3324,#3325,#3326));
#625=EDGE_LOOP('',(#3327,#3328,#3329,#3330));
#626=EDGE_LOOP('',(#3331,#3332,#3333,#3334));
#627=EDGE_LOOP('',(#3335,#3336,#3337,#3338));
#628=EDGE_LOOP('',(#3339,#3340,#3341,#3342));
#629=EDGE_LOOP('',(#3343,#3344,#3345,#3346));
#630=EDGE_LOOP('',(#3347,#3348,#3349,#3350));
#631=EDGE_LOOP('',(#3351,#3352,#3353,#3354));
#632=EDGE_LOOP('',(#3355,#3356,#3357,#3358));
#633=EDGE_LOOP('',(#3359,#3360,#3361,#3362));
#634=EDGE_LOOP('',(#3363,#3364,#3365,#3366));
#635=EDGE_LOOP('',(#3367,#3368,#3369,#3370,#3371));
#636=EDGE_LOOP('',(#3372,#3373,#3374,#3375,#3376,#3377,#3378,#3379));
#637=EDGE_LOOP('',(#3380,#3381,#3382,#3383));
#638=EDGE_LOOP('',(#3384));
#639=EDGE_LOOP('',(#3385));
#640=EDGE_LOOP('',(#3386,#3387,#3388,#3389));
#641=EDGE_LOOP('',(#3390,#3391,#3392,#3393));
#642=EDGE_LOOP('',(#3394,#3395,#3396,#3397));
#643=EDGE_LOOP('',(#3398,#3399,#3400,#3401,#3402,#3403));
#644=EDGE_LOOP('',(#3404,#3405,#3406,#3407));
#645=EDGE_LOOP('',(#3408,#3409,#3410,#3411));
#646=EDGE_LOOP('',(#3412,#3413,#3414,#3415));
#647=EDGE_LOOP('',(#3416,#3417,#3418,#3419));
#648=EDGE_LOOP('',(#3420,#3421,#3422,#3423));
#649=EDGE_LOOP('',(#3424,#3425,#3426,#3427));
#650=EDGE_LOOP('',(#3428,#3429,#3430,#3431));
#651=EDGE_LOOP('',(#3432,#3433,#3434,#3435));
#652=EDGE_LOOP('',(#3436,#3437,#3438,#3439));
#653=EDGE_LOOP('',(#3440,#3441,#3442,#3443));
#654=EDGE_LOOP('',(#3444,#3445,#3446,#3447));
#655=EDGE_LOOP('',(#3448,#3449,#3450,#3451,#3452,#3453));
#656=EDGE_LOOP('',(#3454,#3455,#3456,#3457));
#657=EDGE_LOOP('',(#3458,#3459,#3460,#3461));
#658=EDGE_LOOP('',(#3462,#3463,#3464,#3465));
#659=EDGE_LOOP('',(#3466,#3467,#3468,#3469,#3470,#3471,#3472,#3473,#3474,
#3475,#3476,#3477,#3478,#3479,#3480,#3481));
#660=EDGE_LOOP('',(#3482,#3483,#3484,#3485));
#661=EDGE_LOOP('',(#3486,#3487,#3488,#3489));
#662=EDGE_LOOP('',(#3490,#3491,#3492,#3493));
#663=EDGE_LOOP('',(#3494,#3495,#3496,#3497));
#664=EDGE_LOOP('',(#3498,#3499,#3500,#3501,#3502));
#665=EDGE_LOOP('',(#3503,#3504,#3505,#3506));
#666=EDGE_LOOP('',(#3507,#3508,#3509,#3510));
#667=EDGE_LOOP('',(#3511,#3512,#3513,#3514,#3515,#3516,#3517,#3518));
#668=EDGE_LOOP('',(#3519,#3520,#3521,#3522));
#669=EDGE_LOOP('',(#3523,#3524,#3525,#3526));
#670=EDGE_LOOP('',(#3527,#3528,#3529,#3530));
#671=EDGE_LOOP('',(#3531,#3532,#3533,#3534));
#672=EDGE_LOOP('',(#3535,#3536,#3537,#3538));
#673=EDGE_LOOP('',(#3539,#3540,#3541,#3542));
#674=EDGE_LOOP('',(#3543,#3544,#3545,#3546));
#675=EDGE_LOOP('',(#3547,#3548,#3549,#3550));
#676=EDGE_LOOP('',(#3551,#3552,#3553,#3554,#3555,#3556,#3557,#3558,#3559,
#3560,#3561,#3562,#3563,#3564,#3565,#3566,#3567,#3568,#3569,#3570));
#677=EDGE_LOOP('',(#3571,#3572,#3573,#3574,#3575,#3576));
#678=EDGE_LOOP('',(#3577,#3578,#3579,#3580));
#679=EDGE_LOOP('',(#3581,#3582,#3583,#3584));
#680=EDGE_LOOP('',(#3585,#3586,#3587,#3588));
#681=EDGE_LOOP('',(#3589,#3590,#3591,#3592,#3593));
#682=EDGE_LOOP('',(#3594,#3595,#3596,#3597));
#683=EDGE_LOOP('',(#3598,#3599,#3600,#3601,#3602));
#684=EDGE_LOOP('',(#3603,#3604,#3605,#3606));
#685=EDGE_LOOP('',(#3607,#3608,#3609,#3610,#3611));
#686=EDGE_LOOP('',(#3612,#3613,#3614,#3615));
#687=EDGE_LOOP('',(#3616,#3617,#3618,#3619,#3620));
#688=EDGE_LOOP('',(#3621,#3622,#3623));
#689=EDGE_LOOP('',(#3624,#3625,#3626,#3627));
#690=EDGE_LOOP('',(#3628,#3629,#3630));
#691=EDGE_LOOP('',(#3631,#3632,#3633,#3634,#3635,#3636));
#692=EDGE_LOOP('',(#3637,#3638,#3639));
#693=EDGE_LOOP('',(#3640,#3641,#3642,#3643));
#694=EDGE_LOOP('',(#3644,#3645,#3646));
#695=EDGE_LOOP('',(#3647));
#696=EDGE_LOOP('',(#3648));
#697=EDGE_LOOP('',(#3649,#3650,#3651,#3652,#3653));
#698=EDGE_LOOP('',(#3654,#3655,#3656,#3657,#3658,#3659));
#699=EDGE_LOOP('',(#3660,#3661,#3662,#3663,#3664,#3665,#3666));
#700=EDGE_LOOP('',(#3667,#3668,#3669,#3670));
#701=EDGE_LOOP('',(#3671,#3672,#3673,#3674));
#702=EDGE_LOOP('',(#3675,#3676,#3677,#3678));
#703=EDGE_LOOP('',(#3679,#3680,#3681,#3682,#3683,#3684,#3685,#3686,#3687,
#3688,#3689,#3690,#3691,#3692,#3693,#3694));
#704=EDGE_LOOP('',(#3695,#3696,#3697,#3698));
#705=EDGE_LOOP('',(#3699,#3700,#3701,#3702,#3703,#3704));
#706=EDGE_LOOP('',(#3705,#3706,#3707,#3708));
#707=EDGE_LOOP('',(#3709,#3710,#3711));
#708=EDGE_LOOP('',(#3712,#3713,#3714,#3715));
#709=EDGE_LOOP('',(#3716,#3717,#3718,#3719));
#710=EDGE_LOOP('',(#3720,#3721,#3722,#3723,#3724));
#711=EDGE_LOOP('',(#3725,#3726,#3727,#3728));
#712=EDGE_LOOP('',(#3729,#3730,#3731,#3732,#3733,#3734,#3735,#3736));
#713=EDGE_LOOP('',(#3737,#3738,#3739,#3740,#3741,#3742,#3743));
#714=EDGE_LOOP('',(#3744,#3745,#3746,#3747,#3748,#3749,#3750));
#715=EDGE_LOOP('',(#3751,#3752,#3753,#3754,#3755,#3756));
#716=EDGE_LOOP('',(#3757,#3758,#3759,#3760,#3761,#3762,#3763,#3764,#3765,
#3766,#3767,#3768,#3769));
#717=EDGE_LOOP('',(#3770));
#718=EDGE_LOOP('',(#3771,#3772,#3773,#3774));
#719=EDGE_LOOP('',(#3775,#3776,#3777,#3778));
#720=EDGE_LOOP('',(#3779,#3780,#3781,#3782));
#721=EDGE_LOOP('',(#3783,#3784,#3785,#3786));
#722=EDGE_LOOP('',(#3787,#3788,#3789));
#723=EDGE_LOOP('',(#3790,#3791,#3792,#3793,#3794));
#724=EDGE_LOOP('',(#3795,#3796,#3797,#3798,#3799));
#725=EDGE_LOOP('',(#3800,#3801,#3802,#3803,#3804,#3805,#3806,#3807,#3808,
#3809,#3810,#3811,#3812,#3813,#3814,#3815,#3816,#3817,#3818,#3819,#3820,
#3821));
#726=EDGE_LOOP('',(#3822,#3823,#3824,#3825));
#727=EDGE_LOOP('',(#3826,#3827,#3828,#3829));
#728=EDGE_LOOP('',(#3830,#3831,#3832,#3833));
#729=EDGE_LOOP('',(#3834,#3835,#3836,#3837,#3838,#3839,#3840,#3841));
#730=EDGE_LOOP('',(#3842,#3843,#3844,#3845));
#731=EDGE_LOOP('',(#3846,#3847,#3848,#3849));
#732=EDGE_LOOP('',(#3850,#3851,#3852,#3853));
#733=EDGE_LOOP('',(#3854,#3855,#3856,#3857));
#734=EDGE_LOOP('',(#3858,#3859,#3860,#3861,#3862));
#735=EDGE_LOOP('',(#3863,#3864,#3865,#3866,#3867));
#736=EDGE_LOOP('',(#3868,#3869,#3870,#3871,#3872,#3873,#3874,#3875,#3876,
#3877,#3878,#3879,#3880,#3881,#3882,#3883,#3884,#3885,#3886,#3887,#3888,
#3889,#3890,#3891,#3892,#3893,#3894,#3895));
#737=EDGE_LOOP('',(#3896,#3897,#3898,#3899,#3900,#3901,#3902,#3903,#3904,
#3905));
#738=EDGE_LOOP('',(#3906));
#739=EDGE_LOOP('',(#3907));
#740=EDGE_LOOP('',(#3908,#3909,#3910,#3911,#3912,#3913,#3914,#3915,#3916,
#3917,#3918,#3919,#3920,#3921,#3922));
#741=EDGE_LOOP('',(#3923,#3924,#3925,#3926,#3927,#3928,#3929,#3930));
#742=EDGE_LOOP('',(#3931));
#743=EDGE_LOOP('',(#3932,#3933,#3934,#3935,#3936));
#744=EDGE_LOOP('',(#3937,#3938,#3939,#3940,#3941));
#745=EDGE_LOOP('',(#3942));
#746=EDGE_LOOP('',(#3943));
#747=EDGE_LOOP('',(#3944,#3945,#3946,#3947,#3948));
#748=LINE('',#5962,#1112);
#749=LINE('',#5967,#1113);
#750=LINE('',#5971,#1114);
#751=LINE('',#5975,#1115);
#752=LINE('',#5983,#1116);
#753=LINE('',#5987,#1117);
#754=LINE('',#5991,#1118);
#755=LINE('',#5995,#1119);
#756=LINE('',#5999,#1120);
#757=LINE('',#6003,#1121);
#758=LINE('',#6007,#1122);
#759=LINE('',#6011,#1123);
#760=LINE('',#6015,#1124);
#761=LINE('',#6019,#1125);
#762=LINE('',#6023,#1126);
#763=LINE('',#6031,#1127);
#764=LINE('',#6035,#1128);
#765=LINE('',#6047,#1129);
#766=LINE('',#6050,#1130);
#767=LINE('',#6059,#1131);
#768=LINE('',#6062,#1132);
#769=LINE('',#6065,#1133);
#770=LINE('',#6067,#1134);
#771=LINE('',#6069,#1135);
#772=LINE('',#6080,#1136);
#773=LINE('',#6091,#1137);
#774=LINE('',#6093,#1138);
#775=LINE('',#6095,#1139);
#776=LINE('',#6101,#1140);
#777=LINE('',#6107,#1141);
#778=LINE('',#6108,#1142);
#779=LINE('',#6111,#1143);
#780=LINE('',#6115,#1144);
#781=LINE('',#6125,#1145);
#782=LINE('',#6128,#1146);
#783=LINE('',#6129,#1147);
#784=LINE('',#6132,#1148);
#785=LINE('',#6133,#1149);
#786=LINE('',#6141,#1150);
#787=LINE('',#6144,#1151);
#788=LINE('',#6168,#1152);
#789=LINE('',#6169,#1153);
#790=LINE('',#6172,#1154);
#791=LINE('',#6175,#1155);
#792=LINE('',#6178,#1156);
#793=LINE('',#6179,#1157);
#794=LINE('',#6185,#1158);
#795=LINE('',#6188,#1159);
#796=LINE('',#6191,#1160);
#797=LINE('',#6193,#1161);
#798=LINE('',#6194,#1162);
#799=LINE('',#6197,#1163);
#800=LINE('',#6199,#1164);
#801=LINE('',#6200,#1165);
#802=LINE('',#6208,#1166);
#803=LINE('',#6215,#1167);
#804=LINE('',#6218,#1168);
#805=LINE('',#6222,#1169);
#806=LINE('',#6228,#1170);
#807=LINE('',#6230,#1171);
#808=LINE('',#6232,#1172);
#809=LINE('',#6234,#1173);
#810=LINE('',#6236,#1174);
#811=LINE('',#6238,#1175);
#812=LINE('',#6240,#1176);
#813=LINE('',#6242,#1177);
#814=LINE('',#6244,#1178);
#815=LINE('',#6248,#1179);
#816=LINE('',#6252,#1180);
#817=LINE('',#6254,#1181);
#818=LINE('',#6256,#1182);
#819=LINE('',#6257,#1183);
#820=LINE('',#6264,#1184);
#821=LINE('',#6266,#1185);
#822=LINE('',#6268,#1186);
#823=LINE('',#6270,#1187);
#824=LINE('',#6272,#1188);
#825=LINE('',#6274,#1189);
#826=LINE('',#6276,#1190);
#827=LINE('',#6278,#1191);
#828=LINE('',#6280,#1192);
#829=LINE('',#6286,#1193);
#830=LINE('',#6287,#1194);
#831=LINE('',#6289,#1195);
#832=LINE('',#6291,#1196);
#833=LINE('',#6299,#1197);
#834=LINE('',#6303,#1198);
#835=LINE('',#6305,#1199);
#836=LINE('',#6314,#1200);
#837=LINE('',#6322,#1201);
#838=LINE('',#6328,#1202);
#839=LINE('',#6335,#1203);
#840=LINE('',#6337,#1204);
#841=LINE('',#6339,#1205);
#842=LINE('',#6340,#1206);
#843=LINE('',#6342,#1207);
#844=LINE('',#6344,#1208);
#845=LINE('',#6369,#1209);
#846=LINE('',#6375,#1210);
#847=LINE('',#6377,#1211);
#848=LINE('',#6379,#1212);
#849=LINE('',#6390,#1213);
#850=LINE('',#6392,#1214);
#851=LINE('',#6394,#1215);
#852=LINE('',#6399,#1216);
#853=LINE('',#6403,#1217);
#854=LINE('',#6408,#1218);
#855=LINE('',#6413,#1219);
#856=LINE('',#6417,#1220);
#857=LINE('',#6420,#1221);
#858=LINE('',#6431,#1222);
#859=LINE('',#6439,#1223);
#860=LINE('',#6440,#1224);
#861=LINE('',#6443,#1225);
#862=LINE('',#6444,#1226);
#863=LINE('',#6450,#1227);
#864=LINE('',#6453,#1228);
#865=LINE('',#6454,#1229);
#866=LINE('',#6457,#1230);
#867=LINE('',#6461,#1231);
#868=LINE('',#6462,#1232);
#869=LINE('',#6466,#1233);
#870=LINE('',#6469,#1234);
#871=LINE('',#6472,#1235);
#872=LINE('',#6477,#1236);
#873=LINE('',#6478,#1237);
#874=LINE('',#6481,#1238);
#875=LINE('',#6482,#1239);
#876=LINE('',#6486,#1240);
#877=LINE('',#6492,#1241);
#878=LINE('',#6495,#1242);
#879=LINE('',#6499,#1243);
#880=LINE('',#6500,#1244);
#881=LINE('',#6501,#1245);
#882=LINE('',#6507,#1246);
#883=LINE('',#6518,#1247);
#884=LINE('',#6521,#1248);
#885=LINE('',#6525,#1249);
#886=LINE('',#6527,#1250);
#887=LINE('',#6528,#1251);
#888=LINE('',#6533,#1252);
#889=LINE('',#6537,#1253);
#890=LINE('',#6539,#1254);
#891=LINE('',#6540,#1255);
#892=LINE('',#6548,#1256);
#893=LINE('',#6553,#1257);
#894=LINE('',#6555,#1258);
#895=LINE('',#6557,#1259);
#896=LINE('',#6558,#1260);
#897=LINE('',#6562,#1261);
#898=LINE('',#6566,#1262);
#899=LINE('',#6571,#1263);
#900=LINE('',#6573,#1264);
#901=LINE('',#6575,#1265);
#902=LINE('',#6576,#1266);
#903=LINE('',#6580,#1267);
#904=LINE('',#6587,#1268);
#905=LINE('',#6591,#1269);
#906=LINE('',#6593,#1270);
#907=LINE('',#6594,#1271);
#908=LINE('',#6598,#1272);
#909=LINE('',#6599,#1273);
#910=LINE('',#6600,#1274);
#911=LINE('',#6604,#1275);
#912=LINE('',#6611,#1276);
#913=LINE('',#6615,#1277);
#914=LINE('',#6617,#1278);
#915=LINE('',#6618,#1279);
#916=LINE('',#6622,#1280);
#917=LINE('',#6623,#1281);
#918=LINE('',#6624,#1282);
#919=LINE('',#6628,#1283);
#920=LINE('',#6635,#1284);
#921=LINE('',#6639,#1285);
#922=LINE('',#6641,#1286);
#923=LINE('',#6642,#1287);
#924=LINE('',#6646,#1288);
#925=LINE('',#6647,#1289);
#926=LINE('',#6648,#1290);
#927=LINE('',#6652,#1291);
#928=LINE('',#6659,#1292);
#929=LINE('',#6663,#1293);
#930=LINE('',#6665,#1294);
#931=LINE('',#6666,#1295);
#932=LINE('',#6670,#1296);
#933=LINE('',#6671,#1297);
#934=LINE('',#6672,#1298);
#935=LINE('',#6676,#1299);
#936=LINE('',#6683,#1300);
#937=LINE('',#6687,#1301);
#938=LINE('',#6689,#1302);
#939=LINE('',#6690,#1303);
#940=LINE('',#6694,#1304);
#941=LINE('',#6695,#1305);
#942=LINE('',#6696,#1306);
#943=LINE('',#6700,#1307);
#944=LINE('',#6707,#1308);
#945=LINE('',#6710,#1309);
#946=LINE('',#6711,#1310);
#947=LINE('',#6714,#1311);
#948=LINE('',#6717,#1312);
#949=LINE('',#6720,#1313);
#950=LINE('',#6721,#1314);
#951=LINE('',#6724,#1315);
#952=LINE('',#6728,#1316);
#953=LINE('',#6729,#1317);
#954=LINE('',#6732,#1318);
#955=LINE('',#6736,#1319);
#956=LINE('',#6737,#1320);
#957=LINE('',#6740,#1321);
#958=LINE('',#6744,#1322);
#959=LINE('',#6745,#1323);
#960=LINE('',#6748,#1324);
#961=LINE('',#6752,#1325);
#962=LINE('',#6753,#1326);
#963=LINE('',#6756,#1327);
#964=LINE('',#6760,#1328);
#965=LINE('',#6761,#1329);
#966=LINE('',#6769,#1330);
#967=LINE('',#6773,#1331);
#968=LINE('',#6777,#1332);
#969=LINE('',#6781,#1333);
#970=LINE('',#6785,#1334);
#971=LINE('',#6788,#1335);
#972=LINE('',#6792,#1336);
#973=LINE('',#6794,#1337);
#974=LINE('',#6796,#1338);
#975=LINE('',#6798,#1339);
#976=LINE('',#6800,#1340);
#977=LINE('',#6802,#1341);
#978=LINE('',#6804,#1342);
#979=LINE('',#6806,#1343);
#980=LINE('',#6808,#1344);
#981=LINE('',#6810,#1345);
#982=LINE('',#6812,#1346);
#983=LINE('',#6816,#1347);
#984=LINE('',#6820,#1348);
#985=LINE('',#6821,#1349);
#986=LINE('',#6824,#1350);
#987=LINE('',#6828,#1351);
#988=LINE('',#6831,#1352);
#989=LINE('',#6834,#1353);
#990=LINE('',#6841,#1354);
#991=LINE('',#6845,#1355);
#992=LINE('',#6846,#1356);
#993=LINE('',#6849,#1357);
#994=LINE('',#6852,#1358);
#995=LINE('',#6856,#1359);
#996=LINE('',#6857,#1360);
#997=LINE('',#6859,#1361);
#998=LINE('',#6860,#1362);
#999=LINE('',#6884,#1363);
#1000=LINE('',#6885,#1364);
#1001=LINE('',#6888,#1365);
#1002=LINE('',#6889,#1366);
#1003=LINE('',#6892,#1367);
#1004=LINE('',#6895,#1368);
#1005=LINE('',#6900,#1369);
#1006=LINE('',#6905,#1370);
#1007=LINE('',#6909,#1371);
#1008=LINE('',#6913,#1372);
#1009=LINE('',#6915,#1373);
#1010=LINE('',#6916,#1374);
#1011=LINE('',#6919,#1375);
#1012=LINE('',#6922,#1376);
#1013=LINE('',#6925,#1377);
#1014=LINE('',#6926,#1378);
#1015=LINE('',#6930,#1379);
#1016=LINE('',#6932,#1380);
#1017=LINE('',#6939,#1381);
#1018=LINE('',#6940,#1382);
#1019=LINE('',#6942,#1383);
#1020=LINE('',#6947,#1384);
#1021=LINE('',#6952,#1385);
#1022=LINE('',#6957,#1386);
#1023=LINE('',#6958,#1387);
#1024=LINE('',#6959,#1388);
#1025=LINE('',#6965,#1389);
#1026=LINE('',#6971,#1390);
#1027=LINE('',#6977,#1391);
#1028=LINE('',#6979,#1392);
#1029=LINE('',#6980,#1393);
#1030=LINE('',#6981,#1394);
#1031=LINE('',#6985,#1395);
#1032=LINE('',#6988,#1396);
#1033=LINE('',#6992,#1397);
#1034=LINE('',#6995,#1398);
#1035=LINE('',#7010,#1399);
#1036=LINE('',#7012,#1400);
#1037=LINE('',#7014,#1401);
#1038=LINE('',#7017,#1402);
#1039=LINE('',#7019,#1403);
#1040=LINE('',#7021,#1404);
#1041=LINE('',#7023,#1405);
#1042=LINE('',#7025,#1406);
#1043=LINE('',#7028,#1407);
#1044=LINE('',#7034,#1408);
#1045=LINE('',#7042,#1409);
#1046=LINE('',#7050,#1410);
#1047=LINE('',#7053,#1411);
#1048=LINE('',#7060,#1412);
#1049=LINE('',#7062,#1413);
#1050=LINE('',#7067,#1414);
#1051=LINE('',#7071,#1415);
#1052=LINE('',#7075,#1416);
#1053=LINE('',#7078,#1417);
#1054=LINE('',#7079,#1418);
#1055=LINE('',#7084,#1419);
#1056=LINE('',#7088,#1420);
#1057=LINE('',#7090,#1421);
#1058=LINE('',#7092,#1422);
#1059=LINE('',#7093,#1423);
#1060=LINE('',#7099,#1424);
#1061=LINE('',#7100,#1425);
#1062=LINE('',#7106,#1426);
#1063=LINE('',#7109,#1427);
#1064=LINE('',#7110,#1428);
#1065=LINE('',#7112,#1429);
#1066=LINE('',#7113,#1430);
#1067=LINE('',#7180,#1431);
#1068=LINE('',#7184,#1432);
#1069=LINE('',#7186,#1433);
#1070=LINE('',#7188,#1434);
#1071=LINE('',#7189,#1435);
#1072=LINE('',#7192,#1436);
#1073=LINE('',#7194,#1437);
#1074=LINE('',#7196,#1438);
#1075=LINE('',#7229,#1439);
#1076=LINE('',#7234,#1440);
#1077=LINE('',#7236,#1441);
#1078=LINE('',#7257,#1442);
#1079=LINE('',#7267,#1443);
#1080=LINE('',#7268,#1444);
#1081=LINE('',#7271,#1445);
#1082=LINE('',#7272,#1446);
#1083=LINE('',#7277,#1447);
#1084=LINE('',#7283,#1448);
#1085=LINE('',#7288,#1449);
#1086=LINE('',#7293,#1450);
#1087=LINE('',#7294,#1451);
#1088=LINE('',#7308,#1452);
#1089=LINE('',#7309,#1453);
#1090=LINE('',#7311,#1454);
#1091=LINE('',#7329,#1455);
#1092=LINE('',#7334,#1456);
#1093=LINE('',#7336,#1457);
#1094=LINE('',#7347,#1458);
#1095=LINE('',#7348,#1459);
#1096=LINE('',#7351,#1460);
#1097=LINE('',#7370,#1461);
#1098=LINE('',#7416,#1462);
#1099=LINE('',#7438,#1463);
#1100=LINE('',#7442,#1464);
#1101=LINE('',#7445,#1465);
#1102=LINE('',#7446,#1466);
#1103=LINE('',#7453,#1467);
#1104=LINE('',#7462,#1468);
#1105=LINE('',#7469,#1469);
#1106=LINE('',#7471,#1470);
#1107=LINE('',#7473,#1471);
#1108=LINE('',#7475,#1472);
#1109=LINE('',#7477,#1473);
#1110=LINE('',#7479,#1474);
#1111=LINE('',#7490,#1475);
#1112=VECTOR('',#4695,2.19999999999992);
#1113=VECTOR('',#4700,10.);
#1114=VECTOR('',#4703,10.);
#1115=VECTOR('',#4706,10.);
#1116=VECTOR('',#4707,10.);
#1117=VECTOR('',#4710,10.);
#1118=VECTOR('',#4713,10.);
#1119=VECTOR('',#4716,10.);
#1120=VECTOR('',#4719,10.);
#1121=VECTOR('',#4722,10.);
#1122=VECTOR('',#4725,10.);
#1123=VECTOR('',#4728,10.);
#1124=VECTOR('',#4731,10.);
#1125=VECTOR('',#4734,10.);
#1126=VECTOR('',#4737,10.);
#1127=VECTOR('',#4738,10.);
#1128=VECTOR('',#4741,10.);
#1129=VECTOR('',#4752,10.);
#1130=VECTOR('',#4755,10.);
#1131=VECTOR('',#4764,10.);
#1132=VECTOR('',#4767,10.);
#1133=VECTOR('',#4770,10.);
#1134=VECTOR('',#4771,10.);
#1135=VECTOR('',#4772,10.);
#1136=VECTOR('',#4773,10.);
#1137=VECTOR('',#4774,10.);
#1138=VECTOR('',#4775,10.);
#1139=VECTOR('',#4776,10.);
#1140=VECTOR('',#4777,10.);
#1141=VECTOR('',#4778,10.);
#1142=VECTOR('',#4779,10.);
#1143=VECTOR('',#4782,10.);
#1144=VECTOR('',#4785,10.);
#1145=VECTOR('',#4794,10.);
#1146=VECTOR('',#4799,10.4201076655997);
#1147=VECTOR('',#4800,10.4201076655998);
#1148=VECTOR('',#4803,10.);
#1149=VECTOR('',#4804,10.);
#1150=VECTOR('',#4811,10.);
#1151=VECTOR('',#4814,10.);
#1152=VECTOR('',#4817,10.);
#1153=VECTOR('',#4818,10.);
#1154=VECTOR('',#4821,10.);
#1155=VECTOR('',#4824,10.);
#1156=VECTOR('',#4827,10.);
#1157=VECTOR('',#4828,10.4201076655998);
#1158=VECTOR('',#4833,10.);
#1159=VECTOR('',#4836,10.);
#1160=VECTOR('',#4839,10.);
#1161=VECTOR('',#4840,10.);
#1162=VECTOR('',#4841,10.);
#1163=VECTOR('',#4846,10.4201076655997);
#1164=VECTOR('',#4847,10.4201076655998);
#1165=VECTOR('',#4848,10.);
#1166=VECTOR('',#4857,10.);
#1167=VECTOR('',#4864,10.);
#1168=VECTOR('',#4867,10.);
#1169=VECTOR('',#4870,10.);
#1170=VECTOR('',#4871,10.);
#1171=VECTOR('',#4872,10.);
#1172=VECTOR('',#4873,10.);
#1173=VECTOR('',#4874,10.);
#1174=VECTOR('',#4875,10.);
#1175=VECTOR('',#4876,10.);
#1176=VECTOR('',#4877,10.);
#1177=VECTOR('',#4878,10.);
#1178=VECTOR('',#4879,10.);
#1179=VECTOR('',#4880,10.);
#1180=VECTOR('',#4883,10.);
#1181=VECTOR('',#4884,10.);
#1182=VECTOR('',#4885,10.);
#1183=VECTOR('',#4886,10.);
#1184=VECTOR('',#4889,10.);
#1185=VECTOR('',#4890,10.);
#1186=VECTOR('',#4891,10.);
#1187=VECTOR('',#4892,10.);
#1188=VECTOR('',#4893,10.);
#1189=VECTOR('',#4894,10.);
#1190=VECTOR('',#4895,10.);
#1191=VECTOR('',#4896,10.);
#1192=VECTOR('',#4897,10.);
#1193=VECTOR('',#4898,10.);
#1194=VECTOR('',#4899,10.);
#1195=VECTOR('',#4902,10.);
#1196=VECTOR('',#4903,10.);
#1197=VECTOR('',#4904,10.);
#1198=VECTOR('',#4909,10.);
#1199=VECTOR('',#4912,10.);
#1200=VECTOR('',#4913,10.);
#1201=VECTOR('',#4924,10.);
#1202=VECTOR('',#4933,10.);
#1203=VECTOR('',#4944,10.);
#1204=VECTOR('',#4947,10.);
#1205=VECTOR('',#4950,10.);
#1206=VECTOR('',#4951,10.);
#1207=VECTOR('',#4954,10.);
#1208=VECTOR('',#4957,10.);
#1209=VECTOR('',#4994,10.);
#1210=VECTOR('',#4995,10.);
#1211=VECTOR('',#4996,10.);
#1212=VECTOR('',#4997,10.);
#1213=VECTOR('',#4998,10.);
#1214=VECTOR('',#5001,10.);
#1215=VECTOR('',#5004,10.);
#1216=VECTOR('',#5009,2.55);
#1217=VECTOR('',#5014,2.35);
#1218=VECTOR('',#5021,1.175);
#1219=VECTOR('',#5026,1.7);
#1220=VECTOR('',#5029,10.);
#1221=VECTOR('',#5032,10.);
#1222=VECTOR('',#5045,1.6);
#1223=VECTOR('',#5050,4.79999999999999);
#1224=VECTOR('',#5051,10.);
#1225=VECTOR('',#5054,10.);
#1226=VECTOR('',#5055,10.);
#1227=VECTOR('',#5058,10.);
#1228=VECTOR('',#5061,10.);
#1229=VECTOR('',#5062,10.);
#1230=VECTOR('',#5065,10.);
#1231=VECTOR('',#5070,10.);
#1232=VECTOR('',#5071,10.);
#1233=VECTOR('',#5076,10.);
#1234=VECTOR('',#5079,10.);
#1235=VECTOR('',#5082,10.);
#1236=VECTOR('',#5087,10.);
#1237=VECTOR('',#5088,10.);
#1238=VECTOR('',#5091,10.);
#1239=VECTOR('',#5092,10.);
#1240=VECTOR('',#5097,10.);
#1241=VECTOR('',#5102,10.);
#1242=VECTOR('',#5105,10.);
#1243=VECTOR('',#5108,0.4);
#1244=VECTOR('',#5109,10.);
#1245=VECTOR('',#5110,10.);
#1246=VECTOR('',#5117,0.4);
#1247=VECTOR('',#5124,10.);
#1248=VECTOR('',#5127,10.);
#1249=VECTOR('',#5132,10.);
#1250=VECTOR('',#5133,10.);
#1251=VECTOR('',#5134,10.);
#1252=VECTOR('',#5139,10.);
#1253=VECTOR('',#5144,10.);
#1254=VECTOR('',#5145,10.);
#1255=VECTOR('',#5146,10.);
#1256=VECTOR('',#5157,10.);
#1257=VECTOR('',#5162,10.);
#1258=VECTOR('',#5163,10.);
#1259=VECTOR('',#5164,10.);
#1260=VECTOR('',#5165,10.);
#1261=VECTOR('',#5168,10.);
#1262=VECTOR('',#5171,10.);
#1263=VECTOR('',#5176,10.);
#1264=VECTOR('',#5177,10.);
#1265=VECTOR('',#5178,10.);
#1266=VECTOR('',#5179,10.);
#1267=VECTOR('',#5182,10.);
#1268=VECTOR('',#5191,10.);
#1269=VECTOR('',#5196,10.);
#1270=VECTOR('',#5197,10.);
#1271=VECTOR('',#5198,10.);
#1272=VECTOR('',#5201,10.);
#1273=VECTOR('',#5202,10.);
#1274=VECTOR('',#5203,10.);
#1275=VECTOR('',#5206,10.);
#1276=VECTOR('',#5215,10.);
#1277=VECTOR('',#5220,10.);
#1278=VECTOR('',#5221,9.99999999999999);
#1279=VECTOR('',#5222,10.);
#1280=VECTOR('',#5225,10.);
#1281=VECTOR('',#5226,10.);
#1282=VECTOR('',#5227,10.);
#1283=VECTOR('',#5230,10.);
#1284=VECTOR('',#5239,10.);
#1285=VECTOR('',#5244,10.);
#1286=VECTOR('',#5245,10.);
#1287=VECTOR('',#5246,10.);
#1288=VECTOR('',#5249,10.);
#1289=VECTOR('',#5250,10.);
#1290=VECTOR('',#5251,10.);
#1291=VECTOR('',#5254,10.);
#1292=VECTOR('',#5263,10.);
#1293=VECTOR('',#5268,10.);
#1294=VECTOR('',#5269,10.);
#1295=VECTOR('',#5270,10.);
#1296=VECTOR('',#5273,10.);
#1297=VECTOR('',#5274,10.);
#1298=VECTOR('',#5275,10.);
#1299=VECTOR('',#5278,10.);
#1300=VECTOR('',#5287,10.);
#1301=VECTOR('',#5292,10.);
#1302=VECTOR('',#5293,10.);
#1303=VECTOR('',#5294,10.);
#1304=VECTOR('',#5297,10.);
#1305=VECTOR('',#5298,10.);
#1306=VECTOR('',#5299,10.);
#1307=VECTOR('',#5302,10.);
#1308=VECTOR('',#5311,10.);
#1309=VECTOR('',#5316,10.);
#1310=VECTOR('',#5317,10.);
#1311=VECTOR('',#5320,10.);
#1312=VECTOR('',#5323,10.);
#1313=VECTOR('',#5326,10.);
#1314=VECTOR('',#5327,10.);
#1315=VECTOR('',#5330,10.);
#1316=VECTOR('',#5335,10.);
#1317=VECTOR('',#5336,10.);
#1318=VECTOR('',#5339,10.);
#1319=VECTOR('',#5344,10.);
#1320=VECTOR('',#5345,10.);
#1321=VECTOR('',#5348,10.);
#1322=VECTOR('',#5353,10.);
#1323=VECTOR('',#5354,10.);
#1324=VECTOR('',#5357,10.);
#1325=VECTOR('',#5362,10.);
#1326=VECTOR('',#5363,10.);
#1327=VECTOR('',#5366,10.);
#1328=VECTOR('',#5371,10.);
#1329=VECTOR('',#5372,10.);
#1330=VECTOR('',#5381,10.);
#1331=VECTOR('',#5384,10.);
#1332=VECTOR('',#5387,10.);
#1333=VECTOR('',#5390,10.);
#1334=VECTOR('',#5393,10.);
#1335=VECTOR('',#5396,10.);
#1336=VECTOR('',#5401,10.);
#1337=VECTOR('',#5404,10.);
#1338=VECTOR('',#5407,10.);
#1339=VECTOR('',#5410,10.);
#1340=VECTOR('',#5413,10.);
#1341=VECTOR('',#5416,10.);
#1342=VECTOR('',#5419,10.);
#1343=VECTOR('',#5422,10.);
#1344=VECTOR('',#5425,10.);
#1345=VECTOR('',#5428,10.);
#1346=VECTOR('',#5431,10.);
#1347=VECTOR('',#5436,10.);
#1348=VECTOR('',#5439,10.);
#1349=VECTOR('',#5440,10.);
#1350=VECTOR('',#5443,10.);
#1351=VECTOR('',#5446,10.);
#1352=VECTOR('',#5449,10.);
#1353=VECTOR('',#5452,4.);
#1354=VECTOR('',#5461,10.);
#1355=VECTOR('',#5466,10.);
#1356=VECTOR('',#5467,10.);
#1357=VECTOR('',#5470,10.);
#1358=VECTOR('',#5473,10.);
#1359=VECTOR('',#5476,10.);
#1360=VECTOR('',#5477,10.);
#1361=VECTOR('',#5478,10.);
#1362=VECTOR('',#5479,10.);
#1363=VECTOR('',#5482,10.);
#1364=VECTOR('',#5483,10.);
#1365=VECTOR('',#5486,10.);
#1366=VECTOR('',#5487,9.99999999999999);
#1367=VECTOR('',#5490,1.5);
#1368=VECTOR('',#5493,10.);
#1369=VECTOR('',#5498,1.6);
#1370=VECTOR('',#5503,10.);
#1371=VECTOR('',#5506,10.);
#1372=VECTOR('',#5511,10.);
#1373=VECTOR('',#5512,10.);
#1374=VECTOR('',#5513,10.);
#1375=VECTOR('',#5516,10.);
#1376=VECTOR('',#5519,10.);
#1377=VECTOR('',#5522,10.);
#1378=VECTOR('',#5523,10.);
#1379=VECTOR('',#5528,10.);
#1380=VECTOR('',#5531,10.);
#1381=VECTOR('',#5540,10.);
#1382=VECTOR('',#5541,10.);
#1383=VECTOR('',#5542,10.);
#1384=VECTOR('',#5543,10.);
#1385=VECTOR('',#5548,10.);
#1386=VECTOR('',#5553,10.);
#1387=VECTOR('',#5554,10.);
#1388=VECTOR('',#5555,10.);
#1389=VECTOR('',#5564,10.);
#1390=VECTOR('',#5565,10.);
#1391=VECTOR('',#5566,10.);
#1392=VECTOR('',#5567,10.);
#1393=VECTOR('',#5568,10.);
#1394=VECTOR('',#5569,10.);
#1395=VECTOR('',#5574,10.);
#1396=VECTOR('',#5579,10.);
#1397=VECTOR('',#5584,2.6);
#1398=VECTOR('',#5587,2.8);
#1399=VECTOR('',#5594,10.4201076655997);
#1400=VECTOR('',#5597,10.4201076655997);
#1401=VECTOR('',#5600,10.4201076655998);
#1402=VECTOR('',#5605,10.);
#1403=VECTOR('',#5608,10.);
#1404=VECTOR('',#5611,10.);
#1405=VECTOR('',#5614,10.);
#1406=VECTOR('',#5617,10.);
#1407=VECTOR('',#5622,3.);
#1408=VECTOR('',#5627,10.);
#1409=VECTOR('',#5634,10.);
#1410=VECTOR('',#5641,10.);
#1411=VECTOR('',#5644,10.);
#1412=VECTOR('',#5653,10.);
#1413=VECTOR('',#5654,10.);
#1414=VECTOR('',#5659,10.);
#1415=VECTOR('',#5664,8.49999999999995);
#1416=VECTOR('',#5669,10.);
#1417=VECTOR('',#5672,10.);
#1418=VECTOR('',#5673,10.);
#1419=VECTOR('',#5678,10.);
#1420=VECTOR('',#5683,10.);
#1421=VECTOR('',#5684,10.);
#1422=VECTOR('',#5685,10.);
#1423=VECTOR('',#5686,10.);
#1424=VECTOR('',#5693,10.);
#1425=VECTOR('',#5694,10.);
#1426=VECTOR('',#5701,10.);
#1427=VECTOR('',#5704,10.);
#1428=VECTOR('',#5705,10.);
#1429=VECTOR('',#5706,10.);
#1430=VECTOR('',#5707,10.);
#1431=VECTOR('',#5710,10.);
#1432=VECTOR('',#5715,10.);
#1433=VECTOR('',#5718,10.);
#1434=VECTOR('',#5721,10.);
#1435=VECTOR('',#5722,10.);
#1436=VECTOR('',#5727,10.);
#1437=VECTOR('',#5730,10.);
#1438=VECTOR('',#5733,10.);
#1439=VECTOR('',#5744,3.);
#1440=VECTOR('',#5749,10.);
#1441=VECTOR('',#5750,10.);
#1442=VECTOR('',#5751,10.);
#1443=VECTOR('',#5764,10.);
#1444=VECTOR('',#5765,10.);
#1445=VECTOR('',#5768,10.);
#1446=VECTOR('',#5769,10.);
#1447=VECTOR('',#5776,10.);
#1448=VECTOR('',#5783,10.);
#1449=VECTOR('',#5788,10.);
#1450=VECTOR('',#5793,1.5);
#1451=VECTOR('',#5794,10.);
#1452=VECTOR('',#5803,10.);
#1453=VECTOR('',#5804,10.);
#1454=VECTOR('',#5807,10.);
#1455=VECTOR('',#5816,1.7);
#1456=VECTOR('',#5823,10.);
#1457=VECTOR('',#5824,10.);
#1458=VECTOR('',#5827,10.);
#1459=VECTOR('',#5828,10.);
#1460=VECTOR('',#5831,10.);
#1461=VECTOR('',#5842,10.);
#1462=VECTOR('',#5877,7.75);
#1463=VECTOR('',#5880,10.);
#1464=VECTOR('',#5885,10.);
#1465=VECTOR('',#5888,10.);
#1466=VECTOR('',#5889,10.);
#1467=VECTOR('',#5898,10.);
#1468=VECTOR('',#5913,1.175);
#1469=VECTOR('',#5922,2.35);
#1470=VECTOR('',#5925,2.55);
#1471=VECTOR('',#5928,10.);
#1472=VECTOR('',#5931,10.);
#1473=VECTOR('',#5934,10.);
#1474=VECTOR('',#5937,10.);
#1475=VECTOR('',#5950,3.);
#1476=CIRCLE('',#4239,1.99999999999999);
#1477=CIRCLE('',#4240,2.39999999999985);
#1478=CIRCLE('',#4242,0.499999999999988);
#1479=CIRCLE('',#4243,0.500000000000152);
#1480=CIRCLE('',#4244,4.);
#1481=CIRCLE('',#4245,1.0999999999998);
#1482=CIRCLE('',#4246,1.10000000000007);
#1483=CIRCLE('',#4247,1.09999999999998);
#1484=CIRCLE('',#4248,5.00000000000001);
#1485=CIRCLE('',#4249,5.00000000000001);
#1486=CIRCLE('',#4250,1.09999999999998);
#1487=CIRCLE('',#4251,1.09999999999945);
#1488=CIRCLE('',#4252,1.09999999999963);
#1489=CIRCLE('',#4253,3.99999999999998);
#1490=CIRCLE('',#4254,0.500000000000007);
#1491=CIRCLE('',#4255,0.500000000000038);
#1492=CIRCLE('',#4256,3.2);
#1493=CIRCLE('',#4257,2.75);
#1494=CIRCLE('',#4258,2.75);
#1495=CIRCLE('',#4259,5.40000000000007);
#1496=CIRCLE('',#4260,5.39999999999978);
#1497=CIRCLE('',#4262,2.6);
#1498=CIRCLE('',#4264,0.4);
#1499=CIRCLE('',#4265,0.4);
#1500=CIRCLE('',#4268,0.40000000000008);
#1501=CIRCLE('',#4269,0.400000000000009);
#1502=CIRCLE('',#4270,7.75);
#1503=CIRCLE('',#4271,7.75);
#1504=CIRCLE('',#4272,0.4);
#1505=CIRCLE('',#4273,0.4);
#1506=CIRCLE('',#4277,2.70000000000004);
#1507=CIRCLE('',#4278,2.70000000000004);
#1508=CIRCLE('',#4279,2.70000000000004);
#1509=CIRCLE('',#4280,1.50000000000004);
#1510=CIRCLE('',#4282,1.5);
#1511=CIRCLE('',#4286,1.5);
#1512=CIRCLE('',#4291,1.5);
#1513=CIRCLE('',#4296,0.4);
#1514=CIRCLE('',#4297,0.4);
#1515=CIRCLE('',#4303,3.10000000000011);
#1516=CIRCLE('',#4306,4.99999999999983);
#1517=CIRCLE('',#4307,5.00000000000004);
#1518=CIRCLE('',#4309,5.00000000000004);
#1519=CIRCLE('',#4310,4.99999999999983);
#1520=CIRCLE('',#4312,4.99999999999983);
#1521=CIRCLE('',#4313,4.99999999999983);
#1522=CIRCLE('',#4316,5.00000000000004);
#1523=CIRCLE('',#4318,5.00000000000004);
#1524=CIRCLE('',#4325,3.09999999999993);
#1525=CIRCLE('',#4328,3.09999999999995);
#1526=CIRCLE('',#4331,3.10000000000009);
#1527=CIRCLE('',#4333,2.7);
#1528=CIRCLE('',#4335,2.7);
#1529=CIRCLE('',#4336,2.7);
#1530=CIRCLE('',#4339,0.999999999999996);
#1531=CIRCLE('',#4344,2.35);
#1532=CIRCLE('',#4345,2.35);
#1533=CIRCLE('',#4347,2.35);
#1534=CIRCLE('',#4349,1.7);
#1535=CIRCLE('',#4351,1.7);
#1536=CIRCLE('',#4352,1.7);
#1537=CIRCLE('',#4353,1.7);
#1538=CIRCLE('',#4355,0.4);
#1539=CIRCLE('',#4356,1.);
#1540=CIRCLE('',#4357,1.4);
#1541=CIRCLE('',#4359,1.6);
#1542=CIRCLE('',#4360,1.6);
#1543=CIRCLE('',#4366,1.49999999999947);
#1544=CIRCLE('',#4369,1.49999999999963);
#1545=CIRCLE('',#4373,1.49999999999947);
#1546=CIRCLE('',#4376,1.49999999999963);
#1547=CIRCLE('',#4378,0.4);
#1548=CIRCLE('',#4379,0.4);
#1549=CIRCLE('',#4382,0.4);
#1550=CIRCLE('',#4383,0.4);
#1551=CIRCLE('',#4386,0.4);
#1552=CIRCLE('',#4388,3.);
#1553=CIRCLE('',#4391,0.399999999999991);
#1554=CIRCLE('',#4392,0.399999999999991);
#1555=CIRCLE('',#4395,0.4);
#1556=CIRCLE('',#4396,0.4);
#1557=CIRCLE('',#4398,0.4);
#1558=CIRCLE('',#4399,0.4);
#1559=CIRCLE('',#4402,0.4);
#1560=CIRCLE('',#4403,0.4);
#1561=CIRCLE('',#4406,3.0000000000002);
#1562=CIRCLE('',#4407,3.23094010767605);
#1563=CIRCLE('',#4409,2.99999999999991);
#1564=CIRCLE('',#4410,3.23094010767575);
#1565=CIRCLE('',#4414,3.00000000000036);
#1566=CIRCLE('',#4415,3.23094010767621);
#1567=CIRCLE('',#4417,3.00000000000005);
#1568=CIRCLE('',#4418,3.23094010767589);
#1569=CIRCLE('',#4422,3.00000000000026);
#1570=CIRCLE('',#4423,3.2309401076761);
#1571=CIRCLE('',#4425,3.00000000000027);
#1572=CIRCLE('',#4426,3.23094010767612);
#1573=CIRCLE('',#4430,2.99999999999997);
#1574=CIRCLE('',#4431,3.23094010767582);
#1575=CIRCLE('',#4433,3.00000000000034);
#1576=CIRCLE('',#4434,3.2309401076762);
#1577=CIRCLE('',#4438,3.00000000000034);
#1578=CIRCLE('',#4439,3.23094010767619);
#1579=CIRCLE('',#4441,3.0000000000004);
#1580=CIRCLE('',#4442,3.23094010767625);
#1581=CIRCLE('',#4446,2.99999999999987);
#1582=CIRCLE('',#4447,3.23094010767572);
#1583=CIRCLE('',#4449,3.00000000000014);
#1584=CIRCLE('',#4450,3.23094010767599);
#1585=CIRCLE('',#4453,3.00000000000014);
#1586=CIRCLE('',#4456,3.0000000000004);
#1587=CIRCLE('',#4459,3.00000000000034);
#1588=CIRCLE('',#4462,3.00000000000027);
#1589=CIRCLE('',#4465,3.00000000000005);
#1590=CIRCLE('',#4468,2.99999999999991);
#1591=CIRCLE('',#4471,7.75);
#1592=CIRCLE('',#4473,3.0000000000002);
#1593=CIRCLE('',#4474,3.00000000000036);
#1594=CIRCLE('',#4475,3.00000000000026);
#1595=CIRCLE('',#4476,2.99999999999997);
#1596=CIRCLE('',#4477,3.00000000000034);
#1597=CIRCLE('',#4478,2.99999999999987);
#1598=CIRCLE('',#4479,4.);
#1599=CIRCLE('',#4495,0.4);
#1600=CIRCLE('',#4496,0.4);
#1601=CIRCLE('',#4498,4.);
#1602=CIRCLE('',#4500,2.8);
#1603=CIRCLE('',#4502,1.4999999999998);
#1604=CIRCLE('',#4505,1.4999999999998);
#1605=CIRCLE('',#4507,1.49999999999999);
#1606=CIRCLE('',#4510,1.5);
#1607=CIRCLE('',#4512,1.6);
#1608=CIRCLE('',#4513,1.6);
#1609=CIRCLE('',#4515,0.4);
#1610=CIRCLE('',#4516,0.4);
#1611=CIRCLE('',#4519,0.4);
#1612=CIRCLE('',#4522,0.4);
#1613=CIRCLE('',#4525,0.399999999999992);
#1614=CIRCLE('',#4526,0.399999999999992);
#1615=CIRCLE('',#4530,1.5);
#1616=CIRCLE('',#4533,1.5);
#1617=CIRCLE('',#4537,1.50000000000009);
#1618=CIRCLE('',#4538,1.50000000000009);
#1619=CIRCLE('',#4541,2.6);
#1620=CIRCLE('',#4543,2.8);
#1621=CIRCLE('',#4557,0.4);
#1622=CIRCLE('',#4558,1.5);
#1623=CIRCLE('',#4559,7.75);
#1624=CIRCLE('',#4560,1.5);
#1625=CIRCLE('',#4561,1.5);
#1626=CIRCLE('',#4562,8.49999999999994);
#1627=CIRCLE('',#4563,0.4);
#1628=CIRCLE('',#4564,0.4);
#1629=CIRCLE('',#4565,1.7);
#1630=CIRCLE('',#4566,1.7);
#1631=CIRCLE('',#4567,3.);
#1632=CIRCLE('',#4569,1.49997328125643);
#1633=CIRCLE('',#4570,8.49999999999994);
#1634=CIRCLE('',#4572,8.49999999999994);
#1635=CIRCLE('',#4574,0.400000000000001);
#1636=CIRCLE('',#4577,0.400000000000002);
#1637=CIRCLE('',#4578,0.4);
#1638=CIRCLE('',#4581,0.400000000000002);
#1639=CIRCLE('',#4582,0.4);
#1640=CIRCLE('',#4584,0.4);
#1641=CIRCLE('',#4585,0.399999999999991);
#1642=CIRCLE('',#4589,8.89999999999995);
#1643=CIRCLE('',#4597,3.);
#1644=CIRCLE('',#4599,3.);
#1645=CIRCLE('',#4600,3.);
#1646=CIRCLE('',#4602,1.5);
#1647=CIRCLE('',#4604,3.4);
#1648=CIRCLE('',#4605,0.4);
#1649=CIRCLE('',#4606,3.4);
#1650=CIRCLE('',#4608,0.4);
#1651=CIRCLE('',#4611,0.4);
#1652=CIRCLE('',#4613,0.4);
#1653=CIRCLE('',#4614,7.75000000000002);
#1654=CIRCLE('',#4616,7.75);
#1655=CIRCLE('',#4617,1.4);
#1656=CIRCLE('',#4619,1.5);
#1657=CIRCLE('',#4621,0.999999999993086);
#1658=CIRCLE('',#4623,0.4);
#1659=CIRCLE('',#4626,1.00000000000024);
#1660=CIRCLE('',#4629,1.7);
#1661=CIRCLE('',#4630,1.7);
#1662=CIRCLE('',#4635,1.4);
#1663=CIRCLE('',#4636,7.50000000000002);
#1664=CIRCLE('',#4637,1.4);
#1665=CIRCLE('',#4638,7.75);
#1666=CIRCLE('',#4639,1.4);
#1667=CIRCLE('',#4641,0.999999999999415);
#1668=CIRCLE('',#4642,0.400000000000002);
#1669=CIRCLE('',#4644,8.50000000000001);
#1670=CIRCLE('',#4645,0.999999999999188);
#1671=CIRCLE('',#4647,0.399999999999997);
#1672=CIRCLE('',#4649,0.4);
#1673=CIRCLE('',#4651,1.);
#1674=CIRCLE('',#4653,1.00000000000011);
#1675=CIRCLE('',#4656,7.75);
#1676=CIRCLE('',#4658,0.4);
#1677=CIRCLE('',#4661,0.4);
#1678=CIRCLE('',#4663,1.4);
#1679=CIRCLE('',#4664,1.4);
#1680=CIRCLE('',#4666,1.);
#1681=CIRCLE('',#4668,0.999999999999983);
#1682=CIRCLE('',#4671,2.35);
#1683=CIRCLE('',#4673,2.35);
#1684=CIRCLE('',#4674,2.35);
#1685=CIRCLE('',#4680,3.4);
#1686=CIRCLE('',#4682,0.4);
#1687=CIRCLE('',#4683,3.);
#1688=CIRCLE('',#4684,3.);
#1689=CIRCLE('',#4686,3.);
#1690=VERTEX_POINT('',#5959);
#1691=VERTEX_POINT('',#5961);
#1692=VERTEX_POINT('',#5965);
#1693=VERTEX_POINT('',#5966);
#1694=VERTEX_POINT('',#5968);
#1695=VERTEX_POINT('',#5970);
#1696=VERTEX_POINT('',#5972);
#1697=VERTEX_POINT('',#5974);
#1698=VERTEX_POINT('',#5976);
#1699=VERTEX_POINT('',#5982);
#1700=VERTEX_POINT('',#5984);
#1701=VERTEX_POINT('',#5986);
#1702=VERTEX_POINT('',#5988);
#1703=VERTEX_POINT('',#5990);
#1704=VERTEX_POINT('',#5992);
#1705=VERTEX_POINT('',#5994);
#1706=VERTEX_POINT('',#5996);
#1707=VERTEX_POINT('',#5998);
#1708=VERTEX_POINT('',#6000);
#1709=VERTEX_POINT('',#6002);
#1710=VERTEX_POINT('',#6004);
#1711=VERTEX_POINT('',#6006);
#1712=VERTEX_POINT('',#6008);
#1713=VERTEX_POINT('',#6010);
#1714=VERTEX_POINT('',#6012);
#1715=VERTEX_POINT('',#6014);
#1716=VERTEX_POINT('',#6016);
#1717=VERTEX_POINT('',#6018);
#1718=VERTEX_POINT('',#6020);
#1719=VERTEX_POINT('',#6022);
#1720=VERTEX_POINT('',#6024);
#1721=VERTEX_POINT('',#6030);
#1722=VERTEX_POINT('',#6032);
#1723=VERTEX_POINT('',#6034);
#1724=VERTEX_POINT('',#6037);
#1725=VERTEX_POINT('',#6039);
#1726=VERTEX_POINT('',#6041);
#1727=VERTEX_POINT('',#6043);
#1728=VERTEX_POINT('',#6044);
#1729=VERTEX_POINT('',#6046);
#1730=VERTEX_POINT('',#6048);
#1731=VERTEX_POINT('',#6052);
#1732=VERTEX_POINT('',#6055);
#1733=VERTEX_POINT('',#6056);
#1734=VERTEX_POINT('',#6058);
#1735=VERTEX_POINT('',#6060);
#1736=VERTEX_POINT('',#6064);
#1737=VERTEX_POINT('',#6066);
#1738=VERTEX_POINT('',#6068);
#1739=VERTEX_POINT('',#6070);
#1740=VERTEX_POINT('',#6079);
#1741=VERTEX_POINT('',#6081);
#1742=VERTEX_POINT('',#6090);
#1743=VERTEX_POINT('',#6092);
#1744=VERTEX_POINT('',#6094);
#1745=VERTEX_POINT('',#6096);
#1746=VERTEX_POINT('',#6100);
#1747=VERTEX_POINT('',#6102);
#1748=VERTEX_POINT('',#6106);
#1749=VERTEX_POINT('',#6110);
#1750=VERTEX_POINT('',#6112);
#1751=VERTEX_POINT('',#6114);
#1752=VERTEX_POINT('',#6116);
#1753=VERTEX_POINT('',#6118);
#1754=VERTEX_POINT('',#6120);
#1755=VERTEX_POINT('',#6122);
#1756=VERTEX_POINT('',#6124);
#1757=VERTEX_POINT('',#6131);
#1758=VERTEX_POINT('',#6135);
#1759=VERTEX_POINT('',#6136);
#1760=VERTEX_POINT('',#6138);
#1761=VERTEX_POINT('',#6140);
#1762=VERTEX_POINT('',#6142);
#1763=VERTEX_POINT('',#6165);
#1764=VERTEX_POINT('',#6166);
#1765=VERTEX_POINT('',#6171);
#1766=VERTEX_POINT('',#6173);
#1767=VERTEX_POINT('',#6177);
#1768=VERTEX_POINT('',#6181);
#1769=VERTEX_POINT('',#6182);
#1770=VERTEX_POINT('',#6184);
#1771=VERTEX_POINT('',#6186);
#1772=VERTEX_POINT('',#6190);
#1773=VERTEX_POINT('',#6192);
#1774=VERTEX_POINT('',#6198);
#1775=VERTEX_POINT('',#6211);
#1776=VERTEX_POINT('',#6212);
#1777=VERTEX_POINT('',#6214);
#1778=VERTEX_POINT('',#6216);
#1779=VERTEX_POINT('',#6220);
#1780=VERTEX_POINT('',#6221);
#1781=VERTEX_POINT('',#6223);
#1782=VERTEX_POINT('',#6227);
#1783=VERTEX_POINT('',#6229);
#1784=VERTEX_POINT('',#6231);
#1785=VERTEX_POINT('',#6233);
#1786=VERTEX_POINT('',#6235);
#1787=VERTEX_POINT('',#6237);
#1788=VERTEX_POINT('',#6239);
#1789=VERTEX_POINT('',#6241);
#1790=VERTEX_POINT('',#6243);
#1791=VERTEX_POINT('',#6250);
#1792=VERTEX_POINT('',#6251);
#1793=VERTEX_POINT('',#6253);
#1794=VERTEX_POINT('',#6255);
#1795=VERTEX_POINT('',#6259);
#1796=VERTEX_POINT('',#6263);
#1797=VERTEX_POINT('',#6265);
#1798=VERTEX_POINT('',#6267);
#1799=VERTEX_POINT('',#6269);
#1800=VERTEX_POINT('',#6271);
#1801=VERTEX_POINT('',#6273);
#1802=VERTEX_POINT('',#6275);
#1803=VERTEX_POINT('',#6277);
#1804=VERTEX_POINT('',#6279);
#1805=VERTEX_POINT('',#6281);
#1806=VERTEX_POINT('',#6285);
#1807=VERTEX_POINT('',#6290);
#1808=VERTEX_POINT('',#6295);
#1809=VERTEX_POINT('',#6301);
#1810=VERTEX_POINT('',#6306);
#1811=VERTEX_POINT('',#6310);
#1812=VERTEX_POINT('',#6319);
#1813=VERTEX_POINT('',#6321);
#1814=VERTEX_POINT('',#6325);
#1815=VERTEX_POINT('',#6333);
#1816=VERTEX_POINT('',#6361);
#1817=VERTEX_POINT('',#6368);
#1818=VERTEX_POINT('',#6370);
#1819=VERTEX_POINT('',#6374);
#1820=VERTEX_POINT('',#6376);
#1821=VERTEX_POINT('',#6378);
#1822=VERTEX_POINT('',#6380);
#1823=VERTEX_POINT('',#6389);
#1824=VERTEX_POINT('',#6396);
#1825=VERTEX_POINT('',#6397);
#1826=VERTEX_POINT('',#6402);
#1827=VERTEX_POINT('',#6406);
#1828=VERTEX_POINT('',#6410);
#1829=VERTEX_POINT('',#6411);
#1830=VERTEX_POINT('',#6414);
#1831=VERTEX_POINT('',#6416);
#1832=VERTEX_POINT('',#6418);
#1833=VERTEX_POINT('',#6422);
#1834=VERTEX_POINT('',#6424);
#1835=VERTEX_POINT('',#6428);
#1836=VERTEX_POINT('',#6430);
#1837=VERTEX_POINT('',#6434);
#1838=VERTEX_POINT('',#6435);
#1839=VERTEX_POINT('',#6442);
#1840=VERTEX_POINT('',#6446);
#1841=VERTEX_POINT('',#6452);
#1842=VERTEX_POINT('',#6456);
#1843=VERTEX_POINT('',#6460);
#1844=VERTEX_POINT('',#6464);
#1845=VERTEX_POINT('',#6468);
#1846=VERTEX_POINT('',#6470);
#1847=VERTEX_POINT('',#6474);
#1848=VERTEX_POINT('',#6475);
#1849=VERTEX_POINT('',#6480);
#1850=VERTEX_POINT('',#6484);
#1851=VERTEX_POINT('',#6488);
#1852=VERTEX_POINT('',#6489);
#1853=VERTEX_POINT('',#6491);
#1854=VERTEX_POINT('',#6493);
#1855=VERTEX_POINT('',#6497);
#1856=VERTEX_POINT('',#6498);
#1857=VERTEX_POINT('',#6503);
#1858=VERTEX_POINT('',#6505);
#1859=VERTEX_POINT('',#6516);
#1860=VERTEX_POINT('',#6520);
#1861=VERTEX_POINT('',#6524);
#1862=VERTEX_POINT('',#6526);
#1863=VERTEX_POINT('',#6530);
#1864=VERTEX_POINT('',#6532);
#1865=VERTEX_POINT('',#6536);
#1866=VERTEX_POINT('',#6538);
#1867=VERTEX_POINT('',#6545);
#1868=VERTEX_POINT('',#6547);
#1869=VERTEX_POINT('',#6551);
#1870=VERTEX_POINT('',#6552);
#1871=VERTEX_POINT('',#6554);
#1872=VERTEX_POINT('',#6556);
#1873=VERTEX_POINT('',#6560);
#1874=VERTEX_POINT('',#6561);
#1875=VERTEX_POINT('',#6563);
#1876=VERTEX_POINT('',#6565);
#1877=VERTEX_POINT('',#6569);
#1878=VERTEX_POINT('',#6570);
#1879=VERTEX_POINT('',#6572);
#1880=VERTEX_POINT('',#6574);
#1881=VERTEX_POINT('',#6578);
#1882=VERTEX_POINT('',#6579);
#1883=VERTEX_POINT('',#6584);
#1884=VERTEX_POINT('',#6586);
#1885=VERTEX_POINT('',#6590);
#1886=VERTEX_POINT('',#6592);
#1887=VERTEX_POINT('',#6596);
#1888=VERTEX_POINT('',#6597);
#1889=VERTEX_POINT('',#6602);
#1890=VERTEX_POINT('',#6603);
#1891=VERTEX_POINT('',#6608);
#1892=VERTEX_POINT('',#6610);
#1893=VERTEX_POINT('',#6614);
#1894=VERTEX_POINT('',#6616);
#1895=VERTEX_POINT('',#6620);
#1896=VERTEX_POINT('',#6621);
#1897=VERTEX_POINT('',#6626);
#1898=VERTEX_POINT('',#6627);
#1899=VERTEX_POINT('',#6632);
#1900=VERTEX_POINT('',#6634);
#1901=VERTEX_POINT('',#6638);
#1902=VERTEX_POINT('',#6640);
#1903=VERTEX_POINT('',#6644);
#1904=VERTEX_POINT('',#6645);
#1905=VERTEX_POINT('',#6650);
#1906=VERTEX_POINT('',#6651);
#1907=VERTEX_POINT('',#6656);
#1908=VERTEX_POINT('',#6658);
#1909=VERTEX_POINT('',#6662);
#1910=VERTEX_POINT('',#6664);
#1911=VERTEX_POINT('',#6668);
#1912=VERTEX_POINT('',#6669);
#1913=VERTEX_POINT('',#6674);
#1914=VERTEX_POINT('',#6675);
#1915=VERTEX_POINT('',#6680);
#1916=VERTEX_POINT('',#6682);
#1917=VERTEX_POINT('',#6686);
#1918=VERTEX_POINT('',#6688);
#1919=VERTEX_POINT('',#6692);
#1920=VERTEX_POINT('',#6693);
#1921=VERTEX_POINT('',#6698);
#1922=VERTEX_POINT('',#6699);
#1923=VERTEX_POINT('',#6704);
#1924=VERTEX_POINT('',#6706);
#1925=VERTEX_POINT('',#6713);
#1926=VERTEX_POINT('',#6715);
#1927=VERTEX_POINT('',#6719);
#1928=VERTEX_POINT('',#6723);
#1929=VERTEX_POINT('',#6727);
#1930=VERTEX_POINT('',#6731);
#1931=VERTEX_POINT('',#6735);
#1932=VERTEX_POINT('',#6739);
#1933=VERTEX_POINT('',#6743);
#1934=VERTEX_POINT('',#6747);
#1935=VERTEX_POINT('',#6751);
#1936=VERTEX_POINT('',#6755);
#1937=VERTEX_POINT('',#6759);
#1938=VERTEX_POINT('',#6763);
#1939=VERTEX_POINT('',#6766);
#1940=VERTEX_POINT('',#6768);
#1941=VERTEX_POINT('',#6770);
#1942=VERTEX_POINT('',#6772);
#1943=VERTEX_POINT('',#6774);
#1944=VERTEX_POINT('',#6776);
#1945=VERTEX_POINT('',#6778);
#1946=VERTEX_POINT('',#6780);
#1947=VERTEX_POINT('',#6782);
#1948=VERTEX_POINT('',#6784);
#1949=VERTEX_POINT('',#6786);
#1950=VERTEX_POINT('',#6789);
#1951=VERTEX_POINT('',#6815);
#1952=VERTEX_POINT('',#6817);
#1953=VERTEX_POINT('',#6819);
#1954=VERTEX_POINT('',#6823);
#1955=VERTEX_POINT('',#6825);
#1956=VERTEX_POINT('',#6827);
#1957=VERTEX_POINT('',#6829);
#1958=VERTEX_POINT('',#6833);
#1959=VERTEX_POINT('',#6837);
#1960=VERTEX_POINT('',#6840);
#1961=VERTEX_POINT('',#6844);
#1962=VERTEX_POINT('',#6848);
#1963=VERTEX_POINT('',#6850);
#1964=VERTEX_POINT('',#6854);
#1965=VERTEX_POINT('',#6855);
#1966=VERTEX_POINT('',#6858);
#1967=VERTEX_POINT('',#6881);
#1968=VERTEX_POINT('',#6882);
#1969=VERTEX_POINT('',#6887);
#1970=VERTEX_POINT('',#6891);
#1971=VERTEX_POINT('',#6893);
#1972=VERTEX_POINT('',#6897);
#1973=VERTEX_POINT('',#6899);
#1974=VERTEX_POINT('',#6903);
#1975=VERTEX_POINT('',#6904);
#1976=VERTEX_POINT('',#6906);
#1977=VERTEX_POINT('',#6908);
#1978=VERTEX_POINT('',#6912);
#1979=VERTEX_POINT('',#6914);
#1980=VERTEX_POINT('',#6918);
#1981=VERTEX_POINT('',#6920);
#1982=VERTEX_POINT('',#6924);
#1983=VERTEX_POINT('',#6928);
#1984=VERTEX_POINT('',#6937);
#1985=VERTEX_POINT('',#6938);
#1986=VERTEX_POINT('',#6941);
#1987=VERTEX_POINT('',#6943);
#1988=VERTEX_POINT('',#6949);
#1989=VERTEX_POINT('',#6951);
#1990=VERTEX_POINT('',#6955);
#1991=VERTEX_POINT('',#6956);
#1992=VERTEX_POINT('',#6964);
#1993=VERTEX_POINT('',#6966);
#1994=VERTEX_POINT('',#6970);
#1995=VERTEX_POINT('',#6972);
#1996=VERTEX_POINT('',#6976);
#1997=VERTEX_POINT('',#6978);
#1998=VERTEX_POINT('',#6984);
#1999=VERTEX_POINT('',#6990);
#2000=VERTEX_POINT('',#6994);
#2001=VERTEX_POINT('',#6998);
#2002=VERTEX_POINT('',#7030);
#2003=VERTEX_POINT('',#7031);
#2004=VERTEX_POINT('',#7033);
#2005=VERTEX_POINT('',#7035);
#2006=VERTEX_POINT('',#7037);
#2007=VERTEX_POINT('',#7039);
#2008=VERTEX_POINT('',#7041);
#2009=VERTEX_POINT('',#7043);
#2010=VERTEX_POINT('',#7045);
#2011=VERTEX_POINT('',#7047);
#2012=VERTEX_POINT('',#7049);
#2013=VERTEX_POINT('',#7051);
#2014=VERTEX_POINT('',#7054);
#2015=VERTEX_POINT('',#7059);
#2016=VERTEX_POINT('',#7061);
#2017=VERTEX_POINT('',#7063);
#2018=VERTEX_POINT('',#7065);
#2019=VERTEX_POINT('',#7069);
#2020=VERTEX_POINT('',#7073);
#2021=VERTEX_POINT('',#7077);
#2022=VERTEX_POINT('',#7081);
#2023=VERTEX_POINT('',#7083);
#2024=VERTEX_POINT('',#7087);
#2025=VERTEX_POINT('',#7089);
#2026=VERTEX_POINT('',#7091);
#2027=VERTEX_POINT('',#7096);
#2028=VERTEX_POINT('',#7098);
#2029=VERTEX_POINT('',#7102);
#2030=VERTEX_POINT('',#7104);
#2031=VERTEX_POINT('',#7108);
#2032=VERTEX_POINT('',#7111);
#2033=VERTEX_POINT('',#7178);
#2034=VERTEX_POINT('',#7182);
#2035=VERTEX_POINT('',#7222);
#2036=VERTEX_POINT('',#7225);
#2037=VERTEX_POINT('',#7226);
#2038=VERTEX_POINT('',#7231);
#2039=VERTEX_POINT('',#7232);
#2040=VERTEX_POINT('',#7235);
#2041=VERTEX_POINT('',#7237);
#2042=VERTEX_POINT('',#7259);
#2043=VERTEX_POINT('',#7264);
#2044=VERTEX_POINT('',#7265);
#2045=VERTEX_POINT('',#7270);
#2046=VERTEX_POINT('',#7276);
#2047=VERTEX_POINT('',#7278);
#2048=VERTEX_POINT('',#7282);
#2049=VERTEX_POINT('',#7284);
#2050=VERTEX_POINT('',#7286);
#2051=VERTEX_POINT('',#7290);
#2052=VERTEX_POINT('',#7291);
#2053=VERTEX_POINT('',#7296);
#2054=VERTEX_POINT('',#7305);
#2055=VERTEX_POINT('',#7306);
#2056=VERTEX_POINT('',#7328);
#2057=VERTEX_POINT('',#7333);
#2058=VERTEX_POINT('',#7335);
#2059=VERTEX_POINT('',#7346);
#2060=VERTEX_POINT('',#7350);
#2061=VERTEX_POINT('',#7361);
#2062=VERTEX_POINT('',#7363);
#2063=VERTEX_POINT('',#7365);
#2064=VERTEX_POINT('',#7367);
#2065=VERTEX_POINT('',#7369);
#2066=VERTEX_POINT('',#7373);
#2067=VERTEX_POINT('',#7377);
#2068=VERTEX_POINT('',#7381);
#2069=VERTEX_POINT('',#7398);
#2070=VERTEX_POINT('',#7423);
#2071=VERTEX_POINT('',#7425);
#2072=VERTEX_POINT('',#7440);
#2073=VERTEX_POINT('',#7444);
#2074=VERTEX_POINT('',#7450);
#2075=VERTEX_POINT('',#7452);
#2076=VERTEX_POINT('',#7461);
#2077=VERTEX_POINT('',#7465);
#2078=VERTEX_POINT('',#7466);
#2079=VERTEX_POINT('',#7480);
#2080=VERTEX_POINT('',#7483);
#2081=VERTEX_POINT('',#7485);
#2082=VERTEX_POINT('',#7489);
#2083=EDGE_CURVE('',#1690,#1690,#1476,.T.);
#2084=EDGE_CURVE('',#1690,#1691,#748,.T.);
#2085=EDGE_CURVE('',#1691,#1691,#1477,.T.);
#2086=EDGE_CURVE('',#1692,#1693,#749,.T.);
#2087=EDGE_CURVE('',#1694,#1692,#1478,.T.);
#2088=EDGE_CURVE('',#1695,#1694,#750,.T.);
#2089=EDGE_CURVE('',#1696,#1695,#1479,.T.);
#2090=EDGE_CURVE('',#1697,#1696,#751,.T.);
#2091=EDGE_CURVE('',#1698,#1697,#145,.T.);
#2092=EDGE_CURVE('',#1699,#1698,#752,.T.);
#2093=EDGE_CURVE('',#1700,#1699,#1480,.T.);
#2094=EDGE_CURVE('',#1701,#1700,#753,.T.);
#2095=EDGE_CURVE('',#1702,#1701,#1481,.T.);
#2096=EDGE_CURVE('',#1703,#1702,#754,.T.);
#2097=EDGE_CURVE('',#1704,#1703,#1482,.T.);
#2098=EDGE_CURVE('',#1705,#1704,#755,.T.);
#2099=EDGE_CURVE('',#1706,#1705,#1483,.T.);
#2100=EDGE_CURVE('',#1707,#1706,#756,.T.);
#2101=EDGE_CURVE('',#1708,#1707,#1484,.T.);
#2102=EDGE_CURVE('',#1709,#1708,#757,.T.);
#2103=EDGE_CURVE('',#1710,#1709,#1485,.T.);
#2104=EDGE_CURVE('',#1711,#1710,#758,.T.);
#2105=EDGE_CURVE('',#1712,#1711,#1486,.T.);
#2106=EDGE_CURVE('',#1713,#1712,#759,.T.);
#2107=EDGE_CURVE('',#1714,#1713,#1487,.T.);
#2108=EDGE_CURVE('',#1715,#1714,#760,.T.);
#2109=EDGE_CURVE('',#1716,#1715,#1488,.T.);
#2110=EDGE_CURVE('',#1717,#1716,#761,.T.);
#2111=EDGE_CURVE('',#1718,#1717,#1489,.T.);
#2112=EDGE_CURVE('',#1719,#1718,#762,.T.);
#2113=EDGE_CURVE('',#1719,#1720,#146,.T.);
#2114=EDGE_CURVE('',#1720,#1721,#763,.T.);
#2115=EDGE_CURVE('',#1721,#1722,#1490,.T.);
#2116=EDGE_CURVE('',#1722,#1723,#764,.T.);
#2117=EDGE_CURVE('',#1723,#1693,#1491,.T.);
#2118=EDGE_CURVE('',#1724,#1724,#1492,.T.);
#2119=EDGE_CURVE('',#1725,#1725,#1493,.T.);
#2120=EDGE_CURVE('',#1726,#1726,#1494,.T.);
#2121=EDGE_CURVE('',#1727,#1728,#1495,.T.);
#2122=EDGE_CURVE('',#1728,#1729,#765,.T.);
#2123=EDGE_CURVE('',#1729,#1730,#1496,.T.);
#2124=EDGE_CURVE('',#1730,#1727,#766,.T.);
#2125=EDGE_CURVE('',#1731,#1731,#1497,.T.);
#2126=EDGE_CURVE('',#1732,#1733,#1498,.T.);
#2127=EDGE_CURVE('',#1733,#1734,#767,.T.);
#2128=EDGE_CURVE('',#1734,#1735,#1499,.F.);
#2129=EDGE_CURVE('',#1735,#1732,#768,.T.);
#2130=EDGE_CURVE('',#1736,#1734,#769,.T.);
#2131=EDGE_CURVE('',#1737,#1733,#770,.T.);
#2132=EDGE_CURVE('',#1738,#1737,#771,.T.);
#2133=EDGE_CURVE('',#1739,#1738,#147,.T.);
#2134=EDGE_CURVE('',#1739,#1740,#772,.T.);
#2135=EDGE_CURVE('',#1741,#1740,#148,.T.);
#2136=EDGE_CURVE('',#1742,#1741,#773,.T.);
#2137=EDGE_CURVE('',#1743,#1742,#774,.T.);
#2138=EDGE_CURVE('',#1743,#1744,#775,.T.);
#2139=EDGE_CURVE('',#1745,#1744,#40,.T.);
#2140=EDGE_CURVE('',#1746,#1745,#776,.T.);
#2141=EDGE_CURVE('',#1746,#1747,#41,.T.);
#2142=EDGE_CURVE('',#1748,#1747,#777,.T.);
#2143=EDGE_CURVE('',#1748,#1736,#778,.T.);
#2144=EDGE_CURVE('',#1732,#1749,#779,.T.);
#2145=EDGE_CURVE('',#1749,#1750,#1500,.T.);
#2146=EDGE_CURVE('',#1750,#1751,#780,.T.);
#2147=EDGE_CURVE('',#1751,#1752,#1501,.T.);
#2148=EDGE_CURVE('',#1752,#1753,#1502,.T.);
#2149=EDGE_CURVE('',#1753,#1754,#1503,.T.);
#2150=EDGE_CURVE('',#1755,#1754,#1504,.T.);
#2151=EDGE_CURVE('',#1755,#1756,#781,.T.);
#2152=EDGE_CURVE('',#1737,#1756,#1505,.T.);
#2153=EDGE_CURVE('',#1693,#1746,#782,.T.);
#2154=EDGE_CURVE('',#1692,#1745,#783,.T.);
#2155=EDGE_CURVE('',#1735,#1757,#784,.T.);
#2156=EDGE_CURVE('',#1749,#1757,#785,.T.);
#2157=EDGE_CURVE('',#1758,#1759,#1506,.T.);
#2158=EDGE_CURVE('',#1759,#1760,#1507,.T.);
#2159=EDGE_CURVE('',#1760,#1761,#786,.T.);
#2160=EDGE_CURVE('',#1761,#1762,#1508,.T.);
#2161=EDGE_CURVE('',#1762,#1758,#787,.T.);
#2162=EDGE_CURVE('',#1763,#1764,#1509,.T.);
#2163=EDGE_CURVE('',#1720,#1763,#788,.T.);
#2164=EDGE_CURVE('',#1764,#1719,#789,.T.);
#2165=EDGE_CURVE('',#1764,#1765,#790,.T.);
#2166=EDGE_CURVE('',#1765,#1766,#1510,.T.);
#2167=EDGE_CURVE('',#1763,#1766,#791,.T.);
#2168=EDGE_CURVE('',#1767,#1763,#792,.T.);
#2169=EDGE_CURVE('',#1767,#1721,#793,.T.);
#2170=EDGE_CURVE('',#1768,#1769,#28,.T.);
#2171=EDGE_CURVE('',#1770,#1768,#794,.T.);
#2172=EDGE_CURVE('',#1770,#1771,#1511,.T.);
#2173=EDGE_CURVE('',#1769,#1771,#795,.T.);
#2174=EDGE_CURVE('',#1771,#1772,#796,.T.);
#2175=EDGE_CURVE('',#1772,#1773,#797,.T.);
#2176=EDGE_CURVE('',#1773,#1769,#798,.T.);
#2177=EDGE_CURVE('',#1773,#1748,#29,.T.);
#2178=EDGE_CURVE('',#1747,#1723,#799,.T.);
#2179=EDGE_CURVE('',#1722,#1774,#800,.T.);
#2180=EDGE_CURVE('',#1774,#1768,#801,.T.);
#2181=EDGE_CURVE('',#1772,#1736,#1512,.T.);
#2182=EDGE_CURVE('',#1774,#1767,#42,.T.);
#2183=EDGE_CURVE('',#1766,#1770,#802,.T.);
#2184=EDGE_CURVE('',#1775,#1776,#1513,.T.);
#2185=EDGE_CURVE('',#1777,#1776,#803,.T.);
#2186=EDGE_CURVE('',#1778,#1777,#1514,.T.);
#2187=EDGE_CURVE('',#1775,#1778,#804,.T.);
#2188=EDGE_CURVE('',#1779,#1780,#805,.T.);
#2189=EDGE_CURVE('',#1780,#1781,#43,.T.);
#2190=EDGE_CURVE('',#1782,#1781,#806,.T.);
#2191=EDGE_CURVE('',#1783,#1782,#807,.T.);
#2192=EDGE_CURVE('',#1784,#1783,#808,.T.);
#2193=EDGE_CURVE('',#1785,#1784,#809,.T.);
#2194=EDGE_CURVE('',#1785,#1786,#810,.T.);
#2195=EDGE_CURVE('',#1786,#1787,#811,.T.);
#2196=EDGE_CURVE('',#1788,#1787,#812,.T.);
#2197=EDGE_CURVE('',#1788,#1789,#813,.T.);
#2198=EDGE_CURVE('',#1790,#1789,#814,.T.);
#2199=EDGE_CURVE('',#1790,#1758,#44,.T.);
#2200=EDGE_CURVE('',#1762,#1779,#815,.T.);
#2201=EDGE_CURVE('',#1791,#1792,#816,.T.);
#2202=EDGE_CURVE('',#1792,#1793,#817,.T.);
#2203=EDGE_CURVE('',#1794,#1793,#818,.T.);
#2204=EDGE_CURVE('',#1791,#1794,#819,.T.);
#2205=EDGE_CURVE('',#1760,#1795,#45,.T.);
#2206=EDGE_CURVE('',#1796,#1795,#820,.T.);
#2207=EDGE_CURVE('',#1797,#1796,#821,.T.);
#2208=EDGE_CURVE('',#1798,#1797,#822,.T.);
#2209=EDGE_CURVE('',#1799,#1798,#823,.T.);
#2210=EDGE_CURVE('',#1799,#1800,#824,.T.);
#2211=EDGE_CURVE('',#1800,#1801,#825,.T.);
#2212=EDGE_CURVE('',#1802,#1801,#826,.T.);
#2213=EDGE_CURVE('',#1802,#1803,#827,.T.);
#2214=EDGE_CURVE('',#1804,#1803,#828,.T.);
#2215=EDGE_CURVE('',#1804,#1805,#46,.T.);
#2216=EDGE_CURVE('',#1806,#1805,#829,.T.);
#2217=EDGE_CURVE('',#1806,#1761,#830,.T.);
#2218=EDGE_CURVE('',#1797,#1788,#831,.T.);
#2219=EDGE_CURVE('',#1807,#1796,#832,.T.);
#2220=EDGE_CURVE('',#1759,#1807,#47,.T.);
#2221=EDGE_CURVE('',#1759,#1808,#48,.F.);
#2222=EDGE_CURVE('',#1789,#1808,#833,.T.);
#2223=EDGE_CURVE('',#1781,#1809,#1515,.T.);
#2224=EDGE_CURVE('',#1809,#1782,#834,.T.);
#2225=EDGE_CURVE('',#1783,#1802,#835,.T.);
#2226=EDGE_CURVE('',#1809,#1810,#49,.F.);
#2227=EDGE_CURVE('',#1810,#1811,#50,.F.);
#2228=EDGE_CURVE('',#1803,#1811,#836,.T.);
#2229=EDGE_CURVE('',#1785,#1794,#1516,.T.);
#2230=EDGE_CURVE('',#1793,#1786,#1517,.T.);
#2231=EDGE_CURVE('',#1799,#1812,#1518,.T.);
#2232=EDGE_CURVE('',#1812,#1813,#837,.T.);
#2233=EDGE_CURVE('',#1813,#1800,#1519,.T.);
#2234=EDGE_CURVE('',#1814,#1791,#1520,.T.);
#2235=EDGE_CURVE('',#1801,#1784,#1521,.T.);
#2236=EDGE_CURVE('',#1814,#1813,#838,.T.);
#2237=EDGE_CURVE('',#1787,#1798,#1522,.T.);
#2238=EDGE_CURVE('',#1792,#1815,#1523,.T.);
#2239=EDGE_CURVE('',#1815,#1812,#839,.T.);
#2240=EDGE_CURVE('',#1815,#1814,#840,.T.);
#2241=EDGE_CURVE('',#1729,#1791,#841,.T.);
#2242=EDGE_CURVE('',#1814,#1730,#842,.T.);
#2243=EDGE_CURVE('',#1815,#1727,#843,.T.);
#2244=EDGE_CURVE('',#1728,#1792,#844,.T.);
#2245=EDGE_CURVE('',#1795,#1807,#1524,.T.);
#2246=EDGE_CURVE('',#1808,#1790,#1525,.T.);
#2247=EDGE_CURVE('',#1811,#1804,#1526,.T.);
#2248=EDGE_CURVE('',#1805,#1810,#1527,.T.);
#2249=EDGE_CURVE('',#1810,#1780,#1528,.T.);
#2250=EDGE_CURVE('',#1779,#1806,#1529,.T.);
#2251=EDGE_CURVE('',#1775,#1816,#149,.F.);
#2252=EDGE_CURVE('',#1776,#1816,#1530,.T.);
#2253=EDGE_CURVE('',#1817,#1764,#845,.T.);
#2254=EDGE_CURVE('',#1817,#1818,#51,.T.);
#2255=EDGE_CURVE('',#1819,#1818,#846,.T.);
#2256=EDGE_CURVE('',#1820,#1819,#847,.T.);
#2257=EDGE_CURVE('',#1821,#1820,#848,.T.);
#2258=EDGE_CURVE('',#1822,#1821,#150,.T.);
#2259=EDGE_CURVE('',#1823,#1822,#849,.T.);
#2260=EDGE_CURVE('',#1816,#1823,#30,.T.);
#2261=EDGE_CURVE('',#1778,#1765,#850,.T.);
#2262=EDGE_CURVE('',#1817,#1718,#851,.T.);
#2263=EDGE_CURVE('',#1824,#1825,#1531,.T.);
#2264=EDGE_CURVE('',#1825,#1726,#852,.T.);
#2265=EDGE_CURVE('',#1825,#1824,#1532,.T.);
#2266=EDGE_CURVE('',#1824,#1826,#853,.T.);
#2267=EDGE_CURVE('',#1826,#1826,#1533,.T.);
#2268=EDGE_CURVE('',#1827,#1827,#1534,.T.);
#2269=EDGE_CURVE('',#1827,#1826,#854,.T.);
#2270=EDGE_CURVE('',#1828,#1829,#1535,.T.);
#2271=EDGE_CURVE('',#1829,#1827,#855,.T.);
#2272=EDGE_CURVE('',#1829,#1830,#1536,.T.);
#2273=EDGE_CURVE('',#1831,#1830,#856,.T.);
#2274=EDGE_CURVE('',#1832,#1831,#1537,.T.);
#2275=EDGE_CURVE('',#1832,#1828,#857,.T.);
#2276=EDGE_CURVE('',#1821,#1833,#1538,.T.);
#2277=EDGE_CURVE('',#1834,#1833,#1539,.T.);
#2278=EDGE_CURVE('',#1834,#1822,#1540,.T.);
#2279=EDGE_CURVE('',#1835,#1835,#1541,.T.);
#2280=EDGE_CURVE('',#1835,#1836,#858,.T.);
#2281=EDGE_CURVE('',#1836,#1836,#1542,.T.);
#2282=EDGE_CURVE('',#1837,#1838,#52,.T.);
#2283=EDGE_CURVE('',#1710,#1837,#859,.T.);
#2284=EDGE_CURVE('',#1709,#1838,#860,.T.);
#2285=EDGE_CURVE('',#1839,#1837,#861,.T.);
#2286=EDGE_CURVE('',#1839,#1711,#862,.T.);
#2287=EDGE_CURVE('',#1840,#1839,#53,.T.);
#2288=EDGE_CURVE('',#1840,#1712,#863,.T.);
#2289=EDGE_CURVE('',#1841,#1713,#864,.T.);
#2290=EDGE_CURVE('',#1840,#1841,#865,.T.);
#2291=EDGE_CURVE('',#1842,#1714,#866,.T.);
#2292=EDGE_CURVE('',#1841,#1842,#1543,.T.);
#2293=EDGE_CURVE('',#1842,#1843,#867,.T.);
#2294=EDGE_CURVE('',#1843,#1715,#868,.T.);
#2295=EDGE_CURVE('',#1843,#1844,#1544,.T.);
#2296=EDGE_CURVE('',#1844,#1716,#869,.T.);
#2297=EDGE_CURVE('',#1844,#1845,#870,.T.);
#2298=EDGE_CURVE('',#1845,#1846,#31,.F.);
#2299=EDGE_CURVE('',#1846,#1717,#871,.T.);
#2300=EDGE_CURVE('',#1847,#1848,#1545,.T.);
#2301=EDGE_CURVE('',#1847,#1842,#872,.T.);
#2302=EDGE_CURVE('',#1841,#1848,#873,.T.);
#2303=EDGE_CURVE('',#1849,#1847,#874,.T.);
#2304=EDGE_CURVE('',#1843,#1849,#875,.T.);
#2305=EDGE_CURVE('',#1849,#1850,#1546,.T.);
#2306=EDGE_CURVE('',#1850,#1844,#876,.T.);
#2307=EDGE_CURVE('',#1851,#1852,#1547,.T.);
#2308=EDGE_CURVE('',#1852,#1853,#877,.T.);
#2309=EDGE_CURVE('',#1853,#1854,#1548,.F.);
#2310=EDGE_CURVE('',#1854,#1851,#878,.T.);
#2311=EDGE_CURVE('',#1855,#1856,#879,.T.);
#2312=EDGE_CURVE('',#1851,#1855,#880,.T.);
#2313=EDGE_CURVE('',#1856,#1854,#881,.T.);
#2314=EDGE_CURVE('',#1857,#1855,#1549,.T.);
#2315=EDGE_CURVE('',#1858,#1856,#1550,.T.);
#2316=EDGE_CURVE('',#1858,#1857,#882,.T.);
#2317=EDGE_CURVE('',#1818,#1846,#151,.T.);
#2318=EDGE_CURVE('',#1820,#1859,#1551,.T.);
#2319=EDGE_CURVE('',#1833,#1859,#883,.T.);
#2320=EDGE_CURVE('',#1845,#1860,#884,.T.);
#2321=EDGE_CURVE('',#1860,#1819,#1552,.T.);
#2322=EDGE_CURVE('',#1861,#1850,#885,.T.);
#2323=EDGE_CURVE('',#1861,#1862,#886,.T.);
#2324=EDGE_CURVE('',#1860,#1862,#887,.T.);
#2325=EDGE_CURVE('',#1861,#1863,#1553,.F.);
#2326=EDGE_CURVE('',#1863,#1864,#888,.T.);
#2327=EDGE_CURVE('',#1864,#1862,#1554,.T.);
#2328=EDGE_CURVE('',#1865,#1863,#889,.T.);
#2329=EDGE_CURVE('',#1865,#1866,#890,.T.);
#2330=EDGE_CURVE('',#1866,#1864,#891,.T.);
#2331=EDGE_CURVE('',#1865,#1831,#1555,.F.);
#2332=EDGE_CURVE('',#1830,#1866,#1556,.T.);
#2333=EDGE_CURVE('',#1832,#1867,#1557,.F.);
#2334=EDGE_CURVE('',#1867,#1868,#892,.T.);
#2335=EDGE_CURVE('',#1868,#1828,#1558,.T.);
#2336=EDGE_CURVE('',#1869,#1870,#893,.T.);
#2337=EDGE_CURVE('',#1871,#1870,#894,.T.);
#2338=EDGE_CURVE('',#1872,#1871,#895,.T.);
#2339=EDGE_CURVE('',#1872,#1869,#896,.T.);
#2340=EDGE_CURVE('',#1873,#1874,#897,.T.);
#2341=EDGE_CURVE('',#1873,#1875,#1559,.F.);
#2342=EDGE_CURVE('',#1875,#1876,#898,.T.);
#2343=EDGE_CURVE('',#1876,#1874,#1560,.T.);
#2344=EDGE_CURVE('',#1877,#1878,#899,.T.);
#2345=EDGE_CURVE('',#1878,#1879,#900,.T.);
#2346=EDGE_CURVE('',#1879,#1880,#901,.T.);
#2347=EDGE_CURVE('',#1880,#1877,#902,.T.);
#2348=EDGE_CURVE('',#1881,#1882,#903,.T.);
#2349=EDGE_CURVE('',#1882,#1880,#1561,.T.);
#2350=EDGE_CURVE('',#1879,#1881,#1562,.T.);
#2351=EDGE_CURVE('',#1877,#1883,#1563,.T.);
#2352=EDGE_CURVE('',#1883,#1884,#904,.T.);
#2353=EDGE_CURVE('',#1884,#1878,#1564,.T.);
#2354=EDGE_CURVE('',#1881,#1885,#905,.T.);
#2355=EDGE_CURVE('',#1885,#1886,#906,.T.);
#2356=EDGE_CURVE('',#1886,#1882,#907,.T.);
#2357=EDGE_CURVE('',#1887,#1888,#908,.T.);
#2358=EDGE_CURVE('',#1888,#1884,#909,.T.);
#2359=EDGE_CURVE('',#1883,#1887,#910,.T.);
#2360=EDGE_CURVE('',#1889,#1890,#911,.T.);
#2361=EDGE_CURVE('',#1890,#1886,#1565,.T.);
#2362=EDGE_CURVE('',#1885,#1889,#1566,.T.);
#2363=EDGE_CURVE('',#1887,#1891,#1567,.T.);
#2364=EDGE_CURVE('',#1891,#1892,#912,.T.);
#2365=EDGE_CURVE('',#1892,#1888,#1568,.T.);
#2366=EDGE_CURVE('',#1889,#1893,#913,.T.);
#2367=EDGE_CURVE('',#1893,#1894,#914,.T.);
#2368=EDGE_CURVE('',#1894,#1890,#915,.T.);
#2369=EDGE_CURVE('',#1895,#1896,#916,.T.);
#2370=EDGE_CURVE('',#1896,#1892,#917,.T.);
#2371=EDGE_CURVE('',#1891,#1895,#918,.T.);
#2372=EDGE_CURVE('',#1897,#1898,#919,.T.);
#2373=EDGE_CURVE('',#1898,#1894,#1569,.T.);
#2374=EDGE_CURVE('',#1893,#1897,#1570,.T.);
#2375=EDGE_CURVE('',#1895,#1899,#1571,.T.);
#2376=EDGE_CURVE('',#1899,#1900,#920,.T.);
#2377=EDGE_CURVE('',#1900,#1896,#1572,.T.);
#2378=EDGE_CURVE('',#1897,#1901,#921,.T.);
#2379=EDGE_CURVE('',#1901,#1902,#922,.T.);
#2380=EDGE_CURVE('',#1902,#1898,#923,.T.);
#2381=EDGE_CURVE('',#1903,#1904,#924,.T.);
#2382=EDGE_CURVE('',#1904,#1900,#925,.T.);
#2383=EDGE_CURVE('',#1899,#1903,#926,.T.);
#2384=EDGE_CURVE('',#1905,#1906,#927,.T.);
#2385=EDGE_CURVE('',#1906,#1902,#1573,.T.);
#2386=EDGE_CURVE('',#1901,#1905,#1574,.T.);
#2387=EDGE_CURVE('',#1903,#1907,#1575,.T.);
#2388=EDGE_CURVE('',#1907,#1908,#928,.T.);
#2389=EDGE_CURVE('',#1908,#1904,#1576,.T.);
#2390=EDGE_CURVE('',#1905,#1909,#929,.T.);
#2391=EDGE_CURVE('',#1909,#1910,#930,.T.);
#2392=EDGE_CURVE('',#1910,#1906,#931,.T.);
#2393=EDGE_CURVE('',#1911,#1912,#932,.T.);
#2394=EDGE_CURVE('',#1912,#1908,#933,.T.);
#2395=EDGE_CURVE('',#1907,#1911,#934,.T.);
#2396=EDGE_CURVE('',#1913,#1914,#935,.T.);
#2397=EDGE_CURVE('',#1914,#1910,#1577,.T.);
#2398=EDGE_CURVE('',#1909,#1913,#1578,.T.);
#2399=EDGE_CURVE('',#1911,#1915,#1579,.T.);
#2400=EDGE_CURVE('',#1915,#1916,#936,.T.);
#2401=EDGE_CURVE('',#1916,#1912,#1580,.T.);
#2402=EDGE_CURVE('',#1913,#1917,#937,.T.);
#2403=EDGE_CURVE('',#1917,#1918,#938,.T.);
#2404=EDGE_CURVE('',#1918,#1914,#939,.T.);
#2405=EDGE_CURVE('',#1919,#1920,#940,.T.);
#2406=EDGE_CURVE('',#1920,#1916,#941,.T.);
#2407=EDGE_CURVE('',#1915,#1919,#942,.T.);
#2408=EDGE_CURVE('',#1921,#1922,#943,.T.);
#2409=EDGE_CURVE('',#1922,#1918,#1581,.T.);
#2410=EDGE_CURVE('',#1917,#1921,#1582,.T.);
#2411=EDGE_CURVE('',#1919,#1923,#1583,.T.);
#2412=EDGE_CURVE('',#1923,#1924,#944,.T.);
#2413=EDGE_CURVE('',#1924,#1920,#1584,.T.);
#2414=EDGE_CURVE('',#1921,#1924,#945,.T.);
#2415=EDGE_CURVE('',#1923,#1922,#946,.T.);
#2416=EDGE_CURVE('',#1919,#1925,#947,.T.);
#2417=EDGE_CURVE('',#1926,#1925,#1585,.T.);
#2418=EDGE_CURVE('',#1926,#1923,#948,.T.);
#2419=EDGE_CURVE('',#1927,#1915,#949,.T.);
#2420=EDGE_CURVE('',#1927,#1925,#950,.F.);
#2421=EDGE_CURVE('',#1911,#1928,#951,.T.);
#2422=EDGE_CURVE('',#1927,#1928,#1586,.T.);
#2423=EDGE_CURVE('',#1929,#1907,#952,.T.);
#2424=EDGE_CURVE('',#1929,#1928,#953,.F.);
#2425=EDGE_CURVE('',#1903,#1930,#954,.T.);
#2426=EDGE_CURVE('',#1929,#1930,#1587,.T.);
#2427=EDGE_CURVE('',#1931,#1899,#955,.T.);
#2428=EDGE_CURVE('',#1931,#1930,#956,.F.);
#2429=EDGE_CURVE('',#1895,#1932,#957,.T.);
#2430=EDGE_CURVE('',#1931,#1932,#1588,.T.);
#2431=EDGE_CURVE('',#1933,#1891,#958,.T.);
#2432=EDGE_CURVE('',#1933,#1932,#959,.F.);
#2433=EDGE_CURVE('',#1887,#1934,#960,.T.);
#2434=EDGE_CURVE('',#1933,#1934,#1589,.T.);
#2435=EDGE_CURVE('',#1935,#1883,#961,.T.);
#2436=EDGE_CURVE('',#1935,#1934,#962,.F.);
#2437=EDGE_CURVE('',#1877,#1936,#963,.T.);
#2438=EDGE_CURVE('',#1935,#1936,#1590,.T.);
#2439=EDGE_CURVE('',#1937,#1880,#964,.T.);
#2440=EDGE_CURVE('',#1937,#1936,#965,.F.);
#2441=EDGE_CURVE('',#1938,#1938,#1591,.T.);
#2442=EDGE_CURVE('',#1937,#1939,#1592,.T.);
#2443=EDGE_CURVE('',#1940,#1939,#966,.F.);
#2444=EDGE_CURVE('',#1940,#1941,#1593,.T.);
#2445=EDGE_CURVE('',#1942,#1941,#967,.F.);
#2446=EDGE_CURVE('',#1942,#1943,#1594,.T.);
#2447=EDGE_CURVE('',#1944,#1943,#968,.F.);
#2448=EDGE_CURVE('',#1944,#1945,#1595,.T.);
#2449=EDGE_CURVE('',#1946,#1945,#969,.F.);
#2450=EDGE_CURVE('',#1946,#1947,#1596,.T.);
#2451=EDGE_CURVE('',#1948,#1947,#970,.F.);
#2452=EDGE_CURVE('',#1948,#1949,#1597,.T.);
#2453=EDGE_CURVE('',#1926,#1949,#971,.F.);
#2454=EDGE_CURVE('',#1950,#1950,#1598,.T.);
#2455=EDGE_CURVE('',#1922,#1949,#972,.T.);
#2456=EDGE_CURVE('',#1948,#1918,#973,.T.);
#2457=EDGE_CURVE('',#1914,#1947,#974,.T.);
#2458=EDGE_CURVE('',#1946,#1910,#975,.T.);
#2459=EDGE_CURVE('',#1906,#1945,#976,.T.);
#2460=EDGE_CURVE('',#1944,#1902,#977,.T.);
#2461=EDGE_CURVE('',#1898,#1943,#978,.T.);
#2462=EDGE_CURVE('',#1942,#1894,#979,.T.);
#2463=EDGE_CURVE('',#1890,#1941,#980,.T.);
#2464=EDGE_CURVE('',#1882,#1939,#981,.T.);
#2465=EDGE_CURVE('',#1940,#1886,#982,.T.);
#2466=EDGE_CURVE('',#1951,#1700,#983,.T.);
#2467=EDGE_CURVE('',#1952,#1951,#32,.T.);
#2468=EDGE_CURVE('',#1952,#1953,#984,.T.);
#2469=EDGE_CURVE('',#1953,#1701,#985,.T.);
#2470=EDGE_CURVE('',#1857,#1954,#986,.T.);
#2471=EDGE_CURVE('',#1955,#1954,#1599,.T.);
#2472=EDGE_CURVE('',#1955,#1956,#987,.T.);
#2473=EDGE_CURVE('',#1957,#1956,#1600,.T.);
#2474=EDGE_CURVE('',#1957,#1852,#988,.T.);
#2475=EDGE_CURVE('',#1950,#1958,#989,.T.);
#2476=EDGE_CURVE('',#1958,#1958,#1601,.T.);
#2477=EDGE_CURVE('',#1959,#1959,#1602,.T.);
#2478=EDGE_CURVE('',#1702,#1960,#990,.T.);
#2479=EDGE_CURVE('',#1953,#1960,#1603,.T.);
#2480=EDGE_CURVE('',#1960,#1961,#991,.T.);
#2481=EDGE_CURVE('',#1961,#1703,#992,.T.);
#2482=EDGE_CURVE('',#1953,#1962,#993,.T.);
#2483=EDGE_CURVE('',#1962,#1963,#1604,.T.);
#2484=EDGE_CURVE('',#1963,#1960,#994,.T.);
#2485=EDGE_CURVE('',#1964,#1965,#995,.T.);
#2486=EDGE_CURVE('',#1962,#1964,#996,.T.);
#2487=EDGE_CURVE('',#1952,#1966,#997,.T.);
#2488=EDGE_CURVE('',#1966,#1965,#998,.T.);
#2489=EDGE_CURVE('',#1967,#1968,#1605,.T.);
#2490=EDGE_CURVE('',#1968,#1698,#999,.T.);
#2491=EDGE_CURVE('',#1697,#1967,#1000,.T.);
#2492=EDGE_CURVE('',#1968,#1969,#1001,.T.);
#2493=EDGE_CURVE('',#1969,#1699,#1002,.T.);
#2494=EDGE_CURVE('',#1967,#1970,#1003,.T.);
#2495=EDGE_CURVE('',#1971,#1970,#1606,.T.);
#2496=EDGE_CURVE('',#1968,#1971,#1004,.T.);
#2497=EDGE_CURVE('',#1972,#1972,#1607,.T.);
#2498=EDGE_CURVE('',#1972,#1973,#1005,.T.);
#2499=EDGE_CURVE('',#1973,#1973,#1608,.T.);
#2500=EDGE_CURVE('',#1974,#1975,#1006,.T.);
#2501=EDGE_CURVE('',#1975,#1976,#1609,.F.);
#2502=EDGE_CURVE('',#1976,#1977,#1007,.T.);
#2503=EDGE_CURVE('',#1977,#1974,#1610,.T.);
#2504=EDGE_CURVE('',#1978,#1976,#1008,.T.);
#2505=EDGE_CURVE('',#1978,#1979,#1009,.T.);
#2506=EDGE_CURVE('',#1979,#1977,#1010,.F.);
#2507=EDGE_CURVE('',#1954,#1980,#1011,.T.);
#2508=EDGE_CURVE('',#1980,#1981,#1611,.F.);
#2509=EDGE_CURVE('',#1981,#1955,#1012,.T.);
#2510=EDGE_CURVE('',#1982,#1981,#1013,.T.);
#2511=EDGE_CURVE('',#1956,#1982,#1014,.T.);
#2512=EDGE_CURVE('',#1982,#1983,#1612,.F.);
#2513=EDGE_CURVE('',#1983,#1957,#1015,.T.);
#2514=EDGE_CURVE('',#1853,#1983,#1016,.T.);
#2515=EDGE_CURVE('',#1964,#1978,#1613,.T.);
#2516=EDGE_CURVE('',#1965,#1979,#1614,.T.);
#2517=EDGE_CURVE('',#1984,#1985,#1017,.T.);
#2518=EDGE_CURVE('',#1970,#1984,#1018,.T.);
#2519=EDGE_CURVE('',#1986,#1967,#1019,.T.);
#2520=EDGE_CURVE('',#1987,#1986,#54,.T.);
#2521=EDGE_CURVE('',#1987,#1985,#1020,.T.);
#2522=EDGE_CURVE('',#1985,#1988,#33,.T.);
#2523=EDGE_CURVE('',#1988,#1989,#1021,.T.);
#2524=EDGE_CURVE('',#1989,#1984,#1615,.T.);
#2525=EDGE_CURVE('',#1990,#1991,#1022,.T.);
#2526=EDGE_CURVE('',#1989,#1990,#1023,.T.);
#2527=EDGE_CURVE('',#1991,#1988,#1024,.T.);
#2528=EDGE_CURVE('',#1742,#1990,#1616,.T.);
#2529=EDGE_CURVE('',#1991,#1743,#34,.T.);
#2530=EDGE_CURVE('',#1838,#1992,#1025,.T.);
#2531=EDGE_CURVE('',#1992,#1993,#55,.T.);
#2532=EDGE_CURVE('',#1993,#1994,#1026,.T.);
#2533=EDGE_CURVE('',#1995,#1994,#56,.T.);
#2534=EDGE_CURVE('',#1996,#1995,#1027,.T.);
#2535=EDGE_CURVE('',#1997,#1996,#1028,.T.);
#2536=EDGE_CURVE('',#1980,#1997,#1029,.T.);
#2537=EDGE_CURVE('',#1848,#1858,#1030,.T.);
#2538=EDGE_CURVE('',#1961,#1996,#1617,.T.);
#2539=EDGE_CURVE('',#1961,#1998,#1031,.T.);
#2540=EDGE_CURVE('',#1998,#1997,#1618,.T.);
#2541=EDGE_CURVE('',#1998,#1963,#1032,.T.);
#2542=EDGE_CURVE('',#1999,#1999,#1619,.T.);
#2543=EDGE_CURVE('',#1999,#1731,#1033,.T.);
#2544=EDGE_CURVE('',#1959,#2000,#1034,.T.);
#2545=EDGE_CURVE('',#2000,#2000,#1620,.T.);
#2546=EDGE_CURVE('',#2001,#1969,#57,.T.);
#2547=EDGE_CURVE('',#2001,#1951,#152,.T.);
#2548=EDGE_CURVE('',#1986,#1696,#1035,.T.);
#2549=EDGE_CURVE('',#1695,#1987,#1036,.T.);
#2550=EDGE_CURVE('',#1744,#1694,#1037,.T.);
#2551=EDGE_CURVE('',#1708,#1992,#1038,.T.);
#2552=EDGE_CURVE('',#1707,#1993,#1039,.T.);
#2553=EDGE_CURVE('',#1994,#1706,#1040,.T.);
#2554=EDGE_CURVE('',#1995,#1705,#1041,.T.);
#2555=EDGE_CURVE('',#1996,#1704,#1042,.T.);
#2556=EDGE_CURVE('',#2000,#1724,#1043,.T.);
#2557=EDGE_CURVE('',#2002,#2003,#1621,.T.);
#2558=EDGE_CURVE('',#2002,#2004,#1044,.T.);
#2559=EDGE_CURVE('',#2004,#2005,#1622,.T.);
#2560=EDGE_CURVE('',#2005,#2006,#1623,.T.);
#2561=EDGE_CURVE('',#2006,#2007,#1624,.T.);
#2562=EDGE_CURVE('',#2008,#2007,#1045,.T.);
#2563=EDGE_CURVE('',#2008,#2009,#1625,.F.);
#2564=EDGE_CURVE('',#2010,#2009,#1626,.T.);
#2565=EDGE_CURVE('',#2011,#2010,#1627,.T.);
#2566=EDGE_CURVE('',#2012,#2011,#1046,.T.);
#2567=EDGE_CURVE('',#2013,#2012,#1628,.T.);
#2568=EDGE_CURVE('',#1874,#2013,#1047,.F.);
#2569=EDGE_CURVE('',#2014,#1876,#1629,.T.);
#2570=EDGE_CURVE('',#1974,#2014,#1630,.T.);
#2571=EDGE_CURVE('',#2003,#1966,#1631,.T.);
#2572=EDGE_CURVE('',#2015,#2008,#1048,.T.);
#2573=EDGE_CURVE('',#2016,#2015,#1049,.T.);
#2574=EDGE_CURVE('',#2016,#2017,#1632,.T.);
#2575=EDGE_CURVE('',#2018,#2017,#1633,.T.);
#2576=EDGE_CURVE('',#2009,#2018,#1050,.T.);
#2577=EDGE_CURVE('',#2019,#2018,#1634,.T.);
#2578=EDGE_CURVE('',#2019,#2010,#1051,.T.);
#2579=EDGE_CURVE('',#2020,#2019,#1635,.T.);
#2580=EDGE_CURVE('',#2020,#2011,#1052,.T.);
#2581=EDGE_CURVE('',#2021,#2020,#1053,.T.);
#2582=EDGE_CURVE('',#2012,#2021,#1054,.T.);
#2583=EDGE_CURVE('',#2022,#2021,#1636,.T.);
#2584=EDGE_CURVE('',#2022,#2023,#1055,.T.);
#2585=EDGE_CURVE('',#2023,#2013,#1637,.T.);
#2586=EDGE_CURVE('',#2022,#2024,#1056,.T.);
#2587=EDGE_CURVE('',#2024,#2025,#1057,.T.);
#2588=EDGE_CURVE('',#2025,#2026,#1058,.T.);
#2589=EDGE_CURVE('',#2026,#2022,#1059,.T.);
#2590=EDGE_CURVE('',#1871,#2026,#1638,.T.);
#2591=EDGE_CURVE('',#1870,#2027,#1639,.T.);
#2592=EDGE_CURVE('',#2028,#2027,#1060,.T.);
#2593=EDGE_CURVE('',#2028,#2026,#1061,.T.);
#2594=EDGE_CURVE('',#1869,#2029,#1640,.F.);
#2595=EDGE_CURVE('',#2030,#1872,#1641,.T.);
#2596=EDGE_CURVE('',#2029,#2030,#1062,.T.);
#2597=EDGE_CURVE('',#2031,#2016,#1063,.T.);
#2598=EDGE_CURVE('',#2015,#2030,#1064,.T.);
#2599=EDGE_CURVE('',#2030,#2032,#1065,.T.);
#2600=EDGE_CURVE('',#2032,#2031,#1066,.T.);
#2601=EDGE_CURVE('',#2033,#2031,#35,.T.);
#2602=EDGE_CURVE('',#2017,#2033,#1067,.T.);
#2603=EDGE_CURVE('',#2033,#2034,#1642,.T.);
#2604=EDGE_CURVE('',#2034,#2019,#1068,.T.);
#2605=EDGE_CURVE('',#2020,#2034,#1069,.T.);
#2606=EDGE_CURVE('',#2034,#2024,#1070,.T.);
#2607=EDGE_CURVE('',#2024,#2021,#1071,.T.);
#2608=EDGE_CURVE('',#2025,#2032,#1072,.T.);
#2609=EDGE_CURVE('',#1871,#2025,#1073,.T.);
#2610=EDGE_CURVE('',#2032,#1872,#1074,.T.);
#2611=EDGE_CURVE('',#2035,#2035,#1643,.T.);
#2612=EDGE_CURVE('',#2036,#2037,#1644,.T.);
#2613=EDGE_CURVE('',#2037,#2036,#1645,.T.);
#2614=EDGE_CURVE('',#2037,#2035,#1075,.T.);
#2615=EDGE_CURVE('',#2038,#2039,#1646,.T.);
#2616=EDGE_CURVE('',#2038,#2005,#1076,.T.);
#2617=EDGE_CURVE('',#2040,#2004,#1077,.T.);
#2618=EDGE_CURVE('',#2041,#2040,#153,.T.);
#2619=EDGE_CURVE('',#2039,#2041,#1078,.T.);
#2620=EDGE_CURVE('',#2040,#2042,#1647,.T.);
#2621=EDGE_CURVE('',#2042,#2036,#1648,.T.);
#2622=EDGE_CURVE('',#2042,#2041,#1649,.T.);
#2623=EDGE_CURVE('',#2043,#2044,#1650,.T.);
#2624=EDGE_CURVE('',#2044,#1752,#1079,.T.);
#2625=EDGE_CURVE('',#1751,#2043,#1080,.T.);
#2626=EDGE_CURVE('',#2045,#2043,#1081,.T.);
#2627=EDGE_CURVE('',#2045,#1750,#1082,.T.);
#2628=EDGE_CURVE('',#1757,#2045,#1651,.T.);
#2629=EDGE_CURVE('',#1777,#2046,#1083,.T.);
#2630=EDGE_CURVE('',#2047,#2046,#1652,.T.);
#2631=EDGE_CURVE('',#2047,#2044,#1653,.T.);
#2632=EDGE_CURVE('',#2048,#1834,#1084,.T.);
#2633=EDGE_CURVE('',#2049,#2048,#1654,.T.);
#2634=EDGE_CURVE('',#2050,#2049,#1655,.T.);
#2635=EDGE_CURVE('',#1823,#2050,#1085,.T.);
#2636=EDGE_CURVE('',#2051,#2052,#1656,.T.);
#2637=EDGE_CURVE('',#2007,#2051,#1086,.T.);
#2638=EDGE_CURVE('',#2052,#2006,#1087,.T.);
#2639=EDGE_CURVE('',#2052,#2053,#154,.T.);
#2640=EDGE_CURVE('',#2051,#2053,#1657,.T.);
#2641=EDGE_CURVE('',#2054,#2055,#1658,.T.);
#2642=EDGE_CURVE('',#2054,#2047,#1088,.T.);
#2643=EDGE_CURVE('',#2046,#2055,#1089,.T.);
#2644=EDGE_CURVE('',#2055,#1776,#1090,.T.);
#2645=EDGE_CURVE('',#2055,#2050,#1659,.T.);
#2646=EDGE_CURVE('',#2049,#2054,#155,.T.);
#2647=EDGE_CURVE('',#2014,#2056,#1091,.T.);
#2648=EDGE_CURVE('',#2056,#2056,#1660,.T.);
#2649=EDGE_CURVE('',#1975,#1875,#1661,.T.);
#2650=EDGE_CURVE('',#2057,#2003,#1092,.T.);
#2651=EDGE_CURVE('',#2058,#2001,#1093,.T.);
#2652=EDGE_CURVE('',#2057,#2058,#156,.T.);
#2653=EDGE_CURVE('',#2039,#2059,#1094,.T.);
#2654=EDGE_CURVE('',#2059,#2002,#1095,.T.);
#2655=EDGE_CURVE('',#2060,#1971,#1096,.T.);
#2656=EDGE_CURVE('',#2058,#2060,#157,.T.);
#2657=EDGE_CURVE('',#2061,#1741,#1662,.T.);
#2658=EDGE_CURVE('',#2062,#2061,#1663,.T.);
#2659=EDGE_CURVE('',#2063,#2062,#1664,.T.);
#2660=EDGE_CURVE('',#2064,#2063,#1665,.T.);
#2661=EDGE_CURVE('',#2065,#2064,#1097,.T.);
#2662=EDGE_CURVE('',#2060,#2065,#1666,.T.);
#2663=EDGE_CURVE('',#2061,#2066,#1667,.T.);
#2664=EDGE_CURVE('',#1740,#2066,#1668,.T.);
#2665=EDGE_CURVE('',#2066,#2067,#1669,.T.);
#2666=EDGE_CURVE('',#2062,#2067,#1670,.T.);
#2667=EDGE_CURVE('',#2067,#2068,#1671,.T.);
#2668=EDGE_CURVE('',#2068,#2063,#158,.T.);
#2669=EDGE_CURVE('',#2059,#2057,#1672,.T.);
#2670=EDGE_CURVE('',#2038,#2069,#159,.F.);
#2671=EDGE_CURVE('',#2069,#2039,#1673,.T.);
#2672=EDGE_CURVE('',#2059,#2065,#1674,.T.);
#2673=EDGE_CURVE('',#2069,#2064,#160,.F.);
#2674=EDGE_CURVE('',#1938,#1753,#1098,.T.);
#2675=EDGE_CURVE('',#2053,#2048,#161,.T.);
#2676=EDGE_CURVE('',#2070,#2068,#1675,.T.);
#2677=EDGE_CURVE('',#2071,#2070,#162,.T.);
#2678=EDGE_CURVE('',#1754,#2071,#1099,.T.);
#2679=EDGE_CURVE('',#1738,#2072,#1676,.T.);
#2680=EDGE_CURVE('',#1756,#2072,#1100,.T.);
#2681=EDGE_CURVE('',#2072,#2073,#1101,.T.);
#2682=EDGE_CURVE('',#2073,#1755,#1102,.T.);
#2683=EDGE_CURVE('',#2073,#2071,#1677,.T.);
#2684=EDGE_CURVE('',#2074,#1739,#1678,.T.);
#2685=EDGE_CURVE('',#2075,#2074,#1103,.T.);
#2686=EDGE_CURVE('',#2070,#2075,#1679,.T.);
#2687=EDGE_CURVE('',#2074,#2072,#1680,.T.);
#2688=EDGE_CURVE('',#2075,#2073,#1681,.T.);
#2689=EDGE_CURVE('',#2056,#2076,#1104,.T.);
#2690=EDGE_CURVE('',#2076,#2076,#1682,.T.);
#2691=EDGE_CURVE('',#2077,#2078,#1683,.T.);
#2692=EDGE_CURVE('',#2078,#2077,#1684,.T.);
#2693=EDGE_CURVE('',#2078,#2076,#1105,.T.);
#2694=EDGE_CURVE('',#2077,#1725,#1106,.T.);
#2695=EDGE_CURVE('',#1873,#1867,#1107,.T.);
#2696=EDGE_CURVE('',#2027,#1868,#1108,.F.);
#2697=EDGE_CURVE('',#1859,#2029,#1109,.T.);
#2698=EDGE_CURVE('',#1833,#2051,#1110,.T.);
#2699=EDGE_CURVE('',#2079,#2079,#1685,.T.);
#2700=EDGE_CURVE('',#2079,#2080,#1686,.T.);
#2701=EDGE_CURVE('',#2080,#2081,#1687,.T.);
#2702=EDGE_CURVE('',#2081,#2080,#1688,.T.);
#2703=EDGE_CURVE('',#2081,#2082,#1111,.T.);
#2704=EDGE_CURVE('',#2082,#2082,#1689,.T.);
#2705=ORIENTED_EDGE('',*,*,#2083,.F.);
#2706=ORIENTED_EDGE('',*,*,#2084,.T.);
#2707=ORIENTED_EDGE('',*,*,#2085,.T.);
#2708=ORIENTED_EDGE('',*,*,#2084,.F.);
#2709=ORIENTED_EDGE('',*,*,#2086,.F.);
#2710=ORIENTED_EDGE('',*,*,#2087,.F.);
#2711=ORIENTED_EDGE('',*,*,#2088,.F.);
#2712=ORIENTED_EDGE('',*,*,#2089,.F.);
#2713=ORIENTED_EDGE('',*,*,#2090,.F.);
#2714=ORIENTED_EDGE('',*,*,#2091,.F.);
#2715=ORIENTED_EDGE('',*,*,#2092,.F.);
#2716=ORIENTED_EDGE('',*,*,#2093,.F.);
#2717=ORIENTED_EDGE('',*,*,#2094,.F.);
#2718=ORIENTED_EDGE('',*,*,#2095,.F.);
#2719=ORIENTED_EDGE('',*,*,#2096,.F.);
#2720=ORIENTED_EDGE('',*,*,#2097,.F.);
#2721=ORIENTED_EDGE('',*,*,#2098,.F.);
#2722=ORIENTED_EDGE('',*,*,#2099,.F.);
#2723=ORIENTED_EDGE('',*,*,#2100,.F.);
#2724=ORIENTED_EDGE('',*,*,#2101,.F.);
#2725=ORIENTED_EDGE('',*,*,#2102,.F.);
#2726=ORIENTED_EDGE('',*,*,#2103,.F.);
#2727=ORIENTED_EDGE('',*,*,#2104,.F.);
#2728=ORIENTED_EDGE('',*,*,#2105,.F.);
#2729=ORIENTED_EDGE('',*,*,#2106,.F.);
#2730=ORIENTED_EDGE('',*,*,#2107,.F.);
#2731=ORIENTED_EDGE('',*,*,#2108,.F.);
#2732=ORIENTED_EDGE('',*,*,#2109,.F.);
#2733=ORIENTED_EDGE('',*,*,#2110,.F.);
#2734=ORIENTED_EDGE('',*,*,#2111,.F.);
#2735=ORIENTED_EDGE('',*,*,#2112,.F.);
#2736=ORIENTED_EDGE('',*,*,#2113,.T.);
#2737=ORIENTED_EDGE('',*,*,#2114,.T.);
#2738=ORIENTED_EDGE('',*,*,#2115,.T.);
#2739=ORIENTED_EDGE('',*,*,#2116,.T.);
#2740=ORIENTED_EDGE('',*,*,#2117,.T.);
#2741=ORIENTED_EDGE('',*,*,#2118,.F.);
#2742=ORIENTED_EDGE('',*,*,#2119,.F.);
#2743=ORIENTED_EDGE('',*,*,#2120,.F.);
#2744=ORIENTED_EDGE('',*,*,#2121,.T.);
#2745=ORIENTED_EDGE('',*,*,#2122,.T.);
#2746=ORIENTED_EDGE('',*,*,#2123,.T.);
#2747=ORIENTED_EDGE('',*,*,#2124,.T.);
#2748=ORIENTED_EDGE('',*,*,#2085,.F.);
#2749=ORIENTED_EDGE('',*,*,#2125,.F.);
#2750=ORIENTED_EDGE('',*,*,#2083,.T.);
#2751=ORIENTED_EDGE('',*,*,#2126,.T.);
#2752=ORIENTED_EDGE('',*,*,#2127,.T.);
#2753=ORIENTED_EDGE('',*,*,#2128,.T.);
#2754=ORIENTED_EDGE('',*,*,#2129,.T.);
#2755=ORIENTED_EDGE('',*,*,#2130,.T.);
#2756=ORIENTED_EDGE('',*,*,#2127,.F.);
#2757=ORIENTED_EDGE('',*,*,#2131,.F.);
#2758=ORIENTED_EDGE('',*,*,#2132,.F.);
#2759=ORIENTED_EDGE('',*,*,#2133,.F.);
#2760=ORIENTED_EDGE('',*,*,#2134,.T.);
#2761=ORIENTED_EDGE('',*,*,#2135,.F.);
#2762=ORIENTED_EDGE('',*,*,#2136,.F.);
#2763=ORIENTED_EDGE('',*,*,#2137,.F.);
#2764=ORIENTED_EDGE('',*,*,#2138,.T.);
#2765=ORIENTED_EDGE('',*,*,#2139,.F.);
#2766=ORIENTED_EDGE('',*,*,#2140,.F.);
#2767=ORIENTED_EDGE('',*,*,#2141,.T.);
#2768=ORIENTED_EDGE('',*,*,#2142,.F.);
#2769=ORIENTED_EDGE('',*,*,#2143,.T.);
#2770=ORIENTED_EDGE('',*,*,#2126,.F.);
#2771=ORIENTED_EDGE('',*,*,#2144,.T.);
#2772=ORIENTED_EDGE('',*,*,#2145,.T.);
#2773=ORIENTED_EDGE('',*,*,#2146,.T.);
#2774=ORIENTED_EDGE('',*,*,#2147,.T.);
#2775=ORIENTED_EDGE('',*,*,#2148,.T.);
#2776=ORIENTED_EDGE('',*,*,#2149,.T.);
#2777=ORIENTED_EDGE('',*,*,#2150,.F.);
#2778=ORIENTED_EDGE('',*,*,#2151,.T.);
#2779=ORIENTED_EDGE('',*,*,#2152,.F.);
#2780=ORIENTED_EDGE('',*,*,#2131,.T.);
#2781=ORIENTED_EDGE('',*,*,#2086,.T.);
#2782=ORIENTED_EDGE('',*,*,#2153,.T.);
#2783=ORIENTED_EDGE('',*,*,#2140,.T.);
#2784=ORIENTED_EDGE('',*,*,#2154,.F.);
#2785=ORIENTED_EDGE('',*,*,#2129,.F.);
#2786=ORIENTED_EDGE('',*,*,#2155,.T.);
#2787=ORIENTED_EDGE('',*,*,#2156,.F.);
#2788=ORIENTED_EDGE('',*,*,#2144,.F.);
#2789=ORIENTED_EDGE('',*,*,#2157,.T.);
#2790=ORIENTED_EDGE('',*,*,#2158,.T.);
#2791=ORIENTED_EDGE('',*,*,#2159,.T.);
#2792=ORIENTED_EDGE('',*,*,#2160,.T.);
#2793=ORIENTED_EDGE('',*,*,#2161,.T.);
#2794=ORIENTED_EDGE('',*,*,#2162,.F.);
#2795=ORIENTED_EDGE('',*,*,#2163,.F.);
#2796=ORIENTED_EDGE('',*,*,#2113,.F.);
#2797=ORIENTED_EDGE('',*,*,#2164,.F.);
#2798=ORIENTED_EDGE('',*,*,#2162,.T.);
#2799=ORIENTED_EDGE('',*,*,#2165,.T.);
#2800=ORIENTED_EDGE('',*,*,#2166,.T.);
#2801=ORIENTED_EDGE('',*,*,#2167,.F.);
#2802=ORIENTED_EDGE('',*,*,#2163,.T.);
#2803=ORIENTED_EDGE('',*,*,#2168,.F.);
#2804=ORIENTED_EDGE('',*,*,#2169,.T.);
#2805=ORIENTED_EDGE('',*,*,#2114,.F.);
#2806=ORIENTED_EDGE('',*,*,#2170,.F.);
#2807=ORIENTED_EDGE('',*,*,#2171,.F.);
#2808=ORIENTED_EDGE('',*,*,#2172,.T.);
#2809=ORIENTED_EDGE('',*,*,#2173,.F.);
#2810=ORIENTED_EDGE('',*,*,#2173,.T.);
#2811=ORIENTED_EDGE('',*,*,#2174,.T.);
#2812=ORIENTED_EDGE('',*,*,#2175,.T.);
#2813=ORIENTED_EDGE('',*,*,#2176,.T.);
#2814=ORIENTED_EDGE('',*,*,#2170,.T.);
#2815=ORIENTED_EDGE('',*,*,#2176,.F.);
#2816=ORIENTED_EDGE('',*,*,#2177,.T.);
#2817=ORIENTED_EDGE('',*,*,#2142,.T.);
#2818=ORIENTED_EDGE('',*,*,#2178,.T.);
#2819=ORIENTED_EDGE('',*,*,#2116,.F.);
#2820=ORIENTED_EDGE('',*,*,#2179,.T.);
#2821=ORIENTED_EDGE('',*,*,#2180,.T.);
#2822=ORIENTED_EDGE('',*,*,#2177,.F.);
#2823=ORIENTED_EDGE('',*,*,#2175,.F.);
#2824=ORIENTED_EDGE('',*,*,#2181,.T.);
#2825=ORIENTED_EDGE('',*,*,#2143,.F.);
#2826=ORIENTED_EDGE('',*,*,#2182,.F.);
#2827=ORIENTED_EDGE('',*,*,#2179,.F.);
#2828=ORIENTED_EDGE('',*,*,#2115,.F.);
#2829=ORIENTED_EDGE('',*,*,#2169,.F.);
#2830=ORIENTED_EDGE('',*,*,#2171,.T.);
#2831=ORIENTED_EDGE('',*,*,#2180,.F.);
#2832=ORIENTED_EDGE('',*,*,#2182,.T.);
#2833=ORIENTED_EDGE('',*,*,#2168,.T.);
#2834=ORIENTED_EDGE('',*,*,#2167,.T.);
#2835=ORIENTED_EDGE('',*,*,#2183,.T.);
#2836=ORIENTED_EDGE('',*,*,#2141,.F.);
#2837=ORIENTED_EDGE('',*,*,#2153,.F.);
#2838=ORIENTED_EDGE('',*,*,#2117,.F.);
#2839=ORIENTED_EDGE('',*,*,#2178,.F.);
#2840=ORIENTED_EDGE('',*,*,#2184,.T.);
#2841=ORIENTED_EDGE('',*,*,#2185,.F.);
#2842=ORIENTED_EDGE('',*,*,#2186,.F.);
#2843=ORIENTED_EDGE('',*,*,#2187,.F.);
#2844=ORIENTED_EDGE('',*,*,#2188,.T.);
#2845=ORIENTED_EDGE('',*,*,#2189,.T.);
#2846=ORIENTED_EDGE('',*,*,#2190,.F.);
#2847=ORIENTED_EDGE('',*,*,#2191,.F.);
#2848=ORIENTED_EDGE('',*,*,#2192,.F.);
#2849=ORIENTED_EDGE('',*,*,#2193,.F.);
#2850=ORIENTED_EDGE('',*,*,#2194,.T.);
#2851=ORIENTED_EDGE('',*,*,#2195,.T.);
#2852=ORIENTED_EDGE('',*,*,#2196,.F.);
#2853=ORIENTED_EDGE('',*,*,#2197,.T.);
#2854=ORIENTED_EDGE('',*,*,#2198,.F.);
#2855=ORIENTED_EDGE('',*,*,#2199,.T.);
#2856=ORIENTED_EDGE('',*,*,#2161,.F.);
#2857=ORIENTED_EDGE('',*,*,#2200,.T.);
#2858=ORIENTED_EDGE('',*,*,#2201,.T.);
#2859=ORIENTED_EDGE('',*,*,#2202,.T.);
#2860=ORIENTED_EDGE('',*,*,#2203,.F.);
#2861=ORIENTED_EDGE('',*,*,#2204,.F.);
#2862=ORIENTED_EDGE('',*,*,#2159,.F.);
#2863=ORIENTED_EDGE('',*,*,#2205,.T.);
#2864=ORIENTED_EDGE('',*,*,#2206,.F.);
#2865=ORIENTED_EDGE('',*,*,#2207,.F.);
#2866=ORIENTED_EDGE('',*,*,#2208,.F.);
#2867=ORIENTED_EDGE('',*,*,#2209,.F.);
#2868=ORIENTED_EDGE('',*,*,#2210,.T.);
#2869=ORIENTED_EDGE('',*,*,#2211,.T.);
#2870=ORIENTED_EDGE('',*,*,#2212,.F.);
#2871=ORIENTED_EDGE('',*,*,#2213,.T.);
#2872=ORIENTED_EDGE('',*,*,#2214,.F.);
#2873=ORIENTED_EDGE('',*,*,#2215,.T.);
#2874=ORIENTED_EDGE('',*,*,#2216,.F.);
#2875=ORIENTED_EDGE('',*,*,#2217,.T.);
#2876=ORIENTED_EDGE('',*,*,#2218,.F.);
#2877=ORIENTED_EDGE('',*,*,#2207,.T.);
#2878=ORIENTED_EDGE('',*,*,#2219,.F.);
#2879=ORIENTED_EDGE('',*,*,#2220,.F.);
#2880=ORIENTED_EDGE('',*,*,#2221,.T.);
#2881=ORIENTED_EDGE('',*,*,#2222,.F.);
#2882=ORIENTED_EDGE('',*,*,#2197,.F.);
#2883=ORIENTED_EDGE('',*,*,#2223,.T.);
#2884=ORIENTED_EDGE('',*,*,#2224,.T.);
#2885=ORIENTED_EDGE('',*,*,#2190,.T.);
#2886=ORIENTED_EDGE('',*,*,#2225,.F.);
#2887=ORIENTED_EDGE('',*,*,#2191,.T.);
#2888=ORIENTED_EDGE('',*,*,#2224,.F.);
#2889=ORIENTED_EDGE('',*,*,#2226,.T.);
#2890=ORIENTED_EDGE('',*,*,#2227,.T.);
#2891=ORIENTED_EDGE('',*,*,#2228,.F.);
#2892=ORIENTED_EDGE('',*,*,#2213,.F.);
#2893=ORIENTED_EDGE('',*,*,#2194,.F.);
#2894=ORIENTED_EDGE('',*,*,#2229,.T.);
#2895=ORIENTED_EDGE('',*,*,#2203,.T.);
#2896=ORIENTED_EDGE('',*,*,#2230,.T.);
#2897=ORIENTED_EDGE('',*,*,#2210,.F.);
#2898=ORIENTED_EDGE('',*,*,#2231,.T.);
#2899=ORIENTED_EDGE('',*,*,#2232,.T.);
#2900=ORIENTED_EDGE('',*,*,#2233,.T.);
#2901=ORIENTED_EDGE('',*,*,#2234,.T.);
#2902=ORIENTED_EDGE('',*,*,#2204,.T.);
#2903=ORIENTED_EDGE('',*,*,#2229,.F.);
#2904=ORIENTED_EDGE('',*,*,#2193,.T.);
#2905=ORIENTED_EDGE('',*,*,#2235,.F.);
#2906=ORIENTED_EDGE('',*,*,#2211,.F.);
#2907=ORIENTED_EDGE('',*,*,#2233,.F.);
#2908=ORIENTED_EDGE('',*,*,#2236,.F.);
#2909=ORIENTED_EDGE('',*,*,#2192,.T.);
#2910=ORIENTED_EDGE('',*,*,#2225,.T.);
#2911=ORIENTED_EDGE('',*,*,#2212,.T.);
#2912=ORIENTED_EDGE('',*,*,#2235,.T.);
#2913=ORIENTED_EDGE('',*,*,#2196,.T.);
#2914=ORIENTED_EDGE('',*,*,#2237,.T.);
#2915=ORIENTED_EDGE('',*,*,#2208,.T.);
#2916=ORIENTED_EDGE('',*,*,#2218,.T.);
#2917=ORIENTED_EDGE('',*,*,#2238,.T.);
#2918=ORIENTED_EDGE('',*,*,#2239,.T.);
#2919=ORIENTED_EDGE('',*,*,#2231,.F.);
#2920=ORIENTED_EDGE('',*,*,#2209,.T.);
#2921=ORIENTED_EDGE('',*,*,#2237,.F.);
#2922=ORIENTED_EDGE('',*,*,#2195,.F.);
#2923=ORIENTED_EDGE('',*,*,#2230,.F.);
#2924=ORIENTED_EDGE('',*,*,#2202,.F.);
#2925=ORIENTED_EDGE('',*,*,#2240,.T.);
#2926=ORIENTED_EDGE('',*,*,#2236,.T.);
#2927=ORIENTED_EDGE('',*,*,#2232,.F.);
#2928=ORIENTED_EDGE('',*,*,#2239,.F.);
#2929=ORIENTED_EDGE('',*,*,#2241,.T.);
#2930=ORIENTED_EDGE('',*,*,#2234,.F.);
#2931=ORIENTED_EDGE('',*,*,#2242,.T.);
#2932=ORIENTED_EDGE('',*,*,#2123,.F.);
#2933=ORIENTED_EDGE('',*,*,#2242,.F.);
#2934=ORIENTED_EDGE('',*,*,#2240,.F.);
#2935=ORIENTED_EDGE('',*,*,#2243,.T.);
#2936=ORIENTED_EDGE('',*,*,#2124,.F.);
#2937=ORIENTED_EDGE('',*,*,#2244,.T.);
#2938=ORIENTED_EDGE('',*,*,#2201,.F.);
#2939=ORIENTED_EDGE('',*,*,#2241,.F.);
#2940=ORIENTED_EDGE('',*,*,#2122,.F.);
#2941=ORIENTED_EDGE('',*,*,#2243,.F.);
#2942=ORIENTED_EDGE('',*,*,#2238,.F.);
#2943=ORIENTED_EDGE('',*,*,#2244,.F.);
#2944=ORIENTED_EDGE('',*,*,#2121,.F.);
#2945=ORIENTED_EDGE('',*,*,#2245,.T.);
#2946=ORIENTED_EDGE('',*,*,#2219,.T.);
#2947=ORIENTED_EDGE('',*,*,#2206,.T.);
#2948=ORIENTED_EDGE('',*,*,#2220,.T.);
#2949=ORIENTED_EDGE('',*,*,#2245,.F.);
#2950=ORIENTED_EDGE('',*,*,#2205,.F.);
#2951=ORIENTED_EDGE('',*,*,#2158,.F.);
#2952=ORIENTED_EDGE('',*,*,#2246,.T.);
#2953=ORIENTED_EDGE('',*,*,#2198,.T.);
#2954=ORIENTED_EDGE('',*,*,#2222,.T.);
#2955=ORIENTED_EDGE('',*,*,#2221,.F.);
#2956=ORIENTED_EDGE('',*,*,#2157,.F.);
#2957=ORIENTED_EDGE('',*,*,#2199,.F.);
#2958=ORIENTED_EDGE('',*,*,#2246,.F.);
#2959=ORIENTED_EDGE('',*,*,#2247,.T.);
#2960=ORIENTED_EDGE('',*,*,#2214,.T.);
#2961=ORIENTED_EDGE('',*,*,#2228,.T.);
#2962=ORIENTED_EDGE('',*,*,#2227,.F.);
#2963=ORIENTED_EDGE('',*,*,#2248,.F.);
#2964=ORIENTED_EDGE('',*,*,#2215,.F.);
#2965=ORIENTED_EDGE('',*,*,#2247,.F.);
#2966=ORIENTED_EDGE('',*,*,#2249,.T.);
#2967=ORIENTED_EDGE('',*,*,#2188,.F.);
#2968=ORIENTED_EDGE('',*,*,#2250,.T.);
#2969=ORIENTED_EDGE('',*,*,#2216,.T.);
#2970=ORIENTED_EDGE('',*,*,#2248,.T.);
#2971=ORIENTED_EDGE('',*,*,#2226,.F.);
#2972=ORIENTED_EDGE('',*,*,#2223,.F.);
#2973=ORIENTED_EDGE('',*,*,#2189,.F.);
#2974=ORIENTED_EDGE('',*,*,#2249,.F.);
#2975=ORIENTED_EDGE('',*,*,#2251,.T.);
#2976=ORIENTED_EDGE('',*,*,#2252,.F.);
#2977=ORIENTED_EDGE('',*,*,#2184,.F.);
#2978=ORIENTED_EDGE('',*,*,#2253,.F.);
#2979=ORIENTED_EDGE('',*,*,#2254,.T.);
#2980=ORIENTED_EDGE('',*,*,#2255,.F.);
#2981=ORIENTED_EDGE('',*,*,#2256,.F.);
#2982=ORIENTED_EDGE('',*,*,#2257,.F.);
#2983=ORIENTED_EDGE('',*,*,#2258,.F.);
#2984=ORIENTED_EDGE('',*,*,#2259,.F.);
#2985=ORIENTED_EDGE('',*,*,#2260,.F.);
#2986=ORIENTED_EDGE('',*,*,#2251,.F.);
#2987=ORIENTED_EDGE('',*,*,#2187,.T.);
#2988=ORIENTED_EDGE('',*,*,#2261,.T.);
#2989=ORIENTED_EDGE('',*,*,#2165,.F.);
#2990=ORIENTED_EDGE('',*,*,#2112,.T.);
#2991=ORIENTED_EDGE('',*,*,#2262,.F.);
#2992=ORIENTED_EDGE('',*,*,#2253,.T.);
#2993=ORIENTED_EDGE('',*,*,#2164,.T.);
#2994=ORIENTED_EDGE('',*,*,#2263,.T.);
#2995=ORIENTED_EDGE('',*,*,#2264,.T.);
#2996=ORIENTED_EDGE('',*,*,#2120,.T.);
#2997=ORIENTED_EDGE('',*,*,#2264,.F.);
#2998=ORIENTED_EDGE('',*,*,#2265,.T.);
#2999=ORIENTED_EDGE('',*,*,#2263,.F.);
#3000=ORIENTED_EDGE('',*,*,#2266,.T.);
#3001=ORIENTED_EDGE('',*,*,#2267,.T.);
#3002=ORIENTED_EDGE('',*,*,#2266,.F.);
#3003=ORIENTED_EDGE('',*,*,#2265,.F.);
#3004=ORIENTED_EDGE('',*,*,#2268,.F.);
#3005=ORIENTED_EDGE('',*,*,#2269,.T.);
#3006=ORIENTED_EDGE('',*,*,#2267,.F.);
#3007=ORIENTED_EDGE('',*,*,#2269,.F.);
#3008=ORIENTED_EDGE('',*,*,#2270,.T.);
#3009=ORIENTED_EDGE('',*,*,#2271,.T.);
#3010=ORIENTED_EDGE('',*,*,#2268,.T.);
#3011=ORIENTED_EDGE('',*,*,#2271,.F.);
#3012=ORIENTED_EDGE('',*,*,#2272,.T.);
#3013=ORIENTED_EDGE('',*,*,#2273,.F.);
#3014=ORIENTED_EDGE('',*,*,#2274,.F.);
#3015=ORIENTED_EDGE('',*,*,#2275,.T.);
#3016=ORIENTED_EDGE('',*,*,#2258,.T.);
#3017=ORIENTED_EDGE('',*,*,#2276,.T.);
#3018=ORIENTED_EDGE('',*,*,#2277,.F.);
#3019=ORIENTED_EDGE('',*,*,#2278,.T.);
#3020=ORIENTED_EDGE('',*,*,#2279,.T.);
#3021=ORIENTED_EDGE('',*,*,#2280,.T.);
#3022=ORIENTED_EDGE('',*,*,#2281,.T.);
#3023=ORIENTED_EDGE('',*,*,#2280,.F.);
#3024=ORIENTED_EDGE('',*,*,#2282,.F.);
#3025=ORIENTED_EDGE('',*,*,#2283,.F.);
#3026=ORIENTED_EDGE('',*,*,#2103,.T.);
#3027=ORIENTED_EDGE('',*,*,#2284,.T.);
#3028=ORIENTED_EDGE('',*,*,#2285,.F.);
#3029=ORIENTED_EDGE('',*,*,#2286,.T.);
#3030=ORIENTED_EDGE('',*,*,#2104,.T.);
#3031=ORIENTED_EDGE('',*,*,#2283,.T.);
#3032=ORIENTED_EDGE('',*,*,#2287,.F.);
#3033=ORIENTED_EDGE('',*,*,#2288,.T.);
#3034=ORIENTED_EDGE('',*,*,#2105,.T.);
#3035=ORIENTED_EDGE('',*,*,#2286,.F.);
#3036=ORIENTED_EDGE('',*,*,#2289,.T.);
#3037=ORIENTED_EDGE('',*,*,#2106,.T.);
#3038=ORIENTED_EDGE('',*,*,#2288,.F.);
#3039=ORIENTED_EDGE('',*,*,#2290,.T.);
#3040=ORIENTED_EDGE('',*,*,#2291,.T.);
#3041=ORIENTED_EDGE('',*,*,#2107,.T.);
#3042=ORIENTED_EDGE('',*,*,#2289,.F.);
#3043=ORIENTED_EDGE('',*,*,#2292,.T.);
#3044=ORIENTED_EDGE('',*,*,#2291,.F.);
#3045=ORIENTED_EDGE('',*,*,#2293,.T.);
#3046=ORIENTED_EDGE('',*,*,#2294,.T.);
#3047=ORIENTED_EDGE('',*,*,#2108,.T.);
#3048=ORIENTED_EDGE('',*,*,#2294,.F.);
#3049=ORIENTED_EDGE('',*,*,#2295,.T.);
#3050=ORIENTED_EDGE('',*,*,#2296,.T.);
#3051=ORIENTED_EDGE('',*,*,#2109,.T.);
#3052=ORIENTED_EDGE('',*,*,#2297,.T.);
#3053=ORIENTED_EDGE('',*,*,#2298,.T.);
#3054=ORIENTED_EDGE('',*,*,#2299,.T.);
#3055=ORIENTED_EDGE('',*,*,#2110,.T.);
#3056=ORIENTED_EDGE('',*,*,#2296,.F.);
#3057=ORIENTED_EDGE('',*,*,#2300,.F.);
#3058=ORIENTED_EDGE('',*,*,#2301,.T.);
#3059=ORIENTED_EDGE('',*,*,#2292,.F.);
#3060=ORIENTED_EDGE('',*,*,#2302,.T.);
#3061=ORIENTED_EDGE('',*,*,#2293,.F.);
#3062=ORIENTED_EDGE('',*,*,#2301,.F.);
#3063=ORIENTED_EDGE('',*,*,#2303,.F.);
#3064=ORIENTED_EDGE('',*,*,#2304,.F.);
#3065=ORIENTED_EDGE('',*,*,#2295,.F.);
#3066=ORIENTED_EDGE('',*,*,#2304,.T.);
#3067=ORIENTED_EDGE('',*,*,#2305,.T.);
#3068=ORIENTED_EDGE('',*,*,#2306,.T.);
#3069=ORIENTED_EDGE('',*,*,#2307,.T.);
#3070=ORIENTED_EDGE('',*,*,#2308,.T.);
#3071=ORIENTED_EDGE('',*,*,#2309,.T.);
#3072=ORIENTED_EDGE('',*,*,#2310,.T.);
#3073=ORIENTED_EDGE('',*,*,#2311,.F.);
#3074=ORIENTED_EDGE('',*,*,#2312,.F.);
#3075=ORIENTED_EDGE('',*,*,#2310,.F.);
#3076=ORIENTED_EDGE('',*,*,#2313,.F.);
#3077=ORIENTED_EDGE('',*,*,#2314,.T.);
#3078=ORIENTED_EDGE('',*,*,#2311,.T.);
#3079=ORIENTED_EDGE('',*,*,#2315,.F.);
#3080=ORIENTED_EDGE('',*,*,#2316,.T.);
#3081=ORIENTED_EDGE('',*,*,#2254,.F.);
#3082=ORIENTED_EDGE('',*,*,#2262,.T.);
#3083=ORIENTED_EDGE('',*,*,#2111,.T.);
#3084=ORIENTED_EDGE('',*,*,#2299,.F.);
#3085=ORIENTED_EDGE('',*,*,#2317,.F.);
#3086=ORIENTED_EDGE('',*,*,#2276,.F.);
#3087=ORIENTED_EDGE('',*,*,#2257,.T.);
#3088=ORIENTED_EDGE('',*,*,#2318,.T.);
#3089=ORIENTED_EDGE('',*,*,#2319,.F.);
#3090=ORIENTED_EDGE('',*,*,#2255,.T.);
#3091=ORIENTED_EDGE('',*,*,#2317,.T.);
#3092=ORIENTED_EDGE('',*,*,#2298,.F.);
#3093=ORIENTED_EDGE('',*,*,#2320,.T.);
#3094=ORIENTED_EDGE('',*,*,#2321,.T.);
#3095=ORIENTED_EDGE('',*,*,#2320,.F.);
#3096=ORIENTED_EDGE('',*,*,#2297,.F.);
#3097=ORIENTED_EDGE('',*,*,#2306,.F.);
#3098=ORIENTED_EDGE('',*,*,#2322,.F.);
#3099=ORIENTED_EDGE('',*,*,#2323,.T.);
#3100=ORIENTED_EDGE('',*,*,#2324,.F.);
#3101=ORIENTED_EDGE('',*,*,#2323,.F.);
#3102=ORIENTED_EDGE('',*,*,#2325,.T.);
#3103=ORIENTED_EDGE('',*,*,#2326,.T.);
#3104=ORIENTED_EDGE('',*,*,#2327,.T.);
#3105=ORIENTED_EDGE('',*,*,#2326,.F.);
#3106=ORIENTED_EDGE('',*,*,#2328,.F.);
#3107=ORIENTED_EDGE('',*,*,#2329,.T.);
#3108=ORIENTED_EDGE('',*,*,#2330,.T.);
#3109=ORIENTED_EDGE('',*,*,#2329,.F.);
#3110=ORIENTED_EDGE('',*,*,#2331,.T.);
#3111=ORIENTED_EDGE('',*,*,#2273,.T.);
#3112=ORIENTED_EDGE('',*,*,#2332,.T.);
#3113=ORIENTED_EDGE('',*,*,#2275,.F.);
#3114=ORIENTED_EDGE('',*,*,#2333,.T.);
#3115=ORIENTED_EDGE('',*,*,#2334,.T.);
#3116=ORIENTED_EDGE('',*,*,#2335,.T.);
#3117=ORIENTED_EDGE('',*,*,#2336,.T.);
#3118=ORIENTED_EDGE('',*,*,#2337,.F.);
#3119=ORIENTED_EDGE('',*,*,#2338,.F.);
#3120=ORIENTED_EDGE('',*,*,#2339,.T.);
#3121=ORIENTED_EDGE('',*,*,#2340,.F.);
#3122=ORIENTED_EDGE('',*,*,#2341,.T.);
#3123=ORIENTED_EDGE('',*,*,#2342,.T.);
#3124=ORIENTED_EDGE('',*,*,#2343,.T.);
#3125=ORIENTED_EDGE('',*,*,#2344,.T.);
#3126=ORIENTED_EDGE('',*,*,#2345,.T.);
#3127=ORIENTED_EDGE('',*,*,#2346,.T.);
#3128=ORIENTED_EDGE('',*,*,#2347,.T.);
#3129=ORIENTED_EDGE('',*,*,#2348,.T.);
#3130=ORIENTED_EDGE('',*,*,#2349,.T.);
#3131=ORIENTED_EDGE('',*,*,#2346,.F.);
#3132=ORIENTED_EDGE('',*,*,#2350,.T.);
#3133=ORIENTED_EDGE('',*,*,#2344,.F.);
#3134=ORIENTED_EDGE('',*,*,#2351,.T.);
#3135=ORIENTED_EDGE('',*,*,#2352,.T.);
#3136=ORIENTED_EDGE('',*,*,#2353,.T.);
#3137=ORIENTED_EDGE('',*,*,#2348,.F.);
#3138=ORIENTED_EDGE('',*,*,#2354,.T.);
#3139=ORIENTED_EDGE('',*,*,#2355,.T.);
#3140=ORIENTED_EDGE('',*,*,#2356,.T.);
#3141=ORIENTED_EDGE('',*,*,#2357,.T.);
#3142=ORIENTED_EDGE('',*,*,#2358,.T.);
#3143=ORIENTED_EDGE('',*,*,#2352,.F.);
#3144=ORIENTED_EDGE('',*,*,#2359,.T.);
#3145=ORIENTED_EDGE('',*,*,#2360,.T.);
#3146=ORIENTED_EDGE('',*,*,#2361,.T.);
#3147=ORIENTED_EDGE('',*,*,#2355,.F.);
#3148=ORIENTED_EDGE('',*,*,#2362,.T.);
#3149=ORIENTED_EDGE('',*,*,#2357,.F.);
#3150=ORIENTED_EDGE('',*,*,#2363,.T.);
#3151=ORIENTED_EDGE('',*,*,#2364,.T.);
#3152=ORIENTED_EDGE('',*,*,#2365,.T.);
#3153=ORIENTED_EDGE('',*,*,#2360,.F.);
#3154=ORIENTED_EDGE('',*,*,#2366,.T.);
#3155=ORIENTED_EDGE('',*,*,#2367,.T.);
#3156=ORIENTED_EDGE('',*,*,#2368,.T.);
#3157=ORIENTED_EDGE('',*,*,#2369,.T.);
#3158=ORIENTED_EDGE('',*,*,#2370,.T.);
#3159=ORIENTED_EDGE('',*,*,#2364,.F.);
#3160=ORIENTED_EDGE('',*,*,#2371,.T.);
#3161=ORIENTED_EDGE('',*,*,#2372,.T.);
#3162=ORIENTED_EDGE('',*,*,#2373,.T.);
#3163=ORIENTED_EDGE('',*,*,#2367,.F.);
#3164=ORIENTED_EDGE('',*,*,#2374,.T.);
#3165=ORIENTED_EDGE('',*,*,#2369,.F.);
#3166=ORIENTED_EDGE('',*,*,#2375,.T.);
#3167=ORIENTED_EDGE('',*,*,#2376,.T.);
#3168=ORIENTED_EDGE('',*,*,#2377,.T.);
#3169=ORIENTED_EDGE('',*,*,#2372,.F.);
#3170=ORIENTED_EDGE('',*,*,#2378,.T.);
#3171=ORIENTED_EDGE('',*,*,#2379,.T.);
#3172=ORIENTED_EDGE('',*,*,#2380,.T.);
#3173=ORIENTED_EDGE('',*,*,#2381,.T.);
#3174=ORIENTED_EDGE('',*,*,#2382,.T.);
#3175=ORIENTED_EDGE('',*,*,#2376,.F.);
#3176=ORIENTED_EDGE('',*,*,#2383,.T.);
#3177=ORIENTED_EDGE('',*,*,#2384,.T.);
#3178=ORIENTED_EDGE('',*,*,#2385,.T.);
#3179=ORIENTED_EDGE('',*,*,#2379,.F.);
#3180=ORIENTED_EDGE('',*,*,#2386,.T.);
#3181=ORIENTED_EDGE('',*,*,#2381,.F.);
#3182=ORIENTED_EDGE('',*,*,#2387,.T.);
#3183=ORIENTED_EDGE('',*,*,#2388,.T.);
#3184=ORIENTED_EDGE('',*,*,#2389,.T.);
#3185=ORIENTED_EDGE('',*,*,#2384,.F.);
#3186=ORIENTED_EDGE('',*,*,#2390,.T.);
#3187=ORIENTED_EDGE('',*,*,#2391,.T.);
#3188=ORIENTED_EDGE('',*,*,#2392,.T.);
#3189=ORIENTED_EDGE('',*,*,#2393,.T.);
#3190=ORIENTED_EDGE('',*,*,#2394,.T.);
#3191=ORIENTED_EDGE('',*,*,#2388,.F.);
#3192=ORIENTED_EDGE('',*,*,#2395,.T.);
#3193=ORIENTED_EDGE('',*,*,#2396,.T.);
#3194=ORIENTED_EDGE('',*,*,#2397,.T.);
#3195=ORIENTED_EDGE('',*,*,#2391,.F.);
#3196=ORIENTED_EDGE('',*,*,#2398,.T.);
#3197=ORIENTED_EDGE('',*,*,#2393,.F.);
#3198=ORIENTED_EDGE('',*,*,#2399,.T.);
#3199=ORIENTED_EDGE('',*,*,#2400,.T.);
#3200=ORIENTED_EDGE('',*,*,#2401,.T.);
#3201=ORIENTED_EDGE('',*,*,#2396,.F.);
#3202=ORIENTED_EDGE('',*,*,#2402,.T.);
#3203=ORIENTED_EDGE('',*,*,#2403,.T.);
#3204=ORIENTED_EDGE('',*,*,#2404,.T.);
#3205=ORIENTED_EDGE('',*,*,#2405,.T.);
#3206=ORIENTED_EDGE('',*,*,#2406,.T.);
#3207=ORIENTED_EDGE('',*,*,#2400,.F.);
#3208=ORIENTED_EDGE('',*,*,#2407,.T.);
#3209=ORIENTED_EDGE('',*,*,#2408,.T.);
#3210=ORIENTED_EDGE('',*,*,#2409,.T.);
#3211=ORIENTED_EDGE('',*,*,#2403,.F.);
#3212=ORIENTED_EDGE('',*,*,#2410,.T.);
#3213=ORIENTED_EDGE('',*,*,#2405,.F.);
#3214=ORIENTED_EDGE('',*,*,#2411,.T.);
#3215=ORIENTED_EDGE('',*,*,#2412,.T.);
#3216=ORIENTED_EDGE('',*,*,#2413,.T.);
#3217=ORIENTED_EDGE('',*,*,#2408,.F.);
#3218=ORIENTED_EDGE('',*,*,#2414,.T.);
#3219=ORIENTED_EDGE('',*,*,#2412,.F.);
#3220=ORIENTED_EDGE('',*,*,#2415,.T.);
#3221=ORIENTED_EDGE('',*,*,#2411,.F.);
#3222=ORIENTED_EDGE('',*,*,#2416,.T.);
#3223=ORIENTED_EDGE('',*,*,#2417,.F.);
#3224=ORIENTED_EDGE('',*,*,#2418,.T.);
#3225=ORIENTED_EDGE('',*,*,#2407,.F.);
#3226=ORIENTED_EDGE('',*,*,#2419,.F.);
#3227=ORIENTED_EDGE('',*,*,#2420,.T.);
#3228=ORIENTED_EDGE('',*,*,#2416,.F.);
#3229=ORIENTED_EDGE('',*,*,#2399,.F.);
#3230=ORIENTED_EDGE('',*,*,#2421,.T.);
#3231=ORIENTED_EDGE('',*,*,#2422,.F.);
#3232=ORIENTED_EDGE('',*,*,#2419,.T.);
#3233=ORIENTED_EDGE('',*,*,#2395,.F.);
#3234=ORIENTED_EDGE('',*,*,#2423,.F.);
#3235=ORIENTED_EDGE('',*,*,#2424,.T.);
#3236=ORIENTED_EDGE('',*,*,#2421,.F.);
#3237=ORIENTED_EDGE('',*,*,#2387,.F.);
#3238=ORIENTED_EDGE('',*,*,#2425,.T.);
#3239=ORIENTED_EDGE('',*,*,#2426,.F.);
#3240=ORIENTED_EDGE('',*,*,#2423,.T.);
#3241=ORIENTED_EDGE('',*,*,#2383,.F.);
#3242=ORIENTED_EDGE('',*,*,#2427,.F.);
#3243=ORIENTED_EDGE('',*,*,#2428,.T.);
#3244=ORIENTED_EDGE('',*,*,#2425,.F.);
#3245=ORIENTED_EDGE('',*,*,#2375,.F.);
#3246=ORIENTED_EDGE('',*,*,#2429,.T.);
#3247=ORIENTED_EDGE('',*,*,#2430,.F.);
#3248=ORIENTED_EDGE('',*,*,#2427,.T.);
#3249=ORIENTED_EDGE('',*,*,#2371,.F.);
#3250=ORIENTED_EDGE('',*,*,#2431,.F.);
#3251=ORIENTED_EDGE('',*,*,#2432,.T.);
#3252=ORIENTED_EDGE('',*,*,#2429,.F.);
#3253=ORIENTED_EDGE('',*,*,#2363,.F.);
#3254=ORIENTED_EDGE('',*,*,#2433,.T.);
#3255=ORIENTED_EDGE('',*,*,#2434,.F.);
#3256=ORIENTED_EDGE('',*,*,#2431,.T.);
#3257=ORIENTED_EDGE('',*,*,#2359,.F.);
#3258=ORIENTED_EDGE('',*,*,#2435,.F.);
#3259=ORIENTED_EDGE('',*,*,#2436,.T.);
#3260=ORIENTED_EDGE('',*,*,#2433,.F.);
#3261=ORIENTED_EDGE('',*,*,#2351,.F.);
#3262=ORIENTED_EDGE('',*,*,#2437,.T.);
#3263=ORIENTED_EDGE('',*,*,#2438,.F.);
#3264=ORIENTED_EDGE('',*,*,#2435,.T.);
#3265=ORIENTED_EDGE('',*,*,#2347,.F.);
#3266=ORIENTED_EDGE('',*,*,#2439,.F.);
#3267=ORIENTED_EDGE('',*,*,#2440,.T.);
#3268=ORIENTED_EDGE('',*,*,#2437,.F.);
#3269=ORIENTED_EDGE('',*,*,#2441,.T.);
#3270=ORIENTED_EDGE('',*,*,#2345,.F.);
#3271=ORIENTED_EDGE('',*,*,#2353,.F.);
#3272=ORIENTED_EDGE('',*,*,#2358,.F.);
#3273=ORIENTED_EDGE('',*,*,#2365,.F.);
#3274=ORIENTED_EDGE('',*,*,#2370,.F.);
#3275=ORIENTED_EDGE('',*,*,#2377,.F.);
#3276=ORIENTED_EDGE('',*,*,#2382,.F.);
#3277=ORIENTED_EDGE('',*,*,#2389,.F.);
#3278=ORIENTED_EDGE('',*,*,#2394,.F.);
#3279=ORIENTED_EDGE('',*,*,#2401,.F.);
#3280=ORIENTED_EDGE('',*,*,#2406,.F.);
#3281=ORIENTED_EDGE('',*,*,#2413,.F.);
#3282=ORIENTED_EDGE('',*,*,#2414,.F.);
#3283=ORIENTED_EDGE('',*,*,#2410,.F.);
#3284=ORIENTED_EDGE('',*,*,#2402,.F.);
#3285=ORIENTED_EDGE('',*,*,#2398,.F.);
#3286=ORIENTED_EDGE('',*,*,#2390,.F.);
#3287=ORIENTED_EDGE('',*,*,#2386,.F.);
#3288=ORIENTED_EDGE('',*,*,#2378,.F.);
#3289=ORIENTED_EDGE('',*,*,#2374,.F.);
#3290=ORIENTED_EDGE('',*,*,#2366,.F.);
#3291=ORIENTED_EDGE('',*,*,#2362,.F.);
#3292=ORIENTED_EDGE('',*,*,#2354,.F.);
#3293=ORIENTED_EDGE('',*,*,#2350,.F.);
#3294=ORIENTED_EDGE('',*,*,#2430,.T.);
#3295=ORIENTED_EDGE('',*,*,#2432,.F.);
#3296=ORIENTED_EDGE('',*,*,#2434,.T.);
#3297=ORIENTED_EDGE('',*,*,#2436,.F.);
#3298=ORIENTED_EDGE('',*,*,#2438,.T.);
#3299=ORIENTED_EDGE('',*,*,#2440,.F.);
#3300=ORIENTED_EDGE('',*,*,#2442,.T.);
#3301=ORIENTED_EDGE('',*,*,#2443,.F.);
#3302=ORIENTED_EDGE('',*,*,#2444,.T.);
#3303=ORIENTED_EDGE('',*,*,#2445,.F.);
#3304=ORIENTED_EDGE('',*,*,#2446,.T.);
#3305=ORIENTED_EDGE('',*,*,#2447,.F.);
#3306=ORIENTED_EDGE('',*,*,#2448,.T.);
#3307=ORIENTED_EDGE('',*,*,#2449,.F.);
#3308=ORIENTED_EDGE('',*,*,#2450,.T.);
#3309=ORIENTED_EDGE('',*,*,#2451,.F.);
#3310=ORIENTED_EDGE('',*,*,#2452,.T.);
#3311=ORIENTED_EDGE('',*,*,#2453,.F.);
#3312=ORIENTED_EDGE('',*,*,#2417,.T.);
#3313=ORIENTED_EDGE('',*,*,#2420,.F.);
#3314=ORIENTED_EDGE('',*,*,#2422,.T.);
#3315=ORIENTED_EDGE('',*,*,#2424,.F.);
#3316=ORIENTED_EDGE('',*,*,#2426,.T.);
#3317=ORIENTED_EDGE('',*,*,#2428,.F.);
#3318=ORIENTED_EDGE('',*,*,#2454,.T.);
#3319=ORIENTED_EDGE('',*,*,#2415,.F.);
#3320=ORIENTED_EDGE('',*,*,#2418,.F.);
#3321=ORIENTED_EDGE('',*,*,#2453,.T.);
#3322=ORIENTED_EDGE('',*,*,#2455,.F.);
#3323=ORIENTED_EDGE('',*,*,#2409,.F.);
#3324=ORIENTED_EDGE('',*,*,#2455,.T.);
#3325=ORIENTED_EDGE('',*,*,#2452,.F.);
#3326=ORIENTED_EDGE('',*,*,#2456,.T.);
#3327=ORIENTED_EDGE('',*,*,#2404,.F.);
#3328=ORIENTED_EDGE('',*,*,#2456,.F.);
#3329=ORIENTED_EDGE('',*,*,#2451,.T.);
#3330=ORIENTED_EDGE('',*,*,#2457,.F.);
#3331=ORIENTED_EDGE('',*,*,#2397,.F.);
#3332=ORIENTED_EDGE('',*,*,#2457,.T.);
#3333=ORIENTED_EDGE('',*,*,#2450,.F.);
#3334=ORIENTED_EDGE('',*,*,#2458,.T.);
#3335=ORIENTED_EDGE('',*,*,#2392,.F.);
#3336=ORIENTED_EDGE('',*,*,#2458,.F.);
#3337=ORIENTED_EDGE('',*,*,#2449,.T.);
#3338=ORIENTED_EDGE('',*,*,#2459,.F.);
#3339=ORIENTED_EDGE('',*,*,#2385,.F.);
#3340=ORIENTED_EDGE('',*,*,#2459,.T.);
#3341=ORIENTED_EDGE('',*,*,#2448,.F.);
#3342=ORIENTED_EDGE('',*,*,#2460,.T.);
#3343=ORIENTED_EDGE('',*,*,#2380,.F.);
#3344=ORIENTED_EDGE('',*,*,#2460,.F.);
#3345=ORIENTED_EDGE('',*,*,#2447,.T.);
#3346=ORIENTED_EDGE('',*,*,#2461,.F.);
#3347=ORIENTED_EDGE('',*,*,#2373,.F.);
#3348=ORIENTED_EDGE('',*,*,#2461,.T.);
#3349=ORIENTED_EDGE('',*,*,#2446,.F.);
#3350=ORIENTED_EDGE('',*,*,#2462,.T.);
#3351=ORIENTED_EDGE('',*,*,#2368,.F.);
#3352=ORIENTED_EDGE('',*,*,#2462,.F.);
#3353=ORIENTED_EDGE('',*,*,#2445,.T.);
#3354=ORIENTED_EDGE('',*,*,#2463,.F.);
#3355=ORIENTED_EDGE('',*,*,#2349,.F.);
#3356=ORIENTED_EDGE('',*,*,#2464,.T.);
#3357=ORIENTED_EDGE('',*,*,#2442,.F.);
#3358=ORIENTED_EDGE('',*,*,#2439,.T.);
#3359=ORIENTED_EDGE('',*,*,#2361,.F.);
#3360=ORIENTED_EDGE('',*,*,#2463,.T.);
#3361=ORIENTED_EDGE('',*,*,#2444,.F.);
#3362=ORIENTED_EDGE('',*,*,#2465,.T.);
#3363=ORIENTED_EDGE('',*,*,#2356,.F.);
#3364=ORIENTED_EDGE('',*,*,#2465,.F.);
#3365=ORIENTED_EDGE('',*,*,#2443,.T.);
#3366=ORIENTED_EDGE('',*,*,#2464,.F.);
#3367=ORIENTED_EDGE('',*,*,#2094,.T.);
#3368=ORIENTED_EDGE('',*,*,#2466,.F.);
#3369=ORIENTED_EDGE('',*,*,#2467,.F.);
#3370=ORIENTED_EDGE('',*,*,#2468,.T.);
#3371=ORIENTED_EDGE('',*,*,#2469,.T.);
#3372=ORIENTED_EDGE('',*,*,#2470,.T.);
#3373=ORIENTED_EDGE('',*,*,#2471,.F.);
#3374=ORIENTED_EDGE('',*,*,#2472,.T.);
#3375=ORIENTED_EDGE('',*,*,#2473,.F.);
#3376=ORIENTED_EDGE('',*,*,#2474,.T.);
#3377=ORIENTED_EDGE('',*,*,#2307,.F.);
#3378=ORIENTED_EDGE('',*,*,#2312,.T.);
#3379=ORIENTED_EDGE('',*,*,#2314,.F.);
#3380=ORIENTED_EDGE('',*,*,#2454,.F.);
#3381=ORIENTED_EDGE('',*,*,#2475,.T.);
#3382=ORIENTED_EDGE('',*,*,#2476,.T.);
#3383=ORIENTED_EDGE('',*,*,#2475,.F.);
#3384=ORIENTED_EDGE('',*,*,#2476,.F.);
#3385=ORIENTED_EDGE('',*,*,#2477,.F.);
#3386=ORIENTED_EDGE('',*,*,#2478,.F.);
#3387=ORIENTED_EDGE('',*,*,#2095,.T.);
#3388=ORIENTED_EDGE('',*,*,#2469,.F.);
#3389=ORIENTED_EDGE('',*,*,#2479,.T.);
#3390=ORIENTED_EDGE('',*,*,#2478,.T.);
#3391=ORIENTED_EDGE('',*,*,#2480,.T.);
#3392=ORIENTED_EDGE('',*,*,#2481,.T.);
#3393=ORIENTED_EDGE('',*,*,#2096,.T.);
#3394=ORIENTED_EDGE('',*,*,#2479,.F.);
#3395=ORIENTED_EDGE('',*,*,#2482,.T.);
#3396=ORIENTED_EDGE('',*,*,#2483,.T.);
#3397=ORIENTED_EDGE('',*,*,#2484,.T.);
#3398=ORIENTED_EDGE('',*,*,#2485,.F.);
#3399=ORIENTED_EDGE('',*,*,#2486,.F.);
#3400=ORIENTED_EDGE('',*,*,#2482,.F.);
#3401=ORIENTED_EDGE('',*,*,#2468,.F.);
#3402=ORIENTED_EDGE('',*,*,#2487,.T.);
#3403=ORIENTED_EDGE('',*,*,#2488,.T.);
#3404=ORIENTED_EDGE('',*,*,#2489,.T.);
#3405=ORIENTED_EDGE('',*,*,#2490,.T.);
#3406=ORIENTED_EDGE('',*,*,#2091,.T.);
#3407=ORIENTED_EDGE('',*,*,#2491,.T.);
#3408=ORIENTED_EDGE('',*,*,#2490,.F.);
#3409=ORIENTED_EDGE('',*,*,#2492,.T.);
#3410=ORIENTED_EDGE('',*,*,#2493,.T.);
#3411=ORIENTED_EDGE('',*,*,#2092,.T.);
#3412=ORIENTED_EDGE('',*,*,#2489,.F.);
#3413=ORIENTED_EDGE('',*,*,#2494,.T.);
#3414=ORIENTED_EDGE('',*,*,#2495,.F.);
#3415=ORIENTED_EDGE('',*,*,#2496,.F.);
#3416=ORIENTED_EDGE('',*,*,#2497,.T.);
#3417=ORIENTED_EDGE('',*,*,#2498,.T.);
#3418=ORIENTED_EDGE('',*,*,#2499,.T.);
#3419=ORIENTED_EDGE('',*,*,#2498,.F.);
#3420=ORIENTED_EDGE('',*,*,#2500,.T.);
#3421=ORIENTED_EDGE('',*,*,#2501,.T.);
#3422=ORIENTED_EDGE('',*,*,#2502,.T.);
#3423=ORIENTED_EDGE('',*,*,#2503,.T.);
#3424=ORIENTED_EDGE('',*,*,#2502,.F.);
#3425=ORIENTED_EDGE('',*,*,#2504,.F.);
#3426=ORIENTED_EDGE('',*,*,#2505,.T.);
#3427=ORIENTED_EDGE('',*,*,#2506,.T.);
#3428=ORIENTED_EDGE('',*,*,#2471,.T.);
#3429=ORIENTED_EDGE('',*,*,#2507,.T.);
#3430=ORIENTED_EDGE('',*,*,#2508,.T.);
#3431=ORIENTED_EDGE('',*,*,#2509,.T.);
#3432=ORIENTED_EDGE('',*,*,#2509,.F.);
#3433=ORIENTED_EDGE('',*,*,#2510,.F.);
#3434=ORIENTED_EDGE('',*,*,#2511,.F.);
#3435=ORIENTED_EDGE('',*,*,#2472,.F.);
#3436=ORIENTED_EDGE('',*,*,#2473,.T.);
#3437=ORIENTED_EDGE('',*,*,#2511,.T.);
#3438=ORIENTED_EDGE('',*,*,#2512,.T.);
#3439=ORIENTED_EDGE('',*,*,#2513,.T.);
#3440=ORIENTED_EDGE('',*,*,#2474,.F.);
#3441=ORIENTED_EDGE('',*,*,#2513,.F.);
#3442=ORIENTED_EDGE('',*,*,#2514,.F.);
#3443=ORIENTED_EDGE('',*,*,#2308,.F.);
#3444=ORIENTED_EDGE('',*,*,#2505,.F.);
#3445=ORIENTED_EDGE('',*,*,#2515,.F.);
#3446=ORIENTED_EDGE('',*,*,#2485,.T.);
#3447=ORIENTED_EDGE('',*,*,#2516,.T.);
#3448=ORIENTED_EDGE('',*,*,#2517,.F.);
#3449=ORIENTED_EDGE('',*,*,#2518,.F.);
#3450=ORIENTED_EDGE('',*,*,#2494,.F.);
#3451=ORIENTED_EDGE('',*,*,#2519,.F.);
#3452=ORIENTED_EDGE('',*,*,#2520,.F.);
#3453=ORIENTED_EDGE('',*,*,#2521,.T.);
#3454=ORIENTED_EDGE('',*,*,#2522,.T.);
#3455=ORIENTED_EDGE('',*,*,#2523,.T.);
#3456=ORIENTED_EDGE('',*,*,#2524,.T.);
#3457=ORIENTED_EDGE('',*,*,#2517,.T.);
#3458=ORIENTED_EDGE('',*,*,#2525,.F.);
#3459=ORIENTED_EDGE('',*,*,#2526,.F.);
#3460=ORIENTED_EDGE('',*,*,#2523,.F.);
#3461=ORIENTED_EDGE('',*,*,#2527,.F.);
#3462=ORIENTED_EDGE('',*,*,#2528,.T.);
#3463=ORIENTED_EDGE('',*,*,#2525,.T.);
#3464=ORIENTED_EDGE('',*,*,#2529,.T.);
#3465=ORIENTED_EDGE('',*,*,#2137,.T.);
#3466=ORIENTED_EDGE('',*,*,#2530,.T.);
#3467=ORIENTED_EDGE('',*,*,#2531,.T.);
#3468=ORIENTED_EDGE('',*,*,#2532,.T.);
#3469=ORIENTED_EDGE('',*,*,#2533,.F.);
#3470=ORIENTED_EDGE('',*,*,#2534,.F.);
#3471=ORIENTED_EDGE('',*,*,#2535,.F.);
#3472=ORIENTED_EDGE('',*,*,#2536,.F.);
#3473=ORIENTED_EDGE('',*,*,#2507,.F.);
#3474=ORIENTED_EDGE('',*,*,#2470,.F.);
#3475=ORIENTED_EDGE('',*,*,#2316,.F.);
#3476=ORIENTED_EDGE('',*,*,#2537,.F.);
#3477=ORIENTED_EDGE('',*,*,#2302,.F.);
#3478=ORIENTED_EDGE('',*,*,#2290,.F.);
#3479=ORIENTED_EDGE('',*,*,#2287,.T.);
#3480=ORIENTED_EDGE('',*,*,#2285,.T.);
#3481=ORIENTED_EDGE('',*,*,#2282,.T.);
#3482=ORIENTED_EDGE('',*,*,#2538,.F.);
#3483=ORIENTED_EDGE('',*,*,#2539,.T.);
#3484=ORIENTED_EDGE('',*,*,#2540,.T.);
#3485=ORIENTED_EDGE('',*,*,#2535,.T.);
#3486=ORIENTED_EDGE('',*,*,#2480,.F.);
#3487=ORIENTED_EDGE('',*,*,#2484,.F.);
#3488=ORIENTED_EDGE('',*,*,#2541,.F.);
#3489=ORIENTED_EDGE('',*,*,#2539,.F.);
#3490=ORIENTED_EDGE('',*,*,#2542,.F.);
#3491=ORIENTED_EDGE('',*,*,#2543,.T.);
#3492=ORIENTED_EDGE('',*,*,#2125,.T.);
#3493=ORIENTED_EDGE('',*,*,#2543,.F.);
#3494=ORIENTED_EDGE('',*,*,#2477,.T.);
#3495=ORIENTED_EDGE('',*,*,#2544,.T.);
#3496=ORIENTED_EDGE('',*,*,#2545,.F.);
#3497=ORIENTED_EDGE('',*,*,#2544,.F.);
#3498=ORIENTED_EDGE('',*,*,#2466,.T.);
#3499=ORIENTED_EDGE('',*,*,#2093,.T.);
#3500=ORIENTED_EDGE('',*,*,#2493,.F.);
#3501=ORIENTED_EDGE('',*,*,#2546,.F.);
#3502=ORIENTED_EDGE('',*,*,#2547,.T.);
#3503=ORIENTED_EDGE('',*,*,#2491,.F.);
#3504=ORIENTED_EDGE('',*,*,#2090,.T.);
#3505=ORIENTED_EDGE('',*,*,#2548,.F.);
#3506=ORIENTED_EDGE('',*,*,#2519,.T.);
#3507=ORIENTED_EDGE('',*,*,#2520,.T.);
#3508=ORIENTED_EDGE('',*,*,#2548,.T.);
#3509=ORIENTED_EDGE('',*,*,#2089,.T.);
#3510=ORIENTED_EDGE('',*,*,#2549,.T.);
#3511=ORIENTED_EDGE('',*,*,#2529,.F.);
#3512=ORIENTED_EDGE('',*,*,#2527,.T.);
#3513=ORIENTED_EDGE('',*,*,#2522,.F.);
#3514=ORIENTED_EDGE('',*,*,#2521,.F.);
#3515=ORIENTED_EDGE('',*,*,#2549,.F.);
#3516=ORIENTED_EDGE('',*,*,#2088,.T.);
#3517=ORIENTED_EDGE('',*,*,#2550,.F.);
#3518=ORIENTED_EDGE('',*,*,#2138,.F.);
#3519=ORIENTED_EDGE('',*,*,#2139,.T.);
#3520=ORIENTED_EDGE('',*,*,#2550,.T.);
#3521=ORIENTED_EDGE('',*,*,#2087,.T.);
#3522=ORIENTED_EDGE('',*,*,#2154,.T.);
#3523=ORIENTED_EDGE('',*,*,#2102,.T.);
#3524=ORIENTED_EDGE('',*,*,#2551,.T.);
#3525=ORIENTED_EDGE('',*,*,#2530,.F.);
#3526=ORIENTED_EDGE('',*,*,#2284,.F.);
#3527=ORIENTED_EDGE('',*,*,#2531,.F.);
#3528=ORIENTED_EDGE('',*,*,#2551,.F.);
#3529=ORIENTED_EDGE('',*,*,#2101,.T.);
#3530=ORIENTED_EDGE('',*,*,#2552,.T.);
#3531=ORIENTED_EDGE('',*,*,#2532,.F.);
#3532=ORIENTED_EDGE('',*,*,#2552,.F.);
#3533=ORIENTED_EDGE('',*,*,#2100,.T.);
#3534=ORIENTED_EDGE('',*,*,#2553,.F.);
#3535=ORIENTED_EDGE('',*,*,#2533,.T.);
#3536=ORIENTED_EDGE('',*,*,#2553,.T.);
#3537=ORIENTED_EDGE('',*,*,#2099,.T.);
#3538=ORIENTED_EDGE('',*,*,#2554,.F.);
#3539=ORIENTED_EDGE('',*,*,#2554,.T.);
#3540=ORIENTED_EDGE('',*,*,#2098,.T.);
#3541=ORIENTED_EDGE('',*,*,#2555,.F.);
#3542=ORIENTED_EDGE('',*,*,#2534,.T.);
#3543=ORIENTED_EDGE('',*,*,#2481,.F.);
#3544=ORIENTED_EDGE('',*,*,#2538,.T.);
#3545=ORIENTED_EDGE('',*,*,#2555,.T.);
#3546=ORIENTED_EDGE('',*,*,#2097,.T.);
#3547=ORIENTED_EDGE('',*,*,#2545,.T.);
#3548=ORIENTED_EDGE('',*,*,#2556,.T.);
#3549=ORIENTED_EDGE('',*,*,#2118,.T.);
#3550=ORIENTED_EDGE('',*,*,#2556,.F.);
#3551=ORIENTED_EDGE('',*,*,#2557,.F.);
#3552=ORIENTED_EDGE('',*,*,#2558,.T.);
#3553=ORIENTED_EDGE('',*,*,#2559,.T.);
#3554=ORIENTED_EDGE('',*,*,#2560,.T.);
#3555=ORIENTED_EDGE('',*,*,#2561,.T.);
#3556=ORIENTED_EDGE('',*,*,#2562,.F.);
#3557=ORIENTED_EDGE('',*,*,#2563,.T.);
#3558=ORIENTED_EDGE('',*,*,#2564,.F.);
#3559=ORIENTED_EDGE('',*,*,#2565,.F.);
#3560=ORIENTED_EDGE('',*,*,#2566,.F.);
#3561=ORIENTED_EDGE('',*,*,#2567,.F.);
#3562=ORIENTED_EDGE('',*,*,#2568,.F.);
#3563=ORIENTED_EDGE('',*,*,#2343,.F.);
#3564=ORIENTED_EDGE('',*,*,#2569,.F.);
#3565=ORIENTED_EDGE('',*,*,#2570,.F.);
#3566=ORIENTED_EDGE('',*,*,#2503,.F.);
#3567=ORIENTED_EDGE('',*,*,#2506,.F.);
#3568=ORIENTED_EDGE('',*,*,#2516,.F.);
#3569=ORIENTED_EDGE('',*,*,#2488,.F.);
#3570=ORIENTED_EDGE('',*,*,#2571,.F.);
#3571=ORIENTED_EDGE('',*,*,#2563,.F.);
#3572=ORIENTED_EDGE('',*,*,#2572,.F.);
#3573=ORIENTED_EDGE('',*,*,#2573,.F.);
#3574=ORIENTED_EDGE('',*,*,#2574,.T.);
#3575=ORIENTED_EDGE('',*,*,#2575,.F.);
#3576=ORIENTED_EDGE('',*,*,#2576,.F.);
#3577=ORIENTED_EDGE('',*,*,#2576,.T.);
#3578=ORIENTED_EDGE('',*,*,#2577,.F.);
#3579=ORIENTED_EDGE('',*,*,#2578,.T.);
#3580=ORIENTED_EDGE('',*,*,#2564,.T.);
#3581=ORIENTED_EDGE('',*,*,#2579,.F.);
#3582=ORIENTED_EDGE('',*,*,#2580,.T.);
#3583=ORIENTED_EDGE('',*,*,#2565,.T.);
#3584=ORIENTED_EDGE('',*,*,#2578,.F.);
#3585=ORIENTED_EDGE('',*,*,#2581,.F.);
#3586=ORIENTED_EDGE('',*,*,#2582,.F.);
#3587=ORIENTED_EDGE('',*,*,#2566,.T.);
#3588=ORIENTED_EDGE('',*,*,#2580,.F.);
#3589=ORIENTED_EDGE('',*,*,#2583,.F.);
#3590=ORIENTED_EDGE('',*,*,#2584,.T.);
#3591=ORIENTED_EDGE('',*,*,#2585,.T.);
#3592=ORIENTED_EDGE('',*,*,#2567,.T.);
#3593=ORIENTED_EDGE('',*,*,#2582,.T.);
#3594=ORIENTED_EDGE('',*,*,#2586,.T.);
#3595=ORIENTED_EDGE('',*,*,#2587,.T.);
#3596=ORIENTED_EDGE('',*,*,#2588,.T.);
#3597=ORIENTED_EDGE('',*,*,#2589,.T.);
#3598=ORIENTED_EDGE('',*,*,#2590,.F.);
#3599=ORIENTED_EDGE('',*,*,#2337,.T.);
#3600=ORIENTED_EDGE('',*,*,#2591,.T.);
#3601=ORIENTED_EDGE('',*,*,#2592,.F.);
#3602=ORIENTED_EDGE('',*,*,#2593,.T.);
#3603=ORIENTED_EDGE('',*,*,#2594,.F.);
#3604=ORIENTED_EDGE('',*,*,#2339,.F.);
#3605=ORIENTED_EDGE('',*,*,#2595,.F.);
#3606=ORIENTED_EDGE('',*,*,#2596,.F.);
#3607=ORIENTED_EDGE('',*,*,#2597,.T.);
#3608=ORIENTED_EDGE('',*,*,#2573,.T.);
#3609=ORIENTED_EDGE('',*,*,#2598,.T.);
#3610=ORIENTED_EDGE('',*,*,#2599,.T.);
#3611=ORIENTED_EDGE('',*,*,#2600,.T.);
#3612=ORIENTED_EDGE('',*,*,#2601,.F.);
#3613=ORIENTED_EDGE('',*,*,#2602,.F.);
#3614=ORIENTED_EDGE('',*,*,#2574,.F.);
#3615=ORIENTED_EDGE('',*,*,#2597,.F.);
#3616=ORIENTED_EDGE('',*,*,#2602,.T.);
#3617=ORIENTED_EDGE('',*,*,#2603,.T.);
#3618=ORIENTED_EDGE('',*,*,#2604,.T.);
#3619=ORIENTED_EDGE('',*,*,#2577,.T.);
#3620=ORIENTED_EDGE('',*,*,#2575,.T.);
#3621=ORIENTED_EDGE('',*,*,#2604,.F.);
#3622=ORIENTED_EDGE('',*,*,#2605,.F.);
#3623=ORIENTED_EDGE('',*,*,#2579,.T.);
#3624=ORIENTED_EDGE('',*,*,#2605,.T.);
#3625=ORIENTED_EDGE('',*,*,#2606,.T.);
#3626=ORIENTED_EDGE('',*,*,#2607,.T.);
#3627=ORIENTED_EDGE('',*,*,#2581,.T.);
#3628=ORIENTED_EDGE('',*,*,#2607,.F.);
#3629=ORIENTED_EDGE('',*,*,#2586,.F.);
#3630=ORIENTED_EDGE('',*,*,#2583,.T.);
#3631=ORIENTED_EDGE('',*,*,#2601,.T.);
#3632=ORIENTED_EDGE('',*,*,#2600,.F.);
#3633=ORIENTED_EDGE('',*,*,#2608,.F.);
#3634=ORIENTED_EDGE('',*,*,#2587,.F.);
#3635=ORIENTED_EDGE('',*,*,#2606,.F.);
#3636=ORIENTED_EDGE('',*,*,#2603,.F.);
#3637=ORIENTED_EDGE('',*,*,#2588,.F.);
#3638=ORIENTED_EDGE('',*,*,#2609,.F.);
#3639=ORIENTED_EDGE('',*,*,#2590,.T.);
#3640=ORIENTED_EDGE('',*,*,#2610,.T.);
#3641=ORIENTED_EDGE('',*,*,#2338,.T.);
#3642=ORIENTED_EDGE('',*,*,#2609,.T.);
#3643=ORIENTED_EDGE('',*,*,#2608,.T.);
#3644=ORIENTED_EDGE('',*,*,#2599,.F.);
#3645=ORIENTED_EDGE('',*,*,#2595,.T.);
#3646=ORIENTED_EDGE('',*,*,#2610,.F.);
#3647=ORIENTED_EDGE('',*,*,#2611,.F.);
#3648=ORIENTED_EDGE('',*,*,#2497,.F.);
#3649=ORIENTED_EDGE('',*,*,#2612,.F.);
#3650=ORIENTED_EDGE('',*,*,#2613,.F.);
#3651=ORIENTED_EDGE('',*,*,#2614,.T.);
#3652=ORIENTED_EDGE('',*,*,#2611,.T.);
#3653=ORIENTED_EDGE('',*,*,#2614,.F.);
#3654=ORIENTED_EDGE('',*,*,#2615,.F.);
#3655=ORIENTED_EDGE('',*,*,#2616,.T.);
#3656=ORIENTED_EDGE('',*,*,#2559,.F.);
#3657=ORIENTED_EDGE('',*,*,#2617,.F.);
#3658=ORIENTED_EDGE('',*,*,#2618,.F.);
#3659=ORIENTED_EDGE('',*,*,#2619,.F.);
#3660=ORIENTED_EDGE('',*,*,#2620,.T.);
#3661=ORIENTED_EDGE('',*,*,#2621,.T.);
#3662=ORIENTED_EDGE('',*,*,#2612,.T.);
#3663=ORIENTED_EDGE('',*,*,#2613,.T.);
#3664=ORIENTED_EDGE('',*,*,#2621,.F.);
#3665=ORIENTED_EDGE('',*,*,#2622,.T.);
#3666=ORIENTED_EDGE('',*,*,#2618,.T.);
#3667=ORIENTED_EDGE('',*,*,#2623,.T.);
#3668=ORIENTED_EDGE('',*,*,#2624,.T.);
#3669=ORIENTED_EDGE('',*,*,#2147,.F.);
#3670=ORIENTED_EDGE('',*,*,#2625,.T.);
#3671=ORIENTED_EDGE('',*,*,#2626,.T.);
#3672=ORIENTED_EDGE('',*,*,#2625,.F.);
#3673=ORIENTED_EDGE('',*,*,#2146,.F.);
#3674=ORIENTED_EDGE('',*,*,#2627,.F.);
#3675=ORIENTED_EDGE('',*,*,#2628,.T.);
#3676=ORIENTED_EDGE('',*,*,#2627,.T.);
#3677=ORIENTED_EDGE('',*,*,#2145,.F.);
#3678=ORIENTED_EDGE('',*,*,#2156,.T.);
#3679=ORIENTED_EDGE('',*,*,#2629,.T.);
#3680=ORIENTED_EDGE('',*,*,#2630,.F.);
#3681=ORIENTED_EDGE('',*,*,#2631,.T.);
#3682=ORIENTED_EDGE('',*,*,#2623,.F.);
#3683=ORIENTED_EDGE('',*,*,#2626,.F.);
#3684=ORIENTED_EDGE('',*,*,#2628,.F.);
#3685=ORIENTED_EDGE('',*,*,#2155,.F.);
#3686=ORIENTED_EDGE('',*,*,#2128,.F.);
#3687=ORIENTED_EDGE('',*,*,#2130,.F.);
#3688=ORIENTED_EDGE('',*,*,#2181,.F.);
#3689=ORIENTED_EDGE('',*,*,#2174,.F.);
#3690=ORIENTED_EDGE('',*,*,#2172,.F.);
#3691=ORIENTED_EDGE('',*,*,#2183,.F.);
#3692=ORIENTED_EDGE('',*,*,#2166,.F.);
#3693=ORIENTED_EDGE('',*,*,#2261,.F.);
#3694=ORIENTED_EDGE('',*,*,#2186,.T.);
#3695=ORIENTED_EDGE('',*,*,#2217,.F.);
#3696=ORIENTED_EDGE('',*,*,#2250,.F.);
#3697=ORIENTED_EDGE('',*,*,#2200,.F.);
#3698=ORIENTED_EDGE('',*,*,#2160,.F.);
#3699=ORIENTED_EDGE('',*,*,#2632,.F.);
#3700=ORIENTED_EDGE('',*,*,#2633,.F.);
#3701=ORIENTED_EDGE('',*,*,#2634,.F.);
#3702=ORIENTED_EDGE('',*,*,#2635,.F.);
#3703=ORIENTED_EDGE('',*,*,#2259,.T.);
#3704=ORIENTED_EDGE('',*,*,#2278,.F.);
#3705=ORIENTED_EDGE('',*,*,#2636,.F.);
#3706=ORIENTED_EDGE('',*,*,#2637,.F.);
#3707=ORIENTED_EDGE('',*,*,#2561,.F.);
#3708=ORIENTED_EDGE('',*,*,#2638,.F.);
#3709=ORIENTED_EDGE('',*,*,#2639,.T.);
#3710=ORIENTED_EDGE('',*,*,#2640,.F.);
#3711=ORIENTED_EDGE('',*,*,#2636,.T.);
#3712=ORIENTED_EDGE('',*,*,#2641,.F.);
#3713=ORIENTED_EDGE('',*,*,#2642,.T.);
#3714=ORIENTED_EDGE('',*,*,#2630,.T.);
#3715=ORIENTED_EDGE('',*,*,#2643,.T.);
#3716=ORIENTED_EDGE('',*,*,#2644,.F.);
#3717=ORIENTED_EDGE('',*,*,#2643,.F.);
#3718=ORIENTED_EDGE('',*,*,#2629,.F.);
#3719=ORIENTED_EDGE('',*,*,#2185,.T.);
#3720=ORIENTED_EDGE('',*,*,#2635,.T.);
#3721=ORIENTED_EDGE('',*,*,#2645,.F.);
#3722=ORIENTED_EDGE('',*,*,#2644,.T.);
#3723=ORIENTED_EDGE('',*,*,#2252,.T.);
#3724=ORIENTED_EDGE('',*,*,#2260,.T.);
#3725=ORIENTED_EDGE('',*,*,#2645,.T.);
#3726=ORIENTED_EDGE('',*,*,#2634,.T.);
#3727=ORIENTED_EDGE('',*,*,#2646,.T.);
#3728=ORIENTED_EDGE('',*,*,#2641,.T.);
#3729=ORIENTED_EDGE('',*,*,#2570,.T.);
#3730=ORIENTED_EDGE('',*,*,#2647,.T.);
#3731=ORIENTED_EDGE('',*,*,#2648,.T.);
#3732=ORIENTED_EDGE('',*,*,#2647,.F.);
#3733=ORIENTED_EDGE('',*,*,#2569,.T.);
#3734=ORIENTED_EDGE('',*,*,#2342,.F.);
#3735=ORIENTED_EDGE('',*,*,#2649,.F.);
#3736=ORIENTED_EDGE('',*,*,#2500,.F.);
#3737=ORIENTED_EDGE('',*,*,#2650,.T.);
#3738=ORIENTED_EDGE('',*,*,#2571,.T.);
#3739=ORIENTED_EDGE('',*,*,#2487,.F.);
#3740=ORIENTED_EDGE('',*,*,#2467,.T.);
#3741=ORIENTED_EDGE('',*,*,#2547,.F.);
#3742=ORIENTED_EDGE('',*,*,#2651,.F.);
#3743=ORIENTED_EDGE('',*,*,#2652,.F.);
#3744=ORIENTED_EDGE('',*,*,#2653,.F.);
#3745=ORIENTED_EDGE('',*,*,#2619,.T.);
#3746=ORIENTED_EDGE('',*,*,#2622,.F.);
#3747=ORIENTED_EDGE('',*,*,#2620,.F.);
#3748=ORIENTED_EDGE('',*,*,#2617,.T.);
#3749=ORIENTED_EDGE('',*,*,#2558,.F.);
#3750=ORIENTED_EDGE('',*,*,#2654,.F.);
#3751=ORIENTED_EDGE('',*,*,#2651,.T.);
#3752=ORIENTED_EDGE('',*,*,#2546,.T.);
#3753=ORIENTED_EDGE('',*,*,#2492,.F.);
#3754=ORIENTED_EDGE('',*,*,#2496,.T.);
#3755=ORIENTED_EDGE('',*,*,#2655,.F.);
#3756=ORIENTED_EDGE('',*,*,#2656,.F.);
#3757=ORIENTED_EDGE('',*,*,#2657,.F.);
#3758=ORIENTED_EDGE('',*,*,#2658,.F.);
#3759=ORIENTED_EDGE('',*,*,#2659,.F.);
#3760=ORIENTED_EDGE('',*,*,#2660,.F.);
#3761=ORIENTED_EDGE('',*,*,#2661,.F.);
#3762=ORIENTED_EDGE('',*,*,#2662,.F.);
#3763=ORIENTED_EDGE('',*,*,#2655,.T.);
#3764=ORIENTED_EDGE('',*,*,#2495,.T.);
#3765=ORIENTED_EDGE('',*,*,#2518,.T.);
#3766=ORIENTED_EDGE('',*,*,#2524,.F.);
#3767=ORIENTED_EDGE('',*,*,#2526,.T.);
#3768=ORIENTED_EDGE('',*,*,#2528,.F.);
#3769=ORIENTED_EDGE('',*,*,#2136,.T.);
#3770=ORIENTED_EDGE('',*,*,#2542,.T.);
#3771=ORIENTED_EDGE('',*,*,#2663,.F.);
#3772=ORIENTED_EDGE('',*,*,#2657,.T.);
#3773=ORIENTED_EDGE('',*,*,#2135,.T.);
#3774=ORIENTED_EDGE('',*,*,#2664,.T.);
#3775=ORIENTED_EDGE('',*,*,#2663,.T.);
#3776=ORIENTED_EDGE('',*,*,#2665,.T.);
#3777=ORIENTED_EDGE('',*,*,#2666,.F.);
#3778=ORIENTED_EDGE('',*,*,#2658,.T.);
#3779=ORIENTED_EDGE('',*,*,#2666,.T.);
#3780=ORIENTED_EDGE('',*,*,#2667,.T.);
#3781=ORIENTED_EDGE('',*,*,#2668,.T.);
#3782=ORIENTED_EDGE('',*,*,#2659,.T.);
#3783=ORIENTED_EDGE('',*,*,#2669,.F.);
#3784=ORIENTED_EDGE('',*,*,#2654,.T.);
#3785=ORIENTED_EDGE('',*,*,#2557,.T.);
#3786=ORIENTED_EDGE('',*,*,#2650,.F.);
#3787=ORIENTED_EDGE('',*,*,#2670,.F.);
#3788=ORIENTED_EDGE('',*,*,#2615,.T.);
#3789=ORIENTED_EDGE('',*,*,#2671,.F.);
#3790=ORIENTED_EDGE('',*,*,#2656,.T.);
#3791=ORIENTED_EDGE('',*,*,#2662,.T.);
#3792=ORIENTED_EDGE('',*,*,#2672,.F.);
#3793=ORIENTED_EDGE('',*,*,#2669,.T.);
#3794=ORIENTED_EDGE('',*,*,#2652,.T.);
#3795=ORIENTED_EDGE('',*,*,#2653,.T.);
#3796=ORIENTED_EDGE('',*,*,#2672,.T.);
#3797=ORIENTED_EDGE('',*,*,#2661,.T.);
#3798=ORIENTED_EDGE('',*,*,#2673,.F.);
#3799=ORIENTED_EDGE('',*,*,#2671,.T.);
#3800=ORIENTED_EDGE('',*,*,#2441,.F.);
#3801=ORIENTED_EDGE('',*,*,#2674,.T.);
#3802=ORIENTED_EDGE('',*,*,#2148,.F.);
#3803=ORIENTED_EDGE('',*,*,#2624,.F.);
#3804=ORIENTED_EDGE('',*,*,#2631,.F.);
#3805=ORIENTED_EDGE('',*,*,#2642,.F.);
#3806=ORIENTED_EDGE('',*,*,#2646,.F.);
#3807=ORIENTED_EDGE('',*,*,#2633,.T.);
#3808=ORIENTED_EDGE('',*,*,#2675,.F.);
#3809=ORIENTED_EDGE('',*,*,#2639,.F.);
#3810=ORIENTED_EDGE('',*,*,#2638,.T.);
#3811=ORIENTED_EDGE('',*,*,#2560,.F.);
#3812=ORIENTED_EDGE('',*,*,#2616,.F.);
#3813=ORIENTED_EDGE('',*,*,#2670,.T.);
#3814=ORIENTED_EDGE('',*,*,#2673,.T.);
#3815=ORIENTED_EDGE('',*,*,#2660,.T.);
#3816=ORIENTED_EDGE('',*,*,#2668,.F.);
#3817=ORIENTED_EDGE('',*,*,#2676,.F.);
#3818=ORIENTED_EDGE('',*,*,#2677,.F.);
#3819=ORIENTED_EDGE('',*,*,#2678,.F.);
#3820=ORIENTED_EDGE('',*,*,#2149,.F.);
#3821=ORIENTED_EDGE('',*,*,#2674,.F.);
#3822=ORIENTED_EDGE('',*,*,#2679,.F.);
#3823=ORIENTED_EDGE('',*,*,#2132,.T.);
#3824=ORIENTED_EDGE('',*,*,#2152,.T.);
#3825=ORIENTED_EDGE('',*,*,#2680,.T.);
#3826=ORIENTED_EDGE('',*,*,#2681,.F.);
#3827=ORIENTED_EDGE('',*,*,#2680,.F.);
#3828=ORIENTED_EDGE('',*,*,#2151,.F.);
#3829=ORIENTED_EDGE('',*,*,#2682,.F.);
#3830=ORIENTED_EDGE('',*,*,#2683,.F.);
#3831=ORIENTED_EDGE('',*,*,#2682,.T.);
#3832=ORIENTED_EDGE('',*,*,#2150,.T.);
#3833=ORIENTED_EDGE('',*,*,#2678,.T.);
#3834=ORIENTED_EDGE('',*,*,#2684,.F.);
#3835=ORIENTED_EDGE('',*,*,#2685,.F.);
#3836=ORIENTED_EDGE('',*,*,#2686,.F.);
#3837=ORIENTED_EDGE('',*,*,#2676,.T.);
#3838=ORIENTED_EDGE('',*,*,#2667,.F.);
#3839=ORIENTED_EDGE('',*,*,#2665,.F.);
#3840=ORIENTED_EDGE('',*,*,#2664,.F.);
#3841=ORIENTED_EDGE('',*,*,#2134,.F.);
#3842=ORIENTED_EDGE('',*,*,#2133,.T.);
#3843=ORIENTED_EDGE('',*,*,#2679,.T.);
#3844=ORIENTED_EDGE('',*,*,#2687,.F.);
#3845=ORIENTED_EDGE('',*,*,#2684,.T.);
#3846=ORIENTED_EDGE('',*,*,#2687,.T.);
#3847=ORIENTED_EDGE('',*,*,#2681,.T.);
#3848=ORIENTED_EDGE('',*,*,#2688,.F.);
#3849=ORIENTED_EDGE('',*,*,#2685,.T.);
#3850=ORIENTED_EDGE('',*,*,#2688,.T.);
#3851=ORIENTED_EDGE('',*,*,#2683,.T.);
#3852=ORIENTED_EDGE('',*,*,#2677,.T.);
#3853=ORIENTED_EDGE('',*,*,#2686,.T.);
#3854=ORIENTED_EDGE('',*,*,#2648,.F.);
#3855=ORIENTED_EDGE('',*,*,#2689,.T.);
#3856=ORIENTED_EDGE('',*,*,#2690,.F.);
#3857=ORIENTED_EDGE('',*,*,#2689,.F.);
#3858=ORIENTED_EDGE('',*,*,#2691,.F.);
#3859=ORIENTED_EDGE('',*,*,#2692,.F.);
#3860=ORIENTED_EDGE('',*,*,#2693,.T.);
#3861=ORIENTED_EDGE('',*,*,#2690,.T.);
#3862=ORIENTED_EDGE('',*,*,#2693,.F.);
#3863=ORIENTED_EDGE('',*,*,#2691,.T.);
#3864=ORIENTED_EDGE('',*,*,#2692,.T.);
#3865=ORIENTED_EDGE('',*,*,#2694,.T.);
#3866=ORIENTED_EDGE('',*,*,#2119,.T.);
#3867=ORIENTED_EDGE('',*,*,#2694,.F.);
#3868=ORIENTED_EDGE('',*,*,#2514,.T.);
#3869=ORIENTED_EDGE('',*,*,#2512,.F.);
#3870=ORIENTED_EDGE('',*,*,#2510,.T.);
#3871=ORIENTED_EDGE('',*,*,#2508,.F.);
#3872=ORIENTED_EDGE('',*,*,#2536,.T.);
#3873=ORIENTED_EDGE('',*,*,#2540,.F.);
#3874=ORIENTED_EDGE('',*,*,#2541,.T.);
#3875=ORIENTED_EDGE('',*,*,#2483,.F.);
#3876=ORIENTED_EDGE('',*,*,#2486,.T.);
#3877=ORIENTED_EDGE('',*,*,#2515,.T.);
#3878=ORIENTED_EDGE('',*,*,#2504,.T.);
#3879=ORIENTED_EDGE('',*,*,#2501,.F.);
#3880=ORIENTED_EDGE('',*,*,#2649,.T.);
#3881=ORIENTED_EDGE('',*,*,#2341,.F.);
#3882=ORIENTED_EDGE('',*,*,#2695,.T.);
#3883=ORIENTED_EDGE('',*,*,#2333,.F.);
#3884=ORIENTED_EDGE('',*,*,#2274,.T.);
#3885=ORIENTED_EDGE('',*,*,#2331,.F.);
#3886=ORIENTED_EDGE('',*,*,#2328,.T.);
#3887=ORIENTED_EDGE('',*,*,#2325,.F.);
#3888=ORIENTED_EDGE('',*,*,#2322,.T.);
#3889=ORIENTED_EDGE('',*,*,#2305,.F.);
#3890=ORIENTED_EDGE('',*,*,#2303,.T.);
#3891=ORIENTED_EDGE('',*,*,#2300,.T.);
#3892=ORIENTED_EDGE('',*,*,#2537,.T.);
#3893=ORIENTED_EDGE('',*,*,#2315,.T.);
#3894=ORIENTED_EDGE('',*,*,#2313,.T.);
#3895=ORIENTED_EDGE('',*,*,#2309,.F.);
#3896=ORIENTED_EDGE('',*,*,#2695,.F.);
#3897=ORIENTED_EDGE('',*,*,#2340,.T.);
#3898=ORIENTED_EDGE('',*,*,#2568,.T.);
#3899=ORIENTED_EDGE('',*,*,#2585,.F.);
#3900=ORIENTED_EDGE('',*,*,#2584,.F.);
#3901=ORIENTED_EDGE('',*,*,#2589,.F.);
#3902=ORIENTED_EDGE('',*,*,#2593,.F.);
#3903=ORIENTED_EDGE('',*,*,#2592,.T.);
#3904=ORIENTED_EDGE('',*,*,#2696,.T.);
#3905=ORIENTED_EDGE('',*,*,#2334,.F.);
#3906=ORIENTED_EDGE('',*,*,#2281,.F.);
#3907=ORIENTED_EDGE('',*,*,#2499,.F.);
#3908=ORIENTED_EDGE('',*,*,#2696,.F.);
#3909=ORIENTED_EDGE('',*,*,#2591,.F.);
#3910=ORIENTED_EDGE('',*,*,#2336,.F.);
#3911=ORIENTED_EDGE('',*,*,#2594,.T.);
#3912=ORIENTED_EDGE('',*,*,#2697,.F.);
#3913=ORIENTED_EDGE('',*,*,#2318,.F.);
#3914=ORIENTED_EDGE('',*,*,#2256,.T.);
#3915=ORIENTED_EDGE('',*,*,#2321,.F.);
#3916=ORIENTED_EDGE('',*,*,#2324,.T.);
#3917=ORIENTED_EDGE('',*,*,#2327,.F.);
#3918=ORIENTED_EDGE('',*,*,#2330,.F.);
#3919=ORIENTED_EDGE('',*,*,#2332,.F.);
#3920=ORIENTED_EDGE('',*,*,#2272,.F.);
#3921=ORIENTED_EDGE('',*,*,#2270,.F.);
#3922=ORIENTED_EDGE('',*,*,#2335,.F.);
#3923=ORIENTED_EDGE('',*,*,#2698,.F.);
#3924=ORIENTED_EDGE('',*,*,#2319,.T.);
#3925=ORIENTED_EDGE('',*,*,#2697,.T.);
#3926=ORIENTED_EDGE('',*,*,#2596,.T.);
#3927=ORIENTED_EDGE('',*,*,#2598,.F.);
#3928=ORIENTED_EDGE('',*,*,#2572,.T.);
#3929=ORIENTED_EDGE('',*,*,#2562,.T.);
#3930=ORIENTED_EDGE('',*,*,#2637,.T.);
#3931=ORIENTED_EDGE('',*,*,#2699,.F.);
#3932=ORIENTED_EDGE('',*,*,#2699,.T.);
#3933=ORIENTED_EDGE('',*,*,#2700,.T.);
#3934=ORIENTED_EDGE('',*,*,#2701,.T.);
#3935=ORIENTED_EDGE('',*,*,#2702,.T.);
#3936=ORIENTED_EDGE('',*,*,#2700,.F.);
#3937=ORIENTED_EDGE('',*,*,#2702,.F.);
#3938=ORIENTED_EDGE('',*,*,#2703,.T.);
#3939=ORIENTED_EDGE('',*,*,#2704,.T.);
#3940=ORIENTED_EDGE('',*,*,#2703,.F.);
#3941=ORIENTED_EDGE('',*,*,#2701,.F.);
#3942=ORIENTED_EDGE('',*,*,#2704,.F.);
#3943=ORIENTED_EDGE('',*,*,#2279,.F.);
#3944=ORIENTED_EDGE('',*,*,#2698,.T.);
#3945=ORIENTED_EDGE('',*,*,#2640,.T.);
#3946=ORIENTED_EDGE('',*,*,#2675,.T.);
#3947=ORIENTED_EDGE('',*,*,#2632,.T.);
#3948=ORIENTED_EDGE('',*,*,#2277,.T.);
#3949=CONICAL_SURFACE('',#4238,2.19999999999992,0.785398163393104);
#3950=CONICAL_SURFACE('',#4292,0.136082024812975,0.785398163397445);
#3951=CONICAL_SURFACE('',#4294,0.610475531930401,0.78539816339745);
#3952=CONICAL_SURFACE('',#4320,5.1999999999998,0.78539816339875);
#3953=CONICAL_SURFACE('',#4323,5.20000000000006,0.785398163398545);
#3954=CONICAL_SURFACE('',#4326,2.89999999999998,0.785398163397477);
#3955=CONICAL_SURFACE('',#4329,2.89999999999999,0.785398163397487);
#3956=CONICAL_SURFACE('',#4332,2.90000000000005,0.785398163397408);
#3957=CONICAL_SURFACE('',#4337,2.90000000000006,0.785398163397425);
#3958=CONICAL_SURFACE('',#4343,2.55,0.785398163397449);
#3959=CONICAL_SURFACE('',#4348,1.175,0.785398163397448);
#3960=CONICAL_SURFACE('',#4361,4.80000000000001,0.785398163397432);
#3961=CONICAL_SURFACE('',#4363,1.29999999999999,0.785398163397435);
#3962=CONICAL_SURFACE('',#4365,1.29999999999946,0.785398163397443);
#3963=CONICAL_SURFACE('',#4368,1.29999999999963,0.785398163397432);
#3964=CONICAL_SURFACE('',#4384,3.49999999999998,0.78539816339743);
#3965=CONICAL_SURFACE('',#4405,3.11547005383813,0.52359877559828);
#3966=CONICAL_SURFACE('',#4408,3.11547005383783,0.523598775598287);
#3967=CONICAL_SURFACE('',#4413,3.11547005383829,0.523598775598294);
#3968=CONICAL_SURFACE('',#4416,3.11547005383797,0.523598775598286);
#3969=CONICAL_SURFACE('',#4421,3.11547005383818,0.523598775598278);
#3970=CONICAL_SURFACE('',#4424,3.1154700538382,0.523598775598317);
#3971=CONICAL_SURFACE('',#4429,3.11547005383789,0.523598775598306);
#3972=CONICAL_SURFACE('',#4432,3.11547005383827,0.523598775598312);
#3973=CONICAL_SURFACE('',#4437,3.11547005383826,0.523598775598302);
#3974=CONICAL_SURFACE('',#4440,3.11547005383832,0.523598775598311);
#3975=CONICAL_SURFACE('',#4445,3.1154700538378,0.523598775598302);
#3976=CONICAL_SURFACE('',#4448,3.11547005383806,0.523598775598324);
#3977=CONICAL_SURFACE('',#4501,1.2999999999998,0.785398163397435);
#3978=CONICAL_SURFACE('',#4544,3.5,0.785398163397443);
#3979=CONICAL_SURFACE('',#4546,1.07561005969491,0.785398163397442);
#3980=CONICAL_SURFACE('',#4548,0.543841318440011,0.785398163397447);
#3981=CONICAL_SURFACE('',#4550,4.80000000000001,0.785398163397424);
#3982=CONICAL_SURFACE('',#4552,1.29999999999999,0.785398163397431);
#3983=CONICAL_SURFACE('',#4554,1.30000000000008,0.785398163397439);
#3984=CONICAL_SURFACE('',#4555,3.,0.785398163397445);
#3985=CONICAL_SURFACE('',#4588,8.69999999999995,0.785398163397456);
#3986=CONICAL_SURFACE('',#4590,0.400000000000001,0.785398163397449);
#3987=CONICAL_SURFACE('',#4592,0.400000000000002,0.785398163397448);
#3988=CONICAL_SURFACE('',#4594,0.400000000000002,0.785398163397448);
#3989=CONICAL_SURFACE('',#4670,1.175,0.785398163397448);
#3990=CONICAL_SURFACE('',#4675,2.55,0.785398163397449);
#3991=ADVANCED_FACE('',(#266),#3949,.F.);
#3992=ADVANCED_FACE('',(#267,#129,#130,#131,#132,#133),#163,.T.);
#3993=ADVANCED_FACE('',(#268,#134),#164,.F.);
#3994=ADVANCED_FACE('',(#269),#58,.T.);
#3995=ADVANCED_FACE('',(#270),#165,.F.);
#3996=ADVANCED_FACE('',(#271),#166,.T.);
#3997=ADVANCED_FACE('',(#272),#167,.T.);
#3998=ADVANCED_FACE('',(#273),#168,.T.);
#3999=ADVANCED_FACE('',(#274),#59,.F.);
#4000=ADVANCED_FACE('',(#275),#36,.F.);
#4001=ADVANCED_FACE('',(#276),#60,.T.);
#4002=ADVANCED_FACE('',(#277),#169,.F.);
#4003=ADVANCED_FACE('',(#278),#61,.T.);
#4004=ADVANCED_FACE('',(#279),#170,.T.);
#4005=ADVANCED_FACE('',(#280),#171,.F.);
#4006=ADVANCED_FACE('',(#281),#62,.T.);
#4007=ADVANCED_FACE('',(#282),#3950,.T.);
#4008=ADVANCED_FACE('',(#283),#172,.T.);
#4009=ADVANCED_FACE('',(#284),#3951,.T.);
#4010=ADVANCED_FACE('',(#285),#63,.T.);
#4011=ADVANCED_FACE('',(#286),#173,.T.);
#4012=ADVANCED_FACE('',(#287),#174,.T.);
#4013=ADVANCED_FACE('',(#288),#175,.T.);
#4014=ADVANCED_FACE('',(#289),#176,.T.);
#4015=ADVANCED_FACE('',(#290),#177,.T.);
#4016=ADVANCED_FACE('',(#291),#178,.T.);
#4017=ADVANCED_FACE('',(#292),#179,.F.);
#4018=ADVANCED_FACE('',(#293),#180,.F.);
#4019=ADVANCED_FACE('',(#294),#64,.F.);
#4020=ADVANCED_FACE('',(#295),#181,.F.);
#4021=ADVANCED_FACE('',(#296),#182,.F.);
#4022=ADVANCED_FACE('',(#297),#65,.F.);
#4023=ADVANCED_FACE('',(#298),#183,.T.);
#4024=ADVANCED_FACE('',(#299),#3952,.F.);
#4025=ADVANCED_FACE('',(#300),#184,.F.);
#4026=ADVANCED_FACE('',(#301),#185,.F.);
#4027=ADVANCED_FACE('',(#302),#3953,.F.);
#4028=ADVANCED_FACE('',(#303),#186,.T.);
#4029=ADVANCED_FACE('',(#304),#3954,.F.);
#4030=ADVANCED_FACE('',(#305),#187,.T.);
#4031=ADVANCED_FACE('',(#306),#3955,.F.);
#4032=ADVANCED_FACE('',(#307),#188,.T.);
#4033=ADVANCED_FACE('',(#308),#3956,.F.);
#4034=ADVANCED_FACE('',(#309),#66,.F.);
#4035=ADVANCED_FACE('',(#310),#3957,.F.);
#4036=ADVANCED_FACE('',(#311),#15,.F.);
#4037=ADVANCED_FACE('',(#312),#189,.F.);
#4038=ADVANCED_FACE('',(#313),#190,.T.);
#4039=ADVANCED_FACE('',(#314),#3958,.F.);
#4040=ADVANCED_FACE('',(#315),#67,.F.);
#4041=ADVANCED_FACE('',(#316),#3959,.F.);
#4042=ADVANCED_FACE('',(#317),#68,.F.);
#4043=ADVANCED_FACE('',(#318),#16,.F.);
#4044=ADVANCED_FACE('',(#319),#69,.F.);
#4045=ADVANCED_FACE('',(#320),#3960,.F.);
#4046=ADVANCED_FACE('',(#321),#191,.T.);
#4047=ADVANCED_FACE('',(#322),#3961,.T.);
#4048=ADVANCED_FACE('',(#323),#192,.T.);
#4049=ADVANCED_FACE('',(#324),#3962,.T.);
#4050=ADVANCED_FACE('',(#325),#193,.T.);
#4051=ADVANCED_FACE('',(#326),#3963,.T.);
#4052=ADVANCED_FACE('',(#327),#194,.T.);
#4053=ADVANCED_FACE('',(#328),#70,.T.);
#4054=ADVANCED_FACE('',(#329),#195,.T.);
#4055=ADVANCED_FACE('',(#330),#71,.T.);
#4056=ADVANCED_FACE('',(#331),#72,.T.);
#4057=ADVANCED_FACE('',(#332),#196,.T.);
#4058=ADVANCED_FACE('',(#333),#73,.T.);
#4059=ADVANCED_FACE('',(#334),#3964,.F.);
#4060=ADVANCED_FACE('',(#335),#74,.T.);
#4061=ADVANCED_FACE('',(#336),#75,.F.);
#4062=ADVANCED_FACE('',(#337),#197,.T.);
#4063=ADVANCED_FACE('',(#338),#76,.T.);
#4064=ADVANCED_FACE('',(#339),#198,.T.);
#4065=ADVANCED_FACE('',(#340),#77,.T.);
#4066=ADVANCED_FACE('',(#341),#78,.T.);
#4067=ADVANCED_FACE('',(#342),#199,.T.);
#4068=ADVANCED_FACE('',(#343),#79,.T.);
#4069=ADVANCED_FACE('',(#344),#200,.T.);
#4070=ADVANCED_FACE('',(#345),#3965,.F.);
#4071=ADVANCED_FACE('',(#346),#3966,.F.);
#4072=ADVANCED_FACE('',(#347),#201,.T.);
#4073=ADVANCED_FACE('',(#348),#202,.T.);
#4074=ADVANCED_FACE('',(#349),#3967,.F.);
#4075=ADVANCED_FACE('',(#350),#3968,.F.);
#4076=ADVANCED_FACE('',(#351),#203,.T.);
#4077=ADVANCED_FACE('',(#352),#204,.T.);
#4078=ADVANCED_FACE('',(#353),#3969,.F.);
#4079=ADVANCED_FACE('',(#354),#3970,.F.);
#4080=ADVANCED_FACE('',(#355),#205,.T.);
#4081=ADVANCED_FACE('',(#356),#206,.T.);
#4082=ADVANCED_FACE('',(#357),#3971,.F.);
#4083=ADVANCED_FACE('',(#358),#3972,.F.);
#4084=ADVANCED_FACE('',(#359),#207,.T.);
#4085=ADVANCED_FACE('',(#360),#208,.T.);
#4086=ADVANCED_FACE('',(#361),#3973,.F.);
#4087=ADVANCED_FACE('',(#362),#3974,.F.);
#4088=ADVANCED_FACE('',(#363),#209,.T.);
#4089=ADVANCED_FACE('',(#364),#210,.T.);
#4090=ADVANCED_FACE('',(#365),#3975,.F.);
#4091=ADVANCED_FACE('',(#366),#3976,.F.);
#4092=ADVANCED_FACE('',(#367),#211,.T.);
#4093=ADVANCED_FACE('',(#368),#80,.F.);
#4094=ADVANCED_FACE('',(#369),#212,.F.);
#4095=ADVANCED_FACE('',(#370),#81,.F.);
#4096=ADVANCED_FACE('',(#371),#213,.F.);
#4097=ADVANCED_FACE('',(#372),#82,.F.);
#4098=ADVANCED_FACE('',(#373),#214,.F.);
#4099=ADVANCED_FACE('',(#374),#83,.F.);
#4100=ADVANCED_FACE('',(#375),#215,.F.);
#4101=ADVANCED_FACE('',(#376),#84,.F.);
#4102=ADVANCED_FACE('',(#377),#216,.F.);
#4103=ADVANCED_FACE('',(#378),#85,.F.);
#4104=ADVANCED_FACE('',(#379),#217,.F.);
#4105=ADVANCED_FACE('',(#380,#135),#218,.T.);
#4106=ADVANCED_FACE('',(#381,#136),#219,.T.);
#4107=ADVANCED_FACE('',(#382),#220,.F.);
#4108=ADVANCED_FACE('',(#383),#86,.F.);
#4109=ADVANCED_FACE('',(#384),#221,.F.);
#4110=ADVANCED_FACE('',(#385),#87,.F.);
#4111=ADVANCED_FACE('',(#386),#222,.F.);
#4112=ADVANCED_FACE('',(#387),#88,.F.);
#4113=ADVANCED_FACE('',(#388),#223,.F.);
#4114=ADVANCED_FACE('',(#389),#89,.F.);
#4115=ADVANCED_FACE('',(#390),#224,.F.);
#4116=ADVANCED_FACE('',(#391),#90,.F.);
#4117=ADVANCED_FACE('',(#392),#91,.F.);
#4118=ADVANCED_FACE('',(#393),#225,.F.);
#4119=ADVANCED_FACE('',(#394),#226,.T.);
#4120=ADVANCED_FACE('',(#395),#227,.T.);
#4121=ADVANCED_FACE('',(#396),#92,.F.);
#4122=ADVANCED_FACE('',(#397,#137),#228,.F.);
#4123=ADVANCED_FACE('',(#398),#3977,.T.);
#4124=ADVANCED_FACE('',(#399),#229,.T.);
#4125=ADVANCED_FACE('',(#400),#93,.T.);
#4126=ADVANCED_FACE('',(#401),#230,.T.);
#4127=ADVANCED_FACE('',(#402),#37,.T.);
#4128=ADVANCED_FACE('',(#403),#231,.T.);
#4129=ADVANCED_FACE('',(#404),#94,.T.);
#4130=ADVANCED_FACE('',(#405),#95,.F.);
#4131=ADVANCED_FACE('',(#406),#96,.T.);
#4132=ADVANCED_FACE('',(#407),#232,.T.);
#4133=ADVANCED_FACE('',(#408),#97,.T.);
#4134=ADVANCED_FACE('',(#409),#233,.T.);
#4135=ADVANCED_FACE('',(#410),#98,.T.);
#4136=ADVANCED_FACE('',(#411),#234,.T.);
#4137=ADVANCED_FACE('',(#412),#99,.T.);
#4138=ADVANCED_FACE('',(#413),#235,.F.);
#4139=ADVANCED_FACE('',(#414),#100,.T.);
#4140=ADVANCED_FACE('',(#415),#236,.F.);
#4141=ADVANCED_FACE('',(#416),#101,.T.);
#4142=ADVANCED_FACE('',(#417),#237,.F.);
#4143=ADVANCED_FACE('',(#418),#102,.T.);
#4144=ADVANCED_FACE('',(#419),#238,.T.);
#4145=ADVANCED_FACE('',(#420),#103,.F.);
#4146=ADVANCED_FACE('',(#421),#104,.F.);
#4147=ADVANCED_FACE('',(#422),#3978,.F.);
#4148=ADVANCED_FACE('',(#423),#239,.T.);
#4149=ADVANCED_FACE('',(#424),#3979,.T.);
#4150=ADVANCED_FACE('',(#425),#240,.T.);
#4151=ADVANCED_FACE('',(#426),#3980,.T.);
#4152=ADVANCED_FACE('',(#427),#241,.T.);
#4153=ADVANCED_FACE('',(#428),#3981,.F.);
#4154=ADVANCED_FACE('',(#429),#242,.T.);
#4155=ADVANCED_FACE('',(#430),#3982,.T.);
#4156=ADVANCED_FACE('',(#431),#243,.T.);
#4157=ADVANCED_FACE('',(#432),#3983,.T.);
#4158=ADVANCED_FACE('',(#433),#3984,.F.);
#4159=ADVANCED_FACE('',(#434),#244,.T.);
#4160=ADVANCED_FACE('',(#435),#105,.T.);
#4161=ADVANCED_FACE('',(#436),#106,.F.);
#4162=ADVANCED_FACE('',(#437),#107,.T.);
#4163=ADVANCED_FACE('',(#438),#245,.T.);
#4164=ADVANCED_FACE('',(#439),#108,.T.);
#4165=ADVANCED_FACE('',(#440),#246,.T.);
#4166=ADVANCED_FACE('',(#441),#109,.T.);
#4167=ADVANCED_FACE('',(#442),#110,.T.);
#4168=ADVANCED_FACE('',(#443),#247,.T.);
#4169=ADVANCED_FACE('',(#444),#38,.F.);
#4170=ADVANCED_FACE('',(#445),#3985,.F.);
#4171=ADVANCED_FACE('',(#446),#3986,.T.);
#4172=ADVANCED_FACE('',(#447),#248,.T.);
#4173=ADVANCED_FACE('',(#448),#3987,.T.);
#4174=ADVANCED_FACE('',(#449),#249,.T.);
#4175=ADVANCED_FACE('',(#450),#3988,.T.);
#4176=ADVANCED_FACE('',(#451),#250,.T.);
#4177=ADVANCED_FACE('',(#452),#39,.F.);
#4178=ADVANCED_FACE('',(#453,#138),#251,.F.);
#4179=ADVANCED_FACE('',(#454),#111,.F.);
#4180=ADVANCED_FACE('',(#455),#112,.T.);
#4181=ADVANCED_FACE('',(#456),#17,.T.);
#4182=ADVANCED_FACE('',(#457),#113,.T.);
#4183=ADVANCED_FACE('',(#458),#252,.F.);
#4184=ADVANCED_FACE('',(#459),#114,.T.);
#4185=ADVANCED_FACE('',(#460,#139),#253,.T.);
#4186=ADVANCED_FACE('',(#461),#254,.T.);
#4187=ADVANCED_FACE('',(#462),#115,.T.);
#4188=ADVANCED_FACE('',(#463),#18,.F.);
#4189=ADVANCED_FACE('',(#464),#116,.T.);
#4190=ADVANCED_FACE('',(#465),#255,.T.);
#4191=ADVANCED_FACE('',(#466),#117,.F.);
#4192=ADVANCED_FACE('',(#467),#19,.F.);
#4193=ADVANCED_FACE('',(#468),#118,.F.);
#4194=ADVANCED_FACE('',(#469),#119,.F.);
#4195=ADVANCED_FACE('',(#470),#256,.T.);
#4196=ADVANCED_FACE('',(#471),#257,.F.);
#4197=ADVANCED_FACE('',(#472,#140),#258,.T.);
#4198=ADVANCED_FACE('',(#473),#20,.F.);
#4199=ADVANCED_FACE('',(#474),#21,.F.);
#4200=ADVANCED_FACE('',(#475),#22,.F.);
#4201=ADVANCED_FACE('',(#476),#120,.T.);
#4202=ADVANCED_FACE('',(#477),#23,.F.);
#4203=ADVANCED_FACE('',(#478),#24,.F.);
#4204=ADVANCED_FACE('',(#479),#121,.F.);
#4205=ADVANCED_FACE('',(#480),#122,.F.);
#4206=ADVANCED_FACE('',(#481),#123,.T.);
#4207=ADVANCED_FACE('',(#482),#259,.F.);
#4208=ADVANCED_FACE('',(#483),#124,.T.);
#4209=ADVANCED_FACE('',(#484),#260,.F.);
#4210=ADVANCED_FACE('',(#485),#25,.F.);
#4211=ADVANCED_FACE('',(#486),#125,.F.);
#4212=ADVANCED_FACE('',(#487),#26,.F.);
#4213=ADVANCED_FACE('',(#488),#3989,.F.);
#4214=ADVANCED_FACE('',(#489),#126,.F.);
#4215=ADVANCED_FACE('',(#490),#3990,.F.);
#4216=ADVANCED_FACE('',(#491),#261,.F.);
#4217=ADVANCED_FACE('',(#492,#141,#142),#262,.T.);
#4218=ADVANCED_FACE('',(#493),#263,.T.);
#4219=ADVANCED_FACE('',(#494,#143),#264,.F.);
#4220=ADVANCED_FACE('',(#495),#27,.T.);
#4221=ADVANCED_FACE('',(#496),#127,.F.);
#4222=ADVANCED_FACE('',(#497,#144),#265,.F.);
#4223=ADVANCED_FACE('',(#498),#128,.F.);
#4224=CLOSED_SHELL('',(#3991,#3992,#3993,#3994,#3995,#3996,#3997,#3998,
#3999,#4000,#4001,#4002,#4003,#4004,#4005,#4006,#4007,#4008,#4009,#4010,
#4011,#4012,#4013,#4014,#4015,#4016,#4017,#4018,#4019,#4020,#4021,#4022,
#4023,#4024,#4025,#4026,#4027,#4028,#4029,#4030,#4031,#4032,#4033,#4034,
#4035,#4036,#4037,#4038,#4039,#4040,#4041,#4042,#4043,#4044,#4045,#4046,
#4047,#4048,#4049,#4050,#4051,#4052,#4053,#4054,#4055,#4056,#4057,#4058,
#4059,#4060,#4061,#4062,#4063,#4064,#4065,#4066,#4067,#4068,#4069,#4070,
#4071,#4072,#4073,#4074,#4075,#4076,#4077,#4078,#4079,#4080,#4081,#4082,
#4083,#4084,#4085,#4086,#4087,#4088,#4089,#4090,#4091,#4092,#4093,#4094,
#4095,#4096,#4097,#4098,#4099,#4100,#4101,#4102,#4103,#4104,#4105,#4106,
#4107,#4108,#4109,#4110,#4111,#4112,#4113,#4114,#4115,#4116,#4117,#4118,
#4119,#4120,#4121,#4122,#4123,#4124,#4125,#4126,#4127,#4128,#4129,#4130,
#4131,#4132,#4133,#4134,#4135,#4136,#4137,#4138,#4139,#4140,#4141,#4142,
#4143,#4144,#4145,#4146,#4147,#4148,#4149,#4150,#4151,#4152,#4153,#4154,
#4155,#4156,#4157,#4158,#4159,#4160,#4161,#4162,#4163,#4164,#4165,#4166,
#4167,#4168,#4169,#4170,#4171,#4172,#4173,#4174,#4175,#4176,#4177,#4178,
#4179,#4180,#4181,#4182,#4183,#4184,#4185,#4186,#4187,#4188,#4189,#4190,
#4191,#4192,#4193,#4194,#4195,#4196,#4197,#4198,#4199,#4200,#4201,#4202,
#4203,#4204,#4205,#4206,#4207,#4208,#4209,#4210,#4211,#4212,#4213,#4214,
#4215,#4216,#4217,#4218,#4219,#4220,#4221,#4222,#4223));
#4225=DERIVED_UNIT_ELEMENT(#4227,1.);
#4226=DERIVED_UNIT_ELEMENT(#7499,-3.);
#4227=(
MASS_UNIT()
NAMED_UNIT(*)
SI_UNIT(.KILO.,.GRAM.)
);
#4228=DERIVED_UNIT((#4225,#4226));
#4229=MEASURE_REPRESENTATION_ITEM('density measure',
POSITIVE_RATIO_MEASURE(7850.),#4228);
#4230=PROPERTY_DEFINITION_REPRESENTATION(#4235,#4232);
#4231=PROPERTY_DEFINITION_REPRESENTATION(#4236,#4233);
#4232=REPRESENTATION('material name',(#4234),#7496);
#4233=REPRESENTATION('density',(#4229),#7496);
#4234=DESCRIPTIVE_REPRESENTATION_ITEM('Steel','Steel');
#4235=PROPERTY_DEFINITION('material property','material name',#7506);
#4236=PROPERTY_DEFINITION('material property','density of part',#7506);
#4237=AXIS2_PLACEMENT_3D('',#5957,#4689,#4690);
#4238=AXIS2_PLACEMENT_3D('',#5958,#4691,#4692);
#4239=AXIS2_PLACEMENT_3D('',#5960,#4693,#4694);
#4240=AXIS2_PLACEMENT_3D('',#5963,#4696,#4697);
#4241=AXIS2_PLACEMENT_3D('',#5964,#4698,#4699);
#4242=AXIS2_PLACEMENT_3D('',#5969,#4701,#4702);
#4243=AXIS2_PLACEMENT_3D('',#5973,#4704,#4705);
#4244=AXIS2_PLACEMENT_3D('',#5985,#4708,#4709);
#4245=AXIS2_PLACEMENT_3D('',#5989,#4711,#4712);
#4246=AXIS2_PLACEMENT_3D('',#5993,#4714,#4715);
#4247=AXIS2_PLACEMENT_3D('',#5997,#4717,#4718);
#4248=AXIS2_PLACEMENT_3D('',#6001,#4720,#4721);
#4249=AXIS2_PLACEMENT_3D('',#6005,#4723,#4724);
#4250=AXIS2_PLACEMENT_3D('',#6009,#4726,#4727);
#4251=AXIS2_PLACEMENT_3D('',#6013,#4729,#4730);
#4252=AXIS2_PLACEMENT_3D('',#6017,#4732,#4733);
#4253=AXIS2_PLACEMENT_3D('',#6021,#4735,#4736);
#4254=AXIS2_PLACEMENT_3D('',#6033,#4739,#4740);
#4255=AXIS2_PLACEMENT_3D('',#6036,#4742,#4743);
#4256=AXIS2_PLACEMENT_3D('',#6038,#4744,#4745);
#4257=AXIS2_PLACEMENT_3D('',#6040,#4746,#4747);
#4258=AXIS2_PLACEMENT_3D('',#6042,#4748,#4749);
#4259=AXIS2_PLACEMENT_3D('',#6045,#4750,#4751);
#4260=AXIS2_PLACEMENT_3D('',#6049,#4753,#4754);
#4261=AXIS2_PLACEMENT_3D('',#6051,#4756,#4757);
#4262=AXIS2_PLACEMENT_3D('',#6053,#4758,#4759);
#4263=AXIS2_PLACEMENT_3D('',#6054,#4760,#4761);
#4264=AXIS2_PLACEMENT_3D('',#6057,#4762,#4763);
#4265=AXIS2_PLACEMENT_3D('',#6061,#4765,#4766);
#4266=AXIS2_PLACEMENT_3D('',#6063,#4768,#4769);
#4267=AXIS2_PLACEMENT_3D('',#6109,#4780,#4781);
#4268=AXIS2_PLACEMENT_3D('',#6113,#4783,#4784);
#4269=AXIS2_PLACEMENT_3D('',#6117,#4786,#4787);
#4270=AXIS2_PLACEMENT_3D('',#6119,#4788,#4789);
#4271=AXIS2_PLACEMENT_3D('',#6121,#4790,#4791);
#4272=AXIS2_PLACEMENT_3D('',#6123,#4792,#4793);
#4273=AXIS2_PLACEMENT_3D('',#6126,#4795,#4796);
#4274=AXIS2_PLACEMENT_3D('',#6127,#4797,#4798);
#4275=AXIS2_PLACEMENT_3D('',#6130,#4801,#4802);
#4276=AXIS2_PLACEMENT_3D('',#6134,#4805,#4806);
#4277=AXIS2_PLACEMENT_3D('',#6137,#4807,#4808);
#4278=AXIS2_PLACEMENT_3D('',#6139,#4809,#4810);
#4279=AXIS2_PLACEMENT_3D('',#6143,#4812,#4813);
#4280=AXIS2_PLACEMENT_3D('',#6167,#4815,#4816);
#4281=AXIS2_PLACEMENT_3D('',#6170,#4819,#4820);
#4282=AXIS2_PLACEMENT_3D('',#6174,#4822,#4823);
#4283=AXIS2_PLACEMENT_3D('',#6176,#4825,#4826);
#4284=AXIS2_PLACEMENT_3D('',#6180,#4829,#4830);
#4285=AXIS2_PLACEMENT_3D('',#6183,#4831,#4832);
#4286=AXIS2_PLACEMENT_3D('',#6187,#4834,#4835);
#4287=AXIS2_PLACEMENT_3D('',#6189,#4837,#4838);
#4288=AXIS2_PLACEMENT_3D('',#6195,#4842,#4843);
#4289=AXIS2_PLACEMENT_3D('',#6196,#4844,#4845);
#4290=AXIS2_PLACEMENT_3D('',#6201,#4849,#4850);
#4291=AXIS2_PLACEMENT_3D('',#6202,#4851,#4852);
#4292=AXIS2_PLACEMENT_3D('',#6203,#4853,#4854);
#4293=AXIS2_PLACEMENT_3D('',#6207,#4855,#4856);
#4294=AXIS2_PLACEMENT_3D('',#6209,#4858,#4859);
#4295=AXIS2_PLACEMENT_3D('',#6210,#4860,#4861);
#4296=AXIS2_PLACEMENT_3D('',#6213,#4862,#4863);
#4297=AXIS2_PLACEMENT_3D('',#6217,#4865,#4866);
#4298=AXIS2_PLACEMENT_3D('',#6219,#4868,#4869);
#4299=AXIS2_PLACEMENT_3D('',#6249,#4881,#4882);
#4300=AXIS2_PLACEMENT_3D('',#6258,#4887,#4888);
#4301=AXIS2_PLACEMENT_3D('',#6288,#4900,#4901);
#4302=AXIS2_PLACEMENT_3D('',#6300,#4905,#4906);
#4303=AXIS2_PLACEMENT_3D('',#6302,#4907,#4908);
#4304=AXIS2_PLACEMENT_3D('',#6304,#4910,#4911);
#4305=AXIS2_PLACEMENT_3D('',#6315,#4914,#4915);
#4306=AXIS2_PLACEMENT_3D('',#6316,#4916,#4917);
#4307=AXIS2_PLACEMENT_3D('',#6317,#4918,#4919);
#4308=AXIS2_PLACEMENT_3D('',#6318,#4920,#4921);
#4309=AXIS2_PLACEMENT_3D('',#6320,#4922,#4923);
#4310=AXIS2_PLACEMENT_3D('',#6323,#4925,#4926);
#4311=AXIS2_PLACEMENT_3D('',#6324,#4927,#4928);
#4312=AXIS2_PLACEMENT_3D('',#6326,#4929,#4930);
#4313=AXIS2_PLACEMENT_3D('',#6327,#4931,#4932);
#4314=AXIS2_PLACEMENT_3D('',#6329,#4934,#4935);
#4315=AXIS2_PLACEMENT_3D('',#6330,#4936,#4937);
#4316=AXIS2_PLACEMENT_3D('',#6331,#4938,#4939);
#4317=AXIS2_PLACEMENT_3D('',#6332,#4940,#4941);
#4318=AXIS2_PLACEMENT_3D('',#6334,#4942,#4943);
#4319=AXIS2_PLACEMENT_3D('',#6336,#4945,#4946);
#4320=AXIS2_PLACEMENT_3D('',#6338,#4948,#4949);
#4321=AXIS2_PLACEMENT_3D('',#6341,#4952,#4953);
#4322=AXIS2_PLACEMENT_3D('',#6343,#4955,#4956);
#4323=AXIS2_PLACEMENT_3D('',#6345,#4958,#4959);
#4324=AXIS2_PLACEMENT_3D('',#6346,#4960,#4961);
#4325=AXIS2_PLACEMENT_3D('',#6347,#4962,#4963);
#4326=AXIS2_PLACEMENT_3D('',#6348,#4964,#4965);
#4327=AXIS2_PLACEMENT_3D('',#6349,#4966,#4967);
#4328=AXIS2_PLACEMENT_3D('',#6350,#4968,#4969);
#4329=AXIS2_PLACEMENT_3D('',#6351,#4970,#4971);
#4330=AXIS2_PLACEMENT_3D('',#6352,#4972,#4973);
#4331=AXIS2_PLACEMENT_3D('',#6353,#4974,#4975);
#4332=AXIS2_PLACEMENT_3D('',#6354,#4976,#4977);
#4333=AXIS2_PLACEMENT_3D('',#6355,#4978,#4979);
#4334=AXIS2_PLACEMENT_3D('',#6356,#4980,#4981);
#4335=AXIS2_PLACEMENT_3D('',#6357,#4982,#4983);
#4336=AXIS2_PLACEMENT_3D('',#6358,#4984,#4985);
#4337=AXIS2_PLACEMENT_3D('',#6359,#4986,#4987);
#4338=AXIS2_PLACEMENT_3D('',#6360,#4988,#4989);
#4339=AXIS2_PLACEMENT_3D('',#6366,#4990,#4991);
#4340=AXIS2_PLACEMENT_3D('',#6367,#4992,#4993);
#4341=AXIS2_PLACEMENT_3D('',#6391,#4999,#5000);
#4342=AXIS2_PLACEMENT_3D('',#6393,#5002,#5003);
#4343=AXIS2_PLACEMENT_3D('',#6395,#5005,#5006);
#4344=AXIS2_PLACEMENT_3D('',#6398,#5007,#5008);
#4345=AXIS2_PLACEMENT_3D('',#6400,#5010,#5011);
#4346=AXIS2_PLACEMENT_3D('',#6401,#5012,#5013);
#4347=AXIS2_PLACEMENT_3D('',#6404,#5015,#5016);
#4348=AXIS2_PLACEMENT_3D('',#6405,#5017,#5018);
#4349=AXIS2_PLACEMENT_3D('',#6407,#5019,#5020);
#4350=AXIS2_PLACEMENT_3D('',#6409,#5022,#5023);
#4351=AXIS2_PLACEMENT_3D('',#6412,#5024,#5025);
#4352=AXIS2_PLACEMENT_3D('',#6415,#5027,#5028);
#4353=AXIS2_PLACEMENT_3D('',#6419,#5030,#5031);
#4354=AXIS2_PLACEMENT_3D('',#6421,#5033,#5034);
#4355=AXIS2_PLACEMENT_3D('',#6423,#5035,#5036);
#4356=AXIS2_PLACEMENT_3D('',#6425,#5037,#5038);
#4357=AXIS2_PLACEMENT_3D('',#6426,#5039,#5040);
#4358=AXIS2_PLACEMENT_3D('',#6427,#5041,#5042);
#4359=AXIS2_PLACEMENT_3D('',#6429,#5043,#5044);
#4360=AXIS2_PLACEMENT_3D('',#6432,#5046,#5047);
#4361=AXIS2_PLACEMENT_3D('',#6433,#5048,#5049);
#4362=AXIS2_PLACEMENT_3D('',#6441,#5052,#5053);
#4363=AXIS2_PLACEMENT_3D('',#6445,#5056,#5057);
#4364=AXIS2_PLACEMENT_3D('',#6451,#5059,#5060);
#4365=AXIS2_PLACEMENT_3D('',#6455,#5063,#5064);
#4366=AXIS2_PLACEMENT_3D('',#6458,#5066,#5067);
#4367=AXIS2_PLACEMENT_3D('',#6459,#5068,#5069);
#4368=AXIS2_PLACEMENT_3D('',#6463,#5072,#5073);
#4369=AXIS2_PLACEMENT_3D('',#6465,#5074,#5075);
#4370=AXIS2_PLACEMENT_3D('',#6467,#5077,#5078);
#4371=AXIS2_PLACEMENT_3D('',#6471,#5080,#5081);
#4372=AXIS2_PLACEMENT_3D('',#6473,#5083,#5084);
#4373=AXIS2_PLACEMENT_3D('',#6476,#5085,#5086);
#4374=AXIS2_PLACEMENT_3D('',#6479,#5089,#5090);
#4375=AXIS2_PLACEMENT_3D('',#6483,#5093,#5094);
#4376=AXIS2_PLACEMENT_3D('',#6485,#5095,#5096);
#4377=AXIS2_PLACEMENT_3D('',#6487,#5098,#5099);
#4378=AXIS2_PLACEMENT_3D('',#6490,#5100,#5101);
#4379=AXIS2_PLACEMENT_3D('',#6494,#5103,#5104);
#4380=AXIS2_PLACEMENT_3D('',#6496,#5106,#5107);
#4381=AXIS2_PLACEMENT_3D('',#6502,#5111,#5112);
#4382=AXIS2_PLACEMENT_3D('',#6504,#5113,#5114);
#4383=AXIS2_PLACEMENT_3D('',#6506,#5115,#5116);
#4384=AXIS2_PLACEMENT_3D('',#6508,#5118,#5119);
#4385=AXIS2_PLACEMENT_3D('',#6515,#5120,#5121);
#4386=AXIS2_PLACEMENT_3D('',#6517,#5122,#5123);
#4387=AXIS2_PLACEMENT_3D('',#6519,#5125,#5126);
#4388=AXIS2_PLACEMENT_3D('',#6522,#5128,#5129);
#4389=AXIS2_PLACEMENT_3D('',#6523,#5130,#5131);
#4390=AXIS2_PLACEMENT_3D('',#6529,#5135,#5136);
#4391=AXIS2_PLACEMENT_3D('',#6531,#5137,#5138);
#4392=AXIS2_PLACEMENT_3D('',#6534,#5140,#5141);
#4393=AXIS2_PLACEMENT_3D('',#6535,#5142,#5143);
#4394=AXIS2_PLACEMENT_3D('',#6541,#5147,#5148);
#4395=AXIS2_PLACEMENT_3D('',#6542,#5149,#5150);
#4396=AXIS2_PLACEMENT_3D('',#6543,#5151,#5152);
#4397=AXIS2_PLACEMENT_3D('',#6544,#5153,#5154);
#4398=AXIS2_PLACEMENT_3D('',#6546,#5155,#5156);
#4399=AXIS2_PLACEMENT_3D('',#6549,#5158,#5159);
#4400=AXIS2_PLACEMENT_3D('',#6550,#5160,#5161);
#4401=AXIS2_PLACEMENT_3D('',#6559,#5166,#5167);
#4402=AXIS2_PLACEMENT_3D('',#6564,#5169,#5170);
#4403=AXIS2_PLACEMENT_3D('',#6567,#5172,#5173);
#4404=AXIS2_PLACEMENT_3D('',#6568,#5174,#5175);
#4405=AXIS2_PLACEMENT_3D('',#6577,#5180,#5181);
#4406=AXIS2_PLACEMENT_3D('',#6581,#5183,#5184);
#4407=AXIS2_PLACEMENT_3D('',#6582,#5185,#5186);
#4408=AXIS2_PLACEMENT_3D('',#6583,#5187,#5188);
#4409=AXIS2_PLACEMENT_3D('',#6585,#5189,#5190);
#4410=AXIS2_PLACEMENT_3D('',#6588,#5192,#5193);
#4411=AXIS2_PLACEMENT_3D('',#6589,#5194,#5195);
#4412=AXIS2_PLACEMENT_3D('',#6595,#5199,#5200);
#4413=AXIS2_PLACEMENT_3D('',#6601,#5204,#5205);
#4414=AXIS2_PLACEMENT_3D('',#6605,#5207,#5208);
#4415=AXIS2_PLACEMENT_3D('',#6606,#5209,#5210);
#4416=AXIS2_PLACEMENT_3D('',#6607,#5211,#5212);
#4417=AXIS2_PLACEMENT_3D('',#6609,#5213,#5214);
#4418=AXIS2_PLACEMENT_3D('',#6612,#5216,#5217);
#4419=AXIS2_PLACEMENT_3D('',#6613,#5218,#5219);
#4420=AXIS2_PLACEMENT_3D('',#6619,#5223,#5224);
#4421=AXIS2_PLACEMENT_3D('',#6625,#5228,#5229);
#4422=AXIS2_PLACEMENT_3D('',#6629,#5231,#5232);
#4423=AXIS2_PLACEMENT_3D('',#6630,#5233,#5234);
#4424=AXIS2_PLACEMENT_3D('',#6631,#5235,#5236);
#4425=AXIS2_PLACEMENT_3D('',#6633,#5237,#5238);
#4426=AXIS2_PLACEMENT_3D('',#6636,#5240,#5241);
#4427=AXIS2_PLACEMENT_3D('',#6637,#5242,#5243);
#4428=AXIS2_PLACEMENT_3D('',#6643,#5247,#5248);
#4429=AXIS2_PLACEMENT_3D('',#6649,#5252,#5253);
#4430=AXIS2_PLACEMENT_3D('',#6653,#5255,#5256);
#4431=AXIS2_PLACEMENT_3D('',#6654,#5257,#5258);
#4432=AXIS2_PLACEMENT_3D('',#6655,#5259,#5260);
#4433=AXIS2_PLACEMENT_3D('',#6657,#5261,#5262);
#4434=AXIS2_PLACEMENT_3D('',#6660,#5264,#5265);
#4435=AXIS2_PLACEMENT_3D('',#6661,#5266,#5267);
#4436=AXIS2_PLACEMENT_3D('',#6667,#5271,#5272);
#4437=AXIS2_PLACEMENT_3D('',#6673,#5276,#5277);
#4438=AXIS2_PLACEMENT_3D('',#6677,#5279,#5280);
#4439=AXIS2_PLACEMENT_3D('',#6678,#5281,#5282);
#4440=AXIS2_PLACEMENT_3D('',#6679,#5283,#5284);
#4441=AXIS2_PLACEMENT_3D('',#6681,#5285,#5286);
#4442=AXIS2_PLACEMENT_3D('',#6684,#5288,#5289);
#4443=AXIS2_PLACEMENT_3D('',#6685,#5290,#5291);
#4444=AXIS2_PLACEMENT_3D('',#6691,#5295,#5296);
#4445=AXIS2_PLACEMENT_3D('',#6697,#5300,#5301);
#4446=AXIS2_PLACEMENT_3D('',#6701,#5303,#5304);
#4447=AXIS2_PLACEMENT_3D('',#6702,#5305,#5306);
#4448=AXIS2_PLACEMENT_3D('',#6703,#5307,#5308);
#4449=AXIS2_PLACEMENT_3D('',#6705,#5309,#5310);
#4450=AXIS2_PLACEMENT_3D('',#6708,#5312,#5313);
#4451=AXIS2_PLACEMENT_3D('',#6709,#5314,#5315);
#4452=AXIS2_PLACEMENT_3D('',#6712,#5318,#5319);
#4453=AXIS2_PLACEMENT_3D('',#6716,#5321,#5322);
#4454=AXIS2_PLACEMENT_3D('',#6718,#5324,#5325);
#4455=AXIS2_PLACEMENT_3D('',#6722,#5328,#5329);
#4456=AXIS2_PLACEMENT_3D('',#6725,#5331,#5332);
#4457=AXIS2_PLACEMENT_3D('',#6726,#5333,#5334);
#4458=AXIS2_PLACEMENT_3D('',#6730,#5337,#5338);
#4459=AXIS2_PLACEMENT_3D('',#6733,#5340,#5341);
#4460=AXIS2_PLACEMENT_3D('',#6734,#5342,#5343);
#4461=AXIS2_PLACEMENT_3D('',#6738,#5346,#5347);
#4462=AXIS2_PLACEMENT_3D('',#6741,#5349,#5350);
#4463=AXIS2_PLACEMENT_3D('',#6742,#5351,#5352);
#4464=AXIS2_PLACEMENT_3D('',#6746,#5355,#5356);
#4465=AXIS2_PLACEMENT_3D('',#6749,#5358,#5359);
#4466=AXIS2_PLACEMENT_3D('',#6750,#5360,#5361);
#4467=AXIS2_PLACEMENT_3D('',#6754,#5364,#5365);
#4468=AXIS2_PLACEMENT_3D('',#6757,#5367,#5368);
#4469=AXIS2_PLACEMENT_3D('',#6758,#5369,#5370);
#4470=AXIS2_PLACEMENT_3D('',#6762,#5373,#5374);
#4471=AXIS2_PLACEMENT_3D('',#6764,#5375,#5376);
#4472=AXIS2_PLACEMENT_3D('',#6765,#5377,#5378);
#4473=AXIS2_PLACEMENT_3D('',#6767,#5379,#5380);
#4474=AXIS2_PLACEMENT_3D('',#6771,#5382,#5383);
#4475=AXIS2_PLACEMENT_3D('',#6775,#5385,#5386);
#4476=AXIS2_PLACEMENT_3D('',#6779,#5388,#5389);
#4477=AXIS2_PLACEMENT_3D('',#6783,#5391,#5392);
#4478=AXIS2_PLACEMENT_3D('',#6787,#5394,#5395);
#4479=AXIS2_PLACEMENT_3D('',#6790,#5397,#5398);
#4480=AXIS2_PLACEMENT_3D('',#6791,#5399,#5400);
#4481=AXIS2_PLACEMENT_3D('',#6793,#5402,#5403);
#4482=AXIS2_PLACEMENT_3D('',#6795,#5405,#5406);
#4483=AXIS2_PLACEMENT_3D('',#6797,#5408,#5409);
#4484=AXIS2_PLACEMENT_3D('',#6799,#5411,#5412);
#4485=AXIS2_PLACEMENT_3D('',#6801,#5414,#5415);
#4486=AXIS2_PLACEMENT_3D('',#6803,#5417,#5418);
#4487=AXIS2_PLACEMENT_3D('',#6805,#5420,#5421);
#4488=AXIS2_PLACEMENT_3D('',#6807,#5423,#5424);
#4489=AXIS2_PLACEMENT_3D('',#6809,#5426,#5427);
#4490=AXIS2_PLACEMENT_3D('',#6811,#5429,#5430);
#4491=AXIS2_PLACEMENT_3D('',#6813,#5432,#5433);
#4492=AXIS2_PLACEMENT_3D('',#6814,#5434,#5435);
#4493=AXIS2_PLACEMENT_3D('',#6818,#5437,#5438);
#4494=AXIS2_PLACEMENT_3D('',#6822,#5441,#5442);
#4495=AXIS2_PLACEMENT_3D('',#6826,#5444,#5445);
#4496=AXIS2_PLACEMENT_3D('',#6830,#5447,#5448);
#4497=AXIS2_PLACEMENT_3D('',#6832,#5450,#5451);
#4498=AXIS2_PLACEMENT_3D('',#6835,#5453,#5454);
#4499=AXIS2_PLACEMENT_3D('',#6836,#5455,#5456);
#4500=AXIS2_PLACEMENT_3D('',#6838,#5457,#5458);
#4501=AXIS2_PLACEMENT_3D('',#6839,#5459,#5460);
#4502=AXIS2_PLACEMENT_3D('',#6842,#5462,#5463);
#4503=AXIS2_PLACEMENT_3D('',#6843,#5464,#5465);
#4504=AXIS2_PLACEMENT_3D('',#6847,#5468,#5469);
#4505=AXIS2_PLACEMENT_3D('',#6851,#5471,#5472);
#4506=AXIS2_PLACEMENT_3D('',#6853,#5474,#5475);
#4507=AXIS2_PLACEMENT_3D('',#6883,#5480,#5481);
#4508=AXIS2_PLACEMENT_3D('',#6886,#5484,#5485);
#4509=AXIS2_PLACEMENT_3D('',#6890,#5488,#5489);
#4510=AXIS2_PLACEMENT_3D('',#6894,#5491,#5492);
#4511=AXIS2_PLACEMENT_3D('',#6896,#5494,#5495);
#4512=AXIS2_PLACEMENT_3D('',#6898,#5496,#5497);
#4513=AXIS2_PLACEMENT_3D('',#6901,#5499,#5500);
#4514=AXIS2_PLACEMENT_3D('',#6902,#5501,#5502);
#4515=AXIS2_PLACEMENT_3D('',#6907,#5504,#5505);
#4516=AXIS2_PLACEMENT_3D('',#6910,#5507,#5508);
#4517=AXIS2_PLACEMENT_3D('',#6911,#5509,#5510);
#4518=AXIS2_PLACEMENT_3D('',#6917,#5514,#5515);
#4519=AXIS2_PLACEMENT_3D('',#6921,#5517,#5518);
#4520=AXIS2_PLACEMENT_3D('',#6923,#5520,#5521);
#4521=AXIS2_PLACEMENT_3D('',#6927,#5524,#5525);
#4522=AXIS2_PLACEMENT_3D('',#6929,#5526,#5527);
#4523=AXIS2_PLACEMENT_3D('',#6931,#5529,#5530);
#4524=AXIS2_PLACEMENT_3D('',#6933,#5532,#5533);
#4525=AXIS2_PLACEMENT_3D('',#6934,#5534,#5535);
#4526=AXIS2_PLACEMENT_3D('',#6935,#5536,#5537);
#4527=AXIS2_PLACEMENT_3D('',#6936,#5538,#5539);
#4528=AXIS2_PLACEMENT_3D('',#6948,#5544,#5545);
#4529=AXIS2_PLACEMENT_3D('',#6950,#5546,#5547);
#4530=AXIS2_PLACEMENT_3D('',#6953,#5549,#5550);
#4531=AXIS2_PLACEMENT_3D('',#6954,#5551,#5552);
#4532=AXIS2_PLACEMENT_3D('',#6960,#5556,#5557);
#4533=AXIS2_PLACEMENT_3D('',#6961,#5558,#5559);
#4534=AXIS2_PLACEMENT_3D('',#6962,#5560,#5561);
#4535=AXIS2_PLACEMENT_3D('',#6963,#5562,#5563);
#4536=AXIS2_PLACEMENT_3D('',#6982,#5570,#5571);
#4537=AXIS2_PLACEMENT_3D('',#6983,#5572,#5573);
#4538=AXIS2_PLACEMENT_3D('',#6986,#5575,#5576);
#4539=AXIS2_PLACEMENT_3D('',#6987,#5577,#5578);
#4540=AXIS2_PLACEMENT_3D('',#6989,#5580,#5581);
#4541=AXIS2_PLACEMENT_3D('',#6991,#5582,#5583);
#4542=AXIS2_PLACEMENT_3D('',#6993,#5585,#5586);
#4543=AXIS2_PLACEMENT_3D('',#6996,#5588,#5589);
#4544=AXIS2_PLACEMENT_3D('',#6997,#5590,#5591);
#4545=AXIS2_PLACEMENT_3D('',#7009,#5592,#5593);
#4546=AXIS2_PLACEMENT_3D('',#7011,#5595,#5596);
#4547=AXIS2_PLACEMENT_3D('',#7013,#5598,#5599);
#4548=AXIS2_PLACEMENT_3D('',#7015,#5601,#5602);
#4549=AXIS2_PLACEMENT_3D('',#7016,#5603,#5604);
#4550=AXIS2_PLACEMENT_3D('',#7018,#5606,#5607);
#4551=AXIS2_PLACEMENT_3D('',#7020,#5609,#5610);
#4552=AXIS2_PLACEMENT_3D('',#7022,#5612,#5613);
#4553=AXIS2_PLACEMENT_3D('',#7024,#5615,#5616);
#4554=AXIS2_PLACEMENT_3D('',#7026,#5618,#5619);
#4555=AXIS2_PLACEMENT_3D('',#7027,#5620,#5621);
#4556=AXIS2_PLACEMENT_3D('',#7029,#5623,#5624);
#4557=AXIS2_PLACEMENT_3D('',#7032,#5625,#5626);
#4558=AXIS2_PLACEMENT_3D('',#7036,#5628,#5629);
#4559=AXIS2_PLACEMENT_3D('',#7038,#5630,#5631);
#4560=AXIS2_PLACEMENT_3D('',#7040,#5632,#5633);
#4561=AXIS2_PLACEMENT_3D('',#7044,#5635,#5636);
#4562=AXIS2_PLACEMENT_3D('',#7046,#5637,#5638);
#4563=AXIS2_PLACEMENT_3D('',#7048,#5639,#5640);
#4564=AXIS2_PLACEMENT_3D('',#7052,#5642,#5643);
#4565=AXIS2_PLACEMENT_3D('',#7055,#5645,#5646);
#4566=AXIS2_PLACEMENT_3D('',#7056,#5647,#5648);
#4567=AXIS2_PLACEMENT_3D('',#7057,#5649,#5650);
#4568=AXIS2_PLACEMENT_3D('',#7058,#5651,#5652);
#4569=AXIS2_PLACEMENT_3D('',#7064,#5655,#5656);
#4570=AXIS2_PLACEMENT_3D('',#7066,#5657,#5658);
#4571=AXIS2_PLACEMENT_3D('',#7068,#5660,#5661);
#4572=AXIS2_PLACEMENT_3D('',#7070,#5662,#5663);
#4573=AXIS2_PLACEMENT_3D('',#7072,#5665,#5666);
#4574=AXIS2_PLACEMENT_3D('',#7074,#5667,#5668);
#4575=AXIS2_PLACEMENT_3D('',#7076,#5670,#5671);
#4576=AXIS2_PLACEMENT_3D('',#7080,#5674,#5675);
#4577=AXIS2_PLACEMENT_3D('',#7082,#5676,#5677);
#4578=AXIS2_PLACEMENT_3D('',#7085,#5679,#5680);
#4579=AXIS2_PLACEMENT_3D('',#7086,#5681,#5682);
#4580=AXIS2_PLACEMENT_3D('',#7094,#5687,#5688);
#4581=AXIS2_PLACEMENT_3D('',#7095,#5689,#5690);
#4582=AXIS2_PLACEMENT_3D('',#7097,#5691,#5692);
#4583=AXIS2_PLACEMENT_3D('',#7101,#5695,#5696);
#4584=AXIS2_PLACEMENT_3D('',#7103,#5697,#5698);
#4585=AXIS2_PLACEMENT_3D('',#7105,#5699,#5700);
#4586=AXIS2_PLACEMENT_3D('',#7107,#5702,#5703);
#4587=AXIS2_PLACEMENT_3D('',#7179,#5708,#5709);
#4588=AXIS2_PLACEMENT_3D('',#7181,#5711,#5712);
#4589=AXIS2_PLACEMENT_3D('',#7183,#5713,#5714);
#4590=AXIS2_PLACEMENT_3D('',#7185,#5716,#5717);
#4591=AXIS2_PLACEMENT_3D('',#7187,#5719,#5720);
#4592=AXIS2_PLACEMENT_3D('',#7190,#5723,#5724);
#4593=AXIS2_PLACEMENT_3D('',#7191,#5725,#5726);
#4594=AXIS2_PLACEMENT_3D('',#7193,#5728,#5729);
#4595=AXIS2_PLACEMENT_3D('',#7195,#5731,#5732);
#4596=AXIS2_PLACEMENT_3D('',#7221,#5734,#5735);
#4597=AXIS2_PLACEMENT_3D('',#7223,#5736,#5737);
#4598=AXIS2_PLACEMENT_3D('',#7224,#5738,#5739);
#4599=AXIS2_PLACEMENT_3D('',#7227,#5740,#5741);
#4600=AXIS2_PLACEMENT_3D('',#7228,#5742,#5743);
#4601=AXIS2_PLACEMENT_3D('',#7230,#5745,#5746);
#4602=AXIS2_PLACEMENT_3D('',#7233,#5747,#5748);
#4603=AXIS2_PLACEMENT_3D('',#7258,#5752,#5753);
#4604=AXIS2_PLACEMENT_3D('',#7260,#5754,#5755);
#4605=AXIS2_PLACEMENT_3D('',#7261,#5756,#5757);
#4606=AXIS2_PLACEMENT_3D('',#7262,#5758,#5759);
#4607=AXIS2_PLACEMENT_3D('',#7263,#5760,#5761);
#4608=AXIS2_PLACEMENT_3D('',#7266,#5762,#5763);
#4609=AXIS2_PLACEMENT_3D('',#7269,#5766,#5767);
#4610=AXIS2_PLACEMENT_3D('',#7273,#5770,#5771);
#4611=AXIS2_PLACEMENT_3D('',#7274,#5772,#5773);
#4612=AXIS2_PLACEMENT_3D('',#7275,#5774,#5775);
#4613=AXIS2_PLACEMENT_3D('',#7279,#5777,#5778);
#4614=AXIS2_PLACEMENT_3D('',#7280,#5779,#5780);
#4615=AXIS2_PLACEMENT_3D('',#7281,#5781,#5782);
#4616=AXIS2_PLACEMENT_3D('',#7285,#5784,#5785);
#4617=AXIS2_PLACEMENT_3D('',#7287,#5786,#5787);
#4618=AXIS2_PLACEMENT_3D('',#7289,#5789,#5790);
#4619=AXIS2_PLACEMENT_3D('',#7292,#5791,#5792);
#4620=AXIS2_PLACEMENT_3D('',#7295,#5795,#5796);
#4621=AXIS2_PLACEMENT_3D('',#7303,#5797,#5798);
#4622=AXIS2_PLACEMENT_3D('',#7304,#5799,#5800);
#4623=AXIS2_PLACEMENT_3D('',#7307,#5801,#5802);
#4624=AXIS2_PLACEMENT_3D('',#7310,#5805,#5806);
#4625=AXIS2_PLACEMENT_3D('',#7312,#5808,#5809);
#4626=AXIS2_PLACEMENT_3D('',#7313,#5810,#5811);
#4627=AXIS2_PLACEMENT_3D('',#7314,#5812,#5813);
#4628=AXIS2_PLACEMENT_3D('',#7327,#5814,#5815);
#4629=AXIS2_PLACEMENT_3D('',#7330,#5817,#5818);
#4630=AXIS2_PLACEMENT_3D('',#7331,#5819,#5820);
#4631=AXIS2_PLACEMENT_3D('',#7332,#5821,#5822);
#4632=AXIS2_PLACEMENT_3D('',#7345,#5825,#5826);
#4633=AXIS2_PLACEMENT_3D('',#7349,#5829,#5830);
#4634=AXIS2_PLACEMENT_3D('',#7360,#5832,#5833);
#4635=AXIS2_PLACEMENT_3D('',#7362,#5834,#5835);
#4636=AXIS2_PLACEMENT_3D('',#7364,#5836,#5837);
#4637=AXIS2_PLACEMENT_3D('',#7366,#5838,#5839);
#4638=AXIS2_PLACEMENT_3D('',#7368,#5840,#5841);
#4639=AXIS2_PLACEMENT_3D('',#7371,#5843,#5844);
#4640=AXIS2_PLACEMENT_3D('',#7372,#5845,#5846);
#4641=AXIS2_PLACEMENT_3D('',#7374,#5847,#5848);
#4642=AXIS2_PLACEMENT_3D('',#7375,#5849,#5850);
#4643=AXIS2_PLACEMENT_3D('',#7376,#5851,#5852);
#4644=AXIS2_PLACEMENT_3D('',#7378,#5853,#5854);
#4645=AXIS2_PLACEMENT_3D('',#7379,#5855,#5856);
#4646=AXIS2_PLACEMENT_3D('',#7380,#5857,#5858);
#4647=AXIS2_PLACEMENT_3D('',#7382,#5859,#5860);
#4648=AXIS2_PLACEMENT_3D('',#7395,#5861,#5862);
#4649=AXIS2_PLACEMENT_3D('',#7396,#5863,#5864);
#4650=AXIS2_PLACEMENT_3D('',#7397,#5865,#5866);
#4651=AXIS2_PLACEMENT_3D('',#7405,#5867,#5868);
#4652=AXIS2_PLACEMENT_3D('',#7406,#5869,#5870);
#4653=AXIS2_PLACEMENT_3D('',#7407,#5871,#5872);
#4654=AXIS2_PLACEMENT_3D('',#7408,#5873,#5874);
#4655=AXIS2_PLACEMENT_3D('',#7415,#5875,#5876);
#4656=AXIS2_PLACEMENT_3D('',#7424,#5878,#5879);
#4657=AXIS2_PLACEMENT_3D('',#7439,#5881,#5882);
#4658=AXIS2_PLACEMENT_3D('',#7441,#5883,#5884);
#4659=AXIS2_PLACEMENT_3D('',#7443,#5886,#5887);
#4660=AXIS2_PLACEMENT_3D('',#7447,#5890,#5891);
#4661=AXIS2_PLACEMENT_3D('',#7448,#5892,#5893);
#4662=AXIS2_PLACEMENT_3D('',#7449,#5894,#5895);
#4663=AXIS2_PLACEMENT_3D('',#7451,#5896,#5897);
#4664=AXIS2_PLACEMENT_3D('',#7454,#5899,#5900);
#4665=AXIS2_PLACEMENT_3D('',#7455,#5901,#5902);
#4666=AXIS2_PLACEMENT_3D('',#7456,#5903,#5904);
#4667=AXIS2_PLACEMENT_3D('',#7457,#5905,#5906);
#4668=AXIS2_PLACEMENT_3D('',#7458,#5907,#5908);
#4669=AXIS2_PLACEMENT_3D('',#7459,#5909,#5910);
#4670=AXIS2_PLACEMENT_3D('',#7460,#5911,#5912);
#4671=AXIS2_PLACEMENT_3D('',#7463,#5914,#5915);
#4672=AXIS2_PLACEMENT_3D('',#7464,#5916,#5917);
#4673=AXIS2_PLACEMENT_3D('',#7467,#5918,#5919);
#4674=AXIS2_PLACEMENT_3D('',#7468,#5920,#5921);
#4675=AXIS2_PLACEMENT_3D('',#7470,#5923,#5924);
#4676=AXIS2_PLACEMENT_3D('',#7472,#5926,#5927);
#4677=AXIS2_PLACEMENT_3D('',#7474,#5929,#5930);
#4678=AXIS2_PLACEMENT_3D('',#7476,#5932,#5933);
#4679=AXIS2_PLACEMENT_3D('',#7478,#5935,#5936);
#4680=AXIS2_PLACEMENT_3D('',#7481,#5938,#5939);
#4681=AXIS2_PLACEMENT_3D('',#7482,#5940,#5941);
#4682=AXIS2_PLACEMENT_3D('',#7484,#5942,#5943);
#4683=AXIS2_PLACEMENT_3D('',#7486,#5944,#5945);
#4684=AXIS2_PLACEMENT_3D('',#7487,#5946,#5947);
#4685=AXIS2_PLACEMENT_3D('',#7488,#5948,#5949);
#4686=AXIS2_PLACEMENT_3D('',#7491,#5951,#5952);
#4687=AXIS2_PLACEMENT_3D('',#7492,#5953,#5954);
#4688=AXIS2_PLACEMENT_3D('',#7493,#5955,#5956);
#4689=DIRECTION('axis',(0.,0.,1.));
#4690=DIRECTION('refdir',(1.,0.,0.));
#4691=DIRECTION('center_axis',(-3.99680288862436E-13,0.,1.));
#4692=DIRECTION('ref_axis',(-1.,2.22044604925031E-15,-3.99680288862436E-13));
#4693=DIRECTION('center_axis',(5.04870979341448E-29,-2.27023491166996E-26,
1.));
#4694=DIRECTION('ref_axis',(-1.,2.22044604925031E-15,5.04870979341952E-29));
#4695=DIRECTION('',(0.707106781183193,-1.48349685305378E-15,0.707106781189902));
#4696=DIRECTION('center_axis',(-3.99144592660697E-13,-1.137407311011E-26,
1.));
#4697=DIRECTION('ref_axis',(-1.,2.22044604925031E-15,-3.99144592660697E-13));
#4698=DIRECTION('center_axis',(-3.99144592660697E-13,-1.137407311011E-26,
1.));
#4699=DIRECTION('ref_axis',(1.,-2.19269047363422E-15,3.99144592660697E-13));
#4700=DIRECTION('',(2.19269047363464E-15,1.,1.22492731220546E-26));
#4701=DIRECTION('center_axis',(3.99144592660697E-13,1.137407311011E-26,
-1.));
#4702=DIRECTION('ref_axis',(-0.707106781186517,-0.707106781186578,-2.82237848144317E-13));
#4703=DIRECTION('',(-0.707106781186578,0.707106781186517,-2.82237848144325E-13));
#4704=DIRECTION('center_axis',(3.99144592660697E-13,1.137407311011E-26,
-1.));
#4705=DIRECTION('ref_axis',(-2.39953591015038E-14,-1.,-2.09516909444269E-26));
#4706=DIRECTION('',(-1.,1.11442232900299E-14,-3.99144592660697E-13));
#4707=DIRECTION('',(-0.70710678118651,-0.707106781186585,-2.82198595832847E-13));
#4708=DIRECTION('center_axis',(-3.99144592660697E-13,5.55111512198734E-17,
1.));
#4709=DIRECTION('ref_axis',(-0.38268343236512,0.923879532511274,-1.52797308345811E-13));
#4710=DIRECTION('',(-1.,-1.32909965798402E-14,-3.99144592660697E-13));
#4711=DIRECTION('center_axis',(3.99144592660697E-13,1.137407311011E-26,
-1.));
#4712=DIRECTION('ref_axis',(0.382683432365094,-0.923879532511285,1.52746022729352E-13));
#4713=DIRECTION('',(-0.707106781186549,-0.707106781186546,-2.8223784814433E-13));
#4714=DIRECTION('center_axis',(3.99144592660697E-13,1.137407311011E-26,
-1.));
#4715=DIRECTION('ref_axis',(0.923879532511286,-0.382683432365093,3.68761519671768E-13));
#4716=DIRECTION('',(-2.19269047363464E-15,-1.,-1.22492731220546E-26));
#4717=DIRECTION('center_axis',(3.99144592660697E-13,1.137407311011E-26,
-1.));
#4718=DIRECTION('ref_axis',(0.92387953251129,0.382683432365081,3.68761519671778E-13));
#4719=DIRECTION('',(0.707106781186542,-0.707106781186553,2.82237848144311E-13));
#4720=DIRECTION('center_axis',(-3.99144592660697E-13,-1.137407311011E-26,
1.));
#4721=DIRECTION('ref_axis',(-0.923879532511289,-0.382683432365085,-3.68761519671778E-13));
#4722=DIRECTION('',(-2.22044604925006E-15,-1.,-1.22603467664526E-26));
#4723=DIRECTION('center_axis',(-3.99144592660697E-13,-1.13740731101101E-26,
1.));
#4724=DIRECTION('ref_axis',(-0.923879532511287,0.382683432365089,-3.68761519671769E-13));
#4725=DIRECTION('',(-0.707106781186545,-0.70710678118655,-2.82237848144328E-13));
#4726=DIRECTION('center_axis',(3.99144592660697E-13,1.13740731101101E-26,
-1.));
#4727=DIRECTION('ref_axis',(0.923879532511286,-0.382683432365092,3.68761519671768E-13));
#4728=DIRECTION('',(-2.19269047363464E-15,-1.,-1.22492731220547E-26));
#4729=DIRECTION('center_axis',(3.99144592660697E-13,1.13740731101101E-26,
-1.));
#4730=DIRECTION('ref_axis',(0.923879532511286,0.382683432365092,3.68761519671777E-13));
#4731=DIRECTION('',(0.70710678118655,-0.707106781186545,2.82237848144314E-13));
#4732=DIRECTION('center_axis',(3.99144592660697E-13,1.13740731101101E-26,
-1.));
#4733=DIRECTION('ref_axis',(0.382683432365204,0.923879532511239,1.52746022729417E-13));
#4734=DIRECTION('',(1.,-2.50436755332983E-13,3.99144592660697E-13));
#4735=DIRECTION('center_axis',(-3.99200103811928E-13,5.55111512198995E-17,
1.));
#4736=DIRECTION('ref_axis',(-2.30371277609697E-15,-1.,5.55111512189798E-17));
#4737=DIRECTION('',(0.707106781186563,-0.707106781186532,2.82316352767253E-13));
#4738=DIRECTION('',(-1.,2.24820162486599E-15,-3.98788640998405E-13));
#4739=DIRECTION('center_axis',(-3.98788640998405E-13,-1.12239869151945E-26,
1.));
#4740=DIRECTION('ref_axis',(1.97351009630585E-15,1.,1.20110003244969E-26));
#4741=DIRECTION('',(-0.707106781186532,-0.707106781186563,-2.81986152310142E-13));
#4742=DIRECTION('center_axis',(-3.98788640998405E-13,-1.12239869151945E-26,
1.));
#4743=DIRECTION('ref_axis',(-1.,5.5454415847075E-16,-3.98788640998405E-13));
#4744=DIRECTION('center_axis',(-3.99144592660697E-13,-1.137407311011E-26,
1.));
#4745=DIRECTION('ref_axis',(1.,-2.19269047363464E-15,3.99144592660697E-13));
#4746=DIRECTION('center_axis',(-3.99144592660697E-13,-1.137407311011E-26,
1.));
#4747=DIRECTION('ref_axis',(-1.,4.1960686448266E-31,-3.99144592660697E-13));
#4748=DIRECTION('center_axis',(-3.99144592660697E-13,-1.13740731101101E-26,
1.));
#4749=DIRECTION('ref_axis',(-1.,1.79286569368752E-30,-3.99144592660697E-13));
#4750=DIRECTION('center_axis',(3.98788640998405E-13,1.12239869151945E-26,
-1.));
#4751=DIRECTION('ref_axis',(-3.33066907387545E-14,1.,-2.05834302066757E-27));
#4752=DIRECTION('',(1.,1.93178806284813E-13,3.98788640998405E-13));
#4753=DIRECTION('center_axis',(3.98788640998405E-13,1.12239869151945E-26,
-1.));
#4754=DIRECTION('ref_axis',(-1.64313007644527E-14,-1.,-1.77766030168866E-26));
#4755=DIRECTION('',(-1.,2.22044604925024E-15,-3.98788640998405E-13));
#4756=DIRECTION('center_axis',(5.04870979341448E-29,-2.27023491166996E-26,
1.));
#4757=DIRECTION('ref_axis',(-1.,2.22044604925031E-15,5.04870979341952E-29));
#4758=DIRECTION('center_axis',(5.04870979341448E-29,-2.27023491166996E-26,
1.));
#4759=DIRECTION('ref_axis',(1.,-2.19269047363464E-15,-5.04870979341946E-29));
#4760=DIRECTION('center_axis',(-3.98899663300867E-13,-1.13748816927467E-26,
1.));
#4761=DIRECTION('ref_axis',(-0.707106781186555,0.70710678118654,-2.82064656933069E-13));
#4762=DIRECTION('center_axis',(-3.05360938065843E-13,3.81639164594908E-17,
1.));
#4763=DIRECTION('ref_axis',(-0.707106781186555,0.70710678118654,-2.1594977597997E-13));
#4764=DIRECTION('',(-3.98899663300867E-13,-1.13748816927467E-26,1.));
#4765=DIRECTION('center_axis',(-3.05360938065843E-13,3.81639164594908E-17,
1.));
#4766=DIRECTION('ref_axis',(-0.707106781186555,0.70710678118654,-2.1594977597997E-13));
#4767=DIRECTION('',(3.98899663300867E-13,1.13748816927467E-26,-1.));
#4768=DIRECTION('center_axis',(1.,-2.19269047363464E-15,3.98899663300867E-13));
#4769=DIRECTION('ref_axis',(-2.19269047363464E-15,-1.,-1.2249538130015E-26));
#4770=DIRECTION('',(-2.19269047363466E-15,-1.,3.81639164588212E-17));
#4771=DIRECTION('',(2.22044604925007E-15,1.,-3.81639164588128E-17));
#4772=DIRECTION('',(3.98899663300867E-13,-1.10141207245907E-16,-1.));
#4773=DIRECTION('',(-2.19269047363468E-15,-1.,1.14491749401656E-16));
#4774=DIRECTION('',(2.19269047363464E-15,1.,1.22495319670392E-26));
#4775=DIRECTION('',(3.98899663300867E-13,1.13755337353798E-26,-1.));
#4776=DIRECTION('',(-2.28514503711658E-13,0.816496580927715,0.577350269189642));
#4777=DIRECTION('',(-2.19269047363464E-15,-1.,-1.22492731220546E-26));
#4778=DIRECTION('',(-2.32076378170131E-13,-0.816496580927731,0.577350269189619));
#4779=DIRECTION('',(3.98788640998405E-13,1.12247511241964E-26,-1.));
#4780=DIRECTION('center_axis',(3.05360938065843E-13,-3.81639164594908E-17,
-1.));
#4781=DIRECTION('ref_axis',(1.,-2.22044604925006E-15,3.05360938065843E-13));
#4782=DIRECTION('',(1.,8.66528100720729E-15,3.9788961804573E-13));
#4783=DIRECTION('center_axis',(3.05360938065841E-13,5.54729873147872E-14,
-1.));
#4784=DIRECTION('ref_axis',(-4.21884749357642E-14,1.,5.54729873147743E-14));
#4785=DIRECTION('',(9.67970766721042E-11,-1.,1.43660646443825E-14));
#4786=DIRECTION('center_axis',(3.94178780035853E-13,-3.81639078611042E-17,
-1.));
#4787=DIRECTION('ref_axis',(1.,9.68092273012622E-11,3.94178780035849E-13));
#4788=DIRECTION('center_axis',(-3.67776558565742E-13,-4.36936744867258E-14,
1.));
#4789=DIRECTION('ref_axis',(-0.81897969191623,-0.57382250237229,-3.26273946259996E-13));
#4790=DIRECTION('center_axis',(-3.67776558565742E-13,-4.36936744867258E-14,
1.));
#4791=DIRECTION('ref_axis',(-0.81897969191623,-0.57382250237229,-3.26273946259996E-13));
#4792=DIRECTION('center_axis',(-3.05360938065843E-13,3.81639164594908E-17,
1.));
#4793=DIRECTION('ref_axis',(0.839587979582903,-0.54322373341,2.56398104579422E-13));
#4794=DIRECTION('',(-1.,3.29911296165917E-15,-3.05360938065843E-13));
#4795=DIRECTION('center_axis',(-3.05360938065843E-13,3.81639164594908E-17,
1.));
#4796=DIRECTION('ref_axis',(-0.707106781186555,-0.70710678118654,-2.1589580405172E-13));
#4797=DIRECTION('center_axis',(-0.70710678118683,1.55046630294215E-15,0.707106781186266));
#4798=DIRECTION('ref_axis',(0.707106781186266,4.66121198589542E-17,0.70710678118683));
#4799=DIRECTION('',(-0.707106781186263,-7.79886422641458E-16,-0.707106781186832));
#4800=DIRECTION('',(-0.707106781186266,-1.96444397770306E-15,-0.707106781186829));
#4801=DIRECTION('center_axis',(2.4501334937125E-15,1.,1.23522391184308E-26));
#4802=DIRECTION('ref_axis',(3.98844152149636E-13,1.13750177024776E-26,-1.));
#4803=DIRECTION('',(1.,-2.4501334937125E-15,3.05360938065843E-13));
#4804=DIRECTION('',(-4.0925079213461E-13,-1.1349519814435E-26,1.));
#4805=DIRECTION('center_axis',(-3.98788640998405E-13,-1.12239869151945E-26,
1.));
#4806=DIRECTION('ref_axis',(1.44388858168285E-14,1.,1.69820505676187E-26));
#4807=DIRECTION('center_axis',(-4.92764108379147E-13,-1.11034746660809E-26,
1.));
#4808=DIRECTION('ref_axis',(1.44388858168285E-14,1.,1.82184393615987E-26));
#4809=DIRECTION('center_axis',(-4.92764108379147E-13,-1.11034746660809E-26,
1.));
#4810=DIRECTION('ref_axis',(-1.44388858168285E-14,-1.,-1.82184393615987E-26));
#4811=DIRECTION('',(3.89839903272721E-13,1.13320123106817E-26,-1.));
#4812=DIRECTION('center_axis',(3.05360938065843E-13,-3.81639164594908E-17,
-1.));
#4813=DIRECTION('ref_axis',(1.44388858168285E-14,1.,1.69820505676187E-26));
#4814=DIRECTION('',(-3.98788640998405E-13,-1.12239869151945E-26,1.));
#4815=DIRECTION('center_axis',(1.87682624634482E-13,-4.56623304089337E-13,
-1.));
#4816=DIRECTION('ref_axis',(0.707106781186756,0.707106781186339,-1.89478062869355E-13));
#4817=DIRECTION('',(2.79476457645713E-13,0.707106781186547,-0.707106781186548));
#4818=DIRECTION('',(-0.500000000000409,-0.499999999999712,0.707106781186463));
#4819=DIRECTION('center_axis',(-3.98788640998405E-13,-1.12239869151945E-26,
1.));
#4820=DIRECTION('ref_axis',(0.382683432365064,0.923879532511298,1.52609805925479E-13));
#4821=DIRECTION('',(3.89839903272721E-13,1.13320123106817E-26,-1.));
#4822=DIRECTION('center_axis',(-3.05360938065843E-13,3.81639164594908E-17,
1.));
#4823=DIRECTION('ref_axis',(0.382683432365064,0.923879532511298,1.52609805925479E-13));
#4824=DIRECTION('',(3.89839903272721E-13,1.13320123106817E-26,-1.));
#4825=DIRECTION('center_axis',(2.80396433695722E-13,-0.70710678118655,-0.707106781186545));
#4826=DIRECTION('ref_axis',(-1.,2.24820162486556E-15,-3.98788640998405E-13));
#4827=DIRECTION('',(1.,-2.24820162486599E-15,3.98788640998405E-13));
#4828=DIRECTION('',(-2.83035359485424E-13,-0.707106781186545,0.70710678118655));
#4829=DIRECTION('center_axis',(3.98788640998405E-13,1.12239869151945E-26,
-1.));
#4830=DIRECTION('ref_axis',(-0.382683432365102,0.923879532511282,-1.52609805925474E-13));
#4831=DIRECTION('center_axis',(-0.500000000000294,0.499999999999991,0.707106781186346));
#4832=DIRECTION('ref_axis',(-0.499999999999727,0.499999999999988,-0.707106781186749));
#4833=DIRECTION('',(-3.98788640998405E-13,-1.12239869151945E-26,1.));
#4834=DIRECTION('center_axis',(-3.05360938065843E-13,3.81639164594908E-17,
1.));
#4835=DIRECTION('ref_axis',(-0.382683432365102,0.923879532511282,-1.52609805925474E-13));
#4836=DIRECTION('',(3.98788640998405E-13,1.12239869151945E-26,-1.));
#4837=DIRECTION('center_axis',(-0.707106781186563,0.707106781186532,-2.81986152310138E-13));
#4838=DIRECTION('ref_axis',(-3.9890313274782E-13,-1.1449174942593E-16,1.));
#4839=DIRECTION('',(-0.707106781186532,-0.707106781186563,-2.15895804051713E-13));
#4840=DIRECTION('',(-3.98788640998405E-13,-1.12247511241964E-26,1.));
#4841=DIRECTION('',(0.707106781186532,0.707106781186563,2.81986152310142E-13));
#4842=DIRECTION('center_axis',(0.500000000000294,-0.499999999999991,-0.707106781186346));
#4843=DIRECTION('ref_axis',(-0.816496580927488,1.94289029309402E-15,-0.577350269189963));
#4844=DIRECTION('center_axis',(-0.500000000000294,0.499999999999991,0.707106781186346));
#4845=DIRECTION('ref_axis',(-0.499999999999727,0.499999999999988,-0.707106781186749));
#4846=DIRECTION('',(0.499999999999725,-0.49999999999999,0.707106781186749));
#4847=DIRECTION('',(-0.499999999999727,0.499999999999988,-0.707106781186749));
#4848=DIRECTION('',(-0.816496580927488,1.8356489399457E-15,-0.577350269189963));
#4849=DIRECTION('center_axis',(3.98788640998405E-13,1.12247511241964E-26,
-1.));
#4850=DIRECTION('ref_axis',(-0.92387953251129,0.382683432365081,-3.68432663216415E-13));
#4851=DIRECTION('center_axis',(-3.05360938065843E-13,3.81639164594908E-17,
1.));
#4852=DIRECTION('ref_axis',(-0.92387953251129,0.382683432365081,-3.68432663216415E-13));
#4853=DIRECTION('center_axis',(3.98513949469845E-13,1.14491749425543E-16,
-1.));
#4854=DIRECTION('ref_axis',(1.9735100963058E-15,1.,1.14491749426329E-16));
#4855=DIRECTION('center_axis',(2.24820162486599E-15,1.,1.21205252830515E-26));
#4856=DIRECTION('ref_axis',(-1.,2.24820162486599E-15,-3.98788640998405E-13));
#4857=DIRECTION('',(-1.,2.24820162486599E-15,-3.05360938065843E-13));
#4858=DIRECTION('center_axis',(4.03448690037992E-13,-1.69365746638402E-15,
-1.));
#4859=DIRECTION('ref_axis',(-1.,5.5454415847075E-16,-4.03448690037992E-13));
#4860=DIRECTION('center_axis',(-3.89839903272721E-13,-8.94873772569548E-15,
1.));
#4861=DIRECTION('ref_axis',(0.923879532511278,0.382683432365111,3.63589641258048E-13));
#4862=DIRECTION('center_axis',(3.98788640998405E-13,1.12239622632912E-26,
-1.));
#4863=DIRECTION('ref_axis',(0.923879532511281,0.382683432365105,3.6843266321642E-13));
#4864=DIRECTION('',(-3.89839903272721E-13,-8.94873772569548E-15,1.));
#4865=DIRECTION('center_axis',(3.05360938065843E-13,-3.81639164594908E-17,
-1.));
#4866=DIRECTION('ref_axis',(0.923879532511278,0.382683432365111,3.63589641258048E-13));
#4867=DIRECTION('',(3.89839903272721E-13,8.94873772569548E-15,-1.));
#4868=DIRECTION('center_axis',(-2.00117700188685E-14,-1.,-1.92044162139982E-26));
#4869=DIRECTION('ref_axis',(1.,-2.00117700188685E-14,3.98788640998405E-13));
#4870=DIRECTION('',(-3.98788640998405E-13,-1.12239869151945E-26,1.));
#4871=DIRECTION('',(-1.,2.22044604925024E-15,-3.98788640998405E-13));
#4872=DIRECTION('',(4.92764108379147E-13,1.11034746660809E-26,-1.));
#4873=DIRECTION('',(-1.,2.22044604925024E-15,-3.98788640998405E-13));
#4874=DIRECTION('',(4.87539529439735E-13,1.11150755617459E-26,-1.));
#4875=DIRECTION('',(-1.,2.22044604925024E-15,-3.98788640998405E-13));
#4876=DIRECTION('',(4.9309064456286E-13,1.11027249581986E-26,-1.));
#4877=DIRECTION('',(-1.,2.22044604925024E-15,-3.98788640998405E-13));
#4878=DIRECTION('',(4.92764108379147E-13,1.11034746660809E-26,-1.));
#4879=DIRECTION('',(-1.,2.22044604925024E-15,-3.98788640998405E-13));
#4880=DIRECTION('',(1.,-2.00117700188685E-14,3.05360938065843E-13));
#4881=DIRECTION('center_axis',(1.93178806284813E-13,-1.,8.4224228855052E-26));
#4882=DIRECTION('ref_axis',(-1.,-1.93178806284813E-13,-3.98788640998405E-13));
#4883=DIRECTION('',(-1.,-1.93178806284813E-13,-3.98788640998405E-13));
#4884=DIRECTION('',(4.93460718904402E-13,1.11019278799922E-26,-1.));
#4885=DIRECTION('',(-1.,-1.93178806284813E-13,-3.98788640998405E-13));
#4886=DIRECTION('',(4.93460718904402E-13,1.11019278799922E-26,-1.));
#4887=DIRECTION('center_axis',(2.00117700188686E-14,1.,1.92044162139982E-26));
#4888=DIRECTION('ref_axis',(-1.,2.00117700188686E-14,-3.98788640998405E-13));
#4889=DIRECTION('',(1.,-2.22044604925024E-15,3.98788640998405E-13));
#4890=DIRECTION('',(4.92764108379147E-13,1.11034746660809E-26,-1.));
#4891=DIRECTION('',(1.,-2.22044604925024E-15,3.98788640998405E-13));
#4892=DIRECTION('',(4.9309064456286E-13,1.11027249581986E-26,-1.));
#4893=DIRECTION('',(1.,-2.22044604925024E-15,3.98788640998405E-13));
#4894=DIRECTION('',(4.87539529439735E-13,1.11150755617459E-26,-1.));
#4895=DIRECTION('',(1.,-2.22044604925024E-15,3.98788640998405E-13));
#4896=DIRECTION('',(4.92764108379147E-13,1.11034746660809E-26,-1.));
#4897=DIRECTION('',(1.,-2.22044604925024E-15,3.98788640998405E-13));
#4898=DIRECTION('',(-3.98788640998405E-13,-1.12239869151945E-26,1.));
#4899=DIRECTION('',(-1.,2.00117700188686E-14,-3.05360938065843E-13));
#4900=DIRECTION('center_axis',(1.,-2.22044604925024E-15,4.92764108379147E-13));
#4901=DIRECTION('ref_axis',(-2.22044604925024E-15,-1.,-1.21091797547458E-26));
#4902=DIRECTION('',(2.22044604925024E-15,1.,1.21091797547458E-26));
#4903=DIRECTION('',(-2.22044604925024E-15,-1.,-1.21091797547458E-26));
#4904=DIRECTION('',(-2.22044604925024E-15,-1.,-1.21091797547458E-26));
#4905=DIRECTION('center_axis',(-4.92764108379147E-13,-1.11034746660809E-26,
1.));
#4906=DIRECTION('ref_axis',(1.,-2.22044604925025E-15,4.92764108379147E-13));
#4907=DIRECTION('center_axis',(4.92764108379147E-13,1.11034746660809E-26,
-1.));
#4908=DIRECTION('ref_axis',(1.79219384431037E-14,1.,1.99347626834229E-26));
#4909=DIRECTION('',(2.22044604925024E-15,1.,1.21091797547458E-26));
#4910=DIRECTION('center_axis',(-1.,2.22044604925024E-15,-4.92764108379147E-13));
#4911=DIRECTION('ref_axis',(2.22044604925024E-15,1.,1.21091797547458E-26));
#4912=DIRECTION('',(-2.22044604925024E-15,-1.,-1.21091797547458E-26));
#4913=DIRECTION('',(2.22044604925024E-15,1.,1.21091797547458E-26));
#4914=DIRECTION('center_axis',(3.98788640998405E-13,1.12236910923551E-26,
-1.));
#4915=DIRECTION('ref_axis',(-1.,2.22044604925025E-15,-3.98788640998405E-13));
#4916=DIRECTION('center_axis',(-3.98788640998405E-13,-1.12236910923551E-26,
1.));
#4917=DIRECTION('ref_axis',(-1.64313007644527E-14,-1.,-1.77763071940473E-26));
#4918=DIRECTION('center_axis',(-3.98788640998405E-13,-1.12236910923551E-26,
1.));
#4919=DIRECTION('ref_axis',(-3.33066907387545E-14,1.,-2.05863884350696E-27));
#4920=DIRECTION('center_axis',(3.98788640998405E-13,1.12236910923551E-26,
-1.));
#4921=DIRECTION('ref_axis',(-1.,2.22044604925025E-15,-3.98788640998405E-13));
#4922=DIRECTION('center_axis',(-3.98788640998405E-13,-1.12236910923551E-26,
1.));
#4923=DIRECTION('ref_axis',(-3.33066907387545E-14,1.,-2.05863884350696E-27));
#4924=DIRECTION('',(1.,-2.22044604925024E-15,3.98788640998405E-13));
#4925=DIRECTION('center_axis',(-3.98788640998405E-13,-1.12236910923551E-26,
1.));
#4926=DIRECTION('ref_axis',(-1.64313007644527E-14,-1.,-1.77763071940473E-26));
#4927=DIRECTION('center_axis',(-4.93460718904402E-13,-1.11019278799922E-26,
1.));
#4928=DIRECTION('ref_axis',(-1.64313007644527E-14,-1.,-1.92101293677535E-26));
#4929=DIRECTION('center_axis',(-3.98788640998405E-13,-1.12239869151945E-26,
1.));
#4930=DIRECTION('ref_axis',(-1.64313007644527E-14,-1.,-1.77766030168866E-26));
#4931=DIRECTION('center_axis',(-3.98788640998405E-13,-1.12236910923551E-26,
1.));
#4932=DIRECTION('ref_axis',(-1.64313007644527E-14,-1.,-1.77763071940472E-26));
#4933=DIRECTION('',(4.93460718904402E-13,1.11019278799922E-26,-1.));
#4934=DIRECTION('center_axis',(3.98788640998405E-13,1.12236910923551E-26,
-1.));
#4935=DIRECTION('ref_axis',(-1.,2.22044604925025E-15,-3.98788640998405E-13));
#4936=DIRECTION('center_axis',(3.98788640998405E-13,1.12236910923551E-26,
-1.));
#4937=DIRECTION('ref_axis',(-1.,2.22044604925025E-15,-3.98788640998405E-13));
#4938=DIRECTION('center_axis',(-3.98788640998405E-13,-1.12236910923551E-26,
1.));
#4939=DIRECTION('ref_axis',(-3.33066907387545E-14,1.,-2.05863884350697E-27));
#4940=DIRECTION('center_axis',(-4.93460718904402E-13,-1.11019278799922E-26,
1.));
#4941=DIRECTION('ref_axis',(-3.33066907387545E-14,1.,-5.33361567628018E-27));
#4942=DIRECTION('center_axis',(-3.98788640998405E-13,-1.12239869151945E-26,
1.));
#4943=DIRECTION('ref_axis',(-3.33066907387545E-14,1.,-2.05834302066757E-27));
#4944=DIRECTION('',(4.93460718904402E-13,1.11019278799922E-26,-1.));
#4945=DIRECTION('center_axis',(2.22044604925024E-15,1.,1.21976307837438E-26));
#4946=DIRECTION('ref_axis',(1.,-2.22044604925024E-15,3.98788640998405E-13));
#4947=DIRECTION('',(1.,-2.22044604925024E-15,3.98788640998405E-13));
#4948=DIRECTION('center_axis',(-3.87702723950317E-13,-1.14491749425567E-16,
1.));
#4949=DIRECTION('ref_axis',(-1.64313007644527E-14,-1.,-1.14491749431937E-16));
#4950=DIRECTION('',(4.1386582785668E-13,-0.707106781186899,-0.707106781186196));
#4951=DIRECTION('',(-2.75736943804182E-13,-0.70710678118655,0.707106781186545));
#4952=DIRECTION('center_axis',(2.80416059851457E-13,-0.707106781186545,
-0.70710678118655));
#4953=DIRECTION('ref_axis',(-1.,2.24820162486614E-15,-3.98816396574021E-13));
#4954=DIRECTION('',(-2.44335094630183E-13,-0.707106781187303,0.707106781185792));
#4955=DIRECTION('center_axis',(1.4538810840463E-13,0.707106781186542,-0.707106781186553));
#4956=DIRECTION('ref_axis',(-1.,2.24820162486594E-15,-2.0336163308873E-13));
#4957=DIRECTION('',(3.03959355748755E-13,-0.707106781187319,-0.707106781185776));
#4958=DIRECTION('center_axis',(-3.87702723950317E-13,-1.14491749425567E-16,
1.));
#4959=DIRECTION('ref_axis',(-3.33066907387546E-14,1.,1.14491749412654E-16));
#4960=DIRECTION('center_axis',(-4.92764108379147E-13,-1.11034746660809E-26,
1.));
#4961=DIRECTION('ref_axis',(1.,-2.22044604925025E-15,4.92764108379147E-13));
#4962=DIRECTION('center_axis',(4.92764108379147E-13,1.11034746660809E-26,
-1.));
#4963=DIRECTION('ref_axis',(-1.44388858168285E-14,-1.,-1.82184393615987E-26));
#4964=DIRECTION('center_axis',(-4.98725026412868E-13,-1.14491749425317E-16,
1.));
#4965=DIRECTION('ref_axis',(-1.44388858168284E-14,-1.,-1.14491749432518E-16));
#4966=DIRECTION('center_axis',(-4.92764108379147E-13,-1.11034746660809E-26,
1.));
#4967=DIRECTION('ref_axis',(1.,-2.22044604925025E-15,4.92764108379147E-13));
#4968=DIRECTION('center_axis',(4.92764108379147E-13,1.11034746660809E-26,
-1.));
#4969=DIRECTION('ref_axis',(1.44388858168285E-14,1.,1.82184393615987E-26));
#4970=DIRECTION('center_axis',(-4.98725026412867E-13,-1.14491749425317E-16,
1.));
#4971=DIRECTION('ref_axis',(1.44388858168284E-14,1.,1.14491749432518E-16));
#4972=DIRECTION('center_axis',(-4.92764108379147E-13,-1.11034746660809E-26,
1.));
#4973=DIRECTION('ref_axis',(1.,-2.22044604925025E-15,4.92764108379147E-13));
#4974=DIRECTION('center_axis',(4.92764108379147E-13,1.11034746660809E-26,
-1.));
#4975=DIRECTION('ref_axis',(-1.79219384431037E-14,-1.,-1.99347626834229E-26));
#4976=DIRECTION('center_axis',(-4.98725026412798E-13,-1.14491749425317E-16,
1.));
#4977=DIRECTION('ref_axis',(-1.79219384431036E-14,-1.,-1.14491749434255E-16));
#4978=DIRECTION('center_axis',(-4.92764108379147E-13,-1.11034746660809E-26,
1.));
#4979=DIRECTION('ref_axis',(-1.79219384431037E-14,-1.,-1.99347626834229E-26));
#4980=DIRECTION('center_axis',(-3.98788640998405E-13,-1.12239869151945E-26,
1.));
#4981=DIRECTION('ref_axis',(-1.79219384431037E-14,-1.,-1.83710523909769E-26));
#4982=DIRECTION('center_axis',(-4.92764108379147E-13,-1.11034746660809E-26,
1.));
#4983=DIRECTION('ref_axis',(1.79219384431037E-14,1.,1.99347626834229E-26));
#4984=DIRECTION('center_axis',(3.05360938065843E-13,-3.81639164594908E-17,
-1.));
#4985=DIRECTION('ref_axis',(-1.79219384431037E-14,-1.,-1.83710523909769E-26));
#4986=DIRECTION('center_axis',(-4.98725026412797E-13,-1.14491749425317E-16,
1.));
#4987=DIRECTION('ref_axis',(1.79219384431036E-14,1.,1.14491749434255E-16));
#4988=DIRECTION('center_axis',(-3.98899663300868E-13,-1.13748742969669E-26,
1.));
#4989=DIRECTION('ref_axis',(1.,0.,3.9819999149889E-13));
#4990=DIRECTION('center_axis',(1.77358128183867E-14,1.,-3.81639164525394E-17));
#4991=DIRECTION('ref_axis',(-1.,1.77358128183867E-14,-3.05416449217074E-13));
#4992=DIRECTION('center_axis',(-0.707106781186532,-0.707106781186563,-2.82064656933076E-13));
#4993=DIRECTION('ref_axis',(-0.707106781186563,0.707106781186532,-2.82064656933072E-13));
#4994=DIRECTION('',(-0.707106781186563,0.707106781186532,-2.82316352767253E-13));
#4995=DIRECTION('',(-3.98899663300867E-13,-1.133043924129E-26,1.));
#4996=DIRECTION('',(0.707106781186563,-0.707106781186532,2.82064656933072E-13));
#4997=DIRECTION('',(3.81203048435549E-13,1.13463212299834E-26,-1.));
#4998=DIRECTION('',(0.707106781186563,-0.707106781186532,2.82064656933072E-13));
#4999=DIRECTION('center_axis',(0.707106781186532,0.707106781186563,2.82064656933076E-13));
#5000=DIRECTION('ref_axis',(-0.707106781186563,0.707106781186532,-2.82031042334828E-13));
#5001=DIRECTION('',(-0.707106781186563,0.707106781186532,-2.15949775979973E-13));
#5002=DIRECTION('center_axis',(0.499999999999704,0.500000000000008,0.707106781186751));
#5003=DIRECTION('ref_axis',(0.816496580927966,-2.77555756156289E-17,-0.577350269189287));
#5004=DIRECTION('',(-0.499999998340391,-0.499999998340138,0.707106783533768));
#5005=DIRECTION('center_axis',(-3.99680288865056E-13,-7.31814110008992E-41,
1.));
#5006=DIRECTION('ref_axis',(-1.,1.93348261083921E-30,-3.99680288865056E-13));
#5007=DIRECTION('center_axis',(3.99144592660697E-13,1.13740731101101E-26,
-1.));
#5008=DIRECTION('ref_axis',(-1.,1.67842745792045E-30,-3.99144592660697E-13));
#5009=DIRECTION('',(0.707106781186265,8.6595605623548E-17,0.70710678118683));
#5010=DIRECTION('center_axis',(3.99144592660697E-13,1.13740731101101E-26,
-1.));
#5011=DIRECTION('ref_axis',(-1.,1.67842745792045E-30,-3.99144592660697E-13));
#5012=DIRECTION('center_axis',(3.99144592660697E-13,1.13740731101102E-26,
-1.));
#5013=DIRECTION('ref_axis',(1.,-1.67842745792045E-30,3.99144592660697E-13));
#5014=DIRECTION('',(3.99144592660697E-13,1.13740731101102E-26,-1.));
#5015=DIRECTION('center_axis',(3.99144592660697E-13,1.13740731101102E-26,
-1.));
#5016=DIRECTION('ref_axis',(1.,-1.67842745792045E-30,3.99144592660697E-13));
#5017=DIRECTION('center_axis',(-3.99144592660697E-13,-1.13740731101102E-26,
1.));
#5018=DIRECTION('ref_axis',(1.,-1.67842745792045E-30,3.99144592660697E-13));
#5019=DIRECTION('center_axis',(-3.98899663300868E-13,-1.13748681339911E-26,
1.));
#5020=DIRECTION('ref_axis',(1.,-2.19269047363464E-15,3.98899663300868E-13));
#5021=DIRECTION('',(-0.70710678118683,-8.65956056315908E-17,0.707106781186266));
#5022=DIRECTION('center_axis',(-3.98899663300868E-13,-1.13748681339911E-26,
1.));
#5023=DIRECTION('ref_axis',(1.,-2.19269047363464E-15,3.98899663300868E-13));
#5024=DIRECTION('center_axis',(3.98899663300867E-13,1.13748742969669E-26,
-1.));
#5025=DIRECTION('ref_axis',(1.,-2.19269047363464E-15,3.98899663300868E-13));
#5026=DIRECTION('',(-3.98899663300868E-13,-1.13748681339911E-26,1.));
#5027=DIRECTION('center_axis',(3.98899663300867E-13,1.13748742969669E-26,
-1.));
#5028=DIRECTION('ref_axis',(1.,-2.19269047363464E-15,3.98899663300868E-13));
#5029=DIRECTION('',(3.81203048435549E-13,1.13463212299834E-26,-1.));
#5030=DIRECTION('center_axis',(-3.98899663300868E-13,-1.13748681339911E-26,
1.));
#5031=DIRECTION('ref_axis',(1.,-2.19269047363464E-15,3.98899663300868E-13));
#5032=DIRECTION('',(3.81203048435549E-13,1.13463212299834E-26,-1.));
#5033=DIRECTION('center_axis',(3.98899663300868E-13,1.13748742969669E-26,
-1.));
#5034=DIRECTION('ref_axis',(-1.,0.,-3.9819999149889E-13));
#5035=DIRECTION('center_axis',(-3.98899663300868E-13,-1.13748742969669E-26,
1.));
#5036=DIRECTION('ref_axis',(-0.38268343236524,0.923879532511225,-1.52652292321304E-13));
#5037=DIRECTION('center_axis',(-2.77555756158669E-17,1.,-3.81639164596213E-17));
#5038=DIRECTION('ref_axis',(-4.03116075384088E-13,3.81639164596101E-17,
1.));
#5039=DIRECTION('center_axis',(3.98899663300868E-13,1.13748742969669E-26,
-1.));
#5040=DIRECTION('ref_axis',(-0.38268343236524,0.923879532511225,-1.52652292321304E-13));
#5041=DIRECTION('center_axis',(1.,-2.19269047363464E-15,3.98899663300868E-13));
#5042=DIRECTION('ref_axis',(2.19269047363464E-15,1.,1.22495431374329E-26));
#5043=DIRECTION('center_axis',(-1.,2.19269047363454E-15,-3.85655382911502E-13));
#5044=DIRECTION('ref_axis',(2.19269047363454E-15,1.,1.22495431374329E-26));
#5045=DIRECTION('',(1.,-2.19269047363464E-15,3.98899663300868E-13));
#5046=DIRECTION('center_axis',(1.,-2.19269047363464E-15,3.98899663300868E-13));
#5047=DIRECTION('ref_axis',(2.19269047363464E-15,1.,1.22495431374329E-26));
#5048=DIRECTION('center_axis',(-3.94234291187081E-13,3.81639164596104E-17,
1.));
#5049=DIRECTION('ref_axis',(-0.923879532511287,0.382683432365089,-3.64239597340382E-13));
#5050=DIRECTION('',(0.500000000000274,-0.499999999999991,-0.70710678118636));
#5051=DIRECTION('',(0.707106781186822,-3.14092089820654E-14,-0.707106781186273));
#5052=DIRECTION('center_axis',(0.49999999999972,-0.499999999999999,0.707106781186747));
#5053=DIRECTION('ref_axis',(0.816496580927955,-1.66533453693773E-16,-0.577350269189302));
#5054=DIRECTION('',(2.28514503711651E-13,-0.816496580927727,-0.577350269189624));
#5055=DIRECTION('',(-0.50000000000028,0.500000000000001,0.707106781186349));
#5056=DIRECTION('center_axis',(3.94234291187079E-13,-3.81639164596104E-17,
-1.));
#5057=DIRECTION('ref_axis',(0.923879532511286,-0.382683432365092,3.6423959734038E-13));
#5058=DIRECTION('',(-0.707106781186815,7.35980839150245E-18,0.70710678118628));
#5059=DIRECTION('center_axis',(0.707106781186273,-1.55046630295825E-15,
0.707106781186822));
#5060=DIRECTION('ref_axis',(0.707106781186822,-7.35980839150159E-18,-0.707106781186273));
#5061=DIRECTION('',(-0.70710678118683,7.35980839150126E-18,0.707106781186265));
#5062=DIRECTION('',(2.19269047363464E-15,1.,1.22492731220547E-26));
#5063=DIRECTION('center_axis',(3.9423429118708E-13,-3.81639164596104E-17,
-1.));
#5064=DIRECTION('ref_axis',(0.923879532511286,0.382683432365092,3.64210387943294E-13));
#5065=DIRECTION('',(-0.500000000000252,-0.499999999999978,0.707106781186385));
#5066=DIRECTION('center_axis',(-3.99144592660697E-13,-1.13740731101101E-26,
1.));
#5067=DIRECTION('ref_axis',(0.923879532511286,0.382683432365092,3.68761519671777E-13));
#5068=DIRECTION('center_axis',(0.499999999999742,0.500000000000028,0.707106781186711));
#5069=DIRECTION('ref_axis',(0.81649658092793,2.77555756156289E-17,-0.577350269189338));
#5070=DIRECTION('',(-0.70710678118655,0.707106781186545,-2.82237848144314E-13));
#5071=DIRECTION('',(-0.500000000000255,-0.499999999999976,0.707106781186384));
#5072=DIRECTION('center_axis',(3.94234291187084E-13,-3.81639164596104E-17,
-1.));
#5073=DIRECTION('ref_axis',(0.382683432365204,0.923879532511239,1.50831672846239E-13));
#5074=DIRECTION('center_axis',(-3.99144592660697E-13,-1.13740731101101E-26,
1.));
#5075=DIRECTION('ref_axis',(0.382683432365204,0.923879532511239,1.52746022729417E-13));
#5076=DIRECTION('',(-4.51456284974147E-13,-0.707106781186532,0.707106781186563));
#5077=DIRECTION('center_axis',(-1.05152320188575E-13,0.707106781188761,
0.707106781184334));
#5078=DIRECTION('ref_axis',(1.,2.77555756160959E-17,1.4868008175053E-13));
#5079=DIRECTION('',(-1.,2.50436755332983E-13,-3.99144592660697E-13));
#5080=DIRECTION('center_axis',(-1.05152320188575E-13,0.707106781188761,
0.707106781184334));
#5081=DIRECTION('ref_axis',(-4.58979644671917E-13,-0.707106781184334,0.707106781188761));
#5082=DIRECTION('',(-4.64504874801864E-13,-0.707106781184333,0.707106781188762));
#5083=DIRECTION('center_axis',(3.98899663300868E-13,6.69535286948499E-17,
-1.));
#5084=DIRECTION('ref_axis',(0.923879532511286,0.382683432365092,3.68560856455485E-13));
#5085=DIRECTION('center_axis',(3.98899663300868E-13,1.13748742969669E-26,
-1.));
#5086=DIRECTION('ref_axis',(0.923879532511286,0.382683432365092,3.68535234449319E-13));
#5087=DIRECTION('',(-3.98899663300867E-13,-6.69535286948499E-17,1.));
#5088=DIRECTION('',(3.98899663300867E-13,6.69535286948499E-17,-1.));
#5089=DIRECTION('center_axis',(0.707106781186545,0.70710678118655,2.82112000227238E-13));
#5090=DIRECTION('ref_axis',(0.70710678118655,-0.707106781186545,2.82198595832847E-13));
#5091=DIRECTION('',(0.707106781186546,-0.707106781186549,2.82237848144313E-13));
#5092=DIRECTION('',(3.98966616829551E-13,1.13047519580638E-26,-1.));
#5093=DIRECTION('center_axis',(3.98966616829551E-13,1.13047519580638E-26,
-1.));
#5094=DIRECTION('ref_axis',(0.382683432365204,0.923879532511239,1.52677914327476E-13));
#5095=DIRECTION('center_axis',(-3.98899663300868E-13,-1.13748742969669E-26,
1.));
#5096=DIRECTION('ref_axis',(0.382683432365204,0.923879532511239,1.52652292321311E-13));
#5097=DIRECTION('',(-3.98966616829551E-13,-1.1304745795088E-26,1.));
#5098=DIRECTION('center_axis',(3.98938861253935E-13,1.1311703794791E-26,
-1.));
#5099=DIRECTION('ref_axis',(-0.707106781186548,0.707106781186548,-2.82092374071489E-13));
#5100=DIRECTION('center_axis',(-3.98899663300868E-13,-1.13748681339911E-26,
1.));
#5101=DIRECTION('ref_axis',(-0.707106781186548,0.707106781186548,-2.82064656933066E-13));
#5102=DIRECTION('',(-3.98938861253935E-13,-1.1311703794791E-26,1.));
#5103=DIRECTION('center_axis',(-3.98899663300868E-13,-1.13748742969669E-26,
1.));
#5104=DIRECTION('ref_axis',(-0.707106781186548,0.707106781186548,-2.82064656933066E-13));
#5105=DIRECTION('',(3.98938861253935E-13,1.1311703794791E-26,-1.));
#5106=DIRECTION('center_axis',(2.2482016248657E-15,1.,1.22085950353208E-26));
#5107=DIRECTION('ref_axis',(1.,-2.2482016248657E-15,3.98899663300868E-13));
#5108=DIRECTION('',(-3.98899663300868E-13,-1.13117939283124E-26,1.));
#5109=DIRECTION('',(1.,-2.2482016248657E-15,3.98899663300868E-13));
#5110=DIRECTION('',(-1.,2.2482016248657E-15,-3.98899663300867E-13));
#5111=DIRECTION('center_axis',(-3.98899663300868E-13,-1.13117900764525E-26,
1.));
#5112=DIRECTION('ref_axis',(1.,2.77555756158819E-17,3.98899663300868E-13));
#5113=DIRECTION('center_axis',(-3.98899663300868E-13,-1.13748681339911E-26,
1.));
#5114=DIRECTION('ref_axis',(1.,2.77555756158819E-17,3.98899663300868E-13));
#5115=DIRECTION('center_axis',(-3.98899663300868E-13,-1.13748742969669E-26,
1.));
#5116=DIRECTION('ref_axis',(1.,2.77555756158819E-17,3.98899663300868E-13));
#5117=DIRECTION('',(3.98899663300868E-13,1.13117939283124E-26,-1.));
#5118=DIRECTION('center_axis',(-4.03171586535315E-13,9.36750676908839E-17,
1.));
#5119=DIRECTION('ref_axis',(-2.30371277609698E-15,-1.,9.36750676899551E-17));
#5120=DIRECTION('center_axis',(-3.85655382911501E-13,-1.32442803893769E-14,
1.));
#5121=DIRECTION('ref_axis',(-0.382683432365055,0.923879532511301,-1.35347806068047E-13));
#5122=DIRECTION('center_axis',(-3.98899663300868E-13,-1.13748742969669E-26,
1.));
#5123=DIRECTION('ref_axis',(-0.382683432365055,0.923879532511301,-1.5265229232123E-13));
#5124=DIRECTION('',(3.81203048435549E-13,1.13463212299834E-26,-1.));
#5125=DIRECTION('center_axis',(3.98899663300868E-13,1.13215152522997E-26,
-1.));
#5126=DIRECTION('ref_axis',(-0.382683432365194,-0.923879532511244,-1.52652292321307E-13));
#5127=DIRECTION('',(3.81203048435549E-13,1.13463212299834E-26,-1.));
#5128=DIRECTION('center_axis',(3.98899663300868E-13,1.13748742969669E-26,
-1.));
#5129=DIRECTION('ref_axis',(-0.382683432365194,-0.923879532511244,-1.52652292321307E-13));
#5130=DIRECTION('center_axis',(2.50436755332983E-13,1.,1.11220654888619E-25));
#5131=DIRECTION('ref_axis',(1.,-2.50436755332983E-13,3.99144592660697E-13));
#5132=DIRECTION('',(1.,-2.50436755332983E-13,3.98899663300867E-13));
#5133=DIRECTION('',(3.81203048435549E-13,1.13463212299834E-26,-1.));
#5134=DIRECTION('',(1.,-2.50436755332983E-13,3.98899663300867E-13));
#5135=DIRECTION('center_axis',(3.98899663300868E-13,1.13215152522997E-26,
-1.));
#5136=DIRECTION('ref_axis',(2.44221309841924E-13,1.,1.0874131351914E-25));
#5137=DIRECTION('center_axis',(-3.98899663300868E-13,-1.13748742969669E-26,
1.));
#5138=DIRECTION('ref_axis',(2.44221309841924E-13,1.,1.08794672563807E-25));
#5139=DIRECTION('',(3.81203048435549E-13,1.13463212299834E-26,-1.));
#5140=DIRECTION('center_axis',(-3.98899663300868E-13,-1.13748742969669E-26,
1.));
#5141=DIRECTION('ref_axis',(2.44221309841924E-13,1.,1.08794672563807E-25));
#5142=DIRECTION('center_axis',(1.,-2.19269047363464E-15,3.98899663300868E-13));
#5143=DIRECTION('ref_axis',(3.98899663300868E-13,1.13748742969669E-26,-1.));
#5144=DIRECTION('',(4.54334084019017E-14,1.,2.94982443460637E-26));
#5145=DIRECTION('',(3.81203048435549E-13,1.13463212299834E-26,-1.));
#5146=DIRECTION('',(2.19269047363464E-15,1.,1.22495377886228E-26));
#5147=DIRECTION('center_axis',(3.98899663300868E-13,1.13748681339911E-26,
-1.));
#5148=DIRECTION('ref_axis',(0.462910049886305,-0.886405260427903,1.84654663038225E-13));
#5149=DIRECTION('center_axis',(-3.98899663300868E-13,-1.13748742969669E-26,
1.));
#5150=DIRECTION('ref_axis',(0.462910049886305,-0.886405260427903,1.84654663038225E-13));
#5151=DIRECTION('center_axis',(-3.98899663300868E-13,-1.13748742969669E-26,
1.));
#5152=DIRECTION('ref_axis',(0.462910049886305,-0.886405260427903,1.84654663038225E-13));
#5153=DIRECTION('center_axis',(-3.98899663300868E-13,-1.13748681339911E-26,
1.));
#5154=DIRECTION('ref_axis',(0.462910049886305,0.886405260427903,1.84654663038245E-13));
#5155=DIRECTION('center_axis',(-3.98899663300868E-13,-1.13748742969669E-26,
1.));
#5156=DIRECTION('ref_axis',(0.462910049886305,0.886405260427903,1.84654663038245E-13));
#5157=DIRECTION('',(3.81203048435549E-13,1.13463212299834E-26,-1.));
#5158=DIRECTION('center_axis',(-3.98899663300868E-13,-1.13748742969669E-26,
1.));
#5159=DIRECTION('ref_axis',(0.462910049886305,0.886405260427903,1.84654663038245E-13));
#5160=DIRECTION('center_axis',(2.4501334937125E-15,1.,1.23522391184308E-26));
#5161=DIRECTION('ref_axis',(3.98844152149636E-13,1.13750177024776E-26,-1.));
#5162=DIRECTION('',(1.,-2.4501334937125E-15,3.98899663300867E-13));
#5163=DIRECTION('',(-3.85655382911501E-13,7.63278329317975E-17,1.));
#5164=DIRECTION('',(1.,-2.19269047363454E-15,3.84676460469733E-13));
#5165=DIRECTION('',(-3.85655382911501E-13,7.63278329317975E-17,1.));
#5166=DIRECTION('center_axis',(3.98899663300867E-13,1.13748742969669E-26,
-1.));
#5167=DIRECTION('ref_axis',(0.462910049886324,-0.886405260427893,1.84654663038232E-13));
#5168=DIRECTION('',(3.81203048435548E-13,1.13463212299834E-26,-1.));
#5169=DIRECTION('center_axis',(-3.98899663300867E-13,-1.13748742969669E-26,
1.));
#5170=DIRECTION('ref_axis',(0.462910049886324,-0.886405260427893,1.84654663038232E-13));
#5171=DIRECTION('',(3.81203048435548E-13,1.13463212299834E-26,-1.));
#5172=DIRECTION('center_axis',(-3.98899663300867E-13,-1.13748742969669E-26,
1.));
#5173=DIRECTION('ref_axis',(0.462910049886324,-0.886405260427893,1.84654663038232E-13));
#5174=DIRECTION('center_axis',(-0.433012701892026,-0.750000000000001,-0.500000000000165));
#5175=DIRECTION('ref_axis',(-0.755928946018706,2.4980018054066E-16,0.654653670707687));
#5176=DIRECTION('',(0.250000000000335,0.433012701892186,-0.866025403784359));
#5177=DIRECTION('',(0.866025403784436,-0.500000000000005,3.45457241979603E-13));
#5178=DIRECTION('',(-0.250000000000338,-0.433012701892213,0.866025403784344));
#5179=DIRECTION('',(-0.866025403784436,0.500000000000005,-3.45457241979603E-13));
#5180=DIRECTION('center_axis',(3.94234291187086E-13,-3.81639164596104E-17,
-1.));
#5181=DIRECTION('ref_axis',(0.707106781186551,0.707106781186544,2.78738754710537E-13));
#5182=DIRECTION('',(-0.433012701892555,-0.249999999999997,0.866025403784272));
#5183=DIRECTION('center_axis',(-3.98899663300867E-13,-1.1374868133991E-26,
1.));
#5184=DIRECTION('ref_axis',(0.707106781186551,0.707106781186544,2.82064656933083E-13));
#5185=DIRECTION('center_axis',(3.98899663300867E-13,1.1374868133991E-26,
-1.));
#5186=DIRECTION('ref_axis',(0.707106781186551,0.707106781186544,2.82064656933083E-13));
#5187=DIRECTION('center_axis',(3.94234291187086E-13,-3.81639164596104E-17,
-1.));
#5188=DIRECTION('ref_axis',(0.258819045102524,0.965925826289067,1.01998479279171E-13));
#5189=DIRECTION('center_axis',(-3.98899663300867E-13,-1.1374868133991E-26,
1.));
#5190=DIRECTION('ref_axis',(0.258819045102524,0.965925826289067,1.0324282994726E-13));
#5191=DIRECTION('',(3.41403033423162E-13,0.499999999999994,-0.866025403784442));
#5192=DIRECTION('center_axis',(3.98899663300867E-13,1.1374868133991E-26,
-1.));
#5193=DIRECTION('ref_axis',(0.258819045102524,0.965925826289067,1.0324282994726E-13));
#5194=DIRECTION('center_axis',(-0.749999999999807,-0.433012701892219,-0.50000000000029));
#5195=DIRECTION('ref_axis',(-0.55470019622555,-3.60822483003176E-16,0.832050294337629));
#5196=DIRECTION('',(0.499999999999996,-0.866025403784441,1.99449831650422E-13));
#5197=DIRECTION('',(-0.433012701892558,-0.249999999999993,0.866025403784272));
#5198=DIRECTION('',(-0.499999999999996,0.866025403784441,-1.99449831650422E-13));
#5199=DIRECTION('center_axis',(1.99607041267422E-13,-0.866025403784443,
-0.499999999999992));
#5200=DIRECTION('ref_axis',(2.64484525967819E-13,0.499999999999992,-0.866025403784443));
#5201=DIRECTION('',(3.41403033423162E-13,0.499999999999992,-0.866025403784443));
#5202=DIRECTION('',(1.,1.81530029378204E-16,3.98899663300867E-13));
#5203=DIRECTION('',(-1.,-1.81530029378204E-16,-3.98899663300867E-13));
#5204=DIRECTION('center_axis',(3.94234291187089E-13,-3.81639164596104E-17,
-1.));
#5205=DIRECTION('ref_axis',(0.965925826289069,0.258819045102517,3.80791205917959E-13));
#5206=DIRECTION('',(-0.500000000000333,1.91731333539884E-17,0.866025403784247));
#5207=DIRECTION('center_axis',(-3.98899663300867E-13,-1.1374868133991E-26,
1.));
#5208=DIRECTION('ref_axis',(0.965925826289069,0.258819045102517,3.85307486880325E-13));
#5209=DIRECTION('center_axis',(3.98899663300867E-13,1.1374868133991E-26,
-1.));
#5210=DIRECTION('ref_axis',(0.965925826289069,0.258819045102517,3.85307486880324E-13));
#5211=DIRECTION('center_axis',(3.94234291187087E-13,-3.81639164596104E-17,
-1.));
#5212=DIRECTION('ref_axis',(-0.258819045102518,0.965925826289069,-1.02072206304251E-13));
#5213=DIRECTION('center_axis',(-3.98899663300867E-13,-1.1374868133991E-26,
1.));
#5214=DIRECTION('ref_axis',(-0.258819045102518,0.965925826289069,-1.03242829947235E-13));
#5215=DIRECTION('',(-0.249999999999643,0.433012701892188,-0.866025403784557));
#5216=DIRECTION('center_axis',(3.98899663300867E-13,1.1374868133991E-26,
-1.));
#5217=DIRECTION('ref_axis',(-0.258819045102518,0.965925826289069,-1.03242829947235E-13));
#5218=DIRECTION('center_axis',(-0.866025403784238,1.92296268638908E-15,
-0.500000000000347));
#5219=DIRECTION('ref_axis',(-0.500000000000347,1.91731333539876E-17,0.866025403784238));
#5220=DIRECTION('',(-2.22044604925011E-15,-1.,-1.22605994484613E-26));
#5221=DIRECTION('',(-0.500000000000345,1.91731333539876E-17,0.866025403784239));
#5222=DIRECTION('',(2.22044604925011E-15,1.,1.22605994484613E-26));
#5223=DIRECTION('center_axis',(0.433012701892415,-0.750000000000006,-0.499999999999822));
#5224=DIRECTION('ref_axis',(-0.755928946018193,-2.22044604925031E-16,-0.654653670708279));
#5225=DIRECTION('',(-0.249999999999656,0.433012701892215,-0.86602540378454));
#5226=DIRECTION('',(0.866025403784442,0.499999999999994,3.45457241979617E-13));
#5227=DIRECTION('',(-0.866025403784442,-0.499999999999994,-3.45457241979617E-13));
#5228=DIRECTION('center_axis',(3.94234291187089E-13,-3.81639164596104E-17,
-1.));
#5229=DIRECTION('ref_axis',(0.965925826289068,-0.258819045102521,3.8081096101479E-13));
#5230=DIRECTION('',(-0.433012701892564,0.250000000000002,0.866025403784266));
#5231=DIRECTION('center_axis',(-3.98899663300867E-13,-1.1374868133991E-26,
1.));
#5232=DIRECTION('ref_axis',(0.965925826289068,-0.258819045102521,3.85307486880318E-13));
#5233=DIRECTION('center_axis',(3.98899663300867E-13,1.1374868133991E-26,
-1.));
#5234=DIRECTION('ref_axis',(0.965925826289068,-0.258819045102521,3.85307486880318E-13));
#5235=DIRECTION('center_axis',(3.94234291187086E-13,-3.81639164596104E-17,
-1.));
#5236=DIRECTION('ref_axis',(-0.707106781186543,0.707106781186552,-2.78792726638784E-13));
#5237=DIRECTION('center_axis',(-3.98899663300867E-13,-1.1374868133991E-26,
1.));
#5238=DIRECTION('ref_axis',(-0.707106781186543,0.707106781186552,-2.82064656933064E-13));
#5239=DIRECTION('',(-0.433012701891878,0.250000000000014,-0.866025403784605));
#5240=DIRECTION('center_axis',(3.98899663300867E-13,1.1374868133991E-26,
-1.));
#5241=DIRECTION('ref_axis',(-0.707106781186543,0.707106781186552,-2.82064656933064E-13));
#5242=DIRECTION('center_axis',(-0.749999999999805,0.433012701892223,-0.500000000000289));
#5243=DIRECTION('ref_axis',(-0.554700196225551,-2.77555756156289E-17,0.832050294337629));
#5244=DIRECTION('',(-0.500000000000001,-0.866025403784438,-1.99449831650444E-13));
#5245=DIRECTION('',(-0.433012701892555,0.249999999999997,0.866025403784272));
#5246=DIRECTION('',(0.500000000000001,0.866025403784438,1.99449831650444E-13));
#5247=DIRECTION('center_axis',(0.750000000000196,-0.433012701892222,-0.499999999999704));
#5248=DIRECTION('ref_axis',(-0.554700196224902,-1.94289029309402E-16,-0.832050294338062));
#5249=DIRECTION('',(-0.433012701891882,0.249999999999997,-0.866025403784608));
#5250=DIRECTION('',(0.500000000000004,0.866025403784436,1.99449831650445E-13));
#5251=DIRECTION('',(-0.500000000000004,-0.866025403784436,-1.99449831650445E-13));
#5252=DIRECTION('center_axis',(3.94234291187085E-13,-3.81639164596104E-17,
-1.));
#5253=DIRECTION('ref_axis',(0.707106781186548,-0.707106781186547,2.78792726638785E-13));
#5254=DIRECTION('',(-0.250000000000341,0.43301270189222,0.86602540378434));
#5255=DIRECTION('center_axis',(-3.98899663300867E-13,-1.1374868133991E-26,
1.));
#5256=DIRECTION('ref_axis',(0.707106781186548,-0.707106781186547,2.82064656933066E-13));
#5257=DIRECTION('center_axis',(3.98899663300867E-13,1.1374868133991E-26,
-1.));
#5258=DIRECTION('ref_axis',(0.707106781186548,-0.707106781186547,2.82064656933066E-13));
#5259=DIRECTION('center_axis',(3.94234291187084E-13,-3.81639164596104E-17,
-1.));
#5260=DIRECTION('ref_axis',(-0.965925826289066,0.258819045102528,-3.80810961014784E-13));
#5261=DIRECTION('center_axis',(-3.98899663300867E-13,-1.1374868133991E-26,
1.));
#5262=DIRECTION('ref_axis',(-0.965925826289066,0.258819045102528,-3.85307486880317E-13));
#5263=DIRECTION('',(-0.499999999999655,-4.69287089698714E-17,-0.866025403784638));
#5264=DIRECTION('center_axis',(3.98899663300867E-13,1.1374868133991E-26,
-1.));
#5265=DIRECTION('ref_axis',(-0.965925826289066,0.258819045102528,-3.85307486880317E-13));
#5266=DIRECTION('center_axis',(-0.433012701892028,0.750000000000011,-0.500000000000149));
#5267=DIRECTION('ref_axis',(-0.755928946018694,-8.32667268468868E-17,0.6546536707077));
#5268=DIRECTION('',(-0.866025403784438,-0.500000000000001,-3.45457241979616E-13));
#5269=DIRECTION('',(-0.250000000000333,0.433012701892202,0.866025403784351));
#5270=DIRECTION('',(0.866025403784438,0.500000000000001,3.45457241979616E-13));
#5271=DIRECTION('center_axis',(0.866025403784639,-1.02436518998763E-14,
-0.499999999999653));
#5272=DIRECTION('ref_axis',(-0.499999999999653,-4.69287089698719E-17,-0.866025403784639));
#5273=DIRECTION('',(-0.499999999999653,-4.69287089698713E-17,-0.866025403784639));
#5274=DIRECTION('',(1.18283503637634E-14,1.,1.60931928148538E-26));
#5275=DIRECTION('',(-1.18283503637634E-14,-1.,-1.60931928148538E-26));
#5276=DIRECTION('center_axis',(3.94234291187086E-13,-3.81639164596104E-17,
-1.));
#5277=DIRECTION('ref_axis',(0.258819045102521,-0.965925826289068,1.02072206304252E-13));
#5278=DIRECTION('',(-3.31815975566857E-13,0.500000000000006,0.866025403784435));
#5279=DIRECTION('center_axis',(-3.98899663300867E-13,-1.1374868133991E-26,
1.));
#5280=DIRECTION('ref_axis',(0.258819045102521,-0.965925826289068,1.03242829947237E-13));
#5281=DIRECTION('center_axis',(3.98899663300867E-13,1.1374868133991E-26,
-1.));
#5282=DIRECTION('ref_axis',(0.258819045102521,-0.965925826289068,1.03242829947237E-13));
#5283=DIRECTION('center_axis',(3.94234291187084E-13,-3.81639164596104E-17,
-1.));
#5284=DIRECTION('ref_axis',(-0.96592582628907,-0.258819045102515,-3.80791205917954E-13));
#5285=DIRECTION('center_axis',(-3.98899663300867E-13,-1.1374868133991E-26,
1.));
#5286=DIRECTION('ref_axis',(-0.96592582628907,-0.258819045102515,-3.85307486880325E-13));
#5287=DIRECTION('',(-0.433012701891861,-0.25000000000001,-0.866025403784615));
#5288=DIRECTION('center_axis',(3.98899663300867E-13,1.1374868133991E-26,
-1.));
#5289=DIRECTION('ref_axis',(-0.96592582628907,-0.258819045102515,-3.85307486880325E-13));
#5290=DIRECTION('center_axis',(2.01372794336815E-13,0.866025403784442,-0.499999999999994));
#5291=DIRECTION('ref_axis',(-2.64512281543435E-13,0.499999999999994,0.866025403784442));
#5292=DIRECTION('',(-1.,2.22044604925011E-15,-3.98899663300867E-13));
#5293=DIRECTION('',(-3.41430788998778E-13,0.499999999999994,0.866025403784442));
#5294=DIRECTION('',(1.,-2.22044604925011E-15,3.98899663300867E-13));
#5295=DIRECTION('center_axis',(0.750000000000202,0.433012701892218,-0.499999999999698));
#5296=DIRECTION('ref_axis',(-0.554700196224894,1.11022302462516E-16,-0.832050294338067));
#5297=DIRECTION('',(-0.433012701891873,-0.249999999999992,-0.866025403784614));
#5298=DIRECTION('',(-0.499999999999998,0.86602540378444,-1.99449831650423E-13));
#5299=DIRECTION('',(0.499999999999998,-0.86602540378444,1.99449831650423E-13));
#5300=DIRECTION('center_axis',(3.94234291187086E-13,-3.81639164596104E-17,
-1.));
#5301=DIRECTION('ref_axis',(-0.25881904510252,-0.965925826289068,-1.0199847927917E-13));
#5302=DIRECTION('',(0.249999999999663,0.43301270189223,0.866025403784531));
#5303=DIRECTION('center_axis',(-3.98899663300867E-13,-1.1374868133991E-26,
1.));
#5304=DIRECTION('ref_axis',(-0.25881904510252,-0.965925826289069,-1.03242829947258E-13));
#5305=DIRECTION('center_axis',(3.98899663300867E-13,1.1374868133991E-26,
-1.));
#5306=DIRECTION('ref_axis',(-0.25881904510252,-0.965925826289068,-1.03242829947258E-13));
#5307=DIRECTION('center_axis',(3.94234291187086E-13,-3.81639164596104E-17,
-1.));
#5308=DIRECTION('ref_axis',(-0.707106781186547,-0.707106781186548,-2.78738754710535E-13));
#5309=DIRECTION('center_axis',(-3.98899663300867E-13,-1.1374868133991E-26,
1.));
#5310=DIRECTION('ref_axis',(-0.707106781186547,-0.707106781186548,-2.82064656933081E-13));
#5311=DIRECTION('',(-0.249999999999663,-0.43301270189223,-0.866025403784531));
#5312=DIRECTION('center_axis',(3.98899663300867E-13,1.1374868133991E-26,
-1.));
#5313=DIRECTION('ref_axis',(-0.707106781186547,-0.707106781186548,-2.82064656933081E-13));
#5314=DIRECTION('center_axis',(0.433012701892414,0.749999999999995,-0.499999999999839));
#5315=DIRECTION('ref_axis',(-0.755928946018204,-2.22044604925031E-16,-0.654653670708266));
#5316=DIRECTION('',(-0.86602540378444,0.499999999999998,-3.45457241979605E-13));
#5317=DIRECTION('',(0.86602540378444,-0.499999999999998,3.45457241979605E-13));
#5318=DIRECTION('center_axis',(3.98349826260314E-13,1.12859425558548E-26,
-1.));
#5319=DIRECTION('ref_axis',(-0.707106781186547,-0.707106781186548,-2.81675863433159E-13));
#5320=DIRECTION('',(-3.98349826260314E-13,-1.12859425558548E-26,1.));
#5321=DIRECTION('center_axis',(3.98899663300867E-13,1.1374868133991E-26,
-1.));
#5322=DIRECTION('ref_axis',(-0.707106781186547,-0.707106781186548,-2.82064656933081E-13));
#5323=DIRECTION('',(3.98349826260314E-13,1.12859425558548E-26,-1.));
#5324=DIRECTION('center_axis',(-0.86602540378444,-0.499999999999998,-3.44981069134556E-13));
#5325=DIRECTION('ref_axis',(0.499999999999998,-0.86602540378444,1.99283298196729E-13));
#5326=DIRECTION('',(3.98349826260314E-13,1.12919822721604E-26,-1.));
#5327=DIRECTION('',(-0.499999999999998,0.86602540378444,-1.99449831650423E-13));
#5328=DIRECTION('center_axis',(3.98349826260314E-13,1.12982931594022E-26,
-1.));
#5329=DIRECTION('ref_axis',(-0.96592582628907,-0.258819045102515,-3.84776385082604E-13));
#5330=DIRECTION('',(-3.98349826260314E-13,-1.12982931594022E-26,1.));
#5331=DIRECTION('center_axis',(3.98899663300867E-13,1.1374868133991E-26,
-1.));
#5332=DIRECTION('ref_axis',(-0.96592582628907,-0.258819045102515,-3.85307486880325E-13));
#5333=DIRECTION('center_axis',(-1.,1.18283503637634E-14,-3.98349826260314E-13));
#5334=DIRECTION('ref_axis',(-1.18283503637634E-14,-1.,-1.67334643730055E-26));
#5335=DIRECTION('',(3.98349826260314E-13,1.12993963320744E-26,-1.));
#5336=DIRECTION('',(1.18283503637634E-14,1.,1.60931928148538E-26));
#5337=DIRECTION('center_axis',(3.98349826260314E-13,1.12993963320744E-26,
-1.));
#5338=DIRECTION('ref_axis',(-0.965925826289066,0.258819045102528,-3.84776385082597E-13));
#5339=DIRECTION('',(-3.98349826260314E-13,-1.12993963320744E-26,1.));
#5340=DIRECTION('center_axis',(3.98899663300867E-13,1.1374868133991E-26,
-1.));
#5341=DIRECTION('ref_axis',(-0.965925826289066,0.258819045102528,-3.85307486880317E-13));
#5342=DIRECTION('center_axis',(-0.866025403784436,0.500000000000004,-3.44981069134543E-13));
#5343=DIRECTION('ref_axis',(-0.500000000000004,-0.866025403784436,-1.99283298196752E-13));
#5344=DIRECTION('',(3.98349826260314E-13,1.12987245677098E-26,-1.));
#5345=DIRECTION('',(0.500000000000004,0.866025403784436,1.99449831650445E-13));
#5346=DIRECTION('center_axis',(3.98349826260314E-13,1.12987245677098E-26,
-1.));
#5347=DIRECTION('ref_axis',(-0.707106781186543,0.707106781186552,-2.81675863433141E-13));
#5348=DIRECTION('',(-3.98349826260314E-13,-1.13041911272639E-26,1.));
#5349=DIRECTION('center_axis',(3.98899663300867E-13,1.1374868133991E-26,
-1.));
#5350=DIRECTION('ref_axis',(-0.707106781186543,0.707106781186552,-2.82064656933064E-13));
#5351=DIRECTION('center_axis',(-0.499999999999994,0.866025403784442,-1.99174913130145E-13));
#5352=DIRECTION('ref_axis',(-0.866025403784442,-0.499999999999994,-3.4516879757666E-13));
#5353=DIRECTION('',(3.98349826260314E-13,1.12998708812127E-26,-1.));
#5354=DIRECTION('',(0.866025403784442,0.499999999999994,3.45457241979617E-13));
#5355=DIRECTION('center_axis',(-3.98349826260314E-13,-1.12998708812127E-26,
1.));
#5356=DIRECTION('ref_axis',(-0.258819045102518,0.965925826289069,-1.03100521649438E-13));
#5357=DIRECTION('',(-3.98349826260314E-13,-1.12998770441885E-26,1.));
#5358=DIRECTION('center_axis',(3.98899663300867E-13,1.1374868133991E-26,
-1.));
#5359=DIRECTION('ref_axis',(-0.258819045102518,0.965925826289069,-1.03242829947235E-13));
#5360=DIRECTION('center_axis',(-1.81530029378204E-16,1.,1.12275586246737E-26));
#5361=DIRECTION('ref_axis',(-1.,-1.81530029378204E-16,-3.9856659639348E-13));
#5362=DIRECTION('',(3.98349826260314E-13,1.12998770441885E-26,-1.));
#5363=DIRECTION('',(1.,1.81530029378204E-16,3.98899663300867E-13));
#5364=DIRECTION('center_axis',(-3.98349826260314E-13,-1.12998770441885E-26,
1.));
#5365=DIRECTION('ref_axis',(0.258819045102524,0.965925826289067,1.03100521649462E-13));
#5366=DIRECTION('',(-3.98349826260314E-13,-1.12998770441885E-26,1.));
#5367=DIRECTION('center_axis',(3.98899663300867E-13,1.1374868133991E-26,
-1.));
#5368=DIRECTION('ref_axis',(0.258819045102524,0.965925826289067,1.0324282994726E-13));
#5369=DIRECTION('center_axis',(0.500000000000005,0.866025403784436,1.99174913130169E-13));
#5370=DIRECTION('ref_axis',(-0.866025403784436,0.500000000000005,-3.45168797576646E-13));
#5371=DIRECTION('',(3.98349826260314E-13,1.12682301633423E-26,-1.));
#5372=DIRECTION('',(0.866025403784436,-0.500000000000005,3.45457241979603E-13));
#5373=DIRECTION('center_axis',(3.98899663300867E-13,1.1374868133991E-26,
-1.));
#5374=DIRECTION('ref_axis',(1.,-2.19269047363464E-15,3.98899663300867E-13));
#5375=DIRECTION('center_axis',(3.98899663300867E-13,1.1374868133991E-26,
-1.));
#5376=DIRECTION('ref_axis',(1.,-2.19269047363464E-15,3.98899663300867E-13));
#5377=DIRECTION('center_axis',(3.98899663300867E-13,1.1374868133991E-26,
-1.));
#5378=DIRECTION('ref_axis',(1.,-2.19269047363464E-15,3.98899663300867E-13));
#5379=DIRECTION('center_axis',(3.98899663300867E-13,1.1374868133991E-26,
-1.));
#5380=DIRECTION('ref_axis',(0.707106781186551,0.707106781186544,2.82064656933083E-13));
#5381=DIRECTION('',(0.499999999999996,-0.866025403784441,1.99449831650422E-13));
#5382=DIRECTION('center_axis',(3.98899663300867E-13,1.1374868133991E-26,
-1.));
#5383=DIRECTION('ref_axis',(0.965925826289069,0.258819045102517,3.85307486880325E-13));
#5384=DIRECTION('',(-2.22044604925011E-15,-1.,-1.22605994484613E-26));
#5385=DIRECTION('center_axis',(3.98899663300867E-13,1.1374868133991E-26,
-1.));
#5386=DIRECTION('ref_axis',(0.965925826289068,-0.258819045102521,3.85307486880318E-13));
#5387=DIRECTION('',(-0.500000000000001,-0.866025403784438,-1.99449831650444E-13));
#5388=DIRECTION('center_axis',(3.98899663300867E-13,1.1374868133991E-26,
-1.));
#5389=DIRECTION('ref_axis',(0.707106781186548,-0.707106781186547,2.82064656933066E-13));
#5390=DIRECTION('',(-0.866025403784438,-0.500000000000001,-3.45457241979616E-13));
#5391=DIRECTION('center_axis',(3.98899663300867E-13,1.1374868133991E-26,
-1.));
#5392=DIRECTION('ref_axis',(0.258819045102521,-0.965925826289068,1.03242829947237E-13));
#5393=DIRECTION('',(-1.,2.22044604925011E-15,-3.98899663300867E-13));
#5394=DIRECTION('center_axis',(3.98899663300867E-13,1.1374868133991E-26,
-1.));
#5395=DIRECTION('ref_axis',(-0.25881904510252,-0.965925826289069,-1.03242829947258E-13));
#5396=DIRECTION('',(-0.86602540378444,0.499999999999998,-3.45457241979605E-13));
#5397=DIRECTION('center_axis',(-3.98899663300867E-13,-1.1374868133991E-26,
1.));
#5398=DIRECTION('ref_axis',(-1.,-2.77555756158817E-17,-3.98899663300867E-13));
#5399=DIRECTION('center_axis',(-0.499999999999998,-0.86602540378444,-1.99174913130166E-13));
#5400=DIRECTION('ref_axis',(0.86602540378444,-0.499999999999998,3.45168797576647E-13));
#5401=DIRECTION('',(-3.98349826260314E-13,-1.12944166476101E-26,1.));
#5402=DIRECTION('center_axis',(3.98349826260314E-13,1.12998832071643E-26,
-1.));
#5403=DIRECTION('ref_axis',(-0.25881904510252,-0.965925826289069,-1.0310052164946E-13));
#5404=DIRECTION('',(3.98349826260314E-13,1.12998832071643E-26,-1.));
#5405=DIRECTION('center_axis',(-2.22044604925011E-15,-1.,-1.21843880894459E-26));
#5406=DIRECTION('ref_axis',(1.,-2.22044604925011E-15,3.9856659639348E-13));
#5407=DIRECTION('',(-3.98349826260314E-13,-1.12998832071643E-26,1.));
#5408=DIRECTION('center_axis',(3.98349826260314E-13,1.12998770441885E-26,
-1.));
#5409=DIRECTION('ref_axis',(0.258819045102521,-0.965925826289068,1.03100521649439E-13));
#5410=DIRECTION('',(3.98349826260314E-13,1.12889439250802E-26,-1.));
#5411=DIRECTION('center_axis',(0.500000000000001,-0.866025403784438,1.99174913130148E-13));
#5412=DIRECTION('ref_axis',(0.866025403784438,0.500000000000001,3.45168797576659E-13));
#5413=DIRECTION('',(-3.98349826260314E-13,-1.13226245879476E-26,1.));
#5414=DIRECTION('center_axis',(3.98349826260314E-13,1.13116914688393E-26,
-1.));
#5415=DIRECTION('ref_axis',(0.707106781186548,-0.707106781186547,2.81675863433143E-13));
#5416=DIRECTION('',(3.98349826260314E-13,1.13180023560811E-26,-1.));
#5417=DIRECTION('center_axis',(0.866025403784438,-0.500000000000001,3.44981069134544E-13));
#5418=DIRECTION('ref_axis',(0.500000000000001,0.866025403784438,1.99283298196751E-13));
#5419=DIRECTION('',(-3.98349826260314E-13,-1.12737521896789E-26,1.));
#5420=DIRECTION('center_axis',(3.98349826260314E-13,1.12737521896788E-26,
-1.));
#5421=DIRECTION('ref_axis',(0.965925826289068,-0.258819045102521,3.84776385082598E-13));
#5422=DIRECTION('',(3.98349826260314E-13,1.12737521896789E-26,-1.));
#5423=DIRECTION('center_axis',(1.,-2.22044604925011E-15,3.98349826260314E-13));
#5424=DIRECTION('ref_axis',(2.22044604925011E-15,1.,1.29040757540404E-26));
#5425=DIRECTION('',(-3.98349826260314E-13,-1.12990758573316E-26,1.));
#5426=DIRECTION('center_axis',(-3.98349826260314E-13,-1.12736967228965E-26,
1.));
#5427=DIRECTION('ref_axis',(0.707106781186551,0.707106781186544,2.81675863433161E-13));
#5428=DIRECTION('',(-3.98349826260314E-13,-1.12673858356547E-26,1.));
#5429=DIRECTION('center_axis',(3.98349826260314E-13,1.12990758573316E-26,
-1.));
#5430=DIRECTION('ref_axis',(0.965925826289069,0.258819045102517,3.84776385082604E-13));
#5431=DIRECTION('',(3.98349826260314E-13,1.12927649700898E-26,-1.));
#5432=DIRECTION('center_axis',(0.866025403784441,0.499999999999996,3.44981069134557E-13));
#5433=DIRECTION('ref_axis',(-0.499999999999996,0.866025403784441,-1.99283298196728E-13));
#5434=DIRECTION('center_axis',(-2.72839694333989E-13,-0.707106781186548,
0.707106781186548));
#5435=DIRECTION('ref_axis',(1.,2.77555756160833E-17,3.85881351656473E-13));
#5436=DIRECTION('',(-2.97626476334599E-13,0.707106781186547,0.707106781186548));
#5437=DIRECTION('center_axis',(-2.72839694333989E-13,-0.707106781186548,
0.707106781186548));
#5438=DIRECTION('ref_axis',(-2.91313396240309E-13,0.707106781186548,0.707106781186548));
#5439=DIRECTION('',(1.,1.32909965798402E-14,3.99144592660697E-13));
#5440=DIRECTION('',(-2.94486291417232E-13,0.707106781186547,0.707106781186547));
#5441=DIRECTION('center_axis',(3.98899663300867E-13,1.1374868133991E-26,
-1.));
#5442=DIRECTION('ref_axis',(-1.,2.24820162486569E-15,-3.98899663300867E-13));
#5443=DIRECTION('',(-2.24820162486568E-15,-1.,-1.22716607669077E-26));
#5444=DIRECTION('center_axis',(-3.98899663300867E-13,-1.1374868133991E-26,
1.));
#5445=DIRECTION('ref_axis',(0.707106781186532,-0.707106781186563,2.82064656933059E-13));
#5446=DIRECTION('',(-1.,2.24820162486569E-15,-3.98899663300867E-13));
#5447=DIRECTION('center_axis',(-3.98899663300867E-13,-1.1374868133991E-26,
1.));
#5448=DIRECTION('ref_axis',(-0.707106781186563,-0.707106781186532,-2.82064656933088E-13));
#5449=DIRECTION('',(2.2482016248657E-15,1.,1.22716730928593E-26));
#5450=DIRECTION('center_axis',(-3.98899663300867E-13,-1.1369709723228E-26,
1.));
#5451=DIRECTION('ref_axis',(-1.,-2.77555756158817E-17,-3.98899663300867E-13));
#5452=DIRECTION('',(-3.98899663300867E-13,-1.1369709723228E-26,1.));
#5453=DIRECTION('center_axis',(-3.98899663300867E-13,-1.1369709723228E-26,
1.));
#5454=DIRECTION('ref_axis',(-1.,-2.77555756158817E-17,-3.98899663300867E-13));
#5455=DIRECTION('center_axis',(-3.98899663300867E-13,-1.1369709723228E-26,
1.));
#5456=DIRECTION('ref_axis',(-1.,-2.77555756158829E-17,-3.98899663300867E-13));
#5457=DIRECTION('center_axis',(3.98899663300867E-13,1.1369709723228E-26,
-1.));
#5458=DIRECTION('ref_axis',(1.,-2.19269047363464E-15,3.98899663300867E-13));
#5459=DIRECTION('center_axis',(3.94234291187085E-13,-3.81639164596104E-17,
-1.));
#5460=DIRECTION('ref_axis',(0.382683432365094,-0.923879532511285,1.50902190568791E-13));
#5461=DIRECTION('',(0.500000000000261,-0.499999999999987,-0.707106781186372));
#5462=DIRECTION('center_axis',(-3.99144592660697E-13,-1.137407311011E-26,
1.));
#5463=DIRECTION('ref_axis',(0.382683432365094,-0.923879532511285,1.52746022729352E-13));
#5464=DIRECTION('center_axis',(0.499999999999735,-0.500000000000019,0.707106781186722));
#5465=DIRECTION('ref_axis',(0.816496580927937,-1.66533453693774E-16,-0.577350269189327));
#5466=DIRECTION('',(0.707106781186549,0.707106781186546,2.8223784814433E-13));
#5467=DIRECTION('',(-0.500000000000259,0.499999999999985,0.707106781186375));
#5468=DIRECTION('center_axis',(3.98966616829551E-13,1.13120674103645E-26,
-1.));
#5469=DIRECTION('ref_axis',(0.382683432365094,-0.923879532511285,1.52677914327411E-13));
#5470=DIRECTION('',(3.98966616829551E-13,1.13120735733403E-26,-1.));
#5471=DIRECTION('center_axis',(-3.98899663300867E-13,-1.13748742969669E-26,
1.));
#5472=DIRECTION('ref_axis',(0.382683432365094,-0.923879532511285,1.52652292321246E-13));
#5473=DIRECTION('',(-3.98966616829551E-13,-1.13120674103645E-26,1.));
#5474=DIRECTION('center_axis',(1.32909965798402E-14,-1.,-6.00940786619403E-27));
#5475=DIRECTION('ref_axis',(-1.,-1.32909965798402E-14,-3.99144592660697E-13));
#5476=DIRECTION('',(3.81203048435548E-13,1.13463212299834E-26,-1.));
#5477=DIRECTION('',(-1.,-1.32909965798402E-14,-3.98899663300867E-13));
#5478=DIRECTION('',(3.81203048435548E-13,1.13463212299834E-26,-1.));
#5479=DIRECTION('',(1.,1.32909965798402E-14,3.98899663300867E-13));
#5480=DIRECTION('center_axis',(-2.32334369088782E-13,-3.48824457044636E-13,
1.));
#5481=DIRECTION('ref_axis',(0.707106781186556,-0.707106781186539,-8.28966525053455E-14));
#5482=DIRECTION('',(-0.500000000000284,0.499999999999998,0.707106781186349));
#5483=DIRECTION('',(2.8575682748042E-13,-0.707106781186546,-0.707106781186549));
#5484=DIRECTION('center_axis',(0.499999999999744,-0.499999999999973,0.707106781186748));
#5485=DIRECTION('ref_axis',(0.816496580927943,-2.77555756156289E-16,-0.57735026918932));
#5486=DIRECTION('',(0.70710678118651,0.707106781186585,2.82198595832847E-13));
#5487=DIRECTION('',(-0.500000000000313,0.499999999999971,0.707106781186346));
#5488=DIRECTION('center_axis',(-3.98899663300867E-13,-1.13748742969669E-26,
1.));
#5489=DIRECTION('ref_axis',(0.382683432365112,-0.923879532511278,1.52652292321253E-13));
#5490=DIRECTION('',(3.98899663300867E-13,1.13748732698042E-26,-1.));
#5491=DIRECTION('center_axis',(3.98899663300867E-13,1.1374868133991E-26,
-1.));
#5492=DIRECTION('ref_axis',(0.382683432365112,-0.923879532511278,1.52652292321253E-13));
#5493=DIRECTION('',(3.98899663300867E-13,1.13748742969669E-26,-1.));
#5494=DIRECTION('center_axis',(1.,-2.19269047363464E-15,3.98899663300867E-13));
#5495=DIRECTION('ref_axis',(2.19269047363464E-15,1.,1.22495431374328E-26));
#5496=DIRECTION('center_axis',(-1.,2.19269047363464E-15,-3.98899663300867E-13));
#5497=DIRECTION('ref_axis',(2.19269047363464E-15,1.,1.22495431374328E-26));
#5498=DIRECTION('',(1.,-2.19269047363464E-15,3.98899663300867E-13));
#5499=DIRECTION('center_axis',(1.,-2.19269047363464E-15,3.98899663300867E-13));
#5500=DIRECTION('ref_axis',(2.19269047363464E-15,1.,1.22495431374328E-26));
#5501=DIRECTION('center_axis',(-3.98899663300867E-13,-1.13748742969669E-26,
1.));
#5502=DIRECTION('ref_axis',(0.462910049886286,0.886405260427913,1.84654663038237E-13));
#5503=DIRECTION('',(-3.98899663300867E-13,-1.13748742969669E-26,1.));
#5504=DIRECTION('center_axis',(-3.98899663300867E-13,-1.13748742969669E-26,
1.));
#5505=DIRECTION('ref_axis',(0.462910049886286,0.886405260427913,1.84654663038237E-13));
#5506=DIRECTION('',(3.81203048435548E-13,1.13463212299834E-26,-1.));
#5507=DIRECTION('center_axis',(-3.98899663300867E-13,-1.13748742969669E-26,
1.));
#5508=DIRECTION('ref_axis',(0.462910049886286,0.886405260427913,1.84654663038237E-13));
#5509=DIRECTION('center_axis',(1.,-2.19269047363464E-15,3.98899663300867E-13));
#5510=DIRECTION('ref_axis',(3.98899663300867E-13,1.13748742969669E-26,-1.));
#5511=DIRECTION('',(2.19269047362478E-15,1.,2.47005154595079E-14));
#5512=DIRECTION('',(3.81203048435548E-13,1.13463212299834E-26,-1.));
#5513=DIRECTION('',(-2.19269047363464E-15,-1.,-1.2249538130015E-26));
#5514=DIRECTION('center_axis',(3.98899663300867E-13,1.13117900764525E-26,
-1.));
#5515=DIRECTION('ref_axis',(0.707106781186532,-0.707106781186563,2.82064656933059E-13));
#5516=DIRECTION('',(-3.98899663300867E-13,-1.13117900764525E-26,1.));
#5517=DIRECTION('center_axis',(-3.98899663300867E-13,-1.13748742969669E-26,
1.));
#5518=DIRECTION('ref_axis',(0.707106781186532,-0.707106781186563,2.82064656933059E-13));
#5519=DIRECTION('',(3.98899663300867E-13,1.13117900764525E-26,-1.));
#5520=DIRECTION('center_axis',(-2.24820162486569E-15,-1.,-1.22085950353207E-26));
#5521=DIRECTION('ref_axis',(-1.,2.24820162486569E-15,-3.98899663300867E-13));
#5522=DIRECTION('',(1.,-2.24820162486569E-15,3.98899663300867E-13));
#5523=DIRECTION('',(-3.98938861253935E-13,-1.1311703794791E-26,1.));
#5524=DIRECTION('center_axis',(3.98938861253935E-13,1.1311703794791E-26,
-1.));
#5525=DIRECTION('ref_axis',(-0.707106781186563,-0.707106781186532,-2.82092374071511E-13));
#5526=DIRECTION('center_axis',(-3.98899663300867E-13,-1.13748742969669E-26,
1.));
#5527=DIRECTION('ref_axis',(-0.707106781186563,-0.707106781186532,-2.82064656933088E-13));
#5528=DIRECTION('',(3.98938861253935E-13,1.1311703794791E-26,-1.));
#5529=DIRECTION('center_axis',(-1.,2.24820162486569E-15,-3.98938861253935E-13));
#5530=DIRECTION('ref_axis',(2.24820162486569E-15,1.,1.22716730928593E-26));
#5531=DIRECTION('',(-2.2482016248657E-15,-1.,-1.22716792558352E-26));
#5532=DIRECTION('center_axis',(3.98899663300867E-13,1.13111861048219E-26,
-1.));
#5533=DIRECTION('ref_axis',(0.707106781186548,-0.707106781186548,2.82064656933066E-13));
#5534=DIRECTION('center_axis',(-3.98899663300867E-13,-1.13748742969669E-26,
1.));
#5535=DIRECTION('ref_axis',(0.707106781186548,-0.707106781186548,2.82064656933066E-13));
#5536=DIRECTION('center_axis',(-3.98899663300867E-13,-1.13748742969669E-26,
1.));
#5537=DIRECTION('ref_axis',(0.707106781186548,-0.707106781186548,2.82064656933066E-13));
#5538=DIRECTION('center_axis',(1.11442232900299E-14,1.,1.58203084639959E-26));
#5539=DIRECTION('ref_axis',(1.,-1.11442232900299E-14,3.98899663300867E-13));
#5540=DIRECTION('',(-3.98899663300867E-13,-1.13748866229185E-26,1.));
#5541=DIRECTION('',(-1.,1.11442232900299E-14,-3.98899663300867E-13));
#5542=DIRECTION('',(1.,-1.11442232900299E-14,3.99144592660697E-13));
#5543=DIRECTION('',(-0.816496580927511,9.09922021341127E-15,-0.57735026918993));
#5544=DIRECTION('center_axis',(-3.98899663300867E-13,-1.13748804599427E-26,
1.));
#5545=DIRECTION('ref_axis',(-0.382683432365074,-0.923879532511293,-1.52652292321259E-13));
#5546=DIRECTION('center_axis',(0.50000000000026,0.50000000000002,-0.707106781186349));
#5547=DIRECTION('ref_axis',(-0.499999999999698,-0.500000000000022,-0.707106781186746));
#5548=DIRECTION('',(3.98899663300867E-13,1.13748804599427E-26,-1.));
#5549=DIRECTION('center_axis',(-3.98899663300867E-13,-1.1374868133991E-26,
1.));
#5550=DIRECTION('ref_axis',(-0.382683432365074,-0.923879532511293,-1.52652292321259E-13));
#5551=DIRECTION('center_axis',(0.707106781186517,0.707106781186578,2.8206465693307E-13));
#5552=DIRECTION('ref_axis',(0.707106781186578,-0.707106781186517,2.82064656933078E-13));
#5553=DIRECTION('',(-3.98899663300867E-13,-1.13755337353798E-26,1.));
#5554=DIRECTION('',(-0.707106781186578,0.707106781186517,-2.82064656933078E-13));
#5555=DIRECTION('',(0.707106781186578,-0.707106781186517,2.82237848144325E-13));
#5556=DIRECTION('center_axis',(3.98899663300867E-13,1.13755337353798E-26,
-1.));
#5557=DIRECTION('ref_axis',(-0.923879532511278,-0.382683432365112,-3.68535234449315E-13));
#5558=DIRECTION('center_axis',(-3.98899663300867E-13,-1.1374868133991E-26,
1.));
#5559=DIRECTION('ref_axis',(-0.923879532511278,-0.382683432365112,-3.68535234449315E-13));
#5560=DIRECTION('center_axis',(0.50000000000026,0.50000000000002,-0.707106781186349));
#5561=DIRECTION('ref_axis',(-0.499999999999698,-0.500000000000022,-0.707106781186746));
#5562=DIRECTION('center_axis',(-1.,2.19269047363464E-15,-3.98899663300867E-13));
#5563=DIRECTION('ref_axis',(2.19269047363464E-15,1.,1.22495196410875E-26));
#5564=DIRECTION('',(-2.19269047363463E-15,-1.,-2.77555756276752E-17));
#5565=DIRECTION('',(-2.32095152261162E-13,-0.816496580927726,0.577350269189626));
#5566=DIRECTION('',(2.19269047363464E-15,1.,1.22492731220546E-26));
#5567=DIRECTION('',(-3.98899663300867E-13,6.69535286722567E-17,1.));
#5568=DIRECTION('',(-2.19269047363464E-15,-1.,-1.22495258040633E-26));
#5569=DIRECTION('',(-2.19269047363464E-15,-1.,-1.22495381300151E-26));
#5570=DIRECTION('center_axis',(3.98899663300867E-13,-6.69535286722567E-17,
-1.));
#5571=DIRECTION('ref_axis',(0.923879532511285,-0.382683432365093,3.68560856455475E-13));
#5572=DIRECTION('center_axis',(-3.99144592660697E-13,-1.137407311011E-26,
1.));
#5573=DIRECTION('ref_axis',(0.923879532511285,-0.382683432365093,3.68761519671768E-13));
#5574=DIRECTION('',(3.98899663300867E-13,-6.69535286722656E-17,-1.));
#5575=DIRECTION('center_axis',(-3.98899663300867E-13,-1.13748742969669E-26,
1.));
#5576=DIRECTION('ref_axis',(0.923879532511285,-0.382683432365093,3.6853523444931E-13));
#5577=DIRECTION('center_axis',(0.707106781186546,-0.707106781186549,2.82112000227222E-13));
#5578=DIRECTION('ref_axis',(-0.707106781186549,-0.707106781186546,-2.82198595832863E-13));
#5579=DIRECTION('',(-0.707106781186549,-0.707106781186546,-2.82064656933082E-13));
#5580=DIRECTION('center_axis',(-3.98899663300867E-13,-1.13748742969669E-26,
1.));
#5581=DIRECTION('ref_axis',(1.,-2.19269047363464E-15,3.98899663300867E-13));
#5582=DIRECTION('center_axis',(-3.98899663300867E-13,-1.1374868133991E-26,
1.));
#5583=DIRECTION('ref_axis',(1.,-2.19269047363464E-15,3.98899663300867E-13));
#5584=DIRECTION('',(-3.98899663300867E-13,-1.13748742969669E-26,1.));
#5585=DIRECTION('center_axis',(-3.98899663300867E-13,-1.1374868133991E-26,
1.));
#5586=DIRECTION('ref_axis',(1.,-2.19269047363464E-15,3.98899663300867E-13));
#5587=DIRECTION('',(-3.98899663300867E-13,-1.1374868133991E-26,1.));
#5588=DIRECTION('center_axis',(3.99144592660697E-13,1.137407311011E-26,
-1.));
#5589=DIRECTION('ref_axis',(1.,-2.19269047363464E-15,3.99144592660697E-13));
#5590=DIRECTION('center_axis',(-4.03116075384086E-13,9.36750676908573E-17,
1.));
#5591=DIRECTION('ref_axis',(-0.38268343236512,0.923879532511274,-1.54352387847285E-13));
#5592=DIRECTION('center_axis',(-2.90118004003756E-13,-0.707106781186553,
0.707106781186542));
#5593=DIRECTION('ref_axis',(1.,2.77555756160328E-17,4.10316571526343E-13));
#5594=DIRECTION('',(-2.56362683712096E-13,0.707106781186542,0.707106781186553));
#5595=DIRECTION('center_axis',(3.86293456849223E-13,1.54396664737377E-15,
-1.));
#5596=DIRECTION('ref_axis',(-2.39953591015032E-14,-1.,-1.54396664738304E-15));
#5597=DIRECTION('',(-0.499999999999708,-0.500000000000012,-0.707106781186746));
#5598=DIRECTION('center_axis',(-0.50000000000026,-0.50000000000002,0.707106781186349));
#5599=DIRECTION('ref_axis',(0.816496580927508,5.55111512312578E-17,0.577350269189934));
#5600=DIRECTION('',(0.499999999999697,0.500000000000023,0.707106781186746));
#5601=DIRECTION('center_axis',(3.97406040571384E-13,-2.63737841418584E-15,
-1.));
#5602=DIRECTION('ref_axis',(-0.707106781186517,-0.707106781186578,-2.79143598011284E-13));
#5603=DIRECTION('center_axis',(0.707106781186263,-1.57009245869164E-15,
0.707106781186832));
#5604=DIRECTION('ref_axis',(0.707106781186832,-7.3598083915006E-18,-0.707106781186263));
#5605=DIRECTION('',(0.707106781186832,-7.35980839150054E-18,-0.707106781186263));
#5606=DIRECTION('center_axis',(-3.9423429118708E-13,3.81639164596104E-17,
1.));
#5607=DIRECTION('ref_axis',(-0.923879532511289,-0.382683432365085,-3.64210387943295E-13));
#5608=DIRECTION('',(0.50000000000027,0.499999999999992,-0.707106781186362));
#5609=DIRECTION('center_axis',(0.499999999999724,0.499999999999998,0.707106781186745));
#5610=DIRECTION('ref_axis',(0.816496580927952,1.66533453693774E-16,-0.577350269189306));
#5611=DIRECTION('',(-0.50000000000027,-0.499999999999992,0.707106781186362));
#5612=DIRECTION('center_axis',(3.9423429118708E-13,-3.81639164596104E-17,
-1.));
#5613=DIRECTION('ref_axis',(0.92387953251129,0.382683432365081,3.64210387943296E-13));
#5614=DIRECTION('',(-0.707106781186815,7.35980839150173E-18,0.70710678118628));
#5615=DIRECTION('center_axis',(0.707106781186273,-1.55046630295825E-15,
0.707106781186822));
#5616=DIRECTION('ref_axis',(0.707106781186822,-7.359808391501E-18,-0.707106781186273));
#5617=DIRECTION('',(-0.707106781186824,7.35980839150094E-18,0.707106781186271));
#5618=DIRECTION('center_axis',(3.9423429118708E-13,-3.81639164596104E-17,
-1.));
#5619=DIRECTION('ref_axis',(0.923879532511285,-0.382683432365093,3.64239597340381E-13));
#5620=DIRECTION('center_axis',(-3.94234291187085E-13,3.81639164596104E-17,
1.));
#5621=DIRECTION('ref_axis',(1.,-2.19269047363464E-15,3.94234291187085E-13));
#5622=DIRECTION('',(-0.707106781186824,1.49085666145187E-15,0.707106781186271));
#5623=DIRECTION('center_axis',(3.98899663300867E-13,1.13748742969669E-26,
-1.));
#5624=DIRECTION('ref_axis',(1.,-2.19269047363464E-15,3.98899663300867E-13));
#5625=DIRECTION('center_axis',(-3.98899663300867E-13,-1.13748742969669E-26,
1.));
#5626=DIRECTION('ref_axis',(1.,2.77555756158828E-17,3.98899663300867E-13));
#5627=DIRECTION('',(2.19269047363464E-15,1.,1.2249538130015E-26));
#5628=DIRECTION('center_axis',(3.98899663300867E-13,1.13748742969669E-26,
-1.));
#5629=DIRECTION('ref_axis',(-0.993220261042351,0.116247636771521,-3.96195227713392E-13));
#5630=DIRECTION('center_axis',(-3.98899663300867E-13,-1.13748742969669E-26,
1.));
#5631=DIRECTION('ref_axis',(1.,-2.19269047363464E-15,3.98899663300867E-13));
#5632=DIRECTION('center_axis',(3.98899663300867E-13,1.13748742969669E-26,
-1.));
#5633=DIRECTION('ref_axis',(-0.993220261042352,-0.116247636771516,-3.96195227713395E-13));
#5634=DIRECTION('',(-2.19269047363454E-15,-1.,-1.22495377886227E-26));
#5635=DIRECTION('center_axis',(3.98899663300867E-13,1.13748742969669E-26,
-1.));
#5636=DIRECTION('ref_axis',(-0.974679434484322,-0.223606797735048,-3.88799298242078E-13));
#5637=DIRECTION('center_axis',(-3.98899663300867E-13,-1.13748742969669E-26,
1.));
#5638=DIRECTION('ref_axis',(0.905882352956893,0.423529411731089,3.61356165584707E-13));
#5639=DIRECTION('center_axis',(3.98899663300867E-13,1.13748742969669E-26,
-1.));
#5640=DIRECTION('ref_axis',(-0.821070827256072,-0.570826327904582,-3.27524876538618E-13));
#5641=DIRECTION('',(-1.,2.19269047363454E-15,-3.98899663300867E-13));
#5642=DIRECTION('center_axis',(3.98899663300867E-13,1.13748742969669E-26,
-1.));
#5643=DIRECTION('ref_axis',(0.707106781186529,-0.707106781186566,2.82064656933058E-13));
#5644=DIRECTION('',(-2.19269047363464E-15,-1.,-1.2249538130015E-26));
#5645=DIRECTION('center_axis',(3.98899663300867E-13,1.13748742969669E-26,
-1.));
#5646=DIRECTION('ref_axis',(1.,-2.19269047363464E-15,3.98899663300867E-13));
#5647=DIRECTION('center_axis',(3.98899663300867E-13,1.13748742969669E-26,
-1.));
#5648=DIRECTION('ref_axis',(1.,-2.19269047363464E-15,3.98899663300867E-13));
#5649=DIRECTION('center_axis',(3.98899663300867E-13,1.13748742969669E-26,
-1.));
#5650=DIRECTION('ref_axis',(-0.38268343236512,0.923879532511274,-1.52652292321256E-13));
#5651=DIRECTION('center_axis',(-3.84676460469733E-13,7.63278329317954E-17,
1.));
#5652=DIRECTION('ref_axis',(-0.974679434484322,-0.223606797735048,-3.7491916752777E-13));
#5653=DIRECTION('',(-3.85655382911501E-13,7.63278329317975E-17,1.));
#5654=DIRECTION('',(2.19269047363457E-15,1.,-7.63278329309519E-17));
#5655=DIRECTION('center_axis',(-0.005891679775018,-0.00135195667971188,
0.999981729994386));
#5656=DIRECTION('ref_axis',(-0.900481923802523,-0.434853507735941,-0.00589336191447221));
#5657=DIRECTION('center_axis',(-3.84676460469733E-13,7.63278329317954E-17,
1.));
#5658=DIRECTION('ref_axis',(0.905882352956893,0.423529411731089,3.48439290055271E-13));
#5659=DIRECTION('',(3.84676460469733E-13,-7.63278329317954E-17,-1.));
#5660=DIRECTION('center_axis',(-3.84676460469733E-13,7.63278329317954E-17,
1.));
#5661=DIRECTION('ref_axis',(0.905882352956893,0.423529411731089,3.48439290055271E-13));
#5662=DIRECTION('center_axis',(-3.84676460469733E-13,7.63278329317954E-17,
1.));
#5663=DIRECTION('ref_axis',(0.905882352956893,0.423529411731089,3.48439290055271E-13));
#5664=DIRECTION('',(-3.84676460469733E-13,7.63278329317954E-17,1.));
#5665=DIRECTION('center_axis',(3.84676460469733E-13,-7.63278329317954E-17,
-1.));
#5666=DIRECTION('ref_axis',(-0.821070827256072,-0.570826327904582,-3.15803049687232E-13));
#5667=DIRECTION('center_axis',(3.84676460469733E-13,-7.63278329317954E-17,
-1.));
#5668=DIRECTION('ref_axis',(-0.821070827256067,-0.57082632790459,-3.1580304968723E-13));
#5669=DIRECTION('',(-3.84676460469733E-13,7.63278329317954E-17,1.));
#5670=DIRECTION('center_axis',(-2.19269047363457E-15,-1.,7.63278329309519E-17));
#5671=DIRECTION('ref_axis',(-1.,2.19269047363454E-15,-3.85626470853568E-13));
#5672=DIRECTION('',(-1.,2.19269047363454E-15,-3.84676460469733E-13));
#5673=DIRECTION('',(3.85655382911501E-13,-7.63278329317975E-17,-1.));
#5674=DIRECTION('center_axis',(-3.85655382911501E-13,7.63278329317975E-17,
1.));
#5675=DIRECTION('ref_axis',(0.707106781186529,-0.707106781186566,2.72753508386069E-13));
#5676=DIRECTION('center_axis',(3.85655382911501E-13,-7.63278329317975E-17,
-1.));
#5677=DIRECTION('ref_axis',(0.707106781186522,-0.707106781186573,2.72753508386066E-13));
#5678=DIRECTION('',(-3.85655382911501E-13,7.63278329317975E-17,1.));
#5679=DIRECTION('center_axis',(3.98899663300867E-13,1.13748742969669E-26,
-1.));
#5680=DIRECTION('ref_axis',(0.707106781186529,-0.707106781186566,2.82064656933058E-13));
#5681=DIRECTION('center_axis',(0.707106781186843,-2.38948446055143E-15,
-0.707106781186252));
#5682=DIRECTION('ref_axis',(-0.707106781186252,3.06658683337444E-15,-0.707106781186843));
#5683=DIRECTION('',(-0.707106781186252,3.06658683337444E-15,-0.707106781186843));
#5684=DIRECTION('',(3.30291349825972E-15,1.,-7.63278329305249E-17));
#5685=DIRECTION('',(0.707106781186252,-3.06658683337444E-15,0.707106781186843));
#5686=DIRECTION('',(-3.30291349825972E-15,-1.,7.63278329305249E-17));
#5687=DIRECTION('center_axis',(-3.85655382911501E-13,7.63278329317975E-17,
1.));
#5688=DIRECTION('ref_axis',(0.707106781186566,0.707106781186529,2.72645564529565E-13));
#5689=DIRECTION('center_axis',(3.85655382911501E-13,-7.63278329317975E-17,
-1.));
#5690=DIRECTION('ref_axis',(0.707106781186573,0.707106781186522,2.72645564529567E-13));
#5691=DIRECTION('center_axis',(3.98899663300867E-13,1.13748742969669E-26,
-1.));
#5692=DIRECTION('ref_axis',(0.707106781186566,0.707106781186529,2.82064656933089E-13));
#5693=DIRECTION('',(2.19269047363464E-15,1.,1.2249538130015E-26));
#5694=DIRECTION('',(3.85655382911501E-13,-7.63278329317975E-17,-1.));
#5695=DIRECTION('center_axis',(3.85655382911501E-13,-7.63278329317975E-17,
-1.));
#5696=DIRECTION('ref_axis',(-0.707106781186546,0.707106781186549,-2.72753508386076E-13));
#5697=DIRECTION('center_axis',(3.98899663300867E-13,1.13748742969669E-26,
-1.));
#5698=DIRECTION('ref_axis',(-0.707106781186546,0.707106781186549,-2.82064656933065E-13));
#5699=DIRECTION('center_axis',(2.62922911116788E-13,2.3667744996445E-13,
-1.));
#5700=DIRECTION('ref_axis',(1.77635683940029E-13,1.,2.33146835171288E-13));
#5701=DIRECTION('',(3.85655382911501E-13,-7.63278329317975E-17,-1.));
#5702=DIRECTION('center_axis',(-0.707106781186267,1.49649437469076E-15,
-0.707106781186828));
#5703=DIRECTION('ref_axis',(-0.707106781186828,3.17453068989329E-15,0.707106781186267));
#5704=DIRECTION('',(-0.707106388830975,-0.00105344664004879,0.707106388830277));
#5705=DIRECTION('',(2.19269047363457E-15,1.,-7.63278329309519E-17));
#5706=DIRECTION('',(0.70710678118681,0.,-0.707106781186284));
#5707=DIRECTION('',(-2.19269047363457E-15,-1.,7.63278329309519E-17));
#5708=DIRECTION('center_axis',(-4.14375986942031E-5,-9.50956583566423E-6,
-0.999999999096247));
#5709=DIRECTION('ref_axis',(-0.223658110125203,0.974667661192892,-8.11279935370563E-10));
#5710=DIRECTION('',(0.636742356244552,0.307505434361638,-0.707106483920347));
#5711=DIRECTION('center_axis',(3.85532918231586E-13,-7.63278329318072E-17,
-1.));
#5712=DIRECTION('ref_axis',(0.905882352956893,0.423529411731089,3.49215140027786E-13));
#5713=DIRECTION('center_axis',(3.84676460469733E-13,-7.63278329317954E-17,
-1.));
#5714=DIRECTION('ref_axis',(0.905882352956893,0.423529411731089,3.48439290055271E-13));
#5715=DIRECTION('',(-0.662826121517159,0.246295620413564,0.707106781186277));
#5716=DIRECTION('center_axis',(-3.84676460469733E-13,7.63278329317954E-17,
1.));
#5717=DIRECTION('ref_axis',(-0.821070827256067,-0.57082632790459,-3.1580304968723E-13));
#5718=DIRECTION('',(2.75733499613824E-13,0.707106781186556,-0.707106781186539));
#5719=DIRECTION('center_axis',(2.7045686745804E-13,-0.707106781186539,-0.707106781186556));
#5720=DIRECTION('ref_axis',(-1.,4.4131365228849E-15,-3.86896906518983E-13));
#5721=DIRECTION('',(1.,-2.19269047363454E-15,3.84676460469733E-13));
#5722=DIRECTION('',(-2.75733499613824E-13,-0.707106781186556,0.707106781186539));
#5723=DIRECTION('center_axis',(-3.85655382911501E-13,7.63278329317975E-17,
1.));
#5724=DIRECTION('ref_axis',(0.707106781186522,-0.707106781186573,2.72753508386066E-13));
#5725=DIRECTION('center_axis',(3.84676460469733E-13,-7.63278329317954E-17,
-1.));
#5726=DIRECTION('ref_axis',(-1.,2.19269047363454E-15,-3.84676460469733E-13));
#5727=DIRECTION('',(-1.,2.19269047363454E-15,-3.84676460469733E-13));
#5728=DIRECTION('center_axis',(-3.85655382911501E-13,7.63278329317975E-17,
1.));
#5729=DIRECTION('ref_axis',(0.707106781186573,0.707106781186522,2.72645564529567E-13));
#5730=DIRECTION('',(2.69492382090556E-13,-0.707106781186556,-0.707106781186539));
#5731=DIRECTION('center_axis',(2.73557800063934E-13,0.707106781186555,-0.70710678118654));
#5732=DIRECTION('ref_axis',(-1.,4.41313652288495E-15,-3.82456014420482E-13));
#5733=DIRECTION('',(-1.72710170455199E-13,0.707106781186622,0.707106781186473));
#5734=DIRECTION('center_axis',(1.,-2.19269047363464E-15,3.98899663300867E-13));
#5735=DIRECTION('ref_axis',(-2.19269047363466E-15,-1.,3.81639164589483E-17));
#5736=DIRECTION('center_axis',(1.,-2.19269047363464E-15,3.98899663300867E-13));
#5737=DIRECTION('ref_axis',(-2.19269047363466E-15,-1.,3.81639164589483E-17));
#5738=DIRECTION('center_axis',(1.,-2.19269047363464E-15,3.98899663300867E-13));
#5739=DIRECTION('ref_axis',(-2.19269047363466E-15,-1.,3.81639164589483E-17));
#5740=DIRECTION('center_axis',(1.,-2.19269047363464E-15,3.98899663300867E-13));
#5741=DIRECTION('ref_axis',(2.192690473635E-15,1.,-8.96411667455057E-16));
#5742=DIRECTION('center_axis',(1.,-2.19269047363464E-15,3.98899663300867E-13));
#5743=DIRECTION('ref_axis',(2.192690473635E-15,1.,-8.96411667455057E-16));
#5744=DIRECTION('',(1.,-2.19269047363464E-15,3.98899663300867E-13));
#5745=DIRECTION('center_axis',(-3.98899663300867E-13,-1.13748742969669E-26,
1.));
#5746=DIRECTION('ref_axis',(-0.993220261042351,0.116247636771521,-3.96195227713392E-13));
#5747=DIRECTION('center_axis',(-3.98899663300867E-13,-1.1374868133991E-26,
1.));
#5748=DIRECTION('ref_axis',(-0.99322026104235,0.116247636771533,-3.96195227713391E-13));
#5749=DIRECTION('',(3.81203048435548E-13,1.13463212299834E-26,-1.));
#5750=DIRECTION('',(3.98899663300867E-13,1.13748742969669E-26,-1.));
#5751=DIRECTION('',(3.98899663300867E-13,1.13748742969669E-26,-1.));
#5752=DIRECTION('center_axis',(1.,-2.19269047363464E-15,3.98899663300867E-13));
#5753=DIRECTION('ref_axis',(3.98277901886583E-13,0.,-1.));
#5754=DIRECTION('center_axis',(-1.,2.19269047363464E-15,-3.98899663300867E-13));
#5755=DIRECTION('ref_axis',(2.192690473635E-15,1.,-8.96411667455056E-16));
#5756=DIRECTION('center_axis',(-2.19269047363464E-15,-1.,-8.7637516189395E-28));
#5757=DIRECTION('ref_axis',(-3.99680288865056E-13,0.,1.));
#5758=DIRECTION('center_axis',(-1.,2.19269047363464E-15,-3.98899663300867E-13));
#5759=DIRECTION('ref_axis',(2.192690473635E-15,1.,-8.96411667455056E-16));
#5760=DIRECTION('center_axis',(3.98899663300867E-13,1.13748742969669E-26,
-1.));
#5761=DIRECTION('ref_axis',(0.87746148085727,-0.479647109458366,3.5001908927344E-13));
#5762=DIRECTION('center_axis',(3.05360938065843E-13,-3.81639164594908E-17,
-1.));
#5763=DIRECTION('ref_axis',(0.87746148085727,-0.479647109458366,2.67960766123435E-13));
#5764=DIRECTION('',(3.98899663300867E-13,1.13748742969669E-26,-1.));
#5765=DIRECTION('',(-4.0925079213461E-13,-1.0134596621587E-24,1.));
#5766=DIRECTION('center_axis',(-1.,-9.68092273012643E-11,-4.0925079213461E-13));
#5767=DIRECTION('ref_axis',(9.68092273012643E-11,-1.,1.14491789060467E-16));
#5768=DIRECTION('',(9.68092273012643E-11,-1.,3.81639460212473E-17));
#5769=DIRECTION('',(4.0925079213461E-13,1.1349519814435E-26,-1.));
#5770=DIRECTION('center_axis',(-4.0925079213461E-13,-1.1349519814435E-26,
1.));
#5771=DIRECTION('ref_axis',(0.707106781152327,0.707106781220768,2.89384010310352E-13));
#5772=DIRECTION('center_axis',(3.05360938065843E-13,-3.81639164594908E-17,
-1.));
#5773=DIRECTION('ref_axis',(0.707106781152327,0.707106781220768,2.15895804041267E-13));
#5774=DIRECTION('center_axis',(3.05360938065843E-13,-3.81639164594908E-17,
-1.));
#5775=DIRECTION('ref_axis',(1.,-2.22044604925006E-15,3.05360938065843E-13));
#5776=DIRECTION('',(-1.26954075265293E-14,-1.,3.81639164562753E-17));
#5777=DIRECTION('center_axis',(-3.05360938065843E-13,3.81639164594908E-17,
1.));
#5778=DIRECTION('ref_axis',(0.528338058229691,-0.849034096032709,1.61366207543217E-13));
#5779=DIRECTION('center_axis',(-3.32584582171112E-13,4.24836077124819E-14,
1.));
#5780=DIRECTION('ref_axis',(-0.53987730069501,0.84174372596074,-2.15315176723477E-13));
#5781=DIRECTION('center_axis',(3.98899663300867E-13,1.13748742969669E-26,
-1.));
#5782=DIRECTION('ref_axis',(1.,-2.19269047363464E-15,3.98899663300867E-13));
#5783=DIRECTION('',(2.19269047363454E-15,1.,1.22495381300149E-26));
#5784=DIRECTION('center_axis',(3.98899663300867E-13,1.13748742969669E-26,
-1.));
#5785=DIRECTION('ref_axis',(1.,-2.19269047363464E-15,3.98899663300867E-13));
#5786=DIRECTION('center_axis',(3.98899663300867E-13,1.13748742969669E-26,
-1.));
#5787=DIRECTION('ref_axis',(0.528338058229437,-0.849034096032867,2.10753873536747E-13));
#5788=DIRECTION('',(-1.26954075265293E-14,-1.,-1.6439066147807E-26));
#5789=DIRECTION('center_axis',(3.98899663300867E-13,1.13748742969669E-26,
-1.));
#5790=DIRECTION('ref_axis',(-0.993220261042352,-0.116247636771516,-3.96195227713395E-13));
#5791=DIRECTION('center_axis',(-3.98899663300867E-13,-1.13748742969669E-26,
1.));
#5792=DIRECTION('ref_axis',(-0.993220261042355,-0.116247636771492,-3.96195227713396E-13));
#5793=DIRECTION('',(-3.98899663300867E-13,-1.1374868133991E-26,1.));
#5794=DIRECTION('',(3.81203048435548E-13,1.13463212299834E-26,-1.));
#5795=DIRECTION('center_axis',(3.98899663300867E-13,1.13748742969669E-26,
-1.));
#5796=DIRECTION('ref_axis',(-1.,0.,-3.98918993076742E-13));
#5797=DIRECTION('center_axis',(2.77555756158677E-17,-1.,3.81639164596213E-17));
#5798=DIRECTION('ref_axis',(1.,2.77555756158824E-17,3.85352506990638E-13));
#5799=DIRECTION('center_axis',(3.98899663300867E-13,1.13748742969669E-26,
-1.));
#5800=DIRECTION('ref_axis',(0.528338058229691,-0.849034096032709,2.10753873536848E-13));
#5801=DIRECTION('center_axis',(-3.98899663300867E-13,-1.13748742969669E-26,
1.));
#5802=DIRECTION('ref_axis',(0.528338058229437,-0.849034096032867,2.10753873536747E-13));
#5803=DIRECTION('',(3.98899663300867E-13,1.13748742969669E-26,-1.));
#5804=DIRECTION('',(-3.05707882761038E-13,-1.25579807655237E-26,1.));
#5805=DIRECTION('center_axis',(1.,-1.26954075265293E-14,3.05707882761038E-13));
#5806=DIRECTION('ref_axis',(-1.26954075265293E-14,-1.,3.81639164562753E-17));
#5807=DIRECTION('',(1.26954075265293E-14,1.,1.6439066147807E-26));
#5808=DIRECTION('center_axis',(1.26954075265293E-14,1.,1.6439066147807E-26));
#5809=DIRECTION('ref_axis',(-0.707106781186798,8.97700875192716E-15,0.707106781186297));
#5810=DIRECTION('center_axis',(-2.77555756158677E-17,1.,-3.81639164596213E-17));
#5811=DIRECTION('ref_axis',(-1.,-2.77555756158829E-17,-3.98675183285565E-13));
#5812=DIRECTION('center_axis',(3.98899663300867E-13,1.13748742969669E-26,
-1.));
#5813=DIRECTION('ref_axis',(-1.,0.,-3.9819999149889E-13));
#5814=DIRECTION('center_axis',(-3.98899663300867E-13,-1.13748742969669E-26,
1.));
#5815=DIRECTION('ref_axis',(1.,-2.19269047363464E-15,3.98899663300867E-13));
#5816=DIRECTION('',(-3.98899663300867E-13,-1.13748742969669E-26,1.));
#5817=DIRECTION('center_axis',(-3.98899663300867E-13,-1.13748742969669E-26,
1.));
#5818=DIRECTION('ref_axis',(1.,-2.19269047363464E-15,3.98899663300867E-13));
#5819=DIRECTION('center_axis',(-3.98899663300867E-13,-1.13748742969669E-26,
1.));
#5820=DIRECTION('ref_axis',(1.,-2.19269047363464E-15,3.98899663300867E-13));
#5821=DIRECTION('center_axis',(3.98899663300867E-13,1.13111799418461E-26,
-1.));
#5822=DIRECTION('ref_axis',(-0.38268343236512,0.923879532511274,-1.52652292321256E-13));
#5823=DIRECTION('',(3.81203048435548E-13,1.13463212299834E-26,-1.));
#5824=DIRECTION('',(-3.98899663300867E-13,-1.13111799418461E-26,1.));
#5825=DIRECTION('center_axis',(-1.,2.19269047363464E-15,-3.98899663300867E-13));
#5826=DIRECTION('ref_axis',(-2.19269047363464E-15,-1.,-1.2249538130015E-26));
#5827=DIRECTION('',(-2.19269047363464E-15,-1.,-1.22495319670392E-26));
#5828=DIRECTION('',(3.81203048435548E-13,1.13463212299834E-26,-1.));
#5829=DIRECTION('center_axis',(-0.707106781186585,0.70710678118651,-2.82064656933081E-13));
#5830=DIRECTION('ref_axis',(0.70710678118651,0.707106781186585,2.82064656933067E-13));
#5831=DIRECTION('',(-0.70710678118651,-0.707106781186585,-2.82064656933067E-13));
#5832=DIRECTION('center_axis',(3.98899663300867E-13,1.1374868133991E-26,
-1.));
#5833=DIRECTION('ref_axis',(1.,-2.19269047363464E-15,3.98899663300867E-13));
#5834=DIRECTION('center_axis',(3.98899663300867E-13,1.1374868133991E-26,
-1.));
#5835=DIRECTION('ref_axis',(-0.317999364001768,-0.948090926280001,-1.26849839230206E-13));
#5836=DIRECTION('center_axis',(-3.98899663300867E-13,-1.1374868133991E-26,
1.));
#5837=DIRECTION('ref_axis',(-0.564429339678905,0.825481387137006,-2.25150673555036E-13));
#5838=DIRECTION('center_axis',(3.98899663300867E-13,1.1374868133991E-26,
-1.));
#5839=DIRECTION('ref_axis',(0.942135046476453,-0.335233581552939,3.758173528234E-13));
#5840=DIRECTION('center_axis',(3.98899663300867E-13,1.1374868133991E-26,
-1.));
#5841=DIRECTION('ref_axis',(1.,-2.19269047363464E-15,3.98899663300867E-13));
#5842=DIRECTION('',(2.19269047363464E-15,1.,1.22495319670392E-26));
#5843=DIRECTION('center_axis',(3.98899663300867E-13,1.1374868133991E-26,
-1.));
#5844=DIRECTION('ref_axis',(-0.421414259992599,-0.906868249237391,-1.68102006421242E-13));
#5845=DIRECTION('center_axis',(3.98899663300867E-13,1.1374868133991E-26,
-1.));
#5846=DIRECTION('ref_axis',(-1.,0.,-3.9819999149889E-13));
#5847=DIRECTION('center_axis',(-0.602984623146014,-0.797752808988761,-2.40364559779603E-13));
#5848=DIRECTION('ref_axis',(-3.98675183285641E-13,3.81639164592971E-17,
1.));
#5849=DIRECTION('center_axis',(-3.98899663300867E-13,-1.1374868133991E-26,
1.));
#5850=DIRECTION('ref_axis',(-0.317999364001768,-0.948090926280001,-1.26849839230206E-13));
#5851=DIRECTION('center_axis',(-3.98899663300867E-13,-1.1374868133991E-26,
1.));
#5852=DIRECTION('ref_axis',(1.,0.,3.98739864655962E-13));
#5853=DIRECTION('center_axis',(3.98899663300867E-13,1.1374868133991E-26,
-1.));
#5854=DIRECTION('ref_axis',(-0.564429339678905,0.825481387137006,-2.25150673555036E-13));
#5855=DIRECTION('center_axis',(-0.962173776173155,-0.272436459462922,-3.83584409326211E-13));
#5856=DIRECTION('ref_axis',(-3.98675183285662E-13,3.81639164594991E-17,
1.));
#5857=DIRECTION('center_axis',(3.98899663300867E-13,1.1374868133991E-26,
-1.));
#5858=DIRECTION('ref_axis',(0.942135046476439,-0.335233581552981,3.75995531006386E-13));
#5859=DIRECTION('center_axis',(-3.98899663300867E-13,-1.1374868133991E-26,
1.));
#5860=DIRECTION('ref_axis',(0.942135046476453,-0.335233581552939,3.758173528234E-13));
#5861=DIRECTION('center_axis',(-3.99785406310212E-13,3.14576153961829E-16,
1.));
#5862=DIRECTION('ref_axis',(1.,2.77555756158828E-17,3.99785406310212E-13));
#5863=DIRECTION('center_axis',(-3.98899663300867E-13,-1.1374868133991E-26,
1.));
#5864=DIRECTION('ref_axis',(-0.421414259992599,-0.906868249237391,-1.68102006421242E-13));
#5865=DIRECTION('center_axis',(3.98899663300867E-13,1.1374868133991E-26,
-1.));
#5866=DIRECTION('ref_axis',(-1.,0.,-3.98918993076742E-13));
#5867=DIRECTION('center_axis',(-2.77555756158677E-17,1.,-3.81639164596213E-17));
#5868=DIRECTION('ref_axis',(-4.03116075384087E-13,3.81639164596101E-17,
1.));
#5869=DIRECTION('center_axis',(3.98899663300867E-13,1.1374868133991E-26,
-1.));
#5870=DIRECTION('ref_axis',(-1.,0.,-3.9819999149889E-13));
#5871=DIRECTION('center_axis',(2.77555756158677E-17,-1.,3.81639164596213E-17));
#5872=DIRECTION('ref_axis',(1.,2.77555756158829E-17,3.98675183285576E-13));
#5873=DIRECTION('center_axis',(-2.19269047363464E-15,-1.,-1.22495319670392E-26));
#5874=DIRECTION('ref_axis',(0.707106781186269,-1.55046630295825E-15,0.707106781186826));
#5875=DIRECTION('center_axis',(3.98899663300867E-13,1.13748742969669E-26,
-1.));
#5876=DIRECTION('ref_axis',(1.,-2.19269047363464E-15,3.98899663300867E-13));
#5877=DIRECTION('',(3.98899663300867E-13,1.13748742969669E-26,-1.));
#5878=DIRECTION('center_axis',(-4.09652513441568E-13,1.14491749402555E-16,
1.));
#5879=DIRECTION('ref_axis',(1.,-2.19269047363464E-15,4.09652513441568E-13));
#5880=DIRECTION('',(-3.98899663300867E-13,-1.13748742969669E-26,1.));
#5881=DIRECTION('center_axis',(-3.98899663300867E-13,1.10141207245907E-16,
1.));
#5882=DIRECTION('ref_axis',(-0.707106781186555,-0.70710678118654,-2.81986775338545E-13));
#5883=DIRECTION('center_axis',(-4.09652513441568E-13,1.14491749402555E-16,
1.));
#5884=DIRECTION('ref_axis',(-0.707106781186528,-0.707106781186567,-2.89587112292246E-13));
#5885=DIRECTION('',(-3.98899663300867E-13,1.10141207245907E-16,1.));
#5886=DIRECTION('center_axis',(3.2991129616592E-15,1.,-1.10141207244591E-16));
#5887=DIRECTION('ref_axis',(-1.,3.29911296165916E-15,-4.09652513441568E-13));
#5888=DIRECTION('',(1.,-3.29911296165916E-15,4.09652513441568E-13));
#5889=DIRECTION('',(3.98899663300867E-13,-1.10141207245907E-16,-1.));
#5890=DIRECTION('center_axis',(-3.98899663300867E-13,-1.13748742969669E-26,
1.));
#5891=DIRECTION('ref_axis',(0.839587979582903,-0.54322373341,3.34911362367069E-13));
#5892=DIRECTION('center_axis',(-4.09652513441568E-13,1.14491749402555E-16,
1.));
#5893=DIRECTION('ref_axis',(0.839587979582909,-0.543223733409991,3.44001520727022E-13));
#5894=DIRECTION('center_axis',(-4.09652513441568E-13,1.14491749402555E-16,
1.));
#5895=DIRECTION('ref_axis',(-1.,2.22044604925007E-15,-4.09652513441568E-13));
#5896=DIRECTION('center_axis',(4.09652513441568E-13,-1.14491749402555E-16,
-1.));
#5897=DIRECTION('ref_axis',(-0.707106781186528,-0.707106781186567,-2.89587112292246E-13));
#5898=DIRECTION('',(-1.,3.29911296165916E-15,-4.09652513441568E-13));
#5899=DIRECTION('center_axis',(4.09652513441568E-13,-1.14491749402555E-16,
-1.));
#5900=DIRECTION('ref_axis',(0.839587979582909,-0.543223733409991,3.44001520727022E-13));
#5901=DIRECTION('center_axis',(4.09652513441568E-13,-1.14491749402555E-16,
-1.));
#5902=DIRECTION('ref_axis',(-1.,0.,-4.08562073062058E-13));
#5903=DIRECTION('center_axis',(-1.,4.41313652288472E-15,-4.07556967482588E-13));
#5904=DIRECTION('ref_axis',(-4.07556967482588E-13,3.816391645961E-17,1.));
#5905=DIRECTION('center_axis',(-1.,3.29911296165916E-15,-4.09652513441568E-13));
#5906=DIRECTION('ref_axis',(-2.87335245037556E-13,0.707106781186548,0.707106781186548));
#5907=DIRECTION('center_axis',(-1.,-2.77555756158829E-17,-4.0755696748259E-13));
#5908=DIRECTION('ref_axis',(-4.0755696748259E-13,3.816391645961E-17,1.));
#5909=DIRECTION('center_axis',(4.09652513441568E-13,-1.14491749402555E-16,
-1.));
#5910=DIRECTION('ref_axis',(0.8395879795829,-0.543223733410004,3.44909286316882E-13));
#5911=DIRECTION('center_axis',(-3.99144592660697E-13,-1.13740731101101E-26,
1.));
#5912=DIRECTION('ref_axis',(1.,-4.1960686448266E-31,3.99144592660697E-13));
#5913=DIRECTION('',(-0.70710678118683,-8.65956056315917E-17,0.707106781186266));
#5914=DIRECTION('center_axis',(3.99144592660697E-13,1.13740731101101E-26,
-1.));
#5915=DIRECTION('ref_axis',(1.,-4.1960686448266E-31,3.99144592660697E-13));
#5916=DIRECTION('center_axis',(3.99144592660697E-13,1.13740731101101E-26,
-1.));
#5917=DIRECTION('ref_axis',(1.,-4.1960686448266E-31,3.99144592660697E-13));
#5918=DIRECTION('center_axis',(3.99144592660697E-13,1.137407311011E-26,
-1.));
#5919=DIRECTION('ref_axis',(-1.,4.1960686448266E-31,-3.99144592660697E-13));
#5920=DIRECTION('center_axis',(3.99144592660697E-13,1.137407311011E-26,
-1.));
#5921=DIRECTION('ref_axis',(-1.,4.1960686448266E-31,-3.99144592660697E-13));
#5922=DIRECTION('',(3.99144592660697E-13,1.13740731101101E-26,-1.));
#5923=DIRECTION('center_axis',(-3.99680288865056E-13,0.,1.));
#5924=DIRECTION('ref_axis',(-1.,4.1960686448266E-31,-3.99680288865056E-13));
#5925=DIRECTION('',(0.707106781186265,8.65956056235491E-17,0.70710678118683));
#5926=DIRECTION('center_axis',(-3.98899663300867E-13,-1.13748742969669E-26,
1.));
#5927=DIRECTION('ref_axis',(-1.,2.19269047363464E-15,-3.98899663300867E-13));
#5928=DIRECTION('',(2.19269047363334E-15,1.,3.26637321015481E-15));
#5929=DIRECTION('center_axis',(1.,-2.19269047363464E-15,3.98899663300867E-13));
#5930=DIRECTION('ref_axis',(3.98899663300867E-13,1.13748742969669E-26,-1.));
#5931=DIRECTION('',(-2.19269047363464E-15,-1.,-1.2249538130015E-26));
#5932=DIRECTION('center_axis',(3.98899663300867E-13,1.13748742969669E-26,
-1.));
#5933=DIRECTION('ref_axis',(1.,-2.19269047363464E-15,3.98899663300867E-13));
#5934=DIRECTION('',(-2.19269047363454E-15,-1.,-1.22495377886227E-26));
#5935=DIRECTION('center_axis',(1.,-2.19269047363454E-15,3.85655382911501E-13));
#5936=DIRECTION('ref_axis',(2.19269047363457E-15,1.,-7.6327832930962E-17));
#5937=DIRECTION('',(-2.19269047363454E-15,-1.,-1.22495381300149E-26));
#5938=DIRECTION('center_axis',(-1.,2.19269047363454E-15,-3.85655382911501E-13));
#5939=DIRECTION('ref_axis',(2.19269047363385E-15,1.,1.7785763791301E-15));
#5940=DIRECTION('center_axis',(1.,-2.19269047363454E-15,3.85655382911501E-13));
#5941=DIRECTION('ref_axis',(3.87058806058792E-13,0.,-1.));
#5942=DIRECTION('center_axis',(-2.19269047363454E-15,-1.,-8.45625156213422E-28));
#5943=DIRECTION('ref_axis',(-3.85656419080318E-13,0.,1.));
#5944=DIRECTION('center_axis',(1.,-2.19269047363454E-15,3.85655382911501E-13));
#5945=DIRECTION('ref_axis',(2.19269047363385E-15,1.,1.7785763791301E-15));
#5946=DIRECTION('center_axis',(1.,-2.19269047363454E-15,3.85655382911501E-13));
#5947=DIRECTION('ref_axis',(2.19269047363385E-15,1.,1.7785763791301E-15));
#5948=DIRECTION('center_axis',(1.,-2.19269047363454E-15,3.85655382911501E-13));
#5949=DIRECTION('ref_axis',(-2.19269047363455E-15,-1.,3.81639164589483E-17));
#5950=DIRECTION('',(1.,-2.19269047363454E-15,3.85655382911501E-13));
#5951=DIRECTION('center_axis',(1.,-2.19269047363454E-15,3.85655382911502E-13));
#5952=DIRECTION('ref_axis',(-2.19269047363455E-15,-1.,3.81639164589483E-17));
#5953=DIRECTION('center_axis',(1.,-2.19269047363454E-15,3.85655382911501E-13));
#5954=DIRECTION('ref_axis',(-2.19269047363455E-15,-1.,3.81639164589483E-17));
#5955=DIRECTION('center_axis',(2.19269047363454E-15,1.,1.22495381300149E-26));
#5956=DIRECTION('ref_axis',(0.707106781186272,-1.55046630295818E-15,0.707106781186823));
#5957=CARTESIAN_POINT('',(0.,0.,0.));
#5958=CARTESIAN_POINT('Origin',(29.4499999916057,61.2600000000072,-18.2000000008031));
#5959=CARTESIAN_POINT('',(31.4499999916058,61.2600000000072,-18.4000000008018));
#5960=CARTESIAN_POINT('Origin',(29.4499999916058,61.2600000000072,-18.4000000008018));
#5961=CARTESIAN_POINT('',(31.8499999916055,61.2600000000072,-18.0000000008008));
#5962=CARTESIAN_POINT('',(31.6499999916056,61.2600000000072,-18.2000000008022));
#5963=CARTESIAN_POINT('Origin',(29.4499999916056,61.2600000000072,-18.0000000008018));
#5964=CARTESIAN_POINT('Origin',(19.4999999905928,71.5000000000195,-18.0000000008057));
#5965=CARTESIAN_POINT('',(22.9499999916057,60.8960389693279,-18.0000000008043));
#5966=CARTESIAN_POINT('',(22.9499999916056,97.2573593128883,-18.0000000008056));
#5967=CARTESIAN_POINT('',(22.9499999916058,77.2500000000133,-18.0000000008043));
#5968=CARTESIAN_POINT('',(23.0964466010125,60.5424855787346,-18.0000000008043));
#5969=CARTESIAN_POINT('Origin',(23.4499999916057,60.8960389693279,-18.0000000008041));
#5970=CARTESIAN_POINT('',(28.7324855703338,54.9064466094138,-18.000000000802));
#5971=CARTESIAN_POINT('',(17.794041300013,65.8448908797337,-18.0000000008064));
#5972=CARTESIAN_POINT('',(29.086038960927,54.7600000000071,-18.0000000008019));
#5973=CARTESIAN_POINT('Origin',(29.086038960927,55.2600000000071,-18.000000000802));
#5974=CARTESIAN_POINT('',(37.1884271153401,54.760000000007,-18.0000000007987));
#5975=CARTESIAN_POINT('',(22.9216991322002,54.7600000000071,-18.0000000008044));
#5976=CARTESIAN_POINT('',(37.5419805059334,54.9064466094138,-18.0000000007985));
#5977=CARTESIAN_POINT('Ctrl Pts',(37.5419805059334,54.9064466094137,-18.0000000007985));
#5978=CARTESIAN_POINT('Ctrl Pts',(37.4968808309213,54.8613469344015,-18.0000000007985));
#5979=CARTESIAN_POINT('Ctrl Pts',(37.3849805186697,54.7854781079581,-18.0000000007987));
#5980=CARTESIAN_POINT('Ctrl Pts',(37.252207687401,54.760000000007,-18.0000000007986));
#5981=CARTESIAN_POINT('Ctrl Pts',(37.1884271153401,54.760000000007,-18.0000000007987));
#5982=CARTESIAN_POINT('',(40.3639610212704,57.7284271247511,-18.0000000007973));
#5983=CARTESIAN_POINT('',(36.3602038106401,53.7246699141203,-18.0000000007989));
#5984=CARTESIAN_POINT('',(43.1923881460166,58.9000000000051,-18.0000000007963));
#5985=CARTESIAN_POINT('Origin',(43.1923881460168,54.9000000000051,-18.0000000007962));
#5986=CARTESIAN_POINT('',(46.0497474588978,58.9000000000051,-18.0000000007951));
#5987=CARTESIAN_POINT('',(32.7893398235097,58.9000000000049,-18.0000000008004));
#5988=CARTESIAN_POINT('',(46.8275649182028,59.2221825406998,-18.0000000007948));
#5989=CARTESIAN_POINT('Origin',(46.0497474588978,60.0000000000049,-18.0000000007951));
#5990=CARTESIAN_POINT('',(48.8778174498992,61.2724350723961,-18.000000000794));
#5991=CARTESIAN_POINT('',(44.3099242310885,56.7045418535855,-18.0000000007958));
#5992=CARTESIAN_POINT('',(49.199999990594,62.0502525317014,-18.0000000007939));
#5993=CARTESIAN_POINT('Origin',(48.0999999905939,62.0502525317014,-18.0000000007943));
#5994=CARTESIAN_POINT('',(49.199999990594,64.9497474683134,-18.0000000007939));
#5995=CARTESIAN_POINT('',(49.199999990594,66.5000000000137,-18.0000000007939));
#5996=CARTESIAN_POINT('',(48.8778174498992,65.7275649276185,-18.000000000794));
#5997=CARTESIAN_POINT('Origin',(48.099999990594,64.9497474683133,-18.0000000007943));
#5998=CARTESIAN_POINT('',(48.064466084661,66.5409162928567,-18.0000000007943));
#5999=CARTESIAN_POINT('',(39.8099242310825,74.7954581464353,-18.0000000007976));
#6000=CARTESIAN_POINT('',(46.5999999905938,70.0764501987894,-18.0000000007949));
#6001=CARTESIAN_POINT('Origin',(51.5999999905938,70.0764501987894,-18.0000000007929));
#6002=CARTESIAN_POINT('',(46.5999999905938,83.9235498012253,-18.0000000007949));
#6003=CARTESIAN_POINT('',(46.5999999905938,69.5026911934717,-18.0000000007949));
#6004=CARTESIAN_POINT('',(48.064466084661,87.459083707158,-18.0000000007944));
#6005=CARTESIAN_POINT('Origin',(51.5999999905938,83.9235498012253,-18.0000000007929));
#6006=CARTESIAN_POINT('',(48.8778174498992,88.2724350723961,-18.000000000794));
#6007=CARTESIAN_POINT('',(37.5599242310886,76.9545418535855,-18.0000000007986));
#6008=CARTESIAN_POINT('',(49.199999990594,89.0502525317013,-18.0000000007939));
#6009=CARTESIAN_POINT('Origin',(48.099999990594,89.0502525317013,-18.0000000007943));
#6010=CARTESIAN_POINT('',(49.199999990594,91.9497474683133,-18.0000000007939));
#6011=CARTESIAN_POINT('',(49.199999990594,66.5000000000137,-18.0000000007939));
#6012=CARTESIAN_POINT('',(48.8778174498994,92.7275649276182,-18.000000000794));
#6013=CARTESIAN_POINT('Origin',(48.0999999905945,91.9497474683134,-18.0000000007943));
#6014=CARTESIAN_POINT('',(46.8275649182078,94.7778174593098,-18.0000000007949));
#6015=CARTESIAN_POINT('',(45.5954581370151,96.0099242405024,-18.0000000007953));
#6016=CARTESIAN_POINT('',(46.0497474589032,95.1000000000044,-18.0000000007952));
#6017=CARTESIAN_POINT('Origin',(46.0497474589029,94.0000000000048,-18.0000000007952));
#6018=CARTESIAN_POINT('',(45.19238815541,95.1000000000071,-18.0000000007955));
#6019=CARTESIAN_POINT('',(32.6461940730048,95.1000000000103,-18.0000000008005));
#6020=CARTESIAN_POINT('',(42.3639610290565,96.2715728736497,-18.0000000007351));
#6021=CARTESIAN_POINT('Origin',(45.192388155411,99.1000000000044,-18.0000000007954));
#6022=CARTESIAN_POINT('',(36.7819805059326,101.853553390601,-18.0000000008001));
#6023=CARTESIAN_POINT('',(42.9802038106329,95.6553300859005,-18.0000000007963));
#6024=CARTESIAN_POINT('',(36.4284271153394,102.000000000008,-18.0000000008002));
#6025=CARTESIAN_POINT('Ctrl Pts',(36.7819805059327,101.853553390601,-18.0000000008001));
#6026=CARTESIAN_POINT('Ctrl Pts',(36.7368808309205,101.898653065613,-18.0000000008001));
#6027=CARTESIAN_POINT('Ctrl Pts',(36.6249785980175,101.974517255193,-18.0000000008001));
#6028=CARTESIAN_POINT('Ctrl Pts',(36.4922076874002,102.000000000008,-18.0000000008002));
#6029=CARTESIAN_POINT('Ctrl Pts',(36.4284271153394,102.000000000008,-18.0000000008002));
#6030=CARTESIAN_POINT('',(27.6926406787247,102.000000000008,-18.0000000008037));
#6031=CARTESIAN_POINT('',(28.2748737247458,102.000000000008,-18.0000000008035));
#6032=CARTESIAN_POINT('',(27.3390872881315,101.853553390601,-18.0000000008039));
#6033=CARTESIAN_POINT('Origin',(27.6926406787247,101.500000000008,-18.0000000008037));
#6034=CARTESIAN_POINT('',(23.0964466010123,97.6109127034816,-18.0000000008055));
#6035=CARTESIAN_POINT('',(12.4865169441967,87.0009830466655,-18.0000000008098));
#6036=CARTESIAN_POINT('Origin',(23.4499999916056,97.2573593128883,-18.0000000008054));
#6037=CARTESIAN_POINT('',(30.4999999915032,74.5000000022825,-18.0000000008013));
#6038=CARTESIAN_POINT('Origin',(33.6999999915032,74.5000000022825,-18.0000000008001));
#6039=CARTESIAN_POINT('',(47.3499999905941,63.5000000000071,-18.0000000007946));
#6040=CARTESIAN_POINT('Origin',(44.5999999905941,63.5000000000071,-18.0000000007957));
#6041=CARTESIAN_POINT('',(47.349999990594,90.5000000000071,-18.0000000007946));
#6042=CARTESIAN_POINT('Origin',(44.599999990594,90.5000000000071,-18.0000000007957));
#6043=CARTESIAN_POINT('',(29.1999999905907,87.6000000000071,-18.0000000008031));
#6044=CARTESIAN_POINT('',(29.1999999905903,98.4000000000073,-18.0000000008031));
#6045=CARTESIAN_POINT('Origin',(29.1999999905905,93.0000000000072,-18.0000000008031));
#6046=CARTESIAN_POINT('',(30.1999999905906,98.4000000000074,-18.0000000008027));
#6047=CARTESIAN_POINT('',(24.8499999905889,98.4000000000064,-18.0000000008048));
#6048=CARTESIAN_POINT('',(30.1999999905905,87.6000000000074,-18.0000000008027));
#6049=CARTESIAN_POINT('Origin',(30.1999999905905,93.0000000000072,-18.0000000008027));
#6050=CARTESIAN_POINT('',(24.3499999905916,87.6000000000074,-18.0000000008051));
#6051=CARTESIAN_POINT('Origin',(36.0749999910998,78.3800000000073,-18.3999995231469));
#6052=CARTESIAN_POINT('',(26.8499999916059,61.2600000000072,-18.3999995231506));
#6053=CARTESIAN_POINT('Origin',(29.4499999916059,61.2600000000072,-18.3999995231496));
#6054=CARTESIAN_POINT('Origin',(22.349999991606,82.6000000000072,-18.5002405532525));
#6055=CARTESIAN_POINT('',(22.3499999916102,83.0000000000072,-29.0000157366497));
#6056=CARTESIAN_POINT('',(21.94999999161,82.6000000000072,-29.0000157366499));
#6057=CARTESIAN_POINT('Origin',(22.3499999916101,82.6000000000072,-29.0000162132666));
#6058=CARTESIAN_POINT('',(21.9499999916097,82.6000000000072,-28.0000162132657));
#6059=CARTESIAN_POINT('',(21.949999991606,82.6000000000072,-18.5002405532526));
#6060=CARTESIAN_POINT('',(22.3499999916097,83.0000000000072,-28.0000162125008));
#6061=CARTESIAN_POINT('Origin',(22.3499999916097,82.6000000000072,-28.0000162132657));
#6062=CARTESIAN_POINT('',(22.349999991606,83.0000000000072,-18.5002405532525));
#6063=CARTESIAN_POINT('Origin',(21.9499999916022,83.0000000000071,-9.00000000080659));
#6064=CARTESIAN_POINT('',(21.9499999916097,99.378679656448,-28.0000162125009));
#6065=CARTESIAN_POINT('',(21.9499999916098,86.3224055946175,-28.0000162132657));
#6066=CARTESIAN_POINT('',(21.94999999161,71.1600000022829,-29.0000157366499));
#6067=CARTESIAN_POINT('',(21.9499999916097,66.6265631460068,-29.0000152595983));
#6068=CARTESIAN_POINT('',(21.9499999916093,71.1600000022829,-27.0000154503372));
#6069=CARTESIAN_POINT('',(21.9499999916106,71.1600000022829,-30.1000038155042));
#6070=CARTESIAN_POINT('',(21.9499999916089,69.8183592157831,-26.0000154503373));
#6071=CARTESIAN_POINT('Ctrl Pts',(21.949999991609,69.818359215783,-26.0000154503373));
#6072=CARTESIAN_POINT('Ctrl Pts',(21.949999991609,69.9297764862736,-26.0000154503373));
#6073=CARTESIAN_POINT('Ctrl Pts',(21.949999991609,70.0617077200278,-26.0216957020799));
#6074=CARTESIAN_POINT('Ctrl Pts',(21.949999991609,70.2813989749841,-26.0929516291999));
#6075=CARTESIAN_POINT('Ctrl Pts',(21.949999991609,70.409067581157,-26.1583607207404));
#6076=CARTESIAN_POINT('Ctrl Pts',(21.9499999916091,70.7701617343506,-26.4109598333915));
#6077=CARTESIAN_POINT('Ctrl Pts',(21.9499999916093,70.9883460686096,-26.7286067504697));
#6078=CARTESIAN_POINT('Ctrl Pts',(21.9499999916094,71.1600000022829,-27.0000154503372));
#6079=CARTESIAN_POINT('',(21.9499999916089,66.6265631460068,-26.0000153231765));
#6080=CARTESIAN_POINT('',(21.949999991609,78.6500000008606,-26.0000154503373));
#6081=CARTESIAN_POINT('',(21.9499999916084,65.284922359507,-25.0000152595974));
#6082=CARTESIAN_POINT('Ctrl Pts',(21.9499999916085,65.2849223595069,-25.0000152595962));
#6083=CARTESIAN_POINT('Ctrl Pts',(21.9499999916085,65.3963396299975,-25.0000152595962));
#6084=CARTESIAN_POINT('Ctrl Pts',(21.9499999916086,65.5282708637517,-25.0216955113388));
#6085=CARTESIAN_POINT('Ctrl Pts',(21.9499999916086,65.747962118708,-25.0929514384588));
#6086=CARTESIAN_POINT('Ctrl Pts',(21.9499999916086,65.8756307248809,-25.1583605299993));
#6087=CARTESIAN_POINT('Ctrl Pts',(21.9499999916087,66.2367248780744,-25.4109596426505));
#6088=CARTESIAN_POINT('Ctrl Pts',(21.9499999916088,66.4549092123336,-25.7286065597286));
#6089=CARTESIAN_POINT('Ctrl Pts',(21.9499999916089,66.6265631460068,-26.0000152595962));
#6090=CARTESIAN_POINT('',(21.9499999916084,58.7747186257685,-25.0000152595974));
#6091=CARTESIAN_POINT('',(21.9499999916084,80.6900000000071,-25.0000152595974));
#6092=CARTESIAN_POINT('',(21.9499999916065,58.7747186257685,-20.0606601725844));
#6093=CARTESIAN_POINT('',(21.9499999916021,58.7747186257685,-9.00000000080659));
#6094=CARTESIAN_POINT('',(21.9499999916063,59.3960389693277,-19.6213203443645));
#6095=CARTESIAN_POINT('',(21.9499999916032,70.69826058632,-11.6294427965157));
#6096=CARTESIAN_POINT('',(21.9499999916061,60.8960389693279,-19.0000000008047));
#6097=CARTESIAN_POINT('Ctrl Pts',(21.9499999916061,60.8960389693279,-19.0000000008047));
#6098=CARTESIAN_POINT('Ctrl Pts',(21.9499999916061,60.2747186257682,-19.0000000008047));
#6099=CARTESIAN_POINT('Ctrl Pts',(21.9499999916063,59.3960389693277,-19.6213203443645));
#6100=CARTESIAN_POINT('',(21.9499999916059,97.2573593128883,-19.000000000806));
#6101=CARTESIAN_POINT('',(21.9499999916061,77.2500000000133,-19.0000000008047));
#6102=CARTESIAN_POINT('',(21.9499999916063,98.7573593128882,-19.6213203443656));
#6103=CARTESIAN_POINT('Ctrl Pts',(21.9499999916059,97.2573593128883,-19.000000000806));
#6104=CARTESIAN_POINT('Ctrl Pts',(21.9499999916059,97.8786796564458,-19.0000000008039));
#6105=CARTESIAN_POINT('Ctrl Pts',(21.9499999916063,98.7573593128882,-19.6213203443656));
#6106=CARTESIAN_POINT('',(21.9499999916065,99.378679656448,-20.0606601725859));
#6107=CARTESIAN_POINT('',(21.9499999916068,100.843001431422,-21.0960920295094));
#6108=CARTESIAN_POINT('',(21.949999991622,99.378679656448,-59.0000000008062));
#6109=CARTESIAN_POINT('Origin',(25.2204451062368,74.613281573007,-29.0000162132655));
#6110=CARTESIAN_POINT('',(29.2999999907232,83.0000000000072,-29.0000152600308));
#6111=CARTESIAN_POINT('',(21.1408902216306,83.0000000000071,-29.0000152595986));
#6112=CARTESIAN_POINT('',(29.6999999907231,82.6000000000458,-29.0000152600306));
#6113=CARTESIAN_POINT('Origin',(29.2999999907229,82.6000000000071,-29.0000152595954));
#6114=CARTESIAN_POINT('',(29.699999990843,81.3602113689012,-29.0000152600306));
#6115=CARTESIAN_POINT('',(29.6999999907229,82.6000000000458,-29.0000152595952));
#6116=CARTESIAN_POINT('',(29.5159509111211,81.0235138784783,-29.0000152600301));
#6117=CARTESIAN_POINT('Origin',(29.2999999908429,81.3602113688625,-29.0000152595954));
#6118=CARTESIAN_POINT('',(25.9499999915071,74.5000000022824,-29.0000152595956));
#6119=CARTESIAN_POINT('Origin',(33.6999999915071,74.5000000022825,-29.0000152595928));
#6120=CARTESIAN_POINT('',(26.630696181182,71.3239263826509,-29.0000157366476));
#6121=CARTESIAN_POINT('Origin',(33.6999999915071,74.5000000022825,-29.0000152595928));
#6122=CARTESIAN_POINT('',(26.265828887746,70.7600000022829,-29.0000162132651));
#6123=CARTESIAN_POINT('Origin',(26.265828887746,71.1600000022829,-29.000016213265));
#6124=CARTESIAN_POINT('',(22.3499999916102,70.7600000022829,-29.0000162132663));
#6125=CARTESIAN_POINT('',(25.6437320143632,70.7600000022829,-29.0000162132653));
#6126=CARTESIAN_POINT('Origin',(22.3499999916102,71.1600000022829,-29.0000162132666));
#6127=CARTESIAN_POINT('Origin',(22.449999991606,77.2500000000133,-18.5000000008045));
#6128=CARTESIAN_POINT('',(22.8395244596752,97.2573593128883,-18.1104755327361));
#6129=CARTESIAN_POINT('',(22.9061586731658,60.8960389693279,-18.0438413192444));
#6130=CARTESIAN_POINT('Origin',(27.6499999952921,83.0000000000072,-28.0004811056964));
#6131=CARTESIAN_POINT('',(29.2999999907226,83.0000000000071,-28.0000162127793));
#6132=CARTESIAN_POINT('',(25.7207106734134,83.0000000000072,-28.0000162132645));
#6133=CARTESIAN_POINT('',(29.2999999907251,83.0000000000071,-33.5000114448973));
#6134=CARTESIAN_POINT('Origin',(29.1999999906102,93.0000000000076,-59.0000000008033));
#6135=CARTESIAN_POINT('',(29.1999999905953,95.7000000000077,-21.4000000008029));
#6136=CARTESIAN_POINT('',(26.4999999905922,93.0000000000076,-21.4000000008042));
#6137=CARTESIAN_POINT('Origin',(29.1999999905952,93.0000000000076,-21.4000000008029));
#6138=CARTESIAN_POINT('',(29.199999990595,90.3000000000076,-21.4000000008028));
#6139=CARTESIAN_POINT('Origin',(29.1999999905952,93.0000000000076,-21.4000000008028));
#6140=CARTESIAN_POINT('',(29.1999999905975,90.3000000000076,-28.0000162124984));
#6141=CARTESIAN_POINT('',(29.199999990596,90.3000000000076,-23.9999933250835));
#6142=CARTESIAN_POINT('',(29.1999999905978,95.7000000000077,-28.0000162124984));
#6143=CARTESIAN_POINT('Origin',(29.1999999905978,93.0000000000076,-28.0000162132629));
#6144=CARTESIAN_POINT('',(29.1999999906103,95.7000000000077,-59.0000000008033));
#6145=CARTESIAN_POINT('Ctrl Pts',(36.7819805059326,101.853553390601,-18.0000000008001));
#6146=CARTESIAN_POINT('Ctrl Pts',(37.0176827663283,102.089255650996,-18.3333333341333));
#6147=CARTESIAN_POINT('Ctrl Pts',(37.2533850267239,102.324957911392,-18.6666666674666));
#6148=CARTESIAN_POINT('Ctrl Pts',(37.4890872871196,102.560660171787,-19.0000000007998));
#6149=CARTESIAN_POINT('Ctrl Pts',(36.7368808309205,101.898653065613,-18.0000000008001));
#6150=CARTESIAN_POINT('Ctrl Pts',(36.9426424789128,102.164489136406,-18.3333333341333));
#6151=CARTESIAN_POINT('Ctrl Pts',(37.1480266140907,102.430123126031,-18.6666666674666));
#6152=CARTESIAN_POINT('Ctrl Pts',(37.3537882620831,102.695959196824,-19.0000000007999));
#6153=CARTESIAN_POINT('Ctrl Pts',(36.6249785980174,101.974517255194,-18.0000000008001));
#6154=CARTESIAN_POINT('Ctrl Pts',(36.7559882029173,102.290802420144,-18.3333333341334));
#6155=CARTESIAN_POINT('Ctrl Pts',(36.8870719584741,102.607266600615,-18.6666666674667));
#6156=CARTESIAN_POINT('Ctrl Pts',(37.018081563374,102.923551765565,-19.0000000008));
#6157=CARTESIAN_POINT('Ctrl Pts',(36.4922076874002,102.000000000008,-18.0000000008002));
#6158=CARTESIAN_POINT('Ctrl Pts',(36.5346867191388,102.333469944953,-18.3333333341335));
#6159=CARTESIAN_POINT('Ctrl Pts',(36.5772897997837,102.666530055062,-18.6666666674668));
#6160=CARTESIAN_POINT('Ctrl Pts',(36.6197688315223,103.000000000008,-19.0000000008002));
#6161=CARTESIAN_POINT('Ctrl Pts',(36.4284271153394,102.000000000008,-18.0000000008002));
#6162=CARTESIAN_POINT('Ctrl Pts',(36.4284271153395,102.333333333341,-18.3333333341336));
#6163=CARTESIAN_POINT('Ctrl Pts',(36.4284271153397,102.666666666674,-18.6666666674669));
#6164=CARTESIAN_POINT('Ctrl Pts',(36.4284271153398,103.000000000008,-19.0000000008002));
#6165=CARTESIAN_POINT('',(36.4284271153397,103.000000000008,-19.0000000008002));
#6166=CARTESIAN_POINT('',(37.4890872871195,102.560660171787,-19.0000000007997));
#6167=CARTESIAN_POINT('Origin',(36.4284271153398,101.500000000008,-19.0000000007995));
#6168=CARTESIAN_POINT('',(36.4284271153394,102.000000000008,-18.0000000008002));
#6169=CARTESIAN_POINT('',(37.4890872871196,102.560660171787,-19.0000000007998));
#6170=CARTESIAN_POINT('Origin',(36.4284271153558,101.500000000008,-59.0000000008004));
#6171=CARTESIAN_POINT('',(37.4890872871232,102.560660171787,-28.0000162124956));
#6172=CARTESIAN_POINT('',(37.4890872871213,102.560660171787,-23.9999933250802));
#6173=CARTESIAN_POINT('',(36.4284271153431,103.000000000008,-28.0000162124959));
#6174=CARTESIAN_POINT('Origin',(36.4284271153434,101.500000000008,-28.0000162132601));
#6175=CARTESIAN_POINT('',(36.4284271153415,103.000000000008,-23.9999933250807));
#6176=CARTESIAN_POINT('Origin',(28.274873724746,102.500000000008,-18.5000000008035));
#6177=CARTESIAN_POINT('',(27.6926406787251,103.000000000008,-19.0000000008037));
#6178=CARTESIAN_POINT('',(28.2748737247461,103.000000000008,-19.0000000008035));
#6179=CARTESIAN_POINT('',(27.6926406787246,101.636082024821,-17.6360820256167));
#6180=CARTESIAN_POINT('Origin',(25.5713203351815,101.500000000008,-59.0000000008047));
#6181=CARTESIAN_POINT('',(25.571320335166,103.000000000008,-20.0606601725844));
#6182=CARTESIAN_POINT('',(24.5106601633863,102.560660171787,-20.500000000805));
#6183=CARTESIAN_POINT('Origin',(25.5713203351655,101.500000000008,-19.0000000008046));
#6184=CARTESIAN_POINT('',(25.571320335169,103.000000000008,-28.0000162124997));
#6185=CARTESIAN_POINT('',(25.5713203351815,103.000000000008,-59.0000000008047));
#6186=CARTESIAN_POINT('',(24.5106601633889,102.560660171787,-28.0000162125));
#6187=CARTESIAN_POINT('Origin',(25.5713203351691,101.500000000008,-28.0000162132644));
#6188=CARTESIAN_POINT('',(24.5106601634016,102.560660171787,-59.0000000008052));
#6189=CARTESIAN_POINT('Origin',(23.4499999916219,101.500000000008,-59.0000000008056));
#6190=CARTESIAN_POINT('',(22.3893398198297,100.439339828228,-28.0000162125008));
#6191=CARTESIAN_POINT('',(20.5715581288965,98.6215581372949,-28.0000162132661));
#6192=CARTESIAN_POINT('',(22.3893398198268,100.439339828228,-20.5000000008058));
#6193=CARTESIAN_POINT('',(22.3893398198421,100.439339828228,-59.000000000806));
#6194=CARTESIAN_POINT('',(14.9624999913564,93.012499999757,-20.5000000008088));
#6195=CARTESIAN_POINT('Origin',(15.3160533819494,92.6589466091638,-20.0000000008087));
#6196=CARTESIAN_POINT('Origin',(23.449999991606,99.378679656448,-19.0000000008054));
#6197=CARTESIAN_POINT('',(23.0183286032291,97.6890307012647,-18.110475532736));
#6198=CARTESIAN_POINT('',(26.1926406787254,103.000000000008,-19.621320344364));
#6199=CARTESIAN_POINT('',(27.5964161561817,101.59622452255,-17.6360820256167));
#6200=CARTESIAN_POINT('',(16.8152477157913,103.000000000008,-26.2521384983115));
#6201=CARTESIAN_POINT('Origin',(23.449999991622,99.378679656448,-59.0000000008056));
#6202=CARTESIAN_POINT('Origin',(23.4499999916096,99.378679656448,-28.0000162132652));
#6203=CARTESIAN_POINT('Origin',(27.6926406787246,101.500000000008,-17.6360820256167));
#6204=CARTESIAN_POINT('Ctrl Pts',(26.1926406787254,103.000000000008,-19.621320344364));
#6205=CARTESIAN_POINT('Ctrl Pts',(27.071320335165,103.000000000008,-19.0000000008045));
#6206=CARTESIAN_POINT('Ctrl Pts',(27.6926406787251,103.000000000008,-19.0000000008038));
#6207=CARTESIAN_POINT('Origin',(37.0497474589153,103.000000000008,-59.0000000008001));
#6208=CARTESIAN_POINT('',(30.4205844052203,103.000000000008,-28.0000162132631));
#6209=CARTESIAN_POINT('Origin',(23.4499999916056,97.2573593128883,-18.1104755327358));
#6210=CARTESIAN_POINT('Origin',(37.2999999999952,102.184062033972,-41.49999666294));
#6211=CARTESIAN_POINT('',(37.5828463696158,102.466901089278,-25.9999956409248));
#6212=CARTESIAN_POINT('',(37.7000000000067,102.18406203397,-26.0000038161962));
#6213=CARTESIAN_POINT('Origin',(37.2999999999892,102.184062033971,-25.9999923714045));
#6214=CARTESIAN_POINT('',(37.6999999999907,102.184062033972,-28.0000162124955));
#6215=CARTESIAN_POINT('',(37.6999999999952,102.184062033972,-41.4999966629399));
#6216=CARTESIAN_POINT('',(37.5828427124646,102.466904746446,-28.0000162124955));
#6217=CARTESIAN_POINT('Origin',(37.2999999999899,102.184062033972,-28.0000162132597));
#6218=CARTESIAN_POINT('',(37.5828427124698,102.466904746446,-41.4999966629399));
#6219=CARTESIAN_POINT('Origin',(29.1999999906103,95.7000000000077,-59.0000000008033));
#6220=CARTESIAN_POINT('',(30.1999999905978,95.7000000000076,-28.0000162124981));
#6221=CARTESIAN_POINT('',(30.1999999905953,95.7000000000076,-21.4000000008026));
#6222=CARTESIAN_POINT('',(30.1999999906103,95.7000000000076,-59.0000000008029));
#6223=CARTESIAN_POINT('',(31.7231546117681,95.7000000000076,-21.0000000008017));
#6224=CARTESIAN_POINT('Ctrl Pts',(30.1999999906347,95.7000000000077,-21.4000000008025));
#6225=CARTESIAN_POINT('Ctrl Pts',(30.9090547280589,95.7000000000077,-21.4000000007918));
#6226=CARTESIAN_POINT('Ctrl Pts',(31.7231546117679,95.7000000000077,-21.0000000008017));
#6227=CARTESIAN_POINT('',(32.8999999905921,95.7000000000072,-21.0000000008017));
#6228=CARTESIAN_POINT('',(28.0999999905939,95.7000000000072,-21.0000000008037));
#6229=CARTESIAN_POINT('',(32.8999999905919,95.7000000000072,-20.8000000008018));
#6230=CARTESIAN_POINT('',(32.8999999905905,95.7000000000072,-18.0000000008017));
#6231=CARTESIAN_POINT('',(34.4083250730919,95.7000000000072,-20.8000000008011));
#6232=CARTESIAN_POINT('',(31.2999999905937,95.7000000000072,-20.8000000008024));
#6233=CARTESIAN_POINT('',(34.4083250730918,95.7000000000072,-20.6000000008012));
#6234=CARTESIAN_POINT('',(34.4083250730905,95.7000000000072,-18.0000000008012));
#6235=CARTESIAN_POINT('',(24.9916749080916,95.7000000000072,-20.6000000008049));
#6236=CARTESIAN_POINT('',(31.2999999905916,95.7000000000072,-20.6000000008024));
#6237=CARTESIAN_POINT('',(24.9916749080917,95.7000000000072,-20.8000000008049));
#6238=CARTESIAN_POINT('',(24.9916749080903,95.7000000000072,-18.0000000008049));
#6239=CARTESIAN_POINT('',(26.4999999905919,95.7000000000072,-20.8000000008043));
#6240=CARTESIAN_POINT('',(27.3458374493436,95.7000000000072,-20.800000000804));
#6241=CARTESIAN_POINT('',(26.499999990592,95.7000000000072,-21.0000000008043));
#6242=CARTESIAN_POINT('',(26.4999999905905,95.7000000000072,-18.0000000008043));
#6243=CARTESIAN_POINT('',(27.6768453694218,95.7000000000072,-21.0000000008038));
#6244=CARTESIAN_POINT('',(28.0999999905939,95.7000000000072,-21.0000000008037));
#6245=CARTESIAN_POINT('Ctrl Pts',(27.6768453694225,95.7000000000077,-21.0000000008037));
#6246=CARTESIAN_POINT('Ctrl Pts',(28.4909452531739,95.7000000000077,-21.4000000008135));
#6247=CARTESIAN_POINT('Ctrl Pts',(29.1999999906347,95.7000000000077,-21.4000000008028));
#6248=CARTESIAN_POINT('',(26.4957106710678,95.7000000000078,-28.0000162132643));
#6249=CARTESIAN_POINT('Origin',(30.1999999905906,98.0000000000074,-18.0000000008028));
#6250=CARTESIAN_POINT('',(30.1999999905908,98.0000000000071,-18.4000000008027));
#6251=CARTESIAN_POINT('',(29.1999999905905,98.0000000000072,-18.4000000008023));
#6252=CARTESIAN_POINT('',(24.8499999905891,98.0000000000064,-18.4000000008049));
#6253=CARTESIAN_POINT('',(29.1999999905916,98.0000000000072,-20.6000000008032));
#6254=CARTESIAN_POINT('',(29.1999999905903,98.0000000000072,-18.0000000008032));
#6255=CARTESIAN_POINT('',(30.1999999905918,98.000000000007,-20.6000000008028));
#6256=CARTESIAN_POINT('',(29.449999990593,98.0000000000073,-20.6000000008031));
#6257=CARTESIAN_POINT('',(30.1999999905906,98.0000000000071,-18.0000000008028));
#6258=CARTESIAN_POINT('Origin',(30.1999999906103,90.3000000000076,-59.0000000008029));
#6259=CARTESIAN_POINT('',(27.6768453694223,90.3000000000077,-21.0000000008037));
#6260=CARTESIAN_POINT('Ctrl Pts',(29.1999999905555,90.3000000000076,-21.4000000008028));
#6261=CARTESIAN_POINT('Ctrl Pts',(28.4909452531315,90.3000000000076,-21.4000000007928));
#6262=CARTESIAN_POINT('Ctrl Pts',(27.6768453694224,90.3000000000076,-21.0000000008037));
#6263=CARTESIAN_POINT('',(26.499999990592,90.3000000000071,-21.0000000008043));
#6264=CARTESIAN_POINT('',(31.2999999905939,90.3000000000071,-21.0000000008024));
#6265=CARTESIAN_POINT('',(26.4999999905919,90.3000000000071,-20.8000000008043));
#6266=CARTESIAN_POINT('',(26.4999999905905,90.3000000000071,-18.0000000008043));
#6267=CARTESIAN_POINT('',(24.9916749080917,90.3000000000071,-20.8000000008049));
#6268=CARTESIAN_POINT('',(28.0999999905937,90.3000000000071,-20.8000000008037));
#6269=CARTESIAN_POINT('',(24.9916749080916,90.3000000000071,-20.600000000805));
#6270=CARTESIAN_POINT('',(24.9916749080903,90.3000000000072,-18.0000000008049));
#6271=CARTESIAN_POINT('',(34.4083250730917,90.3000000000071,-20.6000000008012));
#6272=CARTESIAN_POINT('',(31.2999999905916,90.3000000000071,-20.6000000008024));
#6273=CARTESIAN_POINT('',(34.4083250730917,90.3000000000071,-20.8000000008011));
#6274=CARTESIAN_POINT('',(34.4083250730904,90.3000000000071,-18.0000000008012));
#6275=CARTESIAN_POINT('',(32.8999999905918,90.3000000000071,-20.8000000008018));
#6276=CARTESIAN_POINT('',(32.0541625318436,90.3000000000071,-20.8000000008021));
#6277=CARTESIAN_POINT('',(32.8999999905921,90.3000000000071,-21.0000000008017));
#6278=CARTESIAN_POINT('',(32.8999999905905,90.3000000000071,-18.0000000008017));
#6279=CARTESIAN_POINT('',(31.723154611768,90.3000000000076,-21.0000000008017));
#6280=CARTESIAN_POINT('',(31.2999999905939,90.3000000000071,-21.0000000008024));
#6281=CARTESIAN_POINT('',(30.1999999905953,90.3000000000076,-21.4000000008026));
#6282=CARTESIAN_POINT('Ctrl Pts',(31.7231546117679,90.3000000000076,-21.0000000008017));
#6283=CARTESIAN_POINT('Ctrl Pts',(30.9090547280168,90.3000000000076,-21.4000000008125));
#6284=CARTESIAN_POINT('Ctrl Pts',(30.199999990556,90.3000000000076,-21.4000000008026));
#6285=CARTESIAN_POINT('',(30.1999999905977,90.3000000000076,-28.0000162124981));
#6286=CARTESIAN_POINT('',(30.1999999906103,90.3000000000076,-59.0000000008029));
#6287=CARTESIAN_POINT('',(26.9957106710678,90.3000000000077,-28.0000162132641));
#6288=CARTESIAN_POINT('Origin',(26.4999999905905,95.7000000000072,-18.0000000008043));
#6289=CARTESIAN_POINT('',(26.4999999905919,94.3500000000072,-20.8000000008043));
#6290=CARTESIAN_POINT('',(26.499999990592,91.4768453788404,-21.0000000008043));
#6291=CARTESIAN_POINT('',(26.499999990592,91.6500000000071,-21.0000000008043));
#6292=CARTESIAN_POINT('Ctrl Pts',(26.4999999905922,93.0000000000077,-21.4000000008012));
#6293=CARTESIAN_POINT('Ctrl Pts',(26.4999999905922,92.2909452625672,-21.4000000008012));
#6294=CARTESIAN_POINT('Ctrl Pts',(26.499999990592,91.4768453788403,-21.0000000008043));
#6295=CARTESIAN_POINT('',(26.499999990592,94.5231546211751,-21.0000000008043));
#6296=CARTESIAN_POINT('Ctrl Pts',(26.499999990592,94.5231546211751,-21.0000000008043));
#6297=CARTESIAN_POINT('Ctrl Pts',(26.4999999905922,93.7090547374481,-21.4000000008012));
#6298=CARTESIAN_POINT('Ctrl Pts',(26.4999999905922,93.0000000000077,-21.4000000008012));
#6299=CARTESIAN_POINT('',(26.499999990592,91.6500000000071,-21.0000000008043));
#6300=CARTESIAN_POINT('Origin',(29.699999990592,93.0000000000072,-21.0000000008027));
#6301=CARTESIAN_POINT('',(32.899999990592,94.5231546211861,-21.0000000008012));
#6302=CARTESIAN_POINT('Origin',(30.1999999905951,93.0000000000076,-21.0000000008025));
#6303=CARTESIAN_POINT('',(32.8999999905921,94.3500000000072,-21.0000000008017));
#6304=CARTESIAN_POINT('Origin',(32.8999999905905,90.3000000000071,-18.0000000008017));
#6305=CARTESIAN_POINT('',(32.8999999905918,91.6500000000071,-20.8000000008018));
#6306=CARTESIAN_POINT('',(32.8999999905921,93.0000000000076,-21.4000000008013));
#6307=CARTESIAN_POINT('Ctrl Pts',(32.8999999905921,93.0000000000076,-21.4000000008043));
#6308=CARTESIAN_POINT('Ctrl Pts',(32.8999999905921,93.7090547374523,-21.4000000008044));
#6309=CARTESIAN_POINT('Ctrl Pts',(32.8999999905919,94.5231546211861,-21.0000000008012));
#6310=CARTESIAN_POINT('',(32.899999990592,91.4768453788292,-21.0000000008012));
#6311=CARTESIAN_POINT('Ctrl Pts',(32.8999999905919,91.4768453788292,-21.0000000008011));
#6312=CARTESIAN_POINT('Ctrl Pts',(32.8999999905921,92.290945262563,-21.4000000008043));
#6313=CARTESIAN_POINT('Ctrl Pts',(32.8999999905921,93.0000000000077,-21.4000000008043));
#6314=CARTESIAN_POINT('',(32.8999999905921,94.3500000000072,-21.0000000008017));
#6315=CARTESIAN_POINT('Origin',(29.6999999905916,93.0000000000073,-20.600000000803));
#6316=CARTESIAN_POINT('Origin',(30.1999999905918,93.0000000000072,-20.6000000008028));
#6317=CARTESIAN_POINT('Origin',(29.1999999905917,93.0000000000072,-20.6000000008033));
#6318=CARTESIAN_POINT('Origin',(29.6999999905916,93.0000000000073,-20.600000000803));
#6319=CARTESIAN_POINT('',(29.1999999905919,88.0000000000072,-20.6000000008032));
#6320=CARTESIAN_POINT('Origin',(29.1999999905917,93.0000000000072,-20.6000000008033));
#6321=CARTESIAN_POINT('',(30.1999999905917,88.0000000000074,-20.6000000008028));
#6322=CARTESIAN_POINT('',(29.9499999905935,88.0000000000074,-20.6000000008029));
#6323=CARTESIAN_POINT('Origin',(30.1999999905918,93.0000000000072,-20.6000000008028));
#6324=CARTESIAN_POINT('Origin',(30.1999999905905,93.0000000000072,-18.0000000008028));
#6325=CARTESIAN_POINT('',(30.1999999905906,88.0000000000074,-18.4000000008027));
#6326=CARTESIAN_POINT('Origin',(30.1999999905907,93.0000000000072,-18.4000000008016));
#6327=CARTESIAN_POINT('Origin',(30.1999999905918,93.0000000000072,-20.8000000008028));
#6328=CARTESIAN_POINT('',(30.1999999905904,88.0000000000074,-18.0000000008028));
#6329=CARTESIAN_POINT('Origin',(29.6999999905917,93.0000000000072,-20.800000000803));
#6330=CARTESIAN_POINT('Origin',(29.6999999905918,93.0000000000072,-20.800000000803));
#6331=CARTESIAN_POINT('Origin',(29.1999999905919,93.0000000000072,-20.8000000008033));
#6332=CARTESIAN_POINT('Origin',(29.1999999905905,93.0000000000072,-18.0000000008033));
#6333=CARTESIAN_POINT('',(29.1999999905909,88.0000000000072,-18.4000000008023));
#6334=CARTESIAN_POINT('Origin',(29.1999999905907,93.0000000000072,-18.4000000008023));
#6335=CARTESIAN_POINT('',(29.1999999905907,88.0000000000072,-18.0000000008032));
#6336=CARTESIAN_POINT('Origin',(29.1999999905907,88.0000000000074,-18.0000000008032));
#6337=CARTESIAN_POINT('',(24.3499999905917,88.0000000000074,-18.400000000805));
#6338=CARTESIAN_POINT('Origin',(30.1999999905906,93.0000000000072,-18.2000000008022));
#6339=CARTESIAN_POINT('',(30.1999999905906,98.4000000000074,-18.0000000008027));
#6340=CARTESIAN_POINT('',(30.1999999905906,88.0000000000074,-18.4000000008027));
#6341=CARTESIAN_POINT('Origin',(24.3499999905916,87.8000000000074,-18.2000000008051));
#6342=CARTESIAN_POINT('',(29.1999999905909,88.0000000000072,-18.4000000008023));
#6343=CARTESIAN_POINT('Origin',(24.8499999905889,98.2000000000064,-18.2000000008048));
#6344=CARTESIAN_POINT('',(29.1999999905903,98.4000000000073,-18.0000000008031));
#6345=CARTESIAN_POINT('Origin',(29.1999999905905,93.0000000000072,-18.2000000008027));
#6346=CARTESIAN_POINT('Origin',(29.699999990592,93.0000000000072,-21.0000000008027));
#6347=CARTESIAN_POINT('Origin',(29.199999990595,93.0000000000076,-21.000000000803));
#6348=CARTESIAN_POINT('Origin',(29.1999999905951,93.0000000000076,-21.2000000008029));
#6349=CARTESIAN_POINT('Origin',(29.699999990592,93.0000000000072,-21.0000000008027));
#6350=CARTESIAN_POINT('Origin',(29.199999990595,93.0000000000076,-21.000000000803));
#6351=CARTESIAN_POINT('Origin',(29.1999999905951,93.0000000000076,-21.2000000008029));
#6352=CARTESIAN_POINT('Origin',(29.699999990592,93.0000000000072,-21.0000000008027));
#6353=CARTESIAN_POINT('Origin',(30.1999999905951,93.0000000000076,-21.0000000008025));
#6354=CARTESIAN_POINT('Origin',(30.1999999905951,93.0000000000076,-21.2000000008026));
#6355=CARTESIAN_POINT('Origin',(30.1999999905952,93.0000000000076,-21.4000000008026));
#6356=CARTESIAN_POINT('Origin',(30.1999999906102,93.0000000000076,-59.0000000008029));
#6357=CARTESIAN_POINT('Origin',(30.1999999905952,93.0000000000076,-21.4000000008026));
#6358=CARTESIAN_POINT('Origin',(30.1999999905978,93.0000000000076,-28.0000162132625));
#6359=CARTESIAN_POINT('Origin',(30.1999999905951,93.0000000000076,-21.2000000008026));
#6360=CARTESIAN_POINT('Origin',(37.2999999999915,102.184062033969,-26.0000152595892));
#6361=CARTESIAN_POINT('',(37.8656854249405,102.184062033969,-25.4487265966767));
#6362=CARTESIAN_POINT('Ctrl Pts',(37.8656854249398,102.18406203397,-25.4487265966758));
#6363=CARTESIAN_POINT('Ctrl Pts',(37.755427632659,102.29431982625,-25.6155896020326));
#6364=CARTESIAN_POINT('Ctrl Pts',(37.6633632217115,102.386384237198,-25.8198915511047));
#6365=CARTESIAN_POINT('Ctrl Pts',(37.5828500269468,102.466897431963,-25.9999989106677));
#6366=CARTESIAN_POINT('Origin',(38.6999999999915,102.184062033969,-26.0000152595907));
#6367=CARTESIAN_POINT('Origin',(44.549747458896,95.5000000000071,-9.00000000079761));
#6368=CARTESIAN_POINT('',(43.0710678071136,96.9786796517064,-18.9999999985217));
#6369=CARTESIAN_POINT('',(43.6873105918199,96.3624368670871,-19.000000000796));
#6370=CARTESIAN_POINT('',(43.6710678024621,96.3786796564448,-18.8823085425904));
#6371=CARTESIAN_POINT('Ctrl Pts',(43.0710678071571,96.9786796517499,-18.9999999941569));
#6372=CARTESIAN_POINT('Ctrl Pts',(43.3652964390262,96.6844510198808,-18.9999999941568));
#6373=CARTESIAN_POINT('Ctrl Pts',(43.6710678024621,96.3786796564448,-18.8823085425904));
#6374=CARTESIAN_POINT('',(43.6710678024689,96.3786796564448,-36.6000076301926));
#6375=CARTESIAN_POINT('',(43.67106780246,96.3786796564448,-13.500000000797));
#6376=CARTESIAN_POINT('',(41.882842712475,98.1669047464386,-36.6000076301934));
#6377=CARTESIAN_POINT('',(44.8673105918301,95.1824368670837,-36.6000076301922));
#6378=CARTESIAN_POINT('',(41.8828427124711,98.1669047464387,-26.0000152595893));
#6379=CARTESIAN_POINT('',(41.8828427124735,98.1669047464387,-32.0000000007976));
#6380=CARTESIAN_POINT('',(40.9341594144202,99.115588044489,-25.0000152595898));
#6381=CARTESIAN_POINT('Ctrl Pts',(40.9341594144203,99.1155880444891,-25.0000152595897));
#6382=CARTESIAN_POINT('Ctrl Pts',(41.0129433219254,99.0368041369839,-25.0000152595896));
#6383=CARTESIAN_POINT('Ctrl Pts',(41.1062327919634,98.943514666946,-25.0216955113322));
#6384=CARTESIAN_POINT('Ctrl Pts',(41.2615779681104,98.788169490799,-25.0929514384521));
#6385=CARTESIAN_POINT('Ctrl Pts',(41.3518533052799,98.6978941536295,-25.1583605299926));
#6386=CARTESIAN_POINT('Ctrl Pts',(41.60718542965,98.4425620292595,-25.4109596426436));
#6387=CARTESIAN_POINT('Ctrl Pts',(41.7614650519533,98.2882824069563,-25.7286065597218));
#6388=CARTESIAN_POINT('Ctrl Pts',(41.8828427124712,98.1669047464386,-26.0000152595893));
#6389=CARTESIAN_POINT('',(38.6999999999911,101.349747458918,-25.0000152595907));
#6390=CARTESIAN_POINT('',(46.6360605919522,93.4136868669572,-25.0000152595875));
#6391=CARTESIAN_POINT('Origin',(38.6999999999915,101.349747458918,-26.0000152595907));
#6392=CARTESIAN_POINT('',(40.8239631347555,99.225784324155,-28.0000162132599));
#6393=CARTESIAN_POINT('Origin',(43.3337572012264,96.0088834764938,-18.5000000007962));
#6394=CARTESIAN_POINT('',(43.0710678071571,96.9786796517499,-19.0000000007963));
#6395=CARTESIAN_POINT('Origin',(44.5999999905941,90.5000000000071,-18.2000000007957));
#6396=CARTESIAN_POINT('',(42.2499999905942,90.5000000000071,-18.4000000007967));
#6397=CARTESIAN_POINT('',(46.9499999905942,90.5000000000071,-18.4000000007948));
#6398=CARTESIAN_POINT('Origin',(44.5999999905942,90.5000000000071,-18.4000000007957));
#6399=CARTESIAN_POINT('',(47.1499999905941,90.5000000000071,-18.2000000007947));
#6400=CARTESIAN_POINT('Origin',(44.5999999905942,90.5000000000071,-18.4000000007957));
#6401=CARTESIAN_POINT('Origin',(44.599999990595,90.5000000000071,-20.5000000007958));
#6402=CARTESIAN_POINT('',(42.249999990596,90.5000000000071,-23.0000000007967));
#6403=CARTESIAN_POINT('',(42.249999990595,90.5000000000071,-20.5000000007967));
#6404=CARTESIAN_POINT('Origin',(44.599999990596,90.5000000000071,-23.0000000007958));
#6405=CARTESIAN_POINT('Origin',(44.5999999905965,90.5000000000071,-24.1750000007958));
#6406=CARTESIAN_POINT('',(42.8999999905963,90.5000000000071,-23.6500000007965));
#6407=CARTESIAN_POINT('Origin',(44.5999999905963,90.5000000000071,-23.6500000007958));
#6408=CARTESIAN_POINT('',(43.4249999905965,90.5000000000071,-24.1750000007963));
#6409=CARTESIAN_POINT('Origin',(44.5999999905904,90.5000000000071,-9.00000000079766));
#6410=CARTESIAN_POINT('',(45.5714285620297,89.1048919287049,-36.6000076309567));
#6411=CARTESIAN_POINT('',(42.8999999906014,90.5000000000071,-36.6000076309577));
#6412=CARTESIAN_POINT('Origin',(44.5999999906014,90.5000000000071,-36.6000076301923));
#6413=CARTESIAN_POINT('',(42.8999999905904,90.5000000000071,-9.00000000079834));
#6414=CARTESIAN_POINT('',(45.5714285620297,91.8951080713093,-36.6000076309567));
#6415=CARTESIAN_POINT('Origin',(44.5999999906014,90.5000000000071,-36.6000076301923));
#6416=CARTESIAN_POINT('',(45.5714285620261,91.8951080713092,-27.8000000007982));
#6417=CARTESIAN_POINT('',(45.5714285620281,91.8951080713092,-32.0000000007962));
#6418=CARTESIAN_POINT('',(45.5714285620261,89.104891928705,-27.8000000007982));
#6419=CARTESIAN_POINT('Origin',(44.5999999905976,90.5000000000071,-27.8000000007986));
#6420=CARTESIAN_POINT('',(45.5714285620281,89.104891928705,-32.0000000007962));
#6421=CARTESIAN_POINT('Origin',(41.5999999999965,97.8840620339639,-26.0000152595894));
#6422=CARTESIAN_POINT('',(41.1999999999966,97.8840620339641,-26.0000152595897));
#6423=CARTESIAN_POINT('Origin',(41.5999999999965,97.8840620339639,-26.0000152595894));
#6424=CARTESIAN_POINT('',(40.1999999999961,97.8840620339641,-25.0000152595901));
#6425=CARTESIAN_POINT('Origin',(40.1999999999965,97.8840620339641,-26.0000152595901));
#6426=CARTESIAN_POINT('Origin',(41.5999999999961,97.8840620339639,-25.0000152595896));
#6427=CARTESIAN_POINT('Origin',(43.6999999905987,85.0000000000072,-30.5000000007982));
#6428=CARTESIAN_POINT('',(42.7999999999982,83.4000000000072,-30.5000000007985));
#6429=CARTESIAN_POINT('Origin',(42.7999999999983,85.0000000000072,-30.5000000007985));
#6430=CARTESIAN_POINT('',(46.1999999905987,83.4000000000072,-30.5000000007972));
#6431=CARTESIAN_POINT('',(43.6999999905987,83.4000000000072,-30.5000000007982));
#6432=CARTESIAN_POINT('Origin',(46.1999999905987,85.0000000000072,-30.5000000007971));
#6433=CARTESIAN_POINT('Origin',(51.5999999905939,83.9235498012253,-18.200000000793));
#6434=CARTESIAN_POINT('',(49.5999999905949,85.9235498012251,-20.1715728760479));
#6435=CARTESIAN_POINT('',(49.5999999905952,83.9235498012253,-21.000000000794));
#6436=CARTESIAN_POINT('Ctrl Pts',(49.5999999905949,85.9235498012251,-20.1715728760479));
#6437=CARTESIAN_POINT('Ctrl Pts',(49.5999999905952,84.7519769259713,-21.000000000794));
#6438=CARTESIAN_POINT('Ctrl Pts',(49.5999999905952,83.9235498012253,-21.000000000794));
#6439=CARTESIAN_POINT('',(48.2058874408985,87.3176623509207,-18.2000000007943));
#6440=CARTESIAN_POINT('',(46.5999999905938,83.9235498012253,-18.0000000007949));
#6441=CARTESIAN_POINT('Origin',(37.7013455873261,76.8131204973481,-18.2000000007985));
#6442=CARTESIAN_POINT('',(49.5999999905944,87.5502525317013,-19.0213203443534));
#6443=CARTESIAN_POINT('',(49.5999999905972,77.8434259282957,-25.8850832594234));
#6444=CARTESIAN_POINT('',(49.160660162374,87.9895923599215,-18.4000000007939));
#6445=CARTESIAN_POINT('Origin',(48.0999999905941,89.0502525317013,-18.2000000007944));
#6446=CARTESIAN_POINT('',(49.5999999905941,89.0502525317013,-18.4000000007938));
#6447=CARTESIAN_POINT('Ctrl Pts',(49.5999999905941,89.0502525317014,-18.4000000007938));
#6448=CARTESIAN_POINT('Ctrl Pts',(49.5999999905942,88.4289321881417,-18.4000000007938));
#6449=CARTESIAN_POINT('Ctrl Pts',(49.5999999905945,87.5502525317013,-19.0213203443534));
#6450=CARTESIAN_POINT('',(49.5999999905941,89.0502525317013,-18.4000000007938));
#6451=CARTESIAN_POINT('Origin',(49.399999990594,66.5000000000137,-18.2000000007938));
#6452=CARTESIAN_POINT('',(49.5999999905941,91.9497474683133,-18.4000000007938));
#6453=CARTESIAN_POINT('',(49.5999999905941,91.9497474683133,-18.4000000007938));
#6454=CARTESIAN_POINT('',(49.5999999905941,66.5000000000137,-18.4000000007938));
#6455=CARTESIAN_POINT('Origin',(48.0999999905946,91.9497474683134,-18.2000000007944));
#6456=CARTESIAN_POINT('',(49.1606601623741,93.0104076400928,-18.4000000007939));
#6457=CARTESIAN_POINT('',(49.0192388061367,92.8689862838554,-18.2000000007939));
#6458=CARTESIAN_POINT('Origin',(48.0999999905947,91.9497474683134,-18.4000000007944));
#6459=CARTESIAN_POINT('Origin',(45.7368794932525,96.1513455967398,-18.2000000007953));
#6460=CARTESIAN_POINT('',(47.1104076306826,95.0606601717844,-18.4000000007948));
#6461=CARTESIAN_POINT('',(45.8783008494898,96.292766952977,-18.4000000007953));
#6462=CARTESIAN_POINT('',(47.1104076306826,95.0606601717844,-18.4000000007948));
#6463=CARTESIAN_POINT('Origin',(46.049747458903,94.0000000000048,-18.2000000007952));
#6464=CARTESIAN_POINT('',(46.0497474589034,95.5000000000044,-18.4000000007952));
#6465=CARTESIAN_POINT('Origin',(46.049747458903,94.0000000000048,-18.4000000007952));
#6466=CARTESIAN_POINT('',(46.0497474589034,95.5000000000044,-18.4000000007952));
#6467=CARTESIAN_POINT('Origin',(32.6461940730049,95.300000000009,-18.2000000008005));
#6468=CARTESIAN_POINT('',(45.7923881460208,95.5000000000045,-18.4000000007953));
#6469=CARTESIAN_POINT('',(32.6461940730051,95.5000000000078,-18.4000000008005));
#6470=CARTESIAN_POINT('',(45.1923881554112,95.560612306748,-18.4606123075391));
#6471=CARTESIAN_POINT('Origin',(45.7923881460228,98.5000000000045,-21.4000000008141));
#6472=CARTESIAN_POINT('',(45.1923881554104,95.6000000000151,-18.5000000008066));
#6473=CARTESIAN_POINT('Origin',(48.0999999905927,91.9497474683134,-13.5000000007953));
#6474=CARTESIAN_POINT('',(49.160659596533,93.0104070742481,-27.8000000007955));
#6475=CARTESIAN_POINT('',(49.5999999905975,91.9497474683133,-27.8000000007966));
#6476=CARTESIAN_POINT('Origin',(48.099999990598,91.9497474683134,-27.8000000007972));
#6477=CARTESIAN_POINT('',(49.1606601623722,93.0104076400928,-13.5000000007949));
#6478=CARTESIAN_POINT('',(49.5999999905922,91.9497474683133,-13.5000000007947));
#6479=CARTESIAN_POINT('Origin',(46.6710678024595,95.5000000000072,-18.0000000007949));
#6480=CARTESIAN_POINT('',(47.1104070648415,95.0606596059396,-27.8000000007963));
#6481=CARTESIAN_POINT('',(52.4774108084249,89.6936535989774,-27.8000000007926));
#6482=CARTESIAN_POINT('',(47.1104076306825,95.0606601717844,-18.0000000007948));
#6483=CARTESIAN_POINT('Origin',(46.0497474589029,94.0000000000048,-18.0000000007952));
#6484=CARTESIAN_POINT('',(46.0497474589068,95.5000000000044,-27.800000000798));
#6485=CARTESIAN_POINT('Origin',(46.0497474589064,94.0000000000048,-27.800000000798));
#6486=CARTESIAN_POINT('',(46.0497474589033,95.5000000000044,-18.0000000007952));
#6487=CARTESIAN_POINT('Origin',(47.5999999905953,91.6000000000045,-23.8000000007975));
#6488=CARTESIAN_POINT('',(47.5999999905966,92.0000000000045,-28.0000000007975));
#6489=CARTESIAN_POINT('',(47.1999999905966,91.6000000000045,-28.0000000007976));
#6490=CARTESIAN_POINT('Origin',(47.5999999905966,91.6000000000045,-28.0000000007975));
#6491=CARTESIAN_POINT('',(47.1999999905965,91.6000000000045,-27.8000000007976));
#6492=CARTESIAN_POINT('',(47.1999999905953,91.6000000000045,-23.8000000007976));
#6493=CARTESIAN_POINT('',(47.5999999905965,92.0000000000045,-27.8000000007974));
#6494=CARTESIAN_POINT('Origin',(47.5999999905965,91.6000000000045,-27.8000000007974));
#6495=CARTESIAN_POINT('',(47.5999999905953,92.0000000000045,-23.8000000007975));
#6496=CARTESIAN_POINT('Origin',(47.1999999905953,92.0000000000045,-23.8000000007976));
#6497=CARTESIAN_POINT('',(49.1999999905977,92.0000000000045,-28.0000000007968));
#6498=CARTESIAN_POINT('',(49.1999999905975,92.0000000000045,-27.8000000007968));
#6499=CARTESIAN_POINT('',(49.1999999905904,92.0000000000045,-9.00000000079577));
#6500=CARTESIAN_POINT('',(49.0725428683584,92.0000000000045,-28.0000000007969));
#6501=CARTESIAN_POINT('',(47.3928571334542,92.0000000000045,-27.8000000007975));
#6502=CARTESIAN_POINT('Origin',(49.1999999905904,91.6000000000045,-9.00000000079577));
#6503=CARTESIAN_POINT('',(49.5999999937284,91.6000000000045,-28.0000000007967));
#6504=CARTESIAN_POINT('Origin',(49.1999999905976,91.6000000000045,-28.0000000007968));
#6505=CARTESIAN_POINT('',(49.5999999905975,91.6000000000045,-27.8000000007966));
#6506=CARTESIAN_POINT('Origin',(49.1999999905975,91.6000000000045,-27.8000000007968));
#6507=CARTESIAN_POINT('',(49.5999999905904,91.6000000000045,-9.0000000007956));
#6508=CARTESIAN_POINT('Origin',(45.1923881554112,99.1000000000044,-18.5000000007955));
#6509=CARTESIAN_POINT('Ctrl Pts',(43.6710678024621,96.3786796564449,-18.8823085425904));
#6510=CARTESIAN_POINT('Ctrl Pts',(43.7743215070232,96.2754259518837,-18.8425661735443));
#6511=CARTESIAN_POINT('Ctrl Pts',(43.8858128731846,96.1790937251455,-18.8033370425066));
#6512=CARTESIAN_POINT('Ctrl Pts',(44.3588749665192,95.8278253338037,-18.6504393482591));
#6513=CARTESIAN_POINT('Ctrl Pts',(44.7766755819492,95.6454692790849,-18.5454692798761));
#6514=CARTESIAN_POINT('Ctrl Pts',(45.1923881554112,95.5606123067481,-18.4606123075391));
#6515=CARTESIAN_POINT('Origin',(41.5999999999948,97.8840620339639,-21.500000000798));
#6516=CARTESIAN_POINT('',(41.2000000000005,97.884062033964,-36.6000076309584));
#6517=CARTESIAN_POINT('Origin',(41.6000000000003,97.884062033964,-36.6000076301934));
#6518=CARTESIAN_POINT('',(41.1999999999989,97.8840620339641,-32.0000000007979));
#6519=CARTESIAN_POINT('Origin',(45.7923881460196,98.5000000000045,-13.5000000007962));
#6520=CARTESIAN_POINT('',(45.7923881460278,95.5000000000045,-36.600007629427));
#6521=CARTESIAN_POINT('',(45.7923881460263,95.5000000000045,-32.0000000007961));
#6522=CARTESIAN_POINT('Origin',(45.7923881460284,98.5000000000045,-36.6000076301918));
#6523=CARTESIAN_POINT('Origin',(45.7923881554111,95.5000000000045,-18.0000000007953));
#6524=CARTESIAN_POINT('',(45.7999999905977,95.5000000000045,-27.8000000007981));
#6525=CARTESIAN_POINT('',(46.6890512158656,95.5000000000043,-27.8000000007978));
#6526=CARTESIAN_POINT('',(45.7999999906013,95.5000000000045,-36.600007629427));
#6527=CARTESIAN_POINT('',(45.7999999905998,95.5000000000045,-32.0000000007961));
#6528=CARTESIAN_POINT('',(37.246194073012,95.5000000000066,-36.6000076301952));
#6529=CARTESIAN_POINT('Origin',(45.7999999905941,95.1000000000045,-18.0000000007953));
#6530=CARTESIAN_POINT('',(46.1999999905977,95.1000000000045,-27.800000000798));
#6531=CARTESIAN_POINT('Origin',(45.7999999905976,95.1000000000045,-27.8000000007981));
#6532=CARTESIAN_POINT('',(46.1999999906013,95.1000000000045,-36.6000076294268));
#6533=CARTESIAN_POINT('',(46.1999999905997,95.1000000000045,-32.000000000796));
#6534=CARTESIAN_POINT('Origin',(45.7999999906011,95.1000000000045,-36.6000076301918));
#6535=CARTESIAN_POINT('Origin',(46.1999999906004,85.8695086324452,-34.0000000007973));
#6536=CARTESIAN_POINT('',(46.1999999905976,92.2233687939685,-27.8000000007972));
#6537=CARTESIAN_POINT('',(46.1999999905973,86.2475428711038,-27.800000000798));
#6538=CARTESIAN_POINT('',(46.1999999906013,92.2233687939685,-36.6000076309564));
#6539=CARTESIAN_POINT('',(46.1999999905996,92.2233687939685,-32.000000000796));
#6540=CARTESIAN_POINT('',(46.1999999906014,82.1247543162261,-36.6000076301916));
#6541=CARTESIAN_POINT('Origin',(45.7999999905905,92.2233687939685,-9.00000000079718));
#6542=CARTESIAN_POINT('Origin',(45.7999999905976,92.2233687939685,-27.8000000007981));
#6543=CARTESIAN_POINT('Origin',(45.7999999906011,92.2233687939685,-36.6000076301918));
#6544=CARTESIAN_POINT('Origin',(45.7999999905905,88.7766312060457,-9.00000000079718));
#6545=CARTESIAN_POINT('',(46.1999999905975,88.7766312060457,-27.8000000007971));
#6546=CARTESIAN_POINT('Origin',(45.7999999905975,88.7766312060457,-27.8000000007981));
#6547=CARTESIAN_POINT('',(46.1999999906011,88.7766312060457,-36.6000076301916));
#6548=CARTESIAN_POINT('',(46.1999999905997,88.7766312060457,-32.000000000796));
#6549=CARTESIAN_POINT('Origin',(45.7999999906011,88.7766312060457,-36.6000076301918));
#6550=CARTESIAN_POINT('Origin',(27.6499999952921,83.0000000000072,-28.0004811056964));
#6551=CARTESIAN_POINT('',(41.6000000000003,83.0000000000036,-36.6000076301935));
#6552=CARTESIAN_POINT('',(45.8000000000003,83.0000000000048,-36.6000076294271));
#6553=CARTESIAN_POINT('',(28.1749999929483,83.0000000000072,-36.6000076301988));
#6554=CARTESIAN_POINT('',(45.8000000000007,83.0000000000036,-37.6000000007961));
#6555=CARTESIAN_POINT('',(45.8000000000006,83.0000000000036,-37.2000000007961));
#6556=CARTESIAN_POINT('',(41.6000000000007,83.0000000000035,-37.6000000007977));
#6557=CARTESIAN_POINT('',(42.6000000000008,83.0000000000036,-37.6000000007973));
#6558=CARTESIAN_POINT('',(41.6000000000005,83.0000000000036,-37.2000000007977));
#6559=CARTESIAN_POINT('Origin',(45.7999999905904,65.2233687939685,-9.00000000079713));
#6560=CARTESIAN_POINT('',(46.1999999905975,65.2233687939685,-27.8000000007972));
#6561=CARTESIAN_POINT('',(46.1999999906011,65.2233687939685,-36.6000076301916));
#6562=CARTESIAN_POINT('',(46.1999999905996,65.2233687939686,-32.0000000007959));
#6563=CARTESIAN_POINT('',(45.5714285620261,64.8951080713092,-27.8000000007982));
#6564=CARTESIAN_POINT('Origin',(45.7999999905975,65.2233687939685,-27.8000000007981));
#6565=CARTESIAN_POINT('',(45.5714285620298,64.8951080713093,-36.6000076309567));
#6566=CARTESIAN_POINT('',(45.5714285620282,64.8951080713093,-32.0000000007962));
#6567=CARTESIAN_POINT('Origin',(45.7999999906011,65.2233687939685,-36.6000076301918));
#6568=CARTESIAN_POINT('Origin',(37.4080226614802,79.9980589484098,-22.8000152595913));
#6569=CARTESIAN_POINT('',(36.1378221650136,80.5980762136362,-22.6000152595917));
#6570=CARTESIAN_POINT('',(36.2532922188517,80.7980762136362,-23.0000152595917));
#6571=CARTESIAN_POINT('',(36.1378221650136,80.5980762136362,-22.6000152595917));
#6572=CARTESIAN_POINT('',(37.8776478718338,79.8602540401272,-23.0000152595911));
#6573=CARTESIAN_POINT('',(37.4657576883992,80.0980589484098,-23.0000152595912));
#6574=CARTESIAN_POINT('',(37.7621778179958,79.6602540401272,-22.6000152595911));
#6575=CARTESIAN_POINT('',(37.8776478718338,79.8602540401272,-23.0000152595911));
#6576=CARTESIAN_POINT('',(37.3502876345611,79.8980589484098,-22.6000152595913));
#6577=CARTESIAN_POINT('Origin',(36.2621778179958,77.0621778287738,-22.8000152595917));
#6578=CARTESIAN_POINT('',(39.0602540293493,78.6776478826118,-23.0000152595906));
#6579=CARTESIAN_POINT('',(38.8602540293492,78.5621778287739,-22.6000152595907));
#6580=CARTESIAN_POINT('',(39.0602540293493,78.6776478826118,-23.0000152595906));
#6581=CARTESIAN_POINT('Origin',(36.2621778179957,77.0621778287738,-22.6000152595917));
#6582=CARTESIAN_POINT('Origin',(36.2621778179958,77.0621778287738,-23.0000152595917));
#6583=CARTESIAN_POINT('Origin',(34.6378221650138,78.000000002283,-22.8000152595924));
#6584=CARTESIAN_POINT('',(34.6378221650136,81.0000000022829,-22.6000152595924));
#6585=CARTESIAN_POINT('Origin',(34.6378221650136,78.000000002283,-22.6000152595924));
#6586=CARTESIAN_POINT('',(34.6378221650138,81.2309401099587,-23.0000152595924));
#6587=CARTESIAN_POINT('',(34.6378221650136,81.0000000022829,-22.6000152595924));
#6588=CARTESIAN_POINT('Origin',(34.6378221650138,78.000000002283,-23.0000152595924));
#6589=CARTESIAN_POINT('Origin',(39.6602712945756,77.4074473861453,-22.8000152595903));
#6590=CARTESIAN_POINT('',(39.9980762028581,77.0532922296299,-23.0000152595902));
#6591=CARTESIAN_POINT('',(39.7602712945757,77.4651824130643,-23.0000152595903));
#6592=CARTESIAN_POINT('',(39.7980762028579,76.937822175792,-22.6000152595903));
#6593=CARTESIAN_POINT('',(39.9980762028581,77.0532922296299,-23.0000152595902));
#6594=CARTESIAN_POINT('',(39.5602712945755,77.3497123592264,-22.6000152595904));
#6595=CARTESIAN_POINT('Origin',(34.1622123484485,81.1154700561208,-22.8000152595925));
#6596=CARTESIAN_POINT('',(32.7621778179958,81.0000000022829,-22.6000152595931));
#6597=CARTESIAN_POINT('',(32.7621778179959,81.2309401099587,-23.0000152595931));
#6598=CARTESIAN_POINT('',(32.7621778179958,81.0000000022829,-22.6000152595931));
#6599=CARTESIAN_POINT('',(34.1622123484485,81.2309401099587,-23.0000152595925));
#6600=CARTESIAN_POINT('',(34.1622123484484,81.0000000022829,-22.6000152595925));
#6601=CARTESIAN_POINT('Origin',(37.1999999915044,75.4378221757918,-22.8000152595913));
#6602=CARTESIAN_POINT('',(40.4309400991806,75.4378221757918,-23.00001525959));
#6603=CARTESIAN_POINT('',(40.1999999915046,75.4378221757918,-22.6000152595902));
#6604=CARTESIAN_POINT('',(40.4309400991806,75.4378221757918,-23.00001525959));
#6605=CARTESIAN_POINT('Origin',(37.1999999915043,75.4378221757918,-22.6000152595913));
#6606=CARTESIAN_POINT('Origin',(37.1999999915045,75.4378221757918,-23.0000152595913));
#6607=CARTESIAN_POINT('Origin',(32.7621778179959,78.0000000022828,-22.8000152595931));
#6608=CARTESIAN_POINT('',(31.2621778179957,80.5980762136362,-22.6000152595937));
#6609=CARTESIAN_POINT('Origin',(32.7621778179958,78.0000000022828,-22.6000152595931));
#6610=CARTESIAN_POINT('',(31.146707764158,80.7980762136362,-23.0000152595937));
#6611=CARTESIAN_POINT('',(31.2621778179957,80.5980762136362,-22.6000152595937));
#6612=CARTESIAN_POINT('Origin',(32.7621778179959,78.0000000022828,-23.0000152595931));
#6613=CARTESIAN_POINT('Origin',(40.3154700453427,74.037787645339,-22.8000152595901));
#6614=CARTESIAN_POINT('',(40.4309400991807,73.562177828774,-23.00001525959));
#6615=CARTESIAN_POINT('',(40.4309400991807,74.037787645339,-23.00001525959));
#6616=CARTESIAN_POINT('',(40.1999999915046,73.562177828774,-22.6000152595901));
#6617=CARTESIAN_POINT('',(40.4309400991807,73.562177828774,-23.00001525959));
#6618=CARTESIAN_POINT('',(40.1999999915046,74.037787645339,-22.6000152595901));
#6619=CARTESIAN_POINT('Origin',(30.7925526076421,80.4602713053535,-22.8000152595939));
#6620=CARTESIAN_POINT('',(29.6378221650137,79.6602540401273,-22.6000152595944));
#6621=CARTESIAN_POINT('',(29.522352111176,79.8602540401273,-23.0000152595944));
#6622=CARTESIAN_POINT('',(29.6378221650137,79.6602540401273,-22.6000152595944));
#6623=CARTESIAN_POINT('',(30.7348175807232,80.5602713053536,-23.0000152595939));
#6624=CARTESIAN_POINT('',(30.8502876345609,80.3602713053536,-22.6000152595939));
#6625=CARTESIAN_POINT('Origin',(37.1999999915045,73.562177828774,-22.8000152595913));
#6626=CARTESIAN_POINT('',(39.9980762028581,71.9467077749359,-23.0000152595902));
#6627=CARTESIAN_POINT('',(39.7980762028579,72.0621778287739,-22.6000152595903));
#6628=CARTESIAN_POINT('',(39.9980762028581,71.9467077749359,-23.0000152595902));
#6629=CARTESIAN_POINT('Origin',(37.1999999915044,73.562177828774,-22.6000152595913));
#6630=CARTESIAN_POINT('Origin',(37.1999999915046,73.562177828774,-23.0000152595913));
#6631=CARTESIAN_POINT('Origin',(31.137822165014,77.0621778287738,-22.8000152595937));
#6632=CARTESIAN_POINT('',(28.5397459536603,78.5621778287739,-22.6000152595948));
#6633=CARTESIAN_POINT('Origin',(31.1378221650138,77.0621778287738,-22.6000152595937));
#6634=CARTESIAN_POINT('',(28.3397459536605,78.6776478826119,-23.0000152595949));
#6635=CARTESIAN_POINT('',(28.5397459536603,78.5621778287739,-22.6000152595948));
#6636=CARTESIAN_POINT('Origin',(31.137822165014,77.0621778287738,-23.0000152595937));
#6637=CARTESIAN_POINT('Origin',(39.1980589376317,70.7919773323075,-22.8000152595905));
#6638=CARTESIAN_POINT('',(39.0602540293492,70.3223521219539,-23.0000152595906));
#6639=CARTESIAN_POINT('',(39.2980589376318,70.7342423053885,-23.0000152595905));
#6640=CARTESIAN_POINT('',(38.8602540293491,70.4378221757918,-22.6000152595907));
#6641=CARTESIAN_POINT('',(39.0602540293492,70.3223521219539,-23.0000152595906));
#6642=CARTESIAN_POINT('',(39.0980589376316,70.8497123592264,-22.6000152595906));
#6643=CARTESIAN_POINT('Origin',(28.2019410453777,78.208022672258,-22.8000152595949));
#6644=CARTESIAN_POINT('',(27.6019237801514,76.937822175792,-22.6000152595952));
#6645=CARTESIAN_POINT('',(27.4019237801516,77.0532922296299,-23.0000152595952));
#6646=CARTESIAN_POINT('',(27.6019237801514,76.937822175792,-22.6000152595952));
#6647=CARTESIAN_POINT('',(28.1019410453778,78.265757699177,-23.000015259595));
#6648=CARTESIAN_POINT('',(28.3019410453776,78.150287645339,-22.6000152595949));
#6649=CARTESIAN_POINT('Origin',(36.2621778179959,71.9378221757918,-22.8000152595917));
#6650=CARTESIAN_POINT('',(37.8776478718339,69.1397459644385,-23.0000152595911));
#6651=CARTESIAN_POINT('',(37.7621778179958,69.3397459644385,-22.6000152595911));
#6652=CARTESIAN_POINT('',(37.8776478718339,69.1397459644385,-23.0000152595911));
#6653=CARTESIAN_POINT('Origin',(36.2621778179957,71.9378221757918,-22.6000152595917));
#6654=CARTESIAN_POINT('Origin',(36.2621778179959,71.9378221757918,-23.0000152595917));
#6655=CARTESIAN_POINT('Origin',(30.1999999915051,75.4378221757918,-22.8000152595941));
#6656=CARTESIAN_POINT('',(27.1999999915047,75.4378221757918,-22.6000152595953));
#6657=CARTESIAN_POINT('Origin',(30.199999991505,75.4378221757918,-22.6000152595941));
#6658=CARTESIAN_POINT('',(26.969059883829,75.4378221757918,-23.0000152595954));
#6659=CARTESIAN_POINT('',(27.1999999915047,75.4378221757918,-22.6000152595953));
#6660=CARTESIAN_POINT('Origin',(30.1999999915052,75.4378221757918,-23.0000152595941));
#6661=CARTESIAN_POINT('Origin',(36.6074473753674,68.5397286992121,-22.8000152595916));
#6662=CARTESIAN_POINT('',(36.2532922188518,68.2019237909296,-23.0000152595917));
#6663=CARTESIAN_POINT('',(36.6651824022864,68.4397286992122,-23.0000152595915));
#6664=CARTESIAN_POINT('',(36.1378221650137,68.4019237909296,-22.6000152595917));
#6665=CARTESIAN_POINT('',(36.2532922188518,68.2019237909296,-23.0000152595917));
#6666=CARTESIAN_POINT('',(36.5497123484483,68.6397286992121,-22.6000152595916));
#6667=CARTESIAN_POINT('Origin',(27.0845299376668,74.9622123592264,-22.8000152595954));
#6668=CARTESIAN_POINT('',(27.1999999915047,73.5621778287741,-22.6000152595953));
#6669=CARTESIAN_POINT('',(26.969059883829,73.5621778287741,-23.0000152595954));
#6670=CARTESIAN_POINT('',(27.1999999915047,73.5621778287741,-22.6000152595953));
#6671=CARTESIAN_POINT('',(26.969059883829,74.9622123592264,-23.0000152595954));
#6672=CARTESIAN_POINT('',(27.1999999915047,74.9622123592264,-22.6000152595953));
#6673=CARTESIAN_POINT('Origin',(34.6378221650136,71.0000000022832,-22.8000152595924));
#6674=CARTESIAN_POINT('',(34.6378221650136,67.769059894607,-23.0000152595924));
#6675=CARTESIAN_POINT('',(34.6378221650135,68.0000000022829,-22.6000152595924));
#6676=CARTESIAN_POINT('',(34.6378221650136,67.769059894607,-23.0000152595924));
#6677=CARTESIAN_POINT('Origin',(34.6378221650135,71.0000000022832,-22.6000152595924));
#6678=CARTESIAN_POINT('Origin',(34.6378221650137,71.0000000022832,-23.0000152595924));
#6679=CARTESIAN_POINT('Origin',(30.1999999915052,73.5621778287741,-22.8000152595941));
#6680=CARTESIAN_POINT('',(27.6019237801514,72.0621778287739,-22.6000152595951));
#6681=CARTESIAN_POINT('Origin',(30.1999999915051,73.5621778287741,-22.6000152595941));
#6682=CARTESIAN_POINT('',(27.4019237801516,71.946707774936,-23.0000152595952));
#6683=CARTESIAN_POINT('',(27.6019237801514,72.0621778287739,-22.6000152595951));
#6684=CARTESIAN_POINT('Origin',(30.1999999915052,73.5621778287741,-23.0000152595941));
#6685=CARTESIAN_POINT('Origin',(33.2377876345611,67.884529948445,-22.8000152595929));
#6686=CARTESIAN_POINT('',(32.7621778179959,67.769059894607,-23.0000152595931));
#6687=CARTESIAN_POINT('',(33.2377876345612,67.769059894607,-23.0000152595929));
#6688=CARTESIAN_POINT('',(32.7621778179957,68.0000000022829,-22.6000152595931));
#6689=CARTESIAN_POINT('',(32.7621778179959,67.769059894607,-23.0000152595931));
#6690=CARTESIAN_POINT('',(33.237787634561,68.0000000022829,-22.6000152595929));
#6691=CARTESIAN_POINT('Origin',(27.7397286884342,71.5925526184201,-22.8000152595951));
#6692=CARTESIAN_POINT('',(28.5397459536603,70.4378221757919,-22.6000152595948));
#6693=CARTESIAN_POINT('',(28.3397459536604,70.3223521219539,-23.0000152595949));
#6694=CARTESIAN_POINT('',(28.5397459536603,70.4378221757919,-22.6000152595948));
#6695=CARTESIAN_POINT('',(27.6397286884342,71.5348175915011,-23.0000152595951));
#6696=CARTESIAN_POINT('',(27.8397286884341,71.650287645339,-22.6000152595951));
#6697=CARTESIAN_POINT('Origin',(32.7621778179958,71.0000000022828,-22.8000152595931));
#6698=CARTESIAN_POINT('',(31.1467077641581,68.2019237909296,-23.0000152595937));
#6699=CARTESIAN_POINT('',(31.2621778179958,68.4019237909296,-22.6000152595937));
#6700=CARTESIAN_POINT('',(31.1467077641581,68.2019237909296,-23.0000152595937));
#6701=CARTESIAN_POINT('Origin',(32.7621778179957,71.0000000022828,-22.6000152595931));
#6702=CARTESIAN_POINT('Origin',(32.7621778179959,71.0000000022828,-23.0000152595931));
#6703=CARTESIAN_POINT('Origin',(31.1378221650138,71.9378221757919,-22.8000152595937));
#6704=CARTESIAN_POINT('',(29.6378221650136,69.3397459644385,-22.6000152595944));
#6705=CARTESIAN_POINT('Origin',(31.1378221650137,71.9378221757919,-22.6000152595937));
#6706=CARTESIAN_POINT('',(29.5223521111759,69.1397459644385,-23.0000152595944));
#6707=CARTESIAN_POINT('',(29.6378221650136,69.3397459644385,-22.6000152595944));
#6708=CARTESIAN_POINT('Origin',(31.1378221650139,71.9378221757919,-23.0000152595937));
#6709=CARTESIAN_POINT('Origin',(29.9919773215296,69.0019410561558,-22.8000152595942));
#6710=CARTESIAN_POINT('',(29.9342422946107,68.9019410561558,-23.0000152595942));
#6711=CARTESIAN_POINT('',(30.0497123484485,69.1019410561558,-22.6000152595942));
#6712=CARTESIAN_POINT('Origin',(31.1378221650241,71.9378221757919,-48.600000000804));
#6713=CARTESIAN_POINT('',(28.5397459536593,70.4378221757919,-20.0000000008052));
#6714=CARTESIAN_POINT('',(28.5397459536706,70.4378221757919,-48.600000000805));
#6715=CARTESIAN_POINT('',(29.6378221650127,69.3397459644385,-20.0000000008048));
#6716=CARTESIAN_POINT('Origin',(31.1378221650127,71.9378221757919,-20.0000000008042));
#6717=CARTESIAN_POINT('',(29.637822165024,69.3397459644385,-48.6000000008046));
#6718=CARTESIAN_POINT('Origin',(27.6086225099725,72.0505752883955,-48.6000000008054));
#6719=CARTESIAN_POINT('',(27.6019237801504,72.0621778287739,-20.0000000008056));
#6720=CARTESIAN_POINT('',(27.6019237801618,72.0621778287739,-48.6000000008054));
#6721=CARTESIAN_POINT('',(27.2590590472044,72.6560369663599,-20.0000000008057));
#6722=CARTESIAN_POINT('Origin',(30.1999999915154,73.5621778287741,-48.6000000008044));
#6723=CARTESIAN_POINT('',(27.1999999915037,73.5621778287741,-20.0000000008057));
#6724=CARTESIAN_POINT('',(27.199999991515,73.5621778287741,-48.6000000008056));
#6725=CARTESIAN_POINT('Origin',(30.1999999915041,73.5621778287741,-20.0000000008045));
#6726=CARTESIAN_POINT('Origin',(27.199999991515,75.4244247161703,-48.6000000008056));
#6727=CARTESIAN_POINT('',(27.1999999915037,75.4378221757918,-20.0000000008057));
#6728=CARTESIAN_POINT('',(27.199999991515,75.4378221757918,-48.6000000008056));
#6729=CARTESIAN_POINT('',(27.1999999915037,76.9022123580888,-20.0000000008057));
#6730=CARTESIAN_POINT('Origin',(30.1999999915154,75.4378221757918,-48.6000000008044));
#6731=CARTESIAN_POINT('',(27.6019237801505,76.937822175792,-20.0000000008056));
#6732=CARTESIAN_POINT('',(27.6019237801618,76.937822175792,-48.6000000008054));
#6733=CARTESIAN_POINT('Origin',(30.199999991504,75.4378221757918,-20.0000000008045));
#6734=CARTESIAN_POINT('Origin',(28.5330472238599,78.5505752883955,-48.6000000008051));
#6735=CARTESIAN_POINT('',(28.5397459536593,78.5621778287739,-20.0000000008052));
#6736=CARTESIAN_POINT('',(28.5397459536707,78.5621778287739,-48.600000000805));
#6737=CARTESIAN_POINT('',(29.4013606865045,80.0545383226117,-20.0000000008049));
#6738=CARTESIAN_POINT('Origin',(31.1378221650242,77.0621778287738,-48.600000000804));
#6739=CARTESIAN_POINT('',(29.6378221650127,79.6602540401274,-20.0000000008048));
#6740=CARTESIAN_POINT('',(29.6378221650241,79.6602540401273,-48.6000000008046));
#6741=CARTESIAN_POINT('Origin',(31.1378221650128,77.0621778287738,-20.0000000008042));
#6742=CARTESIAN_POINT('Origin',(31.2505752776277,80.5913774838254,-48.600000000804));
#6743=CARTESIAN_POINT('',(31.2621778179947,80.5980762136362,-20.0000000008041));
#6744=CARTESIAN_POINT('',(31.2621778180061,80.5980762136362,-48.600000000804));
#6745=CARTESIAN_POINT('',(32.468457275587,81.294521983195,-20.0000000008036));
#6746=CARTESIAN_POINT('Origin',(32.7621778180061,78.0000000022828,-48.6000000008033));
#6747=CARTESIAN_POINT('',(32.7621778179947,81.0000000022829,-20.0000000008035));
#6748=CARTESIAN_POINT('',(32.7621778180061,81.0000000022829,-48.6000000008033));
#6749=CARTESIAN_POINT('Origin',(32.7621778179948,78.0000000022828,-20.0000000008035));
#6750=CARTESIAN_POINT('Origin',(34.6244247054024,81.0000000022829,-48.6000000008026));
#6751=CARTESIAN_POINT('',(34.6378221650126,81.0000000022829,-20.0000000008028));
#6752=CARTESIAN_POINT('',(34.637822165024,81.0000000022829,-48.6000000008026));
#6753=CARTESIAN_POINT('',(35.1997123482457,81.0000000022829,-20.0000000008026));
#6754=CARTESIAN_POINT('Origin',(34.637822165024,78.000000002283,-48.6000000008026));
#6755=CARTESIAN_POINT('',(36.1378221650126,80.5980762136362,-20.0000000008022));
#6756=CARTESIAN_POINT('',(36.137822165024,80.5980762136362,-48.600000000802));
#6757=CARTESIAN_POINT('Origin',(34.6378221650127,78.000000002283,-20.0000000008028));
#6758=CARTESIAN_POINT('Origin',(37.7505752776277,79.666952769938,-48.6000000008014));
#6759=CARTESIAN_POINT('',(37.7621778179948,79.6602540401272,-20.0000000008015));
#6760=CARTESIAN_POINT('',(37.7621778180061,79.6602540401272,-48.6000000008014));
#6761=CARTESIAN_POINT('',(37.2883679932306,79.9338082699995,-20.0000000008017));
#6762=CARTESIAN_POINT('Origin',(33.6999999915049,74.5000000022824,-23.0000152595927));
#6763=CARTESIAN_POINT('',(25.9499999915052,74.5000000022824,-23.0000152595958));
#6764=CARTESIAN_POINT('Origin',(33.6999999915049,74.5000000022824,-23.0000152595927));
#6765=CARTESIAN_POINT('Origin',(35.7749999911004,78.3800000000071,-20.0000000008023));
#6766=CARTESIAN_POINT('',(38.8602540293481,78.5621778287739,-20.0000000008011));
#6767=CARTESIAN_POINT('Origin',(36.2621778179946,77.0621778287738,-20.0000000008021));
#6768=CARTESIAN_POINT('',(39.7980762028569,76.937822175792,-20.0000000008007));
#6769=CARTESIAN_POINT('',(38.9796016533458,78.3554616802473,-20.000000000801));
#6770=CARTESIAN_POINT('',(40.1999999915036,75.4378221757918,-20.0000000008006));
#6771=CARTESIAN_POINT('Origin',(37.1999999915032,75.4378221757918,-20.0000000008017));
#6772=CARTESIAN_POINT('',(40.1999999915036,73.562177828774,-20.0000000008006));
#6773=CARTESIAN_POINT('',(40.1999999915036,75.9777876442013,-20.0000000008006));
#6774=CARTESIAN_POINT('',(39.7980762028569,72.0621778287739,-20.0000000008007));
#6775=CARTESIAN_POINT('Origin',(37.1999999915034,73.562177828774,-20.0000000008017));
#6776=CARTESIAN_POINT('',(38.8602540293481,70.4378221757918,-20.0000000008011));
#6777=CARTESIAN_POINT('',(40.1974785787585,72.753963036499,-20.0000000008006));
#6778=CARTESIAN_POINT('',(37.7621778179948,69.3397459644385,-20.0000000008015));
#6779=CARTESIAN_POINT('Origin',(36.2621778179948,71.9378221757918,-20.0000000008021));
#6780=CARTESIAN_POINT('',(36.1378221650127,68.4019237909296,-20.0000000008022));
#6781=CARTESIAN_POINT('',(38.1678819894743,69.5739793770536,-20.0000000008014));
#6782=CARTESIAN_POINT('',(34.6378221650125,68.0000000022829,-20.0000000008028));
#6783=CARTESIAN_POINT('Origin',(34.6378221650125,71.0000000022832,-20.0000000008028));
#6784=CARTESIAN_POINT('',(32.7621778179947,68.0000000022829,-20.0000000008035));
#6785=CARTESIAN_POINT('',(34.2752876343583,68.0000000022829,-20.0000000008029));
#6786=CARTESIAN_POINT('',(31.2621778179948,68.4019237909296,-20.0000000008041));
#6787=CARTESIAN_POINT('Origin',(32.7621778179947,71.0000000022828,-20.0000000008035));
#6788=CARTESIAN_POINT('',(29.987792707118,69.1376903777455,-20.0000000008046));
#6789=CARTESIAN_POINT('',(37.6999999915036,74.5000000022826,-20.0000000008015));
#6790=CARTESIAN_POINT('Origin',(33.6999999915036,74.5000000022826,-20.0000000008031));
#6791=CARTESIAN_POINT('Origin',(29.6494247054024,69.3330472346277,-48.6000000008046));
#6792=CARTESIAN_POINT('',(31.2621778180062,68.4019237909296,-48.600000000804));
#6793=CARTESIAN_POINT('Origin',(32.7621778180061,71.0000000022828,-48.6000000008034));
#6794=CARTESIAN_POINT('',(32.7621778180061,68.0000000022829,-48.6000000008034));
#6795=CARTESIAN_POINT('Origin',(32.7755752776277,68.0000000022829,-48.6000000008034));
#6796=CARTESIAN_POINT('',(34.6378221650239,68.0000000022829,-48.6000000008026));
#6797=CARTESIAN_POINT('Origin',(34.6378221650239,71.0000000022832,-48.6000000008026));
#6798=CARTESIAN_POINT('',(36.1378221650241,68.4019237909296,-48.600000000802));
#6799=CARTESIAN_POINT('Origin',(36.1494247054024,68.4086225207403,-48.600000000802));
#6800=CARTESIAN_POINT('',(37.7621778180061,69.3397459644385,-48.6000000008014));
#6801=CARTESIAN_POINT('Origin',(36.2621778180061,71.9378221757918,-48.600000000802));
#6802=CARTESIAN_POINT('',(38.8602540293594,70.4378221757918,-48.600000000801));
#6803=CARTESIAN_POINT('Origin',(38.8669527591702,70.4494247161703,-48.6000000008009));
#6804=CARTESIAN_POINT('',(39.7980762028683,72.0621778287739,-48.6000000008006));
#6805=CARTESIAN_POINT('Origin',(37.1999999915148,73.562177828774,-48.6000000008016));
#6806=CARTESIAN_POINT('',(40.199999991515,73.562177828774,-48.6000000008004));
#6807=CARTESIAN_POINT('Origin',(40.199999991515,73.5755752883955,-48.6000000008004));
#6808=CARTESIAN_POINT('',(40.199999991515,75.4378221757918,-48.6000000008004));
#6809=CARTESIAN_POINT('Origin',(36.262177818006,77.0621778287738,-48.600000000802));
#6810=CARTESIAN_POINT('',(38.8602540293595,78.5621778287739,-48.6000000008009));
#6811=CARTESIAN_POINT('Origin',(37.1999999915147,75.4378221757918,-48.6000000008016));
#6812=CARTESIAN_POINT('',(39.7980762028683,76.937822175792,-48.6000000008006));
#6813=CARTESIAN_POINT('Origin',(39.7913774730576,76.9494247161702,-48.6000000008006));
#6814=CARTESIAN_POINT('Origin',(32.7893398235098,58.7000000000049,-18.2000000008004));
#6815=CARTESIAN_POINT('',(43.192388148195,58.439387692181,-18.4606123086203));
#6816=CARTESIAN_POINT('',(43.1923881460169,58.4000000000051,-18.5000000007962));
#6817=CARTESIAN_POINT('',(43.7923881460169,58.5000000000051,-18.400000000796));
#6818=CARTESIAN_POINT('Origin',(43.7923881460182,55.5000000000051,-21.400000000796));
#6819=CARTESIAN_POINT('',(46.0497474588979,58.5000000000051,-18.4000000007951));
#6820=CARTESIAN_POINT('',(32.7893398235099,58.5000000000049,-18.4000000008004));
#6821=CARTESIAN_POINT('',(46.0497474588979,58.5000000000051,-18.4000000007951));
#6822=CARTESIAN_POINT('Origin',(48.4499999952932,77.0000000000045,-28.0000000007971));
#6823=CARTESIAN_POINT('',(49.5999999937284,62.4000000000045,-28.0000000007967));
#6824=CARTESIAN_POINT('',(49.5999999999896,69.5606601717846,-28.0000000007967));
#6825=CARTESIAN_POINT('',(49.1999999905976,62.0000000000045,-28.0000000007968));
#6826=CARTESIAN_POINT('Origin',(49.1999999905976,62.4000000000046,-28.0000000007968));
#6827=CARTESIAN_POINT('',(47.5999999905966,62.0000000000045,-28.0000000007974));
#6828=CARTESIAN_POINT('',(47.8249999929449,62.0000000000045,-28.0000000007973));
#6829=CARTESIAN_POINT('',(47.1999999905966,62.4000000000046,-28.0000000007976));
#6830=CARTESIAN_POINT('Origin',(47.5999999905966,62.4000000000045,-28.0000000007974));
#6831=CARTESIAN_POINT('',(47.1999999905967,84.5000000000045,-28.0000000007976));
#6832=CARTESIAN_POINT('Origin',(33.6999999915036,74.5000000022826,-19.9000000008033));
#6833=CARTESIAN_POINT('',(37.6999999915036,74.5000000022826,-19.8000000008017));
#6834=CARTESIAN_POINT('',(37.6999999915036,74.5000000022826,-19.9000000008017));
#6835=CARTESIAN_POINT('Origin',(33.6999999915036,74.5000000022826,-19.8000000008033));
#6836=CARTESIAN_POINT('Origin',(33.6999999915036,74.5000000022826,-19.8000000008033));
#6837=CARTESIAN_POINT('',(30.8999999915036,74.5000000022825,-19.8000000008044));
#6838=CARTESIAN_POINT('Origin',(33.6999999915036,74.5000000022825,-19.8000000008033));
#6839=CARTESIAN_POINT('Origin',(46.0497474588979,60.0000000000049,-18.2000000007951));
#6840=CARTESIAN_POINT('',(47.1104076306776,58.9393398282252,-18.4000000007947));
#6841=CARTESIAN_POINT('',(46.9689862744402,59.0807611844625,-18.2000000007947));
#6842=CARTESIAN_POINT('Origin',(46.0497474588979,60.0000000000049,-18.4000000007951));
#6843=CARTESIAN_POINT('Origin',(44.4513455873259,56.5631204973482,-18.2000000007958));
#6844=CARTESIAN_POINT('',(49.1606601623739,60.9895923599215,-18.4000000007939));
#6845=CARTESIAN_POINT('',(44.5927669435633,56.4216991411109,-18.4000000007957));
#6846=CARTESIAN_POINT('',(49.0192388061365,61.1310137161589,-18.2000000007939));
#6847=CARTESIAN_POINT('Origin',(46.0497474588978,60.0000000000049,-18.0000000007952));
#6848=CARTESIAN_POINT('',(46.0497474589013,58.5000000000051,-27.800000000798));
#6849=CARTESIAN_POINT('',(46.0497474588978,58.5000000000051,-18.0000000007952));
#6850=CARTESIAN_POINT('',(47.110407631219,58.9393398276872,-27.8000000007975));
#6851=CARTESIAN_POINT('Origin',(46.0497474589013,60.0000000000049,-27.800000000798));
#6852=CARTESIAN_POINT('',(47.1104076306775,58.9393398282252,-18.0000000007947));
#6853=CARTESIAN_POINT('Origin',(46.0786796564266,58.5000000000051,-18.0000000007951));
#6854=CARTESIAN_POINT('',(45.7999999905975,58.5000000000051,-27.8000000007981));
#6855=CARTESIAN_POINT('',(45.7999999906012,58.5000000000051,-36.6000076309566));
#6856=CARTESIAN_POINT('',(45.7999999905996,58.5000000000051,-32.0000000007961));
#6857=CARTESIAN_POINT('',(46.8321969663711,58.5000000000051,-27.8000000007977));
#6858=CARTESIAN_POINT('',(43.7923881460239,58.5000000000051,-36.6000076309574));
#6859=CARTESIAN_POINT('',(43.7923881460223,58.5000000000051,-32.0000000007969));
#6860=CARTESIAN_POINT('',(37.3893398235177,58.500000000005,-36.6000076301951));
#6861=CARTESIAN_POINT('Ctrl Pts',(37.5419805059334,54.9064466094138,-18.0000000007985));
#6862=CARTESIAN_POINT('Ctrl Pts',(37.7776827663291,54.6707443490182,-18.3333333341317));
#6863=CARTESIAN_POINT('Ctrl Pts',(38.0133850267248,54.4350420886227,-18.666666667465));
#6864=CARTESIAN_POINT('Ctrl Pts',(38.2490872871204,54.1993398282272,-19.0000000007983));
#6865=CARTESIAN_POINT('Ctrl Pts',(37.4968808309212,54.8613469344016,-18.0000000007985));
#6866=CARTESIAN_POINT('Ctrl Pts',(37.7026424789136,54.5955108636083,-18.3333333341318));
#6867=CARTESIAN_POINT('Ctrl Pts',(37.9080266140915,54.3298768739839,-18.666666667465));
#6868=CARTESIAN_POINT('Ctrl Pts',(38.1137882620839,54.0640408031906,-19.0000000007983));
#6869=CARTESIAN_POINT('Ctrl Pts',(37.3849805186697,54.7854781079582,-18.0000000007985));
#6870=CARTESIAN_POINT('Ctrl Pts',(37.5159901235696,54.469192943008,-18.3333333341318));
#6871=CARTESIAN_POINT('Ctrl Pts',(37.6470777204294,54.1527194888106,-18.6666666674651));
#6872=CARTESIAN_POINT('Ctrl Pts',(37.7780873253293,53.8364343238604,-19.0000000007985));
#6873=CARTESIAN_POINT('Ctrl Pts',(37.252207687401,54.760000000007,-18.0000000007986));
#6874=CARTESIAN_POINT('Ctrl Pts',(37.2946867191396,54.4265300550617,-18.3333333341319));
#6875=CARTESIAN_POINT('Ctrl Pts',(37.3372897997845,54.0934699449523,-18.6666666674653));
#6876=CARTESIAN_POINT('Ctrl Pts',(37.3797688315231,53.7600000000069,-19.0000000007986));
#6877=CARTESIAN_POINT('Ctrl Pts',(37.1884271153401,54.760000000007,-18.0000000007986));
#6878=CARTESIAN_POINT('Ctrl Pts',(37.1884271153402,54.4266666666736,-18.333333334132));
#6879=CARTESIAN_POINT('Ctrl Pts',(37.1884271153404,54.0933333333403,-18.6666666674653));
#6880=CARTESIAN_POINT('Ctrl Pts',(37.1884271153405,53.7600000000069,-19.0000000007987));
#6881=CARTESIAN_POINT('',(37.1884271153406,53.760000000007,-19.0000000007987));
#6882=CARTESIAN_POINT('',(38.2490872871205,54.1993398282272,-19.0000000007983));
#6883=CARTESIAN_POINT('Origin',(37.1884271153406,55.260000000007,-19.0000000007981));
#6884=CARTESIAN_POINT('',(38.2490872871204,54.1993398282272,-19.0000000007983));
#6885=CARTESIAN_POINT('',(37.1884271153401,54.760000000007,-18.0000000007986));
#6886=CARTESIAN_POINT('Origin',(36.7137572012336,53.371116523527,-18.5000000007988));
#6887=CARTESIAN_POINT('',(41.0710678024574,57.0213203435646,-19.0000000007971));
#6888=CARTESIAN_POINT('',(37.0673105918271,53.0175631329338,-19.0000000007987));
#6889=CARTESIAN_POINT('',(41.0710678024574,57.0213203435646,-19.0000000007971));
#6890=CARTESIAN_POINT('Origin',(37.1884271153366,55.260000000007,-9.0000000008005));
#6891=CARTESIAN_POINT('',(37.1884271153429,53.760000000007,-25.0000152595913));
#6892=CARTESIAN_POINT('',(37.1884271153366,53.760000000007,-9.0000000008005));
#6893=CARTESIAN_POINT('',(38.2490872871228,54.1993398282273,-25.0000152595909));
#6894=CARTESIAN_POINT('Origin',(37.1884271153429,55.260000000007,-25.0000152595913));
#6895=CARTESIAN_POINT('',(38.2490872871165,54.1993398282272,-9.00000000080007));
#6896=CARTESIAN_POINT('Origin',(43.6999999905986,69.0000000000071,-30.5000000007981));
#6897=CARTESIAN_POINT('',(42.7999999999914,67.4000000000071,-30.5000000007985));
#6898=CARTESIAN_POINT('Origin',(42.7999999999914,69.0000000000071,-30.5000000007985));
#6899=CARTESIAN_POINT('',(46.1999999905986,67.4000000000071,-30.5000000007971));
#6900=CARTESIAN_POINT('',(43.6999999905986,67.4000000000071,-30.5000000007981));
#6901=CARTESIAN_POINT('Origin',(46.1999999905986,69.0000000000071,-30.5000000007971));
#6902=CARTESIAN_POINT('Origin',(45.7999999905904,61.7766312060457,-9.00000000079713));
#6903=CARTESIAN_POINT('',(45.5714285620298,62.104891928705,-36.6000076309567));
#6904=CARTESIAN_POINT('',(45.5714285620261,62.104891928705,-27.8000000007982));
#6905=CARTESIAN_POINT('',(45.571428562019,62.104891928705,-9.00000000079722));
#6906=CARTESIAN_POINT('',(46.1999999905976,61.7766312060457,-27.8000000007971));
#6907=CARTESIAN_POINT('Origin',(45.7999999905975,61.7766312060457,-27.8000000007981));
#6908=CARTESIAN_POINT('',(46.1999999906012,61.7766312060457,-36.6000076309564));
#6909=CARTESIAN_POINT('',(46.1999999905996,61.7766312060457,-32.0000000007959));
#6910=CARTESIAN_POINT('Origin',(45.7999999906011,61.7766312060457,-36.6000076301918));
#6911=CARTESIAN_POINT('Origin',(46.1999999906005,85.8695086324452,-34.0000000007973));
#6912=CARTESIAN_POINT('',(46.1999999905975,58.9000000000051,-27.8000000007972));
#6913=CARTESIAN_POINT('',(46.1999999905976,62.6766312060457,-27.8000000007971));
#6914=CARTESIAN_POINT('',(46.199999990601,58.9000000000051,-36.6000076301916));
#6915=CARTESIAN_POINT('',(46.1999999905995,58.9000000000051,-32.0000000007959));
#6916=CARTESIAN_POINT('',(46.1999999906011,82.1247543162261,-36.6000076301916));
#6917=CARTESIAN_POINT('Origin',(49.1999999905933,62.4000000000046,-16.4000000007963));
#6918=CARTESIAN_POINT('',(49.5999999905975,62.4000000000045,-27.8000000007966));
#6919=CARTESIAN_POINT('',(49.5999999905933,62.4000000000045,-16.4000000007961));
#6920=CARTESIAN_POINT('',(49.1999999905975,62.0000000000046,-27.8000000007967));
#6921=CARTESIAN_POINT('Origin',(49.1999999905975,62.4000000000046,-27.8000000007967));
#6922=CARTESIAN_POINT('',(49.1999999905933,62.0000000000045,-16.4000000007963));
#6923=CARTESIAN_POINT('Origin',(49.6950857414221,62.0000000000045,-23.8000000007966));
#6924=CARTESIAN_POINT('',(47.5999999905965,62.0000000000045,-27.8000000007974));
#6925=CARTESIAN_POINT('',(48.6404000088676,62.0000000000045,-27.800000000797));
#6926=CARTESIAN_POINT('',(47.5999999905953,62.0000000000045,-23.8000000007974));
#6927=CARTESIAN_POINT('Origin',(47.5999999905953,62.4000000000045,-23.8000000007974));
#6928=CARTESIAN_POINT('',(47.1999999905965,62.4000000000046,-27.8000000007975));
#6929=CARTESIAN_POINT('Origin',(47.5999999905965,62.4000000000045,-27.8000000007974));
#6930=CARTESIAN_POINT('',(47.1999999905953,62.4000000000046,-23.8000000007976));
#6931=CARTESIAN_POINT('Origin',(47.1999999905953,62.0000000000045,-23.8000000007976));
#6932=CARTESIAN_POINT('',(47.1999999905965,69.5000000000058,-27.8000000007976));
#6933=CARTESIAN_POINT('Origin',(45.7999999905972,58.9000000000051,-26.0000000007963));
#6934=CARTESIAN_POINT('Origin',(45.7999999905975,58.9000000000051,-27.8000000007981));
#6935=CARTESIAN_POINT('Origin',(45.799999990601,58.9000000000051,-36.6000076301918));
#6936=CARTESIAN_POINT('Origin',(26.3433982738042,53.7600000000071,-9.00000000080483));
#6937=CARTESIAN_POINT('',(26.9647186173701,53.7600000000071,-25.0000152595954));
#6938=CARTESIAN_POINT('',(26.9647186173682,53.7600000000071,-20.0606601725825));
#6939=CARTESIAN_POINT('',(26.9647186173638,53.7600000000071,-9.00000000080459));
#6940=CARTESIAN_POINT('',(31.0591991324564,53.7600000000071,-25.0000152595937));
#6941=CARTESIAN_POINT('',(29.0860389609274,53.7600000000071,-19.0000000008019));
#6942=CARTESIAN_POINT('',(22.9216991322005,53.7600000000071,-19.0000000008044));
#6943=CARTESIAN_POINT('',(27.5860389609278,53.7600000000071,-19.621320344362));
#6944=CARTESIAN_POINT('Ctrl Pts',(27.5860389609278,53.7600000000071,-19.621320344362));
#6945=CARTESIAN_POINT('Ctrl Pts',(28.4647186173673,53.7600000000071,-19.0000000008027));
#6946=CARTESIAN_POINT('Ctrl Pts',(29.0860389609274,53.7600000000071,-19.0000000008019));
#6947=CARTESIAN_POINT('',(26.508826958116,53.7600000000071,-20.3830242563264));
#6948=CARTESIAN_POINT('Origin',(26.9647186173638,55.2600000000071,-9.00000000080459));
#6949=CARTESIAN_POINT('',(25.9040584455886,54.1993398282272,-20.5000000008032));
#6950=CARTESIAN_POINT('Origin',(26.9647186173678,55.2600000000071,-19.0000000008027));
#6951=CARTESIAN_POINT('',(25.9040584455903,54.1993398282273,-25.0000152595958));
#6952=CARTESIAN_POINT('',(25.904058445584,54.1993398282272,-9.000000000805));
#6953=CARTESIAN_POINT('Origin',(26.9647186173701,55.2600000000071,-25.0000152595954));
#6954=CARTESIAN_POINT('Origin',(21.9499999916021,58.1533982822088,-9.00000000080659));
#6955=CARTESIAN_POINT('',(22.3893398198286,57.7140584539886,-25.0000152595972));
#6956=CARTESIAN_POINT('',(22.3893398198269,57.7140584539885,-20.5000000008046));
#6957=CARTESIAN_POINT('',(22.3893398198224,57.7140584539886,-9.00000000080641));
#6958=CARTESIAN_POINT('',(20.3495995620327,59.7537987117844,-25.000015259598));
#6959=CARTESIAN_POINT('',(18.0008495619006,62.1025487119144,-20.5000000008063));
#6960=CARTESIAN_POINT('Origin',(23.4499999916021,58.7747186257685,-9.00000000080598));
#6961=CARTESIAN_POINT('Origin',(23.4499999916084,58.7747186257685,-25.0000152595968));
#6962=CARTESIAN_POINT('Origin',(23.4499999916061,58.7747186257685,-19.0000000008041));
#6963=CARTESIAN_POINT('Origin',(49.5999999905904,61.5000000000079,-9.00000000079556));
#6964=CARTESIAN_POINT('',(49.5999999905952,70.0764501987894,-21.0000000007939));
#6965=CARTESIAN_POINT('',(49.5999999905951,65.5013455967398,-21.0000000007939));
#6966=CARTESIAN_POINT('',(49.5999999905949,68.0764501987896,-20.1715728760479));
#6967=CARTESIAN_POINT('Ctrl Pts',(49.5999999905952,70.0764501987894,-21.000000000794));
#6968=CARTESIAN_POINT('Ctrl Pts',(49.5999999905952,69.2480230740433,-21.000000000794));
#6969=CARTESIAN_POINT('Ctrl Pts',(49.5999999905949,68.0764501987897,-20.1715728760479));
#6970=CARTESIAN_POINT('',(49.5999999905944,66.4497474683133,-19.0213203443534));
#6971=CARTESIAN_POINT('',(49.599999990594,65.073240738388,-18.0479831012742));
#6972=CARTESIAN_POINT('',(49.5999999905941,64.9497474683134,-18.4000000007937));
#6973=CARTESIAN_POINT('Ctrl Pts',(49.5999999905941,64.9497474683134,-18.4000000007937));
#6974=CARTESIAN_POINT('Ctrl Pts',(49.5999999905941,65.571067811873,-18.4000000007937));
#6975=CARTESIAN_POINT('Ctrl Pts',(49.5999999905943,66.4497474683133,-19.0213203443534));
#6976=CARTESIAN_POINT('',(49.5999999905941,62.0502525317014,-18.4000000007937));
#6977=CARTESIAN_POINT('',(49.5999999905941,66.5000000000137,-18.4000000007937));
#6978=CARTESIAN_POINT('',(49.5999999905975,62.0502525317014,-27.8000000007966));
#6979=CARTESIAN_POINT('',(49.5999999905922,62.0502525317014,-13.5000000007946));
#6980=CARTESIAN_POINT('',(49.5999999905975,69.2500000000075,-27.8000000007966));
#6981=CARTESIAN_POINT('',(49.5999999905975,69.2500000000075,-27.8000000007966));
#6982=CARTESIAN_POINT('Origin',(48.0999999905921,62.0502525317014,-13.5000000007953));
#6983=CARTESIAN_POINT('Origin',(48.099999990594,62.0502525317014,-18.4000000007943));
#6984=CARTESIAN_POINT('',(49.1606601629153,60.9895923593835,-27.8000000007967));
#6985=CARTESIAN_POINT('',(49.160660162372,60.9895923599215,-13.5000000007948));
#6986=CARTESIAN_POINT('Origin',(48.0999999905974,62.0502525317014,-27.8000000007972));
#6987=CARTESIAN_POINT('Origin',(49.5999999905941,61.4289321881419,-18.0000000007937));
#6988=CARTESIAN_POINT('',(52.9891955149928,64.8181277125367,-27.8000000007952));
#6989=CARTESIAN_POINT('Origin',(29.4499999916022,61.2600000000072,-9.00000000080358));
#6990=CARTESIAN_POINT('',(26.8499999916084,61.2600000000072,-25.0000152595954));
#6991=CARTESIAN_POINT('Origin',(29.4499999916085,61.2600000000072,-25.0000152595944));
#6992=CARTESIAN_POINT('',(26.8499999916022,61.2600000000072,-9.00000000080462));
#6993=CARTESIAN_POINT('Origin',(33.6999999915034,74.5000000022825,-19.0000000008022));
#6994=CARTESIAN_POINT('',(30.8999999915033,74.5000000022825,-18.4000000008012));
#6995=CARTESIAN_POINT('',(30.8999999915034,74.5000000022825,-19.0000000008033));
#6996=CARTESIAN_POINT('Origin',(33.6999999915033,74.5000000022825,-18.4000000008001));
#6997=CARTESIAN_POINT('Origin',(43.192388146017,54.9000000000051,-18.5000000007962));
#6998=CARTESIAN_POINT('',(41.6710678024574,57.6213203435646,-18.8823085471729));
#6999=CARTESIAN_POINT('Ctrl Pts',(41.6710678024574,57.6213203435646,-18.8823085471729));
#7000=CARTESIAN_POINT('Ctrl Pts',(41.3652964365174,57.3155489776245,-19.000000000797));
#7001=CARTESIAN_POINT('Ctrl Pts',(41.0710678024575,57.0213203435646,-19.0000000007971));
#7002=CARTESIAN_POINT('Ctrl Pts',(41.6710678024574,57.6213203435646,-18.8823085471729));
#7003=CARTESIAN_POINT('Ctrl Pts',(41.7631970126463,57.7134495537536,-18.8468479976376));
#7004=CARTESIAN_POINT('Ctrl Pts',(41.8602080222548,57.7983805772047,-18.8124422458039));
#7005=CARTESIAN_POINT('Ctrl Pts',(41.9599636716505,57.8753358806212,-18.7795196503677));
#7006=CARTESIAN_POINT('Ctrl Pts',(42.3072363076574,58.1432352049609,-18.6649084321501));
#7007=CARTESIAN_POINT('Ctrl Pts',(42.736912382885,58.3464140908971,-18.5535859102037));
#7008=CARTESIAN_POINT('Ctrl Pts',(43.1923881483425,58.4393876918196,-18.4606123089817));
#7009=CARTESIAN_POINT('Origin',(22.9216991322004,54.2600000000071,-18.5000000008044));
#7010=CARTESIAN_POINT('',(29.0860389609272,54.1843899403122,-18.5756100604968));
#7011=CARTESIAN_POINT('Origin',(29.0860389609272,55.2600000000071,-18.5756100604968));
#7012=CARTESIAN_POINT('',(28.3254677938045,54.4994288328843,-18.5756100604971));
#7013=CARTESIAN_POINT('Origin',(18.3544029524937,62.4561021025077,-20.0000000008062));
#7014=CARTESIAN_POINT('',(23.0654461074474,60.5114850851695,-18.0438413192443));
#7015=CARTESIAN_POINT('Origin',(23.4499999916058,60.8960389693279,-18.0438413192442));
#7016=CARTESIAN_POINT('Origin',(46.7999999905939,69.5026911934717,-18.2000000007948));
#7017=CARTESIAN_POINT('',(46.5999999905938,70.0764501987894,-18.0000000007949));
#7018=CARTESIAN_POINT('Origin',(51.5999999905939,70.0764501987894,-18.2000000007929));
#7019=CARTESIAN_POINT('',(48.064466084661,66.5409162928567,-18.0000000007943));
#7020=CARTESIAN_POINT('Origin',(39.9513455873199,74.9368795026726,-18.2000000007976));
#7021=CARTESIAN_POINT('',(49.1606601623739,66.0104076400932,-18.4000000007939));
#7022=CARTESIAN_POINT('Origin',(48.0999999905941,64.9497474683133,-18.2000000007943));
#7023=CARTESIAN_POINT('',(49.5999999905941,64.9497474683134,-18.4000000007937));
#7024=CARTESIAN_POINT('Origin',(49.3999999905941,66.5000000000137,-18.2000000007938));
#7025=CARTESIAN_POINT('',(49.5999999905941,62.0502525317014,-18.4000000007937));
#7026=CARTESIAN_POINT('Origin',(48.099999990594,62.0502525317014,-18.2000000007943));
#7027=CARTESIAN_POINT('Origin',(33.6999999915032,74.5000000022825,-18.2000000008001));
#7028=CARTESIAN_POINT('',(30.6999999915032,74.5000000022825,-18.2000000008013));
#7029=CARTESIAN_POINT('Origin',(28.6999999906011,78.3800000000071,-36.6000076301986));
#7030=CARTESIAN_POINT('',(41.1999999999935,58.0987370427136,-36.6000076301936));
#7031=CARTESIAN_POINT('',(41.8579280171735,57.7930032729831,-36.6000076301933));
#7032=CARTESIAN_POINT('Origin',(41.5999999999935,58.0987370427135,-36.6000076301934));
#7033=CARTESIAN_POINT('',(41.1999999999935,72.3639991016969,-36.6000076301936));
#7034=CARTESIAN_POINT('',(41.1999999999935,88.6148737294636,-36.6000076301936));
#7035=CARTESIAN_POINT('',(41.2405405391584,72.7103776261162,-36.6000076301936));
#7036=CARTESIAN_POINT('Origin',(42.6999999999935,72.3639991016969,-36.600007630193));
#7037=CARTESIAN_POINT('',(41.2405405391583,76.2896223784486,-36.6000076301936));
#7038=CARTESIAN_POINT('Origin',(33.6999999915102,74.5000000022824,-36.6000076301966));
#7039=CARTESIAN_POINT('',(41.1999999999935,76.6360009028679,-36.6000076301936));
#7040=CARTESIAN_POINT('Origin',(42.6999999999935,76.6360009028679,-36.600007630193));
#7041=CARTESIAN_POINT('',(41.2000000000003,78.858898943272,-36.6000076301936));
#7042=CARTESIAN_POINT('',(41.2000000000005,67.0332720205526,-36.6000076301936));
#7043=CARTESIAN_POINT('',(41.3499999999803,78.2050641017822,-36.6000076301936));
#7044=CARTESIAN_POINT('Origin',(42.7000000000003,78.858898943272,-36.6000076301932));
#7045=CARTESIAN_POINT('',(41.6677103694935,71.5393258427003,-36.6000076294287));
#7046=CARTESIAN_POINT('Origin',(33.6999999998668,74.500000000007,-36.6000076301967));
#7047=CARTESIAN_POINT('',(42.0426614457112,71.0000000000036,-36.6000076294286));
#7048=CARTESIAN_POINT('Origin',(42.0426614457112,71.4000000000036,-36.6000076301935));
#7049=CARTESIAN_POINT('',(45.8000000000002,71.0000000000035,-36.6000076294271));
#7050=CARTESIAN_POINT('',(37.4499999953007,71.0000000000036,-36.6000076301951));
#7051=CARTESIAN_POINT('',(46.1999999906495,71.3999136219955,-36.6000076301918));
#7052=CARTESIAN_POINT('Origin',(45.8000000000002,71.4000000000035,-36.600007630192));
#7053=CARTESIAN_POINT('',(46.1999999906011,82.1247543162261,-36.6000076301916));
#7054=CARTESIAN_POINT('',(42.8999999906014,63.5000000000071,-36.6000076309577));
#7055=CARTESIAN_POINT('Origin',(44.5999999906014,63.5000000000071,-36.6000076301923));
#7056=CARTESIAN_POINT('Origin',(44.5999999906014,63.5000000000071,-36.6000076301923));
#7057=CARTESIAN_POINT('Origin',(43.7923881460238,55.5000000000051,-36.6000076301926));
#7058=CARTESIAN_POINT('Origin',(42.7000000000008,78.858898943272,-37.8000000007973));
#7059=CARTESIAN_POINT('',(41.2000000000007,78.858898943272,-37.6000000007979));
#7060=CARTESIAN_POINT('',(41.2000000000008,78.858898943272,-37.8000000007978));
#7061=CARTESIAN_POINT('',(41.2000006871508,78.8568689142214,-37.600000687948));
#7062=CARTESIAN_POINT('',(41.2000000000006,66.314908030825,-37.6000000007979));
#7063=CARTESIAN_POINT('',(41.3492478965381,78.2066179399657,-37.6000005853594));
#7064=CARTESIAN_POINT('Origin',(42.6999472477865,78.858886838249,-37.5911612840467));
#7065=CARTESIAN_POINT('',(41.3499999999807,78.2050641017822,-37.6000000007977));
#7066=CARTESIAN_POINT('Origin',(33.6999999998672,74.500000000007,-37.6000000008007));
#7067=CARTESIAN_POINT('',(41.3499999999808,78.2050641017822,-37.8000000007978));
#7068=CARTESIAN_POINT('Origin',(33.6999999998673,74.500000000007,-37.8000000008007));
#7069=CARTESIAN_POINT('',(41.6677103694939,71.5393258427003,-37.6000000007977));
#7070=CARTESIAN_POINT('Origin',(33.6999999998672,74.500000000007,-37.6000000008007));
#7071=CARTESIAN_POINT('',(41.667710369494,71.5393258427003,-37.8000000007976));
#7072=CARTESIAN_POINT('Origin',(42.0426614457117,71.4000000000035,-37.8000000007975));
#7073=CARTESIAN_POINT('',(42.0426614457116,71.0000000000036,-37.6000000007975));
#7074=CARTESIAN_POINT('Origin',(42.0426614457116,71.4000000000035,-37.6000000007975));
#7075=CARTESIAN_POINT('',(42.0426614457117,71.0000000000036,-37.8000000007975));
#7076=CARTESIAN_POINT('Origin',(46.2000000000003,71.0000000000035,-36.4000000007959));
#7077=CARTESIAN_POINT('',(45.8000000000007,71.0000000000035,-37.6000000007961));
#7078=CARTESIAN_POINT('',(45.0000000000007,71.0000000000035,-37.6000000007964));
#7079=CARTESIAN_POINT('',(45.8000000000005,71.0000000000035,-37.200000000796));
#7080=CARTESIAN_POINT('Origin',(45.8000000000005,71.4000000000035,-37.200000000796));
#7081=CARTESIAN_POINT('',(46.1999999995601,71.4000000000035,-37.6000000013833));
#7082=CARTESIAN_POINT('Origin',(45.8000000000007,71.4000000000035,-37.6000000007961));
#7083=CARTESIAN_POINT('',(46.2000000000002,71.4000000000035,-36.6000076292605));
#7084=CARTESIAN_POINT('',(46.2000000000005,71.4000000000035,-37.2000000007959));
#7085=CARTESIAN_POINT('Origin',(45.8000000000002,71.4000000000035,-36.600007630192));
#7086=CARTESIAN_POINT('Origin',(46.0000000000008,82.9588641426045,-37.800000000796));
#7087=CARTESIAN_POINT('',(45.8000000000008,71.4000000000035,-38.0000000007961));
#7088=CARTESIAN_POINT('',(46.2000000000006,71.4000000000035,-37.6000000007959));
#7089=CARTESIAN_POINT('',(45.8000000000008,82.6000000000035,-38.0000000007961));
#7090=CARTESIAN_POINT('',(45.8000000000009,82.9588641426045,-38.0000000007961));
#7091=CARTESIAN_POINT('',(46.1999999995601,82.6000000000036,-37.6000000013833));
#7092=CARTESIAN_POINT('',(45.8000000000009,82.6000000000036,-38.0000000007961));
#7093=CARTESIAN_POINT('',(46.2000000000006,82.9588641426045,-37.6000000007959));
#7094=CARTESIAN_POINT('Origin',(45.8000000000006,82.6000000000036,-37.2000000007961));
#7095=CARTESIAN_POINT('Origin',(45.8000000000007,82.6000000000036,-37.6000000007961));
#7096=CARTESIAN_POINT('',(46.1999999906254,82.6000863780116,-36.6000101733235));
#7097=CARTESIAN_POINT('Origin',(45.8000000000003,82.6000000000036,-36.600007630192));
#7098=CARTESIAN_POINT('',(46.1999999953007,82.6000000000036,-36.6000152577244));
#7099=CARTESIAN_POINT('',(46.1999999906011,82.2801094021161,-36.600015259587));
#7100=CARTESIAN_POINT('',(46.2000000000005,82.6000000000036,-37.2000000007959));
#7101=CARTESIAN_POINT('Origin',(41.6000000000005,82.6000000000036,-37.2000000007977));
#7102=CARTESIAN_POINT('',(41.2000000000003,82.6000000000036,-36.6000076301936));
#7103=CARTESIAN_POINT('Origin',(41.6000000000003,82.6000000000036,-36.6000076301936));
#7104=CARTESIAN_POINT('',(41.2000000000007,82.6000000000035,-37.6000000007979));
#7105=CARTESIAN_POINT('Origin',(41.6000000000006,82.6000000000036,-37.6000000007978));
#7106=CARTESIAN_POINT('',(41.2000000000005,82.6000000000036,-37.2000000007979));
#7107=CARTESIAN_POINT('Origin',(41.4000000000008,66.314908030825,-37.8000000007978));
#7108=CARTESIAN_POINT('',(41.6000000000009,78.8574648311832,-38.0000000007977));
#7109=CARTESIAN_POINT('',(41.6000000000009,78.8574648311832,-38.0000000007977));
#7110=CARTESIAN_POINT('',(41.2000000000006,66.314908030825,-37.6000000007979));
#7111=CARTESIAN_POINT('',(41.6000000000009,82.6000000000036,-38.0000000007977));
#7112=CARTESIAN_POINT('',(41.2000000000007,82.6000000000035,-37.6000000007978));
#7113=CARTESIAN_POINT('',(41.6000000000008,66.314908030825,-38.0000000007977));
#7114=CARTESIAN_POINT('Ctrl Pts',(41.2000000000969,78.8568689114595,-37.6000000008941));
#7115=CARTESIAN_POINT('Ctrl Pts',(41.2082144661153,78.8568810471555,-37.6082144669125));
#7116=CARTESIAN_POINT('Ctrl Pts',(41.2278112955815,78.8569102805758,-37.6278112963786));
#7117=CARTESIAN_POINT('Ctrl Pts',(41.2588118666149,78.8569565544506,-37.658811867412));
#7118=CARTESIAN_POINT('Ctrl Pts',(41.2930220588053,78.8570074398284,-37.6930220596024));
#7119=CARTESIAN_POINT('Ctrl Pts',(41.3272981201024,78.8570585521572,-37.7272981208994));
#7120=CARTESIAN_POINT('Ctrl Pts',(41.3616391887394,78.8571096917215,-37.7616391895364));
#7121=CARTESIAN_POINT('Ctrl Pts',(41.3960456694974,78.8571609477226,-37.7960456702944));
#7122=CARTESIAN_POINT('Ctrl Pts',(41.4305176030919,78.8572123259569,-37.8305176038889));
#7123=CARTESIAN_POINT('Ctrl Pts',(41.4650545570396,78.8572637242668,-37.8650545578366));
#7124=CARTESIAN_POINT('Ctrl Pts',(41.4996575035374,78.8573153616477,-37.8996575043343));
#7125=CARTESIAN_POINT('Ctrl Pts',(41.5341293026578,78.8573666062387,-37.9341293034547));
#7126=CARTESIAN_POINT('Ctrl Pts',(41.5570671589363,78.8574007229326,-37.9570671597332));
#7127=CARTESIAN_POINT('Ctrl Pts',(41.5789663178155,78.8574334279928,-37.9789663186123));
#7128=CARTESIAN_POINT('Ctrl Pts',(41.5894831552224,78.8574491287845,-37.9894831560192));
#7129=CARTESIAN_POINT('Ctrl Pts',(41.6000000000009,78.8574648311832,-38.0000000007977));
#7130=CARTESIAN_POINT('Ctrl Pts',(41.2001642720261,78.6344826243351,-37.6001642728233));
#7131=CARTESIAN_POINT('Ctrl Pts',(41.2083786355376,78.6357125439727,-37.6083786363348));
#7132=CARTESIAN_POINT('Ctrl Pts',(41.2279750064716,78.6386467960936,-37.6279750072688));
#7133=CARTESIAN_POINT('Ctrl Pts',(41.25897044357,78.643288452096,-37.6589704443671));
#7134=CARTESIAN_POINT('Ctrl Pts',(41.2931777131946,78.6484105012526,-37.6931777139917));
#7135=CARTESIAN_POINT('Ctrl Pts',(41.32744958087,78.6535423471083,-37.7274495816671));
#7136=CARTESIAN_POINT('Ctrl Pts',(41.3617870745604,78.6586837858435,-37.7617870753574));
#7137=CARTESIAN_POINT('Ctrl Pts',(41.396189597935,78.6638349106054,-37.796189598732));
#7138=CARTESIAN_POINT('Ctrl Pts',(41.4306579084879,78.6689957297566,-37.8306579092849));
#7139=CARTESIAN_POINT('Ctrl Pts',(41.4651907280268,78.674166137866,-37.8651907288237));
#7140=CARTESIAN_POINT('Ctrl Pts',(41.4997905131026,78.6793463650443,-37.8997905138996));
#7141=CARTESIAN_POINT('Ctrl Pts',(41.5342571197623,78.6845067662539,-37.9342571205592));
#7142=CARTESIAN_POINT('Ctrl Pts',(41.5571937713494,78.6879404760002,-37.9571937721463));
#7143=CARTESIAN_POINT('Ctrl Pts',(41.57909031038,78.6912187159359,-37.9790903111769));
#7144=CARTESIAN_POINT('Ctrl Pts',(41.5896061706382,78.692793032469,-37.989606171435));
#7145=CARTESIAN_POINT('Ctrl Pts',(41.6001217580889,78.694367339868,-38.0001217588858));
#7146=CARTESIAN_POINT('Ctrl Pts',(41.2524186179867,78.406817288901,-37.6001642728233));
#7147=CARTESIAN_POINT('Ctrl Pts',(41.2603466047117,78.409294276725,-37.6083786363347));
#7148=CARTESIAN_POINT('Ctrl Pts',(41.2792598564061,78.4152032925467,-37.6279750072687));
#7149=CARTESIAN_POINT('Ctrl Pts',(41.3091751356373,78.4245487677039,-37.6589704443671));
#7150=CARTESIAN_POINT('Ctrl Pts',(41.3421901760499,78.4348628155074,-37.6931777139916));
#7151=CARTESIAN_POINT('Ctrl Pts',(41.3752677162383,78.4451959100827,-37.727449581667));
#7152=CARTESIAN_POINT('Ctrl Pts',(41.4084086024241,78.4555486538265,-37.7617870753574));
#7153=CARTESIAN_POINT('Ctrl Pts',(41.4416123349147,78.465920713625,-37.796189598732));
#7154=CARTESIAN_POINT('Ctrl Pts',(41.4748795997797,78.4763124098826,-37.8306579092849));
#7155=CARTESIAN_POINT('Ctrl Pts',(41.5082092051693,78.4867232669436,-37.8651907288237));
#7156=CARTESIAN_POINT('Ctrl Pts',(41.5416034542343,78.4971541717397,-37.8997905138996));
#7157=CARTESIAN_POINT('Ctrl Pts',(41.5748693295286,78.5075444606104,-37.9342571205592));
#7158=CARTESIAN_POINT('Ctrl Pts',(41.5970068163224,78.5144590747121,-37.9571937721463));
#7159=CARTESIAN_POINT('Ctrl Pts',(41.6181405661794,78.5210598238082,-37.9790903111769));
#7160=CARTESIAN_POINT('Ctrl Pts',(41.6282900796777,78.5242298571561,-37.989606171435));
#7161=CARTESIAN_POINT('Ctrl Pts',(41.6384393608531,78.5273997333857,-38.0001217588858));
#7162=CARTESIAN_POINT('Ctrl Pts',(41.3492473695863,78.2066176871283,-37.600000000894));
#7163=CARTESIAN_POINT('Ctrl Pts',(41.3566441638765,78.2101905001364,-37.6082144669124));
#7164=CARTESIAN_POINT('Ctrl Pts',(41.3742904516533,78.218713696318,-37.6278112963786));
#7165=CARTESIAN_POINT('Ctrl Pts',(41.4022055554743,78.2321964240856,-37.6588118674119));
#7166=CARTESIAN_POINT('Ctrl Pts',(41.4330109133041,78.2470749013675,-37.6930220596023));
#7167=CARTESIAN_POINT('Ctrl Pts',(41.4638757846571,78.2619816124175,-37.7272981208994));
#7168=CARTESIAN_POINT('Ctrl Pts',(41.4947993203204,78.2769163335268,-37.7616391895364));
#7169=CARTESIAN_POINT('Ctrl Pts',(41.5257819185444,78.2918791710703,-37.7960456702944));
#7170=CARTESIAN_POINT('Ctrl Pts',(41.5568236195652,78.3068701353689,-37.8305176038888));
#7171=CARTESIAN_POINT('Ctrl Pts',(41.5879239956465,78.3218891173626,-37.8650545578365));
#7172=CARTESIAN_POINT('Ctrl Pts',(41.6190840067024,78.3369363655106,-37.8996575043343));
#7173=CARTESIAN_POINT('Ctrl Pts',(41.6501259981596,78.3519264203871,-37.9341293034547));
#7174=CARTESIAN_POINT('Ctrl Pts',(41.6707817373304,78.3619007175096,-37.9570671597332));
#7175=CARTESIAN_POINT('Ctrl Pts',(41.6905022204513,78.3714231409107,-37.9789663186123));
#7176=CARTESIAN_POINT('Ctrl Pts',(41.6999727914913,78.3759961429927,-37.9894831560192));
#7177=CARTESIAN_POINT('Ctrl Pts',(41.7094433913006,78.3805691025263,-38.0000000007977));
#7178=CARTESIAN_POINT('',(41.7094433913005,78.3805691025263,-38.0000000007976));
#7179=CARTESIAN_POINT('Origin',(42.1669028707787,78.7365686383742,-38.000022342221));
#7180=CARTESIAN_POINT('',(41.3492473695863,78.2066176871283,-37.600000000894));
#7181=CARTESIAN_POINT('Origin',(33.6999999998673,74.500000000007,-37.8000000008007));
#7182=CARTESIAN_POINT('',(42.0426614457117,71.4000000000036,-38.0000000007975));
#7183=CARTESIAN_POINT('Origin',(33.6999999998674,74.500000000007,-38.0000000008007));
#7184=CARTESIAN_POINT('',(42.0426614457118,71.4000000000035,-38.0000000007975));
#7185=CARTESIAN_POINT('Origin',(42.0426614457116,71.4000000000035,-37.6000000007975));
#7186=CARTESIAN_POINT('',(42.0426614457116,71.0000000000036,-37.6000000007975));
#7187=CARTESIAN_POINT('Origin',(45.0000000000008,71.2000000000035,-37.8000000007964));
#7188=CARTESIAN_POINT('',(45.0000000000008,71.4000000000035,-38.0000000007964));
#7189=CARTESIAN_POINT('',(45.8000000000008,71.4000000000035,-38.0000000007961));
#7190=CARTESIAN_POINT('Origin',(45.8000000000007,71.4000000000035,-37.6000000007961));
#7191=CARTESIAN_POINT('Origin',(43.8000000000009,76.9432720205517,-38.0000000007968));
#7192=CARTESIAN_POINT('',(42.6000000000009,82.6000000000036,-38.0000000007973));
#7193=CARTESIAN_POINT('Origin',(45.8000000000007,82.6000000000036,-37.6000000007961));
#7194=CARTESIAN_POINT('',(45.8000000000007,83.0000000000036,-37.6000000007961));
#7195=CARTESIAN_POINT('Origin',(42.6000000000008,82.8000000000036,-37.8000000007973));
#7196=CARTESIAN_POINT('',(41.6000000000008,82.6000000000035,-38.0000000007977));
#7197=CARTESIAN_POINT('Ctrl Pts',(41.6000000000009,82.6000000000035,-38.0000000007977));
#7198=CARTESIAN_POINT('Ctrl Pts',(41.4666141729896,82.599996583121,-37.8666141836365));
#7199=CARTESIAN_POINT('Ctrl Pts',(41.3332283756744,82.5999931281941,-37.7332283664753));
#7200=CARTESIAN_POINT('Ctrl Pts',(41.1998425486397,82.5999897113415,-37.5998425493141));
#7201=CARTESIAN_POINT('Ctrl Pts',(41.6000000000009,82.6000000000035,-38.0000000007977));
#7202=CARTESIAN_POINT('Ctrl Pts',(41.4666655431073,82.6178964371787,-37.8666141836365));
#7203=CARTESIAN_POINT('Ctrl Pts',(41.3331755364292,82.6359921705736,-37.7332283664753));
#7204=CARTESIAN_POINT('Ctrl Pts',(41.1998412019935,82.6538884508512,-37.5998425493141));
#7205=CARTESIAN_POINT('Ctrl Pts',(41.6000000000008,82.6000000000035,-38.0000000007977));
#7206=CARTESIAN_POINT('Ctrl Pts',(41.4740271183441,82.657277483795,-37.8666141836365));
#7207=CARTESIAN_POINT('Ctrl Pts',(41.3479370235388,82.7141589980393,-37.7332283664753));
#7208=CARTESIAN_POINT('Ctrl Pts',(41.221964234159,82.7714367935606,-37.5998425493141));
#7209=CARTESIAN_POINT('Ctrl Pts',(41.6000000000009,82.6000000000035,-38.0000000007977));
#7210=CARTESIAN_POINT('Ctrl Pts',(41.5212790003084,82.7178269496368,-37.8666141836365));
#7211=CARTESIAN_POINT('Ctrl Pts',(41.4425021295972,82.8357470081481,-37.7332283664753));
#7212=CARTESIAN_POINT('Ctrl Pts',(41.3637811738896,82.9535738844806,-37.599842549314));
#7213=CARTESIAN_POINT('Ctrl Pts',(41.6000000000008,82.6000000000035,-38.0000000007977));
#7214=CARTESIAN_POINT('Ctrl Pts',(41.5733292010483,82.7338496863739,-37.8666141836365));
#7215=CARTESIAN_POINT('Ctrl Pts',(41.545834370923,82.8663095897978,-37.7332283664752));
#7216=CARTESIAN_POINT('Ctrl Pts',(41.5191642206951,83.000160370285,-37.599842549314));
#7217=CARTESIAN_POINT('Ctrl Pts',(41.6000000000009,82.6000000000035,-38.0000000007977));
#7218=CARTESIAN_POINT('Ctrl Pts',(41.6000033946132,82.7333857581792,-37.8666141836365));
#7219=CARTESIAN_POINT('Ctrl Pts',(41.600006894099,82.8667716932303,-37.7332283664752));
#7220=CARTESIAN_POINT('Ctrl Pts',(41.6000102886287,83.0001574512668,-37.599842549314));
#7221=CARTESIAN_POINT('Origin',(42.7999999999914,69.0000000000071,-30.5000000007985));
#7222=CARTESIAN_POINT('',(42.7999999999914,72.0000000000071,-30.5000000007985));
#7223=CARTESIAN_POINT('Origin',(42.7999999999914,69.0000000000071,-30.5000000007985));
#7224=CARTESIAN_POINT('Origin',(41.9999999999914,69.0000000000071,-30.5000000007988));
#7225=CARTESIAN_POINT('',(41.5999999999902,69.0000000000071,-27.500000000799));
#7226=CARTESIAN_POINT('',(41.5999999999914,72.0000000000071,-30.500000000799));
#7227=CARTESIAN_POINT('Origin',(41.5999999999914,69.0000000000071,-30.500000000799));
#7228=CARTESIAN_POINT('Origin',(41.5999999999914,69.0000000000071,-30.500000000799));
#7229=CARTESIAN_POINT('',(41.9999999999914,72.0000000000071,-30.5000000007988));
#7230=CARTESIAN_POINT('Origin',(42.6999999999886,72.3639991016969,-23.5000152595892));
#7231=CARTESIAN_POINT('',(41.2405405391546,72.7103776261163,-26.0000152595897));
#7232=CARTESIAN_POINT('',(41.1999999999896,72.3639991016969,-26.0000152595897));
#7233=CARTESIAN_POINT('Origin',(42.6999999999896,72.3639991016969,-26.0000152595891));
#7234=CARTESIAN_POINT('',(41.2405405391569,72.7103776261163,-32.0000000007978));
#7235=CARTESIAN_POINT('',(41.1999999999917,72.3639991016969,-30.9934673693557));
#7236=CARTESIAN_POINT('',(41.1999999999886,72.3639991016969,-23.5000152595898));
#7237=CARTESIAN_POINT('',(41.1999999999912,72.3639991016969,-30.0065326322426));
#7238=CARTESIAN_POINT('Ctrl Pts',(41.1999999999912,72.3639991016969,-30.0065326322426));
#7239=CARTESIAN_POINT('Ctrl Pts',(41.1999999999912,72.3647789762076,-30.014623873915));
#7240=CARTESIAN_POINT('Ctrl Pts',(41.2000006078358,72.3655397161116,-30.0227169538016));
#7241=CARTESIAN_POINT('Ctrl Pts',(41.2000017361473,72.3662813078591,-30.030811793915));
#7242=CARTESIAN_POINT('Ctrl Pts',(41.2000138196058,72.3742232576895,-30.117502097954));
#7243=CARTESIAN_POINT('Ctrl Pts',(41.2000808325576,72.3799675252706,-30.2043783887529));
#7244=CARTESIAN_POINT('Ctrl Pts',(41.2001268017893,72.3835026735564,-30.291365929174));
#7245=CARTESIAN_POINT('Ctrl Pts',(41.2001635352577,72.3863275686595,-30.3608766419079));
#7246=CARTESIAN_POINT('Ctrl Pts',(41.2001879021722,72.3877408631117,-30.4304311359313));
#7247=CARTESIAN_POINT('Ctrl Pts',(41.2001879021722,72.3877408631117,-30.5000000007992));
#7248=CARTESIAN_POINT('Ctrl Pts',(41.2001879021722,72.3877408631117,-30.5695688656801));
#7249=CARTESIAN_POINT('Ctrl Pts',(41.2001635352578,72.3863275686582,-30.6391233597163));
#7250=CARTESIAN_POINT('Ctrl Pts',(41.2001268017895,72.3835026735556,-30.708634072434));
#7251=CARTESIAN_POINT('Ctrl Pts',(41.2000808325578,72.3799675252702,-30.7956216128384));
#7252=CARTESIAN_POINT('Ctrl Pts',(41.2000138196061,72.3742232576914,-30.8824979036231));
#7253=CARTESIAN_POINT('Ctrl Pts',(41.2000017361476,72.3662813078591,-30.9691882076834));
#7254=CARTESIAN_POINT('Ctrl Pts',(41.2000006078362,72.3655397161116,-30.9772830477968));
#7255=CARTESIAN_POINT('Ctrl Pts',(41.1999999999916,72.3647789762076,-30.9853761276833));
#7256=CARTESIAN_POINT('Ctrl Pts',(41.1999999999916,72.3639991016969,-30.9934673693557));
#7257=CARTESIAN_POINT('',(41.1999999999886,72.3639991016969,-23.5000152595898));
#7258=CARTESIAN_POINT('Origin',(41.5999999999914,69.0000000000071,-30.500000000799));
#7259=CARTESIAN_POINT('',(41.19999999999,69.0000000000071,-27.1000000007992));
#7260=CARTESIAN_POINT('Origin',(41.1999999999914,69.0000000000071,-30.5000000007992));
#7261=CARTESIAN_POINT('Origin',(41.59999999999,69.0000000000071,-27.100000000799));
#7262=CARTESIAN_POINT('Origin',(41.1999999999914,69.0000000000071,-30.5000000007992));
#7263=CARTESIAN_POINT('Origin',(29.299999990841,81.3602113688625,-23.5000152595945));
#7264=CARTESIAN_POINT('',(29.6999999908428,81.3602113689012,-28.0000162127792));
#7265=CARTESIAN_POINT('',(29.5159509111208,81.0235138784782,-28.000015736646));
#7266=CARTESIAN_POINT('Origin',(29.2999999908428,81.3602113688625,-28.0000162132629));
#7267=CARTESIAN_POINT('',(29.515950911119,81.0235138784782,-23.5000152595944));
#7268=CARTESIAN_POINT('',(29.699999990841,81.3602113689012,-23.5000152595944));
#7269=CARTESIAN_POINT('Origin',(29.6999999906902,83.0000000018956,-43.000007630199));
#7270=CARTESIAN_POINT('',(29.6999999907228,82.6000000000458,-28.0000162127792));
#7271=CARTESIAN_POINT('',(29.6999999903625,86.3224055958478,-28.0000162132633));
#7272=CARTESIAN_POINT('',(29.6999999907251,82.6000000000458,-33.5000114448971));
#7273=CARTESIAN_POINT('Origin',(29.2999999907251,82.6000000000071,-33.5000114448973));
#7274=CARTESIAN_POINT('Origin',(29.2999999907228,82.6000000000071,-28.0000162132629));
#7275=CARTESIAN_POINT('Origin',(23.7914213515347,89.6448111892279,-28.0000162132651));
#7276=CARTESIAN_POINT('',(37.6999999999919,81.8118055206826,-28.0000162132609));
#7277=CARTESIAN_POINT('',(37.6999999999919,81.9999999977585,-28.0000162132609));
#7278=CARTESIAN_POINT('',(37.1233128830114,81.4529439001476,-28.0000157366432));
#7279=CARTESIAN_POINT('Origin',(37.2999999999923,81.8118055206826,-28.0000162132597));
#7280=CARTESIAN_POINT('Origin',(33.6999999915068,74.5000000022824,-28.0000152595927));
#7281=CARTESIAN_POINT('Origin',(35.7749999911027,78.3800000000071,-25.0000152595918));
#7282=CARTESIAN_POINT('',(40.1999999999962,78.72048574324,-25.0000152595901));
#7283=CARTESIAN_POINT('',(40.1999999999961,67.0332720205526,-25.0000152595901));
#7284=CARTESIAN_POINT('',(38.2440948151072,80.778033311697,-25.0000152595909));
#7285=CARTESIAN_POINT('Origin',(33.6999999915059,74.5000000022824,-25.0000152595927));
#7286=CARTESIAN_POINT('',(38.6999999999911,81.8118055206826,-25.0000152595907));
#7287=CARTESIAN_POINT('Origin',(37.2999999999911,81.8118055206826,-25.0000152595912));
#7288=CARTESIAN_POINT('',(38.699999999991,90.3648737294637,-25.0000152595907));
#7289=CARTESIAN_POINT('Origin',(42.6999999999886,76.6360009028679,-23.5000152595892));
#7290=CARTESIAN_POINT('',(41.1999999999896,76.6360009028679,-26.0000152595897));
#7291=CARTESIAN_POINT('',(41.2405405391546,76.2896223784487,-26.0000152595897));
#7292=CARTESIAN_POINT('Origin',(42.6999999999896,76.6360009028679,-26.0000152595891));
#7293=CARTESIAN_POINT('',(41.1999999999886,76.6360009028679,-23.5000152595898));
#7294=CARTESIAN_POINT('',(41.2405405391569,76.2896223784487,-32.0000000007978));
#7295=CARTESIAN_POINT('Origin',(42.6999999999896,76.6360009028679,-26.0000152595891));
#7296=CARTESIAN_POINT('',(41.1498322146304,76.6360009028679,-25.6872553452309));
#7297=CARTESIAN_POINT('Ctrl Pts',(41.2405405391545,76.2896223784487,-26.0000152595897));
#7298=CARTESIAN_POINT('Ctrl Pts',(41.2402314261026,76.2909248205352,-25.9988211834236));
#7299=CARTESIAN_POINT('Ctrl Pts',(41.2399219750199,76.2922271849937,-25.9976271050055));
#7300=CARTESIAN_POINT('Ctrl Pts',(41.213789354657,76.402083101251,-25.8968998420461));
#7301=CARTESIAN_POINT('Ctrl Pts',(41.1840660530191,76.5166019118469,-25.7912213620994));
#7302=CARTESIAN_POINT('Ctrl Pts',(41.1498322146305,76.6360009028674,-25.6872553452303));
#7303=CARTESIAN_POINT('Origin',(40.1999999999965,76.6360009028679,-26.0000152595901));
#7304=CARTESIAN_POINT('Origin',(37.2999999999905,81.8118055206826,-23.5000152595913));
#7305=CARTESIAN_POINT('',(37.1233128830106,81.4529439001476,-26.0000152595913));
#7306=CARTESIAN_POINT('',(37.6999999999913,81.8118055206826,-26.0000152595911));
#7307=CARTESIAN_POINT('Origin',(37.2999999999915,81.8118055206826,-26.0000152595913));
#7308=CARTESIAN_POINT('',(37.1233128830096,81.4529439001476,-23.5000152595914));
#7309=CARTESIAN_POINT('',(37.6999999999905,81.8118055206826,-23.5000152595912));
#7310=CARTESIAN_POINT('Origin',(37.699999999991,102.34974745892,-24.0000162132609));
#7311=CARTESIAN_POINT('',(37.6999999999913,90.3648737294637,-26.000015259591));
#7312=CARTESIAN_POINT('Origin',(38.6999999999914,90.3648737294637,-26.0000152595907));
#7313=CARTESIAN_POINT('Origin',(38.6999999999915,81.8118055206826,-26.0000152595907));
#7314=CARTESIAN_POINT('Origin',(37.2999999999915,81.8118055206826,-26.0000152595913));
#7315=CARTESIAN_POINT('Ctrl Pts',(38.2440948151073,80.7780333116971,-25.0000152595909));
#7316=CARTESIAN_POINT('Ctrl Pts',(38.1412400762128,80.8524804615541,-25.000015259591));
#7317=CARTESIAN_POINT('Ctrl Pts',(38.0378355959418,80.9233974485995,-25.0231387209388));
#7318=CARTESIAN_POINT('Ctrl Pts',(37.8237565801143,81.0632001147324,-25.1160882235001));
#7319=CARTESIAN_POINT('Ctrl Pts',(37.7178782999595,81.1281075291665,-25.189916296581));
#7320=CARTESIAN_POINT('Ctrl Pts',(37.4497298314705,81.2853796397167,-25.4439572172963));
#7321=CARTESIAN_POINT('Ctrl Pts',(37.3214067268668,81.3529778914275,-25.648312577669));
#7322=CARTESIAN_POINT('Ctrl Pts',(37.1819714788315,81.4238298832595,-25.8938764100316));
#7323=CARTESIAN_POINT('Ctrl Pts',(37.1535025498712,81.4380690671614,-25.9454466022406));
#7324=CARTESIAN_POINT('Ctrl Pts',(37.1246968844801,81.4522623525007,-25.9975138578449));
#7325=CARTESIAN_POINT('Ctrl Pts',(37.1240049078063,81.4526031786577,-25.998764561202));
#7326=CARTESIAN_POINT('Ctrl Pts',(37.1233128830107,81.4529439001476,-26.0000152595913));
#7327=CARTESIAN_POINT('Origin',(44.5999999905904,63.5000000000071,-9.00000000079761));
#7328=CARTESIAN_POINT('',(42.8999999905963,63.5000000000071,-23.6500000007964));
#7329=CARTESIAN_POINT('',(42.8999999905904,63.5000000000071,-9.00000000079829));
#7330=CARTESIAN_POINT('Origin',(44.5999999905963,63.5000000000071,-23.6500000007958));
#7331=CARTESIAN_POINT('Origin',(44.5999999905976,63.5000000000071,-27.8000000007986));
#7332=CARTESIAN_POINT('Origin',(43.792388146015,55.5000000000051,-13.500000000797));
#7333=CARTESIAN_POINT('',(41.8579280171697,57.7930032729832,-26.0000152595894));
#7334=CARTESIAN_POINT('',(41.857928017172,57.7930032729832,-32.0000000007976));
#7335=CARTESIAN_POINT('',(41.6710678024597,57.6213203435643,-25.601870825495));
#7336=CARTESIAN_POINT('',(41.6710678024553,57.6213203435646,-13.5000000007978));
#7337=CARTESIAN_POINT('Ctrl Pts',(41.8579280171696,57.7930032729832,-26.0000152595894));
#7338=CARTESIAN_POINT('Ctrl Pts',(41.8573665208144,57.7925295744392,-25.9987787076665));
#7339=CARTESIAN_POINT('Ctrl Pts',(41.8568051946049,57.7920556664046,-25.9975421472703));
#7340=CARTESIAN_POINT('Ctrl Pts',(41.8083035134148,57.751076874156,-25.8906652856053));
#7341=CARTESIAN_POINT('Ctrl Pts',(41.7449918530515,57.695020199615,-25.7459502027226));
#7342=CARTESIAN_POINT('Ctrl Pts',(41.6732698783891,57.6235206995216,-25.6061474081333));
#7343=CARTESIAN_POINT('Ctrl Pts',(41.6721706361439,57.6224231772485,-25.6040099387536));
#7344=CARTESIAN_POINT('Ctrl Pts',(41.6710678024597,57.6213203435643,-25.601870825495));
#7345=CARTESIAN_POINT('Origin',(41.1999999999968,98.84974745892,-44.0000152595897));
#7346=CARTESIAN_POINT('',(41.1999999999897,58.0987370427136,-26.0000152595897));
#7347=CARTESIAN_POINT('',(41.1999999999896,88.6148737294635,-26.0000152595897));
#7348=CARTESIAN_POINT('',(41.1999999999919,58.0987370427136,-32.0000000007979));
#7349=CARTESIAN_POINT('Origin',(37.8097474588963,53.760000000007,-9.00000000080025));
#7350=CARTESIAN_POINT('',(40.9230371268269,56.8732896679317,-25.0000152595898));
#7351=CARTESIAN_POINT('',(43.4560605919526,59.4063131330577,-25.0000152595888));
#7352=CARTESIAN_POINT('Ctrl Pts',(41.6710678024598,57.6213203435643,-25.601870825495));
#7353=CARTESIAN_POINT('Ctrl Pts',(41.6191059285085,57.5693584696131,-25.5010828870181));
#7354=CARTESIAN_POINT('Ctrl Pts',(41.5557529744195,57.5060055155241,-25.4013424187319));
#7355=CARTESIAN_POINT('Ctrl Pts',(41.4168771403273,57.3671296814319,-25.227651749434));
#7356=CARTESIAN_POINT('Ctrl Pts',(41.3126810243493,57.2629335654539,-25.1337371191437));
#7357=CARTESIAN_POINT('Ctrl Pts',(41.1289043029593,57.0791568440639,-25.0313151462671));
#7358=CARTESIAN_POINT('Ctrl Pts',(41.0176036610777,56.9678562021823,-25.0000152595897));
#7359=CARTESIAN_POINT('Ctrl Pts',(40.923037126827,56.8732896679317,-25.0000152595898));
#7360=CARTESIAN_POINT('Origin',(35.7749999911027,78.3800000000071,-25.0000152595918));
#7361=CARTESIAN_POINT('',(23.4668539241927,65.7823846736024,-25.0000152595968));
#7362=CARTESIAN_POINT('Origin',(22.3499999916084,66.6265631460068,-25.0000152595972));
#7363=CARTESIAN_POINT('',(27.4067265456366,68.476303321306,-25.0000152595952));
#7364=CARTESIAN_POINT('Origin',(29.4499999916084,61.2600000000073,-25.0000152595944));
#7365=CARTESIAN_POINT('',(28.1914014164263,69.0485926850266,-25.0000152595949));
#7366=CARTESIAN_POINT('Origin',(27.0253155023886,69.8233466079484,-25.0000152595953));
#7367=CARTESIAN_POINT('',(40.1999999999892,70.2795142613141,-25.0000152595901));
#7368=CARTESIAN_POINT('Origin',(33.6999999915059,74.5000000022824,-25.0000152595927));
#7369=CARTESIAN_POINT('',(40.1999999999892,58.0987370427136,-25.0000152595901));
#7370=CARTESIAN_POINT('',(40.1999999999892,88.6148737294636,-25.0000152595901));
#7371=CARTESIAN_POINT('Origin',(41.5999999999892,58.0987370427136,-25.0000152595895));
#7372=CARTESIAN_POINT('Origin',(22.3499999916088,66.6265631460068,-26.000015259596));
#7373=CARTESIAN_POINT('',(22.6691011152045,66.3853692967483,-26.0000152603751));
#7374=CARTESIAN_POINT('Origin',(23.4668539241931,65.7823846736024,-26.0000152595962));
#7375=CARTESIAN_POINT('Origin',(22.3499999916088,66.6265631460068,-26.000015259596));
#7376=CARTESIAN_POINT('Origin',(29.4499999916088,61.2600000000073,-26.0000152595938));
#7377=CARTESIAN_POINT('',(27.1342900861742,69.4384770974789,-26.0000152603735));
#7378=CARTESIAN_POINT('Origin',(29.4499999916088,61.2600000000073,-26.0000152595938));
#7379=CARTESIAN_POINT('Origin',(27.406726545637,68.476303321306,-26.0000152595944));
#7380=CARTESIAN_POINT('Origin',(27.0253155023889,69.8233466079484,-26.0000152595945));
#7381=CARTESIAN_POINT('',(27.3529073791554,70.0528756088973,-26.0000153231746));
#7382=CARTESIAN_POINT('Origin',(27.0253155023889,69.8233466079484,-26.0000152595945));
#7383=CARTESIAN_POINT('Ctrl Pts',(27.3529073791554,70.0528756088973,-26.0000152595944));
#7384=CARTESIAN_POINT('Ctrl Pts',(27.3533500024681,70.0522438813112,-25.9987645552262));
#7385=CARTESIAN_POINT('Ctrl Pts',(27.3537927154986,70.0516122263621,-25.9975138638066));
#7386=CARTESIAN_POINT('Ctrl Pts',(27.3722274986942,70.0253181642305,-25.945446527009));
#7387=CARTESIAN_POINT('Ctrl Pts',(27.3906560482143,69.9993639733782,-25.893876406172));
#7388=CARTESIAN_POINT('Ctrl Pts',(27.4820137666567,69.8724153191831,-25.6483125726906));
#7389=CARTESIAN_POINT('Ctrl Pts',(27.5684553717238,69.7559499106936,-25.4439572153604));
#7390=CARTESIAN_POINT('Ctrl Pts',(27.7649145188091,69.5150310032554,-25.189916296584));
#7391=CARTESIAN_POINT('Ctrl Pts',(27.8452618249468,69.4203341550846,-25.1160882235032));
#7392=CARTESIAN_POINT('Ctrl Pts',(28.0161820535047,69.2301739964148,-25.0231387209418));
#7393=CARTESIAN_POINT('Ctrl Pts',(28.1020895175259,69.1388415639653,-25.0000152595941));
#7394=CARTESIAN_POINT('Ctrl Pts',(28.1914014164263,69.0485926850266,-25.000015259594));
#7395=CARTESIAN_POINT('Origin',(41.5999999999846,58.0987370427136,-13.5000000007978));
#7396=CARTESIAN_POINT('Origin',(41.5999999999896,58.0987370427136,-26.0000152595895));
#7397=CARTESIAN_POINT('Origin',(42.6999999999896,72.3639991016969,-26.0000152595891));
#7398=CARTESIAN_POINT('',(41.1498322146304,72.3639991016969,-25.6872553452298));
#7399=CARTESIAN_POINT('Ctrl Pts',(41.1498322146304,72.3639991016969,-25.6872553452298));
#7400=CARTESIAN_POINT('Ctrl Pts',(41.1840660593203,72.4833981146947,-25.7912213812356));
#7401=CARTESIAN_POINT('Ctrl Pts',(41.2137893611215,72.5979169304893,-25.8968998668988));
#7402=CARTESIAN_POINT('Ctrl Pts',(41.2399219750054,72.7077728195101,-25.9976271049527));
#7403=CARTESIAN_POINT('Ctrl Pts',(41.2402314261162,72.7090751840869,-25.9988211834761));
#7404=CARTESIAN_POINT('Ctrl Pts',(41.2405405391545,72.7103776261162,-26.0000152595897));
#7405=CARTESIAN_POINT('Origin',(40.1999999999896,72.3639991016969,-26.0000152595901));
#7406=CARTESIAN_POINT('Origin',(41.5999999999896,58.0987370427136,-26.0000152595895));
#7407=CARTESIAN_POINT('Origin',(40.1999999999896,58.0987370427136,-26.0000152595901));
#7408=CARTESIAN_POINT('Origin',(40.1999999999896,88.6148737294636,-26.0000152595901));
#7409=CARTESIAN_POINT('Ctrl Pts',(40.1999999999892,70.2795142613138,-25.0000152595901));
#7410=CARTESIAN_POINT('Ctrl Pts',(40.4706437366956,70.6963345987958,-25.00001525959));
#7411=CARTESIAN_POINT('Ctrl Pts',(40.7355999463348,71.2166471569163,-25.1214016435624));
#7412=CARTESIAN_POINT('Ctrl Pts',(40.9998662752794,71.8850246031414,-25.3856679725068));
#7413=CARTESIAN_POINT('Ctrl Pts',(41.0925350159952,72.1641609290776,-25.5132473519625));
#7414=CARTESIAN_POINT('Ctrl Pts',(41.1498322146303,72.3639991016969,-25.6872553452299));
#7415=CARTESIAN_POINT('Origin',(33.6999999915054,74.5000000022824,-23.5000152595928));
#7416=CARTESIAN_POINT('',(25.9499999915054,74.5000000022824,-23.5000152595959));
#7417=CARTESIAN_POINT('Ctrl Pts',(41.1498322146333,76.6360009028574,-25.6872553452179));
#7418=CARTESIAN_POINT('Ctrl Pts',(41.1132873350378,76.7634602225269,-25.5762708413709));
#7419=CARTESIAN_POINT('Ctrl Pts',(41.0619556654295,76.9262724375887,-25.4858666025828));
#7420=CARTESIAN_POINT('Ctrl Pts',(40.8311542054756,77.5833489786475,-25.1647272927367));
#7421=CARTESIAN_POINT('Ctrl Pts',(40.5273116328811,78.216390777136,-25.00001525959));
#7422=CARTESIAN_POINT('Ctrl Pts',(40.1999999999961,78.7204857432402,-25.0000152595901));
#7423=CARTESIAN_POINT('',(27.2656764500895,70.1800485483459,-26.0000154503352));
#7424=CARTESIAN_POINT('Origin',(33.6999999915064,74.5000000022824,-26.0000154503325));
#7425=CARTESIAN_POINT('',(26.6306961811814,71.323926382651,-27.0000154503354));
#7426=CARTESIAN_POINT('Ctrl Pts',(26.6306961811815,71.323926382651,-27.0000154503353));
#7427=CARTESIAN_POINT('Ctrl Pts',(26.6310122937164,71.3232227794554,-26.9987647570539));
#7428=CARTESIAN_POINT('Ctrl Pts',(26.631328516427,71.3225192120346,-26.9975140434922));
#7429=CARTESIAN_POINT('Ctrl Pts',(26.6444974785678,71.2932311367341,-26.9454468580417));
#7430=CARTESIAN_POINT('Ctrl Pts',(26.6577242151525,71.264277896031,-26.8938766041132));
#7431=CARTESIAN_POINT('Ctrl Pts',(26.7236166699723,71.12243158057,-26.6483127727217));
#7432=CARTESIAN_POINT('Ctrl Pts',(26.7866491432874,70.9918052033767,-26.4439574097174));
#7433=CARTESIAN_POINT('Ctrl Pts',(26.9343704875928,70.7182791102477,-26.189916487325));
#7434=CARTESIAN_POINT('Ctrl Pts',(26.995505040907,70.6101784671037,-26.1160884142442));
#7435=CARTESIAN_POINT('Ctrl Pts',(27.1276739033072,70.3913040686753,-26.0231389116829));
#7436=CARTESIAN_POINT('Ctrl Pts',(27.1949015024375,70.28546383291,-26.0000154503351));
#7437=CARTESIAN_POINT('Ctrl Pts',(27.2656764500895,70.1800485483459,-26.0000154503351));
#7438=CARTESIAN_POINT('',(26.63069618118,71.323926382651,-23.5000152595956));
#7439=CARTESIAN_POINT('Origin',(22.3499999916106,71.1600000022829,-30.1000038155041));
#7440=CARTESIAN_POINT('',(22.3499999916093,70.7600000022829,-27.0000154503371));
#7441=CARTESIAN_POINT('Origin',(22.3499999916093,71.1600000022829,-27.0000154503371));
#7442=CARTESIAN_POINT('',(22.3499999916106,70.7600000022829,-30.1000038155041));
#7443=CARTESIAN_POINT('Origin',(26.0670189224964,70.7600000022829,-51.2000076302002));
#7444=CARTESIAN_POINT('',(26.2658288877453,70.7600000022829,-27.0000154503355));
#7445=CARTESIAN_POINT('',(26.9460094570214,70.7600000022829,-27.0000154503353));
#7446=CARTESIAN_POINT('',(26.2658288877438,70.7600000022829,-23.5000152595957));
#7447=CARTESIAN_POINT('Origin',(26.2658288877438,71.1600000022829,-23.5000152595957));
#7448=CARTESIAN_POINT('Origin',(26.2658288877453,71.1600000022829,-27.0000154503355));
#7449=CARTESIAN_POINT('Origin',(27.824999991556,74.3000000017141,-26.0000154503349));
#7450=CARTESIAN_POINT('',(22.3499999916089,69.7600000022829,-26.0000154503371));
#7451=CARTESIAN_POINT('Origin',(22.3499999916089,71.1600000022829,-26.0000154503371));
#7452=CARTESIAN_POINT('',(26.2658288877448,69.7600000022829,-26.0000154503355));
#7453=CARTESIAN_POINT('',(26.946009457021,69.7600000022829,-26.0000154503352));
#7454=CARTESIAN_POINT('Origin',(26.2658288877448,71.1600000022829,-26.0000154503355));
#7455=CARTESIAN_POINT('Origin',(22.3499999916093,71.1600000022829,-27.0000154503371));
#7456=CARTESIAN_POINT('Origin',(22.3499999916093,69.7600000022829,-27.0000154503371));
#7457=CARTESIAN_POINT('Origin',(26.9460094570214,69.7600000022829,-27.0000154503353));
#7458=CARTESIAN_POINT('Origin',(26.2658288877453,69.7600000022829,-27.0000154503355));
#7459=CARTESIAN_POINT('Origin',(26.2658288877453,71.1600000022829,-27.0000154503355));
#7460=CARTESIAN_POINT('Origin',(44.5999999905965,63.5000000000071,-24.1750000007957));
#7461=CARTESIAN_POINT('',(42.2499999905961,63.5000000000071,-23.0000000007967));
#7462=CARTESIAN_POINT('',(43.4249999905965,63.5000000000071,-24.1750000007962));
#7463=CARTESIAN_POINT('Origin',(44.5999999905961,63.5000000000071,-23.0000000007957));
#7464=CARTESIAN_POINT('Origin',(44.5999999905951,63.5000000000071,-20.5000000007957));
#7465=CARTESIAN_POINT('',(46.9499999905942,63.5000000000071,-18.4000000007948));
#7466=CARTESIAN_POINT('',(42.2499999905943,63.5000000000071,-18.4000000007966));
#7467=CARTESIAN_POINT('Origin',(44.5999999905942,63.5000000000071,-18.4000000007957));
#7468=CARTESIAN_POINT('Origin',(44.5999999905942,63.5000000000071,-18.4000000007957));
#7469=CARTESIAN_POINT('',(42.2499999905951,63.5000000000071,-20.5000000007966));
#7470=CARTESIAN_POINT('Origin',(44.5999999905942,63.5000000000071,-18.2000000007957));
#7471=CARTESIAN_POINT('',(47.1499999905942,63.5000000000071,-18.2000000007947));
#7472=CARTESIAN_POINT('Origin',(47.5857142763119,77.0000000000071,-27.8000000007974));
#7473=CARTESIAN_POINT('',(46.1999999905975,87.8766312060458,-27.8000000007971));
#7474=CARTESIAN_POINT('Origin',(46.1999999906005,85.8695086324452,-34.0000000007973));
#7475=CARTESIAN_POINT('',(46.1999999906011,82.1247543162261,-36.6000076301916));
#7476=CARTESIAN_POINT('Origin',(28.6999999906011,78.3800000000071,-36.6000076301986));
#7477=CARTESIAN_POINT('',(41.2000000000005,67.0332720205526,-36.6000076301936));
#7478=CARTESIAN_POINT('Origin',(41.1999999999995,55.6865440410982,-34.0000000007979));
#7479=CARTESIAN_POINT('',(41.1999999999965,67.0332720205526,-26.0000152595897));
#7480=CARTESIAN_POINT('',(41.1999999999969,85.0000000000071,-27.1000000007992));
#7481=CARTESIAN_POINT('Origin',(41.1999999999983,85.0000000000072,-30.5000000007992));
#7482=CARTESIAN_POINT('Origin',(41.5999999999983,85.0000000000071,-30.500000000799));
#7483=CARTESIAN_POINT('',(41.599999999997,85.0000000000071,-27.500000000799));
#7484=CARTESIAN_POINT('Origin',(41.599999999997,85.0000000000071,-27.100000000799));
#7485=CARTESIAN_POINT('',(41.5999999999983,88.0000000000071,-30.500000000799));
#7486=CARTESIAN_POINT('Origin',(41.5999999999982,85.0000000000072,-30.500000000799));
#7487=CARTESIAN_POINT('Origin',(41.5999999999982,85.0000000000072,-30.500000000799));
#7488=CARTESIAN_POINT('Origin',(41.9999999999983,85.0000000000071,-30.5000000007989));
#7489=CARTESIAN_POINT('',(42.7999999999983,88.0000000000071,-30.5000000007985));
#7490=CARTESIAN_POINT('',(41.9999999999983,88.0000000000071,-30.5000000007989));
#7491=CARTESIAN_POINT('Origin',(42.7999999999983,85.0000000000072,-30.5000000007986));
#7492=CARTESIAN_POINT('Origin',(42.7999999999983,85.0000000000072,-30.5000000007985));
#7493=CARTESIAN_POINT('Origin',(40.1999999999965,67.0332720205526,-26.0000152595901));
#7494=UNCERTAINTY_MEASURE_WITH_UNIT(LENGTH_MEASURE(0.01),#7498,
'DISTANCE_ACCURACY_VALUE',
'Maximum model space distance between geometric entities at asserted c
onnectivities');
#7495=UNCERTAINTY_MEASURE_WITH_UNIT(LENGTH_MEASURE(0.01),#7498,
'DISTANCE_ACCURACY_VALUE',
'Maximum model space distance between geometric entities at asserted c
onnectivities');
#7496=(
GEOMETRIC_REPRESENTATION_CONTEXT(3)
GLOBAL_UNCERTAINTY_ASSIGNED_CONTEXT((#7494))
GLOBAL_UNIT_ASSIGNED_CONTEXT((#7498,#7500,#7501))
REPRESENTATION_CONTEXT('','3D')
);
#7497=(
GEOMETRIC_REPRESENTATION_CONTEXT(3)
GLOBAL_UNCERTAINTY_ASSIGNED_CONTEXT((#7495))
GLOBAL_UNIT_ASSIGNED_CONTEXT((#7498,#7500,#7501))
REPRESENTATION_CONTEXT('','3D')
);
#7498=(
LENGTH_UNIT()
NAMED_UNIT(*)
SI_UNIT(.MILLI.,.METRE.)
);
#7499=(
LENGTH_UNIT()
NAMED_UNIT(*)
SI_UNIT($,.METRE.)
);
#7500=(
NAMED_UNIT(*)
PLANE_ANGLE_UNIT()
SI_UNIT($,.RADIAN.)
);
#7501=(
NAMED_UNIT(*)
SI_UNIT($,.STERADIAN.)
SOLID_ANGLE_UNIT()
);
#7502=SHAPE_DEFINITION_REPRESENTATION(#7503,#7504);
#7503=PRODUCT_DEFINITION_SHAPE('',$,#7506);
#7504=SHAPE_REPRESENTATION('',(#4237),#7496);
#7505=PRODUCT_DEFINITION_CONTEXT('part definition',#7510,'design');
#7506=PRODUCT_DEFINITION('Printed_9mm_AWD_XY_joint_left_b',
'Printed_9mm_AWD_XY_joint_left_b',#7507,#7505);
#7507=PRODUCT_DEFINITION_FORMATION('',$,#7512);
#7508=PRODUCT_RELATED_PRODUCT_CATEGORY(
'Printed_9mm_AWD_XY_joint_left_b','Printed_9mm_AWD_XY_joint_left_b',(#7512));
#7509=APPLICATION_PROTOCOL_DEFINITION('international standard',
'automotive_design',2009,#7510);
#7510=APPLICATION_CONTEXT(
'Core Data for Automotive Mechanical Design Process');
#7511=PRODUCT_CONTEXT('part definition',#7510,'mechanical');
#7512=PRODUCT('Printed_9mm_AWD_XY_joint_left_b',
'Printed_9mm_AWD_XY_joint_left_b',$,(#7511));
#7513=PRESENTATION_STYLE_ASSIGNMENT((#7515));
#7514=PRESENTATION_STYLE_ASSIGNMENT((#7516));
#7515=SURFACE_STYLE_USAGE(.BOTH.,#7517);
#7516=SURFACE_STYLE_USAGE(.BOTH.,#7518);
#7517=SURFACE_SIDE_STYLE('',(#7519));
#7518=SURFACE_SIDE_STYLE('',(#7520));
#7519=SURFACE_STYLE_FILL_AREA(#7521);
#7520=SURFACE_STYLE_FILL_AREA(#7522);
#7521=FILL_AREA_STYLE('Plate',(#7523));
#7522=FILL_AREA_STYLE('Opaque(50,50,50)',(#7524));
#7523=FILL_AREA_STYLE_COLOUR('Plate',#7525);
#7524=FILL_AREA_STYLE_COLOUR('Opaque(50,50,50)',#7526);
#7525=COLOUR_RGB('Plate',0.6,0.6,0.6);
#7526=COLOUR_RGB('Opaque(50,50,50)',0.196078431372549,0.196078431372549,
0.196078431372549);
ENDSEC;
END-ISO-10303-21;
