ISO-10303-21;
HEADER;
/* Generated by software containing ST-Developer
 * from STEP Tools, Inc. (www.steptools.com) 
 */

FILE_DESCRIPTION(
/* description */ (''),
/* implementation_level */ '2;1');

FILE_NAME(
/* name */ 'Printed_9mm_AWD_XY_joint_right_b.step',
/* time_stamp */ '2026-05-22T18:34:18+03:00',
/* author */ (''),
/* organization */ (''),
/* preprocessor_version */ 'ST-DEVELOPER v20.1',
/* originating_system */ 'Autodesk Translation Framework v15.8.0.0',
/* authorisation */ '');

FILE_SCHEMA (('AUTOMOTIVE_DESIGN { 1 0 10303 214 3 1 1 }'));
ENDSEC;

DATA;
#10=MECHANICAL_DESIGN_GEOMETRIC_PRESENTATION_REPRESENTATION('',(#13),#7501);
#11=SHAPE_REPRESENTATION_RELATIONSHIP('SRR','None',#7508,#12);
#12=ADVANCED_BREP_SHAPE_REPRESENTATION('',(#14),#7500);
#13=STYLED_ITEM('',(#7518),#14);
#14=MANIFOLD_SOLID_BREP('Body1',#3933);
#15=B_SPLINE_SURFACE_WITH_KNOTS('',3,3,((#6398,#6399,#6400,#6401,#6402,
#6403,#6404,#6405,#6406,#6407,#6408,#6409,#6410,#6411,#6412,#6413,#6414,
#6415,#6416,#6417,#6418,#6419,#6420,#6421,#6422,#6423,#6424),(#6425,#6426,
#6427,#6428,#6429,#6430,#6431,#6432,#6433,#6434,#6435,#6436,#6437,#6438,
#6439,#6440,#6441,#6442,#6443,#6444,#6445,#6446,#6447,#6448,#6449,#6450,
#6451),(#6452,#6453,#6454,#6455,#6456,#6457,#6458,#6459,#6460,#6461,#6462,
#6463,#6464,#6465,#6466,#6467,#6468,#6469,#6470,#6471,#6472,#6473,#6474,
#6475,#6476,#6477,#6478),(#6479,#6480,#6481,#6482,#6483,#6484,#6485,#6486,
#6487,#6488,#6489,#6490,#6491,#6492,#6493,#6494,#6495,#6496,#6497,#6498,
#6499,#6500,#6501,#6502,#6503,#6504,#6505),(#6506,#6507,#6508,#6509,#6510,
#6511,#6512,#6513,#6514,#6515,#6516,#6517,#6518,#6519,#6520,#6521,#6522,
#6523,#6524,#6525,#6526,#6527,#6528,#6529,#6530,#6531,#6532),(#6533,#6534,
#6535,#6536,#6537,#6538,#6539,#6540,#6541,#6542,#6543,#6544,#6545,#6546,
#6547,#6548,#6549,#6550,#6551,#6552,#6553,#6554,#6555,#6556,#6557,#6558,
#6559)),.UNSPECIFIED.,.F.,.T.,.F.,(4,1,1,4),(4,2,1,1,1,1,1,1,1,1,1,1,1,
1,1,1,1,1,1,1,1,2,4),(0.,0.285714285714286,0.571428571428571,1.),(-0.00141388516207247,
0.,0.144879291767866,0.289758583535733,0.434637875303599,0.579517167071466,
0.724396458839332,0.869275750607199,1.01415504237506,1.15903433414293,1.3039136259108,
1.44879291767866,1.59367220944653,1.7385515012144,1.88343079298226,2.02831008475013,
2.173189376518,2.31806866828586,2.46294796005373,2.6078272518216,2.75270654358946,
2.89758583535733,2.8989997205194),.UNSPECIFIED.);
#16=B_SPLINE_SURFACE_WITH_KNOTS('',3,3,((#7115,#7116,#7117,#7118),(#7119,
#7120,#7121,#7122),(#7123,#7124,#7125,#7126),(#7127,#7128,#7129,#7130),
(#7131,#7132,#7133,#7134)),.UNSPECIFIED.,.F.,.F.,.F.,(4,1,4),(4,4),(0.,
0.5,1.),(0.121084858336575,0.256804527245746),.UNSPECIFIED.);
#17=B_SPLINE_SURFACE_WITH_KNOTS('',3,3,((#7140,#7141,#7142,#7143),(#7144,
#7145,#7146,#7147),(#7148,#7149,#7150,#7151),(#7152,#7153,#7154,#7155),
(#7156,#7157,#7158,#7159)),.UNSPECIFIED.,.F.,.F.,.F.,(4,1,4),(4,4),(0.,
0.5,1.),(0.181851442875397,0.317571111784572),.UNSPECIFIED.);
#18=(
BOUNDED_CURVE()
B_SPLINE_CURVE(2,(#5803,#5804,#5805),.UNSPECIFIED.,.F.,.F.)
B_SPLINE_CURVE_WITH_KNOTS((3,3),(2.23144572703393,2.79653233351733),
 .UNSPECIFIED.)
CURVE()
GEOMETRIC_REPRESENTATION_ITEM()
RATIONAL_B_SPLINE_CURVE((1.,1.3670657641843,1.54822160949744))
REPRESENTATION_ITEM('')
);
#19=(
BOUNDED_CURVE()
B_SPLINE_CURVE(2,(#5809,#5810,#5811),.UNSPECIFIED.,.F.,.F.)
B_SPLINE_CURVE_WITH_KNOTS((3,3),(1.66635912054521,2.23144572703392),
 .UNSPECIFIED.)
CURVE()
GEOMETRIC_REPRESENTATION_ITEM()
RATIONAL_B_SPLINE_CURVE((1.54822160950098,1.36706576418784,1.))
REPRESENTATION_ITEM('')
);
#20=(
BOUNDED_CURVE()
B_SPLINE_CURVE(2,(#5846,#5847,#5848),.UNSPECIFIED.,.F.,.F.)
B_SPLINE_CURVE_WITH_KNOTS((3,3),(2.74828065828787,3.86319122412219),
 .UNSPECIFIED.)
CURVE()
GEOMETRIC_REPRESENTATION_ITEM()
RATIONAL_B_SPLINE_CURVE((5.41383194117316,5.8148565294118,5.81485652941181))
REPRESENTATION_ITEM('')
);
#21=(
BOUNDED_CURVE()
B_SPLINE_CURVE(2,(#5852,#5853,#5854),.UNSPECIFIED.,.F.,.F.)
B_SPLINE_CURVE_WITH_KNOTS((3,3),(2.74828065829222,3.86319122414407),
 .UNSPECIFIED.)
CURVE()
GEOMETRIC_REPRESENTATION_ITEM()
RATIONAL_B_SPLINE_CURVE((5.41383194117078,5.81485652941361,5.81485652940567))
REPRESENTATION_ITEM('')
);
#22=(
BOUNDED_CURVE()
B_SPLINE_CURVE(2,(#5866,#5867,#5868),.UNSPECIFIED.,.F.,.F.)
B_SPLINE_CURVE_WITH_KNOTS((3,3),(3.86319122412219,4.97810178995647),
 .UNSPECIFIED.)
CURVE()
GEOMETRIC_REPRESENTATION_ITEM()
RATIONAL_B_SPLINE_CURVE((5.81485652941173,5.81485652941171,5.4138319411731))
REPRESENTATION_ITEM('')
);
#23=(
BOUNDED_CURVE()
B_SPLINE_CURVE(2,(#5871,#5872,#5873),.UNSPECIFIED.,.F.,.F.)
B_SPLINE_CURVE_WITH_KNOTS((3,3),(3.86319122414425,4.97810178995175),
 .UNSPECIFIED.)
CURVE()
GEOMETRIC_REPRESENTATION_ITEM()
RATIONAL_B_SPLINE_CURVE((5.81485652940559,5.81485652939756,5.41383194117066))
REPRESENTATION_ITEM('')
);
#24=(
BOUNDED_CURVE()
B_SPLINE_CURVE(2,(#5881,#5882,#5883),.UNSPECIFIED.,.F.,.F.)
B_SPLINE_CURVE_WITH_KNOTS((3,3),(3.86319122412196,4.97810178994722),
 .UNSPECIFIED.)
CURVE()
GEOMETRIC_REPRESENTATION_ITEM()
RATIONAL_B_SPLINE_CURVE((5.81485652940044,5.81485652940045,5.41383194116924))
REPRESENTATION_ITEM('')
);
#25=(
BOUNDED_CURVE()
B_SPLINE_CURVE(2,(#5887,#5888,#5889),.UNSPECIFIED.,.F.,.F.)
B_SPLINE_CURVE_WITH_KNOTS((3,3),(3.86319122414438,4.97810178995181),
 .UNSPECIFIED.)
CURVE()
GEOMETRIC_REPRESENTATION_ITEM()
RATIONAL_B_SPLINE_CURVE((5.81485652940615,5.81485652939817,5.41383194117138))
REPRESENTATION_ITEM('')
);
#26=(
BOUNDED_CURVE()
B_SPLINE_CURVE(2,(#5897,#5898,#5899),.UNSPECIFIED.,.F.,.F.)
B_SPLINE_CURVE_WITH_KNOTS((3,3),(2.74828065829666,3.86319122412196),
 .UNSPECIFIED.)
CURVE()
GEOMETRIC_REPRESENTATION_ITEM()
RATIONAL_B_SPLINE_CURVE((5.41383194116905,5.81485652940028,5.81485652940028))
REPRESENTATION_ITEM('')
);
#27=(
BOUNDED_CURVE()
B_SPLINE_CURVE(2,(#5903,#5904,#5905),.UNSPECIFIED.,.F.,.F.)
B_SPLINE_CURVE_WITH_KNOTS((3,3),(2.7482806582925,3.8631912241441),
 .UNSPECIFIED.)
CURVE()
GEOMETRIC_REPRESENTATION_ITEM()
RATIONAL_B_SPLINE_CURVE((5.41383194117137,5.81485652941408,5.81485652940619))
REPRESENTATION_ITEM('')
);
#28=(
BOUNDED_CURVE()
B_SPLINE_CURVE(2,(#6095,#6096,#6097),.UNSPECIFIED.,.F.,.F.)
B_SPLINE_CURVE_WITH_KNOTS((3,3),(0.282842711535714,0.386636816491341),
 .UNSPECIFIED.)
CURVE()
GEOMETRIC_REPRESENTATION_ITEM()
RATIONAL_B_SPLINE_CURVE((1.16666666519126,1.16666666519126,1.14422246477523))
REPRESENTATION_ITEM('')
);
#29=(
BOUNDED_CURVE()
B_SPLINE_CURVE(2,(#6996,#6997,#6998),.UNSPECIFIED.,.F.,.F.)
B_SPLINE_CURVE_WITH_KNOTS((3,3),(2.23144431187139,2.79653072011734),
 .UNSPECIFIED.)
CURVE()
GEOMETRIC_REPRESENTATION_ITEM()
RATIONAL_B_SPLINE_CURVE((1.,1.36706569589767,1.54822145482617))
REPRESENTATION_ITEM('')
);
#30=(
BOUNDED_CURVE()
B_SPLINE_CURVE(2,(#7009,#7010,#7011),.UNSPECIFIED.,.F.,.F.)
B_SPLINE_CURVE_WITH_KNOTS((3,3),(0.485581265626676,0.812848895853495),
 .UNSPECIFIED.)
CURVE()
GEOMETRIC_REPRESENTATION_ITEM()
RATIONAL_B_SPLINE_CURVE((1.3044910376955,1.25485456432163,1.))
REPRESENTATION_ITEM('')
);
#31=(
BOUNDED_CURVE()
B_SPLINE_CURVE(2,(#7079,#7080,#7081),.UNSPECIFIED.,.F.,.F.)
B_SPLINE_CURVE_WITH_KNOTS((3,3),(0.179048606565746,0.282842712474664),
 .UNSPECIFIED.)
CURVE()
GEOMETRIC_REPRESENTATION_ITEM()
RATIONAL_B_SPLINE_CURVE((1.14422246578874,1.16666666666672,1.16666666666672))
REPRESENTATION_ITEM('')
);
#32=TOROIDAL_SURFACE('',#3992,1.4,1.);
#33=TOROIDAL_SURFACE('',#4000,1.4,1.);
#34=TOROIDAL_SURFACE('',#4006,1.4,1.);
#35=TOROIDAL_SURFACE('',#4069,1.4,1.);
#36=TOROIDAL_SURFACE('',#4072,1.4,1.);
#37=TOROIDAL_SURFACE('',#4079,1.4,1.);
#38=TOROIDAL_SURFACE('',#4084,2.5,1.);
#39=TOROIDAL_SURFACE('',#4107,3.4,0.4);
#40=TOROIDAL_SURFACE('',#4147,1.4,1.);
#41=CYLINDRICAL_SURFACE('',#3974,1.4999999999998);
#42=CYLINDRICAL_SURFACE('',#3978,1.49999999999963);
#43=CYLINDRICAL_SURFACE('',#3981,0.5);
#44=CYLINDRICAL_SURFACE('',#3987,1.50000000000009);
#45=CYLINDRICAL_SURFACE('',#3990,1.49999999999947);
#46=CYLINDRICAL_SURFACE('',#3996,1.);
#47=CYLINDRICAL_SURFACE('',#3998,0.4);
#48=CYLINDRICAL_SURFACE('',#4004,1.);
#49=CYLINDRICAL_SURFACE('',#4012,0.4);
#50=CYLINDRICAL_SURFACE('',#4015,0.4);
#51=CYLINDRICAL_SURFACE('',#4026,2.7);
#52=CYLINDRICAL_SURFACE('',#4047,5.00000000000004);
#53=CYLINDRICAL_SURFACE('',#4054,4.99999999999983);
#54=CYLINDRICAL_SURFACE('',#4065,1.);
#55=CYLINDRICAL_SURFACE('',#4077,0.4);
#56=CYLINDRICAL_SURFACE('',#4082,1.);
#57=CYLINDRICAL_SURFACE('',#4086,1.5);
#58=CYLINDRICAL_SURFACE('',#4090,8.49999999999998);
#59=CYLINDRICAL_SURFACE('',#4096,0.4);
#60=CYLINDRICAL_SURFACE('',#4106,0.4);
#61=CYLINDRICAL_SURFACE('',#4112,3.);
#62=CYLINDRICAL_SURFACE('',#4115,3.);
#63=CYLINDRICAL_SURFACE('',#4119,1.6);
#64=CYLINDRICAL_SURFACE('',#4125,7.75);
#65=CYLINDRICAL_SURFACE('',#4127,1.6);
#66=CYLINDRICAL_SURFACE('',#4145,1.);
#67=CYLINDRICAL_SURFACE('',#4149,0.4);
#68=CYLINDRICAL_SURFACE('',#4162,0.4);
#69=CYLINDRICAL_SURFACE('',#4164,0.4);
#70=CYLINDRICAL_SURFACE('',#4169,0.4);
#71=CYLINDRICAL_SURFACE('',#4171,0.4);
#72=CYLINDRICAL_SURFACE('',#4180,0.399999999999992);
#73=CYLINDRICAL_SURFACE('',#4192,1.5);
#74=CYLINDRICAL_SURFACE('',#4197,1.5);
#75=CYLINDRICAL_SURFACE('',#4202,0.4);
#76=CYLINDRICAL_SURFACE('',#4205,0.4);
#77=CYLINDRICAL_SURFACE('',#4209,0.4);
#78=CYLINDRICAL_SURFACE('',#4216,2.35);
#79=CYLINDRICAL_SURFACE('',#4220,2.35);
#80=CYLINDRICAL_SURFACE('',#4223,2.79999999999998);
#81=CYLINDRICAL_SURFACE('',#4231,1.5);
#82=CYLINDRICAL_SURFACE('',#4236,4.);
#83=CYLINDRICAL_SURFACE('',#4239,0.4);
#84=CYLINDRICAL_SURFACE('',#4242,3.);
#85=CYLINDRICAL_SURFACE('',#4244,1.5);
#86=CYLINDRICAL_SURFACE('',#4246,1.5);
#87=CYLINDRICAL_SURFACE('',#4248,1.5);
#88=CYLINDRICAL_SURFACE('',#4249,2.70000000000004);
#89=CYLINDRICAL_SURFACE('',#4261,0.4);
#90=CYLINDRICAL_SURFACE('',#4263,0.4);
#91=CYLINDRICAL_SURFACE('',#4264,2.99999999999997);
#92=CYLINDRICAL_SURFACE('',#4268,3.00000000000026);
#93=CYLINDRICAL_SURFACE('',#4272,3.00000000000036);
#94=CYLINDRICAL_SURFACE('',#4276,3.0000000000002);
#95=CYLINDRICAL_SURFACE('',#4280,2.99999999999991);
#96=CYLINDRICAL_SURFACE('',#4284,3.00000000000005);
#97=CYLINDRICAL_SURFACE('',#4309,3.00000000000034);
#98=CYLINDRICAL_SURFACE('',#4312,2.99999999999987);
#99=CYLINDRICAL_SURFACE('',#4315,3.00000000000013);
#100=CYLINDRICAL_SURFACE('',#4318,3.0000000000004);
#101=CYLINDRICAL_SURFACE('',#4321,3.00000000000034);
#102=CYLINDRICAL_SURFACE('',#4324,3.00000000000027);
#103=CYLINDRICAL_SURFACE('',#4350,2.6);
#104=CYLINDRICAL_SURFACE('',#4351,0.4);
#105=CYLINDRICAL_SURFACE('',#4352,1.7);
#106=CYLINDRICAL_SURFACE('',#4353,0.4);
#107=CYLINDRICAL_SURFACE('',#4355,0.4);
#108=CYLINDRICAL_SURFACE('',#4356,1.7);
#109=CYLINDRICAL_SURFACE('',#4357,0.4);
#110=CYLINDRICAL_SURFACE('',#4359,0.4);
#111=CYLINDRICAL_SURFACE('',#4361,3.);
#112=CYLINDRICAL_SURFACE('',#4362,0.4);
#113=ELLIPSE('',#3973,4.24264068712058,3.);
#114=ELLIPSE('',#3977,2.12132034355908,1.49999999999963);
#115=ELLIPSE('',#3979,2.12132034356648,1.49999999999963);
#116=ELLIPSE('',#4067,1.41421356237305,1.);
#117=ELLIPSE('',#4193,2.12132034355965,1.5);
#118=ELLIPSE('',#4195,2.12132034355965,1.5);
#119=ELLIPSE('',#4199,2.12132034355963,1.5);
#120=ELLIPSE('',#4200,2.12132034355964,1.5);
#121=ELLIPSE('',#4260,4.24264068713401,3.);
#122=FACE_BOUND('',#607,.T.);
#123=FACE_BOUND('',#608,.T.);
#124=FACE_BOUND('',#609,.T.);
#125=FACE_BOUND('',#610,.T.);
#126=FACE_BOUND('',#611,.T.);
#127=FACE_BOUND('',#675,.T.);
#128=FACE_BOUND('',#680,.T.);
#129=FACE_BOUND('',#684,.T.);
#130=FACE_BOUND('',#687,.T.);
#131=FACE_BOUND('',#689,.T.);
#132=FACE_BOUND('',#693,.T.);
#133=FACE_BOUND('',#708,.T.);
#134=FACE_BOUND('',#748,.T.);
#135=FACE_BOUND('',#780,.T.);
#136=FACE_BOUND('',#782,.T.);
#137=FACE_BOUND('',#824,.T.);
#138=FACE_BOUND('',#825,.T.);
#139=B_SPLINE_CURVE_WITH_KNOTS('',3,(#5588,#5589,#5590,#5591,#5592),
 .UNSPECIFIED.,.F.,.F.,(4,1,4),(0.,0.0196978195211082,0.0393956390422164),
 .UNSPECIFIED.);
#140=B_SPLINE_CURVE_WITH_KNOTS('',3,(#5612,#5613,#5614,#5615,#5616),
 .UNSPECIFIED.,.F.,.F.,(4,1,4),(0.,0.0196978195211077,0.0393956390422154),
 .UNSPECIFIED.);
#141=B_SPLINE_CURVE_WITH_KNOTS('',3,(#5713,#5714,#5715,#5716,#5717,#5718,
#5719,#5720),.UNSPECIFIED.,.F.,.F.,(4,2,2,4),(0.465571496627921,0.498996677775086,
0.534858933576178,0.631199464910782),.UNSPECIFIED.);
#142=B_SPLINE_CURVE_WITH_KNOTS('',3,(#5725,#5726,#5727,#5728,#5729,#5730,
#5731,#5732),.UNSPECIFIED.,.F.,.F.,(4,2,2,4),(3.06262489138393E-14,0.110332449384665,
0.2206648987693,0.404723833664266),.UNSPECIFIED.);
#143=B_SPLINE_CURVE_WITH_KNOTS('',3,(#5754,#5755,#5756,#5757,#5758,#5759,
#5760,#5761),.UNSPECIFIED.,.F.,.F.,(4,2,2,4),(0.,0.0963405313346107,0.132202787135705,
0.165627968282872),.UNSPECIFIED.);
#144=B_SPLINE_CURVE_WITH_KNOTS('',3,(#5772,#5773,#5774,#5775,#5776,#5777,
#5778,#5779,#5780,#5781,#5782,#5783),.UNSPECIFIED.,.F.,.F.,(4,2,2,2,2,4),
(0.446398088884048,0.4809725784884,0.520180385169323,0.589984869715281,
0.606726979226549,0.607168356442967),.UNSPECIFIED.);
#145=B_SPLINE_CURVE_WITH_KNOTS('',3,(#6007,#6008,#6009,#6010,#6011,#6012,
#6013,#6014,#6015,#6016,#6017,#6018),.UNSPECIFIED.,.F.,.F.,(4,2,2,2,2,4),
(-0.000441375009852381,9.99363352488514E-16,0.0167420844929043,0.0865464663462947,
0.12575421537593,0.160328654141838),.UNSPECIFIED.);
#146=B_SPLINE_CURVE_WITH_KNOTS('',3,(#6023,#6024,#6025,#6026),
 .UNSPECIFIED.,.F.,.F.,(4,4),(0.567273832329824,0.63119946491076),
 .UNSPECIFIED.);
#147=B_SPLINE_CURVE_WITH_KNOTS('',3,(#6047,#6048,#6049,#6050,#6051,#6052,
#6053,#6054),.UNSPECIFIED.,.F.,.F.,(4,2,2,4),(0.,0.0963405313346096,0.132202787135703,
0.16562796828287),.UNSPECIFIED.);
#148=B_SPLINE_CURVE_WITH_KNOTS('',3,(#6059,#6060,#6061,#6062,#6063,#6064,
#6065,#6066),.UNSPECIFIED.,.F.,.F.,(4,2,2,4),(0.184770021379803,0.251796008654445,
0.318821995929086,0.32284102161191),.UNSPECIFIED.);
#149=B_SPLINE_CURVE_WITH_KNOTS('',3,(#6070,#6071,#6072,#6073,#6074,#6075),
 .UNSPECIFIED.,.F.,.F.,(4,2,4),(0.611918562256662,0.700880845909146,0.701419757201724),
 .UNSPECIFIED.);
#150=B_SPLINE_CURVE_WITH_KNOTS('',3,(#6106,#6107,#6108,#6109,#6110,#6111,
#6112,#6113,#6114,#6115,#6116,#6117,#6118,#6119,#6120,#6121,#6122,#6123,
#6124,#6125,#6126,#6127,#6128,#6129,#6130,#6131,#6132,#6133,#6134,#6135,
#6136,#6137,#6138,#6139,#6140,#6141,#6142,#6143,#6144,#6145,#6146,#6147,
#6148,#6149,#6150,#6151,#6152,#6153,#6154,#6155,#6156,#6157,#6158,#6159,
#6160,#6161,#6162,#6163,#6164,#6165,#6166,#6167,#6168,#6169,#6170,#6171,
#6172,#6173,#6174,#6175,#6176,#6177,#6178,#6179,#6180,#6181,#6182,#6183,
#6184,#6185,#6186,#6187,#6188,#6189,#6190,#6191,#6192,#6193,#6194,#6195,
#6196,#6197,#6198,#6199,#6200,#6201,#6202,#6203,#6204,#6205,#6206,#6207,
#6208,#6209,#6210,#6211,#6212,#6213,#6214,#6215,#6216,#6217,#6218,#6219,
#6220,#6221,#6222,#6223,#6224,#6225,#6226,#6227,#6228,#6229,#6230,#6231,
#6232,#6233,#6234,#6235,#6236,#6237,#6238,#6239,#6240,#6241,#6242,#6243,
#6244,#6245,#6246,#6247,#6248,#6249,#6250,#6251,#6252,#6253,#6254,#6255,
#6256,#6257,#6258,#6259,#6260,#6261,#6262,#6263,#6264,#6265,#6266,#6267,
#6268,#6269,#6270,#6271,#6272,#6273,#6274,#6275,#6276,#6277,#6278,#6279,
#6280,#6281,#6282,#6283,#6284,#6285,#6286,#6287,#6288,#6289,#6290,#6291,
#6292,#6293,#6294,#6295,#6296,#6297,#6298,#6299,#6300,#6301,#6302,#6303,
#6304,#6305,#6306,#6307,#6308,#6309,#6310,#6311,#6312,#6313,#6314,#6315,
#6316,#6317,#6318,#6319,#6320,#6321,#6322,#6323,#6324,#6325),
 .UNSPECIFIED.,.T.,.F.,(4,3,3,3,3,3,3,3,3,3,3,3,3,3,3,3,3,3,3,3,3,3,3,3,
3,3,3,3,3,3,3,3,3,3,3,3,3,3,3,3,3,3,3,3,3,3,3,3,3,3,3,3,3,3,3,3,3,3,3,3,
3,3,3,3,3,3,3,3,3,3,3,3,3,4),(-2.8989997205194,-2.89758583535733,-2.79230472992109,
-2.75270654358946,-2.68516573597857,-2.61871173152308,-2.6078272518216,
-2.54474271584683,-2.48303069428247,-2.46294796005373,-2.39571322195509,
-2.33025065249814,-2.31806866828586,-2.25750026870117,-2.19739043349814,
-2.173189376518,-2.1261639380873,-2.07723701141872,-2.02831008475013,-1.99209026180816,
-1.95753798477524,-1.92285748142837,-1.88788164715307,-1.88343079298226,
-1.85323331913059,-1.82222812668036,-1.7905604885601,-1.75733689321426,
-1.7385515012144,-1.69479672213739,-1.6486288794736,-1.60729435902181,-1.59367220944653,
-1.55992329408045,-1.52689705107143,-1.49427278057219,-1.46220577166518,
-1.44879291767866,-1.41681336252293,-1.3842265535019,-1.3512714672761,-1.31775684442435,
-1.3039136259108,-1.2627774928293,-1.21617471815557,-1.17420743609289,-1.15903433414293,
-1.12480284366977,-1.09253495224623,-1.06099899348052,-1.030199505766,-1.01415504237506,
-0.979855890519038,-0.94591659499155,-0.912103691062001,-0.878352118103862,
-0.869275750607199,-0.819666362863719,-0.769898236894525,-0.724396458839332,
-0.671022123726006,-0.617358696335569,-0.579517167071466,-0.524944292923055,
-0.46922689673904,-0.434637875303599,-0.362198229419666,-0.289758583535733,
-0.233274553105809,-0.176199006615343,-0.144879291767866,-0.0713416521418498,
0.,0.00141388516207247),.UNSPECIFIED.);
#151=B_SPLINE_CURVE_WITH_KNOTS('',3,(#6329,#6330,#6331,#6332,#6333,#6334,
#6335,#6336,#6337,#6338,#6339,#6340),.UNSPECIFIED.,.F.,.F.,(4,2,2,2,2,4),
(-0.397675107640955,-0.377961829727258,-0.358248551813561,-0.318821995986168,
-0.251796008760045,-0.184770021533923),.UNSPECIFIED.);
#152=B_SPLINE_CURVE_WITH_KNOTS('',3,(#6560,#6561,#6562,#6563,#6564,#6565,
#6566,#6567,#6568,#6569,#6570,#6571,#6572,#6573,#6574,#6575,#6576,#6577,
#6578,#6579,#6580,#6581,#6582,#6583,#6584,#6585,#6586,#6587,#6588,#6589,
#6590,#6591,#6592,#6593,#6594,#6595,#6596,#6597,#6598,#6599,#6600,#6601,
#6602,#6603,#6604,#6605,#6606,#6607,#6608,#6609,#6610,#6611,#6612,#6613,
#6614,#6615,#6616,#6617,#6618,#6619,#6620,#6621,#6622,#6623,#6624,#6625,
#6626,#6627,#6628,#6629,#6630,#6631,#6632,#6633,#6634,#6635,#6636,#6637,
#6638,#6639,#6640,#6641,#6642,#6643,#6644,#6645,#6646,#6647,#6648,#6649,
#6650,#6651,#6652,#6653,#6654,#6655,#6656,#6657,#6658,#6659,#6660,#6661,
#6662,#6663,#6664,#6665,#6666,#6667,#6668,#6669,#6670,#6671,#6672,#6673,
#6674,#6675,#6676,#6677,#6678,#6679,#6680,#6681,#6682,#6683,#6684,#6685,
#6686,#6687,#6688,#6689,#6690,#6691,#6692,#6693,#6694,#6695,#6696,#6697,
#6698,#6699,#6700,#6701,#6702,#6703,#6704,#6705,#6706,#6707,#6708,#6709,
#6710,#6711,#6712,#6713,#6714,#6715,#6716,#6717,#6718,#6719,#6720,#6721,
#6722,#6723,#6724,#6725,#6726,#6727,#6728,#6729,#6730,#6731,#6732,#6733,
#6734,#6735,#6736,#6737,#6738,#6739,#6740,#6741,#6742,#6743,#6744,#6745,
#6746,#6747,#6748,#6749,#6750,#6751,#6752,#6753,#6754,#6755,#6756,#6757,
#6758,#6759,#6760,#6761,#6762,#6763,#6764,#6765,#6766,#6767,#6768,#6769,
#6770,#6771,#6772,#6773,#6774,#6775,#6776,#6777,#6778,#6779,#6780,#6781,
#6782,#6783,#6784,#6785,#6786,#6787,#6788,#6789,#6790,#6791,#6792,#6793,
#6794,#6795,#6796,#6797,#6798,#6799,#6800,#6801,#6802,#6803),
 .UNSPECIFIED.,.T.,.F.,(4,3,3,3,3,3,3,3,3,3,3,3,3,3,3,3,3,3,3,3,3,3,3,3,
3,3,3,3,3,3,3,3,3,3,3,3,3,3,3,3,3,3,3,3,3,3,3,3,3,3,3,3,3,3,3,3,3,3,3,3,
3,3,3,3,3,3,3,3,3,3,3,3,3,3,3,3,3,3,3,3,3,4),(-0.00141388516207247,0.,0.0730190560537557,
0.144879291767866,0.200505277873361,0.254573468641378,0.289758583535733,
0.34802102351825,0.403957619125534,0.434637875303599,0.480525987541715,
0.525396443007229,0.568830412329433,0.579517167071466,0.623414747337911,
0.666340647141795,0.70792441079116,0.724396458839332,0.762179211404033,
0.799088037081105,0.834627135711697,0.869275750607199,0.905495573549164,
0.939681528958928,0.973413328276742,1.00653421587026,1.01415504237506,1.04367086170172,
1.07294509635551,1.10209803899987,1.13110251347462,1.15903433414293,1.18737803821163,
1.21651193513642,1.24471909436233,1.27431636013656,1.3039136259108,1.33534782168659,
1.36674937593155,1.39813172025238,1.42950980228581,1.44879291767866,1.48067858190579,
1.512592516088,1.54452206834546,1.57649815478447,1.59367220944653,1.62237364553669,
1.65141810945611,1.68020202262229,1.70937676191834,1.7385515012144,1.76669025692403,
1.79587539093859,1.82426021288989,1.85384550293608,1.88343079298226,1.91648118505874,
1.9504394123708,1.9849446004821,2.02025579743434,2.02831008475013,2.0645299076921,
2.10142234161501,2.13969178600088,2.173189376518,2.21423713458296,2.25623269900666,
2.29970749768919,2.31806866828586,2.36441704083625,2.41368250044499,2.46294796005373,
2.5143355466135,2.56789373203083,2.6078272518216,2.66729098123715,2.72942886208693,
2.75270654358946,2.83935375264158,2.89758583535733,2.8989997205194),
 .UNSPECIFIED.);
#153=B_SPLINE_CURVE_WITH_KNOTS('',3,(#6879,#6880,#6881,#6882,#6883,#6884,
#6885,#6886),.UNSPECIFIED.,.F.,.F.,(4,2,2,4),(0.394233150725506,0.394805076250184,
0.431670670021706,0.432102163775807),.UNSPECIFIED.);
#154=B_SPLINE_CURVE_WITH_KNOTS('',3,(#6888,#6889,#6890,#6891,#6892,#6893,
#6894,#6895),.UNSPECIFIED.,.F.,.F.,(4,2,2,4),(0.149952601501072,0.19007378408626,
0.233758463145693,0.268729552388582),.UNSPECIFIED.);
#155=B_SPLINE_CURVE_WITH_KNOTS('',3,(#7071,#7072,#7073,#7074,#7075,#7076,
#7077),.UNSPECIFIED.,.F.,.F.,(4,3,4),(-0.135997667666901,0.,0.03905587742977),
 .UNSPECIFIED.);
#156=B_SPLINE_CURVE_WITH_KNOTS('',3,(#7215,#7216,#7217,#7218,#7219,#7220),
 .UNSPECIFIED.,.F.,.F.,(4,2,4),(-8.42677738831539E-11,0.129806209275171,
0.172990442705941),.UNSPECIFIED.);
#157=CIRCLE('',#3949,1.49999999999947);
#158=CIRCLE('',#3950,1.09999999999947);
#159=CIRCLE('',#3952,1.0999999999998);
#160=CIRCLE('',#3953,1.4999999999998);
#161=CIRCLE('',#3956,0.5);
#162=CIRCLE('',#3957,0.100000000000006);
#163=CIRCLE('',#3960,4.);
#164=CIRCLE('',#3961,0.500000000000148);
#165=CIRCLE('',#3962,0.49999999999988);
#166=CIRCLE('',#3963,0.500000000000038);
#167=CIRCLE('',#3964,0.500000000000007);
#168=CIRCLE('',#3965,3.99999999999997);
#169=CIRCLE('',#3966,5.40000000000007);
#170=CIRCLE('',#3967,5.39999999999978);
#171=CIRCLE('',#3968,2.75);
#172=CIRCLE('',#3969,2.39999999999999);
#173=CIRCLE('',#3970,2.75);
#174=CIRCLE('',#3971,3.19999999999998);
#175=CIRCLE('',#3975,1.4999999999998);
#176=CIRCLE('',#3980,1.49999999999963);
#177=CIRCLE('',#3982,0.5);
#178=CIRCLE('',#3984,1.50000000000009);
#179=CIRCLE('',#3988,1.50000000000009);
#180=CIRCLE('',#3991,1.49999999999947);
#181=CIRCLE('',#3993,0.999999999999952);
#182=CIRCLE('',#3994,1.4);
#183=CIRCLE('',#3995,0.4);
#184=CIRCLE('',#3999,0.4);
#185=CIRCLE('',#4001,1.00000000000006);
#186=CIRCLE('',#4002,0.4);
#187=CIRCLE('',#4003,1.4);
#188=CIRCLE('',#4005,1.);
#189=CIRCLE('',#4007,0.4);
#190=CIRCLE('',#4008,1.4);
#191=CIRCLE('',#4010,8.49999999999998);
#192=CIRCLE('',#4013,0.4);
#193=CIRCLE('',#4016,0.4);
#194=CIRCLE('',#4018,8.49999999999999);
#195=CIRCLE('',#4019,8.49999999999999);
#196=CIRCLE('',#4020,0.4);
#197=CIRCLE('',#4021,0.4);
#198=CIRCLE('',#4022,0.4);
#199=CIRCLE('',#4024,2.7);
#200=CIRCLE('',#4025,3.10000000000011);
#201=CIRCLE('',#4027,2.7);
#202=CIRCLE('',#4028,2.69999999999998);
#203=CIRCLE('',#4030,3.10000000000009);
#204=CIRCLE('',#4033,3.09999999999995);
#205=CIRCLE('',#4034,2.70000000000004);
#206=CIRCLE('',#4037,2.70000000000004);
#207=CIRCLE('',#4038,3.09999999999993);
#208=CIRCLE('',#4041,5.00000000000004);
#209=CIRCLE('',#4045,4.99999999999983);
#210=CIRCLE('',#4048,5.00000000000004);
#211=CIRCLE('',#4049,5.00000000000004);
#212=CIRCLE('',#4050,5.00000000000004);
#213=CIRCLE('',#4053,4.99999999999983);
#214=CIRCLE('',#4055,4.99999999999983);
#215=CIRCLE('',#4056,4.99999999999983);
#216=CIRCLE('',#4066,0.999999999999996);
#217=CIRCLE('',#4068,1.);
#218=CIRCLE('',#4070,1.4);
#219=CIRCLE('',#4071,0.4);
#220=CIRCLE('',#4073,0.4);
#221=CIRCLE('',#4075,8.49999999999998);
#222=CIRCLE('',#4076,1.4);
#223=CIRCLE('',#4078,0.4);
#224=CIRCLE('',#4080,1.00000000000001);
#225=CIRCLE('',#4081,0.4);
#226=CIRCLE('',#4083,1.);
#227=CIRCLE('',#4085,1.5);
#228=CIRCLE('',#4087,1.5);
#229=CIRCLE('',#4091,8.49999999999998);
#230=CIRCLE('',#4092,8.49999999999998);
#231=CIRCLE('',#4093,8.49999999999998);
#232=CIRCLE('',#4094,8.49999999999997);
#233=CIRCLE('',#4095,8.49999999999999);
#234=CIRCLE('',#4097,0.4);
#235=CIRCLE('',#4099,1.49999999999999);
#236=CIRCLE('',#4100,1.50000000000006);
#237=CIRCLE('',#4101,1.49999999999999);
#238=CIRCLE('',#4102,0.4);
#239=CIRCLE('',#4103,0.4);
#240=CIRCLE('',#4104,0.4);
#241=CIRCLE('',#4105,2.70000000000003);
#242=CIRCLE('',#4108,3.4);
#243=CIRCLE('',#4109,0.4);
#244=CIRCLE('',#4110,3.);
#245=CIRCLE('',#4111,3.);
#246=CIRCLE('',#4113,3.);
#247=CIRCLE('',#4116,3.);
#248=CIRCLE('',#4118,1.6);
#249=CIRCLE('',#4120,1.6);
#250=CIRCLE('',#4122,1.6);
#251=CIRCLE('',#4124,7.75);
#252=CIRCLE('',#4126,7.75);
#253=CIRCLE('',#4128,1.6);
#254=CIRCLE('',#4130,1.5);
#255=CIRCLE('',#4131,1.5);
#256=CIRCLE('',#4132,1.5);
#257=CIRCLE('',#4133,1.4);
#258=CIRCLE('',#4134,2.6);
#259=CIRCLE('',#4136,0.4);
#260=CIRCLE('',#4137,3.);
#261=CIRCLE('',#4138,0.4);
#262=CIRCLE('',#4139,0.4);
#263=CIRCLE('',#4140,0.4);
#264=CIRCLE('',#4141,0.4);
#265=CIRCLE('',#4142,1.7);
#266=CIRCLE('',#4143,1.7);
#267=CIRCLE('',#4144,0.4);
#268=CIRCLE('',#4146,1.);
#269=CIRCLE('',#4148,0.4);
#270=CIRCLE('',#4150,0.4);
#271=CIRCLE('',#4153,3.);
#272=CIRCLE('',#4154,0.399999999999992);
#273=CIRCLE('',#4155,0.4);
#274=CIRCLE('',#4156,1.7);
#275=CIRCLE('',#4157,1.7);
#276=CIRCLE('',#4158,0.4);
#277=CIRCLE('',#4159,0.4);
#278=CIRCLE('',#4160,0.4);
#279=CIRCLE('',#4163,0.4);
#280=CIRCLE('',#4165,0.4);
#281=CIRCLE('',#4167,0.4);
#282=CIRCLE('',#4168,0.4);
#283=CIRCLE('',#4173,2.6);
#284=CIRCLE('',#4174,1.99999999999999);
#285=CIRCLE('',#4177,1.7);
#286=CIRCLE('',#4178,2.35);
#287=CIRCLE('',#4181,0.399999999999992);
#288=CIRCLE('',#4183,1.7);
#289=CIRCLE('',#4184,2.35);
#290=CIRCLE('',#4203,0.4);
#291=CIRCLE('',#4204,0.4);
#292=CIRCLE('',#4206,0.4);
#293=CIRCLE('',#4207,0.4);
#294=CIRCLE('',#4210,0.4);
#295=CIRCLE('',#4211,0.4);
#296=CIRCLE('',#4213,0.4);
#297=CIRCLE('',#4217,2.35);
#298=CIRCLE('',#4218,2.35);
#299=CIRCLE('',#4221,2.35);
#300=CIRCLE('',#4224,2.79999999999998);
#301=CIRCLE('',#4225,2.79999999999998);
#302=CIRCLE('',#4229,1.50000000000002);
#303=CIRCLE('',#4232,1.50000000000014);
#304=CIRCLE('',#4235,4.);
#305=CIRCLE('',#4237,4.);
#306=CIRCLE('',#4240,0.4);
#307=CIRCLE('',#4251,0.4);
#308=CIRCLE('',#4252,1.7);
#309=CIRCLE('',#4253,0.4);
#310=CIRCLE('',#4254,0.4);
#311=CIRCLE('',#4255,1.7);
#312=CIRCLE('',#4256,0.4);
#313=CIRCLE('',#4257,0.4);
#314=CIRCLE('',#4265,2.99999999999997);
#315=CIRCLE('',#4266,2.99999999999997);
#316=CIRCLE('',#4269,3.00000000000026);
#317=CIRCLE('',#4270,3.00000000000026);
#318=CIRCLE('',#4273,3.00000000000036);
#319=CIRCLE('',#4274,3.00000000000036);
#320=CIRCLE('',#4277,3.0000000000002);
#321=CIRCLE('',#4278,3.0000000000002);
#322=CIRCLE('',#4281,2.99999999999991);
#323=CIRCLE('',#4282,2.99999999999991);
#324=CIRCLE('',#4285,3.00000000000005);
#325=CIRCLE('',#4286,3.00000000000005);
#326=CIRCLE('',#4289,3.0000000000004);
#327=CIRCLE('',#4290,3.00000000000013);
#328=CIRCLE('',#4291,2.99999999999987);
#329=CIRCLE('',#4292,3.00000000000034);
#330=CIRCLE('',#4293,3.00000000000027);
#331=CIRCLE('',#4294,3.00000000000034);
#332=CIRCLE('',#4296,3.23094010767619);
#333=CIRCLE('',#4297,3.23094010767572);
#334=CIRCLE('',#4298,3.23094010767598);
#335=CIRCLE('',#4299,3.23094010767624);
#336=CIRCLE('',#4300,3.23094010767619);
#337=CIRCLE('',#4301,3.23094010767612);
#338=CIRCLE('',#4302,3.23094010767589);
#339=CIRCLE('',#4303,3.23094010767577);
#340=CIRCLE('',#4304,3.23094010767606);
#341=CIRCLE('',#4305,3.23094010767621);
#342=CIRCLE('',#4306,3.23094010767611);
#343=CIRCLE('',#4307,3.23094010767582);
#344=CIRCLE('',#4310,3.00000000000034);
#345=CIRCLE('',#4313,2.99999999999987);
#346=CIRCLE('',#4316,3.00000000000013);
#347=CIRCLE('',#4319,3.0000000000004);
#348=CIRCLE('',#4322,3.00000000000034);
#349=CIRCLE('',#4325,3.00000000000027);
#350=CONICAL_SURFACE('',#3948,1.29999999999947,0.785398163397438);
#351=CONICAL_SURFACE('',#3951,1.2999999999998,0.78539816339745);
#352=CONICAL_SURFACE('',#3955,0.300000000000003,0.785398163397425);
#353=CONICAL_SURFACE('',#4023,2.90000000000006,0.785398163397425);
#354=CONICAL_SURFACE('',#4029,2.90000000000005,0.785398163397408);
#355=CONICAL_SURFACE('',#4032,2.89999999999999,0.785398163397487);
#356=CONICAL_SURFACE('',#4036,2.89999999999998,0.785398163397477);
#357=CONICAL_SURFACE('',#4040,5.20000000000006,0.785398163398545);
#358=CONICAL_SURFACE('',#4044,5.1999999999998,0.78539816339875);
#359=CONICAL_SURFACE('',#4176,1.175,0.785398163397448);
#360=CONICAL_SURFACE('',#4182,1.175,0.785398163397448);
#361=CONICAL_SURFACE('',#4186,0.610475531930401,0.78539816339745);
#362=CONICAL_SURFACE('',#4188,0.54384131843991,0.785398163397448);
#363=CONICAL_SURFACE('',#4189,1.07561005969492,0.785398163397447);
#364=CONICAL_SURFACE('',#4191,0.136082024812975,0.785398163397445);
#365=CONICAL_SURFACE('',#4214,3.5,0.785398163397449);
#366=CONICAL_SURFACE('',#4215,2.19999999999999,0.785398163397437);
#367=CONICAL_SURFACE('',#4219,2.55,0.785398163397463);
#368=CONICAL_SURFACE('',#4222,2.55,0.785398163397475);
#369=CONICAL_SURFACE('',#4226,2.99999999999998,0.785398163397437);
#370=CONICAL_SURFACE('',#4258,3.49999999999997,0.785398163396853);
#371=CONICAL_SURFACE('',#4327,3.11547005383819,0.5235987755983);
#372=CONICAL_SURFACE('',#4328,3.11547005383797,0.523598775598284);
#373=CONICAL_SURFACE('',#4331,3.11547005383827,0.523598775598301);
#374=CONICAL_SURFACE('',#4332,3.11547005383784,0.52359877559832);
#375=CONICAL_SURFACE('',#4335,3.11547005383832,0.523598775598299);
#376=CONICAL_SURFACE('',#4336,3.11547005383813,0.523598775598303);
#377=CONICAL_SURFACE('',#4339,3.11547005383806,0.523598775598295);
#378=CONICAL_SURFACE('',#4340,3.11547005383829,0.523598775598286);
#379=CONICAL_SURFACE('',#4343,3.1154700538378,0.523598775598297);
#380=CONICAL_SURFACE('',#4344,3.11547005383819,0.523598775598301);
#381=CONICAL_SURFACE('',#4347,3.11547005383826,0.523598775598297);
#382=CONICAL_SURFACE('',#4348,3.11547005383789,0.523598775598299);
#383=FACE_OUTER_BOUND('',#600,.T.);
#384=FACE_OUTER_BOUND('',#601,.T.);
#385=FACE_OUTER_BOUND('',#602,.T.);
#386=FACE_OUTER_BOUND('',#603,.T.);
#387=FACE_OUTER_BOUND('',#604,.T.);
#388=FACE_OUTER_BOUND('',#605,.T.);
#389=FACE_OUTER_BOUND('',#606,.T.);
#390=FACE_OUTER_BOUND('',#612,.T.);
#391=FACE_OUTER_BOUND('',#613,.T.);
#392=FACE_OUTER_BOUND('',#614,.T.);
#393=FACE_OUTER_BOUND('',#615,.T.);
#394=FACE_OUTER_BOUND('',#616,.T.);
#395=FACE_OUTER_BOUND('',#617,.T.);
#396=FACE_OUTER_BOUND('',#618,.T.);
#397=FACE_OUTER_BOUND('',#619,.T.);
#398=FACE_OUTER_BOUND('',#620,.T.);
#399=FACE_OUTER_BOUND('',#621,.T.);
#400=FACE_OUTER_BOUND('',#622,.T.);
#401=FACE_OUTER_BOUND('',#623,.T.);
#402=FACE_OUTER_BOUND('',#624,.T.);
#403=FACE_OUTER_BOUND('',#625,.T.);
#404=FACE_OUTER_BOUND('',#626,.T.);
#405=FACE_OUTER_BOUND('',#627,.T.);
#406=FACE_OUTER_BOUND('',#628,.T.);
#407=FACE_OUTER_BOUND('',#629,.T.);
#408=FACE_OUTER_BOUND('',#630,.T.);
#409=FACE_OUTER_BOUND('',#631,.T.);
#410=FACE_OUTER_BOUND('',#632,.T.);
#411=FACE_OUTER_BOUND('',#633,.T.);
#412=FACE_OUTER_BOUND('',#634,.T.);
#413=FACE_OUTER_BOUND('',#635,.T.);
#414=FACE_OUTER_BOUND('',#636,.T.);
#415=FACE_OUTER_BOUND('',#637,.T.);
#416=FACE_OUTER_BOUND('',#638,.T.);
#417=FACE_OUTER_BOUND('',#639,.T.);
#418=FACE_OUTER_BOUND('',#640,.T.);
#419=FACE_OUTER_BOUND('',#641,.T.);
#420=FACE_OUTER_BOUND('',#642,.T.);
#421=FACE_OUTER_BOUND('',#643,.T.);
#422=FACE_OUTER_BOUND('',#644,.T.);
#423=FACE_OUTER_BOUND('',#645,.T.);
#424=FACE_OUTER_BOUND('',#646,.T.);
#425=FACE_OUTER_BOUND('',#647,.T.);
#426=FACE_OUTER_BOUND('',#648,.T.);
#427=FACE_OUTER_BOUND('',#649,.T.);
#428=FACE_OUTER_BOUND('',#650,.T.);
#429=FACE_OUTER_BOUND('',#651,.T.);
#430=FACE_OUTER_BOUND('',#652,.T.);
#431=FACE_OUTER_BOUND('',#653,.T.);
#432=FACE_OUTER_BOUND('',#654,.T.);
#433=FACE_OUTER_BOUND('',#655,.T.);
#434=FACE_OUTER_BOUND('',#656,.T.);
#435=FACE_OUTER_BOUND('',#657,.T.);
#436=FACE_OUTER_BOUND('',#658,.T.);
#437=FACE_OUTER_BOUND('',#659,.T.);
#438=FACE_OUTER_BOUND('',#660,.T.);
#439=FACE_OUTER_BOUND('',#661,.T.);
#440=FACE_OUTER_BOUND('',#662,.T.);
#441=FACE_OUTER_BOUND('',#663,.T.);
#442=FACE_OUTER_BOUND('',#664,.T.);
#443=FACE_OUTER_BOUND('',#665,.T.);
#444=FACE_OUTER_BOUND('',#666,.T.);
#445=FACE_OUTER_BOUND('',#667,.T.);
#446=FACE_OUTER_BOUND('',#668,.T.);
#447=FACE_OUTER_BOUND('',#669,.T.);
#448=FACE_OUTER_BOUND('',#670,.T.);
#449=FACE_OUTER_BOUND('',#671,.T.);
#450=FACE_OUTER_BOUND('',#672,.T.);
#451=FACE_OUTER_BOUND('',#673,.T.);
#452=FACE_OUTER_BOUND('',#674,.T.);
#453=FACE_OUTER_BOUND('',#676,.T.);
#454=FACE_OUTER_BOUND('',#677,.T.);
#455=FACE_OUTER_BOUND('',#678,.T.);
#456=FACE_OUTER_BOUND('',#679,.T.);
#457=FACE_OUTER_BOUND('',#681,.T.);
#458=FACE_OUTER_BOUND('',#682,.T.);
#459=FACE_OUTER_BOUND('',#683,.T.);
#460=FACE_OUTER_BOUND('',#685,.T.);
#461=FACE_OUTER_BOUND('',#686,.T.);
#462=FACE_OUTER_BOUND('',#688,.T.);
#463=FACE_OUTER_BOUND('',#690,.T.);
#464=FACE_OUTER_BOUND('',#691,.T.);
#465=FACE_OUTER_BOUND('',#692,.T.);
#466=FACE_OUTER_BOUND('',#694,.T.);
#467=FACE_OUTER_BOUND('',#695,.T.);
#468=FACE_OUTER_BOUND('',#696,.T.);
#469=FACE_OUTER_BOUND('',#697,.T.);
#470=FACE_OUTER_BOUND('',#698,.T.);
#471=FACE_OUTER_BOUND('',#699,.T.);
#472=FACE_OUTER_BOUND('',#700,.T.);
#473=FACE_OUTER_BOUND('',#701,.T.);
#474=FACE_OUTER_BOUND('',#702,.T.);
#475=FACE_OUTER_BOUND('',#703,.T.);
#476=FACE_OUTER_BOUND('',#704,.T.);
#477=FACE_OUTER_BOUND('',#705,.T.);
#478=FACE_OUTER_BOUND('',#706,.T.);
#479=FACE_OUTER_BOUND('',#707,.T.);
#480=FACE_OUTER_BOUND('',#709,.T.);
#481=FACE_OUTER_BOUND('',#710,.T.);
#482=FACE_OUTER_BOUND('',#711,.T.);
#483=FACE_OUTER_BOUND('',#712,.T.);
#484=FACE_OUTER_BOUND('',#713,.T.);
#485=FACE_OUTER_BOUND('',#714,.T.);
#486=FACE_OUTER_BOUND('',#715,.T.);
#487=FACE_OUTER_BOUND('',#716,.T.);
#488=FACE_OUTER_BOUND('',#717,.T.);
#489=FACE_OUTER_BOUND('',#718,.T.);
#490=FACE_OUTER_BOUND('',#719,.T.);
#491=FACE_OUTER_BOUND('',#720,.T.);
#492=FACE_OUTER_BOUND('',#721,.T.);
#493=FACE_OUTER_BOUND('',#722,.T.);
#494=FACE_OUTER_BOUND('',#723,.T.);
#495=FACE_OUTER_BOUND('',#724,.T.);
#496=FACE_OUTER_BOUND('',#725,.T.);
#497=FACE_OUTER_BOUND('',#726,.T.);
#498=FACE_OUTER_BOUND('',#727,.T.);
#499=FACE_OUTER_BOUND('',#728,.T.);
#500=FACE_OUTER_BOUND('',#729,.T.);
#501=FACE_OUTER_BOUND('',#730,.T.);
#502=FACE_OUTER_BOUND('',#731,.T.);
#503=FACE_OUTER_BOUND('',#732,.T.);
#504=FACE_OUTER_BOUND('',#733,.T.);
#505=FACE_OUTER_BOUND('',#734,.T.);
#506=FACE_OUTER_BOUND('',#735,.T.);
#507=FACE_OUTER_BOUND('',#736,.T.);
#508=FACE_OUTER_BOUND('',#737,.T.);
#509=FACE_OUTER_BOUND('',#738,.T.);
#510=FACE_OUTER_BOUND('',#739,.T.);
#511=FACE_OUTER_BOUND('',#740,.T.);
#512=FACE_OUTER_BOUND('',#741,.T.);
#513=FACE_OUTER_BOUND('',#742,.T.);
#514=FACE_OUTER_BOUND('',#743,.T.);
#515=FACE_OUTER_BOUND('',#744,.T.);
#516=FACE_OUTER_BOUND('',#745,.T.);
#517=FACE_OUTER_BOUND('',#746,.T.);
#518=FACE_OUTER_BOUND('',#747,.T.);
#519=FACE_OUTER_BOUND('',#749,.T.);
#520=FACE_OUTER_BOUND('',#750,.T.);
#521=FACE_OUTER_BOUND('',#751,.T.);
#522=FACE_OUTER_BOUND('',#752,.T.);
#523=FACE_OUTER_BOUND('',#753,.T.);
#524=FACE_OUTER_BOUND('',#754,.T.);
#525=FACE_OUTER_BOUND('',#755,.T.);
#526=FACE_OUTER_BOUND('',#756,.T.);
#527=FACE_OUTER_BOUND('',#757,.T.);
#528=FACE_OUTER_BOUND('',#758,.T.);
#529=FACE_OUTER_BOUND('',#759,.T.);
#530=FACE_OUTER_BOUND('',#760,.T.);
#531=FACE_OUTER_BOUND('',#761,.T.);
#532=FACE_OUTER_BOUND('',#762,.T.);
#533=FACE_OUTER_BOUND('',#763,.T.);
#534=FACE_OUTER_BOUND('',#764,.T.);
#535=FACE_OUTER_BOUND('',#765,.T.);
#536=FACE_OUTER_BOUND('',#766,.T.);
#537=FACE_OUTER_BOUND('',#767,.T.);
#538=FACE_OUTER_BOUND('',#768,.T.);
#539=FACE_OUTER_BOUND('',#769,.T.);
#540=FACE_OUTER_BOUND('',#770,.T.);
#541=FACE_OUTER_BOUND('',#771,.T.);
#542=FACE_OUTER_BOUND('',#772,.T.);
#543=FACE_OUTER_BOUND('',#773,.T.);
#544=FACE_OUTER_BOUND('',#774,.T.);
#545=FACE_OUTER_BOUND('',#775,.T.);
#546=FACE_OUTER_BOUND('',#776,.T.);
#547=FACE_OUTER_BOUND('',#777,.T.);
#548=FACE_OUTER_BOUND('',#778,.T.);
#549=FACE_OUTER_BOUND('',#779,.T.);
#550=FACE_OUTER_BOUND('',#781,.T.);
#551=FACE_OUTER_BOUND('',#783,.T.);
#552=FACE_OUTER_BOUND('',#784,.T.);
#553=FACE_OUTER_BOUND('',#785,.T.);
#554=FACE_OUTER_BOUND('',#786,.T.);
#555=FACE_OUTER_BOUND('',#787,.T.);
#556=FACE_OUTER_BOUND('',#788,.T.);
#557=FACE_OUTER_BOUND('',#789,.T.);
#558=FACE_OUTER_BOUND('',#790,.T.);
#559=FACE_OUTER_BOUND('',#791,.T.);
#560=FACE_OUTER_BOUND('',#792,.T.);
#561=FACE_OUTER_BOUND('',#793,.T.);
#562=FACE_OUTER_BOUND('',#794,.T.);
#563=FACE_OUTER_BOUND('',#795,.T.);
#564=FACE_OUTER_BOUND('',#796,.T.);
#565=FACE_OUTER_BOUND('',#797,.T.);
#566=FACE_OUTER_BOUND('',#798,.T.);
#567=FACE_OUTER_BOUND('',#799,.T.);
#568=FACE_OUTER_BOUND('',#800,.T.);
#569=FACE_OUTER_BOUND('',#801,.T.);
#570=FACE_OUTER_BOUND('',#802,.T.);
#571=FACE_OUTER_BOUND('',#803,.T.);
#572=FACE_OUTER_BOUND('',#804,.T.);
#573=FACE_OUTER_BOUND('',#805,.T.);
#574=FACE_OUTER_BOUND('',#806,.T.);
#575=FACE_OUTER_BOUND('',#807,.T.);
#576=FACE_OUTER_BOUND('',#808,.T.);
#577=FACE_OUTER_BOUND('',#809,.T.);
#578=FACE_OUTER_BOUND('',#810,.T.);
#579=FACE_OUTER_BOUND('',#811,.T.);
#580=FACE_OUTER_BOUND('',#812,.T.);
#581=FACE_OUTER_BOUND('',#813,.T.);
#582=FACE_OUTER_BOUND('',#814,.T.);
#583=FACE_OUTER_BOUND('',#815,.T.);
#584=FACE_OUTER_BOUND('',#816,.T.);
#585=FACE_OUTER_BOUND('',#817,.T.);
#586=FACE_OUTER_BOUND('',#818,.T.);
#587=FACE_OUTER_BOUND('',#819,.T.);
#588=FACE_OUTER_BOUND('',#820,.T.);
#589=FACE_OUTER_BOUND('',#821,.T.);
#590=FACE_OUTER_BOUND('',#822,.T.);
#591=FACE_OUTER_BOUND('',#823,.T.);
#592=FACE_OUTER_BOUND('',#826,.T.);
#593=FACE_OUTER_BOUND('',#827,.T.);
#594=FACE_OUTER_BOUND('',#828,.T.);
#595=FACE_OUTER_BOUND('',#829,.T.);
#596=FACE_OUTER_BOUND('',#830,.T.);
#597=FACE_OUTER_BOUND('',#831,.T.);
#598=FACE_OUTER_BOUND('',#832,.T.);
#599=FACE_OUTER_BOUND('',#833,.T.);
#600=EDGE_LOOP('',(#2462,#2463,#2464,#2465));
#601=EDGE_LOOP('',(#2466,#2467,#2468,#2469));
#602=EDGE_LOOP('',(#2470,#2471,#2472,#2473));
#603=EDGE_LOOP('',(#2474,#2475,#2476,#2477));
#604=EDGE_LOOP('',(#2478,#2479,#2480,#2481));
#605=EDGE_LOOP('',(#2482,#2483,#2484,#2485));
#606=EDGE_LOOP('',(#2486,#2487,#2488,#2489,#2490,#2491,#2492,#2493,#2494,
#2495,#2496,#2497,#2498,#2499,#2500,#2501,#2502,#2503,#2504,#2505,#2506,
#2507,#2508,#2509));
#607=EDGE_LOOP('',(#2510,#2511,#2512,#2513));
#608=EDGE_LOOP('',(#2514));
#609=EDGE_LOOP('',(#2515));
#610=EDGE_LOOP('',(#2516));
#611=EDGE_LOOP('',(#2517));
#612=EDGE_LOOP('',(#2518,#2519,#2520,#2521,#2522));
#613=EDGE_LOOP('',(#2523,#2524,#2525,#2526));
#614=EDGE_LOOP('',(#2527,#2528,#2529,#2530,#2531));
#615=EDGE_LOOP('',(#2532,#2533,#2534,#2535,#2536));
#616=EDGE_LOOP('',(#2537,#2538,#2539,#2540));
#617=EDGE_LOOP('',(#2541,#2542,#2543,#2544,#2545));
#618=EDGE_LOOP('',(#2546,#2547,#2548,#2549));
#619=EDGE_LOOP('',(#2550,#2551,#2552,#2553,#2554,#2555));
#620=EDGE_LOOP('',(#2556,#2557,#2558,#2559));
#621=EDGE_LOOP('',(#2560,#2561,#2562,#2563,#2564,#2565,#2566,#2567,#2568,
#2569));
#622=EDGE_LOOP('',(#2570,#2571,#2572,#2573));
#623=EDGE_LOOP('',(#2574,#2575,#2576,#2577));
#624=EDGE_LOOP('',(#2578,#2579,#2580,#2581));
#625=EDGE_LOOP('',(#2582,#2583,#2584,#2585,#2586));
#626=EDGE_LOOP('',(#2587,#2588,#2589,#2590));
#627=EDGE_LOOP('',(#2591,#2592,#2593,#2594));
#628=EDGE_LOOP('',(#2595,#2596,#2597,#2598));
#629=EDGE_LOOP('',(#2599,#2600,#2601,#2602));
#630=EDGE_LOOP('',(#2603,#2604,#2605,#2606,#2607,#2608,#2609));
#631=EDGE_LOOP('',(#2610,#2611,#2612,#2613,#2614,#2615,#2616,#2617,#2618,
#2619,#2620,#2621,#2622,#2623,#2624,#2625));
#632=EDGE_LOOP('',(#2626,#2627,#2628,#2629));
#633=EDGE_LOOP('',(#2630,#2631,#2632,#2633));
#634=EDGE_LOOP('',(#2634,#2635,#2636,#2637));
#635=EDGE_LOOP('',(#2638,#2639,#2640,#2641,#2642,#2643,#2644,#2645,#2646,
#2647,#2648));
#636=EDGE_LOOP('',(#2649,#2650,#2651,#2652));
#637=EDGE_LOOP('',(#2653,#2654,#2655,#2656,#2657));
#638=EDGE_LOOP('',(#2658,#2659,#2660,#2661));
#639=EDGE_LOOP('',(#2662,#2663,#2664));
#640=EDGE_LOOP('',(#2665,#2666,#2667,#2668));
#641=EDGE_LOOP('',(#2669,#2670,#2671));
#642=EDGE_LOOP('',(#2672,#2673,#2674,#2675));
#643=EDGE_LOOP('',(#2676,#2677,#2678));
#644=EDGE_LOOP('',(#2679,#2680,#2681,#2682));
#645=EDGE_LOOP('',(#2683,#2684,#2685,#2686));
#646=EDGE_LOOP('',(#2687,#2688,#2689,#2690));
#647=EDGE_LOOP('',(#2691,#2692,#2693,#2694));
#648=EDGE_LOOP('',(#2695,#2696,#2697,#2698));
#649=EDGE_LOOP('',(#2699,#2700,#2701,#2702,#2703,#2704,#2705,#2706));
#650=EDGE_LOOP('',(#2707,#2708,#2709,#2710));
#651=EDGE_LOOP('',(#2711,#2712,#2713,#2714));
#652=EDGE_LOOP('',(#2715,#2716,#2717,#2718,#2719,#2720,#2721,#2722));
#653=EDGE_LOOP('',(#2723,#2724,#2725,#2726));
#654=EDGE_LOOP('',(#2727,#2728,#2729,#2730));
#655=EDGE_LOOP('',(#2731,#2732,#2733,#2734,#2735,#2736,#2737));
#656=EDGE_LOOP('',(#2738,#2739,#2740));
#657=EDGE_LOOP('',(#2741,#2742,#2743,#2744,#2745,#2746,#2747));
#658=EDGE_LOOP('',(#2748,#2749,#2750,#2751,#2752,#2753,#2754,#2755,#2756,
#2757,#2758,#2759,#2760,#2761));
#659=EDGE_LOOP('',(#2762,#2763,#2764,#2765));
#660=EDGE_LOOP('',(#2766,#2767,#2768,#2769,#2770,#2771,#2772,#2773,#2774,
#2775,#2776,#2777,#2778,#2779));
#661=EDGE_LOOP('',(#2780,#2781,#2782,#2783,#2784));
#662=EDGE_LOOP('',(#2785,#2786,#2787,#2788));
#663=EDGE_LOOP('',(#2789,#2790,#2791));
#664=EDGE_LOOP('',(#2792,#2793,#2794,#2795,#2796,#2797));
#665=EDGE_LOOP('',(#2798,#2799,#2800,#2801));
#666=EDGE_LOOP('',(#2802,#2803,#2804,#2805));
#667=EDGE_LOOP('',(#2806,#2807,#2808,#2809,#2810));
#668=EDGE_LOOP('',(#2811,#2812,#2813));
#669=EDGE_LOOP('',(#2814,#2815,#2816,#2817));
#670=EDGE_LOOP('',(#2818,#2819,#2820,#2821));
#671=EDGE_LOOP('',(#2822,#2823,#2824,#2825,#2826,#2827,#2828,#2829,#2830,
#2831,#2832,#2833));
#672=EDGE_LOOP('',(#2834,#2835,#2836,#2837,#2838,#2839,#2840,#2841,#2842,
#2843,#2844,#2845,#2846,#2847,#2848,#2849,#2850,#2851,#2852,#2853,#2854,
#2855,#2856,#2857,#2858,#2859));
#673=EDGE_LOOP('',(#2860,#2861,#2862,#2863));
#674=EDGE_LOOP('',(#2864,#2865,#2866,#2867,#2868,#2869,#2870,#2871,#2872,
#2873,#2874,#2875,#2876,#2877,#2878,#2879));
#675=EDGE_LOOP('',(#2880,#2881,#2882,#2883));
#676=EDGE_LOOP('',(#2884,#2885,#2886,#2887));
#677=EDGE_LOOP('',(#2888,#2889,#2890,#2891,#2892));
#678=EDGE_LOOP('',(#2893,#2894,#2895,#2896,#2897));
#679=EDGE_LOOP('',(#2898,#2899,#2900,#2901,#2902,#2903));
#680=EDGE_LOOP('',(#2904));
#681=EDGE_LOOP('',(#2905,#2906));
#682=EDGE_LOOP('',(#2907,#2908,#2909,#2910));
#683=EDGE_LOOP('',(#2911));
#684=EDGE_LOOP('',(#2912));
#685=EDGE_LOOP('',(#2913,#2914,#2915,#2916));
#686=EDGE_LOOP('',(#2917));
#687=EDGE_LOOP('',(#2918));
#688=EDGE_LOOP('',(#2919));
#689=EDGE_LOOP('',(#2920));
#690=EDGE_LOOP('',(#2921,#2922,#2923,#2924));
#691=EDGE_LOOP('',(#2925,#2926,#2927,#2928));
#692=EDGE_LOOP('',(#2929,#2930,#2931,#2932,#2933,#2934,#2935,#2936,#2937,
#2938,#2939,#2940));
#693=EDGE_LOOP('',(#2941));
#694=EDGE_LOOP('',(#2942,#2943,#2944,#2945,#2946,#2947,#2948,#2949,#2950,
#2951,#2952,#2953,#2954,#2955,#2956));
#695=EDGE_LOOP('',(#2957,#2958,#2959,#2960));
#696=EDGE_LOOP('',(#2961,#2962,#2963,#2964,#2965));
#697=EDGE_LOOP('',(#2966,#2967,#2968,#2969));
#698=EDGE_LOOP('',(#2970,#2971,#2972,#2973));
#699=EDGE_LOOP('',(#2974,#2975,#2976,#2977,#2978,#2979,#2980,#2981,#2982,
#2983,#2984,#2985,#2986,#2987,#2988));
#700=EDGE_LOOP('',(#2989,#2990,#2991,#2992));
#701=EDGE_LOOP('',(#2993,#2994,#2995,#2996));
#702=EDGE_LOOP('',(#2997,#2998,#2999,#3000));
#703=EDGE_LOOP('',(#3001,#3002,#3003,#3004,#3005,#3006,#3007,#3008,#3009,
#3010));
#704=EDGE_LOOP('',(#3011,#3012,#3013,#3014));
#705=EDGE_LOOP('',(#3015,#3016,#3017,#3018));
#706=EDGE_LOOP('',(#3019,#3020,#3021,#3022));
#707=EDGE_LOOP('',(#3023));
#708=EDGE_LOOP('',(#3024));
#709=EDGE_LOOP('',(#3025,#3026,#3027,#3028));
#710=EDGE_LOOP('',(#3029,#3030,#3031,#3032));
#711=EDGE_LOOP('',(#3033,#3034,#3035,#3036));
#712=EDGE_LOOP('',(#3037,#3038,#3039,#3040));
#713=EDGE_LOOP('',(#3041,#3042,#3043,#3044));
#714=EDGE_LOOP('',(#3045,#3046,#3047,#3048));
#715=EDGE_LOOP('',(#3049,#3050,#3051,#3052));
#716=EDGE_LOOP('',(#3053,#3054,#3055,#3056));
#717=EDGE_LOOP('',(#3057,#3058,#3059,#3060));
#718=EDGE_LOOP('',(#3061,#3062,#3063,#3064));
#719=EDGE_LOOP('',(#3065,#3066,#3067,#3068,#3069,#3070));
#720=EDGE_LOOP('',(#3071,#3072,#3073,#3074));
#721=EDGE_LOOP('',(#3075,#3076,#3077,#3078));
#722=EDGE_LOOP('',(#3079,#3080,#3081,#3082,#3083,#3084,#3085,#3086));
#723=EDGE_LOOP('',(#3087,#3088,#3089,#3090));
#724=EDGE_LOOP('',(#3091,#3092,#3093,#3094));
#725=EDGE_LOOP('',(#3095,#3096,#3097,#3098,#3099,#3100,#3101,#3102));
#726=EDGE_LOOP('',(#3103,#3104,#3105,#3106));
#727=EDGE_LOOP('',(#3107,#3108,#3109,#3110));
#728=EDGE_LOOP('',(#3111,#3112,#3113,#3114));
#729=EDGE_LOOP('',(#3115,#3116,#3117,#3118));
#730=EDGE_LOOP('',(#3119,#3120,#3121,#3122));
#731=EDGE_LOOP('',(#3123,#3124,#3125,#3126,#3127,#3128,#3129,#3130));
#732=EDGE_LOOP('',(#3131,#3132,#3133,#3134,#3135));
#733=EDGE_LOOP('',(#3136,#3137,#3138,#3139));
#734=EDGE_LOOP('',(#3140,#3141,#3142,#3143,#3144));
#735=EDGE_LOOP('',(#3145,#3146,#3147,#3148,#3149));
#736=EDGE_LOOP('',(#3150,#3151,#3152,#3153));
#737=EDGE_LOOP('',(#3154,#3155,#3156,#3157));
#738=EDGE_LOOP('',(#3158,#3159,#3160,#3161));
#739=EDGE_LOOP('',(#3162,#3163,#3164,#3165));
#740=EDGE_LOOP('',(#3166,#3167,#3168,#3169));
#741=EDGE_LOOP('',(#3170,#3171,#3172,#3173));
#742=EDGE_LOOP('',(#3174,#3175,#3176,#3177));
#743=EDGE_LOOP('',(#3178,#3179,#3180,#3181));
#744=EDGE_LOOP('',(#3182,#3183,#3184,#3185));
#745=EDGE_LOOP('',(#3186,#3187,#3188,#3189));
#746=EDGE_LOOP('',(#3190,#3191,#3192,#3193));
#747=EDGE_LOOP('',(#3194));
#748=EDGE_LOOP('',(#3195));
#749=EDGE_LOOP('',(#3196,#3197,#3198,#3199));
#750=EDGE_LOOP('',(#3200,#3201,#3202,#3203));
#751=EDGE_LOOP('',(#3204,#3205,#3206,#3207));
#752=EDGE_LOOP('',(#3208,#3209,#3210,#3211,#3212,#3213));
#753=EDGE_LOOP('',(#3214,#3215,#3216,#3217,#3218,#3219,#3220));
#754=EDGE_LOOP('',(#3221,#3222,#3223,#3224,#3225,#3226));
#755=EDGE_LOOP('',(#3227,#3228,#3229,#3230));
#756=EDGE_LOOP('',(#3231,#3232,#3233,#3234,#3235,#3236));
#757=EDGE_LOOP('',(#3237,#3238,#3239,#3240));
#758=EDGE_LOOP('',(#3241,#3242,#3243,#3244));
#759=EDGE_LOOP('',(#3245,#3246,#3247,#3248));
#760=EDGE_LOOP('',(#3249,#3250,#3251,#3252,#3253));
#761=EDGE_LOOP('',(#3254,#3255,#3256,#3257,#3258,#3259,#3260,#3261,#3262,
#3263,#3264,#3265,#3266,#3267,#3268,#3269,#3270,#3271,#3272,#3273,#3274,
#3275,#3276,#3277,#3278,#3279,#3280,#3281));
#762=EDGE_LOOP('',(#3282,#3283,#3284,#3285,#3286));
#763=EDGE_LOOP('',(#3287,#3288,#3289,#3290,#3291,#3292));
#764=EDGE_LOOP('',(#3293,#3294,#3295,#3296));
#765=EDGE_LOOP('',(#3297,#3298,#3299,#3300));
#766=EDGE_LOOP('',(#3301,#3302,#3303,#3304));
#767=EDGE_LOOP('',(#3305,#3306,#3307,#3308));
#768=EDGE_LOOP('',(#3309,#3310,#3311,#3312));
#769=EDGE_LOOP('',(#3313,#3314,#3315,#3316));
#770=EDGE_LOOP('',(#3317,#3318,#3319,#3320));
#771=EDGE_LOOP('',(#3321,#3322,#3323,#3324));
#772=EDGE_LOOP('',(#3325,#3326,#3327,#3328));
#773=EDGE_LOOP('',(#3329,#3330,#3331,#3332));
#774=EDGE_LOOP('',(#3333,#3334,#3335,#3336));
#775=EDGE_LOOP('',(#3337,#3338,#3339,#3340));
#776=EDGE_LOOP('',(#3341,#3342,#3343,#3344));
#777=EDGE_LOOP('',(#3345,#3346,#3347,#3348));
#778=EDGE_LOOP('',(#3349,#3350,#3351,#3352));
#779=EDGE_LOOP('',(#3353,#3354,#3355,#3356,#3357,#3358,#3359,#3360,#3361,
#3362,#3363,#3364,#3365,#3366,#3367,#3368,#3369,#3370,#3371,#3372,#3373,
#3374,#3375,#3376));
#780=EDGE_LOOP('',(#3377));
#781=EDGE_LOOP('',(#3378));
#782=EDGE_LOOP('',(#3379,#3380,#3381,#3382,#3383,#3384,#3385,#3386,#3387,
#3388,#3389,#3390,#3391,#3392,#3393,#3394,#3395,#3396,#3397,#3398,#3399,
#3400,#3401,#3402));
#783=EDGE_LOOP('',(#3403,#3404,#3405,#3406));
#784=EDGE_LOOP('',(#3407,#3408,#3409,#3410));
#785=EDGE_LOOP('',(#3411,#3412,#3413,#3414));
#786=EDGE_LOOP('',(#3415,#3416,#3417,#3418));
#787=EDGE_LOOP('',(#3419,#3420,#3421,#3422));
#788=EDGE_LOOP('',(#3423,#3424,#3425,#3426));
#789=EDGE_LOOP('',(#3427,#3428,#3429,#3430));
#790=EDGE_LOOP('',(#3431,#3432,#3433,#3434));
#791=EDGE_LOOP('',(#3435,#3436,#3437,#3438));
#792=EDGE_LOOP('',(#3439,#3440,#3441,#3442));
#793=EDGE_LOOP('',(#3443,#3444,#3445,#3446));
#794=EDGE_LOOP('',(#3447,#3448,#3449,#3450));
#795=EDGE_LOOP('',(#3451,#3452,#3453,#3454));
#796=EDGE_LOOP('',(#3455,#3456,#3457,#3458));
#797=EDGE_LOOP('',(#3459,#3460,#3461,#3462));
#798=EDGE_LOOP('',(#3463,#3464,#3465,#3466));
#799=EDGE_LOOP('',(#3467,#3468,#3469,#3470));
#800=EDGE_LOOP('',(#3471,#3472,#3473,#3474));
#801=EDGE_LOOP('',(#3475,#3476,#3477,#3478));
#802=EDGE_LOOP('',(#3479,#3480,#3481,#3482));
#803=EDGE_LOOP('',(#3483,#3484,#3485,#3486));
#804=EDGE_LOOP('',(#3487,#3488,#3489,#3490));
#805=EDGE_LOOP('',(#3491,#3492,#3493,#3494));
#806=EDGE_LOOP('',(#3495,#3496,#3497,#3498));
#807=EDGE_LOOP('',(#3499,#3500,#3501,#3502));
#808=EDGE_LOOP('',(#3503,#3504,#3505,#3506));
#809=EDGE_LOOP('',(#3507,#3508,#3509,#3510));
#810=EDGE_LOOP('',(#3511,#3512,#3513,#3514));
#811=EDGE_LOOP('',(#3515,#3516,#3517,#3518));
#812=EDGE_LOOP('',(#3519,#3520,#3521,#3522));
#813=EDGE_LOOP('',(#3523,#3524,#3525,#3526));
#814=EDGE_LOOP('',(#3527,#3528,#3529,#3530));
#815=EDGE_LOOP('',(#3531,#3532,#3533,#3534));
#816=EDGE_LOOP('',(#3535,#3536,#3537,#3538));
#817=EDGE_LOOP('',(#3539,#3540,#3541,#3542));
#818=EDGE_LOOP('',(#3543,#3544,#3545,#3546));
#819=EDGE_LOOP('',(#3547,#3548,#3549,#3550));
#820=EDGE_LOOP('',(#3551,#3552,#3553,#3554));
#821=EDGE_LOOP('',(#3555,#3556,#3557,#3558,#3559,#3560,#3561,#3562));
#822=EDGE_LOOP('',(#3563,#3564,#3565,#3566));
#823=EDGE_LOOP('',(#3567,#3568,#3569,#3570,#3571,#3572,#3573,#3574));
#824=EDGE_LOOP('',(#3575));
#825=EDGE_LOOP('',(#3576));
#826=EDGE_LOOP('',(#3577,#3578,#3579,#3580));
#827=EDGE_LOOP('',(#3581,#3582,#3583,#3584,#3585,#3586,#3587,#3588));
#828=EDGE_LOOP('',(#3589,#3590,#3591,#3592));
#829=EDGE_LOOP('',(#3593,#3594,#3595,#3596));
#830=EDGE_LOOP('',(#3597,#3598,#3599,#3600));
#831=EDGE_LOOP('',(#3601,#3602,#3603,#3604,#3605,#3606));
#832=EDGE_LOOP('',(#3607,#3608,#3609,#3610,#3611));
#833=EDGE_LOOP('',(#3612,#3613,#3614,#3615));
#834=LINE('',#5544,#1177);
#835=LINE('',#5546,#1178);
#836=LINE('',#5548,#1179);
#837=LINE('',#5549,#1180);
#838=LINE('',#5553,#1181);
#839=LINE('',#5559,#1182);
#840=LINE('',#5563,#1183);
#841=LINE('',#5568,#1184);
#842=LINE('',#5569,#1185);
#843=LINE('',#5570,#1186);
#844=LINE('',#5574,#1187);
#845=LINE('',#5578,#1188);
#846=LINE('',#5579,#1189);
#847=LINE('',#5582,#1190);
#848=LINE('',#5586,#1191);
#849=LINE('',#5594,#1192);
#850=LINE('',#5598,#1193);
#851=LINE('',#5602,#1194);
#852=LINE('',#5606,#1195);
#853=LINE('',#5610,#1196);
#854=LINE('',#5618,#1197);
#855=LINE('',#5622,#1198);
#856=LINE('',#5623,#1199);
#857=LINE('',#5628,#1200);
#858=LINE('',#5631,#1201);
#859=LINE('',#5642,#1202);
#860=LINE('',#5645,#1203);
#861=LINE('',#5648,#1204);
#862=LINE('',#5651,#1205);
#863=LINE('',#5654,#1206);
#864=LINE('',#5657,#1207);
#865=LINE('',#5662,#1208);
#866=LINE('',#5665,#1209);
#867=LINE('',#5668,#1210);
#868=LINE('',#5671,#1211);
#869=LINE('',#5674,#1212);
#870=LINE('',#5676,#1213);
#871=LINE('',#5679,#1214);
#872=LINE('',#5681,#1215);
#873=LINE('',#5684,#1216);
#874=LINE('',#5685,#1217);
#875=LINE('',#5688,#1218);
#876=LINE('',#5692,#1219);
#877=LINE('',#5694,#1220);
#878=LINE('',#5696,#1221);
#879=LINE('',#5698,#1222);
#880=LINE('',#5700,#1223);
#881=LINE('',#5701,#1224);
#882=LINE('',#5704,#1225);
#883=LINE('',#5733,#1226);
#884=LINE('',#5734,#1227);
#885=LINE('',#5737,#1228);
#886=LINE('',#5739,#1229);
#887=LINE('',#5741,#1230);
#888=LINE('',#5742,#1231);
#889=LINE('',#5745,#1232);
#890=LINE('',#5767,#1233);
#891=LINE('',#5768,#1234);
#892=LINE('',#5788,#1235);
#893=LINE('',#5791,#1236);
#894=LINE('',#5793,#1237);
#895=LINE('',#5795,#1238);
#896=LINE('',#5797,#1239);
#897=LINE('',#5799,#1240);
#898=LINE('',#5801,#1241);
#899=LINE('',#5807,#1242);
#900=LINE('',#5813,#1243);
#901=LINE('',#5815,#1244);
#902=LINE('',#5816,#1245);
#903=LINE('',#5819,#1246);
#904=LINE('',#5823,#1247);
#905=LINE('',#5824,#1248);
#906=LINE('',#5827,#1249);
#907=LINE('',#5837,#1250);
#908=LINE('',#5841,#1251);
#909=LINE('',#5860,#1252);
#910=LINE('',#5863,#1253);
#911=LINE('',#5876,#1254);
#912=LINE('',#5877,#1255);
#913=LINE('',#5893,#1256);
#914=LINE('',#5894,#1257);
#915=LINE('',#5909,#1258);
#916=LINE('',#5910,#1259);
#917=LINE('',#5913,#1260);
#918=LINE('',#5915,#1261);
#919=LINE('',#5919,#1262);
#920=LINE('',#5920,#1263);
#921=LINE('',#5923,#1264);
#922=LINE('',#5924,#1265);
#923=LINE('',#5929,#1266);
#924=LINE('',#5931,#1267);
#925=LINE('',#5932,#1268);
#926=LINE('',#5935,#1269);
#927=LINE('',#5939,#1270);
#928=LINE('',#5943,#1271);
#929=LINE('',#5947,#1272);
#930=LINE('',#5949,#1273);
#931=LINE('',#5950,#1274);
#932=LINE('',#5954,#1275);
#933=LINE('',#5958,#1276);
#934=LINE('',#5959,#1277);
#935=LINE('',#5963,#1278);
#936=LINE('',#5965,#1279);
#937=LINE('',#5968,#1280);
#938=LINE('',#5970,#1281);
#939=LINE('',#5972,#1282);
#940=LINE('',#5973,#1283);
#941=LINE('',#5975,#1284);
#942=LINE('',#5977,#1285);
#943=LINE('',#5978,#1286);
#944=LINE('',#5980,#1287);
#945=LINE('',#5982,#1288);
#946=LINE('',#5983,#1289);
#947=LINE('',#5986,#1290);
#948=LINE('',#5987,#1291);
#949=LINE('',#5991,#1292);
#950=LINE('',#5992,#1293);
#951=LINE('',#5996,#1294);
#952=LINE('',#6000,#1295);
#953=LINE('',#6032,#1296);
#954=LINE('',#6035,#1297);
#955=LINE('',#6038,#1298);
#956=LINE('',#6041,#1299);
#957=LINE('',#6057,#1300);
#958=LINE('',#6079,#1301);
#959=LINE('',#6082,#1302);
#960=LINE('',#6085,#1303);
#961=LINE('',#6086,#1304);
#962=LINE('',#6089,#1305);
#963=LINE('',#6091,#1306);
#964=LINE('',#6093,#1307);
#965=LINE('',#6099,#1308);
#966=LINE('',#6101,#1309);
#967=LINE('',#6103,#1310);
#968=LINE('',#6104,#1311);
#969=LINE('',#6342,#1312);
#970=LINE('',#6346,#1313);
#971=LINE('',#6350,#1314);
#972=LINE('',#6352,#1315);
#973=LINE('',#6360,#1316);
#974=LINE('',#6364,#1317);
#975=LINE('',#6369,#1318);
#976=LINE('',#6373,#1319);
#977=LINE('',#6377,#1320);
#978=LINE('',#6388,#1321);
#979=LINE('',#6392,#1322);
#980=LINE('',#6394,#1323);
#981=LINE('',#6396,#1324);
#982=LINE('',#6397,#1325);
#983=LINE('',#6806,#1326);
#984=LINE('',#6813,#1327);
#985=LINE('',#6824,#1328);
#986=LINE('',#6827,#1329);
#987=LINE('',#6833,#1330);
#988=LINE('',#6837,#1331);
#989=LINE('',#6841,#1332);
#990=LINE('',#6844,#1333);
#991=LINE('',#6852,#1334);
#992=LINE('',#6858,#1335);
#993=LINE('',#6862,#1336);
#994=LINE('',#6871,#1337);
#995=LINE('',#6875,#1338);
#996=LINE('',#6898,#1339);
#997=LINE('',#6901,#1340);
#998=LINE('',#6903,#1341);
#999=LINE('',#6908,#1342);
#1000=LINE('',#6912,#1343);
#1001=LINE('',#6922,#1344);
#1002=LINE('',#6926,#1345);
#1003=LINE('',#6930,#1346);
#1004=LINE('',#6932,#1347);
#1005=LINE('',#6933,#1348);
#1006=LINE('',#6937,#1349);
#1007=LINE('',#6943,#1350);
#1008=LINE('',#6946,#1351);
#1009=LINE('',#6949,#1352);
#1010=LINE('',#6951,#1353);
#1011=LINE('',#6953,#1354);
#1012=LINE('',#6960,#1355);
#1013=LINE('',#6965,#1356);
#1014=LINE('',#6969,#1357);
#1015=LINE('',#6971,#1358);
#1016=LINE('',#6972,#1359);
#1017=LINE('',#6975,#1360);
#1018=LINE('',#6981,#1361);
#1019=LINE('',#6984,#1362);
#1020=LINE('',#6985,#1363);
#1021=LINE('',#6987,#1364);
#1022=LINE('',#6988,#1365);
#1023=LINE('',#6990,#1366);
#1024=LINE('',#6992,#1367);
#1025=LINE('',#6999,#1368);
#1026=LINE('',#7000,#1369);
#1027=LINE('',#7003,#1370);
#1028=LINE('',#7005,#1371);
#1029=LINE('',#7007,#1372);
#1030=LINE('',#7012,#1373);
#1031=LINE('',#7014,#1374);
#1032=LINE('',#7015,#1375);
#1033=LINE('',#7019,#1376);
#1034=LINE('',#7023,#1377);
#1035=LINE('',#7025,#1378);
#1036=LINE('',#7031,#1379);
#1037=LINE('',#7034,#1380);
#1038=LINE('',#7038,#1381);
#1039=LINE('',#7040,#1382);
#1040=LINE('',#7042,#1383);
#1041=LINE('',#7043,#1384);
#1042=LINE('',#7048,#1385);
#1043=LINE('',#7055,#1386);
#1044=LINE('',#7059,#1387);
#1045=LINE('',#7060,#1388);
#1046=LINE('',#7061,#1389);
#1047=LINE('',#7068,#1390);
#1048=LINE('',#7082,#1391);
#1049=LINE('',#7084,#1392);
#1050=LINE('',#7087,#1393);
#1051=LINE('',#7092,#1394);
#1052=LINE('',#7095,#1395);
#1053=LINE('',#7098,#1396);
#1054=LINE('',#7103,#1397);
#1055=LINE('',#7106,#1398);
#1056=LINE('',#7109,#1399);
#1057=LINE('',#7110,#1400);
#1058=LINE('',#7113,#1401);
#1059=LINE('',#7114,#1402);
#1060=LINE('',#7137,#1403);
#1061=LINE('',#7161,#1404);
#1062=LINE('',#7168,#1405);
#1063=LINE('',#7171,#1406);
#1064=LINE('',#7172,#1407);
#1065=LINE('',#7176,#1408);
#1066=LINE('',#7177,#1409);
#1067=LINE('',#7179,#1410);
#1068=LINE('',#7181,#1411);
#1069=LINE('',#7183,#1412);
#1070=LINE('',#7185,#1413);
#1071=LINE('',#7187,#1414);
#1072=LINE('',#7189,#1415);
#1073=LINE('',#7195,#1416);
#1074=LINE('',#7203,#1417);
#1075=LINE('',#7210,#1418);
#1076=LINE('',#7214,#1419);
#1077=LINE('',#7224,#1420);
#1078=LINE('',#7226,#1421);
#1079=LINE('',#7228,#1422);
#1080=LINE('',#7235,#1423);
#1081=LINE('',#7238,#1424);
#1082=LINE('',#7241,#1425);
#1083=LINE('',#7243,#1426);
#1084=LINE('',#7244,#1427);
#1085=LINE('',#7249,#1428);
#1086=LINE('',#7253,#1429);
#1087=LINE('',#7255,#1430);
#1088=LINE('',#7256,#1431);
#1089=LINE('',#7261,#1432);
#1090=LINE('',#7265,#1433);
#1091=LINE('',#7267,#1434);
#1092=LINE('',#7268,#1435);
#1093=LINE('',#7273,#1436);
#1094=LINE('',#7277,#1437);
#1095=LINE('',#7279,#1438);
#1096=LINE('',#7280,#1439);
#1097=LINE('',#7285,#1440);
#1098=LINE('',#7289,#1441);
#1099=LINE('',#7291,#1442);
#1100=LINE('',#7292,#1443);
#1101=LINE('',#7297,#1444);
#1102=LINE('',#7301,#1445);
#1103=LINE('',#7303,#1446);
#1104=LINE('',#7304,#1447);
#1105=LINE('',#7310,#1448);
#1106=LINE('',#7314,#1449);
#1107=LINE('',#7318,#1450);
#1108=LINE('',#7321,#1451);
#1109=LINE('',#7325,#1452);
#1110=LINE('',#7328,#1453);
#1111=LINE('',#7332,#1454);
#1112=LINE('',#7336,#1455);
#1113=LINE('',#7340,#1456);
#1114=LINE('',#7344,#1457);
#1115=LINE('',#7348,#1458);
#1116=LINE('',#7352,#1459);
#1117=LINE('',#7356,#1460);
#1118=LINE('',#7360,#1461);
#1119=LINE('',#7364,#1462);
#1120=LINE('',#7368,#1463);
#1121=LINE('',#7372,#1464);
#1122=LINE('',#7376,#1465);
#1123=LINE('',#7380,#1466);
#1124=LINE('',#7381,#1467);
#1125=LINE('',#7385,#1468);
#1126=LINE('',#7388,#1469);
#1127=LINE('',#7389,#1470);
#1128=LINE('',#7393,#1471);
#1129=LINE('',#7396,#1472);
#1130=LINE('',#7397,#1473);
#1131=LINE('',#7401,#1474);
#1132=LINE('',#7404,#1475);
#1133=LINE('',#7405,#1476);
#1134=LINE('',#7409,#1477);
#1135=LINE('',#7412,#1478);
#1136=LINE('',#7413,#1479);
#1137=LINE('',#7417,#1480);
#1138=LINE('',#7420,#1481);
#1139=LINE('',#7421,#1482);
#1140=LINE('',#7425,#1483);
#1141=LINE('',#7426,#1484);
#1142=LINE('',#7428,#1485);
#1143=LINE('',#7430,#1486);
#1144=LINE('',#7432,#1487);
#1145=LINE('',#7434,#1488);
#1146=LINE('',#7436,#1489);
#1147=LINE('',#7438,#1490);
#1148=LINE('',#7440,#1491);
#1149=LINE('',#7442,#1492);
#1150=LINE('',#7444,#1493);
#1151=LINE('',#7446,#1494);
#1152=LINE('',#7448,#1495);
#1153=LINE('',#7450,#1496);
#1154=LINE('',#7452,#1497);
#1155=LINE('',#7454,#1498);
#1156=LINE('',#7456,#1499);
#1157=LINE('',#7458,#1500);
#1158=LINE('',#7460,#1501);
#1159=LINE('',#7462,#1502);
#1160=LINE('',#7464,#1503);
#1161=LINE('',#7466,#1504);
#1162=LINE('',#7468,#1505);
#1163=LINE('',#7470,#1506);
#1164=LINE('',#7473,#1507);
#1165=LINE('',#7475,#1508);
#1166=LINE('',#7477,#1509);
#1167=LINE('',#7478,#1510);
#1168=LINE('',#7480,#1511);
#1169=LINE('',#7482,#1512);
#1170=LINE('',#7484,#1513);
#1171=LINE('',#7486,#1514);
#1172=LINE('',#7487,#1515);
#1173=LINE('',#7489,#1516);
#1174=LINE('',#7491,#1517);
#1175=LINE('',#7493,#1518);
#1176=LINE('',#7495,#1519);
#1177=VECTOR('',#4367,10.);
#1178=VECTOR('',#4368,10.);
#1179=VECTOR('',#4369,10.);
#1180=VECTOR('',#4370,10.);
#1181=VECTOR('',#4373,10.);
#1182=VECTOR('',#4380,10.);
#1183=VECTOR('',#4383,10.);
#1184=VECTOR('',#4388,10.);
#1185=VECTOR('',#4389,10.);
#1186=VECTOR('',#4390,10.);
#1187=VECTOR('',#4393,10.);
#1188=VECTOR('',#4400,10.);
#1189=VECTOR('',#4401,10.);
#1190=VECTOR('',#4404,10.);
#1191=VECTOR('',#4407,10.);
#1192=VECTOR('',#4408,10.);
#1193=VECTOR('',#4411,10.);
#1194=VECTOR('',#4414,10.);
#1195=VECTOR('',#4417,10.);
#1196=VECTOR('',#4420,10.);
#1197=VECTOR('',#4421,10.);
#1198=VECTOR('',#4424,10.);
#1199=VECTOR('',#4425,10.);
#1200=VECTOR('',#4428,10.);
#1201=VECTOR('',#4431,10.);
#1202=VECTOR('',#4442,10.);
#1203=VECTOR('',#4445,10.);
#1204=VECTOR('',#4448,10.);
#1205=VECTOR('',#4451,10.);
#1206=VECTOR('',#4454,10.);
#1207=VECTOR('',#4457,10.);
#1208=VECTOR('',#4462,10.);
#1209=VECTOR('',#4465,10.);
#1210=VECTOR('',#4468,10.);
#1211=VECTOR('',#4471,10.);
#1212=VECTOR('',#4474,10.);
#1213=VECTOR('',#4475,10.);
#1214=VECTOR('',#4478,10.);
#1215=VECTOR('',#4481,10.);
#1216=VECTOR('',#4484,10.);
#1217=VECTOR('',#4485,10.);
#1218=VECTOR('',#4488,10.);
#1219=VECTOR('',#4493,10.);
#1220=VECTOR('',#4494,10.);
#1221=VECTOR('',#4495,0.4);
#1222=VECTOR('',#4496,10.);
#1223=VECTOR('',#4497,10.);
#1224=VECTOR('',#4498,10.);
#1225=VECTOR('',#4501,10.);
#1226=VECTOR('',#4514,10.);
#1227=VECTOR('',#4515,10.);
#1228=VECTOR('',#4518,10.);
#1229=VECTOR('',#4519,10.);
#1230=VECTOR('',#4520,10.);
#1231=VECTOR('',#4521,10.);
#1232=VECTOR('',#4524,10.);
#1233=VECTOR('',#4539,10.);
#1234=VECTOR('',#4540,10.);
#1235=VECTOR('',#4551,10.);
#1236=VECTOR('',#4554,10.);
#1237=VECTOR('',#4555,10.);
#1238=VECTOR('',#4556,10.);
#1239=VECTOR('',#4557,10.);
#1240=VECTOR('',#4558,10.);
#1241=VECTOR('',#4559,10.);
#1242=VECTOR('',#4560,10.);
#1243=VECTOR('',#4561,10.);
#1244=VECTOR('',#4562,10.);
#1245=VECTOR('',#4563,10.);
#1246=VECTOR('',#4566,10.);
#1247=VECTOR('',#4571,0.4);
#1248=VECTOR('',#4572,10.);
#1249=VECTOR('',#4575,10.);
#1250=VECTOR('',#4586,10.);
#1251=VECTOR('',#4589,10.);
#1252=VECTOR('',#4602,10.);
#1253=VECTOR('',#4605,10.);
#1254=VECTOR('',#4612,10.);
#1255=VECTOR('',#4613,10.);
#1256=VECTOR('',#4622,10.);
#1257=VECTOR('',#4623,10.);
#1258=VECTOR('',#4632,10.);
#1259=VECTOR('',#4633,10.);
#1260=VECTOR('',#4636,10.);
#1261=VECTOR('',#4637,10.);
#1262=VECTOR('',#4642,10.);
#1263=VECTOR('',#4643,10.);
#1264=VECTOR('',#4646,10.);
#1265=VECTOR('',#4647,10.);
#1266=VECTOR('',#4654,10.);
#1267=VECTOR('',#4655,10.);
#1268=VECTOR('',#4656,10.);
#1269=VECTOR('',#4659,10.);
#1270=VECTOR('',#4662,10.);
#1271=VECTOR('',#4665,10.);
#1272=VECTOR('',#4670,10.);
#1273=VECTOR('',#4671,10.);
#1274=VECTOR('',#4672,10.);
#1275=VECTOR('',#4675,10.);
#1276=VECTOR('',#4678,10.);
#1277=VECTOR('',#4679,10.);
#1278=VECTOR('',#4684,10.);
#1279=VECTOR('',#4685,10.);
#1280=VECTOR('',#4688,10.);
#1281=VECTOR('',#4691,10.);
#1282=VECTOR('',#4694,10.);
#1283=VECTOR('',#4695,10.);
#1284=VECTOR('',#4698,10.);
#1285=VECTOR('',#4699,10.);
#1286=VECTOR('',#4700,10.);
#1287=VECTOR('',#4703,10.);
#1288=VECTOR('',#4706,10.);
#1289=VECTOR('',#4707,10.);
#1290=VECTOR('',#4710,10.);
#1291=VECTOR('',#4711,10.);
#1292=VECTOR('',#4716,10.);
#1293=VECTOR('',#4717,10.);
#1294=VECTOR('',#4720,10.);
#1295=VECTOR('',#4723,10.);
#1296=VECTOR('',#4742,10.);
#1297=VECTOR('',#4745,10.);
#1298=VECTOR('',#4748,10.);
#1299=VECTOR('',#4751,10.);
#1300=VECTOR('',#4760,10.);
#1301=VECTOR('',#4769,10.);
#1302=VECTOR('',#4772,10.);
#1303=VECTOR('',#4775,10.);
#1304=VECTOR('',#4776,10.);
#1305=VECTOR('',#4779,10.);
#1306=VECTOR('',#4780,10.);
#1307=VECTOR('',#4781,10.);
#1308=VECTOR('',#4782,10.);
#1309=VECTOR('',#4783,10.);
#1310=VECTOR('',#4784,10.);
#1311=VECTOR('',#4785,10.);
#1312=VECTOR('',#4790,10.);
#1313=VECTOR('',#4793,10.);
#1314=VECTOR('',#4798,10.);
#1315=VECTOR('',#4799,8.49999999999998);
#1316=VECTOR('',#4810,10.);
#1317=VECTOR('',#4813,10.);
#1318=VECTOR('',#4818,10.);
#1319=VECTOR('',#4821,10.);
#1320=VECTOR('',#4828,10.);
#1321=VECTOR('',#4841,3.);
#1322=VECTOR('',#4846,10.);
#1323=VECTOR('',#4847,10.);
#1324=VECTOR('',#4848,10.);
#1325=VECTOR('',#4849,10.);
#1326=VECTOR('',#4852,3.);
#1327=VECTOR('',#4861,1.6);
#1328=VECTOR('',#4876,7.75);
#1329=VECTOR('',#4879,1.6);
#1330=VECTOR('',#4886,10.);
#1331=VECTOR('',#4889,10.);
#1332=VECTOR('',#4892,10.);
#1333=VECTOR('',#4895,10.);
#1334=VECTOR('',#4902,10.);
#1335=VECTOR('',#4909,10.);
#1336=VECTOR('',#4912,10.);
#1337=VECTOR('',#4921,10.);
#1338=VECTOR('',#4926,10.);
#1339=VECTOR('',#4933,0.4);
#1340=VECTOR('',#4936,0.4);
#1341=VECTOR('',#4939,10.);
#1342=VECTOR('',#4944,10.);
#1343=VECTOR('',#4947,10.);
#1344=VECTOR('',#4956,10.);
#1345=VECTOR('',#4959,10.);
#1346=VECTOR('',#4964,10.);
#1347=VECTOR('',#4965,10.);
#1348=VECTOR('',#4966,10.);
#1349=VECTOR('',#4971,10.);
#1350=VECTOR('',#4978,10.);
#1351=VECTOR('',#4981,10.);
#1352=VECTOR('',#4986,10.);
#1353=VECTOR('',#4989,10.);
#1354=VECTOR('',#4992,10.);
#1355=VECTOR('',#5001,10.);
#1356=VECTOR('',#5006,1.175);
#1357=VECTOR('',#5011,10.);
#1358=VECTOR('',#5012,10.);
#1359=VECTOR('',#5013,10.);
#1360=VECTOR('',#5016,10.);
#1361=VECTOR('',#5023,1.175);
#1362=VECTOR('',#5028,10.);
#1363=VECTOR('',#5029,10.);
#1364=VECTOR('',#5032,10.4201076655997);
#1365=VECTOR('',#5033,10.4201076655997);
#1366=VECTOR('',#5036,10.4201076655998);
#1367=VECTOR('',#5039,10.4201076655998);
#1368=VECTOR('',#5042,10.4201076655997);
#1369=VECTOR('',#5043,10.4201076655997);
#1370=VECTOR('',#5046,10.);
#1371=VECTOR('',#5047,10.);
#1372=VECTOR('',#5048,10.);
#1373=VECTOR('',#5049,10.);
#1374=VECTOR('',#5052,10.4201076655998);
#1375=VECTOR('',#5053,10.4201076655998);
#1376=VECTOR('',#5058,10.);
#1377=VECTOR('',#5063,10.);
#1378=VECTOR('',#5066,10.);
#1379=VECTOR('',#5073,10.);
#1380=VECTOR('',#5076,10.);
#1381=VECTOR('',#5079,10.);
#1382=VECTOR('',#5080,10.);
#1383=VECTOR('',#5081,10.);
#1384=VECTOR('',#5082,10.);
#1385=VECTOR('',#5087,10.);
#1386=VECTOR('',#5096,10.);
#1387=VECTOR('',#5099,10.);
#1388=VECTOR('',#5100,10.);
#1389=VECTOR('',#5101,10.);
#1390=VECTOR('',#5112,10.);
#1391=VECTOR('',#5115,10.);
#1392=VECTOR('',#5118,2.19999999999999);
#1393=VECTOR('',#5121,2.35);
#1394=VECTOR('',#5128,2.55);
#1395=VECTOR('',#5131,2.35);
#1396=VECTOR('',#5136,2.55);
#1397=VECTOR('',#5141,2.79999999999998);
#1398=VECTOR('',#5146,2.99999999999998);
#1399=VECTOR('',#5149,10.);
#1400=VECTOR('',#5150,10.);
#1401=VECTOR('',#5153,10.);
#1402=VECTOR('',#5154,10.);
#1403=VECTOR('',#5159,10.);
#1404=VECTOR('',#5166,10.);
#1405=VECTOR('',#5175,4.);
#1406=VECTOR('',#5178,10.);
#1407=VECTOR('',#5179,0.4);
#1408=VECTOR('',#5186,10.);
#1409=VECTOR('',#5187,10.);
#1410=VECTOR('',#5190,10.);
#1411=VECTOR('',#5193,10.);
#1412=VECTOR('',#5196,10.);
#1413=VECTOR('',#5199,10.);
#1414=VECTOR('',#5202,10.);
#1415=VECTOR('',#5205,10.);
#1416=VECTOR('',#5212,10.);
#1417=VECTOR('',#5219,10.);
#1418=VECTOR('',#5226,10.);
#1419=VECTOR('',#5231,10.);
#1420=VECTOR('',#5236,10.);
#1421=VECTOR('',#5239,10.);
#1422=VECTOR('',#5242,10.);
#1423=VECTOR('',#5249,10.);
#1424=VECTOR('',#5252,10.);
#1425=VECTOR('',#5255,10.);
#1426=VECTOR('',#5256,10.);
#1427=VECTOR('',#5257,10.);
#1428=VECTOR('',#5262,10.);
#1429=VECTOR('',#5267,10.);
#1430=VECTOR('',#5268,10.);
#1431=VECTOR('',#5269,10.);
#1432=VECTOR('',#5274,10.);
#1433=VECTOR('',#5279,10.);
#1434=VECTOR('',#5280,10.);
#1435=VECTOR('',#5281,10.);
#1436=VECTOR('',#5286,10.);
#1437=VECTOR('',#5291,10.);
#1438=VECTOR('',#5292,10.);
#1439=VECTOR('',#5293,10.);
#1440=VECTOR('',#5298,10.);
#1441=VECTOR('',#5303,10.);
#1442=VECTOR('',#5304,10.);
#1443=VECTOR('',#5305,10.);
#1444=VECTOR('',#5310,10.);
#1445=VECTOR('',#5315,10.);
#1446=VECTOR('',#5316,10.);
#1447=VECTOR('',#5317,10.);
#1448=VECTOR('',#5322,10.);
#1449=VECTOR('',#5325,10.);
#1450=VECTOR('',#5328,10.);
#1451=VECTOR('',#5331,10.);
#1452=VECTOR('',#5334,10.);
#1453=VECTOR('',#5337,10.);
#1454=VECTOR('',#5340,10.);
#1455=VECTOR('',#5343,10.);
#1456=VECTOR('',#5346,10.);
#1457=VECTOR('',#5349,10.);
#1458=VECTOR('',#5352,10.);
#1459=VECTOR('',#5355,10.);
#1460=VECTOR('',#5358,10.);
#1461=VECTOR('',#5361,10.);
#1462=VECTOR('',#5364,10.);
#1463=VECTOR('',#5367,10.);
#1464=VECTOR('',#5370,10.);
#1465=VECTOR('',#5373,10.);
#1466=VECTOR('',#5378,10.);
#1467=VECTOR('',#5379,10.);
#1468=VECTOR('',#5384,10.);
#1469=VECTOR('',#5387,10.);
#1470=VECTOR('',#5388,10.);
#1471=VECTOR('',#5393,10.);
#1472=VECTOR('',#5396,10.);
#1473=VECTOR('',#5397,10.);
#1474=VECTOR('',#5402,10.);
#1475=VECTOR('',#5405,10.);
#1476=VECTOR('',#5406,10.);
#1477=VECTOR('',#5411,10.);
#1478=VECTOR('',#5414,10.);
#1479=VECTOR('',#5415,10.);
#1480=VECTOR('',#5420,10.);
#1481=VECTOR('',#5423,10.);
#1482=VECTOR('',#5424,10.);
#1483=VECTOR('',#5431,10.);
#1484=VECTOR('',#5432,10.);
#1485=VECTOR('',#5435,10.);
#1486=VECTOR('',#5438,10.);
#1487=VECTOR('',#5441,10.);
#1488=VECTOR('',#5444,10.);
#1489=VECTOR('',#5447,9.99999999999999);
#1490=VECTOR('',#5450,10.);
#1491=VECTOR('',#5453,10.);
#1492=VECTOR('',#5456,10.);
#1493=VECTOR('',#5459,10.);
#1494=VECTOR('',#5462,10.);
#1495=VECTOR('',#5465,10.);
#1496=VECTOR('',#5468,10.);
#1497=VECTOR('',#5471,10.);
#1498=VECTOR('',#5474,10.);
#1499=VECTOR('',#5477,10.);
#1500=VECTOR('',#5480,10.);
#1501=VECTOR('',#5483,10.);
#1502=VECTOR('',#5486,10.);
#1503=VECTOR('',#5489,10.);
#1504=VECTOR('',#5492,10.);
#1505=VECTOR('',#5495,10.);
#1506=VECTOR('',#5498,10.);
#1507=VECTOR('',#5503,2.6);
#1508=VECTOR('',#5506,10.);
#1509=VECTOR('',#5509,1.7);
#1510=VECTOR('',#5510,10.);
#1511=VECTOR('',#5513,10.);
#1512=VECTOR('',#5516,10.);
#1513=VECTOR('',#5519,10.);
#1514=VECTOR('',#5522,1.7);
#1515=VECTOR('',#5523,10.);
#1516=VECTOR('',#5526,10.);
#1517=VECTOR('',#5529,10.);
#1518=VECTOR('',#5532,10.);
#1519=VECTOR('',#5535,10.);
#1520=VERTEX_POINT('',#5542);
#1521=VERTEX_POINT('',#5543);
#1522=VERTEX_POINT('',#5545);
#1523=VERTEX_POINT('',#5547);
#1524=VERTEX_POINT('',#5551);
#1525=VERTEX_POINT('',#5552);
#1526=VERTEX_POINT('',#5557);
#1527=VERTEX_POINT('',#5558);
#1528=VERTEX_POINT('',#5560);
#1529=VERTEX_POINT('',#5562);
#1530=VERTEX_POINT('',#5566);
#1531=VERTEX_POINT('',#5567);
#1532=VERTEX_POINT('',#5572);
#1533=VERTEX_POINT('',#5573);
#1534=VERTEX_POINT('',#5581);
#1535=VERTEX_POINT('',#5583);
#1536=VERTEX_POINT('',#5585);
#1537=VERTEX_POINT('',#5587);
#1538=VERTEX_POINT('',#5593);
#1539=VERTEX_POINT('',#5595);
#1540=VERTEX_POINT('',#5597);
#1541=VERTEX_POINT('',#5599);
#1542=VERTEX_POINT('',#5601);
#1543=VERTEX_POINT('',#5603);
#1544=VERTEX_POINT('',#5605);
#1545=VERTEX_POINT('',#5607);
#1546=VERTEX_POINT('',#5609);
#1547=VERTEX_POINT('',#5611);
#1548=VERTEX_POINT('',#5617);
#1549=VERTEX_POINT('',#5619);
#1550=VERTEX_POINT('',#5621);
#1551=VERTEX_POINT('',#5624);
#1552=VERTEX_POINT('',#5625);
#1553=VERTEX_POINT('',#5627);
#1554=VERTEX_POINT('',#5629);
#1555=VERTEX_POINT('',#5632);
#1556=VERTEX_POINT('',#5634);
#1557=VERTEX_POINT('',#5636);
#1558=VERTEX_POINT('',#5638);
#1559=VERTEX_POINT('',#5641);
#1560=VERTEX_POINT('',#5643);
#1561=VERTEX_POINT('',#5647);
#1562=VERTEX_POINT('',#5649);
#1563=VERTEX_POINT('',#5653);
#1564=VERTEX_POINT('',#5655);
#1565=VERTEX_POINT('',#5659);
#1566=VERTEX_POINT('',#5661);
#1567=VERTEX_POINT('',#5663);
#1568=VERTEX_POINT('',#5667);
#1569=VERTEX_POINT('',#5669);
#1570=VERTEX_POINT('',#5673);
#1571=VERTEX_POINT('',#5675);
#1572=VERTEX_POINT('',#5677);
#1573=VERTEX_POINT('',#5683);
#1574=VERTEX_POINT('',#5687);
#1575=VERTEX_POINT('',#5691);
#1576=VERTEX_POINT('',#5693);
#1577=VERTEX_POINT('',#5695);
#1578=VERTEX_POINT('',#5697);
#1579=VERTEX_POINT('',#5699);
#1580=VERTEX_POINT('',#5703);
#1581=VERTEX_POINT('',#5707);
#1582=VERTEX_POINT('',#5708);
#1583=VERTEX_POINT('',#5710);
#1584=VERTEX_POINT('',#5712);
#1585=VERTEX_POINT('',#5723);
#1586=VERTEX_POINT('',#5724);
#1587=VERTEX_POINT('',#5736);
#1588=VERTEX_POINT('',#5738);
#1589=VERTEX_POINT('',#5740);
#1590=VERTEX_POINT('',#5744);
#1591=VERTEX_POINT('',#5748);
#1592=VERTEX_POINT('',#5749);
#1593=VERTEX_POINT('',#5751);
#1594=VERTEX_POINT('',#5753);
#1595=VERTEX_POINT('',#5764);
#1596=VERTEX_POINT('',#5765);
#1597=VERTEX_POINT('',#5770);
#1598=VERTEX_POINT('',#5771);
#1599=VERTEX_POINT('',#5790);
#1600=VERTEX_POINT('',#5792);
#1601=VERTEX_POINT('',#5794);
#1602=VERTEX_POINT('',#5796);
#1603=VERTEX_POINT('',#5798);
#1604=VERTEX_POINT('',#5800);
#1605=VERTEX_POINT('',#5802);
#1606=VERTEX_POINT('',#5806);
#1607=VERTEX_POINT('',#5808);
#1608=VERTEX_POINT('',#5812);
#1609=VERTEX_POINT('',#5814);
#1610=VERTEX_POINT('',#5818);
#1611=VERTEX_POINT('',#5822);
#1612=VERTEX_POINT('',#5826);
#1613=VERTEX_POINT('',#5830);
#1614=VERTEX_POINT('',#5832);
#1615=VERTEX_POINT('',#5834);
#1616=VERTEX_POINT('',#5836);
#1617=VERTEX_POINT('',#5838);
#1618=VERTEX_POINT('',#5840);
#1619=VERTEX_POINT('',#5844);
#1620=VERTEX_POINT('',#5845);
#1621=VERTEX_POINT('',#5849);
#1622=VERTEX_POINT('',#5851);
#1623=VERTEX_POINT('',#5857);
#1624=VERTEX_POINT('',#5859);
#1625=VERTEX_POINT('',#5861);
#1626=VERTEX_POINT('',#5865);
#1627=VERTEX_POINT('',#5869);
#1628=VERTEX_POINT('',#5875);
#1629=VERTEX_POINT('',#5879);
#1630=VERTEX_POINT('',#5880);
#1631=VERTEX_POINT('',#5884);
#1632=VERTEX_POINT('',#5886);
#1633=VERTEX_POINT('',#5892);
#1634=VERTEX_POINT('',#5896);
#1635=VERTEX_POINT('',#5900);
#1636=VERTEX_POINT('',#5902);
#1637=VERTEX_POINT('',#5908);
#1638=VERTEX_POINT('',#5912);
#1639=VERTEX_POINT('',#5914);
#1640=VERTEX_POINT('',#5918);
#1641=VERTEX_POINT('',#5922);
#1642=VERTEX_POINT('',#5928);
#1643=VERTEX_POINT('',#5930);
#1644=VERTEX_POINT('',#5934);
#1645=VERTEX_POINT('',#5936);
#1646=VERTEX_POINT('',#5938);
#1647=VERTEX_POINT('',#5940);
#1648=VERTEX_POINT('',#5942);
#1649=VERTEX_POINT('',#5946);
#1650=VERTEX_POINT('',#5948);
#1651=VERTEX_POINT('',#5952);
#1652=VERTEX_POINT('',#5953);
#1653=VERTEX_POINT('',#5955);
#1654=VERTEX_POINT('',#5957);
#1655=VERTEX_POINT('',#5961);
#1656=VERTEX_POINT('',#5964);
#1657=VERTEX_POINT('',#5966);
#1658=VERTEX_POINT('',#5976);
#1659=VERTEX_POINT('',#5985);
#1660=VERTEX_POINT('',#5990);
#1661=VERTEX_POINT('',#5994);
#1662=VERTEX_POINT('',#5995);
#1663=VERTEX_POINT('',#5997);
#1664=VERTEX_POINT('',#5999);
#1665=VERTEX_POINT('',#6001);
#1666=VERTEX_POINT('',#6005);
#1667=VERTEX_POINT('',#6006);
#1668=VERTEX_POINT('',#6022);
#1669=VERTEX_POINT('',#6029);
#1670=VERTEX_POINT('',#6031);
#1671=VERTEX_POINT('',#6033);
#1672=VERTEX_POINT('',#6037);
#1673=VERTEX_POINT('',#6039);
#1674=VERTEX_POINT('',#6043);
#1675=VERTEX_POINT('',#6045);
#1676=VERTEX_POINT('',#6056);
#1677=VERTEX_POINT('',#6058);
#1678=VERTEX_POINT('',#6069);
#1679=VERTEX_POINT('',#6078);
#1680=VERTEX_POINT('',#6080);
#1681=VERTEX_POINT('',#6084);
#1682=VERTEX_POINT('',#6088);
#1683=VERTEX_POINT('',#6090);
#1684=VERTEX_POINT('',#6092);
#1685=VERTEX_POINT('',#6094);
#1686=VERTEX_POINT('',#6098);
#1687=VERTEX_POINT('',#6100);
#1688=VERTEX_POINT('',#6102);
#1689=VERTEX_POINT('',#6326);
#1690=VERTEX_POINT('',#6328);
#1691=VERTEX_POINT('',#6341);
#1692=VERTEX_POINT('',#6343);
#1693=VERTEX_POINT('',#6345);
#1694=VERTEX_POINT('',#6348);
#1695=VERTEX_POINT('',#6351);
#1696=VERTEX_POINT('',#6357);
#1697=VERTEX_POINT('',#6359);
#1698=VERTEX_POINT('',#6361);
#1699=VERTEX_POINT('',#6363);
#1700=VERTEX_POINT('',#6366);
#1701=VERTEX_POINT('',#6368);
#1702=VERTEX_POINT('',#6370);
#1703=VERTEX_POINT('',#6372);
#1704=VERTEX_POINT('',#6379);
#1705=VERTEX_POINT('',#6381);
#1706=VERTEX_POINT('',#6383);
#1707=VERTEX_POINT('',#6387);
#1708=VERTEX_POINT('',#6391);
#1709=VERTEX_POINT('',#6393);
#1710=VERTEX_POINT('',#6395);
#1711=VERTEX_POINT('',#6805);
#1712=VERTEX_POINT('',#6809);
#1713=VERTEX_POINT('',#6812);
#1714=VERTEX_POINT('',#6816);
#1715=VERTEX_POINT('',#6819);
#1716=VERTEX_POINT('',#6822);
#1717=VERTEX_POINT('',#6826);
#1718=VERTEX_POINT('',#6830);
#1719=VERTEX_POINT('',#6832);
#1720=VERTEX_POINT('',#6834);
#1721=VERTEX_POINT('',#6836);
#1722=VERTEX_POINT('',#6838);
#1723=VERTEX_POINT('',#6840);
#1724=VERTEX_POINT('',#6842);
#1725=VERTEX_POINT('',#6845);
#1726=VERTEX_POINT('',#6848);
#1727=VERTEX_POINT('',#6849);
#1728=VERTEX_POINT('',#6851);
#1729=VERTEX_POINT('',#6855);
#1730=VERTEX_POINT('',#6857);
#1731=VERTEX_POINT('',#6859);
#1732=VERTEX_POINT('',#6861);
#1733=VERTEX_POINT('',#6863);
#1734=VERTEX_POINT('',#6865);
#1735=VERTEX_POINT('',#6867);
#1736=VERTEX_POINT('',#6869);
#1737=VERTEX_POINT('',#6873);
#1738=VERTEX_POINT('',#6877);
#1739=VERTEX_POINT('',#6878);
#1740=VERTEX_POINT('',#6897);
#1741=VERTEX_POINT('',#6899);
#1742=VERTEX_POINT('',#6905);
#1743=VERTEX_POINT('',#6907);
#1744=VERTEX_POINT('',#6909);
#1745=VERTEX_POINT('',#6911);
#1746=VERTEX_POINT('',#6913);
#1747=VERTEX_POINT('',#6915);
#1748=VERTEX_POINT('',#6917);
#1749=VERTEX_POINT('',#6919);
#1750=VERTEX_POINT('',#6921);
#1751=VERTEX_POINT('',#6923);
#1752=VERTEX_POINT('',#6925);
#1753=VERTEX_POINT('',#6929);
#1754=VERTEX_POINT('',#6931);
#1755=VERTEX_POINT('',#6935);
#1756=VERTEX_POINT('',#6941);
#1757=VERTEX_POINT('',#6942);
#1758=VERTEX_POINT('',#6944);
#1759=VERTEX_POINT('',#6955);
#1760=VERTEX_POINT('',#6957);
#1761=VERTEX_POINT('',#6962);
#1762=VERTEX_POINT('',#6964);
#1763=VERTEX_POINT('',#6968);
#1764=VERTEX_POINT('',#6970);
#1765=VERTEX_POINT('',#6974);
#1766=VERTEX_POINT('',#6978);
#1767=VERTEX_POINT('',#6980);
#1768=VERTEX_POINT('',#6994);
#1769=VERTEX_POINT('',#6995);
#1770=VERTEX_POINT('',#7002);
#1771=VERTEX_POINT('',#7004);
#1772=VERTEX_POINT('',#7006);
#1773=VERTEX_POINT('',#7008);
#1774=VERTEX_POINT('',#7017);
#1775=VERTEX_POINT('',#7021);
#1776=VERTEX_POINT('',#7028);
#1777=VERTEX_POINT('',#7030);
#1778=VERTEX_POINT('',#7032);
#1779=VERTEX_POINT('',#7036);
#1780=VERTEX_POINT('',#7037);
#1781=VERTEX_POINT('',#7039);
#1782=VERTEX_POINT('',#7041);
#1783=VERTEX_POINT('',#7045);
#1784=VERTEX_POINT('',#7047);
#1785=VERTEX_POINT('',#7051);
#1786=VERTEX_POINT('',#7053);
#1787=VERTEX_POINT('',#7057);
#1788=VERTEX_POINT('',#7058);
#1789=VERTEX_POINT('',#7066);
#1790=VERTEX_POINT('',#7070);
#1791=VERTEX_POINT('',#7078);
#1792=VERTEX_POINT('',#7086);
#1793=VERTEX_POINT('',#7088);
#1794=VERTEX_POINT('',#7094);
#1795=VERTEX_POINT('',#7100);
#1796=VERTEX_POINT('',#7102);
#1797=VERTEX_POINT('',#7108);
#1798=VERTEX_POINT('',#7112);
#1799=VERTEX_POINT('',#7163);
#1800=VERTEX_POINT('',#7166);
#1801=VERTEX_POINT('',#7170);
#1802=VERTEX_POINT('',#7193);
#1803=VERTEX_POINT('',#7194);
#1804=VERTEX_POINT('',#7196);
#1805=VERTEX_POINT('',#7198);
#1806=VERTEX_POINT('',#7200);
#1807=VERTEX_POINT('',#7202);
#1808=VERTEX_POINT('',#7204);
#1809=VERTEX_POINT('',#7206);
#1810=VERTEX_POINT('',#7209);
#1811=VERTEX_POINT('',#7213);
#1812=VERTEX_POINT('',#7222);
#1813=VERTEX_POINT('',#7231);
#1814=VERTEX_POINT('',#7232);
#1815=VERTEX_POINT('',#7234);
#1816=VERTEX_POINT('',#7236);
#1817=VERTEX_POINT('',#7240);
#1818=VERTEX_POINT('',#7242);
#1819=VERTEX_POINT('',#7246);
#1820=VERTEX_POINT('',#7248);
#1821=VERTEX_POINT('',#7252);
#1822=VERTEX_POINT('',#7254);
#1823=VERTEX_POINT('',#7258);
#1824=VERTEX_POINT('',#7260);
#1825=VERTEX_POINT('',#7264);
#1826=VERTEX_POINT('',#7266);
#1827=VERTEX_POINT('',#7270);
#1828=VERTEX_POINT('',#7272);
#1829=VERTEX_POINT('',#7276);
#1830=VERTEX_POINT('',#7278);
#1831=VERTEX_POINT('',#7282);
#1832=VERTEX_POINT('',#7284);
#1833=VERTEX_POINT('',#7288);
#1834=VERTEX_POINT('',#7290);
#1835=VERTEX_POINT('',#7294);
#1836=VERTEX_POINT('',#7296);
#1837=VERTEX_POINT('',#7300);
#1838=VERTEX_POINT('',#7302);
#1839=VERTEX_POINT('',#7306);
#1840=VERTEX_POINT('',#7307);
#1841=VERTEX_POINT('',#7309);
#1842=VERTEX_POINT('',#7311);
#1843=VERTEX_POINT('',#7313);
#1844=VERTEX_POINT('',#7315);
#1845=VERTEX_POINT('',#7317);
#1846=VERTEX_POINT('',#7319);
#1847=VERTEX_POINT('',#7322);
#1848=VERTEX_POINT('',#7324);
#1849=VERTEX_POINT('',#7326);
#1850=VERTEX_POINT('',#7330);
#1851=VERTEX_POINT('',#7331);
#1852=VERTEX_POINT('',#7333);
#1853=VERTEX_POINT('',#7335);
#1854=VERTEX_POINT('',#7337);
#1855=VERTEX_POINT('',#7339);
#1856=VERTEX_POINT('',#7341);
#1857=VERTEX_POINT('',#7343);
#1858=VERTEX_POINT('',#7345);
#1859=VERTEX_POINT('',#7347);
#1860=VERTEX_POINT('',#7349);
#1861=VERTEX_POINT('',#7351);
#1862=VERTEX_POINT('',#7353);
#1863=VERTEX_POINT('',#7355);
#1864=VERTEX_POINT('',#7357);
#1865=VERTEX_POINT('',#7359);
#1866=VERTEX_POINT('',#7361);
#1867=VERTEX_POINT('',#7363);
#1868=VERTEX_POINT('',#7365);
#1869=VERTEX_POINT('',#7367);
#1870=VERTEX_POINT('',#7369);
#1871=VERTEX_POINT('',#7371);
#1872=VERTEX_POINT('',#7373);
#1873=VERTEX_POINT('',#7375);
#1874=VERTEX_POINT('',#7379);
#1875=VERTEX_POINT('',#7383);
#1876=VERTEX_POINT('',#7387);
#1877=VERTEX_POINT('',#7391);
#1878=VERTEX_POINT('',#7395);
#1879=VERTEX_POINT('',#7399);
#1880=VERTEX_POINT('',#7403);
#1881=VERTEX_POINT('',#7407);
#1882=VERTEX_POINT('',#7411);
#1883=VERTEX_POINT('',#7415);
#1884=VERTEX_POINT('',#7419);
#1885=EDGE_CURVE('',#1520,#1521,#834,.T.);
#1886=EDGE_CURVE('',#1521,#1522,#835,.T.);
#1887=EDGE_CURVE('',#1522,#1523,#836,.T.);
#1888=EDGE_CURVE('',#1523,#1520,#837,.T.);
#1889=EDGE_CURVE('',#1524,#1525,#838,.T.);
#1890=EDGE_CURVE('',#1525,#1522,#157,.T.);
#1891=EDGE_CURVE('',#1521,#1524,#158,.T.);
#1892=EDGE_CURVE('',#1526,#1527,#839,.T.);
#1893=EDGE_CURVE('',#1526,#1528,#159,.T.);
#1894=EDGE_CURVE('',#1528,#1529,#840,.T.);
#1895=EDGE_CURVE('',#1529,#1527,#160,.T.);
#1896=EDGE_CURVE('',#1530,#1531,#841,.T.);
#1897=EDGE_CURVE('',#1531,#1529,#842,.T.);
#1898=EDGE_CURVE('',#1528,#1530,#843,.T.);
#1899=EDGE_CURVE('',#1532,#1533,#844,.T.);
#1900=EDGE_CURVE('',#1533,#1531,#161,.T.);
#1901=EDGE_CURVE('',#1530,#1532,#162,.T.);
#1902=EDGE_CURVE('',#1523,#1533,#845,.T.);
#1903=EDGE_CURVE('',#1532,#1520,#846,.T.);
#1904=EDGE_CURVE('',#1534,#1526,#847,.T.);
#1905=EDGE_CURVE('',#1535,#1534,#163,.T.);
#1906=EDGE_CURVE('',#1536,#1535,#848,.T.);
#1907=EDGE_CURVE('',#1537,#1536,#139,.T.);
#1908=EDGE_CURVE('',#1538,#1537,#849,.T.);
#1909=EDGE_CURVE('',#1539,#1538,#164,.T.);
#1910=EDGE_CURVE('',#1540,#1539,#850,.T.);
#1911=EDGE_CURVE('',#1541,#1540,#165,.T.);
#1912=EDGE_CURVE('',#1542,#1541,#851,.T.);
#1913=EDGE_CURVE('',#1543,#1542,#166,.T.);
#1914=EDGE_CURVE('',#1544,#1543,#852,.T.);
#1915=EDGE_CURVE('',#1545,#1544,#167,.T.);
#1916=EDGE_CURVE('',#1546,#1545,#853,.T.);
#1917=EDGE_CURVE('',#1547,#1546,#140,.T.);
#1918=EDGE_CURVE('',#1548,#1547,#854,.T.);
#1919=EDGE_CURVE('',#1549,#1548,#168,.T.);
#1920=EDGE_CURVE('',#1550,#1549,#855,.T.);
#1921=EDGE_CURVE('',#1524,#1550,#856,.T.);
#1922=EDGE_CURVE('',#1551,#1552,#169,.T.);
#1923=EDGE_CURVE('',#1553,#1551,#857,.T.);
#1924=EDGE_CURVE('',#1554,#1553,#170,.T.);
#1925=EDGE_CURVE('',#1552,#1554,#858,.T.);
#1926=EDGE_CURVE('',#1555,#1555,#171,.T.);
#1927=EDGE_CURVE('',#1556,#1556,#172,.T.);
#1928=EDGE_CURVE('',#1557,#1557,#173,.T.);
#1929=EDGE_CURVE('',#1558,#1558,#174,.T.);
#1930=EDGE_CURVE('',#1527,#1559,#859,.T.);
#1931=EDGE_CURVE('',#1559,#1560,#113,.T.);
#1932=EDGE_CURVE('',#1560,#1534,#860,.F.);
#1933=EDGE_CURVE('',#1529,#1561,#861,.T.);
#1934=EDGE_CURVE('',#1561,#1562,#175,.T.);
#1935=EDGE_CURVE('',#1562,#1527,#862,.T.);
#1936=EDGE_CURVE('',#1563,#1550,#863,.T.);
#1937=EDGE_CURVE('',#1564,#1563,#114,.T.);
#1938=EDGE_CURVE('',#1564,#1525,#864,.T.);
#1939=EDGE_CURVE('',#1565,#1563,#115,.T.);
#1940=EDGE_CURVE('',#1565,#1566,#865,.T.);
#1941=EDGE_CURVE('',#1566,#1567,#176,.T.);
#1942=EDGE_CURVE('',#1567,#1564,#866,.T.);
#1943=EDGE_CURVE('',#1533,#1568,#867,.T.);
#1944=EDGE_CURVE('',#1568,#1569,#177,.T.);
#1945=EDGE_CURVE('',#1569,#1531,#868,.T.);
#1946=EDGE_CURVE('',#1568,#1570,#869,.T.);
#1947=EDGE_CURVE('',#1571,#1570,#870,.T.);
#1948=EDGE_CURVE('',#1572,#1571,#178,.T.);
#1949=EDGE_CURVE('',#1572,#1569,#871,.T.);
#1950=EDGE_CURVE('',#1570,#1523,#872,.T.);
#1951=EDGE_CURVE('',#1573,#1572,#873,.T.);
#1952=EDGE_CURVE('',#1561,#1573,#874,.T.);
#1953=EDGE_CURVE('',#1571,#1574,#875,.T.);
#1954=EDGE_CURVE('',#1574,#1573,#179,.T.);
#1955=EDGE_CURVE('',#1575,#1522,#876,.T.);
#1956=EDGE_CURVE('',#1576,#1575,#877,.T.);
#1957=EDGE_CURVE('',#1577,#1576,#878,.T.);
#1958=EDGE_CURVE('',#1578,#1577,#879,.T.);
#1959=EDGE_CURVE('',#1579,#1578,#880,.T.);
#1960=EDGE_CURVE('',#1574,#1579,#881,.T.);
#1961=EDGE_CURVE('',#1525,#1580,#882,.T.);
#1962=EDGE_CURVE('',#1580,#1575,#180,.T.);
#1963=EDGE_CURVE('',#1581,#1582,#181,.T.);
#1964=EDGE_CURVE('',#1582,#1583,#182,.T.);
#1965=EDGE_CURVE('',#1583,#1584,#141,.T.);
#1966=EDGE_CURVE('',#1584,#1581,#183,.T.);
#1967=EDGE_CURVE('',#1585,#1586,#142,.T.);
#1968=EDGE_CURVE('',#1586,#1582,#883,.T.);
#1969=EDGE_CURVE('',#1581,#1585,#884,.T.);
#1970=EDGE_CURVE('',#1581,#1587,#885,.T.);
#1971=EDGE_CURVE('',#1587,#1588,#886,.T.);
#1972=EDGE_CURVE('',#1589,#1588,#887,.T.);
#1973=EDGE_CURVE('',#1585,#1589,#888,.T.);
#1974=EDGE_CURVE('',#1584,#1590,#889,.T.);
#1975=EDGE_CURVE('',#1590,#1587,#184,.T.);
#1976=EDGE_CURVE('',#1591,#1592,#185,.T.);
#1977=EDGE_CURVE('',#1592,#1593,#186,.T.);
#1978=EDGE_CURVE('',#1593,#1594,#143,.T.);
#1979=EDGE_CURVE('',#1594,#1591,#187,.T.);
#1980=EDGE_CURVE('',#1595,#1596,#188,.T.);
#1981=EDGE_CURVE('',#1596,#1592,#890,.T.);
#1982=EDGE_CURVE('',#1591,#1595,#891,.T.);
#1983=EDGE_CURVE('',#1597,#1598,#144,.T.);
#1984=EDGE_CURVE('',#1598,#1596,#189,.T.);
#1985=EDGE_CURVE('',#1595,#1597,#190,.T.);
#1986=EDGE_CURVE('',#1597,#1586,#191,.T.);
#1987=EDGE_CURVE('',#1583,#1594,#892,.T.);
#1988=EDGE_CURVE('',#1599,#1593,#893,.T.);
#1989=EDGE_CURVE('',#1600,#1599,#894,.T.);
#1990=EDGE_CURVE('',#1601,#1600,#895,.T.);
#1991=EDGE_CURVE('',#1602,#1601,#896,.T.);
#1992=EDGE_CURVE('',#1603,#1602,#897,.T.);
#1993=EDGE_CURVE('',#1603,#1604,#898,.T.);
#1994=EDGE_CURVE('',#1605,#1604,#18,.T.);
#1995=EDGE_CURVE('',#1606,#1605,#899,.T.);
#1996=EDGE_CURVE('',#1607,#1606,#19,.T.);
#1997=EDGE_CURVE('',#1607,#1608,#900,.T.);
#1998=EDGE_CURVE('',#1608,#1609,#901,.T.);
#1999=EDGE_CURVE('',#1609,#1590,#902,.T.);
#2000=EDGE_CURVE('',#1592,#1610,#903,.T.);
#2001=EDGE_CURVE('',#1610,#1599,#192,.T.);
#2002=EDGE_CURVE('',#1611,#1596,#904,.T.);
#2003=EDGE_CURVE('',#1610,#1611,#905,.T.);
#2004=EDGE_CURVE('',#1598,#1612,#906,.T.);
#2005=EDGE_CURVE('',#1612,#1611,#193,.T.);
#2006=EDGE_CURVE('',#1612,#1613,#194,.T.);
#2007=EDGE_CURVE('',#1613,#1614,#195,.T.);
#2008=EDGE_CURVE('',#1614,#1615,#196,.T.);
#2009=EDGE_CURVE('',#1615,#1616,#907,.T.);
#2010=EDGE_CURVE('',#1616,#1617,#197,.T.);
#2011=EDGE_CURVE('',#1617,#1618,#908,.T.);
#2012=EDGE_CURVE('',#1618,#1600,#198,.T.);
#2013=EDGE_CURVE('',#1619,#1620,#20,.T.);
#2014=EDGE_CURVE('',#1620,#1621,#199,.T.);
#2015=EDGE_CURVE('',#1621,#1622,#21,.F.);
#2016=EDGE_CURVE('',#1622,#1619,#200,.T.);
#2017=EDGE_CURVE('',#1623,#1620,#201,.T.);
#2018=EDGE_CURVE('',#1624,#1623,#909,.T.);
#2019=EDGE_CURVE('',#1625,#1624,#202,.T.);
#2020=EDGE_CURVE('',#1625,#1621,#910,.T.);
#2021=EDGE_CURVE('',#1620,#1626,#22,.T.);
#2022=EDGE_CURVE('',#1626,#1627,#203,.T.);
#2023=EDGE_CURVE('',#1627,#1623,#23,.F.);
#2024=EDGE_CURVE('',#1628,#1626,#911,.T.);
#2025=EDGE_CURVE('',#1627,#1628,#912,.T.);
#2026=EDGE_CURVE('',#1629,#1630,#24,.T.);
#2027=EDGE_CURVE('',#1630,#1631,#204,.T.);
#2028=EDGE_CURVE('',#1631,#1632,#25,.F.);
#2029=EDGE_CURVE('',#1632,#1629,#205,.T.);
#2030=EDGE_CURVE('',#1633,#1630,#913,.T.);
#2031=EDGE_CURVE('',#1631,#1633,#914,.T.);
#2032=EDGE_CURVE('',#1629,#1634,#26,.F.);
#2033=EDGE_CURVE('',#1629,#1635,#206,.T.);
#2034=EDGE_CURVE('',#1635,#1636,#27,.F.);
#2035=EDGE_CURVE('',#1636,#1634,#207,.T.);
#2036=EDGE_CURVE('',#1637,#1636,#915,.T.);
#2037=EDGE_CURVE('',#1634,#1637,#916,.T.);
#2038=EDGE_CURVE('',#1638,#1551,#917,.T.);
#2039=EDGE_CURVE('',#1552,#1639,#918,.T.);
#2040=EDGE_CURVE('',#1639,#1638,#208,.T.);
#2041=EDGE_CURVE('',#1554,#1640,#919,.T.);
#2042=EDGE_CURVE('',#1640,#1639,#920,.T.);
#2043=EDGE_CURVE('',#1641,#1553,#921,.T.);
#2044=EDGE_CURVE('',#1638,#1641,#922,.T.);
#2045=EDGE_CURVE('',#1641,#1640,#209,.T.);
#2046=EDGE_CURVE('',#1638,#1642,#923,.T.);
#2047=EDGE_CURVE('',#1642,#1643,#924,.T.);
#2048=EDGE_CURVE('',#1641,#1643,#925,.T.);
#2049=EDGE_CURVE('',#1639,#1644,#926,.T.);
#2050=EDGE_CURVE('',#1644,#1645,#210,.T.);
#2051=EDGE_CURVE('',#1645,#1646,#927,.T.);
#2052=EDGE_CURVE('',#1646,#1647,#211,.T.);
#2053=EDGE_CURVE('',#1648,#1647,#928,.T.);
#2054=EDGE_CURVE('',#1648,#1642,#212,.T.);
#2055=EDGE_CURVE('',#1649,#1646,#929,.T.);
#2056=EDGE_CURVE('',#1650,#1649,#930,.T.);
#2057=EDGE_CURVE('',#1647,#1650,#931,.T.);
#2058=EDGE_CURVE('',#1651,#1652,#932,.T.);
#2059=EDGE_CURVE('',#1653,#1651,#213,.T.);
#2060=EDGE_CURVE('',#1654,#1653,#933,.T.);
#2061=EDGE_CURVE('',#1652,#1654,#934,.T.);
#2062=EDGE_CURVE('',#1643,#1655,#214,.T.);
#2063=EDGE_CURVE('',#1655,#1653,#935,.T.);
#2064=EDGE_CURVE('',#1656,#1651,#936,.T.);
#2065=EDGE_CURVE('',#1656,#1657,#215,.T.);
#2066=EDGE_CURVE('',#1640,#1657,#937,.T.);
#2067=EDGE_CURVE('',#1648,#1655,#938,.T.);
#2068=EDGE_CURVE('',#1656,#1645,#939,.T.);
#2069=EDGE_CURVE('',#1657,#1644,#940,.T.);
#2070=EDGE_CURVE('',#1654,#1628,#941,.T.);
#2071=EDGE_CURVE('',#1619,#1658,#942,.T.);
#2072=EDGE_CURVE('',#1652,#1658,#943,.T.);
#2073=EDGE_CURVE('',#1658,#1622,#944,.T.);
#2074=EDGE_CURVE('',#1649,#1633,#945,.T.);
#2075=EDGE_CURVE('',#1650,#1637,#946,.T.);
#2076=EDGE_CURVE('',#1635,#1659,#947,.T.);
#2077=EDGE_CURVE('',#1624,#1659,#948,.T.);
#2078=EDGE_CURVE('',#1660,#1625,#949,.T.);
#2079=EDGE_CURVE('',#1660,#1632,#950,.T.);
#2080=EDGE_CURVE('',#1661,#1662,#951,.T.);
#2081=EDGE_CURVE('',#1662,#1663,#216,.T.);
#2082=EDGE_CURVE('',#1663,#1664,#952,.T.);
#2083=EDGE_CURVE('',#1665,#1664,#116,.F.);
#2084=EDGE_CURVE('',#1665,#1661,#217,.T.);
#2085=EDGE_CURVE('',#1666,#1667,#145,.T.);
#2086=EDGE_CURVE('',#1667,#1663,#218,.T.);
#2087=EDGE_CURVE('',#1662,#1666,#219,.T.);
#2088=EDGE_CURVE('',#1668,#1665,#146,.F.);
#2089=EDGE_CURVE('',#1668,#1661,#220,.T.);
#2090=EDGE_CURVE('',#1669,#1667,#221,.T.);
#2091=EDGE_CURVE('',#1670,#1669,#953,.T.);
#2092=EDGE_CURVE('',#1671,#1670,#222,.T.);
#2093=EDGE_CURVE('',#1671,#1664,#954,.T.);
#2094=EDGE_CURVE('',#1662,#1672,#955,.T.);
#2095=EDGE_CURVE('',#1672,#1673,#223,.T.);
#2096=EDGE_CURVE('',#1673,#1666,#956,.T.);
#2097=EDGE_CURVE('',#1670,#1674,#224,.T.);
#2098=EDGE_CURVE('',#1674,#1675,#225,.T.);
#2099=EDGE_CURVE('',#1675,#1671,#147,.T.);
#2100=EDGE_CURVE('',#1676,#1674,#957,.T.);
#2101=EDGE_CURVE('',#1677,#1669,#148,.F.);
#2102=EDGE_CURVE('',#1677,#1676,#226,.T.);
#2103=EDGE_CURVE('',#1678,#1677,#149,.F.);
#2104=EDGE_CURVE('',#1678,#1676,#227,.T.);
#2105=EDGE_CURVE('',#1679,#1678,#958,.T.);
#2106=EDGE_CURVE('',#1679,#1680,#228,.T.);
#2107=EDGE_CURVE('',#1676,#1680,#959,.T.);
#2108=EDGE_CURVE('',#1681,#1661,#960,.T.);
#2109=EDGE_CURVE('',#1672,#1681,#961,.T.);
#2110=EDGE_CURVE('',#1682,#1675,#962,.T.);
#2111=EDGE_CURVE('',#1683,#1682,#963,.T.);
#2112=EDGE_CURVE('',#1684,#1683,#964,.T.);
#2113=EDGE_CURVE('',#1684,#1685,#28,.F.);
#2114=EDGE_CURVE('',#1685,#1686,#965,.T.);
#2115=EDGE_CURVE('',#1686,#1687,#966,.T.);
#2116=EDGE_CURVE('',#1688,#1687,#967,.T.);
#2117=EDGE_CURVE('',#1668,#1688,#968,.T.);
#2118=EDGE_CURVE('',#1589,#1589,#150,.T.);
#2119=EDGE_CURVE('',#1588,#1689,#229,.T.);
#2120=EDGE_CURVE('',#1690,#1689,#151,.T.);
#2121=EDGE_CURVE('',#1690,#1691,#969,.F.);
#2122=EDGE_CURVE('',#1692,#1691,#230,.T.);
#2123=EDGE_CURVE('',#1692,#1693,#970,.T.);
#2124=EDGE_CURVE('',#1693,#1679,#231,.T.);
#2125=EDGE_CURVE('',#1694,#1673,#232,.T.);
#2126=EDGE_CURVE('',#1694,#1614,#971,.T.);
#2127=EDGE_CURVE('',#1613,#1695,#972,.T.);
#2128=EDGE_CURVE('',#1695,#1695,#233,.T.);
#2129=EDGE_CURVE('',#1688,#1681,#234,.T.);
#2130=EDGE_CURVE('',#1687,#1696,#235,.T.);
#2131=EDGE_CURVE('',#1696,#1697,#973,.T.);
#2132=EDGE_CURVE('',#1697,#1698,#236,.T.);
#2133=EDGE_CURVE('',#1698,#1699,#974,.T.);
#2134=EDGE_CURVE('',#1699,#1602,#237,.T.);
#2135=EDGE_CURVE('',#1700,#1601,#238,.T.);
#2136=EDGE_CURVE('',#1701,#1700,#975,.T.);
#2137=EDGE_CURVE('',#1702,#1701,#239,.T.);
#2138=EDGE_CURVE('',#1703,#1702,#976,.T.);
#2139=EDGE_CURVE('',#1694,#1703,#240,.T.);
#2140=EDGE_CURVE('',#1659,#1660,#241,.T.);
#2141=EDGE_CURVE('',#1700,#1618,#977,.T.);
#2142=EDGE_CURVE('',#1704,#1704,#242,.T.);
#2143=EDGE_CURVE('',#1704,#1705,#243,.T.);
#2144=EDGE_CURVE('',#1705,#1706,#244,.T.);
#2145=EDGE_CURVE('',#1706,#1705,#245,.T.);
#2146=EDGE_CURVE('',#1706,#1707,#978,.T.);
#2147=EDGE_CURVE('',#1707,#1707,#246,.T.);
#2148=EDGE_CURVE('',#1708,#1680,#979,.T.);
#2149=EDGE_CURVE('',#1708,#1709,#980,.T.);
#2150=EDGE_CURVE('',#1710,#1709,#981,.T.);
#2151=EDGE_CURVE('',#1674,#1710,#982,.T.);
#2152=EDGE_CURVE('',#1589,#1589,#152,.T.);
#2153=EDGE_CURVE('',#1589,#1711,#983,.T.);
#2154=EDGE_CURVE('',#1711,#1711,#247,.T.);
#2155=EDGE_CURVE('',#1712,#1712,#248,.T.);
#2156=EDGE_CURVE('',#1712,#1713,#984,.T.);
#2157=EDGE_CURVE('',#1713,#1713,#249,.T.);
#2158=EDGE_CURVE('',#1714,#1714,#250,.T.);
#2159=EDGE_CURVE('',#1715,#1715,#251,.T.);
#2160=EDGE_CURVE('',#1716,#1716,#252,.T.);
#2161=EDGE_CURVE('',#1716,#1715,#985,.T.);
#2162=EDGE_CURVE('',#1714,#1717,#986,.T.);
#2163=EDGE_CURVE('',#1717,#1717,#253,.T.);
#2164=EDGE_CURVE('',#1718,#1609,#254,.T.);
#2165=EDGE_CURVE('',#1719,#1718,#987,.T.);
#2166=EDGE_CURVE('',#1720,#1719,#255,.T.);
#2167=EDGE_CURVE('',#1721,#1720,#988,.T.);
#2168=EDGE_CURVE('',#1722,#1721,#256,.T.);
#2169=EDGE_CURVE('',#1722,#1723,#989,.T.);
#2170=EDGE_CURVE('',#1724,#1723,#257,.T.);
#2171=EDGE_CURVE('',#1689,#1724,#990,.T.);
#2172=EDGE_CURVE('',#1725,#1725,#258,.T.);
#2173=EDGE_CURVE('',#1726,#1727,#259,.T.);
#2174=EDGE_CURVE('',#1726,#1728,#991,.T.);
#2175=EDGE_CURVE('',#1683,#1728,#260,.T.);
#2176=EDGE_CURVE('',#1710,#1682,#261,.T.);
#2177=EDGE_CURVE('',#1709,#1729,#262,.T.);
#2178=EDGE_CURVE('',#1730,#1729,#992,.T.);
#2179=EDGE_CURVE('',#1730,#1731,#263,.T.);
#2180=EDGE_CURVE('',#1731,#1732,#993,.T.);
#2181=EDGE_CURVE('',#1733,#1732,#264,.T.);
#2182=EDGE_CURVE('',#1733,#1734,#265,.T.);
#2183=EDGE_CURVE('',#1734,#1735,#266,.T.);
#2184=EDGE_CURVE('',#1736,#1735,#267,.T.);
#2185=EDGE_CURVE('',#1736,#1727,#994,.T.);
#2186=EDGE_CURVE('',#1724,#1737,#268,.T.);
#2187=EDGE_CURVE('',#1737,#1690,#995,.T.);
#2188=EDGE_CURVE('',#1738,#1739,#153,.F.);
#2189=EDGE_CURVE('',#1738,#1737,#269,.T.);
#2190=EDGE_CURVE('',#1739,#1723,#154,.F.);
#2191=EDGE_CURVE('',#1738,#1740,#996,.T.);
#2192=EDGE_CURVE('',#1740,#1741,#270,.T.);
#2193=EDGE_CURVE('',#1741,#1737,#997,.T.);
#2194=EDGE_CURVE('',#1691,#1741,#998,.T.);
#2195=EDGE_CURVE('',#1742,#1740,#271,.T.);
#2196=EDGE_CURVE('',#1742,#1743,#999,.T.);
#2197=EDGE_CURVE('',#1744,#1743,#272,.T.);
#2198=EDGE_CURVE('',#1744,#1745,#1000,.T.);
#2199=EDGE_CURVE('',#1746,#1745,#273,.T.);
#2200=EDGE_CURVE('',#1746,#1747,#274,.T.);
#2201=EDGE_CURVE('',#1747,#1748,#275,.T.);
#2202=EDGE_CURVE('',#1749,#1748,#276,.T.);
#2203=EDGE_CURVE('',#1749,#1750,#1001,.T.);
#2204=EDGE_CURVE('',#1750,#1751,#277,.T.);
#2205=EDGE_CURVE('',#1752,#1751,#1002,.T.);
#2206=EDGE_CURVE('',#1752,#1692,#278,.T.);
#2207=EDGE_CURVE('',#1729,#1753,#1003,.T.);
#2208=EDGE_CURVE('',#1754,#1753,#1004,.T.);
#2209=EDGE_CURVE('',#1754,#1730,#1005,.T.);
#2210=EDGE_CURVE('',#1755,#1754,#279,.F.);
#2211=EDGE_CURVE('',#1731,#1755,#1006,.T.);
#2212=EDGE_CURVE('',#1753,#1708,#280,.F.);
#2213=EDGE_CURVE('',#1756,#1757,#1007,.T.);
#2214=EDGE_CURVE('',#1756,#1758,#281,.F.);
#2215=EDGE_CURVE('',#1758,#1755,#1008,.T.);
#2216=EDGE_CURVE('',#1693,#1757,#282,.F.);
#2217=EDGE_CURVE('',#1757,#1752,#1009,.T.);
#2218=EDGE_CURVE('',#1751,#1756,#1010,.T.);
#2219=EDGE_CURVE('',#1758,#1750,#1011,.T.);
#2220=EDGE_CURVE('',#1759,#1759,#283,.T.);
#2221=EDGE_CURVE('',#1760,#1760,#284,.T.);
#2222=EDGE_CURVE('',#1701,#1617,#1012,.T.);
#2223=EDGE_CURVE('',#1761,#1761,#285,.T.);
#2224=EDGE_CURVE('',#1761,#1762,#1013,.T.);
#2225=EDGE_CURVE('',#1762,#1762,#286,.T.);
#2226=EDGE_CURVE('',#1763,#1744,#1014,.T.);
#2227=EDGE_CURVE('',#1764,#1763,#1015,.T.);
#2228=EDGE_CURVE('',#1764,#1745,#1016,.T.);
#2229=EDGE_CURVE('',#1765,#1743,#1017,.T.);
#2230=EDGE_CURVE('',#1765,#1763,#287,.T.);
#2231=EDGE_CURVE('',#1766,#1766,#288,.T.);
#2232=EDGE_CURVE('',#1766,#1767,#1018,.T.);
#2233=EDGE_CURVE('',#1767,#1767,#289,.T.);
#2234=EDGE_CURVE('',#1685,#1548,#1019,.T.);
#2235=EDGE_CURVE('',#1686,#1547,#1020,.T.);
#2236=EDGE_CURVE('',#1604,#1543,#1021,.T.);
#2237=EDGE_CURVE('',#1542,#1605,#1022,.T.);
#2238=EDGE_CURVE('',#1606,#1541,#1023,.T.);
#2239=EDGE_CURVE('',#1540,#1607,#1024,.T.);
#2240=EDGE_CURVE('',#1768,#1769,#29,.T.);
#2241=EDGE_CURVE('',#1769,#1539,#1025,.T.);
#2242=EDGE_CURVE('',#1538,#1768,#1026,.T.);
#2243=EDGE_CURVE('',#1697,#1770,#1027,.T.);
#2244=EDGE_CURVE('',#1771,#1696,#1028,.T.);
#2245=EDGE_CURVE('',#1772,#1771,#1029,.T.);
#2246=EDGE_CURVE('',#1773,#1772,#30,.T.);
#2247=EDGE_CURVE('',#1773,#1770,#1030,.T.);
#2248=EDGE_CURVE('',#1772,#1545,#1031,.T.);
#2249=EDGE_CURVE('',#1544,#1773,#1032,.T.);
#2250=EDGE_CURVE('',#1774,#1603,#117,.T.);
#2251=EDGE_CURVE('',#1699,#1774,#1033,.T.);
#2252=EDGE_CURVE('',#1770,#1775,#118,.T.);
#2253=EDGE_CURVE('',#1774,#1775,#1034,.T.);
#2254=EDGE_CURVE('',#1775,#1698,#1035,.T.);
#2255=EDGE_CURVE('',#1608,#1776,#119,.T.);
#2256=EDGE_CURVE('',#1777,#1769,#1036,.T.);
#2257=EDGE_CURVE('',#1778,#1777,#120,.T.);
#2258=EDGE_CURVE('',#1778,#1776,#1037,.T.);
#2259=EDGE_CURVE('',#1779,#1780,#1038,.T.);
#2260=EDGE_CURVE('',#1781,#1779,#1039,.T.);
#2261=EDGE_CURVE('',#1782,#1781,#1040,.T.);
#2262=EDGE_CURVE('',#1780,#1782,#1041,.T.);
#2263=EDGE_CURVE('',#1781,#1783,#290,.T.);
#2264=EDGE_CURVE('',#1783,#1784,#1042,.T.);
#2265=EDGE_CURVE('',#1784,#1782,#291,.F.);
#2266=EDGE_CURVE('',#1785,#1779,#292,.T.);
#2267=EDGE_CURVE('',#1780,#1786,#293,.F.);
#2268=EDGE_CURVE('',#1786,#1785,#1043,.T.);
#2269=EDGE_CURVE('',#1787,#1788,#1044,.T.);
#2270=EDGE_CURVE('',#1785,#1787,#1045,.T.);
#2271=EDGE_CURVE('',#1788,#1786,#1046,.T.);
#2272=EDGE_CURVE('',#1578,#1787,#294,.T.);
#2273=EDGE_CURVE('',#1788,#1579,#295,.F.);
#2274=EDGE_CURVE('',#1789,#1577,#296,.T.);
#2275=EDGE_CURVE('',#1789,#1783,#1047,.T.);
#2276=EDGE_CURVE('',#1560,#1790,#155,.T.);
#2277=EDGE_CURVE('',#1790,#1791,#31,.T.);
#2278=EDGE_CURVE('',#1791,#1535,#1048,.T.);
#2279=EDGE_CURVE('',#1760,#1556,#1049,.T.);
#2280=EDGE_CURVE('',#1767,#1792,#1050,.T.);
#2281=EDGE_CURVE('',#1793,#1792,#297,.T.);
#2282=EDGE_CURVE('',#1792,#1793,#298,.T.);
#2283=EDGE_CURVE('',#1793,#1555,#1051,.T.);
#2284=EDGE_CURVE('',#1762,#1794,#1052,.T.);
#2285=EDGE_CURVE('',#1794,#1794,#299,.T.);
#2286=EDGE_CURVE('',#1794,#1557,#1053,.T.);
#2287=EDGE_CURVE('',#1795,#1795,#300,.T.);
#2288=EDGE_CURVE('',#1795,#1796,#1054,.T.);
#2289=EDGE_CURVE('',#1796,#1796,#301,.T.);
#2290=EDGE_CURVE('',#1796,#1558,#1055,.T.);
#2291=EDGE_CURVE('',#1536,#1797,#1056,.T.);
#2292=EDGE_CURVE('',#1791,#1797,#1057,.T.);
#2293=EDGE_CURVE('',#1798,#1537,#1058,.T.);
#2294=EDGE_CURVE('',#1798,#1768,#1059,.T.);
#2295=EDGE_CURVE('',#1797,#1798,#302,.T.);
#2296=EDGE_CURVE('',#1546,#1771,#1060,.T.);
#2297=EDGE_CURVE('',#1771,#1686,#303,.T.);
#2298=EDGE_CURVE('',#1580,#1567,#1061,.T.);
#2299=EDGE_CURVE('',#1799,#1799,#304,.T.);
#2300=EDGE_CURVE('',#1800,#1800,#305,.T.);
#2301=EDGE_CURVE('',#1800,#1799,#1062,.T.);
#2302=EDGE_CURVE('',#1784,#1801,#1063,.T.);
#2303=EDGE_CURVE('',#1801,#1789,#1064,.T.);
#2304=EDGE_CURVE('',#1576,#1801,#306,.F.);
#2305=EDGE_CURVE('',#1559,#1742,#1065,.T.);
#2306=EDGE_CURVE('',#1765,#1562,#1066,.T.);
#2307=EDGE_CURVE('',#1790,#1739,#1067,.T.);
#2308=EDGE_CURVE('',#1797,#1722,#1068,.T.);
#2309=EDGE_CURVE('',#1798,#1721,#1069,.T.);
#2310=EDGE_CURVE('',#1777,#1720,#1070,.T.);
#2311=EDGE_CURVE('',#1778,#1719,#1071,.T.);
#2312=EDGE_CURVE('',#1776,#1718,#1072,.T.);
#2313=EDGE_CURVE('',#1802,#1803,#1073,.T.);
#2314=EDGE_CURVE('',#1804,#1803,#307,.F.);
#2315=EDGE_CURVE('',#1804,#1805,#308,.T.);
#2316=EDGE_CURVE('',#1806,#1805,#309,.F.);
#2317=EDGE_CURVE('',#1806,#1807,#1074,.T.);
#2318=EDGE_CURVE('',#1808,#1807,#310,.F.);
#2319=EDGE_CURVE('',#1808,#1809,#311,.T.);
#2320=EDGE_CURVE('',#1764,#1809,#312,.F.);
#2321=EDGE_CURVE('',#1566,#1810,#1075,.T.);
#2322=EDGE_CURVE('',#1810,#1802,#313,.T.);
#2323=EDGE_CURVE('',#1811,#1549,#1076,.T.);
#2324=EDGE_CURVE('',#1684,#1811,#156,.F.);
#2325=EDGE_CURVE('',#1812,#1811,#121,.T.);
#2326=EDGE_CURVE('',#1812,#1565,#1077,.T.);
#2327=EDGE_CURVE('',#1616,#1702,#1078,.T.);
#2328=EDGE_CURVE('',#1703,#1615,#1079,.T.);
#2329=EDGE_CURVE('',#1813,#1814,#314,.T.);
#2330=EDGE_CURVE('',#1813,#1815,#1080,.T.);
#2331=EDGE_CURVE('',#1816,#1815,#315,.T.);
#2332=EDGE_CURVE('',#1816,#1814,#1081,.T.);
#2333=EDGE_CURVE('',#1817,#1813,#1082,.T.);
#2334=EDGE_CURVE('',#1818,#1817,#1083,.T.);
#2335=EDGE_CURVE('',#1815,#1818,#1084,.T.);
#2336=EDGE_CURVE('',#1819,#1817,#316,.T.);
#2337=EDGE_CURVE('',#1819,#1820,#1085,.T.);
#2338=EDGE_CURVE('',#1818,#1820,#317,.T.);
#2339=EDGE_CURVE('',#1821,#1819,#1086,.T.);
#2340=EDGE_CURVE('',#1822,#1821,#1087,.T.);
#2341=EDGE_CURVE('',#1820,#1822,#1088,.T.);
#2342=EDGE_CURVE('',#1823,#1821,#318,.T.);
#2343=EDGE_CURVE('',#1823,#1824,#1089,.T.);
#2344=EDGE_CURVE('',#1822,#1824,#319,.T.);
#2345=EDGE_CURVE('',#1825,#1823,#1090,.T.);
#2346=EDGE_CURVE('',#1826,#1825,#1091,.T.);
#2347=EDGE_CURVE('',#1824,#1826,#1092,.T.);
#2348=EDGE_CURVE('',#1827,#1825,#320,.T.);
#2349=EDGE_CURVE('',#1827,#1828,#1093,.T.);
#2350=EDGE_CURVE('',#1826,#1828,#321,.T.);
#2351=EDGE_CURVE('',#1829,#1827,#1094,.T.);
#2352=EDGE_CURVE('',#1830,#1829,#1095,.T.);
#2353=EDGE_CURVE('',#1828,#1830,#1096,.T.);
#2354=EDGE_CURVE('',#1831,#1829,#322,.T.);
#2355=EDGE_CURVE('',#1831,#1832,#1097,.T.);
#2356=EDGE_CURVE('',#1830,#1832,#323,.T.);
#2357=EDGE_CURVE('',#1833,#1831,#1098,.T.);
#2358=EDGE_CURVE('',#1834,#1833,#1099,.T.);
#2359=EDGE_CURVE('',#1832,#1834,#1100,.T.);
#2360=EDGE_CURVE('',#1835,#1833,#324,.T.);
#2361=EDGE_CURVE('',#1835,#1836,#1101,.T.);
#2362=EDGE_CURVE('',#1834,#1836,#325,.T.);
#2363=EDGE_CURVE('',#1837,#1835,#1102,.T.);
#2364=EDGE_CURVE('',#1838,#1837,#1103,.T.);
#2365=EDGE_CURVE('',#1836,#1838,#1104,.T.);
#2366=EDGE_CURVE('',#1839,#1840,#326,.T.);
#2367=EDGE_CURVE('',#1840,#1841,#1105,.T.);
#2368=EDGE_CURVE('',#1841,#1842,#327,.T.);
#2369=EDGE_CURVE('',#1842,#1843,#1106,.T.);
#2370=EDGE_CURVE('',#1843,#1844,#328,.T.);
#2371=EDGE_CURVE('',#1844,#1845,#1107,.T.);
#2372=EDGE_CURVE('',#1845,#1846,#329,.T.);
#2373=EDGE_CURVE('',#1846,#1816,#1108,.T.);
#2374=EDGE_CURVE('',#1838,#1847,#330,.T.);
#2375=EDGE_CURVE('',#1847,#1848,#1109,.T.);
#2376=EDGE_CURVE('',#1848,#1849,#331,.T.);
#2377=EDGE_CURVE('',#1849,#1839,#1110,.T.);
#2378=EDGE_CURVE('',#1850,#1851,#1111,.T.);
#2379=EDGE_CURVE('',#1852,#1850,#332,.T.);
#2380=EDGE_CURVE('',#1853,#1852,#1112,.T.);
#2381=EDGE_CURVE('',#1854,#1853,#333,.T.);
#2382=EDGE_CURVE('',#1855,#1854,#1113,.T.);
#2383=EDGE_CURVE('',#1856,#1855,#334,.T.);
#2384=EDGE_CURVE('',#1857,#1856,#1114,.T.);
#2385=EDGE_CURVE('',#1858,#1857,#335,.T.);
#2386=EDGE_CURVE('',#1859,#1858,#1115,.T.);
#2387=EDGE_CURVE('',#1860,#1859,#336,.T.);
#2388=EDGE_CURVE('',#1861,#1860,#1116,.T.);
#2389=EDGE_CURVE('',#1862,#1861,#337,.T.);
#2390=EDGE_CURVE('',#1863,#1862,#1117,.T.);
#2391=EDGE_CURVE('',#1864,#1863,#338,.T.);
#2392=EDGE_CURVE('',#1865,#1864,#1118,.T.);
#2393=EDGE_CURVE('',#1866,#1865,#339,.T.);
#2394=EDGE_CURVE('',#1867,#1866,#1119,.T.);
#2395=EDGE_CURVE('',#1868,#1867,#340,.T.);
#2396=EDGE_CURVE('',#1869,#1868,#1120,.T.);
#2397=EDGE_CURVE('',#1870,#1869,#341,.T.);
#2398=EDGE_CURVE('',#1871,#1870,#1121,.T.);
#2399=EDGE_CURVE('',#1872,#1871,#342,.T.);
#2400=EDGE_CURVE('',#1873,#1872,#1122,.T.);
#2401=EDGE_CURVE('',#1851,#1873,#343,.T.);
#2402=EDGE_CURVE('',#1814,#1874,#1123,.T.);
#2403=EDGE_CURVE('',#1874,#1846,#1124,.T.);
#2404=EDGE_CURVE('',#1874,#1875,#344,.T.);
#2405=EDGE_CURVE('',#1845,#1875,#1125,.T.);
#2406=EDGE_CURVE('',#1875,#1876,#1126,.T.);
#2407=EDGE_CURVE('',#1876,#1844,#1127,.T.);
#2408=EDGE_CURVE('',#1876,#1877,#345,.T.);
#2409=EDGE_CURVE('',#1843,#1877,#1128,.T.);
#2410=EDGE_CURVE('',#1877,#1878,#1129,.T.);
#2411=EDGE_CURVE('',#1878,#1842,#1130,.T.);
#2412=EDGE_CURVE('',#1878,#1879,#346,.T.);
#2413=EDGE_CURVE('',#1841,#1879,#1131,.T.);
#2414=EDGE_CURVE('',#1879,#1880,#1132,.T.);
#2415=EDGE_CURVE('',#1880,#1840,#1133,.T.);
#2416=EDGE_CURVE('',#1880,#1881,#347,.T.);
#2417=EDGE_CURVE('',#1839,#1881,#1134,.T.);
#2418=EDGE_CURVE('',#1881,#1882,#1135,.T.);
#2419=EDGE_CURVE('',#1882,#1849,#1136,.T.);
#2420=EDGE_CURVE('',#1882,#1883,#348,.T.);
#2421=EDGE_CURVE('',#1848,#1883,#1137,.T.);
#2422=EDGE_CURVE('',#1883,#1884,#1138,.T.);
#2423=EDGE_CURVE('',#1884,#1847,#1139,.T.);
#2424=EDGE_CURVE('',#1884,#1837,#349,.T.);
#2425=EDGE_CURVE('',#1863,#1835,#1140,.T.);
#2426=EDGE_CURVE('',#1837,#1862,#1141,.T.);
#2427=EDGE_CURVE('',#1884,#1861,#1142,.T.);
#2428=EDGE_CURVE('',#1864,#1833,#1143,.T.);
#2429=EDGE_CURVE('',#1883,#1860,#1144,.T.);
#2430=EDGE_CURVE('',#1865,#1831,#1145,.T.);
#2431=EDGE_CURVE('',#1882,#1859,#1146,.T.);
#2432=EDGE_CURVE('',#1866,#1829,#1147,.T.);
#2433=EDGE_CURVE('',#1881,#1858,#1148,.T.);
#2434=EDGE_CURVE('',#1867,#1827,#1149,.T.);
#2435=EDGE_CURVE('',#1880,#1857,#1150,.T.);
#2436=EDGE_CURVE('',#1868,#1825,#1151,.T.);
#2437=EDGE_CURVE('',#1879,#1856,#1152,.T.);
#2438=EDGE_CURVE('',#1869,#1823,#1153,.T.);
#2439=EDGE_CURVE('',#1878,#1855,#1154,.T.);
#2440=EDGE_CURVE('',#1870,#1821,#1155,.T.);
#2441=EDGE_CURVE('',#1877,#1854,#1156,.T.);
#2442=EDGE_CURVE('',#1871,#1819,#1157,.T.);
#2443=EDGE_CURVE('',#1876,#1853,#1158,.T.);
#2444=EDGE_CURVE('',#1872,#1817,#1159,.T.);
#2445=EDGE_CURVE('',#1875,#1852,#1160,.T.);
#2446=EDGE_CURVE('',#1873,#1813,#1161,.T.);
#2447=EDGE_CURVE('',#1874,#1850,#1162,.T.);
#2448=EDGE_CURVE('',#1851,#1814,#1163,.T.);
#2449=EDGE_CURVE('',#1759,#1725,#1164,.T.);
#2450=EDGE_CURVE('',#1809,#1746,#1165,.T.);
#2451=EDGE_CURVE('',#1766,#1747,#1166,.T.);
#2452=EDGE_CURVE('',#1808,#1748,#1167,.T.);
#2453=EDGE_CURVE('',#1807,#1749,#1168,.T.);
#2454=EDGE_CURVE('',#1732,#1806,#1169,.T.);
#2455=EDGE_CURVE('',#1805,#1733,#1170,.T.);
#2456=EDGE_CURVE('',#1761,#1734,#1171,.T.);
#2457=EDGE_CURVE('',#1735,#1804,#1172,.T.);
#2458=EDGE_CURVE('',#1803,#1736,#1173,.T.);
#2459=EDGE_CURVE('',#1727,#1802,#1174,.T.);
#2460=EDGE_CURVE('',#1810,#1726,#1175,.T.);
#2461=EDGE_CURVE('',#1812,#1728,#1176,.T.);
#2462=ORIENTED_EDGE('',*,*,#1885,.T.);
#2463=ORIENTED_EDGE('',*,*,#1886,.T.);
#2464=ORIENTED_EDGE('',*,*,#1887,.T.);
#2465=ORIENTED_EDGE('',*,*,#1888,.T.);
#2466=ORIENTED_EDGE('',*,*,#1889,.T.);
#2467=ORIENTED_EDGE('',*,*,#1890,.T.);
#2468=ORIENTED_EDGE('',*,*,#1886,.F.);
#2469=ORIENTED_EDGE('',*,*,#1891,.T.);
#2470=ORIENTED_EDGE('',*,*,#1892,.F.);
#2471=ORIENTED_EDGE('',*,*,#1893,.T.);
#2472=ORIENTED_EDGE('',*,*,#1894,.T.);
#2473=ORIENTED_EDGE('',*,*,#1895,.T.);
#2474=ORIENTED_EDGE('',*,*,#1896,.T.);
#2475=ORIENTED_EDGE('',*,*,#1897,.T.);
#2476=ORIENTED_EDGE('',*,*,#1894,.F.);
#2477=ORIENTED_EDGE('',*,*,#1898,.T.);
#2478=ORIENTED_EDGE('',*,*,#1899,.T.);
#2479=ORIENTED_EDGE('',*,*,#1900,.T.);
#2480=ORIENTED_EDGE('',*,*,#1896,.F.);
#2481=ORIENTED_EDGE('',*,*,#1901,.T.);
#2482=ORIENTED_EDGE('',*,*,#1902,.T.);
#2483=ORIENTED_EDGE('',*,*,#1899,.F.);
#2484=ORIENTED_EDGE('',*,*,#1903,.T.);
#2485=ORIENTED_EDGE('',*,*,#1888,.F.);
#2486=ORIENTED_EDGE('',*,*,#1891,.F.);
#2487=ORIENTED_EDGE('',*,*,#1885,.F.);
#2488=ORIENTED_EDGE('',*,*,#1903,.F.);
#2489=ORIENTED_EDGE('',*,*,#1901,.F.);
#2490=ORIENTED_EDGE('',*,*,#1898,.F.);
#2491=ORIENTED_EDGE('',*,*,#1893,.F.);
#2492=ORIENTED_EDGE('',*,*,#1904,.F.);
#2493=ORIENTED_EDGE('',*,*,#1905,.F.);
#2494=ORIENTED_EDGE('',*,*,#1906,.F.);
#2495=ORIENTED_EDGE('',*,*,#1907,.F.);
#2496=ORIENTED_EDGE('',*,*,#1908,.F.);
#2497=ORIENTED_EDGE('',*,*,#1909,.F.);
#2498=ORIENTED_EDGE('',*,*,#1910,.F.);
#2499=ORIENTED_EDGE('',*,*,#1911,.F.);
#2500=ORIENTED_EDGE('',*,*,#1912,.F.);
#2501=ORIENTED_EDGE('',*,*,#1913,.F.);
#2502=ORIENTED_EDGE('',*,*,#1914,.F.);
#2503=ORIENTED_EDGE('',*,*,#1915,.F.);
#2504=ORIENTED_EDGE('',*,*,#1916,.F.);
#2505=ORIENTED_EDGE('',*,*,#1917,.F.);
#2506=ORIENTED_EDGE('',*,*,#1918,.F.);
#2507=ORIENTED_EDGE('',*,*,#1919,.F.);
#2508=ORIENTED_EDGE('',*,*,#1920,.F.);
#2509=ORIENTED_EDGE('',*,*,#1921,.F.);
#2510=ORIENTED_EDGE('',*,*,#1922,.F.);
#2511=ORIENTED_EDGE('',*,*,#1923,.F.);
#2512=ORIENTED_EDGE('',*,*,#1924,.F.);
#2513=ORIENTED_EDGE('',*,*,#1925,.F.);
#2514=ORIENTED_EDGE('',*,*,#1926,.F.);
#2515=ORIENTED_EDGE('',*,*,#1927,.F.);
#2516=ORIENTED_EDGE('',*,*,#1928,.F.);
#2517=ORIENTED_EDGE('',*,*,#1929,.F.);
#2518=ORIENTED_EDGE('',*,*,#1892,.T.);
#2519=ORIENTED_EDGE('',*,*,#1930,.T.);
#2520=ORIENTED_EDGE('',*,*,#1931,.T.);
#2521=ORIENTED_EDGE('',*,*,#1932,.T.);
#2522=ORIENTED_EDGE('',*,*,#1904,.T.);
#2523=ORIENTED_EDGE('',*,*,#1895,.F.);
#2524=ORIENTED_EDGE('',*,*,#1933,.T.);
#2525=ORIENTED_EDGE('',*,*,#1934,.T.);
#2526=ORIENTED_EDGE('',*,*,#1935,.T.);
#2527=ORIENTED_EDGE('',*,*,#1889,.F.);
#2528=ORIENTED_EDGE('',*,*,#1921,.T.);
#2529=ORIENTED_EDGE('',*,*,#1936,.F.);
#2530=ORIENTED_EDGE('',*,*,#1937,.F.);
#2531=ORIENTED_EDGE('',*,*,#1938,.T.);
#2532=ORIENTED_EDGE('',*,*,#1937,.T.);
#2533=ORIENTED_EDGE('',*,*,#1939,.F.);
#2534=ORIENTED_EDGE('',*,*,#1940,.T.);
#2535=ORIENTED_EDGE('',*,*,#1941,.T.);
#2536=ORIENTED_EDGE('',*,*,#1942,.T.);
#2537=ORIENTED_EDGE('',*,*,#1900,.F.);
#2538=ORIENTED_EDGE('',*,*,#1943,.T.);
#2539=ORIENTED_EDGE('',*,*,#1944,.T.);
#2540=ORIENTED_EDGE('',*,*,#1945,.T.);
#2541=ORIENTED_EDGE('',*,*,#1944,.F.);
#2542=ORIENTED_EDGE('',*,*,#1946,.T.);
#2543=ORIENTED_EDGE('',*,*,#1947,.F.);
#2544=ORIENTED_EDGE('',*,*,#1948,.F.);
#2545=ORIENTED_EDGE('',*,*,#1949,.T.);
#2546=ORIENTED_EDGE('',*,*,#1902,.F.);
#2547=ORIENTED_EDGE('',*,*,#1950,.F.);
#2548=ORIENTED_EDGE('',*,*,#1946,.F.);
#2549=ORIENTED_EDGE('',*,*,#1943,.F.);
#2550=ORIENTED_EDGE('',*,*,#1897,.F.);
#2551=ORIENTED_EDGE('',*,*,#1945,.F.);
#2552=ORIENTED_EDGE('',*,*,#1949,.F.);
#2553=ORIENTED_EDGE('',*,*,#1951,.F.);
#2554=ORIENTED_EDGE('',*,*,#1952,.F.);
#2555=ORIENTED_EDGE('',*,*,#1933,.F.);
#2556=ORIENTED_EDGE('',*,*,#1948,.T.);
#2557=ORIENTED_EDGE('',*,*,#1953,.T.);
#2558=ORIENTED_EDGE('',*,*,#1954,.T.);
#2559=ORIENTED_EDGE('',*,*,#1951,.T.);
#2560=ORIENTED_EDGE('',*,*,#1887,.F.);
#2561=ORIENTED_EDGE('',*,*,#1955,.F.);
#2562=ORIENTED_EDGE('',*,*,#1956,.F.);
#2563=ORIENTED_EDGE('',*,*,#1957,.F.);
#2564=ORIENTED_EDGE('',*,*,#1958,.F.);
#2565=ORIENTED_EDGE('',*,*,#1959,.F.);
#2566=ORIENTED_EDGE('',*,*,#1960,.F.);
#2567=ORIENTED_EDGE('',*,*,#1953,.F.);
#2568=ORIENTED_EDGE('',*,*,#1947,.T.);
#2569=ORIENTED_EDGE('',*,*,#1950,.T.);
#2570=ORIENTED_EDGE('',*,*,#1890,.F.);
#2571=ORIENTED_EDGE('',*,*,#1961,.T.);
#2572=ORIENTED_EDGE('',*,*,#1962,.T.);
#2573=ORIENTED_EDGE('',*,*,#1955,.T.);
#2574=ORIENTED_EDGE('',*,*,#1963,.T.);
#2575=ORIENTED_EDGE('',*,*,#1964,.T.);
#2576=ORIENTED_EDGE('',*,*,#1965,.T.);
#2577=ORIENTED_EDGE('',*,*,#1966,.T.);
#2578=ORIENTED_EDGE('',*,*,#1967,.T.);
#2579=ORIENTED_EDGE('',*,*,#1968,.T.);
#2580=ORIENTED_EDGE('',*,*,#1963,.F.);
#2581=ORIENTED_EDGE('',*,*,#1969,.T.);
#2582=ORIENTED_EDGE('',*,*,#1969,.F.);
#2583=ORIENTED_EDGE('',*,*,#1970,.T.);
#2584=ORIENTED_EDGE('',*,*,#1971,.T.);
#2585=ORIENTED_EDGE('',*,*,#1972,.F.);
#2586=ORIENTED_EDGE('',*,*,#1973,.F.);
#2587=ORIENTED_EDGE('',*,*,#1966,.F.);
#2588=ORIENTED_EDGE('',*,*,#1974,.T.);
#2589=ORIENTED_EDGE('',*,*,#1975,.T.);
#2590=ORIENTED_EDGE('',*,*,#1970,.F.);
#2591=ORIENTED_EDGE('',*,*,#1976,.T.);
#2592=ORIENTED_EDGE('',*,*,#1977,.T.);
#2593=ORIENTED_EDGE('',*,*,#1978,.T.);
#2594=ORIENTED_EDGE('',*,*,#1979,.T.);
#2595=ORIENTED_EDGE('',*,*,#1980,.T.);
#2596=ORIENTED_EDGE('',*,*,#1981,.T.);
#2597=ORIENTED_EDGE('',*,*,#1976,.F.);
#2598=ORIENTED_EDGE('',*,*,#1982,.T.);
#2599=ORIENTED_EDGE('',*,*,#1983,.T.);
#2600=ORIENTED_EDGE('',*,*,#1984,.T.);
#2601=ORIENTED_EDGE('',*,*,#1980,.F.);
#2602=ORIENTED_EDGE('',*,*,#1985,.T.);
#2603=ORIENTED_EDGE('',*,*,#1968,.F.);
#2604=ORIENTED_EDGE('',*,*,#1986,.F.);
#2605=ORIENTED_EDGE('',*,*,#1985,.F.);
#2606=ORIENTED_EDGE('',*,*,#1982,.F.);
#2607=ORIENTED_EDGE('',*,*,#1979,.F.);
#2608=ORIENTED_EDGE('',*,*,#1987,.F.);
#2609=ORIENTED_EDGE('',*,*,#1964,.F.);
#2610=ORIENTED_EDGE('',*,*,#1988,.F.);
#2611=ORIENTED_EDGE('',*,*,#1989,.F.);
#2612=ORIENTED_EDGE('',*,*,#1990,.F.);
#2613=ORIENTED_EDGE('',*,*,#1991,.F.);
#2614=ORIENTED_EDGE('',*,*,#1992,.F.);
#2615=ORIENTED_EDGE('',*,*,#1993,.T.);
#2616=ORIENTED_EDGE('',*,*,#1994,.F.);
#2617=ORIENTED_EDGE('',*,*,#1995,.F.);
#2618=ORIENTED_EDGE('',*,*,#1996,.F.);
#2619=ORIENTED_EDGE('',*,*,#1997,.T.);
#2620=ORIENTED_EDGE('',*,*,#1998,.T.);
#2621=ORIENTED_EDGE('',*,*,#1999,.T.);
#2622=ORIENTED_EDGE('',*,*,#1974,.F.);
#2623=ORIENTED_EDGE('',*,*,#1965,.F.);
#2624=ORIENTED_EDGE('',*,*,#1987,.T.);
#2625=ORIENTED_EDGE('',*,*,#1978,.F.);
#2626=ORIENTED_EDGE('',*,*,#1977,.F.);
#2627=ORIENTED_EDGE('',*,*,#2000,.T.);
#2628=ORIENTED_EDGE('',*,*,#2001,.T.);
#2629=ORIENTED_EDGE('',*,*,#1988,.T.);
#2630=ORIENTED_EDGE('',*,*,#1981,.F.);
#2631=ORIENTED_EDGE('',*,*,#2002,.F.);
#2632=ORIENTED_EDGE('',*,*,#2003,.F.);
#2633=ORIENTED_EDGE('',*,*,#2000,.F.);
#2634=ORIENTED_EDGE('',*,*,#1984,.F.);
#2635=ORIENTED_EDGE('',*,*,#2004,.T.);
#2636=ORIENTED_EDGE('',*,*,#2005,.T.);
#2637=ORIENTED_EDGE('',*,*,#2002,.T.);
#2638=ORIENTED_EDGE('',*,*,#2005,.F.);
#2639=ORIENTED_EDGE('',*,*,#2006,.T.);
#2640=ORIENTED_EDGE('',*,*,#2007,.T.);
#2641=ORIENTED_EDGE('',*,*,#2008,.T.);
#2642=ORIENTED_EDGE('',*,*,#2009,.T.);
#2643=ORIENTED_EDGE('',*,*,#2010,.T.);
#2644=ORIENTED_EDGE('',*,*,#2011,.T.);
#2645=ORIENTED_EDGE('',*,*,#2012,.T.);
#2646=ORIENTED_EDGE('',*,*,#1989,.T.);
#2647=ORIENTED_EDGE('',*,*,#2001,.F.);
#2648=ORIENTED_EDGE('',*,*,#2003,.T.);
#2649=ORIENTED_EDGE('',*,*,#2013,.T.);
#2650=ORIENTED_EDGE('',*,*,#2014,.T.);
#2651=ORIENTED_EDGE('',*,*,#2015,.T.);
#2652=ORIENTED_EDGE('',*,*,#2016,.T.);
#2653=ORIENTED_EDGE('',*,*,#2014,.F.);
#2654=ORIENTED_EDGE('',*,*,#2017,.F.);
#2655=ORIENTED_EDGE('',*,*,#2018,.F.);
#2656=ORIENTED_EDGE('',*,*,#2019,.F.);
#2657=ORIENTED_EDGE('',*,*,#2020,.T.);
#2658=ORIENTED_EDGE('',*,*,#2021,.T.);
#2659=ORIENTED_EDGE('',*,*,#2022,.T.);
#2660=ORIENTED_EDGE('',*,*,#2023,.T.);
#2661=ORIENTED_EDGE('',*,*,#2017,.T.);
#2662=ORIENTED_EDGE('',*,*,#2022,.F.);
#2663=ORIENTED_EDGE('',*,*,#2024,.F.);
#2664=ORIENTED_EDGE('',*,*,#2025,.F.);
#2665=ORIENTED_EDGE('',*,*,#2026,.T.);
#2666=ORIENTED_EDGE('',*,*,#2027,.T.);
#2667=ORIENTED_EDGE('',*,*,#2028,.T.);
#2668=ORIENTED_EDGE('',*,*,#2029,.T.);
#2669=ORIENTED_EDGE('',*,*,#2027,.F.);
#2670=ORIENTED_EDGE('',*,*,#2030,.F.);
#2671=ORIENTED_EDGE('',*,*,#2031,.F.);
#2672=ORIENTED_EDGE('',*,*,#2032,.F.);
#2673=ORIENTED_EDGE('',*,*,#2033,.T.);
#2674=ORIENTED_EDGE('',*,*,#2034,.T.);
#2675=ORIENTED_EDGE('',*,*,#2035,.T.);
#2676=ORIENTED_EDGE('',*,*,#2035,.F.);
#2677=ORIENTED_EDGE('',*,*,#2036,.F.);
#2678=ORIENTED_EDGE('',*,*,#2037,.F.);
#2679=ORIENTED_EDGE('',*,*,#2038,.T.);
#2680=ORIENTED_EDGE('',*,*,#1922,.T.);
#2681=ORIENTED_EDGE('',*,*,#2039,.T.);
#2682=ORIENTED_EDGE('',*,*,#2040,.T.);
#2683=ORIENTED_EDGE('',*,*,#2039,.F.);
#2684=ORIENTED_EDGE('',*,*,#1925,.T.);
#2685=ORIENTED_EDGE('',*,*,#2041,.T.);
#2686=ORIENTED_EDGE('',*,*,#2042,.T.);
#2687=ORIENTED_EDGE('',*,*,#2043,.T.);
#2688=ORIENTED_EDGE('',*,*,#1923,.T.);
#2689=ORIENTED_EDGE('',*,*,#2038,.F.);
#2690=ORIENTED_EDGE('',*,*,#2044,.T.);
#2691=ORIENTED_EDGE('',*,*,#2041,.F.);
#2692=ORIENTED_EDGE('',*,*,#1924,.T.);
#2693=ORIENTED_EDGE('',*,*,#2043,.F.);
#2694=ORIENTED_EDGE('',*,*,#2045,.T.);
#2695=ORIENTED_EDGE('',*,*,#2044,.F.);
#2696=ORIENTED_EDGE('',*,*,#2046,.T.);
#2697=ORIENTED_EDGE('',*,*,#2047,.T.);
#2698=ORIENTED_EDGE('',*,*,#2048,.F.);
#2699=ORIENTED_EDGE('',*,*,#2040,.F.);
#2700=ORIENTED_EDGE('',*,*,#2049,.T.);
#2701=ORIENTED_EDGE('',*,*,#2050,.T.);
#2702=ORIENTED_EDGE('',*,*,#2051,.T.);
#2703=ORIENTED_EDGE('',*,*,#2052,.T.);
#2704=ORIENTED_EDGE('',*,*,#2053,.F.);
#2705=ORIENTED_EDGE('',*,*,#2054,.T.);
#2706=ORIENTED_EDGE('',*,*,#2046,.F.);
#2707=ORIENTED_EDGE('',*,*,#2055,.F.);
#2708=ORIENTED_EDGE('',*,*,#2056,.F.);
#2709=ORIENTED_EDGE('',*,*,#2057,.F.);
#2710=ORIENTED_EDGE('',*,*,#2052,.F.);
#2711=ORIENTED_EDGE('',*,*,#2058,.F.);
#2712=ORIENTED_EDGE('',*,*,#2059,.F.);
#2713=ORIENTED_EDGE('',*,*,#2060,.F.);
#2714=ORIENTED_EDGE('',*,*,#2061,.F.);
#2715=ORIENTED_EDGE('',*,*,#2045,.F.);
#2716=ORIENTED_EDGE('',*,*,#2048,.T.);
#2717=ORIENTED_EDGE('',*,*,#2062,.T.);
#2718=ORIENTED_EDGE('',*,*,#2063,.T.);
#2719=ORIENTED_EDGE('',*,*,#2059,.T.);
#2720=ORIENTED_EDGE('',*,*,#2064,.F.);
#2721=ORIENTED_EDGE('',*,*,#2065,.T.);
#2722=ORIENTED_EDGE('',*,*,#2066,.F.);
#2723=ORIENTED_EDGE('',*,*,#2067,.T.);
#2724=ORIENTED_EDGE('',*,*,#2062,.F.);
#2725=ORIENTED_EDGE('',*,*,#2047,.F.);
#2726=ORIENTED_EDGE('',*,*,#2054,.F.);
#2727=ORIENTED_EDGE('',*,*,#2068,.T.);
#2728=ORIENTED_EDGE('',*,*,#2050,.F.);
#2729=ORIENTED_EDGE('',*,*,#2069,.F.);
#2730=ORIENTED_EDGE('',*,*,#2065,.F.);
#2731=ORIENTED_EDGE('',*,*,#2061,.T.);
#2732=ORIENTED_EDGE('',*,*,#2070,.T.);
#2733=ORIENTED_EDGE('',*,*,#2024,.T.);
#2734=ORIENTED_EDGE('',*,*,#2021,.F.);
#2735=ORIENTED_EDGE('',*,*,#2013,.F.);
#2736=ORIENTED_EDGE('',*,*,#2071,.T.);
#2737=ORIENTED_EDGE('',*,*,#2072,.F.);
#2738=ORIENTED_EDGE('',*,*,#2016,.F.);
#2739=ORIENTED_EDGE('',*,*,#2073,.F.);
#2740=ORIENTED_EDGE('',*,*,#2071,.F.);
#2741=ORIENTED_EDGE('',*,*,#2056,.T.);
#2742=ORIENTED_EDGE('',*,*,#2074,.T.);
#2743=ORIENTED_EDGE('',*,*,#2030,.T.);
#2744=ORIENTED_EDGE('',*,*,#2026,.F.);
#2745=ORIENTED_EDGE('',*,*,#2032,.T.);
#2746=ORIENTED_EDGE('',*,*,#2037,.T.);
#2747=ORIENTED_EDGE('',*,*,#2075,.F.);
#2748=ORIENTED_EDGE('',*,*,#2076,.T.);
#2749=ORIENTED_EDGE('',*,*,#2077,.F.);
#2750=ORIENTED_EDGE('',*,*,#2018,.T.);
#2751=ORIENTED_EDGE('',*,*,#2023,.F.);
#2752=ORIENTED_EDGE('',*,*,#2025,.T.);
#2753=ORIENTED_EDGE('',*,*,#2070,.F.);
#2754=ORIENTED_EDGE('',*,*,#2060,.T.);
#2755=ORIENTED_EDGE('',*,*,#2063,.F.);
#2756=ORIENTED_EDGE('',*,*,#2067,.F.);
#2757=ORIENTED_EDGE('',*,*,#2053,.T.);
#2758=ORIENTED_EDGE('',*,*,#2057,.T.);
#2759=ORIENTED_EDGE('',*,*,#2075,.T.);
#2760=ORIENTED_EDGE('',*,*,#2036,.T.);
#2761=ORIENTED_EDGE('',*,*,#2034,.F.);
#2762=ORIENTED_EDGE('',*,*,#2042,.F.);
#2763=ORIENTED_EDGE('',*,*,#2066,.T.);
#2764=ORIENTED_EDGE('',*,*,#2069,.T.);
#2765=ORIENTED_EDGE('',*,*,#2049,.F.);
#2766=ORIENTED_EDGE('',*,*,#2020,.F.);
#2767=ORIENTED_EDGE('',*,*,#2078,.F.);
#2768=ORIENTED_EDGE('',*,*,#2079,.T.);
#2769=ORIENTED_EDGE('',*,*,#2028,.F.);
#2770=ORIENTED_EDGE('',*,*,#2031,.T.);
#2771=ORIENTED_EDGE('',*,*,#2074,.F.);
#2772=ORIENTED_EDGE('',*,*,#2055,.T.);
#2773=ORIENTED_EDGE('',*,*,#2051,.F.);
#2774=ORIENTED_EDGE('',*,*,#2068,.F.);
#2775=ORIENTED_EDGE('',*,*,#2064,.T.);
#2776=ORIENTED_EDGE('',*,*,#2058,.T.);
#2777=ORIENTED_EDGE('',*,*,#2072,.T.);
#2778=ORIENTED_EDGE('',*,*,#2073,.T.);
#2779=ORIENTED_EDGE('',*,*,#2015,.F.);
#2780=ORIENTED_EDGE('',*,*,#2080,.T.);
#2781=ORIENTED_EDGE('',*,*,#2081,.T.);
#2782=ORIENTED_EDGE('',*,*,#2082,.T.);
#2783=ORIENTED_EDGE('',*,*,#2083,.F.);
#2784=ORIENTED_EDGE('',*,*,#2084,.T.);
#2785=ORIENTED_EDGE('',*,*,#2085,.T.);
#2786=ORIENTED_EDGE('',*,*,#2086,.T.);
#2787=ORIENTED_EDGE('',*,*,#2081,.F.);
#2788=ORIENTED_EDGE('',*,*,#2087,.T.);
#2789=ORIENTED_EDGE('',*,*,#2088,.F.);
#2790=ORIENTED_EDGE('',*,*,#2089,.T.);
#2791=ORIENTED_EDGE('',*,*,#2084,.F.);
#2792=ORIENTED_EDGE('',*,*,#2082,.F.);
#2793=ORIENTED_EDGE('',*,*,#2086,.F.);
#2794=ORIENTED_EDGE('',*,*,#2090,.F.);
#2795=ORIENTED_EDGE('',*,*,#2091,.F.);
#2796=ORIENTED_EDGE('',*,*,#2092,.F.);
#2797=ORIENTED_EDGE('',*,*,#2093,.T.);
#2798=ORIENTED_EDGE('',*,*,#2087,.F.);
#2799=ORIENTED_EDGE('',*,*,#2094,.T.);
#2800=ORIENTED_EDGE('',*,*,#2095,.T.);
#2801=ORIENTED_EDGE('',*,*,#2096,.T.);
#2802=ORIENTED_EDGE('',*,*,#2097,.T.);
#2803=ORIENTED_EDGE('',*,*,#2098,.T.);
#2804=ORIENTED_EDGE('',*,*,#2099,.T.);
#2805=ORIENTED_EDGE('',*,*,#2092,.T.);
#2806=ORIENTED_EDGE('',*,*,#2100,.T.);
#2807=ORIENTED_EDGE('',*,*,#2097,.F.);
#2808=ORIENTED_EDGE('',*,*,#2091,.T.);
#2809=ORIENTED_EDGE('',*,*,#2101,.F.);
#2810=ORIENTED_EDGE('',*,*,#2102,.T.);
#2811=ORIENTED_EDGE('',*,*,#2103,.F.);
#2812=ORIENTED_EDGE('',*,*,#2104,.T.);
#2813=ORIENTED_EDGE('',*,*,#2102,.F.);
#2814=ORIENTED_EDGE('',*,*,#2104,.F.);
#2815=ORIENTED_EDGE('',*,*,#2105,.F.);
#2816=ORIENTED_EDGE('',*,*,#2106,.T.);
#2817=ORIENTED_EDGE('',*,*,#2107,.F.);
#2818=ORIENTED_EDGE('',*,*,#2080,.F.);
#2819=ORIENTED_EDGE('',*,*,#2108,.F.);
#2820=ORIENTED_EDGE('',*,*,#2109,.F.);
#2821=ORIENTED_EDGE('',*,*,#2094,.F.);
#2822=ORIENTED_EDGE('',*,*,#2110,.F.);
#2823=ORIENTED_EDGE('',*,*,#2111,.F.);
#2824=ORIENTED_EDGE('',*,*,#2112,.F.);
#2825=ORIENTED_EDGE('',*,*,#2113,.T.);
#2826=ORIENTED_EDGE('',*,*,#2114,.T.);
#2827=ORIENTED_EDGE('',*,*,#2115,.T.);
#2828=ORIENTED_EDGE('',*,*,#2116,.F.);
#2829=ORIENTED_EDGE('',*,*,#2117,.F.);
#2830=ORIENTED_EDGE('',*,*,#2088,.T.);
#2831=ORIENTED_EDGE('',*,*,#2083,.T.);
#2832=ORIENTED_EDGE('',*,*,#2093,.F.);
#2833=ORIENTED_EDGE('',*,*,#2099,.F.);
#2834=ORIENTED_EDGE('',*,*,#2006,.F.);
#2835=ORIENTED_EDGE('',*,*,#2004,.F.);
#2836=ORIENTED_EDGE('',*,*,#1983,.F.);
#2837=ORIENTED_EDGE('',*,*,#1986,.T.);
#2838=ORIENTED_EDGE('',*,*,#1967,.F.);
#2839=ORIENTED_EDGE('',*,*,#1973,.T.);
#2840=ORIENTED_EDGE('',*,*,#2118,.F.);
#2841=ORIENTED_EDGE('',*,*,#1972,.T.);
#2842=ORIENTED_EDGE('',*,*,#2119,.T.);
#2843=ORIENTED_EDGE('',*,*,#2120,.F.);
#2844=ORIENTED_EDGE('',*,*,#2121,.T.);
#2845=ORIENTED_EDGE('',*,*,#2122,.F.);
#2846=ORIENTED_EDGE('',*,*,#2123,.T.);
#2847=ORIENTED_EDGE('',*,*,#2124,.T.);
#2848=ORIENTED_EDGE('',*,*,#2105,.T.);
#2849=ORIENTED_EDGE('',*,*,#2103,.T.);
#2850=ORIENTED_EDGE('',*,*,#2101,.T.);
#2851=ORIENTED_EDGE('',*,*,#2090,.T.);
#2852=ORIENTED_EDGE('',*,*,#2085,.F.);
#2853=ORIENTED_EDGE('',*,*,#2096,.F.);
#2854=ORIENTED_EDGE('',*,*,#2125,.F.);
#2855=ORIENTED_EDGE('',*,*,#2126,.T.);
#2856=ORIENTED_EDGE('',*,*,#2007,.F.);
#2857=ORIENTED_EDGE('',*,*,#2127,.T.);
#2858=ORIENTED_EDGE('',*,*,#2128,.F.);
#2859=ORIENTED_EDGE('',*,*,#2127,.F.);
#2860=ORIENTED_EDGE('',*,*,#2089,.F.);
#2861=ORIENTED_EDGE('',*,*,#2117,.T.);
#2862=ORIENTED_EDGE('',*,*,#2129,.T.);
#2863=ORIENTED_EDGE('',*,*,#2108,.T.);
#2864=ORIENTED_EDGE('',*,*,#2129,.F.);
#2865=ORIENTED_EDGE('',*,*,#2116,.T.);
#2866=ORIENTED_EDGE('',*,*,#2130,.T.);
#2867=ORIENTED_EDGE('',*,*,#2131,.T.);
#2868=ORIENTED_EDGE('',*,*,#2132,.T.);
#2869=ORIENTED_EDGE('',*,*,#2133,.T.);
#2870=ORIENTED_EDGE('',*,*,#2134,.T.);
#2871=ORIENTED_EDGE('',*,*,#1991,.T.);
#2872=ORIENTED_EDGE('',*,*,#2135,.F.);
#2873=ORIENTED_EDGE('',*,*,#2136,.F.);
#2874=ORIENTED_EDGE('',*,*,#2137,.F.);
#2875=ORIENTED_EDGE('',*,*,#2138,.F.);
#2876=ORIENTED_EDGE('',*,*,#2139,.F.);
#2877=ORIENTED_EDGE('',*,*,#2125,.T.);
#2878=ORIENTED_EDGE('',*,*,#2095,.F.);
#2879=ORIENTED_EDGE('',*,*,#2109,.T.);
#2880=ORIENTED_EDGE('',*,*,#2077,.T.);
#2881=ORIENTED_EDGE('',*,*,#2140,.T.);
#2882=ORIENTED_EDGE('',*,*,#2078,.T.);
#2883=ORIENTED_EDGE('',*,*,#2019,.T.);
#2884=ORIENTED_EDGE('',*,*,#2135,.T.);
#2885=ORIENTED_EDGE('',*,*,#1990,.T.);
#2886=ORIENTED_EDGE('',*,*,#2012,.F.);
#2887=ORIENTED_EDGE('',*,*,#2141,.F.);
#2888=ORIENTED_EDGE('',*,*,#2142,.T.);
#2889=ORIENTED_EDGE('',*,*,#2143,.T.);
#2890=ORIENTED_EDGE('',*,*,#2144,.T.);
#2891=ORIENTED_EDGE('',*,*,#2145,.T.);
#2892=ORIENTED_EDGE('',*,*,#2143,.F.);
#2893=ORIENTED_EDGE('',*,*,#2145,.F.);
#2894=ORIENTED_EDGE('',*,*,#2146,.T.);
#2895=ORIENTED_EDGE('',*,*,#2147,.T.);
#2896=ORIENTED_EDGE('',*,*,#2146,.F.);
#2897=ORIENTED_EDGE('',*,*,#2144,.F.);
#2898=ORIENTED_EDGE('',*,*,#2100,.F.);
#2899=ORIENTED_EDGE('',*,*,#2107,.T.);
#2900=ORIENTED_EDGE('',*,*,#2148,.F.);
#2901=ORIENTED_EDGE('',*,*,#2149,.T.);
#2902=ORIENTED_EDGE('',*,*,#2150,.F.);
#2903=ORIENTED_EDGE('',*,*,#2151,.F.);
#2904=ORIENTED_EDGE('',*,*,#2142,.F.);
#2905=ORIENTED_EDGE('',*,*,#2152,.T.);
#2906=ORIENTED_EDGE('',*,*,#2118,.T.);
#2907=ORIENTED_EDGE('',*,*,#2152,.F.);
#2908=ORIENTED_EDGE('',*,*,#2153,.T.);
#2909=ORIENTED_EDGE('',*,*,#2154,.T.);
#2910=ORIENTED_EDGE('',*,*,#2153,.F.);
#2911=ORIENTED_EDGE('',*,*,#2154,.F.);
#2912=ORIENTED_EDGE('',*,*,#2155,.F.);
#2913=ORIENTED_EDGE('',*,*,#2155,.T.);
#2914=ORIENTED_EDGE('',*,*,#2156,.T.);
#2915=ORIENTED_EDGE('',*,*,#2157,.T.);
#2916=ORIENTED_EDGE('',*,*,#2156,.F.);
#2917=ORIENTED_EDGE('',*,*,#2147,.F.);
#2918=ORIENTED_EDGE('',*,*,#2158,.F.);
#2919=ORIENTED_EDGE('',*,*,#2128,.T.);
#2920=ORIENTED_EDGE('',*,*,#2159,.T.);
#2921=ORIENTED_EDGE('',*,*,#2160,.F.);
#2922=ORIENTED_EDGE('',*,*,#2161,.T.);
#2923=ORIENTED_EDGE('',*,*,#2159,.F.);
#2924=ORIENTED_EDGE('',*,*,#2161,.F.);
#2925=ORIENTED_EDGE('',*,*,#2158,.T.);
#2926=ORIENTED_EDGE('',*,*,#2162,.T.);
#2927=ORIENTED_EDGE('',*,*,#2163,.T.);
#2928=ORIENTED_EDGE('',*,*,#2162,.F.);
#2929=ORIENTED_EDGE('',*,*,#1975,.F.);
#2930=ORIENTED_EDGE('',*,*,#1999,.F.);
#2931=ORIENTED_EDGE('',*,*,#2164,.F.);
#2932=ORIENTED_EDGE('',*,*,#2165,.F.);
#2933=ORIENTED_EDGE('',*,*,#2166,.F.);
#2934=ORIENTED_EDGE('',*,*,#2167,.F.);
#2935=ORIENTED_EDGE('',*,*,#2168,.F.);
#2936=ORIENTED_EDGE('',*,*,#2169,.T.);
#2937=ORIENTED_EDGE('',*,*,#2170,.F.);
#2938=ORIENTED_EDGE('',*,*,#2171,.F.);
#2939=ORIENTED_EDGE('',*,*,#2119,.F.);
#2940=ORIENTED_EDGE('',*,*,#1971,.F.);
#2941=ORIENTED_EDGE('',*,*,#2172,.F.);
#2942=ORIENTED_EDGE('',*,*,#2173,.F.);
#2943=ORIENTED_EDGE('',*,*,#2174,.T.);
#2944=ORIENTED_EDGE('',*,*,#2175,.F.);
#2945=ORIENTED_EDGE('',*,*,#2111,.T.);
#2946=ORIENTED_EDGE('',*,*,#2176,.F.);
#2947=ORIENTED_EDGE('',*,*,#2150,.T.);
#2948=ORIENTED_EDGE('',*,*,#2177,.T.);
#2949=ORIENTED_EDGE('',*,*,#2178,.F.);
#2950=ORIENTED_EDGE('',*,*,#2179,.T.);
#2951=ORIENTED_EDGE('',*,*,#2180,.T.);
#2952=ORIENTED_EDGE('',*,*,#2181,.F.);
#2953=ORIENTED_EDGE('',*,*,#2182,.T.);
#2954=ORIENTED_EDGE('',*,*,#2183,.T.);
#2955=ORIENTED_EDGE('',*,*,#2184,.F.);
#2956=ORIENTED_EDGE('',*,*,#2185,.T.);
#2957=ORIENTED_EDGE('',*,*,#2186,.T.);
#2958=ORIENTED_EDGE('',*,*,#2187,.T.);
#2959=ORIENTED_EDGE('',*,*,#2120,.T.);
#2960=ORIENTED_EDGE('',*,*,#2171,.T.);
#2961=ORIENTED_EDGE('',*,*,#2188,.F.);
#2962=ORIENTED_EDGE('',*,*,#2189,.T.);
#2963=ORIENTED_EDGE('',*,*,#2186,.F.);
#2964=ORIENTED_EDGE('',*,*,#2170,.T.);
#2965=ORIENTED_EDGE('',*,*,#2190,.F.);
#2966=ORIENTED_EDGE('',*,*,#2189,.F.);
#2967=ORIENTED_EDGE('',*,*,#2191,.T.);
#2968=ORIENTED_EDGE('',*,*,#2192,.T.);
#2969=ORIENTED_EDGE('',*,*,#2193,.T.);
#2970=ORIENTED_EDGE('',*,*,#2187,.F.);
#2971=ORIENTED_EDGE('',*,*,#2193,.F.);
#2972=ORIENTED_EDGE('',*,*,#2194,.F.);
#2973=ORIENTED_EDGE('',*,*,#2121,.F.);
#2974=ORIENTED_EDGE('',*,*,#2192,.F.);
#2975=ORIENTED_EDGE('',*,*,#2195,.F.);
#2976=ORIENTED_EDGE('',*,*,#2196,.T.);
#2977=ORIENTED_EDGE('',*,*,#2197,.F.);
#2978=ORIENTED_EDGE('',*,*,#2198,.T.);
#2979=ORIENTED_EDGE('',*,*,#2199,.F.);
#2980=ORIENTED_EDGE('',*,*,#2200,.T.);
#2981=ORIENTED_EDGE('',*,*,#2201,.T.);
#2982=ORIENTED_EDGE('',*,*,#2202,.F.);
#2983=ORIENTED_EDGE('',*,*,#2203,.T.);
#2984=ORIENTED_EDGE('',*,*,#2204,.T.);
#2985=ORIENTED_EDGE('',*,*,#2205,.F.);
#2986=ORIENTED_EDGE('',*,*,#2206,.T.);
#2987=ORIENTED_EDGE('',*,*,#2122,.T.);
#2988=ORIENTED_EDGE('',*,*,#2194,.T.);
#2989=ORIENTED_EDGE('',*,*,#2207,.T.);
#2990=ORIENTED_EDGE('',*,*,#2208,.F.);
#2991=ORIENTED_EDGE('',*,*,#2209,.T.);
#2992=ORIENTED_EDGE('',*,*,#2178,.T.);
#2993=ORIENTED_EDGE('',*,*,#2179,.F.);
#2994=ORIENTED_EDGE('',*,*,#2209,.F.);
#2995=ORIENTED_EDGE('',*,*,#2210,.F.);
#2996=ORIENTED_EDGE('',*,*,#2211,.F.);
#2997=ORIENTED_EDGE('',*,*,#2177,.F.);
#2998=ORIENTED_EDGE('',*,*,#2149,.F.);
#2999=ORIENTED_EDGE('',*,*,#2212,.F.);
#3000=ORIENTED_EDGE('',*,*,#2207,.F.);
#3001=ORIENTED_EDGE('',*,*,#2213,.F.);
#3002=ORIENTED_EDGE('',*,*,#2214,.T.);
#3003=ORIENTED_EDGE('',*,*,#2215,.T.);
#3004=ORIENTED_EDGE('',*,*,#2210,.T.);
#3005=ORIENTED_EDGE('',*,*,#2208,.T.);
#3006=ORIENTED_EDGE('',*,*,#2212,.T.);
#3007=ORIENTED_EDGE('',*,*,#2148,.T.);
#3008=ORIENTED_EDGE('',*,*,#2106,.F.);
#3009=ORIENTED_EDGE('',*,*,#2124,.F.);
#3010=ORIENTED_EDGE('',*,*,#2216,.T.);
#3011=ORIENTED_EDGE('',*,*,#2206,.F.);
#3012=ORIENTED_EDGE('',*,*,#2217,.F.);
#3013=ORIENTED_EDGE('',*,*,#2216,.F.);
#3014=ORIENTED_EDGE('',*,*,#2123,.F.);
#3015=ORIENTED_EDGE('',*,*,#2218,.T.);
#3016=ORIENTED_EDGE('',*,*,#2213,.T.);
#3017=ORIENTED_EDGE('',*,*,#2217,.T.);
#3018=ORIENTED_EDGE('',*,*,#2205,.T.);
#3019=ORIENTED_EDGE('',*,*,#2204,.F.);
#3020=ORIENTED_EDGE('',*,*,#2219,.F.);
#3021=ORIENTED_EDGE('',*,*,#2214,.F.);
#3022=ORIENTED_EDGE('',*,*,#2218,.F.);
#3023=ORIENTED_EDGE('',*,*,#2220,.T.);
#3024=ORIENTED_EDGE('',*,*,#2221,.F.);
#3025=ORIENTED_EDGE('',*,*,#2136,.T.);
#3026=ORIENTED_EDGE('',*,*,#2141,.T.);
#3027=ORIENTED_EDGE('',*,*,#2011,.F.);
#3028=ORIENTED_EDGE('',*,*,#2222,.F.);
#3029=ORIENTED_EDGE('',*,*,#2223,.T.);
#3030=ORIENTED_EDGE('',*,*,#2224,.T.);
#3031=ORIENTED_EDGE('',*,*,#2225,.T.);
#3032=ORIENTED_EDGE('',*,*,#2224,.F.);
#3033=ORIENTED_EDGE('',*,*,#2226,.F.);
#3034=ORIENTED_EDGE('',*,*,#2227,.F.);
#3035=ORIENTED_EDGE('',*,*,#2228,.T.);
#3036=ORIENTED_EDGE('',*,*,#2198,.F.);
#3037=ORIENTED_EDGE('',*,*,#2229,.F.);
#3038=ORIENTED_EDGE('',*,*,#2230,.T.);
#3039=ORIENTED_EDGE('',*,*,#2226,.T.);
#3040=ORIENTED_EDGE('',*,*,#2197,.T.);
#3041=ORIENTED_EDGE('',*,*,#2231,.T.);
#3042=ORIENTED_EDGE('',*,*,#2232,.T.);
#3043=ORIENTED_EDGE('',*,*,#2233,.T.);
#3044=ORIENTED_EDGE('',*,*,#2232,.F.);
#3045=ORIENTED_EDGE('',*,*,#2114,.F.);
#3046=ORIENTED_EDGE('',*,*,#2234,.T.);
#3047=ORIENTED_EDGE('',*,*,#1918,.T.);
#3048=ORIENTED_EDGE('',*,*,#2235,.F.);
#3049=ORIENTED_EDGE('',*,*,#1994,.T.);
#3050=ORIENTED_EDGE('',*,*,#2236,.T.);
#3051=ORIENTED_EDGE('',*,*,#1913,.T.);
#3052=ORIENTED_EDGE('',*,*,#2237,.T.);
#3053=ORIENTED_EDGE('',*,*,#2238,.F.);
#3054=ORIENTED_EDGE('',*,*,#1995,.T.);
#3055=ORIENTED_EDGE('',*,*,#2237,.F.);
#3056=ORIENTED_EDGE('',*,*,#1912,.T.);
#3057=ORIENTED_EDGE('',*,*,#1996,.T.);
#3058=ORIENTED_EDGE('',*,*,#2238,.T.);
#3059=ORIENTED_EDGE('',*,*,#1911,.T.);
#3060=ORIENTED_EDGE('',*,*,#2239,.T.);
#3061=ORIENTED_EDGE('',*,*,#2240,.T.);
#3062=ORIENTED_EDGE('',*,*,#2241,.T.);
#3063=ORIENTED_EDGE('',*,*,#1909,.T.);
#3064=ORIENTED_EDGE('',*,*,#2242,.T.);
#3065=ORIENTED_EDGE('',*,*,#2243,.F.);
#3066=ORIENTED_EDGE('',*,*,#2131,.F.);
#3067=ORIENTED_EDGE('',*,*,#2244,.F.);
#3068=ORIENTED_EDGE('',*,*,#2245,.F.);
#3069=ORIENTED_EDGE('',*,*,#2246,.F.);
#3070=ORIENTED_EDGE('',*,*,#2247,.T.);
#3071=ORIENTED_EDGE('',*,*,#2246,.T.);
#3072=ORIENTED_EDGE('',*,*,#2248,.T.);
#3073=ORIENTED_EDGE('',*,*,#1915,.T.);
#3074=ORIENTED_EDGE('',*,*,#2249,.T.);
#3075=ORIENTED_EDGE('',*,*,#2250,.T.);
#3076=ORIENTED_EDGE('',*,*,#1992,.T.);
#3077=ORIENTED_EDGE('',*,*,#2134,.F.);
#3078=ORIENTED_EDGE('',*,*,#2251,.T.);
#3079=ORIENTED_EDGE('',*,*,#2252,.F.);
#3080=ORIENTED_EDGE('',*,*,#2247,.F.);
#3081=ORIENTED_EDGE('',*,*,#2249,.F.);
#3082=ORIENTED_EDGE('',*,*,#1914,.T.);
#3083=ORIENTED_EDGE('',*,*,#2236,.F.);
#3084=ORIENTED_EDGE('',*,*,#1993,.F.);
#3085=ORIENTED_EDGE('',*,*,#2250,.F.);
#3086=ORIENTED_EDGE('',*,*,#2253,.T.);
#3087=ORIENTED_EDGE('',*,*,#2254,.F.);
#3088=ORIENTED_EDGE('',*,*,#2253,.F.);
#3089=ORIENTED_EDGE('',*,*,#2251,.F.);
#3090=ORIENTED_EDGE('',*,*,#2133,.F.);
#3091=ORIENTED_EDGE('',*,*,#2252,.T.);
#3092=ORIENTED_EDGE('',*,*,#2254,.T.);
#3093=ORIENTED_EDGE('',*,*,#2132,.F.);
#3094=ORIENTED_EDGE('',*,*,#2243,.T.);
#3095=ORIENTED_EDGE('',*,*,#2255,.F.);
#3096=ORIENTED_EDGE('',*,*,#1997,.F.);
#3097=ORIENTED_EDGE('',*,*,#2239,.F.);
#3098=ORIENTED_EDGE('',*,*,#1910,.T.);
#3099=ORIENTED_EDGE('',*,*,#2241,.F.);
#3100=ORIENTED_EDGE('',*,*,#2256,.F.);
#3101=ORIENTED_EDGE('',*,*,#2257,.F.);
#3102=ORIENTED_EDGE('',*,*,#2258,.T.);
#3103=ORIENTED_EDGE('',*,*,#2259,.F.);
#3104=ORIENTED_EDGE('',*,*,#2260,.F.);
#3105=ORIENTED_EDGE('',*,*,#2261,.F.);
#3106=ORIENTED_EDGE('',*,*,#2262,.F.);
#3107=ORIENTED_EDGE('',*,*,#2263,.T.);
#3108=ORIENTED_EDGE('',*,*,#2264,.T.);
#3109=ORIENTED_EDGE('',*,*,#2265,.T.);
#3110=ORIENTED_EDGE('',*,*,#2261,.T.);
#3111=ORIENTED_EDGE('',*,*,#2266,.T.);
#3112=ORIENTED_EDGE('',*,*,#2259,.T.);
#3113=ORIENTED_EDGE('',*,*,#2267,.T.);
#3114=ORIENTED_EDGE('',*,*,#2268,.T.);
#3115=ORIENTED_EDGE('',*,*,#2269,.F.);
#3116=ORIENTED_EDGE('',*,*,#2270,.F.);
#3117=ORIENTED_EDGE('',*,*,#2268,.F.);
#3118=ORIENTED_EDGE('',*,*,#2271,.F.);
#3119=ORIENTED_EDGE('',*,*,#2272,.T.);
#3120=ORIENTED_EDGE('',*,*,#2269,.T.);
#3121=ORIENTED_EDGE('',*,*,#2273,.T.);
#3122=ORIENTED_EDGE('',*,*,#1959,.T.);
#3123=ORIENTED_EDGE('',*,*,#1958,.T.);
#3124=ORIENTED_EDGE('',*,*,#2274,.F.);
#3125=ORIENTED_EDGE('',*,*,#2275,.T.);
#3126=ORIENTED_EDGE('',*,*,#2263,.F.);
#3127=ORIENTED_EDGE('',*,*,#2260,.T.);
#3128=ORIENTED_EDGE('',*,*,#2266,.F.);
#3129=ORIENTED_EDGE('',*,*,#2270,.T.);
#3130=ORIENTED_EDGE('',*,*,#2272,.F.);
#3131=ORIENTED_EDGE('',*,*,#1932,.F.);
#3132=ORIENTED_EDGE('',*,*,#2276,.T.);
#3133=ORIENTED_EDGE('',*,*,#2277,.T.);
#3134=ORIENTED_EDGE('',*,*,#2278,.T.);
#3135=ORIENTED_EDGE('',*,*,#1905,.T.);
#3136=ORIENTED_EDGE('',*,*,#2221,.T.);
#3137=ORIENTED_EDGE('',*,*,#2279,.T.);
#3138=ORIENTED_EDGE('',*,*,#1927,.T.);
#3139=ORIENTED_EDGE('',*,*,#2279,.F.);
#3140=ORIENTED_EDGE('',*,*,#2233,.F.);
#3141=ORIENTED_EDGE('',*,*,#2280,.T.);
#3142=ORIENTED_EDGE('',*,*,#2281,.F.);
#3143=ORIENTED_EDGE('',*,*,#2282,.F.);
#3144=ORIENTED_EDGE('',*,*,#2280,.F.);
#3145=ORIENTED_EDGE('',*,*,#2281,.T.);
#3146=ORIENTED_EDGE('',*,*,#2282,.T.);
#3147=ORIENTED_EDGE('',*,*,#2283,.T.);
#3148=ORIENTED_EDGE('',*,*,#1926,.T.);
#3149=ORIENTED_EDGE('',*,*,#2283,.F.);
#3150=ORIENTED_EDGE('',*,*,#2225,.F.);
#3151=ORIENTED_EDGE('',*,*,#2284,.T.);
#3152=ORIENTED_EDGE('',*,*,#2285,.F.);
#3153=ORIENTED_EDGE('',*,*,#2284,.F.);
#3154=ORIENTED_EDGE('',*,*,#2285,.T.);
#3155=ORIENTED_EDGE('',*,*,#2286,.T.);
#3156=ORIENTED_EDGE('',*,*,#1928,.T.);
#3157=ORIENTED_EDGE('',*,*,#2286,.F.);
#3158=ORIENTED_EDGE('',*,*,#2287,.T.);
#3159=ORIENTED_EDGE('',*,*,#2288,.T.);
#3160=ORIENTED_EDGE('',*,*,#2289,.F.);
#3161=ORIENTED_EDGE('',*,*,#2288,.F.);
#3162=ORIENTED_EDGE('',*,*,#2289,.T.);
#3163=ORIENTED_EDGE('',*,*,#2290,.T.);
#3164=ORIENTED_EDGE('',*,*,#1929,.T.);
#3165=ORIENTED_EDGE('',*,*,#2290,.F.);
#3166=ORIENTED_EDGE('',*,*,#2291,.F.);
#3167=ORIENTED_EDGE('',*,*,#1906,.T.);
#3168=ORIENTED_EDGE('',*,*,#2278,.F.);
#3169=ORIENTED_EDGE('',*,*,#2292,.T.);
#3170=ORIENTED_EDGE('',*,*,#2293,.F.);
#3171=ORIENTED_EDGE('',*,*,#2294,.T.);
#3172=ORIENTED_EDGE('',*,*,#2242,.F.);
#3173=ORIENTED_EDGE('',*,*,#1908,.T.);
#3174=ORIENTED_EDGE('',*,*,#2295,.T.);
#3175=ORIENTED_EDGE('',*,*,#2293,.T.);
#3176=ORIENTED_EDGE('',*,*,#1907,.T.);
#3177=ORIENTED_EDGE('',*,*,#2291,.T.);
#3178=ORIENTED_EDGE('',*,*,#2296,.F.);
#3179=ORIENTED_EDGE('',*,*,#1916,.T.);
#3180=ORIENTED_EDGE('',*,*,#2248,.F.);
#3181=ORIENTED_EDGE('',*,*,#2245,.T.);
#3182=ORIENTED_EDGE('',*,*,#2297,.F.);
#3183=ORIENTED_EDGE('',*,*,#2244,.T.);
#3184=ORIENTED_EDGE('',*,*,#2130,.F.);
#3185=ORIENTED_EDGE('',*,*,#2115,.F.);
#3186=ORIENTED_EDGE('',*,*,#2297,.T.);
#3187=ORIENTED_EDGE('',*,*,#2235,.T.);
#3188=ORIENTED_EDGE('',*,*,#1917,.T.);
#3189=ORIENTED_EDGE('',*,*,#2296,.T.);
#3190=ORIENTED_EDGE('',*,*,#1938,.F.);
#3191=ORIENTED_EDGE('',*,*,#1942,.F.);
#3192=ORIENTED_EDGE('',*,*,#2298,.F.);
#3193=ORIENTED_EDGE('',*,*,#1961,.F.);
#3194=ORIENTED_EDGE('',*,*,#2299,.F.);
#3195=ORIENTED_EDGE('',*,*,#2287,.F.);
#3196=ORIENTED_EDGE('',*,*,#2300,.F.);
#3197=ORIENTED_EDGE('',*,*,#2301,.T.);
#3198=ORIENTED_EDGE('',*,*,#2299,.T.);
#3199=ORIENTED_EDGE('',*,*,#2301,.F.);
#3200=ORIENTED_EDGE('',*,*,#2302,.F.);
#3201=ORIENTED_EDGE('',*,*,#2264,.F.);
#3202=ORIENTED_EDGE('',*,*,#2275,.F.);
#3203=ORIENTED_EDGE('',*,*,#2303,.F.);
#3204=ORIENTED_EDGE('',*,*,#2304,.T.);
#3205=ORIENTED_EDGE('',*,*,#2303,.T.);
#3206=ORIENTED_EDGE('',*,*,#2274,.T.);
#3207=ORIENTED_EDGE('',*,*,#1957,.T.);
#3208=ORIENTED_EDGE('',*,*,#2305,.F.);
#3209=ORIENTED_EDGE('',*,*,#1930,.F.);
#3210=ORIENTED_EDGE('',*,*,#1935,.F.);
#3211=ORIENTED_EDGE('',*,*,#2306,.F.);
#3212=ORIENTED_EDGE('',*,*,#2229,.T.);
#3213=ORIENTED_EDGE('',*,*,#2196,.F.);
#3214=ORIENTED_EDGE('',*,*,#2307,.F.);
#3215=ORIENTED_EDGE('',*,*,#2276,.F.);
#3216=ORIENTED_EDGE('',*,*,#1931,.F.);
#3217=ORIENTED_EDGE('',*,*,#2305,.T.);
#3218=ORIENTED_EDGE('',*,*,#2195,.T.);
#3219=ORIENTED_EDGE('',*,*,#2191,.F.);
#3220=ORIENTED_EDGE('',*,*,#2188,.T.);
#3221=ORIENTED_EDGE('',*,*,#2308,.F.);
#3222=ORIENTED_EDGE('',*,*,#2292,.F.);
#3223=ORIENTED_EDGE('',*,*,#2277,.F.);
#3224=ORIENTED_EDGE('',*,*,#2307,.T.);
#3225=ORIENTED_EDGE('',*,*,#2190,.T.);
#3226=ORIENTED_EDGE('',*,*,#2169,.F.);
#3227=ORIENTED_EDGE('',*,*,#2309,.F.);
#3228=ORIENTED_EDGE('',*,*,#2295,.F.);
#3229=ORIENTED_EDGE('',*,*,#2308,.T.);
#3230=ORIENTED_EDGE('',*,*,#2168,.T.);
#3231=ORIENTED_EDGE('',*,*,#2310,.F.);
#3232=ORIENTED_EDGE('',*,*,#2256,.T.);
#3233=ORIENTED_EDGE('',*,*,#2240,.F.);
#3234=ORIENTED_EDGE('',*,*,#2294,.F.);
#3235=ORIENTED_EDGE('',*,*,#2309,.T.);
#3236=ORIENTED_EDGE('',*,*,#2167,.T.);
#3237=ORIENTED_EDGE('',*,*,#2311,.F.);
#3238=ORIENTED_EDGE('',*,*,#2257,.T.);
#3239=ORIENTED_EDGE('',*,*,#2310,.T.);
#3240=ORIENTED_EDGE('',*,*,#2166,.T.);
#3241=ORIENTED_EDGE('',*,*,#2312,.F.);
#3242=ORIENTED_EDGE('',*,*,#2258,.F.);
#3243=ORIENTED_EDGE('',*,*,#2311,.T.);
#3244=ORIENTED_EDGE('',*,*,#2165,.T.);
#3245=ORIENTED_EDGE('',*,*,#1998,.F.);
#3246=ORIENTED_EDGE('',*,*,#2255,.T.);
#3247=ORIENTED_EDGE('',*,*,#2312,.T.);
#3248=ORIENTED_EDGE('',*,*,#2164,.T.);
#3249=ORIENTED_EDGE('',*,*,#2029,.F.);
#3250=ORIENTED_EDGE('',*,*,#2079,.F.);
#3251=ORIENTED_EDGE('',*,*,#2140,.F.);
#3252=ORIENTED_EDGE('',*,*,#2076,.F.);
#3253=ORIENTED_EDGE('',*,*,#2033,.F.);
#3254=ORIENTED_EDGE('',*,*,#2313,.T.);
#3255=ORIENTED_EDGE('',*,*,#2314,.F.);
#3256=ORIENTED_EDGE('',*,*,#2315,.T.);
#3257=ORIENTED_EDGE('',*,*,#2316,.F.);
#3258=ORIENTED_EDGE('',*,*,#2317,.T.);
#3259=ORIENTED_EDGE('',*,*,#2318,.F.);
#3260=ORIENTED_EDGE('',*,*,#2319,.T.);
#3261=ORIENTED_EDGE('',*,*,#2320,.F.);
#3262=ORIENTED_EDGE('',*,*,#2227,.T.);
#3263=ORIENTED_EDGE('',*,*,#2230,.F.);
#3264=ORIENTED_EDGE('',*,*,#2306,.T.);
#3265=ORIENTED_EDGE('',*,*,#1934,.F.);
#3266=ORIENTED_EDGE('',*,*,#1952,.T.);
#3267=ORIENTED_EDGE('',*,*,#1954,.F.);
#3268=ORIENTED_EDGE('',*,*,#1960,.T.);
#3269=ORIENTED_EDGE('',*,*,#2273,.F.);
#3270=ORIENTED_EDGE('',*,*,#2271,.T.);
#3271=ORIENTED_EDGE('',*,*,#2267,.F.);
#3272=ORIENTED_EDGE('',*,*,#2262,.T.);
#3273=ORIENTED_EDGE('',*,*,#2265,.F.);
#3274=ORIENTED_EDGE('',*,*,#2302,.T.);
#3275=ORIENTED_EDGE('',*,*,#2304,.F.);
#3276=ORIENTED_EDGE('',*,*,#1956,.T.);
#3277=ORIENTED_EDGE('',*,*,#1962,.F.);
#3278=ORIENTED_EDGE('',*,*,#2298,.T.);
#3279=ORIENTED_EDGE('',*,*,#1941,.F.);
#3280=ORIENTED_EDGE('',*,*,#2321,.T.);
#3281=ORIENTED_EDGE('',*,*,#2322,.T.);
#3282=ORIENTED_EDGE('',*,*,#2323,.T.);
#3283=ORIENTED_EDGE('',*,*,#1919,.T.);
#3284=ORIENTED_EDGE('',*,*,#2234,.F.);
#3285=ORIENTED_EDGE('',*,*,#2113,.F.);
#3286=ORIENTED_EDGE('',*,*,#2324,.T.);
#3287=ORIENTED_EDGE('',*,*,#1920,.T.);
#3288=ORIENTED_EDGE('',*,*,#2323,.F.);
#3289=ORIENTED_EDGE('',*,*,#2325,.F.);
#3290=ORIENTED_EDGE('',*,*,#2326,.T.);
#3291=ORIENTED_EDGE('',*,*,#1939,.T.);
#3292=ORIENTED_EDGE('',*,*,#1936,.T.);
#3293=ORIENTED_EDGE('',*,*,#2137,.T.);
#3294=ORIENTED_EDGE('',*,*,#2222,.T.);
#3295=ORIENTED_EDGE('',*,*,#2010,.F.);
#3296=ORIENTED_EDGE('',*,*,#2327,.T.);
#3297=ORIENTED_EDGE('',*,*,#2138,.T.);
#3298=ORIENTED_EDGE('',*,*,#2327,.F.);
#3299=ORIENTED_EDGE('',*,*,#2009,.F.);
#3300=ORIENTED_EDGE('',*,*,#2328,.F.);
#3301=ORIENTED_EDGE('',*,*,#2139,.T.);
#3302=ORIENTED_EDGE('',*,*,#2328,.T.);
#3303=ORIENTED_EDGE('',*,*,#2008,.F.);
#3304=ORIENTED_EDGE('',*,*,#2126,.F.);
#3305=ORIENTED_EDGE('',*,*,#2329,.F.);
#3306=ORIENTED_EDGE('',*,*,#2330,.T.);
#3307=ORIENTED_EDGE('',*,*,#2331,.F.);
#3308=ORIENTED_EDGE('',*,*,#2332,.T.);
#3309=ORIENTED_EDGE('',*,*,#2333,.F.);
#3310=ORIENTED_EDGE('',*,*,#2334,.F.);
#3311=ORIENTED_EDGE('',*,*,#2335,.F.);
#3312=ORIENTED_EDGE('',*,*,#2330,.F.);
#3313=ORIENTED_EDGE('',*,*,#2336,.F.);
#3314=ORIENTED_EDGE('',*,*,#2337,.T.);
#3315=ORIENTED_EDGE('',*,*,#2338,.F.);
#3316=ORIENTED_EDGE('',*,*,#2334,.T.);
#3317=ORIENTED_EDGE('',*,*,#2339,.F.);
#3318=ORIENTED_EDGE('',*,*,#2340,.F.);
#3319=ORIENTED_EDGE('',*,*,#2341,.F.);
#3320=ORIENTED_EDGE('',*,*,#2337,.F.);
#3321=ORIENTED_EDGE('',*,*,#2342,.F.);
#3322=ORIENTED_EDGE('',*,*,#2343,.T.);
#3323=ORIENTED_EDGE('',*,*,#2344,.F.);
#3324=ORIENTED_EDGE('',*,*,#2340,.T.);
#3325=ORIENTED_EDGE('',*,*,#2345,.F.);
#3326=ORIENTED_EDGE('',*,*,#2346,.F.);
#3327=ORIENTED_EDGE('',*,*,#2347,.F.);
#3328=ORIENTED_EDGE('',*,*,#2343,.F.);
#3329=ORIENTED_EDGE('',*,*,#2348,.F.);
#3330=ORIENTED_EDGE('',*,*,#2349,.T.);
#3331=ORIENTED_EDGE('',*,*,#2350,.F.);
#3332=ORIENTED_EDGE('',*,*,#2346,.T.);
#3333=ORIENTED_EDGE('',*,*,#2351,.F.);
#3334=ORIENTED_EDGE('',*,*,#2352,.F.);
#3335=ORIENTED_EDGE('',*,*,#2353,.F.);
#3336=ORIENTED_EDGE('',*,*,#2349,.F.);
#3337=ORIENTED_EDGE('',*,*,#2354,.F.);
#3338=ORIENTED_EDGE('',*,*,#2355,.T.);
#3339=ORIENTED_EDGE('',*,*,#2356,.F.);
#3340=ORIENTED_EDGE('',*,*,#2352,.T.);
#3341=ORIENTED_EDGE('',*,*,#2357,.F.);
#3342=ORIENTED_EDGE('',*,*,#2358,.F.);
#3343=ORIENTED_EDGE('',*,*,#2359,.F.);
#3344=ORIENTED_EDGE('',*,*,#2355,.F.);
#3345=ORIENTED_EDGE('',*,*,#2360,.F.);
#3346=ORIENTED_EDGE('',*,*,#2361,.T.);
#3347=ORIENTED_EDGE('',*,*,#2362,.F.);
#3348=ORIENTED_EDGE('',*,*,#2358,.T.);
#3349=ORIENTED_EDGE('',*,*,#2363,.F.);
#3350=ORIENTED_EDGE('',*,*,#2364,.F.);
#3351=ORIENTED_EDGE('',*,*,#2365,.F.);
#3352=ORIENTED_EDGE('',*,*,#2361,.F.);
#3353=ORIENTED_EDGE('',*,*,#2366,.T.);
#3354=ORIENTED_EDGE('',*,*,#2367,.T.);
#3355=ORIENTED_EDGE('',*,*,#2368,.T.);
#3356=ORIENTED_EDGE('',*,*,#2369,.T.);
#3357=ORIENTED_EDGE('',*,*,#2370,.T.);
#3358=ORIENTED_EDGE('',*,*,#2371,.T.);
#3359=ORIENTED_EDGE('',*,*,#2372,.T.);
#3360=ORIENTED_EDGE('',*,*,#2373,.T.);
#3361=ORIENTED_EDGE('',*,*,#2331,.T.);
#3362=ORIENTED_EDGE('',*,*,#2335,.T.);
#3363=ORIENTED_EDGE('',*,*,#2338,.T.);
#3364=ORIENTED_EDGE('',*,*,#2341,.T.);
#3365=ORIENTED_EDGE('',*,*,#2344,.T.);
#3366=ORIENTED_EDGE('',*,*,#2347,.T.);
#3367=ORIENTED_EDGE('',*,*,#2350,.T.);
#3368=ORIENTED_EDGE('',*,*,#2353,.T.);
#3369=ORIENTED_EDGE('',*,*,#2356,.T.);
#3370=ORIENTED_EDGE('',*,*,#2359,.T.);
#3371=ORIENTED_EDGE('',*,*,#2362,.T.);
#3372=ORIENTED_EDGE('',*,*,#2365,.T.);
#3373=ORIENTED_EDGE('',*,*,#2374,.T.);
#3374=ORIENTED_EDGE('',*,*,#2375,.T.);
#3375=ORIENTED_EDGE('',*,*,#2376,.T.);
#3376=ORIENTED_EDGE('',*,*,#2377,.T.);
#3377=ORIENTED_EDGE('',*,*,#2300,.T.);
#3378=ORIENTED_EDGE('',*,*,#2160,.T.);
#3379=ORIENTED_EDGE('',*,*,#2378,.F.);
#3380=ORIENTED_EDGE('',*,*,#2379,.F.);
#3381=ORIENTED_EDGE('',*,*,#2380,.F.);
#3382=ORIENTED_EDGE('',*,*,#2381,.F.);
#3383=ORIENTED_EDGE('',*,*,#2382,.F.);
#3384=ORIENTED_EDGE('',*,*,#2383,.F.);
#3385=ORIENTED_EDGE('',*,*,#2384,.F.);
#3386=ORIENTED_EDGE('',*,*,#2385,.F.);
#3387=ORIENTED_EDGE('',*,*,#2386,.F.);
#3388=ORIENTED_EDGE('',*,*,#2387,.F.);
#3389=ORIENTED_EDGE('',*,*,#2388,.F.);
#3390=ORIENTED_EDGE('',*,*,#2389,.F.);
#3391=ORIENTED_EDGE('',*,*,#2390,.F.);
#3392=ORIENTED_EDGE('',*,*,#2391,.F.);
#3393=ORIENTED_EDGE('',*,*,#2392,.F.);
#3394=ORIENTED_EDGE('',*,*,#2393,.F.);
#3395=ORIENTED_EDGE('',*,*,#2394,.F.);
#3396=ORIENTED_EDGE('',*,*,#2395,.F.);
#3397=ORIENTED_EDGE('',*,*,#2396,.F.);
#3398=ORIENTED_EDGE('',*,*,#2397,.F.);
#3399=ORIENTED_EDGE('',*,*,#2398,.F.);
#3400=ORIENTED_EDGE('',*,*,#2399,.F.);
#3401=ORIENTED_EDGE('',*,*,#2400,.F.);
#3402=ORIENTED_EDGE('',*,*,#2401,.F.);
#3403=ORIENTED_EDGE('',*,*,#2402,.F.);
#3404=ORIENTED_EDGE('',*,*,#2332,.F.);
#3405=ORIENTED_EDGE('',*,*,#2373,.F.);
#3406=ORIENTED_EDGE('',*,*,#2403,.F.);
#3407=ORIENTED_EDGE('',*,*,#2404,.F.);
#3408=ORIENTED_EDGE('',*,*,#2403,.T.);
#3409=ORIENTED_EDGE('',*,*,#2372,.F.);
#3410=ORIENTED_EDGE('',*,*,#2405,.T.);
#3411=ORIENTED_EDGE('',*,*,#2406,.F.);
#3412=ORIENTED_EDGE('',*,*,#2405,.F.);
#3413=ORIENTED_EDGE('',*,*,#2371,.F.);
#3414=ORIENTED_EDGE('',*,*,#2407,.F.);
#3415=ORIENTED_EDGE('',*,*,#2408,.F.);
#3416=ORIENTED_EDGE('',*,*,#2407,.T.);
#3417=ORIENTED_EDGE('',*,*,#2370,.F.);
#3418=ORIENTED_EDGE('',*,*,#2409,.T.);
#3419=ORIENTED_EDGE('',*,*,#2410,.F.);
#3420=ORIENTED_EDGE('',*,*,#2409,.F.);
#3421=ORIENTED_EDGE('',*,*,#2369,.F.);
#3422=ORIENTED_EDGE('',*,*,#2411,.F.);
#3423=ORIENTED_EDGE('',*,*,#2412,.F.);
#3424=ORIENTED_EDGE('',*,*,#2411,.T.);
#3425=ORIENTED_EDGE('',*,*,#2368,.F.);
#3426=ORIENTED_EDGE('',*,*,#2413,.T.);
#3427=ORIENTED_EDGE('',*,*,#2414,.F.);
#3428=ORIENTED_EDGE('',*,*,#2413,.F.);
#3429=ORIENTED_EDGE('',*,*,#2367,.F.);
#3430=ORIENTED_EDGE('',*,*,#2415,.F.);
#3431=ORIENTED_EDGE('',*,*,#2416,.F.);
#3432=ORIENTED_EDGE('',*,*,#2415,.T.);
#3433=ORIENTED_EDGE('',*,*,#2366,.F.);
#3434=ORIENTED_EDGE('',*,*,#2417,.T.);
#3435=ORIENTED_EDGE('',*,*,#2418,.F.);
#3436=ORIENTED_EDGE('',*,*,#2417,.F.);
#3437=ORIENTED_EDGE('',*,*,#2377,.F.);
#3438=ORIENTED_EDGE('',*,*,#2419,.F.);
#3439=ORIENTED_EDGE('',*,*,#2420,.F.);
#3440=ORIENTED_EDGE('',*,*,#2419,.T.);
#3441=ORIENTED_EDGE('',*,*,#2376,.F.);
#3442=ORIENTED_EDGE('',*,*,#2421,.T.);
#3443=ORIENTED_EDGE('',*,*,#2422,.F.);
#3444=ORIENTED_EDGE('',*,*,#2421,.F.);
#3445=ORIENTED_EDGE('',*,*,#2375,.F.);
#3446=ORIENTED_EDGE('',*,*,#2423,.F.);
#3447=ORIENTED_EDGE('',*,*,#2424,.F.);
#3448=ORIENTED_EDGE('',*,*,#2423,.T.);
#3449=ORIENTED_EDGE('',*,*,#2374,.F.);
#3450=ORIENTED_EDGE('',*,*,#2364,.T.);
#3451=ORIENTED_EDGE('',*,*,#2425,.F.);
#3452=ORIENTED_EDGE('',*,*,#2390,.T.);
#3453=ORIENTED_EDGE('',*,*,#2426,.F.);
#3454=ORIENTED_EDGE('',*,*,#2363,.T.);
#3455=ORIENTED_EDGE('',*,*,#2427,.F.);
#3456=ORIENTED_EDGE('',*,*,#2424,.T.);
#3457=ORIENTED_EDGE('',*,*,#2426,.T.);
#3458=ORIENTED_EDGE('',*,*,#2389,.T.);
#3459=ORIENTED_EDGE('',*,*,#2425,.T.);
#3460=ORIENTED_EDGE('',*,*,#2360,.T.);
#3461=ORIENTED_EDGE('',*,*,#2428,.F.);
#3462=ORIENTED_EDGE('',*,*,#2391,.T.);
#3463=ORIENTED_EDGE('',*,*,#2427,.T.);
#3464=ORIENTED_EDGE('',*,*,#2388,.T.);
#3465=ORIENTED_EDGE('',*,*,#2429,.F.);
#3466=ORIENTED_EDGE('',*,*,#2422,.T.);
#3467=ORIENTED_EDGE('',*,*,#2430,.F.);
#3468=ORIENTED_EDGE('',*,*,#2392,.T.);
#3469=ORIENTED_EDGE('',*,*,#2428,.T.);
#3470=ORIENTED_EDGE('',*,*,#2357,.T.);
#3471=ORIENTED_EDGE('',*,*,#2431,.F.);
#3472=ORIENTED_EDGE('',*,*,#2420,.T.);
#3473=ORIENTED_EDGE('',*,*,#2429,.T.);
#3474=ORIENTED_EDGE('',*,*,#2387,.T.);
#3475=ORIENTED_EDGE('',*,*,#2430,.T.);
#3476=ORIENTED_EDGE('',*,*,#2354,.T.);
#3477=ORIENTED_EDGE('',*,*,#2432,.F.);
#3478=ORIENTED_EDGE('',*,*,#2393,.T.);
#3479=ORIENTED_EDGE('',*,*,#2431,.T.);
#3480=ORIENTED_EDGE('',*,*,#2386,.T.);
#3481=ORIENTED_EDGE('',*,*,#2433,.F.);
#3482=ORIENTED_EDGE('',*,*,#2418,.T.);
#3483=ORIENTED_EDGE('',*,*,#2434,.F.);
#3484=ORIENTED_EDGE('',*,*,#2394,.T.);
#3485=ORIENTED_EDGE('',*,*,#2432,.T.);
#3486=ORIENTED_EDGE('',*,*,#2351,.T.);
#3487=ORIENTED_EDGE('',*,*,#2435,.F.);
#3488=ORIENTED_EDGE('',*,*,#2416,.T.);
#3489=ORIENTED_EDGE('',*,*,#2433,.T.);
#3490=ORIENTED_EDGE('',*,*,#2385,.T.);
#3491=ORIENTED_EDGE('',*,*,#2434,.T.);
#3492=ORIENTED_EDGE('',*,*,#2348,.T.);
#3493=ORIENTED_EDGE('',*,*,#2436,.F.);
#3494=ORIENTED_EDGE('',*,*,#2395,.T.);
#3495=ORIENTED_EDGE('',*,*,#2435,.T.);
#3496=ORIENTED_EDGE('',*,*,#2384,.T.);
#3497=ORIENTED_EDGE('',*,*,#2437,.F.);
#3498=ORIENTED_EDGE('',*,*,#2414,.T.);
#3499=ORIENTED_EDGE('',*,*,#2438,.F.);
#3500=ORIENTED_EDGE('',*,*,#2396,.T.);
#3501=ORIENTED_EDGE('',*,*,#2436,.T.);
#3502=ORIENTED_EDGE('',*,*,#2345,.T.);
#3503=ORIENTED_EDGE('',*,*,#2439,.F.);
#3504=ORIENTED_EDGE('',*,*,#2412,.T.);
#3505=ORIENTED_EDGE('',*,*,#2437,.T.);
#3506=ORIENTED_EDGE('',*,*,#2383,.T.);
#3507=ORIENTED_EDGE('',*,*,#2438,.T.);
#3508=ORIENTED_EDGE('',*,*,#2342,.T.);
#3509=ORIENTED_EDGE('',*,*,#2440,.F.);
#3510=ORIENTED_EDGE('',*,*,#2397,.T.);
#3511=ORIENTED_EDGE('',*,*,#2439,.T.);
#3512=ORIENTED_EDGE('',*,*,#2382,.T.);
#3513=ORIENTED_EDGE('',*,*,#2441,.F.);
#3514=ORIENTED_EDGE('',*,*,#2410,.T.);
#3515=ORIENTED_EDGE('',*,*,#2442,.F.);
#3516=ORIENTED_EDGE('',*,*,#2398,.T.);
#3517=ORIENTED_EDGE('',*,*,#2440,.T.);
#3518=ORIENTED_EDGE('',*,*,#2339,.T.);
#3519=ORIENTED_EDGE('',*,*,#2443,.F.);
#3520=ORIENTED_EDGE('',*,*,#2408,.T.);
#3521=ORIENTED_EDGE('',*,*,#2441,.T.);
#3522=ORIENTED_EDGE('',*,*,#2381,.T.);
#3523=ORIENTED_EDGE('',*,*,#2442,.T.);
#3524=ORIENTED_EDGE('',*,*,#2336,.T.);
#3525=ORIENTED_EDGE('',*,*,#2444,.F.);
#3526=ORIENTED_EDGE('',*,*,#2399,.T.);
#3527=ORIENTED_EDGE('',*,*,#2443,.T.);
#3528=ORIENTED_EDGE('',*,*,#2380,.T.);
#3529=ORIENTED_EDGE('',*,*,#2445,.F.);
#3530=ORIENTED_EDGE('',*,*,#2406,.T.);
#3531=ORIENTED_EDGE('',*,*,#2446,.F.);
#3532=ORIENTED_EDGE('',*,*,#2400,.T.);
#3533=ORIENTED_EDGE('',*,*,#2444,.T.);
#3534=ORIENTED_EDGE('',*,*,#2333,.T.);
#3535=ORIENTED_EDGE('',*,*,#2447,.F.);
#3536=ORIENTED_EDGE('',*,*,#2404,.T.);
#3537=ORIENTED_EDGE('',*,*,#2445,.T.);
#3538=ORIENTED_EDGE('',*,*,#2379,.T.);
#3539=ORIENTED_EDGE('',*,*,#2446,.T.);
#3540=ORIENTED_EDGE('',*,*,#2329,.T.);
#3541=ORIENTED_EDGE('',*,*,#2448,.F.);
#3542=ORIENTED_EDGE('',*,*,#2401,.T.);
#3543=ORIENTED_EDGE('',*,*,#2447,.T.);
#3544=ORIENTED_EDGE('',*,*,#2378,.T.);
#3545=ORIENTED_EDGE('',*,*,#2448,.T.);
#3546=ORIENTED_EDGE('',*,*,#2402,.T.);
#3547=ORIENTED_EDGE('',*,*,#2220,.F.);
#3548=ORIENTED_EDGE('',*,*,#2449,.T.);
#3549=ORIENTED_EDGE('',*,*,#2172,.T.);
#3550=ORIENTED_EDGE('',*,*,#2449,.F.);
#3551=ORIENTED_EDGE('',*,*,#2228,.F.);
#3552=ORIENTED_EDGE('',*,*,#2320,.T.);
#3553=ORIENTED_EDGE('',*,*,#2450,.T.);
#3554=ORIENTED_EDGE('',*,*,#2199,.T.);
#3555=ORIENTED_EDGE('',*,*,#2231,.F.);
#3556=ORIENTED_EDGE('',*,*,#2451,.T.);
#3557=ORIENTED_EDGE('',*,*,#2200,.F.);
#3558=ORIENTED_EDGE('',*,*,#2450,.F.);
#3559=ORIENTED_EDGE('',*,*,#2319,.F.);
#3560=ORIENTED_EDGE('',*,*,#2452,.T.);
#3561=ORIENTED_EDGE('',*,*,#2201,.F.);
#3562=ORIENTED_EDGE('',*,*,#2451,.F.);
#3563=ORIENTED_EDGE('',*,*,#2452,.F.);
#3564=ORIENTED_EDGE('',*,*,#2318,.T.);
#3565=ORIENTED_EDGE('',*,*,#2453,.T.);
#3566=ORIENTED_EDGE('',*,*,#2202,.T.);
#3567=ORIENTED_EDGE('',*,*,#2453,.F.);
#3568=ORIENTED_EDGE('',*,*,#2317,.F.);
#3569=ORIENTED_EDGE('',*,*,#2454,.F.);
#3570=ORIENTED_EDGE('',*,*,#2180,.F.);
#3571=ORIENTED_EDGE('',*,*,#2211,.T.);
#3572=ORIENTED_EDGE('',*,*,#2215,.F.);
#3573=ORIENTED_EDGE('',*,*,#2219,.T.);
#3574=ORIENTED_EDGE('',*,*,#2203,.F.);
#3575=ORIENTED_EDGE('',*,*,#2163,.F.);
#3576=ORIENTED_EDGE('',*,*,#2157,.F.);
#3577=ORIENTED_EDGE('',*,*,#2454,.T.);
#3578=ORIENTED_EDGE('',*,*,#2316,.T.);
#3579=ORIENTED_EDGE('',*,*,#2455,.T.);
#3580=ORIENTED_EDGE('',*,*,#2181,.T.);
#3581=ORIENTED_EDGE('',*,*,#2223,.F.);
#3582=ORIENTED_EDGE('',*,*,#2456,.T.);
#3583=ORIENTED_EDGE('',*,*,#2182,.F.);
#3584=ORIENTED_EDGE('',*,*,#2455,.F.);
#3585=ORIENTED_EDGE('',*,*,#2315,.F.);
#3586=ORIENTED_EDGE('',*,*,#2457,.F.);
#3587=ORIENTED_EDGE('',*,*,#2183,.F.);
#3588=ORIENTED_EDGE('',*,*,#2456,.F.);
#3589=ORIENTED_EDGE('',*,*,#2457,.T.);
#3590=ORIENTED_EDGE('',*,*,#2314,.T.);
#3591=ORIENTED_EDGE('',*,*,#2458,.T.);
#3592=ORIENTED_EDGE('',*,*,#2184,.T.);
#3593=ORIENTED_EDGE('',*,*,#2458,.F.);
#3594=ORIENTED_EDGE('',*,*,#2313,.F.);
#3595=ORIENTED_EDGE('',*,*,#2459,.F.);
#3596=ORIENTED_EDGE('',*,*,#2185,.F.);
#3597=ORIENTED_EDGE('',*,*,#2459,.T.);
#3598=ORIENTED_EDGE('',*,*,#2322,.F.);
#3599=ORIENTED_EDGE('',*,*,#2460,.T.);
#3600=ORIENTED_EDGE('',*,*,#2173,.T.);
#3601=ORIENTED_EDGE('',*,*,#2460,.F.);
#3602=ORIENTED_EDGE('',*,*,#2321,.F.);
#3603=ORIENTED_EDGE('',*,*,#1940,.F.);
#3604=ORIENTED_EDGE('',*,*,#2326,.F.);
#3605=ORIENTED_EDGE('',*,*,#2461,.T.);
#3606=ORIENTED_EDGE('',*,*,#2174,.F.);
#3607=ORIENTED_EDGE('',*,*,#2461,.F.);
#3608=ORIENTED_EDGE('',*,*,#2325,.T.);
#3609=ORIENTED_EDGE('',*,*,#2324,.F.);
#3610=ORIENTED_EDGE('',*,*,#2112,.T.);
#3611=ORIENTED_EDGE('',*,*,#2175,.T.);
#3612=ORIENTED_EDGE('',*,*,#2098,.F.);
#3613=ORIENTED_EDGE('',*,*,#2151,.T.);
#3614=ORIENTED_EDGE('',*,*,#2176,.T.);
#3615=ORIENTED_EDGE('',*,*,#2110,.T.);
#3616=PLANE('',#3947);
#3617=PLANE('',#3954);
#3618=PLANE('',#3958);
#3619=PLANE('',#3959);
#3620=PLANE('',#3972);
#3621=PLANE('',#3976);
#3622=PLANE('',#3983);
#3623=PLANE('',#3985);
#3624=PLANE('',#3986);
#3625=PLANE('',#3989);
#3626=PLANE('',#3997);
#3627=PLANE('',#4009);
#3628=PLANE('',#4011);
#3629=PLANE('',#4014);
#3630=PLANE('',#4017);
#3631=PLANE('',#4031);
#3632=PLANE('',#4035);
#3633=PLANE('',#4039);
#3634=PLANE('',#4042);
#3635=PLANE('',#4043);
#3636=PLANE('',#4046);
#3637=PLANE('',#4051);
#3638=PLANE('',#4052);
#3639=PLANE('',#4057);
#3640=PLANE('',#4058);
#3641=PLANE('',#4059);
#3642=PLANE('',#4060);
#3643=PLANE('',#4061);
#3644=PLANE('',#4062);
#3645=PLANE('',#4063);
#3646=PLANE('',#4064);
#3647=PLANE('',#4074);
#3648=PLANE('',#4088);
#3649=PLANE('',#4089);
#3650=PLANE('',#4098);
#3651=PLANE('',#4114);
#3652=PLANE('',#4117);
#3653=PLANE('',#4121);
#3654=PLANE('',#4123);
#3655=PLANE('',#4129);
#3656=PLANE('',#4135);
#3657=PLANE('',#4151);
#3658=PLANE('',#4152);
#3659=PLANE('',#4161);
#3660=PLANE('',#4166);
#3661=PLANE('',#4170);
#3662=PLANE('',#4172);
#3663=PLANE('',#4175);
#3664=PLANE('',#4179);
#3665=PLANE('',#4185);
#3666=PLANE('',#4187);
#3667=PLANE('',#4190);
#3668=PLANE('',#4194);
#3669=PLANE('',#4196);
#3670=PLANE('',#4198);
#3671=PLANE('',#4201);
#3672=PLANE('',#4208);
#3673=PLANE('',#4212);
#3674=PLANE('',#4227);
#3675=PLANE('',#4228);
#3676=PLANE('',#4230);
#3677=PLANE('',#4233);
#3678=PLANE('',#4234);
#3679=PLANE('',#4238);
#3680=PLANE('',#4241);
#3681=PLANE('',#4243);
#3682=PLANE('',#4245);
#3683=PLANE('',#4247);
#3684=PLANE('',#4250);
#3685=PLANE('',#4259);
#3686=PLANE('',#4262);
#3687=PLANE('',#4267);
#3688=PLANE('',#4271);
#3689=PLANE('',#4275);
#3690=PLANE('',#4279);
#3691=PLANE('',#4283);
#3692=PLANE('',#4287);
#3693=PLANE('',#4288);
#3694=PLANE('',#4295);
#3695=PLANE('',#4308);
#3696=PLANE('',#4311);
#3697=PLANE('',#4314);
#3698=PLANE('',#4317);
#3699=PLANE('',#4320);
#3700=PLANE('',#4323);
#3701=PLANE('',#4326);
#3702=PLANE('',#4329);
#3703=PLANE('',#4330);
#3704=PLANE('',#4333);
#3705=PLANE('',#4334);
#3706=PLANE('',#4337);
#3707=PLANE('',#4338);
#3708=PLANE('',#4341);
#3709=PLANE('',#4342);
#3710=PLANE('',#4345);
#3711=PLANE('',#4346);
#3712=PLANE('',#4349);
#3713=PLANE('',#4354);
#3714=PLANE('',#4358);
#3715=PLANE('',#4360);
#3716=ADVANCED_FACE('',(#383),#3616,.T.);
#3717=ADVANCED_FACE('',(#384),#350,.T.);
#3718=ADVANCED_FACE('',(#385),#351,.T.);
#3719=ADVANCED_FACE('',(#386),#3617,.T.);
#3720=ADVANCED_FACE('',(#387),#352,.T.);
#3721=ADVANCED_FACE('',(#388),#3618,.T.);
#3722=ADVANCED_FACE('',(#389,#122,#123,#124,#125,#126),#3619,.F.);
#3723=ADVANCED_FACE('',(#390),#3620,.T.);
#3724=ADVANCED_FACE('',(#391),#41,.T.);
#3725=ADVANCED_FACE('',(#392),#3621,.T.);
#3726=ADVANCED_FACE('',(#393),#42,.T.);
#3727=ADVANCED_FACE('',(#394),#43,.T.);
#3728=ADVANCED_FACE('',(#395),#3622,.F.);
#3729=ADVANCED_FACE('',(#396),#3623,.T.);
#3730=ADVANCED_FACE('',(#397),#3624,.T.);
#3731=ADVANCED_FACE('',(#398),#44,.T.);
#3732=ADVANCED_FACE('',(#399),#3625,.F.);
#3733=ADVANCED_FACE('',(#400),#45,.T.);
#3734=ADVANCED_FACE('',(#401),#32,.F.);
#3735=ADVANCED_FACE('',(#402),#46,.F.);
#3736=ADVANCED_FACE('',(#403),#3626,.F.);
#3737=ADVANCED_FACE('',(#404),#47,.T.);
#3738=ADVANCED_FACE('',(#405),#33,.F.);
#3739=ADVANCED_FACE('',(#406),#48,.F.);
#3740=ADVANCED_FACE('',(#407),#34,.F.);
#3741=ADVANCED_FACE('',(#408),#3627,.T.);
#3742=ADVANCED_FACE('',(#409),#3628,.F.);
#3743=ADVANCED_FACE('',(#410),#49,.T.);
#3744=ADVANCED_FACE('',(#411),#3629,.F.);
#3745=ADVANCED_FACE('',(#412),#50,.T.);
#3746=ADVANCED_FACE('',(#413),#3630,.F.);
#3747=ADVANCED_FACE('',(#414),#353,.F.);
#3748=ADVANCED_FACE('',(#415),#51,.F.);
#3749=ADVANCED_FACE('',(#416),#354,.F.);
#3750=ADVANCED_FACE('',(#417),#3631,.F.);
#3751=ADVANCED_FACE('',(#418),#355,.F.);
#3752=ADVANCED_FACE('',(#419),#3632,.F.);
#3753=ADVANCED_FACE('',(#420),#356,.F.);
#3754=ADVANCED_FACE('',(#421),#3633,.F.);
#3755=ADVANCED_FACE('',(#422),#357,.F.);
#3756=ADVANCED_FACE('',(#423),#3634,.T.);
#3757=ADVANCED_FACE('',(#424),#3635,.T.);
#3758=ADVANCED_FACE('',(#425),#358,.F.);
#3759=ADVANCED_FACE('',(#426),#3636,.F.);
#3760=ADVANCED_FACE('',(#427),#52,.F.);
#3761=ADVANCED_FACE('',(#428),#3637,.T.);
#3762=ADVANCED_FACE('',(#429),#3638,.T.);
#3763=ADVANCED_FACE('',(#430),#53,.F.);
#3764=ADVANCED_FACE('',(#431),#3639,.T.);
#3765=ADVANCED_FACE('',(#432),#3640,.T.);
#3766=ADVANCED_FACE('',(#433),#3641,.F.);
#3767=ADVANCED_FACE('',(#434),#3642,.F.);
#3768=ADVANCED_FACE('',(#435),#3643,.F.);
#3769=ADVANCED_FACE('',(#436),#3644,.F.);
#3770=ADVANCED_FACE('',(#437),#3645,.F.);
#3771=ADVANCED_FACE('',(#438),#3646,.F.);
#3772=ADVANCED_FACE('',(#439),#54,.F.);
#3773=ADVANCED_FACE('',(#440),#35,.F.);
#3774=ADVANCED_FACE('',(#441),#36,.F.);
#3775=ADVANCED_FACE('',(#442),#3647,.F.);
#3776=ADVANCED_FACE('',(#443),#55,.T.);
#3777=ADVANCED_FACE('',(#444),#37,.F.);
#3778=ADVANCED_FACE('',(#445),#56,.F.);
#3779=ADVANCED_FACE('',(#446),#38,.F.);
#3780=ADVANCED_FACE('',(#447),#57,.T.);
#3781=ADVANCED_FACE('',(#448),#3648,.T.);
#3782=ADVANCED_FACE('',(#449),#3649,.F.);
#3783=ADVANCED_FACE('',(#450),#58,.F.);
#3784=ADVANCED_FACE('',(#451),#59,.T.);
#3785=ADVANCED_FACE('',(#452,#127),#3650,.T.);
#3786=ADVANCED_FACE('',(#453),#60,.T.);
#3787=ADVANCED_FACE('',(#454),#39,.T.);
#3788=ADVANCED_FACE('',(#455),#61,.F.);
#3789=ADVANCED_FACE('',(#456,#128),#3651,.T.);
#3790=ADVANCED_FACE('',(#457),#15,.F.);
#3791=ADVANCED_FACE('',(#458),#62,.F.);
#3792=ADVANCED_FACE('',(#459,#129),#3652,.F.);
#3793=ADVANCED_FACE('',(#460),#63,.F.);
#3794=ADVANCED_FACE('',(#461,#130),#3653,.F.);
#3795=ADVANCED_FACE('',(#462,#131),#3654,.T.);
#3796=ADVANCED_FACE('',(#463),#64,.F.);
#3797=ADVANCED_FACE('',(#464),#65,.F.);
#3798=ADVANCED_FACE('',(#465,#132),#3655,.F.);
#3799=ADVANCED_FACE('',(#466),#3656,.T.);
#3800=ADVANCED_FACE('',(#467),#66,.F.);
#3801=ADVANCED_FACE('',(#468),#40,.F.);
#3802=ADVANCED_FACE('',(#469),#67,.T.);
#3803=ADVANCED_FACE('',(#470),#3657,.T.);
#3804=ADVANCED_FACE('',(#471),#3658,.T.);
#3805=ADVANCED_FACE('',(#472),#3659,.F.);
#3806=ADVANCED_FACE('',(#473),#68,.T.);
#3807=ADVANCED_FACE('',(#474),#69,.T.);
#3808=ADVANCED_FACE('',(#475),#3660,.F.);
#3809=ADVANCED_FACE('',(#476),#70,.T.);
#3810=ADVANCED_FACE('',(#477),#3661,.F.);
#3811=ADVANCED_FACE('',(#478),#71,.T.);
#3812=ADVANCED_FACE('',(#479,#133),#3662,.T.);
#3813=ADVANCED_FACE('',(#480),#3663,.F.);
#3814=ADVANCED_FACE('',(#481),#359,.F.);
#3815=ADVANCED_FACE('',(#482),#3664,.T.);
#3816=ADVANCED_FACE('',(#483),#72,.T.);
#3817=ADVANCED_FACE('',(#484),#360,.F.);
#3818=ADVANCED_FACE('',(#485),#3665,.T.);
#3819=ADVANCED_FACE('',(#486),#361,.T.);
#3820=ADVANCED_FACE('',(#487),#3666,.T.);
#3821=ADVANCED_FACE('',(#488),#362,.T.);
#3822=ADVANCED_FACE('',(#489),#363,.T.);
#3823=ADVANCED_FACE('',(#490),#3667,.F.);
#3824=ADVANCED_FACE('',(#491),#364,.T.);
#3825=ADVANCED_FACE('',(#492),#73,.T.);
#3826=ADVANCED_FACE('',(#493),#3668,.T.);
#3827=ADVANCED_FACE('',(#494),#3669,.F.);
#3828=ADVANCED_FACE('',(#495),#74,.T.);
#3829=ADVANCED_FACE('',(#496),#3670,.T.);
#3830=ADVANCED_FACE('',(#497),#3671,.T.);
#3831=ADVANCED_FACE('',(#498),#75,.T.);
#3832=ADVANCED_FACE('',(#499),#76,.T.);
#3833=ADVANCED_FACE('',(#500),#3672,.T.);
#3834=ADVANCED_FACE('',(#501),#77,.T.);
#3835=ADVANCED_FACE('',(#502),#3673,.T.);
#3836=ADVANCED_FACE('',(#503),#365,.F.);
#3837=ADVANCED_FACE('',(#504),#366,.F.);
#3838=ADVANCED_FACE('',(#505),#78,.F.);
#3839=ADVANCED_FACE('',(#506),#367,.F.);
#3840=ADVANCED_FACE('',(#507),#79,.F.);
#3841=ADVANCED_FACE('',(#508),#368,.F.);
#3842=ADVANCED_FACE('',(#509),#80,.F.);
#3843=ADVANCED_FACE('',(#510),#369,.F.);
#3844=ADVANCED_FACE('',(#511),#3674,.T.);
#3845=ADVANCED_FACE('',(#512),#3675,.T.);
#3846=ADVANCED_FACE('',(#513),#16,.T.);
#3847=ADVANCED_FACE('',(#514),#3676,.T.);
#3848=ADVANCED_FACE('',(#515),#81,.T.);
#3849=ADVANCED_FACE('',(#516),#17,.T.);
#3850=ADVANCED_FACE('',(#517),#3677,.T.);
#3851=ADVANCED_FACE('',(#518,#134),#3678,.F.);
#3852=ADVANCED_FACE('',(#519),#82,.F.);
#3853=ADVANCED_FACE('',(#520),#3679,.T.);
#3854=ADVANCED_FACE('',(#521),#83,.T.);
#3855=ADVANCED_FACE('',(#522),#3680,.F.);
#3856=ADVANCED_FACE('',(#523),#84,.F.);
#3857=ADVANCED_FACE('',(#524),#3681,.F.);
#3858=ADVANCED_FACE('',(#525),#85,.T.);
#3859=ADVANCED_FACE('',(#526),#3682,.F.);
#3860=ADVANCED_FACE('',(#527),#86,.T.);
#3861=ADVANCED_FACE('',(#528),#3683,.F.);
#3862=ADVANCED_FACE('',(#529),#87,.T.);
#3863=ADVANCED_FACE('',(#530),#88,.F.);
#3864=ADVANCED_FACE('',(#531),#3684,.T.);
#3865=ADVANCED_FACE('',(#532),#370,.F.);
#3866=ADVANCED_FACE('',(#533),#3685,.T.);
#3867=ADVANCED_FACE('',(#534),#89,.T.);
#3868=ADVANCED_FACE('',(#535),#3686,.F.);
#3869=ADVANCED_FACE('',(#536),#90,.T.);
#3870=ADVANCED_FACE('',(#537),#91,.F.);
#3871=ADVANCED_FACE('',(#538),#3687,.F.);
#3872=ADVANCED_FACE('',(#539),#92,.F.);
#3873=ADVANCED_FACE('',(#540),#3688,.F.);
#3874=ADVANCED_FACE('',(#541),#93,.F.);
#3875=ADVANCED_FACE('',(#542),#3689,.F.);
#3876=ADVANCED_FACE('',(#543),#94,.F.);
#3877=ADVANCED_FACE('',(#544),#3690,.F.);
#3878=ADVANCED_FACE('',(#545),#95,.F.);
#3879=ADVANCED_FACE('',(#546),#3691,.F.);
#3880=ADVANCED_FACE('',(#547),#96,.F.);
#3881=ADVANCED_FACE('',(#548),#3692,.F.);
#3882=ADVANCED_FACE('',(#549,#135),#3693,.T.);
#3883=ADVANCED_FACE('',(#550,#136),#3694,.T.);
#3884=ADVANCED_FACE('',(#551),#3695,.F.);
#3885=ADVANCED_FACE('',(#552),#97,.F.);
#3886=ADVANCED_FACE('',(#553),#3696,.F.);
#3887=ADVANCED_FACE('',(#554),#98,.F.);
#3888=ADVANCED_FACE('',(#555),#3697,.F.);
#3889=ADVANCED_FACE('',(#556),#99,.F.);
#3890=ADVANCED_FACE('',(#557),#3698,.F.);
#3891=ADVANCED_FACE('',(#558),#100,.F.);
#3892=ADVANCED_FACE('',(#559),#3699,.F.);
#3893=ADVANCED_FACE('',(#560),#101,.F.);
#3894=ADVANCED_FACE('',(#561),#3700,.F.);
#3895=ADVANCED_FACE('',(#562),#102,.F.);
#3896=ADVANCED_FACE('',(#563),#3701,.T.);
#3897=ADVANCED_FACE('',(#564),#371,.F.);
#3898=ADVANCED_FACE('',(#565),#372,.F.);
#3899=ADVANCED_FACE('',(#566),#3702,.T.);
#3900=ADVANCED_FACE('',(#567),#3703,.T.);
#3901=ADVANCED_FACE('',(#568),#373,.F.);
#3902=ADVANCED_FACE('',(#569),#374,.F.);
#3903=ADVANCED_FACE('',(#570),#3704,.T.);
#3904=ADVANCED_FACE('',(#571),#3705,.T.);
#3905=ADVANCED_FACE('',(#572),#375,.F.);
#3906=ADVANCED_FACE('',(#573),#376,.F.);
#3907=ADVANCED_FACE('',(#574),#3706,.T.);
#3908=ADVANCED_FACE('',(#575),#3707,.T.);
#3909=ADVANCED_FACE('',(#576),#377,.F.);
#3910=ADVANCED_FACE('',(#577),#378,.F.);
#3911=ADVANCED_FACE('',(#578),#3708,.T.);
#3912=ADVANCED_FACE('',(#579),#3709,.T.);
#3913=ADVANCED_FACE('',(#580),#379,.F.);
#3914=ADVANCED_FACE('',(#581),#380,.F.);
#3915=ADVANCED_FACE('',(#582),#3710,.T.);
#3916=ADVANCED_FACE('',(#583),#3711,.T.);
#3917=ADVANCED_FACE('',(#584),#381,.F.);
#3918=ADVANCED_FACE('',(#585),#382,.F.);
#3919=ADVANCED_FACE('',(#586),#3712,.T.);
#3920=ADVANCED_FACE('',(#587),#103,.F.);
#3921=ADVANCED_FACE('',(#588),#104,.T.);
#3922=ADVANCED_FACE('',(#589),#105,.F.);
#3923=ADVANCED_FACE('',(#590),#106,.T.);
#3924=ADVANCED_FACE('',(#591,#137,#138),#3713,.T.);
#3925=ADVANCED_FACE('',(#592),#107,.T.);
#3926=ADVANCED_FACE('',(#593),#108,.F.);
#3927=ADVANCED_FACE('',(#594),#109,.T.);
#3928=ADVANCED_FACE('',(#595),#3714,.T.);
#3929=ADVANCED_FACE('',(#596),#110,.T.);
#3930=ADVANCED_FACE('',(#597),#3715,.T.);
#3931=ADVANCED_FACE('',(#598),#111,.F.);
#3932=ADVANCED_FACE('',(#599),#112,.T.);
#3933=CLOSED_SHELL('',(#3716,#3717,#3718,#3719,#3720,#3721,#3722,#3723,
#3724,#3725,#3726,#3727,#3728,#3729,#3730,#3731,#3732,#3733,#3734,#3735,
#3736,#3737,#3738,#3739,#3740,#3741,#3742,#3743,#3744,#3745,#3746,#3747,
#3748,#3749,#3750,#3751,#3752,#3753,#3754,#3755,#3756,#3757,#3758,#3759,
#3760,#3761,#3762,#3763,#3764,#3765,#3766,#3767,#3768,#3769,#3770,#3771,
#3772,#3773,#3774,#3775,#3776,#3777,#3778,#3779,#3780,#3781,#3782,#3783,
#3784,#3785,#3786,#3787,#3788,#3789,#3790,#3791,#3792,#3793,#3794,#3795,
#3796,#3797,#3798,#3799,#3800,#3801,#3802,#3803,#3804,#3805,#3806,#3807,
#3808,#3809,#3810,#3811,#3812,#3813,#3814,#3815,#3816,#3817,#3818,#3819,
#3820,#3821,#3822,#3823,#3824,#3825,#3826,#3827,#3828,#3829,#3830,#3831,
#3832,#3833,#3834,#3835,#3836,#3837,#3838,#3839,#3840,#3841,#3842,#3843,
#3844,#3845,#3846,#3847,#3848,#3849,#3850,#3851,#3852,#3853,#3854,#3855,
#3856,#3857,#3858,#3859,#3860,#3861,#3862,#3863,#3864,#3865,#3866,#3867,
#3868,#3869,#3870,#3871,#3872,#3873,#3874,#3875,#3876,#3877,#3878,#3879,
#3880,#3881,#3882,#3883,#3884,#3885,#3886,#3887,#3888,#3889,#3890,#3891,
#3892,#3893,#3894,#3895,#3896,#3897,#3898,#3899,#3900,#3901,#3902,#3903,
#3904,#3905,#3906,#3907,#3908,#3909,#3910,#3911,#3912,#3913,#3914,#3915,
#3916,#3917,#3918,#3919,#3920,#3921,#3922,#3923,#3924,#3925,#3926,#3927,
#3928,#3929,#3930,#3931,#3932));
#3934=DERIVED_UNIT_ELEMENT(#3936,1.);
#3935=DERIVED_UNIT_ELEMENT(#7503,-3.);
#3936=(
MASS_UNIT()
NAMED_UNIT(*)
SI_UNIT(.KILO.,.GRAM.)
);
#3937=DERIVED_UNIT((#3934,#3935));
#3938=MEASURE_REPRESENTATION_ITEM('density measure',
POSITIVE_RATIO_MEASURE(7850.),#3937);
#3939=PROPERTY_DEFINITION_REPRESENTATION(#3944,#3941);
#3940=PROPERTY_DEFINITION_REPRESENTATION(#3945,#3942);
#3941=REPRESENTATION('material name',(#3943),#7500);
#3942=REPRESENTATION('density',(#3938),#7500);
#3943=DESCRIPTIVE_REPRESENTATION_ITEM('Steel','Steel');
#3944=PROPERTY_DEFINITION('material property','material name',#7510);
#3945=PROPERTY_DEFINITION('material property','density of part',#7510);
#3946=AXIS2_PLACEMENT_3D('',#5540,#4363,#4364);
#3947=AXIS2_PLACEMENT_3D('',#5541,#4365,#4366);
#3948=AXIS2_PLACEMENT_3D('',#5550,#4371,#4372);
#3949=AXIS2_PLACEMENT_3D('',#5554,#4374,#4375);
#3950=AXIS2_PLACEMENT_3D('',#5555,#4376,#4377);
#3951=AXIS2_PLACEMENT_3D('',#5556,#4378,#4379);
#3952=AXIS2_PLACEMENT_3D('',#5561,#4381,#4382);
#3953=AXIS2_PLACEMENT_3D('',#5564,#4384,#4385);
#3954=AXIS2_PLACEMENT_3D('',#5565,#4386,#4387);
#3955=AXIS2_PLACEMENT_3D('',#5571,#4391,#4392);
#3956=AXIS2_PLACEMENT_3D('',#5575,#4394,#4395);
#3957=AXIS2_PLACEMENT_3D('',#5576,#4396,#4397);
#3958=AXIS2_PLACEMENT_3D('',#5577,#4398,#4399);
#3959=AXIS2_PLACEMENT_3D('',#5580,#4402,#4403);
#3960=AXIS2_PLACEMENT_3D('',#5584,#4405,#4406);
#3961=AXIS2_PLACEMENT_3D('',#5596,#4409,#4410);
#3962=AXIS2_PLACEMENT_3D('',#5600,#4412,#4413);
#3963=AXIS2_PLACEMENT_3D('',#5604,#4415,#4416);
#3964=AXIS2_PLACEMENT_3D('',#5608,#4418,#4419);
#3965=AXIS2_PLACEMENT_3D('',#5620,#4422,#4423);
#3966=AXIS2_PLACEMENT_3D('',#5626,#4426,#4427);
#3967=AXIS2_PLACEMENT_3D('',#5630,#4429,#4430);
#3968=AXIS2_PLACEMENT_3D('',#5633,#4432,#4433);
#3969=AXIS2_PLACEMENT_3D('',#5635,#4434,#4435);
#3970=AXIS2_PLACEMENT_3D('',#5637,#4436,#4437);
#3971=AXIS2_PLACEMENT_3D('',#5639,#4438,#4439);
#3972=AXIS2_PLACEMENT_3D('',#5640,#4440,#4441);
#3973=AXIS2_PLACEMENT_3D('',#5644,#4443,#4444);
#3974=AXIS2_PLACEMENT_3D('',#5646,#4446,#4447);
#3975=AXIS2_PLACEMENT_3D('',#5650,#4449,#4450);
#3976=AXIS2_PLACEMENT_3D('',#5652,#4452,#4453);
#3977=AXIS2_PLACEMENT_3D('',#5656,#4455,#4456);
#3978=AXIS2_PLACEMENT_3D('',#5658,#4458,#4459);
#3979=AXIS2_PLACEMENT_3D('',#5660,#4460,#4461);
#3980=AXIS2_PLACEMENT_3D('',#5664,#4463,#4464);
#3981=AXIS2_PLACEMENT_3D('',#5666,#4466,#4467);
#3982=AXIS2_PLACEMENT_3D('',#5670,#4469,#4470);
#3983=AXIS2_PLACEMENT_3D('',#5672,#4472,#4473);
#3984=AXIS2_PLACEMENT_3D('',#5678,#4476,#4477);
#3985=AXIS2_PLACEMENT_3D('',#5680,#4479,#4480);
#3986=AXIS2_PLACEMENT_3D('',#5682,#4482,#4483);
#3987=AXIS2_PLACEMENT_3D('',#5686,#4486,#4487);
#3988=AXIS2_PLACEMENT_3D('',#5689,#4489,#4490);
#3989=AXIS2_PLACEMENT_3D('',#5690,#4491,#4492);
#3990=AXIS2_PLACEMENT_3D('',#5702,#4499,#4500);
#3991=AXIS2_PLACEMENT_3D('',#5705,#4502,#4503);
#3992=AXIS2_PLACEMENT_3D('',#5706,#4504,#4505);
#3993=AXIS2_PLACEMENT_3D('',#5709,#4506,#4507);
#3994=AXIS2_PLACEMENT_3D('',#5711,#4508,#4509);
#3995=AXIS2_PLACEMENT_3D('',#5721,#4510,#4511);
#3996=AXIS2_PLACEMENT_3D('',#5722,#4512,#4513);
#3997=AXIS2_PLACEMENT_3D('',#5735,#4516,#4517);
#3998=AXIS2_PLACEMENT_3D('',#5743,#4522,#4523);
#3999=AXIS2_PLACEMENT_3D('',#5746,#4525,#4526);
#4000=AXIS2_PLACEMENT_3D('',#5747,#4527,#4528);
#4001=AXIS2_PLACEMENT_3D('',#5750,#4529,#4530);
#4002=AXIS2_PLACEMENT_3D('',#5752,#4531,#4532);
#4003=AXIS2_PLACEMENT_3D('',#5762,#4533,#4534);
#4004=AXIS2_PLACEMENT_3D('',#5763,#4535,#4536);
#4005=AXIS2_PLACEMENT_3D('',#5766,#4537,#4538);
#4006=AXIS2_PLACEMENT_3D('',#5769,#4541,#4542);
#4007=AXIS2_PLACEMENT_3D('',#5784,#4543,#4544);
#4008=AXIS2_PLACEMENT_3D('',#5785,#4545,#4546);
#4009=AXIS2_PLACEMENT_3D('',#5786,#4547,#4548);
#4010=AXIS2_PLACEMENT_3D('',#5787,#4549,#4550);
#4011=AXIS2_PLACEMENT_3D('',#5789,#4552,#4553);
#4012=AXIS2_PLACEMENT_3D('',#5817,#4564,#4565);
#4013=AXIS2_PLACEMENT_3D('',#5820,#4567,#4568);
#4014=AXIS2_PLACEMENT_3D('',#5821,#4569,#4570);
#4015=AXIS2_PLACEMENT_3D('',#5825,#4573,#4574);
#4016=AXIS2_PLACEMENT_3D('',#5828,#4576,#4577);
#4017=AXIS2_PLACEMENT_3D('',#5829,#4578,#4579);
#4018=AXIS2_PLACEMENT_3D('',#5831,#4580,#4581);
#4019=AXIS2_PLACEMENT_3D('',#5833,#4582,#4583);
#4020=AXIS2_PLACEMENT_3D('',#5835,#4584,#4585);
#4021=AXIS2_PLACEMENT_3D('',#5839,#4587,#4588);
#4022=AXIS2_PLACEMENT_3D('',#5842,#4590,#4591);
#4023=AXIS2_PLACEMENT_3D('',#5843,#4592,#4593);
#4024=AXIS2_PLACEMENT_3D('',#5850,#4594,#4595);
#4025=AXIS2_PLACEMENT_3D('',#5855,#4596,#4597);
#4026=AXIS2_PLACEMENT_3D('',#5856,#4598,#4599);
#4027=AXIS2_PLACEMENT_3D('',#5858,#4600,#4601);
#4028=AXIS2_PLACEMENT_3D('',#5862,#4603,#4604);
#4029=AXIS2_PLACEMENT_3D('',#5864,#4606,#4607);
#4030=AXIS2_PLACEMENT_3D('',#5870,#4608,#4609);
#4031=AXIS2_PLACEMENT_3D('',#5874,#4610,#4611);
#4032=AXIS2_PLACEMENT_3D('',#5878,#4614,#4615);
#4033=AXIS2_PLACEMENT_3D('',#5885,#4616,#4617);
#4034=AXIS2_PLACEMENT_3D('',#5890,#4618,#4619);
#4035=AXIS2_PLACEMENT_3D('',#5891,#4620,#4621);
#4036=AXIS2_PLACEMENT_3D('',#5895,#4624,#4625);
#4037=AXIS2_PLACEMENT_3D('',#5901,#4626,#4627);
#4038=AXIS2_PLACEMENT_3D('',#5906,#4628,#4629);
#4039=AXIS2_PLACEMENT_3D('',#5907,#4630,#4631);
#4040=AXIS2_PLACEMENT_3D('',#5911,#4634,#4635);
#4041=AXIS2_PLACEMENT_3D('',#5916,#4638,#4639);
#4042=AXIS2_PLACEMENT_3D('',#5917,#4640,#4641);
#4043=AXIS2_PLACEMENT_3D('',#5921,#4644,#4645);
#4044=AXIS2_PLACEMENT_3D('',#5925,#4648,#4649);
#4045=AXIS2_PLACEMENT_3D('',#5926,#4650,#4651);
#4046=AXIS2_PLACEMENT_3D('',#5927,#4652,#4653);
#4047=AXIS2_PLACEMENT_3D('',#5933,#4657,#4658);
#4048=AXIS2_PLACEMENT_3D('',#5937,#4660,#4661);
#4049=AXIS2_PLACEMENT_3D('',#5941,#4663,#4664);
#4050=AXIS2_PLACEMENT_3D('',#5944,#4666,#4667);
#4051=AXIS2_PLACEMENT_3D('',#5945,#4668,#4669);
#4052=AXIS2_PLACEMENT_3D('',#5951,#4673,#4674);
#4053=AXIS2_PLACEMENT_3D('',#5956,#4676,#4677);
#4054=AXIS2_PLACEMENT_3D('',#5960,#4680,#4681);
#4055=AXIS2_PLACEMENT_3D('',#5962,#4682,#4683);
#4056=AXIS2_PLACEMENT_3D('',#5967,#4686,#4687);
#4057=AXIS2_PLACEMENT_3D('',#5969,#4689,#4690);
#4058=AXIS2_PLACEMENT_3D('',#5971,#4692,#4693);
#4059=AXIS2_PLACEMENT_3D('',#5974,#4696,#4697);
#4060=AXIS2_PLACEMENT_3D('',#5979,#4701,#4702);
#4061=AXIS2_PLACEMENT_3D('',#5981,#4704,#4705);
#4062=AXIS2_PLACEMENT_3D('',#5984,#4708,#4709);
#4063=AXIS2_PLACEMENT_3D('',#5988,#4712,#4713);
#4064=AXIS2_PLACEMENT_3D('',#5989,#4714,#4715);
#4065=AXIS2_PLACEMENT_3D('',#5993,#4718,#4719);
#4066=AXIS2_PLACEMENT_3D('',#5998,#4721,#4722);
#4067=AXIS2_PLACEMENT_3D('',#6002,#4724,#4725);
#4068=AXIS2_PLACEMENT_3D('',#6003,#4726,#4727);
#4069=AXIS2_PLACEMENT_3D('',#6004,#4728,#4729);
#4070=AXIS2_PLACEMENT_3D('',#6019,#4730,#4731);
#4071=AXIS2_PLACEMENT_3D('',#6020,#4732,#4733);
#4072=AXIS2_PLACEMENT_3D('',#6021,#4734,#4735);
#4073=AXIS2_PLACEMENT_3D('',#6027,#4736,#4737);
#4074=AXIS2_PLACEMENT_3D('',#6028,#4738,#4739);
#4075=AXIS2_PLACEMENT_3D('',#6030,#4740,#4741);
#4076=AXIS2_PLACEMENT_3D('',#6034,#4743,#4744);
#4077=AXIS2_PLACEMENT_3D('',#6036,#4746,#4747);
#4078=AXIS2_PLACEMENT_3D('',#6040,#4749,#4750);
#4079=AXIS2_PLACEMENT_3D('',#6042,#4752,#4753);
#4080=AXIS2_PLACEMENT_3D('',#6044,#4754,#4755);
#4081=AXIS2_PLACEMENT_3D('',#6046,#4756,#4757);
#4082=AXIS2_PLACEMENT_3D('',#6055,#4758,#4759);
#4083=AXIS2_PLACEMENT_3D('',#6067,#4761,#4762);
#4084=AXIS2_PLACEMENT_3D('',#6068,#4763,#4764);
#4085=AXIS2_PLACEMENT_3D('',#6076,#4765,#4766);
#4086=AXIS2_PLACEMENT_3D('',#6077,#4767,#4768);
#4087=AXIS2_PLACEMENT_3D('',#6081,#4770,#4771);
#4088=AXIS2_PLACEMENT_3D('',#6083,#4773,#4774);
#4089=AXIS2_PLACEMENT_3D('',#6087,#4777,#4778);
#4090=AXIS2_PLACEMENT_3D('',#6105,#4786,#4787);
#4091=AXIS2_PLACEMENT_3D('',#6327,#4788,#4789);
#4092=AXIS2_PLACEMENT_3D('',#6344,#4791,#4792);
#4093=AXIS2_PLACEMENT_3D('',#6347,#4794,#4795);
#4094=AXIS2_PLACEMENT_3D('',#6349,#4796,#4797);
#4095=AXIS2_PLACEMENT_3D('',#6353,#4800,#4801);
#4096=AXIS2_PLACEMENT_3D('',#6354,#4802,#4803);
#4097=AXIS2_PLACEMENT_3D('',#6355,#4804,#4805);
#4098=AXIS2_PLACEMENT_3D('',#6356,#4806,#4807);
#4099=AXIS2_PLACEMENT_3D('',#6358,#4808,#4809);
#4100=AXIS2_PLACEMENT_3D('',#6362,#4811,#4812);
#4101=AXIS2_PLACEMENT_3D('',#6365,#4814,#4815);
#4102=AXIS2_PLACEMENT_3D('',#6367,#4816,#4817);
#4103=AXIS2_PLACEMENT_3D('',#6371,#4819,#4820);
#4104=AXIS2_PLACEMENT_3D('',#6374,#4822,#4823);
#4105=AXIS2_PLACEMENT_3D('',#6375,#4824,#4825);
#4106=AXIS2_PLACEMENT_3D('',#6376,#4826,#4827);
#4107=AXIS2_PLACEMENT_3D('',#6378,#4829,#4830);
#4108=AXIS2_PLACEMENT_3D('',#6380,#4831,#4832);
#4109=AXIS2_PLACEMENT_3D('',#6382,#4833,#4834);
#4110=AXIS2_PLACEMENT_3D('',#6384,#4835,#4836);
#4111=AXIS2_PLACEMENT_3D('',#6385,#4837,#4838);
#4112=AXIS2_PLACEMENT_3D('',#6386,#4839,#4840);
#4113=AXIS2_PLACEMENT_3D('',#6389,#4842,#4843);
#4114=AXIS2_PLACEMENT_3D('',#6390,#4844,#4845);
#4115=AXIS2_PLACEMENT_3D('',#6804,#4850,#4851);
#4116=AXIS2_PLACEMENT_3D('',#6807,#4853,#4854);
#4117=AXIS2_PLACEMENT_3D('',#6808,#4855,#4856);
#4118=AXIS2_PLACEMENT_3D('',#6810,#4857,#4858);
#4119=AXIS2_PLACEMENT_3D('',#6811,#4859,#4860);
#4120=AXIS2_PLACEMENT_3D('',#6814,#4862,#4863);
#4121=AXIS2_PLACEMENT_3D('',#6815,#4864,#4865);
#4122=AXIS2_PLACEMENT_3D('',#6817,#4866,#4867);
#4123=AXIS2_PLACEMENT_3D('',#6818,#4868,#4869);
#4124=AXIS2_PLACEMENT_3D('',#6820,#4870,#4871);
#4125=AXIS2_PLACEMENT_3D('',#6821,#4872,#4873);
#4126=AXIS2_PLACEMENT_3D('',#6823,#4874,#4875);
#4127=AXIS2_PLACEMENT_3D('',#6825,#4877,#4878);
#4128=AXIS2_PLACEMENT_3D('',#6828,#4880,#4881);
#4129=AXIS2_PLACEMENT_3D('',#6829,#4882,#4883);
#4130=AXIS2_PLACEMENT_3D('',#6831,#4884,#4885);
#4131=AXIS2_PLACEMENT_3D('',#6835,#4887,#4888);
#4132=AXIS2_PLACEMENT_3D('',#6839,#4890,#4891);
#4133=AXIS2_PLACEMENT_3D('',#6843,#4893,#4894);
#4134=AXIS2_PLACEMENT_3D('',#6846,#4896,#4897);
#4135=AXIS2_PLACEMENT_3D('',#6847,#4898,#4899);
#4136=AXIS2_PLACEMENT_3D('',#6850,#4900,#4901);
#4137=AXIS2_PLACEMENT_3D('',#6853,#4903,#4904);
#4138=AXIS2_PLACEMENT_3D('',#6854,#4905,#4906);
#4139=AXIS2_PLACEMENT_3D('',#6856,#4907,#4908);
#4140=AXIS2_PLACEMENT_3D('',#6860,#4910,#4911);
#4141=AXIS2_PLACEMENT_3D('',#6864,#4913,#4914);
#4142=AXIS2_PLACEMENT_3D('',#6866,#4915,#4916);
#4143=AXIS2_PLACEMENT_3D('',#6868,#4917,#4918);
#4144=AXIS2_PLACEMENT_3D('',#6870,#4919,#4920);
#4145=AXIS2_PLACEMENT_3D('',#6872,#4922,#4923);
#4146=AXIS2_PLACEMENT_3D('',#6874,#4924,#4925);
#4147=AXIS2_PLACEMENT_3D('',#6876,#4927,#4928);
#4148=AXIS2_PLACEMENT_3D('',#6887,#4929,#4930);
#4149=AXIS2_PLACEMENT_3D('',#6896,#4931,#4932);
#4150=AXIS2_PLACEMENT_3D('',#6900,#4934,#4935);
#4151=AXIS2_PLACEMENT_3D('',#6902,#4937,#4938);
#4152=AXIS2_PLACEMENT_3D('',#6904,#4940,#4941);
#4153=AXIS2_PLACEMENT_3D('',#6906,#4942,#4943);
#4154=AXIS2_PLACEMENT_3D('',#6910,#4945,#4946);
#4155=AXIS2_PLACEMENT_3D('',#6914,#4948,#4949);
#4156=AXIS2_PLACEMENT_3D('',#6916,#4950,#4951);
#4157=AXIS2_PLACEMENT_3D('',#6918,#4952,#4953);
#4158=AXIS2_PLACEMENT_3D('',#6920,#4954,#4955);
#4159=AXIS2_PLACEMENT_3D('',#6924,#4957,#4958);
#4160=AXIS2_PLACEMENT_3D('',#6927,#4960,#4961);
#4161=AXIS2_PLACEMENT_3D('',#6928,#4962,#4963);
#4162=AXIS2_PLACEMENT_3D('',#6934,#4967,#4968);
#4163=AXIS2_PLACEMENT_3D('',#6936,#4969,#4970);
#4164=AXIS2_PLACEMENT_3D('',#6938,#4972,#4973);
#4165=AXIS2_PLACEMENT_3D('',#6939,#4974,#4975);
#4166=AXIS2_PLACEMENT_3D('',#6940,#4976,#4977);
#4167=AXIS2_PLACEMENT_3D('',#6945,#4979,#4980);
#4168=AXIS2_PLACEMENT_3D('',#6947,#4982,#4983);
#4169=AXIS2_PLACEMENT_3D('',#6948,#4984,#4985);
#4170=AXIS2_PLACEMENT_3D('',#6950,#4987,#4988);
#4171=AXIS2_PLACEMENT_3D('',#6952,#4990,#4991);
#4172=AXIS2_PLACEMENT_3D('',#6954,#4993,#4994);
#4173=AXIS2_PLACEMENT_3D('',#6956,#4995,#4996);
#4174=AXIS2_PLACEMENT_3D('',#6958,#4997,#4998);
#4175=AXIS2_PLACEMENT_3D('',#6959,#4999,#5000);
#4176=AXIS2_PLACEMENT_3D('',#6961,#5002,#5003);
#4177=AXIS2_PLACEMENT_3D('',#6963,#5004,#5005);
#4178=AXIS2_PLACEMENT_3D('',#6966,#5007,#5008);
#4179=AXIS2_PLACEMENT_3D('',#6967,#5009,#5010);
#4180=AXIS2_PLACEMENT_3D('',#6973,#5014,#5015);
#4181=AXIS2_PLACEMENT_3D('',#6976,#5017,#5018);
#4182=AXIS2_PLACEMENT_3D('',#6977,#5019,#5020);
#4183=AXIS2_PLACEMENT_3D('',#6979,#5021,#5022);
#4184=AXIS2_PLACEMENT_3D('',#6982,#5024,#5025);
#4185=AXIS2_PLACEMENT_3D('',#6983,#5026,#5027);
#4186=AXIS2_PLACEMENT_3D('',#6986,#5030,#5031);
#4187=AXIS2_PLACEMENT_3D('',#6989,#5034,#5035);
#4188=AXIS2_PLACEMENT_3D('',#6991,#5037,#5038);
#4189=AXIS2_PLACEMENT_3D('',#6993,#5040,#5041);
#4190=AXIS2_PLACEMENT_3D('',#7001,#5044,#5045);
#4191=AXIS2_PLACEMENT_3D('',#7013,#5050,#5051);
#4192=AXIS2_PLACEMENT_3D('',#7016,#5054,#5055);
#4193=AXIS2_PLACEMENT_3D('',#7018,#5056,#5057);
#4194=AXIS2_PLACEMENT_3D('',#7020,#5059,#5060);
#4195=AXIS2_PLACEMENT_3D('',#7022,#5061,#5062);
#4196=AXIS2_PLACEMENT_3D('',#7024,#5064,#5065);
#4197=AXIS2_PLACEMENT_3D('',#7026,#5067,#5068);
#4198=AXIS2_PLACEMENT_3D('',#7027,#5069,#5070);
#4199=AXIS2_PLACEMENT_3D('',#7029,#5071,#5072);
#4200=AXIS2_PLACEMENT_3D('',#7033,#5074,#5075);
#4201=AXIS2_PLACEMENT_3D('',#7035,#5077,#5078);
#4202=AXIS2_PLACEMENT_3D('',#7044,#5083,#5084);
#4203=AXIS2_PLACEMENT_3D('',#7046,#5085,#5086);
#4204=AXIS2_PLACEMENT_3D('',#7049,#5088,#5089);
#4205=AXIS2_PLACEMENT_3D('',#7050,#5090,#5091);
#4206=AXIS2_PLACEMENT_3D('',#7052,#5092,#5093);
#4207=AXIS2_PLACEMENT_3D('',#7054,#5094,#5095);
#4208=AXIS2_PLACEMENT_3D('',#7056,#5097,#5098);
#4209=AXIS2_PLACEMENT_3D('',#7062,#5102,#5103);
#4210=AXIS2_PLACEMENT_3D('',#7063,#5104,#5105);
#4211=AXIS2_PLACEMENT_3D('',#7064,#5106,#5107);
#4212=AXIS2_PLACEMENT_3D('',#7065,#5108,#5109);
#4213=AXIS2_PLACEMENT_3D('',#7067,#5110,#5111);
#4214=AXIS2_PLACEMENT_3D('',#7069,#5113,#5114);
#4215=AXIS2_PLACEMENT_3D('',#7083,#5116,#5117);
#4216=AXIS2_PLACEMENT_3D('',#7085,#5119,#5120);
#4217=AXIS2_PLACEMENT_3D('',#7089,#5122,#5123);
#4218=AXIS2_PLACEMENT_3D('',#7090,#5124,#5125);
#4219=AXIS2_PLACEMENT_3D('',#7091,#5126,#5127);
#4220=AXIS2_PLACEMENT_3D('',#7093,#5129,#5130);
#4221=AXIS2_PLACEMENT_3D('',#7096,#5132,#5133);
#4222=AXIS2_PLACEMENT_3D('',#7097,#5134,#5135);
#4223=AXIS2_PLACEMENT_3D('',#7099,#5137,#5138);
#4224=AXIS2_PLACEMENT_3D('',#7101,#5139,#5140);
#4225=AXIS2_PLACEMENT_3D('',#7104,#5142,#5143);
#4226=AXIS2_PLACEMENT_3D('',#7105,#5144,#5145);
#4227=AXIS2_PLACEMENT_3D('',#7107,#5147,#5148);
#4228=AXIS2_PLACEMENT_3D('',#7111,#5151,#5152);
#4229=AXIS2_PLACEMENT_3D('',#7135,#5155,#5156);
#4230=AXIS2_PLACEMENT_3D('',#7136,#5157,#5158);
#4231=AXIS2_PLACEMENT_3D('',#7138,#5160,#5161);
#4232=AXIS2_PLACEMENT_3D('',#7139,#5162,#5163);
#4233=AXIS2_PLACEMENT_3D('',#7160,#5164,#5165);
#4234=AXIS2_PLACEMENT_3D('',#7162,#5167,#5168);
#4235=AXIS2_PLACEMENT_3D('',#7164,#5169,#5170);
#4236=AXIS2_PLACEMENT_3D('',#7165,#5171,#5172);
#4237=AXIS2_PLACEMENT_3D('',#7167,#5173,#5174);
#4238=AXIS2_PLACEMENT_3D('',#7169,#5176,#5177);
#4239=AXIS2_PLACEMENT_3D('',#7173,#5180,#5181);
#4240=AXIS2_PLACEMENT_3D('',#7174,#5182,#5183);
#4241=AXIS2_PLACEMENT_3D('',#7175,#5184,#5185);
#4242=AXIS2_PLACEMENT_3D('',#7178,#5188,#5189);
#4243=AXIS2_PLACEMENT_3D('',#7180,#5191,#5192);
#4244=AXIS2_PLACEMENT_3D('',#7182,#5194,#5195);
#4245=AXIS2_PLACEMENT_3D('',#7184,#5197,#5198);
#4246=AXIS2_PLACEMENT_3D('',#7186,#5200,#5201);
#4247=AXIS2_PLACEMENT_3D('',#7188,#5203,#5204);
#4248=AXIS2_PLACEMENT_3D('',#7190,#5206,#5207);
#4249=AXIS2_PLACEMENT_3D('',#7191,#5208,#5209);
#4250=AXIS2_PLACEMENT_3D('',#7192,#5210,#5211);
#4251=AXIS2_PLACEMENT_3D('',#7197,#5213,#5214);
#4252=AXIS2_PLACEMENT_3D('',#7199,#5215,#5216);
#4253=AXIS2_PLACEMENT_3D('',#7201,#5217,#5218);
#4254=AXIS2_PLACEMENT_3D('',#7205,#5220,#5221);
#4255=AXIS2_PLACEMENT_3D('',#7207,#5222,#5223);
#4256=AXIS2_PLACEMENT_3D('',#7208,#5224,#5225);
#4257=AXIS2_PLACEMENT_3D('',#7211,#5227,#5228);
#4258=AXIS2_PLACEMENT_3D('',#7212,#5229,#5230);
#4259=AXIS2_PLACEMENT_3D('',#7221,#5232,#5233);
#4260=AXIS2_PLACEMENT_3D('',#7223,#5234,#5235);
#4261=AXIS2_PLACEMENT_3D('',#7225,#5237,#5238);
#4262=AXIS2_PLACEMENT_3D('',#7227,#5240,#5241);
#4263=AXIS2_PLACEMENT_3D('',#7229,#5243,#5244);
#4264=AXIS2_PLACEMENT_3D('',#7230,#5245,#5246);
#4265=AXIS2_PLACEMENT_3D('',#7233,#5247,#5248);
#4266=AXIS2_PLACEMENT_3D('',#7237,#5250,#5251);
#4267=AXIS2_PLACEMENT_3D('',#7239,#5253,#5254);
#4268=AXIS2_PLACEMENT_3D('',#7245,#5258,#5259);
#4269=AXIS2_PLACEMENT_3D('',#7247,#5260,#5261);
#4270=AXIS2_PLACEMENT_3D('',#7250,#5263,#5264);
#4271=AXIS2_PLACEMENT_3D('',#7251,#5265,#5266);
#4272=AXIS2_PLACEMENT_3D('',#7257,#5270,#5271);
#4273=AXIS2_PLACEMENT_3D('',#7259,#5272,#5273);
#4274=AXIS2_PLACEMENT_3D('',#7262,#5275,#5276);
#4275=AXIS2_PLACEMENT_3D('',#7263,#5277,#5278);
#4276=AXIS2_PLACEMENT_3D('',#7269,#5282,#5283);
#4277=AXIS2_PLACEMENT_3D('',#7271,#5284,#5285);
#4278=AXIS2_PLACEMENT_3D('',#7274,#5287,#5288);
#4279=AXIS2_PLACEMENT_3D('',#7275,#5289,#5290);
#4280=AXIS2_PLACEMENT_3D('',#7281,#5294,#5295);
#4281=AXIS2_PLACEMENT_3D('',#7283,#5296,#5297);
#4282=AXIS2_PLACEMENT_3D('',#7286,#5299,#5300);
#4283=AXIS2_PLACEMENT_3D('',#7287,#5301,#5302);
#4284=AXIS2_PLACEMENT_3D('',#7293,#5306,#5307);
#4285=AXIS2_PLACEMENT_3D('',#7295,#5308,#5309);
#4286=AXIS2_PLACEMENT_3D('',#7298,#5311,#5312);
#4287=AXIS2_PLACEMENT_3D('',#7299,#5313,#5314);
#4288=AXIS2_PLACEMENT_3D('',#7305,#5318,#5319);
#4289=AXIS2_PLACEMENT_3D('',#7308,#5320,#5321);
#4290=AXIS2_PLACEMENT_3D('',#7312,#5323,#5324);
#4291=AXIS2_PLACEMENT_3D('',#7316,#5326,#5327);
#4292=AXIS2_PLACEMENT_3D('',#7320,#5329,#5330);
#4293=AXIS2_PLACEMENT_3D('',#7323,#5332,#5333);
#4294=AXIS2_PLACEMENT_3D('',#7327,#5335,#5336);
#4295=AXIS2_PLACEMENT_3D('',#7329,#5338,#5339);
#4296=AXIS2_PLACEMENT_3D('',#7334,#5341,#5342);
#4297=AXIS2_PLACEMENT_3D('',#7338,#5344,#5345);
#4298=AXIS2_PLACEMENT_3D('',#7342,#5347,#5348);
#4299=AXIS2_PLACEMENT_3D('',#7346,#5350,#5351);
#4300=AXIS2_PLACEMENT_3D('',#7350,#5353,#5354);
#4301=AXIS2_PLACEMENT_3D('',#7354,#5356,#5357);
#4302=AXIS2_PLACEMENT_3D('',#7358,#5359,#5360);
#4303=AXIS2_PLACEMENT_3D('',#7362,#5362,#5363);
#4304=AXIS2_PLACEMENT_3D('',#7366,#5365,#5366);
#4305=AXIS2_PLACEMENT_3D('',#7370,#5368,#5369);
#4306=AXIS2_PLACEMENT_3D('',#7374,#5371,#5372);
#4307=AXIS2_PLACEMENT_3D('',#7377,#5374,#5375);
#4308=AXIS2_PLACEMENT_3D('',#7378,#5376,#5377);
#4309=AXIS2_PLACEMENT_3D('',#7382,#5380,#5381);
#4310=AXIS2_PLACEMENT_3D('',#7384,#5382,#5383);
#4311=AXIS2_PLACEMENT_3D('',#7386,#5385,#5386);
#4312=AXIS2_PLACEMENT_3D('',#7390,#5389,#5390);
#4313=AXIS2_PLACEMENT_3D('',#7392,#5391,#5392);
#4314=AXIS2_PLACEMENT_3D('',#7394,#5394,#5395);
#4315=AXIS2_PLACEMENT_3D('',#7398,#5398,#5399);
#4316=AXIS2_PLACEMENT_3D('',#7400,#5400,#5401);
#4317=AXIS2_PLACEMENT_3D('',#7402,#5403,#5404);
#4318=AXIS2_PLACEMENT_3D('',#7406,#5407,#5408);
#4319=AXIS2_PLACEMENT_3D('',#7408,#5409,#5410);
#4320=AXIS2_PLACEMENT_3D('',#7410,#5412,#5413);
#4321=AXIS2_PLACEMENT_3D('',#7414,#5416,#5417);
#4322=AXIS2_PLACEMENT_3D('',#7416,#5418,#5419);
#4323=AXIS2_PLACEMENT_3D('',#7418,#5421,#5422);
#4324=AXIS2_PLACEMENT_3D('',#7422,#5425,#5426);
#4325=AXIS2_PLACEMENT_3D('',#7423,#5427,#5428);
#4326=AXIS2_PLACEMENT_3D('',#7424,#5429,#5430);
#4327=AXIS2_PLACEMENT_3D('',#7427,#5433,#5434);
#4328=AXIS2_PLACEMENT_3D('',#7429,#5436,#5437);
#4329=AXIS2_PLACEMENT_3D('',#7431,#5439,#5440);
#4330=AXIS2_PLACEMENT_3D('',#7433,#5442,#5443);
#4331=AXIS2_PLACEMENT_3D('',#7435,#5445,#5446);
#4332=AXIS2_PLACEMENT_3D('',#7437,#5448,#5449);
#4333=AXIS2_PLACEMENT_3D('',#7439,#5451,#5452);
#4334=AXIS2_PLACEMENT_3D('',#7441,#5454,#5455);
#4335=AXIS2_PLACEMENT_3D('',#7443,#5457,#5458);
#4336=AXIS2_PLACEMENT_3D('',#7445,#5460,#5461);
#4337=AXIS2_PLACEMENT_3D('',#7447,#5463,#5464);
#4338=AXIS2_PLACEMENT_3D('',#7449,#5466,#5467);
#4339=AXIS2_PLACEMENT_3D('',#7451,#5469,#5470);
#4340=AXIS2_PLACEMENT_3D('',#7453,#5472,#5473);
#4341=AXIS2_PLACEMENT_3D('',#7455,#5475,#5476);
#4342=AXIS2_PLACEMENT_3D('',#7457,#5478,#5479);
#4343=AXIS2_PLACEMENT_3D('',#7459,#5481,#5482);
#4344=AXIS2_PLACEMENT_3D('',#7461,#5484,#5485);
#4345=AXIS2_PLACEMENT_3D('',#7463,#5487,#5488);
#4346=AXIS2_PLACEMENT_3D('',#7465,#5490,#5491);
#4347=AXIS2_PLACEMENT_3D('',#7467,#5493,#5494);
#4348=AXIS2_PLACEMENT_3D('',#7469,#5496,#5497);
#4349=AXIS2_PLACEMENT_3D('',#7471,#5499,#5500);
#4350=AXIS2_PLACEMENT_3D('',#7472,#5501,#5502);
#4351=AXIS2_PLACEMENT_3D('',#7474,#5504,#5505);
#4352=AXIS2_PLACEMENT_3D('',#7476,#5507,#5508);
#4353=AXIS2_PLACEMENT_3D('',#7479,#5511,#5512);
#4354=AXIS2_PLACEMENT_3D('',#7481,#5514,#5515);
#4355=AXIS2_PLACEMENT_3D('',#7483,#5517,#5518);
#4356=AXIS2_PLACEMENT_3D('',#7485,#5520,#5521);
#4357=AXIS2_PLACEMENT_3D('',#7488,#5524,#5525);
#4358=AXIS2_PLACEMENT_3D('',#7490,#5527,#5528);
#4359=AXIS2_PLACEMENT_3D('',#7492,#5530,#5531);
#4360=AXIS2_PLACEMENT_3D('',#7494,#5533,#5534);
#4361=AXIS2_PLACEMENT_3D('',#7496,#5536,#5537);
#4362=AXIS2_PLACEMENT_3D('',#7497,#5538,#5539);
#4363=DIRECTION('axis',(0.,0.,1.));
#4364=DIRECTION('refdir',(1.,0.,0.));
#4365=DIRECTION('center_axis',(-0.70710678118653,-1.96261557419708E-17,
0.707106781186565));
#4366=DIRECTION('ref_axis',(0.707106781186565,0.,0.70710678118653));
#4367=DIRECTION('',(-2.7755575615308E-17,1.,1.22343640742733E-26));
#4368=DIRECTION('',(-0.707106781186622,0.,-0.707106781186473));
#4369=DIRECTION('',(2.7755575615308E-17,-1.,-1.22343640742733E-26));
#4370=DIRECTION('',(0.577350269190242,-0.577350269190229,0.577350269188406));
#4371=DIRECTION('center_axis',(-2.2204460492503E-14,0.,-1.));
#4372=DIRECTION('ref_axis',(-0.923879532511286,0.382683432365092,2.52315180954886E-14));
#4373=DIRECTION('',(-0.500000000000023,0.500000000000013,-0.707106781186522));
#4374=DIRECTION('center_axis',(2.73263982301821E-14,-1.22336056143609E-26,
1.));
#4375=DIRECTION('ref_axis',(-0.923879532511286,0.382683432365092,2.5220678015957E-14));
#4376=DIRECTION('center_axis',(-2.73263982301821E-14,1.22336056143609E-26,
-1.));
#4377=DIRECTION('ref_axis',(-0.923879532511286,0.382683432365092,2.52463000221226E-14));
#4378=DIRECTION('center_axis',(-2.22044604925031E-14,0.,-1.));
#4379=DIRECTION('ref_axis',(-0.382683432365088,-0.923879532511287,1.04425779422561E-14));
#4380=DIRECTION('',(-1.08698708678133E-14,-0.707106781186331,-0.707106781186764));
#4381=DIRECTION('center_axis',(-2.73263982301821E-14,1.22336056143609E-26,
-1.));
#4382=DIRECTION('ref_axis',(-0.382683432365088,-0.923879532511287,1.04573598688901E-14));
#4383=DIRECTION('',(-0.499999999999967,-0.499999999999999,-0.707106781186572));
#4384=DIRECTION('center_axis',(2.73263982301821E-14,-1.22336056143609E-26,
1.));
#4385=DIRECTION('ref_axis',(-0.382683432365088,-0.923879532511288,1.04317378627245E-14));
#4386=DIRECTION('center_axis',(-0.499999999999303,-0.499999999999323,0.707106781187519));
#4387=DIRECTION('ref_axis',(0.816496580928479,0.,0.577350269188561));
#4388=DIRECTION('',(-0.500000000000706,-0.500000000000675,-0.707106781185571));
#4389=DIRECTION('',(0.707106781186548,-0.707106781186548,-1.93226814939745E-14));
#4390=DIRECTION('',(-0.707106781186548,0.707106781186548,1.93226814939745E-14));
#4391=DIRECTION('center_axis',(-2.22044604925025E-14,0.,-1.));
#4392=DIRECTION('ref_axis',(-0.923879532511296,0.382683432365068,2.35487338267309E-14));
#4393=DIRECTION('',(-1.57009245868375E-14,0.707106781186538,-0.707106781186557));
#4394=DIRECTION('center_axis',(2.73263982301821E-14,-1.22336056143609E-26,
1.));
#4395=DIRECTION('ref_axis',(-0.923879532511296,0.382683432365068,2.32092205876525E-14));
#4396=DIRECTION('center_axis',(-2.73263982301821E-14,1.22336056143609E-26,
-1.));
#4397=DIRECTION('ref_axis',(-0.923879532511296,0.382683432365068,2.52463000221228E-14));
#4398=DIRECTION('center_axis',(1.99507184774687E-14,0.707106781185439,0.707106781187656));
#4399=DIRECTION('ref_axis',(1.,0.,-2.82145766498794E-14));
#4400=DIRECTION('',(-1.,8.88178419700124E-16,2.73263982301821E-14));
#4401=DIRECTION('',(1.,-8.88178419700124E-16,-2.73263982301821E-14));
#4402=DIRECTION('center_axis',(-2.73263982301821E-14,1.22336056143609E-26,
-1.));
#4403=DIRECTION('ref_axis',(-1.,-2.7755575615308E-17,2.73263982301821E-14));
#4404=DIRECTION('',(-1.,-2.7755575615308E-17,2.73263982301821E-14));
#4405=DIRECTION('center_axis',(2.73263982301821E-14,-1.22336056143609E-26,
1.));
#4406=DIRECTION('ref_axis',(0.382683432365116,0.923879532511276,-1.04573598688908E-14));
#4407=DIRECTION('',(-0.707106781186508,0.707106781186587,1.93226814939734E-14));
#4408=DIRECTION('',(-1.,-8.97928839201054E-15,2.73263982301821E-14));
#4409=DIRECTION('center_axis',(-2.73263982301821E-14,1.22336056143609E-26,
-1.));
#4410=DIRECTION('ref_axis',(0.707106781186523,-0.707106781186573,-1.93226814939738E-14));
#4411=DIRECTION('',(-0.707106781186579,-0.707106781186516,1.9322681493958E-14));
#4412=DIRECTION('center_axis',(-2.73263982301821E-14,1.22336056143609E-26,
-1.));
#4413=DIRECTION('ref_axis',(1.,-8.63481032671254E-15,-2.73263982301821E-14));
#4414=DIRECTION('',(2.7755575615308E-17,-1.,-1.22343451714595E-26));
#4415=DIRECTION('center_axis',(-2.73263982301821E-14,1.22336056143609E-26,
-1.));
#4416=DIRECTION('ref_axis',(1.,-1.66590189077993E-15,-2.73263982301821E-14));
#4417=DIRECTION('',(0.707106781186531,-0.707106781186564,-1.9322681493974E-14));
#4418=DIRECTION('center_axis',(-2.73263982301821E-14,1.22336056143609E-26,
-1.));
#4419=DIRECTION('ref_axis',(2.46935952944843E-16,1.,1.22268577441734E-26));
#4420=DIRECTION('',(1.,2.7755575615308E-17,-2.73263982301821E-14));
#4421=DIRECTION('',(0.707106781186564,0.707106781186531,-1.92834291824905E-14));
#4422=DIRECTION('center_axis',(2.73263982301821E-14,-5.5511151243492E-17,
1.));
#4423=DIRECTION('ref_axis',(2.7755575615246E-17,-1.,-5.55111512434928E-17));
#4424=DIRECTION('',(1.,2.48216309283733E-13,-2.73263982301821E-14));
#4425=DIRECTION('',(0.707106781186552,0.707106781186543,-1.93226814939573E-14));
#4426=DIRECTION('center_axis',(2.73263982301821E-14,-1.22336056143609E-26,
1.));
#4427=DIRECTION('ref_axis',(3.55271367880052E-14,1.,1.12627769265137E-26));
#4428=DIRECTION('',(1.,-4.43337074228804E-28,-2.73263982301821E-14));
#4429=DIRECTION('center_axis',(2.73263982301821E-14,-1.22336056143609E-26,
1.));
#4430=DIRECTION('ref_axis',(1.42108547152021E-14,-1.,-1.26219370894998E-26));
#4431=DIRECTION('',(-1.,1.95399252334063E-13,2.73263982301821E-14));
#4432=DIRECTION('center_axis',(2.73263982301821E-14,-1.22336056143609E-26,
1.));
#4433=DIRECTION('ref_axis',(1.,2.7755575615386E-17,-2.73263982301821E-14));
#4434=DIRECTION('center_axis',(2.73263982301821E-14,-1.22336056143609E-26,
1.));
#4435=DIRECTION('ref_axis',(1.,2.7755575615386E-17,-2.73263982301821E-14));
#4436=DIRECTION('center_axis',(2.73263982301821E-14,-1.22336056143609E-26,
1.));
#4437=DIRECTION('ref_axis',(-1.,-2.7755575615386E-17,2.73263982301821E-14));
#4438=DIRECTION('center_axis',(2.73263982301821E-14,-1.22336056143609E-26,
1.));
#4439=DIRECTION('ref_axis',(1.,2.7755575615308E-17,-2.73263982301821E-14));
#4440=DIRECTION('center_axis',(1.93423076496932E-14,-0.707106781186764,
0.707106781186332));
#4441=DIRECTION('ref_axis',(1.,2.77555756152297E-17,-2.73263982301821E-14));
#4442=DIRECTION('',(1.,2.7755575615308E-17,-2.73263982301821E-14));
#4443=DIRECTION('center_axis',(-1.93423076496932E-14,0.707106781186764,
-0.707106781186332));
#4444=DIRECTION('ref_axis',(1.93145905112778E-14,0.707106781186332,0.707106781186764));
#4445=DIRECTION('',(-1.59501066712449E-14,-0.707106781186332,-0.707106781186763));
#4446=DIRECTION('center_axis',(2.72594447014985E-14,-1.22335809624576E-26,
1.));
#4447=DIRECTION('ref_axis',(-0.382683432365088,-0.923879532511288,1.04317378627245E-14));
#4448=DIRECTION('',(-2.72594447014985E-14,1.22335809624576E-26,-1.));
#4449=DIRECTION('center_axis',(2.73263982301821E-14,-1.22336056143609E-26,
1.));
#4450=DIRECTION('ref_axis',(-0.382683432365088,-0.923879532511288,1.04573598688901E-14));
#4451=DIRECTION('',(2.72594447014985E-14,-1.22335809624576E-26,1.));
#4452=DIRECTION('center_axis',(-0.499999999999969,0.499999999999994,0.707106781186574));
#4453=DIRECTION('ref_axis',(0.816496580927753,1.38777878078145E-16,0.577350269189587));
#4454=DIRECTION('',(0.281084637720181,-0.678598344542351,0.678598344547122));
#4455=DIRECTION('center_axis',(0.499999999999969,-0.499999999999994,-0.707106781186574));
#4456=DIRECTION('ref_axis',(-0.500000000000025,0.500000000000012,-0.707106781186521));
#4457=DIRECTION('',(-0.707106781186552,-0.707106781186543,1.93226814939573E-14));
#4458=DIRECTION('center_axis',(-2.72594447014986E-14,1.22782502112157E-26,
-1.));
#4459=DIRECTION('ref_axis',(-0.382683432365204,0.923879532511239,1.04317378627503E-14));
#4460=DIRECTION('center_axis',(-1.56192754002335E-13,0.707106781189001,
0.707106781184094));
#4461=DIRECTION('ref_axis',(-1.94789595654828E-13,0.707106781184094,-0.707106781189001));
#4462=DIRECTION('',(-2.72594447014986E-14,1.22782502112157E-26,-1.));
#4463=DIRECTION('center_axis',(2.73263982301821E-14,-1.22336056143609E-26,
1.));
#4464=DIRECTION('ref_axis',(-0.382683432365204,0.923879532511239,1.04573598689158E-14));
#4465=DIRECTION('',(2.72594447014986E-14,-1.22782502112157E-26,1.));
#4466=DIRECTION('center_axis',(-2.72594447014862E-14,2.4211250516869E-29,
-1.));
#4467=DIRECTION('ref_axis',(-0.923879532511296,0.382683432365068,2.32092205876525E-14));
#4468=DIRECTION('',(-2.72594447014862E-14,2.4211250516869E-29,-1.));
#4469=DIRECTION('center_axis',(-1.70393955527739E-27,-4.9657436481677E-41,
1.));
#4470=DIRECTION('ref_axis',(-0.923879532511296,0.382683432365068,2.32092205876525E-14));
#4471=DIRECTION('',(2.72594447014862E-14,-2.64424860988479E-29,1.));
#4472=DIRECTION('center_axis',(-1.70393955527739E-27,-4.9657436481677E-41,
1.));
#4473=DIRECTION('ref_axis',(-1.,-6.33778845535273E-43,-1.70393955527739E-27));
#4474=DIRECTION('',(1.,-8.88178419700124E-16,1.70393955527739E-27));
#4475=DIRECTION('',(-2.7755575615308E-17,1.,4.96101426585066E-41));
#4476=DIRECTION('center_axis',(1.70393955527739E-27,4.9657436481677E-41,
-1.));
#4477=DIRECTION('ref_axis',(-0.923879532511287,-0.38268343236509,2.52206780159476E-14));
#4478=DIRECTION('',(-0.707106781186561,0.707106781186534,-1.20486721426814E-27));
#4479=DIRECTION('center_axis',(8.88178419700124E-16,1.,0.));
#4480=DIRECTION('ref_axis',(1.,-8.88178419700124E-16,1.70393955527739E-27));
#4481=DIRECTION('',(2.73263982301821E-14,-2.42707171961794E-29,1.));
#4482=DIRECTION('center_axis',(-0.707106781186548,-0.707106781186548,1.92753381998006E-14));
#4483=DIRECTION('ref_axis',(-0.707106781186548,0.707106781186548,1.93226814939745E-14));
#4484=DIRECTION('',(2.73263982301821E-14,-6.69535286958331E-17,1.));
#4485=DIRECTION('',(-0.707106781186512,0.707106781186583,1.91881210212334E-14));
#4486=DIRECTION('center_axis',(-2.73263982301821E-14,6.69535286958331E-17,
-1.));
#4487=DIRECTION('ref_axis',(-0.923879532511287,-0.38268343236509,2.52206780159476E-14));
#4488=DIRECTION('',(-2.73263982301821E-14,6.69535286958331E-17,-1.));
#4489=DIRECTION('center_axis',(2.73263982301821E-14,-1.22336056143609E-26,
1.));
#4490=DIRECTION('ref_axis',(-0.923879532511287,-0.38268343236509,2.52463000221132E-14));
#4491=DIRECTION('center_axis',(1.,2.7755575615308E-17,-2.73263982301821E-14));
#4492=DIRECTION('ref_axis',(-2.7755575615308E-17,1.,1.22342958676529E-26));
#4493=DIRECTION('',(2.73263982301821E-14,6.69535286711883E-17,1.));
#4494=DIRECTION('',(-2.7755575615308E-17,1.,1.22343451714595E-26));
#4495=DIRECTION('',(2.73263982301821E-14,-1.22713707894544E-26,1.));
#4496=DIRECTION('',(-2.77555756142597E-17,1.,3.57121739587874E-14));
#4497=DIRECTION('',(-2.73263982301821E-14,1.22713723301983E-26,-1.));
#4498=DIRECTION('',(-2.7755575615308E-17,1.,1.22342958676529E-26));
#4499=DIRECTION('center_axis',(-2.73263982301821E-14,-6.69535286711883E-17,
-1.));
#4500=DIRECTION('ref_axis',(-0.923879532511286,0.382683432365092,2.5220678015957E-14));
#4501=DIRECTION('',(-2.73263982301821E-14,-6.69535286711883E-17,-1.));
#4502=DIRECTION('center_axis',(2.73263982301821E-14,-1.22336056143609E-26,
1.));
#4503=DIRECTION('ref_axis',(-0.923879532511286,0.382683432365092,2.52463000221226E-14));
#4504=DIRECTION('center_axis',(-1.65735480894811E-14,1.1449174942616E-16,
-1.));
#4505=DIRECTION('ref_axis',(-1.,0.,1.77635683940025E-14));
#4506=DIRECTION('center_axis',(-1.,9.05914232518556E-13,1.6240481182094E-14));
#4507=DIRECTION('ref_axis',(-9.05914232518556E-13,-1.,-1.14491749411839E-16));
#4508=DIRECTION('center_axis',(-1.65735480894811E-14,1.1449174942616E-16,
-1.));
#4509=DIRECTION('ref_axis',(0.707106781186913,0.707106781186182,-1.16383103499904E-14));
#4510=DIRECTION('center_axis',(1.65735480894811E-14,-1.1449174942616E-16,
1.));
#4511=DIRECTION('ref_axis',(0.707106781186913,0.707106781186182,-1.16383103499904E-14));
#4512=DIRECTION('center_axis',(-1.,-2.7755575615308E-17,1.65735480894811E-14));
#4513=DIRECTION('ref_axis',(1.17388943981267E-14,-0.707106781186548,0.707106781186547));
#4514=DIRECTION('',(1.,2.7755575615308E-17,-1.65735480894811E-14));
#4515=DIRECTION('',(-1.,-2.7755575615308E-17,1.65735480894811E-14));
#4516=DIRECTION('center_axis',(2.7755575615308E-17,-1.,-1.22343451714595E-26));
#4517=DIRECTION('ref_axis',(-1.,-2.7755575615308E-17,2.73263982301821E-14));
#4518=DIRECTION('',(-2.72594447014985E-14,1.23217608205193E-26,-1.));
#4519=DIRECTION('',(-1.,-2.7755575615308E-17,2.73263982301821E-14));
#4520=DIRECTION('',(-2.72594447014985E-14,1.23217608205193E-26,-1.));
#4521=DIRECTION('',(-2.72594447014985E-14,1.23217608205193E-26,-1.));
#4522=DIRECTION('center_axis',(-2.73263982301821E-14,1.22336056143609E-26,
-1.));
#4523=DIRECTION('ref_axis',(0.707106781186548,0.707106781186548,-1.93226814939572E-14));
#4524=DIRECTION('',(-2.72594447014985E-14,1.23217608205193E-26,-1.));
#4525=DIRECTION('center_axis',(2.73263982301821E-14,-1.22336056143609E-26,
1.));
#4526=DIRECTION('ref_axis',(0.707106781186548,0.707106781186548,-1.93226814939572E-14));
#4527=DIRECTION('center_axis',(-1.65735480894811E-14,1.1449174942616E-16,
-1.));
#4528=DIRECTION('ref_axis',(-1.,0.,1.77635683940025E-14));
#4529=DIRECTION('center_axis',(-1.,-2.77555756152475E-17,1.62404811820939E-14));
#4530=DIRECTION('ref_axis',(1.62404811820939E-14,-1.14491749426552E-16,
1.));
#4531=DIRECTION('center_axis',(1.65735480894811E-14,-1.1449174942616E-16,
1.));
#4532=DIRECTION('ref_axis',(0.707106781186603,-0.707106781186492,-1.18002261348035E-14));
#4533=DIRECTION('center_axis',(-1.65735480894811E-14,1.1449174942616E-16,
-1.));
#4534=DIRECTION('ref_axis',(0.707106781186603,-0.707106781186492,-1.18002261348035E-14));
#4535=DIRECTION('center_axis',(-1.,-1.07866691240866E-15,1.65735480894811E-14));
#4536=DIRECTION('ref_axis',(1.09565355539876E-14,0.707106781186554,0.707106781186541));
#4537=DIRECTION('center_axis',(-1.,-2.77555756152475E-17,1.62404811820939E-14));
#4538=DIRECTION('ref_axis',(1.62404811820939E-14,-1.14491749426552E-16,
1.));
#4539=DIRECTION('',(1.,1.07866691240866E-15,-1.65735480894811E-14));
#4540=DIRECTION('',(-1.,-1.07866691240866E-15,1.65735480894811E-14));
#4541=DIRECTION('center_axis',(-1.65735480894811E-14,1.1449174942616E-16,
-1.));
#4542=DIRECTION('ref_axis',(-1.,0.,1.77635683940025E-14));
#4543=DIRECTION('center_axis',(1.65735480894811E-14,-1.1449174942616E-16,
1.));
#4544=DIRECTION('ref_axis',(-0.829240887461663,-0.558891358460474,1.36794752767406E-14));
#4545=DIRECTION('center_axis',(-1.65735480894811E-14,1.1449174942616E-16,
-1.));
#4546=DIRECTION('ref_axis',(-0.829240887461663,-0.558891358460474,1.36794752767406E-14));
#4547=DIRECTION('center_axis',(-1.65735480894811E-14,1.1449174942616E-16,
-1.));
#4548=DIRECTION('ref_axis',(1.,-4.34633469827608E-28,-1.65735480894811E-14));
#4549=DIRECTION('center_axis',(-1.65735480894811E-14,1.1449174942616E-16,
-1.));
#4550=DIRECTION('ref_axis',(-1.,-2.77555756153068E-17,1.65735480894811E-14));
#4551=DIRECTION('',(-2.77555756153049E-17,1.,1.1449174942616E-16));
#4552=DIRECTION('center_axis',(-1.,-2.7755575615308E-17,2.73263982301821E-14));
#4553=DIRECTION('ref_axis',(2.7755575615308E-17,-1.,-1.22343451714595E-26));
#4554=DIRECTION('',(2.73263982301821E-14,-1.32169407705779E-16,1.));
#4555=DIRECTION('',(2.77555756153081E-17,-1.,-1.22340246967168E-26));
#4556=DIRECTION('',(-2.73263982301821E-14,1.22336056143609E-26,-1.));
#4557=DIRECTION('',(-1.05869882249018E-15,-1.,-1.19303009972072E-17));
#4558=DIRECTION('',(-2.73263982301821E-14,1.22343698233628E-26,-1.));
#4559=DIRECTION('',(1.57995657067699E-14,-0.816496580927731,0.577350269189619));
#4560=DIRECTION('',(-2.7755575615308E-17,1.,1.22343451714595E-26));
#4561=DIRECTION('',(-1.57542410415873E-14,-0.816496580927716,-0.57735026918964));
#4562=DIRECTION('',(-2.72594447014985E-14,1.23217608205193E-26,-1.));
#4563=DIRECTION('',(-2.7755575615308E-17,1.,1.22343640742733E-26));
#4564=DIRECTION('center_axis',(-2.73263982301821E-14,1.32169407705779E-16,
-1.));
#4565=DIRECTION('ref_axis',(0.707106781186548,-0.707106781186548,-1.941613937842E-14));
#4566=DIRECTION('',(-2.73263982301821E-14,1.32169407705779E-16,-1.));
#4567=DIRECTION('center_axis',(2.73263982301821E-14,-1.22332851396181E-26,
1.));
#4568=DIRECTION('ref_axis',(0.707106781186548,-0.707106781186548,-1.93226814939745E-14));
#4569=DIRECTION('center_axis',(-1.07866691240866E-15,1.,1.32169407705808E-16));
#4570=DIRECTION('ref_axis',(-1.,-1.07866691240866E-15,1.65735480894811E-14));
#4571=DIRECTION('',(2.73263982301821E-14,-1.22336033032449E-26,1.));
#4572=DIRECTION('',(-1.,-1.07866691240866E-15,2.73263982301821E-14));
#4573=DIRECTION('center_axis',(2.73263982301821E-14,-1.22336056143609E-26,
1.));
#4574=DIRECTION('ref_axis',(-0.829240887461638,-0.55889135846051,2.26601667195195E-14));
#4575=DIRECTION('',(-2.73263982301821E-14,1.22336056143609E-26,-1.));
#4576=DIRECTION('center_axis',(2.73263982301821E-14,-1.22332851396181E-26,
1.));
#4577=DIRECTION('ref_axis',(-0.829240887461638,-0.55889135846051,2.26601667195195E-14));
#4578=DIRECTION('center_axis',(2.73263982301821E-14,-1.22332851396181E-26,
1.));
#4579=DIRECTION('ref_axis',(-1.,-2.77555756153081E-17,2.73263982301821E-14));
#4580=DIRECTION('center_axis',(2.73263982301821E-14,-1.22332851396181E-26,
1.));
#4581=DIRECTION('ref_axis',(2.77555756153081E-17,-1.,-1.22340435995305E-26));
#4582=DIRECTION('center_axis',(2.73263982301821E-14,-1.22332851396181E-26,
1.));
#4583=DIRECTION('ref_axis',(2.77555756153081E-17,-1.,-1.22340435995305E-26));
#4584=DIRECTION('center_axis',(-2.73263982301821E-14,1.22332851396181E-26,
-1.));
#4585=DIRECTION('ref_axis',(-0.864402112052106,-0.502801142281775,2.36209963449402E-14));
#4586=DIRECTION('',(9.68114477473136E-11,1.,-2.63327489404337E-24));
#4587=DIRECTION('center_axis',(-2.73263982301821E-14,1.22332851396181E-26,
-1.));
#4588=DIRECTION('ref_axis',(-0.707106781152335,0.70710678122076,1.93226814930396E-14));
#4589=DIRECTION('',(1.,2.77555756153081E-17,-2.73263982301821E-14));
#4590=DIRECTION('center_axis',(-2.73263982301821E-14,1.22332851396181E-26,
-1.));
#4591=DIRECTION('ref_axis',(0.707106781186563,0.707106781186532,-1.93226814939576E-14));
#4592=DIRECTION('center_axis',(1.27262783644573E-13,-1.14491749426549E-16,
1.));
#4593=DIRECTION('ref_axis',(-1.5701492393853E-14,1.,1.14491749428547E-16));
#4594=DIRECTION('center_axis',(-1.21301865610924E-13,1.23217608205193E-26,
-1.));
#4595=DIRECTION('ref_axis',(-1.5701492393853E-14,1.,1.42263811407694E-26));
#4596=DIRECTION('center_axis',(1.21301865610924E-13,-1.23217608205193E-26,
1.));
#4597=DIRECTION('ref_axis',(-1.5701492393853E-14,1.,1.42263811407694E-26));
#4598=DIRECTION('center_axis',(-2.73263982301821E-14,1.22336056143609E-26,
-1.));
#4599=DIRECTION('ref_axis',(1.5701492393853E-14,-1.,-1.26626708483235E-26));
#4600=DIRECTION('center_axis',(-1.21301865610924E-13,1.23217608205193E-26,
-1.));
#4601=DIRECTION('ref_axis',(1.5701492393853E-14,-1.,-1.42263811407694E-26));
#4602=DIRECTION('',(2.73263982301821E-14,-1.22336056143609E-26,1.));
#4603=DIRECTION('center_axis',(1.62404811820936E-14,-1.1449174942592E-16,
1.));
#4604=DIRECTION('ref_axis',(2.63163976207442E-14,-1.,-1.14491749426347E-16));
#4605=DIRECTION('',(2.73263982301821E-14,-1.22336056143609E-26,1.));
#4606=DIRECTION('center_axis',(1.27262783644574E-13,-1.14491749426549E-16,
1.));
#4607=DIRECTION('ref_axis',(1.5701492393853E-14,-1.,-1.14491749428547E-16));
#4608=DIRECTION('center_axis',(1.21301865610924E-13,-1.23217608205193E-26,
1.));
#4609=DIRECTION('ref_axis',(1.5701492393853E-14,-1.,-1.42263811407694E-26));
#4610=DIRECTION('center_axis',(-1.21301865610924E-13,1.23217608205193E-26,
-1.));
#4611=DIRECTION('ref_axis',(-1.,4.34642255465589E-28,1.21301865610924E-13));
#4612=DIRECTION('',(4.39760957377991E-28,1.,1.22333097915214E-26));
#4613=DIRECTION('',(-1.,4.40144652752988E-28,2.73263982301821E-14));
#4614=DIRECTION('center_axis',(1.27262783644643E-13,-1.14491749426549E-16,
1.));
#4615=DIRECTION('ref_axis',(-1.22184397675778E-14,1.,1.14491749428104E-16));
#4616=DIRECTION('center_axis',(1.21301865610924E-13,-1.23217608205193E-26,
1.));
#4617=DIRECTION('ref_axis',(-1.22184397675778E-14,1.,1.38038803591812E-26));
#4618=DIRECTION('center_axis',(-1.21301865610924E-13,1.23217608205193E-26,
-1.));
#4619=DIRECTION('ref_axis',(-1.22184397675778E-14,1.,1.38038803591812E-26));
#4620=DIRECTION('center_axis',(-1.21301865610924E-13,1.23217608205193E-26,
-1.));
#4621=DIRECTION('ref_axis',(-1.,4.34642255465589E-28,1.21301865610924E-13));
#4622=DIRECTION('',(-4.39760957377991E-28,-1.,-1.22333097915214E-26));
#4623=DIRECTION('',(1.,-4.40144652752988E-28,-2.73263982301821E-14));
#4624=DIRECTION('center_axis',(1.27262783644645E-13,-1.14491749426549E-16,
1.));
#4625=DIRECTION('ref_axis',(1.22184397675778E-14,-1.,-1.14491749428104E-16));
#4626=DIRECTION('center_axis',(-1.21301865610924E-13,1.23217608205193E-26,
-1.));
#4627=DIRECTION('ref_axis',(1.22184397675778E-14,-1.,-1.38038803591812E-26));
#4628=DIRECTION('center_axis',(1.21301865610924E-13,-1.23217608205193E-26,
1.));
#4629=DIRECTION('ref_axis',(1.22184397675778E-14,-1.,-1.38038803591812E-26));
#4630=DIRECTION('center_axis',(-1.21301865610924E-13,1.23217608205193E-26,
-1.));
#4631=DIRECTION('ref_axis',(-1.,4.34642255465589E-28,1.21301865610924E-13));
#4632=DIRECTION('',(-1.,4.40144652752988E-28,2.73263982301821E-14));
#4633=DIRECTION('',(-4.39760957377991E-28,-1.,-1.22333097915214E-26));
#4634=DIRECTION('center_axis',(1.62404811820939E-14,-1.14491749426552E-16,
1.));
#4635=DIRECTION('ref_axis',(3.55271367880052E-14,1.,1.14491749425975E-16));
#4636=DIRECTION('',(-1.98984686443962E-14,-0.707106781187303,0.707106781185792));
#4637=DIRECTION('',(-4.28659773915529E-14,-0.707106781187319,-0.707106781185776));
#4638=DIRECTION('center_axis',(-2.73263982301821E-14,1.22336056143609E-26,
-1.));
#4639=DIRECTION('ref_axis',(3.55271367880052E-14,1.,1.12627769265137E-26));
#4640=DIRECTION('center_axis',(-1.1884545487023E-13,-0.707106781186542,
0.707106781186553));
#4641=DIRECTION('ref_axis',(1.,2.77555756153512E-17,1.68100609679493E-13));
#4642=DIRECTION('',(-1.52772449499321E-13,-0.707106781186899,-0.707106781186196));
#4643=DIRECTION('',(1.,-1.95399252334063E-13,-2.73263982301821E-14));
#4644=DIRECTION('center_axis',(1.93226814939662E-14,0.707106781186545,0.70710678118655));
#4645=DIRECTION('ref_axis',(1.,2.77555756152156E-17,-2.73541538057977E-14));
#4646=DIRECTION('',(1.15033805293244E-14,-0.70710678118655,0.707106781186545));
#4647=DIRECTION('',(-1.,4.43337074228804E-28,2.73263982301821E-14));
#4648=DIRECTION('center_axis',(1.62404811820939E-14,-1.14491749426552E-16,
1.));
#4649=DIRECTION('ref_axis',(1.42108547152021E-14,-1.,-1.14491749426783E-16));
#4650=DIRECTION('center_axis',(-2.73263982301821E-14,1.22336056143609E-26,
-1.));
#4651=DIRECTION('ref_axis',(1.42108547152021E-14,-1.,-1.26219370894998E-26));
#4652=DIRECTION('center_axis',(-4.43335483354776E-28,-1.,-1.23217608205193E-26));
#4653=DIRECTION('ref_axis',(-1.,4.43335483354439E-28,2.73263982301821E-14));
#4654=DIRECTION('',(-1.21998476136179E-13,1.23217608205193E-26,-1.));
#4655=DIRECTION('',(-1.,4.43337074228804E-28,2.73263982301821E-14));
#4656=DIRECTION('',(-1.21998476136179E-13,1.23217608205193E-26,-1.));
#4657=DIRECTION('center_axis',(-1.21998476136179E-13,1.23217608205193E-26,
-1.));
#4658=DIRECTION('ref_axis',(3.55271367880052E-14,1.,7.98750427090108E-27));
#4659=DIRECTION('',(-1.21998476136179E-13,1.23217608205193E-26,-1.));
#4660=DIRECTION('center_axis',(-2.73263982301821E-14,1.22333097915214E-26,
-1.));
#4661=DIRECTION('ref_axis',(3.55271367880052E-14,1.,1.12624811036742E-26));
#4662=DIRECTION('',(-1.21628401794637E-13,1.2321736168616E-26,-1.));
#4663=DIRECTION('center_axis',(-2.73263982301821E-14,1.22333097915214E-26,
-1.));
#4664=DIRECTION('ref_axis',(3.55271367880052E-14,1.,1.12624811036742E-26));
#4665=DIRECTION('',(-1.21628401794637E-13,1.2321736168616E-26,-1.));
#4666=DIRECTION('center_axis',(-2.73263982301821E-14,1.22333097915214E-26,
-1.));
#4667=DIRECTION('ref_axis',(3.55271367880052E-14,1.,1.12624811036742E-26));
#4668=DIRECTION('center_axis',(2.73263982301821E-14,-1.22333097915214E-26,
1.));
#4669=DIRECTION('ref_axis',(1.,-4.34641115343907E-28,-2.73263982301821E-14));
#4670=DIRECTION('',(1.,-4.40144652752988E-28,-2.73263982301821E-14));
#4671=DIRECTION('',(4.39760957377991E-28,1.,1.22333097915214E-26));
#4672=DIRECTION('',(-1.,4.40144652752988E-28,2.73263982301821E-14));
#4673=DIRECTION('center_axis',(2.73263982301821E-14,-1.22333097915214E-26,
1.));
#4674=DIRECTION('ref_axis',(1.,-4.34641115343907E-28,-2.73263982301821E-14));
#4675=DIRECTION('',(1.,-4.40144652752988E-28,-2.73263982301821E-14));
#4676=DIRECTION('center_axis',(-2.73263982301821E-14,1.22333097915214E-26,
-1.));
#4677=DIRECTION('ref_axis',(1.42108547152021E-14,-1.,-1.26216412666603E-26));
#4678=DIRECTION('',(-1.,4.40144652752988E-28,2.73263982301821E-14));
#4679=DIRECTION('',(-4.39760957377991E-28,-1.,-1.22333097915214E-26));
#4680=DIRECTION('center_axis',(-1.21998476136179E-13,1.23217608205193E-26,
-1.));
#4681=DIRECTION('ref_axis',(1.42108547152021E-14,-1.,-1.40554634403666E-26));
#4682=DIRECTION('center_axis',(-2.73263982301821E-14,1.22333097915214E-26,
-1.));
#4683=DIRECTION('ref_axis',(1.4210854715202E-14,-1.,-1.26216412666603E-26));
#4684=DIRECTION('',(-1.16077286671511E-13,1.23217608205193E-26,-1.));
#4685=DIRECTION('',(-1.16077286671511E-13,1.23217608205193E-26,-1.));
#4686=DIRECTION('center_axis',(-2.73263982301821E-14,1.22333097915214E-26,
-1.));
#4687=DIRECTION('ref_axis',(1.4210854715202E-14,-1.,-1.26216412666603E-26));
#4688=DIRECTION('',(-1.21998476136179E-13,1.23217608205193E-26,-1.));
#4689=DIRECTION('center_axis',(2.73263982301821E-14,-1.22333097915214E-26,
1.));
#4690=DIRECTION('ref_axis',(1.,-4.34641115343907E-28,-2.73263982301821E-14));
#4691=DIRECTION('',(-1.,4.40144652752988E-28,2.73263982301821E-14));
#4692=DIRECTION('center_axis',(2.73263982301821E-14,-1.22333097915214E-26,
1.));
#4693=DIRECTION('ref_axis',(1.,-4.34641115343907E-28,-2.73263982301821E-14));
#4694=DIRECTION('',(1.,-4.40144652752988E-28,-2.73263982301821E-14));
#4695=DIRECTION('',(1.,-1.95399252334063E-13,-2.73263982301821E-14));
#4696=DIRECTION('center_axis',(-1.,4.39763688373703E-28,1.21301865610924E-13));
#4697=DIRECTION('ref_axis',(4.39763688375187E-28,1.,1.22333097915214E-26));
#4698=DIRECTION('',(-1.21301865610924E-13,1.23217608205193E-26,-1.));
#4699=DIRECTION('',(4.39760957377991E-28,1.,1.22333097915214E-26));
#4700=DIRECTION('',(-1.21301865610924E-13,1.23217608205193E-26,-1.));
#4701=DIRECTION('center_axis',(-1.21301865610924E-13,1.23217608205193E-26,
-1.));
#4702=DIRECTION('ref_axis',(-1.,4.34642255465589E-28,1.21301865610924E-13));
#4703=DIRECTION('',(1.,-4.40144652752988E-28,-2.73263982301821E-14));
#4704=DIRECTION('center_axis',(1.,-4.39763688373703E-28,-1.21301865610924E-13));
#4705=DIRECTION('ref_axis',(-4.39763688375187E-28,-1.,-1.22333097915214E-26));
#4706=DIRECTION('',(-1.21301865610924E-13,1.23217608205193E-26,-1.));
#4707=DIRECTION('',(-1.21301865610924E-13,1.23217608205193E-26,-1.));
#4708=DIRECTION('center_axis',(1.77913239696179E-14,-1.,-1.27197411472033E-26));
#4709=DIRECTION('ref_axis',(1.,1.77913239696179E-14,-2.7326398230182E-14));
#4710=DIRECTION('',(-1.83776605044973E-14,1.23217608205193E-26,-1.));
#4711=DIRECTION('',(1.,1.77635683940034E-14,-1.62404811820936E-14));
#4712=DIRECTION('center_axis',(1.95399252334063E-13,1.,-1.15166543110314E-26));
#4713=DIRECTION('ref_axis',(1.,-1.95399252334063E-13,-2.73263982301821E-14));
#4714=DIRECTION('center_axis',(-1.77913239696178E-14,1.,1.27197411472033E-26));
#4715=DIRECTION('ref_axis',(-1.,-1.77913239696178E-14,2.7326398230182E-14));
#4716=DIRECTION('',(-1.,-6.21724893790064E-14,1.43531020402309E-14));
#4717=DIRECTION('',(2.73263982301821E-14,-1.22336056143609E-26,1.));
#4718=DIRECTION('center_axis',(1.04749614772788E-14,-1.,-1.25198142115364E-26));
#4719=DIRECTION('ref_axis',(0.707106781186562,7.406916293243E-15,0.707106781186533));
#4720=DIRECTION('',(1.04749614772788E-14,-1.,-1.25198142115364E-26));
#4721=DIRECTION('center_axis',(1.77913239696178E-14,-1.,-1.14491749426999E-16));
#4722=DIRECTION('ref_axis',(1.,1.77913239696178E-14,-1.62404811820939E-14));
#4723=DIRECTION('',(-1.04749614772788E-14,1.,1.25198142115364E-26));
#4724=DIRECTION('center_axis',(-0.707106781186531,0.707106781186564,1.9322681493974E-14));
#4725=DIRECTION('ref_axis',(0.707106781186564,0.707106781186531,-1.94004549426027E-14));
#4726=DIRECTION('center_axis',(-1.77913239696177E-14,1.,1.14491749426999E-16));
#4727=DIRECTION('ref_axis',(2.51222653790952E-14,-1.14491749426552E-16,
1.));
#4728=DIRECTION('center_axis',(-2.73263982301821E-14,1.22335809624576E-26,
-1.));
#4729=DIRECTION('ref_axis',(-1.,0.,2.81256499571706E-14));
#4730=DIRECTION('center_axis',(-2.73263982301821E-14,1.22335809624576E-26,
-1.));
#4731=DIRECTION('ref_axis',(-0.545667305702078,-0.838001904226855,1.49111220967952E-14));
#4732=DIRECTION('center_axis',(2.73263982301821E-14,-1.22335809624576E-26,
1.));
#4733=DIRECTION('ref_axis',(-0.545667305702078,-0.838001904226855,1.49111220967952E-14));
#4734=DIRECTION('center_axis',(-2.73263982301821E-14,1.22335809624576E-26,
-1.));
#4735=DIRECTION('ref_axis',(-1.,0.,2.81256499571706E-14));
#4736=DIRECTION('center_axis',(2.73263982301821E-14,-1.22335809624576E-26,
1.));
#4737=DIRECTION('ref_axis',(-0.92387953251128,0.382683432365107,2.52463000221224E-14));
#4738=DIRECTION('center_axis',(2.73263982301821E-14,-1.22335809624576E-26,
1.));
#4739=DIRECTION('ref_axis',(-1.,-2.7755575615308E-17,2.73263982301821E-14));
#4740=DIRECTION('center_axis',(-1.65735480894812E-14,1.14491749425921E-16,
-1.));
#4741=DIRECTION('ref_axis',(-1.,-2.77555756153068E-17,1.65735480894812E-14));
#4742=DIRECTION('',(2.7755575615308E-17,-1.,-1.22343205195562E-26));
#4743=DIRECTION('center_axis',(-2.73263982301821E-14,1.22335809624576E-26,
-1.));
#4744=DIRECTION('ref_axis',(0.382683432365131,0.92387953251127,-1.04573598688912E-14));
#4745=DIRECTION('',(0.707106781186564,0.707106781186531,-1.93226814939576E-14));
#4746=DIRECTION('center_axis',(-2.73263982301821E-14,1.22336056143609E-26,
-1.));
#4747=DIRECTION('ref_axis',(-0.545667305702102,-0.83800190422684,1.49111220967959E-14));
#4748=DIRECTION('',(-1.83776605044973E-14,1.23273321506624E-26,-1.));
#4749=DIRECTION('center_axis',(1.65735480894812E-14,-1.1449174942592E-16,
1.));
#4750=DIRECTION('ref_axis',(-0.545667305702102,-0.83800190422684,8.94769902787424E-15));
#4751=DIRECTION('',(2.73263982301821E-14,-1.22336056143609E-26,1.));
#4752=DIRECTION('center_axis',(-2.73263982301821E-14,1.22335809624576E-26,
-1.));
#4753=DIRECTION('ref_axis',(-1.,0.,2.81256499571706E-14));
#4754=DIRECTION('center_axis',(2.77555756152456E-17,-1.,-1.14491749426552E-16));
#4755=DIRECTION('ref_axis',(2.51222653790951E-14,-1.14491749426551E-16,
1.));
#4756=DIRECTION('center_axis',(2.73263982301821E-14,-1.22335809624576E-26,
1.));
#4757=DIRECTION('ref_axis',(0.382683432365131,0.92387953251127,-1.04573598688912E-14));
#4758=DIRECTION('center_axis',(2.7755575615308E-17,-1.,-1.22343205195562E-26));
#4759=DIRECTION('ref_axis',(-0.707106781186527,-1.96261557419707E-17,0.707106781186569));
#4760=DIRECTION('',(-2.7755575615308E-17,1.,1.22343205195562E-26));
#4761=DIRECTION('center_axis',(2.77555756152456E-17,-1.,-1.14491749426552E-16));
#4762=DIRECTION('ref_axis',(2.51222653790952E-14,-1.14491749426551E-16,
1.));
#4763=DIRECTION('center_axis',(-2.73263982301821E-14,1.22335809624576E-26,
-1.));
#4764=DIRECTION('ref_axis',(-1.,0.,2.74066483793182E-14));
#4765=DIRECTION('center_axis',(2.73263982301821E-14,-1.22335809624576E-26,
1.));
#4766=DIRECTION('ref_axis',(0.974679434698497,-0.223606796801481,-2.66344783793426E-14));
#4767=DIRECTION('center_axis',(-2.73263982301821E-14,1.22336056143609E-26,
-1.));
#4768=DIRECTION('ref_axis',(0.974679434698486,-0.223606796801527,-2.66344783793423E-14));
#4769=DIRECTION('',(2.73263982301821E-14,-1.22336056143609E-26,1.));
#4770=DIRECTION('center_axis',(4.15496010613166E-14,-7.63278329554347E-17,
1.));
#4771=DIRECTION('ref_axis',(0.974679434698486,-0.223606796801527,-4.05146090966256E-14));
#4772=DIRECTION('',(-2.72594447014985E-14,1.23217608205193E-26,-1.));
#4773=DIRECTION('center_axis',(-1.,-1.04749614772788E-14,1.83776605044973E-14));
#4774=DIRECTION('ref_axis',(-1.04749614772788E-14,1.,1.14491749426094E-16));
#4775=DIRECTION('',(1.83776605044974E-14,-8.94873772569647E-15,1.));
#4776=DIRECTION('',(-1.04749614772788E-14,1.,1.14491749426094E-16));
#4777=DIRECTION('center_axis',(0.707106781186531,-0.707106781186564,-1.9322681493974E-14));
#4778=DIRECTION('ref_axis',(0.707106781186564,0.707106781186531,-1.93226814939576E-14));
#4779=DIRECTION('',(2.73263982301821E-14,-1.22353558994943E-26,1.));
#4780=DIRECTION('',(0.707106781186564,0.707106781186531,-1.93226814939576E-14));
#4781=DIRECTION('',(-2.72594447014985E-14,1.23217608205193E-26,-1.));
#4782=DIRECTION('',(0.707106781186564,0.707106781186531,-1.92834291824905E-14));
#4783=DIRECTION('',(-1.83776605044973E-14,1.23217608205193E-26,-1.));
#4784=DIRECTION('',(0.707106781186566,0.707106781186529,-1.13876355595949E-14));
#4785=DIRECTION('',(-1.83776605044974E-14,8.94873772569647E-15,-1.));
#4786=DIRECTION('center_axis',(2.73263982301821E-14,-1.22336056143609E-26,
1.));
#4787=DIRECTION('ref_axis',(-1.,-2.7755575615308E-17,2.73263982301821E-14));
#4788=DIRECTION('center_axis',(-2.73263982301821E-14,1.22336056143609E-26,
-1.));
#4789=DIRECTION('ref_axis',(-1.,-2.7755575615308E-17,2.73263982301821E-14));
#4790=DIRECTION('',(2.73263982301821E-14,-1.22336056143609E-26,1.));
#4791=DIRECTION('center_axis',(2.73263982301821E-14,-1.22336056143609E-26,
1.));
#4792=DIRECTION('ref_axis',(-1.,-2.7755575615308E-17,2.73263982301821E-14));
#4793=DIRECTION('',(2.73263982301821E-14,-1.22336056143609E-26,1.));
#4794=DIRECTION('center_axis',(-4.15496010613166E-14,7.63278329554347E-17,
-1.));
#4795=DIRECTION('ref_axis',(-1.,-2.77555756153091E-17,4.15496010613166E-14));
#4796=DIRECTION('center_axis',(1.62404811820936E-14,-1.1449174942592E-16,
1.));
#4797=DIRECTION('ref_axis',(-0.900000000848321,0.435889892602504,1.46663388740225E-14));
#4798=DIRECTION('',(-2.72594447014985E-14,1.23217608205193E-26,-1.));
#4799=DIRECTION('',(2.73263982301821E-14,-1.22336056143609E-26,1.));
#4800=DIRECTION('center_axis',(-2.73263982301821E-14,1.22336056143609E-26,
-1.));
#4801=DIRECTION('ref_axis',(1.,2.7755575615308E-17,-2.73263982301821E-14));
#4802=DIRECTION('center_axis',(-1.83776605044974E-14,8.94873772569647E-15,
-1.));
#4803=DIRECTION('ref_axis',(-0.923879532511277,0.382683432365113,2.04032780637507E-14));
#4804=DIRECTION('center_axis',(1.65735480894812E-14,-1.1449174942592E-16,
1.));
#4805=DIRECTION('ref_axis',(-0.923879532511277,0.382683432365113,1.53557759566109E-14));
#4806=DIRECTION('center_axis',(-1.65735480894812E-14,1.1449174942592E-16,
-1.));
#4807=DIRECTION('ref_axis',(1.,-3.81410010628478E-28,-1.65735480894812E-14));
#4808=DIRECTION('center_axis',(-1.60501465558612E-14,-7.58428768065183E-17,
-1.));
#4809=DIRECTION('ref_axis',(-0.707106781186513,0.707106781186582,1.12955384561922E-14));
#4810=DIRECTION('',(1.,4.09030894547878E-16,-1.62404811820936E-14));
#4811=DIRECTION('center_axis',(-1.62404811820936E-14,1.04495636889175E-15,
-1.));
#4812=DIRECTION('ref_axis',(2.36847578586694E-14,1.,1.04495636889137E-15));
#4813=DIRECTION('',(0.70710678118653,-0.707106781186565,-1.16824692004009E-14));
#4814=DIRECTION('center_axis',(-1.60739477283999E-14,2.81025203119666E-16,
-1.));
#4815=DIRECTION('ref_axis',(0.707106781186551,0.707106781186545,-1.11672826123795E-14));
#4816=DIRECTION('center_axis',(-1.65735480894812E-14,1.1449174942592E-16,
-1.));
#4817=DIRECTION('ref_axis',(0.707106781186563,0.707106781186532,-1.16383103499848E-14));
#4818=DIRECTION('',(1.,2.7755575615308E-17,-1.65735480894812E-14));
#4819=DIRECTION('center_axis',(-1.65735480894812E-14,1.1449174942592E-16,
-1.));
#4820=DIRECTION('ref_axis',(-0.707106781152335,0.70710678122076,1.18002261342394E-14));
#4821=DIRECTION('',(9.68114477473136E-11,1.,1.14491747821411E-16));
#4822=DIRECTION('center_axis',(-1.65735480894812E-14,1.1449174942592E-16,
-1.));
#4823=DIRECTION('ref_axis',(-0.864402112052106,-0.502801142281775,1.42686433903515E-14));
#4824=DIRECTION('center_axis',(1.62404811820936E-14,-1.14491749425922E-16,
1.));
#4825=DIRECTION('ref_axis',(-1.31581988103717E-14,1.,1.14491749426136E-16));
#4826=DIRECTION('center_axis',(-2.73263982301821E-14,1.22336056143609E-26,
-1.));
#4827=DIRECTION('ref_axis',(0.707106781186563,0.707106781186532,-1.93226814939576E-14));
#4828=DIRECTION('',(-2.72594447014985E-14,1.23217608205193E-26,-1.));
#4829=DIRECTION('center_axis',(-1.,-2.7755575615308E-17,2.73263982301821E-14));
#4830=DIRECTION('ref_axis',(2.80477395694776E-14,0.,1.));
#4831=DIRECTION('center_axis',(1.,2.7755575615308E-17,-2.73263982301821E-14));
#4832=DIRECTION('ref_axis',(2.77555756153048E-17,-1.,-1.16666842515009E-16));
#4833=DIRECTION('center_axis',(2.7755575615308E-17,-1.,-7.78481156459103E-31));
#4834=DIRECTION('ref_axis',(-2.80477395694776E-14,0.,-1.));
#4835=DIRECTION('center_axis',(-1.,-2.7755575615308E-17,2.73263982301821E-14));
#4836=DIRECTION('ref_axis',(2.77555756153048E-17,-1.,-1.16666842515009E-16));
#4837=DIRECTION('center_axis',(-1.,-2.7755575615308E-17,2.73263982301821E-14));
#4838=DIRECTION('ref_axis',(2.77555756153048E-17,-1.,-1.16666842515009E-16));
#4839=DIRECTION('center_axis',(-1.,-2.7755575615308E-17,2.73263982301821E-14));
#4840=DIRECTION('ref_axis',(-2.77555756153049E-17,1.,1.14491749426552E-16));
#4841=DIRECTION('',(-1.,-2.7755575615308E-17,2.73263982301821E-14));
#4842=DIRECTION('center_axis',(-1.,-2.7755575615308E-17,2.73263982301821E-14));
#4843=DIRECTION('ref_axis',(-2.77555756153049E-17,1.,1.14491749426552E-16));
#4844=DIRECTION('center_axis',(1.,2.7755575615308E-17,-2.73263982301821E-14));
#4845=DIRECTION('ref_axis',(2.7755575615308E-17,-1.,-1.22343451714595E-26));
#4846=DIRECTION('',(2.77555756153059E-17,-1.,-7.63278329554358E-17));
#4847=DIRECTION('',(-2.73263982301821E-14,7.63278329554351E-17,-1.));
#4848=DIRECTION('',(2.7755575615308E-17,-1.,-1.22343451714595E-26));
#4849=DIRECTION('',(-2.73263982301821E-14,1.22353558994943E-26,-1.));
#4850=DIRECTION('center_axis',(-1.,-2.7755575615308E-17,2.73263982301821E-14));
#4851=DIRECTION('ref_axis',(-2.77555756153049E-17,1.,1.14491749426552E-16));
#4852=DIRECTION('',(-1.,-2.7755575615308E-17,2.73263982301821E-14));
#4853=DIRECTION('center_axis',(-1.,-2.7755575615308E-17,2.73263982301821E-14));
#4854=DIRECTION('ref_axis',(-2.77555756153049E-17,1.,1.14491749426552E-16));
#4855=DIRECTION('center_axis',(-1.,-2.7755575615308E-17,2.73263982301821E-14));
#4856=DIRECTION('ref_axis',(-2.77555756153049E-17,1.,1.14491749426552E-16));
#4857=DIRECTION('center_axis',(1.,2.7755575615308E-17,-2.73263982301821E-14));
#4858=DIRECTION('ref_axis',(-2.7755575615308E-17,1.,1.22343544159232E-26));
#4859=DIRECTION('center_axis',(-1.,-2.7755575615308E-17,2.73263982301821E-14));
#4860=DIRECTION('ref_axis',(-2.7755575615308E-17,1.,1.22343544159232E-26));
#4861=DIRECTION('',(-1.,-2.7755575615308E-17,2.73263982301821E-14));
#4862=DIRECTION('center_axis',(-1.,-2.7755575615308E-17,2.73263982301821E-14));
#4863=DIRECTION('ref_axis',(-2.7755575615308E-17,1.,1.22343544159232E-26));
#4864=DIRECTION('center_axis',(-1.,-2.7755575615308E-17,2.73263982301821E-14));
#4865=DIRECTION('ref_axis',(-2.77555756153049E-17,1.,1.14491749426552E-16));
#4866=DIRECTION('center_axis',(1.,2.7755575615308E-17,-2.73263982301821E-14));
#4867=DIRECTION('ref_axis',(-2.7755575615308E-17,1.,1.22343544159232E-26));
#4868=DIRECTION('center_axis',(-2.73263982301821E-14,1.22336056143609E-26,
-1.));
#4869=DIRECTION('ref_axis',(1.,2.7755575615308E-17,-2.73263982301821E-14));
#4870=DIRECTION('center_axis',(2.73263982301821E-14,-1.22336056143609E-26,
1.));
#4871=DIRECTION('ref_axis',(1.,2.7755575615308E-17,-2.73263982301821E-14));
#4872=DIRECTION('center_axis',(-2.73263982301821E-14,1.22336056143609E-26,
-1.));
#4873=DIRECTION('ref_axis',(1.,2.7755575615308E-17,-2.73263982301821E-14));
#4874=DIRECTION('center_axis',(-2.73263982301821E-14,1.22336056143609E-26,
-1.));
#4875=DIRECTION('ref_axis',(1.,2.7755575615308E-17,-2.73263982301821E-14));
#4876=DIRECTION('',(-2.73263982301821E-14,1.22336056143609E-26,-1.));
#4877=DIRECTION('center_axis',(-1.,-2.7755575615308E-17,2.73263982301821E-14));
#4878=DIRECTION('ref_axis',(-2.7755575615308E-17,1.,1.22343544159232E-26));
#4879=DIRECTION('',(-1.,-2.7755575615308E-17,2.73263982301821E-14));
#4880=DIRECTION('center_axis',(-1.,-2.7755575615308E-17,2.73263982301821E-14));
#4881=DIRECTION('ref_axis',(-2.7755575615308E-17,1.,1.22343544159232E-26));
#4882=DIRECTION('center_axis',(2.73263982301821E-14,-1.22336056143609E-26,
1.));
#4883=DIRECTION('ref_axis',(-1.,-2.7755575615308E-17,2.73263982301821E-14));
#4884=DIRECTION('center_axis',(2.73263982301821E-14,-1.22336056143609E-26,
1.));
#4885=DIRECTION('ref_axis',(0.923879532511279,-0.38268343236511,-2.52463000221223E-14));
#4886=DIRECTION('',(0.707106781186579,0.707106781186516,-1.9322681493958E-14));
#4887=DIRECTION('center_axis',(2.73263982301821E-14,-1.22336056143609E-26,
1.));
#4888=DIRECTION('ref_axis',(0.382683432365071,-0.923879532511295,-1.04573598689122E-14));
#4889=DIRECTION('',(1.,8.97928839201054E-15,-2.73263982301821E-14));
#4890=DIRECTION('center_axis',(2.73263982301821E-14,-1.22336056143609E-26,
1.));
#4891=DIRECTION('ref_axis',(-0.382683432365114,-0.923879532511277,1.04573598688908E-14));
#4892=DIRECTION('',(-0.707106781186508,0.707106781186587,1.93226814939734E-14));
#4893=DIRECTION('center_axis',(-2.73263982301821E-14,1.22336056143609E-26,
-1.));
#4894=DIRECTION('ref_axis',(0.421414259991942,-0.906868249237696,-1.15157338884284E-14));
#4895=DIRECTION('',(2.7755575615308E-17,-1.,-1.22343451714595E-26));
#4896=DIRECTION('center_axis',(-2.73263982301821E-14,1.22336056143609E-26,
-1.));
#4897=DIRECTION('ref_axis',(-1.,-2.7755575615308E-17,2.73263982301821E-14));
#4898=DIRECTION('center_axis',(-2.73263982301821E-14,1.22336056143609E-26,
-1.));
#4899=DIRECTION('ref_axis',(-1.,-2.7755575615308E-17,2.73263982301821E-14));
#4900=DIRECTION('center_axis',(2.73263982301821E-14,-1.22336056143609E-26,
1.));
#4901=DIRECTION('ref_axis',(-0.707106781186642,0.707106781186453,1.93226814939771E-14));
#4902=DIRECTION('',(1.,2.48216309283733E-13,-2.73263982301821E-14));
#4903=DIRECTION('center_axis',(-2.73263982301821E-14,1.22336056143609E-26,
-1.));
#4904=DIRECTION('ref_axis',(0.382683432365191,-0.923879532511245,-1.04573598689155E-14));
#4905=DIRECTION('center_axis',(2.73263982301821E-14,-1.22336056143609E-26,
1.));
#4906=DIRECTION('ref_axis',(0.382683432365105,0.923879532511281,-1.04573598688905E-14));
#4907=DIRECTION('center_axis',(-2.73263982301821E-14,1.22336056143609E-26,
-1.));
#4908=DIRECTION('ref_axis',(0.707106781186548,-0.707106781186548,-1.93226814939745E-14));
#4909=DIRECTION('',(1.,2.77555756152118E-17,-2.73263982301821E-14));
#4910=DIRECTION('center_axis',(-2.73263982301821E-14,1.22336056143609E-26,
-1.));
#4911=DIRECTION('ref_axis',(-0.707106781186548,-0.707106781186548,1.93226814939572E-14));
#4912=DIRECTION('',(-2.7755575615308E-17,1.,1.22343451714595E-26));
#4913=DIRECTION('center_axis',(2.73263982301821E-14,-1.22336056143609E-26,
1.));
#4914=DIRECTION('ref_axis',(-0.462910049886266,0.886405260427923,1.26496643679564E-14));
#4915=DIRECTION('center_axis',(2.73263982301821E-14,-1.22335809624576E-26,
1.));
#4916=DIRECTION('ref_axis',(-1.,-2.7755575615308E-17,2.73263982301821E-14));
#4917=DIRECTION('center_axis',(2.73263982301821E-14,-1.22335809624576E-26,
1.));
#4918=DIRECTION('ref_axis',(-1.,-2.7755575615308E-17,2.73263982301821E-14));
#4919=DIRECTION('center_axis',(2.73263982301821E-14,-1.22336056143609E-26,
1.));
#4920=DIRECTION('ref_axis',(-0.462910049886266,-0.886405260427923,1.26496643679347E-14));
#4921=DIRECTION('',(-2.7755575615308E-17,1.,1.22343451714595E-26));
#4922=DIRECTION('center_axis',(2.7755575615308E-17,-1.,-1.22343451714595E-26));
#4923=DIRECTION('ref_axis',(-0.707106781186527,-1.96261557419707E-17,0.707106781186569));
#4924=DIRECTION('center_axis',(2.77555756152456E-17,-1.,-1.14491749426552E-16));
#4925=DIRECTION('ref_axis',(2.51222653790952E-14,-1.14491749426551E-16,
1.));
#4926=DIRECTION('',(-2.7755575615308E-17,1.,1.22343451714595E-26));
#4927=DIRECTION('center_axis',(2.73263982301821E-14,-1.22336056143609E-26,
1.));
#4928=DIRECTION('ref_axis',(1.,0.,-2.66453525910038E-14));
#4929=DIRECTION('center_axis',(2.73263982301821E-14,-1.22336056143609E-26,
1.));
#4930=DIRECTION('ref_axis',(0.421414259991942,-0.906868249237696,-1.15157338884284E-14));
#4931=DIRECTION('center_axis',(-1.62404811820939E-14,-2.89362218987275E-14,
-1.));
#4932=DIRECTION('ref_axis',(-1.,-2.77555756152475E-17,1.62404811820939E-14));
#4933=DIRECTION('',(-1.62404811820939E-14,-2.89362218987275E-14,-1.));
#4934=DIRECTION('center_axis',(2.73263982301821E-14,-1.22336056143609E-26,
1.));
#4935=DIRECTION('ref_axis',(-1.,-2.77555756152475E-17,2.73263982301821E-14));
#4936=DIRECTION('',(1.62404811820939E-14,2.89362218987275E-14,1.));
#4937=DIRECTION('center_axis',(1.,2.7755575615308E-17,-2.73263982301821E-14));
#4938=DIRECTION('ref_axis',(2.7755575615308E-17,-1.,-1.22343451714595E-26));
#4939=DIRECTION('',(2.7755575615308E-17,-1.,-1.22343451714595E-26));
#4940=DIRECTION('center_axis',(-2.73263982301821E-14,1.22336056143609E-26,
-1.));
#4941=DIRECTION('ref_axis',(-1.,-2.7755575615308E-17,2.73263982301821E-14));
#4942=DIRECTION('center_axis',(-2.73263982301821E-14,1.22336056143609E-26,
-1.));
#4943=DIRECTION('ref_axis',(0.382683432365116,0.923879532511276,-1.04573598688908E-14));
#4944=DIRECTION('',(-1.,-2.7755575615308E-17,2.73263982301821E-14));
#4945=DIRECTION('center_axis',(2.73263982301821E-14,-1.22336056143609E-26,
1.));
#4946=DIRECTION('ref_axis',(-0.707106781186548,-0.707106781186548,1.93226814939572E-14));
#4947=DIRECTION('',(-2.7755575615308E-17,1.,1.22343451714595E-26));
#4948=DIRECTION('center_axis',(2.73263982301821E-14,-1.22336056143609E-26,
1.));
#4949=DIRECTION('ref_axis',(-0.462910049886286,0.886405260427913,1.2649664367957E-14));
#4950=DIRECTION('center_axis',(2.73263982301821E-14,-1.22335809624576E-26,
1.));
#4951=DIRECTION('ref_axis',(-1.,-2.7755575615308E-17,2.73263982301821E-14));
#4952=DIRECTION('center_axis',(2.73263982301821E-14,-1.22335809624576E-26,
1.));
#4953=DIRECTION('ref_axis',(-1.,-2.7755575615308E-17,2.73263982301821E-14));
#4954=DIRECTION('center_axis',(2.73263982301821E-14,-1.22336056143609E-26,
1.));
#4955=DIRECTION('ref_axis',(-0.462910049886286,-0.886405260427913,1.26496643679353E-14));
#4956=DIRECTION('',(-2.7755575615308E-17,1.,1.22343451714595E-26));
#4957=DIRECTION('center_axis',(-2.73263982301821E-14,1.22336056143609E-26,
-1.));
#4958=DIRECTION('ref_axis',(-0.707106781186532,0.707106781186563,1.93226814939741E-14));
#4959=DIRECTION('',(-1.,-2.77555756152118E-17,2.73263982301821E-14));
#4960=DIRECTION('center_axis',(-2.73263982301821E-14,1.22336056143609E-26,
-1.));
#4961=DIRECTION('ref_axis',(0.528672282131768,0.848826023461574,-1.44467093147815E-14));
#4962=DIRECTION('center_axis',(-2.77555756152097E-17,1.,7.63278329554358E-17));
#4963=DIRECTION('ref_axis',(-1.,-2.77555756152128E-17,4.05706786195482E-14));
#4964=DIRECTION('',(2.73263982301821E-14,-7.63278329554351E-17,1.));
#4965=DIRECTION('',(1.,2.77555756152129E-17,-4.15496010613166E-14));
#4966=DIRECTION('',(-2.73263982301821E-14,7.63278329554351E-17,-1.));
#4967=DIRECTION('center_axis',(-2.73263982301821E-14,7.63278329554351E-17,
-1.));
#4968=DIRECTION('ref_axis',(-0.707106781186548,-0.707106781186548,1.92687095656898E-14));
#4969=DIRECTION('center_axis',(-4.15496010613166E-14,7.63278329554347E-17,
-1.));
#4970=DIRECTION('ref_axis',(-0.707106781186548,-0.707106781186548,2.93260327377767E-14));
#4971=DIRECTION('',(2.73263982301821E-14,-7.63278329554351E-17,1.));
#4972=DIRECTION('center_axis',(2.73263982301821E-14,-7.63278329554351E-17,
1.));
#4973=DIRECTION('ref_axis',(0.707106781186548,-0.707106781186548,-1.93766534222419E-14));
#4974=DIRECTION('center_axis',(-4.15496010613166E-14,7.63278329554347E-17,
-1.));
#4975=DIRECTION('ref_axis',(0.707106781186548,-0.707106781186548,-2.94339765943288E-14));
#4976=DIRECTION('center_axis',(4.15496010613166E-14,-7.63278329554347E-17,
1.));
#4977=DIRECTION('ref_axis',(1.,2.7755575615213E-17,-4.15496010613166E-14));
#4978=DIRECTION('',(1.,2.77555756152129E-17,-4.15496010613166E-14));
#4979=DIRECTION('center_axis',(-4.15496010613166E-14,7.63278329554347E-17,
-1.));
#4980=DIRECTION('ref_axis',(-0.707106781186532,0.707106781186563,2.94339765943282E-14));
#4981=DIRECTION('',(-2.77555756153059E-17,1.,7.63278329554358E-17));
#4982=DIRECTION('center_axis',(-4.15496010613166E-14,7.63278329554347E-17,
-1.));
#4983=DIRECTION('ref_axis',(0.528672282131768,0.848826023461574,-2.19013333638238E-14));
#4984=DIRECTION('center_axis',(2.73263982301821E-14,-1.22336056143609E-26,
1.));
#4985=DIRECTION('ref_axis',(0.528672282131768,0.848826023461574,-1.44467093147815E-14));
#4986=DIRECTION('',(-2.73263982301821E-14,7.63278329554351E-17,-1.));
#4987=DIRECTION('center_axis',(2.77555756152097E-17,-1.,-7.63278329554358E-17));
#4988=DIRECTION('ref_axis',(1.,2.77555756152128E-17,-4.05995906774811E-14));
#4989=DIRECTION('',(2.73263982301821E-14,-7.63278329554351E-17,1.));
#4990=DIRECTION('center_axis',(2.73263982301821E-14,-7.63278329554351E-17,
1.));
#4991=DIRECTION('ref_axis',(-0.707106781186532,0.707106781186563,1.93766534222415E-14));
#4992=DIRECTION('',(-2.73263982301821E-14,7.63278329554351E-17,-1.));
#4993=DIRECTION('center_axis',(-2.76594651375695E-14,1.1526884850896E-26,
-1.));
#4994=DIRECTION('ref_axis',(1.,2.7755575615386E-17,-2.76594651375695E-14));
#4995=DIRECTION('center_axis',(-2.76594651375695E-14,1.1526884850896E-26,
-1.));
#4996=DIRECTION('ref_axis',(-1.,-2.7755575615308E-17,2.76594651375695E-14));
#4997=DIRECTION('center_axis',(-2.76594651375695E-14,1.1526884850896E-26,
-1.));
#4998=DIRECTION('ref_axis',(1.,2.7755575615386E-17,-2.76594651375695E-14));
#4999=DIRECTION('center_axis',(2.7755575615308E-17,-1.,-1.22343451714595E-26));
#5000=DIRECTION('ref_axis',(-1.,-2.7755575615308E-17,2.73263982301821E-14));
#5001=DIRECTION('',(-2.72594447014985E-14,1.23217608205193E-26,-1.));
#5002=DIRECTION('center_axis',(2.76594651375694E-14,-1.0971403514104E-26,
1.));
#5003=DIRECTION('ref_axis',(-1.,-2.7755575615386E-17,2.76594651375694E-14));
#5004=DIRECTION('center_axis',(-2.73263982301821E-14,1.22335809624576E-26,
-1.));
#5005=DIRECTION('ref_axis',(-1.,-2.7755575615308E-17,2.73263982301821E-14));
#5006=DIRECTION('',(0.707106781186567,1.06221761349167E-16,0.707106781186528));
#5007=DIRECTION('center_axis',(2.76594651375694E-14,-1.0971403514104E-26,
1.));
#5008=DIRECTION('ref_axis',(-1.,-2.7755575615386E-17,2.76594651375694E-14));
#5009=DIRECTION('center_axis',(-1.,-2.7755575615308E-17,2.73263982301821E-14));
#5010=DIRECTION('ref_axis',(2.73263982301821E-14,-1.22336056143609E-26,
1.));
#5011=DIRECTION('',(-2.72594447014985E-14,1.23217608205193E-26,-1.));
#5012=DIRECTION('',(2.7755575615983E-17,-1.,2.47005154594835E-14));
#5013=DIRECTION('',(-2.72594447014985E-14,1.23217608205193E-26,-1.));
#5014=DIRECTION('center_axis',(-2.73263982301821E-14,1.22335809624576E-26,
-1.));
#5015=DIRECTION('ref_axis',(-0.707106781186548,-0.707106781186548,1.93226814939572E-14));
#5016=DIRECTION('',(-2.72594447014985E-14,1.23217608205193E-26,-1.));
#5017=DIRECTION('center_axis',(-2.73263982301821E-14,1.22336056143609E-26,
-1.));
#5018=DIRECTION('ref_axis',(-0.707106781186548,-0.707106781186548,1.93226814939572E-14));
#5019=DIRECTION('center_axis',(2.76594651375694E-14,-1.09714281660073E-26,
1.));
#5020=DIRECTION('ref_axis',(-1.,-2.7755575615386E-17,2.76594651375694E-14));
#5021=DIRECTION('center_axis',(-2.73263982301821E-14,1.22335809624576E-26,
-1.));
#5022=DIRECTION('ref_axis',(-1.,-2.7755575615308E-17,2.73263982301821E-14));
#5023=DIRECTION('',(0.707106781186567,1.06221761349167E-16,0.707106781186528));
#5024=DIRECTION('center_axis',(2.76594651375694E-14,-1.09714281660073E-26,
1.));
#5025=DIRECTION('ref_axis',(-1.,-2.7755575615386E-17,2.76594651375694E-14));
#5026=DIRECTION('center_axis',(-0.499999999999967,0.500000000000011,0.707106781186563));
#5027=DIRECTION('ref_axis',(0.81649658092775,-5.55111512312578E-17,0.577350269189592));
#5028=DIRECTION('',(0.50000000000001,-0.500000000000012,0.707106781186532));
#5029=DIRECTION('',(0.499999999999946,-0.500000000000235,0.70710678118642));
#5030=DIRECTION('center_axis',(-3.19864472697688E-14,-1.693657466383E-15,
-1.));
#5031=DIRECTION('ref_axis',(1.,-1.66590189077993E-15,-3.19864472697688E-14));
#5032=DIRECTION('',(-0.499999999999989,-0.499999999999989,0.707106781186563));
#5033=DIRECTION('',(0.707106781186526,-2.34997888132478E-15,-0.707106781186569));
#5034=DIRECTION('center_axis',(0.707106781186569,1.96261557246699E-17,0.707106781186526));
#5035=DIRECTION('ref_axis',(0.707106781186526,1.00584048142704E-16,-0.707106781186569));
#5036=DIRECTION('',(-0.707106781186526,1.22055037063569E-14,0.707106781186569));
#5037=DIRECTION('center_axis',(-3.10070331112052E-14,-8.66256590231561E-15,
-1.));
#5038=DIRECTION('ref_axis',(1.,-8.63481032671254E-15,-3.10070331112051E-14));
#5039=DIRECTION('',(0.499999999999951,-0.500000000000033,-0.707106781186559));
#5040=DIRECTION('center_axis',(-1.69562069133519E-14,3.35409242775203E-15,
-1.));
#5041=DIRECTION('ref_axis',(0.707106781186523,-0.707106781186572,-1.43615503920229E-14));
#5042=DIRECTION('',(-0.49999999999997,0.500000000000015,0.707106781186558));
#5043=DIRECTION('',(1.74760235840161E-15,-0.707106781186544,-0.707106781186551));
#5044=DIRECTION('center_axis',(2.7755575615308E-17,-1.,-1.22343451714595E-26));
#5045=DIRECTION('ref_axis',(1.,2.7755575615308E-17,-2.73263982301821E-14));
#5046=DIRECTION('',(2.73263982301821E-14,-1.22336056143609E-26,1.));
#5047=DIRECTION('',(-1.83776605044973E-14,1.23217608205193E-26,-1.));
#5048=DIRECTION('',(-1.,-2.7755575615308E-17,2.73263982301821E-14));
#5049=DIRECTION('',(0.816496580927702,2.26623325986428E-17,-0.57735026918966));
#5050=DIRECTION('center_axis',(-2.70517067016219E-14,1.14491749426552E-16,
-1.));
#5051=DIRECTION('ref_axis',(2.46935952944846E-16,1.,1.14491749426545E-16));
#5052=DIRECTION('',(1.88017962105645E-14,-0.707106781186545,0.70710678118655));
#5053=DIRECTION('',(0.499999999999991,0.499999999999987,-0.707106781186563));
#5054=DIRECTION('center_axis',(2.73263982301821E-14,-1.22343698233628E-26,
1.));
#5055=DIRECTION('ref_axis',(0.923879532511291,0.382683432365079,-2.52463000221133E-14));
#5056=DIRECTION('center_axis',(-0.500000000000033,-0.49999999999999,-0.707106781186532));
#5057=DIRECTION('ref_axis',(0.499999999999991,0.499999999999987,-0.707106781186563));
#5058=DIRECTION('',(2.73263982301821E-14,-1.22343698233628E-26,1.));
#5059=DIRECTION('center_axis',(0.500000000000033,0.49999999999999,0.707106781186532));
#5060=DIRECTION('ref_axis',(0.816496580927702,2.22044604925031E-16,-0.57735026918966));
#5061=DIRECTION('center_axis',(-0.500000000000033,-0.49999999999999,-0.707106781186532));
#5062=DIRECTION('ref_axis',(0.499999999999991,0.499999999999986,-0.707106781186563));
#5063=DIRECTION('',(-0.707106781186531,0.707106781186564,1.9322681493974E-14));
#5064=DIRECTION('center_axis',(-0.707106781186564,-0.707106781186531,1.93226814939576E-14));
#5065=DIRECTION('ref_axis',(2.74408899795964E-14,-1.1449174942657E-16,1.));
#5066=DIRECTION('',(-2.73263982301821E-14,1.22336056143609E-26,-1.));
#5067=DIRECTION('center_axis',(2.73263982301821E-14,-1.22336056143609E-26,
1.));
#5068=DIRECTION('ref_axis',(0.382683432365104,0.923879532511281,-1.04573598688905E-14));
#5069=DIRECTION('center_axis',(0.499999999999995,-0.500000000000021,0.707106781186537));
#5070=DIRECTION('ref_axis',(0.816496580927725,2.77555756156289E-17,-0.577350269189628));
#5071=DIRECTION('center_axis',(-0.499999999999995,0.500000000000021,-0.707106781186537));
#5072=DIRECTION('ref_axis',(0.49999999999996,-0.500000000000024,-0.707106781186558));
#5073=DIRECTION('',(-0.816496580927727,-7.33155827124784E-15,0.577350269189624));
#5074=DIRECTION('center_axis',(-0.499999999999995,0.500000000000021,-0.707106781186537));
#5075=DIRECTION('ref_axis',(0.49999999999996,-0.500000000000025,-0.707106781186558));
#5076=DIRECTION('',(0.707106781186579,0.707106781186516,-1.9322681493958E-14));
#5077=DIRECTION('center_axis',(1.,2.77555756152475E-17,-2.72872002771142E-14));
#5078=DIRECTION('ref_axis',(2.77555756152475E-17,-1.,-1.15781115059288E-26));
#5079=DIRECTION('',(2.72872002771142E-14,-1.22713723301983E-26,1.));
#5080=DIRECTION('',(2.77555756152475E-17,-1.,-1.15781115059288E-26));
#5081=DIRECTION('',(-2.72872002771142E-14,1.22713723301983E-26,-1.));
#5082=DIRECTION('',(-2.77555756152475E-17,1.,1.22343451714595E-26));
#5083=DIRECTION('center_axis',(-2.72872002771142E-14,1.22713723301983E-26,
-1.));
#5084=DIRECTION('ref_axis',(0.707106781186563,0.707106781186532,-1.92949643555346E-14));
#5085=DIRECTION('center_axis',(2.76594651375695E-14,-1.15773472969269E-26,
1.));
#5086=DIRECTION('ref_axis',(0.707106781186563,0.707106781186532,-1.95581953627605E-14));
#5087=DIRECTION('',(2.72872002771142E-14,-1.22713723301983E-26,1.));
#5088=DIRECTION('center_axis',(2.73263982301821E-14,-1.22336056143609E-26,
1.));
#5089=DIRECTION('ref_axis',(0.707106781186563,0.707106781186532,-1.93226814939576E-14));
#5090=DIRECTION('center_axis',(-2.72872002771142E-14,1.22713723301983E-26,
-1.));
#5091=DIRECTION('ref_axis',(0.707106781186532,-0.707106781186563,-1.92949643555511E-14));
#5092=DIRECTION('center_axis',(2.76594651375695E-14,-1.15773472969269E-26,
1.));
#5093=DIRECTION('ref_axis',(0.707106781186532,-0.707106781186563,-1.95581953627761E-14));
#5094=DIRECTION('center_axis',(2.73263982301821E-14,-1.22336056143609E-26,
1.));
#5095=DIRECTION('ref_axis',(0.707106781186532,-0.707106781186563,-1.93226814939741E-14));
#5096=DIRECTION('',(-2.72872002771142E-14,1.22713723301983E-26,-1.));
#5097=DIRECTION('center_axis',(2.77555756152475E-17,-1.,-1.2272111887297E-26));
#5098=DIRECTION('ref_axis',(-1.,-2.77555756152475E-17,2.76594651375695E-14));
#5099=DIRECTION('',(2.73263982301821E-14,-1.22713723301983E-26,1.));
#5100=DIRECTION('',(-1.,-2.77555756152475E-17,2.76594651375695E-14));
#5101=DIRECTION('',(1.,2.77555756152475E-17,-2.73263982301821E-14));
#5102=DIRECTION('center_axis',(2.73263982301821E-14,-1.22713723301983E-26,
1.));
#5103=DIRECTION('ref_axis',(-0.707106781186548,-0.707106781186548,1.93226814939572E-14));
#5104=DIRECTION('center_axis',(2.76594651375695E-14,-1.15773472969269E-26,
1.));
#5105=DIRECTION('ref_axis',(-0.707106781186548,-0.707106781186548,1.95581953627601E-14));
#5106=DIRECTION('center_axis',(2.73263982301821E-14,-1.22336056143609E-26,
1.));
#5107=DIRECTION('ref_axis',(-0.707106781186548,-0.707106781186548,1.93226814939572E-14));
#5108=DIRECTION('center_axis',(-2.76594651375695E-14,1.15773472969269E-26,
-1.));
#5109=DIRECTION('ref_axis',(1.,2.77555756152475E-17,-2.76594651375695E-14));
#5110=DIRECTION('center_axis',(2.76594651375695E-14,-1.15773472969269E-26,
1.));
#5111=DIRECTION('ref_axis',(-1.,-2.77555756152475E-17,2.76594651375695E-14));
#5112=DIRECTION('',(1.,2.77555756152475E-17,-4.56205551032731E-13));
#5113=DIRECTION('center_axis',(2.51222653790952E-14,-1.14491749426552E-16,
1.));
#5114=DIRECTION('ref_axis',(0.382683432365116,0.923879532511276,-9.50809816012287E-15));
#5115=DIRECTION('',(0.500000000000042,0.499999999999974,0.707106781186537));
#5116=DIRECTION('center_axis',(1.62404811820939E-14,-1.14491749426552E-16,
1.));
#5117=DIRECTION('ref_axis',(1.,2.77555756153847E-17,-1.62404811820939E-14));
#5118=DIRECTION('',(-0.707106781186528,-1.8717965376635E-16,0.707106781186567));
#5119=DIRECTION('center_axis',(2.76594651375694E-14,-1.09714281660073E-26,
1.));
#5120=DIRECTION('ref_axis',(-1.,-2.7755575615386E-17,2.76594651375694E-14));
#5121=DIRECTION('',(2.76594651375694E-14,-1.09714281660073E-26,1.));
#5122=DIRECTION('center_axis',(-2.73263982301821E-14,1.22336056143609E-26,
-1.));
#5123=DIRECTION('ref_axis',(1.,2.7755575615386E-17,-2.73263982301821E-14));
#5124=DIRECTION('center_axis',(-2.73263982301821E-14,1.22336056143609E-26,
-1.));
#5125=DIRECTION('ref_axis',(1.,2.7755575615386E-17,-2.73263982301821E-14));
#5126=DIRECTION('center_axis',(1.62404811820939E-14,-1.14491749426552E-16,
1.));
#5127=DIRECTION('ref_axis',(1.,2.77555756153847E-17,-1.62404811820939E-14));
#5128=DIRECTION('',(-0.707106781186546,-1.8717965376635E-16,0.707106781186549));
#5129=DIRECTION('center_axis',(2.76594651375694E-14,-1.0971403514104E-26,
1.));
#5130=DIRECTION('ref_axis',(-1.,-2.7755575615386E-17,2.76594651375694E-14));
#5131=DIRECTION('',(2.76594651375694E-14,-1.0971403514104E-26,1.));
#5132=DIRECTION('center_axis',(-2.73263982301821E-14,1.22336056143609E-26,
-1.));
#5133=DIRECTION('ref_axis',(-1.,-2.7755575615386E-17,2.73263982301821E-14));
#5134=DIRECTION('center_axis',(1.62404811820939E-14,-1.14491749426552E-16,
1.));
#5135=DIRECTION('ref_axis',(-1.,-2.77555756153847E-17,1.62404811820939E-14));
#5136=DIRECTION('',(0.707106781186578,2.52638689475029E-17,0.707106781186517));
#5137=DIRECTION('center_axis',(2.73263982301821E-14,-1.22336056143609E-26,
1.));
#5138=DIRECTION('ref_axis',(1.,2.7755575615308E-17,-2.73263982301821E-14));
#5139=DIRECTION('center_axis',(-2.73263982301821E-14,1.22332851396181E-26,
-1.));
#5140=DIRECTION('ref_axis',(1.,2.7755575615308E-17,-2.73263982301821E-14));
#5141=DIRECTION('',(2.73263982301821E-14,-1.22336056143609E-26,1.));
#5142=DIRECTION('center_axis',(-2.73263982301821E-14,1.22336056143609E-26,
-1.));
#5143=DIRECTION('ref_axis',(1.,2.7755575615308E-17,-2.73263982301821E-14));
#5144=DIRECTION('center_axis',(1.62404811820939E-14,-1.14491749426552E-16,
1.));
#5145=DIRECTION('ref_axis',(1.,2.77555756153067E-17,-1.62404811820939E-14));
#5146=DIRECTION('',(-0.707106781186528,-1.87179653766294E-16,0.707106781186567));
#5147=DIRECTION('center_axis',(-0.500000000000009,-0.499999999999972,0.707106781186561));
#5148=DIRECTION('ref_axis',(0.816496580927726,2.77555756156289E-16,0.577350269189626));
#5149=DIRECTION('',(-0.50000000000004,-0.499999999999965,-0.707106781186544));
#5150=DIRECTION('',(0.707106781186508,-0.707106781186587,-1.93226814939734E-14));
#5151=DIRECTION('center_axis',(2.56719972061861E-14,-0.707106781186551,
0.707106781186544));
#5152=DIRECTION('ref_axis',(1.,2.77555756153071E-17,-3.62779310465775E-14));
#5153=DIRECTION('',(0.,0.707106781186549,0.707106781186546));
#5154=DIRECTION('',(1.,8.97928839201054E-15,-2.73263982301821E-14));
#5155=DIRECTION('center_axis',(1.8280999123666E-13,2.18964101048706E-13,
1.));
#5156=DIRECTION('ref_axis',(-1.18423789293348E-14,-1.,2.19084010192694E-13));
#5157=DIRECTION('center_axis',(1.93030553382324E-14,0.70710678118655,0.707106781186545));
#5158=DIRECTION('ref_axis',(1.,2.77555756152597E-17,-2.7326398230182E-14));
#5159=DIRECTION('',(-6.90840681820862E-14,0.707106781186546,-0.707106781186549));
#5160=DIRECTION('center_axis',(-2.73263982301821E-14,1.22336056143609E-26,
-1.));
#5161=DIRECTION('ref_axis',(-0.382683432365062,0.923879532511298,1.04573598689119E-14));
#5162=DIRECTION('center_axis',(-2.97678296360904E-14,7.18658980298767E-14,
1.));
#5163=DIRECTION('ref_axis',(-0.707106781186414,0.707106781186681,-7.25345709421701E-14));
#5164=DIRECTION('center_axis',(-0.707106781186543,0.707106781186552,1.92753381998179E-14));
#5165=DIRECTION('ref_axis',(0.707106781186552,0.707106781186543,-1.93226814939573E-14));
#5166=DIRECTION('',(0.707106781186552,0.707106781186543,-1.93226814939573E-14));
#5167=DIRECTION('center_axis',(2.73263982301821E-14,-1.22332851396181E-26,
1.));
#5168=DIRECTION('ref_axis',(-1.,-2.77555756152488E-17,2.73263982301821E-14));
#5169=DIRECTION('center_axis',(2.73263982301821E-14,-1.22332851396181E-26,
1.));
#5170=DIRECTION('ref_axis',(-1.,-2.77555756152488E-17,2.73263982301821E-14));
#5171=DIRECTION('center_axis',(2.73263982301821E-14,-1.22332851396181E-26,
1.));
#5172=DIRECTION('ref_axis',(-1.,-2.77555756152488E-17,2.73263982301821E-14));
#5173=DIRECTION('center_axis',(2.73263982301821E-14,-1.22336056143609E-26,
1.));
#5174=DIRECTION('ref_axis',(-1.,-2.77555756152488E-17,2.73263982301821E-14));
#5175=DIRECTION('',(2.73263982301821E-14,-1.22332851396181E-26,1.));
#5176=DIRECTION('center_axis',(-2.77555756152475E-17,1.,1.2272111887297E-26));
#5177=DIRECTION('ref_axis',(1.,2.77555756152475E-17,-4.56205551032731E-13));
#5178=DIRECTION('',(-1.,-2.77555756152475E-17,2.73263982301821E-14));
#5179=DIRECTION('',(-2.73263982301821E-14,1.22713707894544E-26,-1.));
#5180=DIRECTION('center_axis',(-2.73263982301821E-14,1.22713723301983E-26,
-1.));
#5181=DIRECTION('ref_axis',(-1.,-2.77555756152475E-17,2.73263982301821E-14));
#5182=DIRECTION('center_axis',(2.73263982301821E-14,-1.22336056143609E-26,
1.));
#5183=DIRECTION('ref_axis',(-1.,-2.77555756152475E-17,2.73263982301821E-14));
#5184=DIRECTION('center_axis',(-2.7755575615308E-17,1.,1.22343205195562E-26));
#5185=DIRECTION('ref_axis',(-1.,-2.7755575615308E-17,2.73263982301821E-14));
#5186=DIRECTION('',(-2.72594447014985E-14,1.23217608205193E-26,-1.));
#5187=DIRECTION('',(-1.,1.55114426290906E-14,2.76594651375696E-14));
#5188=DIRECTION('center_axis',(2.73263982301821E-14,-1.22335809624576E-26,
1.));
#5189=DIRECTION('ref_axis',(0.382683432365116,0.923879532511276,-1.04573598688908E-14));
#5190=DIRECTION('',(-2.72594447014985E-14,1.23217608205193E-26,-1.));
#5191=DIRECTION('center_axis',(0.707106781186587,0.707106781186508,-1.93226814939582E-14));
#5192=DIRECTION('ref_axis',(-0.707106781186508,0.707106781186587,1.93226814939734E-14));
#5193=DIRECTION('',(-2.72594447014985E-14,1.23217608205193E-26,-1.));
#5194=DIRECTION('center_axis',(-2.73263982301821E-14,1.22336056143609E-26,
-1.));
#5195=DIRECTION('ref_axis',(-0.382683432365114,-0.923879532511277,1.04573598688908E-14));
#5196=DIRECTION('',(-2.72594447014985E-14,1.23217608205193E-26,-1.));
#5197=DIRECTION('center_axis',(-8.97928839201054E-15,1.,1.24789413558846E-26));
#5198=DIRECTION('ref_axis',(-1.,-8.97928839201054E-15,2.73263982301821E-14));
#5199=DIRECTION('',(-2.72594447014985E-14,1.23217608205193E-26,-1.));
#5200=DIRECTION('center_axis',(2.73263982301821E-14,-1.22336056143609E-26,
1.));
#5201=DIRECTION('ref_axis',(0.382683432365071,-0.923879532511295,-1.04573598689122E-14));
#5202=DIRECTION('',(-2.72594447014985E-14,1.23217608205193E-26,-1.));
#5203=DIRECTION('center_axis',(-0.707106781186516,0.707106781186579,1.93226814939736E-14));
#5204=DIRECTION('ref_axis',(-0.707106781186579,-0.707106781186516,1.9322681493958E-14));
#5205=DIRECTION('',(-2.72594447014985E-14,1.23217608205193E-26,-1.));
#5206=DIRECTION('center_axis',(2.73263982301821E-14,-1.22332851396181E-26,
1.));
#5207=DIRECTION('ref_axis',(0.923879532511279,-0.38268343236511,-2.52463000221223E-14));
#5208=DIRECTION('center_axis',(-2.73263982301821E-14,1.22336056143609E-26,
-1.));
#5209=DIRECTION('ref_axis',(-1.22184397675778E-14,1.,1.25674915652012E-26));
#5210=DIRECTION('center_axis',(-2.73263982301821E-14,1.22336056143609E-26,
-1.));
#5211=DIRECTION('ref_axis',(1.,2.7755575615308E-17,-2.73263982301821E-14));
#5212=DIRECTION('',(4.32129623526512E-14,-1.,-1.34144317818636E-26));
#5213=DIRECTION('center_axis',(2.73263982301821E-14,-1.22336056143609E-26,
1.));
#5214=DIRECTION('ref_axis',(-0.462910049886266,-0.886405260427923,1.26496643679347E-14));
#5215=DIRECTION('center_axis',(2.73263982301821E-14,-1.22335809624576E-26,
1.));
#5216=DIRECTION('ref_axis',(-1.,-2.7755575615308E-17,2.73263982301821E-14));
#5217=DIRECTION('center_axis',(2.73263982301821E-14,-1.22336056143609E-26,
1.));
#5218=DIRECTION('ref_axis',(-0.462910049886266,0.886405260427923,1.26496643679564E-14));
#5219=DIRECTION('',(2.77555756153973E-17,-1.,3.26637321013032E-15));
#5220=DIRECTION('center_axis',(2.73263982301821E-14,-1.22336056143609E-26,
1.));
#5221=DIRECTION('ref_axis',(-0.462910049886286,-0.886405260427913,1.26496643679353E-14));
#5222=DIRECTION('center_axis',(2.73263982301821E-14,-1.22335809624576E-26,
1.));
#5223=DIRECTION('ref_axis',(-1.,-2.7755575615308E-17,2.73263982301821E-14));
#5224=DIRECTION('center_axis',(2.73263982301821E-14,-1.22336056143609E-26,
1.));
#5225=DIRECTION('ref_axis',(-0.462910049886286,0.886405260427913,1.2649664367957E-14));
#5226=DIRECTION('',(1.,2.48216309283733E-13,-2.73263982301821E-14));
#5227=DIRECTION('center_axis',(2.73263982301821E-14,-1.22336056143609E-26,
1.));
#5228=DIRECTION('ref_axis',(-0.707106781186642,0.707106781186453,1.93226814939771E-14));
#5229=DIRECTION('center_axis',(2.51222653790846E-14,-1.7000290065781E-16,
1.));
#5230=DIRECTION('ref_axis',(2.77555756152431E-17,-1.,-1.70002900657811E-16));
#5231=DIRECTION('',(1.91839714355741E-13,-0.707106781184094,0.707106781189001));
#5232=DIRECTION('center_axis',(-1.56192754002335E-13,0.707106781189001,
0.707106781184094));
#5233=DIRECTION('ref_axis',(1.,2.77555756155784E-17,2.20862155479657E-13));
#5234=DIRECTION('center_axis',(-1.56192754002335E-13,0.707106781189001,
0.707106781184094));
#5235=DIRECTION('ref_axis',(1.94778964820503E-13,-0.707106781184094,0.707106781189001));
#5236=DIRECTION('',(-1.,-2.48216309283733E-13,2.73263982301821E-14));
#5237=DIRECTION('center_axis',(9.49587630751525E-15,-1.22340986524266E-26,
1.));
#5238=DIRECTION('ref_axis',(-0.707106781152335,0.70710678122076,6.71459853003648E-15));
#5239=DIRECTION('',(9.49587630751525E-15,-1.22340986524266E-26,1.));
#5240=DIRECTION('center_axis',(1.,-9.68114477473136E-11,-9.49587630751525E-15));
#5241=DIRECTION('ref_axis',(9.68114477473136E-11,1.,1.14491747821411E-16));
#5242=DIRECTION('',(-9.49587630751525E-15,-1.71396504061042E-24,-1.));
#5243=DIRECTION('center_axis',(-2.73263982301821E-14,1.22336056143609E-26,
-1.));
#5244=DIRECTION('ref_axis',(-0.864402112052106,-0.502801142281775,2.36209963449402E-14));
#5245=DIRECTION('center_axis',(-2.78762352707349E-14,1.23216868648095E-26,
-1.));
#5246=DIRECTION('ref_axis',(-0.707106781186549,-0.707106781186546,1.97114749938796E-14));
#5247=DIRECTION('center_axis',(2.73263982301821E-14,-1.22336056143609E-26,
1.));
#5248=DIRECTION('ref_axis',(-0.707106781186549,-0.707106781186546,1.93226814939572E-14));
#5249=DIRECTION('',(2.78762352707349E-14,-1.23208980039042E-26,1.));
#5250=DIRECTION('center_axis',(-2.73263982301821E-14,1.22336056143609E-26,
-1.));
#5251=DIRECTION('ref_axis',(-0.707106781186549,-0.707106781186546,1.93226814939572E-14));
#5252=DIRECTION('',(-2.78762352707349E-14,1.23203310101286E-26,-1.));
#5253=DIRECTION('center_axis',(-0.866025403784439,-0.499999999999999,2.4141527906322E-14));
#5254=DIRECTION('ref_axis',(-0.499999999999999,0.866025403784439,1.38297325687947E-14));
#5255=DIRECTION('',(0.499999999999999,-0.866025403784439,-1.36631991151016E-14));
#5256=DIRECTION('',(-2.78762352707349E-14,1.23218840800358E-26,-1.));
#5257=DIRECTION('',(-0.499999999999999,0.866025403784439,1.36631991151016E-14));
#5258=DIRECTION('center_axis',(-2.78762352707349E-14,1.23218840800358E-26,
-1.));
#5259=DIRECTION('ref_axis',(-0.965925826289068,-0.258819045102521,2.69263755877099E-14));
#5260=DIRECTION('center_axis',(2.73263982301821E-14,-1.22336056143609E-26,
1.));
#5261=DIRECTION('ref_axis',(-0.965925826289068,-0.258819045102521,2.63952737899896E-14));
#5262=DIRECTION('',(2.78762352707349E-14,-1.23218840800358E-26,1.));
#5263=DIRECTION('center_axis',(-2.73263982301821E-14,1.22336056143609E-26,
-1.));
#5264=DIRECTION('ref_axis',(-0.965925826289068,-0.258819045102521,2.63952737899896E-14));
#5265=DIRECTION('center_axis',(-1.,3.81416334098325E-28,2.78762352707349E-14));
#5266=DIRECTION('ref_axis',(3.81416334098648E-28,1.,1.16022210673446E-26));
#5267=DIRECTION('',(-3.81416065270747E-28,-1.,-1.22336056143609E-26));
#5268=DIRECTION('',(-2.78762352707349E-14,1.23216622129062E-26,-1.));
#5269=DIRECTION('',(3.81416065270747E-28,1.,1.22336056143609E-26));
#5270=DIRECTION('center_axis',(-2.78762352707349E-14,1.23216622129062E-26,
-1.));
#5271=DIRECTION('ref_axis',(-0.965925826289069,0.258819045102517,2.69263755877163E-14));
#5272=DIRECTION('center_axis',(2.73263982301821E-14,-1.22336056143609E-26,
1.));
#5273=DIRECTION('ref_axis',(-0.965925826289069,0.258819045102517,2.6395273789996E-14));
#5274=DIRECTION('',(2.78762352707349E-14,-1.23216622129062E-26,1.));
#5275=DIRECTION('center_axis',(-2.73263982301821E-14,1.22336056143609E-26,
-1.));
#5276=DIRECTION('ref_axis',(-0.965925826289069,0.258819045102517,2.6395273789996E-14));
#5277=DIRECTION('center_axis',(-0.86602540378444,0.499999999999998,2.41415279063344E-14));
#5278=DIRECTION('ref_axis',(0.499999999999998,0.86602540378444,-1.38297325687746E-14));
#5279=DIRECTION('',(-0.499999999999998,-0.86602540378444,1.36631991150804E-14));
#5280=DIRECTION('',(-2.78762352707349E-14,1.23236343651692E-26,-1.));
#5281=DIRECTION('',(0.499999999999998,0.86602540378444,-1.36631991150804E-14));
#5282=DIRECTION('center_axis',(-2.78762352707349E-14,1.23236343651692E-26,
-1.));
#5283=DIRECTION('ref_axis',(-0.707106781186549,0.707106781186546,1.9711474993897E-14));
#5284=DIRECTION('center_axis',(2.73263982301821E-14,-1.22336056143609E-26,
1.));
#5285=DIRECTION('ref_axis',(-0.707106781186549,0.707106781186546,1.93226814939745E-14));
#5286=DIRECTION('',(2.78762352707349E-14,-1.23236343651692E-26,1.));
#5287=DIRECTION('center_axis',(-2.73263982301821E-14,1.22336056143609E-26,
-1.));
#5288=DIRECTION('ref_axis',(-0.707106781186549,0.707106781186546,1.93226814939745E-14));
#5289=DIRECTION('center_axis',(-0.500000000000003,0.866025403784437,1.39381176353782E-14));
#5290=DIRECTION('ref_axis',(0.866025403784437,0.500000000000003,-2.39537994642192E-14));
#5291=DIRECTION('',(-0.866025403784437,-0.500000000000003,2.36653550612616E-14));
#5292=DIRECTION('',(-2.78762352707349E-14,1.23218840800358E-26,-1.));
#5293=DIRECTION('',(0.866025403784437,0.500000000000003,-2.36653550612616E-14));
#5294=DIRECTION('center_axis',(-2.78762352707349E-14,1.23218840800358E-26,
-1.));
#5295=DIRECTION('ref_axis',(-0.258819045102523,0.965925826289068,7.21490059383678E-15));
#5296=DIRECTION('center_axis',(2.73263982301821E-14,-1.22336056143609E-26,
1.));
#5297=DIRECTION('ref_axis',(-0.258819045102523,0.965925826289068,7.07259229603882E-15));
#5298=DIRECTION('',(2.78762352707349E-14,-1.23219087319391E-26,1.));
#5299=DIRECTION('center_axis',(-2.73263982301821E-14,1.22336056143609E-26,
-1.));
#5300=DIRECTION('ref_axis',(-0.258819045102523,0.965925826289068,7.07259229603882E-15));
#5301=DIRECTION('center_axis',(2.4019760786287E-15,1.,1.22549295107051E-26));
#5302=DIRECTION('ref_axis',(1.,-2.4019760786287E-15,-2.76594651375693E-14));
#5303=DIRECTION('',(-1.,2.4019760786287E-15,2.73263982301821E-14));
#5304=DIRECTION('',(-2.78762352707349E-14,1.23219087319391E-26,-1.));
#5305=DIRECTION('',(1.,-2.4019760786287E-15,-2.73263982301821E-14));
#5306=DIRECTION('center_axis',(-2.78762352707349E-14,1.23218840800358E-26,
-1.));
#5307=DIRECTION('ref_axis',(0.25881904510252,0.965925826289068,-7.21490059381289E-15));
#5308=DIRECTION('center_axis',(2.73263982301821E-14,-1.22336056143609E-26,
1.));
#5309=DIRECTION('ref_axis',(0.25881904510252,0.965925826289068,-7.0725922960151E-15));
#5310=DIRECTION('',(2.78762352707349E-14,-1.23218840800358E-26,1.));
#5311=DIRECTION('center_axis',(-2.73263982301821E-14,1.22336056143609E-26,
-1.));
#5312=DIRECTION('ref_axis',(0.25881904510252,0.965925826289068,-7.0725922960151E-15));
#5313=DIRECTION('center_axis',(0.499999999999996,0.866025403784441,-1.39381176353566E-14));
#5314=DIRECTION('ref_axis',(0.866025403784441,-0.499999999999996,-2.3953799464231E-14));
#5315=DIRECTION('',(-0.866025403784441,0.499999999999996,2.3665355061274E-14));
#5316=DIRECTION('',(-2.78762352707349E-14,1.23209226558075E-26,-1.));
#5317=DIRECTION('',(0.866025403784441,-0.499999999999996,-2.3665355061274E-14));
#5318=DIRECTION('center_axis',(-2.73263982301821E-14,1.22336056143609E-26,
-1.));
#5319=DIRECTION('ref_axis',(1.,2.7755575615308E-17,-2.73263982301821E-14));
#5320=DIRECTION('center_axis',(-2.73263982301821E-14,1.22336056143609E-26,
-1.));
#5321=DIRECTION('ref_axis',(0.96592582628907,-0.258819045102515,-2.6395273789996E-14));
#5322=DIRECTION('',(-0.5,-0.866025403784439,1.36631991150804E-14));
#5323=DIRECTION('center_axis',(-2.73263982301821E-14,1.22336056143609E-26,
-1.));
#5324=DIRECTION('ref_axis',(0.707106781186546,-0.707106781186549,-1.93226814939744E-14));
#5325=DIRECTION('',(-0.866025403784441,-0.499999999999996,2.36653550612617E-14));
#5326=DIRECTION('center_axis',(-2.73263982301821E-14,1.22336056143609E-26,
-1.));
#5327=DIRECTION('ref_axis',(0.25881904510252,-0.965925826289069,-7.07259229603874E-15));
#5328=DIRECTION('',(-1.,3.81417656144777E-28,2.73263982301821E-14));
#5329=DIRECTION('center_axis',(-2.73263982301821E-14,1.22336056143609E-26,
-1.));
#5330=DIRECTION('ref_axis',(-0.258819045102523,-0.965925826289068,7.07259229601519E-15));
#5331=DIRECTION('',(-0.866025403784437,0.500000000000003,2.36653550612738E-14));
#5332=DIRECTION('center_axis',(-2.73263982301821E-14,1.22336056143609E-26,
-1.));
#5333=DIRECTION('ref_axis',(0.707106781186546,0.707106781186549,-1.93226814939571E-14));
#5334=DIRECTION('',(0.500000000000002,-0.866025403784438,-1.36631991151017E-14));
#5335=DIRECTION('center_axis',(-2.73263982301821E-14,1.22336056143609E-26,
-1.));
#5336=DIRECTION('ref_axis',(0.965925826289067,0.258819045102526,-2.63952737899896E-14));
#5337=DIRECTION('',(9.60790431451289E-15,-1.,-1.24961237324765E-26));
#5338=DIRECTION('center_axis',(-2.73263982301821E-14,1.22336056143609E-26,
-1.));
#5339=DIRECTION('ref_axis',(1.,2.7755575615308E-17,-2.73263982301821E-14));
#5340=DIRECTION('',(-0.866025403784437,0.500000000000003,2.36653550612738E-14));
#5341=DIRECTION('center_axis',(-2.73263982301821E-14,1.22336056143609E-26,
-1.));
#5342=DIRECTION('ref_axis',(-0.258819045102523,-0.965925826289068,7.07259229601519E-15));
#5343=DIRECTION('',(-1.,3.81417656144777E-28,2.73263982301821E-14));
#5344=DIRECTION('center_axis',(-2.73263982301821E-14,1.22336056143609E-26,
-1.));
#5345=DIRECTION('ref_axis',(0.25881904510252,-0.965925826289068,-7.07259229603874E-15));
#5346=DIRECTION('',(-0.866025403784441,-0.499999999999996,2.36653550612617E-14));
#5347=DIRECTION('center_axis',(-2.73263982301821E-14,1.22336056143609E-26,
-1.));
#5348=DIRECTION('ref_axis',(0.707106781186546,-0.707106781186549,-1.93226814939744E-14));
#5349=DIRECTION('',(-0.5,-0.866025403784439,1.36631991150804E-14));
#5350=DIRECTION('center_axis',(-2.73263982301821E-14,1.22336056143609E-26,
-1.));
#5351=DIRECTION('ref_axis',(0.96592582628907,-0.258819045102515,-2.6395273789996E-14));
#5352=DIRECTION('',(9.60790431451289E-15,-1.,-1.24961237324765E-26));
#5353=DIRECTION('center_axis',(-2.73263982301821E-14,1.22336056143609E-26,
-1.));
#5354=DIRECTION('ref_axis',(0.965925826289067,0.258819045102526,-2.63952737899896E-14));
#5355=DIRECTION('',(0.500000000000002,-0.866025403784438,-1.36631991151017E-14));
#5356=DIRECTION('center_axis',(-2.73263982301821E-14,1.22336056143609E-26,
-1.));
#5357=DIRECTION('ref_axis',(0.707106781186546,0.707106781186549,-1.93226814939571E-14));
#5358=DIRECTION('',(0.866025403784441,-0.499999999999996,-2.3665355061274E-14));
#5359=DIRECTION('center_axis',(-2.73263982301821E-14,1.22336056143609E-26,
-1.));
#5360=DIRECTION('ref_axis',(0.25881904510252,0.965925826289069,-7.0725922960151E-15));
#5361=DIRECTION('',(1.,-2.4019760786287E-15,-2.73263982301821E-14));
#5362=DIRECTION('center_axis',(-2.73263982301821E-14,1.22336056143609E-26,
-1.));
#5363=DIRECTION('ref_axis',(-0.258819045102523,0.965925826289068,7.07259229603882E-15));
#5364=DIRECTION('',(0.866025403784437,0.500000000000003,-2.36653550612616E-14));
#5365=DIRECTION('center_axis',(-2.73263982301821E-14,1.22336056143609E-26,
-1.));
#5366=DIRECTION('ref_axis',(-0.707106781186549,0.707106781186546,1.93226814939745E-14));
#5367=DIRECTION('',(0.499999999999998,0.86602540378444,-1.36631991150804E-14));
#5368=DIRECTION('center_axis',(-2.73263982301821E-14,1.22336056143609E-26,
-1.));
#5369=DIRECTION('ref_axis',(-0.965925826289069,0.258819045102517,2.6395273789996E-14));
#5370=DIRECTION('',(3.81416065270747E-28,1.,1.22336056143609E-26));
#5371=DIRECTION('center_axis',(-2.73263982301821E-14,1.22336056143609E-26,
-1.));
#5372=DIRECTION('ref_axis',(-0.965925826289068,-0.258819045102521,2.63952737899896E-14));
#5373=DIRECTION('',(-0.499999999999999,0.866025403784439,1.36631991151016E-14));
#5374=DIRECTION('center_axis',(-2.73263982301821E-14,1.22336056143609E-26,
-1.));
#5375=DIRECTION('ref_axis',(-0.707106781186549,-0.707106781186546,1.93226814939572E-14));
#5376=DIRECTION('center_axis',(-0.500000000000003,-0.866025403784437,1.39381176353569E-14));
#5377=DIRECTION('ref_axis',(-0.866025403784437,0.500000000000003,2.39537994642308E-14));
#5378=DIRECTION('',(0.866025403784437,-0.500000000000003,-2.36653550612738E-14));
#5379=DIRECTION('',(2.78762352707349E-14,-1.23219087319391E-26,1.));
#5380=DIRECTION('center_axis',(2.78762352707349E-14,-1.23219087319391E-26,
1.));
#5381=DIRECTION('ref_axis',(-0.258819045102523,-0.965925826289068,7.21490059381297E-15));
#5382=DIRECTION('center_axis',(2.73263982301821E-14,-1.22336056143609E-26,
1.));
#5383=DIRECTION('ref_axis',(-0.258819045102523,-0.965925826289068,7.07259229601519E-15));
#5384=DIRECTION('',(-2.78762352707349E-14,1.23219087319391E-26,-1.));
#5385=DIRECTION('center_axis',(-3.81416065270748E-28,-1.,-1.23219087319391E-26));
#5386=DIRECTION('ref_axis',(-1.,3.81416065270407E-28,2.76594651375693E-14));
#5387=DIRECTION('',(1.,-3.81417656144777E-28,-2.73263982301821E-14));
#5388=DIRECTION('',(2.78762352707349E-14,-1.23219087319391E-26,1.));
#5389=DIRECTION('center_axis',(2.78762352707349E-14,-1.23219087319391E-26,
1.));
#5390=DIRECTION('ref_axis',(0.25881904510252,-0.965925826289069,-7.2149005938367E-15));
#5391=DIRECTION('center_axis',(2.73263982301821E-14,-1.22336056143609E-26,
1.));
#5392=DIRECTION('ref_axis',(0.25881904510252,-0.965925826289069,-7.07259229603874E-15));
#5393=DIRECTION('',(-2.78762352707349E-14,1.23219087319391E-26,-1.));
#5394=DIRECTION('center_axis',(0.499999999999996,-0.866025403784441,-1.3938117635378E-14));
#5395=DIRECTION('ref_axis',(-0.866025403784441,-0.499999999999996,2.39537994642193E-14));
#5396=DIRECTION('',(0.866025403784441,0.499999999999996,-2.36653550612617E-14));
#5397=DIRECTION('',(2.78762352707349E-14,-1.23216129090996E-26,1.));
#5398=DIRECTION('center_axis',(2.78762352707349E-14,-1.23216129090996E-26,
1.));
#5399=DIRECTION('ref_axis',(0.707106781186546,-0.707106781186549,-1.97114749938969E-14));
#5400=DIRECTION('center_axis',(2.73263982301821E-14,-1.22336056143609E-26,
1.));
#5401=DIRECTION('ref_axis',(0.707106781186546,-0.707106781186549,-1.93226814939744E-14));
#5402=DIRECTION('',(-2.78762352707349E-14,1.23216129090996E-26,-1.));
#5403=DIRECTION('center_axis',(0.866025403784439,-0.5,-2.41415279063343E-14));
#5404=DIRECTION('ref_axis',(-0.5,-0.866025403784439,1.38297325687746E-14));
#5405=DIRECTION('',(0.5,0.866025403784439,-1.36631991150804E-14));
#5406=DIRECTION('',(2.78762352707349E-14,-1.23200598391924E-26,1.));
#5407=DIRECTION('center_axis',(-2.78762352707349E-14,1.23208487000977E-26,
-1.));
#5408=DIRECTION('ref_axis',(0.96592582628907,-0.258819045102515,-2.69263755877163E-14));
#5409=DIRECTION('center_axis',(2.73263982301821E-14,-1.22336056143609E-26,
1.));
#5410=DIRECTION('ref_axis',(0.96592582628907,-0.258819045102515,-2.6395273789996E-14));
#5411=DIRECTION('',(-2.78762352707349E-14,1.23208487000977E-26,-1.));
#5412=DIRECTION('center_axis',(1.,9.60790431451289E-15,-2.78762352707349E-14));
#5413=DIRECTION('ref_axis',(9.60790431451289E-15,-1.,-1.18679685847909E-26));
#5414=DIRECTION('',(-9.60790431451289E-15,1.,1.24961237324765E-26));
#5415=DIRECTION('',(2.78762352707349E-14,-1.23238562322988E-26,1.));
#5416=DIRECTION('center_axis',(-2.78762352707349E-14,1.23238562322988E-26,
-1.));
#5417=DIRECTION('ref_axis',(0.965925826289067,0.258819045102526,-2.69263755877098E-14));
#5418=DIRECTION('center_axis',(2.73263982301821E-14,-1.22336056143609E-26,
1.));
#5419=DIRECTION('ref_axis',(0.965925826289067,0.258819045102526,-2.63952737899896E-14));
#5420=DIRECTION('',(-2.78762352707349E-14,1.23238562322988E-26,-1.));
#5421=DIRECTION('center_axis',(0.866025403784438,0.500000000000002,-2.4141527906322E-14));
#5422=DIRECTION('ref_axis',(0.500000000000002,-0.866025403784438,-1.38297325687948E-14));
#5423=DIRECTION('',(-0.500000000000002,0.866025403784438,1.36631991151017E-14));
#5424=DIRECTION('',(2.78762352707349E-14,-1.23203556620319E-26,1.));
#5425=DIRECTION('center_axis',(-2.78762352707349E-14,1.23195668011267E-26,
-1.));
#5426=DIRECTION('ref_axis',(0.707106781186546,0.707106781186549,-1.97114749938795E-14));
#5427=DIRECTION('center_axis',(2.73263982301821E-14,-1.22336056143609E-26,
1.));
#5428=DIRECTION('ref_axis',(0.707106781186546,0.707106781186549,-1.93226814939571E-14));
#5429=DIRECTION('center_axis',(-0.43301270189223,-0.750000000000004,-0.499999999999985));
#5430=DIRECTION('ref_axis',(-0.755928946018437,-4.16333634234434E-16,0.654653670707998));
#5431=DIRECTION('',(-0.249999999999968,-0.433012701892183,0.866025403784466));
#5432=DIRECTION('',(0.249999999999984,0.433012701892216,-0.866025403784445));
#5433=DIRECTION('center_axis',(-1.62404811820939E-14,1.14491749426552E-16,
-1.));
#5434=DIRECTION('ref_axis',(0.707106781186546,0.707106781186549,-1.14027964811817E-14));
#5435=DIRECTION('',(0.43301270189221,0.250000000000011,-0.86602540378444));
#5436=DIRECTION('center_axis',(-1.62404811820939E-14,1.14491749426552E-16,
-1.));
#5437=DIRECTION('ref_axis',(0.25881904510252,0.965925826289068,-4.09275529388686E-15));
#5438=DIRECTION('',(1.40785470611842E-14,-0.499999999999992,0.866025403784443));
#5439=DIRECTION('center_axis',(-0.750000000000004,-0.433012701892216,-0.499999999999997));
#5440=DIRECTION('ref_axis',(-0.554700196225225,1.11022302462516E-16,0.832050294337847));
#5441=DIRECTION('',(0.433012701892186,0.25,-0.866025403784455));
#5442=DIRECTION('center_axis',(-1.57433714184658E-14,-0.866025403784443,
-0.499999999999992));
#5443=DIRECTION('ref_axis',(-1.40785470611842E-14,0.499999999999992,-0.866025403784443));
#5444=DIRECTION('',(1.40785470611839E-14,-0.500000000000021,0.866025403784427));
#5445=DIRECTION('center_axis',(-1.62404811820939E-14,1.14491749426552E-16,
-1.));
#5446=DIRECTION('ref_axis',(0.965925826289067,0.258819045102526,-1.56574675598874E-14));
#5447=DIRECTION('',(0.499999999999988,1.1303055133474E-16,-0.866025403784445));
#5448=DIRECTION('center_axis',(-1.62404811820939E-14,1.14491749426552E-16,
-1.));
#5449=DIRECTION('ref_axis',(-0.258819045102523,0.965925826289068,4.31393636922316E-15));
#5450=DIRECTION('',(0.250000000000015,-0.433012701892183,0.866025403784453));
#5451=DIRECTION('center_axis',(-0.866025403784446,-8.3206892134921E-15,
-0.499999999999988));
#5452=DIRECTION('ref_axis',(-0.499999999999988,-1.13030551334735E-16,0.866025403784446));
#5453=DIRECTION('',(0.499999999999996,1.93426574151704E-14,-0.866025403784441));
#5454=DIRECTION('center_axis',(0.433012701892215,-0.75000000000001,-0.499999999999988));
#5455=DIRECTION('ref_axis',(-0.75592894601845,-1.94289029309402E-16,-0.654653670707982));
#5456=DIRECTION('',(0.250000000000012,-0.433012701892197,0.866025403784446));
#5457=DIRECTION('center_axis',(-1.62404811820939E-14,1.14491749426552E-16,
-1.));
#5458=DIRECTION('ref_axis',(0.96592582628907,-0.258819045102515,-1.57167328504048E-14));
#5459=DIRECTION('',(0.433012701892239,-0.250000000000025,-0.866025403784422));
#5460=DIRECTION('center_axis',(-1.62404811820939E-14,1.14491749426552E-16,
-1.));
#5461=DIRECTION('ref_axis',(-0.707106781186549,0.707106781186546,1.15647122660006E-14));
#5462=DIRECTION('',(0.433012701892257,-0.250000000000011,0.866025403784417));
#5463=DIRECTION('center_axis',(-0.749999999999999,0.43301270189221,-0.50000000000001));
#5464=DIRECTION('ref_axis',(-0.554700196225237,-8.32667268468868E-17,0.832050294337838));
#5465=DIRECTION('',(0.433012701892214,-0.249999999999994,-0.866025403784443));
#5466=DIRECTION('center_axis',(0.749999999999978,-0.433012701892212,-0.50000000000004));
#5467=DIRECTION('ref_axis',(-0.554700196225271,-4.16333634234434E-16,-0.832050294337816));
#5468=DIRECTION('',(0.433012701892225,-0.249999999999976,0.866025403784443));
#5469=DIRECTION('center_axis',(-1.62404811820939E-14,1.14491749426552E-16,
-1.));
#5470=DIRECTION('ref_axis',(0.707106781186546,-0.707106781186549,-1.15647122660005E-14));
#5471=DIRECTION('',(0.249999999999997,-0.433012701892224,-0.866025403784437));
#5472=DIRECTION('center_axis',(-1.62404811820939E-14,1.14491749426552E-16,
-1.));
#5473=DIRECTION('ref_axis',(-0.965925826289069,0.258819045102517,1.57167328504048E-14));
#5474=DIRECTION('',(0.499999999999994,-8.52749757194946E-17,0.866025403784442));
#5475=DIRECTION('center_axis',(-0.433012701892225,0.749999999999995,-0.500000000000002));
#5476=DIRECTION('ref_axis',(-0.755928946018452,-4.44089209850063E-16,0.65465367070798));
#5477=DIRECTION('',(0.249999999999979,-0.433012701892226,-0.866025403784441));
#5478=DIRECTION('center_axis',(0.866025403784442,5.78649195502243E-27,-0.499999999999994));
#5479=DIRECTION('ref_axis',(-0.499999999999994,8.52749757194946E-17,-0.866025403784442));
#5480=DIRECTION('',(0.500000000000045,-8.52749757194897E-17,0.866025403784413));
#5481=DIRECTION('center_axis',(-1.62404811820939E-14,1.14491749426552E-16,
-1.));
#5482=DIRECTION('ref_axis',(0.25881904510252,-0.965925826289068,-4.31393636922311E-15));
#5483=DIRECTION('',(-1.40507914855688E-14,-0.500000000000008,-0.866025403784434));
#5484=DIRECTION('center_axis',(-1.62404811820939E-14,1.14491749426552E-16,
-1.));
#5485=DIRECTION('ref_axis',(-0.965925826289068,-0.258819045102521,1.56574675598874E-14));
#5486=DIRECTION('',(0.433012701892226,0.249999999999996,0.866025403784436));
#5487=DIRECTION('center_axis',(-1.36631991150909E-14,0.866025403784434,
-0.500000000000008));
#5488=DIRECTION('ref_axis',(-1.,-2.77555756152203E-17,2.72783241630225E-14));
#5489=DIRECTION('',(-1.40507914855688E-14,-0.500000000000006,-0.866025403784435));
#5490=DIRECTION('center_axis',(0.749999999999994,0.433012701892222,-0.500000000000006));
#5491=DIRECTION('ref_axis',(-0.554700196225237,2.77555756156289E-17,-0.832050294337839));
#5492=DIRECTION('',(0.433012701892224,0.249999999999995,0.866025403784438));
#5493=DIRECTION('center_axis',(-1.62404811820939E-14,1.14491749426552E-16,
-1.));
#5494=DIRECTION('ref_axis',(-0.258819045102523,-0.965925826289068,4.09275529388691E-15));
#5495=DIRECTION('',(-0.250000000000026,-0.433012701892226,-0.866025403784428));
#5496=DIRECTION('center_axis',(-1.62404811820939E-14,1.14491749426552E-16,
-1.));
#5497=DIRECTION('ref_axis',(-0.707106781186549,-0.707106781186546,1.14027964811817E-14));
#5498=DIRECTION('',(0.250000000000026,0.433012701892226,0.866025403784428));
#5499=DIRECTION('center_axis',(0.433012701892207,0.749999999999995,-0.500000000000018));
#5500=DIRECTION('ref_axis',(-0.755928946018476,5.82867087928207E-16,-0.654653670707952));
#5501=DIRECTION('center_axis',(-2.73263982301821E-14,1.22336056143609E-26,
-1.));
#5502=DIRECTION('ref_axis',(-1.,-2.7755575615308E-17,2.73263982301821E-14));
#5503=DIRECTION('',(-2.73263982301821E-14,1.22336056143609E-26,-1.));
#5504=DIRECTION('center_axis',(2.73263982301821E-14,-1.22335809624576E-26,
1.));
#5505=DIRECTION('ref_axis',(-0.462910049886286,0.886405260427913,1.2649664367957E-14));
#5506=DIRECTION('',(-2.72594447014985E-14,1.23217608205193E-26,-1.));
#5507=DIRECTION('center_axis',(-2.73263982301821E-14,1.22335809624576E-26,
-1.));
#5508=DIRECTION('ref_axis',(-1.,-2.7755575615308E-17,2.73263982301821E-14));
#5509=DIRECTION('',(-2.73263982301821E-14,1.22335809624576E-26,-1.));
#5510=DIRECTION('',(-2.72594447014985E-14,1.23217608205193E-26,-1.));
#5511=DIRECTION('center_axis',(-2.73263982301821E-14,1.22335809624576E-26,
-1.));
#5512=DIRECTION('ref_axis',(-0.462910049886286,-0.886405260427913,1.26496643679353E-14));
#5513=DIRECTION('',(-2.72594447014985E-14,1.23217608205193E-26,-1.));
#5514=DIRECTION('center_axis',(-1.,-2.7755575615308E-17,2.73263982301821E-14));
#5515=DIRECTION('ref_axis',(2.73263982301821E-14,-1.22336056143609E-26,
1.));
#5516=DIRECTION('',(2.73263982301821E-14,-1.22335809624576E-26,1.));
#5517=DIRECTION('center_axis',(-2.73263982301821E-14,1.22335809624576E-26,
-1.));
#5518=DIRECTION('ref_axis',(-0.462910049886266,0.886405260427923,1.26496643679564E-14));
#5519=DIRECTION('',(-2.73263982301821E-14,1.22335809624576E-26,-1.));
#5520=DIRECTION('center_axis',(-2.73263982301821E-14,1.22335809624576E-26,
-1.));
#5521=DIRECTION('ref_axis',(-1.,-2.7755575615308E-17,2.73263982301821E-14));
#5522=DIRECTION('',(-2.73263982301821E-14,1.22335809624576E-26,-1.));
#5523=DIRECTION('',(2.73263982301821E-14,-1.22335809624576E-26,1.));
#5524=DIRECTION('center_axis',(2.73263982301821E-14,-1.22335809624576E-26,
1.));
#5525=DIRECTION('ref_axis',(-0.462910049886266,-0.886405260427923,1.26496643679347E-14));
#5526=DIRECTION('',(-2.73263982301821E-14,1.22335809624576E-26,-1.));
#5527=DIRECTION('center_axis',(-1.,-2.7755575615308E-17,2.73263982301821E-14));
#5528=DIRECTION('ref_axis',(2.73263982301821E-14,-1.22336056143609E-26,
1.));
#5529=DIRECTION('',(2.73263982301821E-14,-1.22616348283995E-26,1.));
#5530=DIRECTION('center_axis',(-2.73263982301821E-14,1.22616348283995E-26,
-1.));
#5531=DIRECTION('ref_axis',(-0.707106781186642,0.707106781186453,1.93226814939771E-14));
#5532=DIRECTION('',(-2.72594447014985E-14,1.23217608205193E-26,-1.));
#5533=DIRECTION('center_axis',(-2.48216309283733E-13,1.,1.90444827586194E-26));
#5534=DIRECTION('ref_axis',(1.,2.48216309283733E-13,-2.76594651375641E-14));
#5535=DIRECTION('',(-2.72594447014985E-14,1.23217608205193E-26,-1.));
#5536=DIRECTION('center_axis',(2.7326398230182E-14,-1.22616348283995E-26,
1.));
#5537=DIRECTION('ref_axis',(0.382683432365191,-0.923879532511245,-1.04573598689155E-14));
#5538=DIRECTION('center_axis',(-2.73263982301821E-14,1.22353558994943E-26,
-1.));
#5539=DIRECTION('ref_axis',(0.382683432365105,0.923879532511281,-1.04573598688905E-14));
#5540=CARTESIAN_POINT('',(0.,0.,0.));
#5541=CARTESIAN_POINT('Origin',(50.6000000093935,66.5000000000145,-18.2000000007989));
#5542=CARTESIAN_POINT('',(50.8000000093935,71.0289321881426,-18.0000000007989));
#5543=CARTESIAN_POINT('',(50.8000000093935,91.9497474683143,-18.0000000007989));
#5544=CARTESIAN_POINT('',(50.8000000093935,66.5000000000145,-18.0000000007989));
#5545=CARTESIAN_POINT('',(50.4000000093935,91.9497474683143,-18.4000000007989));
#5546=CARTESIAN_POINT('',(50.8000000093935,91.9497474683143,-18.0000000007989));
#5547=CARTESIAN_POINT('',(50.4000000093935,71.4289321881426,-18.4000000007976));
#5548=CARTESIAN_POINT('',(50.4000000093935,66.5000000000145,-18.4000000007989));
#5549=CARTESIAN_POINT('',(50.4000000093935,71.4289321881426,-18.4000000007976));
#5550=CARTESIAN_POINT('Origin',(51.900000009393,91.9497474683143,-18.2000000007989));
#5551=CARTESIAN_POINT('',(51.1221825500881,92.7275649276192,-18.0000000007988));
#5552=CARTESIAN_POINT('',(50.8393398376135,93.0104076400937,-18.4000000007988));
#5553=CARTESIAN_POINT('',(50.9807611938508,92.8689862838565,-18.2000000007989));
#5554=CARTESIAN_POINT('Origin',(51.900000009393,91.9497474683143,-18.4000000007989));
#5555=CARTESIAN_POINT('Origin',(51.900000009393,91.9497474683143,-18.0000000007989));
#5556=CARTESIAN_POINT('Origin',(53.9502525410875,60.0000000000084,-18.200000000799));
#5557=CARTESIAN_POINT('',(53.9502525410875,58.9000000000085,-18.0000000007989));
#5558=CARTESIAN_POINT('',(53.9502525410875,58.5000000000086,-18.400000000799));
#5559=CARTESIAN_POINT('',(53.9502525410875,58.700000000009,-18.2000000007985));
#5560=CARTESIAN_POINT('',(53.1724350817824,59.2221825407033,-18.000000000799));
#5561=CARTESIAN_POINT('Origin',(53.9502525410875,60.0000000000084,-18.000000000799));
#5562=CARTESIAN_POINT('',(52.8895923693079,58.9393398282287,-18.4000000007989));
#5563=CARTESIAN_POINT('',(53.1724350817824,59.2221825407033,-18.000000000799));
#5564=CARTESIAN_POINT('Origin',(53.9502525410875,60.0000000000084,-18.400000000799));
#5565=CARTESIAN_POINT('Origin',(57.0131205067291,55.098654403282,-18.2000000007984));
#5566=CARTESIAN_POINT('',(41.5363961124618,70.8582215100238,-18.0000000007986));
#5567=CARTESIAN_POINT('',(41.2535533999873,70.5753787975493,-18.4000000007973));
#5568=CARTESIAN_POINT('',(41.5363961124618,70.8582215100238,-18.0000000007986));
#5569=CARTESIAN_POINT('',(56.8716991504918,54.9572330470448,-18.4000000007978));
#5570=CARTESIAN_POINT('',(57.1545418629663,55.2400757595192,-18.0000000007991));
#5571=CARTESIAN_POINT('Origin',(41.6071067905805,70.9289321881426,-18.2000000007986));
#5572=CARTESIAN_POINT('',(41.6071067905806,71.0289321881426,-18.0000000007986));
#5573=CARTESIAN_POINT('',(41.6071067905805,71.4289321881426,-18.4000000007987));
#5574=CARTESIAN_POINT('',(41.6071067905806,71.0289321881426,-18.0000000007986));
#5575=CARTESIAN_POINT('Origin',(41.6071067905805,70.9289321881426,-18.4000000007987));
#5576=CARTESIAN_POINT('Origin',(41.6071067905806,70.9289321881426,-18.0000000007986));
#5577=CARTESIAN_POINT('Origin',(60.4500000093941,71.2289321881426,-18.2000000007985));
#5578=CARTESIAN_POINT('',(60.4500000093941,71.4289321881426,-18.4000000007979));
#5579=CARTESIAN_POINT('',(60.4500000093941,71.0289321881426,-18.0000000007992));
#5580=CARTESIAN_POINT('Origin',(80.5000000093948,71.5000000000202,-18.0000000007997));
#5581=CARTESIAN_POINT('',(56.807611853968,58.9000000000085,-18.000000000799));
#5582=CARTESIAN_POINT('',(68.9751262752412,58.9000000000085,-18.0000000007993));
#5583=CARTESIAN_POINT('',(59.6360389787144,57.7284271247546,-18.0000000007991));
#5584=CARTESIAN_POINT('Origin',(56.8076118539681,54.9000000000086,-18.000000000799));
#5585=CARTESIAN_POINT('',(62.458019494054,54.9064466094147,-18.0000000007992));
#5586=CARTESIAN_POINT('',(63.6397961893474,53.7246699141212,-18.0000000007992));
#5587=CARTESIAN_POINT('',(62.8115728846473,54.7600000000079,-18.0000000007992));
#5588=CARTESIAN_POINT('Ctrl Pts',(62.8115728846473,54.7600000000079,-18.0000000007992));
#5589=CARTESIAN_POINT('Ctrl Pts',(62.7477923125865,54.7600000000079,-18.0000000007992));
#5590=CARTESIAN_POINT('Ctrl Pts',(62.6150206047365,54.7854808201321,-18.0000000007992));
#5591=CARTESIAN_POINT('Ctrl Pts',(62.5031191690662,54.8613469344025,-18.0000000007992));
#5592=CARTESIAN_POINT('Ctrl Pts',(62.458019494054,54.9064466094147,-18.0000000007992));
#5593=CARTESIAN_POINT('',(70.9139610390603,54.760000000008,-18.0000000007994));
#5594=CARTESIAN_POINT('',(77.0783008677873,54.7600000000081,-18.0000000007996));
#5595=CARTESIAN_POINT('',(71.2675144296536,54.9064466094147,-18.0000000007994));
#5596=CARTESIAN_POINT('Origin',(70.9139610390603,55.260000000008,-18.0000000007996));
#5597=CARTESIAN_POINT('',(76.903553398975,60.5424855787357,-18.0000000007996));
#5598=CARTESIAN_POINT('',(82.2059586999744,65.8448908797345,-18.0000000007997));
#5599=CARTESIAN_POINT('',(77.0500000083818,60.896038969329,-18.0000000007996));
#5600=CARTESIAN_POINT('Origin',(76.5500000083818,60.896038969329,-18.0000000007994));
#5601=CARTESIAN_POINT('',(77.0500000083818,97.2573593128887,-18.0000000007996));
#5602=CARTESIAN_POINT('',(77.0500000083818,77.2500000000141,-18.0000000007996));
#5603=CARTESIAN_POINT('',(76.903553398975,97.610912703482,-18.0000000007996));
#5604=CARTESIAN_POINT('Origin',(76.5500000083818,97.2573593128887,-18.0000000007996));
#5605=CARTESIAN_POINT('',(72.6609127118559,101.853553390601,-18.0000000007994));
#5606=CARTESIAN_POINT('',(87.5134830557906,87.0009830466659,-18.0000000007999));
#5607=CARTESIAN_POINT('',(72.3073593212626,102.000000000008,-18.0000000007994));
#5608=CARTESIAN_POINT('Origin',(72.3073593212626,101.500000000008,-18.0000000007994));
#5609=CARTESIAN_POINT('',(63.571572884648,102.000000000008,-18.0000000007992));
#5610=CARTESIAN_POINT('',(71.7251262752416,102.000000000008,-18.0000000007994));
#5611=CARTESIAN_POINT('',(63.2180194940547,101.853553390601,-18.0000000007992));
#5612=CARTESIAN_POINT('Ctrl Pts',(63.2180194940547,101.853553390601,-18.0000000007992));
#5613=CARTESIAN_POINT('Ctrl Pts',(63.2631191690669,101.898653065614,-18.0000000007992));
#5614=CARTESIAN_POINT('Ctrl Pts',(63.3750220799297,101.974515618454,-18.0000000007992));
#5615=CARTESIAN_POINT('Ctrl Pts',(63.5077923125871,102.000000000008,-18.0000000007992));
#5616=CARTESIAN_POINT('Ctrl Pts',(63.571572884648,102.000000000008,-18.0000000007992));
#5617=CARTESIAN_POINT('',(57.6360389724091,96.2715728721728,-18.0000000008605));
#5618=CARTESIAN_POINT('',(57.0197961893546,95.6553300859015,-18.000000000799));
#5619=CARTESIAN_POINT('',(54.8076118445776,95.1000000000082,-18.000000000799));
#5620=CARTESIAN_POINT('Origin',(54.8076118445766,99.1000000000054,-18.0000000007989));
#5621=CARTESIAN_POINT('',(53.4946176224769,95.1000000000079,-18.000000000799));
#5622=CARTESIAN_POINT('',(67.210660176475,95.1000000000113,-18.0000000007993));
#5623=CARTESIAN_POINT('',(52.9400757689052,94.5454581464362,-18.0000000007989));
#5624=CARTESIAN_POINT('',(70.8000000093966,87.6000000000076,-18.0000000007994));
#5625=CARTESIAN_POINT('',(70.800000009397,98.4000000000077,-18.0000000007994));
#5626=CARTESIAN_POINT('Origin',(70.8000000093968,93.0000000000076,-18.0000000007994));
#5627=CARTESIAN_POINT('',(69.8000000093969,87.6000000000078,-18.0000000007994));
#5628=CARTESIAN_POINT('',(75.6500000093958,87.6000000000078,-18.0000000007995));
#5629=CARTESIAN_POINT('',(69.8000000093969,98.4000000000079,-18.0000000007994));
#5630=CARTESIAN_POINT('Origin',(69.8000000093969,93.0000000000076,-18.0000000007994));
#5631=CARTESIAN_POINT('',(75.1500000093985,98.4000000000068,-18.0000000007995));
#5632=CARTESIAN_POINT('',(52.6500000093936,63.5000000000081,-18.0000000007989));
#5633=CARTESIAN_POINT('Origin',(55.4000000093936,63.5000000000081,-18.000000000799));
#5634=CARTESIAN_POINT('',(68.1500000083818,61.2600000000081,-18.0000000007993));
#5635=CARTESIAN_POINT('Origin',(70.5500000083818,61.2600000000081,-18.0000000007994));
#5636=CARTESIAN_POINT('',(58.1500000093936,90.5000000000081,-18.0000000007991));
#5637=CARTESIAN_POINT('Origin',(55.4000000093936,90.5000000000081,-18.000000000799));
#5638=CARTESIAN_POINT('',(63.1000000084844,74.5000000022834,-18.0000000007992));
#5639=CARTESIAN_POINT('Origin',(66.3000000084844,74.5000000022834,-18.0000000007993));
#5640=CARTESIAN_POINT('Origin',(68.9751262752412,58.7000000000085,-18.2000000007994));
#5641=CARTESIAN_POINT('',(56.2076118539681,58.5000000000086,-18.4000000007991));
#5642=CARTESIAN_POINT('',(68.9751262752412,58.5000000000086,-18.4000000007994));
#5643=CARTESIAN_POINT('',(56.807611853968,58.4393876913484,-18.4606123094592));
#5644=CARTESIAN_POINT('Origin',(56.207611853968,55.5000000000086,-21.4000000008009));
#5645=CARTESIAN_POINT('',(56.807611853968,58.4000000000076,-18.5000000008002));
#5646=CARTESIAN_POINT('Origin',(53.9502525410869,60.0000000000084,-38.500000000799));
#5647=CARTESIAN_POINT('',(52.8895927825677,58.9393402414888,-27.800000000798));
#5648=CARTESIAN_POINT('',(52.8895923693073,58.9393398282287,-38.500000000799));
#5649=CARTESIAN_POINT('',(53.9502525410873,58.5000000000059,-27.800000000798));
#5650=CARTESIAN_POINT('Origin',(53.9502525410873,60.0000000000084,-27.800000000798));
#5651=CARTESIAN_POINT('',(53.9502525410869,58.5000000000086,-38.500000000799));
#5652=CARTESIAN_POINT('Origin',(52.7986544126679,94.6868795026735,-18.2000000007989));
#5653=CARTESIAN_POINT('',(53.3762273925377,95.3858192987726,-18.2858192995656));
#5654=CARTESIAN_POINT('',(53.991143539069,93.9012803981307,-16.8012803989133));
#5655=CARTESIAN_POINT('',(52.8895923693051,95.0606601717853,-18.4000000007989));
#5656=CARTESIAN_POINT('Origin',(53.9502525410846,94.0000000000057,-16.9000000007994));
#5657=CARTESIAN_POINT('',(52.6572330564306,94.8283008589108,-18.4000000007989));
#5658=CARTESIAN_POINT('Origin',(53.9502525410846,94.0000000000057,-18.0000000007996));
#5659=CARTESIAN_POINT('',(53.9502525410843,95.5000000000053,-18.4000000007989));
#5660=CARTESIAN_POINT('Origin',(53.9502525410846,94.0000000000057,-16.900000000789));
#5661=CARTESIAN_POINT('',(53.950252541084,95.5000000000053,-27.800000000798));
#5662=CARTESIAN_POINT('',(53.9502525410843,95.5000000000053,-18.0000000007996));
#5663=CARTESIAN_POINT('',(52.889592369586,95.0606601715041,-27.8000000007979));
#5664=CARTESIAN_POINT('Origin',(53.9502525410844,94.0000000000057,-27.800000000798));
#5665=CARTESIAN_POINT('',(52.8895923693051,95.0606601717853,-18.0000000007996));
#5666=CARTESIAN_POINT('Origin',(41.6071067905806,70.9289321881426,-18.0000000007981));
#5667=CARTESIAN_POINT('',(41.6071067905804,71.4289321881426,-23.0000000007975));
#5668=CARTESIAN_POINT('',(41.6071067905806,71.4289321881426,-18.0000000007981));
#5669=CARTESIAN_POINT('',(41.2535533999869,70.5753787975491,-23.0000000007975));
#5670=CARTESIAN_POINT('Origin',(41.6071067905804,70.9289321881426,-23.0000000007974));
#5671=CARTESIAN_POINT('',(41.2535533999873,70.5753787975493,-18.0000000007981));
#5672=CARTESIAN_POINT('Origin',(45.6196699235036,66.2092622740327,-23.0000000007975));
#5673=CARTESIAN_POINT('',(50.4000000093935,71.4289321881426,-23.0000000007975));
#5674=CARTESIAN_POINT('',(40.4000000093935,71.4289321881426,-23.0000000007975));
#5675=CARTESIAN_POINT('',(50.4000000093935,62.0502525317027,-23.0000000007975));
#5676=CARTESIAN_POINT('',(50.4000000093934,63.8546311370207,-23.0000000007975));
#5677=CARTESIAN_POINT('',(50.8393398376137,60.9895923599228,-23.0000000007975));
#5678=CARTESIAN_POINT('Origin',(51.9000000093934,62.0502525317027,-23.0000000007977));
#5679=CARTESIAN_POINT('',(50.8393398376137,60.9895923599228,-23.0000000007975));
#5680=CARTESIAN_POINT('Origin',(40.4000000093935,71.4289321881426,-18.0000000007975));
#5681=CARTESIAN_POINT('',(50.400000009393,71.4289321881426,-38.5000000007984));
#5682=CARTESIAN_POINT('Origin',(53.3289321975281,58.5000000000085,-18.000000000799));
#5683=CARTESIAN_POINT('',(50.8393402508736,60.9895927731829,-27.8000000007979));
#5684=CARTESIAN_POINT('',(50.8393398376132,60.9895923599228,-38.500000000799));
#5685=CARTESIAN_POINT('',(50.7538071667661,61.0751275103309,-27.800000000798));
#5686=CARTESIAN_POINT('Origin',(51.900000009393,62.0502525317027,-38.500000000799));
#5687=CARTESIAN_POINT('',(50.4000000093933,62.0502525317027,-27.8000000007979));
#5688=CARTESIAN_POINT('',(50.4000000093929,62.0502525317027,-38.500000000799));
#5689=CARTESIAN_POINT('Origin',(51.9000000093934,62.0502525317027,-27.8000000007979));
#5690=CARTESIAN_POINT('Origin',(50.4000000093924,61.5000000000088,-59.000000000799));
#5691=CARTESIAN_POINT('',(50.4000000093933,91.9497474683143,-27.8000000007979));
#5692=CARTESIAN_POINT('',(50.4000000093929,91.9497474683143,-38.500000000799));
#5693=CARTESIAN_POINT('',(50.4000000093933,91.6000000000057,-27.8000000007979));
#5694=CARTESIAN_POINT('',(50.4000000093933,69.2500000000084,-27.8000000007979));
#5695=CARTESIAN_POINT('',(50.4000000062625,91.6000000000057,-28.0000000007985));
#5696=CARTESIAN_POINT('',(50.4000000093924,91.6000000000057,-59.000000000799));
#5697=CARTESIAN_POINT('',(50.4000000062626,62.4000000000057,-28.000000000799));
#5698=CARTESIAN_POINT('',(50.4000000000011,62.0000000000056,-28.000000000799));
#5699=CARTESIAN_POINT('',(50.4000000093933,62.4000000000057,-27.8000000007979));
#5700=CARTESIAN_POINT('',(50.4000000093929,62.4000000000057,-41.400000000799));
#5701=CARTESIAN_POINT('',(50.4000000093933,69.2500000000083,-27.8000000007979));
#5702=CARTESIAN_POINT('Origin',(51.9000000093924,91.9497474683143,-38.500000000799));
#5703=CARTESIAN_POINT('',(50.8393398378945,93.0104076398126,-27.8000000007979));
#5704=CARTESIAN_POINT('',(50.839339837613,93.0104076400937,-38.500000000799));
#5705=CARTESIAN_POINT('Origin',(51.9000000093927,91.9497474683143,-27.8000000007979));
#5706=CARTESIAN_POINT('Origin',(77.6500000083816,65.6000000022834,-25.9999923714044));
#5707=CARTESIAN_POINT('',(77.6500000083819,66.0000000022834,-25.9999923714044));
#5708=CARTESIAN_POINT('',(77.6500000083828,67.0000000022834,-24.9999923714044));
#5709=CARTESIAN_POINT('Origin',(77.6500000083828,67.0000000022834,-25.9999923714044));
#5710=CARTESIAN_POINT('',(78.0500000083816,66.9416407887832,-24.9999923714044));
#5711=CARTESIAN_POINT('Origin',(77.6500000083816,65.6000000022834,-24.9999923714044));
#5712=CARTESIAN_POINT('',(78.0500000083819,65.6000000022834,-25.9999923714044));
#5713=CARTESIAN_POINT('Ctrl Pts',(78.0500000083815,66.9416407887833,-24.9999923714044));
#5714=CARTESIAN_POINT('Ctrl Pts',(78.0500000083815,66.8302235182927,-24.9999923714044));
#5715=CARTESIAN_POINT('Ctrl Pts',(78.0500000083815,66.6982922845385,-25.021672623147));
#5716=CARTESIAN_POINT('Ctrl Pts',(78.0500000083815,66.4786010295823,-25.092928550267));
#5717=CARTESIAN_POINT('Ctrl Pts',(78.0500000083815,66.3509324234093,-25.1583376418075));
#5718=CARTESIAN_POINT('Ctrl Pts',(78.0500000083815,65.9898382702157,-25.4109367544587));
#5719=CARTESIAN_POINT('Ctrl Pts',(78.0500000083815,65.7716539359566,-25.7285836715369));
#5720=CARTESIAN_POINT('Ctrl Pts',(78.0500000083815,65.6000000022834,-25.9999923714044));
#5721=CARTESIAN_POINT('Origin',(77.6500000083816,65.6000000022834,-25.9999923714044));
#5722=CARTESIAN_POINT('Origin',(75.1125000084076,67.0000000022834,-25.9999923714043));
#5723=CARTESIAN_POINT('',(66.3000000084845,66.0000000022834,-25.9999923714042));
#5724=CARTESIAN_POINT('',(70.3000000084841,67.0000000022834,-24.9999923714042));
#5725=CARTESIAN_POINT('Ctrl Pts',(66.3000000084844,66.0000000022834,-25.9999923714041));
#5726=CARTESIAN_POINT('Ctrl Pts',(66.6478801716773,66.0000000022834,-25.8806704598306));
#5727=CARTESIAN_POINT('Ctrl Pts',(67.0294240129452,66.0226822609837,-25.7495584803477));
#5728=CARTESIAN_POINT('Ctrl Pts',(67.7896119831224,66.1227670428536,-25.5016661550657));
#5729=CARTESIAN_POINT('Ctrl Pts',(68.16844766131,66.2002661558306,-25.3855126554839));
#5730=CARTESIAN_POINT('Ctrl Pts',(69.0853953113381,66.4474156582442,-25.1383631530703));
#5731=CARTESIAN_POINT('Ctrl Pts',(69.7586501999695,66.7112801044089,-24.9999923714042));
#5732=CARTESIAN_POINT('Ctrl Pts',(70.3000000084841,67.0000000022834,-24.9999923714042));
#5733=CARTESIAN_POINT('',(75.1125000084077,67.0000000022834,-24.9999923714043));
#5734=CARTESIAN_POINT('',(75.1125000084076,66.0000000022834,-25.9999923714043));
#5735=CARTESIAN_POINT('Origin',(78.0500000083817,66.0000000022834,-23.9999847420089));
#5736=CARTESIAN_POINT('',(77.6500000083814,66.0000000022834,-37.9999923706386));
#5737=CARTESIAN_POINT('',(77.6500000083817,66.0000000022834,-33.3999847420097));
#5738=CARTESIAN_POINT('',(66.300000008484,66.0000000022834,-37.9999923706383));
#5739=CARTESIAN_POINT('',(76.7750000086599,66.0000000022834,-37.9999923714033));
#5740=CARTESIAN_POINT('',(66.300000008484,66.0000000011458,-30.5000000007993));
#5741=CARTESIAN_POINT('',(66.3000000084843,66.0000000022834,-33.3999847420094));
#5742=CARTESIAN_POINT('',(66.3000000084843,66.0000000022834,-33.3999847420094));
#5743=CARTESIAN_POINT('Origin',(77.6500000083811,65.6000000022834,-41.4999923714043));
#5744=CARTESIAN_POINT('',(78.0500000083813,65.6000000022834,-37.9999923706386));
#5745=CARTESIAN_POINT('',(78.0500000083817,65.6000000022834,-33.3999847420097));
#5746=CARTESIAN_POINT('Origin',(77.6500000083813,65.6000000022834,-37.9999923714034));
#5747=CARTESIAN_POINT('Origin',(77.6500000083816,71.1600000022834,-25.9999923714044));
#5748=CARTESIAN_POINT('',(77.6500000083816,69.7600000022834,-24.9999923714044));
#5749=CARTESIAN_POINT('',(77.6500000083816,70.7600000022834,-25.9999923714044));
#5750=CARTESIAN_POINT('Origin',(77.6500000083816,69.7600000022834,-25.9999923714044));
#5751=CARTESIAN_POINT('',(78.0500000083815,71.1600000022834,-25.9999923714044));
#5752=CARTESIAN_POINT('Origin',(77.6500000083816,71.1600000022834,-25.9999923714044));
#5753=CARTESIAN_POINT('',(78.0500000083816,69.8183592157835,-24.9999923714044));
#5754=CARTESIAN_POINT('Ctrl Pts',(78.0500000083815,71.1600000022834,-25.9999923714044));
#5755=CARTESIAN_POINT('Ctrl Pts',(78.0500000083815,70.9883460686101,-25.7285836715369));
#5756=CARTESIAN_POINT('Ctrl Pts',(78.0500000083815,70.7701617343511,-25.4109367544587));
#5757=CARTESIAN_POINT('Ctrl Pts',(78.0500000083815,70.4090675811575,-25.1583376418075));
#5758=CARTESIAN_POINT('Ctrl Pts',(78.0500000083815,70.2813989749845,-25.092928550267));
#5759=CARTESIAN_POINT('Ctrl Pts',(78.0500000083815,70.0617077200283,-25.021672623147));
#5760=CARTESIAN_POINT('Ctrl Pts',(78.0500000083815,69.9297764862741,-24.9999923714044));
#5761=CARTESIAN_POINT('Ctrl Pts',(78.0500000083815,69.8183592157835,-24.9999923714044));
#5762=CARTESIAN_POINT('Origin',(77.6500000083816,71.1600000022834,-24.9999923714044));
#5763=CARTESIAN_POINT('Origin',(75.1125000084079,69.7600000022834,-25.9999923714043));
#5764=CARTESIAN_POINT('',(74.5495090847868,69.7600000022834,-24.9999923714043));
#5765=CARTESIAN_POINT('',(74.5495090847868,70.7600000022834,-25.9999923714043));
#5766=CARTESIAN_POINT('Origin',(74.5495090847868,69.7600000022834,-25.9999923714043));
#5767=CARTESIAN_POINT('',(75.1125000084079,70.7600000022834,-25.9999923714043));
#5768=CARTESIAN_POINT('',(75.1125000084079,69.7600000022834,-24.9999923714043));
#5769=CARTESIAN_POINT('Origin',(74.5495090847868,71.1600000022834,-25.9999923714043));
#5770=CARTESIAN_POINT('',(73.594430026368,70.1363672594651,-24.9999923714042));
#5771=CARTESIAN_POINT('',(74.1787446319193,71.3101123618339,-25.9999923714043));
#5772=CARTESIAN_POINT('Ctrl Pts',(73.594430026368,70.1363672594651,-24.9999923714043));
#5773=CARTESIAN_POINT('Ctrl Pts',(73.659905876173,70.2458194137626,-24.9999923714043));
#5774=CARTESIAN_POINT('Ctrl Pts',(73.7220381114739,70.3553855784538,-25.0232517435736));
#5775=CARTESIAN_POINT('Ctrl Pts',(73.8440444469449,70.5813251858008,-25.1166980800975));
#5776=CARTESIAN_POINT('Ctrl Pts',(73.9003982657204,70.6925467214504,-25.1908988802586));
#5777=CARTESIAN_POINT('Ctrl Pts',(74.0372952332722,70.9751326624726,-25.4477903210477));
#5778=CARTESIAN_POINT('Ctrl Pts',(74.0954958681107,71.109417386581,-25.6554972151849));
#5779=CARTESIAN_POINT('Ctrl Pts',(74.1555460795734,71.2532623829249,-25.900687556564));
#5780=CARTESIAN_POINT('Ctrl Pts',(74.1668547509726,71.2807675811063,-25.9487667857586));
#5781=CARTESIAN_POINT('Ctrl Pts',(74.1781639527604,71.3086784162526,-25.9974893640911));
#5782=CARTESIAN_POINT('Ctrl Pts',(74.1784543419564,71.3093953709108,-25.9987408706825));
#5783=CARTESIAN_POINT('Ctrl Pts',(74.1787446319193,71.310112361834,-25.9999923714043));
#5784=CARTESIAN_POINT('Origin',(74.5495090847868,71.1600000022834,-25.9999923714043));
#5785=CARTESIAN_POINT('Origin',(74.5495090847868,71.1600000022834,-24.9999923714043));
#5786=CARTESIAN_POINT('Origin',(72.1750000084337,74.3000000017146,-24.9999923714043));
#5787=CARTESIAN_POINT('Origin',(66.3000000084842,74.5000000022834,-24.9999923714041));
#5788=CARTESIAN_POINT('',(78.0500000083816,78.6500000008613,-24.9999923714044));
#5789=CARTESIAN_POINT('Origin',(78.0500000083806,83.0000000000081,-59.0000000007997));
#5790=CARTESIAN_POINT('',(78.0500000083819,71.1600000022834,-28.9999923714043));
#5791=CARTESIAN_POINT('',(78.0500000083811,71.1600000022834,-43.999996186102));
#5792=CARTESIAN_POINT('',(78.0500000083819,82.6000000011458,-28.9999923714043));
#5793=CARTESIAN_POINT('',(78.0500000083819,79.3578550864668,-28.9999923714043));
#5794=CARTESIAN_POINT('',(78.0500000083818,82.6000000011457,-27.9999933250799));
#5795=CARTESIAN_POINT('',(78.0500000083811,82.6000000011457,-41.499996186102));
#5796=CARTESIAN_POINT('',(78.0500000083818,99.3786796564484,-27.9999933250799));
#5797=CARTESIAN_POINT('',(78.0500000083818,99.3786796564484,-27.9999933250799));
#5798=CARTESIAN_POINT('',(78.0500000083817,99.3786796564484,-20.0606601725795));
#5799=CARTESIAN_POINT('',(78.0500000083806,99.3786796564484,-59.0000000007997));
#5800=CARTESIAN_POINT('',(78.0500000083817,98.7573593128887,-19.6213203443592));
#5801=CARTESIAN_POINT('',(78.0500000083817,100.843001431423,-21.096092029503));
#5802=CARTESIAN_POINT('',(78.0500000083817,97.2573593128887,-19.0000000007996));
#5803=CARTESIAN_POINT('Ctrl Pts',(78.0500000083817,97.2573593128887,-19.0000000007996));
#5804=CARTESIAN_POINT('Ctrl Pts',(78.0500000083817,97.8786796564462,-19.0000000007975));
#5805=CARTESIAN_POINT('Ctrl Pts',(78.0500000083817,98.7573593128887,-19.6213203443592));
#5806=CARTESIAN_POINT('',(78.0500000083817,60.896038969329,-19.0000000007996));
#5807=CARTESIAN_POINT('',(78.0500000083817,77.2500000000141,-19.0000000007996));
#5808=CARTESIAN_POINT('',(78.0500000083817,59.3960389693288,-19.6213203443593));
#5809=CARTESIAN_POINT('Ctrl Pts',(78.0500000083817,59.3960389693288,-19.6213203443593));
#5810=CARTESIAN_POINT('Ctrl Pts',(78.0500000083817,60.2747186257816,-19.0000000007873));
#5811=CARTESIAN_POINT('Ctrl Pts',(78.0500000083817,60.896038969329,-19.0000000007996));
#5812=CARTESIAN_POINT('',(78.0500000083817,58.7747186257694,-20.0606601725794));
#5813=CARTESIAN_POINT('',(78.0500000083817,58.9131475665454,-19.9627761298441));
#5814=CARTESIAN_POINT('',(78.0500000083813,58.7747186257694,-37.9999923706386));
#5815=CARTESIAN_POINT('',(78.0500000083817,58.7747186257694,-33.3999847420097));
#5816=CARTESIAN_POINT('',(78.0500000083812,80.6900000000081,-37.9999923714034));
#5817=CARTESIAN_POINT('Origin',(77.6500000083811,71.1600000022834,-43.999996186102));
#5818=CARTESIAN_POINT('',(77.6500000083815,70.7600000022834,-28.9999923714042));
#5819=CARTESIAN_POINT('',(77.6500000083811,70.7600000022834,-43.999996186102));
#5820=CARTESIAN_POINT('Origin',(77.6500000083815,71.1600000022834,-28.9999923714043));
#5821=CARTESIAN_POINT('Origin',(78.0500000083821,70.7600000022834,-28.9999923714043));
#5822=CARTESIAN_POINT('',(74.5495090847867,70.7600000022834,-28.9999923714042));
#5823=CARTESIAN_POINT('',(74.5495090847869,70.7600000022834,-23.9999847420088));
#5824=CARTESIAN_POINT('',(75.8625000084077,70.7600000022834,-28.9999923714042));
#5825=CARTESIAN_POINT('Origin',(74.5495090847869,71.1600000022834,-23.9999847420088));
#5826=CARTESIAN_POINT('',(74.1787446319195,71.3101123618338,-28.9999923714042));
#5827=CARTESIAN_POINT('',(74.1787446319193,71.3101123618339,-23.9999847420088));
#5828=CARTESIAN_POINT('Origin',(74.5495090847867,71.1600000022834,-28.9999923714042));
#5829=CARTESIAN_POINT('Origin',(73.6750000084332,80.0250000011457,-28.9999923714041));
#5830=CARTESIAN_POINT('',(74.8000000084844,74.5000000022834,-28.9999923714042));
#5831=CARTESIAN_POINT('Origin',(66.3000000084844,74.5000000022834,-28.999992371404));
#5832=CARTESIAN_POINT('',(70.502247200211,81.8885802813104,-28.9999923714041));
#5833=CARTESIAN_POINT('Origin',(66.3000000084844,74.5000000022834,-28.999992371404));
#5834=CARTESIAN_POINT('',(70.3000000092334,82.2362781768327,-28.9999923714041));
#5835=CARTESIAN_POINT('Origin',(70.7000000092334,82.236278176794,-28.9999923714041));
#5836=CARTESIAN_POINT('',(70.3000000092686,82.6000000011845,-28.9999923714041));
#5837=CARTESIAN_POINT('',(70.3000000091149,81.0125000016843,-28.9999923714041));
#5838=CARTESIAN_POINT('',(70.7000000092686,83.0000000011458,-28.9999923714041));
#5839=CARTESIAN_POINT('Origin',(70.7000000092686,82.6000000011458,-28.9999923714041));
#5840=CARTESIAN_POINT('',(77.6500000083819,83.0000000011458,-28.9999923714043));
#5841=CARTESIAN_POINT('',(81.0500000083818,83.0000000011458,-28.9999923714044));
#5842=CARTESIAN_POINT('Origin',(77.6500000083819,82.6000000011458,-28.9999923714043));
#5843=CARTESIAN_POINT('Origin',(69.8000000093934,93.0000000000081,-21.2000000007992));
#5844=CARTESIAN_POINT('',(67.1000000093965,94.5231546211865,-21.0000000007988));
#5845=CARTESIAN_POINT('',(67.1000000093949,93.0000000000081,-21.400000000802));
#5846=CARTESIAN_POINT('Ctrl Pts',(67.1000000093965,94.5231546211864,-21.0000000007988));
#5847=CARTESIAN_POINT('Ctrl Pts',(67.1000000093965,93.7090547374527,-21.400000000802));
#5848=CARTESIAN_POINT('Ctrl Pts',(67.1000000093965,93.0000000000081,-21.400000000802));
#5849=CARTESIAN_POINT('',(69.8000000093933,95.700000000008,-21.4000000007993));
#5850=CARTESIAN_POINT('Origin',(69.8000000093934,93.0000000000081,-21.4000000007993));
#5851=CARTESIAN_POINT('',(68.2768453882204,95.700000000008,-21.000000000799));
#5852=CARTESIAN_POINT('Ctrl Pts',(68.2768453882205,95.7000000000081,-21.000000000799));
#5853=CARTESIAN_POINT('Ctrl Pts',(69.0909452719658,95.7000000000081,-21.4000000008065));
#5854=CARTESIAN_POINT('Ctrl Pts',(69.8000000094214,95.7000000000082,-21.4000000007992));
#5855=CARTESIAN_POINT('Origin',(69.8000000093935,93.0000000000081,-21.0000000007991));
#5856=CARTESIAN_POINT('Origin',(69.8000000093924,93.0000000000081,-59.0000000007995));
#5857=CARTESIAN_POINT('',(69.8000000093934,90.3000000000081,-21.4000000007993));
#5858=CARTESIAN_POINT('Origin',(69.8000000093934,93.0000000000081,-21.4000000007993));
#5859=CARTESIAN_POINT('',(69.8000000093936,90.3000000000081,-27.9999933250797));
#5860=CARTESIAN_POINT('',(69.8000000093924,90.3000000000081,-59.0000000007995));
#5861=CARTESIAN_POINT('',(69.8000000093934,95.700000000008,-27.9999933250797));
#5862=CARTESIAN_POINT('Origin',(69.8000000093935,93.000000000008,-27.9999933250797));
#5863=CARTESIAN_POINT('',(69.8000000093923,95.700000000008,-59.0000000007995));
#5864=CARTESIAN_POINT('Origin',(69.8000000093934,93.0000000000081,-21.2000000007992));
#5865=CARTESIAN_POINT('',(67.1000000093965,91.4768453788297,-21.0000000007988));
#5866=CARTESIAN_POINT('Ctrl Pts',(67.1000000093965,93.000000000008,-21.400000000802));
#5867=CARTESIAN_POINT('Ctrl Pts',(67.1000000093965,92.2909452625634,-21.4000000008019));
#5868=CARTESIAN_POINT('Ctrl Pts',(67.1000000093965,91.4768453788297,-21.0000000007988));
#5869=CARTESIAN_POINT('',(68.2768453882205,90.300000000008,-21.000000000799));
#5870=CARTESIAN_POINT('Origin',(69.8000000093935,93.0000000000081,-21.0000000007991));
#5871=CARTESIAN_POINT('Ctrl Pts',(69.8000000093651,90.300000000008,-21.4000000007992));
#5872=CARTESIAN_POINT('Ctrl Pts',(69.0909452719358,90.300000000008,-21.4000000007917));
#5873=CARTESIAN_POINT('Ctrl Pts',(68.2768453882206,90.300000000008,-21.000000000799));
#5874=CARTESIAN_POINT('Origin',(70.3000000093965,93.0000000000076,-21.0000000007992));
#5875=CARTESIAN_POINT('',(67.1000000093965,90.3000000000076,-21.0000000007994));
#5876=CARTESIAN_POINT('',(67.1000000093965,94.3500000000076,-21.0000000007994));
#5877=CARTESIAN_POINT('',(68.7000000093946,90.3000000000076,-21.0000000007995));
#5878=CARTESIAN_POINT('Origin',(70.8000000093934,93.0000000000081,-21.2000000007992));
#5879=CARTESIAN_POINT('',(73.5000000093949,93.0000000000081,-21.4000000007965));
#5880=CARTESIAN_POINT('',(73.5000000093965,94.5231546211753,-21.0000000007996));
#5881=CARTESIAN_POINT('Ctrl Pts',(73.5000000093965,93.0000000000081,-21.4000000007964));
#5882=CARTESIAN_POINT('Ctrl Pts',(73.5000000093965,93.7090547374484,-21.4000000007965));
#5883=CARTESIAN_POINT('Ctrl Pts',(73.5000000093965,94.5231546211753,-21.0000000007996));
#5884=CARTESIAN_POINT('',(72.3231546305661,95.7000000000081,-21.0000000007994));
#5885=CARTESIAN_POINT('Origin',(70.8000000093935,93.0000000000081,-21.0000000007993));
#5886=CARTESIAN_POINT('',(70.8000000093933,95.7000000000081,-21.4000000007991));
#5887=CARTESIAN_POINT('Ctrl Pts',(70.8000000094216,95.7000000000082,-21.4000000007991));
#5888=CARTESIAN_POINT('Ctrl Pts',(71.5090547468508,95.7000000000081,-21.4000000007918));
#5889=CARTESIAN_POINT('Ctrl Pts',(72.3231546305659,95.7000000000081,-21.0000000007994));
#5890=CARTESIAN_POINT('Origin',(70.8000000093934,93.0000000000081,-21.4000000007991));
#5891=CARTESIAN_POINT('Origin',(70.3000000093965,93.0000000000076,-21.0000000007992));
#5892=CARTESIAN_POINT('',(73.5000000093965,95.7000000000076,-21.0000000007996));
#5893=CARTESIAN_POINT('',(73.5000000093965,91.6500000000076,-21.0000000007996));
#5894=CARTESIAN_POINT('',(71.9000000093946,95.7000000000076,-21.0000000007995));
#5895=CARTESIAN_POINT('Origin',(70.8000000093934,93.0000000000081,-21.2000000007992));
#5896=CARTESIAN_POINT('',(73.5000000093965,91.4768453788408,-21.0000000007996));
#5897=CARTESIAN_POINT('Ctrl Pts',(73.5000000093965,91.4768453788407,-21.0000000007996));
#5898=CARTESIAN_POINT('Ctrl Pts',(73.5000000093964,92.2909452625677,-21.4000000007965));
#5899=CARTESIAN_POINT('Ctrl Pts',(73.5000000093964,93.0000000000081,-21.4000000007965));
#5900=CARTESIAN_POINT('',(70.8000000093937,90.300000000008,-21.4000000007991));
#5901=CARTESIAN_POINT('Origin',(70.8000000093934,93.0000000000081,-21.4000000007991));
#5902=CARTESIAN_POINT('',(72.3231546305662,90.3000000000081,-21.0000000007995));
#5903=CARTESIAN_POINT('Ctrl Pts',(72.3231546305662,90.300000000008,-21.0000000007994));
#5904=CARTESIAN_POINT('Ctrl Pts',(71.509054746821,90.300000000008,-21.4000000008065));
#5905=CARTESIAN_POINT('Ctrl Pts',(70.8000000093656,90.300000000008,-21.4000000007991));
#5906=CARTESIAN_POINT('Origin',(70.8000000093935,93.0000000000081,-21.0000000007993));
#5907=CARTESIAN_POINT('Origin',(70.3000000093965,93.0000000000076,-21.0000000007992));
#5908=CARTESIAN_POINT('',(73.5000000093965,90.3000000000076,-21.0000000007996));
#5909=CARTESIAN_POINT('',(68.7000000093946,90.3000000000076,-21.0000000007995));
#5910=CARTESIAN_POINT('',(73.5000000093965,91.6500000000076,-21.0000000007996));
#5911=CARTESIAN_POINT('Origin',(70.8000000093968,93.0000000000076,-18.200000000799));
#5912=CARTESIAN_POINT('',(70.8000000093967,88.0000000000076,-18.4000000007985));
#5913=CARTESIAN_POINT('',(70.8000000093967,88.0000000000076,-18.4000000007985));
#5914=CARTESIAN_POINT('',(70.800000009397,98.0000000000077,-18.4000000007985));
#5915=CARTESIAN_POINT('',(70.800000009397,98.4000000000077,-18.0000000007994));
#5916=CARTESIAN_POINT('Origin',(70.8000000093968,93.0000000000076,-18.4000000007985));
#5917=CARTESIAN_POINT('Origin',(75.1500000093985,98.2000000000068,-18.2000000007995));
#5918=CARTESIAN_POINT('',(69.8000000093968,98.0000000000075,-18.4000000007994));
#5919=CARTESIAN_POINT('',(69.8000000093969,98.4000000000079,-18.0000000007994));
#5920=CARTESIAN_POINT('',(75.1500000093984,98.0000000000068,-18.4000000007995));
#5921=CARTESIAN_POINT('Origin',(75.6500000093958,87.8000000000078,-18.2000000007995));
#5922=CARTESIAN_POINT('',(69.8000000093969,88.0000000000078,-18.4000000007994));
#5923=CARTESIAN_POINT('',(69.8000000093969,88.0000000000078,-18.4000000007994));
#5924=CARTESIAN_POINT('',(75.6500000093958,88.0000000000078,-18.4000000007995));
#5925=CARTESIAN_POINT('Origin',(69.8000000093969,93.0000000000076,-18.2000000007988));
#5926=CARTESIAN_POINT('Origin',(69.8000000093969,93.0000000000076,-18.4000000007983));
#5927=CARTESIAN_POINT('Origin',(70.8000000093967,88.0000000000078,-18.0000000007995));
#5928=CARTESIAN_POINT('',(70.8000000093964,88.0000000000076,-20.6000000007995));
#5929=CARTESIAN_POINT('',(70.8000000093967,88.0000000000076,-18.0000000007995));
#5930=CARTESIAN_POINT('',(69.8000000093967,88.0000000000078,-20.6000000007995));
#5931=CARTESIAN_POINT('',(70.0500000093948,88.0000000000078,-20.6000000007995));
#5932=CARTESIAN_POINT('',(69.800000009397,88.0000000000078,-18.0000000007995));
#5933=CARTESIAN_POINT('Origin',(70.8000000093969,93.0000000000076,-18.0000000007996));
#5934=CARTESIAN_POINT('',(70.8000000093967,98.0000000000077,-20.6000000007995));
#5935=CARTESIAN_POINT('',(70.8000000093971,98.0000000000077,-18.0000000007995));
#5936=CARTESIAN_POINT('',(75.0083250918968,95.7000000000076,-20.6000000007996));
#5937=CARTESIAN_POINT('Origin',(70.8000000093966,93.0000000000076,-20.6000000007996));
#5938=CARTESIAN_POINT('',(75.0083250918967,95.7000000000076,-20.8000000007996));
#5939=CARTESIAN_POINT('',(75.0083250918971,95.7000000000076,-18.0000000007996));
#5940=CARTESIAN_POINT('',(75.0083250918967,90.3000000000076,-20.8000000007996));
#5941=CARTESIAN_POINT('Origin',(70.8000000093965,93.0000000000076,-20.8000000007996));
#5942=CARTESIAN_POINT('',(75.0083250918968,90.3000000000076,-20.6000000007997));
#5943=CARTESIAN_POINT('',(75.0083250918971,90.3000000000076,-18.0000000007996));
#5944=CARTESIAN_POINT('Origin',(70.8000000093966,93.0000000000076,-20.6000000007996));
#5945=CARTESIAN_POINT('Origin',(70.3000000093966,93.0000000000076,-20.8000000007995));
#5946=CARTESIAN_POINT('',(73.5000000093965,95.7000000000076,-20.8000000007996));
#5947=CARTESIAN_POINT('',(72.6541625506448,95.7000000000076,-20.8000000007996));
#5948=CARTESIAN_POINT('',(73.5000000093965,90.3000000000076,-20.8000000007996));
#5949=CARTESIAN_POINT('',(73.5000000093965,94.3500000000076,-20.8000000007996));
#5950=CARTESIAN_POINT('',(71.9000000093947,90.3000000000076,-20.8000000007995));
#5951=CARTESIAN_POINT('Origin',(70.3000000093967,93.0000000000076,-20.8000000007995));
#5952=CARTESIAN_POINT('',(65.5916749268966,95.7000000000076,-20.8000000007994));
#5953=CARTESIAN_POINT('',(67.1000000093965,95.7000000000076,-20.8000000007994));
#5954=CARTESIAN_POINT('',(68.7000000093947,95.7000000000076,-20.8000000007995));
#5955=CARTESIAN_POINT('',(65.5916749268966,90.3000000000076,-20.8000000007994));
#5956=CARTESIAN_POINT('Origin',(69.8000000093966,93.0000000000076,-20.8000000007994));
#5957=CARTESIAN_POINT('',(67.1000000093965,90.3000000000076,-20.8000000007994));
#5958=CARTESIAN_POINT('',(67.9458374681448,90.3000000000076,-20.8000000007994));
#5959=CARTESIAN_POINT('',(67.1000000093965,91.6500000000076,-20.8000000007994));
#5960=CARTESIAN_POINT('Origin',(69.8000000093969,93.0000000000076,-18.0000000007994));
#5961=CARTESIAN_POINT('',(65.5916749268966,90.3000000000076,-20.6000000007994));
#5962=CARTESIAN_POINT('Origin',(69.8000000093966,93.0000000000076,-20.6000000007994));
#5963=CARTESIAN_POINT('',(65.5916749268969,90.3000000000076,-18.0000000007994));
#5964=CARTESIAN_POINT('',(65.5916749268966,95.7000000000076,-20.6000000007994));
#5965=CARTESIAN_POINT('',(65.5916749268969,95.7000000000076,-18.0000000007994));
#5966=CARTESIAN_POINT('',(69.8000000093965,98.0000000000075,-20.6000000007995));
#5967=CARTESIAN_POINT('Origin',(69.8000000093966,93.0000000000076,-20.6000000007994));
#5968=CARTESIAN_POINT('',(69.8000000093968,98.0000000000075,-18.0000000007995));
#5969=CARTESIAN_POINT('Origin',(70.3000000093967,93.0000000000077,-20.6000000007995));
#5970=CARTESIAN_POINT('',(68.7000000093967,90.3000000000076,-20.6000000007995));
#5971=CARTESIAN_POINT('Origin',(70.3000000093967,93.0000000000077,-20.6000000007995));
#5972=CARTESIAN_POINT('',(68.7000000093967,95.7000000000076,-20.6000000007995));
#5973=CARTESIAN_POINT('',(70.5500000093953,98.0000000000077,-20.6000000007995));
#5974=CARTESIAN_POINT('Origin',(67.1000000093969,90.3000000000076,-18.0000000007994));
#5975=CARTESIAN_POINT('',(67.1000000093969,90.3000000000076,-18.0000000007994));
#5976=CARTESIAN_POINT('',(67.1000000093965,95.7000000000076,-21.0000000007994));
#5977=CARTESIAN_POINT('',(67.1000000093965,94.3500000000076,-21.0000000007994));
#5978=CARTESIAN_POINT('',(67.1000000093969,95.7000000000076,-18.0000000007994));
#5979=CARTESIAN_POINT('Origin',(70.3000000093965,93.0000000000076,-21.0000000007992));
#5980=CARTESIAN_POINT('',(71.9000000093946,95.7000000000076,-21.0000000007995));
#5981=CARTESIAN_POINT('Origin',(73.5000000093969,95.7000000000076,-18.0000000007996));
#5982=CARTESIAN_POINT('',(73.5000000093969,95.7000000000076,-18.0000000007996));
#5983=CARTESIAN_POINT('',(73.5000000093969,90.3000000000076,-18.0000000007996));
#5984=CARTESIAN_POINT('Origin',(69.8000000093924,90.3000000000081,-59.0000000007995));
#5985=CARTESIAN_POINT('',(70.8000000093936,90.300000000008,-27.9999933250797));
#5986=CARTESIAN_POINT('',(70.8000000093936,90.300000000008,-23.9999933250797));
#5987=CARTESIAN_POINT('',(69.8000000093936,90.3000000000081,-27.9999933250797));
#5988=CARTESIAN_POINT('Origin',(69.8000000093968,98.0000000000079,-18.0000000007995));
#5989=CARTESIAN_POINT('Origin',(70.8000000093923,95.7000000000081,-59.0000000007995));
#5990=CARTESIAN_POINT('',(70.8000000093935,95.7000000000081,-27.9999933250797));
#5991=CARTESIAN_POINT('',(70.8000000093935,95.7000000000081,-27.9999933250797));
#5992=CARTESIAN_POINT('',(70.8000000093923,95.7000000000081,-59.0000000007995));
#5993=CARTESIAN_POINT('Origin',(61.3000000000014,80.1899999988835,-25.9999923714039));
#5994=CARTESIAN_POINT('',(62.3000000000012,102.184062033972,-25.9999923714039));
#5995=CARTESIAN_POINT('',(62.3000000000014,82.6394102965813,-25.9999923714039));
#5996=CARTESIAN_POINT('',(62.3000000000014,80.1899999988835,-25.9999923714039));
#5997=CARTESIAN_POINT('',(61.3000000000014,82.6394102965813,-24.9999923714039));
#5998=CARTESIAN_POINT('Origin',(61.3000000000014,82.6394102965813,-25.9999923714039));
#5999=CARTESIAN_POINT('',(61.3000000000012,101.349747458921,-24.9999923714039));
#6000=CARTESIAN_POINT('',(61.3000000000014,80.1899999988835,-24.9999923714039));
#6001=CARTESIAN_POINT('',(62.1343145750519,102.184062033972,-25.4487037084895));
#6002=CARTESIAN_POINT('Origin',(61.3000000000012,101.349747458921,-25.9999923714039));
#6003=CARTESIAN_POINT('Origin',(61.3000000000012,102.184062033972,-25.9999923714039));
#6004=CARTESIAN_POINT('Origin',(62.7000000000014,82.6394102965813,-25.9999923714039));
#6005=CARTESIAN_POINT('',(62.8617977531916,82.2735941035791,-25.9999923714039));
#6006=CARTESIAN_POINT('',(61.7071782254027,81.6523414418996,-24.999992371404));
#6007=CARTESIAN_POINT('Ctrl Pts',(62.8617977531916,82.2735941035792,-25.9999923714039));
#6008=CARTESIAN_POINT('Ctrl Pts',(62.8610903348386,82.2732812177576,-25.998740876939));
#6009=CARTESIAN_POINT('Ctrl Pts',(62.8603829452663,82.2729682292077,-25.9974893578511));
#6010=CARTESIAN_POINT('Ctrl Pts',(62.832844936044,82.2607793846679,-25.948766856661));
#6011=CARTESIAN_POINT('Ctrl Pts',(62.8057122579823,82.2486038998003,-25.9006875549563));
#6012=CARTESIAN_POINT('Ctrl Pts',(62.6638444886037,82.1840210333961,-25.6554972148735));
#6013=CARTESIAN_POINT('Ctrl Pts',(62.5314735097817,82.1215900717708,-25.4477903209252));
#6014=CARTESIAN_POINT('Ctrl Pts',(62.2533722522186,81.9757981507453,-25.1908988802582));
#6015=CARTESIAN_POINT('Ctrl Pts',(62.1439942732622,81.9159446579296,-25.1166980800971));
#6016=CARTESIAN_POINT('Ctrl Pts',(61.9220385007425,81.7868327409415,-25.0232517435732));
#6017=CARTESIAN_POINT('Ctrl Pts',(61.8144983555455,81.7212562491197,-24.9999923714039));
#6018=CARTESIAN_POINT('Ctrl Pts',(61.7071782254027,81.6523414418997,-24.9999923714039));
#6019=CARTESIAN_POINT('Origin',(62.7000000000014,82.6394102965813,-24.9999923714039));
#6020=CARTESIAN_POINT('Origin',(62.7000000000014,82.6394102965813,-25.9999923714039));
#6021=CARTESIAN_POINT('Origin',(62.7000000000012,102.184062033972,-25.9999923714038));
#6022=CARTESIAN_POINT('',(62.4171572875266,102.466904746446,-25.9999923714038));
#6023=CARTESIAN_POINT('Ctrl Pts',(62.134314575052,102.184062033972,-25.4487037084895));
#6024=CARTESIAN_POINT('Ctrl Pts',(62.2445757042859,102.294323163206,-25.6155717639563));
#6025=CARTESIAN_POINT('Ctrl Pts',(62.3366185607591,102.386366019679,-25.8199023035302));
#6026=CARTESIAN_POINT('Ctrl Pts',(62.4171572875266,102.466904746446,-25.9999923714036));
#6027=CARTESIAN_POINT('Origin',(62.7000000000012,102.184062033972,-25.9999923714038));
#6028=CARTESIAN_POINT('Origin',(71.3000000093933,78.380000000008,-24.9999923714041));
#6029=CARTESIAN_POINT('',(59.800000000001,79.9772255672677,-24.999992371404));
#6030=CARTESIAN_POINT('Origin',(66.3000000084842,74.5000000022834,-24.9999923714041));
#6031=CARTESIAN_POINT('',(59.800000000001,97.8840620339719,-24.9999923714038));
#6032=CARTESIAN_POINT('',(59.800000000001,88.6148737294645,-24.9999923714038));
#6033=CARTESIAN_POINT('',(59.0658405855769,99.115588044497,-24.9999923714038));
#6034=CARTESIAN_POINT('Origin',(58.400000000001,97.8840620339719,-24.9999923714038));
#6035=CARTESIAN_POINT('',(55.1326894081644,95.1824368670846,-24.9999923714037));
#6036=CARTESIAN_POINT('Origin',(62.7000000000014,82.6394102965813,-23.9999847420085));
#6037=CARTESIAN_POINT('',(62.3000000000013,82.6394102965813,-27.9999933250795));
#6038=CARTESIAN_POINT('',(62.3000000000014,82.6394102965813,-23.9999847420085));
#6039=CARTESIAN_POINT('',(62.8617977531916,82.273594103579,-27.9999933250796));
#6040=CARTESIAN_POINT('Origin',(62.7000000000013,82.6394102965813,-27.9999933250795));
#6041=CARTESIAN_POINT('',(62.8617977531917,82.2735941035791,-23.9999847420085));
#6042=CARTESIAN_POINT('Origin',(58.400000000001,97.8840620339719,-25.9999923714038));
#6043=CARTESIAN_POINT('',(58.800000000001,97.8840620339719,-25.9999923714038));
#6044=CARTESIAN_POINT('Origin',(59.800000000001,97.8840620339719,-25.9999923714038));
#6045=CARTESIAN_POINT('',(58.1171572875264,98.1669047464465,-25.9999923714038));
#6046=CARTESIAN_POINT('Origin',(58.400000000001,97.8840620339719,-25.9999923714038));
#6047=CARTESIAN_POINT('Ctrl Pts',(58.1171572875264,98.1669047464465,-25.9999923714038));
#6048=CARTESIAN_POINT('Ctrl Pts',(58.2385349480441,98.2882824069642,-25.7285836715363));
#6049=CARTESIAN_POINT('Ctrl Pts',(58.3928145703474,98.4425620292674,-25.4109367544581));
#6050=CARTESIAN_POINT('Ctrl Pts',(58.6481466947174,98.6978941536374,-25.1583376418069));
#6051=CARTESIAN_POINT('Ctrl Pts',(58.7384220318869,98.788169490807,-25.0929285502664));
#6052=CARTESIAN_POINT('Ctrl Pts',(58.8937672080339,98.9435146669539,-25.0216726231464));
#6053=CARTESIAN_POINT('Ctrl Pts',(58.9870566780718,99.0368041369918,-24.9999923714038));
#6054=CARTESIAN_POINT('Ctrl Pts',(59.065840585577,99.115588044497,-24.9999923714038));
#6055=CARTESIAN_POINT('Origin',(59.800000000001,88.6148737294645,-25.9999923714038));
#6056=CARTESIAN_POINT('',(58.8000000000013,78.8588989283084,-25.9999923714038));
#6057=CARTESIAN_POINT('',(58.800000000001,88.6148737294645,-25.9999923714038));
#6058=CARTESIAN_POINT('',(59.0027402383583,78.8588989283084,-25.3963559970314));
#6059=CARTESIAN_POINT('Ctrl Pts',(59.800000000001,79.9772255672678,-24.9999923714038));
#6060=CARTESIAN_POINT('Ctrl Pts',(59.6560327643073,79.8063750112467,-24.9999923714038));
#6061=CARTESIAN_POINT('Ctrl Pts',(59.5077016667362,79.6155315955686,-25.0321420582297));
#6062=CARTESIAN_POINT('Ctrl Pts',(59.2383997853809,79.2368536305986,-25.1592915324342));
#6063=CARTESIAN_POINT('Ctrl Pts',(59.1171504614341,79.0488441747881,-25.253177814207));
#6064=CARTESIAN_POINT('Ctrl Pts',(59.0143291069345,78.8782561018636,-25.3812779020401));
#6065=CARTESIAN_POINT('Ctrl Pts',(59.0085216183823,78.8685775725214,-25.3887201721282));
#6066=CARTESIAN_POINT('Ctrl Pts',(59.0027402383583,78.8588989283084,-25.3963559970314));
#6067=CARTESIAN_POINT('Origin',(59.800000000001,78.8588989283084,-25.9999923714038));
#6068=CARTESIAN_POINT('Origin',(57.3000000000009,78.8588989283083,-25.9999923714038));
#6069=CARTESIAN_POINT('',(58.6500000012734,78.2050640894046,-25.9999923714038));
#6070=CARTESIAN_POINT('Ctrl Pts',(59.0027402383583,78.8588989283084,-25.3963559970314));
#6071=CARTESIAN_POINT('Ctrl Pts',(58.8645515906558,78.6275564547432,-25.5788702605953));
#6072=CARTESIAN_POINT('Ctrl Pts',(58.7486212770715,78.4084476113973,-25.7998155776464));
#6073=CARTESIAN_POINT('Ctrl Pts',(58.6511726662705,78.2074846074473,-25.9976104047258));
#6074=CARTESIAN_POINT('Ctrl Pts',(58.6505861896731,78.2062744169878,-25.9988013890449));
#6075=CARTESIAN_POINT('Ctrl Pts',(58.6500000012734,78.2050640894046,-25.9999923714038));
#6076=CARTESIAN_POINT('Origin',(57.3000000000009,78.8588989283083,-25.9999923714038));
#6077=CARTESIAN_POINT('Origin',(57.300000000001,78.8588989283083,-23.9999847420083));
#6078=CARTESIAN_POINT('',(58.6500000012732,78.2050640894046,-37.8000000008002));
#6079=CARTESIAN_POINT('',(58.6500000012735,78.2050640894046,-23.9999847420084));
#6080=CARTESIAN_POINT('',(58.8000000000007,78.8588989283083,-37.8000000008002));
#6081=CARTESIAN_POINT('Origin',(57.3000000000007,78.8588989283083,-37.8000000008001));
#6082=CARTESIAN_POINT('',(58.8000000000011,78.8588989283084,-33.3999847420092));
#6083=CARTESIAN_POINT('Origin',(62.3000000000014,81.999999997759,-23.9999933250795));
#6084=CARTESIAN_POINT('',(62.3000000000011,102.184062033972,-27.9999933250795));
#6085=CARTESIAN_POINT('',(62.3000000000009,102.184062033972,-41.4999966629393));
#6086=CARTESIAN_POINT('',(62.3000000000014,81.999999997759,-27.9999933250795));
#6087=CARTESIAN_POINT('Origin',(55.4502525410869,95.500000000008,-59.0000000007991));
#6088=CARTESIAN_POINT('',(58.1171572875261,98.1669047464465,-39.399984742009));
#6089=CARTESIAN_POINT('',(58.117157287526,98.1669047464465,-41.4999923714038));
#6090=CARTESIAN_POINT('',(56.3289321975252,96.3786796564457,-39.399984742009));
#6091=CARTESIAN_POINT('',(55.413044494054,95.4627919529745,-39.399984742009));
#6092=CARTESIAN_POINT('',(56.3289321975257,96.3786796564457,-18.8823085425943));
#6093=CARTESIAN_POINT('',(56.3289321975257,96.3786796564457,-33.3999847420092));
#6094=CARTESIAN_POINT('',(56.9289321928744,96.9786796517075,-18.9999999985248));
#6095=CARTESIAN_POINT('Ctrl Pts',(56.9289321928309,96.9786796517509,-18.9999999941608));
#6096=CARTESIAN_POINT('Ctrl Pts',(56.6347035609617,96.6844510198817,-18.9999999941608));
#6097=CARTESIAN_POINT('Ctrl Pts',(56.3289321975257,96.3786796564457,-18.8823085425943));
#6098=CARTESIAN_POINT('',(62.5109127128682,102.560660171788,-19.0000000007991));
#6099=CARTESIAN_POINT('',(56.312689408168,96.3624368670881,-19.000000000799));
#6100=CARTESIAN_POINT('',(62.5109127128683,102.560660171788,-27.9999933250796));
#6101=CARTESIAN_POINT('',(62.5109127128683,102.560660171788,-23.9999933250796));
#6102=CARTESIAN_POINT('',(62.4171572875267,102.466904746446,-27.9999933250796));
#6103=CARTESIAN_POINT('',(58.1171572875266,98.1669047464465,-27.9999933250795));
#6104=CARTESIAN_POINT('',(62.4171572875263,102.466904746447,-41.4999966629393));
#6105=CARTESIAN_POINT('Origin',(66.3000000084842,74.5000000022834,-23.9999847420086));
#6106=CARTESIAN_POINT('Ctrl Pts',(66.300000008484,66.0000000022834,-30.5000000007993));
#6107=CARTESIAN_POINT('Ctrl Pts',(66.2961718594702,66.0000000022834,-30.5024795351854));
#6108=CARTESIAN_POINT('Ctrl Pts',(66.2923430648653,66.0000025885682,-30.5049566957365));
#6109=CARTESIAN_POINT('Ctrl Pts',(66.2885139756817,66.0000077628134,-30.5074344084048));
#6110=CARTESIAN_POINT('Ctrl Pts',(66.0033912847616,66.0003930488805,-30.6919305299239));
#6111=CARTESIAN_POINT('Ctrl Pts',(65.7177574993419,66.0151239107829,-30.8767897895293));
#6112=CARTESIAN_POINT('Ctrl Pts',(65.4326723972136,66.0443662108561,-31.0601171822116));
#6113=CARTESIAN_POINT('Ctrl Pts',(65.3254465759452,66.0553647850282,-31.129070032061));
#6114=CARTESIAN_POINT('Ctrl Pts',(65.2182988357081,66.0684163774423,-31.1978061760003));
#6115=CARTESIAN_POINT('Ctrl Pts',(65.1112875282731,66.0835302768349,-31.2662247851505));
#6116=CARTESIAN_POINT('Ctrl Pts',(64.9287632564004,66.1093093608208,-31.38292326419));
#6117=CARTESIAN_POINT('Ctrl Pts',(64.7466356621646,66.1410841879732,-31.4986979533026));
#6118=CARTESIAN_POINT('Ctrl Pts',(64.5650300689395,66.1789496293511,-31.6131160384927));
#6119=CARTESIAN_POINT('Ctrl Pts',(64.3863467021245,66.216205775658,-31.7256930154636));
#6120=CARTESIAN_POINT('Ctrl Pts',(64.2081680780517,66.2593583968701,-31.836956695646));
#6121=CARTESIAN_POINT('Ctrl Pts',(64.0306405898124,66.3085405579056,-31.9464948239592));
#6122=CARTESIAN_POINT('Ctrl Pts',(64.0015634204525,66.3165960880102,-31.9644360382462));
#6123=CARTESIAN_POINT('Ctrl Pts',(63.9725037901041,66.3248134614852,-31.9823309610545));
#6124=CARTESIAN_POINT('Ctrl Pts',(63.9434624295046,66.3331933657297,-32.0001777809373));
#6125=CARTESIAN_POINT('Ctrl Pts',(63.7751437952894,66.3817618214827,-32.1036148198968));
#6126=CARTESIAN_POINT('Ctrl Pts',(63.6074469040409,66.4357838083329,-32.2054360054154));
#6127=CARTESIAN_POINT('Ctrl Pts',(63.4405079918626,66.495419725537,-32.3051286261777));
#6128=CARTESIAN_POINT('Ctrl Pts',(63.2772011276827,66.5537581590634,-32.4026522596202));
#6129=CARTESIAN_POINT('Ctrl Pts',(63.1146192099859,66.6174692605531,-32.4981389420351));
#6130=CARTESIAN_POINT('Ctrl Pts',(62.9529281917251,66.6867349835183,-32.5911087040963));
#6131=CARTESIAN_POINT('Ctrl Pts',(62.9003096311175,66.7092758932181,-32.6213635389802));
#6132=CARTESIAN_POINT('Ctrl Pts',(62.8477857532385,66.7324052834682,-32.6513518257538));
#6133=CARTESIAN_POINT('Ctrl Pts',(62.7953632934499,66.7561300720977,-32.6810570230008));
#6134=CARTESIAN_POINT('Ctrl Pts',(62.6198587872293,66.8355579991806,-32.780506686295));
#6135=CARTESIAN_POINT('Ctrl Pts',(62.4454897445169,66.9216593839462,-32.8767833825902));
#6136=CARTESIAN_POINT('Ctrl Pts',(62.2727062921484,67.0146205648491,-32.9689149202143));
#6137=CARTESIAN_POINT('Ctrl Pts',(62.1044770542343,67.1051314812854,-33.0586180610527));
#6138=CARTESIAN_POINT('Ctrl Pts',(61.9377509006519,67.202145709873,-33.1443916790292));
#6139=CARTESIAN_POINT('Ctrl Pts',(61.7729913408798,67.3058223200576,-33.2253384488967));
#6140=CARTESIAN_POINT('Ctrl Pts',(61.7423310968256,67.325115587018,-33.2404019008928));
#6141=CARTESIAN_POINT('Ctrl Pts',(61.7117390931186,67.344639524916,-33.2552982001098));
#6142=CARTESIAN_POINT('Ctrl Pts',(61.6812185075911,67.3643950912048,-33.270021563925));
#6143=CARTESIAN_POINT('Ctrl Pts',(61.5294712234394,67.4626190760785,-33.3432256140413));
#6144=CARTESIAN_POINT('Ctrl Pts',(61.3794930272697,67.5665701337645,-33.4121546255705));
#6145=CARTESIAN_POINT('Ctrl Pts',(61.2318167403896,67.6762533509921,-33.4756868069133));
#6146=CARTESIAN_POINT('Ctrl Pts',(61.0852585131849,67.7851061547198,-33.5387379850324));
#6147=CARTESIAN_POINT('Ctrl Pts',(60.9409677982878,67.8996047512116,-33.5964737426031));
#6148=CARTESIAN_POINT('Ctrl Pts',(60.7994761442015,68.0197039273761,-33.6477975749181));
#6149=CARTESIAN_POINT('Ctrl Pts',(60.7425096332937,68.0680575286763,-33.6684612647469));
#6150=CARTESIAN_POINT('Ctrl Pts',(60.6859969394043,68.1173183932694,-33.6880855944657));
#6151=CARTESIAN_POINT('Ctrl Pts',(60.6299730619086,68.1674811965388,-33.7065990029937));
#6152=CARTESIAN_POINT('Ctrl Pts',(60.5211122214922,68.2649532953232,-33.7425726860271));
#6153=CARTESIAN_POINT('Ctrl Pts',(60.4140943268304,68.3658384752034,-33.7743518681867));
#6154=CARTESIAN_POINT('Ctrl Pts',(60.3092941116405,68.4699549893897,-33.8012138820964));
#6155=CARTESIAN_POINT('Ctrl Pts',(60.2002562671341,68.5782814872295,-33.8291620698984));
#6156=CARTESIAN_POINT('Ctrl Pts',(60.0936196973185,68.6901060512182,-33.8517873953526));
#6157=CARTESIAN_POINT('Ctrl Pts',(59.9897743907541,68.8051731696794,-33.86827593475));
#6158=CARTESIAN_POINT('Ctrl Pts',(59.8859290841898,68.9202402881406,-33.8847644741474));
#6159=CARTESIAN_POINT('Ctrl Pts',(59.7848754500982,69.0385496793779,-33.8951162274881));
#6160=CARTESIAN_POINT('Ctrl Pts',(59.6869644579471,69.1597976833318,-33.8985172710631));
#6161=CARTESIAN_POINT('Ctrl Pts',(59.6144825131112,69.2495556455482,-33.9010350093412));
#6162=CARTESIAN_POINT('Ctrl Pts',(59.5437171581543,69.3409349693149,-33.8997436164565));
#6163=CARTESIAN_POINT('Ctrl Pts',(59.4749514964561,69.4335700157478,-33.8942405785549));
#6164=CARTESIAN_POINT('Ctrl Pts',(59.4093517778392,69.5219401823396,-33.8889908982788));
#6165=CARTESIAN_POINT('Ctrl Pts',(59.3455716895674,69.6114525571386,-33.8799084506427));
#6166=CARTESIAN_POINT('Ctrl Pts',(59.2838129065285,69.7017588088507,-33.8666437962367));
#6167=CARTESIAN_POINT('Ctrl Pts',(59.2218249316163,69.7924001944173,-33.8533299156179));
#6168=CARTESIAN_POINT('Ctrl Pts',(59.16187342556,69.883841058439,-33.8358027296114));
#6169=CARTESIAN_POINT('Ctrl Pts',(59.1041165676665,69.9757032054133,-33.8137088939576));
#6170=CARTESIAN_POINT('Ctrl Pts',(59.0458678660909,70.06834762861,-33.7914269124476));
#6171=CARTESIAN_POINT('Ctrl Pts',(58.9898514510347,70.1614202217555,-33.7645001731178));
#6172=CARTESIAN_POINT('Ctrl Pts',(58.9361812916195,70.2545113490001,-33.7325662276314));
#6173=CARTESIAN_POINT('Ctrl Pts',(58.9293514887619,70.2663576720557,-33.7285024693993));
#6174=CARTESIAN_POINT('Ctrl Pts',(58.9225596162875,70.2782042705076,-33.7243576251372));
#6175=CARTESIAN_POINT('Ctrl Pts',(58.9158058526307,70.2900502794646,-33.7201309479288));
#6176=CARTESIAN_POINT('Ctrl Pts',(58.8699839511256,70.370421267144,-33.6914544356048));
#6177=CARTESIAN_POINT('Ctrl Pts',(58.8259078880939,70.4507884811936,-33.6590110354723));
#6178=CARTESIAN_POINT('Ctrl Pts',(58.7837066422946,70.5307010675372,-33.622827746104));
#6179=CARTESIAN_POINT('Ctrl Pts',(58.7403766023689,70.6127511466581,-33.585676630224));
#6180=CARTESIAN_POINT('Ctrl Pts',(58.6990231026119,70.6943216546235,-33.5445828811421));
#6181=CARTESIAN_POINT('Ctrl Pts',(58.659733131504,70.7749064398984,-33.4995757223602));
#6182=CARTESIAN_POINT('Ctrl Pts',(58.6196037051571,70.857212970399,-33.4536069569861));
#6183=CARTESIAN_POINT('Ctrl Pts',(58.5816268233467,70.9384908410508,-33.4035557705001));
#6184=CARTESIAN_POINT('Ctrl Pts',(58.5458411342702,71.0181872339898,-33.3494532998461));
#6185=CARTESIAN_POINT('Ctrl Pts',(58.5082971517183,71.1017994282264,-33.2926925592632));
#6186=CARTESIAN_POINT('Ctrl Pts',(58.4731649032204,71.1836705165635,-33.231472642648));
#6187=CARTESIAN_POINT('Ctrl Pts',(58.4404310821169,71.2631533436225,-33.1658295057916));
#6188=CARTESIAN_POINT('Ctrl Pts',(58.4219226198423,71.3080947790095,-33.1287133524942));
#6189=CARTESIAN_POINT('Ctrl Pts',(58.4041799059156,71.3522725584682,-33.0901830806076));
#6190=CARTESIAN_POINT('Ctrl Pts',(58.3871932992682,71.3955693004333,-33.0502451897786));
#6191=CARTESIAN_POINT('Ctrl Pts',(58.3476282360993,71.4964157123396,-32.957222186051));
#6192=CARTESIAN_POINT('Ctrl Pts',(58.3121635606291,71.5924898156446,-32.8565626609918));
#6193=CARTESIAN_POINT('Ctrl Pts',(58.2804649128282,71.6827217324731,-32.7492812889049));
#6194=CARTESIAN_POINT('Ctrl Pts',(58.2470180936418,71.7779299137796,-32.6360833797451));
#6195=CARTESIAN_POINT('Ctrl Pts',(58.2177610957777,71.8666327633732,-32.5155130973194));
#6196=CARTESIAN_POINT('Ctrl Pts',(58.1922658206725,71.9476194781858,-32.3887624214942));
#6197=CARTESIAN_POINT('Ctrl Pts',(58.169439651862,72.0201276749436,-32.2752813034717));
#6198=CARTESIAN_POINT('Ctrl Pts',(58.1496262703287,72.0864512751518,-32.1568461083123));
#6199=CARTESIAN_POINT('Ctrl Pts',(58.1325313193062,72.1457580412054,-32.0343122747016));
#6200=CARTESIAN_POINT('Ctrl Pts',(58.1268975299876,72.1653031001338,-31.9939301874962));
#6201=CARTESIAN_POINT('Ctrl Pts',(58.1215592491374,72.1840863590493,-31.9531029516082));
#6202=CARTESIAN_POINT('Ctrl Pts',(58.1165069531473,72.2020788954443,-31.9118611857632));
#6203=CARTESIAN_POINT('Ctrl Pts',(58.1039898750732,72.2466554569233,-31.8096845904057));
#6204=CARTESIAN_POINT('Ctrl Pts',(58.0932298621427,72.2863582216764,-31.7049636015808));
#6205=CARTESIAN_POINT('Ctrl Pts',(58.084036327317,72.3210229969564,-31.5982844652919));
#6206=CARTESIAN_POINT('Ctrl Pts',(58.0750396555136,72.3549454883856,-31.4938896709452));
#6207=CARTESIAN_POINT('Ctrl Pts',(58.0675429699525,72.3840436518456,-31.3876196916907));
#6208=CARTESIAN_POINT('Ctrl Pts',(58.0614143887294,72.408180940803,-31.2800239139884));
#6209=CARTESIAN_POINT('Ctrl Pts',(58.0553604003438,72.4320244474305,-31.1737377174212));
#6210=CARTESIAN_POINT('Ctrl Pts',(58.0506412561742,72.4510272269244,-31.0661577993987));
#6211=CARTESIAN_POINT('Ctrl Pts',(58.0471781039836,72.465072334626,-30.9578137292978));
#6212=CARTESIAN_POINT('Ctrl Pts',(58.0437741065779,72.4788775350757,-30.851320305605));
#6213=CARTESIAN_POINT('Ctrl Pts',(58.0415834730461,72.4878930539692,-30.7440886121436));
#6214=CARTESIAN_POINT('Ctrl Pts',(58.040579990735,72.4920206770893,-30.6366215421477));
#6215=CARTESIAN_POINT('Ctrl Pts',(58.0401602583629,72.4937471619754,-30.5916706668605));
#6216=CARTESIAN_POINT('Ctrl Pts',(58.0399488233485,72.4946186372943,-30.5466786113541));
#6217=CARTESIAN_POINT('Ctrl Pts',(58.0399464122406,72.494628568562,-30.501682177002));
#6218=CARTESIAN_POINT('Ctrl Pts',(58.0399406635642,72.4946522471557,-30.3943995691677));
#6219=CARTESIAN_POINT('Ctrl Pts',(58.0411196139849,72.4897776089376,-30.2870920692016));
#6220=CARTESIAN_POINT('Ctrl Pts',(58.0434893301869,72.4800912372236,-30.1802707354151));
#6221=CARTESIAN_POINT('Ctrl Pts',(58.0459040444921,72.4702209327866,-30.0714209910543));
#6222=CARTESIAN_POINT('Ctrl Pts',(58.0495552285145,72.4553543665047,-29.963076051612));
#6223=CARTESIAN_POINT('Ctrl Pts',(58.0545019523697,72.4355965033001,-29.855776644899));
#6224=CARTESIAN_POINT('Ctrl Pts',(58.0595045812272,72.4156153481916,-29.7472646025594));
#6225=CARTESIAN_POINT('Ctrl Pts',(58.0658323454882,72.3906316119646,-29.639821858495));
#6226=CARTESIAN_POINT('Ctrl Pts',(58.0735980711898,72.3607685594327,-29.5340076814615));
#6227=CARTESIAN_POINT('Ctrl Pts',(58.081495649314,72.3303984691846,-29.4263969105066));
#6228=CARTESIAN_POINT('Ctrl Pts',(58.0908805688538,72.2949817807767,-29.3204704781734));
#6229=CARTESIAN_POINT('Ctrl Pts',(58.101922620037,72.2546654764202,-29.2168166267066));
#6230=CARTESIAN_POINT('Ctrl Pts',(58.1064835404461,72.2380128226417,-29.1740023923954));
#6231=CARTESIAN_POINT('Ctrl Pts',(58.1113277683633,72.2205244618562,-29.1315758839919));
#6232=CARTESIAN_POINT('Ctrl Pts',(58.1164696572012,72.2022117201233,-29.0895785553032));
#6233=CARTESIAN_POINT('Ctrl Pts',(58.1317491547631,72.1477940729358,-28.9647804312027));
#6234=CARTESIAN_POINT('Ctrl Pts',(58.1496468181197,72.086121513998,-28.8437720693661));
#6235=CARTESIAN_POINT('Ctrl Pts',(58.1704307848183,72.0180442739059,-28.7274111800265));
#6236=CARTESIAN_POINT('Ctrl Pts',(58.1939767636045,71.9409201486475,-28.5955869199293));
#6237=CARTESIAN_POINT('Ctrl Pts',(58.221230443416,71.8555752637992,-28.4697274263623));
#6238=CARTESIAN_POINT('Ctrl Pts',(58.2526115119651,71.7632979019273,-28.3510798115121));
#6239=CARTESIAN_POINT('Ctrl Pts',(58.2808711631221,71.6801992001699,-28.2442338575245));
#6240=CARTESIAN_POINT('Ctrl Pts',(58.3124804475035,71.5914796403667,-28.1432364312543));
#6241=CARTESIAN_POINT('Ctrl Pts',(58.3477250530856,71.4981134231898,-28.048998290146));
#6242=CARTESIAN_POINT('Ctrl Pts',(58.3604675984067,71.4643572430829,-28.0149268694504));
#6243=CARTESIAN_POINT('Ctrl Pts',(58.373684961318,71.4299939385964,-27.981738992045));
#6244=CARTESIAN_POINT('Ctrl Pts',(58.3873890625881,71.3950703704097,-27.9494777000175));
#6245=CARTESIAN_POINT('Ctrl Pts',(58.4183063933765,71.31628056226,-27.8766941575134));
#6246=CARTESIAN_POINT('Ctrl Pts',(58.4517069835131,71.2346339563919,-27.8086267726033));
#6247=CARTESIAN_POINT('Ctrl Pts',(58.4876448552719,71.1508050303419,-27.7452968991228));
#6248=CARTESIAN_POINT('Ctrl Pts',(58.5215212459249,71.0717847292523,-27.6855997765878));
#6249=CARTESIAN_POINT('Ctrl Pts',(58.5576522926413,70.9908256708636,-27.6301122443167));
#6250=CARTESIAN_POINT('Ctrl Pts',(58.5960366898714,70.9084892915281,-27.5788521881864));
#6251=CARTESIAN_POINT('Ctrl Pts',(58.633550413728,70.8280205484807,-27.528754864031));
#6252=CARTESIAN_POINT('Ctrl Pts',(58.6732165994789,70.7462366136243,-27.4826954074287));
#6253=CARTESIAN_POINT('Ctrl Pts',(58.714985805186,70.6636528417978,-27.4406905145391));
#6254=CARTESIAN_POINT('Ctrl Pts',(58.7557795589951,70.5829976797116,-27.3996665776386));
#6255=CARTESIAN_POINT('Ctrl Pts',(58.7985792735074,70.5015799139481,-27.3625100402405));
#6256=CARTESIAN_POINT('Ctrl Pts',(58.8432909950377,70.4198663416313,-27.329236455874));
#6257=CARTESIAN_POINT('Ctrl Pts',(58.8665827973523,70.3772990615606,-27.3119031543853));
#6258=CARTESIAN_POINT('Ctrl Pts',(58.8903926622855,70.3346512586076,-27.2956235736766));
#6259=CARTESIAN_POINT('Ctrl Pts',(58.914701997217,70.2919870169454,-27.2803999124888));
#6260=CARTESIAN_POINT('Ctrl Pts',(58.9666694298456,70.2007812677758,-27.2478554356706));
#6261=CARTESIAN_POINT('Ctrl Pts',(59.0209381112062,70.1094732101815,-27.2201365129371));
#6262=CARTESIAN_POINT('Ctrl Pts',(59.077398393139,70.018479511868,-27.1969118021559));
#6263=CARTESIAN_POINT('Ctrl Pts',(59.1332663108684,69.9284404919189,-27.1739307580165));
#6264=CARTESIAN_POINT('Ctrl Pts',(59.1912799857757,69.8387095748976,-27.1553501167077));
#6265=CARTESIAN_POINT('Ctrl Pts',(59.2512863193916,69.7496699790956,-27.1408488560858));
#6266=CARTESIAN_POINT('Ctrl Pts',(59.3110691864837,69.6609619711071,-27.1264015988684));
#6267=CARTESIAN_POINT('Ctrl Pts',(59.3728297814196,69.5729404433717,-27.1160033952862));
#6268=CARTESIAN_POINT('Ctrl Pts',(59.4363714742197,69.4859593818226,-27.1093367963626));
#6269=CARTESIAN_POINT('Ctrl Pts',(59.4997979129809,69.3991360894201,-27.1026822895382));
#6270=CARTESIAN_POINT('Ctrl Pts',(59.5649988260256,69.3133497629519,-27.0997458626315));
#6271=CARTESIAN_POINT('Ctrl Pts',(59.6317356155328,69.2289232635423,-27.1002117909332));
#6272=CARTESIAN_POINT('Ctrl Pts',(59.6496822643561,69.2062195532279,-27.1003370869157));
#6273=CARTESIAN_POINT('Ctrl Pts',(59.6677397494986,69.1836140046484,-27.1007084285877));
#6274=CARTESIAN_POINT('Ctrl Pts',(59.6859029258489,69.1611124981796,-27.101319676029));
#6275=CARTESIAN_POINT('Ctrl Pts',(59.7851787714499,69.0381243137946,-27.1046606173616));
#6276=CARTESIAN_POINT('Ctrl Pts',(59.8876296389036,68.9182283695881,-27.1151686722024));
#6277=CARTESIAN_POINT('Ctrl Pts',(59.992922058669,68.8016872928092,-27.1319931800856));
#6278=CARTESIAN_POINT('Ctrl Pts',(60.098551389101,68.6847733123402,-27.1488715223871));
#6279=CARTESIAN_POINT('Ctrl Pts',(60.2070401528032,68.5712359409106,-27.1721068046927));
#6280=CARTESIAN_POINT('Ctrl Pts',(60.3180207797322,68.4612977818738,-27.2008401746479));
#6281=CARTESIAN_POINT('Ctrl Pts',(60.4194876474634,68.3607840169918,-27.2271103907153));
#6282=CARTESIAN_POINT('Ctrl Pts',(60.5230368969343,68.2632784332783,-27.2579764565038));
#6283=CARTESIAN_POINT('Ctrl Pts',(60.6283688490121,68.1689179469862,-27.2927820004597));
#6284=CARTESIAN_POINT('Ctrl Pts',(60.7519249637099,68.0582315423649,-27.333609476798));
#6285=CARTESIAN_POINT('Ctrl Pts',(60.8779392384132,67.9518678924683,-27.3798575476169));
#6286=CARTESIAN_POINT('Ctrl Pts',(61.0059622170526,67.8499500879673,-27.4307286035931));
#6287=CARTESIAN_POINT('Ctrl Pts',(61.1346786086281,67.7474802644086,-27.4818751932951));
#6288=CARTESIAN_POINT('Ctrl Pts',(61.2654251256716,67.6495046412988,-27.5376949828755));
#6289=CARTESIAN_POINT('Ctrl Pts',(61.3977348278672,67.5560964820067,-27.5973773323743));
#6290=CARTESIAN_POINT('Ctrl Pts',(61.4910348966669,67.490228389616,-27.639463190191));
#6291=CARTESIAN_POINT('Ctrl Pts',(61.5851120497537,67.4266304074421,-27.683469731367));
#6292=CARTESIAN_POINT('Ctrl Pts',(61.6798011687366,67.3653127154294,-27.7291127069813));
#6293=CARTESIAN_POINT('Ctrl Pts',(61.8163563628308,67.2768838713961,-27.7949363777579));
#6294=CARTESIAN_POINT('Ctrl Pts',(61.954177350565,67.1931951893371,-27.8641634635203));
#6295=CARTESIAN_POINT('Ctrl Pts',(62.0931286005969,67.1140516571146,-27.9363456091386));
#6296=CARTESIAN_POINT('Ctrl Pts',(62.2349939864522,67.0332482981372,-28.0100415847967));
#6297=CARTESIAN_POINT('Ctrl Pts',(62.3780378776671,66.9571823456283,-28.0868178692301));
#6298=CARTESIAN_POINT('Ctrl Pts',(62.5221623991592,66.8856751472769,-28.1661973023626));
#6299=CARTESIAN_POINT('Ctrl Pts',(62.6116340274959,66.8412839124748,-28.2154755727448));
#6300=CARTESIAN_POINT('Ctrl Pts',(62.7015230098613,66.7986501498784,-28.2657570578631));
#6301=CARTESIAN_POINT('Ctrl Pts',(62.7918137193348,66.757737480215,-28.3169275996814));
#6302=CARTESIAN_POINT('Ctrl Pts',(62.9809091822717,66.6720542437548,-28.42409385577));
#6303=CARTESIAN_POINT('Ctrl Pts',(63.1717566962267,66.5939302882359,-28.5351595815173));
#6304=CARTESIAN_POINT('Ctrl Pts',(63.3637232560754,66.5232664080567,-28.6491702713047));
#6305=CARTESIAN_POINT('Ctrl Pts',(63.5556898159242,66.4526025278776,-28.7631809610921));
#6306=CARTESIAN_POINT('Ctrl Pts',(63.7487752160777,66.38939838944,-28.8801366149195));
#6307=CARTESIAN_POINT('Ctrl Pts',(63.94237920714,66.3335060080978,-28.9990827271683));
#6308=CARTESIAN_POINT('Ctrl Pts',(64.0933398253082,66.2899245282326,-29.0918296717702));
#6309=CARTESIAN_POINT('Ctrl Pts',(64.24461322134,66.2507830472352,-29.1857868015499));
#6310=CARTESIAN_POINT('Ctrl Pts',(64.396209607593,66.2159441049904,-29.2807536942663));
#6311=CARTESIAN_POINT('Ctrl Pts',(64.5493935522498,66.1807403199093,-29.3767151059969));
#6312=CARTESIAN_POINT('Ctrl Pts',(64.7029077926531,66.149929467521,-29.4737075404251));
#6313=CARTESIAN_POINT('Ctrl Pts',(64.8567863083493,66.1234175120465,-29.5715242125116));
#6314=CARTESIAN_POINT('Ctrl Pts',(64.9412258192974,66.1088693046869,-29.6252002693426));
#6315=CARTESIAN_POINT('Ctrl Pts',(65.0257753846174,66.0956164216242,-29.6791245182398));
#6316=CARTESIAN_POINT('Ctrl Pts',(65.1104427276816,66.0836496367336,-29.7332627909894));
#6317=CARTESIAN_POINT('Ctrl Pts',(65.3092388084464,66.0555520273189,-29.8603776389637));
#6318=CARTESIAN_POINT('Ctrl Pts',(65.5086705332631,66.0345529622238,-29.9886723889735));
#6319=CARTESIAN_POINT('Ctrl Pts',(65.708175000218,66.0206283770042,-30.1173967300045));
#6320=CARTESIAN_POINT('Ctrl Pts',(65.9017218471746,66.0071196089772,-30.2422770934038));
#6321=CARTESIAN_POINT('Ctrl Pts',(66.0953368829128,66.0002687986908,-30.3675617739398));
#6322=CARTESIAN_POINT('Ctrl Pts',(66.2885141594079,66.0000077625651,-30.492565690883));
#6323=CARTESIAN_POINT('Ctrl Pts',(66.2923426449655,66.0000025892184,-30.4950430821132));
#6324=CARTESIAN_POINT('Ctrl Pts',(66.2961718594702,66.0000000022834,-30.4975204664132));
#6325=CARTESIAN_POINT('Ctrl Pts',(66.300000008484,66.0000000022834,-30.5000000007993));
#6326=CARTESIAN_POINT('',(59.7999999992322,69.0227744386669,-37.9999923714029));
#6327=CARTESIAN_POINT('Origin',(66.3000000084838,74.5000000022834,-37.9999923714031));
#6328=CARTESIAN_POINT('',(58.8000000000007,70.5000000181895,-38.9999923714029));
#6329=CARTESIAN_POINT('Ctrl Pts',(58.8000000000007,70.5000000181892,-38.9999923714029));
#6330=CARTESIAN_POINT('Ctrl Pts',(58.8000000000007,70.5000000181892,-38.9342814449763));
#6331=CARTESIAN_POINT('Ctrl Pts',(58.8064719011318,70.4878143683774,-38.8710031160811));
#6332=CARTESIAN_POINT('Ctrl Pts',(58.8295897792524,70.4449339676997,-38.7508992546459));
#6333=CARTESIAN_POINT('Ctrl Pts',(58.8462543675607,70.4142398716016,-38.6940770714321));
#6334=CARTESIAN_POINT('Ctrl Pts',(58.9072930131274,70.3041779138352,-38.5353055535207));
#6335=CARTESIAN_POINT('Ctrl Pts',(58.9630848315047,70.2067618664955,-38.4451206340806));
#6336=CARTESIAN_POINT('Ctrl Pts',(59.1171504614339,69.9511558297785,-38.2531778142061));
#6337=CARTESIAN_POINT('Ctrl Pts',(59.2383997853806,69.7631463739681,-38.1592915324333));
#6338=CARTESIAN_POINT('Ctrl Pts',(59.5077016667359,69.3844684089981,-38.0321420582288));
#6339=CARTESIAN_POINT('Ctrl Pts',(59.656032764307,69.19362499332,-37.9999923714029));
#6340=CARTESIAN_POINT('Ctrl Pts',(59.8000000000007,69.0227744372989,-37.9999923714029));
#6341=CARTESIAN_POINT('',(58.8000000000007,70.5000000181895,-39.3999847420084));
#6342=CARTESIAN_POINT('',(58.800000000001,70.5000000181895,-27.9999847420083));
#6343=CARTESIAN_POINT('',(58.6712365622272,70.751404494489,-39.3999847420091));
#6344=CARTESIAN_POINT('Origin',(66.3000000084839,74.5000000022834,-39.3999847420094));
#6345=CARTESIAN_POINT('',(58.6712365622272,70.751404494489,-37.8000000008002));
#6346=CARTESIAN_POINT('',(58.6712365622274,70.751404494489,-27.9999847420084));
#6347=CARTESIAN_POINT('Origin',(66.300000008484,74.5000000022834,-37.8000000008004));
#6348=CARTESIAN_POINT('',(70.5022472002109,81.8885802813103,-27.9999933250797));
#6349=CARTESIAN_POINT('Origin',(66.3000000084844,74.5000000022834,-27.9999933250797));
#6350=CARTESIAN_POINT('',(70.5022472002111,81.8885802813104,-24.9999923714041));
#6351=CARTESIAN_POINT('',(74.8000000084842,74.5000000022834,-23.5999923714042));
#6352=CARTESIAN_POINT('',(74.8000000084842,74.5000000022834,-23.9999847420088));
#6353=CARTESIAN_POINT('Origin',(66.3000000084842,74.5000000022834,-23.5999923714039));
#6354=CARTESIAN_POINT('Origin',(62.7000000000009,102.184062033972,-41.4999966629393));
#6355=CARTESIAN_POINT('Origin',(62.7000000000011,102.184062033972,-27.9999933250794));
#6356=CARTESIAN_POINT('Origin',(68.0835786479542,90.6025320447063,-27.9999933250796));
#6357=CARTESIAN_POINT('',(63.571572884648,103.000000000008,-27.9999933250796));
#6358=CARTESIAN_POINT('Origin',(63.571572884648,101.500000000008,-27.9999933250796));
#6359=CARTESIAN_POINT('',(74.4286796648223,103.000000000008,-27.9999933250798));
#6360=CARTESIAN_POINT('',(63.571572884648,103.000000000008,-27.9999933250796));
#6361=CARTESIAN_POINT('',(75.4893398366021,102.560660171788,-27.9999933250798));
#6362=CARTESIAN_POINT('Origin',(74.4286796648222,101.500000000008,-27.9999933250798));
#6363=CARTESIAN_POINT('',(77.6106601801616,100.439339828228,-27.9999933250798));
#6364=CARTESIAN_POINT('',(75.4893398366021,102.560660171788,-27.9999933250798));
#6365=CARTESIAN_POINT('Origin',(76.5500000083818,99.3786796564484,-27.9999933250798));
#6366=CARTESIAN_POINT('',(77.6500000083818,83.0000000011457,-27.9999933250799));
#6367=CARTESIAN_POINT('Origin',(77.6500000083815,82.6000000011457,-27.9999933250799));
#6368=CARTESIAN_POINT('',(70.7000000092686,83.0000000011457,-27.9999933250797));
#6369=CARTESIAN_POINT('',(74.5667893281679,83.0000000011457,-27.9999933250797));
#6370=CARTESIAN_POINT('',(70.3000000092686,82.6000000011845,-27.9999933250797));
#6371=CARTESIAN_POINT('Origin',(70.7000000092683,82.6000000011457,-27.9999933250797));
#6372=CARTESIAN_POINT('',(70.3000000092334,82.2362781768327,-27.9999933250797));
#6373=CARTESIAN_POINT('',(70.3000000096267,86.3012660231939,-27.9999933250797));
#6374=CARTESIAN_POINT('Origin',(70.7000000092331,82.2362781767939,-27.9999933250797));
#6375=CARTESIAN_POINT('Origin',(70.8000000093935,93.0000000000081,-27.9999933250797));
#6376=CARTESIAN_POINT('Origin',(77.6500000083811,82.6000000011457,-41.499996186102));
#6377=CARTESIAN_POINT('',(77.650000008382,83.0000000011458,-24.9999923714043));
#6378=CARTESIAN_POINT('Origin',(58.4000000000009,85.0000000000082,-30.5000000007991));
#6379=CARTESIAN_POINT('',(58.8000000000008,85.0000000000082,-33.9000000007991));
#6380=CARTESIAN_POINT('Origin',(58.8000000000009,85.0000000000082,-30.5000000007991));
#6381=CARTESIAN_POINT('',(58.4000000000008,85.0000000000082,-33.5000000007991));
#6382=CARTESIAN_POINT('Origin',(58.4000000000008,85.0000000000082,-33.9000000007991));
#6383=CARTESIAN_POINT('',(58.4000000000009,82.0000000000081,-30.5000000007991));
#6384=CARTESIAN_POINT('Origin',(58.4000000000009,85.0000000000082,-30.5000000007991));
#6385=CARTESIAN_POINT('Origin',(58.4000000000009,85.0000000000082,-30.5000000007991));
#6386=CARTESIAN_POINT('Origin',(58.0000000000013,85.0000000000082,-30.5000000007991));
#6387=CARTESIAN_POINT('',(57.2000000000012,82.0000000000081,-30.5000000007991));
#6388=CARTESIAN_POINT('',(58.0000000000013,82.0000000000082,-30.5000000007991));
#6389=CARTESIAN_POINT('Origin',(57.2000000000012,85.0000000000082,-30.5000000007991));
#6390=CARTESIAN_POINT('Origin',(58.800000000001,98.849747458921,-23.9999847420084));
#6391=CARTESIAN_POINT('',(58.8000000000007,83.4250000000045,-37.8000000008002));
#6392=CARTESIAN_POINT('',(58.8000000000007,87.8965097397369,-37.8000000008002));
#6393=CARTESIAN_POINT('',(58.8000000000007,83.4250000000045,-39.3999847420091));
#6394=CARTESIAN_POINT('',(58.8000000000008,83.4250000000045,-33.7999923714043));
#6395=CARTESIAN_POINT('',(58.8000000000007,97.8840620339719,-39.3999847420091));
#6396=CARTESIAN_POINT('',(58.8000000000007,88.7702288153544,-39.3999847420091));
#6397=CARTESIAN_POINT('',(58.8000000000006,97.8840620339719,-41.4999923714038));
#6398=CARTESIAN_POINT('Ctrl Pts',(66.300000008484,66.0000000000081,-30.5000000007993));
#6399=CARTESIAN_POINT('Ctrl Pts',(66.2959914819879,66.0000000000081,-30.4978120568083));
#6400=CARTESIAN_POINT('Ctrl Pts',(66.2919822987281,66.0000025508854,-30.4956262490228));
#6401=CARTESIAN_POINT('Ctrl Pts',(65.8772115984834,66.0004733985856,-30.2694500656951));
#6402=CARTESIAN_POINT('Ctrl Pts',(65.051924928601,66.0520642261059,-29.8194262362603));
#6403=CARTESIAN_POINT('Ctrl Pts',(63.8292721214195,66.281039588502,-29.1686360818599));
#6404=CARTESIAN_POINT('Ctrl Pts',(62.6194737957718,66.6721588387089,-28.5599968124866));
#6405=CARTESIAN_POINT('Ctrl Pts',(61.4530546696107,67.2304340468438,-28.033934547224));
#6406=CARTESIAN_POINT('Ctrl Pts',(60.3423312432167,67.9740286394742,-27.6348616815573));
#6407=CARTESIAN_POINT('Ctrl Pts',(59.3457537438473,68.8956436691163,-27.447229316719));
#6408=CARTESIAN_POINT('Ctrl Pts',(58.521976531451,69.9658250557368,-27.5832075714456));
#6409=CARTESIAN_POINT('Ctrl Pts',(57.967080251703,71.0315125738827,-28.1749987577632));
#6410=CARTESIAN_POINT('Ctrl Pts',(57.6983841456766,71.8138418352808,-29.2140322801741));
#6411=CARTESIAN_POINT('Ctrl Pts',(57.6278197312217,72.0936113278027,-30.5019350617889));
#6412=CARTESIAN_POINT('Ctrl Pts',(57.6986637483661,71.8132720521826,-31.7871331161862));
#6413=CARTESIAN_POINT('Ctrl Pts',(57.9662607498211,71.0330714357975,-32.8240916929327));
#6414=CARTESIAN_POINT('Ctrl Pts',(58.5238649151972,69.9629666659281,-33.4177981765176));
#6415=CARTESIAN_POINT('Ctrl Pts',(59.3464577785404,68.8950350305346,-33.5524676793653));
#6416=CARTESIAN_POINT('Ctrl Pts',(60.3446489660711,67.972284816401,-33.3644813659933));
#6417=CARTESIAN_POINT('Ctrl Pts',(61.4534610640863,67.2303520449807,-32.9657192270765));
#6418=CARTESIAN_POINT('Ctrl Pts',(62.6249309988909,66.6698204027222,-32.4374617722167));
#6419=CARTESIAN_POINT('Ctrl Pts',(63.8292717279116,66.2814383328214,-31.8312061615312));
#6420=CARTESIAN_POINT('Ctrl Pts',(65.0534440817965,66.0515930738123,-31.1798312495127));
#6421=CARTESIAN_POINT('Ctrl Pts',(65.8771466858368,66.0004991984528,-30.7305790845258));
#6422=CARTESIAN_POINT('Ctrl Pts',(66.2919827380822,66.0000023759139,-30.5043735551503));
#6423=CARTESIAN_POINT('Ctrl Pts',(66.2959914819879,66.0000000000081,-30.5021879447903));
#6424=CARTESIAN_POINT('Ctrl Pts',(66.300000008484,66.0000000000081,-30.5000000007993));
#6425=CARTESIAN_POINT('Ctrl Pts',(66.300000008484,66.0000000000081,-30.5000000007993));
#6426=CARTESIAN_POINT('Ctrl Pts',(66.2960086607956,66.0000000000081,-30.4977842862945));
#6427=CARTESIAN_POINT('Ctrl Pts',(66.2920166198631,66.0000026132736,-30.4955707133766));
#6428=CARTESIAN_POINT('Ctrl Pts',(65.8790209266079,66.0004857809876,-30.266521854832));
#6429=CARTESIAN_POINT('Ctrl Pts',(65.057267427848,66.0533985901578,-29.8107885477063));
#6430=CARTESIAN_POINT('Ctrl Pts',(63.8402194612046,66.2880105186789,-29.1529297407069));
#6431=CARTESIAN_POINT('Ctrl Pts',(62.6367968141778,66.6878380138396,-28.540195733693));
#6432=CARTESIAN_POINT('Ctrl Pts',(61.4779191335246,67.2564481522557,-28.0145757981067));
#6433=CARTESIAN_POINT('Ctrl Pts',(60.3766216203404,68.0094062324669,-27.6218218021346));
#6434=CARTESIAN_POINT('Ctrl Pts',(59.3916040896394,68.9347667462568,-27.4460607432738));
#6435=CARTESIAN_POINT('Ctrl Pts',(58.5806928393156,69.9971649480239,-27.5950634957436));
#6436=CARTESIAN_POINT('Ctrl Pts',(58.0346439753713,71.0451291007407,-28.1897129072165));
#6437=CARTESIAN_POINT('Ctrl Pts',(57.7675803724504,71.815534897467,-29.2213034625343));
#6438=CARTESIAN_POINT('Ctrl Pts',(57.6966011420178,72.092722057947,-30.5019196573074));
#6439=CARTESIAN_POINT('Ctrl Pts',(57.7678566419066,71.8149724702257,-31.7798582089406));
#6440=CARTESIAN_POINT('Ctrl Pts',(58.0338356438972,71.0466687323221,-32.8093695682835));
#6441=CARTESIAN_POINT('Ctrl Pts',(58.5825495776578,69.9943454373342,-33.4059644737091));
#6442=CARTESIAN_POINT('Ctrl Pts',(59.3922969584782,68.9341551715851,-33.5536509077307));
#6443=CARTESIAN_POINT('Ctrl Pts',(60.3789161393475,68.0076505336944,-33.3775389201418));
#6444=CARTESIAN_POINT('Ctrl Pts',(61.47832293921,67.2563582406951,-32.9850790351672));
#6445=CARTESIAN_POINT('Ctrl Pts',(62.6422199156798,66.6854563805229,-32.4572591474614));
#6446=CARTESIAN_POINT('Ctrl Pts',(63.8402215631467,66.2884129162409,-31.8469045550027));
#6447=CARTESIAN_POINT('Ctrl Pts',(65.0587778537655,66.0529189868757,-31.1884652123254));
#6448=CARTESIAN_POINT('Ctrl Pts',(65.8789563813631,66.0005120206713,-30.733507433543));
#6449=CARTESIAN_POINT('Ctrl Pts',(66.2920170567234,66.0000024353162,-30.5044290898778));
#6450=CARTESIAN_POINT('Ctrl Pts',(66.2960086607956,66.0000000000081,-30.5022157153042));
#6451=CARTESIAN_POINT('Ctrl Pts',(66.300000008484,66.0000000000081,-30.5000000007993));
#6452=CARTESIAN_POINT('Ctrl Pts',(66.300000008484,66.0000000000081,-30.5000000007993));
#6453=CARTESIAN_POINT('Ctrl Pts',(66.2960430184111,66.0000000000081,-30.4977287452668));
#6454=CARTESIAN_POINT('Ctrl Pts',(66.2920852659019,66.0000027179301,-30.4954596358082));
#6455=CARTESIAN_POINT('Ctrl Pts',(65.8826390063129,66.000504968758,-30.2606663711009));
#6456=CARTESIAN_POINT('Ctrl Pts',(65.0679469931653,66.0555278926714,-29.7935140797542));
#6457=CARTESIAN_POINT('Ctrl Pts',(63.8621036112953,66.2992839052117,-29.1205026154544));
#6458=CARTESIAN_POINT('Ctrl Pts',(62.6714223060742,66.7137256218626,-28.4965812365337));
#6459=CARTESIAN_POINT('Ctrl Pts',(61.5276072596723,67.300786737405,-27.9662231718416));
#6460=CARTESIAN_POINT('Ctrl Pts',(60.4451158235956,68.0728001622835,-27.5777521602356));
#6461=CARTESIAN_POINT('Ctrl Pts',(59.4831388523928,69.011003183387,-27.4163219518272));
#6462=CARTESIAN_POINT('Ctrl Pts',(58.6978312145522,70.0699108224317,-27.5853134693123));
#6463=CARTESIAN_POINT('Ctrl Pts',(58.1693860848966,71.0975631003721,-28.1898295159943));
#6464=CARTESIAN_POINT('Ctrl Pts',(57.9055773342545,71.8537685082513,-29.2200641975987));
#6465=CARTESIAN_POINT('Ctrl Pts',(57.8337775664938,72.128382918947,-30.5019149649403));
#6466=CARTESIAN_POINT('Ctrl Pts',(57.9058469674941,71.8532138435881,-31.7811029358174));
#6467=CARTESIAN_POINT('Ctrl Pts',(58.1686000148961,71.099083422894,-32.8092327673613));
#6468=CARTESIAN_POINT('Ctrl Pts',(58.6996249712191,70.0671302138059,-33.4157568531394));
#6469=CARTESIAN_POINT('Ctrl Pts',(59.4838095002401,69.0103809492908,-33.5834074840298));
#6470=CARTESIAN_POINT('Ctrl Pts',(60.4473640753938,68.0710139837477,-33.4216260408735));
#6471=CARTESIAN_POINT('Ctrl Pts',(61.5280058991886,67.3006844852247,-33.0334294131834));
#6472=CARTESIAN_POINT('Ctrl Pts',(62.6767772692067,66.7112672195643,-32.5008439312606));
#6473=CARTESIAN_POINT('Ctrl Pts',(63.8621106942487,66.2996945940697,-31.8793203461957));
#6474=CARTESIAN_POINT('Ctrl Pts',(65.0694399806561,66.0550331384186,-31.2057278619418));
#6475=CARTESIAN_POINT('Ctrl Pts',(65.8825751958069,66.0005319925609,-30.7393633808436));
#6476=CARTESIAN_POINT('Ctrl Pts',(66.2920856977751,66.0000025346482,-30.5045401643289));
#6477=CARTESIAN_POINT('Ctrl Pts',(66.2960430184111,66.0000000000081,-30.5022712563318));
#6478=CARTESIAN_POINT('Ctrl Pts',(66.300000008484,66.0000000000081,-30.5000000007993));
#6479=CARTESIAN_POINT('Ctrl Pts',(66.300000008484,66.0000000000081,-30.5000000007993));
#6480=CARTESIAN_POINT('Ctrl Pts',(66.2961031442382,66.0000000000081,-30.4976315484685));
#6481=CARTESIAN_POINT('Ctrl Pts',(66.2922053748028,66.0000028057454,-30.4952652458885));
#6482=CARTESIAN_POINT('Ctrl Pts',(65.8889739414811,66.0005228364436,-30.2504198512318));
#6483=CARTESIAN_POINT('Ctrl Pts',(65.0866604100458,66.0574198988032,-29.7632670326537));
#6484=CARTESIAN_POINT('Ctrl Pts',(63.8998093882581,66.3094915504496,-29.0611660655516));
#6485=CARTESIAN_POINT('Ctrl Pts',(62.7293589596227,66.7381507545632,-28.4097764132795));
#6486=CARTESIAN_POINT('Ctrl Pts',(61.6073606787403,67.3454228834289,-27.8554554169619));
#6487=CARTESIAN_POINT('Ctrl Pts',(60.5491241065159,68.1437540073601,-27.4489276940716));
#6488=CARTESIAN_POINT('Ctrl Pts',(59.6133513438553,69.1125221006483,-27.2798068934423));
#6489=CARTESIAN_POINT('Ctrl Pts',(58.8540100904784,70.2018027962854,-27.4568205919288));
#6490=CARTESIAN_POINT('Ctrl Pts',(58.3429947467749,71.2528688515462,-28.0885465860315));
#6491=CARTESIAN_POINT('Ctrl Pts',(58.084065163087,72.0244400526327,-29.1638517772565));
#6492=CARTESIAN_POINT('Ctrl Pts',(58.0124037690417,72.3048720351124,-30.5019987114567));
#6493=CARTESIAN_POINT('Ctrl Pts',(58.0843275138754,72.0238725478263,-31.8373669560901));
#6494=CARTESIAN_POINT('Ctrl Pts',(58.3422319483445,71.2544258127172,-32.9104734854238));
#6495=CARTESIAN_POINT('Ctrl Pts',(58.8557421846398,70.1989513618836,-33.5442992191288));
#6496=CARTESIAN_POINT('Ctrl Pts',(59.613999236398,69.1118770340447,-33.719910624283));
#6497=CARTESIAN_POINT('Ctrl Pts',(60.5513169616464,68.1419088831156,-33.5504218127911));
#6498=CARTESIAN_POINT('Ctrl Pts',(61.6077515948489,67.3453146653693,-33.1441812607914));
#6499=CARTESIAN_POINT('Ctrl Pts',(62.7346142243187,66.7356079819793,-32.5875337444127));
#6500=CARTESIAN_POINT('Ctrl Pts',(63.8998206081265,66.3099157574117,-31.9386502405528));
#6501=CARTESIAN_POINT('Ctrl Pts',(65.0881269688716,66.0569081566382,-31.2359415793255));
#6502=CARTESIAN_POINT('Ctrl Pts',(65.8889112562814,66.000550758376,-30.7496112187772));
#6503=CARTESIAN_POINT('Ctrl Pts',(66.2922057990485,66.0000026163673,-30.5047345453214));
#6504=CARTESIAN_POINT('Ctrl Pts',(66.2961031442382,66.0000000000081,-30.5023684531302));
#6505=CARTESIAN_POINT('Ctrl Pts',(66.300000008484,66.0000000000081,-30.5000000007993));
#6506=CARTESIAN_POINT('Ctrl Pts',(66.300000008484,66.0000000000081,-30.5000000007993));
#6507=CARTESIAN_POINT('Ctrl Pts',(66.2961460912576,66.0000000000081,-30.4975621221839));
#6508=CARTESIAN_POINT('Ctrl Pts',(66.2922911958209,66.0000028087796,-30.49512639771));
#6509=CARTESIAN_POINT('Ctrl Pts',(65.8934944362851,66.0005176788071,-30.243100602425));
#6510=CARTESIAN_POINT('Ctrl Pts',(65.0999739639874,66.0571044962619,-29.7416460792332));
#6511=CARTESIAN_POINT('Ctrl Pts',(63.9255035064867,66.3080877919903,-29.0173766513063));
#6512=CARTESIAN_POINT('Ctrl Pts',(62.7657583523145,66.7358761598309,-28.341983777637));
#6513=CARTESIAN_POINT('Ctrl Pts',(61.6514182837351,67.3443076415381,-27.7615025211769));
#6514=CARTESIAN_POINT('Ctrl Pts',(60.5959877973007,68.1498030955171,-27.3264460943152));
#6515=CARTESIAN_POINT('Ctrl Pts',(59.6563330589977,69.138711462567,-27.1302852621699));
#6516=CARTESIAN_POINT('Ctrl Pts',(58.8865364684453,70.271008920836,-27.2932150544661));
#6517=CARTESIAN_POINT('Ctrl Pts',(58.3679171628795,71.383168983215,-27.9493286810801));
#6518=CARTESIAN_POINT('Ctrl Pts',(58.1109166679104,72.1986493813708,-29.0883037407287));
#6519=CARTESIAN_POINT('Ctrl Pts',(58.0415496264519,72.4919835752529,-30.5021196682323));
#6520=CARTESIAN_POINT('Ctrl Pts',(58.1111804550837,72.1980526647688,-31.9129786002416));
#6521=CARTESIAN_POINT('Ctrl Pts',(58.3671474417444,71.3848038459372,-33.049659484074));
#6522=CARTESIAN_POINT('Ctrl Pts',(58.88829737592,70.2680104198877,-33.707917689595));
#6523=CARTESIAN_POINT('Ctrl Pts',(59.6569900641086,69.1380555929456,-33.86939442506));
#6524=CARTESIAN_POINT('Ctrl Pts',(60.5981822446272,68.1479261223267,-33.672844871072));
#6525=CARTESIAN_POINT('Ctrl Pts',(61.6518064072522,67.3442094529355,-33.2381159843214));
#6526=CARTESIAN_POINT('Ctrl Pts',(62.7709755498868,66.7333277235986,-32.6552074714437));
#6527=CARTESIAN_POINT('Ctrl Pts',(63.9255100455555,66.3085178765379,-31.9824426813418));
#6528=CARTESIAN_POINT('Ctrl Pts',(65.1014285226324,66.0565912904756,-31.2575312280319));
#6529=CARTESIAN_POINT('Ctrl Pts',(65.8934322821679,66.0005457312691,-30.7569316956976));
#6530=CARTESIAN_POINT('Ctrl Pts',(66.2922916164866,66.0000026185237,-30.5048733851571));
#6531=CARTESIAN_POINT('Ctrl Pts',(66.2961460912576,66.0000000000081,-30.5024378794147));
#6532=CARTESIAN_POINT('Ctrl Pts',(66.300000008484,66.0000000000081,-30.5000000007993));
#6533=CARTESIAN_POINT('Ctrl Pts',(66.300000008484,66.0000000000081,-30.5000000007993));
#6534=CARTESIAN_POINT('Ctrl Pts',(66.2961718594692,66.0000000000081,-30.4975204664132));
#6535=CARTESIAN_POINT('Ctrl Pts',(66.292342645232,66.0000027611581,-30.4950430821132));
#6536=CARTESIAN_POINT('Ctrl Pts',(65.8962133243662,66.0005124073944,-30.2387100762284));
#6537=CARTESIAN_POINT('Ctrl Pts',(65.1080181905342,66.0563541628565,-29.7286830680317));
#6538=CARTESIAN_POINT('Ctrl Pts',(63.9403160712213,66.304196409536,-28.9911208934829));
#6539=CARTESIAN_POINT('Ctrl Pts',(62.7848907041333,66.7275427135383,-28.3013297210465));
#6540=CARTESIAN_POINT('Ctrl Pts',(61.6708949094837,67.3318181260977,-27.7051258204192));
#6541=CARTESIAN_POINT('Ctrl Pts',(60.61009163712,68.1366826849842,-27.2528432391648));
#6542=CARTESIAN_POINT('Ctrl Pts',(59.6583041377219,69.1342360316779,-27.0401932256796));
#6543=CARTESIAN_POINT('Ctrl Pts',(58.8715506202796,70.2925971579446,-27.1943019142906));
#6544=CARTESIAN_POINT('Ctrl Pts',(58.341593499175,71.4460941344992,-27.8649985920906));
#6545=CARTESIAN_POINT('Ctrl Pts',(58.0849736226375,72.292884982956,-29.0425699174519));
#6546=CARTESIAN_POINT('Ctrl Pts',(58.0175806425404,72.5957066433998,-30.5021930699209));
#6547=CARTESIAN_POINT('Ctrl Pts',(58.0852406589139,72.2922682514377,-31.9587508648766));
#6548=CARTESIAN_POINT('Ctrl Pts',(58.3408108288383,71.4477814419651,-33.1339705851517));
#6549=CARTESIAN_POINT('Ctrl Pts',(58.8733541328461,70.2895032453802,-33.8068379331879));
#6550=CARTESIAN_POINT('Ctrl Pts',(59.6589765304062,69.1335772431008,-33.9594633696695));
#6551=CARTESIAN_POINT('Ctrl Pts',(60.612305192655,68.1347951761147,-33.7464122145128));
#6552=CARTESIAN_POINT('Ctrl Pts',(61.671283039039,67.331729367527,-33.2944817902416));
#6553=CARTESIAN_POINT('Ctrl Pts',(62.7901026396963,66.7250115974331,-32.6957900080707));
#6554=CARTESIAN_POINT('Ctrl Pts',(63.9403156953989,66.304628009193,-32.0087003154805));
#6555=CARTESIAN_POINT('Ctrl Pts',(65.1094690671815,66.0558441890258,-31.2704754156313));
#6556=CARTESIAN_POINT('Ctrl Pts',(65.8961513291415,66.0005403330942,-30.7613229604754));
#6557=CARTESIAN_POINT('Ctrl Pts',(66.2923430648398,66.0000025717695,-30.5049566957365));
#6558=CARTESIAN_POINT('Ctrl Pts',(66.2961718594692,66.0000000000081,-30.5024795351854));
#6559=CARTESIAN_POINT('Ctrl Pts',(66.300000008484,66.0000000000081,-30.5000000007993));
#6560=CARTESIAN_POINT('Ctrl Pts',(66.300000008484,66.0000000000081,-30.5000000007993));
#6561=CARTESIAN_POINT('Ctrl Pts',(66.2959914819879,66.0000000000081,-30.4978120568083));
#6562=CARTESIAN_POINT('Ctrl Pts',(66.2919822987281,66.0000023919062,-30.4956262486241));
#6563=CARTESIAN_POINT('Ctrl Pts',(66.287973648762,66.0000071715947,-30.4934403157215));
#6564=CARTESIAN_POINT('Ctrl Pts',(66.0809498787804,66.0002540150847,-30.3805494237131));
#6565=CARTESIAN_POINT('Ctrl Pts',(65.8734482337944,66.0068773495582,-30.2673975063545));
#6566=CARTESIAN_POINT('Ctrl Pts',(65.6660355358418,66.0199462867517,-30.1546308271506));
#6567=CARTESIAN_POINT('Ctrl Pts',(65.4619144999029,66.0328078184944,-30.043653767377));
#6568=CARTESIAN_POINT('Ctrl Pts',(65.2578796102015,66.0519121742323,-29.9330497917227));
#6569=CARTESIAN_POINT('Ctrl Pts',(65.054471128208,66.0772806891999,-29.8234559665864));
#6570=CARTESIAN_POINT('Ctrl Pts',(64.8970155162041,66.0969180957167,-29.7386209457477));
#6571=CARTESIAN_POINT('Ctrl Pts',(64.7399352532011,66.1202995708758,-29.6544051839932));
#6572=CARTESIAN_POINT('Ctrl Pts',(64.5832074850263,66.1474835184475,-29.5709414868052));
#6573=CARTESIAN_POINT('Ctrl Pts',(64.4308688486873,66.1739061846514,-29.4898151748471));
#6574=CARTESIAN_POINT('Ctrl Pts',(64.2788632405242,66.2039218478854,-29.4093987059433));
#6575=CARTESIAN_POINT('Ctrl Pts',(64.1271696731751,66.2376206022332,-29.3298461379466));
#6576=CARTESIAN_POINT('Ctrl Pts',(64.0284544115749,66.2595502160539,-29.2780769515665));
#6577=CARTESIAN_POINT('Ctrl Pts',(63.9298712934349,66.2830402810827,-29.2266742851085));
#6578=CARTESIAN_POINT('Ctrl Pts',(63.8314145350085,66.3081226298108,-29.1756902848266));
#6579=CARTESIAN_POINT('Ctrl Pts',(63.6683816446536,66.3496560692148,-29.091266736249));
#6580=CARTESIAN_POINT('Ctrl Pts',(63.5056952262029,66.3955538914712,-29.0079979397169));
#6581=CARTESIAN_POINT('Ctrl Pts',(63.3436861420994,66.4458952011281,-28.9262946038656));
#6582=CARTESIAN_POINT('Ctrl Pts',(63.1881444822424,66.494226878989,-28.8478528760791));
#6583=CARTESIAN_POINT('Ctrl Pts',(63.0332271575891,66.5466547973713,-28.7708541866634));
#6584=CARTESIAN_POINT('Ctrl Pts',(62.8792269671195,66.6032275374165,-28.695704636242));
#6585=CARTESIAN_POINT('Ctrl Pts',(62.7947605235725,66.634256707827,-28.6544864063236));
#6586=CARTESIAN_POINT('Ctrl Pts',(62.7105699845244,66.666532362926,-28.6138252124011));
#6587=CARTESIAN_POINT('Ctrl Pts',(62.6267036623529,66.7000588408855,-28.5737937126323));
#6588=CARTESIAN_POINT('Ctrl Pts',(62.5012657526279,66.7502040148575,-28.5139190510979));
#6589=CARTESIAN_POINT('Ctrl Pts',(62.3765531435054,66.80313567343,-28.4554619628937));
#6590=CARTESIAN_POINT('Ctrl Pts',(62.2526310605282,66.8589478697352,-28.3985967135995));
#6591=CARTESIAN_POINT('Ctrl Pts',(62.1314571870735,66.9135223236972,-28.3429925601152));
#6592=CARTESIAN_POINT('Ctrl Pts',(62.0110391656947,66.9708515502521,-28.288910154088));
#6593=CARTESIAN_POINT('Ctrl Pts',(61.8914379779563,67.0310292330257,-28.2365614399434));
#6594=CARTESIAN_POINT('Ctrl Pts',(61.7756657116569,67.0892803829273,-28.1858886214792));
#6595=CARTESIAN_POINT('Ctrl Pts',(61.6606588158241,67.1502010945281,-28.1368401661814));
#6596=CARTESIAN_POINT('Ctrl Pts',(61.5464726007164,67.2138734637737,-28.0896572872916));
#6597=CARTESIAN_POINT('Ctrl Pts',(61.5183775383765,67.2295397960152,-28.078048128318));
#6598=CARTESIAN_POINT('Ctrl Pts',(61.4903321589298,67.2453726728322,-28.0665521514197));
#6599=CARTESIAN_POINT('Ctrl Pts',(61.4623372862386,67.2613732263101,-28.0551734339891));
#6600=CARTESIAN_POINT('Ctrl Pts',(61.3473438012494,67.3270980976631,-28.0084335046283));
#6601=CARTESIAN_POINT('Ctrl Pts',(61.233202511196,67.3956359997255,-27.9636823007415));
#6602=CARTESIAN_POINT('Ctrl Pts',(61.1201843964012,67.4669931030772,-27.9212619656428));
#6603=CARTESIAN_POINT('Ctrl Pts',(61.009667956947,67.5367707047167,-27.8797806119317));
#6604=CARTESIAN_POINT('Ctrl Pts',(60.9002255197151,67.6092445393215,-27.8405282146976));
#6605=CARTESIAN_POINT('Ctrl Pts',(60.792110465815,67.684387539163,-27.8038613076179));
#6606=CARTESIAN_POINT('Ctrl Pts',(60.6873757748974,67.7571810917638,-27.7683408408433));
#6607=CARTESIAN_POINT('Ctrl Pts',(60.5838867600806,67.8324798727435,-27.7352469555434));
#6608=CARTESIAN_POINT('Ctrl Pts',(60.4818737709274,67.9102222459601,-27.7049356997889));
#6609=CARTESIAN_POINT('Ctrl Pts',(60.441464661424,67.9410173446866,-27.6929288870963));
#6610=CARTESIAN_POINT('Ctrl Pts',(60.4012871535028,67.9721954177572,-27.6813590339823));
#6611=CARTESIAN_POINT('Ctrl Pts',(60.3613555643875,68.0037507528351,-27.6702495811496));
#6612=CARTESIAN_POINT('Ctrl Pts',(60.2697625003892,68.0761307880228,-27.6447672788711));
#6613=CARTESIAN_POINT('Ctrl Pts',(60.1794632857912,68.1504758012179,-27.6217120232548));
#6614=CARTESIAN_POINT('Ctrl Pts',(60.0906313053404,68.226757920279,-27.601362961407));
#6615=CARTESIAN_POINT('Ctrl Pts',(60.0038540363897,68.3012756100604,-27.5814845797262));
#6616=CARTESIAN_POINT('Ctrl Pts',(59.9184769114035,68.3776423177312,-27.5641888055547));
#6617=CARTESIAN_POINT('Ctrl Pts',(59.8346615599412,68.4557999123941,-27.5497718291757));
#6618=CARTESIAN_POINT('Ctrl Pts',(59.7539566882003,68.5310569929026,-27.5358898826197));
#6619=CARTESIAN_POINT('Ctrl Pts',(59.6746998226498,68.6079748523843,-27.5246773111661));
#6620=CARTESIAN_POINT('Ctrl Pts',(59.5970352576419,68.6864655432243,-27.5164289618578));
#6621=CARTESIAN_POINT('Ctrl Pts',(59.5213166911144,68.7629895358012,-27.5083872869219));
#6622=CARTESIAN_POINT('Ctrl Pts',(59.4471116300112,68.8410089076036,-27.5031634164674));
#6623=CARTESIAN_POINT('Ctrl Pts',(59.3745537916761,68.9204018552802,-27.5010561641533));
#6624=CARTESIAN_POINT('Ctrl Pts',(59.2987056786859,69.0033950287839,-27.4988533544324));
#6625=CARTESIAN_POINT('Ctrl Pts',(59.224657568685,69.0878490951202,-27.5000605405097));
#6626=CARTESIAN_POINT('Ctrl Pts',(59.1526596716881,69.1734624230471,-27.5050190680062));
#6627=CARTESIAN_POINT('Ctrl Pts',(59.0847047040376,69.2542682683898,-27.5096991571431));
#6628=CARTESIAN_POINT('Ctrl Pts',(59.018576161128,69.3361064830654,-27.5177214428064));
#6629=CARTESIAN_POINT('Ctrl Pts',(58.9544844251076,69.4186749143409,-27.5293584343848));
#6630=CARTESIAN_POINT('Ctrl Pts',(58.8912441396905,69.5001464344545,-27.5408408300026));
#6631=CARTESIAN_POINT('Ctrl Pts',(58.8299869031906,69.5823288563007,-27.5558429412284));
#6632=CARTESIAN_POINT('Ctrl Pts',(58.7709148239519,69.6648856072086,-27.5746065008854));
#6633=CARTESIAN_POINT('Ctrl Pts',(58.7129125905712,69.7459471847764,-27.5930302364353));
#6634=CARTESIAN_POINT('Ctrl Pts',(58.6570170810575,69.827369524976,-27.6150807904599));
#6635=CARTESIAN_POINT('Ctrl Pts',(58.6034196203659,69.9087904038644,-27.6409617006257));
#6636=CARTESIAN_POINT('Ctrl Pts',(58.5910873135134,69.9275246358539,-27.6469166716572));
#6637=CARTESIAN_POINT('Ctrl Pts',(58.5788766699259,69.9462586102055,-27.6530743081476));
#6638=CARTESIAN_POINT('Ctrl Pts',(58.5667900202257,69.9649875921306,-27.659436861728));
#6639=CARTESIAN_POINT('Ctrl Pts',(58.5199778577144,70.0375258196218,-27.684079330864));
#6640=CARTESIAN_POINT('Ctrl Pts',(58.4750256646635,70.1100097087033,-27.7118062225707));
#6641=CARTESIAN_POINT('Ctrl Pts',(58.4319578485672,70.1820645380653,-27.7426963490647));
#6642=CARTESIAN_POINT('Ctrl Pts',(58.3892425391774,70.253529604284,-27.7733336422892));
#6643=CARTESIAN_POINT('Ctrl Pts',(58.3483808860262,70.3245721351064,-27.8070827313728));
#6644=CARTESIAN_POINT('Ctrl Pts',(58.3093967021793,70.3948148403266,-27.843970716091));
#6645=CARTESIAN_POINT('Ctrl Pts',(58.2705740415986,70.4647665087711,-27.88070586273));
#6646=CARTESIAN_POINT('Ctrl Pts',(58.2336133247062,70.5339244782174,-27.9205540314033));
#6647=CARTESIAN_POINT('Ctrl Pts',(58.1985380697986,70.6019116217438,-27.9634907545814));
#6648=CARTESIAN_POINT('Ctrl Pts',(58.1636414438189,70.6695525248623,-28.0062088124681));
#6649=CARTESIAN_POINT('Ctrl Pts',(58.1306111244141,70.7360339996656,-28.0519840381496));
#6650=CARTESIAN_POINT('Ctrl Pts',(58.09947027239,70.8009875410887,-28.1007409741677));
#6651=CARTESIAN_POINT('Ctrl Pts',(58.0694810824479,70.8635389475064,-28.1476947638106));
#6652=CARTESIAN_POINT('Ctrl Pts',(58.0412441901895,70.9246729567175,-28.197413471047));
#6653=CARTESIAN_POINT('Ctrl Pts',(58.0147802806566,70.9840695306162,-28.249784878258));
#6654=CARTESIAN_POINT('Ctrl Pts',(57.9879261335815,71.0443419680369,-28.3029285556887));
#6655=CARTESIAN_POINT('Ctrl Pts',(57.9628976436633,71.102869895332,-28.3588437630657));
#6656=CARTESIAN_POINT('Ctrl Pts',(57.9395849052231,71.1593182879128,-28.4173707655485));
#6657=CARTESIAN_POINT('Ctrl Pts',(57.9156222319923,71.2173404027017,-28.4775294397119));
#6658=CARTESIAN_POINT('Ctrl Pts',(57.8934723105007,71.2731647700866,-28.5404475784992));
#6659=CARTESIAN_POINT('Ctrl Pts',(57.8730157842537,71.3264536318026,-28.6059003468447));
#6660=CARTESIAN_POINT('Ctrl Pts',(57.853209971988,71.378047395976,-28.6692710886051));
#6661=CARTESIAN_POINT('Ctrl Pts',(57.8349915359689,71.427264105529,-28.7350172489887));
#6662=CARTESIAN_POINT('Ctrl Pts',(57.8182521512786,71.473827836606,-28.8028919208957));
#6663=CARTESIAN_POINT('Ctrl Pts',(57.8006878154442,71.5226863236691,-28.8741115955775));
#6664=CARTESIAN_POINT('Ctrl Pts',(57.7847519044947,71.5686231026518,-28.9476746770846));
#6665=CARTESIAN_POINT('Ctrl Pts',(57.7703192758527,71.6113625836238,-29.0232517294638));
#6666=CARTESIAN_POINT('Ctrl Pts',(57.7558866472107,71.6541020645959,-29.098828781843));
#6667=CARTESIAN_POINT('Ctrl Pts',(57.7429573008762,71.6936438325044,-29.1764192772199));
#6668=CARTESIAN_POINT('Ctrl Pts',(57.7314060942719,71.7297632410683,-29.2556557366357));
#6669=CARTESIAN_POINT('Ctrl Pts',(57.7191379715129,71.7681243710715,-29.3398099418537));
#6670=CARTESIAN_POINT('Ctrl Pts',(57.7084243632483,71.8026538164667,-29.4258797171461));
#6671=CARTESIAN_POINT('Ctrl Pts',(57.6991687093018,71.8331543736563,-29.5134726088438));
#6672=CARTESIAN_POINT('Ctrl Pts',(57.6899226665033,71.8636232588132,-29.600974543353));
#6673=CARTESIAN_POINT('Ctrl Pts',(57.6821315516912,71.8900714146329,-29.6899960194917));
#6674=CARTESIAN_POINT('Ctrl Pts',(57.6756991051834,71.912349153485,-29.7801233389728));
#6675=CARTESIAN_POINT('Ctrl Pts',(57.6692705937295,71.9346132639139,-29.8701955229992));
#6676=CARTESIAN_POINT('Ctrl Pts',(57.6641990887558,71.9527119121337,-29.9613717605232));
#6677=CARTESIAN_POINT('Ctrl Pts',(57.660388507133,71.9665451872945,-30.0532230410218));
#6678=CARTESIAN_POINT('Ctrl Pts',(57.6565784430558,71.9803765836475,-30.1450618464627));
#6679=CARTESIAN_POINT('Ctrl Pts',(57.6540289598406,71.9899436794535,-30.2375750581209));
#6680=CARTESIAN_POINT('Ctrl Pts',(57.6526440135024,71.9951978580398,-30.3303244538203));
#6681=CARTESIAN_POINT('Ctrl Pts',(57.6517929073059,71.9984267657807,-30.3873227527597));
#6682=CARTESIAN_POINT('Ctrl Pts',(57.6513816007376,72.0000278682756,-30.4444100925179));
#6683=CARTESIAN_POINT('Ctrl Pts',(57.6513878031549,71.999999632894,-30.5014841451779));
#6684=CARTESIAN_POINT('Ctrl Pts',(57.6513980591841,71.999952944178,-30.5958591484968));
#6685=CARTESIAN_POINT('Ctrl Pts',(57.65254988473,71.9954486003966,-30.690223615528));
#6686=CARTESIAN_POINT('Ctrl Pts',(57.6549416109371,71.9865151579883,-30.7841253448892));
#6687=CARTESIAN_POINT('Ctrl Pts',(57.6573354576581,71.9775737951549,-30.8781103278923));
#6688=CARTESIAN_POINT('Ctrl Pts',(57.6609714046164,71.9641955359516,-30.9716313094827));
#6689=CARTESIAN_POINT('Ctrl Pts',(57.665948044731,71.9464607484743,-31.0642420213433));
#6690=CARTESIAN_POINT('Ctrl Pts',(57.670927120319,71.9287172819277,-31.1568980551332));
#6691=CARTESIAN_POINT('Ctrl Pts',(57.677248201604,71.9066131457887,-31.248642498538));
#6692=CARTESIAN_POINT('Ctrl Pts',(57.6850100263241,71.8802792077984,-31.3390421243967));
#6693=CARTESIAN_POINT('Ctrl Pts',(57.6927831631402,71.8539068906838,-31.4295734988176));
#6694=CARTESIAN_POINT('Ctrl Pts',(57.7020012459352,71.8232926083998,-31.5187557209212));
#6695=CARTESIAN_POINT('Ctrl Pts',(57.7127634447784,71.7886160861812,-31.6061737321528));
#6696=CARTESIAN_POINT('Ctrl Pts',(57.7185437203468,71.7699916529126,-31.6531251220986));
#6697=CARTESIAN_POINT('Ctrl Pts',(57.7247694213369,71.7501962112259,-31.6995679775991));
#6698=CARTESIAN_POINT('Ctrl Pts',(57.7314559124179,71.7292630391706,-31.7454409921998));
#6699=CARTESIAN_POINT('Ctrl Pts',(57.7426304370251,71.6942793319605,-31.8221043907235));
#6700=CARTESIAN_POINT('Ctrl Pts',(57.7550919206112,71.6560950770111,-31.8972185285349));
#6701=CARTESIAN_POINT('Ctrl Pts',(57.7689612026971,71.6149085616398,-31.9704602057368));
#6702=CARTESIAN_POINT('Ctrl Pts',(57.7829962447719,71.5732298018762,-32.044577237519));
#6703=CARTESIAN_POINT('Ctrl Pts',(57.7984729373013,71.5284768383385,-32.1167762960943));
#6704=CARTESIAN_POINT('Ctrl Pts',(57.8155165044686,71.4808985491665,-32.1867549885741));
#6705=CARTESIAN_POINT('Ctrl Pts',(57.8324071779802,71.4337470731426,-32.2561059193886));
#6706=CARTESIAN_POINT('Ctrl Pts',(57.8508367401279,71.3838211803401,-32.3232758433392));
#6707=CARTESIAN_POINT('Ctrl Pts',(57.8709270751702,71.3314000332694,-32.3880079152183));
#6708=CARTESIAN_POINT('Ctrl Pts',(57.8912901954952,71.2782671152203,-32.4536189150243));
#6709=CARTESIAN_POINT('Ctrl Pts',(57.9133594946316,71.2225711028395,-32.5167250197636));
#6710=CARTESIAN_POINT('Ctrl Pts',(57.9372618893649,71.1646347440122,-32.5771028930628));
#6711=CARTESIAN_POINT('Ctrl Pts',(57.9611642840983,71.106698385185,-32.637480766362));
#6712=CARTESIAN_POINT('Ctrl Pts',(57.9868997744285,71.0465221763438,-32.695130192416));
#6713=CARTESIAN_POINT('Ctrl Pts',(58.0145952771413,70.9844539688607,-32.7498760963887));
#6714=CARTESIAN_POINT('Ctrl Pts',(58.0413073233804,70.9245897791594,-32.8026779947144));
#6715=CARTESIAN_POINT('Ctrl Pts',(58.0698426548982,70.8629184574756,-32.8528203137088));
#6716=CARTESIAN_POINT('Ctrl Pts',(58.1001707221212,70.799776850768,-32.9001673465208));
#6717=CARTESIAN_POINT('Ctrl Pts',(58.1316265802067,70.7342872366333,-32.9492750438215));
#6718=CARTESIAN_POINT('Ctrl Pts',(58.165010983722,70.6672164372492,-32.9953752491745));
#6719=CARTESIAN_POINT('Ctrl Pts',(58.2002898467048,70.5989562767931,-33.0383732643145));
#6720=CARTESIAN_POINT('Ctrl Pts',(58.2346012959486,70.532567940185,-33.0801921918342));
#6721=CARTESIAN_POINT('Ctrl Pts',(58.2707047298327,70.4650551578528,-33.119076976704));
#6722=CARTESIAN_POINT('Ctrl Pts',(58.3085687903101,70.396785033614,-33.1549937051032));
#6723=CARTESIAN_POINT('Ctrl Pts',(58.3480342205838,70.3256275879003,-33.1924294455502));
#6724=CARTESIAN_POINT('Ctrl Pts',(58.3894123495954,70.253647980145,-33.2266404617208));
#6725=CARTESIAN_POINT('Ctrl Pts',(58.4326676700179,70.1812603035196,-33.2576482915258));
#6726=CARTESIAN_POINT('Ctrl Pts',(58.4759229904405,70.1088726268943,-33.2886561213308));
#6727=CARTESIAN_POINT('Ctrl Pts',(58.521055502274,70.0360774536121,-33.3164609759324));
#6728=CARTESIAN_POINT('Ctrl Pts',(58.5680296981917,69.9632784029195,-33.3411432070604));
#6729=CARTESIAN_POINT('Ctrl Pts',(58.6205056276193,69.8819529481265,-33.3687162818833));
#6730=CARTESIAN_POINT('Ctrl Pts',(58.6752799098988,69.8005983903616,-33.3924054315822));
#6731=CARTESIAN_POINT('Ctrl Pts',(58.732175676565,69.71956663875,-33.4124257685072));
#6732=CARTESIAN_POINT('Ctrl Pts',(58.790634268314,69.6363090896608,-33.4329960283271));
#6733=CARTESIAN_POINT('Ctrl Pts',(58.8513324918889,69.5533924257644,-33.44969356974));
#6734=CARTESIAN_POINT('Ctrl Pts',(58.914078500033,69.4711472328677,-33.462772399241));
#6735=CARTESIAN_POINT('Ctrl Pts',(58.9778351500591,69.3875773272284,-33.4760618877663));
#6736=CARTESIAN_POINT('Ctrl Pts',(59.0437060827191,69.304700647936,-33.4856156014782));
#6737=CARTESIAN_POINT('Ctrl Pts',(59.1114900304639,69.2228116700485,-33.4917143855113));
#6738=CARTESIAN_POINT('Ctrl Pts',(59.1808573476713,69.1390098424196,-33.497955631421));
#6739=CARTESIAN_POINT('Ctrl Pts',(59.2522280962695,69.0562423550249,-33.5005790851042));
#6740=CARTESIAN_POINT('Ctrl Pts',(59.3253865724179,68.9747710459073,-33.4998939155693));
#6741=CARTESIAN_POINT('Ctrl Pts',(59.3420736132815,68.9561878941519,-33.4997376322153));
#6742=CARTESIAN_POINT('Ctrl Pts',(59.3588536643691,68.9376719644391,-33.4994092287634));
#6743=CARTESIAN_POINT('Ctrl Pts',(59.375724165905,68.9192259900017,-33.49891239687));
#6744=CARTESIAN_POINT('Ctrl Pts',(59.4515901680247,68.8362751463181,-33.4966781627902));
#6745=CARTESIAN_POINT('Ctrl Pts',(59.5292853193548,68.7547884779316,-33.4910409171309));
#6746=CARTESIAN_POINT('Ctrl Pts',(59.6086404078802,68.6749219195871,-33.4823353678613));
#6747=CARTESIAN_POINT('Ctrl Pts',(59.6894691398308,68.5935722196978,-33.4734681544101));
#6748=CARTESIAN_POINT('Ctrl Pts',(59.7720200322931,68.5139028940231,-33.4614179337165));
#6749=CARTESIAN_POINT('Ctrl Pts',(59.8561142701827,68.4360286371098,-33.446512566839));
#6750=CARTESIAN_POINT('Ctrl Pts',(59.9433473263376,68.3552477227829,-33.4310508569945));
#6751=CARTESIAN_POINT('Ctrl Pts',(60.0322410888082,68.2763979980251,-33.4125172393297));
#6752=CARTESIAN_POINT('Ctrl Pts',(60.1225959630351,68.1995604691701,-33.3912448118575));
#6753=CARTESIAN_POINT('Ctrl Pts',(60.2016844009952,68.1323038857722,-33.3726248638493));
#6754=CARTESIAN_POINT('Ctrl Pts',(60.2818922929745,68.0665880044594,-33.3519060514624));
#6755=CARTESIAN_POINT('Ctrl Pts',(60.3630857844852,68.0024430490036,-33.3292896871874));
#6756=CARTESIAN_POINT('Ctrl Pts',(60.4625798300131,67.9238401831858,-33.3015757222503));
#6757=CARTESIAN_POINT('Ctrl Pts',(60.5635538432288,67.8476200446487,-33.27102108293));
#6758=CARTESIAN_POINT('Ctrl Pts',(60.6658260194187,67.773827825607,-33.2379740325833));
#6759=CARTESIAN_POINT('Ctrl Pts',(60.7704596941041,67.6983317197337,-33.2041639148748));
#6760=CARTESIAN_POINT('Ctrl Pts',(60.8764521739246,67.6253764101981,-33.167745108792));
#6761=CARTESIAN_POINT('Ctrl Pts',(60.9836087673397,67.5549734293322,-33.1290489181913));
#6762=CARTESIAN_POINT('Ctrl Pts',(61.0945397999417,67.4820906032099,-33.0889897091002));
#6763=CARTESIAN_POINT('Ctrl Pts',(61.2067183989593,67.4119425568357,-33.0464900232033));
#6764=CARTESIAN_POINT('Ctrl Pts',(61.3199285664805,67.3445111884805,-33.0018706599075));
#6765=CARTESIAN_POINT('Ctrl Pts',(61.3677418114437,67.3160321869565,-32.983026093257));
#6766=CARTESIAN_POINT('Ctrl Pts',(61.4157390588739,67.288037441636,-32.9638028646819));
#6767=CARTESIAN_POINT('Ctrl Pts',(61.4639040368845,67.2605243601255,-32.9442226785139));
#6768=CARTESIAN_POINT('Ctrl Pts',(61.5854849749278,67.1910741829081,-32.894797193448));
#6769=CARTESIAN_POINT('Ctrl Pts',(61.7081346737222,67.124718032319,-32.8431169833311));
#6770=CARTESIAN_POINT('Ctrl Pts',(61.8316905931163,67.0614176563638,-32.7895192728104));
#6771=CARTESIAN_POINT('Ctrl Pts',(61.9630229101187,66.9941332633368,-32.7325482143356));
#6772=CARTESIAN_POINT('Ctrl Pts',(62.0953791094066,66.9303008586312,-32.6734109943251));
#6773=CARTESIAN_POINT('Ctrl Pts',(62.2285639887346,66.8698508425962,-32.6124546315966));
#6774=CARTESIAN_POINT('Ctrl Pts',(62.3617488680627,66.8094008265612,-32.5514982688681));
#6775=CARTESIAN_POINT('Ctrl Pts',(62.4957624274308,66.7523324883859,-32.4887224014537));
#6776=CARTESIAN_POINT('Ctrl Pts',(62.6304094645936,66.6985633087798,-32.4244191745419));
#6777=CARTESIAN_POINT('Ctrl Pts',(62.7708564701056,66.6424780029043,-32.3573460635783));
#6778=CARTESIAN_POINT('Ctrl Pts',(62.9119927033776,66.5899898592492,-32.2886207822622));
#6779=CARTESIAN_POINT('Ctrl Pts',(63.0537211906136,66.5410020789,-32.2185253058168));
#6780=CARTESIAN_POINT('Ctrl Pts',(63.2014362538511,66.4899450669097,-32.1454690139046));
#6781=CARTESIAN_POINT('Ctrl Pts',(63.34979466107,66.4426896730683,-32.0709241269722));
#6782=CARTESIAN_POINT('Ctrl Pts',(63.4986866236577,66.3991310197173,-31.9951523500135));
#6783=CARTESIAN_POINT('Ctrl Pts',(63.6097019631125,66.3666532512474,-31.9386561537518));
#6784=CARTESIAN_POINT('Ctrl Pts',(63.7210139243002,66.3362306952813,-31.8814766183983));
#6785=CARTESIAN_POINT('Ctrl Pts',(63.8325769987223,66.307824794637,-31.8237041458351));
#6786=CARTESIAN_POINT('Ctrl Pts',(63.998702011117,66.2655264748653,-31.737677001367));
#6787=CARTESIAN_POINT('Ctrl Pts',(64.1653838228454,66.2277097463198,-31.6503579583797));
#6788=CARTESIAN_POINT('Ctrl Pts',(64.3325250590843,66.194280754965,-31.5620449706544));
#6789=CARTESIAN_POINT('Ctrl Pts',(64.5071828265094,66.1593484239096,-31.4697604475897));
#6790=CARTESIAN_POINT('Ctrl Pts',(64.6823422692704,66.1292065571558,-31.3763899469773));
#6791=CARTESIAN_POINT('Ctrl Pts',(64.8578922757253,66.1037735220327,-31.2822225958925));
#6792=CARTESIAN_POINT('Ctrl Pts',(64.9236556568084,66.0942459668097,-31.2469462463209));
#6793=CARTESIAN_POINT('Ctrl Pts',(64.9894738477193,66.0853795347346,-31.2115576274846));
#6794=CARTESIAN_POINT('Ctrl Pts',(65.0553410071591,66.077171121992,-31.1760705221467));
#6795=CARTESIAN_POINT('Ctrl Pts',(65.3005203018853,66.0466167020931,-31.0439758101136));
#6796=CARTESIAN_POINT('Ctrl Pts',(65.5463780917989,66.025183714396,-30.9105315794371));
#6797=CARTESIAN_POINT('Ctrl Pts',(65.7922894283737,66.012786515148,-30.7766868199102));
#6798=CARTESIAN_POINT('Ctrl Pts',(65.9575564860067,66.0044548592302,-30.6867351735375));
#6799=CARTESIAN_POINT('Ctrl Pts',(66.1228477287397,66.0002040555776,-30.5966010146243));
#6800=CARTESIAN_POINT('Ctrl Pts',(66.2879734565062,66.0000071717836,-30.5065597722393));
#6801=CARTESIAN_POINT('Ctrl Pts',(66.2919827380822,66.0000023914106,-30.5043735551122));
#6802=CARTESIAN_POINT('Ctrl Pts',(66.2959914819879,66.0000000000081,-30.5021879447903));
#6803=CARTESIAN_POINT('Ctrl Pts',(66.300000008484,66.0000000000081,-30.5000000007993));
#6804=CARTESIAN_POINT('Origin',(58.0000000000013,69.0000000000081,-30.5000000007991));
#6805=CARTESIAN_POINT('',(57.2000000000012,66.0000000000081,-30.5000000007991));
#6806=CARTESIAN_POINT('',(58.0000000000013,66.0000000000081,-30.5000000007991));
#6807=CARTESIAN_POINT('Origin',(57.2000000000012,69.0000000000081,-30.5000000007991));
#6808=CARTESIAN_POINT('Origin',(57.2000000000012,69.0000000000081,-30.5000000007991));
#6809=CARTESIAN_POINT('',(57.2000000000012,67.400000000008,-30.5000000007989));
#6810=CARTESIAN_POINT('Origin',(57.2000000000012,69.000000000008,-30.5000000007989));
#6811=CARTESIAN_POINT('Origin',(56.3000000093932,69.000000000008,-30.5000000007989));
#6812=CARTESIAN_POINT('',(53.8000000093932,67.400000000008,-30.5000000007989));
#6813=CARTESIAN_POINT('',(56.3000000093932,67.400000000008,-30.5000000007989));
#6814=CARTESIAN_POINT('Origin',(53.8000000093932,69.000000000008,-30.5000000007989));
#6815=CARTESIAN_POINT('Origin',(57.2000000000012,85.0000000000082,-30.5000000007991));
#6816=CARTESIAN_POINT('',(57.2000000000012,83.4000000000081,-30.5000000007989));
#6817=CARTESIAN_POINT('Origin',(57.2000000000012,85.0000000000081,-30.5000000007989));
#6818=CARTESIAN_POINT('Origin',(66.3000000084842,74.5000000022834,-23.5999923714039));
#6819=CARTESIAN_POINT('',(58.5500000084842,74.5000000022834,-23.5999923714037));
#6820=CARTESIAN_POINT('Origin',(66.3000000084842,74.5000000022834,-23.5999923714039));
#6821=CARTESIAN_POINT('Origin',(66.3000000084842,74.5000000022834,-23.4999923714042));
#6822=CARTESIAN_POINT('',(58.5500000084842,74.5000000022834,-22.599992371404));
#6823=CARTESIAN_POINT('Origin',(66.3000000084843,74.5000000022834,-22.5999923714042));
#6824=CARTESIAN_POINT('',(58.5500000084842,74.5000000022834,-23.499992371404));
#6825=CARTESIAN_POINT('Origin',(56.3000000093932,85.0000000000081,-30.5000000007989));
#6826=CARTESIAN_POINT('',(53.8000000093932,83.4000000000081,-30.5000000007989));
#6827=CARTESIAN_POINT('',(56.3000000093932,83.4000000000081,-30.5000000007989));
#6828=CARTESIAN_POINT('Origin',(53.8000000093932,85.0000000000081,-30.5000000007989));
#6829=CARTESIAN_POINT('Origin',(75.5000000089384,78.380000000008,-37.9999923714033));
#6830=CARTESIAN_POINT('',(77.6106601801612,57.7140584539896,-37.9999923706386));
#6831=CARTESIAN_POINT('Origin',(76.5500000083813,58.7747186257694,-37.9999923714033));
#6832=CARTESIAN_POINT('',(74.0959415543994,54.1993398282282,-37.9999923706385));
#6833=CARTESIAN_POINT('',(82.46915043797,62.5725487117981,-37.9999923714035));
#6834=CARTESIAN_POINT('',(73.0352813826197,53.760000000008,-37.9999923706384));
#6835=CARTESIAN_POINT('Origin',(73.0352813826196,55.260000000008,-37.9999923714032));
#6836=CARTESIAN_POINT('',(62.8115728846469,53.7600000000079,-37.9999923706382));
#6837=CARTESIAN_POINT('',(74.5783008675589,53.760000000008,-37.9999923714033));
#6838=CARTESIAN_POINT('',(61.750912712867,54.1993398282282,-37.9999923706381));
#6839=CARTESIAN_POINT('Origin',(62.8115728846468,55.2600000000079,-37.999992371403));
#6840=CARTESIAN_POINT('',(59.0769628731621,56.8732896679333,-37.999992371015));
#6841=CARTESIAN_POINT('',(59.3626894080495,56.5875631330458,-37.9999923714029));
#6842=CARTESIAN_POINT('',(59.8000000000007,58.0987370427155,-37.9999923714029));
#6843=CARTESIAN_POINT('Origin',(58.4000000000004,58.0987370427155,-37.9999923714028));
#6844=CARTESIAN_POINT('',(59.8000000000007,88.6148737294645,-37.9999923714029));
#6845=CARTESIAN_POINT('',(73.1500000083812,61.2600000000081,-37.9999923714032));
#6846=CARTESIAN_POINT('Origin',(70.5500000083812,61.2600000000081,-37.9999923714032));
#6847=CARTESIAN_POINT('Origin',(72.1107101811728,78.6907101717879,-39.3999847420094));
#6848=CARTESIAN_POINT('',(54.2000000093931,95.5000000000054,-39.3999847425188));
#6849=CARTESIAN_POINT('',(53.800000009393,95.1000000000054,-39.3999847425188));
#6850=CARTESIAN_POINT('Origin',(54.200000009393,95.1000000000054,-39.3999847420089));
#6851=CARTESIAN_POINT('',(54.2076118539665,95.5000000000054,-39.3999847425188));
#6852=CARTESIAN_POINT('',(63.0160152623645,95.5000000000076,-39.3999847420092));
#6853=CARTESIAN_POINT('Origin',(54.2076118539656,98.5000000000054,-39.3999847420089));
#6854=CARTESIAN_POINT('Origin',(58.4000000000007,97.8840620339719,-39.3999847420091));
#6855=CARTESIAN_POINT('',(58.4000000000007,83.0250000000046,-39.399984742009));
#6856=CARTESIAN_POINT('Origin',(58.4000000000007,83.4250000000045,-39.3999847420091));
#6857=CARTESIAN_POINT('',(54.200000009393,83.0250000000046,-39.3999847420089));
#6858=CARTESIAN_POINT('',(65.3553550905833,83.0250000000046,-39.3999847420092));
#6859=CARTESIAN_POINT('',(53.8000000093931,83.4250000000045,-39.3999847420089));
#6860=CARTESIAN_POINT('Origin',(54.200000009393,83.4250000000045,-39.3999847420089));
#6861=CARTESIAN_POINT('',(53.8000000093931,88.7766312060466,-39.3999847420089));
#6862=CARTESIAN_POINT('',(53.8000000093931,82.280109402117,-39.3999847420089));
#6863=CARTESIAN_POINT('',(54.4285714379644,89.1048919287059,-39.399984742009));
#6864=CARTESIAN_POINT('Origin',(54.200000009393,88.7766312060466,-39.3999847420089));
#6865=CARTESIAN_POINT('',(57.1000000093928,90.500000000008,-39.3999847420091));
#6866=CARTESIAN_POINT('Origin',(55.400000009393,90.500000000008,-39.399984742009));
#6867=CARTESIAN_POINT('',(54.4285714379644,91.8951080713101,-39.399984742009));
#6868=CARTESIAN_POINT('Origin',(55.400000009393,90.500000000008,-39.399984742009));
#6869=CARTESIAN_POINT('',(53.8000000093931,92.2233687939695,-39.3999847420089));
#6870=CARTESIAN_POINT('Origin',(54.200000009393,92.2233687939695,-39.3999847420089));
#6871=CARTESIAN_POINT('',(53.8000000093931,82.280109402117,-39.3999847420089));
#6872=CARTESIAN_POINT('Origin',(59.8000000000007,88.6148737294645,-38.9999923714029));
#6873=CARTESIAN_POINT('',(58.8000000000004,58.0987370427155,-38.9999923714029));
#6874=CARTESIAN_POINT('Origin',(59.8000000000007,58.0987370427155,-38.9999923714029));
#6875=CARTESIAN_POINT('',(58.8000000000007,88.6148737294645,-38.9999923714029));
#6876=CARTESIAN_POINT('Origin',(58.4000000000004,58.0987370427155,-38.9999923714024));
#6877=CARTESIAN_POINT('',(58.14207198282,57.7930032729854,-38.9999923714024));
#6878=CARTESIAN_POINT('',(58.3289321975277,57.6213203435678,-38.6018479373107));
#6879=CARTESIAN_POINT('Ctrl Pts',(58.3289321975277,57.6213203435678,-38.6018479373107));
#6880=CARTESIAN_POINT('Ctrl Pts',(58.3278293638816,57.6224231772139,-38.6039870504955));
#6881=CARTESIAN_POINT('Ctrl Pts',(58.3267301216742,57.6235206994493,-38.6061245198014));
#6882=CARTESIAN_POINT('Ctrl Pts',(58.2550099751381,57.6950183770948,-38.7459237509246));
#6883=CARTESIAN_POINT('Ctrl Pts',(58.1916996645984,57.7510741890642,-38.8906353969391));
#6884=CARTESIAN_POINT('Ctrl Pts',(58.1431948034907,57.7920556680067,-38.9975192631345));
#6885=CARTESIAN_POINT('Ctrl Pts',(58.1426334810477,57.7925295728617,-38.998755815356));
#6886=CARTESIAN_POINT('Ctrl Pts',(58.1420719828201,57.7930032729853,-38.9999923714024));
#6887=CARTESIAN_POINT('Origin',(58.4000000000004,58.0987370427155,-38.9999923714024));
#6888=CARTESIAN_POINT('Ctrl Pts',(59.0769628731621,56.8732896679332,-37.9999923714024));
#6889=CARTESIAN_POINT('Ctrl Pts',(58.9823963389114,56.967856202184,-37.9999923714024));
#6890=CARTESIAN_POINT('Ctrl Pts',(58.8710956970298,57.0791568440656,-38.0312922580798));
#6891=CARTESIAN_POINT('Ctrl Pts',(58.6873189756397,57.2629335654557,-38.1337142309565));
#6892=CARTESIAN_POINT('Ctrl Pts',(58.5831228596616,57.3671296814338,-38.227628861247));
#6893=CARTESIAN_POINT('Ctrl Pts',(58.4442470255688,57.5060055155266,-38.4013195305457));
#6894=CARTESIAN_POINT('Ctrl Pts',(58.3808940714792,57.5693584696162,-38.5010599988329));
#6895=CARTESIAN_POINT('Ctrl Pts',(58.3289321975276,57.6213203435678,-38.6018479373107));
#6896=CARTESIAN_POINT('Origin',(58.4,58.0987370427148,-63.0000000007992));
#6897=CARTESIAN_POINT('',(58.1420719828198,57.7930032729851,-39.399984742009));
#6898=CARTESIAN_POINT('',(58.1420719828197,57.7930032729847,-63.0000000007992));
#6899=CARTESIAN_POINT('',(58.8000000000007,58.0987370427155,-39.3999847420091));
#6900=CARTESIAN_POINT('Origin',(58.4000000000004,58.0987370427155,-39.3999847420086));
#6901=CARTESIAN_POINT('',(58.8,58.0987370427148,-63.0000000007992));
#6902=CARTESIAN_POINT('Origin',(58.800000000001,98.849747458921,-27.9999847420084));
#6903=CARTESIAN_POINT('',(58.8000000000007,88.7702288153544,-39.3999847420091));
#6904=CARTESIAN_POINT('Origin',(72.1107101811728,78.6907101717879,-39.3999847420094));
#6905=CARTESIAN_POINT('',(56.2076118539676,58.5000000000086,-39.399984742009));
#6906=CARTESIAN_POINT('Origin',(56.2076118539676,55.5000000000086,-39.399984742009));
#6907=CARTESIAN_POINT('',(54.200000009393,58.5000000000086,-39.399984742009));
#6908=CARTESIAN_POINT('',(64.7804813611299,58.5000000000086,-39.3999847420092));
#6909=CARTESIAN_POINT('',(53.8000000093931,58.9000000000086,-39.3999847420089));
#6910=CARTESIAN_POINT('Origin',(54.200000009393,58.9000000000086,-39.3999847420089));
#6911=CARTESIAN_POINT('',(53.8000000093931,61.7766312060466,-39.3999847420089));
#6912=CARTESIAN_POINT('',(53.8000000093931,82.280109402117,-39.3999847420089));
#6913=CARTESIAN_POINT('',(54.4285714379644,62.1048919287059,-39.399984742009));
#6914=CARTESIAN_POINT('Origin',(54.200000009393,61.7766312060466,-39.3999847420089));
#6915=CARTESIAN_POINT('',(57.1000000093928,63.5000000000081,-39.3999847420091));
#6916=CARTESIAN_POINT('Origin',(55.400000009393,63.500000000008,-39.399984742009));
#6917=CARTESIAN_POINT('',(54.4285714379644,64.8951080713101,-39.399984742009));
#6918=CARTESIAN_POINT('Origin',(55.400000009393,63.500000000008,-39.399984742009));
#6919=CARTESIAN_POINT('',(53.8000000093931,65.2233687939695,-39.3999847420089));
#6920=CARTESIAN_POINT('Origin',(54.200000009393,65.2233687939695,-39.3999847420089));
#6921=CARTESIAN_POINT('',(53.8000000093931,70.5750000000046,-39.3999847420089));
#6922=CARTESIAN_POINT('',(53.8000000093931,82.280109402117,-39.3999847420089));
#6923=CARTESIAN_POINT('',(54.200000009393,70.9750000000046,-39.3999847420089));
#6924=CARTESIAN_POINT('Origin',(54.200000009393,70.5750000000046,-39.3999847420089));
#6925=CARTESIAN_POINT('',(58.3122359294621,70.9750000000046,-39.399984742009));
#6926=CARTESIAN_POINT('',(62.9553550905833,70.9750000000046,-39.3999847420091));
#6927=CARTESIAN_POINT('Origin',(58.3122359294621,70.5750000000046,-39.3999847420091));
#6928=CARTESIAN_POINT('Origin',(58.5999999999937,83.0250000000046,-39.6000000008001));
#6929=CARTESIAN_POINT('',(58.4000000000007,83.0250000000046,-37.8000000008001));
#6930=CARTESIAN_POINT('',(58.4000000000008,83.0250000000046,-33.7999923714043));
#6931=CARTESIAN_POINT('',(54.2000000093931,83.0250000000046,-37.8000000007999));
#6932=CARTESIAN_POINT('',(57.3999999999938,83.0250000000046,-37.8000000008001));
#6933=CARTESIAN_POINT('',(54.200000009393,83.0250000000046,-38.8000000007993));
#6934=CARTESIAN_POINT('Origin',(54.200000009393,83.4250000000045,-38.8000000007993));
#6935=CARTESIAN_POINT('',(53.800000009393,83.4250000000045,-37.8000000008));
#6936=CARTESIAN_POINT('Origin',(54.2000000093931,83.4250000000045,-37.8000000008));
#6937=CARTESIAN_POINT('',(53.800000009393,83.4250000000045,-38.8000000007993));
#6938=CARTESIAN_POINT('Origin',(58.4000000000008,83.4250000000045,-33.7999923714043));
#6939=CARTESIAN_POINT('Origin',(58.4000000000007,83.4250000000045,-37.8000000008002));
#6940=CARTESIAN_POINT('Origin',(56.1999999999938,76.9432720205527,-37.8000000008001));
#6941=CARTESIAN_POINT('',(54.2000000093931,70.9750000000045,-37.8000000007999));
#6942=CARTESIAN_POINT('',(58.3122359294621,70.9750000000045,-37.8000000008001));
#6943=CARTESIAN_POINT('',(54.9999999999938,70.9750000000045,-37.8000000008));
#6944=CARTESIAN_POINT('',(53.800000009393,70.5750000000046,-37.8000000008));
#6945=CARTESIAN_POINT('Origin',(54.2000000093931,70.5750000000046,-37.8000000008));
#6946=CARTESIAN_POINT('',(53.800000009393,81.4063903264994,-37.8000000008));
#6947=CARTESIAN_POINT('Origin',(58.3122359294621,70.5750000000046,-37.8000000008002));
#6948=CARTESIAN_POINT('Origin',(58.3122359294623,70.5750000000046,-27.9999847420083));
#6949=CARTESIAN_POINT('',(58.3122359294623,70.9750000000046,-27.9999847420083));
#6950=CARTESIAN_POINT('Origin',(53.7999999999937,70.9750000000046,-39.6000000008));
#6951=CARTESIAN_POINT('',(54.200000009393,70.9750000000046,-38.8000000007993));
#6952=CARTESIAN_POINT('Origin',(54.200000009393,70.5750000000046,-38.8000000007993));
#6953=CARTESIAN_POINT('',(53.800000009393,70.5750000000046,-38.8000000007993));
#6954=CARTESIAN_POINT('Origin',(71.5000000093935,78.3800000000081,-18.4000000008));
#6955=CARTESIAN_POINT('',(73.1500000083818,61.2600000000081,-18.4000000007995));
#6956=CARTESIAN_POINT('Origin',(70.5500000083817,61.2600000000081,-18.4000000008));
#6957=CARTESIAN_POINT('',(68.5500000083818,61.2600000000081,-18.4000000007994));
#6958=CARTESIAN_POINT('Origin',(70.5500000083818,61.2600000000081,-18.4000000007994));
#6959=CARTESIAN_POINT('Origin',(81.0500000083817,83.0000000011457,-23.9999923714043));
#6960=CARTESIAN_POINT('',(70.7000000092687,83.0000000011458,-24.9999923714041));
#6961=CARTESIAN_POINT('Origin',(55.4000000093934,90.5000000000081,-24.175000000799));
#6962=CARTESIAN_POINT('',(57.1000000093933,90.500000000008,-23.6500000007991));
#6963=CARTESIAN_POINT('Origin',(55.4000000093933,90.500000000008,-23.650000000799));
#6964=CARTESIAN_POINT('',(57.7500000093934,90.5000000000081,-23.0000000007991));
#6965=CARTESIAN_POINT('',(56.5750000093934,90.5000000000081,-24.175000000799));
#6966=CARTESIAN_POINT('Origin',(55.4000000093934,90.5000000000081,-23.000000000799));
#6967=CARTESIAN_POINT('Origin',(53.8000000093931,85.8695086324462,-34.0000000007987));
#6968=CARTESIAN_POINT('',(53.8000000093933,58.9000000000086,-27.8000000007987));
#6969=CARTESIAN_POINT('',(53.8000000093935,58.9000000000086,-33.3999847420091));
#6970=CARTESIAN_POINT('',(53.8000000093934,61.7766312060466,-27.8000000007988));
#6971=CARTESIAN_POINT('',(53.8000000093934,62.6766312060467,-27.8000000007988));
#6972=CARTESIAN_POINT('',(53.8000000093935,61.7766312060466,-33.3999847420091));
#6973=CARTESIAN_POINT('Origin',(54.2000000093927,58.9000000000086,-46.5000000007989));
#6974=CARTESIAN_POINT('',(54.2000000093933,58.5000000000086,-27.800000000798));
#6975=CARTESIAN_POINT('',(54.2000000093934,58.5000000000086,-33.3999847420091));
#6976=CARTESIAN_POINT('Origin',(54.2000000093933,58.9000000000086,-27.800000000798));
#6977=CARTESIAN_POINT('Origin',(55.4000000093934,63.5000000000081,-24.175000000799));
#6978=CARTESIAN_POINT('',(57.1000000093934,63.5000000000081,-23.6500000007991));
#6979=CARTESIAN_POINT('Origin',(55.4000000093933,63.500000000008,-23.650000000799));
#6980=CARTESIAN_POINT('',(57.7500000093935,63.5000000000081,-23.0000000007991));
#6981=CARTESIAN_POINT('',(56.5750000093934,63.5000000000081,-24.175000000799));
#6982=CARTESIAN_POINT('Origin',(55.4000000093934,63.5000000000081,-23.000000000799));
#6983=CARTESIAN_POINT('Origin',(56.6662427987613,96.0088834764948,-18.500000000799));
#6984=CARTESIAN_POINT('',(56.9289321928309,96.9786796517509,-19.000000000799));
#6985=CARTESIAN_POINT('',(62.5109127128681,102.560660171788,-19.0000000007992));
#6986=CARTESIAN_POINT('Origin',(76.5500000083818,97.2573593128887,-18.1104755327299));
#6987=CARTESIAN_POINT('',(76.9816713967582,97.6890307012651,-18.11047553273));
#6988=CARTESIAN_POINT('',(77.1604755403122,97.2573593128887,-18.11047553273));
#6989=CARTESIAN_POINT('Origin',(77.5500000083818,77.2500000000141,-18.5000000007996));
#6990=CARTESIAN_POINT('',(77.0938413268217,60.896038969329,-18.0438413192395));
#6991=CARTESIAN_POINT('Origin',(76.5500000083818,60.896038969329,-18.0438413192395));
#6992=CARTESIAN_POINT('',(76.9345538925401,60.5114850851707,-18.0438413192395));
#6993=CARTESIAN_POINT('Origin',(70.9139610390603,55.260000000008,-18.5756100604943));
#6994=CARTESIAN_POINT('',(70.9139610390603,53.760000000008,-19.0000000007994));
#6995=CARTESIAN_POINT('',(72.4139610390602,53.760000000008,-19.621320344359));
#6996=CARTESIAN_POINT('Ctrl Pts',(70.9139610390603,53.760000000008,-19.0000000007994));
#6997=CARTESIAN_POINT('Ctrl Pts',(71.5352813826178,53.760000000008,-19.0000000007973));
#6998=CARTESIAN_POINT('Ctrl Pts',(72.4139610390602,53.760000000008,-19.621320344359));
#6999=CARTESIAN_POINT('',(71.674532206183,54.4994288328852,-18.5756100604943));
#7000=CARTESIAN_POINT('',(70.9139610390603,54.1843899403131,-18.5756100604943));
#7001=CARTESIAN_POINT('Origin',(62.9502525410873,103.000000000008,-59.0000000007993));
#7002=CARTESIAN_POINT('',(74.4286796648222,103.000000000008,-20.0606601725793));
#7003=CARTESIAN_POINT('',(74.4286796648211,103.000000000008,-59.0000000007996));
#7004=CARTESIAN_POINT('',(63.5715728846479,103.000000000008,-19.0000000007992));
#7005=CARTESIAN_POINT('',(63.5715728846481,103.000000000008,-23.9999933250796));
#7006=CARTESIAN_POINT('',(72.3073593212626,103.000000000008,-19.0000000007994));
#7007=CARTESIAN_POINT('',(71.7251262752416,103.000000000008,-19.0000000007994));
#7008=CARTESIAN_POINT('',(73.8073593212626,103.000000000008,-19.6213203443592));
#7009=CARTESIAN_POINT('Ctrl Pts',(73.8073593212626,103.000000000008,-19.6213203443592));
#7010=CARTESIAN_POINT('Ctrl Pts',(72.9286796648227,103.000000000008,-19.0000000008));
#7011=CARTESIAN_POINT('Ctrl Pts',(72.3073593212626,103.000000000008,-19.0000000007995));
#7012=CARTESIAN_POINT('',(83.1847522841992,103.000000000008,-26.2521384983032));
#7013=CARTESIAN_POINT('Origin',(72.3073593212626,101.500000000008,-17.6360820256124));
#7014=CARTESIAN_POINT('',(72.3073593212626,101.636082024821,-17.6360820256124));
#7015=CARTESIAN_POINT('',(72.4035838438055,101.596224522551,-17.6360820256124));
#7016=CARTESIAN_POINT('Origin',(76.5500000083806,99.3786796564484,-59.0000000007997));
#7017=CARTESIAN_POINT('',(77.6106601801615,100.439339828228,-20.5000000007996));
#7018=CARTESIAN_POINT('Origin',(76.5500000083817,99.3786796564484,-19.0000000007996));
#7019=CARTESIAN_POINT('',(77.6106601801605,100.439339828228,-59.0000000007997));
#7020=CARTESIAN_POINT('Origin',(84.6839466180386,92.6589466091642,-20.0000000007998));
#7021=CARTESIAN_POINT('',(75.489339836602,102.560660171788,-20.5000000007995));
#7022=CARTESIAN_POINT('Origin',(74.4286796648222,101.500000000008,-19.0000000007995));
#7023=CARTESIAN_POINT('',(85.0375000086319,93.0124999997575,-20.5000000007998));
#7024=CARTESIAN_POINT('Origin',(76.5500000083807,101.500000000008,-59.0000000007997));
#7025=CARTESIAN_POINT('',(75.489339836601,102.560660171788,-59.0000000007997));
#7026=CARTESIAN_POINT('Origin',(74.4286796648211,101.500000000008,-59.0000000007996));
#7027=CARTESIAN_POINT('Origin',(81.6455970474944,62.4561021025085,-20.0000000007997));
#7028=CARTESIAN_POINT('',(77.6106601801615,57.7140584539895,-20.5000000007996));
#7029=CARTESIAN_POINT('Origin',(76.5500000083817,58.7747186257694,-19.0000000007996));
#7030=CARTESIAN_POINT('',(73.0352813826201,53.760000000008,-20.0606601725793));
#7031=CARTESIAN_POINT('',(85.2762860616472,53.7600000000081,-28.7163575896557));
#7032=CARTESIAN_POINT('',(74.0959415543998,54.1993398282282,-20.5000000007995));
#7033=CARTESIAN_POINT('Origin',(73.0352813826201,55.260000000008,-19.0000000007995));
#7034=CARTESIAN_POINT('',(81.9991504380876,62.1025487119152,-20.5000000007997));
#7035=CARTESIAN_POINT('Origin',(52.8000000093942,92.0000000000057,-23.8000000007991));
#7036=CARTESIAN_POINT('',(52.8000000093942,62.4000000000057,-28.0000000007991));
#7037=CARTESIAN_POINT('',(52.8000000093942,62.4000000000057,-27.8000000007979));
#7038=CARTESIAN_POINT('',(52.8000000093942,62.4000000000057,-23.8000000007991));
#7039=CARTESIAN_POINT('',(52.8000000093942,91.6000000000057,-28.0000000007991));
#7040=CARTESIAN_POINT('',(52.8000000093942,92.0000000000057,-28.0000000007991));
#7041=CARTESIAN_POINT('',(52.8000000093942,91.6000000000057,-27.800000000798));
#7042=CARTESIAN_POINT('',(52.8000000093942,91.6000000000057,-23.8000000007986));
#7043=CARTESIAN_POINT('',(52.8000000093942,84.5000000000069,-27.800000000798));
#7044=CARTESIAN_POINT('Origin',(52.4000000093942,91.6000000000057,-23.8000000007986));
#7045=CARTESIAN_POINT('',(52.4000000093942,92.0000000000057,-28.0000000007989));
#7046=CARTESIAN_POINT('Origin',(52.4000000093942,91.6000000000057,-28.0000000007991));
#7047=CARTESIAN_POINT('',(52.4000000093942,92.0000000000057,-27.8000000007979));
#7048=CARTESIAN_POINT('',(52.4000000093942,92.0000000000057,-23.8000000007986));
#7049=CARTESIAN_POINT('Origin',(52.4000000093942,91.6000000000057,-27.8000000007979));
#7050=CARTESIAN_POINT('Origin',(52.4000000093942,62.4000000000057,-23.8000000007991));
#7051=CARTESIAN_POINT('',(52.4000000093942,62.0000000000057,-28.0000000007991));
#7052=CARTESIAN_POINT('Origin',(52.4000000093942,62.4000000000057,-28.0000000007991));
#7053=CARTESIAN_POINT('',(52.4000000093942,62.0000000000057,-27.8000000007979));
#7054=CARTESIAN_POINT('Origin',(52.4000000093942,62.4000000000057,-27.8000000007979));
#7055=CARTESIAN_POINT('',(52.4000000093942,62.0000000000057,-23.8000000007991));
#7056=CARTESIAN_POINT('Origin',(52.8000000093942,62.0000000000057,-23.8000000007991));
#7057=CARTESIAN_POINT('',(50.8000000093933,62.0000000000057,-28.000000000799));
#7058=CARTESIAN_POINT('',(50.8000000093933,62.0000000000057,-27.8000000007979));
#7059=CARTESIAN_POINT('',(50.8000000093929,62.0000000000057,-41.400000000799));
#7060=CARTESIAN_POINT('',(52.8000000093942,62.0000000000057,-28.0000000007991));
#7061=CARTESIAN_POINT('',(52.6071428665366,62.0000000000057,-27.8000000007979));
#7062=CARTESIAN_POINT('Origin',(50.8000000093929,62.4000000000057,-41.400000000799));
#7063=CARTESIAN_POINT('Origin',(50.8000000093933,62.4000000000057,-28.0000000007991));
#7064=CARTESIAN_POINT('Origin',(50.8000000093933,62.4000000000057,-27.8000000007979));
#7065=CARTESIAN_POINT('Origin',(53.3144660940685,77.4393398282257,-28.0000000007991));
#7066=CARTESIAN_POINT('',(50.8000000093933,92.0000000000057,-28.0000000007982));
#7067=CARTESIAN_POINT('Origin',(50.8000000093933,91.6000000000057,-28.000000000799));
#7068=CARTESIAN_POINT('',(50.3000000000011,92.0000000000057,-28.000000000798));
#7069=CARTESIAN_POINT('Origin',(56.807611853968,54.9000000000086,-18.500000000799));
#7070=CARTESIAN_POINT('',(58.3289321975278,57.6213203435681,-18.8823085471751));
#7071=CARTESIAN_POINT('Ctrl Pts',(56.807611853968,58.4393876913484,-18.4606123094592));
#7072=CARTESIAN_POINT('Ctrl Pts',(57.263087618567,58.3464140902258,-18.5535859105818));
#7073=CARTESIAN_POINT('Ctrl Pts',(57.6927636929187,58.1432352045085,-18.6649084323476));
#7074=CARTESIAN_POINT('Ctrl Pts',(58.0400363283346,57.8753358806248,-18.7795196503699));
#7075=CARTESIAN_POINT('Ctrl Pts',(58.1397662554444,57.7984004203583,-18.8124337566186));
#7076=CARTESIAN_POINT('Ctrl Pts',(58.2367849509534,57.7134675901426,-18.8468410554318));
#7077=CARTESIAN_POINT('Ctrl Pts',(58.3289321975278,57.6213203435681,-18.8823085471751));
#7078=CARTESIAN_POINT('',(58.9289321975278,57.0213203435681,-19.0000000007991));
#7079=CARTESIAN_POINT('Ctrl Pts',(58.3289321975278,57.6213203435681,-18.8823085471751));
#7080=CARTESIAN_POINT('Ctrl Pts',(58.6347035634679,57.3155489776281,-19.0000000007991));
#7081=CARTESIAN_POINT('Ctrl Pts',(58.9289321975278,57.0213203435681,-19.0000000007991));
#7082=CARTESIAN_POINT('',(58.9289321975278,57.0213203435681,-19.0000000007991));
#7083=CARTESIAN_POINT('Origin',(70.5500000083818,61.2600000000081,-18.2000000007994));
#7084=CARTESIAN_POINT('',(68.3500000083818,61.2600000000081,-18.2000000007994));
#7085=CARTESIAN_POINT('Origin',(55.4000000093935,63.5000000000081,-20.500000000799));
#7086=CARTESIAN_POINT('',(57.7500000093936,63.5000000000081,-18.4000000007991));
#7087=CARTESIAN_POINT('',(57.7500000093935,63.5000000000081,-20.5000000007991));
#7088=CARTESIAN_POINT('',(53.0500000093936,63.5000000000081,-18.4000000007989));
#7089=CARTESIAN_POINT('Origin',(55.4000000093936,63.5000000000081,-18.400000000799));
#7090=CARTESIAN_POINT('Origin',(55.4000000093936,63.5000000000081,-18.400000000799));
#7091=CARTESIAN_POINT('Origin',(55.4000000093936,63.5000000000081,-18.200000000799));
#7092=CARTESIAN_POINT('',(52.8500000093936,63.5000000000081,-18.200000000799));
#7093=CARTESIAN_POINT('Origin',(55.4000000093935,90.5000000000081,-20.500000000799));
#7094=CARTESIAN_POINT('',(57.7500000093936,90.5000000000081,-18.400000000799));
#7095=CARTESIAN_POINT('',(57.7500000093935,90.5000000000081,-20.5000000007991));
#7096=CARTESIAN_POINT('Origin',(55.4000000093936,90.5000000000081,-18.400000000799));
#7097=CARTESIAN_POINT('Origin',(55.4000000093936,90.5000000000081,-18.200000000799));
#7098=CARTESIAN_POINT('',(57.9500000093936,90.5000000000081,-18.200000000799));
#7099=CARTESIAN_POINT('Origin',(66.3000000084844,74.5000000022834,-18.0000000007992));
#7100=CARTESIAN_POINT('',(63.5000000084844,74.5000000022834,-19.4000000007983));
#7101=CARTESIAN_POINT('Origin',(66.3000000084843,74.5000000022834,-19.4000000007984));
#7102=CARTESIAN_POINT('',(63.5000000084844,74.5000000022834,-18.4000000007992));
#7103=CARTESIAN_POINT('',(63.5000000084844,74.5000000022834,-18.0000000007991));
#7104=CARTESIAN_POINT('Origin',(66.3000000084844,74.5000000022834,-18.4000000007993));
#7105=CARTESIAN_POINT('Origin',(66.3000000084844,74.5000000022834,-18.2000000007993));
#7106=CARTESIAN_POINT('',(63.3000000084844,74.5000000022834,-18.2000000007993));
#7107=CARTESIAN_POINT('Origin',(63.2862427987541,53.3711165235279,-18.5000000007992));
#7108=CARTESIAN_POINT('',(61.7509127128674,54.1993398282282,-19.0000000007991));
#7109=CARTESIAN_POINT('',(62.458019494054,54.9064466094147,-18.0000000007992));
#7110=CARTESIAN_POINT('',(62.9326894081608,53.0175631329347,-19.0000000007992));
#7111=CARTESIAN_POINT('Origin',(77.0783008677873,54.2600000000081,-18.5000000007996));
#7112=CARTESIAN_POINT('',(62.8115728846473,53.7600000000079,-19.0000000007992));
#7113=CARTESIAN_POINT('',(62.8115728846473,53.7600000000079,-19.0000000007992));
#7114=CARTESIAN_POINT('',(77.0783008677873,53.7600000000081,-19.0000000007996));
#7115=CARTESIAN_POINT('Ctrl Pts',(62.8115728846473,54.7600000000079,-18.0000000007992));
#7116=CARTESIAN_POINT('Ctrl Pts',(62.8115728846473,54.4266666666746,-18.3333333341325));
#7117=CARTESIAN_POINT('Ctrl Pts',(62.8115728846473,54.0933333333413,-18.6666666674659));
#7118=CARTESIAN_POINT('Ctrl Pts',(62.8115728846473,53.7600000000079,-19.0000000007992));
#7119=CARTESIAN_POINT('Ctrl Pts',(62.7477923125865,54.7600000000079,-18.0000000007992));
#7120=CARTESIAN_POINT('Ctrl Pts',(62.705313280848,54.4265300550626,-18.3333333341325));
#7121=CARTESIAN_POINT('Ctrl Pts',(62.6627102002032,54.0934699449532,-18.6666666674658));
#7122=CARTESIAN_POINT('Ctrl Pts',(62.6202311684647,53.7600000000079,-19.0000000007992));
#7123=CARTESIAN_POINT('Ctrl Pts',(62.6150206047366,54.7854808201321,-18.0000000007992));
#7124=CARTESIAN_POINT('Ctrl Pts',(62.4840109998368,54.469195655182,-18.3333333341325));
#7125=CARTESIAN_POINT('Ctrl Pts',(62.3529256498148,54.1527276253306,-18.6666666674658));
#7126=CARTESIAN_POINT('Ctrl Pts',(62.221916044915,53.8364424603804,-19.0000000007992));
#7127=CARTESIAN_POINT('Ctrl Pts',(62.5031191690662,54.8613469344025,-18.0000000007992));
#7128=CARTESIAN_POINT('Ctrl Pts',(62.297357521074,54.5955108636093,-18.3333333341325));
#7129=CARTESIAN_POINT('Ctrl Pts',(62.0919733858962,54.3298768739848,-18.6666666674658));
#7130=CARTESIAN_POINT('Ctrl Pts',(61.8862117379039,54.0640408031916,-19.0000000007992));
#7131=CARTESIAN_POINT('Ctrl Pts',(62.458019494054,54.9064466094147,-18.0000000007992));
#7132=CARTESIAN_POINT('Ctrl Pts',(62.2223172336585,54.6707443490192,-18.3333333341325));
#7133=CARTESIAN_POINT('Ctrl Pts',(61.9866149732629,54.4350420886237,-18.6666666674658));
#7134=CARTESIAN_POINT('Ctrl Pts',(61.7509127128674,54.1993398282282,-19.0000000007992));
#7135=CARTESIAN_POINT('Origin',(62.8115728846473,55.2600000000079,-19.0000000007995));
#7136=CARTESIAN_POINT('Origin',(71.7251262752416,102.500000000008,-18.5000000007994));
#7137=CARTESIAN_POINT('',(63.571572884648,102.000000000008,-18.0000000007992));
#7138=CARTESIAN_POINT('Origin',(63.5715728846468,101.500000000008,-59.0000000007993));
#7139=CARTESIAN_POINT('Origin',(63.5715728846479,101.500000000008,-19.0000000007991));
#7140=CARTESIAN_POINT('Ctrl Pts',(63.2180194940547,101.853553390601,-18.0000000007992));
#7141=CARTESIAN_POINT('Ctrl Pts',(62.9823172336592,102.089255650997,-18.3333333341325));
#7142=CARTESIAN_POINT('Ctrl Pts',(62.7466149732637,102.324957911392,-18.6666666674658));
#7143=CARTESIAN_POINT('Ctrl Pts',(62.5109127128681,102.560660171788,-19.0000000007992));
#7144=CARTESIAN_POINT('Ctrl Pts',(63.2631191690669,101.898653065614,-18.0000000007992));
#7145=CARTESIAN_POINT('Ctrl Pts',(63.0573575210747,102.164489136407,-18.3333333341325));
#7146=CARTESIAN_POINT('Ctrl Pts',(62.8519733858969,102.430123126031,-18.6666666674658));
#7147=CARTESIAN_POINT('Ctrl Pts',(62.6462117379047,102.695959196824,-19.0000000007992));
#7148=CARTESIAN_POINT('Ctrl Pts',(63.3750220799296,101.974515618454,-18.0000000007992));
#7149=CARTESIAN_POINT('Ctrl Pts',(63.2440124750298,102.290800783405,-18.3333333341325));
#7150=CARTESIAN_POINT('Ctrl Pts',(63.1129300753926,102.607261690397,-18.6666666674659));
#7151=CARTESIAN_POINT('Ctrl Pts',(62.9819204704928,102.923546855347,-19.0000000007992));
#7152=CARTESIAN_POINT('Ctrl Pts',(63.5077923125871,102.000000000008,-18.0000000007992));
#7153=CARTESIAN_POINT('Ctrl Pts',(63.4653132808486,102.333469944953,-18.3333333341325));
#7154=CARTESIAN_POINT('Ctrl Pts',(63.4227102002039,102.666530055063,-18.6666666674659));
#7155=CARTESIAN_POINT('Ctrl Pts',(63.3802311684654,103.000000000008,-19.0000000007992));
#7156=CARTESIAN_POINT('Ctrl Pts',(63.571572884648,102.000000000008,-18.0000000007992));
#7157=CARTESIAN_POINT('Ctrl Pts',(63.571572884648,102.333333333341,-18.3333333341325));
#7158=CARTESIAN_POINT('Ctrl Pts',(63.5715728846479,102.666666666675,-18.6666666674659));
#7159=CARTESIAN_POINT('Ctrl Pts',(63.5715728846479,103.000000000008,-19.0000000007992));
#7160=CARTESIAN_POINT('Origin',(50.4000000093936,92.5710678118738,-18.0000000007989));
#7161=CARTESIAN_POINT('',(47.0108044849984,89.1818722874789,-27.8000000007978));
#7162=CARTESIAN_POINT('Origin',(66.3000000084848,74.5000000022835,-19.4000000007984));
#7163=CARTESIAN_POINT('',(70.3000000084847,74.5000000022835,-19.4000000007985));
#7164=CARTESIAN_POINT('Origin',(66.3000000084848,74.5000000022835,-19.4000000007984));
#7165=CARTESIAN_POINT('Origin',(66.3000000084847,74.5000000022835,-19.5000000007984));
#7166=CARTESIAN_POINT('',(70.3000000084847,74.5000000022835,-19.6000000007983));
#7167=CARTESIAN_POINT('Origin',(66.3000000084847,74.5000000022835,-19.6000000007982));
#7168=CARTESIAN_POINT('',(70.3000000084847,74.5000000022835,-19.5000000007985));
#7169=CARTESIAN_POINT('Origin',(50.3049142585674,92.0000000000057,-23.800000000798));
#7170=CARTESIAN_POINT('',(50.8000000093933,92.0000000000057,-27.8000000007979));
#7171=CARTESIAN_POINT('',(51.3595999911232,92.0000000000057,-27.8000000007979));
#7172=CARTESIAN_POINT('',(50.8000000093924,92.0000000000057,-59.000000000799));
#7173=CARTESIAN_POINT('Origin',(50.8000000093924,91.6000000000057,-59.000000000799));
#7174=CARTESIAN_POINT('Origin',(50.8000000093933,91.6000000000057,-27.8000000007979));
#7175=CARTESIAN_POINT('Origin',(57.4502525410864,58.5000000000086,-59.0000000007991));
#7176=CARTESIAN_POINT('',(56.207611853968,58.5000000000086,-33.3999847420091));
#7177=CARTESIAN_POINT('',(53.9213203435607,58.5000000000059,-27.800000000798));
#7178=CARTESIAN_POINT('Origin',(56.207611853967,55.5000000000086,-59.0000000007991));
#7179=CARTESIAN_POINT('',(58.3289321975278,57.6213203435682,-33.3999847420092));
#7180=CARTESIAN_POINT('Origin',(62.1902525410865,53.7600000000079,-59.0000000007993));
#7181=CARTESIAN_POINT('',(61.7509127128674,54.1993398282282,-33.3999847420093));
#7182=CARTESIAN_POINT('Origin',(62.8115728846462,55.2600000000079,-59.0000000007993));
#7183=CARTESIAN_POINT('',(62.8115728846472,53.760000000008,-33.3999847420093));
#7184=CARTESIAN_POINT('Origin',(73.6566017261786,53.760000000008,-59.0000000007996));
#7185=CARTESIAN_POINT('',(73.0352813826201,53.7600000000081,-33.3999847420096));
#7186=CARTESIAN_POINT('Origin',(73.035281382619,55.260000000008,-59.0000000007996));
#7187=CARTESIAN_POINT('',(74.0959415543998,54.1993398282282,-33.3999847420096));
#7188=CARTESIAN_POINT('Origin',(78.0500000083806,58.1533982822097,-59.0000000007997));
#7189=CARTESIAN_POINT('',(77.6106601801615,57.7140584539896,-33.3999847420097));
#7190=CARTESIAN_POINT('Origin',(76.5500000083806,58.7747186257694,-59.0000000007997));
#7191=CARTESIAN_POINT('Origin',(70.8000000093924,93.0000000000081,-59.0000000007995));
#7192=CARTESIAN_POINT('Origin',(52.4142857236791,77.0000000000081,-27.8000000007979));
#7193=CARTESIAN_POINT('',(53.8000000093932,95.1000000000054,-27.800000000798));
#7194=CARTESIAN_POINT('',(53.8000000093934,92.2233687939695,-27.8000000007987));
#7195=CARTESIAN_POINT('',(53.8000000093937,85.4248737341609,-27.800000000798));
#7196=CARTESIAN_POINT('',(54.4285714379647,91.8951080713102,-27.800000000798));
#7197=CARTESIAN_POINT('Origin',(54.2000000093933,92.2233687939695,-27.800000000798));
#7198=CARTESIAN_POINT('',(54.4285714379647,89.1048919287059,-27.800000000798));
#7199=CARTESIAN_POINT('Origin',(55.4000000093933,90.500000000008,-27.800000000798));
#7200=CARTESIAN_POINT('',(53.8000000093934,88.7766312060466,-27.8000000007988));
#7201=CARTESIAN_POINT('Origin',(54.2000000093933,88.7766312060466,-27.800000000798));
#7202=CARTESIAN_POINT('',(53.8000000093934,65.2233687939695,-27.8000000007987));
#7203=CARTESIAN_POINT('',(53.8000000093934,87.8766312060467,-27.8000000007988));
#7204=CARTESIAN_POINT('',(54.4285714379647,64.8951080713102,-27.800000000798));
#7205=CARTESIAN_POINT('Origin',(54.2000000093933,65.2233687939695,-27.800000000798));
#7206=CARTESIAN_POINT('',(54.4285714379647,62.1048919287059,-27.800000000798));
#7207=CARTESIAN_POINT('Origin',(55.4000000093933,63.500000000008,-27.800000000798));
#7208=CARTESIAN_POINT('Origin',(54.2000000093933,61.7766312060466,-27.800000000798));
#7209=CARTESIAN_POINT('',(54.2000000093932,95.5000000000054,-27.800000000798));
#7210=CARTESIAN_POINT('',(53.1678030336176,95.5000000000051,-27.800000000798));
#7211=CARTESIAN_POINT('Origin',(54.2000000093933,95.1000000000054,-27.800000000798));
#7212=CARTESIAN_POINT('Origin',(54.8076118445766,99.1000000000054,-18.5000000007995));
#7213=CARTESIAN_POINT('',(54.807611843767,95.5606123065837,-18.4606123073777));
#7214=CARTESIAN_POINT('',(54.8076118445775,95.6000000000154,-18.5000000008096));
#7215=CARTESIAN_POINT('Ctrl Pts',(54.8076118445766,95.560612306749,-18.460612307543));
#7216=CARTESIAN_POINT('Ctrl Pts',(55.2233244180657,95.645469278972,-18.5454692798613));
#7217=CARTESIAN_POINT('Ctrl Pts',(55.6411250334688,95.8278253338046,-18.6504393482629));
#7218=CARTESIAN_POINT('Ctrl Pts',(56.1141871268034,96.1790937251465,-18.8033370425104));
#7219=CARTESIAN_POINT('Ctrl Pts',(56.2256784929646,96.2754259518846,-18.8425661735481));
#7220=CARTESIAN_POINT('Ctrl Pts',(56.3289321975257,96.3786796564457,-18.8823085425942));
#7221=CARTESIAN_POINT('Origin',(67.2106601764749,95.3000000000099,-18.2000000007993));
#7222=CARTESIAN_POINT('',(54.2076118539669,95.5000000000054,-18.400000000799));
#7223=CARTESIAN_POINT('Origin',(54.207611853966,98.5000000000054,-21.4000000008199));
#7224=CARTESIAN_POINT('',(67.2106601764749,95.5000000000086,-18.4000000007994));
#7225=CARTESIAN_POINT('Origin',(70.7000000092684,82.6000000011457,-24.4999923714041));
#7226=CARTESIAN_POINT('',(70.3000000092684,82.6000000011845,-24.4999923714041));
#7227=CARTESIAN_POINT('Origin',(70.3000000092103,82.0000000018961,-24.999992371404));
#7228=CARTESIAN_POINT('',(70.3000000092332,82.2362781768327,-23.9999847420087));
#7229=CARTESIAN_POINT('Origin',(70.7000000092332,82.2362781767939,-23.9999847420087));
#7230=CARTESIAN_POINT('Origin',(63.7378221819933,71.9378221757923,-19.4000000007982));
#7231=CARTESIAN_POINT('',(61.1397459706399,70.4378221757923,-22.1999923714041));
#7232=CARTESIAN_POINT('',(62.2378221819932,69.339745964439,-22.1999923714041));
#7233=CARTESIAN_POINT('Origin',(63.7378221819932,71.9378221757923,-22.1999923714041));
#7234=CARTESIAN_POINT('',(61.13974597064,70.4378221757923,-19.6000000007981));
#7235=CARTESIAN_POINT('',(61.13974597064,70.4378221757923,-19.4000000007981));
#7236=CARTESIAN_POINT('',(62.2378221819933,69.339745964439,-19.6000000007981));
#7237=CARTESIAN_POINT('Origin',(63.7378221819933,71.9378221757923,-19.6000000007981));
#7238=CARTESIAN_POINT('',(62.2378221819933,69.339745964439,-19.4000000007981));
#7239=CARTESIAN_POINT('Origin',(61.1330472408292,70.4494247161708,-19.4000000007981));
#7240=CARTESIAN_POINT('',(60.201923797131,72.0621778287744,-22.199992371404));
#7241=CARTESIAN_POINT('',(60.9019410623573,70.8497123592271,-22.1999923714041));
#7242=CARTESIAN_POINT('',(60.2019237971311,72.0621778287744,-19.600000000798));
#7243=CARTESIAN_POINT('',(60.2019237971311,72.0621778287744,-19.4000000007981));
#7244=CARTESIAN_POINT('',(60.7493964212927,71.1139274279734,-19.6000000007981));
#7245=CARTESIAN_POINT('Origin',(62.8000000084847,73.5621778287745,-19.4000000007982));
#7246=CARTESIAN_POINT('',(59.8000000084843,73.5621778287745,-22.199992371404));
#7247=CARTESIAN_POINT('Origin',(62.8000000084846,73.5621778287745,-22.1999923714041));
#7248=CARTESIAN_POINT('',(59.8000000084844,73.5621778287745,-19.600000000798));
#7249=CARTESIAN_POINT('',(59.8000000084844,73.5621778287745,-19.4000000007981));
#7250=CARTESIAN_POINT('Origin',(62.8000000084846,73.5621778287745,-19.6000000007981));
#7251=CARTESIAN_POINT('Origin',(59.8000000084844,73.575575288396,-19.4000000007981));
#7252=CARTESIAN_POINT('',(59.8000000084843,75.4378221757922,-22.199992371404));
#7253=CARTESIAN_POINT('',(59.8000000084843,74.0377876453397,-22.199992371404));
#7254=CARTESIAN_POINT('',(59.8000000084844,75.4378221757922,-19.600000000798));
#7255=CARTESIAN_POINT('',(59.8000000084844,75.4378221757922,-19.4000000007981));
#7256=CARTESIAN_POINT('',(59.8000000084844,75.9777876442021,-19.600000000798));
#7257=CARTESIAN_POINT('Origin',(62.8000000084848,75.4378221757922,-19.4000000007982));
#7258=CARTESIAN_POINT('',(60.2019237971311,76.9378221757924,-22.199992371404));
#7259=CARTESIAN_POINT('Origin',(62.8000000084847,75.4378221757922,-22.1999923714041));
#7260=CARTESIAN_POINT('',(60.2019237971311,76.9378221757924,-19.600000000798));
#7261=CARTESIAN_POINT('',(60.2019237971311,76.9378221757924,-19.4000000007981));
#7262=CARTESIAN_POINT('Origin',(62.8000000084848,75.4378221757922,-19.6000000007981));
#7263=CARTESIAN_POINT('Origin',(60.2086225269419,76.9494247161708,-19.4000000007981));
#7264=CARTESIAN_POINT('',(61.1397459706399,78.5621778287744,-22.1999923714041));
#7265=CARTESIAN_POINT('',(60.4397287054136,77.3497123592271,-22.199992371404));
#7266=CARTESIAN_POINT('',(61.1397459706399,78.5621778287744,-19.6000000007981));
#7267=CARTESIAN_POINT('',(61.1397459706399,78.5621778287744,-19.4000000007981));
#7268=CARTESIAN_POINT('',(61.9672733467056,79.9954972887742,-19.6000000007981));
#7269=CARTESIAN_POINT('Origin',(63.7378221819934,77.0621778287743,-19.4000000007982));
#7270=CARTESIAN_POINT('',(62.2378221819932,79.6602540401278,-22.1999923714041));
#7271=CARTESIAN_POINT('Origin',(63.7378221819934,77.0621778287743,-22.1999923714041));
#7272=CARTESIAN_POINT('',(62.2378221819933,79.6602540401277,-19.6000000007981));
#7273=CARTESIAN_POINT('',(62.2378221819933,79.6602540401278,-19.4000000007982));
#7274=CARTESIAN_POINT('Origin',(63.7378221819934,77.0621778287743,-19.6000000007981));
#7275=CARTESIAN_POINT('Origin',(62.2494247223718,79.6669527699385,-19.4000000007981));
#7276=CARTESIAN_POINT('',(63.8621778349754,80.5980762136367,-22.1999923714041));
#7277=CARTESIAN_POINT('',(62.649712365428,79.8980589484104,-22.1999923714041));
#7278=CARTESIAN_POINT('',(63.8621778349755,80.5980762136367,-19.6000000007981));
#7279=CARTESIAN_POINT('',(63.8621778349755,80.5980762136367,-19.4000000007982));
#7280=CARTESIAN_POINT('',(65.5522570069473,81.5738438785264,-19.6000000007982));
#7281=CARTESIAN_POINT('Origin',(65.3621778349755,78.0000000022835,-19.4000000007982));
#7282=CARTESIAN_POINT('',(65.3621778349754,81.0000000022834,-22.1999923714042));
#7283=CARTESIAN_POINT('Origin',(65.3621778349754,78.0000000022835,-22.1999923714042));
#7284=CARTESIAN_POINT('',(65.3621778349755,81.0000000022834,-19.6000000007982));
#7285=CARTESIAN_POINT('',(65.3621778349755,81.0000000022834,-19.4000000007982));
#7286=CARTESIAN_POINT('Origin',(65.3621778349755,78.0000000022835,-19.6000000007982));
#7287=CARTESIAN_POINT('Origin',(65.375575294597,81.0000000022834,-19.4000000007982));
#7288=CARTESIAN_POINT('',(67.2378221819932,81.0000000022834,-22.1999923714042));
#7289=CARTESIAN_POINT('',(65.8377876515406,81.0000000022834,-22.1999923714042));
#7290=CARTESIAN_POINT('',(67.2378221819933,81.0000000022834,-19.6000000007982));
#7291=CARTESIAN_POINT('',(67.2378221819933,81.0000000022834,-19.4000000007983));
#7292=CARTESIAN_POINT('',(68.5877876519952,81.0000000022834,-19.6000000007983));
#7293=CARTESIAN_POINT('Origin',(67.2378221819933,78.0000000022833,-19.4000000007983));
#7294=CARTESIAN_POINT('',(68.7378221819933,80.5980762136367,-22.1999923714043));
#7295=CARTESIAN_POINT('Origin',(67.2378221819932,78.0000000022833,-22.1999923714042));
#7296=CARTESIAN_POINT('',(68.7378221819933,80.5980762136367,-19.6000000007983));
#7297=CARTESIAN_POINT('',(68.7378221819933,80.5980762136367,-19.4000000007983));
#7298=CARTESIAN_POINT('Origin',(67.2378221819933,78.0000000022833,-19.6000000007982));
#7299=CARTESIAN_POINT('Origin',(68.7494247223718,80.5913774838259,-19.4000000007983));
#7300=CARTESIAN_POINT('',(70.3621778349753,79.6602540401278,-22.1999923714043));
#7301=CARTESIAN_POINT('',(69.149712365428,80.3602713053541,-22.1999923714043));
#7302=CARTESIAN_POINT('',(70.3621778349754,79.6602540401278,-19.6000000007983));
#7303=CARTESIAN_POINT('',(70.3621778349754,79.6602540401278,-19.4000000007984));
#7304=CARTESIAN_POINT('',(70.3721677245907,79.6544863746693,-19.6000000007983));
#7305=CARTESIAN_POINT('Origin',(71.8000000093935,78.3800000000081,-19.6000000007984));
#7306=CARTESIAN_POINT('',(72.8000000084844,73.5621778287746,-19.6000000007984));
#7307=CARTESIAN_POINT('',(72.3980762198376,72.0621778287744,-19.6000000007984));
#7308=CARTESIAN_POINT('Origin',(69.800000008484,73.5621778287746,-19.6000000007983));
#7309=CARTESIAN_POINT('',(71.4602540463288,70.4378221757924,-19.6000000007983));
#7310=CARTESIAN_POINT('',(73.687815952847,74.2960725748869,-19.6000000007984));
#7311=CARTESIAN_POINT('',(70.3621778349754,69.339745964439,-19.6000000007983));
#7312=CARTESIAN_POINT('Origin',(68.8621778349754,71.9378221757924,-19.6000000007983));
#7313=CARTESIAN_POINT('',(68.7378221819933,68.4019237909301,-19.6000000007983));
#7314=CARTESIAN_POINT('',(72.8528322930599,70.7777259862724,-19.6000000007984));
#7315=CARTESIAN_POINT('',(67.2378221819933,68.0000000022834,-19.6000000007982));
#7316=CARTESIAN_POINT('Origin',(67.2378221819933,71.0000000022833,-19.6000000007982));
#7317=CARTESIAN_POINT('',(65.3621778349756,68.0000000022834,-19.6000000007982));
#7318=CARTESIAN_POINT('',(69.5122123658826,68.0000000022834,-19.6000000007983));
#7319=CARTESIAN_POINT('',(63.8621778349754,68.4019237909301,-19.6000000007981));
#7320=CARTESIAN_POINT('Origin',(65.3621778349756,71.0000000022837,-19.6000000007982));
#7321=CARTESIAN_POINT('',(64.6727430107033,67.9339437685279,-19.6000000007982));
#7322=CARTESIAN_POINT('',(71.4602540463288,78.5621778287744,-19.6000000007983));
#7323=CARTESIAN_POINT('Origin',(68.8621778349752,77.0621778287743,-19.6000000007983));
#7324=CARTESIAN_POINT('',(72.3980762198376,76.9378221757924,-19.6000000007984));
#7325=CARTESIAN_POINT('',(71.5455143135467,78.414502714086,-19.6000000007983));
#7326=CARTESIAN_POINT('',(72.8000000084844,75.4378221757922,-19.6000000007984));
#7327=CARTESIAN_POINT('Origin',(69.800000008484,75.4378221757922,-19.6000000007983));
#7328=CARTESIAN_POINT('',(72.8000000084843,76.9022123580894,-19.6000000007984));
#7329=CARTESIAN_POINT('Origin',(66.3000000084843,74.5000000022834,-22.5999923714042));
#7330=CARTESIAN_POINT('',(63.7467077811374,68.2019237909301,-22.5999923714041));
#7331=CARTESIAN_POINT('',(62.1223521281553,69.139745964439,-22.5999923714041));
#7332=CARTESIAN_POINT('',(63.3348175977027,68.4397286992127,-22.5999923714041));
#7333=CARTESIAN_POINT('',(65.3621778349755,67.7690598946075,-22.5999923714042));
#7334=CARTESIAN_POINT('Origin',(65.3621778349755,71.0000000022837,-22.5999923714042));
#7335=CARTESIAN_POINT('',(67.2378221819933,67.7690598946075,-22.5999923714042));
#7336=CARTESIAN_POINT('',(66.762212365428,67.7690598946075,-22.5999923714042));
#7337=CARTESIAN_POINT('',(68.8532922358311,68.20192379093,-22.5999923714043));
#7338=CARTESIAN_POINT('Origin',(67.2378221819933,71.0000000022833,-22.5999923714042));
#7339=CARTESIAN_POINT('',(70.4776478888133,69.139745964439,-22.5999923714043));
#7340=CARTESIAN_POINT('',(70.0657577053785,68.9019410561564,-22.5999923714043));
#7341=CARTESIAN_POINT('',(71.6602540463287,70.3223521219544,-22.5999923714043));
#7342=CARTESIAN_POINT('Origin',(68.8621778349753,71.9378221757924,-22.5999923714043));
#7343=CARTESIAN_POINT('',(72.5980762198376,71.9467077749364,-22.5999923714044));
#7344=CARTESIAN_POINT('',(72.360271311555,71.5348175915018,-22.5999923714044));
#7345=CARTESIAN_POINT('',(73.0309401161602,73.5621778287746,-22.5999923714044));
#7346=CARTESIAN_POINT('Origin',(69.8000000084839,73.5621778287746,-22.5999923714043));
#7347=CARTESIAN_POINT('',(73.0309401161601,75.4378221757922,-22.5999923714044));
#7348=CARTESIAN_POINT('',(73.0309401161602,74.9622123592271,-22.5999923714044));
#7349=CARTESIAN_POINT('',(72.5980762198376,77.0532922296303,-22.5999923714044));
#7350=CARTESIAN_POINT('Origin',(69.8000000084839,75.4378221757922,-22.5999923714043));
#7351=CARTESIAN_POINT('',(71.6602540463287,78.6776478826124,-22.5999923714043));
#7352=CARTESIAN_POINT('',(71.8980589546113,78.2657576991776,-22.5999923714044));
#7353=CARTESIAN_POINT('',(70.4776478888132,79.8602540401278,-22.5999923714043));
#7354=CARTESIAN_POINT('Origin',(68.8621778349751,77.0621778287743,-22.5999923714043));
#7355=CARTESIAN_POINT('',(68.8532922358311,80.7980762136367,-22.5999923714043));
#7356=CARTESIAN_POINT('',(69.2651824192659,80.5602713053541,-22.5999923714043));
#7357=CARTESIAN_POINT('',(67.2378221819932,81.2309401099592,-22.5999923714042));
#7358=CARTESIAN_POINT('Origin',(67.2378221819932,78.0000000022833,-22.5999923714042));
#7359=CARTESIAN_POINT('',(65.3621778349754,81.2309401099593,-22.5999923714042));
#7360=CARTESIAN_POINT('',(65.8377876515406,81.2309401099592,-22.5999923714042));
#7361=CARTESIAN_POINT('',(63.7467077811375,80.7980762136367,-22.5999923714041));
#7362=CARTESIAN_POINT('Origin',(65.3621778349754,78.0000000022835,-22.5999923714042));
#7363=CARTESIAN_POINT('',(62.1223521281553,79.8602540401277,-22.5999923714041));
#7364=CARTESIAN_POINT('',(62.5342423115901,80.0980589484104,-22.5999923714041));
#7365=CARTESIAN_POINT('',(60.9397459706398,78.6776478826123,-22.5999923714041));
#7366=CARTESIAN_POINT('Origin',(63.7378221819934,77.0621778287743,-22.5999923714041));
#7367=CARTESIAN_POINT('',(60.001923797131,77.0532922296303,-22.599992371404));
#7368=CARTESIAN_POINT('',(60.2397287054136,77.465182413065,-22.599992371404));
#7369=CARTESIAN_POINT('',(59.5690599008085,75.4378221757922,-22.599992371404));
#7370=CARTESIAN_POINT('Origin',(62.8000000084847,75.4378221757922,-22.5999923714041));
#7371=CARTESIAN_POINT('',(59.5690599008084,73.5621778287745,-22.599992371404));
#7372=CARTESIAN_POINT('',(59.5690599008085,74.0377876453397,-22.599992371404));
#7373=CARTESIAN_POINT('',(60.001923797131,71.9467077749365,-22.599992371404));
#7374=CARTESIAN_POINT('Origin',(62.8000000084846,73.5621778287745,-22.5999923714041));
#7375=CARTESIAN_POINT('',(60.9397459706399,70.3223521219544,-22.5999923714041));
#7376=CARTESIAN_POINT('',(60.7019410623573,70.7342423053892,-22.599992371404));
#7377=CARTESIAN_POINT('Origin',(63.7378221819932,71.9378221757923,-22.5999923714041));
#7378=CARTESIAN_POINT('Origin',(63.850575294597,68.4086225207409,-19.4000000007982));
#7379=CARTESIAN_POINT('',(63.8621778349753,68.4019237909301,-22.1999923714041));
#7380=CARTESIAN_POINT('',(63.4502876515406,68.6397286992127,-22.1999923714041));
#7381=CARTESIAN_POINT('',(63.8621778349754,68.4019237909301,-19.4000000007982));
#7382=CARTESIAN_POINT('Origin',(65.3621778349756,71.0000000022837,-19.4000000007982));
#7383=CARTESIAN_POINT('',(65.3621778349755,68.0000000022834,-22.1999923714042));
#7384=CARTESIAN_POINT('Origin',(65.3621778349755,71.0000000022837,-22.1999923714042));
#7385=CARTESIAN_POINT('',(65.3621778349756,68.0000000022834,-19.4000000007982));
#7386=CARTESIAN_POINT('Origin',(67.2244247223718,68.0000000022834,-19.4000000007983));
#7387=CARTESIAN_POINT('',(67.2378221819933,68.0000000022834,-22.1999923714042));
#7388=CARTESIAN_POINT('',(66.762212365428,68.0000000022834,-22.1999923714042));
#7389=CARTESIAN_POINT('',(67.2378221819934,68.0000000022834,-19.4000000007983));
#7390=CARTESIAN_POINT('Origin',(67.2378221819934,71.0000000022833,-19.4000000007983));
#7391=CARTESIAN_POINT('',(68.7378221819932,68.4019237909301,-22.1999923714043));
#7392=CARTESIAN_POINT('Origin',(67.2378221819933,71.0000000022833,-22.1999923714042));
#7393=CARTESIAN_POINT('',(68.7378221819933,68.4019237909301,-19.4000000007983));
#7394=CARTESIAN_POINT('Origin',(70.350575294597,69.3330472346282,-19.4000000007984));
#7395=CARTESIAN_POINT('',(70.3621778349754,69.339745964439,-22.1999923714043));
#7396=CARTESIAN_POINT('',(69.9502876515406,69.1019410561564,-22.1999923714043));
#7397=CARTESIAN_POINT('',(70.3621778349754,69.339745964439,-19.4000000007984));
#7398=CARTESIAN_POINT('Origin',(68.8621778349754,71.9378221757924,-19.4000000007983));
#7399=CARTESIAN_POINT('',(71.4602540463287,70.4378221757924,-22.1999923714043));
#7400=CARTESIAN_POINT('Origin',(68.8621778349753,71.9378221757924,-22.1999923714043));
#7401=CARTESIAN_POINT('',(71.4602540463288,70.4378221757924,-19.4000000007984));
#7402=CARTESIAN_POINT('Origin',(72.3913774900269,72.050575288396,-19.4000000007984));
#7403=CARTESIAN_POINT('',(72.3980762198376,72.0621778287744,-22.1999923714044));
#7404=CARTESIAN_POINT('',(72.160271311555,71.6502876453397,-22.1999923714044));
#7405=CARTESIAN_POINT('',(72.3980762198377,72.0621778287744,-19.4000000007984));
#7406=CARTESIAN_POINT('Origin',(69.800000008484,73.5621778287746,-19.4000000007984));
#7407=CARTESIAN_POINT('',(72.8000000084843,73.5621778287746,-22.1999923714044));
#7408=CARTESIAN_POINT('Origin',(69.8000000084839,73.5621778287746,-22.1999923714043));
#7409=CARTESIAN_POINT('',(72.8000000084844,73.5621778287746,-19.4000000007984));
#7410=CARTESIAN_POINT('Origin',(72.8000000084844,75.4244247161708,-19.4000000007984));
#7411=CARTESIAN_POINT('',(72.8000000084843,75.4378221757922,-22.1999923714044));
#7412=CARTESIAN_POINT('',(72.8000000084843,74.9622123592271,-22.1999923714044));
#7413=CARTESIAN_POINT('',(72.8000000084844,75.4378221757922,-19.4000000007984));
#7414=CARTESIAN_POINT('Origin',(69.800000008484,75.4378221757922,-19.4000000007984));
#7415=CARTESIAN_POINT('',(72.3980762198376,76.9378221757924,-22.1999923714044));
#7416=CARTESIAN_POINT('Origin',(69.800000008484,75.4378221757922,-22.1999923714043));
#7417=CARTESIAN_POINT('',(72.3980762198377,76.9378221757924,-19.4000000007984));
#7418=CARTESIAN_POINT('Origin',(71.4669527761395,78.550575288396,-19.4000000007984));
#7419=CARTESIAN_POINT('',(71.4602540463287,78.5621778287744,-22.1999923714043));
#7420=CARTESIAN_POINT('',(71.6980589546113,78.1502876453397,-22.1999923714043));
#7421=CARTESIAN_POINT('',(71.4602540463288,78.5621778287744,-19.4000000007984));
#7422=CARTESIAN_POINT('Origin',(68.8621778349752,77.0621778287743,-19.4000000007983));
#7423=CARTESIAN_POINT('Origin',(68.8621778349752,77.0621778287743,-22.1999923714043));
#7424=CARTESIAN_POINT('Origin',(69.2074473923469,80.4602713053541,-22.3999923714043));
#7425=CARTESIAN_POINT('',(68.8532922358311,80.7980762136367,-22.5999923714043));
#7426=CARTESIAN_POINT('',(70.3621778349753,79.6602540401278,-22.1999923714043));
#7427=CARTESIAN_POINT('Origin',(68.8621778349751,77.0621778287743,-22.3999923714043));
#7428=CARTESIAN_POINT('',(71.4602540463287,78.5621778287744,-22.1999923714043));
#7429=CARTESIAN_POINT('Origin',(67.2378221819932,78.0000000022833,-22.3999923714042));
#7430=CARTESIAN_POINT('',(67.2378221819932,81.2309401099592,-22.5999923714042));
#7431=CARTESIAN_POINT('Origin',(71.7980589546113,78.2080226722587,-22.3999923714044));
#7432=CARTESIAN_POINT('',(72.3980762198376,76.9378221757924,-22.1999923714044));
#7433=CARTESIAN_POINT('Origin',(65.8377876515406,81.1154700561213,-22.3999923714042));
#7434=CARTESIAN_POINT('',(65.3621778349754,81.2309401099593,-22.5999923714042));
#7435=CARTESIAN_POINT('Origin',(69.8000000084839,75.4378221757922,-22.3999923714043));
#7436=CARTESIAN_POINT('',(72.8000000084843,75.4378221757922,-22.1999923714044));
#7437=CARTESIAN_POINT('Origin',(65.3621778349754,78.0000000022835,-22.3999923714042));
#7438=CARTESIAN_POINT('',(63.7467077811375,80.7980762136367,-22.5999923714041));
#7439=CARTESIAN_POINT('Origin',(72.9154700623222,74.9622123592271,-22.3999923714044));
#7440=CARTESIAN_POINT('',(72.8000000084843,73.5621778287746,-22.1999923714044));
#7441=CARTESIAN_POINT('Origin',(62.591977338509,79.9980589484104,-22.3999923714041));
#7442=CARTESIAN_POINT('',(62.1223521281553,79.8602540401277,-22.5999923714041));
#7443=CARTESIAN_POINT('Origin',(69.8000000084839,73.5621778287746,-22.3999923714043));
#7444=CARTESIAN_POINT('',(72.3980762198376,72.0621778287744,-22.1999923714044));
#7445=CARTESIAN_POINT('Origin',(63.7378221819934,77.0621778287743,-22.3999923714041));
#7446=CARTESIAN_POINT('',(60.9397459706398,78.6776478826123,-22.5999923714041));
#7447=CARTESIAN_POINT('Origin',(72.260271311555,71.5925526184207,-22.3999923714044));
#7448=CARTESIAN_POINT('',(71.4602540463287,70.4378221757924,-22.1999923714043));
#7449=CARTESIAN_POINT('Origin',(60.3397287054136,77.407447386146,-22.399992371404));
#7450=CARTESIAN_POINT('',(60.001923797131,77.0532922296303,-22.599992371404));
#7451=CARTESIAN_POINT('Origin',(68.8621778349753,71.9378221757924,-22.3999923714043));
#7452=CARTESIAN_POINT('',(70.3621778349754,69.339745964439,-22.1999923714043));
#7453=CARTESIAN_POINT('Origin',(62.8000000084847,75.4378221757922,-22.3999923714041));
#7454=CARTESIAN_POINT('',(59.5690599008085,75.4378221757922,-22.599992371404));
#7455=CARTESIAN_POINT('Origin',(70.0080226784596,69.0019410561564,-22.3999923714043));
#7456=CARTESIAN_POINT('',(68.7378221819932,68.4019237909301,-22.1999923714043));
#7457=CARTESIAN_POINT('Origin',(59.6845299546464,74.0377876453397,-22.399992371404));
#7458=CARTESIAN_POINT('',(59.5690599008084,73.5621778287745,-22.599992371404));
#7459=CARTESIAN_POINT('Origin',(67.2378221819933,71.0000000022833,-22.3999923714042));
#7460=CARTESIAN_POINT('',(67.2378221819933,68.0000000022834,-22.1999923714042));
#7461=CARTESIAN_POINT('Origin',(62.8000000084846,73.5621778287745,-22.3999923714041));
#7462=CARTESIAN_POINT('',(60.001923797131,71.9467077749365,-22.599992371404));
#7463=CARTESIAN_POINT('Origin',(66.762212365428,67.8845299484455,-22.3999923714042));
#7464=CARTESIAN_POINT('',(65.3621778349755,68.0000000022834,-22.1999923714042));
#7465=CARTESIAN_POINT('Origin',(60.8019410623573,70.7919773323081,-22.3999923714041));
#7466=CARTESIAN_POINT('',(60.9397459706399,70.3223521219544,-22.5999923714041));
#7467=CARTESIAN_POINT('Origin',(65.3621778349755,71.0000000022837,-22.3999923714042));
#7468=CARTESIAN_POINT('',(63.8621778349753,68.4019237909301,-22.1999923714041));
#7469=CARTESIAN_POINT('Origin',(63.7378221819932,71.9378221757923,-22.3999923714041));
#7470=CARTESIAN_POINT('',(62.1223521281553,69.139745964439,-22.5999923714041));
#7471=CARTESIAN_POINT('Origin',(63.3925526246217,68.5397286992127,-22.3999923714041));
#7472=CARTESIAN_POINT('Origin',(70.5500000083806,61.2600000000081,-59.0000000007995));
#7473=CARTESIAN_POINT('',(73.1500000083806,61.2600000000081,-59.0000000007996));
#7474=CARTESIAN_POINT('Origin',(54.2000000093924,61.7766312060466,-59.000000000799));
#7475=CARTESIAN_POINT('',(54.4285714379649,62.104891928706,-33.3999847420091));
#7476=CARTESIAN_POINT('Origin',(55.4000000093923,63.5000000000081,-59.000000000799));
#7477=CARTESIAN_POINT('',(57.1000000093923,63.5000000000081,-59.000000000799));
#7478=CARTESIAN_POINT('',(54.4285714379649,64.8951080713102,-33.3999847420091));
#7479=CARTESIAN_POINT('Origin',(54.2000000093924,65.2233687939695,-59.000000000799));
#7480=CARTESIAN_POINT('',(53.8000000093935,65.2233687939695,-33.3999847420091));
#7481=CARTESIAN_POINT('Origin',(53.8000000093931,85.8695086324462,-34.0000000007987));
#7482=CARTESIAN_POINT('',(53.8000000093924,88.7766312060466,-59.000000000799));
#7483=CARTESIAN_POINT('Origin',(54.2000000093924,88.7766312060466,-59.000000000799));
#7484=CARTESIAN_POINT('',(54.4285714379638,89.1048919287059,-59.000000000799));
#7485=CARTESIAN_POINT('Origin',(55.4000000093923,90.500000000008,-59.0000000007991));
#7486=CARTESIAN_POINT('',(57.1000000093923,90.500000000008,-59.0000000007991));
#7487=CARTESIAN_POINT('',(54.4285714379638,91.8951080713102,-59.000000000799));
#7488=CARTESIAN_POINT('Origin',(54.2000000093924,92.2233687939695,-59.000000000799));
#7489=CARTESIAN_POINT('',(53.8000000093924,92.2233687939695,-59.000000000799));
#7490=CARTESIAN_POINT('Origin',(53.8000000093931,85.8695086324462,-34.0000000007987));
#7491=CARTESIAN_POINT('',(53.8000000093933,95.1000000000054,-26.0000000007994));
#7492=CARTESIAN_POINT('Origin',(54.2000000093933,95.1000000000054,-26.0000000007994));
#7493=CARTESIAN_POINT('',(54.2000000093934,95.5000000000054,-33.3999847420091));
#7494=CARTESIAN_POINT('Origin',(53.9213203435609,95.5000000000053,-18.0000000008001));
#7495=CARTESIAN_POINT('',(54.2076118539668,95.5000000000054,-33.3999847420091));
#7496=CARTESIAN_POINT('Origin',(54.2076118539656,98.5000000000054,-38.5000000007996));
#7497=CARTESIAN_POINT('Origin',(58.4000000000006,97.8840620339719,-41.4999923714038));
#7498=UNCERTAINTY_MEASURE_WITH_UNIT(LENGTH_MEASURE(0.01),#7502,
'DISTANCE_ACCURACY_VALUE',
'Maximum model space distance between geometric entities at asserted c
onnectivities');
#7499=UNCERTAINTY_MEASURE_WITH_UNIT(LENGTH_MEASURE(0.01),#7502,
'DISTANCE_ACCURACY_VALUE',
'Maximum model space distance between geometric entities at asserted c
onnectivities');
#7500=(
GEOMETRIC_REPRESENTATION_CONTEXT(3)
GLOBAL_UNCERTAINTY_ASSIGNED_CONTEXT((#7498))
GLOBAL_UNIT_ASSIGNED_CONTEXT((#7502,#7504,#7505))
REPRESENTATION_CONTEXT('','3D')
);
#7501=(
GEOMETRIC_REPRESENTATION_CONTEXT(3)
GLOBAL_UNCERTAINTY_ASSIGNED_CONTEXT((#7499))
GLOBAL_UNIT_ASSIGNED_CONTEXT((#7502,#7504,#7505))
REPRESENTATION_CONTEXT('','3D')
);
#7502=(
LENGTH_UNIT()
NAMED_UNIT(*)
SI_UNIT(.MILLI.,.METRE.)
);
#7503=(
LENGTH_UNIT()
NAMED_UNIT(*)
SI_UNIT($,.METRE.)
);
#7504=(
NAMED_UNIT(*)
PLANE_ANGLE_UNIT()
SI_UNIT($,.RADIAN.)
);
#7505=(
NAMED_UNIT(*)
SI_UNIT($,.STERADIAN.)
SOLID_ANGLE_UNIT()
);
#7506=SHAPE_DEFINITION_REPRESENTATION(#7507,#7508);
#7507=PRODUCT_DEFINITION_SHAPE('',$,#7510);
#7508=SHAPE_REPRESENTATION('',(#3946),#7500);
#7509=PRODUCT_DEFINITION_CONTEXT('part definition',#7514,'design');
#7510=PRODUCT_DEFINITION('Printed_9mm_AWD_XY_joint_right_b',
'Printed_9mm_AWD_XY_joint_right_b',#7511,#7509);
#7511=PRODUCT_DEFINITION_FORMATION('',$,#7516);
#7512=PRODUCT_RELATED_PRODUCT_CATEGORY(
'Printed_9mm_AWD_XY_joint_right_b','Printed_9mm_AWD_XY_joint_right_b',(#7516));
#7513=APPLICATION_PROTOCOL_DEFINITION('international standard',
'automotive_design',2009,#7514);
#7514=APPLICATION_CONTEXT(
'Core Data for Automotive Mechanical Design Process');
#7515=PRODUCT_CONTEXT('part definition',#7514,'mechanical');
#7516=PRODUCT('Printed_9mm_AWD_XY_joint_right_b',
'Printed_9mm_AWD_XY_joint_right_b',$,(#7515));
#7517=PRESENTATION_STYLE_ASSIGNMENT((#7519));
#7518=PRESENTATION_STYLE_ASSIGNMENT((#7520));
#7519=SURFACE_STYLE_USAGE(.BOTH.,#7521);
#7520=SURFACE_STYLE_USAGE(.BOTH.,#7522);
#7521=SURFACE_SIDE_STYLE('',(#7523));
#7522=SURFACE_SIDE_STYLE('',(#7524));
#7523=SURFACE_STYLE_FILL_AREA(#7525);
#7524=SURFACE_STYLE_FILL_AREA(#7526);
#7525=FILL_AREA_STYLE('Plate',(#7527));
#7526=FILL_AREA_STYLE('Opaque(50,50,50)',(#7528));
#7527=FILL_AREA_STYLE_COLOUR('Plate',#7529);
#7528=FILL_AREA_STYLE_COLOUR('Opaque(50,50,50)',#7530);
#7529=COLOUR_RGB('Plate',0.6,0.6,0.6);
#7530=COLOUR_RGB('Opaque(50,50,50)',0.196078431372549,0.196078431372549,
0.196078431372549);
ENDSEC;
END-ISO-10303-21;
