ISO-10303-21;
HEADER;
/* Generated by software containing ST-Developer
 * from STEP Tools, Inc. (www.steptools.com) 
 */

FILE_DESCRIPTION(
/* description */ ('[a]_ECAS_trigger[PSF]'),
/* implementation_level */ '2;1');

FILE_NAME(
/* name */ '',
/* time_stamp */ '2026-09-03T15:00:31+03:00',
/* author */ (''),
/* organization */ (''),
/* preprocessor_version */ 'ST-DEVELOPER v20.1',
/* originating_system */ 'Autodesk Translation Framework v15.8.0.0',
/* authorisation */ '');

FILE_SCHEMA (('AUTOMOTIVE_DESIGN { 1 0 10303 214 3 1 1 }'));
ENDSEC;

DATA;
#10=MECHANICAL_DESIGN_GEOMETRIC_PRESENTATION_REPRESENTATION('',(#13),#2285);
#11=SHAPE_REPRESENTATION_RELATIONSHIP('SRR','None',#2292,#12);
#12=ADVANCED_BREP_SHAPE_REPRESENTATION('',(#14),#2284);
#13=STYLED_ITEM('',(#2302),#14);
#14=MANIFOLD_SOLID_BREP('Body1',#1283);
#15=B_SPLINE_CURVE_WITH_KNOTS('',2,(#2193,#2194,#2195),.UNSPECIFIED.,.F.,
 .F.,(3,3),(0.146172462453723,0.21286069356645),.UNSPECIFIED.);
#16=B_SPLINE_CURVE_WITH_KNOTS('',2,(#2197,#2198,#2199),.UNSPECIFIED.,.F.,
 .F.,(3,3),(0.146172462453722,0.212860693566452),.UNSPECIFIED.);
#17=B_SPLINE_CURVE_WITH_KNOTS('',2,(#2202,#2203,#2204),.UNSPECIFIED.,.F.,
 .F.,(3,3),(0.146172462453724,0.212860693566452),.UNSPECIFIED.);
#18=B_SPLINE_CURVE_WITH_KNOTS('',2,(#2206,#2207,#2208),.UNSPECIFIED.,.F.,
 .F.,(3,3),(0.146172462453721,0.212860693566451),.UNSPECIFIED.);
#19=B_SPLINE_CURVE_WITH_KNOTS('',2,(#2211,#2212,#2213),.UNSPECIFIED.,.F.,
 .F.,(3,3),(0.146172462453723,0.212860693566452),.UNSPECIFIED.);
#20=B_SPLINE_CURVE_WITH_KNOTS('',2,(#2215,#2216,#2217),.UNSPECIFIED.,.F.,
 .F.,(3,3),(0.146172462453721,0.212860693566447),.UNSPECIFIED.);
#21=B_SPLINE_CURVE_WITH_KNOTS('',2,(#2220,#2221,#2222),.UNSPECIFIED.,.F.,
 .F.,(3,3),(0.146172462453721,0.212860693566451),.UNSPECIFIED.);
#22=B_SPLINE_CURVE_WITH_KNOTS('',2,(#2224,#2225,#2226),.UNSPECIFIED.,.F.,
 .F.,(3,3),(0.146172462453719,0.212860693566448),.UNSPECIFIED.);
#23=B_SPLINE_CURVE_WITH_KNOTS('',2,(#2229,#2230,#2231),.UNSPECIFIED.,.F.,
 .F.,(3,3),(0.146172462453723,0.212860693566452),.UNSPECIFIED.);
#24=B_SPLINE_CURVE_WITH_KNOTS('',2,(#2233,#2234,#2235),.UNSPECIFIED.,.F.,
 .F.,(3,3),(0.146172462453719,0.212860693566449),.UNSPECIFIED.);
#25=B_SPLINE_CURVE_WITH_KNOTS('',2,(#2238,#2239,#2240),.UNSPECIFIED.,.F.,
 .F.,(3,3),(-0.269507448245575,-0.202819217132847),.UNSPECIFIED.);
#26=B_SPLINE_CURVE_WITH_KNOTS('',2,(#2242,#2243,#2244),.UNSPECIFIED.,.F.,
 .F.,(3,3),(0.146172462453718,0.212860693566447),.UNSPECIFIED.);
#27=B_SPLINE_CURVE_WITH_KNOTS('',2,(#2246,#2247,#2248),.UNSPECIFIED.,.F.,
 .F.,(3,3),(0.146172462453725,0.212860693566455),.UNSPECIFIED.);
#28=B_SPLINE_CURVE_WITH_KNOTS('',2,(#2251,#2252,#2253),.UNSPECIFIED.,.F.,
 .F.,(3,3),(0.146172462453719,0.212860693566447),.UNSPECIFIED.);
#29=B_SPLINE_CURVE_WITH_KNOTS('',2,(#2255,#2256,#2257),.UNSPECIFIED.,.F.,
 .F.,(3,3),(0.146172462453722,0.212860693566451),.UNSPECIFIED.);
#30=B_SPLINE_CURVE_WITH_KNOTS('',2,(#2260,#2261,#2262),.UNSPECIFIED.,.F.,
 .F.,(3,3),(0.146172462453719,0.212860693566445),.UNSPECIFIED.);
#31=B_SPLINE_CURVE_WITH_KNOTS('',2,(#2264,#2265,#2266),.UNSPECIFIED.,.F.,
 .F.,(3,3),(0.146172462453721,0.212860693566449),.UNSPECIFIED.);
#32=B_SPLINE_CURVE_WITH_KNOTS('',2,(#2269,#2270,#2271),.UNSPECIFIED.,.F.,
 .F.,(3,3),(0.14617246245372,0.212860693566451),.UNSPECIFIED.);
#33=B_SPLINE_CURVE_WITH_KNOTS('',2,(#2273,#2274,#2275),.UNSPECIFIED.,.F.,
 .F.,(3,3),(0.146172462453718,0.212860693566452),.UNSPECIFIED.);
#34=B_SPLINE_CURVE_WITH_KNOTS('',2,(#2278,#2279,#2280),.UNSPECIFIED.,.F.,
 .F.,(3,3),(0.146172462453721,0.212860693566451),.UNSPECIFIED.);
#35=ELLIPSE('',#1336,6.43467170879758,4.55);
#36=ELLIPSE('',#1337,6.43467170879758,4.55);
#37=ELLIPSE('',#1342,6.43467170879758,4.55);
#38=ELLIPSE('',#1343,6.43467170879758,4.55);
#39=ELLIPSE('',#1348,6.43467170879758,4.55);
#40=ELLIPSE('',#1349,6.43467170879758,4.55);
#41=ELLIPSE('',#1354,6.43467170879758,4.55);
#42=ELLIPSE('',#1355,6.43467170879758,4.55);
#43=ELLIPSE('',#1360,6.43467170879758,4.55);
#44=ELLIPSE('',#1361,6.43467170879758,4.55);
#45=ELLIPSE('',#1366,6.43467170879758,4.55);
#46=ELLIPSE('',#1367,6.43467170879758,4.55);
#47=ELLIPSE('',#1370,6.43467170879758,4.55);
#48=ELLIPSE('',#1371,6.43467170879758,4.55);
#49=ELLIPSE('',#1376,6.43467170879758,4.55);
#50=ELLIPSE('',#1377,6.43467170879758,4.55);
#51=ELLIPSE('',#1382,6.43467170879758,4.55);
#52=ELLIPSE('',#1383,6.43467170879758,4.55);
#53=ELLIPSE('',#1388,6.43467170879758,4.55);
#54=ELLIPSE('',#1389,6.43467170879758,4.55);
#55=FACE_BOUND('',#210,.T.);
#56=FACE_BOUND('',#213,.T.);
#57=FACE_BOUND('',#216,.T.);
#58=FACE_BOUND('',#218,.T.);
#59=PLANE('',#1302);
#60=PLANE('',#1306);
#61=PLANE('',#1311);
#62=PLANE('',#1322);
#63=PLANE('',#1333);
#64=PLANE('',#1334);
#65=PLANE('',#1339);
#66=PLANE('',#1340);
#67=PLANE('',#1345);
#68=PLANE('',#1346);
#69=PLANE('',#1351);
#70=PLANE('',#1352);
#71=PLANE('',#1357);
#72=PLANE('',#1358);
#73=PLANE('',#1363);
#74=PLANE('',#1364);
#75=PLANE('',#1373);
#76=PLANE('',#1374);
#77=PLANE('',#1379);
#78=PLANE('',#1380);
#79=PLANE('',#1385);
#80=PLANE('',#1386);
#81=PLANE('',#1391);
#82=PLANE('',#1392);
#83=PLANE('',#1417);
#84=PLANE('',#1418);
#85=PLANE('',#1419);
#86=PLANE('',#1420);
#87=PLANE('',#1421);
#88=PLANE('',#1422);
#89=PLANE('',#1423);
#90=PLANE('',#1424);
#91=PLANE('',#1425);
#92=PLANE('',#1426);
#93=PLANE('',#1427);
#94=PLANE('',#1429);
#95=PLANE('',#1430);
#96=PLANE('',#1432);
#97=PLANE('',#1433);
#98=PLANE('',#1435);
#99=PLANE('',#1436);
#100=PLANE('',#1438);
#101=PLANE('',#1439);
#102=PLANE('',#1441);
#103=PLANE('',#1442);
#104=PLANE('',#1443);
#105=PLANE('',#1445);
#106=PLANE('',#1446);
#107=PLANE('',#1448);
#108=PLANE('',#1449);
#109=PLANE('',#1451);
#110=PLANE('',#1452);
#111=PLANE('',#1454);
#112=PLANE('',#1455);
#113=CYLINDRICAL_SURFACE('',#1300,2.2);
#114=CYLINDRICAL_SURFACE('',#1308,6.33094010767569);
#115=CYLINDRICAL_SURFACE('',#1335,4.55);
#116=CYLINDRICAL_SURFACE('',#1341,4.55);
#117=CYLINDRICAL_SURFACE('',#1347,4.55);
#118=CYLINDRICAL_SURFACE('',#1353,4.55);
#119=CYLINDRICAL_SURFACE('',#1359,4.55);
#120=CYLINDRICAL_SURFACE('',#1365,4.55);
#121=CYLINDRICAL_SURFACE('',#1369,4.55);
#122=CYLINDRICAL_SURFACE('',#1375,4.55);
#123=CYLINDRICAL_SURFACE('',#1381,4.55);
#124=CYLINDRICAL_SURFACE('',#1387,4.55);
#125=CYLINDRICAL_SURFACE('',#1393,4.15);
#126=CYLINDRICAL_SURFACE('',#1405,4.15);
#127=FACE_OUTER_BOUND('',#207,.T.);
#128=FACE_OUTER_BOUND('',#208,.T.);
#129=FACE_OUTER_BOUND('',#209,.T.);
#130=FACE_OUTER_BOUND('',#211,.T.);
#131=FACE_OUTER_BOUND('',#212,.T.);
#132=FACE_OUTER_BOUND('',#214,.T.);
#133=FACE_OUTER_BOUND('',#215,.T.);
#134=FACE_OUTER_BOUND('',#217,.T.);
#135=FACE_OUTER_BOUND('',#219,.T.);
#136=FACE_OUTER_BOUND('',#220,.T.);
#137=FACE_OUTER_BOUND('',#221,.T.);
#138=FACE_OUTER_BOUND('',#222,.T.);
#139=FACE_OUTER_BOUND('',#223,.T.);
#140=FACE_OUTER_BOUND('',#224,.T.);
#141=FACE_OUTER_BOUND('',#225,.T.);
#142=FACE_OUTER_BOUND('',#226,.T.);
#143=FACE_OUTER_BOUND('',#227,.T.);
#144=FACE_OUTER_BOUND('',#228,.T.);
#145=FACE_OUTER_BOUND('',#229,.T.);
#146=FACE_OUTER_BOUND('',#230,.T.);
#147=FACE_OUTER_BOUND('',#231,.T.);
#148=FACE_OUTER_BOUND('',#232,.T.);
#149=FACE_OUTER_BOUND('',#233,.T.);
#150=FACE_OUTER_BOUND('',#234,.T.);
#151=FACE_OUTER_BOUND('',#235,.T.);
#152=FACE_OUTER_BOUND('',#236,.T.);
#153=FACE_OUTER_BOUND('',#237,.T.);
#154=FACE_OUTER_BOUND('',#238,.T.);
#155=FACE_OUTER_BOUND('',#239,.T.);
#156=FACE_OUTER_BOUND('',#240,.T.);
#157=FACE_OUTER_BOUND('',#241,.T.);
#158=FACE_OUTER_BOUND('',#242,.T.);
#159=FACE_OUTER_BOUND('',#243,.T.);
#160=FACE_OUTER_BOUND('',#244,.T.);
#161=FACE_OUTER_BOUND('',#245,.T.);
#162=FACE_OUTER_BOUND('',#246,.T.);
#163=FACE_OUTER_BOUND('',#247,.T.);
#164=FACE_OUTER_BOUND('',#248,.T.);
#165=FACE_OUTER_BOUND('',#249,.T.);
#166=FACE_OUTER_BOUND('',#250,.T.);
#167=FACE_OUTER_BOUND('',#251,.T.);
#168=FACE_OUTER_BOUND('',#252,.T.);
#169=FACE_OUTER_BOUND('',#253,.T.);
#170=FACE_OUTER_BOUND('',#254,.T.);
#171=FACE_OUTER_BOUND('',#255,.T.);
#172=FACE_OUTER_BOUND('',#256,.T.);
#173=FACE_OUTER_BOUND('',#257,.T.);
#174=FACE_OUTER_BOUND('',#258,.T.);
#175=FACE_OUTER_BOUND('',#259,.T.);
#176=FACE_OUTER_BOUND('',#260,.T.);
#177=FACE_OUTER_BOUND('',#261,.T.);
#178=FACE_OUTER_BOUND('',#262,.T.);
#179=FACE_OUTER_BOUND('',#263,.T.);
#180=FACE_OUTER_BOUND('',#264,.T.);
#181=FACE_OUTER_BOUND('',#265,.T.);
#182=FACE_OUTER_BOUND('',#266,.T.);
#183=FACE_OUTER_BOUND('',#267,.T.);
#184=FACE_OUTER_BOUND('',#268,.T.);
#185=FACE_OUTER_BOUND('',#269,.T.);
#186=FACE_OUTER_BOUND('',#270,.T.);
#187=FACE_OUTER_BOUND('',#271,.T.);
#188=FACE_OUTER_BOUND('',#272,.T.);
#189=FACE_OUTER_BOUND('',#273,.T.);
#190=FACE_OUTER_BOUND('',#274,.T.);
#191=FACE_OUTER_BOUND('',#275,.T.);
#192=FACE_OUTER_BOUND('',#276,.T.);
#193=FACE_OUTER_BOUND('',#277,.T.);
#194=FACE_OUTER_BOUND('',#278,.T.);
#195=FACE_OUTER_BOUND('',#279,.T.);
#196=FACE_OUTER_BOUND('',#280,.T.);
#197=FACE_OUTER_BOUND('',#281,.T.);
#198=FACE_OUTER_BOUND('',#282,.T.);
#199=FACE_OUTER_BOUND('',#283,.T.);
#200=FACE_OUTER_BOUND('',#284,.T.);
#201=FACE_OUTER_BOUND('',#285,.T.);
#202=FACE_OUTER_BOUND('',#286,.T.);
#203=FACE_OUTER_BOUND('',#287,.T.);
#204=FACE_OUTER_BOUND('',#288,.T.);
#205=FACE_OUTER_BOUND('',#289,.T.);
#206=FACE_OUTER_BOUND('',#290,.T.);
#207=EDGE_LOOP('',(#819,#820,#821,#822));
#208=EDGE_LOOP('',(#823,#824,#825,#826));
#209=EDGE_LOOP('',(#827));
#210=EDGE_LOOP('',(#828));
#211=EDGE_LOOP('',(#829,#830,#831,#832));
#212=EDGE_LOOP('',(#833));
#213=EDGE_LOOP('',(#834));
#214=EDGE_LOOP('',(#835,#836,#837,#838));
#215=EDGE_LOOP('',(#839));
#216=EDGE_LOOP('',(#840,#841,#842,#843,#844,#845,#846,#847,#848,#849));
#217=EDGE_LOOP('',(#850));
#218=EDGE_LOOP('',(#851,#852,#853,#854,#855,#856,#857,#858,#859,#860));
#219=EDGE_LOOP('',(#861,#862,#863,#864));
#220=EDGE_LOOP('',(#865,#866,#867,#868));
#221=EDGE_LOOP('',(#869,#870,#871,#872,#873,#874));
#222=EDGE_LOOP('',(#875,#876,#877,#878));
#223=EDGE_LOOP('',(#879,#880,#881,#882));
#224=EDGE_LOOP('',(#883,#884,#885,#886,#887,#888));
#225=EDGE_LOOP('',(#889,#890,#891,#892));
#226=EDGE_LOOP('',(#893,#894,#895,#896));
#227=EDGE_LOOP('',(#897,#898,#899,#900,#901,#902));
#228=EDGE_LOOP('',(#903,#904,#905,#906));
#229=EDGE_LOOP('',(#907,#908,#909,#910));
#230=EDGE_LOOP('',(#911,#912,#913,#914,#915,#916));
#231=EDGE_LOOP('',(#917,#918,#919,#920));
#232=EDGE_LOOP('',(#921,#922,#923,#924));
#233=EDGE_LOOP('',(#925,#926,#927,#928,#929,#930));
#234=EDGE_LOOP('',(#931,#932,#933,#934));
#235=EDGE_LOOP('',(#935,#936,#937,#938));
#236=EDGE_LOOP('',(#939,#940,#941,#942,#943,#944));
#237=EDGE_LOOP('',(#945,#946,#947,#948,#949,#950));
#238=EDGE_LOOP('',(#951,#952,#953,#954));
#239=EDGE_LOOP('',(#955,#956,#957,#958));
#240=EDGE_LOOP('',(#959,#960,#961,#962,#963,#964));
#241=EDGE_LOOP('',(#965,#966,#967,#968));
#242=EDGE_LOOP('',(#969,#970,#971,#972));
#243=EDGE_LOOP('',(#973,#974,#975,#976,#977,#978));
#244=EDGE_LOOP('',(#979,#980,#981,#982));
#245=EDGE_LOOP('',(#983,#984,#985,#986));
#246=EDGE_LOOP('',(#987,#988,#989,#990,#991,#992));
#247=EDGE_LOOP('',(#993,#994,#995,#996));
#248=EDGE_LOOP('',(#997,#998,#999,#1000));
#249=EDGE_LOOP('',(#1001,#1002,#1003,#1004,#1005,#1006,#1007,#1008,#1009,
#1010,#1011,#1012,#1013,#1014,#1015,#1016,#1017,#1018,#1019,#1020,#1021,
#1022,#1023,#1024));
#250=EDGE_LOOP('',(#1025,#1026,#1027,#1028,#1029,#1030,#1031,#1032,#1033,
#1034,#1035,#1036,#1037,#1038,#1039,#1040,#1041,#1042,#1043,#1044,#1045,
#1046,#1047,#1048));
#251=EDGE_LOOP('',(#1049,#1050,#1051,#1052));
#252=EDGE_LOOP('',(#1053,#1054,#1055,#1056));
#253=EDGE_LOOP('',(#1057,#1058,#1059,#1060));
#254=EDGE_LOOP('',(#1061,#1062,#1063,#1064));
#255=EDGE_LOOP('',(#1065,#1066,#1067,#1068));
#256=EDGE_LOOP('',(#1069,#1070,#1071,#1072));
#257=EDGE_LOOP('',(#1073,#1074,#1075,#1076));
#258=EDGE_LOOP('',(#1077,#1078,#1079,#1080));
#259=EDGE_LOOP('',(#1081,#1082,#1083,#1084));
#260=EDGE_LOOP('',(#1085,#1086,#1087,#1088));
#261=EDGE_LOOP('',(#1089,#1090,#1091));
#262=EDGE_LOOP('',(#1092,#1093,#1094,#1095));
#263=EDGE_LOOP('',(#1096,#1097,#1098));
#264=EDGE_LOOP('',(#1099,#1100,#1101));
#265=EDGE_LOOP('',(#1102,#1103,#1104,#1105));
#266=EDGE_LOOP('',(#1106,#1107,#1108));
#267=EDGE_LOOP('',(#1109,#1110,#1111));
#268=EDGE_LOOP('',(#1112,#1113,#1114,#1115));
#269=EDGE_LOOP('',(#1116,#1117,#1118));
#270=EDGE_LOOP('',(#1119,#1120,#1121));
#271=EDGE_LOOP('',(#1122,#1123,#1124,#1125));
#272=EDGE_LOOP('',(#1126,#1127,#1128));
#273=EDGE_LOOP('',(#1129,#1130,#1131));
#274=EDGE_LOOP('',(#1132,#1133,#1134,#1135,#1136));
#275=EDGE_LOOP('',(#1137,#1138,#1139));
#276=EDGE_LOOP('',(#1140,#1141,#1142));
#277=EDGE_LOOP('',(#1143,#1144,#1145));
#278=EDGE_LOOP('',(#1146,#1147,#1148,#1149,#1150));
#279=EDGE_LOOP('',(#1151,#1152,#1153));
#280=EDGE_LOOP('',(#1154,#1155,#1156));
#281=EDGE_LOOP('',(#1157,#1158,#1159,#1160));
#282=EDGE_LOOP('',(#1161,#1162,#1163));
#283=EDGE_LOOP('',(#1164,#1165,#1166));
#284=EDGE_LOOP('',(#1167,#1168,#1169,#1170));
#285=EDGE_LOOP('',(#1171,#1172,#1173));
#286=EDGE_LOOP('',(#1174,#1175,#1176));
#287=EDGE_LOOP('',(#1177,#1178,#1179,#1180));
#288=EDGE_LOOP('',(#1181,#1182,#1183));
#289=EDGE_LOOP('',(#1184,#1185,#1186));
#290=EDGE_LOOP('',(#1187,#1188,#1189,#1190));
#291=LINE('',#1870,#377);
#292=LINE('',#1874,#378);
#293=LINE('',#1881,#379);
#294=LINE('',#1890,#380);
#295=LINE('',#1937,#381);
#296=LINE('',#1939,#382);
#297=LINE('',#1941,#383);
#298=LINE('',#1942,#384);
#299=LINE('',#1946,#385);
#300=LINE('',#1948,#386);
#301=LINE('',#1950,#387);
#302=LINE('',#1951,#388);
#303=LINE('',#1959,#389);
#304=LINE('',#1961,#390);
#305=LINE('',#1963,#391);
#306=LINE('',#1964,#392);
#307=LINE('',#1968,#393);
#308=LINE('',#1970,#394);
#309=LINE('',#1972,#395);
#310=LINE('',#1973,#396);
#311=LINE('',#1981,#397);
#312=LINE('',#1983,#398);
#313=LINE('',#1985,#399);
#314=LINE('',#1986,#400);
#315=LINE('',#1990,#401);
#316=LINE('',#1992,#402);
#317=LINE('',#1994,#403);
#318=LINE('',#1995,#404);
#319=LINE('',#2003,#405);
#320=LINE('',#2005,#406);
#321=LINE('',#2007,#407);
#322=LINE('',#2008,#408);
#323=LINE('',#2012,#409);
#324=LINE('',#2014,#410);
#325=LINE('',#2016,#411);
#326=LINE('',#2017,#412);
#327=LINE('',#2025,#413);
#328=LINE('',#2027,#414);
#329=LINE('',#2029,#415);
#330=LINE('',#2030,#416);
#331=LINE('',#2034,#417);
#332=LINE('',#2036,#418);
#333=LINE('',#2038,#419);
#334=LINE('',#2039,#420);
#335=LINE('',#2047,#421);
#336=LINE('',#2049,#422);
#337=LINE('',#2051,#423);
#338=LINE('',#2052,#424);
#339=LINE('',#2056,#425);
#340=LINE('',#2058,#426);
#341=LINE('',#2060,#427);
#342=LINE('',#2061,#428);
#343=LINE('',#2069,#429);
#344=LINE('',#2074,#430);
#345=LINE('',#2079,#431);
#346=LINE('',#2080,#432);
#347=LINE('',#2081,#433);
#348=LINE('',#2084,#434);
#349=LINE('',#2086,#435);
#350=LINE('',#2087,#436);
#351=LINE('',#2091,#437);
#352=LINE('',#2096,#438);
#353=LINE('',#2101,#439);
#354=LINE('',#2102,#440);
#355=LINE('',#2103,#441);
#356=LINE('',#2106,#442);
#357=LINE('',#2108,#443);
#358=LINE('',#2109,#444);
#359=LINE('',#2113,#445);
#360=LINE('',#2118,#446);
#361=LINE('',#2123,#447);
#362=LINE('',#2124,#448);
#363=LINE('',#2125,#449);
#364=LINE('',#2128,#450);
#365=LINE('',#2130,#451);
#366=LINE('',#2131,#452);
#367=LINE('',#2135,#453);
#368=LINE('',#2140,#454);
#369=LINE('',#2145,#455);
#370=LINE('',#2146,#456);
#371=LINE('',#2147,#457);
#372=LINE('',#2150,#458);
#373=LINE('',#2152,#459);
#374=LINE('',#2153,#460);
#375=LINE('',#2156,#461);
#376=LINE('',#2171,#462);
#377=VECTOR('',#1463,2.7);
#378=VECTOR('',#1468,2.);
#379=VECTOR('',#1477,2.7);
#380=VECTOR('',#1488,6.33094010767569);
#381=VECTOR('',#1537,1000.);
#382=VECTOR('',#1538,1000.);
#383=VECTOR('',#1539,1000.);
#384=VECTOR('',#1540,1000.);
#385=VECTOR('',#1543,1000.);
#386=VECTOR('',#1544,1000.);
#387=VECTOR('',#1545,1000.);
#388=VECTOR('',#1546,1000.);
#389=VECTOR('',#1557,1000.);
#390=VECTOR('',#1558,1000.);
#391=VECTOR('',#1559,1000.);
#392=VECTOR('',#1560,1000.);
#393=VECTOR('',#1563,1000.);
#394=VECTOR('',#1564,1000.);
#395=VECTOR('',#1565,1000.);
#396=VECTOR('',#1566,1000.);
#397=VECTOR('',#1577,1000.);
#398=VECTOR('',#1578,1000.);
#399=VECTOR('',#1579,1000.);
#400=VECTOR('',#1580,1000.);
#401=VECTOR('',#1583,1000.);
#402=VECTOR('',#1584,1000.);
#403=VECTOR('',#1585,1000.);
#404=VECTOR('',#1586,1000.);
#405=VECTOR('',#1597,1000.);
#406=VECTOR('',#1598,1000.);
#407=VECTOR('',#1599,1000.);
#408=VECTOR('',#1600,1000.);
#409=VECTOR('',#1603,1000.);
#410=VECTOR('',#1604,1000.);
#411=VECTOR('',#1605,1000.);
#412=VECTOR('',#1606,1000.);
#413=VECTOR('',#1617,1000.);
#414=VECTOR('',#1618,1000.);
#415=VECTOR('',#1619,1000.);
#416=VECTOR('',#1620,1000.);
#417=VECTOR('',#1623,1000.);
#418=VECTOR('',#1624,1000.);
#419=VECTOR('',#1625,1000.);
#420=VECTOR('',#1626,1000.);
#421=VECTOR('',#1637,1000.);
#422=VECTOR('',#1638,1000.);
#423=VECTOR('',#1639,1000.);
#424=VECTOR('',#1640,1000.);
#425=VECTOR('',#1643,1000.);
#426=VECTOR('',#1644,1000.);
#427=VECTOR('',#1645,1000.);
#428=VECTOR('',#1646,1000.);
#429=VECTOR('',#1657,1000.);
#430=VECTOR('',#1662,1000.);
#431=VECTOR('',#1667,1000.);
#432=VECTOR('',#1668,1000.);
#433=VECTOR('',#1669,1000.);
#434=VECTOR('',#1672,1000.);
#435=VECTOR('',#1673,1000.);
#436=VECTOR('',#1674,1000.);
#437=VECTOR('',#1677,1000.);
#438=VECTOR('',#1682,1000.);
#439=VECTOR('',#1687,1000.);
#440=VECTOR('',#1688,1000.);
#441=VECTOR('',#1689,1000.);
#442=VECTOR('',#1692,1000.);
#443=VECTOR('',#1693,1000.);
#444=VECTOR('',#1694,1000.);
#445=VECTOR('',#1697,1000.);
#446=VECTOR('',#1702,1000.);
#447=VECTOR('',#1707,1000.);
#448=VECTOR('',#1708,1000.);
#449=VECTOR('',#1709,1000.);
#450=VECTOR('',#1712,1000.);
#451=VECTOR('',#1713,1000.);
#452=VECTOR('',#1714,1000.);
#453=VECTOR('',#1717,1000.);
#454=VECTOR('',#1722,1000.);
#455=VECTOR('',#1727,1000.);
#456=VECTOR('',#1728,1000.);
#457=VECTOR('',#1729,1000.);
#458=VECTOR('',#1732,1000.);
#459=VECTOR('',#1733,1000.);
#460=VECTOR('',#1734,1000.);
#461=VECTOR('',#1737,4.15);
#462=VECTOR('',#1764,4.15);
#463=CIRCLE('',#1298,2.2);
#464=CIRCLE('',#1299,3.2);
#465=CIRCLE('',#1301,2.2);
#466=CIRCLE('',#1303,4.15);
#467=CIRCLE('',#1305,3.2);
#468=CIRCLE('',#1307,4.15);
#469=CIRCLE('',#1309,6.33094010767569);
#470=CIRCLE('',#1310,6.33094010767569);
#471=CIRCLE('',#1312,4.55);
#472=CIRCLE('',#1313,4.55);
#473=CIRCLE('',#1314,4.55);
#474=CIRCLE('',#1315,4.55);
#475=CIRCLE('',#1316,4.55);
#476=CIRCLE('',#1317,4.55);
#477=CIRCLE('',#1318,4.55);
#478=CIRCLE('',#1319,4.55);
#479=CIRCLE('',#1320,4.55);
#480=CIRCLE('',#1321,4.55);
#481=CIRCLE('',#1323,4.55);
#482=CIRCLE('',#1324,4.55);
#483=CIRCLE('',#1325,4.55);
#484=CIRCLE('',#1326,4.55);
#485=CIRCLE('',#1327,4.55);
#486=CIRCLE('',#1328,4.55);
#487=CIRCLE('',#1329,4.55);
#488=CIRCLE('',#1330,4.55);
#489=CIRCLE('',#1331,4.55);
#490=CIRCLE('',#1332,4.55);
#491=CIRCLE('',#1338,4.55);
#492=CIRCLE('',#1344,4.55);
#493=CIRCLE('',#1350,4.55);
#494=CIRCLE('',#1356,4.55);
#495=CIRCLE('',#1362,4.55);
#496=CIRCLE('',#1368,4.55);
#497=CIRCLE('',#1372,4.55);
#498=CIRCLE('',#1378,4.55);
#499=CIRCLE('',#1384,4.55);
#500=CIRCLE('',#1390,4.55);
#501=CIRCLE('',#1394,4.15);
#502=CIRCLE('',#1395,4.15);
#503=CIRCLE('',#1396,4.15);
#504=CIRCLE('',#1397,4.15);
#505=CIRCLE('',#1398,4.15);
#506=CIRCLE('',#1399,4.15);
#507=CIRCLE('',#1400,4.15);
#508=CIRCLE('',#1401,4.15);
#509=CIRCLE('',#1402,4.15);
#510=CIRCLE('',#1403,4.15);
#511=CIRCLE('',#1404,4.15);
#512=CIRCLE('',#1406,4.15);
#513=CIRCLE('',#1407,4.15);
#514=CIRCLE('',#1408,4.15);
#515=CIRCLE('',#1409,4.15);
#516=CIRCLE('',#1410,4.15);
#517=CIRCLE('',#1411,4.15);
#518=CIRCLE('',#1412,4.15);
#519=CIRCLE('',#1413,4.15);
#520=CIRCLE('',#1414,4.15);
#521=CIRCLE('',#1415,4.15);
#522=CIRCLE('',#1416,4.15);
#523=VERTEX_POINT('',#1867);
#524=VERTEX_POINT('',#1869);
#525=VERTEX_POINT('',#1873);
#526=VERTEX_POINT('',#1877);
#527=VERTEX_POINT('',#1880);
#528=VERTEX_POINT('',#1884);
#529=VERTEX_POINT('',#1887);
#530=VERTEX_POINT('',#1889);
#531=VERTEX_POINT('',#1893);
#532=VERTEX_POINT('',#1894);
#533=VERTEX_POINT('',#1896);
#534=VERTEX_POINT('',#1898);
#535=VERTEX_POINT('',#1900);
#536=VERTEX_POINT('',#1902);
#537=VERTEX_POINT('',#1904);
#538=VERTEX_POINT('',#1906);
#539=VERTEX_POINT('',#1908);
#540=VERTEX_POINT('',#1910);
#541=VERTEX_POINT('',#1914);
#542=VERTEX_POINT('',#1915);
#543=VERTEX_POINT('',#1917);
#544=VERTEX_POINT('',#1919);
#545=VERTEX_POINT('',#1921);
#546=VERTEX_POINT('',#1923);
#547=VERTEX_POINT('',#1925);
#548=VERTEX_POINT('',#1927);
#549=VERTEX_POINT('',#1929);
#550=VERTEX_POINT('',#1931);
#551=VERTEX_POINT('',#1935);
#552=VERTEX_POINT('',#1936);
#553=VERTEX_POINT('',#1938);
#554=VERTEX_POINT('',#1940);
#555=VERTEX_POINT('',#1944);
#556=VERTEX_POINT('',#1945);
#557=VERTEX_POINT('',#1947);
#558=VERTEX_POINT('',#1949);
#559=VERTEX_POINT('',#1957);
#560=VERTEX_POINT('',#1958);
#561=VERTEX_POINT('',#1960);
#562=VERTEX_POINT('',#1962);
#563=VERTEX_POINT('',#1966);
#564=VERTEX_POINT('',#1967);
#565=VERTEX_POINT('',#1969);
#566=VERTEX_POINT('',#1971);
#567=VERTEX_POINT('',#1979);
#568=VERTEX_POINT('',#1980);
#569=VERTEX_POINT('',#1982);
#570=VERTEX_POINT('',#1984);
#571=VERTEX_POINT('',#1988);
#572=VERTEX_POINT('',#1989);
#573=VERTEX_POINT('',#1991);
#574=VERTEX_POINT('',#1993);
#575=VERTEX_POINT('',#2001);
#576=VERTEX_POINT('',#2002);
#577=VERTEX_POINT('',#2004);
#578=VERTEX_POINT('',#2006);
#579=VERTEX_POINT('',#2010);
#580=VERTEX_POINT('',#2011);
#581=VERTEX_POINT('',#2013);
#582=VERTEX_POINT('',#2015);
#583=VERTEX_POINT('',#2023);
#584=VERTEX_POINT('',#2024);
#585=VERTEX_POINT('',#2026);
#586=VERTEX_POINT('',#2028);
#587=VERTEX_POINT('',#2032);
#588=VERTEX_POINT('',#2033);
#589=VERTEX_POINT('',#2035);
#590=VERTEX_POINT('',#2037);
#591=VERTEX_POINT('',#2045);
#592=VERTEX_POINT('',#2046);
#593=VERTEX_POINT('',#2048);
#594=VERTEX_POINT('',#2050);
#595=VERTEX_POINT('',#2054);
#596=VERTEX_POINT('',#2055);
#597=VERTEX_POINT('',#2057);
#598=VERTEX_POINT('',#2059);
#599=VERTEX_POINT('',#2067);
#600=VERTEX_POINT('',#2068);
#601=VERTEX_POINT('',#2071);
#602=VERTEX_POINT('',#2073);
#603=VERTEX_POINT('',#2077);
#604=VERTEX_POINT('',#2078);
#605=VERTEX_POINT('',#2083);
#606=VERTEX_POINT('',#2085);
#607=VERTEX_POINT('',#2089);
#608=VERTEX_POINT('',#2090);
#609=VERTEX_POINT('',#2093);
#610=VERTEX_POINT('',#2095);
#611=VERTEX_POINT('',#2099);
#612=VERTEX_POINT('',#2100);
#613=VERTEX_POINT('',#2105);
#614=VERTEX_POINT('',#2107);
#615=VERTEX_POINT('',#2111);
#616=VERTEX_POINT('',#2112);
#617=VERTEX_POINT('',#2115);
#618=VERTEX_POINT('',#2117);
#619=VERTEX_POINT('',#2121);
#620=VERTEX_POINT('',#2122);
#621=VERTEX_POINT('',#2127);
#622=VERTEX_POINT('',#2129);
#623=VERTEX_POINT('',#2133);
#624=VERTEX_POINT('',#2134);
#625=VERTEX_POINT('',#2137);
#626=VERTEX_POINT('',#2139);
#627=VERTEX_POINT('',#2143);
#628=VERTEX_POINT('',#2144);
#629=VERTEX_POINT('',#2149);
#630=VERTEX_POINT('',#2151);
#631=VERTEX_POINT('',#2155);
#632=VERTEX_POINT('',#2169);
#633=EDGE_CURVE('',#523,#523,#463,.T.);
#634=EDGE_CURVE('',#523,#524,#291,.T.);
#635=EDGE_CURVE('',#524,#524,#464,.T.);
#636=EDGE_CURVE('',#523,#525,#292,.T.);
#637=EDGE_CURVE('',#525,#525,#465,.T.);
#638=EDGE_CURVE('',#526,#526,#466,.T.);
#639=EDGE_CURVE('',#525,#527,#293,.T.);
#640=EDGE_CURVE('',#527,#527,#467,.T.);
#641=EDGE_CURVE('',#528,#528,#468,.T.);
#642=EDGE_CURVE('',#529,#529,#469,.T.);
#643=EDGE_CURVE('',#529,#530,#294,.T.);
#644=EDGE_CURVE('',#530,#530,#470,.T.);
#645=EDGE_CURVE('',#531,#532,#471,.T.);
#646=EDGE_CURVE('',#533,#531,#472,.T.);
#647=EDGE_CURVE('',#534,#533,#473,.T.);
#648=EDGE_CURVE('',#535,#534,#474,.T.);
#649=EDGE_CURVE('',#536,#535,#475,.T.);
#650=EDGE_CURVE('',#537,#536,#476,.T.);
#651=EDGE_CURVE('',#538,#537,#477,.T.);
#652=EDGE_CURVE('',#539,#538,#478,.T.);
#653=EDGE_CURVE('',#540,#539,#479,.T.);
#654=EDGE_CURVE('',#532,#540,#480,.T.);
#655=EDGE_CURVE('',#541,#542,#481,.T.);
#656=EDGE_CURVE('',#543,#541,#482,.T.);
#657=EDGE_CURVE('',#544,#543,#483,.T.);
#658=EDGE_CURVE('',#545,#544,#484,.T.);
#659=EDGE_CURVE('',#546,#545,#485,.T.);
#660=EDGE_CURVE('',#547,#546,#486,.T.);
#661=EDGE_CURVE('',#548,#547,#487,.T.);
#662=EDGE_CURVE('',#549,#548,#488,.T.);
#663=EDGE_CURVE('',#550,#549,#489,.T.);
#664=EDGE_CURVE('',#542,#550,#490,.T.);
#665=EDGE_CURVE('',#551,#552,#295,.T.);
#666=EDGE_CURVE('',#552,#553,#296,.T.);
#667=EDGE_CURVE('',#554,#553,#297,.F.);
#668=EDGE_CURVE('',#554,#551,#298,.T.);
#669=EDGE_CURVE('',#555,#556,#299,.T.);
#670=EDGE_CURVE('',#557,#555,#300,.T.);
#671=EDGE_CURVE('',#558,#557,#301,.T.);
#672=EDGE_CURVE('',#558,#556,#302,.F.);
#673=EDGE_CURVE('',#555,#533,#35,.F.);
#674=EDGE_CURVE('',#552,#531,#36,.T.);
#675=EDGE_CURVE('',#551,#557,#491,.F.);
#676=EDGE_CURVE('',#559,#560,#303,.T.);
#677=EDGE_CURVE('',#560,#561,#304,.T.);
#678=EDGE_CURVE('',#562,#561,#305,.F.);
#679=EDGE_CURVE('',#562,#559,#306,.T.);
#680=EDGE_CURVE('',#563,#564,#307,.T.);
#681=EDGE_CURVE('',#565,#563,#308,.T.);
#682=EDGE_CURVE('',#566,#565,#309,.T.);
#683=EDGE_CURVE('',#566,#564,#310,.F.);
#684=EDGE_CURVE('',#563,#532,#37,.F.);
#685=EDGE_CURVE('',#560,#540,#38,.T.);
#686=EDGE_CURVE('',#559,#565,#492,.F.);
#687=EDGE_CURVE('',#567,#568,#311,.T.);
#688=EDGE_CURVE('',#568,#569,#312,.T.);
#689=EDGE_CURVE('',#570,#569,#313,.F.);
#690=EDGE_CURVE('',#570,#567,#314,.T.);
#691=EDGE_CURVE('',#571,#572,#315,.T.);
#692=EDGE_CURVE('',#573,#571,#316,.T.);
#693=EDGE_CURVE('',#574,#573,#317,.T.);
#694=EDGE_CURVE('',#574,#572,#318,.F.);
#695=EDGE_CURVE('',#571,#539,#39,.F.);
#696=EDGE_CURVE('',#568,#538,#40,.T.);
#697=EDGE_CURVE('',#567,#573,#493,.F.);
#698=EDGE_CURVE('',#575,#576,#319,.T.);
#699=EDGE_CURVE('',#576,#577,#320,.T.);
#700=EDGE_CURVE('',#578,#577,#321,.F.);
#701=EDGE_CURVE('',#578,#575,#322,.T.);
#702=EDGE_CURVE('',#579,#580,#323,.T.);
#703=EDGE_CURVE('',#581,#579,#324,.T.);
#704=EDGE_CURVE('',#582,#581,#325,.T.);
#705=EDGE_CURVE('',#582,#580,#326,.F.);
#706=EDGE_CURVE('',#579,#537,#41,.F.);
#707=EDGE_CURVE('',#576,#536,#42,.T.);
#708=EDGE_CURVE('',#575,#581,#494,.F.);
#709=EDGE_CURVE('',#583,#584,#327,.T.);
#710=EDGE_CURVE('',#584,#585,#328,.T.);
#711=EDGE_CURVE('',#586,#585,#329,.F.);
#712=EDGE_CURVE('',#586,#583,#330,.T.);
#713=EDGE_CURVE('',#587,#588,#331,.T.);
#714=EDGE_CURVE('',#589,#587,#332,.T.);
#715=EDGE_CURVE('',#590,#589,#333,.T.);
#716=EDGE_CURVE('',#590,#588,#334,.F.);
#717=EDGE_CURVE('',#587,#535,#43,.F.);
#718=EDGE_CURVE('',#584,#534,#44,.T.);
#719=EDGE_CURVE('',#583,#589,#495,.F.);
#720=EDGE_CURVE('',#591,#592,#335,.F.);
#721=EDGE_CURVE('',#591,#593,#336,.T.);
#722=EDGE_CURVE('',#593,#594,#337,.T.);
#723=EDGE_CURVE('',#592,#594,#338,.T.);
#724=EDGE_CURVE('',#595,#596,#339,.T.);
#725=EDGE_CURVE('',#595,#597,#340,.F.);
#726=EDGE_CURVE('',#597,#598,#341,.T.);
#727=EDGE_CURVE('',#596,#598,#342,.T.);
#728=EDGE_CURVE('',#593,#541,#45,.F.);
#729=EDGE_CURVE('',#596,#542,#46,.T.);
#730=EDGE_CURVE('',#594,#598,#496,.F.);
#731=EDGE_CURVE('',#599,#600,#343,.T.);
#732=EDGE_CURVE('',#599,#544,#47,.F.);
#733=EDGE_CURVE('',#601,#543,#48,.T.);
#734=EDGE_CURVE('',#601,#602,#344,.T.);
#735=EDGE_CURVE('',#600,#602,#497,.F.);
#736=EDGE_CURVE('',#603,#604,#345,.F.);
#737=EDGE_CURVE('',#603,#599,#346,.T.);
#738=EDGE_CURVE('',#604,#600,#347,.T.);
#739=EDGE_CURVE('',#605,#601,#348,.T.);
#740=EDGE_CURVE('',#605,#606,#349,.F.);
#741=EDGE_CURVE('',#606,#602,#350,.T.);
#742=EDGE_CURVE('',#607,#608,#351,.T.);
#743=EDGE_CURVE('',#607,#546,#49,.F.);
#744=EDGE_CURVE('',#609,#545,#50,.T.);
#745=EDGE_CURVE('',#609,#610,#352,.T.);
#746=EDGE_CURVE('',#608,#610,#498,.F.);
#747=EDGE_CURVE('',#611,#612,#353,.F.);
#748=EDGE_CURVE('',#611,#607,#354,.T.);
#749=EDGE_CURVE('',#612,#608,#355,.T.);
#750=EDGE_CURVE('',#613,#609,#356,.T.);
#751=EDGE_CURVE('',#613,#614,#357,.F.);
#752=EDGE_CURVE('',#614,#610,#358,.T.);
#753=EDGE_CURVE('',#615,#616,#359,.T.);
#754=EDGE_CURVE('',#615,#548,#51,.F.);
#755=EDGE_CURVE('',#617,#547,#52,.T.);
#756=EDGE_CURVE('',#617,#618,#360,.T.);
#757=EDGE_CURVE('',#616,#618,#499,.F.);
#758=EDGE_CURVE('',#619,#620,#361,.F.);
#759=EDGE_CURVE('',#619,#615,#362,.T.);
#760=EDGE_CURVE('',#620,#616,#363,.T.);
#761=EDGE_CURVE('',#621,#617,#364,.T.);
#762=EDGE_CURVE('',#621,#622,#365,.F.);
#763=EDGE_CURVE('',#622,#618,#366,.T.);
#764=EDGE_CURVE('',#623,#624,#367,.T.);
#765=EDGE_CURVE('',#623,#550,#53,.F.);
#766=EDGE_CURVE('',#625,#549,#54,.T.);
#767=EDGE_CURVE('',#625,#626,#368,.T.);
#768=EDGE_CURVE('',#624,#626,#500,.F.);
#769=EDGE_CURVE('',#627,#628,#369,.F.);
#770=EDGE_CURVE('',#627,#623,#370,.T.);
#771=EDGE_CURVE('',#628,#624,#371,.T.);
#772=EDGE_CURVE('',#629,#625,#372,.T.);
#773=EDGE_CURVE('',#629,#630,#373,.F.);
#774=EDGE_CURVE('',#630,#626,#374,.T.);
#775=EDGE_CURVE('',#526,#631,#375,.T.);
#776=EDGE_CURVE('',#631,#627,#501,.F.);
#777=EDGE_CURVE('',#630,#628,#502,.T.);
#778=EDGE_CURVE('',#629,#619,#503,.F.);
#779=EDGE_CURVE('',#622,#620,#504,.T.);
#780=EDGE_CURVE('',#621,#611,#505,.F.);
#781=EDGE_CURVE('',#614,#612,#506,.T.);
#782=EDGE_CURVE('',#613,#603,#507,.F.);
#783=EDGE_CURVE('',#606,#604,#508,.T.);
#784=EDGE_CURVE('',#605,#591,#509,.F.);
#785=EDGE_CURVE('',#597,#592,#510,.T.);
#786=EDGE_CURVE('',#595,#631,#511,.F.);
#787=EDGE_CURVE('',#585,#632,#512,.T.);
#788=EDGE_CURVE('',#632,#528,#376,.T.);
#789=EDGE_CURVE('',#632,#556,#513,.T.);
#790=EDGE_CURVE('',#558,#554,#514,.T.);
#791=EDGE_CURVE('',#553,#564,#515,.T.);
#792=EDGE_CURVE('',#566,#562,#516,.T.);
#793=EDGE_CURVE('',#561,#572,#517,.T.);
#794=EDGE_CURVE('',#574,#570,#518,.T.);
#795=EDGE_CURVE('',#569,#580,#519,.T.);
#796=EDGE_CURVE('',#582,#578,#520,.T.);
#797=EDGE_CURVE('',#577,#588,#521,.T.);
#798=EDGE_CURVE('',#590,#586,#522,.T.);
#799=EDGE_CURVE('',#541,#591,#15,.T.);
#800=EDGE_CURVE('',#543,#605,#16,.T.);
#801=EDGE_CURVE('',#544,#603,#17,.T.);
#802=EDGE_CURVE('',#545,#613,#18,.T.);
#803=EDGE_CURVE('',#546,#611,#19,.T.);
#804=EDGE_CURVE('',#547,#621,#20,.T.);
#805=EDGE_CURVE('',#548,#619,#21,.T.);
#806=EDGE_CURVE('',#549,#629,#22,.T.);
#807=EDGE_CURVE('',#550,#627,#23,.T.);
#808=EDGE_CURVE('',#542,#595,#24,.T.);
#809=EDGE_CURVE('',#531,#553,#25,.T.);
#810=EDGE_CURVE('',#533,#556,#26,.T.);
#811=EDGE_CURVE('',#534,#585,#27,.T.);
#812=EDGE_CURVE('',#535,#588,#28,.T.);
#813=EDGE_CURVE('',#536,#577,#29,.T.);
#814=EDGE_CURVE('',#537,#580,#30,.T.);
#815=EDGE_CURVE('',#538,#569,#31,.T.);
#816=EDGE_CURVE('',#539,#572,#32,.T.);
#817=EDGE_CURVE('',#540,#561,#33,.T.);
#818=EDGE_CURVE('',#532,#564,#34,.T.);
#819=ORIENTED_EDGE('',*,*,#633,.T.);
#820=ORIENTED_EDGE('',*,*,#634,.T.);
#821=ORIENTED_EDGE('',*,*,#635,.T.);
#822=ORIENTED_EDGE('',*,*,#634,.F.);
#823=ORIENTED_EDGE('',*,*,#633,.F.);
#824=ORIENTED_EDGE('',*,*,#636,.T.);
#825=ORIENTED_EDGE('',*,*,#637,.F.);
#826=ORIENTED_EDGE('',*,*,#636,.F.);
#827=ORIENTED_EDGE('',*,*,#638,.F.);
#828=ORIENTED_EDGE('',*,*,#635,.F.);
#829=ORIENTED_EDGE('',*,*,#637,.T.);
#830=ORIENTED_EDGE('',*,*,#639,.T.);
#831=ORIENTED_EDGE('',*,*,#640,.T.);
#832=ORIENTED_EDGE('',*,*,#639,.F.);
#833=ORIENTED_EDGE('',*,*,#641,.T.);
#834=ORIENTED_EDGE('',*,*,#640,.F.);
#835=ORIENTED_EDGE('',*,*,#642,.F.);
#836=ORIENTED_EDGE('',*,*,#643,.T.);
#837=ORIENTED_EDGE('',*,*,#644,.F.);
#838=ORIENTED_EDGE('',*,*,#643,.F.);
#839=ORIENTED_EDGE('',*,*,#642,.T.);
#840=ORIENTED_EDGE('',*,*,#645,.F.);
#841=ORIENTED_EDGE('',*,*,#646,.F.);
#842=ORIENTED_EDGE('',*,*,#647,.F.);
#843=ORIENTED_EDGE('',*,*,#648,.F.);
#844=ORIENTED_EDGE('',*,*,#649,.F.);
#845=ORIENTED_EDGE('',*,*,#650,.F.);
#846=ORIENTED_EDGE('',*,*,#651,.F.);
#847=ORIENTED_EDGE('',*,*,#652,.F.);
#848=ORIENTED_EDGE('',*,*,#653,.F.);
#849=ORIENTED_EDGE('',*,*,#654,.F.);
#850=ORIENTED_EDGE('',*,*,#644,.T.);
#851=ORIENTED_EDGE('',*,*,#655,.F.);
#852=ORIENTED_EDGE('',*,*,#656,.F.);
#853=ORIENTED_EDGE('',*,*,#657,.F.);
#854=ORIENTED_EDGE('',*,*,#658,.F.);
#855=ORIENTED_EDGE('',*,*,#659,.F.);
#856=ORIENTED_EDGE('',*,*,#660,.F.);
#857=ORIENTED_EDGE('',*,*,#661,.F.);
#858=ORIENTED_EDGE('',*,*,#662,.F.);
#859=ORIENTED_EDGE('',*,*,#663,.F.);
#860=ORIENTED_EDGE('',*,*,#664,.F.);
#861=ORIENTED_EDGE('',*,*,#665,.T.);
#862=ORIENTED_EDGE('',*,*,#666,.T.);
#863=ORIENTED_EDGE('',*,*,#667,.F.);
#864=ORIENTED_EDGE('',*,*,#668,.T.);
#865=ORIENTED_EDGE('',*,*,#669,.F.);
#866=ORIENTED_EDGE('',*,*,#670,.F.);
#867=ORIENTED_EDGE('',*,*,#671,.F.);
#868=ORIENTED_EDGE('',*,*,#672,.T.);
#869=ORIENTED_EDGE('',*,*,#670,.T.);
#870=ORIENTED_EDGE('',*,*,#673,.T.);
#871=ORIENTED_EDGE('',*,*,#646,.T.);
#872=ORIENTED_EDGE('',*,*,#674,.F.);
#873=ORIENTED_EDGE('',*,*,#665,.F.);
#874=ORIENTED_EDGE('',*,*,#675,.T.);
#875=ORIENTED_EDGE('',*,*,#676,.T.);
#876=ORIENTED_EDGE('',*,*,#677,.T.);
#877=ORIENTED_EDGE('',*,*,#678,.F.);
#878=ORIENTED_EDGE('',*,*,#679,.T.);
#879=ORIENTED_EDGE('',*,*,#680,.F.);
#880=ORIENTED_EDGE('',*,*,#681,.F.);
#881=ORIENTED_EDGE('',*,*,#682,.F.);
#882=ORIENTED_EDGE('',*,*,#683,.T.);
#883=ORIENTED_EDGE('',*,*,#681,.T.);
#884=ORIENTED_EDGE('',*,*,#684,.T.);
#885=ORIENTED_EDGE('',*,*,#654,.T.);
#886=ORIENTED_EDGE('',*,*,#685,.F.);
#887=ORIENTED_EDGE('',*,*,#676,.F.);
#888=ORIENTED_EDGE('',*,*,#686,.T.);
#889=ORIENTED_EDGE('',*,*,#687,.T.);
#890=ORIENTED_EDGE('',*,*,#688,.T.);
#891=ORIENTED_EDGE('',*,*,#689,.F.);
#892=ORIENTED_EDGE('',*,*,#690,.T.);
#893=ORIENTED_EDGE('',*,*,#691,.F.);
#894=ORIENTED_EDGE('',*,*,#692,.F.);
#895=ORIENTED_EDGE('',*,*,#693,.F.);
#896=ORIENTED_EDGE('',*,*,#694,.T.);
#897=ORIENTED_EDGE('',*,*,#692,.T.);
#898=ORIENTED_EDGE('',*,*,#695,.T.);
#899=ORIENTED_EDGE('',*,*,#652,.T.);
#900=ORIENTED_EDGE('',*,*,#696,.F.);
#901=ORIENTED_EDGE('',*,*,#687,.F.);
#902=ORIENTED_EDGE('',*,*,#697,.T.);
#903=ORIENTED_EDGE('',*,*,#698,.T.);
#904=ORIENTED_EDGE('',*,*,#699,.T.);
#905=ORIENTED_EDGE('',*,*,#700,.F.);
#906=ORIENTED_EDGE('',*,*,#701,.T.);
#907=ORIENTED_EDGE('',*,*,#702,.F.);
#908=ORIENTED_EDGE('',*,*,#703,.F.);
#909=ORIENTED_EDGE('',*,*,#704,.F.);
#910=ORIENTED_EDGE('',*,*,#705,.T.);
#911=ORIENTED_EDGE('',*,*,#703,.T.);
#912=ORIENTED_EDGE('',*,*,#706,.T.);
#913=ORIENTED_EDGE('',*,*,#650,.T.);
#914=ORIENTED_EDGE('',*,*,#707,.F.);
#915=ORIENTED_EDGE('',*,*,#698,.F.);
#916=ORIENTED_EDGE('',*,*,#708,.T.);
#917=ORIENTED_EDGE('',*,*,#709,.T.);
#918=ORIENTED_EDGE('',*,*,#710,.T.);
#919=ORIENTED_EDGE('',*,*,#711,.F.);
#920=ORIENTED_EDGE('',*,*,#712,.T.);
#921=ORIENTED_EDGE('',*,*,#713,.F.);
#922=ORIENTED_EDGE('',*,*,#714,.F.);
#923=ORIENTED_EDGE('',*,*,#715,.F.);
#924=ORIENTED_EDGE('',*,*,#716,.T.);
#925=ORIENTED_EDGE('',*,*,#714,.T.);
#926=ORIENTED_EDGE('',*,*,#717,.T.);
#927=ORIENTED_EDGE('',*,*,#648,.T.);
#928=ORIENTED_EDGE('',*,*,#718,.F.);
#929=ORIENTED_EDGE('',*,*,#709,.F.);
#930=ORIENTED_EDGE('',*,*,#719,.T.);
#931=ORIENTED_EDGE('',*,*,#720,.F.);
#932=ORIENTED_EDGE('',*,*,#721,.T.);
#933=ORIENTED_EDGE('',*,*,#722,.T.);
#934=ORIENTED_EDGE('',*,*,#723,.F.);
#935=ORIENTED_EDGE('',*,*,#724,.F.);
#936=ORIENTED_EDGE('',*,*,#725,.T.);
#937=ORIENTED_EDGE('',*,*,#726,.T.);
#938=ORIENTED_EDGE('',*,*,#727,.F.);
#939=ORIENTED_EDGE('',*,*,#722,.F.);
#940=ORIENTED_EDGE('',*,*,#728,.T.);
#941=ORIENTED_EDGE('',*,*,#655,.T.);
#942=ORIENTED_EDGE('',*,*,#729,.F.);
#943=ORIENTED_EDGE('',*,*,#727,.T.);
#944=ORIENTED_EDGE('',*,*,#730,.F.);
#945=ORIENTED_EDGE('',*,*,#731,.F.);
#946=ORIENTED_EDGE('',*,*,#732,.T.);
#947=ORIENTED_EDGE('',*,*,#657,.T.);
#948=ORIENTED_EDGE('',*,*,#733,.F.);
#949=ORIENTED_EDGE('',*,*,#734,.T.);
#950=ORIENTED_EDGE('',*,*,#735,.F.);
#951=ORIENTED_EDGE('',*,*,#736,.F.);
#952=ORIENTED_EDGE('',*,*,#737,.T.);
#953=ORIENTED_EDGE('',*,*,#731,.T.);
#954=ORIENTED_EDGE('',*,*,#738,.F.);
#955=ORIENTED_EDGE('',*,*,#739,.F.);
#956=ORIENTED_EDGE('',*,*,#740,.T.);
#957=ORIENTED_EDGE('',*,*,#741,.T.);
#958=ORIENTED_EDGE('',*,*,#734,.F.);
#959=ORIENTED_EDGE('',*,*,#742,.F.);
#960=ORIENTED_EDGE('',*,*,#743,.T.);
#961=ORIENTED_EDGE('',*,*,#659,.T.);
#962=ORIENTED_EDGE('',*,*,#744,.F.);
#963=ORIENTED_EDGE('',*,*,#745,.T.);
#964=ORIENTED_EDGE('',*,*,#746,.F.);
#965=ORIENTED_EDGE('',*,*,#747,.F.);
#966=ORIENTED_EDGE('',*,*,#748,.T.);
#967=ORIENTED_EDGE('',*,*,#742,.T.);
#968=ORIENTED_EDGE('',*,*,#749,.F.);
#969=ORIENTED_EDGE('',*,*,#750,.F.);
#970=ORIENTED_EDGE('',*,*,#751,.T.);
#971=ORIENTED_EDGE('',*,*,#752,.T.);
#972=ORIENTED_EDGE('',*,*,#745,.F.);
#973=ORIENTED_EDGE('',*,*,#753,.F.);
#974=ORIENTED_EDGE('',*,*,#754,.T.);
#975=ORIENTED_EDGE('',*,*,#661,.T.);
#976=ORIENTED_EDGE('',*,*,#755,.F.);
#977=ORIENTED_EDGE('',*,*,#756,.T.);
#978=ORIENTED_EDGE('',*,*,#757,.F.);
#979=ORIENTED_EDGE('',*,*,#758,.F.);
#980=ORIENTED_EDGE('',*,*,#759,.T.);
#981=ORIENTED_EDGE('',*,*,#753,.T.);
#982=ORIENTED_EDGE('',*,*,#760,.F.);
#983=ORIENTED_EDGE('',*,*,#761,.F.);
#984=ORIENTED_EDGE('',*,*,#762,.T.);
#985=ORIENTED_EDGE('',*,*,#763,.T.);
#986=ORIENTED_EDGE('',*,*,#756,.F.);
#987=ORIENTED_EDGE('',*,*,#764,.F.);
#988=ORIENTED_EDGE('',*,*,#765,.T.);
#989=ORIENTED_EDGE('',*,*,#663,.T.);
#990=ORIENTED_EDGE('',*,*,#766,.F.);
#991=ORIENTED_EDGE('',*,*,#767,.T.);
#992=ORIENTED_EDGE('',*,*,#768,.F.);
#993=ORIENTED_EDGE('',*,*,#769,.F.);
#994=ORIENTED_EDGE('',*,*,#770,.T.);
#995=ORIENTED_EDGE('',*,*,#764,.T.);
#996=ORIENTED_EDGE('',*,*,#771,.F.);
#997=ORIENTED_EDGE('',*,*,#772,.F.);
#998=ORIENTED_EDGE('',*,*,#773,.T.);
#999=ORIENTED_EDGE('',*,*,#774,.T.);
#1000=ORIENTED_EDGE('',*,*,#767,.F.);
#1001=ORIENTED_EDGE('',*,*,#638,.T.);
#1002=ORIENTED_EDGE('',*,*,#775,.T.);
#1003=ORIENTED_EDGE('',*,*,#776,.T.);
#1004=ORIENTED_EDGE('',*,*,#769,.T.);
#1005=ORIENTED_EDGE('',*,*,#777,.F.);
#1006=ORIENTED_EDGE('',*,*,#773,.F.);
#1007=ORIENTED_EDGE('',*,*,#778,.T.);
#1008=ORIENTED_EDGE('',*,*,#758,.T.);
#1009=ORIENTED_EDGE('',*,*,#779,.F.);
#1010=ORIENTED_EDGE('',*,*,#762,.F.);
#1011=ORIENTED_EDGE('',*,*,#780,.T.);
#1012=ORIENTED_EDGE('',*,*,#747,.T.);
#1013=ORIENTED_EDGE('',*,*,#781,.F.);
#1014=ORIENTED_EDGE('',*,*,#751,.F.);
#1015=ORIENTED_EDGE('',*,*,#782,.T.);
#1016=ORIENTED_EDGE('',*,*,#736,.T.);
#1017=ORIENTED_EDGE('',*,*,#783,.F.);
#1018=ORIENTED_EDGE('',*,*,#740,.F.);
#1019=ORIENTED_EDGE('',*,*,#784,.T.);
#1020=ORIENTED_EDGE('',*,*,#720,.T.);
#1021=ORIENTED_EDGE('',*,*,#785,.F.);
#1022=ORIENTED_EDGE('',*,*,#725,.F.);
#1023=ORIENTED_EDGE('',*,*,#786,.T.);
#1024=ORIENTED_EDGE('',*,*,#775,.F.);
#1025=ORIENTED_EDGE('',*,*,#787,.T.);
#1026=ORIENTED_EDGE('',*,*,#788,.T.);
#1027=ORIENTED_EDGE('',*,*,#641,.F.);
#1028=ORIENTED_EDGE('',*,*,#788,.F.);
#1029=ORIENTED_EDGE('',*,*,#789,.T.);
#1030=ORIENTED_EDGE('',*,*,#672,.F.);
#1031=ORIENTED_EDGE('',*,*,#790,.T.);
#1032=ORIENTED_EDGE('',*,*,#667,.T.);
#1033=ORIENTED_EDGE('',*,*,#791,.T.);
#1034=ORIENTED_EDGE('',*,*,#683,.F.);
#1035=ORIENTED_EDGE('',*,*,#792,.T.);
#1036=ORIENTED_EDGE('',*,*,#678,.T.);
#1037=ORIENTED_EDGE('',*,*,#793,.T.);
#1038=ORIENTED_EDGE('',*,*,#694,.F.);
#1039=ORIENTED_EDGE('',*,*,#794,.T.);
#1040=ORIENTED_EDGE('',*,*,#689,.T.);
#1041=ORIENTED_EDGE('',*,*,#795,.T.);
#1042=ORIENTED_EDGE('',*,*,#705,.F.);
#1043=ORIENTED_EDGE('',*,*,#796,.T.);
#1044=ORIENTED_EDGE('',*,*,#700,.T.);
#1045=ORIENTED_EDGE('',*,*,#797,.T.);
#1046=ORIENTED_EDGE('',*,*,#716,.F.);
#1047=ORIENTED_EDGE('',*,*,#798,.T.);
#1048=ORIENTED_EDGE('',*,*,#711,.T.);
#1049=ORIENTED_EDGE('',*,*,#671,.T.);
#1050=ORIENTED_EDGE('',*,*,#675,.F.);
#1051=ORIENTED_EDGE('',*,*,#668,.F.);
#1052=ORIENTED_EDGE('',*,*,#790,.F.);
#1053=ORIENTED_EDGE('',*,*,#682,.T.);
#1054=ORIENTED_EDGE('',*,*,#686,.F.);
#1055=ORIENTED_EDGE('',*,*,#679,.F.);
#1056=ORIENTED_EDGE('',*,*,#792,.F.);
#1057=ORIENTED_EDGE('',*,*,#693,.T.);
#1058=ORIENTED_EDGE('',*,*,#697,.F.);
#1059=ORIENTED_EDGE('',*,*,#690,.F.);
#1060=ORIENTED_EDGE('',*,*,#794,.F.);
#1061=ORIENTED_EDGE('',*,*,#704,.T.);
#1062=ORIENTED_EDGE('',*,*,#708,.F.);
#1063=ORIENTED_EDGE('',*,*,#701,.F.);
#1064=ORIENTED_EDGE('',*,*,#796,.F.);
#1065=ORIENTED_EDGE('',*,*,#715,.T.);
#1066=ORIENTED_EDGE('',*,*,#719,.F.);
#1067=ORIENTED_EDGE('',*,*,#712,.F.);
#1068=ORIENTED_EDGE('',*,*,#798,.F.);
#1069=ORIENTED_EDGE('',*,*,#785,.T.);
#1070=ORIENTED_EDGE('',*,*,#723,.T.);
#1071=ORIENTED_EDGE('',*,*,#730,.T.);
#1072=ORIENTED_EDGE('',*,*,#726,.F.);
#1073=ORIENTED_EDGE('',*,*,#783,.T.);
#1074=ORIENTED_EDGE('',*,*,#738,.T.);
#1075=ORIENTED_EDGE('',*,*,#735,.T.);
#1076=ORIENTED_EDGE('',*,*,#741,.F.);
#1077=ORIENTED_EDGE('',*,*,#781,.T.);
#1078=ORIENTED_EDGE('',*,*,#749,.T.);
#1079=ORIENTED_EDGE('',*,*,#746,.T.);
#1080=ORIENTED_EDGE('',*,*,#752,.F.);
#1081=ORIENTED_EDGE('',*,*,#779,.T.);
#1082=ORIENTED_EDGE('',*,*,#760,.T.);
#1083=ORIENTED_EDGE('',*,*,#757,.T.);
#1084=ORIENTED_EDGE('',*,*,#763,.F.);
#1085=ORIENTED_EDGE('',*,*,#777,.T.);
#1086=ORIENTED_EDGE('',*,*,#771,.T.);
#1087=ORIENTED_EDGE('',*,*,#768,.T.);
#1088=ORIENTED_EDGE('',*,*,#774,.F.);
#1089=ORIENTED_EDGE('',*,*,#721,.F.);
#1090=ORIENTED_EDGE('',*,*,#799,.F.);
#1091=ORIENTED_EDGE('',*,*,#728,.F.);
#1092=ORIENTED_EDGE('',*,*,#784,.F.);
#1093=ORIENTED_EDGE('',*,*,#800,.F.);
#1094=ORIENTED_EDGE('',*,*,#656,.T.);
#1095=ORIENTED_EDGE('',*,*,#799,.T.);
#1096=ORIENTED_EDGE('',*,*,#739,.T.);
#1097=ORIENTED_EDGE('',*,*,#733,.T.);
#1098=ORIENTED_EDGE('',*,*,#800,.T.);
#1099=ORIENTED_EDGE('',*,*,#737,.F.);
#1100=ORIENTED_EDGE('',*,*,#801,.F.);
#1101=ORIENTED_EDGE('',*,*,#732,.F.);
#1102=ORIENTED_EDGE('',*,*,#782,.F.);
#1103=ORIENTED_EDGE('',*,*,#802,.F.);
#1104=ORIENTED_EDGE('',*,*,#658,.T.);
#1105=ORIENTED_EDGE('',*,*,#801,.T.);
#1106=ORIENTED_EDGE('',*,*,#750,.T.);
#1107=ORIENTED_EDGE('',*,*,#744,.T.);
#1108=ORIENTED_EDGE('',*,*,#802,.T.);
#1109=ORIENTED_EDGE('',*,*,#748,.F.);
#1110=ORIENTED_EDGE('',*,*,#803,.F.);
#1111=ORIENTED_EDGE('',*,*,#743,.F.);
#1112=ORIENTED_EDGE('',*,*,#780,.F.);
#1113=ORIENTED_EDGE('',*,*,#804,.F.);
#1114=ORIENTED_EDGE('',*,*,#660,.T.);
#1115=ORIENTED_EDGE('',*,*,#803,.T.);
#1116=ORIENTED_EDGE('',*,*,#761,.T.);
#1117=ORIENTED_EDGE('',*,*,#755,.T.);
#1118=ORIENTED_EDGE('',*,*,#804,.T.);
#1119=ORIENTED_EDGE('',*,*,#759,.F.);
#1120=ORIENTED_EDGE('',*,*,#805,.F.);
#1121=ORIENTED_EDGE('',*,*,#754,.F.);
#1122=ORIENTED_EDGE('',*,*,#778,.F.);
#1123=ORIENTED_EDGE('',*,*,#806,.F.);
#1124=ORIENTED_EDGE('',*,*,#662,.T.);
#1125=ORIENTED_EDGE('',*,*,#805,.T.);
#1126=ORIENTED_EDGE('',*,*,#772,.T.);
#1127=ORIENTED_EDGE('',*,*,#766,.T.);
#1128=ORIENTED_EDGE('',*,*,#806,.T.);
#1129=ORIENTED_EDGE('',*,*,#770,.F.);
#1130=ORIENTED_EDGE('',*,*,#807,.F.);
#1131=ORIENTED_EDGE('',*,*,#765,.F.);
#1132=ORIENTED_EDGE('',*,*,#786,.F.);
#1133=ORIENTED_EDGE('',*,*,#808,.F.);
#1134=ORIENTED_EDGE('',*,*,#664,.T.);
#1135=ORIENTED_EDGE('',*,*,#807,.T.);
#1136=ORIENTED_EDGE('',*,*,#776,.F.);
#1137=ORIENTED_EDGE('',*,*,#724,.T.);
#1138=ORIENTED_EDGE('',*,*,#729,.T.);
#1139=ORIENTED_EDGE('',*,*,#808,.T.);
#1140=ORIENTED_EDGE('',*,*,#666,.F.);
#1141=ORIENTED_EDGE('',*,*,#674,.T.);
#1142=ORIENTED_EDGE('',*,*,#809,.T.);
#1143=ORIENTED_EDGE('',*,*,#669,.T.);
#1144=ORIENTED_EDGE('',*,*,#810,.F.);
#1145=ORIENTED_EDGE('',*,*,#673,.F.);
#1146=ORIENTED_EDGE('',*,*,#787,.F.);
#1147=ORIENTED_EDGE('',*,*,#811,.F.);
#1148=ORIENTED_EDGE('',*,*,#647,.T.);
#1149=ORIENTED_EDGE('',*,*,#810,.T.);
#1150=ORIENTED_EDGE('',*,*,#789,.F.);
#1151=ORIENTED_EDGE('',*,*,#710,.F.);
#1152=ORIENTED_EDGE('',*,*,#718,.T.);
#1153=ORIENTED_EDGE('',*,*,#811,.T.);
#1154=ORIENTED_EDGE('',*,*,#713,.T.);
#1155=ORIENTED_EDGE('',*,*,#812,.F.);
#1156=ORIENTED_EDGE('',*,*,#717,.F.);
#1157=ORIENTED_EDGE('',*,*,#797,.F.);
#1158=ORIENTED_EDGE('',*,*,#813,.F.);
#1159=ORIENTED_EDGE('',*,*,#649,.T.);
#1160=ORIENTED_EDGE('',*,*,#812,.T.);
#1161=ORIENTED_EDGE('',*,*,#699,.F.);
#1162=ORIENTED_EDGE('',*,*,#707,.T.);
#1163=ORIENTED_EDGE('',*,*,#813,.T.);
#1164=ORIENTED_EDGE('',*,*,#702,.T.);
#1165=ORIENTED_EDGE('',*,*,#814,.F.);
#1166=ORIENTED_EDGE('',*,*,#706,.F.);
#1167=ORIENTED_EDGE('',*,*,#795,.F.);
#1168=ORIENTED_EDGE('',*,*,#815,.F.);
#1169=ORIENTED_EDGE('',*,*,#651,.T.);
#1170=ORIENTED_EDGE('',*,*,#814,.T.);
#1171=ORIENTED_EDGE('',*,*,#688,.F.);
#1172=ORIENTED_EDGE('',*,*,#696,.T.);
#1173=ORIENTED_EDGE('',*,*,#815,.T.);
#1174=ORIENTED_EDGE('',*,*,#691,.T.);
#1175=ORIENTED_EDGE('',*,*,#816,.F.);
#1176=ORIENTED_EDGE('',*,*,#695,.F.);
#1177=ORIENTED_EDGE('',*,*,#793,.F.);
#1178=ORIENTED_EDGE('',*,*,#817,.F.);
#1179=ORIENTED_EDGE('',*,*,#653,.T.);
#1180=ORIENTED_EDGE('',*,*,#816,.T.);
#1181=ORIENTED_EDGE('',*,*,#677,.F.);
#1182=ORIENTED_EDGE('',*,*,#685,.T.);
#1183=ORIENTED_EDGE('',*,*,#817,.T.);
#1184=ORIENTED_EDGE('',*,*,#680,.T.);
#1185=ORIENTED_EDGE('',*,*,#818,.F.);
#1186=ORIENTED_EDGE('',*,*,#684,.F.);
#1187=ORIENTED_EDGE('',*,*,#791,.F.);
#1188=ORIENTED_EDGE('',*,*,#809,.F.);
#1189=ORIENTED_EDGE('',*,*,#645,.T.);
#1190=ORIENTED_EDGE('',*,*,#818,.T.);
#1191=CONICAL_SURFACE('',#1297,2.7,0.785398163397446);
#1192=CONICAL_SURFACE('',#1304,2.7,0.785398163397447);
#1193=CONICAL_SURFACE('',#1428,4.15,0.785398163397448);
#1194=CONICAL_SURFACE('',#1431,4.15,0.785398163397448);
#1195=CONICAL_SURFACE('',#1434,4.15,0.785398163397448);
#1196=CONICAL_SURFACE('',#1437,4.15,0.785398163397448);
#1197=CONICAL_SURFACE('',#1440,4.15,0.785398163397448);
#1198=CONICAL_SURFACE('',#1444,4.15,0.785398163397448);
#1199=CONICAL_SURFACE('',#1447,4.15,0.785398163397448);
#1200=CONICAL_SURFACE('',#1450,4.15,0.785398163397448);
#1201=CONICAL_SURFACE('',#1453,4.15,0.785398163397448);
#1202=CONICAL_SURFACE('',#1456,4.15,0.785398163397448);
#1203=ADVANCED_FACE('',(#127),#1191,.F.);
#1204=ADVANCED_FACE('',(#128),#113,.F.);
#1205=ADVANCED_FACE('',(#129,#55),#59,.F.);
#1206=ADVANCED_FACE('',(#130),#1192,.F.);
#1207=ADVANCED_FACE('',(#131,#56),#60,.T.);
#1208=ADVANCED_FACE('',(#132),#114,.T.);
#1209=ADVANCED_FACE('',(#133,#57),#61,.T.);
#1210=ADVANCED_FACE('',(#134,#58),#62,.T.);
#1211=ADVANCED_FACE('',(#135),#63,.T.);
#1212=ADVANCED_FACE('',(#136),#64,.F.);
#1213=ADVANCED_FACE('',(#137),#115,.F.);
#1214=ADVANCED_FACE('',(#138),#65,.T.);
#1215=ADVANCED_FACE('',(#139),#66,.F.);
#1216=ADVANCED_FACE('',(#140),#116,.F.);
#1217=ADVANCED_FACE('',(#141),#67,.T.);
#1218=ADVANCED_FACE('',(#142),#68,.F.);
#1219=ADVANCED_FACE('',(#143),#117,.F.);
#1220=ADVANCED_FACE('',(#144),#69,.T.);
#1221=ADVANCED_FACE('',(#145),#70,.F.);
#1222=ADVANCED_FACE('',(#146),#118,.F.);
#1223=ADVANCED_FACE('',(#147),#71,.T.);
#1224=ADVANCED_FACE('',(#148),#72,.F.);
#1225=ADVANCED_FACE('',(#149),#119,.F.);
#1226=ADVANCED_FACE('',(#150),#73,.T.);
#1227=ADVANCED_FACE('',(#151),#74,.F.);
#1228=ADVANCED_FACE('',(#152),#120,.F.);
#1229=ADVANCED_FACE('',(#153),#121,.F.);
#1230=ADVANCED_FACE('',(#154),#75,.T.);
#1231=ADVANCED_FACE('',(#155),#76,.F.);
#1232=ADVANCED_FACE('',(#156),#122,.F.);
#1233=ADVANCED_FACE('',(#157),#77,.T.);
#1234=ADVANCED_FACE('',(#158),#78,.F.);
#1235=ADVANCED_FACE('',(#159),#123,.F.);
#1236=ADVANCED_FACE('',(#160),#79,.T.);
#1237=ADVANCED_FACE('',(#161),#80,.F.);
#1238=ADVANCED_FACE('',(#162),#124,.F.);
#1239=ADVANCED_FACE('',(#163),#81,.T.);
#1240=ADVANCED_FACE('',(#164),#82,.F.);
#1241=ADVANCED_FACE('',(#165),#125,.F.);
#1242=ADVANCED_FACE('',(#166),#126,.F.);
#1243=ADVANCED_FACE('',(#167),#83,.T.);
#1244=ADVANCED_FACE('',(#168),#84,.T.);
#1245=ADVANCED_FACE('',(#169),#85,.T.);
#1246=ADVANCED_FACE('',(#170),#86,.T.);
#1247=ADVANCED_FACE('',(#171),#87,.T.);
#1248=ADVANCED_FACE('',(#172),#88,.F.);
#1249=ADVANCED_FACE('',(#173),#89,.F.);
#1250=ADVANCED_FACE('',(#174),#90,.F.);
#1251=ADVANCED_FACE('',(#175),#91,.F.);
#1252=ADVANCED_FACE('',(#176),#92,.F.);
#1253=ADVANCED_FACE('',(#177),#93,.T.);
#1254=ADVANCED_FACE('',(#178),#1193,.F.);
#1255=ADVANCED_FACE('',(#179),#94,.T.);
#1256=ADVANCED_FACE('',(#180),#95,.T.);
#1257=ADVANCED_FACE('',(#181),#1194,.F.);
#1258=ADVANCED_FACE('',(#182),#96,.T.);
#1259=ADVANCED_FACE('',(#183),#97,.T.);
#1260=ADVANCED_FACE('',(#184),#1195,.F.);
#1261=ADVANCED_FACE('',(#185),#98,.T.);
#1262=ADVANCED_FACE('',(#186),#99,.T.);
#1263=ADVANCED_FACE('',(#187),#1196,.F.);
#1264=ADVANCED_FACE('',(#188),#100,.T.);
#1265=ADVANCED_FACE('',(#189),#101,.T.);
#1266=ADVANCED_FACE('',(#190),#1197,.F.);
#1267=ADVANCED_FACE('',(#191),#102,.T.);
#1268=ADVANCED_FACE('',(#192),#103,.T.);
#1269=ADVANCED_FACE('',(#193),#104,.T.);
#1270=ADVANCED_FACE('',(#194),#1198,.F.);
#1271=ADVANCED_FACE('',(#195),#105,.T.);
#1272=ADVANCED_FACE('',(#196),#106,.T.);
#1273=ADVANCED_FACE('',(#197),#1199,.F.);
#1274=ADVANCED_FACE('',(#198),#107,.T.);
#1275=ADVANCED_FACE('',(#199),#108,.T.);
#1276=ADVANCED_FACE('',(#200),#1200,.F.);
#1277=ADVANCED_FACE('',(#201),#109,.T.);
#1278=ADVANCED_FACE('',(#202),#110,.T.);
#1279=ADVANCED_FACE('',(#203),#1201,.F.);
#1280=ADVANCED_FACE('',(#204),#111,.T.);
#1281=ADVANCED_FACE('',(#205),#112,.T.);
#1282=ADVANCED_FACE('',(#206),#1202,.F.);
#1283=CLOSED_SHELL('',(#1203,#1204,#1205,#1206,#1207,#1208,#1209,#1210,
#1211,#1212,#1213,#1214,#1215,#1216,#1217,#1218,#1219,#1220,#1221,#1222,
#1223,#1224,#1225,#1226,#1227,#1228,#1229,#1230,#1231,#1232,#1233,#1234,
#1235,#1236,#1237,#1238,#1239,#1240,#1241,#1242,#1243,#1244,#1245,#1246,
#1247,#1248,#1249,#1250,#1251,#1252,#1253,#1254,#1255,#1256,#1257,#1258,
#1259,#1260,#1261,#1262,#1263,#1264,#1265,#1266,#1267,#1268,#1269,#1270,
#1271,#1272,#1273,#1274,#1275,#1276,#1277,#1278,#1279,#1280,#1281,#1282));
#1284=DERIVED_UNIT_ELEMENT(#1286,1.);
#1285=DERIVED_UNIT_ELEMENT(#2287,-3.);
#1286=(
MASS_UNIT()
NAMED_UNIT(*)
SI_UNIT(.KILO.,.GRAM.)
);
#1287=DERIVED_UNIT((#1284,#1285));
#1288=MEASURE_REPRESENTATION_ITEM('density measure',
POSITIVE_RATIO_MEASURE(7850.),#1287);
#1289=PROPERTY_DEFINITION_REPRESENTATION(#1294,#1291);
#1290=PROPERTY_DEFINITION_REPRESENTATION(#1295,#1292);
#1291=REPRESENTATION('material name',(#1293),#2284);
#1292=REPRESENTATION('density',(#1288),#2284);
#1293=DESCRIPTIVE_REPRESENTATION_ITEM('Steel','Steel');
#1294=PROPERTY_DEFINITION('material property','material name',#2294);
#1295=PROPERTY_DEFINITION('material property','density of part',#2294);
#1296=AXIS2_PLACEMENT_3D('',#1865,#1457,#1458);
#1297=AXIS2_PLACEMENT_3D('',#1866,#1459,#1460);
#1298=AXIS2_PLACEMENT_3D('',#1868,#1461,#1462);
#1299=AXIS2_PLACEMENT_3D('',#1871,#1464,#1465);
#1300=AXIS2_PLACEMENT_3D('',#1872,#1466,#1467);
#1301=AXIS2_PLACEMENT_3D('',#1875,#1469,#1470);
#1302=AXIS2_PLACEMENT_3D('',#1876,#1471,#1472);
#1303=AXIS2_PLACEMENT_3D('',#1878,#1473,#1474);
#1304=AXIS2_PLACEMENT_3D('',#1879,#1475,#1476);
#1305=AXIS2_PLACEMENT_3D('',#1882,#1478,#1479);
#1306=AXIS2_PLACEMENT_3D('',#1883,#1480,#1481);
#1307=AXIS2_PLACEMENT_3D('',#1885,#1482,#1483);
#1308=AXIS2_PLACEMENT_3D('',#1886,#1484,#1485);
#1309=AXIS2_PLACEMENT_3D('',#1888,#1486,#1487);
#1310=AXIS2_PLACEMENT_3D('',#1891,#1489,#1490);
#1311=AXIS2_PLACEMENT_3D('',#1892,#1491,#1492);
#1312=AXIS2_PLACEMENT_3D('',#1895,#1493,#1494);
#1313=AXIS2_PLACEMENT_3D('',#1897,#1495,#1496);
#1314=AXIS2_PLACEMENT_3D('',#1899,#1497,#1498);
#1315=AXIS2_PLACEMENT_3D('',#1901,#1499,#1500);
#1316=AXIS2_PLACEMENT_3D('',#1903,#1501,#1502);
#1317=AXIS2_PLACEMENT_3D('',#1905,#1503,#1504);
#1318=AXIS2_PLACEMENT_3D('',#1907,#1505,#1506);
#1319=AXIS2_PLACEMENT_3D('',#1909,#1507,#1508);
#1320=AXIS2_PLACEMENT_3D('',#1911,#1509,#1510);
#1321=AXIS2_PLACEMENT_3D('',#1912,#1511,#1512);
#1322=AXIS2_PLACEMENT_3D('',#1913,#1513,#1514);
#1323=AXIS2_PLACEMENT_3D('',#1916,#1515,#1516);
#1324=AXIS2_PLACEMENT_3D('',#1918,#1517,#1518);
#1325=AXIS2_PLACEMENT_3D('',#1920,#1519,#1520);
#1326=AXIS2_PLACEMENT_3D('',#1922,#1521,#1522);
#1327=AXIS2_PLACEMENT_3D('',#1924,#1523,#1524);
#1328=AXIS2_PLACEMENT_3D('',#1926,#1525,#1526);
#1329=AXIS2_PLACEMENT_3D('',#1928,#1527,#1528);
#1330=AXIS2_PLACEMENT_3D('',#1930,#1529,#1530);
#1331=AXIS2_PLACEMENT_3D('',#1932,#1531,#1532);
#1332=AXIS2_PLACEMENT_3D('',#1933,#1533,#1534);
#1333=AXIS2_PLACEMENT_3D('',#1934,#1535,#1536);
#1334=AXIS2_PLACEMENT_3D('',#1943,#1541,#1542);
#1335=AXIS2_PLACEMENT_3D('',#1952,#1547,#1548);
#1336=AXIS2_PLACEMENT_3D('',#1953,#1549,#1550);
#1337=AXIS2_PLACEMENT_3D('',#1954,#1551,#1552);
#1338=AXIS2_PLACEMENT_3D('',#1955,#1553,#1554);
#1339=AXIS2_PLACEMENT_3D('',#1956,#1555,#1556);
#1340=AXIS2_PLACEMENT_3D('',#1965,#1561,#1562);
#1341=AXIS2_PLACEMENT_3D('',#1974,#1567,#1568);
#1342=AXIS2_PLACEMENT_3D('',#1975,#1569,#1570);
#1343=AXIS2_PLACEMENT_3D('',#1976,#1571,#1572);
#1344=AXIS2_PLACEMENT_3D('',#1977,#1573,#1574);
#1345=AXIS2_PLACEMENT_3D('',#1978,#1575,#1576);
#1346=AXIS2_PLACEMENT_3D('',#1987,#1581,#1582);
#1347=AXIS2_PLACEMENT_3D('',#1996,#1587,#1588);
#1348=AXIS2_PLACEMENT_3D('',#1997,#1589,#1590);
#1349=AXIS2_PLACEMENT_3D('',#1998,#1591,#1592);
#1350=AXIS2_PLACEMENT_3D('',#1999,#1593,#1594);
#1351=AXIS2_PLACEMENT_3D('',#2000,#1595,#1596);
#1352=AXIS2_PLACEMENT_3D('',#2009,#1601,#1602);
#1353=AXIS2_PLACEMENT_3D('',#2018,#1607,#1608);
#1354=AXIS2_PLACEMENT_3D('',#2019,#1609,#1610);
#1355=AXIS2_PLACEMENT_3D('',#2020,#1611,#1612);
#1356=AXIS2_PLACEMENT_3D('',#2021,#1613,#1614);
#1357=AXIS2_PLACEMENT_3D('',#2022,#1615,#1616);
#1358=AXIS2_PLACEMENT_3D('',#2031,#1621,#1622);
#1359=AXIS2_PLACEMENT_3D('',#2040,#1627,#1628);
#1360=AXIS2_PLACEMENT_3D('',#2041,#1629,#1630);
#1361=AXIS2_PLACEMENT_3D('',#2042,#1631,#1632);
#1362=AXIS2_PLACEMENT_3D('',#2043,#1633,#1634);
#1363=AXIS2_PLACEMENT_3D('',#2044,#1635,#1636);
#1364=AXIS2_PLACEMENT_3D('',#2053,#1641,#1642);
#1365=AXIS2_PLACEMENT_3D('',#2062,#1647,#1648);
#1366=AXIS2_PLACEMENT_3D('',#2063,#1649,#1650);
#1367=AXIS2_PLACEMENT_3D('',#2064,#1651,#1652);
#1368=AXIS2_PLACEMENT_3D('',#2065,#1653,#1654);
#1369=AXIS2_PLACEMENT_3D('',#2066,#1655,#1656);
#1370=AXIS2_PLACEMENT_3D('',#2070,#1658,#1659);
#1371=AXIS2_PLACEMENT_3D('',#2072,#1660,#1661);
#1372=AXIS2_PLACEMENT_3D('',#2075,#1663,#1664);
#1373=AXIS2_PLACEMENT_3D('',#2076,#1665,#1666);
#1374=AXIS2_PLACEMENT_3D('',#2082,#1670,#1671);
#1375=AXIS2_PLACEMENT_3D('',#2088,#1675,#1676);
#1376=AXIS2_PLACEMENT_3D('',#2092,#1678,#1679);
#1377=AXIS2_PLACEMENT_3D('',#2094,#1680,#1681);
#1378=AXIS2_PLACEMENT_3D('',#2097,#1683,#1684);
#1379=AXIS2_PLACEMENT_3D('',#2098,#1685,#1686);
#1380=AXIS2_PLACEMENT_3D('',#2104,#1690,#1691);
#1381=AXIS2_PLACEMENT_3D('',#2110,#1695,#1696);
#1382=AXIS2_PLACEMENT_3D('',#2114,#1698,#1699);
#1383=AXIS2_PLACEMENT_3D('',#2116,#1700,#1701);
#1384=AXIS2_PLACEMENT_3D('',#2119,#1703,#1704);
#1385=AXIS2_PLACEMENT_3D('',#2120,#1705,#1706);
#1386=AXIS2_PLACEMENT_3D('',#2126,#1710,#1711);
#1387=AXIS2_PLACEMENT_3D('',#2132,#1715,#1716);
#1388=AXIS2_PLACEMENT_3D('',#2136,#1718,#1719);
#1389=AXIS2_PLACEMENT_3D('',#2138,#1720,#1721);
#1390=AXIS2_PLACEMENT_3D('',#2141,#1723,#1724);
#1391=AXIS2_PLACEMENT_3D('',#2142,#1725,#1726);
#1392=AXIS2_PLACEMENT_3D('',#2148,#1730,#1731);
#1393=AXIS2_PLACEMENT_3D('',#2154,#1735,#1736);
#1394=AXIS2_PLACEMENT_3D('',#2157,#1738,#1739);
#1395=AXIS2_PLACEMENT_3D('',#2158,#1740,#1741);
#1396=AXIS2_PLACEMENT_3D('',#2159,#1742,#1743);
#1397=AXIS2_PLACEMENT_3D('',#2160,#1744,#1745);
#1398=AXIS2_PLACEMENT_3D('',#2161,#1746,#1747);
#1399=AXIS2_PLACEMENT_3D('',#2162,#1748,#1749);
#1400=AXIS2_PLACEMENT_3D('',#2163,#1750,#1751);
#1401=AXIS2_PLACEMENT_3D('',#2164,#1752,#1753);
#1402=AXIS2_PLACEMENT_3D('',#2165,#1754,#1755);
#1403=AXIS2_PLACEMENT_3D('',#2166,#1756,#1757);
#1404=AXIS2_PLACEMENT_3D('',#2167,#1758,#1759);
#1405=AXIS2_PLACEMENT_3D('',#2168,#1760,#1761);
#1406=AXIS2_PLACEMENT_3D('',#2170,#1762,#1763);
#1407=AXIS2_PLACEMENT_3D('',#2172,#1765,#1766);
#1408=AXIS2_PLACEMENT_3D('',#2173,#1767,#1768);
#1409=AXIS2_PLACEMENT_3D('',#2174,#1769,#1770);
#1410=AXIS2_PLACEMENT_3D('',#2175,#1771,#1772);
#1411=AXIS2_PLACEMENT_3D('',#2176,#1773,#1774);
#1412=AXIS2_PLACEMENT_3D('',#2177,#1775,#1776);
#1413=AXIS2_PLACEMENT_3D('',#2178,#1777,#1778);
#1414=AXIS2_PLACEMENT_3D('',#2179,#1779,#1780);
#1415=AXIS2_PLACEMENT_3D('',#2180,#1781,#1782);
#1416=AXIS2_PLACEMENT_3D('',#2181,#1783,#1784);
#1417=AXIS2_PLACEMENT_3D('',#2182,#1785,#1786);
#1418=AXIS2_PLACEMENT_3D('',#2183,#1787,#1788);
#1419=AXIS2_PLACEMENT_3D('',#2184,#1789,#1790);
#1420=AXIS2_PLACEMENT_3D('',#2185,#1791,#1792);
#1421=AXIS2_PLACEMENT_3D('',#2186,#1793,#1794);
#1422=AXIS2_PLACEMENT_3D('',#2187,#1795,#1796);
#1423=AXIS2_PLACEMENT_3D('',#2188,#1797,#1798);
#1424=AXIS2_PLACEMENT_3D('',#2189,#1799,#1800);
#1425=AXIS2_PLACEMENT_3D('',#2190,#1801,#1802);
#1426=AXIS2_PLACEMENT_3D('',#2191,#1803,#1804);
#1427=AXIS2_PLACEMENT_3D('',#2192,#1805,#1806);
#1428=AXIS2_PLACEMENT_3D('',#2196,#1807,#1808);
#1429=AXIS2_PLACEMENT_3D('',#2200,#1809,#1810);
#1430=AXIS2_PLACEMENT_3D('',#2201,#1811,#1812);
#1431=AXIS2_PLACEMENT_3D('',#2205,#1813,#1814);
#1432=AXIS2_PLACEMENT_3D('',#2209,#1815,#1816);
#1433=AXIS2_PLACEMENT_3D('',#2210,#1817,#1818);
#1434=AXIS2_PLACEMENT_3D('',#2214,#1819,#1820);
#1435=AXIS2_PLACEMENT_3D('',#2218,#1821,#1822);
#1436=AXIS2_PLACEMENT_3D('',#2219,#1823,#1824);
#1437=AXIS2_PLACEMENT_3D('',#2223,#1825,#1826);
#1438=AXIS2_PLACEMENT_3D('',#2227,#1827,#1828);
#1439=AXIS2_PLACEMENT_3D('',#2228,#1829,#1830);
#1440=AXIS2_PLACEMENT_3D('',#2232,#1831,#1832);
#1441=AXIS2_PLACEMENT_3D('',#2236,#1833,#1834);
#1442=AXIS2_PLACEMENT_3D('',#2237,#1835,#1836);
#1443=AXIS2_PLACEMENT_3D('',#2241,#1837,#1838);
#1444=AXIS2_PLACEMENT_3D('',#2245,#1839,#1840);
#1445=AXIS2_PLACEMENT_3D('',#2249,#1841,#1842);
#1446=AXIS2_PLACEMENT_3D('',#2250,#1843,#1844);
#1447=AXIS2_PLACEMENT_3D('',#2254,#1845,#1846);
#1448=AXIS2_PLACEMENT_3D('',#2258,#1847,#1848);
#1449=AXIS2_PLACEMENT_3D('',#2259,#1849,#1850);
#1450=AXIS2_PLACEMENT_3D('',#2263,#1851,#1852);
#1451=AXIS2_PLACEMENT_3D('',#2267,#1853,#1854);
#1452=AXIS2_PLACEMENT_3D('',#2268,#1855,#1856);
#1453=AXIS2_PLACEMENT_3D('',#2272,#1857,#1858);
#1454=AXIS2_PLACEMENT_3D('',#2276,#1859,#1860);
#1455=AXIS2_PLACEMENT_3D('',#2277,#1861,#1862);
#1456=AXIS2_PLACEMENT_3D('',#2281,#1863,#1864);
#1457=DIRECTION('axis',(0.,0.,1.));
#1458=DIRECTION('refdir',(1.,0.,0.));
#1459=DIRECTION('center_axis',(0.,0.,1.));
#1460=DIRECTION('ref_axis',(-1.,0.,1.70591364455006E-47));
#1461=DIRECTION('center_axis',(-1.70591364455006E-47,0.,-1.));
#1462=DIRECTION('ref_axis',(-1.,0.,1.70591364455006E-47));
#1463=DIRECTION('',(0.707106781186546,-8.65956056235491E-17,0.707106781186549));
#1464=DIRECTION('center_axis',(1.70591364455006E-47,0.,1.));
#1465=DIRECTION('ref_axis',(-1.,0.,1.70591364455006E-47));
#1466=DIRECTION('center_axis',(-1.70591364455006E-47,0.,-1.));
#1467=DIRECTION('ref_axis',(-1.,0.,1.70591364455006E-47));
#1468=DIRECTION('',(-1.70591364455006E-47,0.,-1.));
#1469=DIRECTION('center_axis',(1.70591364455006E-47,0.,1.));
#1470=DIRECTION('ref_axis',(-1.,0.,1.70591364455006E-47));
#1471=DIRECTION('center_axis',(-1.70591364455006E-47,0.,-1.));
#1472=DIRECTION('ref_axis',(1.,0.,-1.70591364455006E-47));
#1473=DIRECTION('center_axis',(-1.70591364455006E-47,0.,-1.));
#1474=DIRECTION('ref_axis',(-1.,-3.07310082156877E-31,1.70591364455006E-47));
#1475=DIRECTION('center_axis',(0.,0.,-1.));
#1476=DIRECTION('ref_axis',(-1.,0.,1.70591364455006E-47));
#1477=DIRECTION('',(0.707106781186546,8.65956056235492E-17,-0.707106781186549));
#1478=DIRECTION('center_axis',(-1.70591364455006E-47,0.,-1.));
#1479=DIRECTION('ref_axis',(-1.,0.,1.70591364455006E-47));
#1480=DIRECTION('center_axis',(-1.70591364455006E-47,0.,-1.));
#1481=DIRECTION('ref_axis',(1.,0.,-1.70591364455006E-47));
#1482=DIRECTION('center_axis',(-1.70591364455006E-47,0.,-1.));
#1483=DIRECTION('ref_axis',(-1.,-3.07310082156877E-31,1.70591364455006E-47));
#1484=DIRECTION('center_axis',(0.,0.,-1.));
#1485=DIRECTION('ref_axis',(1.,0.,0.));
#1486=DIRECTION('center_axis',(-1.70591364455006E-47,0.,-1.));
#1487=DIRECTION('ref_axis',(1.,0.,-1.70591364455006E-47));
#1488=DIRECTION('',(0.,0.,1.));
#1489=DIRECTION('center_axis',(1.70591364455006E-47,0.,1.));
#1490=DIRECTION('ref_axis',(1.,0.,-1.70591364455006E-47));
#1491=DIRECTION('center_axis',(-1.70591364455006E-47,0.,-1.));
#1492=DIRECTION('ref_axis',(1.,0.,-1.70591364455006E-47));
#1493=DIRECTION('center_axis',(-1.70591364455006E-47,0.,-1.));
#1494=DIRECTION('ref_axis',(-1.,0.,1.70591364455006E-47));
#1495=DIRECTION('center_axis',(-1.70591364455006E-47,0.,-1.));
#1496=DIRECTION('ref_axis',(-1.,0.,1.70591364455006E-47));
#1497=DIRECTION('center_axis',(-1.70591364455006E-47,0.,-1.));
#1498=DIRECTION('ref_axis',(-1.,0.,1.70591364455006E-47));
#1499=DIRECTION('center_axis',(-1.70591364455006E-47,0.,-1.));
#1500=DIRECTION('ref_axis',(-1.,0.,1.70591364455006E-47));
#1501=DIRECTION('center_axis',(-1.70591364455006E-47,0.,-1.));
#1502=DIRECTION('ref_axis',(-1.,0.,1.70591364455006E-47));
#1503=DIRECTION('center_axis',(-1.70591364455006E-47,0.,-1.));
#1504=DIRECTION('ref_axis',(-1.,0.,1.70591364455006E-47));
#1505=DIRECTION('center_axis',(-1.70591364455006E-47,0.,-1.));
#1506=DIRECTION('ref_axis',(-1.,0.,1.70591364455006E-47));
#1507=DIRECTION('center_axis',(-1.70591364455006E-47,0.,-1.));
#1508=DIRECTION('ref_axis',(-1.,0.,1.70591364455006E-47));
#1509=DIRECTION('center_axis',(-1.70591364455006E-47,0.,-1.));
#1510=DIRECTION('ref_axis',(-1.,0.,1.70591364455006E-47));
#1511=DIRECTION('center_axis',(-1.70591364455006E-47,0.,-1.));
#1512=DIRECTION('ref_axis',(-1.,0.,1.70591364455006E-47));
#1513=DIRECTION('center_axis',(1.70591364455006E-47,0.,1.));
#1514=DIRECTION('ref_axis',(1.,0.,-1.70591364455006E-47));
#1515=DIRECTION('center_axis',(1.70591364455006E-47,0.,1.));
#1516=DIRECTION('ref_axis',(1.,0.,-1.70591364455006E-47));
#1517=DIRECTION('center_axis',(1.70591364455006E-47,0.,1.));
#1518=DIRECTION('ref_axis',(1.,0.,-1.70591364455006E-47));
#1519=DIRECTION('center_axis',(1.70591364455006E-47,0.,1.));
#1520=DIRECTION('ref_axis',(1.,0.,-1.70591364455006E-47));
#1521=DIRECTION('center_axis',(1.70591364455006E-47,0.,1.));
#1522=DIRECTION('ref_axis',(1.,0.,-1.70591364455006E-47));
#1523=DIRECTION('center_axis',(1.70591364455006E-47,0.,1.));
#1524=DIRECTION('ref_axis',(1.,0.,-1.70591364455006E-47));
#1525=DIRECTION('center_axis',(1.70591364455006E-47,0.,1.));
#1526=DIRECTION('ref_axis',(1.,0.,-1.70591364455006E-47));
#1527=DIRECTION('center_axis',(1.70591364455006E-47,0.,1.));
#1528=DIRECTION('ref_axis',(1.,0.,-1.70591364455006E-47));
#1529=DIRECTION('center_axis',(1.70591364455006E-47,0.,1.));
#1530=DIRECTION('ref_axis',(1.,0.,-1.70591364455006E-47));
#1531=DIRECTION('center_axis',(1.70591364455006E-47,0.,1.));
#1532=DIRECTION('ref_axis',(1.,0.,-1.70591364455006E-47));
#1533=DIRECTION('center_axis',(1.70591364455006E-47,0.,1.));
#1534=DIRECTION('ref_axis',(1.,0.,-1.70591364455006E-47));
#1535=DIRECTION('center_axis',(0.838670567945424,0.544639035015027,-1.43069956514065E-47));
#1536=DIRECTION('ref_axis',(-0.544639035015027,0.838670567945424,0.));
#1537=DIRECTION('',(-1.70591364455006E-47,0.,-1.));
#1538=DIRECTION('',(-0.544639035015027,0.838670567945424,9.29107161186716E-48));
#1539=DIRECTION('',(1.70591364455006E-47,0.,1.));
#1540=DIRECTION('',(0.544639035015027,-0.838670567945424,-9.29107161186716E-48));
#1541=DIRECTION('center_axis',(0.358367949545301,0.933580426497202,-6.11344774898757E-48));
#1542=DIRECTION('ref_axis',(-0.933580426497202,0.358367949545301,0.));
#1543=DIRECTION('',(-0.933580426497202,0.358367949545301,1.59260758784644E-47));
#1544=DIRECTION('',(-1.70591364455006E-47,0.,-1.));
#1545=DIRECTION('',(0.933580426497202,-0.3583679495453,-1.59260758784644E-47));
#1546=DIRECTION('',(1.70591364455006E-47,0.,1.));
#1547=DIRECTION('center_axis',(-1.70591364455006E-47,0.,-1.));
#1548=DIRECTION('ref_axis',(-1.,0.,1.70591364455006E-47));
#1549=DIRECTION('center_axis',(-0.253404407283401,-0.660141050359201,-0.707106781186547));
#1550=DIRECTION('ref_axis',(0.253404407283401,0.6601410503592,-0.707106781186548));
#1551=DIRECTION('center_axis',(0.593029645775783,0.385117954958023,-0.707106781186548));
#1552=DIRECTION('ref_axis',(-0.593029645775782,-0.385117954958023,-0.707106781186547));
#1553=DIRECTION('center_axis',(-1.70591364455006E-47,0.,-1.));
#1554=DIRECTION('ref_axis',(1.,3.07310082156877E-31,-1.70591364455006E-47));
#1555=DIRECTION('center_axis',(0.777145961456971,-0.629320391049837,-1.32574389945643E-47));
#1556=DIRECTION('ref_axis',(0.629320391049837,0.777145961456971,2.43086534291451E-63));
#1557=DIRECTION('',(-1.70591364455006E-47,0.,-1.));
#1558=DIRECTION('',(0.629320391049837,0.777145961456971,-1.0735662418855E-47));
#1559=DIRECTION('',(1.70591364455006E-47,0.,1.));
#1560=DIRECTION('',(-0.629320391049837,-0.777145961456971,1.0735662418855E-47));
#1561=DIRECTION('center_axis',(0.998629534754574,-0.0523359562429449,-1.70357574918851E-47));
#1562=DIRECTION('ref_axis',(0.0523359562429449,0.998629534754574,0.));
#1563=DIRECTION('',(0.0523359562429449,0.998629534754574,-8.9280621855415E-49));
#1564=DIRECTION('',(-1.70591364455006E-47,0.,-1.));
#1565=DIRECTION('',(-0.0523359562429449,-0.998629534754574,8.92806218554149E-49));
#1566=DIRECTION('',(1.70591364455006E-47,0.,1.));
#1567=DIRECTION('center_axis',(-1.70591364455006E-47,0.,-1.));
#1568=DIRECTION('ref_axis',(-1.,0.,1.70591364455006E-47));
#1569=DIRECTION('center_axis',(-0.706137715918126,0.0370071095592688,-0.707106781186548));
#1570=DIRECTION('ref_axis',(0.706137715918126,-0.0370071095592688,-0.707106781186547));
#1571=DIRECTION('center_axis',(0.549525179317964,-0.44499671605031,-0.707106781186548));
#1572=DIRECTION('ref_axis',(-0.549525179317963,0.44499671605031,-0.707106781186547));
#1573=DIRECTION('center_axis',(-1.70591364455006E-47,0.,-1.));
#1574=DIRECTION('ref_axis',(1.,3.07310082156877E-31,-1.70591364455006E-47));
#1575=DIRECTION('center_axis',(-0.358367949545301,-0.933580426497202,6.11344774898758E-48));
#1576=DIRECTION('ref_axis',(0.933580426497202,-0.358367949545301,0.));
#1577=DIRECTION('',(-1.70591364455006E-47,0.,-1.));
#1578=DIRECTION('',(0.933580426497202,-0.358367949545301,-1.59260758784644E-47));
#1579=DIRECTION('',(1.70591364455006E-47,0.,1.));
#1580=DIRECTION('',(-0.933580426497202,0.358367949545301,1.59260758784644E-47));
#1581=DIRECTION('center_axis',(0.258819045102521,-0.965925826289068,-4.41522940509809E-48));
#1582=DIRECTION('ref_axis',(0.965925826289068,0.258819045102521,0.));
#1583=DIRECTION('',(0.965925826289068,0.258819045102521,-1.64778604668982E-47));
#1584=DIRECTION('',(-1.70591364455006E-47,0.,-1.));
#1585=DIRECTION('',(-0.965925826289068,-0.258819045102521,1.64778604668982E-47));
#1586=DIRECTION('',(1.70591364455006E-47,0.,1.));
#1587=DIRECTION('center_axis',(-1.70591364455006E-47,0.,-1.));
#1588=DIRECTION('ref_axis',(-1.,0.,1.70591364455006E-47));
#1589=DIRECTION('center_axis',(-0.18301270189222,0.683012701892219,-0.707106781186548));
#1590=DIRECTION('ref_axis',(0.18301270189222,-0.683012701892219,-0.707106781186547));
#1591=DIRECTION('center_axis',(-0.253404407283401,-0.660141050359201,-0.707106781186547));
#1592=DIRECTION('ref_axis',(0.253404407283401,0.6601410503592,-0.707106781186548));
#1593=DIRECTION('center_axis',(-1.70591364455006E-47,0.,-1.));
#1594=DIRECTION('ref_axis',(1.,3.07310082156877E-31,-1.70591364455006E-47));
#1595=DIRECTION('center_axis',(-0.998629534754574,0.0523359562429448,1.70357574918851E-47));
#1596=DIRECTION('ref_axis',(-0.0523359562429448,-0.998629534754574,0.));
#1597=DIRECTION('',(-1.70591364455006E-47,0.,-1.));
#1598=DIRECTION('',(-0.0523359562429448,-0.998629534754574,8.92806218554148E-49));
#1599=DIRECTION('',(1.70591364455006E-47,0.,1.));
#1600=DIRECTION('',(0.0523359562429448,0.998629534754574,-8.92806218554148E-49));
#1601=DIRECTION('center_axis',(-0.838670567945424,-0.544639035015027,1.43069956514065E-47));
#1602=DIRECTION('ref_axis',(0.544639035015027,-0.838670567945424,0.));
#1603=DIRECTION('',(0.544639035015027,-0.838670567945424,-9.29107161186716E-48));
#1604=DIRECTION('',(-1.70591364455006E-47,0.,-1.));
#1605=DIRECTION('',(-0.544639035015027,0.838670567945424,9.29107161186716E-48));
#1606=DIRECTION('',(1.70591364455006E-47,0.,1.));
#1607=DIRECTION('center_axis',(-1.70591364455006E-47,0.,-1.));
#1608=DIRECTION('ref_axis',(-1.,0.,1.70591364455006E-47));
#1609=DIRECTION('center_axis',(0.593029645775782,0.385117954958023,-0.707106781186548));
#1610=DIRECTION('ref_axis',(-0.593029645775783,-0.385117954958023,-0.707106781186547));
#1611=DIRECTION('center_axis',(-0.706137715918126,0.0370071095592687,-0.707106781186548));
#1612=DIRECTION('ref_axis',(0.706137715918126,-0.0370071095592687,-0.707106781186547));
#1613=DIRECTION('center_axis',(-1.70591364455006E-47,0.,-1.));
#1614=DIRECTION('ref_axis',(1.,3.07310082156877E-31,-1.70591364455006E-47));
#1615=DIRECTION('center_axis',(-0.258819045102521,0.965925826289068,4.41522940509809E-48));
#1616=DIRECTION('ref_axis',(-0.965925826289068,-0.258819045102521,0.));
#1617=DIRECTION('',(-1.70591364455006E-47,0.,-1.));
#1618=DIRECTION('',(-0.965925826289068,-0.258819045102521,1.64778604668982E-47));
#1619=DIRECTION('',(1.70591364455006E-47,0.,1.));
#1620=DIRECTION('',(0.965925826289068,0.258819045102521,-1.64778604668982E-47));
#1621=DIRECTION('center_axis',(-0.777145961456971,0.629320391049837,1.32574389945643E-47));
#1622=DIRECTION('ref_axis',(-0.629320391049837,-0.777145961456971,-2.43086534291451E-63));
#1623=DIRECTION('',(-0.629320391049837,-0.777145961456971,1.0735662418855E-47));
#1624=DIRECTION('',(-1.70591364455006E-47,0.,-1.));
#1625=DIRECTION('',(0.629320391049837,0.777145961456971,-1.0735662418855E-47));
#1626=DIRECTION('',(1.70591364455006E-47,0.,1.));
#1627=DIRECTION('center_axis',(-1.70591364455006E-47,0.,-1.));
#1628=DIRECTION('ref_axis',(-1.,0.,1.70591364455006E-47));
#1629=DIRECTION('center_axis',(0.549525179317964,-0.44499671605031,-0.707106781186548));
#1630=DIRECTION('ref_axis',(-0.549525179317964,0.444996716050309,-0.707106781186548));
#1631=DIRECTION('center_axis',(-0.18301270189222,0.683012701892219,-0.707106781186548));
#1632=DIRECTION('ref_axis',(0.18301270189222,-0.683012701892219,-0.707106781186547));
#1633=DIRECTION('center_axis',(-1.70591364455006E-47,0.,-1.));
#1634=DIRECTION('ref_axis',(1.,3.07310082156877E-31,-1.70591364455006E-47));
#1635=DIRECTION('center_axis',(0.838670567945424,0.544639035015027,-1.43069956514065E-47));
#1636=DIRECTION('ref_axis',(-0.544639035015027,0.838670567945424,0.));
#1637=DIRECTION('',(1.70591364455006E-47,0.,1.));
#1638=DIRECTION('',(0.544639035015027,-0.838670567945424,-9.29107161186716E-48));
#1639=DIRECTION('',(-1.70591364455006E-47,0.,-1.));
#1640=DIRECTION('',(0.544639035015027,-0.838670567945424,-9.29107161186716E-48));
#1641=DIRECTION('center_axis',(0.3583679495453,0.933580426497202,-6.11344774898757E-48));
#1642=DIRECTION('ref_axis',(-0.933580426497202,0.3583679495453,0.));
#1643=DIRECTION('',(0.933580426497202,-0.3583679495453,-1.59260758784644E-47));
#1644=DIRECTION('',(1.70591364455006E-47,0.,1.));
#1645=DIRECTION('',(0.933580426497202,-0.3583679495453,-1.59260758784644E-47));
#1646=DIRECTION('',(-1.70591364455006E-47,0.,-1.));
#1647=DIRECTION('center_axis',(-1.70591364455006E-47,0.,-1.));
#1648=DIRECTION('ref_axis',(-1.,0.,1.70591364455006E-47));
#1649=DIRECTION('center_axis',(0.593029645775783,0.385117954958023,0.707106781186548));
#1650=DIRECTION('ref_axis',(0.593029645775782,0.385117954958023,-0.707106781186547));
#1651=DIRECTION('center_axis',(-0.253404407283401,-0.660141050359201,0.707106781186547));
#1652=DIRECTION('ref_axis',(-0.253404407283401,-0.6601410503592,-0.707106781186548));
#1653=DIRECTION('center_axis',(-1.70591364455006E-47,0.,-1.));
#1654=DIRECTION('ref_axis',(1.,3.07310082156877E-31,-1.70591364455006E-47));
#1655=DIRECTION('center_axis',(-1.70591364455006E-47,0.,-1.));
#1656=DIRECTION('ref_axis',(-1.,0.,1.70591364455006E-47));
#1657=DIRECTION('',(-1.70591364455006E-47,0.,-1.));
#1658=DIRECTION('center_axis',(0.549525179317963,-0.44499671605031,0.707106781186548));
#1659=DIRECTION('ref_axis',(0.549525179317964,-0.44499671605031,-0.707106781186547));
#1660=DIRECTION('center_axis',(-0.706137715918126,0.0370071095592688,0.707106781186548));
#1661=DIRECTION('ref_axis',(-0.706137715918126,0.0370071095592688,-0.707106781186547));
#1662=DIRECTION('',(-1.70591364455006E-47,0.,-1.));
#1663=DIRECTION('center_axis',(-1.70591364455006E-47,0.,-1.));
#1664=DIRECTION('ref_axis',(1.,3.07310082156877E-31,-1.70591364455006E-47));
#1665=DIRECTION('center_axis',(0.777145961456971,-0.629320391049837,-1.32574389945643E-47));
#1666=DIRECTION('ref_axis',(0.629320391049837,0.777145961456971,2.43086534291451E-63));
#1667=DIRECTION('',(1.70591364455006E-47,0.,1.));
#1668=DIRECTION('',(-0.629320391049837,-0.777145961456971,1.0735662418855E-47));
#1669=DIRECTION('',(-0.629320391049837,-0.777145961456971,1.0735662418855E-47));
#1670=DIRECTION('center_axis',(0.998629534754574,-0.0523359562429449,-1.70357574918851E-47));
#1671=DIRECTION('ref_axis',(0.0523359562429449,0.998629534754574,0.));
#1672=DIRECTION('',(-0.0523359562429449,-0.998629534754574,8.92806218554149E-49));
#1673=DIRECTION('',(1.70591364455006E-47,0.,1.));
#1674=DIRECTION('',(-0.0523359562429449,-0.998629534754574,8.92806218554149E-49));
#1675=DIRECTION('center_axis',(-1.70591364455006E-47,0.,-1.));
#1676=DIRECTION('ref_axis',(-1.,0.,1.70591364455006E-47));
#1677=DIRECTION('',(-1.70591364455006E-47,0.,-1.));
#1678=DIRECTION('center_axis',(-0.253404407283401,-0.660141050359201,0.707106781186547));
#1679=DIRECTION('ref_axis',(-0.253404407283401,-0.6601410503592,-0.707106781186548));
#1680=DIRECTION('center_axis',(-0.18301270189222,0.683012701892219,0.707106781186548));
#1681=DIRECTION('ref_axis',(-0.18301270189222,0.683012701892219,-0.707106781186547));
#1682=DIRECTION('',(-1.70591364455006E-47,0.,-1.));
#1683=DIRECTION('center_axis',(-1.70591364455006E-47,0.,-1.));
#1684=DIRECTION('ref_axis',(1.,3.07310082156877E-31,-1.70591364455006E-47));
#1685=DIRECTION('center_axis',(-0.358367949545301,-0.933580426497202,6.11344774898758E-48));
#1686=DIRECTION('ref_axis',(0.933580426497202,-0.358367949545301,0.));
#1687=DIRECTION('',(1.70591364455006E-47,0.,1.));
#1688=DIRECTION('',(-0.933580426497202,0.358367949545301,1.59260758784644E-47));
#1689=DIRECTION('',(-0.933580426497202,0.358367949545301,1.59260758784644E-47));
#1690=DIRECTION('center_axis',(0.258819045102521,-0.965925826289068,-4.41522940509809E-48));
#1691=DIRECTION('ref_axis',(0.965925826289068,0.258819045102521,0.));
#1692=DIRECTION('',(-0.965925826289068,-0.258819045102521,1.64778604668982E-47));
#1693=DIRECTION('',(1.70591364455006E-47,0.,1.));
#1694=DIRECTION('',(-0.965925826289068,-0.258819045102521,1.64778604668982E-47));
#1695=DIRECTION('center_axis',(-1.70591364455006E-47,0.,-1.));
#1696=DIRECTION('ref_axis',(-1.,0.,1.70591364455006E-47));
#1697=DIRECTION('',(-1.70591364455006E-47,0.,-1.));
#1698=DIRECTION('center_axis',(-0.706137715918126,0.0370071095592687,0.707106781186548));
#1699=DIRECTION('ref_axis',(-0.706137715918126,0.0370071095592687,-0.707106781186547));
#1700=DIRECTION('center_axis',(0.593029645775783,0.385117954958023,0.707106781186548));
#1701=DIRECTION('ref_axis',(0.593029645775782,0.385117954958023,-0.707106781186547));
#1702=DIRECTION('',(-1.70591364455006E-47,0.,-1.));
#1703=DIRECTION('center_axis',(-1.70591364455006E-47,0.,-1.));
#1704=DIRECTION('ref_axis',(1.,3.07310082156877E-31,-1.70591364455006E-47));
#1705=DIRECTION('center_axis',(-0.998629534754574,0.0523359562429448,1.70357574918851E-47));
#1706=DIRECTION('ref_axis',(-0.0523359562429448,-0.998629534754574,0.));
#1707=DIRECTION('',(1.70591364455006E-47,0.,1.));
#1708=DIRECTION('',(0.0523359562429448,0.998629534754574,-8.92806218554148E-49));
#1709=DIRECTION('',(0.0523359562429448,0.998629534754574,-8.92806218554148E-49));
#1710=DIRECTION('center_axis',(-0.838670567945424,-0.544639035015027,1.43069956514065E-47));
#1711=DIRECTION('ref_axis',(0.544639035015027,-0.838670567945424,0.));
#1712=DIRECTION('',(-0.544639035015027,0.838670567945424,9.29107161186716E-48));
#1713=DIRECTION('',(1.70591364455006E-47,0.,1.));
#1714=DIRECTION('',(-0.544639035015027,0.838670567945424,9.29107161186716E-48));
#1715=DIRECTION('center_axis',(-1.70591364455006E-47,0.,-1.));
#1716=DIRECTION('ref_axis',(-1.,0.,1.70591364455006E-47));
#1717=DIRECTION('',(-1.70591364455006E-47,0.,-1.));
#1718=DIRECTION('center_axis',(-0.18301270189222,0.683012701892219,0.707106781186548));
#1719=DIRECTION('ref_axis',(-0.18301270189222,0.683012701892219,-0.707106781186547));
#1720=DIRECTION('center_axis',(0.549525179317964,-0.44499671605031,0.707106781186548));
#1721=DIRECTION('ref_axis',(0.549525179317963,-0.44499671605031,-0.707106781186547));
#1722=DIRECTION('',(-1.70591364455006E-47,0.,-1.));
#1723=DIRECTION('center_axis',(-1.70591364455006E-47,0.,-1.));
#1724=DIRECTION('ref_axis',(1.,3.07310082156877E-31,-1.70591364455006E-47));
#1725=DIRECTION('center_axis',(-0.258819045102521,0.965925826289068,4.41522940509809E-48));
#1726=DIRECTION('ref_axis',(-0.965925826289068,-0.258819045102521,0.));
#1727=DIRECTION('',(1.70591364455006E-47,0.,1.));
#1728=DIRECTION('',(0.965925826289068,0.258819045102521,-1.64778604668982E-47));
#1729=DIRECTION('',(0.965925826289068,0.258819045102521,-1.64778604668982E-47));
#1730=DIRECTION('center_axis',(-0.777145961456971,0.629320391049837,1.32574389945643E-47));
#1731=DIRECTION('ref_axis',(-0.629320391049837,-0.777145961456971,-2.43086534291451E-63));
#1732=DIRECTION('',(0.629320391049837,0.777145961456971,-1.0735662418855E-47));
#1733=DIRECTION('',(1.70591364455006E-47,0.,1.));
#1734=DIRECTION('',(0.629320391049837,0.777145961456971,-1.0735662418855E-47));
#1735=DIRECTION('center_axis',(1.70591364455006E-47,0.,1.));
#1736=DIRECTION('ref_axis',(-1.,-3.07310082156877E-31,1.70591364455006E-47));
#1737=DIRECTION('',(1.70591364455006E-47,0.,1.));
#1738=DIRECTION('center_axis',(3.13761109392847E-15,-5.55111512312579E-17,
-1.));
#1739=DIRECTION('ref_axis',(1.,4.81482486096812E-31,3.13761109392847E-15));
#1740=DIRECTION('center_axis',(-1.70591364455006E-47,0.,-1.));
#1741=DIRECTION('ref_axis',(-1.,0.,1.70591364455006E-47));
#1742=DIRECTION('center_axis',(3.13761109392847E-15,-5.55111512312579E-17,
-1.));
#1743=DIRECTION('ref_axis',(1.,4.81482486096812E-31,3.13761109392847E-15));
#1744=DIRECTION('center_axis',(-1.70591364455006E-47,0.,-1.));
#1745=DIRECTION('ref_axis',(-1.,0.,1.70591364455006E-47));
#1746=DIRECTION('center_axis',(3.13761109392847E-15,-5.55111512312579E-17,
-1.));
#1747=DIRECTION('ref_axis',(1.,4.81482486096812E-31,3.13761109392847E-15));
#1748=DIRECTION('center_axis',(-1.70591364455006E-47,0.,-1.));
#1749=DIRECTION('ref_axis',(-1.,0.,1.70591364455006E-47));
#1750=DIRECTION('center_axis',(3.13761109392847E-15,-5.55111512312579E-17,
-1.));
#1751=DIRECTION('ref_axis',(1.,4.81482486096812E-31,3.13761109392847E-15));
#1752=DIRECTION('center_axis',(-1.70591364455006E-47,0.,-1.));
#1753=DIRECTION('ref_axis',(-1.,0.,1.70591364455006E-47));
#1754=DIRECTION('center_axis',(3.13761109392847E-15,-5.55111512312579E-17,
-1.));
#1755=DIRECTION('ref_axis',(1.,4.81482486096812E-31,3.13761109392847E-15));
#1756=DIRECTION('center_axis',(-1.70591364455006E-47,0.,-1.));
#1757=DIRECTION('ref_axis',(-1.,0.,1.70591364455006E-47));
#1758=DIRECTION('center_axis',(3.13761109392847E-15,-5.55111512312579E-17,
-1.));
#1759=DIRECTION('ref_axis',(1.,4.81482486096812E-31,3.13761109392847E-15));
#1760=DIRECTION('center_axis',(1.70591364455006E-47,0.,1.));
#1761=DIRECTION('ref_axis',(-1.,-3.07310082156877E-31,1.70591364455006E-47));
#1762=DIRECTION('center_axis',(-1.19919759601361E-15,-5.55111512312579E-17,
-1.));
#1763=DIRECTION('ref_axis',(1.,2.40741243048404E-31,-1.19919759601361E-15));
#1764=DIRECTION('',(1.70591364455006E-47,0.,1.));
#1765=DIRECTION('center_axis',(-1.19919759601361E-15,-5.55111512312579E-17,
-1.));
#1766=DIRECTION('ref_axis',(1.,2.40741243048404E-31,-1.19919759601361E-15));
#1767=DIRECTION('center_axis',(-1.70591364455006E-47,0.,-1.));
#1768=DIRECTION('ref_axis',(-1.,0.,1.70591364455006E-47));
#1769=DIRECTION('center_axis',(-1.19919759601361E-15,-5.55111512312579E-17,
-1.));
#1770=DIRECTION('ref_axis',(1.,2.40741243048404E-31,-1.19919759601361E-15));
#1771=DIRECTION('center_axis',(-1.70591364455006E-47,0.,-1.));
#1772=DIRECTION('ref_axis',(-1.,0.,1.70591364455006E-47));
#1773=DIRECTION('center_axis',(-1.19919759601361E-15,-5.55111512312579E-17,
-1.));
#1774=DIRECTION('ref_axis',(1.,2.40741243048404E-31,-1.19919759601361E-15));
#1775=DIRECTION('center_axis',(-1.70591364455006E-47,0.,-1.));
#1776=DIRECTION('ref_axis',(-1.,0.,1.70591364455006E-47));
#1777=DIRECTION('center_axis',(-1.19919759601361E-15,-5.55111512312579E-17,
-1.));
#1778=DIRECTION('ref_axis',(1.,2.40741243048404E-31,-1.19919759601361E-15));
#1779=DIRECTION('center_axis',(-1.70591364455006E-47,0.,-1.));
#1780=DIRECTION('ref_axis',(-1.,0.,1.70591364455006E-47));
#1781=DIRECTION('center_axis',(-1.19919759601361E-15,-5.55111512312579E-17,
-1.));
#1782=DIRECTION('ref_axis',(1.,2.40741243048404E-31,-1.19919759601361E-15));
#1783=DIRECTION('center_axis',(-1.70591364455006E-47,0.,-1.));
#1784=DIRECTION('ref_axis',(-1.,0.,1.70591364455006E-47));
#1785=DIRECTION('center_axis',(-1.70591364455006E-47,0.,-1.));
#1786=DIRECTION('ref_axis',(1.,0.,-1.70591364455006E-47));
#1787=DIRECTION('center_axis',(-1.70591364455006E-47,0.,-1.));
#1788=DIRECTION('ref_axis',(1.,0.,-1.70591364455006E-47));
#1789=DIRECTION('center_axis',(-1.70591364455006E-47,0.,-1.));
#1790=DIRECTION('ref_axis',(1.,0.,-1.70591364455006E-47));
#1791=DIRECTION('center_axis',(-1.70591364455006E-47,0.,-1.));
#1792=DIRECTION('ref_axis',(1.,0.,-1.70591364455006E-47));
#1793=DIRECTION('center_axis',(-1.70591364455006E-47,0.,-1.));
#1794=DIRECTION('ref_axis',(1.,0.,-1.70591364455006E-47));
#1795=DIRECTION('center_axis',(-1.70591364455006E-47,0.,-1.));
#1796=DIRECTION('ref_axis',(1.,0.,-1.70591364455006E-47));
#1797=DIRECTION('center_axis',(-1.70591364455006E-47,0.,-1.));
#1798=DIRECTION('ref_axis',(1.,0.,-1.70591364455006E-47));
#1799=DIRECTION('center_axis',(-1.70591364455006E-47,0.,-1.));
#1800=DIRECTION('ref_axis',(1.,0.,-1.70591364455006E-47));
#1801=DIRECTION('center_axis',(-1.70591364455006E-47,0.,-1.));
#1802=DIRECTION('ref_axis',(1.,0.,-1.70591364455006E-47));
#1803=DIRECTION('center_axis',(-1.70591364455006E-47,0.,-1.));
#1804=DIRECTION('ref_axis',(1.,0.,-1.70591364455006E-47));
#1805=DIRECTION('center_axis',(0.593029645775783,0.385117954958023,0.707106781186548));
#1806=DIRECTION('ref_axis',(-0.593029645775782,-0.385117954958023,0.707106781186548));
#1807=DIRECTION('center_axis',(1.70591364455006E-47,0.,1.));
#1808=DIRECTION('ref_axis',(1.,0.,-1.70591364455006E-47));
#1809=DIRECTION('center_axis',(-0.706137715918126,0.0370071095592688,0.707106781186548));
#1810=DIRECTION('ref_axis',(0.706137715918127,-0.0370071095592688,0.707106781186547));
#1811=DIRECTION('center_axis',(0.549525179317963,-0.44499671605031,0.707106781186548));
#1812=DIRECTION('ref_axis',(-0.549525179317964,0.44499671605031,0.707106781186547));
#1813=DIRECTION('center_axis',(1.70591364455006E-47,0.,1.));
#1814=DIRECTION('ref_axis',(1.,0.,-1.70591364455006E-47));
#1815=DIRECTION('center_axis',(-0.18301270189222,0.683012701892219,0.707106781186548));
#1816=DIRECTION('ref_axis',(0.18301270189222,-0.68301270189222,0.707106781186547));
#1817=DIRECTION('center_axis',(-0.253404407283401,-0.660141050359201,0.707106781186547));
#1818=DIRECTION('ref_axis',(0.253404407283401,0.6601410503592,0.707106781186548));
#1819=DIRECTION('center_axis',(1.70591364455006E-47,0.,1.));
#1820=DIRECTION('ref_axis',(1.,0.,-1.70591364455006E-47));
#1821=DIRECTION('center_axis',(0.593029645775783,0.385117954958023,0.707106781186548));
#1822=DIRECTION('ref_axis',(-0.593029645775782,-0.385117954958023,0.707106781186548));
#1823=DIRECTION('center_axis',(-0.706137715918126,0.0370071095592687,0.707106781186548));
#1824=DIRECTION('ref_axis',(0.706137715918127,-0.0370071095592687,0.707106781186547));
#1825=DIRECTION('center_axis',(1.70591364455006E-47,0.,1.));
#1826=DIRECTION('ref_axis',(1.,0.,-1.70591364455006E-47));
#1827=DIRECTION('center_axis',(0.549525179317964,-0.44499671605031,0.707106781186548));
#1828=DIRECTION('ref_axis',(-0.549525179317963,0.44499671605031,0.707106781186548));
#1829=DIRECTION('center_axis',(-0.18301270189222,0.683012701892219,0.707106781186548));
#1830=DIRECTION('ref_axis',(0.18301270189222,-0.68301270189222,0.707106781186547));
#1831=DIRECTION('center_axis',(1.70591364455006E-47,0.,1.));
#1832=DIRECTION('ref_axis',(1.,0.,-1.70591364455006E-47));
#1833=DIRECTION('center_axis',(-0.253404407283401,-0.660141050359201,0.707106781186547));
#1834=DIRECTION('ref_axis',(0.253404407283401,0.6601410503592,0.707106781186548));
#1835=DIRECTION('center_axis',(0.593029645775783,0.385117954958023,-0.707106781186548));
#1836=DIRECTION('ref_axis',(-0.593029645775782,-0.385117954958023,-0.707106781186548));
#1837=DIRECTION('center_axis',(-0.253404407283401,-0.660141050359201,-0.707106781186547));
#1838=DIRECTION('ref_axis',(0.253404407283401,0.6601410503592,-0.707106781186548));
#1839=DIRECTION('center_axis',(-1.70591364455006E-47,0.,-1.));
#1840=DIRECTION('ref_axis',(0.998629534754574,-0.0523359562429409,-1.70357574918851E-47));
#1841=DIRECTION('center_axis',(-0.18301270189222,0.683012701892219,-0.707106781186548));
#1842=DIRECTION('ref_axis',(0.18301270189222,-0.68301270189222,-0.707106781186547));
#1843=DIRECTION('center_axis',(0.549525179317964,-0.44499671605031,-0.707106781186548));
#1844=DIRECTION('ref_axis',(-0.549525179317964,0.444996716050309,-0.707106781186548));
#1845=DIRECTION('center_axis',(-1.70591364455006E-47,0.,-1.));
#1846=DIRECTION('ref_axis',(-1.,0.,1.70591364455006E-47));
#1847=DIRECTION('center_axis',(-0.706137715918126,0.0370071095592687,-0.707106781186548));
#1848=DIRECTION('ref_axis',(0.706137715918127,-0.0370071095592687,-0.707106781186547));
#1849=DIRECTION('center_axis',(0.593029645775782,0.385117954958023,-0.707106781186548));
#1850=DIRECTION('ref_axis',(-0.593029645775783,-0.385117954958024,-0.707106781186547));
#1851=DIRECTION('center_axis',(-1.70591364455006E-47,0.,-1.));
#1852=DIRECTION('ref_axis',(-1.,0.,1.70591364455006E-47));
#1853=DIRECTION('center_axis',(-0.253404407283401,-0.660141050359201,-0.707106781186547));
#1854=DIRECTION('ref_axis',(0.253404407283401,0.6601410503592,-0.707106781186548));
#1855=DIRECTION('center_axis',(-0.18301270189222,0.683012701892219,-0.707106781186548));
#1856=DIRECTION('ref_axis',(0.18301270189222,-0.68301270189222,-0.707106781186547));
#1857=DIRECTION('center_axis',(-1.70591364455006E-47,0.,-1.));
#1858=DIRECTION('ref_axis',(-1.,0.,1.70591364455006E-47));
#1859=DIRECTION('center_axis',(0.549525179317964,-0.44499671605031,-0.707106781186548));
#1860=DIRECTION('ref_axis',(-0.549525179317963,0.44499671605031,-0.707106781186548));
#1861=DIRECTION('center_axis',(-0.706137715918126,0.0370071095592688,-0.707106781186548));
#1862=DIRECTION('ref_axis',(0.706137715918127,-0.0370071095592688,-0.707106781186547));
#1863=DIRECTION('center_axis',(-1.70591364455006E-47,0.,-1.));
#1864=DIRECTION('ref_axis',(-1.,0.,1.70591364455006E-47));
#1865=CARTESIAN_POINT('',(0.,0.,0.));
#1866=CARTESIAN_POINT('Origin',(50.,-2.75545529808154E-16,11.6));
#1867=CARTESIAN_POINT('',(52.2,-5.44967825620572E-16,11.1));
#1868=CARTESIAN_POINT('Origin',(50.,-2.75545529808154E-16,11.1));
#1869=CARTESIAN_POINT('',(53.2,1.16341445918999E-16,12.1));
#1870=CARTESIAN_POINT('',(52.7,-6.06200165577939E-16,11.6));
#1871=CARTESIAN_POINT('Origin',(50.,-2.75545529808154E-16,12.1));
#1872=CARTESIAN_POINT('Origin',(50.,-2.75545529808154E-16,6.6));
#1873=CARTESIAN_POINT('',(52.2,-6.12323399573623E-18,4.9));
#1874=CARTESIAN_POINT('',(52.2,-5.44967825620572E-16,6.6));
#1875=CARTESIAN_POINT('Origin',(50.,-2.75545529808154E-16,4.9));
#1876=CARTESIAN_POINT('Origin',(49.9999999981848,2.14668019644926E-6,12.1));
#1877=CARTESIAN_POINT('',(54.15,-5.0822842164615E-16,12.1));
#1878=CARTESIAN_POINT('Origin',(50.,0.,12.1));
#1879=CARTESIAN_POINT('Origin',(50.,-2.75545529808154E-16,4.4));
#1880=CARTESIAN_POINT('',(53.2,-6.67432505535307E-16,3.9));
#1881=CARTESIAN_POINT('',(52.7,5.51091059616312E-17,4.4));
#1882=CARTESIAN_POINT('Origin',(50.,-2.75545529808154E-16,3.9));
#1883=CARTESIAN_POINT('Origin',(49.9999999981848,2.14668019644926E-6,3.9));
#1884=CARTESIAN_POINT('',(54.15,-5.0822842164615E-16,3.9));
#1885=CARTESIAN_POINT('Origin',(50.,0.,3.9));
#1886=CARTESIAN_POINT('Origin',(50.,-1.69931512708933E-13,16.));
#1887=CARTESIAN_POINT('',(43.6690598923243,-1.69156196155087E-13,-2.22044604925031E-15));
#1888=CARTESIAN_POINT('Origin',(50.,-1.69931512708933E-13,0.));
#1889=CARTESIAN_POINT('',(43.6690598923243,-1.69156196155087E-13,16.));
#1890=CARTESIAN_POINT('',(43.6690598923243,-1.69156196155087E-13,16.));
#1891=CARTESIAN_POINT('Origin',(50.,-1.69931512708933E-13,16.));
#1892=CARTESIAN_POINT('Origin',(50.,2.0260129588726,0.));
#1893=CARTESIAN_POINT('',(52.1330447370997,-4.01903224041952,-3.638790121454E-47));
#1894=CARTESIAN_POINT('',(50.1622451904728,-4.54710638738181,-2.76776284190103E-48));
#1895=CARTESIAN_POINT('Origin',(50.,0.,0.));
#1896=CARTESIAN_POINT('',(54.3746916811185,-1.25082880329519,-7.46284622951966E-47));
#1897=CARTESIAN_POINT('Origin',(50.,0.,0.));
#1898=CARTESIAN_POINT('',(54.4814738749771,0.786696833537261,-7.64500743101813E-47));
#1899=CARTESIAN_POINT('Origin',(50.,0.,0.));
#1900=CARTESIAN_POINT('',(52.5414629587599,3.77405167283802,-4.33551633846708E-47));
#1901=CARTESIAN_POINT('Origin',(50.,0.,0.));
#1902=CARTESIAN_POINT('',(50.6366584373309,4.50523762238745,-1.08608431516074E-47));
#1903=CARTESIAN_POINT('Origin',(50.,0.,0.));
#1904=CARTESIAN_POINT('',(47.196018808544,3.58332101240748,4.78334977356654E-47));
#1905=CARTESIAN_POINT('Origin',(50.,0.,0.));
#1906=CARTESIAN_POINT('',(45.9120026785178,1.99769314449294,6.97377040960067E-47));
#1907=CARTESIAN_POINT('Origin',(50.,0.,0.));
#1908=CARTESIAN_POINT('',(45.7255813611049,-1.55943749456852,7.29178907861028E-47));
#1909=CARTESIAN_POINT('Origin',(50.,0.,0.));
#1910=CARTESIAN_POINT('',(46.8368202720745,-3.27059535999816,5.3961114580322E-47));
#1911=CARTESIAN_POINT('Origin',(50.,0.,0.));
#1912=CARTESIAN_POINT('Origin',(50.,0.,0.));
#1913=CARTESIAN_POINT('Origin',(50.,2.02601295887259,16.));
#1914=CARTESIAN_POINT('',(52.1330447370997,-4.01903224041951,16.));
#1915=CARTESIAN_POINT('',(54.3746916811185,-1.25082880329519,16.));
#1916=CARTESIAN_POINT('Origin',(50.,0.,16.));
#1917=CARTESIAN_POINT('',(50.1622451904728,-4.54710638738181,16.));
#1918=CARTESIAN_POINT('Origin',(50.,3.46944695195361E-15,16.));
#1919=CARTESIAN_POINT('',(46.8368202720746,-3.27059535999815,16.));
#1920=CARTESIAN_POINT('Origin',(50.,0.,16.));
#1921=CARTESIAN_POINT('',(45.7255813611049,-1.55943749456852,16.));
#1922=CARTESIAN_POINT('Origin',(50.,3.46944695195361E-15,16.));
#1923=CARTESIAN_POINT('',(45.9120026785178,1.99769314449294,16.));
#1924=CARTESIAN_POINT('Origin',(50.,0.,16.));
#1925=CARTESIAN_POINT('',(47.196018808544,3.58332101240749,16.));
#1926=CARTESIAN_POINT('Origin',(50.,3.46944695195361E-15,16.));
#1927=CARTESIAN_POINT('',(50.6366584373309,4.50523762238746,16.));
#1928=CARTESIAN_POINT('Origin',(50.,0.,16.));
#1929=CARTESIAN_POINT('',(52.5414629587599,3.77405167283802,16.));
#1930=CARTESIAN_POINT('Origin',(50.,3.46944695195361E-15,16.));
#1931=CARTESIAN_POINT('',(54.4814738749771,0.786696833537262,16.));
#1932=CARTESIAN_POINT('Origin',(50.,0.,16.));
#1933=CARTESIAN_POINT('Origin',(50.,3.46944695195361E-15,16.));
#1934=CARTESIAN_POINT('Origin',(51.2390538046592,-1.90797554207584,1.8));
#1935=CARTESIAN_POINT('',(52.4781076093184,-3.81595108415168,1.8));
#1936=CARTESIAN_POINT('',(52.4781076093184,-3.81595108415168,0.4));
#1937=CARTESIAN_POINT('',(52.4781076093184,-3.81595108415168,1.8));
#1938=CARTESIAN_POINT('',(52.2602519953124,-3.48048285697352,0.4));
#1939=CARTESIAN_POINT('',(51.2390538046592,-1.90797554207584,0.4));
#1940=CARTESIAN_POINT('',(52.2602519953124,-3.48048285697352,1.8));
#1941=CARTESIAN_POINT('',(52.2602519953124,-3.48048285697352,-3.85579471892486E-47));
#1942=CARTESIAN_POINT('',(51.2390538046592,-1.90797554207584,1.8));
#1943=CARTESIAN_POINT('Origin',(52.1238954702811,-0.815287085215556,1.8));
#1944=CARTESIAN_POINT('',(54.2477909405623,-1.63057417043111,0.4));
#1945=CARTESIAN_POINT('',(53.8743587699634,-1.48722699061299,0.4));
#1946=CARTESIAN_POINT('',(52.1238954702811,-0.815287085215556,0.4));
#1947=CARTESIAN_POINT('',(54.2477909405623,-1.63057417043112,1.8));
#1948=CARTESIAN_POINT('',(54.2477909405623,-1.63057417043112,1.8));
#1949=CARTESIAN_POINT('',(53.8743587699634,-1.487226990613,1.8));
#1950=CARTESIAN_POINT('',(52.1238954702811,-0.815287085215556,1.8));
#1951=CARTESIAN_POINT('',(53.8743587699634,-1.487226990613,-6.60932148956276E-47));
#1952=CARTESIAN_POINT('Origin',(50.,0.,1.8));
#1953=CARTESIAN_POINT('Origin',(50.,0.,0.4));
#1954=CARTESIAN_POINT('Origin',(50.,0.,0.400000000000008));
#1955=CARTESIAN_POINT('Origin',(50.,0.,1.8));
#1956=CARTESIAN_POINT('Origin',(48.5682961103616,-1.7680070623146,1.8));
#1957=CARTESIAN_POINT('',(47.1365922207232,-3.53601412462921,1.8));
#1958=CARTESIAN_POINT('',(47.1365922207232,-3.53601412462921,0.4));
#1959=CARTESIAN_POINT('',(47.1365922207232,-3.53601412462921,1.8));
#1960=CARTESIAN_POINT('',(47.3883203771432,-3.22515574004643,0.4));
#1961=CARTESIAN_POINT('',(48.5682961103616,-1.7680070623146,0.4));
#1962=CARTESIAN_POINT('',(47.3883203771432,-3.22515574004643,1.8));
#1963=CARTESIAN_POINT('',(47.3883203771432,-3.22515574004643,4.45529990382484E-47));
#1964=CARTESIAN_POINT('',(48.5682961103616,-1.7680070623146,1.8));
#1965=CARTESIAN_POINT('Origin',(49.8809356995473,-2.27188219156665,1.8));
#1966=CARTESIAN_POINT('',(49.7618713990946,-4.54376438313331,0.4));
#1967=CARTESIAN_POINT('',(49.7828057815918,-4.14431256923148,0.4));
#1968=CARTESIAN_POINT('',(49.8809356995473,-2.27188219156665,0.4));
#1969=CARTESIAN_POINT('',(49.7618713990946,-4.54376438313331,1.8));
#1970=CARTESIAN_POINT('',(49.7618713990946,-4.54376438313331,1.8));
#1971=CARTESIAN_POINT('',(49.7828057815918,-4.14431256923148,1.8));
#1972=CARTESIAN_POINT('',(49.8809356995473,-2.27188219156665,1.8));
#1973=CARTESIAN_POINT('',(49.7828057815918,-4.14431256923148,3.70514580699961E-48));
#1974=CARTESIAN_POINT('Origin',(50.,0.,1.8));
#1975=CARTESIAN_POINT('Origin',(50.,0.,0.400000000000008));
#1976=CARTESIAN_POINT('Origin',(50.,0.,0.400000000000008));
#1977=CARTESIAN_POINT('Origin',(50.,0.,1.8));
#1978=CARTESIAN_POINT('Origin',(47.8761045297189,0.815287085215549,1.8));
#1979=CARTESIAN_POINT('',(45.7522090594377,1.6305741704311,1.8));
#1980=CARTESIAN_POINT('',(45.7522090594377,1.6305741704311,0.4));
#1981=CARTESIAN_POINT('',(45.7522090594377,1.6305741704311,1.8));
#1982=CARTESIAN_POINT('',(46.1256412300366,1.48722699061298,0.4));
#1983=CARTESIAN_POINT('',(47.8761045297189,0.815287085215549,0.4));
#1984=CARTESIAN_POINT('',(46.1256412300366,1.48722699061298,1.8));
#1985=CARTESIAN_POINT('',(46.1256412300366,1.48722699061298,6.60932148956276E-47));
#1986=CARTESIAN_POINT('',(47.8761045297189,0.815287085215549,1.8));
#1987=CARTESIAN_POINT('Origin',(47.8025187451924,-0.588813327608238,1.8));
#1988=CARTESIAN_POINT('',(45.6050374903848,-1.17762665521647,0.4));
#1989=CARTESIAN_POINT('',(45.9914078209004,-1.07409903717546,0.4));
#1990=CARTESIAN_POINT('',(47.8025187451924,-0.588813327608238,0.4));
#1991=CARTESIAN_POINT('',(45.6050374903848,-1.17762665521647,1.8));
#1992=CARTESIAN_POINT('',(45.6050374903848,-1.17762665521647,1.8));
#1993=CARTESIAN_POINT('',(45.9914078209004,-1.07409903717546,1.8));
#1994=CARTESIAN_POINT('',(47.8025187451924,-0.588813327608238,1.8));
#1995=CARTESIAN_POINT('',(45.9914078209004,-1.07409903717546,6.83831209376275E-47));
#1996=CARTESIAN_POINT('Origin',(50.,0.,1.8));
#1997=CARTESIAN_POINT('Origin',(50.,0.,0.4));
#1998=CARTESIAN_POINT('Origin',(50.,0.,0.399999999999984));
#1999=CARTESIAN_POINT('Origin',(50.,0.,1.8));
#2000=CARTESIAN_POINT('Origin',(50.1190643004527,2.27188219156665,1.8));
#2001=CARTESIAN_POINT('',(50.2381286009054,4.54376438313331,1.8));
#2002=CARTESIAN_POINT('',(50.2381286009054,4.54376438313331,0.4));
#2003=CARTESIAN_POINT('',(50.2381286009054,4.54376438313331,1.8));
#2004=CARTESIAN_POINT('',(50.2171942184082,4.14431256923148,0.4));
#2005=CARTESIAN_POINT('',(50.1190643004527,2.27188219156665,0.4));
#2006=CARTESIAN_POINT('',(50.2171942184082,4.14431256923148,1.8));
#2007=CARTESIAN_POINT('',(50.2171942184082,4.14431256923148,-3.70514580699996E-48));
#2008=CARTESIAN_POINT('',(50.1190643004527,2.27188219156665,1.8));
#2009=CARTESIAN_POINT('Origin',(48.7609461953408,1.90797554207584,1.8));
#2010=CARTESIAN_POINT('',(47.5218923906816,3.81595108415167,0.4));
#2011=CARTESIAN_POINT('',(47.7397480046876,3.48048285697351,0.4));
#2012=CARTESIAN_POINT('',(48.7609461953408,1.90797554207584,0.4));
#2013=CARTESIAN_POINT('',(47.5218923906816,3.81595108415168,1.8));
#2014=CARTESIAN_POINT('',(47.5218923906816,3.81595108415168,1.8));
#2015=CARTESIAN_POINT('',(47.7397480046876,3.48048285697351,1.8));
#2016=CARTESIAN_POINT('',(48.7609461953408,1.90797554207584,1.8));
#2017=CARTESIAN_POINT('',(47.7397480046876,3.48048285697351,3.85579471892488E-47));
#2018=CARTESIAN_POINT('Origin',(50.,0.,1.8));
#2019=CARTESIAN_POINT('Origin',(50.,0.,0.400000000000007));
#2020=CARTESIAN_POINT('Origin',(50.,0.,0.400000000000015));
#2021=CARTESIAN_POINT('Origin',(50.,0.,1.8));
#2022=CARTESIAN_POINT('Origin',(52.1974812548076,0.588813327608228,1.8));
#2023=CARTESIAN_POINT('',(54.3949625096153,1.17762665521647,1.8));
#2024=CARTESIAN_POINT('',(54.3949625096153,1.17762665521647,0.4));
#2025=CARTESIAN_POINT('',(54.3949625096153,1.17762665521647,1.8));
#2026=CARTESIAN_POINT('',(54.0085921790996,1.07409903717546,0.4));
#2027=CARTESIAN_POINT('',(52.1974812548076,0.588813327608228,0.4));
#2028=CARTESIAN_POINT('',(54.0085921790996,1.07409903717546,1.8));
#2029=CARTESIAN_POINT('',(54.0085921790996,1.07409903717546,-6.83831209376275E-47));
#2030=CARTESIAN_POINT('',(52.1974812548076,0.588813327608228,1.8));
#2031=CARTESIAN_POINT('Origin',(51.4317038896384,1.7680070623146,1.8));
#2032=CARTESIAN_POINT('',(52.8634077792768,3.5360141246292,0.4));
#2033=CARTESIAN_POINT('',(52.6116796228568,3.22515574004642,0.4));
#2034=CARTESIAN_POINT('',(51.4317038896384,1.7680070623146,0.4));
#2035=CARTESIAN_POINT('',(52.8634077792768,3.5360141246292,1.8));
#2036=CARTESIAN_POINT('',(52.8634077792768,3.5360141246292,1.8));
#2037=CARTESIAN_POINT('',(52.6116796228568,3.22515574004642,1.8));
#2038=CARTESIAN_POINT('',(51.4317038896384,1.7680070623146,1.8));
#2039=CARTESIAN_POINT('',(52.6116796228568,3.22515574004642,-4.45529990382485E-47));
#2040=CARTESIAN_POINT('Origin',(50.,0.,1.8));
#2041=CARTESIAN_POINT('Origin',(50.,0.,0.39999999999998));
#2042=CARTESIAN_POINT('Origin',(50.,0.,0.4));
#2043=CARTESIAN_POINT('Origin',(50.,0.,1.8));
#2044=CARTESIAN_POINT('Origin',(51.2390538046592,-1.90797554207584,39.2));
#2045=CARTESIAN_POINT('',(52.2602519953124,-3.48048285697352,15.6));
#2046=CARTESIAN_POINT('',(52.2602519953124,-3.48048285697352,14.2));
#2047=CARTESIAN_POINT('',(52.2602519953124,-3.48048285697352,7.));
#2048=CARTESIAN_POINT('',(52.4781076093184,-3.81595108415168,15.6));
#2049=CARTESIAN_POINT('',(51.2390538046592,-1.90797554207584,15.6));
#2050=CARTESIAN_POINT('',(52.4781076093184,-3.81595108415168,14.2));
#2051=CARTESIAN_POINT('',(52.4781076093184,-3.81595108415168,39.2));
#2052=CARTESIAN_POINT('',(51.2390538046592,-1.90797554207584,14.2));
#2053=CARTESIAN_POINT('Origin',(52.1238954702811,-0.815287085215556,39.2));
#2054=CARTESIAN_POINT('',(53.8743587699634,-1.487226990613,15.6));
#2055=CARTESIAN_POINT('',(54.2477909405623,-1.63057417043112,15.6));
#2056=CARTESIAN_POINT('',(52.1238954702811,-0.815287085215556,15.6));
#2057=CARTESIAN_POINT('',(53.8743587699634,-1.487226990613,14.2));
#2058=CARTESIAN_POINT('',(53.8743587699634,-1.487226990613,7.));
#2059=CARTESIAN_POINT('',(54.2477909405623,-1.63057417043112,14.2));
#2060=CARTESIAN_POINT('',(52.1238954702811,-0.815287085215556,14.2));
#2061=CARTESIAN_POINT('',(54.2477909405623,-1.63057417043112,39.2));
#2062=CARTESIAN_POINT('Origin',(50.,0.,39.2));
#2063=CARTESIAN_POINT('Origin',(50.,0.,15.6));
#2064=CARTESIAN_POINT('Origin',(50.,0.,15.6));
#2065=CARTESIAN_POINT('Origin',(50.,0.,14.2));
#2066=CARTESIAN_POINT('Origin',(50.,0.,39.2));
#2067=CARTESIAN_POINT('',(47.1365922207232,-3.53601412462921,15.6));
#2068=CARTESIAN_POINT('',(47.1365922207232,-3.53601412462921,14.2));
#2069=CARTESIAN_POINT('',(47.1365922207232,-3.53601412462921,39.2));
#2070=CARTESIAN_POINT('Origin',(50.,0.,15.6));
#2071=CARTESIAN_POINT('',(49.7618713990946,-4.54376438313331,15.6));
#2072=CARTESIAN_POINT('Origin',(50.,0.,15.6));
#2073=CARTESIAN_POINT('',(49.7618713990946,-4.54376438313331,14.2));
#2074=CARTESIAN_POINT('',(49.7618713990946,-4.54376438313331,39.2));
#2075=CARTESIAN_POINT('Origin',(50.,0.,14.2));
#2076=CARTESIAN_POINT('Origin',(48.5682961103616,-1.7680070623146,39.2));
#2077=CARTESIAN_POINT('',(47.3883203771432,-3.22515574004643,15.6));
#2078=CARTESIAN_POINT('',(47.3883203771432,-3.22515574004643,14.2));
#2079=CARTESIAN_POINT('',(47.3883203771432,-3.22515574004643,7.));
#2080=CARTESIAN_POINT('',(48.5682961103616,-1.7680070623146,15.6));
#2081=CARTESIAN_POINT('',(48.5682961103616,-1.7680070623146,14.2));
#2082=CARTESIAN_POINT('Origin',(49.8809356995473,-2.27188219156665,39.2));
#2083=CARTESIAN_POINT('',(49.7828057815918,-4.14431256923148,15.6));
#2084=CARTESIAN_POINT('',(49.8809356995473,-2.27188219156665,15.6));
#2085=CARTESIAN_POINT('',(49.7828057815918,-4.14431256923148,14.2));
#2086=CARTESIAN_POINT('',(49.7828057815918,-4.14431256923148,7.));
#2087=CARTESIAN_POINT('',(49.8809356995473,-2.27188219156665,14.2));
#2088=CARTESIAN_POINT('Origin',(50.,0.,39.2));
#2089=CARTESIAN_POINT('',(45.7522090594377,1.6305741704311,15.6));
#2090=CARTESIAN_POINT('',(45.7522090594377,1.6305741704311,14.2));
#2091=CARTESIAN_POINT('',(45.7522090594377,1.6305741704311,39.2));
#2092=CARTESIAN_POINT('Origin',(50.,0.,15.6));
#2093=CARTESIAN_POINT('',(45.6050374903848,-1.17762665521647,15.6));
#2094=CARTESIAN_POINT('Origin',(50.,0.,15.6));
#2095=CARTESIAN_POINT('',(45.6050374903848,-1.17762665521647,14.2));
#2096=CARTESIAN_POINT('',(45.6050374903848,-1.17762665521647,39.2));
#2097=CARTESIAN_POINT('Origin',(50.,0.,14.2));
#2098=CARTESIAN_POINT('Origin',(47.8761045297189,0.815287085215549,39.2));
#2099=CARTESIAN_POINT('',(46.1256412300366,1.48722699061298,15.6));
#2100=CARTESIAN_POINT('',(46.1256412300366,1.48722699061298,14.2));
#2101=CARTESIAN_POINT('',(46.1256412300366,1.48722699061298,7.));
#2102=CARTESIAN_POINT('',(47.8761045297189,0.815287085215549,15.6));
#2103=CARTESIAN_POINT('',(47.8761045297189,0.815287085215549,14.2));
#2104=CARTESIAN_POINT('Origin',(47.8025187451924,-0.588813327608238,39.2));
#2105=CARTESIAN_POINT('',(45.9914078209004,-1.07409903717546,15.6));
#2106=CARTESIAN_POINT('',(47.8025187451924,-0.588813327608238,15.6));
#2107=CARTESIAN_POINT('',(45.9914078209004,-1.07409903717546,14.2));
#2108=CARTESIAN_POINT('',(45.9914078209004,-1.07409903717546,7.));
#2109=CARTESIAN_POINT('',(47.8025187451924,-0.588813327608238,14.2));
#2110=CARTESIAN_POINT('Origin',(50.,0.,39.2));
#2111=CARTESIAN_POINT('',(50.2381286009054,4.54376438313331,15.6));
#2112=CARTESIAN_POINT('',(50.2381286009054,4.54376438313331,14.2));
#2113=CARTESIAN_POINT('',(50.2381286009054,4.54376438313331,39.2));
#2114=CARTESIAN_POINT('Origin',(50.,0.,15.6));
#2115=CARTESIAN_POINT('',(47.5218923906816,3.81595108415168,15.6));
#2116=CARTESIAN_POINT('Origin',(50.,0.,15.6));
#2117=CARTESIAN_POINT('',(47.5218923906816,3.81595108415168,14.2));
#2118=CARTESIAN_POINT('',(47.5218923906816,3.81595108415168,39.2));
#2119=CARTESIAN_POINT('Origin',(50.,0.,14.2));
#2120=CARTESIAN_POINT('Origin',(50.1190643004527,2.27188219156665,39.2));
#2121=CARTESIAN_POINT('',(50.2171942184082,4.14431256923149,15.6));
#2122=CARTESIAN_POINT('',(50.2171942184082,4.14431256923148,14.2));
#2123=CARTESIAN_POINT('',(50.2171942184082,4.14431256923148,7.));
#2124=CARTESIAN_POINT('',(50.1190643004527,2.27188219156665,15.6));
#2125=CARTESIAN_POINT('',(50.1190643004527,2.27188219156665,14.2));
#2126=CARTESIAN_POINT('Origin',(48.7609461953408,1.90797554207584,39.2));
#2127=CARTESIAN_POINT('',(47.7397480046876,3.48048285697351,15.6));
#2128=CARTESIAN_POINT('',(48.7609461953408,1.90797554207584,15.6));
#2129=CARTESIAN_POINT('',(47.7397480046876,3.48048285697351,14.2));
#2130=CARTESIAN_POINT('',(47.7397480046876,3.48048285697351,7.));
#2131=CARTESIAN_POINT('',(48.7609461953408,1.90797554207584,14.2));
#2132=CARTESIAN_POINT('Origin',(50.,0.,39.2));
#2133=CARTESIAN_POINT('',(54.3949625096153,1.17762665521647,15.6));
#2134=CARTESIAN_POINT('',(54.3949625096153,1.17762665521647,14.2));
#2135=CARTESIAN_POINT('',(54.3949625096153,1.17762665521647,39.2));
#2136=CARTESIAN_POINT('Origin',(50.,0.,15.6));
#2137=CARTESIAN_POINT('',(52.8634077792768,3.5360141246292,15.6));
#2138=CARTESIAN_POINT('Origin',(50.,0.,15.6));
#2139=CARTESIAN_POINT('',(52.8634077792768,3.5360141246292,14.2));
#2140=CARTESIAN_POINT('',(52.8634077792768,3.5360141246292,39.2));
#2141=CARTESIAN_POINT('Origin',(50.,0.,14.2));
#2142=CARTESIAN_POINT('Origin',(52.1974812548076,0.588813327608228,39.2));
#2143=CARTESIAN_POINT('',(54.0085921790996,1.07409903717546,15.6));
#2144=CARTESIAN_POINT('',(54.0085921790996,1.07409903717546,14.2));
#2145=CARTESIAN_POINT('',(54.0085921790996,1.07409903717546,7.));
#2146=CARTESIAN_POINT('',(52.1974812548076,0.588813327608228,15.6));
#2147=CARTESIAN_POINT('',(52.1974812548076,0.588813327608228,14.2));
#2148=CARTESIAN_POINT('Origin',(51.4317038896384,1.7680070623146,39.2));
#2149=CARTESIAN_POINT('',(52.6116796228568,3.22515574004642,15.6));
#2150=CARTESIAN_POINT('',(51.4317038896384,1.7680070623146,15.6));
#2151=CARTESIAN_POINT('',(52.6116796228568,3.22515574004642,14.2));
#2152=CARTESIAN_POINT('',(52.6116796228568,3.22515574004642,7.));
#2153=CARTESIAN_POINT('',(51.4317038896384,1.7680070623146,14.2));
#2154=CARTESIAN_POINT('Origin',(50.,0.,7.));
#2155=CARTESIAN_POINT('',(54.15,5.08228421646153E-16,15.6));
#2156=CARTESIAN_POINT('',(54.15,5.08228421646153E-16,7.));
#2157=CARTESIAN_POINT('Origin',(50.,3.46944695195361E-15,15.6));
#2158=CARTESIAN_POINT('Origin',(50.,0.,14.2));
#2159=CARTESIAN_POINT('Origin',(50.,3.46944695195361E-15,15.6));
#2160=CARTESIAN_POINT('Origin',(50.,0.,14.2));
#2161=CARTESIAN_POINT('Origin',(50.,3.46944695195361E-15,15.6));
#2162=CARTESIAN_POINT('Origin',(50.,0.,14.2));
#2163=CARTESIAN_POINT('Origin',(50.,3.46944695195361E-15,15.6));
#2164=CARTESIAN_POINT('Origin',(50.,0.,14.2));
#2165=CARTESIAN_POINT('Origin',(50.,3.46944695195361E-15,15.6));
#2166=CARTESIAN_POINT('Origin',(50.,0.,14.2));
#2167=CARTESIAN_POINT('Origin',(50.,3.46944695195361E-15,15.6));
#2168=CARTESIAN_POINT('Origin',(50.,0.,0.));
#2169=CARTESIAN_POINT('',(54.15,5.08228421646153E-16,0.399999999999995));
#2170=CARTESIAN_POINT('Origin',(50.,0.,0.4));
#2171=CARTESIAN_POINT('',(54.15,5.08228421646153E-16,-7.07954162488275E-47));
#2172=CARTESIAN_POINT('Origin',(50.,0.,0.4));
#2173=CARTESIAN_POINT('Origin',(50.,0.,1.8));
#2174=CARTESIAN_POINT('Origin',(50.,0.,0.4));
#2175=CARTESIAN_POINT('Origin',(50.,0.,1.8));
#2176=CARTESIAN_POINT('Origin',(50.,0.,0.4));
#2177=CARTESIAN_POINT('Origin',(50.,0.,1.8));
#2178=CARTESIAN_POINT('Origin',(50.,0.,0.4));
#2179=CARTESIAN_POINT('Origin',(50.,0.,1.8));
#2180=CARTESIAN_POINT('Origin',(50.,0.,0.4));
#2181=CARTESIAN_POINT('Origin',(50.,0.,1.8));
#2182=CARTESIAN_POINT('Origin',(49.9999999981848,2.14668019644926E-6,1.8));
#2183=CARTESIAN_POINT('Origin',(49.9999999981848,2.14668019644926E-6,1.8));
#2184=CARTESIAN_POINT('Origin',(49.9999999981848,2.14668019644926E-6,1.8));
#2185=CARTESIAN_POINT('Origin',(49.9999999981848,2.14668019644926E-6,1.8));
#2186=CARTESIAN_POINT('Origin',(49.9999999981848,2.14668019644926E-6,1.8));
#2187=CARTESIAN_POINT('Origin',(49.9999999981848,2.14668019644926E-6,14.2));
#2188=CARTESIAN_POINT('Origin',(49.9999999981848,2.14668019644926E-6,14.2));
#2189=CARTESIAN_POINT('Origin',(49.9999999981848,2.14668019644926E-6,14.2));
#2190=CARTESIAN_POINT('Origin',(49.9999999981848,2.14668019644926E-6,14.2));
#2191=CARTESIAN_POINT('Origin',(49.9999999981848,2.14668019644926E-6,14.2));
#2192=CARTESIAN_POINT('Origin',(49.1273161037371,1.34381535634037,15.6));
#2193=CARTESIAN_POINT('Ctrl Pts',(52.1330447370996,-4.0190322404195,16.));
#2194=CARTESIAN_POINT('Ctrl Pts',(52.2040355950751,-3.74496022617622,15.7911917394607));
#2195=CARTESIAN_POINT('Ctrl Pts',(52.2602519953123,-3.4804828569735,15.6));
#2196=CARTESIAN_POINT('Origin',(50.,3.46944695195361E-15,15.6));
#2197=CARTESIAN_POINT('Ctrl Pts',(50.1622451904728,-4.54710638738182,16.));
#2198=CARTESIAN_POINT('Ctrl Pts',(49.9637292969079,-4.34524848956849,15.7911917394607));
#2199=CARTESIAN_POINT('Ctrl Pts',(49.7828057815918,-4.14431256923147,15.6));
#2200=CARTESIAN_POINT('Origin',(50.0998530569351,1.90530982806607,15.6));
#2201=CARTESIAN_POINT('Origin',(50.9343964793293,1.15388355540015,15.6));
#2202=CARTESIAN_POINT('Ctrl Pts',(46.8368202720746,-3.27059535999813,16.));
#2203=CARTESIAN_POINT('Ctrl Pts',(47.1194156287144,-3.25341876798932,15.7911917394607));
#2204=CARTESIAN_POINT('Ctrl Pts',(47.3883203771432,-3.22515574004641,15.6));
#2205=CARTESIAN_POINT('Origin',(50.,3.46944695195361E-15,15.6));
#2206=CARTESIAN_POINT('Ctrl Pts',(45.7255813611049,-1.55943749456853,16.));
#2207=CARTESIAN_POINT('Ctrl Pts',(45.8562148454209,-1.30826013953241,15.7911917394607));
#2208=CARTESIAN_POINT('Ctrl Pts',(45.9914078209004,-1.07409903717545,15.6));
#2209=CARTESIAN_POINT('Origin',(50.4776357262587,0.12798210712726,15.6));
#2210=CARTESIAN_POINT('Origin',(49.3607986337398,0.245366415652787,15.6));
#2211=CARTESIAN_POINT('Ctrl Pts',(45.9120026785178,1.99769314449294,16.));
#2212=CARTESIAN_POINT('Ctrl Pts',(46.0156653560087,1.734236847922,15.7911917394607));
#2213=CARTESIAN_POINT('Ctrl Pts',(46.1256412300366,1.48722699061297,15.6));
#2214=CARTESIAN_POINT('Origin',(50.,3.46944695195361E-15,15.6));
#2215=CARTESIAN_POINT('Ctrl Pts',(47.196018808544,3.58332101240748,16.));
#2216=CARTESIAN_POINT('Ctrl Pts',(47.4752706354849,3.53669925721077,15.7911917394607));
#2217=CARTESIAN_POINT('Ctrl Pts',(47.7397480046876,3.4804828569735,15.6));
#2218=CARTESIAN_POINT('Origin',(49.1273161037371,1.34381535634038,15.6));
#2219=CARTESIAN_POINT('Origin',(50.0998530569351,1.90530982806607,15.6));
#2220=CARTESIAN_POINT('Ctrl Pts',(50.6366584373309,4.50523762238744,16.));
#2221=CARTESIAN_POINT('Ctrl Pts',(50.4181301387452,4.32523608454761,15.7911917394607));
#2222=CARTESIAN_POINT('Ctrl Pts',(50.2171942184082,4.14431256923146,15.6));
#2223=CARTESIAN_POINT('Origin',(50.,3.46944695195361E-15,15.6));
#2224=CARTESIAN_POINT('Ctrl Pts',(52.5414629587599,3.77405167283801,16.));
#2225=CARTESIAN_POINT('Ctrl Pts',(52.583416594914,3.49406048847516,15.7911917394607));
#2226=CARTESIAN_POINT('Ctrl Pts',(52.6116796228569,3.2251557400464,15.6));
#2227=CARTESIAN_POINT('Origin',(50.9343964793294,1.15388355540014,15.6));
#2228=CARTESIAN_POINT('Origin',(50.4776357262587,0.127982107127263,15.6));
#2229=CARTESIAN_POINT('Ctrl Pts',(54.4814738749771,0.786696833537265,16.));
#2230=CARTESIAN_POINT('Ctrl Pts',(54.2427532814566,0.938906061695945,15.7911917394607));
#2231=CARTESIAN_POINT('Ctrl Pts',(54.0085921790996,1.07409903717547,15.6));
#2232=CARTESIAN_POINT('Origin',(50.,3.46944695195361E-15,15.6));
#2233=CARTESIAN_POINT('Ctrl Pts',(54.3746916811185,-1.25082880329518,16.));
#2234=CARTESIAN_POINT('Ctrl Pts',(54.1213686272724,-1.37725111658505,15.7911917394607));
#2235=CARTESIAN_POINT('Ctrl Pts',(53.8743587699634,-1.48722699061299,15.6));
#2236=CARTESIAN_POINT('Origin',(49.3607986337398,0.245366415652802,15.6));
#2237=CARTESIAN_POINT('Origin',(49.1273161037371,1.34381535634038,0.4));
#2238=CARTESIAN_POINT('Ctrl Pts',(52.1330447370996,-4.01903224041951,1.28230759344206E-14));
#2239=CARTESIAN_POINT('Ctrl Pts',(52.2040355950751,-3.74496022617623,0.208808260539298));
#2240=CARTESIAN_POINT('Ctrl Pts',(52.2602519953123,-3.4804828569735,0.400000000000021));
#2241=CARTESIAN_POINT('Origin',(49.3607986337398,0.245366415652804,0.4));
#2242=CARTESIAN_POINT('Ctrl Pts',(54.3746916811185,-1.25082880329518,-1.19904086659517E-14));
#2243=CARTESIAN_POINT('Ctrl Pts',(54.1213686272724,-1.37725111658505,0.208808260539278));
#2244=CARTESIAN_POINT('Ctrl Pts',(53.8743587699634,-1.48722699061299,0.400000000000004));
#2245=CARTESIAN_POINT('Origin',(50.,0.,0.4));
#2246=CARTESIAN_POINT('Ctrl Pts',(54.4814738749771,0.786696833537266,1.31561428418081E-14));
#2247=CARTESIAN_POINT('Ctrl Pts',(54.2427532814566,0.938906061695944,0.2088082605393));
#2248=CARTESIAN_POINT('Ctrl Pts',(54.0085921790996,1.07409903717547,0.400000000000024));
#2249=CARTESIAN_POINT('Origin',(50.4776357262587,0.127982107127263,0.4));
#2250=CARTESIAN_POINT('Origin',(50.9343964793294,1.15388355540014,0.4));
#2251=CARTESIAN_POINT('Ctrl Pts',(52.5414629587599,3.77405167283801,-1.43773881688958E-14));
#2252=CARTESIAN_POINT('Ctrl Pts',(52.583416594914,3.49406048847516,0.208808260539271));
#2253=CARTESIAN_POINT('Ctrl Pts',(52.6116796228569,3.2251557400464,0.399999999999994));
#2254=CARTESIAN_POINT('Origin',(50.,0.,0.4));
#2255=CARTESIAN_POINT('Ctrl Pts',(50.6366584373309,4.50523762238745,8.04911692853238E-15));
#2256=CARTESIAN_POINT('Ctrl Pts',(50.4181301387452,4.32523608454761,0.208808260539296));
#2257=CARTESIAN_POINT('Ctrl Pts',(50.2171942184082,4.14431256923146,0.400000000000021));
#2258=CARTESIAN_POINT('Origin',(50.0998530569351,1.90530982806608,0.4));
#2259=CARTESIAN_POINT('Origin',(49.1273161037371,1.34381535634038,0.4));
#2260=CARTESIAN_POINT('Ctrl Pts',(47.196018808544,3.58332101240747,1.16573417585641E-15));
#2261=CARTESIAN_POINT('Ctrl Pts',(47.4752706354849,3.53669925721076,0.208808260539279));
#2262=CARTESIAN_POINT('Ctrl Pts',(47.7397480046876,3.4804828569735,0.399999999999996));
#2263=CARTESIAN_POINT('Origin',(50.,0.,0.4));
#2264=CARTESIAN_POINT('Ctrl Pts',(45.9120026785178,1.99769314449294,9.54791801177635E-15));
#2265=CARTESIAN_POINT('Ctrl Pts',(46.0156653560087,1.734236847922,0.208808260539294));
#2266=CARTESIAN_POINT('Ctrl Pts',(46.1256412300366,1.48722699061297,0.400000000000015));
#2267=CARTESIAN_POINT('Origin',(49.3607986337398,0.245366415652788,0.4));
#2268=CARTESIAN_POINT('Origin',(50.4776357262587,0.12798210712726,0.4));
#2269=CARTESIAN_POINT('Ctrl Pts',(45.7255813611049,-1.55943749456853,3.83026943495679E-15));
#2270=CARTESIAN_POINT('Ctrl Pts',(45.8562148454209,-1.30826013953241,0.208808260539296));
#2271=CARTESIAN_POINT('Ctrl Pts',(45.9914078209004,-1.07409903717545,0.400000000000024));
#2272=CARTESIAN_POINT('Origin',(50.,0.,0.4));
#2273=CARTESIAN_POINT('Ctrl Pts',(46.8368202720745,-3.27059535999814,-2.35367281220533E-14));
#2274=CARTESIAN_POINT('Ctrl Pts',(47.1194156287144,-3.25341876798933,0.208808260539284));
#2275=CARTESIAN_POINT('Ctrl Pts',(47.3883203771432,-3.22515574004641,0.400000000000026));
#2276=CARTESIAN_POINT('Origin',(50.9343964793293,1.15388355540016,0.4));
#2277=CARTESIAN_POINT('Origin',(50.0998530569351,1.90530982806608,0.4));
#2278=CARTESIAN_POINT('Ctrl Pts',(50.1622451904728,-4.54710638738182,-1.2267964422108E-14));
#2279=CARTESIAN_POINT('Ctrl Pts',(49.9637292969079,-4.34524848956849,0.208808260539281));
#2280=CARTESIAN_POINT('Ctrl Pts',(49.7828057815918,-4.14431256923147,0.400000000000012));
#2281=CARTESIAN_POINT('Origin',(50.,0.,0.4));
#2282=UNCERTAINTY_MEASURE_WITH_UNIT(LENGTH_MEASURE(0.01),#2286,
'DISTANCE_ACCURACY_VALUE',
'Maximum model space distance between geometric entities at asserted c
onnectivities');
#2283=UNCERTAINTY_MEASURE_WITH_UNIT(LENGTH_MEASURE(0.01),#2286,
'DISTANCE_ACCURACY_VALUE',
'Maximum model space distance between geometric entities at asserted c
onnectivities');
#2284=(
GEOMETRIC_REPRESENTATION_CONTEXT(3)
GLOBAL_UNCERTAINTY_ASSIGNED_CONTEXT((#2282))
GLOBAL_UNIT_ASSIGNED_CONTEXT((#2286,#2288,#2289))
REPRESENTATION_CONTEXT('','3D')
);
#2285=(
GEOMETRIC_REPRESENTATION_CONTEXT(3)
GLOBAL_UNCERTAINTY_ASSIGNED_CONTEXT((#2283))
GLOBAL_UNIT_ASSIGNED_CONTEXT((#2286,#2288,#2289))
REPRESENTATION_CONTEXT('','3D')
);
#2286=(
LENGTH_UNIT()
NAMED_UNIT(*)
SI_UNIT(.MILLI.,.METRE.)
);
#2287=(
LENGTH_UNIT()
NAMED_UNIT(*)
SI_UNIT($,.METRE.)
);
#2288=(
NAMED_UNIT(*)
PLANE_ANGLE_UNIT()
SI_UNIT($,.RADIAN.)
);
#2289=(
NAMED_UNIT(*)
SI_UNIT($,.STERADIAN.)
SOLID_ANGLE_UNIT()
);
#2290=SHAPE_DEFINITION_REPRESENTATION(#2291,#2292);
#2291=PRODUCT_DEFINITION_SHAPE('',$,#2294);
#2292=SHAPE_REPRESENTATION('',(#1296),#2284);
#2293=PRODUCT_DEFINITION_CONTEXT('part definition',#2298,'design');
#2294=PRODUCT_DEFINITION('[a]_ECAS_trigger[PSF]',
'\X2\0421043E043504340435043D043804420435043B044C\X0\ PTFE v4',#2295,#2293);
#2295=PRODUCT_DEFINITION_FORMATION('',$,#2300);
#2296=PRODUCT_RELATED_PRODUCT_CATEGORY('\X2\0421043E043504340435043D043804420435043B044C\X0\ 
PTFE v4','\X2\0421043E043504340435043D043804420435043B044C\X0\ PTFE v4',
(#2300));
#2297=APPLICATION_PROTOCOL_DEFINITION('international standard',
'automotive_design',2009,#2298);
#2298=APPLICATION_CONTEXT(
'Core Data for Automotive Mechanical Design Process');
#2299=PRODUCT_CONTEXT('part definition',#2298,'mechanical');
#2300=PRODUCT('[a]_ECAS_trigger[PSF]','\X2\0421043E043504340435043D043804420435043B044C\X0\ 
PTFE v4','[a]_ECAS_trigger[PSF]',(#2299));
#2301=PRESENTATION_STYLE_ASSIGNMENT((#2303));
#2302=PRESENTATION_STYLE_ASSIGNMENT((#2304));
#2303=SURFACE_STYLE_USAGE(.BOTH.,#2305);
#2304=SURFACE_STYLE_USAGE(.BOTH.,#2306);
#2305=SURFACE_SIDE_STYLE('',(#2307));
#2306=SURFACE_SIDE_STYLE('',(#2308));
#2307=SURFACE_STYLE_FILL_AREA(#2309);
#2308=SURFACE_STYLE_FILL_AREA(#2310);
#2309=FILL_AREA_STYLE('Plate',(#2311));
#2310=FILL_AREA_STYLE('Opaque(152,45,13)',(#2312));
#2311=FILL_AREA_STYLE_COLOUR('Plate',#2313);
#2312=FILL_AREA_STYLE_COLOUR('Opaque(152,45,13)',#2314);
#2313=COLOUR_RGB('Plate',0.6,0.6,0.6);
#2314=COLOUR_RGB('Opaque(152,45,13)',0.596078431372549,0.176470588235294,
0.0509803921568627);
ENDSEC;
END-ISO-10303-21;
