ISO-10303-21;
HEADER;
/* Generated by software containing ST-Developer
 * from STEP Tools, Inc. (www.steptools.com) 
 */

FILE_DESCRIPTION(
/* description */ (''),
/* implementation_level */ '2;1');

FILE_NAME(
/* name */ 'Skirt JST 2,54 4Pin multicolor.step',
/* time_stamp */ '2026-06-09T00:01:24+03:00',
/* author */ (''),
/* organization */ (''),
/* preprocessor_version */ 'ST-DEVELOPER v20.1',
/* originating_system */ 'Autodesk Translation Framework v15.8.0.0',
/* authorisation */ '');

FILE_SCHEMA (('AUTOMOTIVE_DESIGN { 1 0 10303 214 3 1 1 }'));
ENDSEC;

DATA;
#10=MECHANICAL_DESIGN_GEOMETRIC_PRESENTATION_REPRESENTATION('',(#245,#246,
#247,#248,#249,#250,#251,#252,#253),#10639);
#11=ITEM_DEFINED_TRANSFORMATION($,$,#6031,#6366);
#12=(
REPRESENTATION_RELATIONSHIP($,$,#10650,#10649)
REPRESENTATION_RELATIONSHIP_WITH_TRANSFORMATION(#11)
SHAPE_REPRESENTATION_RELATIONSHIP()
);
#13=CONTEXT_DEPENDENT_SHAPE_REPRESENTATION(#12,#10648);
#14=NEXT_ASSEMBLY_USAGE_OCCURRENCE('lock v1:1','lock v1:1','lock v1:1',
#10652,#10653,'lock v1:1');
#15=CONICAL_SURFACE('',#6221,2.4,0.785398163397449);
#16=CONICAL_SURFACE('',#6224,2.4,0.785398163397452);
#17=CONICAL_SURFACE('',#6226,2.4,0.785398163397449);
#18=CONICAL_SURFACE('',#6268,2.4,0.785398163397452);
#19=CONICAL_SURFACE('',#6271,2.4,0.785398163397449);
#20=CONICAL_SURFACE('',#6274,2.4,0.785398163397449);
#21=(
BOUNDED_CURVE()
B_SPLINE_CURVE(2,(#9258,#9259,#9260),.UNSPECIFIED.,.F.,.F.)
B_SPLINE_CURVE_WITH_KNOTS((3,3),(0.237003126294134,0.419523539268008),
 .UNSPECIFIED.)
CURVE()
GEOMETRIC_REPRESENTATION_ITEM()
RATIONAL_B_SPLINE_CURVE((1.49543853766589,1.61111111111085,1.61111111111086))
REPRESENTATION_ITEM('')
);
#22=(
BOUNDED_CURVE()
B_SPLINE_CURVE(2,(#9262,#9263,#9264),.UNSPECIFIED.,.F.,.F.)
B_SPLINE_CURVE_WITH_KNOTS((3,3),(0.41952353926805,0.602043952241902),
 .UNSPECIFIED.)
CURVE()
GEOMETRIC_REPRESENTATION_ITEM()
RATIONAL_B_SPLINE_CURVE((1.61111111111084,1.61111111111083,1.4954385376659))
REPRESENTATION_ITEM('')
);
#23=(
BOUNDED_CURVE()
B_SPLINE_CURVE(2,(#9431,#9432,#9433),.UNSPECIFIED.,.F.,.F.)
B_SPLINE_CURVE_WITH_KNOTS((3,3),(0.419523539268084,0.602043952241977),
 .UNSPECIFIED.)
CURVE()
GEOMETRIC_REPRESENTATION_ITEM()
RATIONAL_B_SPLINE_CURVE((1.61111111111146,1.61111111111148,1.49543853766646))
REPRESENTATION_ITEM('')
);
#24=(
BOUNDED_CURVE()
B_SPLINE_CURVE(2,(#9436,#9437,#9438),.UNSPECIFIED.,.F.,.F.)
B_SPLINE_CURVE_WITH_KNOTS((3,3),(0.237003126294231,0.419523539268098),
 .UNSPECIFIED.)
CURVE()
GEOMETRIC_REPRESENTATION_ITEM()
RATIONAL_B_SPLINE_CURVE((1.49543853766641,1.61111111111141,1.61111111111142))
REPRESENTATION_ITEM('')
);
#25=ELLIPSE('',#6201,4.2426406871192,2.99999999999994);
#26=ELLIPSE('',#6203,4.24264068711922,2.99999999999994);
#27=ELLIPSE('',#6205,4.24264068711915,2.9999999999999);
#28=ELLIPSE('',#6206,4.24264068711916,2.9999999999999);
#29=ELLIPSE('',#6243,4.24264068711922,2.99999999999994);
#30=ELLIPSE('',#6252,4.24264068711919,2.99999999999992);
#31=ELLIPSE('',#6270,4.24264068711919,2.99999999999994);
#32=ELLIPSE('',#6273,4.24264068711918,2.99999999999992);
#33=B_SPLINE_SURFACE_WITH_KNOTS('',3,1,((#8596,#8597),(#8598,#8599),(#8600,
#8601),(#8602,#8603),(#8604,#8605)),.UNSPECIFIED.,.F.,.F.,.F.,(4,1,4),(2,
2),(0.,0.0197060833713264,0.0377411394251035),(0.,0.1),.UNSPECIFIED.);
#34=B_SPLINE_SURFACE_WITH_KNOTS('',3,1,((#8607,#8608),(#8609,#8610),(#8611,
#8612),(#8613,#8614),(#8615,#8616)),.UNSPECIFIED.,.F.,.F.,.F.,(4,1,4),(2,
2),(0.,0.019120285452141,0.0389374860768141),(0.,0.1),.UNSPECIFIED.);
#35=B_SPLINE_SURFACE_WITH_KNOTS('',3,1,((#8618,#8619),(#8620,#8621),(#8622,
#8623),(#8624,#8625),(#8626,#8627)),.UNSPECIFIED.,.F.,.F.,.F.,(4,1,4),(2,
2),(0.,0.033912161990295,0.0693307384496125),(0.,0.1),.UNSPECIFIED.);
#36=B_SPLINE_SURFACE_WITH_KNOTS('',3,1,((#8629,#8630),(#8631,#8632),(#8633,
#8634),(#8635,#8636),(#8637,#8638)),.UNSPECIFIED.,.F.,.F.,.F.,(4,1,4),(2,
2),(0.,0.0471349577217421,0.0850352439653353),(0.,0.1),.UNSPECIFIED.);
#37=B_SPLINE_SURFACE_WITH_KNOTS('',3,1,((#8640,#8641),(#8642,#8643),(#8644,
#8645),(#8646,#8647),(#8648,#8649)),.UNSPECIFIED.,.F.,.F.,.F.,(4,1,4),(2,
2),(0.,0.0358221579155003,0.0796464702588577),(0.,0.1),.UNSPECIFIED.);
#38=B_SPLINE_SURFACE_WITH_KNOTS('',3,1,((#8651,#8652),(#8653,#8654),(#8655,
#8656),(#8657,#8658),(#8659,#8660)),.UNSPECIFIED.,.F.,.F.,.F.,(4,1,4),(2,
2),(0.,0.0362092296323146,0.0696271531364673),(0.,0.1),.UNSPECIFIED.);
#39=B_SPLINE_SURFACE_WITH_KNOTS('',3,1,((#8662,#8663),(#8664,#8665),(#8666,
#8667),(#8668,#8669),(#8670,#8671)),.UNSPECIFIED.,.F.,.F.,.F.,(4,1,4),(2,
2),(0.,0.0218500022941104,0.0460593737633568),(0.,0.1),.UNSPECIFIED.);
#40=B_SPLINE_SURFACE_WITH_KNOTS('',3,1,((#8673,#8674),(#8675,#8676),(#8677,
#8678),(#8679,#8680),(#8681,#8682)),.UNSPECIFIED.,.F.,.F.,.F.,(4,1,4),(2,
2),(0.,0.0217676017713365,0.0428585971308411),(0.,0.1),.UNSPECIFIED.);
#41=B_SPLINE_SURFACE_WITH_KNOTS('',3,1,((#8686,#8687),(#8688,#8689),(#8690,
#8691),(#8692,#8693),(#8694,#8695)),.UNSPECIFIED.,.F.,.F.,.F.,(4,1,4),(2,
2),(0.,0.0380089646416814,0.0776434987892787),(0.,0.1),.UNSPECIFIED.);
#42=B_SPLINE_SURFACE_WITH_KNOTS('',3,1,((#8697,#8698),(#8699,#8700),(#8701,
#8702),(#8703,#8704),(#8705,#8706)),.UNSPECIFIED.,.F.,.F.,.F.,(4,1,4),(2,
2),(0.,0.0500739855169439,0.0914737383484563),(0.,0.1),.UNSPECIFIED.);
#43=B_SPLINE_SURFACE_WITH_KNOTS('',3,1,((#8708,#8709),(#8710,#8711),(#8712,
#8713),(#8714,#8715),(#8716,#8717)),.UNSPECIFIED.,.F.,.F.,.F.,(4,1,4),(2,
2),(0.,0.0342674013116926,0.0738878837606662),(0.,0.1),.UNSPECIFIED.);
#44=B_SPLINE_SURFACE_WITH_KNOTS('',3,1,((#8719,#8720),(#8721,#8722),(#8723,
#8724),(#8725,#8726),(#8727,#8728)),.UNSPECIFIED.,.F.,.F.,.F.,(4,1,4),(2,
2),(0.,0.0402626481918771,0.0811317840456879),(0.,0.1),.UNSPECIFIED.);
#45=B_SPLINE_SURFACE_WITH_KNOTS('',3,1,((#8730,#8731),(#8732,#8733),(#8734,
#8735),(#8736,#8737),(#8738,#8739)),.UNSPECIFIED.,.F.,.F.,.F.,(4,1,4),(2,
2),(0.,0.0445247828617866,0.0862477295598376),(0.,0.1),.UNSPECIFIED.);
#46=B_SPLINE_SURFACE_WITH_KNOTS('',3,1,((#8741,#8742),(#8743,#8744),(#8745,
#8746),(#8747,#8748),(#8749,#8750)),.UNSPECIFIED.,.F.,.F.,.F.,(4,1,4),(2,
2),(0.,0.0406249052478496,0.0824497238016878),(0.,0.1),.UNSPECIFIED.);
#47=B_SPLINE_SURFACE_WITH_KNOTS('',3,1,((#8752,#8753),(#8754,#8755),(#8756,
#8757),(#8758,#8759),(#8760,#8761)),.UNSPECIFIED.,.F.,.F.,.F.,(4,1,4),(2,
2),(0.,0.0389519838680362,0.0781148796328941),(0.,0.1),.UNSPECIFIED.);
#48=B_SPLINE_SURFACE_WITH_KNOTS('',3,1,((#8763,#8764),(#8765,#8766),(#8767,
#8768),(#8769,#8770),(#8771,#8772)),.UNSPECIFIED.,.F.,.F.,.F.,(4,1,4),(2,
2),(0.,0.0443213859378133,0.0850886710084141),(0.,0.1),.UNSPECIFIED.);
#49=B_SPLINE_SURFACE_WITH_KNOTS('',3,1,((#8774,#8775),(#8776,#8777),(#8778,
#8779),(#8780,#8781),(#8782,#8783)),.UNSPECIFIED.,.F.,.F.,.F.,(4,1,4),(2,
2),(0.,0.0377437911245699,0.0746916847464287),(0.,0.1),.UNSPECIFIED.);
#50=B_SPLINE_SURFACE_WITH_KNOTS('',3,1,((#8785,#8786),(#8787,#8788),(#8789,
#8790),(#8791,#8792),(#8793,#8794)),.UNSPECIFIED.,.F.,.F.,.F.,(4,1,4),(2,
2),(0.,0.0290691465527167,0.0644243012313222),(0.,0.1),.UNSPECIFIED.);
#51=B_SPLINE_SURFACE_WITH_KNOTS('',3,1,((#8815,#8816),(#8817,#8818),(#8819,
#8820),(#8821,#8822),(#8823,#8824)),.UNSPECIFIED.,.F.,.F.,.F.,(4,1,4),(2,
2),(0.,0.0303793017105462,0.0600933271907146),(0.,0.1),.UNSPECIFIED.);
#52=B_SPLINE_SURFACE_WITH_KNOTS('',3,1,((#8827,#8828),(#8829,#8830),(#8831,
#8832),(#8833,#8834),(#8835,#8836)),.UNSPECIFIED.,.F.,.F.,.F.,(4,1,4),(2,
2),(0.,0.0395937624904683,0.0799676857458309),(0.,0.1),.UNSPECIFIED.);
#53=B_SPLINE_SURFACE_WITH_KNOTS('',3,1,((#8838,#8839),(#8840,#8841),(#8842,
#8843),(#8844,#8845),(#8846,#8847)),.UNSPECIFIED.,.F.,.F.,.F.,(4,1,4),(2,
2),(0.,0.0652958826301309,0.113016775939887),(0.,0.1),.UNSPECIFIED.);
#54=B_SPLINE_SURFACE_WITH_KNOTS('',3,1,((#8849,#8850),(#8851,#8852),(#8853,
#8854),(#8855,#8856),(#8857,#8858)),.UNSPECIFIED.,.F.,.F.,.F.,(4,1,4),(2,
2),(0.,0.0466437071861836,0.108624001975921),(0.,0.1),.UNSPECIFIED.);
#55=B_SPLINE_SURFACE_WITH_KNOTS('',3,1,((#8860,#8861),(#8862,#8863),(#8864,
#8865),(#8866,#8867),(#8868,#8869)),.UNSPECIFIED.,.F.,.F.,.F.,(4,1,4),(2,
2),(0.,0.0410961751985643,0.0810552602873594),(0.,0.1),.UNSPECIFIED.);
#56=B_SPLINE_SURFACE_WITH_KNOTS('',3,1,((#8871,#8872),(#8873,#8874),(#8875,
#8876),(#8877,#8878),(#8879,#8880)),.UNSPECIFIED.,.F.,.F.,.F.,(4,1,4),(2,
2),(0.,0.0282651326304999,0.058344748799767),(0.,0.1),.UNSPECIFIED.);
#57=B_SPLINE_SURFACE_WITH_KNOTS('',3,1,((#8882,#8883),(#8884,#8885),(#8886,
#8887),(#8888,#8889),(#8890,#8891)),.UNSPECIFIED.,.F.,.F.,.F.,(4,1,4),(2,
2),(0.,0.0299193105392139,0.0582887312633441),(0.,0.1),.UNSPECIFIED.);
#58=B_SPLINE_SURFACE_WITH_KNOTS('',3,1,((#8895,#8896),(#8897,#8898),(#8899,
#8900),(#8901,#8902),(#8903,#8904)),.UNSPECIFIED.,.F.,.F.,.F.,(4,1,4),(2,
2),(0.,0.0393194579725432,0.0850466833924757),(0.,0.1),.UNSPECIFIED.);
#59=B_SPLINE_SURFACE_WITH_KNOTS('',3,1,((#8906,#8907),(#8908,#8909),(#8910,
#8911),(#8912,#8913),(#8914,#8915)),.UNSPECIFIED.,.F.,.F.,.F.,(4,1,4),(2,
2),(0.,0.0673860391323528,0.129345610420327),(0.,0.1),.UNSPECIFIED.);
#60=B_SPLINE_SURFACE_WITH_KNOTS('',3,1,((#8917,#8918),(#8919,#8920),(#8921,
#8922),(#8923,#8924),(#8925,#8926)),.UNSPECIFIED.,.F.,.F.,.F.,(4,1,4),(2,
2),(0.,0.0727196675163737,0.149893011364956),(0.,0.1),.UNSPECIFIED.);
#61=B_SPLINE_SURFACE_WITH_KNOTS('',3,1,((#8928,#8929),(#8930,#8931),(#8932,
#8933),(#8934,#8935),(#8936,#8937)),.UNSPECIFIED.,.F.,.F.,.F.,(4,1,4),(2,
2),(0.,0.0896089553415874,0.166368026065211),(0.,0.1),.UNSPECIFIED.);
#62=B_SPLINE_SURFACE_WITH_KNOTS('',3,1,((#8939,#8940),(#8941,#8942),(#8943,
#8944),(#8945,#8946),(#8947,#8948)),.UNSPECIFIED.,.F.,.F.,.F.,(4,1,4),(2,
2),(0.,0.0751274112915804,0.160543077379632),(0.,0.1),.UNSPECIFIED.);
#63=B_SPLINE_SURFACE_WITH_KNOTS('',3,1,((#8950,#8951),(#8952,#8953),(#8954,
#8955),(#8956,#8957),(#8958,#8959)),.UNSPECIFIED.,.F.,.F.,.F.,(4,1,4),(2,
2),(0.,0.0738369418928981,0.145025261314343),(0.,0.1),.UNSPECIFIED.);
#64=B_SPLINE_SURFACE_WITH_KNOTS('',3,1,((#8961,#8962),(#8963,#8964),(#8965,
#8966),(#8967,#8968),(#8969,#8970)),.UNSPECIFIED.,.F.,.F.,.F.,(4,1,4),(2,
2),(0.,0.0530189009878467,0.112280789288459),(0.,0.1),.UNSPECIFIED.);
#65=B_SPLINE_SURFACE_WITH_KNOTS('',3,1,((#8972,#8973),(#8974,#8975),(#8976,
#8977),(#8978,#8979),(#8980,#8981)),.UNSPECIFIED.,.F.,.F.,.F.,(4,1,4),(2,
2),(0.,0.0619375808510957,0.115996623927542),(0.,0.1),.UNSPECIFIED.);
#66=B_SPLINE_SURFACE_WITH_KNOTS('',3,1,((#8985,#8986),(#8987,#8988),(#8989,
#8990),(#8991,#8992),(#8993,#8994)),.UNSPECIFIED.,.F.,.F.,.F.,(4,1,4),(2,
2),(0.,0.0330152827043279,0.0733578428799628),(0.,0.1),.UNSPECIFIED.);
#67=B_SPLINE_SURFACE_WITH_KNOTS('',3,1,((#9513,#9514),(#9515,#9516),(#9517,
#9518),(#9519,#9520),(#9521,#9522)),.UNSPECIFIED.,.F.,.F.,.F.,(4,1,4),(2,
2),(-0.112280789288459,-0.0530189009878467,0.),(0.,0.1),.UNSPECIFIED.);
#68=B_SPLINE_SURFACE_WITH_KNOTS('',3,1,((#9539,#9540),(#9541,#9542),(#9543,
#9544),(#9545,#9546),(#9547,#9548)),.UNSPECIFIED.,.F.,.F.,.F.,(4,1,4),(2,
2),(-0.145025261314343,-0.0738369418928981,0.),(0.,0.1),.UNSPECIFIED.);
#69=B_SPLINE_SURFACE_WITH_KNOTS('',3,1,((#9562,#9563),(#9564,#9565),(#9566,
#9567),(#9568,#9569),(#9570,#9571)),.UNSPECIFIED.,.F.,.F.,.F.,(4,1,4),(2,
2),(-0.160543077379632,-0.0751274112915804,0.),(0.,0.1),.UNSPECIFIED.);
#70=B_SPLINE_SURFACE_WITH_KNOTS('',3,1,((#9585,#9586),(#9587,#9588),(#9589,
#9590),(#9591,#9592),(#9593,#9594)),.UNSPECIFIED.,.F.,.F.,.F.,(4,1,4),(2,
2),(-0.166368026065211,-0.0896089553415874,0.),(0.,0.1),.UNSPECIFIED.);
#71=B_SPLINE_SURFACE_WITH_KNOTS('',3,1,((#9608,#9609),(#9610,#9611),(#9612,
#9613),(#9614,#9615),(#9616,#9617)),.UNSPECIFIED.,.F.,.F.,.F.,(4,1,4),(2,
2),(-0.149893011364956,-0.0727196675163737,0.),(0.,0.1),.UNSPECIFIED.);
#72=B_SPLINE_SURFACE_WITH_KNOTS('',3,1,((#9631,#9632),(#9633,#9634),(#9635,
#9636),(#9637,#9638),(#9639,#9640)),.UNSPECIFIED.,.F.,.F.,.F.,(4,1,4),(2,
2),(-0.129345610420327,-0.0673860391323528,0.),(0.,0.1),.UNSPECIFIED.);
#73=B_SPLINE_SURFACE_WITH_KNOTS('',3,1,((#9654,#9655),(#9656,#9657),(#9658,
#9659),(#9660,#9661),(#9662,#9663)),.UNSPECIFIED.,.F.,.F.,.F.,(4,1,4),(2,
2),(-0.0850466833924757,-0.0393194579725432,0.),(0.,0.1),.UNSPECIFIED.);
#74=B_SPLINE_SURFACE_WITH_KNOTS('',3,1,((#9683,#9684),(#9685,#9686),(#9687,
#9688),(#9689,#9690),(#9691,#9692)),.UNSPECIFIED.,.F.,.F.,.F.,(4,1,4),(2,
2),(-0.0582887312633441,-0.0299193105392139,0.),(0.,0.1),.UNSPECIFIED.);
#75=B_SPLINE_SURFACE_WITH_KNOTS('',3,1,((#9706,#9707),(#9708,#9709),(#9710,
#9711),(#9712,#9713),(#9714,#9715)),.UNSPECIFIED.,.F.,.F.,.F.,(4,1,4),(2,
2),(-0.058344748799767,-0.0282651326304999,0.),(0.,0.1),.UNSPECIFIED.);
#76=B_SPLINE_SURFACE_WITH_KNOTS('',3,1,((#9729,#9730),(#9731,#9732),(#9733,
#9734),(#9735,#9736),(#9737,#9738)),.UNSPECIFIED.,.F.,.F.,.F.,(4,1,4),(2,
2),(-0.0810552602873594,-0.0410961751985643,0.),(0.,0.1),.UNSPECIFIED.);
#77=B_SPLINE_SURFACE_WITH_KNOTS('',3,1,((#9752,#9753),(#9754,#9755),(#9756,
#9757),(#9758,#9759),(#9760,#9761)),.UNSPECIFIED.,.F.,.F.,.F.,(4,1,4),(2,
2),(-0.108624001975921,-0.0466437071861836,0.),(0.,0.1),.UNSPECIFIED.);
#78=B_SPLINE_SURFACE_WITH_KNOTS('',3,1,((#9775,#9776),(#9777,#9778),(#9779,
#9780),(#9781,#9782),(#9783,#9784)),.UNSPECIFIED.,.F.,.F.,.F.,(4,1,4),(2,
2),(-0.113016775939887,-0.0652958826301309,0.),(0.,0.1),.UNSPECIFIED.);
#79=B_SPLINE_SURFACE_WITH_KNOTS('',3,1,((#9798,#9799),(#9800,#9801),(#9802,
#9803),(#9804,#9805),(#9806,#9807)),.UNSPECIFIED.,.F.,.F.,.F.,(4,1,4),(2,
2),(-0.0799676857458309,-0.0395937624904683,0.),(0.,0.1),.UNSPECIFIED.);
#80=B_SPLINE_SURFACE_WITH_KNOTS('',3,1,((#9821,#9822),(#9823,#9824),(#9825,
#9826),(#9827,#9828),(#9829,#9830)),.UNSPECIFIED.,.F.,.F.,.F.,(4,1,4),(2,
2),(-0.0600933271907146,-0.0303793017105462,0.),(0.,0.1),.UNSPECIFIED.);
#81=B_SPLINE_SURFACE_WITH_KNOTS('',3,1,((#9844,#9845),(#9846,#9847),(#9848,
#9849),(#9850,#9851),(#9852,#9853)),.UNSPECIFIED.,.F.,.F.,.F.,(4,1,4),(2,
2),(-0.0733578428799628,-0.0330152827043279,0.),(0.,0.1),.UNSPECIFIED.);
#82=B_SPLINE_SURFACE_WITH_KNOTS('',3,1,((#9873,#9874),(#9875,#9876),(#9877,
#9878),(#9879,#9880),(#9881,#9882)),.UNSPECIFIED.,.F.,.F.,.F.,(4,1,4),(2,
2),(-0.115996623927542,-0.0619375808510957,0.),(0.,0.1),.UNSPECIFIED.);
#83=B_SPLINE_SURFACE_WITH_KNOTS('',3,1,((#10128,#10129),(#10130,#10131),
(#10132,#10133),(#10134,#10135),(#10136,#10137)),.UNSPECIFIED.,.F.,.F.,
 .F.,(4,1,4),(2,2),(-0.0644243012313222,-0.0290691465527167,0.),(0.,0.1),
 .UNSPECIFIED.);
#84=B_SPLINE_SURFACE_WITH_KNOTS('',3,1,((#10151,#10152),(#10153,#10154),
(#10155,#10156),(#10157,#10158),(#10159,#10160)),.UNSPECIFIED.,.F.,.F.,
 .F.,(4,1,4),(2,2),(-0.0746916847464287,-0.0377437911245699,0.),(0.,0.1),
 .UNSPECIFIED.);
#85=B_SPLINE_SURFACE_WITH_KNOTS('',3,1,((#10174,#10175),(#10176,#10177),
(#10178,#10179),(#10180,#10181),(#10182,#10183)),.UNSPECIFIED.,.F.,.F.,
 .F.,(4,1,4),(2,2),(-0.0850886710084141,-0.0443213859378133,0.),(0.,0.1),
 .UNSPECIFIED.);
#86=B_SPLINE_SURFACE_WITH_KNOTS('',3,1,((#10197,#10198),(#10199,#10200),
(#10201,#10202),(#10203,#10204),(#10205,#10206)),.UNSPECIFIED.,.F.,.F.,
 .F.,(4,1,4),(2,2),(-0.0781148796328941,-0.0389519838680362,0.),(0.,0.1),
 .UNSPECIFIED.);
#87=B_SPLINE_SURFACE_WITH_KNOTS('',3,1,((#10220,#10221),(#10222,#10223),
(#10224,#10225),(#10226,#10227),(#10228,#10229)),.UNSPECIFIED.,.F.,.F.,
 .F.,(4,1,4),(2,2),(-0.0824497238016878,-0.0406249052478496,0.),(0.,0.1),
 .UNSPECIFIED.);
#88=B_SPLINE_SURFACE_WITH_KNOTS('',3,1,((#10243,#10244),(#10245,#10246),
(#10247,#10248),(#10249,#10250),(#10251,#10252)),.UNSPECIFIED.,.F.,.F.,
 .F.,(4,1,4),(2,2),(-0.0862477295598376,-0.0445247828617866,0.),(0.,0.1),
 .UNSPECIFIED.);
#89=B_SPLINE_SURFACE_WITH_KNOTS('',3,1,((#10266,#10267),(#10268,#10269),
(#10270,#10271),(#10272,#10273),(#10274,#10275)),.UNSPECIFIED.,.F.,.F.,
 .F.,(4,1,4),(2,2),(-0.0811317840456879,-0.0402626481918771,0.),(0.,0.1),
 .UNSPECIFIED.);
#90=B_SPLINE_SURFACE_WITH_KNOTS('',3,1,((#10289,#10290),(#10291,#10292),
(#10293,#10294),(#10295,#10296),(#10297,#10298)),.UNSPECIFIED.,.F.,.F.,
 .F.,(4,1,4),(2,2),(-0.0738878837606662,-0.0342674013116926,0.),(0.,0.1),
 .UNSPECIFIED.);
#91=B_SPLINE_SURFACE_WITH_KNOTS('',3,1,((#10312,#10313),(#10314,#10315),
(#10316,#10317),(#10318,#10319),(#10320,#10321)),.UNSPECIFIED.,.F.,.F.,
 .F.,(4,1,4),(2,2),(-0.0914737383484563,-0.0500739855169439,0.),(0.,0.1),
 .UNSPECIFIED.);
#92=B_SPLINE_SURFACE_WITH_KNOTS('',3,1,((#10335,#10336),(#10337,#10338),
(#10339,#10340),(#10341,#10342),(#10343,#10344)),.UNSPECIFIED.,.F.,.F.,
 .F.,(4,1,4),(2,2),(-0.0776434987892787,-0.0380089646416814,0.),(0.,0.1),
 .UNSPECIFIED.);
#93=B_SPLINE_SURFACE_WITH_KNOTS('',3,1,((#10364,#10365),(#10366,#10367),
(#10368,#10369),(#10370,#10371),(#10372,#10373)),.UNSPECIFIED.,.F.,.F.,
 .F.,(4,1,4),(2,2),(-0.0428585971308411,-0.0217676017713365,0.),(0.,0.1),
 .UNSPECIFIED.);
#94=B_SPLINE_SURFACE_WITH_KNOTS('',3,1,((#10387,#10388),(#10389,#10390),
(#10391,#10392),(#10393,#10394),(#10395,#10396)),.UNSPECIFIED.,.F.,.F.,
 .F.,(4,1,4),(2,2),(-0.0460593737633568,-0.0218500022941104,0.),(0.,0.1),
 .UNSPECIFIED.);
#95=B_SPLINE_SURFACE_WITH_KNOTS('',3,1,((#10410,#10411),(#10412,#10413),
(#10414,#10415),(#10416,#10417),(#10418,#10419)),.UNSPECIFIED.,.F.,.F.,
 .F.,(4,1,4),(2,2),(-0.0696271531364673,-0.0362092296323146,0.),(0.,0.1),
 .UNSPECIFIED.);
#96=B_SPLINE_SURFACE_WITH_KNOTS('',3,1,((#10433,#10434),(#10435,#10436),
(#10437,#10438),(#10439,#10440),(#10441,#10442)),.UNSPECIFIED.,.F.,.F.,
 .F.,(4,1,4),(2,2),(-0.0796464702588577,-0.0358221579155003,0.),(0.,0.1),
 .UNSPECIFIED.);
#97=B_SPLINE_SURFACE_WITH_KNOTS('',3,1,((#10456,#10457),(#10458,#10459),
(#10460,#10461),(#10462,#10463),(#10464,#10465)),.UNSPECIFIED.,.F.,.F.,
 .F.,(4,1,4),(2,2),(-0.0850352439653353,-0.0471349577217421,0.),(0.,0.1),
 .UNSPECIFIED.);
#98=B_SPLINE_SURFACE_WITH_KNOTS('',3,1,((#10479,#10480),(#10481,#10482),
(#10483,#10484),(#10485,#10486),(#10487,#10488)),.UNSPECIFIED.,.F.,.F.,
 .F.,(4,1,4),(2,2),(-0.0693307384496125,-0.033912161990295,0.),(0.,0.1),
 .UNSPECIFIED.);
#99=B_SPLINE_SURFACE_WITH_KNOTS('',3,1,((#10502,#10503),(#10504,#10505),
(#10506,#10507),(#10508,#10509),(#10510,#10511)),.UNSPECIFIED.,.F.,.F.,
 .F.,(4,1,4),(2,2),(-0.0389374860768141,-0.019120285452141,0.),(0.,0.1),
 .UNSPECIFIED.);
#100=B_SPLINE_SURFACE_WITH_KNOTS('',3,1,((#10525,#10526),(#10527,#10528),
(#10529,#10530),(#10531,#10532),(#10533,#10534)),.UNSPECIFIED.,.F.,.F.,
 .F.,(4,1,4),(2,2),(-0.0377411394251035,-0.0197060833713264,0.),(0.,0.1),
 .UNSPECIFIED.);
#101=B_SPLINE_CURVE_WITH_KNOTS('',3,(#7955,#7956,#7957,#7958,#7959),
 .UNSPECIFIED.,.F.,.F.,(4,1,4),(0.,0.0330152827043279,0.0733578428799628),
 .UNSPECIFIED.);
#102=B_SPLINE_CURVE_WITH_KNOTS('',3,(#7961,#7962,#7963,#7964,#7965),
 .UNSPECIFIED.,.F.,.F.,(4,1,4),(0.,0.0303793017105462,0.0600933271907146),
 .UNSPECIFIED.);
#103=B_SPLINE_CURVE_WITH_KNOTS('',3,(#7967,#7968,#7969,#7970,#7971),
 .UNSPECIFIED.,.F.,.F.,(4,1,4),(0.,0.0395937624904683,0.0799676857458309),
 .UNSPECIFIED.);
#104=B_SPLINE_CURVE_WITH_KNOTS('',3,(#7973,#7974,#7975,#7976,#7977),
 .UNSPECIFIED.,.F.,.F.,(4,1,4),(0.,0.0652958826301309,0.113016775939887),
 .UNSPECIFIED.);
#105=B_SPLINE_CURVE_WITH_KNOTS('',3,(#7979,#7980,#7981,#7982,#7983),
 .UNSPECIFIED.,.F.,.F.,(4,1,4),(0.,0.0466437071861836,0.108624001975921),
 .UNSPECIFIED.);
#106=B_SPLINE_CURVE_WITH_KNOTS('',3,(#7985,#7986,#7987,#7988,#7989),
 .UNSPECIFIED.,.F.,.F.,(4,1,4),(0.,0.0410961751985643,0.0810552602873594),
 .UNSPECIFIED.);
#107=B_SPLINE_CURVE_WITH_KNOTS('',3,(#7991,#7992,#7993,#7994,#7995),
 .UNSPECIFIED.,.F.,.F.,(4,1,4),(0.,0.0282651326304999,0.058344748799767),
 .UNSPECIFIED.);
#108=B_SPLINE_CURVE_WITH_KNOTS('',3,(#7997,#7998,#7999,#8000,#8001),
 .UNSPECIFIED.,.F.,.F.,(4,1,4),(0.,0.0299193105392139,0.0582887312633441),
 .UNSPECIFIED.);
#109=B_SPLINE_CURVE_WITH_KNOTS('',3,(#8005,#8006,#8007,#8008,#8009),
 .UNSPECIFIED.,.F.,.F.,(4,1,4),(0.,0.0393194579725432,0.0850466833924757),
 .UNSPECIFIED.);
#110=B_SPLINE_CURVE_WITH_KNOTS('',3,(#8011,#8012,#8013,#8014,#8015),
 .UNSPECIFIED.,.F.,.F.,(4,1,4),(0.,0.0673860391323528,0.129345610420327),
 .UNSPECIFIED.);
#111=B_SPLINE_CURVE_WITH_KNOTS('',3,(#8017,#8018,#8019,#8020,#8021),
 .UNSPECIFIED.,.F.,.F.,(4,1,4),(0.,0.0727196675163737,0.149893011364956),
 .UNSPECIFIED.);
#112=B_SPLINE_CURVE_WITH_KNOTS('',3,(#8023,#8024,#8025,#8026,#8027),
 .UNSPECIFIED.,.F.,.F.,(4,1,4),(0.,0.0896089553415874,0.166368026065211),
 .UNSPECIFIED.);
#113=B_SPLINE_CURVE_WITH_KNOTS('',3,(#8029,#8030,#8031,#8032,#8033),
 .UNSPECIFIED.,.F.,.F.,(4,1,4),(0.,0.0751274112915804,0.160543077379632),
 .UNSPECIFIED.);
#114=B_SPLINE_CURVE_WITH_KNOTS('',3,(#8035,#8036,#8037,#8038,#8039),
 .UNSPECIFIED.,.F.,.F.,(4,1,4),(0.,0.0738369418928981,0.145025261314343),
 .UNSPECIFIED.);
#115=B_SPLINE_CURVE_WITH_KNOTS('',3,(#8041,#8042,#8043,#8044,#8045),
 .UNSPECIFIED.,.F.,.F.,(4,1,4),(0.,0.0530189009878467,0.112280789288459),
 .UNSPECIFIED.);
#116=B_SPLINE_CURVE_WITH_KNOTS('',3,(#8047,#8048,#8049,#8050,#8051),
 .UNSPECIFIED.,.F.,.F.,(4,1,4),(0.,0.0619375808510957,0.115996623927542),
 .UNSPECIFIED.);
#117=B_SPLINE_CURVE_WITH_KNOTS('',3,(#8081,#8082,#8083,#8084,#8085),
 .UNSPECIFIED.,.F.,.F.,(4,1,4),(0.,0.0197060833713264,0.0377411394251035),
 .UNSPECIFIED.);
#118=B_SPLINE_CURVE_WITH_KNOTS('',3,(#8087,#8088,#8089,#8090,#8091),
 .UNSPECIFIED.,.F.,.F.,(4,1,4),(0.,0.019120285452141,0.0389374860768141),
 .UNSPECIFIED.);
#119=B_SPLINE_CURVE_WITH_KNOTS('',3,(#8093,#8094,#8095,#8096,#8097),
 .UNSPECIFIED.,.F.,.F.,(4,1,4),(0.,0.033912161990295,0.0693307384496125),
 .UNSPECIFIED.);
#120=B_SPLINE_CURVE_WITH_KNOTS('',3,(#8099,#8100,#8101,#8102,#8103),
 .UNSPECIFIED.,.F.,.F.,(4,1,4),(0.,0.0471349577217421,0.0850352439653353),
 .UNSPECIFIED.);
#121=B_SPLINE_CURVE_WITH_KNOTS('',3,(#8105,#8106,#8107,#8108,#8109),
 .UNSPECIFIED.,.F.,.F.,(4,1,4),(0.,0.0358221579155003,0.0796464702588577),
 .UNSPECIFIED.);
#122=B_SPLINE_CURVE_WITH_KNOTS('',3,(#8111,#8112,#8113,#8114,#8115),
 .UNSPECIFIED.,.F.,.F.,(4,1,4),(0.,0.0362092296323146,0.0696271531364673),
 .UNSPECIFIED.);
#123=B_SPLINE_CURVE_WITH_KNOTS('',3,(#8117,#8118,#8119,#8120,#8121),
 .UNSPECIFIED.,.F.,.F.,(4,1,4),(0.,0.0218500022941104,0.0460593737633568),
 .UNSPECIFIED.);
#124=B_SPLINE_CURVE_WITH_KNOTS('',3,(#8123,#8124,#8125,#8126,#8127),
 .UNSPECIFIED.,.F.,.F.,(4,1,4),(0.,0.0217676017713365,0.0428585971308411),
 .UNSPECIFIED.);
#125=B_SPLINE_CURVE_WITH_KNOTS('',3,(#8131,#8132,#8133,#8134,#8135),
 .UNSPECIFIED.,.F.,.F.,(4,1,4),(0.,0.0380089646416814,0.0776434987892787),
 .UNSPECIFIED.);
#126=B_SPLINE_CURVE_WITH_KNOTS('',3,(#8137,#8138,#8139,#8140,#8141),
 .UNSPECIFIED.,.F.,.F.,(4,1,4),(0.,0.0500739855169439,0.0914737383484563),
 .UNSPECIFIED.);
#127=B_SPLINE_CURVE_WITH_KNOTS('',3,(#8143,#8144,#8145,#8146,#8147),
 .UNSPECIFIED.,.F.,.F.,(4,1,4),(0.,0.0342674013116926,0.0738878837606662),
 .UNSPECIFIED.);
#128=B_SPLINE_CURVE_WITH_KNOTS('',3,(#8149,#8150,#8151,#8152,#8153),
 .UNSPECIFIED.,.F.,.F.,(4,1,4),(0.,0.0402626481918771,0.0811317840456879),
 .UNSPECIFIED.);
#129=B_SPLINE_CURVE_WITH_KNOTS('',3,(#8155,#8156,#8157,#8158,#8159),
 .UNSPECIFIED.,.F.,.F.,(4,1,4),(0.,0.0445247828617866,0.0862477295598376),
 .UNSPECIFIED.);
#130=B_SPLINE_CURVE_WITH_KNOTS('',3,(#8161,#8162,#8163,#8164,#8165),
 .UNSPECIFIED.,.F.,.F.,(4,1,4),(0.,0.0406249052478496,0.0824497238016878),
 .UNSPECIFIED.);
#131=B_SPLINE_CURVE_WITH_KNOTS('',3,(#8167,#8168,#8169,#8170,#8171),
 .UNSPECIFIED.,.F.,.F.,(4,1,4),(0.,0.0389519838680362,0.0781148796328941),
 .UNSPECIFIED.);
#132=B_SPLINE_CURVE_WITH_KNOTS('',3,(#8173,#8174,#8175,#8176,#8177),
 .UNSPECIFIED.,.F.,.F.,(4,1,4),(0.,0.0443213859378133,0.0850886710084141),
 .UNSPECIFIED.);
#133=B_SPLINE_CURVE_WITH_KNOTS('',3,(#8179,#8180,#8181,#8182,#8183),
 .UNSPECIFIED.,.F.,.F.,(4,1,4),(0.,0.0377437911245699,0.0746916847464287),
 .UNSPECIFIED.);
#134=B_SPLINE_CURVE_WITH_KNOTS('',3,(#8185,#8186,#8187,#8188,#8189),
 .UNSPECIFIED.,.F.,.F.,(4,1,4),(0.,0.0290691465527167,0.0644243012313222),
 .UNSPECIFIED.);
#135=B_SPLINE_CURVE_WITH_KNOTS('',3,(#8299,#8300,#8301,#8302,#8303),
 .UNSPECIFIED.,.F.,.F.,(4,1,4),(0.,0.0290691465527167,0.0644243012313222),
 .UNSPECIFIED.);
#136=B_SPLINE_CURVE_WITH_KNOTS('',3,(#8305,#8306,#8307,#8308,#8309),
 .UNSPECIFIED.,.F.,.F.,(4,1,4),(0.,0.0377437911245699,0.0746916847464287),
 .UNSPECIFIED.);
#137=B_SPLINE_CURVE_WITH_KNOTS('',3,(#8311,#8312,#8313,#8314,#8315),
 .UNSPECIFIED.,.F.,.F.,(4,1,4),(0.,0.0443213859378133,0.0850886710084141),
 .UNSPECIFIED.);
#138=B_SPLINE_CURVE_WITH_KNOTS('',3,(#8317,#8318,#8319,#8320,#8321),
 .UNSPECIFIED.,.F.,.F.,(4,1,4),(0.,0.0389519838680362,0.0781148796328941),
 .UNSPECIFIED.);
#139=B_SPLINE_CURVE_WITH_KNOTS('',3,(#8323,#8324,#8325,#8326,#8327),
 .UNSPECIFIED.,.F.,.F.,(4,1,4),(0.,0.0406249052478496,0.0824497238016878),
 .UNSPECIFIED.);
#140=B_SPLINE_CURVE_WITH_KNOTS('',3,(#8329,#8330,#8331,#8332,#8333),
 .UNSPECIFIED.,.F.,.F.,(4,1,4),(0.,0.0445247828617866,0.0862477295598376),
 .UNSPECIFIED.);
#141=B_SPLINE_CURVE_WITH_KNOTS('',3,(#8335,#8336,#8337,#8338,#8339),
 .UNSPECIFIED.,.F.,.F.,(4,1,4),(0.,0.0402626481918771,0.0811317840456879),
 .UNSPECIFIED.);
#142=B_SPLINE_CURVE_WITH_KNOTS('',3,(#8341,#8342,#8343,#8344,#8345),
 .UNSPECIFIED.,.F.,.F.,(4,1,4),(0.,0.0342674013116926,0.0738878837606662),
 .UNSPECIFIED.);
#143=B_SPLINE_CURVE_WITH_KNOTS('',3,(#8347,#8348,#8349,#8350,#8351),
 .UNSPECIFIED.,.F.,.F.,(4,1,4),(0.,0.0500739855169439,0.0914737383484563),
 .UNSPECIFIED.);
#144=B_SPLINE_CURVE_WITH_KNOTS('',3,(#8353,#8354,#8355,#8356,#8357),
 .UNSPECIFIED.,.F.,.F.,(4,1,4),(0.,0.0380089646416814,0.0776434987892787),
 .UNSPECIFIED.);
#145=B_SPLINE_CURVE_WITH_KNOTS('',3,(#8361,#8362,#8363,#8364,#8365),
 .UNSPECIFIED.,.F.,.F.,(4,1,4),(0.,0.0217676017713365,0.0428585971308411),
 .UNSPECIFIED.);
#146=B_SPLINE_CURVE_WITH_KNOTS('',3,(#8367,#8368,#8369,#8370,#8371),
 .UNSPECIFIED.,.F.,.F.,(4,1,4),(0.,0.0218500022941104,0.0460593737633568),
 .UNSPECIFIED.);
#147=B_SPLINE_CURVE_WITH_KNOTS('',3,(#8373,#8374,#8375,#8376,#8377),
 .UNSPECIFIED.,.F.,.F.,(4,1,4),(0.,0.0362092296323146,0.0696271531364673),
 .UNSPECIFIED.);
#148=B_SPLINE_CURVE_WITH_KNOTS('',3,(#8379,#8380,#8381,#8382,#8383),
 .UNSPECIFIED.,.F.,.F.,(4,1,4),(0.,0.0358221579155003,0.0796464702588577),
 .UNSPECIFIED.);
#149=B_SPLINE_CURVE_WITH_KNOTS('',3,(#8385,#8386,#8387,#8388,#8389),
 .UNSPECIFIED.,.F.,.F.,(4,1,4),(0.,0.0471349577217421,0.0850352439653353),
 .UNSPECIFIED.);
#150=B_SPLINE_CURVE_WITH_KNOTS('',3,(#8391,#8392,#8393,#8394,#8395),
 .UNSPECIFIED.,.F.,.F.,(4,1,4),(0.,0.033912161990295,0.0693307384496125),
 .UNSPECIFIED.);
#151=B_SPLINE_CURVE_WITH_KNOTS('',3,(#8397,#8398,#8399,#8400,#8401),
 .UNSPECIFIED.,.F.,.F.,(4,1,4),(0.,0.019120285452141,0.0389374860768141),
 .UNSPECIFIED.);
#152=B_SPLINE_CURVE_WITH_KNOTS('',3,(#8402,#8403,#8404,#8405,#8406),
 .UNSPECIFIED.,.F.,.F.,(4,1,4),(0.,0.0197060833713264,0.0377411394251035),
 .UNSPECIFIED.);
#153=B_SPLINE_CURVE_WITH_KNOTS('',3,(#8421,#8422,#8423,#8424,#8425),
 .UNSPECIFIED.,.F.,.F.,(4,1,4),(0.,0.0303793017105462,0.0600933271907146),
 .UNSPECIFIED.);
#154=B_SPLINE_CURVE_WITH_KNOTS('',3,(#8427,#8428,#8429,#8430,#8431),
 .UNSPECIFIED.,.F.,.F.,(4,1,4),(0.,0.0330152827043279,0.0733578428799628),
 .UNSPECIFIED.);
#155=B_SPLINE_CURVE_WITH_KNOTS('',3,(#8435,#8436,#8437,#8438,#8439),
 .UNSPECIFIED.,.F.,.F.,(4,1,4),(0.,0.0619375808510957,0.115996623927542),
 .UNSPECIFIED.);
#156=B_SPLINE_CURVE_WITH_KNOTS('',3,(#8441,#8442,#8443,#8444,#8445),
 .UNSPECIFIED.,.F.,.F.,(4,1,4),(0.,0.0530189009878467,0.112280789288459),
 .UNSPECIFIED.);
#157=B_SPLINE_CURVE_WITH_KNOTS('',3,(#8447,#8448,#8449,#8450,#8451),
 .UNSPECIFIED.,.F.,.F.,(4,1,4),(0.,0.0738369418928981,0.145025261314343),
 .UNSPECIFIED.);
#158=B_SPLINE_CURVE_WITH_KNOTS('',3,(#8453,#8454,#8455,#8456,#8457),
 .UNSPECIFIED.,.F.,.F.,(4,1,4),(0.,0.0751274112915804,0.160543077379632),
 .UNSPECIFIED.);
#159=B_SPLINE_CURVE_WITH_KNOTS('',3,(#8459,#8460,#8461,#8462,#8463),
 .UNSPECIFIED.,.F.,.F.,(4,1,4),(0.,0.0896089553415874,0.166368026065211),
 .UNSPECIFIED.);
#160=B_SPLINE_CURVE_WITH_KNOTS('',3,(#8465,#8466,#8467,#8468,#8469),
 .UNSPECIFIED.,.F.,.F.,(4,1,4),(0.,0.0727196675163737,0.149893011364956),
 .UNSPECIFIED.);
#161=B_SPLINE_CURVE_WITH_KNOTS('',3,(#8471,#8472,#8473,#8474,#8475),
 .UNSPECIFIED.,.F.,.F.,(4,1,4),(0.,0.0673860391323528,0.129345610420327),
 .UNSPECIFIED.);
#162=B_SPLINE_CURVE_WITH_KNOTS('',3,(#8477,#8478,#8479,#8480,#8481),
 .UNSPECIFIED.,.F.,.F.,(4,1,4),(0.,0.0393194579725432,0.0850466833924757),
 .UNSPECIFIED.);
#163=B_SPLINE_CURVE_WITH_KNOTS('',3,(#8485,#8486,#8487,#8488,#8489),
 .UNSPECIFIED.,.F.,.F.,(4,1,4),(0.,0.0299193105392139,0.0582887312633441),
 .UNSPECIFIED.);
#164=B_SPLINE_CURVE_WITH_KNOTS('',3,(#8491,#8492,#8493,#8494,#8495),
 .UNSPECIFIED.,.F.,.F.,(4,1,4),(0.,0.0282651326304999,0.058344748799767),
 .UNSPECIFIED.);
#165=B_SPLINE_CURVE_WITH_KNOTS('',3,(#8497,#8498,#8499,#8500,#8501),
 .UNSPECIFIED.,.F.,.F.,(4,1,4),(0.,0.0410961751985643,0.0810552602873594),
 .UNSPECIFIED.);
#166=B_SPLINE_CURVE_WITH_KNOTS('',3,(#8503,#8504,#8505,#8506,#8507),
 .UNSPECIFIED.,.F.,.F.,(4,1,4),(0.,0.0466437071861836,0.108624001975921),
 .UNSPECIFIED.);
#167=B_SPLINE_CURVE_WITH_KNOTS('',3,(#8509,#8510,#8511,#8512,#8513),
 .UNSPECIFIED.,.F.,.F.,(4,1,4),(0.,0.0652958826301309,0.113016775939887),
 .UNSPECIFIED.);
#168=B_SPLINE_CURVE_WITH_KNOTS('',3,(#8514,#8515,#8516,#8517,#8518),
 .UNSPECIFIED.,.F.,.F.,(4,1,4),(0.,0.0395937624904683,0.0799676857458309),
 .UNSPECIFIED.);
#169=B_SPLINE_CURVE_WITH_KNOTS('',3,(#9193,#9194,#9195,#9196,#9197,#9198,
#9199,#9200,#9201,#9202,#9203),.UNSPECIFIED.,.F.,.F.,(4,2,3,2,4),(-0.0843049001956899,
-0.0630477969968126,0.,0.0662064405119012,0.0870870767748475),
 .UNSPECIFIED.);
#170=B_SPLINE_CURVE_WITH_KNOTS('',3,(#9209,#9210,#9211,#9212,#9213,#9214,
#9215,#9216,#9217,#9218,#9219),.UNSPECIFIED.,.F.,.F.,(4,2,3,2,4),(-0.0870870767748605,
-0.0662064405119116,0.,0.0630477969968155,0.0843049001956939),
 .UNSPECIFIED.);
#171=B_SPLINE_CURVE_WITH_KNOTS('',3,(#9409,#9410,#9411,#9412,#9413,#9414,
#9415,#9416,#9417,#9418,#9419),.UNSPECIFIED.,.F.,.F.,(4,2,3,2,4),(-0.0844510086569605,
-0.066102426762828,0.,0.0662064405119316,0.0870870767748746),
 .UNSPECIFIED.);
#172=B_SPLINE_CURVE_WITH_KNOTS('',3,(#9449,#9450,#9451,#9452,#9453,#9454,
#9455,#9456,#9457,#9458,#9459),.UNSPECIFIED.,.F.,.F.,(4,2,3,2,4),(-0.0870870767748365,
-0.066206440511895,0.,0.0630477969967846,0.0843049001956588),
 .UNSPECIFIED.);
#173=B_SPLINE_CURVE_WITH_KNOTS('',3,(#9525,#9526,#9527,#9528,#9529),
 .UNSPECIFIED.,.F.,.F.,(4,1,4),(0.,0.0530189009878467,0.112280789288459),
 .UNSPECIFIED.);
#174=B_SPLINE_CURVE_WITH_KNOTS('',3,(#9533,#9534,#9535,#9536,#9537),
 .UNSPECIFIED.,.F.,.F.,(4,1,4),(-0.112280789288459,-0.0530189009878467,
0.),.UNSPECIFIED.);
#175=B_SPLINE_CURVE_WITH_KNOTS('',3,(#9550,#9551,#9552,#9553,#9554),
 .UNSPECIFIED.,.F.,.F.,(4,1,4),(0.,0.0738369418928981,0.145025261314343),
 .UNSPECIFIED.);
#176=B_SPLINE_CURVE_WITH_KNOTS('',3,(#9556,#9557,#9558,#9559,#9560),
 .UNSPECIFIED.,.F.,.F.,(4,1,4),(-0.145025261314343,-0.0738369418928981,
0.),.UNSPECIFIED.);
#177=B_SPLINE_CURVE_WITH_KNOTS('',3,(#9573,#9574,#9575,#9576,#9577),
 .UNSPECIFIED.,.F.,.F.,(4,1,4),(0.,0.0751274112915804,0.160543077379632),
 .UNSPECIFIED.);
#178=B_SPLINE_CURVE_WITH_KNOTS('',3,(#9579,#9580,#9581,#9582,#9583),
 .UNSPECIFIED.,.F.,.F.,(4,1,4),(-0.160543077379632,-0.0751274112915804,
0.),.UNSPECIFIED.);
#179=B_SPLINE_CURVE_WITH_KNOTS('',3,(#9596,#9597,#9598,#9599,#9600),
 .UNSPECIFIED.,.F.,.F.,(4,1,4),(0.,0.0896089553415874,0.166368026065211),
 .UNSPECIFIED.);
#180=B_SPLINE_CURVE_WITH_KNOTS('',3,(#9602,#9603,#9604,#9605,#9606),
 .UNSPECIFIED.,.F.,.F.,(4,1,4),(-0.166368026065211,-0.0896089553415874,
0.),.UNSPECIFIED.);
#181=B_SPLINE_CURVE_WITH_KNOTS('',3,(#9619,#9620,#9621,#9622,#9623),
 .UNSPECIFIED.,.F.,.F.,(4,1,4),(0.,0.0727196675163737,0.149893011364956),
 .UNSPECIFIED.);
#182=B_SPLINE_CURVE_WITH_KNOTS('',3,(#9625,#9626,#9627,#9628,#9629),
 .UNSPECIFIED.,.F.,.F.,(4,1,4),(-0.149893011364956,-0.0727196675163737,
0.),.UNSPECIFIED.);
#183=B_SPLINE_CURVE_WITH_KNOTS('',3,(#9642,#9643,#9644,#9645,#9646),
 .UNSPECIFIED.,.F.,.F.,(4,1,4),(0.,0.0673860391323528,0.129345610420327),
 .UNSPECIFIED.);
#184=B_SPLINE_CURVE_WITH_KNOTS('',3,(#9648,#9649,#9650,#9651,#9652),
 .UNSPECIFIED.,.F.,.F.,(4,1,4),(-0.129345610420327,-0.0673860391323528,
0.),.UNSPECIFIED.);
#185=B_SPLINE_CURVE_WITH_KNOTS('',3,(#9665,#9666,#9667,#9668,#9669),
 .UNSPECIFIED.,.F.,.F.,(4,1,4),(0.,0.0393194579725432,0.0850466833924757),
 .UNSPECIFIED.);
#186=B_SPLINE_CURVE_WITH_KNOTS('',3,(#9671,#9672,#9673,#9674,#9675),
 .UNSPECIFIED.,.F.,.F.,(4,1,4),(-0.0850466833924757,-0.0393194579725432,
0.),.UNSPECIFIED.);
#187=B_SPLINE_CURVE_WITH_KNOTS('',3,(#9694,#9695,#9696,#9697,#9698),
 .UNSPECIFIED.,.F.,.F.,(4,1,4),(0.,0.0299193105392139,0.0582887312633441),
 .UNSPECIFIED.);
#188=B_SPLINE_CURVE_WITH_KNOTS('',3,(#9700,#9701,#9702,#9703,#9704),
 .UNSPECIFIED.,.F.,.F.,(4,1,4),(-0.0582887312633441,-0.0299193105392139,
0.),.UNSPECIFIED.);
#189=B_SPLINE_CURVE_WITH_KNOTS('',3,(#9717,#9718,#9719,#9720,#9721),
 .UNSPECIFIED.,.F.,.F.,(4,1,4),(0.,0.0282651326304999,0.058344748799767),
 .UNSPECIFIED.);
#190=B_SPLINE_CURVE_WITH_KNOTS('',3,(#9723,#9724,#9725,#9726,#9727),
 .UNSPECIFIED.,.F.,.F.,(4,1,4),(-0.058344748799767,-0.0282651326304999,
0.),.UNSPECIFIED.);
#191=B_SPLINE_CURVE_WITH_KNOTS('',3,(#9740,#9741,#9742,#9743,#9744),
 .UNSPECIFIED.,.F.,.F.,(4,1,4),(0.,0.0410961751985643,0.0810552602873594),
 .UNSPECIFIED.);
#192=B_SPLINE_CURVE_WITH_KNOTS('',3,(#9746,#9747,#9748,#9749,#9750),
 .UNSPECIFIED.,.F.,.F.,(4,1,4),(-0.0810552602873594,-0.0410961751985643,
0.),.UNSPECIFIED.);
#193=B_SPLINE_CURVE_WITH_KNOTS('',3,(#9763,#9764,#9765,#9766,#9767),
 .UNSPECIFIED.,.F.,.F.,(4,1,4),(0.,0.0466437071861836,0.108624001975921),
 .UNSPECIFIED.);
#194=B_SPLINE_CURVE_WITH_KNOTS('',3,(#9769,#9770,#9771,#9772,#9773),
 .UNSPECIFIED.,.F.,.F.,(4,1,4),(-0.108624001975921,-0.0466437071861836,
0.),.UNSPECIFIED.);
#195=B_SPLINE_CURVE_WITH_KNOTS('',3,(#9786,#9787,#9788,#9789,#9790),
 .UNSPECIFIED.,.F.,.F.,(4,1,4),(0.,0.0652958826301309,0.113016775939887),
 .UNSPECIFIED.);
#196=B_SPLINE_CURVE_WITH_KNOTS('',3,(#9792,#9793,#9794,#9795,#9796),
 .UNSPECIFIED.,.F.,.F.,(4,1,4),(-0.113016775939887,-0.0652958826301309,
0.),.UNSPECIFIED.);
#197=B_SPLINE_CURVE_WITH_KNOTS('',3,(#9809,#9810,#9811,#9812,#9813),
 .UNSPECIFIED.,.F.,.F.,(4,1,4),(0.,0.0395937624904683,0.0799676857458309),
 .UNSPECIFIED.);
#198=B_SPLINE_CURVE_WITH_KNOTS('',3,(#9815,#9816,#9817,#9818,#9819),
 .UNSPECIFIED.,.F.,.F.,(4,1,4),(-0.0799676857458309,-0.0395937624904683,
0.),.UNSPECIFIED.);
#199=B_SPLINE_CURVE_WITH_KNOTS('',3,(#9832,#9833,#9834,#9835,#9836),
 .UNSPECIFIED.,.F.,.F.,(4,1,4),(0.,0.0303793017105462,0.0600933271907146),
 .UNSPECIFIED.);
#200=B_SPLINE_CURVE_WITH_KNOTS('',3,(#9838,#9839,#9840,#9841,#9842),
 .UNSPECIFIED.,.F.,.F.,(4,1,4),(-0.0600933271907146,-0.0303793017105462,
0.),.UNSPECIFIED.);
#201=B_SPLINE_CURVE_WITH_KNOTS('',3,(#9855,#9856,#9857,#9858,#9859),
 .UNSPECIFIED.,.F.,.F.,(4,1,4),(0.,0.0330152827043279,0.0733578428799628),
 .UNSPECIFIED.);
#202=B_SPLINE_CURVE_WITH_KNOTS('',3,(#9861,#9862,#9863,#9864,#9865),
 .UNSPECIFIED.,.F.,.F.,(4,1,4),(-0.0733578428799628,-0.0330152827043279,
0.),.UNSPECIFIED.);
#203=B_SPLINE_CURVE_WITH_KNOTS('',3,(#9883,#9884,#9885,#9886,#9887),
 .UNSPECIFIED.,.F.,.F.,(4,1,4),(0.,0.0619375808510957,0.115996623927542),
 .UNSPECIFIED.);
#204=B_SPLINE_CURVE_WITH_KNOTS('',3,(#9888,#9889,#9890,#9891,#9892),
 .UNSPECIFIED.,.F.,.F.,(4,1,4),(-0.115996623927542,-0.0619375808510957,
0.),.UNSPECIFIED.);
#205=B_SPLINE_CURVE_WITH_KNOTS('',3,(#10139,#10140,#10141,#10142,#10143),
 .UNSPECIFIED.,.F.,.F.,(4,1,4),(0.,0.0290691465527167,0.0644243012313222),
 .UNSPECIFIED.);
#206=B_SPLINE_CURVE_WITH_KNOTS('',3,(#10145,#10146,#10147,#10148,#10149),
 .UNSPECIFIED.,.F.,.F.,(4,1,4),(-0.0644243012313222,-0.0290691465527167,
0.),.UNSPECIFIED.);
#207=B_SPLINE_CURVE_WITH_KNOTS('',3,(#10162,#10163,#10164,#10165,#10166),
 .UNSPECIFIED.,.F.,.F.,(4,1,4),(0.,0.0377437911245699,0.0746916847464287),
 .UNSPECIFIED.);
#208=B_SPLINE_CURVE_WITH_KNOTS('',3,(#10168,#10169,#10170,#10171,#10172),
 .UNSPECIFIED.,.F.,.F.,(4,1,4),(-0.0746916847464287,-0.0377437911245699,
0.),.UNSPECIFIED.);
#209=B_SPLINE_CURVE_WITH_KNOTS('',3,(#10185,#10186,#10187,#10188,#10189),
 .UNSPECIFIED.,.F.,.F.,(4,1,4),(0.,0.0443213859378133,0.0850886710084141),
 .UNSPECIFIED.);
#210=B_SPLINE_CURVE_WITH_KNOTS('',3,(#10191,#10192,#10193,#10194,#10195),
 .UNSPECIFIED.,.F.,.F.,(4,1,4),(-0.0850886710084141,-0.0443213859378133,
0.),.UNSPECIFIED.);
#211=B_SPLINE_CURVE_WITH_KNOTS('',3,(#10208,#10209,#10210,#10211,#10212),
 .UNSPECIFIED.,.F.,.F.,(4,1,4),(0.,0.0389519838680362,0.0781148796328941),
 .UNSPECIFIED.);
#212=B_SPLINE_CURVE_WITH_KNOTS('',3,(#10214,#10215,#10216,#10217,#10218),
 .UNSPECIFIED.,.F.,.F.,(4,1,4),(-0.0781148796328941,-0.0389519838680362,
0.),.UNSPECIFIED.);
#213=B_SPLINE_CURVE_WITH_KNOTS('',3,(#10231,#10232,#10233,#10234,#10235),
 .UNSPECIFIED.,.F.,.F.,(4,1,4),(0.,0.0406249052478496,0.0824497238016878),
 .UNSPECIFIED.);
#214=B_SPLINE_CURVE_WITH_KNOTS('',3,(#10237,#10238,#10239,#10240,#10241),
 .UNSPECIFIED.,.F.,.F.,(4,1,4),(-0.0824497238016878,-0.0406249052478496,
0.),.UNSPECIFIED.);
#215=B_SPLINE_CURVE_WITH_KNOTS('',3,(#10254,#10255,#10256,#10257,#10258),
 .UNSPECIFIED.,.F.,.F.,(4,1,4),(0.,0.0445247828617866,0.0862477295598376),
 .UNSPECIFIED.);
#216=B_SPLINE_CURVE_WITH_KNOTS('',3,(#10260,#10261,#10262,#10263,#10264),
 .UNSPECIFIED.,.F.,.F.,(4,1,4),(-0.0862477295598376,-0.0445247828617866,
0.),.UNSPECIFIED.);
#217=B_SPLINE_CURVE_WITH_KNOTS('',3,(#10277,#10278,#10279,#10280,#10281),
 .UNSPECIFIED.,.F.,.F.,(4,1,4),(0.,0.0402626481918771,0.0811317840456879),
 .UNSPECIFIED.);
#218=B_SPLINE_CURVE_WITH_KNOTS('',3,(#10283,#10284,#10285,#10286,#10287),
 .UNSPECIFIED.,.F.,.F.,(4,1,4),(-0.0811317840456879,-0.0402626481918771,
0.),.UNSPECIFIED.);
#219=B_SPLINE_CURVE_WITH_KNOTS('',3,(#10300,#10301,#10302,#10303,#10304),
 .UNSPECIFIED.,.F.,.F.,(4,1,4),(0.,0.0342674013116926,0.0738878837606662),
 .UNSPECIFIED.);
#220=B_SPLINE_CURVE_WITH_KNOTS('',3,(#10306,#10307,#10308,#10309,#10310),
 .UNSPECIFIED.,.F.,.F.,(4,1,4),(-0.0738878837606662,-0.0342674013116926,
0.),.UNSPECIFIED.);
#221=B_SPLINE_CURVE_WITH_KNOTS('',3,(#10323,#10324,#10325,#10326,#10327),
 .UNSPECIFIED.,.F.,.F.,(4,1,4),(0.,0.0500739855169439,0.0914737383484563),
 .UNSPECIFIED.);
#222=B_SPLINE_CURVE_WITH_KNOTS('',3,(#10329,#10330,#10331,#10332,#10333),
 .UNSPECIFIED.,.F.,.F.,(4,1,4),(-0.0914737383484563,-0.0500739855169439,
0.),.UNSPECIFIED.);
#223=B_SPLINE_CURVE_WITH_KNOTS('',3,(#10346,#10347,#10348,#10349,#10350),
 .UNSPECIFIED.,.F.,.F.,(4,1,4),(0.,0.0380089646416814,0.0776434987892787),
 .UNSPECIFIED.);
#224=B_SPLINE_CURVE_WITH_KNOTS('',3,(#10352,#10353,#10354,#10355,#10356),
 .UNSPECIFIED.,.F.,.F.,(4,1,4),(-0.0776434987892787,-0.0380089646416814,
0.),.UNSPECIFIED.);
#225=B_SPLINE_CURVE_WITH_KNOTS('',3,(#10375,#10376,#10377,#10378,#10379),
 .UNSPECIFIED.,.F.,.F.,(4,1,4),(0.,0.0217676017713365,0.0428585971308411),
 .UNSPECIFIED.);
#226=B_SPLINE_CURVE_WITH_KNOTS('',3,(#10381,#10382,#10383,#10384,#10385),
 .UNSPECIFIED.,.F.,.F.,(4,1,4),(-0.0428585971308411,-0.0217676017713365,
0.),.UNSPECIFIED.);
#227=B_SPLINE_CURVE_WITH_KNOTS('',3,(#10398,#10399,#10400,#10401,#10402),
 .UNSPECIFIED.,.F.,.F.,(4,1,4),(0.,0.0218500022941104,0.0460593737633568),
 .UNSPECIFIED.);
#228=B_SPLINE_CURVE_WITH_KNOTS('',3,(#10404,#10405,#10406,#10407,#10408),
 .UNSPECIFIED.,.F.,.F.,(4,1,4),(-0.0460593737633568,-0.0218500022941104,
0.),.UNSPECIFIED.);
#229=B_SPLINE_CURVE_WITH_KNOTS('',3,(#10421,#10422,#10423,#10424,#10425),
 .UNSPECIFIED.,.F.,.F.,(4,1,4),(0.,0.0362092296323146,0.0696271531364673),
 .UNSPECIFIED.);
#230=B_SPLINE_CURVE_WITH_KNOTS('',3,(#10427,#10428,#10429,#10430,#10431),
 .UNSPECIFIED.,.F.,.F.,(4,1,4),(-0.0696271531364673,-0.0362092296323146,
0.),.UNSPECIFIED.);
#231=B_SPLINE_CURVE_WITH_KNOTS('',3,(#10444,#10445,#10446,#10447,#10448),
 .UNSPECIFIED.,.F.,.F.,(4,1,4),(0.,0.0358221579155003,0.0796464702588577),
 .UNSPECIFIED.);
#232=B_SPLINE_CURVE_WITH_KNOTS('',3,(#10450,#10451,#10452,#10453,#10454),
 .UNSPECIFIED.,.F.,.F.,(4,1,4),(-0.0796464702588577,-0.0358221579155003,
0.),.UNSPECIFIED.);
#233=B_SPLINE_CURVE_WITH_KNOTS('',3,(#10467,#10468,#10469,#10470,#10471),
 .UNSPECIFIED.,.F.,.F.,(4,1,4),(0.,0.0471349577217421,0.0850352439653353),
 .UNSPECIFIED.);
#234=B_SPLINE_CURVE_WITH_KNOTS('',3,(#10473,#10474,#10475,#10476,#10477),
 .UNSPECIFIED.,.F.,.F.,(4,1,4),(-0.0850352439653353,-0.0471349577217421,
0.),.UNSPECIFIED.);
#235=B_SPLINE_CURVE_WITH_KNOTS('',3,(#10490,#10491,#10492,#10493,#10494),
 .UNSPECIFIED.,.F.,.F.,(4,1,4),(0.,0.033912161990295,0.0693307384496125),
 .UNSPECIFIED.);
#236=B_SPLINE_CURVE_WITH_KNOTS('',3,(#10496,#10497,#10498,#10499,#10500),
 .UNSPECIFIED.,.F.,.F.,(4,1,4),(-0.0693307384496125,-0.033912161990295,
0.),.UNSPECIFIED.);
#237=B_SPLINE_CURVE_WITH_KNOTS('',3,(#10513,#10514,#10515,#10516,#10517),
 .UNSPECIFIED.,.F.,.F.,(4,1,4),(0.,0.019120285452141,0.0389374860768141),
 .UNSPECIFIED.);
#238=B_SPLINE_CURVE_WITH_KNOTS('',3,(#10519,#10520,#10521,#10522,#10523),
 .UNSPECIFIED.,.F.,.F.,(4,1,4),(-0.0389374860768141,-0.019120285452141,
0.),.UNSPECIFIED.);
#239=B_SPLINE_CURVE_WITH_KNOTS('',3,(#10536,#10537,#10538,#10539,#10540),
 .UNSPECIFIED.,.F.,.F.,(4,1,4),(0.,0.0197060833713264,0.0377411394251035),
 .UNSPECIFIED.);
#240=B_SPLINE_CURVE_WITH_KNOTS('',3,(#10542,#10543,#10544,#10545,#10546),
 .UNSPECIFIED.,.F.,.F.,(4,1,4),(-0.0377411394251035,-0.0197060833713264,
0.),.UNSPECIFIED.);
#241=SHAPE_REPRESENTATION_RELATIONSHIP('SRR','None',#10650,#243);
#242=SHAPE_REPRESENTATION_RELATIONSHIP('SRR','None',#10649,#244);
#243=ADVANCED_BREP_SHAPE_REPRESENTATION('',(#254),#10638);
#244=ADVANCED_BREP_SHAPE_REPRESENTATION('',(#255,#256,#257,#258,#259,#260,
#261,#262),#10637);
#245=STYLED_ITEM('',(#10664),#254);
#246=STYLED_ITEM('',(#10664),#255);
#247=STYLED_ITEM('',(#10663),#256);
#248=STYLED_ITEM('',(#10663),#257);
#249=STYLED_ITEM('',(#10663),#258);
#250=STYLED_ITEM('',(#10663),#259);
#251=STYLED_ITEM('',(#10663),#260);
#252=STYLED_ITEM('',(#10663),#261);
#253=STYLED_ITEM('',(#10663),#262);
#254=MANIFOLD_SOLID_BREP('Body1',#6009);
#255=MANIFOLD_SOLID_BREP('Body1',#6010);
#256=MANIFOLD_SOLID_BREP('Body2',#6011);
#257=MANIFOLD_SOLID_BREP('Body3',#6012);
#258=MANIFOLD_SOLID_BREP('Body4',#6013);
#259=MANIFOLD_SOLID_BREP('Body5',#6014);
#260=MANIFOLD_SOLID_BREP('Body6',#6015);
#261=MANIFOLD_SOLID_BREP('Body7',#6016);
#262=MANIFOLD_SOLID_BREP('Body8',#6017);
#263=FACE_BOUND('',#822,.T.);
#264=FACE_BOUND('',#837,.T.);
#265=FACE_BOUND('',#862,.T.);
#266=FACE_BOUND('',#874,.T.);
#267=FACE_BOUND('',#875,.T.);
#268=FACE_BOUND('',#876,.T.);
#269=FACE_BOUND('',#877,.T.);
#270=FACE_BOUND('',#878,.T.);
#271=FACE_BOUND('',#879,.T.);
#272=FACE_BOUND('',#880,.T.);
#273=FACE_BOUND('',#881,.T.);
#274=FACE_BOUND('',#1018,.T.);
#275=FACE_BOUND('',#1087,.T.);
#276=FACE_BOUND('',#1089,.T.);
#277=PLANE('',#6035);
#278=PLANE('',#6036);
#279=PLANE('',#6050);
#280=PLANE('',#6051);
#281=PLANE('',#6054);
#282=PLANE('',#6057);
#283=PLANE('',#6058);
#284=PLANE('',#6061);
#285=PLANE('',#6064);
#286=PLANE('',#6065);
#287=PLANE('',#6066);
#288=PLANE('',#6074);
#289=PLANE('',#6076);
#290=PLANE('',#6077);
#291=PLANE('',#6083);
#292=PLANE('',#6084);
#293=PLANE('',#6088);
#294=PLANE('',#6089);
#295=PLANE('',#6093);
#296=PLANE('',#6094);
#297=PLANE('',#6098);
#298=PLANE('',#6099);
#299=PLANE('',#6102);
#300=PLANE('',#6103);
#301=PLANE('',#6104);
#302=PLANE('',#6105);
#303=PLANE('',#6106);
#304=PLANE('',#6107);
#305=PLANE('',#6108);
#306=PLANE('',#6109);
#307=PLANE('',#6110);
#308=PLANE('',#6111);
#309=PLANE('',#6112);
#310=PLANE('',#6113);
#311=PLANE('',#6114);
#312=PLANE('',#6115);
#313=PLANE('',#6122);
#314=PLANE('',#6123);
#315=PLANE('',#6124);
#316=PLANE('',#6125);
#317=PLANE('',#6126);
#318=PLANE('',#6127);
#319=PLANE('',#6128);
#320=PLANE('',#6129);
#321=PLANE('',#6130);
#322=PLANE('',#6131);
#323=PLANE('',#6132);
#324=PLANE('',#6133);
#325=PLANE('',#6134);
#326=PLANE('',#6135);
#327=PLANE('',#6136);
#328=PLANE('',#6137);
#329=PLANE('',#6138);
#330=PLANE('',#6139);
#331=PLANE('',#6140);
#332=PLANE('',#6141);
#333=PLANE('',#6142);
#334=PLANE('',#6143);
#335=PLANE('',#6144);
#336=PLANE('',#6145);
#337=PLANE('',#6146);
#338=PLANE('',#6147);
#339=PLANE('',#6148);
#340=PLANE('',#6149);
#341=PLANE('',#6150);
#342=PLANE('',#6151);
#343=PLANE('',#6152);
#344=PLANE('',#6153);
#345=PLANE('',#6154);
#346=PLANE('',#6155);
#347=PLANE('',#6156);
#348=PLANE('',#6157);
#349=PLANE('',#6158);
#350=PLANE('',#6159);
#351=PLANE('',#6160);
#352=PLANE('',#6161);
#353=PLANE('',#6162);
#354=PLANE('',#6163);
#355=PLANE('',#6164);
#356=PLANE('',#6165);
#357=PLANE('',#6166);
#358=PLANE('',#6167);
#359=PLANE('',#6168);
#360=PLANE('',#6169);
#361=PLANE('',#6170);
#362=PLANE('',#6171);
#363=PLANE('',#6172);
#364=PLANE('',#6173);
#365=PLANE('',#6174);
#366=PLANE('',#6175);
#367=PLANE('',#6176);
#368=PLANE('',#6177);
#369=PLANE('',#6178);
#370=PLANE('',#6179);
#371=PLANE('',#6180);
#372=PLANE('',#6181);
#373=PLANE('',#6182);
#374=PLANE('',#6183);
#375=PLANE('',#6184);
#376=PLANE('',#6188);
#377=PLANE('',#6189);
#378=PLANE('',#6191);
#379=PLANE('',#6194);
#380=PLANE('',#6195);
#381=PLANE('',#6198);
#382=PLANE('',#6199);
#383=PLANE('',#6208);
#384=PLANE('',#6210);
#385=PLANE('',#6216);
#386=PLANE('',#6217);
#387=PLANE('',#6218);
#388=PLANE('',#6219);
#389=PLANE('',#6220);
#390=PLANE('',#6223);
#391=PLANE('',#6228);
#392=PLANE('',#6230);
#393=PLANE('',#6231);
#394=PLANE('',#6233);
#395=PLANE('',#6235);
#396=PLANE('',#6237);
#397=PLANE('',#6241);
#398=PLANE('',#6242);
#399=PLANE('',#6244);
#400=PLANE('',#6245);
#401=PLANE('',#6249);
#402=PLANE('',#6250);
#403=PLANE('',#6251);
#404=PLANE('',#6253);
#405=PLANE('',#6256);
#406=PLANE('',#6260);
#407=PLANE('',#6263);
#408=PLANE('',#6266);
#409=PLANE('',#6267);
#410=PLANE('',#6269);
#411=PLANE('',#6272);
#412=PLANE('',#6275);
#413=PLANE('',#6276);
#414=PLANE('',#6277);
#415=PLANE('',#6278);
#416=PLANE('',#6281);
#417=PLANE('',#6284);
#418=PLANE('',#6285);
#419=PLANE('',#6288);
#420=PLANE('',#6290);
#421=PLANE('',#6292);
#422=PLANE('',#6293);
#423=PLANE('',#6296);
#424=PLANE('',#6297);
#425=PLANE('',#6298);
#426=PLANE('',#6299);
#427=PLANE('',#6300);
#428=PLANE('',#6301);
#429=PLANE('',#6302);
#430=PLANE('',#6303);
#431=PLANE('',#6304);
#432=PLANE('',#6305);
#433=PLANE('',#6306);
#434=PLANE('',#6307);
#435=PLANE('',#6308);
#436=PLANE('',#6309);
#437=PLANE('',#6310);
#438=PLANE('',#6311);
#439=PLANE('',#6312);
#440=PLANE('',#6313);
#441=PLANE('',#6314);
#442=PLANE('',#6315);
#443=PLANE('',#6316);
#444=PLANE('',#6317);
#445=PLANE('',#6318);
#446=PLANE('',#6319);
#447=PLANE('',#6320);
#448=PLANE('',#6321);
#449=PLANE('',#6322);
#450=PLANE('',#6323);
#451=PLANE('',#6324);
#452=PLANE('',#6325);
#453=PLANE('',#6326);
#454=PLANE('',#6327);
#455=PLANE('',#6328);
#456=PLANE('',#6329);
#457=PLANE('',#6330);
#458=PLANE('',#6331);
#459=PLANE('',#6332);
#460=PLANE('',#6333);
#461=PLANE('',#6334);
#462=PLANE('',#6335);
#463=PLANE('',#6336);
#464=PLANE('',#6337);
#465=PLANE('',#6338);
#466=PLANE('',#6339);
#467=PLANE('',#6340);
#468=PLANE('',#6341);
#469=PLANE('',#6342);
#470=PLANE('',#6343);
#471=PLANE('',#6344);
#472=PLANE('',#6345);
#473=PLANE('',#6346);
#474=PLANE('',#6347);
#475=PLANE('',#6348);
#476=PLANE('',#6349);
#477=PLANE('',#6350);
#478=PLANE('',#6351);
#479=PLANE('',#6352);
#480=PLANE('',#6353);
#481=PLANE('',#6354);
#482=PLANE('',#6355);
#483=PLANE('',#6356);
#484=PLANE('',#6357);
#485=PLANE('',#6358);
#486=PLANE('',#6359);
#487=PLANE('',#6360);
#488=PLANE('',#6361);
#489=PLANE('',#6362);
#490=PLANE('',#6363);
#491=PLANE('',#6364);
#492=PLANE('',#6365);
#493=FACE_OUTER_BOUND('',#819,.T.);
#494=FACE_OUTER_BOUND('',#820,.T.);
#495=FACE_OUTER_BOUND('',#821,.T.);
#496=FACE_OUTER_BOUND('',#823,.T.);
#497=FACE_OUTER_BOUND('',#824,.T.);
#498=FACE_OUTER_BOUND('',#825,.T.);
#499=FACE_OUTER_BOUND('',#826,.T.);
#500=FACE_OUTER_BOUND('',#827,.T.);
#501=FACE_OUTER_BOUND('',#828,.T.);
#502=FACE_OUTER_BOUND('',#829,.T.);
#503=FACE_OUTER_BOUND('',#830,.T.);
#504=FACE_OUTER_BOUND('',#831,.T.);
#505=FACE_OUTER_BOUND('',#832,.T.);
#506=FACE_OUTER_BOUND('',#833,.T.);
#507=FACE_OUTER_BOUND('',#834,.T.);
#508=FACE_OUTER_BOUND('',#835,.T.);
#509=FACE_OUTER_BOUND('',#836,.T.);
#510=FACE_OUTER_BOUND('',#838,.T.);
#511=FACE_OUTER_BOUND('',#839,.T.);
#512=FACE_OUTER_BOUND('',#840,.T.);
#513=FACE_OUTER_BOUND('',#841,.T.);
#514=FACE_OUTER_BOUND('',#842,.T.);
#515=FACE_OUTER_BOUND('',#843,.T.);
#516=FACE_OUTER_BOUND('',#844,.T.);
#517=FACE_OUTER_BOUND('',#845,.T.);
#518=FACE_OUTER_BOUND('',#846,.T.);
#519=FACE_OUTER_BOUND('',#847,.T.);
#520=FACE_OUTER_BOUND('',#848,.T.);
#521=FACE_OUTER_BOUND('',#849,.T.);
#522=FACE_OUTER_BOUND('',#850,.T.);
#523=FACE_OUTER_BOUND('',#851,.T.);
#524=FACE_OUTER_BOUND('',#852,.T.);
#525=FACE_OUTER_BOUND('',#853,.T.);
#526=FACE_OUTER_BOUND('',#854,.T.);
#527=FACE_OUTER_BOUND('',#855,.T.);
#528=FACE_OUTER_BOUND('',#856,.T.);
#529=FACE_OUTER_BOUND('',#857,.T.);
#530=FACE_OUTER_BOUND('',#858,.T.);
#531=FACE_OUTER_BOUND('',#859,.T.);
#532=FACE_OUTER_BOUND('',#860,.T.);
#533=FACE_OUTER_BOUND('',#861,.T.);
#534=FACE_OUTER_BOUND('',#863,.T.);
#535=FACE_OUTER_BOUND('',#864,.T.);
#536=FACE_OUTER_BOUND('',#865,.T.);
#537=FACE_OUTER_BOUND('',#866,.T.);
#538=FACE_OUTER_BOUND('',#867,.T.);
#539=FACE_OUTER_BOUND('',#868,.T.);
#540=FACE_OUTER_BOUND('',#869,.T.);
#541=FACE_OUTER_BOUND('',#870,.T.);
#542=FACE_OUTER_BOUND('',#871,.T.);
#543=FACE_OUTER_BOUND('',#872,.T.);
#544=FACE_OUTER_BOUND('',#873,.T.);
#545=FACE_OUTER_BOUND('',#882,.T.);
#546=FACE_OUTER_BOUND('',#883,.T.);
#547=FACE_OUTER_BOUND('',#884,.T.);
#548=FACE_OUTER_BOUND('',#885,.T.);
#549=FACE_OUTER_BOUND('',#886,.T.);
#550=FACE_OUTER_BOUND('',#887,.T.);
#551=FACE_OUTER_BOUND('',#888,.T.);
#552=FACE_OUTER_BOUND('',#889,.T.);
#553=FACE_OUTER_BOUND('',#890,.T.);
#554=FACE_OUTER_BOUND('',#891,.T.);
#555=FACE_OUTER_BOUND('',#892,.T.);
#556=FACE_OUTER_BOUND('',#893,.T.);
#557=FACE_OUTER_BOUND('',#894,.T.);
#558=FACE_OUTER_BOUND('',#895,.T.);
#559=FACE_OUTER_BOUND('',#896,.T.);
#560=FACE_OUTER_BOUND('',#897,.T.);
#561=FACE_OUTER_BOUND('',#898,.T.);
#562=FACE_OUTER_BOUND('',#899,.T.);
#563=FACE_OUTER_BOUND('',#900,.T.);
#564=FACE_OUTER_BOUND('',#901,.T.);
#565=FACE_OUTER_BOUND('',#902,.T.);
#566=FACE_OUTER_BOUND('',#903,.T.);
#567=FACE_OUTER_BOUND('',#904,.T.);
#568=FACE_OUTER_BOUND('',#905,.T.);
#569=FACE_OUTER_BOUND('',#906,.T.);
#570=FACE_OUTER_BOUND('',#907,.T.);
#571=FACE_OUTER_BOUND('',#908,.T.);
#572=FACE_OUTER_BOUND('',#909,.T.);
#573=FACE_OUTER_BOUND('',#910,.T.);
#574=FACE_OUTER_BOUND('',#911,.T.);
#575=FACE_OUTER_BOUND('',#912,.T.);
#576=FACE_OUTER_BOUND('',#913,.T.);
#577=FACE_OUTER_BOUND('',#914,.T.);
#578=FACE_OUTER_BOUND('',#915,.T.);
#579=FACE_OUTER_BOUND('',#916,.T.);
#580=FACE_OUTER_BOUND('',#917,.T.);
#581=FACE_OUTER_BOUND('',#918,.T.);
#582=FACE_OUTER_BOUND('',#919,.T.);
#583=FACE_OUTER_BOUND('',#920,.T.);
#584=FACE_OUTER_BOUND('',#921,.T.);
#585=FACE_OUTER_BOUND('',#922,.T.);
#586=FACE_OUTER_BOUND('',#923,.T.);
#587=FACE_OUTER_BOUND('',#924,.T.);
#588=FACE_OUTER_BOUND('',#925,.T.);
#589=FACE_OUTER_BOUND('',#926,.T.);
#590=FACE_OUTER_BOUND('',#927,.T.);
#591=FACE_OUTER_BOUND('',#928,.T.);
#592=FACE_OUTER_BOUND('',#929,.T.);
#593=FACE_OUTER_BOUND('',#930,.T.);
#594=FACE_OUTER_BOUND('',#931,.T.);
#595=FACE_OUTER_BOUND('',#932,.T.);
#596=FACE_OUTER_BOUND('',#933,.T.);
#597=FACE_OUTER_BOUND('',#934,.T.);
#598=FACE_OUTER_BOUND('',#935,.T.);
#599=FACE_OUTER_BOUND('',#936,.T.);
#600=FACE_OUTER_BOUND('',#937,.T.);
#601=FACE_OUTER_BOUND('',#938,.T.);
#602=FACE_OUTER_BOUND('',#939,.T.);
#603=FACE_OUTER_BOUND('',#940,.T.);
#604=FACE_OUTER_BOUND('',#941,.T.);
#605=FACE_OUTER_BOUND('',#942,.T.);
#606=FACE_OUTER_BOUND('',#943,.T.);
#607=FACE_OUTER_BOUND('',#944,.T.);
#608=FACE_OUTER_BOUND('',#945,.T.);
#609=FACE_OUTER_BOUND('',#946,.T.);
#610=FACE_OUTER_BOUND('',#947,.T.);
#611=FACE_OUTER_BOUND('',#948,.T.);
#612=FACE_OUTER_BOUND('',#949,.T.);
#613=FACE_OUTER_BOUND('',#950,.T.);
#614=FACE_OUTER_BOUND('',#951,.T.);
#615=FACE_OUTER_BOUND('',#952,.T.);
#616=FACE_OUTER_BOUND('',#953,.T.);
#617=FACE_OUTER_BOUND('',#954,.T.);
#618=FACE_OUTER_BOUND('',#955,.T.);
#619=FACE_OUTER_BOUND('',#956,.T.);
#620=FACE_OUTER_BOUND('',#957,.T.);
#621=FACE_OUTER_BOUND('',#958,.T.);
#622=FACE_OUTER_BOUND('',#959,.T.);
#623=FACE_OUTER_BOUND('',#960,.T.);
#624=FACE_OUTER_BOUND('',#961,.T.);
#625=FACE_OUTER_BOUND('',#962,.T.);
#626=FACE_OUTER_BOUND('',#963,.T.);
#627=FACE_OUTER_BOUND('',#964,.T.);
#628=FACE_OUTER_BOUND('',#965,.T.);
#629=FACE_OUTER_BOUND('',#966,.T.);
#630=FACE_OUTER_BOUND('',#967,.T.);
#631=FACE_OUTER_BOUND('',#968,.T.);
#632=FACE_OUTER_BOUND('',#969,.T.);
#633=FACE_OUTER_BOUND('',#970,.T.);
#634=FACE_OUTER_BOUND('',#971,.T.);
#635=FACE_OUTER_BOUND('',#972,.T.);
#636=FACE_OUTER_BOUND('',#973,.T.);
#637=FACE_OUTER_BOUND('',#974,.T.);
#638=FACE_OUTER_BOUND('',#975,.T.);
#639=FACE_OUTER_BOUND('',#976,.T.);
#640=FACE_OUTER_BOUND('',#977,.T.);
#641=FACE_OUTER_BOUND('',#978,.T.);
#642=FACE_OUTER_BOUND('',#979,.T.);
#643=FACE_OUTER_BOUND('',#980,.T.);
#644=FACE_OUTER_BOUND('',#981,.T.);
#645=FACE_OUTER_BOUND('',#982,.T.);
#646=FACE_OUTER_BOUND('',#983,.T.);
#647=FACE_OUTER_BOUND('',#984,.T.);
#648=FACE_OUTER_BOUND('',#985,.T.);
#649=FACE_OUTER_BOUND('',#986,.T.);
#650=FACE_OUTER_BOUND('',#987,.T.);
#651=FACE_OUTER_BOUND('',#988,.T.);
#652=FACE_OUTER_BOUND('',#989,.T.);
#653=FACE_OUTER_BOUND('',#990,.T.);
#654=FACE_OUTER_BOUND('',#991,.T.);
#655=FACE_OUTER_BOUND('',#992,.T.);
#656=FACE_OUTER_BOUND('',#993,.T.);
#657=FACE_OUTER_BOUND('',#994,.T.);
#658=FACE_OUTER_BOUND('',#995,.T.);
#659=FACE_OUTER_BOUND('',#996,.T.);
#660=FACE_OUTER_BOUND('',#997,.T.);
#661=FACE_OUTER_BOUND('',#998,.T.);
#662=FACE_OUTER_BOUND('',#999,.T.);
#663=FACE_OUTER_BOUND('',#1000,.T.);
#664=FACE_OUTER_BOUND('',#1001,.T.);
#665=FACE_OUTER_BOUND('',#1002,.T.);
#666=FACE_OUTER_BOUND('',#1003,.T.);
#667=FACE_OUTER_BOUND('',#1004,.T.);
#668=FACE_OUTER_BOUND('',#1005,.T.);
#669=FACE_OUTER_BOUND('',#1006,.T.);
#670=FACE_OUTER_BOUND('',#1007,.T.);
#671=FACE_OUTER_BOUND('',#1008,.T.);
#672=FACE_OUTER_BOUND('',#1009,.T.);
#673=FACE_OUTER_BOUND('',#1010,.T.);
#674=FACE_OUTER_BOUND('',#1011,.T.);
#675=FACE_OUTER_BOUND('',#1012,.T.);
#676=FACE_OUTER_BOUND('',#1013,.T.);
#677=FACE_OUTER_BOUND('',#1014,.T.);
#678=FACE_OUTER_BOUND('',#1015,.T.);
#679=FACE_OUTER_BOUND('',#1016,.T.);
#680=FACE_OUTER_BOUND('',#1017,.T.);
#681=FACE_OUTER_BOUND('',#1019,.T.);
#682=FACE_OUTER_BOUND('',#1020,.T.);
#683=FACE_OUTER_BOUND('',#1021,.T.);
#684=FACE_OUTER_BOUND('',#1022,.T.);
#685=FACE_OUTER_BOUND('',#1023,.T.);
#686=FACE_OUTER_BOUND('',#1024,.T.);
#687=FACE_OUTER_BOUND('',#1025,.T.);
#688=FACE_OUTER_BOUND('',#1026,.T.);
#689=FACE_OUTER_BOUND('',#1027,.T.);
#690=FACE_OUTER_BOUND('',#1028,.T.);
#691=FACE_OUTER_BOUND('',#1029,.T.);
#692=FACE_OUTER_BOUND('',#1030,.T.);
#693=FACE_OUTER_BOUND('',#1031,.T.);
#694=FACE_OUTER_BOUND('',#1032,.T.);
#695=FACE_OUTER_BOUND('',#1033,.T.);
#696=FACE_OUTER_BOUND('',#1034,.T.);
#697=FACE_OUTER_BOUND('',#1035,.T.);
#698=FACE_OUTER_BOUND('',#1036,.T.);
#699=FACE_OUTER_BOUND('',#1037,.T.);
#700=FACE_OUTER_BOUND('',#1038,.T.);
#701=FACE_OUTER_BOUND('',#1039,.T.);
#702=FACE_OUTER_BOUND('',#1040,.T.);
#703=FACE_OUTER_BOUND('',#1041,.T.);
#704=FACE_OUTER_BOUND('',#1042,.T.);
#705=FACE_OUTER_BOUND('',#1043,.T.);
#706=FACE_OUTER_BOUND('',#1044,.T.);
#707=FACE_OUTER_BOUND('',#1045,.T.);
#708=FACE_OUTER_BOUND('',#1046,.T.);
#709=FACE_OUTER_BOUND('',#1047,.T.);
#710=FACE_OUTER_BOUND('',#1048,.T.);
#711=FACE_OUTER_BOUND('',#1049,.T.);
#712=FACE_OUTER_BOUND('',#1050,.T.);
#713=FACE_OUTER_BOUND('',#1051,.T.);
#714=FACE_OUTER_BOUND('',#1052,.T.);
#715=FACE_OUTER_BOUND('',#1053,.T.);
#716=FACE_OUTER_BOUND('',#1054,.T.);
#717=FACE_OUTER_BOUND('',#1055,.T.);
#718=FACE_OUTER_BOUND('',#1056,.T.);
#719=FACE_OUTER_BOUND('',#1057,.T.);
#720=FACE_OUTER_BOUND('',#1058,.T.);
#721=FACE_OUTER_BOUND('',#1059,.T.);
#722=FACE_OUTER_BOUND('',#1060,.T.);
#723=FACE_OUTER_BOUND('',#1061,.T.);
#724=FACE_OUTER_BOUND('',#1062,.T.);
#725=FACE_OUTER_BOUND('',#1063,.T.);
#726=FACE_OUTER_BOUND('',#1064,.T.);
#727=FACE_OUTER_BOUND('',#1065,.T.);
#728=FACE_OUTER_BOUND('',#1066,.T.);
#729=FACE_OUTER_BOUND('',#1067,.T.);
#730=FACE_OUTER_BOUND('',#1068,.T.);
#731=FACE_OUTER_BOUND('',#1069,.T.);
#732=FACE_OUTER_BOUND('',#1070,.T.);
#733=FACE_OUTER_BOUND('',#1071,.T.);
#734=FACE_OUTER_BOUND('',#1072,.T.);
#735=FACE_OUTER_BOUND('',#1073,.T.);
#736=FACE_OUTER_BOUND('',#1074,.T.);
#737=FACE_OUTER_BOUND('',#1075,.T.);
#738=FACE_OUTER_BOUND('',#1076,.T.);
#739=FACE_OUTER_BOUND('',#1077,.T.);
#740=FACE_OUTER_BOUND('',#1078,.T.);
#741=FACE_OUTER_BOUND('',#1079,.T.);
#742=FACE_OUTER_BOUND('',#1080,.T.);
#743=FACE_OUTER_BOUND('',#1081,.T.);
#744=FACE_OUTER_BOUND('',#1082,.T.);
#745=FACE_OUTER_BOUND('',#1083,.T.);
#746=FACE_OUTER_BOUND('',#1084,.T.);
#747=FACE_OUTER_BOUND('',#1085,.T.);
#748=FACE_OUTER_BOUND('',#1086,.T.);
#749=FACE_OUTER_BOUND('',#1088,.T.);
#750=FACE_OUTER_BOUND('',#1090,.T.);
#751=FACE_OUTER_BOUND('',#1091,.T.);
#752=FACE_OUTER_BOUND('',#1092,.T.);
#753=FACE_OUTER_BOUND('',#1093,.T.);
#754=FACE_OUTER_BOUND('',#1094,.T.);
#755=FACE_OUTER_BOUND('',#1095,.T.);
#756=FACE_OUTER_BOUND('',#1096,.T.);
#757=FACE_OUTER_BOUND('',#1097,.T.);
#758=FACE_OUTER_BOUND('',#1098,.T.);
#759=FACE_OUTER_BOUND('',#1099,.T.);
#760=FACE_OUTER_BOUND('',#1100,.T.);
#761=FACE_OUTER_BOUND('',#1101,.T.);
#762=FACE_OUTER_BOUND('',#1102,.T.);
#763=FACE_OUTER_BOUND('',#1103,.T.);
#764=FACE_OUTER_BOUND('',#1104,.T.);
#765=FACE_OUTER_BOUND('',#1105,.T.);
#766=FACE_OUTER_BOUND('',#1106,.T.);
#767=FACE_OUTER_BOUND('',#1107,.T.);
#768=FACE_OUTER_BOUND('',#1108,.T.);
#769=FACE_OUTER_BOUND('',#1109,.T.);
#770=FACE_OUTER_BOUND('',#1110,.T.);
#771=FACE_OUTER_BOUND('',#1111,.T.);
#772=FACE_OUTER_BOUND('',#1112,.T.);
#773=FACE_OUTER_BOUND('',#1113,.T.);
#774=FACE_OUTER_BOUND('',#1114,.T.);
#775=FACE_OUTER_BOUND('',#1115,.T.);
#776=FACE_OUTER_BOUND('',#1116,.T.);
#777=FACE_OUTER_BOUND('',#1117,.T.);
#778=FACE_OUTER_BOUND('',#1118,.T.);
#779=FACE_OUTER_BOUND('',#1119,.T.);
#780=FACE_OUTER_BOUND('',#1120,.T.);
#781=FACE_OUTER_BOUND('',#1121,.T.);
#782=FACE_OUTER_BOUND('',#1122,.T.);
#783=FACE_OUTER_BOUND('',#1123,.T.);
#784=FACE_OUTER_BOUND('',#1124,.T.);
#785=FACE_OUTER_BOUND('',#1125,.T.);
#786=FACE_OUTER_BOUND('',#1126,.T.);
#787=FACE_OUTER_BOUND('',#1127,.T.);
#788=FACE_OUTER_BOUND('',#1128,.T.);
#789=FACE_OUTER_BOUND('',#1129,.T.);
#790=FACE_OUTER_BOUND('',#1130,.T.);
#791=FACE_OUTER_BOUND('',#1131,.T.);
#792=FACE_OUTER_BOUND('',#1132,.T.);
#793=FACE_OUTER_BOUND('',#1133,.T.);
#794=FACE_OUTER_BOUND('',#1134,.T.);
#795=FACE_OUTER_BOUND('',#1135,.T.);
#796=FACE_OUTER_BOUND('',#1136,.T.);
#797=FACE_OUTER_BOUND('',#1137,.T.);
#798=FACE_OUTER_BOUND('',#1138,.T.);
#799=FACE_OUTER_BOUND('',#1139,.T.);
#800=FACE_OUTER_BOUND('',#1140,.T.);
#801=FACE_OUTER_BOUND('',#1141,.T.);
#802=FACE_OUTER_BOUND('',#1142,.T.);
#803=FACE_OUTER_BOUND('',#1143,.T.);
#804=FACE_OUTER_BOUND('',#1144,.T.);
#805=FACE_OUTER_BOUND('',#1145,.T.);
#806=FACE_OUTER_BOUND('',#1146,.T.);
#807=FACE_OUTER_BOUND('',#1147,.T.);
#808=FACE_OUTER_BOUND('',#1148,.T.);
#809=FACE_OUTER_BOUND('',#1149,.T.);
#810=FACE_OUTER_BOUND('',#1150,.T.);
#811=FACE_OUTER_BOUND('',#1151,.T.);
#812=FACE_OUTER_BOUND('',#1152,.T.);
#813=FACE_OUTER_BOUND('',#1153,.T.);
#814=FACE_OUTER_BOUND('',#1154,.T.);
#815=FACE_OUTER_BOUND('',#1155,.T.);
#816=FACE_OUTER_BOUND('',#1156,.T.);
#817=FACE_OUTER_BOUND('',#1157,.T.);
#818=FACE_OUTER_BOUND('',#1158,.T.);
#819=EDGE_LOOP('',(#3927,#3928,#3929,#3930));
#820=EDGE_LOOP('',(#3931,#3932,#3933,#3934));
#821=EDGE_LOOP('',(#3935,#3936,#3937,#3938,#3939,#3940,#3941,#3942,#3943,
#3944,#3945,#3946));
#822=EDGE_LOOP('',(#3947,#3948,#3949,#3950,#3951,#3952,#3953,#3954,#3955,
#3956,#3957,#3958));
#823=EDGE_LOOP('',(#3959,#3960,#3961,#3962));
#824=EDGE_LOOP('',(#3963,#3964,#3965,#3966));
#825=EDGE_LOOP('',(#3967,#3968,#3969,#3970));
#826=EDGE_LOOP('',(#3971,#3972,#3973,#3974));
#827=EDGE_LOOP('',(#3975,#3976,#3977,#3978));
#828=EDGE_LOOP('',(#3979,#3980,#3981,#3982));
#829=EDGE_LOOP('',(#3983,#3984,#3985,#3986));
#830=EDGE_LOOP('',(#3987,#3988,#3989,#3990));
#831=EDGE_LOOP('',(#3991,#3992,#3993,#3994));
#832=EDGE_LOOP('',(#3995,#3996,#3997,#3998));
#833=EDGE_LOOP('',(#3999,#4000,#4001,#4002));
#834=EDGE_LOOP('',(#4003,#4004,#4005,#4006,#4007,#4008,#4009,#4010));
#835=EDGE_LOOP('',(#4011,#4012,#4013,#4014,#4015,#4016,#4017,#4018));
#836=EDGE_LOOP('',(#4019,#4020,#4021,#4022,#4023,#4024,#4025,#4026,#4027,
#4028,#4029,#4030));
#837=EDGE_LOOP('',(#4031,#4032,#4033,#4034,#4035,#4036,#4037,#4038,#4039,
#4040,#4041,#4042,#4043,#4044,#4045,#4046,#4047,#4048,#4049,#4050,#4051,
#4052,#4053,#4054,#4055,#4056,#4057,#4058));
#838=EDGE_LOOP('',(#4059,#4060,#4061,#4062));
#839=EDGE_LOOP('',(#4063,#4064,#4065,#4066));
#840=EDGE_LOOP('',(#4067,#4068,#4069,#4070));
#841=EDGE_LOOP('',(#4071,#4072,#4073,#4074,#4075,#4076,#4077,#4078));
#842=EDGE_LOOP('',(#4079,#4080,#4081,#4082,#4083,#4084,#4085,#4086));
#843=EDGE_LOOP('',(#4087,#4088,#4089,#4090));
#844=EDGE_LOOP('',(#4091,#4092,#4093,#4094));
#845=EDGE_LOOP('',(#4095,#4096,#4097,#4098));
#846=EDGE_LOOP('',(#4099,#4100,#4101));
#847=EDGE_LOOP('',(#4102,#4103,#4104));
#848=EDGE_LOOP('',(#4105,#4106,#4107,#4108));
#849=EDGE_LOOP('',(#4109,#4110,#4111));
#850=EDGE_LOOP('',(#4112,#4113,#4114));
#851=EDGE_LOOP('',(#4115,#4116,#4117,#4118));
#852=EDGE_LOOP('',(#4119,#4120,#4121));
#853=EDGE_LOOP('',(#4122,#4123,#4124));
#854=EDGE_LOOP('',(#4125,#4126,#4127,#4128));
#855=EDGE_LOOP('',(#4129,#4130,#4131));
#856=EDGE_LOOP('',(#4132,#4133,#4134));
#857=EDGE_LOOP('',(#4135,#4136,#4137,#4138));
#858=EDGE_LOOP('',(#4139,#4140,#4141,#4142));
#859=EDGE_LOOP('',(#4143,#4144,#4145,#4146,#4147,#4148));
#860=EDGE_LOOP('',(#4149,#4150,#4151,#4152,#4153,#4154,#4155));
#861=EDGE_LOOP('',(#4156,#4157,#4158,#4159,#4160,#4161,#4162,#4163));
#862=EDGE_LOOP('',(#4164,#4165,#4166));
#863=EDGE_LOOP('',(#4167,#4168,#4169,#4170,#4171,#4172,#4173,#4174,#4175,
#4176,#4177,#4178,#4179,#4180,#4181,#4182,#4183,#4184));
#864=EDGE_LOOP('',(#4185,#4186,#4187,#4188,#4189,#4190,#4191,#4192,#4193,
#4194));
#865=EDGE_LOOP('',(#4195,#4196,#4197,#4198,#4199,#4200,#4201,#4202,#4203,
#4204,#4205,#4206,#4207,#4208,#4209,#4210,#4211,#4212,#4213,#4214,#4215,
#4216,#4217,#4218));
#866=EDGE_LOOP('',(#4219,#4220,#4221,#4222,#4223,#4224,#4225,#4226,#4227,
#4228,#4229,#4230));
#867=EDGE_LOOP('',(#4231,#4232,#4233,#4234));
#868=EDGE_LOOP('',(#4235,#4236,#4237,#4238));
#869=EDGE_LOOP('',(#4239,#4240,#4241,#4242));
#870=EDGE_LOOP('',(#4243,#4244,#4245,#4246));
#871=EDGE_LOOP('',(#4247,#4248,#4249,#4250,#4251,#4252,#4253,#4254));
#872=EDGE_LOOP('',(#4255,#4256,#4257,#4258));
#873=EDGE_LOOP('',(#4259,#4260,#4261,#4262,#4263,#4264,#4265,#4266,#4267,
#4268,#4269,#4270));
#874=EDGE_LOOP('',(#4271,#4272,#4273,#4274,#4275,#4276,#4277,#4278,#4279,
#4280,#4281,#4282,#4283,#4284,#4285,#4286,#4287,#4288,#4289,#4290,#4291,
#4292,#4293,#4294));
#875=EDGE_LOOP('',(#4295,#4296,#4297,#4298,#4299,#4300));
#876=EDGE_LOOP('',(#4301,#4302,#4303,#4304,#4305,#4306,#4307,#4308,#4309,
#4310,#4311,#4312,#4313,#4314,#4315,#4316,#4317,#4318));
#877=EDGE_LOOP('',(#4319,#4320,#4321,#4322,#4323,#4324,#4325,#4326));
#878=EDGE_LOOP('',(#4327,#4328,#4329,#4330,#4331,#4332,#4333,#4334,#4335,
#4336));
#879=EDGE_LOOP('',(#4337,#4338,#4339,#4340,#4341,#4342,#4343));
#880=EDGE_LOOP('',(#4344,#4345,#4346,#4347,#4348,#4349,#4350,#4351,#4352,
#4353,#4354,#4355));
#881=EDGE_LOOP('',(#4356,#4357,#4358,#4359));
#882=EDGE_LOOP('',(#4360,#4361,#4362,#4363));
#883=EDGE_LOOP('',(#4364,#4365,#4366,#4367));
#884=EDGE_LOOP('',(#4368,#4369,#4370,#4371));
#885=EDGE_LOOP('',(#4372,#4373,#4374,#4375));
#886=EDGE_LOOP('',(#4376,#4377,#4378,#4379));
#887=EDGE_LOOP('',(#4380,#4381,#4382,#4383));
#888=EDGE_LOOP('',(#4384,#4385,#4386,#4387));
#889=EDGE_LOOP('',(#4388,#4389,#4390,#4391));
#890=EDGE_LOOP('',(#4392,#4393,#4394,#4395));
#891=EDGE_LOOP('',(#4396,#4397,#4398,#4399));
#892=EDGE_LOOP('',(#4400,#4401,#4402,#4403));
#893=EDGE_LOOP('',(#4404,#4405,#4406,#4407));
#894=EDGE_LOOP('',(#4408,#4409,#4410,#4411));
#895=EDGE_LOOP('',(#4412,#4413,#4414,#4415));
#896=EDGE_LOOP('',(#4416,#4417,#4418,#4419));
#897=EDGE_LOOP('',(#4420,#4421,#4422,#4423));
#898=EDGE_LOOP('',(#4424,#4425,#4426,#4427));
#899=EDGE_LOOP('',(#4428,#4429,#4430,#4431));
#900=EDGE_LOOP('',(#4432,#4433,#4434,#4435));
#901=EDGE_LOOP('',(#4436,#4437,#4438,#4439));
#902=EDGE_LOOP('',(#4440,#4441,#4442,#4443));
#903=EDGE_LOOP('',(#4444,#4445,#4446,#4447));
#904=EDGE_LOOP('',(#4448,#4449,#4450,#4451));
#905=EDGE_LOOP('',(#4452,#4453,#4454,#4455));
#906=EDGE_LOOP('',(#4456,#4457,#4458,#4459));
#907=EDGE_LOOP('',(#4460,#4461,#4462,#4463));
#908=EDGE_LOOP('',(#4464,#4465,#4466,#4467));
#909=EDGE_LOOP('',(#4468,#4469,#4470,#4471));
#910=EDGE_LOOP('',(#4472,#4473,#4474,#4475));
#911=EDGE_LOOP('',(#4476,#4477,#4478,#4479));
#912=EDGE_LOOP('',(#4480,#4481,#4482,#4483));
#913=EDGE_LOOP('',(#4484,#4485,#4486,#4487));
#914=EDGE_LOOP('',(#4488,#4489,#4490,#4491));
#915=EDGE_LOOP('',(#4492,#4493,#4494,#4495));
#916=EDGE_LOOP('',(#4496,#4497,#4498,#4499));
#917=EDGE_LOOP('',(#4500,#4501,#4502,#4503));
#918=EDGE_LOOP('',(#4504,#4505,#4506,#4507));
#919=EDGE_LOOP('',(#4508,#4509,#4510,#4511));
#920=EDGE_LOOP('',(#4512,#4513,#4514,#4515));
#921=EDGE_LOOP('',(#4516,#4517,#4518,#4519));
#922=EDGE_LOOP('',(#4520,#4521,#4522,#4523));
#923=EDGE_LOOP('',(#4524,#4525,#4526,#4527));
#924=EDGE_LOOP('',(#4528,#4529,#4530,#4531));
#925=EDGE_LOOP('',(#4532,#4533,#4534,#4535));
#926=EDGE_LOOP('',(#4536,#4537,#4538,#4539));
#927=EDGE_LOOP('',(#4540,#4541,#4542,#4543));
#928=EDGE_LOOP('',(#4544,#4545,#4546,#4547));
#929=EDGE_LOOP('',(#4548,#4549,#4550,#4551));
#930=EDGE_LOOP('',(#4552,#4553,#4554,#4555));
#931=EDGE_LOOP('',(#4556,#4557,#4558,#4559));
#932=EDGE_LOOP('',(#4560,#4561,#4562,#4563));
#933=EDGE_LOOP('',(#4564,#4565,#4566,#4567));
#934=EDGE_LOOP('',(#4568,#4569,#4570,#4571));
#935=EDGE_LOOP('',(#4572,#4573,#4574,#4575));
#936=EDGE_LOOP('',(#4576,#4577,#4578,#4579));
#937=EDGE_LOOP('',(#4580,#4581,#4582,#4583));
#938=EDGE_LOOP('',(#4584,#4585,#4586,#4587));
#939=EDGE_LOOP('',(#4588,#4589,#4590,#4591));
#940=EDGE_LOOP('',(#4592,#4593,#4594,#4595));
#941=EDGE_LOOP('',(#4596,#4597,#4598,#4599));
#942=EDGE_LOOP('',(#4600,#4601,#4602,#4603));
#943=EDGE_LOOP('',(#4604,#4605,#4606,#4607));
#944=EDGE_LOOP('',(#4608,#4609,#4610,#4611));
#945=EDGE_LOOP('',(#4612,#4613,#4614,#4615));
#946=EDGE_LOOP('',(#4616,#4617,#4618,#4619));
#947=EDGE_LOOP('',(#4620,#4621,#4622,#4623));
#948=EDGE_LOOP('',(#4624,#4625,#4626,#4627));
#949=EDGE_LOOP('',(#4628,#4629,#4630,#4631));
#950=EDGE_LOOP('',(#4632,#4633,#4634,#4635));
#951=EDGE_LOOP('',(#4636,#4637,#4638,#4639));
#952=EDGE_LOOP('',(#4640,#4641,#4642,#4643));
#953=EDGE_LOOP('',(#4644,#4645,#4646,#4647));
#954=EDGE_LOOP('',(#4648,#4649,#4650,#4651));
#955=EDGE_LOOP('',(#4652,#4653,#4654,#4655));
#956=EDGE_LOOP('',(#4656,#4657,#4658,#4659));
#957=EDGE_LOOP('',(#4660,#4661,#4662,#4663));
#958=EDGE_LOOP('',(#4664,#4665,#4666,#4667));
#959=EDGE_LOOP('',(#4668,#4669,#4670,#4671));
#960=EDGE_LOOP('',(#4672,#4673,#4674,#4675));
#961=EDGE_LOOP('',(#4676,#4677,#4678,#4679));
#962=EDGE_LOOP('',(#4680,#4681,#4682,#4683));
#963=EDGE_LOOP('',(#4684,#4685,#4686,#4687));
#964=EDGE_LOOP('',(#4688,#4689,#4690,#4691));
#965=EDGE_LOOP('',(#4692,#4693,#4694,#4695));
#966=EDGE_LOOP('',(#4696,#4697,#4698,#4699));
#967=EDGE_LOOP('',(#4700,#4701,#4702,#4703));
#968=EDGE_LOOP('',(#4704,#4705,#4706,#4707));
#969=EDGE_LOOP('',(#4708,#4709,#4710,#4711));
#970=EDGE_LOOP('',(#4712,#4713,#4714,#4715));
#971=EDGE_LOOP('',(#4716,#4717,#4718,#4719));
#972=EDGE_LOOP('',(#4720,#4721,#4722,#4723));
#973=EDGE_LOOP('',(#4724,#4725,#4726,#4727));
#974=EDGE_LOOP('',(#4728,#4729,#4730,#4731,#4732,#4733));
#975=EDGE_LOOP('',(#4734,#4735,#4736,#4737));
#976=EDGE_LOOP('',(#4738,#4739,#4740,#4741,#4742,#4743));
#977=EDGE_LOOP('',(#4744,#4745,#4746,#4747,#4748,#4749,#4750,#4751));
#978=EDGE_LOOP('',(#4752,#4753,#4754,#4755));
#979=EDGE_LOOP('',(#4756,#4757,#4758,#4759));
#980=EDGE_LOOP('',(#4760,#4761,#4762,#4763,#4764,#4765,#4766));
#981=EDGE_LOOP('',(#4767,#4768,#4769,#4770,#4771,#4772));
#982=EDGE_LOOP('',(#4773,#4774,#4775,#4776,#4777,#4778));
#983=EDGE_LOOP('',(#4779,#4780,#4781,#4782));
#984=EDGE_LOOP('',(#4783,#4784,#4785,#4786));
#985=EDGE_LOOP('',(#4787,#4788,#4789,#4790));
#986=EDGE_LOOP('',(#4791,#4792,#4793,#4794));
#987=EDGE_LOOP('',(#4795,#4796,#4797,#4798));
#988=EDGE_LOOP('',(#4799,#4800,#4801,#4802,#4803,#4804,#4805,#4806));
#989=EDGE_LOOP('',(#4807,#4808,#4809,#4810,#4811,#4812,#4813,#4814));
#990=EDGE_LOOP('',(#4815,#4816,#4817));
#991=EDGE_LOOP('',(#4818,#4819,#4820,#4821,#4822,#4823,#4824));
#992=EDGE_LOOP('',(#4825,#4826,#4827,#4828));
#993=EDGE_LOOP('',(#4829,#4830,#4831,#4832));
#994=EDGE_LOOP('',(#4833,#4834,#4835,#4836,#4837));
#995=EDGE_LOOP('',(#4838,#4839,#4840));
#996=EDGE_LOOP('',(#4841,#4842,#4843));
#997=EDGE_LOOP('',(#4844,#4845,#4846));
#998=EDGE_LOOP('',(#4847,#4848,#4849,#4850,#4851,#4852,#4853,#4854));
#999=EDGE_LOOP('',(#4855,#4856,#4857,#4858,#4859));
#1000=EDGE_LOOP('',(#4860,#4861,#4862,#4863,#4864,#4865,#4866,#4867));
#1001=EDGE_LOOP('',(#4868,#4869,#4870,#4871));
#1002=EDGE_LOOP('',(#4872,#4873,#4874,#4875));
#1003=EDGE_LOOP('',(#4876,#4877,#4878,#4879));
#1004=EDGE_LOOP('',(#4880,#4881,#4882,#4883));
#1005=EDGE_LOOP('',(#4884,#4885,#4886,#4887));
#1006=EDGE_LOOP('',(#4888,#4889,#4890,#4891));
#1007=EDGE_LOOP('',(#4892,#4893,#4894,#4895));
#1008=EDGE_LOOP('',(#4896,#4897,#4898,#4899));
#1009=EDGE_LOOP('',(#4900,#4901,#4902,#4903));
#1010=EDGE_LOOP('',(#4904,#4905,#4906,#4907));
#1011=EDGE_LOOP('',(#4908,#4909,#4910,#4911));
#1012=EDGE_LOOP('',(#4912,#4913,#4914,#4915));
#1013=EDGE_LOOP('',(#4916,#4917,#4918,#4919));
#1014=EDGE_LOOP('',(#4920,#4921,#4922,#4923));
#1015=EDGE_LOOP('',(#4924,#4925,#4926,#4927,#4928,#4929));
#1016=EDGE_LOOP('',(#4930,#4931,#4932,#4933));
#1017=EDGE_LOOP('',(#4934,#4935,#4936,#4937,#4938,#4939,#4940,#4941,#4942,
#4943,#4944,#4945));
#1018=EDGE_LOOP('',(#4946,#4947,#4948,#4949));
#1019=EDGE_LOOP('',(#4950,#4951,#4952,#4953));
#1020=EDGE_LOOP('',(#4954,#4955,#4956));
#1021=EDGE_LOOP('',(#4957,#4958,#4959,#4960,#4961,#4962));
#1022=EDGE_LOOP('',(#4963,#4964,#4965,#4966));
#1023=EDGE_LOOP('',(#4967,#4968,#4969,#4970));
#1024=EDGE_LOOP('',(#4971,#4972,#4973,#4974));
#1025=EDGE_LOOP('',(#4975,#4976,#4977,#4978));
#1026=EDGE_LOOP('',(#4979,#4980,#4981,#4982));
#1027=EDGE_LOOP('',(#4983,#4984,#4985,#4986));
#1028=EDGE_LOOP('',(#4987,#4988,#4989,#4990));
#1029=EDGE_LOOP('',(#4991,#4992,#4993,#4994));
#1030=EDGE_LOOP('',(#4995,#4996,#4997,#4998));
#1031=EDGE_LOOP('',(#4999,#5000,#5001,#5002));
#1032=EDGE_LOOP('',(#5003,#5004,#5005,#5006));
#1033=EDGE_LOOP('',(#5007,#5008,#5009,#5010,#5011,#5012,#5013,#5014));
#1034=EDGE_LOOP('',(#5015,#5016,#5017,#5018,#5019));
#1035=EDGE_LOOP('',(#5020,#5021,#5022,#5023,#5024,#5025,#5026,#5027));
#1036=EDGE_LOOP('',(#5028,#5029,#5030,#5031));
#1037=EDGE_LOOP('',(#5032,#5033,#5034,#5035,#5036,#5037,#5038));
#1038=EDGE_LOOP('',(#5039,#5040,#5041));
#1039=EDGE_LOOP('',(#5042,#5043,#5044));
#1040=EDGE_LOOP('',(#5045,#5046,#5047,#5048,#5049));
#1041=EDGE_LOOP('',(#5050,#5051,#5052,#5053));
#1042=EDGE_LOOP('',(#5054,#5055,#5056));
#1043=EDGE_LOOP('',(#5057,#5058,#5059,#5060,#5061,#5062,#5063,#5064));
#1044=EDGE_LOOP('',(#5065,#5066,#5067,#5068,#5069,#5070,#5071));
#1045=EDGE_LOOP('',(#5072,#5073,#5074));
#1046=EDGE_LOOP('',(#5075,#5076,#5077,#5078,#5079,#5080,#5081,#5082));
#1047=EDGE_LOOP('',(#5083,#5084,#5085,#5086,#5087,#5088));
#1048=EDGE_LOOP('',(#5089,#5090,#5091,#5092));
#1049=EDGE_LOOP('',(#5093,#5094,#5095,#5096));
#1050=EDGE_LOOP('',(#5097,#5098,#5099,#5100));
#1051=EDGE_LOOP('',(#5101,#5102,#5103,#5104));
#1052=EDGE_LOOP('',(#5105,#5106,#5107,#5108));
#1053=EDGE_LOOP('',(#5109,#5110,#5111,#5112,#5113,#5114));
#1054=EDGE_LOOP('',(#5115,#5116,#5117,#5118));
#1055=EDGE_LOOP('',(#5119,#5120,#5121,#5122));
#1056=EDGE_LOOP('',(#5123,#5124,#5125,#5126));
#1057=EDGE_LOOP('',(#5127,#5128,#5129,#5130));
#1058=EDGE_LOOP('',(#5131,#5132,#5133,#5134));
#1059=EDGE_LOOP('',(#5135,#5136,#5137,#5138));
#1060=EDGE_LOOP('',(#5139,#5140,#5141,#5142));
#1061=EDGE_LOOP('',(#5143,#5144,#5145,#5146));
#1062=EDGE_LOOP('',(#5147,#5148,#5149,#5150));
#1063=EDGE_LOOP('',(#5151,#5152,#5153,#5154));
#1064=EDGE_LOOP('',(#5155,#5156,#5157,#5158));
#1065=EDGE_LOOP('',(#5159,#5160,#5161,#5162));
#1066=EDGE_LOOP('',(#5163,#5164,#5165,#5166));
#1067=EDGE_LOOP('',(#5167,#5168,#5169,#5170));
#1068=EDGE_LOOP('',(#5171,#5172,#5173,#5174));
#1069=EDGE_LOOP('',(#5175,#5176,#5177,#5178));
#1070=EDGE_LOOP('',(#5179,#5180,#5181,#5182));
#1071=EDGE_LOOP('',(#5183,#5184,#5185,#5186));
#1072=EDGE_LOOP('',(#5187,#5188,#5189,#5190));
#1073=EDGE_LOOP('',(#5191,#5192,#5193,#5194,#5195,#5196,#5197,#5198,#5199,
#5200,#5201,#5202,#5203,#5204,#5205,#5206,#5207,#5208));
#1074=EDGE_LOOP('',(#5209,#5210,#5211,#5212,#5213,#5214,#5215,#5216,#5217,
#5218,#5219,#5220,#5221,#5222,#5223,#5224,#5225,#5226));
#1075=EDGE_LOOP('',(#5227,#5228,#5229,#5230));
#1076=EDGE_LOOP('',(#5231,#5232,#5233,#5234));
#1077=EDGE_LOOP('',(#5235,#5236,#5237,#5238));
#1078=EDGE_LOOP('',(#5239,#5240,#5241,#5242));
#1079=EDGE_LOOP('',(#5243,#5244,#5245,#5246));
#1080=EDGE_LOOP('',(#5247,#5248,#5249,#5250));
#1081=EDGE_LOOP('',(#5251,#5252,#5253,#5254));
#1082=EDGE_LOOP('',(#5255,#5256,#5257,#5258));
#1083=EDGE_LOOP('',(#5259,#5260,#5261,#5262));
#1084=EDGE_LOOP('',(#5263,#5264,#5265,#5266));
#1085=EDGE_LOOP('',(#5267,#5268,#5269,#5270));
#1086=EDGE_LOOP('',(#5271,#5272,#5273,#5274,#5275,#5276,#5277,#5278));
#1087=EDGE_LOOP('',(#5279,#5280,#5281));
#1088=EDGE_LOOP('',(#5282,#5283,#5284,#5285,#5286,#5287,#5288,#5289));
#1089=EDGE_LOOP('',(#5290,#5291,#5292));
#1090=EDGE_LOOP('',(#5293,#5294,#5295,#5296));
#1091=EDGE_LOOP('',(#5297,#5298,#5299,#5300));
#1092=EDGE_LOOP('',(#5301,#5302,#5303,#5304));
#1093=EDGE_LOOP('',(#5305,#5306,#5307,#5308));
#1094=EDGE_LOOP('',(#5309,#5310,#5311,#5312));
#1095=EDGE_LOOP('',(#5313,#5314,#5315,#5316));
#1096=EDGE_LOOP('',(#5317,#5318,#5319,#5320));
#1097=EDGE_LOOP('',(#5321,#5322,#5323,#5324));
#1098=EDGE_LOOP('',(#5325,#5326,#5327,#5328));
#1099=EDGE_LOOP('',(#5329,#5330,#5331,#5332));
#1100=EDGE_LOOP('',(#5333,#5334,#5335,#5336,#5337,#5338,#5339,#5340,#5341,
#5342));
#1101=EDGE_LOOP('',(#5343,#5344,#5345,#5346,#5347,#5348,#5349,#5350,#5351,
#5352));
#1102=EDGE_LOOP('',(#5353,#5354,#5355,#5356));
#1103=EDGE_LOOP('',(#5357,#5358,#5359,#5360));
#1104=EDGE_LOOP('',(#5361,#5362,#5363,#5364));
#1105=EDGE_LOOP('',(#5365,#5366,#5367,#5368));
#1106=EDGE_LOOP('',(#5369,#5370,#5371,#5372));
#1107=EDGE_LOOP('',(#5373,#5374,#5375,#5376));
#1108=EDGE_LOOP('',(#5377,#5378,#5379,#5380,#5381,#5382));
#1109=EDGE_LOOP('',(#5383,#5384,#5385,#5386,#5387,#5388));
#1110=EDGE_LOOP('',(#5389,#5390,#5391,#5392));
#1111=EDGE_LOOP('',(#5393,#5394,#5395,#5396));
#1112=EDGE_LOOP('',(#5397,#5398,#5399,#5400));
#1113=EDGE_LOOP('',(#5401,#5402,#5403,#5404));
#1114=EDGE_LOOP('',(#5405,#5406,#5407,#5408));
#1115=EDGE_LOOP('',(#5409,#5410,#5411,#5412));
#1116=EDGE_LOOP('',(#5413,#5414,#5415,#5416));
#1117=EDGE_LOOP('',(#5417,#5418,#5419,#5420,#5421,#5422,#5423));
#1118=EDGE_LOOP('',(#5424,#5425,#5426,#5427,#5428,#5429,#5430));
#1119=EDGE_LOOP('',(#5431,#5432,#5433,#5434));
#1120=EDGE_LOOP('',(#5435,#5436,#5437,#5438));
#1121=EDGE_LOOP('',(#5439,#5440,#5441,#5442));
#1122=EDGE_LOOP('',(#5443,#5444,#5445,#5446));
#1123=EDGE_LOOP('',(#5447,#5448,#5449,#5450));
#1124=EDGE_LOOP('',(#5451,#5452,#5453,#5454));
#1125=EDGE_LOOP('',(#5455,#5456,#5457,#5458));
#1126=EDGE_LOOP('',(#5459,#5460,#5461,#5462));
#1127=EDGE_LOOP('',(#5463,#5464,#5465,#5466));
#1128=EDGE_LOOP('',(#5467,#5468,#5469,#5470));
#1129=EDGE_LOOP('',(#5471,#5472,#5473,#5474));
#1130=EDGE_LOOP('',(#5475,#5476,#5477,#5478));
#1131=EDGE_LOOP('',(#5479,#5480,#5481,#5482));
#1132=EDGE_LOOP('',(#5483,#5484,#5485,#5486));
#1133=EDGE_LOOP('',(#5487,#5488,#5489,#5490));
#1134=EDGE_LOOP('',(#5491,#5492,#5493,#5494));
#1135=EDGE_LOOP('',(#5495,#5496,#5497,#5498));
#1136=EDGE_LOOP('',(#5499,#5500,#5501,#5502));
#1137=EDGE_LOOP('',(#5503,#5504,#5505,#5506));
#1138=EDGE_LOOP('',(#5507,#5508,#5509,#5510));
#1139=EDGE_LOOP('',(#5511,#5512,#5513,#5514));
#1140=EDGE_LOOP('',(#5515,#5516,#5517,#5518));
#1141=EDGE_LOOP('',(#5519,#5520,#5521,#5522));
#1142=EDGE_LOOP('',(#5523,#5524,#5525,#5526));
#1143=EDGE_LOOP('',(#5527,#5528,#5529,#5530,#5531,#5532,#5533,#5534,#5535,
#5536,#5537,#5538,#5539,#5540,#5541,#5542,#5543,#5544,#5545,#5546,#5547,
#5548,#5549,#5550));
#1144=EDGE_LOOP('',(#5551,#5552,#5553,#5554,#5555,#5556,#5557,#5558,#5559,
#5560,#5561,#5562,#5563,#5564,#5565,#5566,#5567,#5568,#5569,#5570,#5571,
#5572,#5573,#5574));
#1145=EDGE_LOOP('',(#5575,#5576,#5577,#5578));
#1146=EDGE_LOOP('',(#5579,#5580,#5581,#5582));
#1147=EDGE_LOOP('',(#5583,#5584,#5585,#5586));
#1148=EDGE_LOOP('',(#5587,#5588,#5589,#5590));
#1149=EDGE_LOOP('',(#5591,#5592,#5593,#5594));
#1150=EDGE_LOOP('',(#5595,#5596,#5597,#5598));
#1151=EDGE_LOOP('',(#5599,#5600,#5601,#5602));
#1152=EDGE_LOOP('',(#5603,#5604,#5605,#5606));
#1153=EDGE_LOOP('',(#5607,#5608,#5609,#5610));
#1154=EDGE_LOOP('',(#5611,#5612,#5613,#5614));
#1155=EDGE_LOOP('',(#5615,#5616,#5617,#5618));
#1156=EDGE_LOOP('',(#5619,#5620,#5621,#5622));
#1157=EDGE_LOOP('',(#5623,#5624,#5625,#5626,#5627,#5628,#5629,#5630,#5631,
#5632,#5633,#5634));
#1158=EDGE_LOOP('',(#5635,#5636,#5637,#5638,#5639,#5640,#5641,#5642,#5643,
#5644,#5645,#5646));
#1159=LINE('',#7688,#1799);
#1160=LINE('',#7691,#1800);
#1161=LINE('',#7694,#1801);
#1162=LINE('',#7696,#1802);
#1163=LINE('',#7697,#1803);
#1164=LINE('',#7700,#1804);
#1165=LINE('',#7704,#1805);
#1166=LINE('',#7708,#1806);
#1167=LINE('',#7712,#1807);
#1168=LINE('',#7716,#1808);
#1169=LINE('',#7720,#1809);
#1170=LINE('',#7724,#1810);
#1171=LINE('',#7728,#1811);
#1172=LINE('',#7732,#1812);
#1173=LINE('',#7736,#1813);
#1174=LINE('',#7740,#1814);
#1175=LINE('',#7746,#1815);
#1176=LINE('',#7747,#1816);
#1177=LINE('',#7750,#1817);
#1178=LINE('',#7751,#1818);
#1179=LINE('',#7753,#1819);
#1180=LINE('',#7758,#1820);
#1181=LINE('',#7759,#1821);
#1182=LINE('',#7762,#1822);
#1183=LINE('',#7763,#1823);
#1184=LINE('',#7768,#1824);
#1185=LINE('',#7769,#1825);
#1186=LINE('',#7772,#1826);
#1187=LINE('',#7773,#1827);
#1188=LINE('',#7775,#1828);
#1189=LINE('',#7780,#1829);
#1190=LINE('',#7781,#1830);
#1191=LINE('',#7784,#1831);
#1192=LINE('',#7785,#1832);
#1193=LINE('',#7789,#1833);
#1194=LINE('',#7792,#1834);
#1195=LINE('',#7794,#1835);
#1196=LINE('',#7796,#1836);
#1197=LINE('',#7798,#1837);
#1198=LINE('',#7800,#1838);
#1199=LINE('',#7801,#1839);
#1200=LINE('',#7804,#1840);
#1201=LINE('',#7806,#1841);
#1202=LINE('',#7808,#1842);
#1203=LINE('',#7810,#1843);
#1204=LINE('',#7812,#1844);
#1205=LINE('',#7813,#1845);
#1206=LINE('',#7818,#1846);
#1207=LINE('',#7820,#1847);
#1208=LINE('',#7821,#1848);
#1209=LINE('',#7825,#1849);
#1210=LINE('',#7827,#1850);
#1211=LINE('',#7829,#1851);
#1212=LINE('',#7831,#1852);
#1213=LINE('',#7833,#1853);
#1214=LINE('',#7837,#1854);
#1215=LINE('',#7841,#1855);
#1216=LINE('',#7843,#1856);
#1217=LINE('',#7845,#1857);
#1218=LINE('',#7847,#1858);
#1219=LINE('',#7849,#1859);
#1220=LINE('',#7852,#1860);
#1221=LINE('',#7854,#1861);
#1222=LINE('',#7855,#1862);
#1223=LINE('',#7857,#1863);
#1224=LINE('',#7858,#1864);
#1225=LINE('',#7860,#1865);
#1226=LINE('',#7862,#1866);
#1227=LINE('',#7865,#1867);
#1228=LINE('',#7867,#1868);
#1229=LINE('',#7868,#1869);
#1230=LINE('',#7869,#1870);
#1231=LINE('',#7871,#1871);
#1232=LINE('',#7873,#1872);
#1233=LINE('',#7875,#1873);
#1234=LINE('',#7876,#1874);
#1235=LINE('',#7904,#1875);
#1236=LINE('',#7906,#1876);
#1237=LINE('',#7908,#1877);
#1238=LINE('',#7910,#1878);
#1239=LINE('',#7912,#1879);
#1240=LINE('',#7913,#1880);
#1241=LINE('',#7917,#1881);
#1242=LINE('',#7919,#1882);
#1243=LINE('',#7921,#1883);
#1244=LINE('',#7923,#1884);
#1245=LINE('',#7925,#1885);
#1246=LINE('',#7927,#1886);
#1247=LINE('',#7928,#1887);
#1248=LINE('',#7932,#1888);
#1249=LINE('',#7934,#1889);
#1250=LINE('',#7936,#1890);
#1251=LINE('',#7938,#1891);
#1252=LINE('',#7940,#1892);
#1253=LINE('',#7942,#1893);
#1254=LINE('',#7944,#1894);
#1255=LINE('',#7945,#1895);
#1256=LINE('',#7948,#1896);
#1257=LINE('',#7950,#1897);
#1258=LINE('',#7951,#1898);
#1259=LINE('',#8003,#1899);
#1260=LINE('',#8052,#1900);
#1261=LINE('',#8056,#1901);
#1262=LINE('',#8058,#1902);
#1263=LINE('',#8060,#1903);
#1264=LINE('',#8062,#1904);
#1265=LINE('',#8064,#1905);
#1266=LINE('',#8066,#1906);
#1267=LINE('',#8068,#1907);
#1268=LINE('',#8070,#1908);
#1269=LINE('',#8072,#1909);
#1270=LINE('',#8073,#1910);
#1271=LINE('',#8077,#1911);
#1272=LINE('',#8079,#1912);
#1273=LINE('',#8129,#1913);
#1274=LINE('',#8191,#1914);
#1275=LINE('',#8193,#1915);
#1276=LINE('',#8194,#1916);
#1277=LINE('',#8198,#1917);
#1278=LINE('',#8200,#1918);
#1279=LINE('',#8202,#1919);
#1280=LINE('',#8204,#1920);
#1281=LINE('',#8206,#1921);
#1282=LINE('',#8208,#1922);
#1283=LINE('',#8210,#1923);
#1284=LINE('',#8212,#1924);
#1285=LINE('',#8214,#1925);
#1286=LINE('',#8216,#1926);
#1287=LINE('',#8218,#1927);
#1288=LINE('',#8219,#1928);
#1289=LINE('',#8223,#1929);
#1290=LINE('',#8225,#1930);
#1291=LINE('',#8227,#1931);
#1292=LINE('',#8228,#1932);
#1293=LINE('',#8231,#1933);
#1294=LINE('',#8233,#1934);
#1295=LINE('',#8234,#1935);
#1296=LINE('',#8237,#1936);
#1297=LINE('',#8239,#1937);
#1298=LINE('',#8240,#1938);
#1299=LINE('',#8242,#1939);
#1300=LINE('',#8243,#1940);
#1301=LINE('',#8246,#1941);
#1302=LINE('',#8248,#1942);
#1303=LINE('',#8250,#1943);
#1304=LINE('',#8252,#1944);
#1305=LINE('',#8254,#1945);
#1306=LINE('',#8256,#1946);
#1307=LINE('',#8257,#1947);
#1308=LINE('',#8260,#1948);
#1309=LINE('',#8261,#1949);
#1310=LINE('',#8265,#1950);
#1311=LINE('',#8269,#1951);
#1312=LINE('',#8273,#1952);
#1313=LINE('',#8277,#1953);
#1314=LINE('',#8281,#1954);
#1315=LINE('',#8285,#1955);
#1316=LINE('',#8289,#1956);
#1317=LINE('',#8291,#1957);
#1318=LINE('',#8293,#1958);
#1319=LINE('',#8295,#1959);
#1320=LINE('',#8297,#1960);
#1321=LINE('',#8359,#1961);
#1322=LINE('',#8409,#1962);
#1323=LINE('',#8411,#1963);
#1324=LINE('',#8413,#1964);
#1325=LINE('',#8415,#1965);
#1326=LINE('',#8417,#1966);
#1327=LINE('',#8418,#1967);
#1328=LINE('',#8433,#1968);
#1329=LINE('',#8483,#1969);
#1330=LINE('',#8521,#1970);
#1331=LINE('',#8523,#1971);
#1332=LINE('',#8525,#1972);
#1333=LINE('',#8527,#1973);
#1334=LINE('',#8529,#1974);
#1335=LINE('',#8531,#1975);
#1336=LINE('',#8533,#1976);
#1337=LINE('',#8534,#1977);
#1338=LINE('',#8537,#1978);
#1339=LINE('',#8539,#1979);
#1340=LINE('',#8541,#1980);
#1341=LINE('',#8543,#1981);
#1342=LINE('',#8545,#1982);
#1343=LINE('',#8547,#1983);
#1344=LINE('',#8549,#1984);
#1345=LINE('',#8551,#1985);
#1346=LINE('',#8553,#1986);
#1347=LINE('',#8554,#1987);
#1348=LINE('',#8557,#1988);
#1349=LINE('',#8559,#1989);
#1350=LINE('',#8561,#1990);
#1351=LINE('',#8563,#1991);
#1352=LINE('',#8565,#1992);
#1353=LINE('',#8567,#1993);
#1354=LINE('',#8568,#1994);
#1355=LINE('',#8571,#1995);
#1356=LINE('',#8573,#1996);
#1357=LINE('',#8575,#1997);
#1358=LINE('',#8577,#1998);
#1359=LINE('',#8579,#1999);
#1360=LINE('',#8581,#2000);
#1361=LINE('',#8583,#2001);
#1362=LINE('',#8585,#2002);
#1363=LINE('',#8587,#2003);
#1364=LINE('',#8589,#2004);
#1365=LINE('',#8591,#2005);
#1366=LINE('',#8592,#2006);
#1367=LINE('',#8594,#2007);
#1368=LINE('',#8595,#2008);
#1369=LINE('',#8606,#2009);
#1370=LINE('',#8617,#2010);
#1371=LINE('',#8628,#2011);
#1372=LINE('',#8639,#2012);
#1373=LINE('',#8650,#2013);
#1374=LINE('',#8661,#2014);
#1375=LINE('',#8672,#2015);
#1376=LINE('',#8683,#2016);
#1377=LINE('',#8685,#2017);
#1378=LINE('',#8696,#2018);
#1379=LINE('',#8707,#2019);
#1380=LINE('',#8718,#2020);
#1381=LINE('',#8729,#2021);
#1382=LINE('',#8740,#2022);
#1383=LINE('',#8751,#2023);
#1384=LINE('',#8762,#2024);
#1385=LINE('',#8773,#2025);
#1386=LINE('',#8784,#2026);
#1387=LINE('',#8795,#2027);
#1388=LINE('',#8797,#2028);
#1389=LINE('',#8799,#2029);
#1390=LINE('',#8801,#2030);
#1391=LINE('',#8804,#2031);
#1392=LINE('',#8805,#2032);
#1393=LINE('',#8807,#2033);
#1394=LINE('',#8809,#2034);
#1395=LINE('',#8811,#2035);
#1396=LINE('',#8813,#2036);
#1397=LINE('',#8825,#2037);
#1398=LINE('',#8826,#2038);
#1399=LINE('',#8837,#2039);
#1400=LINE('',#8848,#2040);
#1401=LINE('',#8859,#2041);
#1402=LINE('',#8870,#2042);
#1403=LINE('',#8881,#2043);
#1404=LINE('',#8892,#2044);
#1405=LINE('',#8894,#2045);
#1406=LINE('',#8905,#2046);
#1407=LINE('',#8916,#2047);
#1408=LINE('',#8927,#2048);
#1409=LINE('',#8938,#2049);
#1410=LINE('',#8949,#2050);
#1411=LINE('',#8960,#2051);
#1412=LINE('',#8971,#2052);
#1413=LINE('',#8982,#2053);
#1414=LINE('',#8984,#2054);
#1415=LINE('',#8998,#2055);
#1416=LINE('',#8999,#2056);
#1417=LINE('',#9000,#2057);
#1418=LINE('',#9003,#2058);
#1419=LINE('',#9004,#2059);
#1420=LINE('',#9006,#2060);
#1421=LINE('',#9008,#2061);
#1422=LINE('',#9009,#2062);
#1423=LINE('',#9011,#2063);
#1424=LINE('',#9013,#2064);
#1425=LINE('',#9015,#2065);
#1426=LINE('',#9017,#2066);
#1427=LINE('',#9019,#2067);
#1428=LINE('',#9021,#2068);
#1429=LINE('',#9024,#2069);
#1430=LINE('',#9025,#2070);
#1431=LINE('',#9027,#2071);
#1432=LINE('',#9029,#2072);
#1433=LINE('',#9031,#2073);
#1434=LINE('',#9033,#2074);
#1435=LINE('',#9035,#2075);
#1436=LINE('',#9037,#2076);
#1437=LINE('',#9039,#2077);
#1438=LINE('',#9041,#2078);
#1439=LINE('',#9044,#2079);
#1440=LINE('',#9045,#2080);
#1441=LINE('',#9047,#2081);
#1442=LINE('',#9049,#2082);
#1443=LINE('',#9051,#2083);
#1444=LINE('',#9053,#2084);
#1445=LINE('',#9055,#2085);
#1446=LINE('',#9058,#2086);
#1447=LINE('',#9059,#2087);
#1448=LINE('',#9061,#2088);
#1449=LINE('',#9063,#2089);
#1450=LINE('',#9065,#2090);
#1451=LINE('',#9067,#2091);
#1452=LINE('',#9069,#2092);
#1453=LINE('',#9071,#2093);
#1454=LINE('',#9073,#2094);
#1455=LINE('',#9075,#2095);
#1456=LINE('',#9077,#2096);
#1457=LINE('',#9079,#2097);
#1458=LINE('',#9083,#2098);
#1459=LINE('',#9085,#2099);
#1460=LINE('',#9086,#2100);
#1461=LINE('',#9089,#2101);
#1462=LINE('',#9090,#2102);
#1463=LINE('',#9093,#2103);
#1464=LINE('',#9095,#2104);
#1465=LINE('',#9096,#2105);
#1466=LINE('',#9098,#2106);
#1467=LINE('',#9101,#2107);
#1468=LINE('',#9103,#2108);
#1469=LINE('',#9104,#2109);
#1470=LINE('',#9107,#2110);
#1471=LINE('',#9108,#2111);
#1472=LINE('',#9111,#2112);
#1473=LINE('',#9112,#2113);
#1474=LINE('',#9114,#2114);
#1475=LINE('',#9118,#2115);
#1476=LINE('',#9120,#2116);
#1477=LINE('',#9122,#2117);
#1478=LINE('',#9123,#2118);
#1479=LINE('',#9128,#2119);
#1480=LINE('',#9132,#2120);
#1481=LINE('',#9134,#2121);
#1482=LINE('',#9136,#2122);
#1483=LINE('',#9138,#2123);
#1484=LINE('',#9140,#2124);
#1485=LINE('',#9141,#2125);
#1486=LINE('',#9145,#2126);
#1487=LINE('',#9147,#2127);
#1488=LINE('',#9149,#2128);
#1489=LINE('',#9155,#2129);
#1490=LINE('',#9157,#2130);
#1491=LINE('',#9159,#2131);
#1492=LINE('',#9162,#2132);
#1493=LINE('',#9165,#2133);
#1494=LINE('',#9167,#2134);
#1495=LINE('',#9168,#2135);
#1496=LINE('',#9171,#2136);
#1497=LINE('',#9172,#2137);
#1498=LINE('',#9175,#2138);
#1499=LINE('',#9178,#2139);
#1500=LINE('',#9179,#2140);
#1501=LINE('',#9181,#2141);
#1502=LINE('',#9186,#2142);
#1503=LINE('',#9190,#2143);
#1504=LINE('',#9223,#2144);
#1505=LINE('',#9226,#2145);
#1506=LINE('',#9227,#2146);
#1507=LINE('',#9231,#2147);
#1508=LINE('',#9236,#2148);
#1509=LINE('',#9238,#2149);
#1510=LINE('',#9240,#2150);
#1511=LINE('',#9241,#2151);
#1512=LINE('',#9243,#2152);
#1513=LINE('',#9250,#2153);
#1514=LINE('',#9252,#2154);
#1515=LINE('',#9253,#2155);
#1516=LINE('',#9254,#2156);
#1517=LINE('',#9257,#2157);
#1518=LINE('',#9266,#2158);
#1519=LINE('',#9269,#2159);
#1520=LINE('',#9271,#2160);
#1521=LINE('',#9272,#2161);
#1522=LINE('',#9273,#2162);
#1523=LINE('',#9276,#2163);
#1524=LINE('',#9280,#2164);
#1525=LINE('',#9281,#2165);
#1526=LINE('',#9284,#2166);
#1527=LINE('',#9289,#2167);
#1528=LINE('',#9291,#2168);
#1529=LINE('',#9293,#2169);
#1530=LINE('',#9294,#2170);
#1531=LINE('',#9296,#2171);
#1532=LINE('',#9298,#2172);
#1533=LINE('',#9302,#2173);
#1534=LINE('',#9304,#2174);
#1535=LINE('',#9306,#2175);
#1536=LINE('',#9309,#2176);
#1537=LINE('',#9310,#2177);
#1538=LINE('',#9316,#2178);
#1539=LINE('',#9319,#2179);
#1540=LINE('',#9322,#2180);
#1541=LINE('',#9323,#2181);
#1542=LINE('',#9326,#2182);
#1543=LINE('',#9329,#2183);
#1544=LINE('',#9332,#2184);
#1545=LINE('',#9333,#2185);
#1546=LINE('',#9336,#2186);
#1547=LINE('',#9340,#2187);
#1548=LINE('',#9344,#2188);
#1549=LINE('',#9348,#2189);
#1550=LINE('',#9349,#2190);
#1551=LINE('',#9354,#2191);
#1552=LINE('',#9358,#2192);
#1553=LINE('',#9359,#2193);
#1554=LINE('',#9360,#2194);
#1555=LINE('',#9365,#2195);
#1556=LINE('',#9367,#2196);
#1557=LINE('',#9368,#2197);
#1558=LINE('',#9374,#2198);
#1559=LINE('',#9377,#2199);
#1560=LINE('',#9380,#2200);
#1561=LINE('',#9382,#2201);
#1562=LINE('',#9383,#2202);
#1563=LINE('',#9387,#2203);
#1564=LINE('',#9390,#2204);
#1565=LINE('',#9391,#2205);
#1566=LINE('',#9396,#2206);
#1567=LINE('',#9398,#2207);
#1568=LINE('',#9399,#2208);
#1569=LINE('',#9402,#2209);
#1570=LINE('',#9404,#2210);
#1571=LINE('',#9405,#2211);
#1572=LINE('',#9408,#2212);
#1573=LINE('',#9422,#2213);
#1574=LINE('',#9424,#2214);
#1575=LINE('',#9425,#2215);
#1576=LINE('',#9427,#2216);
#1577=LINE('',#9435,#2217);
#1578=LINE('',#9441,#2218);
#1579=LINE('',#9444,#2219);
#1580=LINE('',#9446,#2220);
#1581=LINE('',#9447,#2221);
#1582=LINE('',#9461,#2222);
#1583=LINE('',#9463,#2223);
#1584=LINE('',#9464,#2224);
#1585=LINE('',#9467,#2225);
#1586=LINE('',#9468,#2226);
#1587=LINE('',#9470,#2227);
#1588=LINE('',#9474,#2228);
#1589=LINE('',#9477,#2229);
#1590=LINE('',#9480,#2230);
#1591=LINE('',#9483,#2231);
#1592=LINE('',#9484,#2232);
#1593=LINE('',#9487,#2233);
#1594=LINE('',#9490,#2234);
#1595=LINE('',#9493,#2235);
#1596=LINE('',#9496,#2236);
#1597=LINE('',#9499,#2237);
#1598=LINE('',#9500,#2238);
#1599=LINE('',#9502,#2239);
#1600=LINE('',#9504,#2240);
#1601=LINE('',#9509,#2241);
#1602=LINE('',#9511,#2242);
#1603=LINE('',#9531,#2243);
#1604=LINE('',#9538,#2244);
#1605=LINE('',#9561,#2245);
#1606=LINE('',#9584,#2246);
#1607=LINE('',#9607,#2247);
#1608=LINE('',#9630,#2248);
#1609=LINE('',#9653,#2249);
#1610=LINE('',#9676,#2250);
#1611=LINE('',#9679,#2251);
#1612=LINE('',#9681,#2252);
#1613=LINE('',#9682,#2253);
#1614=LINE('',#9705,#2254);
#1615=LINE('',#9728,#2255);
#1616=LINE('',#9751,#2256);
#1617=LINE('',#9774,#2257);
#1618=LINE('',#9797,#2258);
#1619=LINE('',#9820,#2259);
#1620=LINE('',#9843,#2260);
#1621=LINE('',#9866,#2261);
#1622=LINE('',#9869,#2262);
#1623=LINE('',#9871,#2263);
#1624=LINE('',#9872,#2264);
#1625=LINE('',#9898,#2265);
#1626=LINE('',#9900,#2266);
#1627=LINE('',#9902,#2267);
#1628=LINE('',#9903,#2268);
#1629=LINE('',#9906,#2269);
#1630=LINE('',#9908,#2270);
#1631=LINE('',#9909,#2271);
#1632=LINE('',#9911,#2272);
#1633=LINE('',#9912,#2273);
#1634=LINE('',#9916,#2274);
#1635=LINE('',#9918,#2275);
#1636=LINE('',#9920,#2276);
#1637=LINE('',#9921,#2277);
#1638=LINE('',#9924,#2278);
#1639=LINE('',#9926,#2279);
#1640=LINE('',#9927,#2280);
#1641=LINE('',#9930,#2281);
#1642=LINE('',#9932,#2282);
#1643=LINE('',#9933,#2283);
#1644=LINE('',#9936,#2284);
#1645=LINE('',#9938,#2285);
#1646=LINE('',#9939,#2286);
#1647=LINE('',#9942,#2287);
#1648=LINE('',#9944,#2288);
#1649=LINE('',#9945,#2289);
#1650=LINE('',#9948,#2290);
#1651=LINE('',#9950,#2291);
#1652=LINE('',#9951,#2292);
#1653=LINE('',#9954,#2293);
#1654=LINE('',#9956,#2294);
#1655=LINE('',#9957,#2295);
#1656=LINE('',#9959,#2296);
#1657=LINE('',#9960,#2297);
#1658=LINE('',#9966,#2298);
#1659=LINE('',#9968,#2299);
#1660=LINE('',#9970,#2300);
#1661=LINE('',#9971,#2301);
#1662=LINE('',#9974,#2302);
#1663=LINE('',#9976,#2303);
#1664=LINE('',#9977,#2304);
#1665=LINE('',#9980,#2305);
#1666=LINE('',#9982,#2306);
#1667=LINE('',#9983,#2307);
#1668=LINE('',#9986,#2308);
#1669=LINE('',#9988,#2309);
#1670=LINE('',#9989,#2310);
#1671=LINE('',#9992,#2311);
#1672=LINE('',#9994,#2312);
#1673=LINE('',#9995,#2313);
#1674=LINE('',#9998,#2314);
#1675=LINE('',#10000,#2315);
#1676=LINE('',#10001,#2316);
#1677=LINE('',#10004,#2317);
#1678=LINE('',#10006,#2318);
#1679=LINE('',#10007,#2319);
#1680=LINE('',#10010,#2320);
#1681=LINE('',#10012,#2321);
#1682=LINE('',#10013,#2322);
#1683=LINE('',#10016,#2323);
#1684=LINE('',#10018,#2324);
#1685=LINE('',#10019,#2325);
#1686=LINE('',#10021,#2326);
#1687=LINE('',#10022,#2327);
#1688=LINE('',#10028,#2328);
#1689=LINE('',#10030,#2329);
#1690=LINE('',#10032,#2330);
#1691=LINE('',#10033,#2331);
#1692=LINE('',#10036,#2332);
#1693=LINE('',#10038,#2333);
#1694=LINE('',#10039,#2334);
#1695=LINE('',#10042,#2335);
#1696=LINE('',#10044,#2336);
#1697=LINE('',#10045,#2337);
#1698=LINE('',#10048,#2338);
#1699=LINE('',#10050,#2339);
#1700=LINE('',#10051,#2340);
#1701=LINE('',#10054,#2341);
#1702=LINE('',#10056,#2342);
#1703=LINE('',#10057,#2343);
#1704=LINE('',#10059,#2344);
#1705=LINE('',#10060,#2345);
#1706=LINE('',#10066,#2346);
#1707=LINE('',#10068,#2347);
#1708=LINE('',#10070,#2348);
#1709=LINE('',#10071,#2349);
#1710=LINE('',#10074,#2350);
#1711=LINE('',#10076,#2351);
#1712=LINE('',#10077,#2352);
#1713=LINE('',#10080,#2353);
#1714=LINE('',#10082,#2354);
#1715=LINE('',#10083,#2355);
#1716=LINE('',#10086,#2356);
#1717=LINE('',#10088,#2357);
#1718=LINE('',#10089,#2358);
#1719=LINE('',#10092,#2359);
#1720=LINE('',#10094,#2360);
#1721=LINE('',#10095,#2361);
#1722=LINE('',#10098,#2362);
#1723=LINE('',#10100,#2363);
#1724=LINE('',#10101,#2364);
#1725=LINE('',#10103,#2365);
#1726=LINE('',#10104,#2366);
#1727=LINE('',#10110,#2367);
#1728=LINE('',#10112,#2368);
#1729=LINE('',#10114,#2369);
#1730=LINE('',#10115,#2370);
#1731=LINE('',#10118,#2371);
#1732=LINE('',#10120,#2372);
#1733=LINE('',#10121,#2373);
#1734=LINE('',#10124,#2374);
#1735=LINE('',#10126,#2375);
#1736=LINE('',#10127,#2376);
#1737=LINE('',#10150,#2377);
#1738=LINE('',#10173,#2378);
#1739=LINE('',#10196,#2379);
#1740=LINE('',#10219,#2380);
#1741=LINE('',#10242,#2381);
#1742=LINE('',#10265,#2382);
#1743=LINE('',#10288,#2383);
#1744=LINE('',#10311,#2384);
#1745=LINE('',#10334,#2385);
#1746=LINE('',#10357,#2386);
#1747=LINE('',#10360,#2387);
#1748=LINE('',#10362,#2388);
#1749=LINE('',#10363,#2389);
#1750=LINE('',#10386,#2390);
#1751=LINE('',#10409,#2391);
#1752=LINE('',#10432,#2392);
#1753=LINE('',#10455,#2393);
#1754=LINE('',#10478,#2394);
#1755=LINE('',#10501,#2395);
#1756=LINE('',#10524,#2396);
#1757=LINE('',#10547,#2397);
#1758=LINE('',#10550,#2398);
#1759=LINE('',#10552,#2399);
#1760=LINE('',#10553,#2400);
#1761=LINE('',#10555,#2401);
#1762=LINE('',#10556,#2402);
#1763=LINE('',#10562,#2403);
#1764=LINE('',#10564,#2404);
#1765=LINE('',#10566,#2405);
#1766=LINE('',#10567,#2406);
#1767=LINE('',#10570,#2407);
#1768=LINE('',#10572,#2408);
#1769=LINE('',#10573,#2409);
#1770=LINE('',#10576,#2410);
#1771=LINE('',#10578,#2411);
#1772=LINE('',#10579,#2412);
#1773=LINE('',#10582,#2413);
#1774=LINE('',#10584,#2414);
#1775=LINE('',#10585,#2415);
#1776=LINE('',#10588,#2416);
#1777=LINE('',#10590,#2417);
#1778=LINE('',#10591,#2418);
#1779=LINE('',#10594,#2419);
#1780=LINE('',#10596,#2420);
#1781=LINE('',#10597,#2421);
#1782=LINE('',#10600,#2422);
#1783=LINE('',#10602,#2423);
#1784=LINE('',#10603,#2424);
#1785=LINE('',#10606,#2425);
#1786=LINE('',#10608,#2426);
#1787=LINE('',#10609,#2427);
#1788=LINE('',#10612,#2428);
#1789=LINE('',#10614,#2429);
#1790=LINE('',#10615,#2430);
#1791=LINE('',#10618,#2431);
#1792=LINE('',#10620,#2432);
#1793=LINE('',#10621,#2433);
#1794=LINE('',#10624,#2434);
#1795=LINE('',#10626,#2435);
#1796=LINE('',#10627,#2436);
#1797=LINE('',#10629,#2437);
#1798=LINE('',#10630,#2438);
#1799=VECTOR('',#6375,10.);
#1800=VECTOR('',#6378,10.);
#1801=VECTOR('',#6381,10.);
#1802=VECTOR('',#6382,10.);
#1803=VECTOR('',#6383,10.);
#1804=VECTOR('',#6386,10.);
#1805=VECTOR('',#6389,10.);
#1806=VECTOR('',#6392,10.);
#1807=VECTOR('',#6395,10.);
#1808=VECTOR('',#6398,9.99999999999999);
#1809=VECTOR('',#6401,10.);
#1810=VECTOR('',#6404,10.);
#1811=VECTOR('',#6407,10.);
#1812=VECTOR('',#6410,10.);
#1813=VECTOR('',#6413,10.);
#1814=VECTOR('',#6416,10.);
#1815=VECTOR('',#6423,10.);
#1816=VECTOR('',#6424,10.);
#1817=VECTOR('',#6427,10.);
#1818=VECTOR('',#6428,10.);
#1819=VECTOR('',#6431,10.);
#1820=VECTOR('',#6436,10.);
#1821=VECTOR('',#6437,10.);
#1822=VECTOR('',#6440,10.);
#1823=VECTOR('',#6441,10.);
#1824=VECTOR('',#6446,10.);
#1825=VECTOR('',#6447,10.);
#1826=VECTOR('',#6450,9.99999999999999);
#1827=VECTOR('',#6451,10.);
#1828=VECTOR('',#6454,10.);
#1829=VECTOR('',#6459,10.);
#1830=VECTOR('',#6460,10.);
#1831=VECTOR('',#6463,10.);
#1832=VECTOR('',#6464,10.);
#1833=VECTOR('',#6469,10.);
#1834=VECTOR('',#6472,10.);
#1835=VECTOR('',#6473,10.);
#1836=VECTOR('',#6474,10.);
#1837=VECTOR('',#6475,10.);
#1838=VECTOR('',#6476,10.);
#1839=VECTOR('',#6477,10.);
#1840=VECTOR('',#6480,10.);
#1841=VECTOR('',#6481,10.);
#1842=VECTOR('',#6482,10.);
#1843=VECTOR('',#6483,10.);
#1844=VECTOR('',#6484,10.);
#1845=VECTOR('',#6485,10.);
#1846=VECTOR('',#6492,10.);
#1847=VECTOR('',#6493,10.);
#1848=VECTOR('',#6494,10.);
#1849=VECTOR('',#6497,10.);
#1850=VECTOR('',#6498,10.);
#1851=VECTOR('',#6499,10.);
#1852=VECTOR('',#6500,10.);
#1853=VECTOR('',#6501,10.);
#1854=VECTOR('',#6504,10.);
#1855=VECTOR('',#6507,10.);
#1856=VECTOR('',#6508,10.);
#1857=VECTOR('',#6509,10.);
#1858=VECTOR('',#6510,10.);
#1859=VECTOR('',#6511,10.);
#1860=VECTOR('',#6514,10.);
#1861=VECTOR('',#6515,10.);
#1862=VECTOR('',#6516,10.);
#1863=VECTOR('',#6519,10.);
#1864=VECTOR('',#6520,10.);
#1865=VECTOR('',#6523,10.);
#1866=VECTOR('',#6526,10.);
#1867=VECTOR('',#6529,10.);
#1868=VECTOR('',#6530,10.);
#1869=VECTOR('',#6531,10.);
#1870=VECTOR('',#6532,10.);
#1871=VECTOR('',#6535,10.);
#1872=VECTOR('',#6536,10.);
#1873=VECTOR('',#6537,10.);
#1874=VECTOR('',#6538,10.);
#1875=VECTOR('',#6589,10.);
#1876=VECTOR('',#6590,10.);
#1877=VECTOR('',#6591,10.);
#1878=VECTOR('',#6592,10.);
#1879=VECTOR('',#6593,10.);
#1880=VECTOR('',#6594,10.);
#1881=VECTOR('',#6597,10.);
#1882=VECTOR('',#6598,10.);
#1883=VECTOR('',#6599,10.);
#1884=VECTOR('',#6600,10.);
#1885=VECTOR('',#6601,10.);
#1886=VECTOR('',#6602,10.);
#1887=VECTOR('',#6603,9.99999999999999);
#1888=VECTOR('',#6606,10.);
#1889=VECTOR('',#6607,10.);
#1890=VECTOR('',#6608,10.);
#1891=VECTOR('',#6609,10.);
#1892=VECTOR('',#6610,10.);
#1893=VECTOR('',#6611,10.);
#1894=VECTOR('',#6612,10.);
#1895=VECTOR('',#6613,10.);
#1896=VECTOR('',#6614,10.);
#1897=VECTOR('',#6615,10.);
#1898=VECTOR('',#6616,10.);
#1899=VECTOR('',#6619,10.);
#1900=VECTOR('',#6620,10.);
#1901=VECTOR('',#6623,10.);
#1902=VECTOR('',#6624,10.);
#1903=VECTOR('',#6625,10.);
#1904=VECTOR('',#6626,10.);
#1905=VECTOR('',#6627,10.);
#1906=VECTOR('',#6628,10.);
#1907=VECTOR('',#6629,10.);
#1908=VECTOR('',#6630,10.);
#1909=VECTOR('',#6631,10.);
#1910=VECTOR('',#6632,10.);
#1911=VECTOR('',#6635,10.);
#1912=VECTOR('',#6636,10.);
#1913=VECTOR('',#6637,9.99999999999999);
#1914=VECTOR('',#6638,10.);
#1915=VECTOR('',#6639,10.);
#1916=VECTOR('',#6640,10.);
#1917=VECTOR('',#6643,10.);
#1918=VECTOR('',#6644,10.);
#1919=VECTOR('',#6645,10.);
#1920=VECTOR('',#6646,10.);
#1921=VECTOR('',#6647,10.);
#1922=VECTOR('',#6648,10.);
#1923=VECTOR('',#6649,10.);
#1924=VECTOR('',#6650,10.);
#1925=VECTOR('',#6651,10.);
#1926=VECTOR('',#6652,10.);
#1927=VECTOR('',#6653,10.);
#1928=VECTOR('',#6654,10.);
#1929=VECTOR('',#6657,10.);
#1930=VECTOR('',#6658,10.);
#1931=VECTOR('',#6659,10.);
#1932=VECTOR('',#6660,10.);
#1933=VECTOR('',#6663,10.);
#1934=VECTOR('',#6664,10.);
#1935=VECTOR('',#6665,10.);
#1936=VECTOR('',#6668,10.);
#1937=VECTOR('',#6669,10.);
#1938=VECTOR('',#6670,10.);
#1939=VECTOR('',#6673,10.);
#1940=VECTOR('',#6674,10.);
#1941=VECTOR('',#6677,10.);
#1942=VECTOR('',#6678,10.);
#1943=VECTOR('',#6679,10.);
#1944=VECTOR('',#6680,10.);
#1945=VECTOR('',#6681,10.);
#1946=VECTOR('',#6682,10.);
#1947=VECTOR('',#6683,10.);
#1948=VECTOR('',#6686,10.);
#1949=VECTOR('',#6687,10.);
#1950=VECTOR('',#6690,10.);
#1951=VECTOR('',#6693,10.);
#1952=VECTOR('',#6696,10.);
#1953=VECTOR('',#6699,10.);
#1954=VECTOR('',#6702,9.99999999999997);
#1955=VECTOR('',#6705,9.99999999999998);
#1956=VECTOR('',#6708,10.);
#1957=VECTOR('',#6709,10.);
#1958=VECTOR('',#6710,10.);
#1959=VECTOR('',#6711,10.);
#1960=VECTOR('',#6712,10.);
#1961=VECTOR('',#6713,9.99999999999999);
#1962=VECTOR('',#6714,10.);
#1963=VECTOR('',#6715,10.);
#1964=VECTOR('',#6716,10.);
#1965=VECTOR('',#6717,10.);
#1966=VECTOR('',#6718,10.);
#1967=VECTOR('',#6719,10.);
#1968=VECTOR('',#6720,10.);
#1969=VECTOR('',#6721,10.);
#1970=VECTOR('',#6722,10.);
#1971=VECTOR('',#6723,10.);
#1972=VECTOR('',#6724,10.);
#1973=VECTOR('',#6725,10.);
#1974=VECTOR('',#6726,10.);
#1975=VECTOR('',#6727,10.);
#1976=VECTOR('',#6728,10.);
#1977=VECTOR('',#6729,10.);
#1978=VECTOR('',#6730,10.);
#1979=VECTOR('',#6731,10.);
#1980=VECTOR('',#6732,10.);
#1981=VECTOR('',#6733,10.);
#1982=VECTOR('',#6734,10.);
#1983=VECTOR('',#6735,10.);
#1984=VECTOR('',#6736,10.);
#1985=VECTOR('',#6737,10.);
#1986=VECTOR('',#6738,10.);
#1987=VECTOR('',#6739,10.);
#1988=VECTOR('',#6740,10.);
#1989=VECTOR('',#6741,10.);
#1990=VECTOR('',#6742,9.99999999999999);
#1991=VECTOR('',#6743,10.);
#1992=VECTOR('',#6744,10.);
#1993=VECTOR('',#6745,10.);
#1994=VECTOR('',#6746,10.);
#1995=VECTOR('',#6747,10.);
#1996=VECTOR('',#6748,10.);
#1997=VECTOR('',#6749,10.);
#1998=VECTOR('',#6750,10.);
#1999=VECTOR('',#6751,10.);
#2000=VECTOR('',#6752,10.);
#2001=VECTOR('',#6753,10.);
#2002=VECTOR('',#6754,10.);
#2003=VECTOR('',#6755,10.);
#2004=VECTOR('',#6756,10.);
#2005=VECTOR('',#6757,10.);
#2006=VECTOR('',#6758,10.);
#2007=VECTOR('',#6761,10.);
#2008=VECTOR('',#6762,10.);
#2009=VECTOR('',#6763,10.);
#2010=VECTOR('',#6764,10.);
#2011=VECTOR('',#6765,10.);
#2012=VECTOR('',#6766,10.);
#2013=VECTOR('',#6767,10.);
#2014=VECTOR('',#6768,10.);
#2015=VECTOR('',#6769,10.);
#2016=VECTOR('',#6770,10.);
#2017=VECTOR('',#6773,10.);
#2018=VECTOR('',#6774,10.);
#2019=VECTOR('',#6775,10.);
#2020=VECTOR('',#6776,10.);
#2021=VECTOR('',#6777,10.);
#2022=VECTOR('',#6778,10.);
#2023=VECTOR('',#6779,10.);
#2024=VECTOR('',#6780,10.);
#2025=VECTOR('',#6781,10.);
#2026=VECTOR('',#6782,10.);
#2027=VECTOR('',#6783,10.);
#2028=VECTOR('',#6786,10.);
#2029=VECTOR('',#6789,10.);
#2030=VECTOR('',#6792,10.);
#2031=VECTOR('',#6797,10.);
#2032=VECTOR('',#6798,10.);
#2033=VECTOR('',#6801,10.);
#2034=VECTOR('',#6804,10.);
#2035=VECTOR('',#6807,10.);
#2036=VECTOR('',#6810,10.);
#2037=VECTOR('',#6813,10.);
#2038=VECTOR('',#6814,10.);
#2039=VECTOR('',#6815,10.);
#2040=VECTOR('',#6816,10.);
#2041=VECTOR('',#6817,10.);
#2042=VECTOR('',#6818,10.);
#2043=VECTOR('',#6819,10.);
#2044=VECTOR('',#6820,10.);
#2045=VECTOR('',#6823,10.);
#2046=VECTOR('',#6824,10.);
#2047=VECTOR('',#6825,10.);
#2048=VECTOR('',#6826,10.);
#2049=VECTOR('',#6827,10.);
#2050=VECTOR('',#6828,10.);
#2051=VECTOR('',#6829,10.);
#2052=VECTOR('',#6830,10.);
#2053=VECTOR('',#6831,10.);
#2054=VECTOR('',#6834,10.);
#2055=VECTOR('',#6837,10.);
#2056=VECTOR('',#6838,10.);
#2057=VECTOR('',#6839,10.);
#2058=VECTOR('',#6842,10.);
#2059=VECTOR('',#6843,10.);
#2060=VECTOR('',#6846,10.);
#2061=VECTOR('',#6849,10.);
#2062=VECTOR('',#6850,10.);
#2063=VECTOR('',#6853,10.);
#2064=VECTOR('',#6856,10.);
#2065=VECTOR('',#6859,10.);
#2066=VECTOR('',#6862,10.);
#2067=VECTOR('',#6865,10.);
#2068=VECTOR('',#6868,10.);
#2069=VECTOR('',#6873,10.);
#2070=VECTOR('',#6874,10.);
#2071=VECTOR('',#6877,10.);
#2072=VECTOR('',#6880,10.);
#2073=VECTOR('',#6883,10.);
#2074=VECTOR('',#6886,10.);
#2075=VECTOR('',#6889,10.);
#2076=VECTOR('',#6892,10.);
#2077=VECTOR('',#6895,10.);
#2078=VECTOR('',#6898,10.);
#2079=VECTOR('',#6903,10.);
#2080=VECTOR('',#6904,10.);
#2081=VECTOR('',#6907,10.);
#2082=VECTOR('',#6910,10.);
#2083=VECTOR('',#6913,10.);
#2084=VECTOR('',#6916,10.);
#2085=VECTOR('',#6919,10.);
#2086=VECTOR('',#6924,10.);
#2087=VECTOR('',#6925,10.);
#2088=VECTOR('',#6928,10.);
#2089=VECTOR('',#6931,10.);
#2090=VECTOR('',#6934,10.);
#2091=VECTOR('',#6937,10.);
#2092=VECTOR('',#6940,10.);
#2093=VECTOR('',#6943,10.);
#2094=VECTOR('',#6946,10.);
#2095=VECTOR('',#6949,10.);
#2096=VECTOR('',#6952,10.);
#2097=VECTOR('',#6955,10.);
#2098=VECTOR('',#6960,10.);
#2099=VECTOR('',#6961,10.);
#2100=VECTOR('',#6962,10.);
#2101=VECTOR('',#6965,10.);
#2102=VECTOR('',#6966,10.);
#2103=VECTOR('',#6969,10.);
#2104=VECTOR('',#6970,10.);
#2105=VECTOR('',#6971,10.);
#2106=VECTOR('',#6974,10.);
#2107=VECTOR('',#6977,10.);
#2108=VECTOR('',#6978,10.);
#2109=VECTOR('',#6979,10.);
#2110=VECTOR('',#6982,10.);
#2111=VECTOR('',#6983,10.);
#2112=VECTOR('',#6986,10.);
#2113=VECTOR('',#6987,10.);
#2114=VECTOR('',#6990,10.);
#2115=VECTOR('',#6993,10.);
#2116=VECTOR('',#6994,10.);
#2117=VECTOR('',#6995,10.);
#2118=VECTOR('',#6996,9.99999999999998);
#2119=VECTOR('',#7001,10.);
#2120=VECTOR('',#7006,10.);
#2121=VECTOR('',#7007,10.);
#2122=VECTOR('',#7008,10.);
#2123=VECTOR('',#7009,10.);
#2124=VECTOR('',#7010,10.);
#2125=VECTOR('',#7011,10.);
#2126=VECTOR('',#7014,10.);
#2127=VECTOR('',#7015,10.);
#2128=VECTOR('',#7018,10.);
#2129=VECTOR('',#7023,10.);
#2130=VECTOR('',#7024,10.);
#2131=VECTOR('',#7025,10.);
#2132=VECTOR('',#7028,10.);
#2133=VECTOR('',#7031,10.);
#2134=VECTOR('',#7032,10.);
#2135=VECTOR('',#7033,10.);
#2136=VECTOR('',#7036,10.);
#2137=VECTOR('',#7037,10.);
#2138=VECTOR('',#7040,10.);
#2139=VECTOR('',#7045,10.);
#2140=VECTOR('',#7046,10.);
#2141=VECTOR('',#7049,10.);
#2142=VECTOR('',#7054,10.);
#2143=VECTOR('',#7057,10.);
#2144=VECTOR('',#7066,10.);
#2145=VECTOR('',#7069,10.);
#2146=VECTOR('',#7070,10.);
#2147=VECTOR('',#7075,10.);
#2148=VECTOR('',#7080,10.);
#2149=VECTOR('',#7081,10.);
#2150=VECTOR('',#7082,10.);
#2151=VECTOR('',#7083,10.);
#2152=VECTOR('',#7086,10.);
#2153=VECTOR('',#7095,10.);
#2154=VECTOR('',#7096,10.);
#2155=VECTOR('',#7097,10.);
#2156=VECTOR('',#7098,10.);
#2157=VECTOR('',#7101,10.);
#2158=VECTOR('',#7106,10.);
#2159=VECTOR('',#7109,10.);
#2160=VECTOR('',#7110,9.99999999999997);
#2161=VECTOR('',#7111,10.);
#2162=VECTOR('',#7112,9.99999999999997);
#2163=VECTOR('',#7115,10.);
#2164=VECTOR('',#7120,10.);
#2165=VECTOR('',#7121,9.99999999999998);
#2166=VECTOR('',#7124,10.);
#2167=VECTOR('',#7131,10.);
#2168=VECTOR('',#7134,10.);
#2169=VECTOR('',#7137,10.);
#2170=VECTOR('',#7138,10.);
#2171=VECTOR('',#7141,10.);
#2172=VECTOR('',#7144,10.);
#2173=VECTOR('',#7151,10.);
#2174=VECTOR('',#7154,10.);
#2175=VECTOR('',#7157,10.);
#2176=VECTOR('',#7160,10.);
#2177=VECTOR('',#7161,10.);
#2178=VECTOR('',#7166,10.);
#2179=VECTOR('',#7169,10.);
#2180=VECTOR('',#7172,10.);
#2181=VECTOR('',#7173,10.);
#2182=VECTOR('',#7176,10.);
#2183=VECTOR('',#7179,10.);
#2184=VECTOR('',#7182,10.);
#2185=VECTOR('',#7183,10.);
#2186=VECTOR('',#7186,10.);
#2187=VECTOR('',#7189,10.);
#2188=VECTOR('',#7192,10.);
#2189=VECTOR('',#7197,10.);
#2190=VECTOR('',#7198,10.);
#2191=VECTOR('',#7205,10.);
#2192=VECTOR('',#7208,10.);
#2193=VECTOR('',#7209,10.);
#2194=VECTOR('',#7210,10.);
#2195=VECTOR('',#7217,10.);
#2196=VECTOR('',#7218,10.);
#2197=VECTOR('',#7219,10.);
#2198=VECTOR('',#7224,10.);
#2199=VECTOR('',#7227,10.);
#2200=VECTOR('',#7230,10.);
#2201=VECTOR('',#7231,10.);
#2202=VECTOR('',#7232,10.);
#2203=VECTOR('',#7237,10.);
#2204=VECTOR('',#7240,10.);
#2205=VECTOR('',#7241,10.);
#2206=VECTOR('',#7248,10.);
#2207=VECTOR('',#7249,10.);
#2208=VECTOR('',#7250,10.);
#2209=VECTOR('',#7253,10.);
#2210=VECTOR('',#7254,10.);
#2211=VECTOR('',#7255,10.);
#2212=VECTOR('',#7258,10.);
#2213=VECTOR('',#7261,10.);
#2214=VECTOR('',#7262,10.);
#2215=VECTOR('',#7263,10.);
#2216=VECTOR('',#7264,10.);
#2217=VECTOR('',#7269,9.99999999999998);
#2218=VECTOR('',#7272,10.);
#2219=VECTOR('',#7275,10.);
#2220=VECTOR('',#7276,10.);
#2221=VECTOR('',#7277,10.);
#2222=VECTOR('',#7282,10.);
#2223=VECTOR('',#7283,10.);
#2224=VECTOR('',#7284,10.);
#2225=VECTOR('',#7287,9.99999999999999);
#2226=VECTOR('',#7288,10.);
#2227=VECTOR('',#7291,10.);
#2228=VECTOR('',#7298,10.);
#2229=VECTOR('',#7301,10.);
#2230=VECTOR('',#7306,10.);
#2231=VECTOR('',#7309,10.);
#2232=VECTOR('',#7310,10.);
#2233=VECTOR('',#7313,10.);
#2234=VECTOR('',#7318,10.);
#2235=VECTOR('',#7321,10.);
#2236=VECTOR('',#7324,10.);
#2237=VECTOR('',#7327,10.);
#2238=VECTOR('',#7328,10.);
#2239=VECTOR('',#7331,10.);
#2240=VECTOR('',#7334,10.);
#2241=VECTOR('',#7341,10.);
#2242=VECTOR('',#7344,10.);
#2243=VECTOR('',#7347,10.);
#2244=VECTOR('',#7348,10.);
#2245=VECTOR('',#7349,10.);
#2246=VECTOR('',#7350,10.);
#2247=VECTOR('',#7351,10.);
#2248=VECTOR('',#7352,10.);
#2249=VECTOR('',#7353,10.);
#2250=VECTOR('',#7354,10.);
#2251=VECTOR('',#7357,10.);
#2252=VECTOR('',#7358,10.);
#2253=VECTOR('',#7359,10.);
#2254=VECTOR('',#7360,10.);
#2255=VECTOR('',#7361,10.);
#2256=VECTOR('',#7362,10.);
#2257=VECTOR('',#7363,10.);
#2258=VECTOR('',#7364,10.);
#2259=VECTOR('',#7365,10.);
#2260=VECTOR('',#7366,10.);
#2261=VECTOR('',#7367,10.);
#2262=VECTOR('',#7370,10.);
#2263=VECTOR('',#7371,10.);
#2264=VECTOR('',#7372,10.);
#2265=VECTOR('',#7379,10.);
#2266=VECTOR('',#7380,10.);
#2267=VECTOR('',#7381,10.);
#2268=VECTOR('',#7382,10.);
#2269=VECTOR('',#7385,10.);
#2270=VECTOR('',#7386,10.);
#2271=VECTOR('',#7387,10.);
#2272=VECTOR('',#7390,10.);
#2273=VECTOR('',#7391,10.);
#2274=VECTOR('',#7394,10.);
#2275=VECTOR('',#7395,10.);
#2276=VECTOR('',#7396,10.);
#2277=VECTOR('',#7397,10.);
#2278=VECTOR('',#7400,10.);
#2279=VECTOR('',#7401,10.);
#2280=VECTOR('',#7402,10.);
#2281=VECTOR('',#7405,10.);
#2282=VECTOR('',#7406,10.);
#2283=VECTOR('',#7407,10.);
#2284=VECTOR('',#7410,10.);
#2285=VECTOR('',#7411,10.);
#2286=VECTOR('',#7412,10.);
#2287=VECTOR('',#7415,10.);
#2288=VECTOR('',#7416,10.);
#2289=VECTOR('',#7417,10.);
#2290=VECTOR('',#7420,10.);
#2291=VECTOR('',#7421,10.);
#2292=VECTOR('',#7422,10.);
#2293=VECTOR('',#7425,10.);
#2294=VECTOR('',#7426,10.);
#2295=VECTOR('',#7427,10.);
#2296=VECTOR('',#7430,10.);
#2297=VECTOR('',#7431,10.);
#2298=VECTOR('',#7438,10.);
#2299=VECTOR('',#7439,10.);
#2300=VECTOR('',#7440,10.);
#2301=VECTOR('',#7441,10.);
#2302=VECTOR('',#7444,10.);
#2303=VECTOR('',#7445,10.);
#2304=VECTOR('',#7446,10.);
#2305=VECTOR('',#7449,10.);
#2306=VECTOR('',#7450,10.);
#2307=VECTOR('',#7451,10.);
#2308=VECTOR('',#7454,10.);
#2309=VECTOR('',#7455,10.);
#2310=VECTOR('',#7456,10.);
#2311=VECTOR('',#7459,10.);
#2312=VECTOR('',#7460,10.);
#2313=VECTOR('',#7461,10.);
#2314=VECTOR('',#7464,10.);
#2315=VECTOR('',#7465,10.);
#2316=VECTOR('',#7466,10.);
#2317=VECTOR('',#7469,10.);
#2318=VECTOR('',#7470,10.);
#2319=VECTOR('',#7471,10.);
#2320=VECTOR('',#7474,10.);
#2321=VECTOR('',#7475,10.);
#2322=VECTOR('',#7476,10.);
#2323=VECTOR('',#7479,10.);
#2324=VECTOR('',#7480,10.);
#2325=VECTOR('',#7481,10.);
#2326=VECTOR('',#7484,10.);
#2327=VECTOR('',#7485,10.);
#2328=VECTOR('',#7492,10.);
#2329=VECTOR('',#7493,10.);
#2330=VECTOR('',#7494,10.);
#2331=VECTOR('',#7495,10.);
#2332=VECTOR('',#7498,10.);
#2333=VECTOR('',#7499,10.);
#2334=VECTOR('',#7500,10.);
#2335=VECTOR('',#7503,10.);
#2336=VECTOR('',#7504,10.);
#2337=VECTOR('',#7505,10.);
#2338=VECTOR('',#7508,10.);
#2339=VECTOR('',#7509,10.);
#2340=VECTOR('',#7510,10.);
#2341=VECTOR('',#7513,10.);
#2342=VECTOR('',#7514,10.);
#2343=VECTOR('',#7515,10.);
#2344=VECTOR('',#7518,10.);
#2345=VECTOR('',#7519,10.);
#2346=VECTOR('',#7526,9.99999999999999);
#2347=VECTOR('',#7527,10.);
#2348=VECTOR('',#7528,9.99999999999999);
#2349=VECTOR('',#7529,10.);
#2350=VECTOR('',#7532,10.);
#2351=VECTOR('',#7533,10.);
#2352=VECTOR('',#7534,10.);
#2353=VECTOR('',#7537,10.);
#2354=VECTOR('',#7538,10.);
#2355=VECTOR('',#7539,10.);
#2356=VECTOR('',#7542,10.);
#2357=VECTOR('',#7543,10.);
#2358=VECTOR('',#7544,10.);
#2359=VECTOR('',#7547,10.);
#2360=VECTOR('',#7548,10.);
#2361=VECTOR('',#7549,10.);
#2362=VECTOR('',#7552,10.);
#2363=VECTOR('',#7553,10.);
#2364=VECTOR('',#7554,10.);
#2365=VECTOR('',#7557,10.);
#2366=VECTOR('',#7558,10.);
#2367=VECTOR('',#7565,10.);
#2368=VECTOR('',#7566,10.);
#2369=VECTOR('',#7567,10.);
#2370=VECTOR('',#7568,10.);
#2371=VECTOR('',#7571,10.);
#2372=VECTOR('',#7572,10.);
#2373=VECTOR('',#7573,10.);
#2374=VECTOR('',#7576,10.);
#2375=VECTOR('',#7577,10.);
#2376=VECTOR('',#7578,10.);
#2377=VECTOR('',#7579,10.);
#2378=VECTOR('',#7580,10.);
#2379=VECTOR('',#7581,10.);
#2380=VECTOR('',#7582,10.);
#2381=VECTOR('',#7583,10.);
#2382=VECTOR('',#7584,10.);
#2383=VECTOR('',#7585,10.);
#2384=VECTOR('',#7586,10.);
#2385=VECTOR('',#7587,10.);
#2386=VECTOR('',#7588,10.);
#2387=VECTOR('',#7591,9.99999999999999);
#2388=VECTOR('',#7592,9.99999999999999);
#2389=VECTOR('',#7593,10.);
#2390=VECTOR('',#7594,10.);
#2391=VECTOR('',#7595,10.);
#2392=VECTOR('',#7596,10.);
#2393=VECTOR('',#7597,10.);
#2394=VECTOR('',#7598,10.);
#2395=VECTOR('',#7599,10.);
#2396=VECTOR('',#7600,10.);
#2397=VECTOR('',#7601,10.);
#2398=VECTOR('',#7604,10.);
#2399=VECTOR('',#7605,10.);
#2400=VECTOR('',#7606,10.);
#2401=VECTOR('',#7609,10.);
#2402=VECTOR('',#7610,10.);
#2403=VECTOR('',#7617,10.);
#2404=VECTOR('',#7618,10.);
#2405=VECTOR('',#7619,10.);
#2406=VECTOR('',#7620,10.);
#2407=VECTOR('',#7623,10.);
#2408=VECTOR('',#7624,10.);
#2409=VECTOR('',#7625,10.);
#2410=VECTOR('',#7628,10.);
#2411=VECTOR('',#7629,10.);
#2412=VECTOR('',#7630,10.);
#2413=VECTOR('',#7633,10.);
#2414=VECTOR('',#7634,10.);
#2415=VECTOR('',#7635,10.);
#2416=VECTOR('',#7638,10.);
#2417=VECTOR('',#7639,10.);
#2418=VECTOR('',#7640,10.);
#2419=VECTOR('',#7643,10.);
#2420=VECTOR('',#7644,10.);
#2421=VECTOR('',#7645,10.);
#2422=VECTOR('',#7648,10.);
#2423=VECTOR('',#7649,10.);
#2424=VECTOR('',#7650,10.);
#2425=VECTOR('',#7653,10.);
#2426=VECTOR('',#7654,10.);
#2427=VECTOR('',#7655,10.);
#2428=VECTOR('',#7658,10.);
#2429=VECTOR('',#7659,10.);
#2430=VECTOR('',#7660,10.);
#2431=VECTOR('',#7663,10.);
#2432=VECTOR('',#7664,10.);
#2433=VECTOR('',#7665,10.);
#2434=VECTOR('',#7668,10.);
#2435=VECTOR('',#7669,10.);
#2436=VECTOR('',#7670,10.);
#2437=VECTOR('',#7673,10.);
#2438=VECTOR('',#7674,10.);
#2439=CIRCLE('',#6033,3.);
#2440=CIRCLE('',#6034,3.);
#2441=CIRCLE('',#6037,3.);
#2442=CIRCLE('',#6038,3.);
#2443=CIRCLE('',#6039,3.);
#2444=CIRCLE('',#6040,3.);
#2445=CIRCLE('',#6041,3.);
#2446=CIRCLE('',#6042,2.99999999999999);
#2447=CIRCLE('',#6043,3.00000000000033);
#2448=CIRCLE('',#6044,2.99999999999999);
#2449=CIRCLE('',#6045,3.00000000000001);
#2450=CIRCLE('',#6046,3.00000000000029);
#2451=CIRCLE('',#6047,3.00000000000003);
#2452=CIRCLE('',#6049,3.);
#2453=CIRCLE('',#6053,3.);
#2454=CIRCLE('',#6056,3.);
#2455=CIRCLE('',#6060,3.00000000000029);
#2456=CIRCLE('',#6063,3.00000000000003);
#2457=CIRCLE('',#6067,3.);
#2458=CIRCLE('',#6068,3.);
#2459=CIRCLE('',#6069,3.00000000000001);
#2460=CIRCLE('',#6070,2.99999999999999);
#2461=CIRCLE('',#6071,3.00000000000033);
#2462=CIRCLE('',#6072,2.99999999999999);
#2463=CIRCLE('',#6081,2.8);
#2464=CIRCLE('',#6082,2.8);
#2465=CIRCLE('',#6086,2.8);
#2466=CIRCLE('',#6087,2.8);
#2467=CIRCLE('',#6091,2.8);
#2468=CIRCLE('',#6092,2.8);
#2469=CIRCLE('',#6096,2.8);
#2470=CIRCLE('',#6097,2.8);
#2471=CIRCLE('',#6116,3.);
#2472=CIRCLE('',#6117,3.);
#2473=CIRCLE('',#6118,3.);
#2474=CIRCLE('',#6119,3.);
#2475=CIRCLE('',#6120,3.);
#2476=CIRCLE('',#6121,3.);
#2477=CIRCLE('',#6186,2.);
#2478=CIRCLE('',#6187,2.);
#2479=CIRCLE('',#6190,2.);
#2480=CIRCLE('',#6192,2.);
#2481=CIRCLE('',#6193,2.);
#2482=CIRCLE('',#6197,2.);
#2483=CIRCLE('',#6202,2.99999999999994);
#2484=CIRCLE('',#6207,2.9999999999999);
#2485=CIRCLE('',#6209,2.);
#2486=CIRCLE('',#6211,2.);
#2487=CIRCLE('',#6214,2.99999999999997);
#2488=CIRCLE('',#6215,2.99999999999997);
#2489=CIRCLE('',#6222,3.);
#2490=CIRCLE('',#6225,3.);
#2491=CIRCLE('',#6227,3.);
#2492=CIRCLE('',#6239,2.);
#2493=CIRCLE('',#6240,2.);
#2494=CIRCLE('',#6246,2.99999999999994);
#2495=CIRCLE('',#6247,2.99999999999999);
#2496=CIRCLE('',#6248,2.99999999999992);
#2497=CIRCLE('',#6255,3.);
#2498=CIRCLE('',#6258,2.);
#2499=CIRCLE('',#6259,2.);
#2500=CIRCLE('',#6262,3.);
#2501=CIRCLE('',#6265,3.);
#2502=CIRCLE('',#6279,2.99999999999999);
#2503=CIRCLE('',#6282,2.);
#2504=CIRCLE('',#6286,2.);
#2505=CIRCLE('',#6289,2.);
#2506=CIRCLE('',#6295,2.);
#2507=VERTEX_POINT('',#7684);
#2508=VERTEX_POINT('',#7685);
#2509=VERTEX_POINT('',#7687);
#2510=VERTEX_POINT('',#7689);
#2511=VERTEX_POINT('',#7693);
#2512=VERTEX_POINT('',#7695);
#2513=VERTEX_POINT('',#7699);
#2514=VERTEX_POINT('',#7701);
#2515=VERTEX_POINT('',#7703);
#2516=VERTEX_POINT('',#7705);
#2517=VERTEX_POINT('',#7707);
#2518=VERTEX_POINT('',#7709);
#2519=VERTEX_POINT('',#7711);
#2520=VERTEX_POINT('',#7713);
#2521=VERTEX_POINT('',#7715);
#2522=VERTEX_POINT('',#7718);
#2523=VERTEX_POINT('',#7719);
#2524=VERTEX_POINT('',#7721);
#2525=VERTEX_POINT('',#7723);
#2526=VERTEX_POINT('',#7725);
#2527=VERTEX_POINT('',#7727);
#2528=VERTEX_POINT('',#7729);
#2529=VERTEX_POINT('',#7731);
#2530=VERTEX_POINT('',#7733);
#2531=VERTEX_POINT('',#7735);
#2532=VERTEX_POINT('',#7737);
#2533=VERTEX_POINT('',#7739);
#2534=VERTEX_POINT('',#7743);
#2535=VERTEX_POINT('',#7744);
#2536=VERTEX_POINT('',#7749);
#2537=VERTEX_POINT('',#7755);
#2538=VERTEX_POINT('',#7756);
#2539=VERTEX_POINT('',#7761);
#2540=VERTEX_POINT('',#7765);
#2541=VERTEX_POINT('',#7766);
#2542=VERTEX_POINT('',#7771);
#2543=VERTEX_POINT('',#7777);
#2544=VERTEX_POINT('',#7778);
#2545=VERTEX_POINT('',#7783);
#2546=VERTEX_POINT('',#7787);
#2547=VERTEX_POINT('',#7791);
#2548=VERTEX_POINT('',#7793);
#2549=VERTEX_POINT('',#7795);
#2550=VERTEX_POINT('',#7797);
#2551=VERTEX_POINT('',#7799);
#2552=VERTEX_POINT('',#7803);
#2553=VERTEX_POINT('',#7805);
#2554=VERTEX_POINT('',#7807);
#2555=VERTEX_POINT('',#7809);
#2556=VERTEX_POINT('',#7811);
#2557=VERTEX_POINT('',#7817);
#2558=VERTEX_POINT('',#7819);
#2559=VERTEX_POINT('',#7822);
#2560=VERTEX_POINT('',#7824);
#2561=VERTEX_POINT('',#7826);
#2562=VERTEX_POINT('',#7828);
#2563=VERTEX_POINT('',#7830);
#2564=VERTEX_POINT('',#7832);
#2565=VERTEX_POINT('',#7834);
#2566=VERTEX_POINT('',#7836);
#2567=VERTEX_POINT('',#7838);
#2568=VERTEX_POINT('',#7840);
#2569=VERTEX_POINT('',#7842);
#2570=VERTEX_POINT('',#7844);
#2571=VERTEX_POINT('',#7846);
#2572=VERTEX_POINT('',#7848);
#2573=VERTEX_POINT('',#7851);
#2574=VERTEX_POINT('',#7853);
#2575=VERTEX_POINT('',#7864);
#2576=VERTEX_POINT('',#7866);
#2577=VERTEX_POINT('',#7872);
#2578=VERTEX_POINT('',#7874);
#2579=VERTEX_POINT('',#7902);
#2580=VERTEX_POINT('',#7903);
#2581=VERTEX_POINT('',#7905);
#2582=VERTEX_POINT('',#7907);
#2583=VERTEX_POINT('',#7909);
#2584=VERTEX_POINT('',#7911);
#2585=VERTEX_POINT('',#7915);
#2586=VERTEX_POINT('',#7916);
#2587=VERTEX_POINT('',#7918);
#2588=VERTEX_POINT('',#7920);
#2589=VERTEX_POINT('',#7922);
#2590=VERTEX_POINT('',#7924);
#2591=VERTEX_POINT('',#7926);
#2592=VERTEX_POINT('',#7930);
#2593=VERTEX_POINT('',#7931);
#2594=VERTEX_POINT('',#7933);
#2595=VERTEX_POINT('',#7935);
#2596=VERTEX_POINT('',#7937);
#2597=VERTEX_POINT('',#7939);
#2598=VERTEX_POINT('',#7941);
#2599=VERTEX_POINT('',#7943);
#2600=VERTEX_POINT('',#7946);
#2601=VERTEX_POINT('',#7947);
#2602=VERTEX_POINT('',#7949);
#2603=VERTEX_POINT('',#7953);
#2604=VERTEX_POINT('',#7954);
#2605=VERTEX_POINT('',#7960);
#2606=VERTEX_POINT('',#7966);
#2607=VERTEX_POINT('',#7972);
#2608=VERTEX_POINT('',#7978);
#2609=VERTEX_POINT('',#7984);
#2610=VERTEX_POINT('',#7990);
#2611=VERTEX_POINT('',#7996);
#2612=VERTEX_POINT('',#8002);
#2613=VERTEX_POINT('',#8004);
#2614=VERTEX_POINT('',#8010);
#2615=VERTEX_POINT('',#8016);
#2616=VERTEX_POINT('',#8022);
#2617=VERTEX_POINT('',#8028);
#2618=VERTEX_POINT('',#8034);
#2619=VERTEX_POINT('',#8040);
#2620=VERTEX_POINT('',#8046);
#2621=VERTEX_POINT('',#8054);
#2622=VERTEX_POINT('',#8055);
#2623=VERTEX_POINT('',#8057);
#2624=VERTEX_POINT('',#8059);
#2625=VERTEX_POINT('',#8061);
#2626=VERTEX_POINT('',#8063);
#2627=VERTEX_POINT('',#8065);
#2628=VERTEX_POINT('',#8067);
#2629=VERTEX_POINT('',#8069);
#2630=VERTEX_POINT('',#8071);
#2631=VERTEX_POINT('',#8075);
#2632=VERTEX_POINT('',#8076);
#2633=VERTEX_POINT('',#8078);
#2634=VERTEX_POINT('',#8080);
#2635=VERTEX_POINT('',#8086);
#2636=VERTEX_POINT('',#8092);
#2637=VERTEX_POINT('',#8098);
#2638=VERTEX_POINT('',#8104);
#2639=VERTEX_POINT('',#8110);
#2640=VERTEX_POINT('',#8116);
#2641=VERTEX_POINT('',#8122);
#2642=VERTEX_POINT('',#8128);
#2643=VERTEX_POINT('',#8130);
#2644=VERTEX_POINT('',#8136);
#2645=VERTEX_POINT('',#8142);
#2646=VERTEX_POINT('',#8148);
#2647=VERTEX_POINT('',#8154);
#2648=VERTEX_POINT('',#8160);
#2649=VERTEX_POINT('',#8166);
#2650=VERTEX_POINT('',#8172);
#2651=VERTEX_POINT('',#8178);
#2652=VERTEX_POINT('',#8184);
#2653=VERTEX_POINT('',#8190);
#2654=VERTEX_POINT('',#8192);
#2655=VERTEX_POINT('',#8196);
#2656=VERTEX_POINT('',#8197);
#2657=VERTEX_POINT('',#8199);
#2658=VERTEX_POINT('',#8201);
#2659=VERTEX_POINT('',#8203);
#2660=VERTEX_POINT('',#8205);
#2661=VERTEX_POINT('',#8207);
#2662=VERTEX_POINT('',#8209);
#2663=VERTEX_POINT('',#8211);
#2664=VERTEX_POINT('',#8213);
#2665=VERTEX_POINT('',#8215);
#2666=VERTEX_POINT('',#8217);
#2667=VERTEX_POINT('',#8221);
#2668=VERTEX_POINT('',#8222);
#2669=VERTEX_POINT('',#8224);
#2670=VERTEX_POINT('',#8226);
#2671=VERTEX_POINT('',#8230);
#2672=VERTEX_POINT('',#8232);
#2673=VERTEX_POINT('',#8236);
#2674=VERTEX_POINT('',#8238);
#2675=VERTEX_POINT('',#8245);
#2676=VERTEX_POINT('',#8247);
#2677=VERTEX_POINT('',#8249);
#2678=VERTEX_POINT('',#8251);
#2679=VERTEX_POINT('',#8253);
#2680=VERTEX_POINT('',#8255);
#2681=VERTEX_POINT('',#8259);
#2682=VERTEX_POINT('',#8263);
#2683=VERTEX_POINT('',#8264);
#2684=VERTEX_POINT('',#8266);
#2685=VERTEX_POINT('',#8268);
#2686=VERTEX_POINT('',#8270);
#2687=VERTEX_POINT('',#8272);
#2688=VERTEX_POINT('',#8274);
#2689=VERTEX_POINT('',#8276);
#2690=VERTEX_POINT('',#8278);
#2691=VERTEX_POINT('',#8280);
#2692=VERTEX_POINT('',#8282);
#2693=VERTEX_POINT('',#8284);
#2694=VERTEX_POINT('',#8287);
#2695=VERTEX_POINT('',#8288);
#2696=VERTEX_POINT('',#8290);
#2697=VERTEX_POINT('',#8292);
#2698=VERTEX_POINT('',#8294);
#2699=VERTEX_POINT('',#8296);
#2700=VERTEX_POINT('',#8298);
#2701=VERTEX_POINT('',#8304);
#2702=VERTEX_POINT('',#8310);
#2703=VERTEX_POINT('',#8316);
#2704=VERTEX_POINT('',#8322);
#2705=VERTEX_POINT('',#8328);
#2706=VERTEX_POINT('',#8334);
#2707=VERTEX_POINT('',#8340);
#2708=VERTEX_POINT('',#8346);
#2709=VERTEX_POINT('',#8352);
#2710=VERTEX_POINT('',#8358);
#2711=VERTEX_POINT('',#8360);
#2712=VERTEX_POINT('',#8366);
#2713=VERTEX_POINT('',#8372);
#2714=VERTEX_POINT('',#8378);
#2715=VERTEX_POINT('',#8384);
#2716=VERTEX_POINT('',#8390);
#2717=VERTEX_POINT('',#8396);
#2718=VERTEX_POINT('',#8407);
#2719=VERTEX_POINT('',#8408);
#2720=VERTEX_POINT('',#8410);
#2721=VERTEX_POINT('',#8412);
#2722=VERTEX_POINT('',#8414);
#2723=VERTEX_POINT('',#8416);
#2724=VERTEX_POINT('',#8419);
#2725=VERTEX_POINT('',#8420);
#2726=VERTEX_POINT('',#8426);
#2727=VERTEX_POINT('',#8432);
#2728=VERTEX_POINT('',#8434);
#2729=VERTEX_POINT('',#8440);
#2730=VERTEX_POINT('',#8446);
#2731=VERTEX_POINT('',#8452);
#2732=VERTEX_POINT('',#8458);
#2733=VERTEX_POINT('',#8464);
#2734=VERTEX_POINT('',#8470);
#2735=VERTEX_POINT('',#8476);
#2736=VERTEX_POINT('',#8482);
#2737=VERTEX_POINT('',#8484);
#2738=VERTEX_POINT('',#8490);
#2739=VERTEX_POINT('',#8496);
#2740=VERTEX_POINT('',#8502);
#2741=VERTEX_POINT('',#8508);
#2742=VERTEX_POINT('',#8519);
#2743=VERTEX_POINT('',#8520);
#2744=VERTEX_POINT('',#8522);
#2745=VERTEX_POINT('',#8524);
#2746=VERTEX_POINT('',#8526);
#2747=VERTEX_POINT('',#8528);
#2748=VERTEX_POINT('',#8530);
#2749=VERTEX_POINT('',#8532);
#2750=VERTEX_POINT('',#8535);
#2751=VERTEX_POINT('',#8536);
#2752=VERTEX_POINT('',#8538);
#2753=VERTEX_POINT('',#8540);
#2754=VERTEX_POINT('',#8542);
#2755=VERTEX_POINT('',#8544);
#2756=VERTEX_POINT('',#8546);
#2757=VERTEX_POINT('',#8548);
#2758=VERTEX_POINT('',#8550);
#2759=VERTEX_POINT('',#8552);
#2760=VERTEX_POINT('',#8555);
#2761=VERTEX_POINT('',#8556);
#2762=VERTEX_POINT('',#8558);
#2763=VERTEX_POINT('',#8560);
#2764=VERTEX_POINT('',#8562);
#2765=VERTEX_POINT('',#8564);
#2766=VERTEX_POINT('',#8566);
#2767=VERTEX_POINT('',#8569);
#2768=VERTEX_POINT('',#8570);
#2769=VERTEX_POINT('',#8572);
#2770=VERTEX_POINT('',#8574);
#2771=VERTEX_POINT('',#8576);
#2772=VERTEX_POINT('',#8578);
#2773=VERTEX_POINT('',#8580);
#2774=VERTEX_POINT('',#8582);
#2775=VERTEX_POINT('',#8584);
#2776=VERTEX_POINT('',#8586);
#2777=VERTEX_POINT('',#8588);
#2778=VERTEX_POINT('',#8590);
#2779=VERTEX_POINT('',#8996);
#2780=VERTEX_POINT('',#8997);
#2781=VERTEX_POINT('',#9002);
#2782=VERTEX_POINT('',#9082);
#2783=VERTEX_POINT('',#9084);
#2784=VERTEX_POINT('',#9088);
#2785=VERTEX_POINT('',#9092);
#2786=VERTEX_POINT('',#9094);
#2787=VERTEX_POINT('',#9100);
#2788=VERTEX_POINT('',#9102);
#2789=VERTEX_POINT('',#9106);
#2790=VERTEX_POINT('',#9110);
#2791=VERTEX_POINT('',#9116);
#2792=VERTEX_POINT('',#9117);
#2793=VERTEX_POINT('',#9119);
#2794=VERTEX_POINT('',#9121);
#2795=VERTEX_POINT('',#9125);
#2796=VERTEX_POINT('',#9127);
#2797=VERTEX_POINT('',#9131);
#2798=VERTEX_POINT('',#9133);
#2799=VERTEX_POINT('',#9135);
#2800=VERTEX_POINT('',#9137);
#2801=VERTEX_POINT('',#9139);
#2802=VERTEX_POINT('',#9143);
#2803=VERTEX_POINT('',#9144);
#2804=VERTEX_POINT('',#9146);
#2805=VERTEX_POINT('',#9151);
#2806=VERTEX_POINT('',#9152);
#2807=VERTEX_POINT('',#9154);
#2808=VERTEX_POINT('',#9156);
#2809=VERTEX_POINT('',#9158);
#2810=VERTEX_POINT('',#9160);
#2811=VERTEX_POINT('',#9164);
#2812=VERTEX_POINT('',#9166);
#2813=VERTEX_POINT('',#9170);
#2814=VERTEX_POINT('',#9174);
#2815=VERTEX_POINT('',#9183);
#2816=VERTEX_POINT('',#9184);
#2817=VERTEX_POINT('',#9187);
#2818=VERTEX_POINT('',#9189);
#2819=VERTEX_POINT('',#9191);
#2820=VERTEX_POINT('',#9205);
#2821=VERTEX_POINT('',#9206);
#2822=VERTEX_POINT('',#9208);
#2823=VERTEX_POINT('',#9220);
#2824=VERTEX_POINT('',#9222);
#2825=VERTEX_POINT('',#9224);
#2826=VERTEX_POINT('',#9229);
#2827=VERTEX_POINT('',#9233);
#2828=VERTEX_POINT('',#9234);
#2829=VERTEX_POINT('',#9237);
#2830=VERTEX_POINT('',#9239);
#2831=VERTEX_POINT('',#9248);
#2832=VERTEX_POINT('',#9249);
#2833=VERTEX_POINT('',#9251);
#2834=VERTEX_POINT('',#9256);
#2835=VERTEX_POINT('',#9268);
#2836=VERTEX_POINT('',#9270);
#2837=VERTEX_POINT('',#9275);
#2838=VERTEX_POINT('',#9279);
#2839=VERTEX_POINT('',#9283);
#2840=VERTEX_POINT('',#9287);
#2841=VERTEX_POINT('',#9308);
#2842=VERTEX_POINT('',#9312);
#2843=VERTEX_POINT('',#9313);
#2844=VERTEX_POINT('',#9315);
#2845=VERTEX_POINT('',#9317);
#2846=VERTEX_POINT('',#9321);
#2847=VERTEX_POINT('',#9325);
#2848=VERTEX_POINT('',#9327);
#2849=VERTEX_POINT('',#9331);
#2850=VERTEX_POINT('',#9335);
#2851=VERTEX_POINT('',#9337);
#2852=VERTEX_POINT('',#9339);
#2853=VERTEX_POINT('',#9341);
#2854=VERTEX_POINT('',#9343);
#2855=VERTEX_POINT('',#9347);
#2856=VERTEX_POINT('',#9352);
#2857=VERTEX_POINT('',#9356);
#2858=VERTEX_POINT('',#9357);
#2859=VERTEX_POINT('',#9364);
#2860=VERTEX_POINT('',#9366);
#2861=VERTEX_POINT('',#9370);
#2862=VERTEX_POINT('',#9371);
#2863=VERTEX_POINT('',#9373);
#2864=VERTEX_POINT('',#9375);
#2865=VERTEX_POINT('',#9379);
#2866=VERTEX_POINT('',#9381);
#2867=VERTEX_POINT('',#9385);
#2868=VERTEX_POINT('',#9389);
#2869=VERTEX_POINT('',#9395);
#2870=VERTEX_POINT('',#9397);
#2871=VERTEX_POINT('',#9401);
#2872=VERTEX_POINT('',#9403);
#2873=VERTEX_POINT('',#9407);
#2874=VERTEX_POINT('',#9421);
#2875=VERTEX_POINT('',#9423);
#2876=VERTEX_POINT('',#9426);
#2877=VERTEX_POINT('',#9430);
#2878=VERTEX_POINT('',#9434);
#2879=VERTEX_POINT('',#9440);
#2880=VERTEX_POINT('',#9442);
#2881=VERTEX_POINT('',#9445);
#2882=VERTEX_POINT('',#9462);
#2883=VERTEX_POINT('',#9466);
#2884=VERTEX_POINT('',#9476);
#2885=VERTEX_POINT('',#9482);
#2886=VERTEX_POINT('',#9486);
#2887=VERTEX_POINT('',#9492);
#2888=VERTEX_POINT('',#9494);
#2889=VERTEX_POINT('',#9498);
#2890=VERTEX_POINT('',#9507);
#2891=VERTEX_POINT('',#9523);
#2892=VERTEX_POINT('',#9524);
#2893=VERTEX_POINT('',#9530);
#2894=VERTEX_POINT('',#9532);
#2895=VERTEX_POINT('',#9549);
#2896=VERTEX_POINT('',#9555);
#2897=VERTEX_POINT('',#9572);
#2898=VERTEX_POINT('',#9578);
#2899=VERTEX_POINT('',#9595);
#2900=VERTEX_POINT('',#9601);
#2901=VERTEX_POINT('',#9618);
#2902=VERTEX_POINT('',#9624);
#2903=VERTEX_POINT('',#9641);
#2904=VERTEX_POINT('',#9647);
#2905=VERTEX_POINT('',#9664);
#2906=VERTEX_POINT('',#9670);
#2907=VERTEX_POINT('',#9678);
#2908=VERTEX_POINT('',#9680);
#2909=VERTEX_POINT('',#9693);
#2910=VERTEX_POINT('',#9699);
#2911=VERTEX_POINT('',#9716);
#2912=VERTEX_POINT('',#9722);
#2913=VERTEX_POINT('',#9739);
#2914=VERTEX_POINT('',#9745);
#2915=VERTEX_POINT('',#9762);
#2916=VERTEX_POINT('',#9768);
#2917=VERTEX_POINT('',#9785);
#2918=VERTEX_POINT('',#9791);
#2919=VERTEX_POINT('',#9808);
#2920=VERTEX_POINT('',#9814);
#2921=VERTEX_POINT('',#9831);
#2922=VERTEX_POINT('',#9837);
#2923=VERTEX_POINT('',#9854);
#2924=VERTEX_POINT('',#9860);
#2925=VERTEX_POINT('',#9868);
#2926=VERTEX_POINT('',#9870);
#2927=VERTEX_POINT('',#9896);
#2928=VERTEX_POINT('',#9897);
#2929=VERTEX_POINT('',#9899);
#2930=VERTEX_POINT('',#9901);
#2931=VERTEX_POINT('',#9905);
#2932=VERTEX_POINT('',#9907);
#2933=VERTEX_POINT('',#9914);
#2934=VERTEX_POINT('',#9915);
#2935=VERTEX_POINT('',#9917);
#2936=VERTEX_POINT('',#9919);
#2937=VERTEX_POINT('',#9923);
#2938=VERTEX_POINT('',#9925);
#2939=VERTEX_POINT('',#9929);
#2940=VERTEX_POINT('',#9931);
#2941=VERTEX_POINT('',#9935);
#2942=VERTEX_POINT('',#9937);
#2943=VERTEX_POINT('',#9941);
#2944=VERTEX_POINT('',#9943);
#2945=VERTEX_POINT('',#9947);
#2946=VERTEX_POINT('',#9949);
#2947=VERTEX_POINT('',#9953);
#2948=VERTEX_POINT('',#9955);
#2949=VERTEX_POINT('',#9964);
#2950=VERTEX_POINT('',#9965);
#2951=VERTEX_POINT('',#9967);
#2952=VERTEX_POINT('',#9969);
#2953=VERTEX_POINT('',#9973);
#2954=VERTEX_POINT('',#9975);
#2955=VERTEX_POINT('',#9979);
#2956=VERTEX_POINT('',#9981);
#2957=VERTEX_POINT('',#9985);
#2958=VERTEX_POINT('',#9987);
#2959=VERTEX_POINT('',#9991);
#2960=VERTEX_POINT('',#9993);
#2961=VERTEX_POINT('',#9997);
#2962=VERTEX_POINT('',#9999);
#2963=VERTEX_POINT('',#10003);
#2964=VERTEX_POINT('',#10005);
#2965=VERTEX_POINT('',#10009);
#2966=VERTEX_POINT('',#10011);
#2967=VERTEX_POINT('',#10015);
#2968=VERTEX_POINT('',#10017);
#2969=VERTEX_POINT('',#10026);
#2970=VERTEX_POINT('',#10027);
#2971=VERTEX_POINT('',#10029);
#2972=VERTEX_POINT('',#10031);
#2973=VERTEX_POINT('',#10035);
#2974=VERTEX_POINT('',#10037);
#2975=VERTEX_POINT('',#10041);
#2976=VERTEX_POINT('',#10043);
#2977=VERTEX_POINT('',#10047);
#2978=VERTEX_POINT('',#10049);
#2979=VERTEX_POINT('',#10053);
#2980=VERTEX_POINT('',#10055);
#2981=VERTEX_POINT('',#10064);
#2982=VERTEX_POINT('',#10065);
#2983=VERTEX_POINT('',#10067);
#2984=VERTEX_POINT('',#10069);
#2985=VERTEX_POINT('',#10073);
#2986=VERTEX_POINT('',#10075);
#2987=VERTEX_POINT('',#10079);
#2988=VERTEX_POINT('',#10081);
#2989=VERTEX_POINT('',#10085);
#2990=VERTEX_POINT('',#10087);
#2991=VERTEX_POINT('',#10091);
#2992=VERTEX_POINT('',#10093);
#2993=VERTEX_POINT('',#10097);
#2994=VERTEX_POINT('',#10099);
#2995=VERTEX_POINT('',#10108);
#2996=VERTEX_POINT('',#10109);
#2997=VERTEX_POINT('',#10111);
#2998=VERTEX_POINT('',#10113);
#2999=VERTEX_POINT('',#10117);
#3000=VERTEX_POINT('',#10119);
#3001=VERTEX_POINT('',#10123);
#3002=VERTEX_POINT('',#10125);
#3003=VERTEX_POINT('',#10138);
#3004=VERTEX_POINT('',#10144);
#3005=VERTEX_POINT('',#10161);
#3006=VERTEX_POINT('',#10167);
#3007=VERTEX_POINT('',#10184);
#3008=VERTEX_POINT('',#10190);
#3009=VERTEX_POINT('',#10207);
#3010=VERTEX_POINT('',#10213);
#3011=VERTEX_POINT('',#10230);
#3012=VERTEX_POINT('',#10236);
#3013=VERTEX_POINT('',#10253);
#3014=VERTEX_POINT('',#10259);
#3015=VERTEX_POINT('',#10276);
#3016=VERTEX_POINT('',#10282);
#3017=VERTEX_POINT('',#10299);
#3018=VERTEX_POINT('',#10305);
#3019=VERTEX_POINT('',#10322);
#3020=VERTEX_POINT('',#10328);
#3021=VERTEX_POINT('',#10345);
#3022=VERTEX_POINT('',#10351);
#3023=VERTEX_POINT('',#10359);
#3024=VERTEX_POINT('',#10361);
#3025=VERTEX_POINT('',#10374);
#3026=VERTEX_POINT('',#10380);
#3027=VERTEX_POINT('',#10397);
#3028=VERTEX_POINT('',#10403);
#3029=VERTEX_POINT('',#10420);
#3030=VERTEX_POINT('',#10426);
#3031=VERTEX_POINT('',#10443);
#3032=VERTEX_POINT('',#10449);
#3033=VERTEX_POINT('',#10466);
#3034=VERTEX_POINT('',#10472);
#3035=VERTEX_POINT('',#10489);
#3036=VERTEX_POINT('',#10495);
#3037=VERTEX_POINT('',#10512);
#3038=VERTEX_POINT('',#10518);
#3039=VERTEX_POINT('',#10535);
#3040=VERTEX_POINT('',#10541);
#3041=VERTEX_POINT('',#10549);
#3042=VERTEX_POINT('',#10551);
#3043=VERTEX_POINT('',#10560);
#3044=VERTEX_POINT('',#10561);
#3045=VERTEX_POINT('',#10563);
#3046=VERTEX_POINT('',#10565);
#3047=VERTEX_POINT('',#10569);
#3048=VERTEX_POINT('',#10571);
#3049=VERTEX_POINT('',#10575);
#3050=VERTEX_POINT('',#10577);
#3051=VERTEX_POINT('',#10581);
#3052=VERTEX_POINT('',#10583);
#3053=VERTEX_POINT('',#10587);
#3054=VERTEX_POINT('',#10589);
#3055=VERTEX_POINT('',#10593);
#3056=VERTEX_POINT('',#10595);
#3057=VERTEX_POINT('',#10599);
#3058=VERTEX_POINT('',#10601);
#3059=VERTEX_POINT('',#10605);
#3060=VERTEX_POINT('',#10607);
#3061=VERTEX_POINT('',#10611);
#3062=VERTEX_POINT('',#10613);
#3063=VERTEX_POINT('',#10617);
#3064=VERTEX_POINT('',#10619);
#3065=VERTEX_POINT('',#10623);
#3066=VERTEX_POINT('',#10625);
#3067=EDGE_CURVE('',#2507,#2508,#2439,.T.);
#3068=EDGE_CURVE('',#2508,#2509,#1159,.T.);
#3069=EDGE_CURVE('',#2509,#2510,#2440,.T.);
#3070=EDGE_CURVE('',#2510,#2507,#1160,.T.);
#3071=EDGE_CURVE('',#2511,#2510,#1161,.T.);
#3072=EDGE_CURVE('',#2512,#2511,#1162,.T.);
#3073=EDGE_CURVE('',#2507,#2512,#1163,.T.);
#3074=EDGE_CURVE('',#2509,#2513,#1164,.F.);
#3075=EDGE_CURVE('',#2514,#2513,#2441,.T.);
#3076=EDGE_CURVE('',#2514,#2515,#1165,.T.);
#3077=EDGE_CURVE('',#2516,#2515,#2442,.T.);
#3078=EDGE_CURVE('',#2516,#2517,#1166,.T.);
#3079=EDGE_CURVE('',#2518,#2517,#2443,.T.);
#3080=EDGE_CURVE('',#2518,#2519,#1167,.F.);
#3081=EDGE_CURVE('',#2520,#2519,#2444,.T.);
#3082=EDGE_CURVE('',#2520,#2521,#1168,.T.);
#3083=EDGE_CURVE('',#2511,#2521,#2445,.T.);
#3084=EDGE_CURVE('',#2522,#2523,#1169,.F.);
#3085=EDGE_CURVE('',#2524,#2523,#2446,.T.);
#3086=EDGE_CURVE('',#2524,#2525,#1170,.F.);
#3087=EDGE_CURVE('',#2526,#2525,#2447,.T.);
#3088=EDGE_CURVE('',#2526,#2527,#1171,.F.);
#3089=EDGE_CURVE('',#2528,#2527,#2448,.T.);
#3090=EDGE_CURVE('',#2528,#2529,#1172,.F.);
#3091=EDGE_CURVE('',#2530,#2529,#2449,.T.);
#3092=EDGE_CURVE('',#2530,#2531,#1173,.F.);
#3093=EDGE_CURVE('',#2532,#2531,#2450,.T.);
#3094=EDGE_CURVE('',#2532,#2533,#1174,.F.);
#3095=EDGE_CURVE('',#2522,#2533,#2451,.T.);
#3096=EDGE_CURVE('',#2534,#2535,#2452,.T.);
#3097=EDGE_CURVE('',#2535,#2514,#1175,.T.);
#3098=EDGE_CURVE('',#2513,#2534,#1176,.T.);
#3099=EDGE_CURVE('',#2536,#2535,#1177,.T.);
#3100=EDGE_CURVE('',#2515,#2536,#1178,.T.);
#3101=EDGE_CURVE('',#2534,#2508,#1179,.T.);
#3102=EDGE_CURVE('',#2537,#2538,#2453,.T.);
#3103=EDGE_CURVE('',#2538,#2518,#1180,.T.);
#3104=EDGE_CURVE('',#2517,#2537,#1181,.T.);
#3105=EDGE_CURVE('',#2539,#2516,#1182,.T.);
#3106=EDGE_CURVE('',#2537,#2539,#1183,.T.);
#3107=EDGE_CURVE('',#2540,#2541,#2454,.T.);
#3108=EDGE_CURVE('',#2541,#2520,#1184,.T.);
#3109=EDGE_CURVE('',#2519,#2540,#1185,.T.);
#3110=EDGE_CURVE('',#2542,#2541,#1186,.T.);
#3111=EDGE_CURVE('',#2521,#2542,#1187,.T.);
#3112=EDGE_CURVE('',#2540,#2538,#1188,.T.);
#3113=EDGE_CURVE('',#2543,#2544,#2455,.T.);
#3114=EDGE_CURVE('',#2544,#2532,#1189,.T.);
#3115=EDGE_CURVE('',#2531,#2543,#1190,.T.);
#3116=EDGE_CURVE('',#2545,#2544,#1191,.T.);
#3117=EDGE_CURVE('',#2533,#2545,#1192,.T.);
#3118=EDGE_CURVE('',#2545,#2546,#2456,.T.);
#3119=EDGE_CURVE('',#2546,#2522,#1193,.T.);
#3120=EDGE_CURVE('',#2547,#2546,#1194,.T.);
#3121=EDGE_CURVE('',#2547,#2548,#1195,.T.);
#3122=EDGE_CURVE('',#2548,#2549,#1196,.T.);
#3123=EDGE_CURVE('',#2549,#2550,#1197,.F.);
#3124=EDGE_CURVE('',#2551,#2550,#1198,.T.);
#3125=EDGE_CURVE('',#2523,#2551,#1199,.T.);
#3126=EDGE_CURVE('',#2552,#2530,#1200,.T.);
#3127=EDGE_CURVE('',#2553,#2552,#1201,.T.);
#3128=EDGE_CURVE('',#2553,#2554,#1202,.F.);
#3129=EDGE_CURVE('',#2554,#2555,#1203,.T.);
#3130=EDGE_CURVE('',#2555,#2556,#1204,.T.);
#3131=EDGE_CURVE('',#2543,#2556,#1205,.T.);
#3132=EDGE_CURVE('',#2542,#2512,#2457,.T.);
#3133=EDGE_CURVE('',#2536,#2539,#2458,.T.);
#3134=EDGE_CURVE('',#2556,#2557,#1206,.T.);
#3135=EDGE_CURVE('',#2557,#2558,#1207,.T.);
#3136=EDGE_CURVE('',#2553,#2558,#1208,.T.);
#3137=EDGE_CURVE('',#2559,#2552,#2459,.T.);
#3138=EDGE_CURVE('',#2559,#2560,#1209,.T.);
#3139=EDGE_CURVE('',#2560,#2561,#1210,.T.);
#3140=EDGE_CURVE('',#2561,#2562,#1211,.T.);
#3141=EDGE_CURVE('',#2563,#2562,#1212,.T.);
#3142=EDGE_CURVE('',#2563,#2564,#1213,.T.);
#3143=EDGE_CURVE('',#2565,#2564,#2460,.T.);
#3144=EDGE_CURVE('',#2565,#2566,#1214,.T.);
#3145=EDGE_CURVE('',#2567,#2566,#2461,.T.);
#3146=EDGE_CURVE('',#2567,#2568,#1215,.T.);
#3147=EDGE_CURVE('',#2568,#2569,#1216,.T.);
#3148=EDGE_CURVE('',#2569,#2570,#1217,.T.);
#3149=EDGE_CURVE('',#2571,#2570,#1218,.T.);
#3150=EDGE_CURVE('',#2571,#2572,#1219,.T.);
#3151=EDGE_CURVE('',#2551,#2572,#2462,.T.);
#3152=EDGE_CURVE('',#2573,#2550,#1220,.T.);
#3153=EDGE_CURVE('',#2573,#2574,#1221,.T.);
#3154=EDGE_CURVE('',#2574,#2547,#1222,.T.);
#3155=EDGE_CURVE('',#2566,#2526,#1223,.T.);
#3156=EDGE_CURVE('',#2525,#2567,#1224,.T.);
#3157=EDGE_CURVE('',#2527,#2565,#1225,.T.);
#3158=EDGE_CURVE('',#2564,#2528,#1226,.T.);
#3159=EDGE_CURVE('',#2563,#2575,#1227,.F.);
#3160=EDGE_CURVE('',#2575,#2576,#1228,.T.);
#3161=EDGE_CURVE('',#2576,#2560,#1229,.T.);
#3162=EDGE_CURVE('',#2529,#2559,#1230,.T.);
#3163=EDGE_CURVE('',#2572,#2524,#1231,.T.);
#3164=EDGE_CURVE('',#2571,#2577,#1232,.F.);
#3165=EDGE_CURVE('',#2577,#2578,#1233,.T.);
#3166=EDGE_CURVE('',#2578,#2568,#1234,.T.);
#3167=EDGE_CURVE('',#2558,#2554,#2463,.F.);
#3168=EDGE_CURVE('',#2557,#2555,#2464,.F.);
#3169=EDGE_CURVE('',#2548,#2574,#2465,.F.);
#3170=EDGE_CURVE('',#2549,#2573,#2466,.F.);
#3171=EDGE_CURVE('',#2562,#2575,#2467,.F.);
#3172=EDGE_CURVE('',#2561,#2576,#2468,.F.);
#3173=EDGE_CURVE('',#2570,#2577,#2469,.F.);
#3174=EDGE_CURVE('',#2569,#2578,#2470,.F.);
#3175=EDGE_CURVE('',#2579,#2580,#1235,.T.);
#3176=EDGE_CURVE('',#2581,#2579,#1236,.T.);
#3177=EDGE_CURVE('',#2582,#2581,#1237,.T.);
#3178=EDGE_CURVE('',#2583,#2582,#1238,.T.);
#3179=EDGE_CURVE('',#2584,#2583,#1239,.T.);
#3180=EDGE_CURVE('',#2580,#2584,#1240,.T.);
#3181=EDGE_CURVE('',#2585,#2586,#1241,.T.);
#3182=EDGE_CURVE('',#2587,#2585,#1242,.T.);
#3183=EDGE_CURVE('',#2588,#2587,#1243,.T.);
#3184=EDGE_CURVE('',#2589,#2588,#1244,.T.);
#3185=EDGE_CURVE('',#2590,#2589,#1245,.T.);
#3186=EDGE_CURVE('',#2591,#2590,#1246,.T.);
#3187=EDGE_CURVE('',#2586,#2591,#1247,.T.);
#3188=EDGE_CURVE('',#2592,#2593,#1248,.T.);
#3189=EDGE_CURVE('',#2594,#2592,#1249,.T.);
#3190=EDGE_CURVE('',#2595,#2594,#1250,.T.);
#3191=EDGE_CURVE('',#2596,#2595,#1251,.T.);
#3192=EDGE_CURVE('',#2597,#2596,#1252,.T.);
#3193=EDGE_CURVE('',#2598,#2597,#1253,.T.);
#3194=EDGE_CURVE('',#2599,#2598,#1254,.T.);
#3195=EDGE_CURVE('',#2593,#2599,#1255,.T.);
#3196=EDGE_CURVE('',#2600,#2601,#1256,.T.);
#3197=EDGE_CURVE('',#2602,#2600,#1257,.T.);
#3198=EDGE_CURVE('',#2601,#2602,#1258,.T.);
#3199=EDGE_CURVE('',#2603,#2604,#101,.T.);
#3200=EDGE_CURVE('',#2605,#2603,#102,.T.);
#3201=EDGE_CURVE('',#2606,#2605,#103,.T.);
#3202=EDGE_CURVE('',#2607,#2606,#104,.T.);
#3203=EDGE_CURVE('',#2608,#2607,#105,.T.);
#3204=EDGE_CURVE('',#2609,#2608,#106,.T.);
#3205=EDGE_CURVE('',#2610,#2609,#107,.T.);
#3206=EDGE_CURVE('',#2611,#2610,#108,.T.);
#3207=EDGE_CURVE('',#2612,#2611,#1259,.T.);
#3208=EDGE_CURVE('',#2613,#2612,#109,.T.);
#3209=EDGE_CURVE('',#2614,#2613,#110,.T.);
#3210=EDGE_CURVE('',#2615,#2614,#111,.T.);
#3211=EDGE_CURVE('',#2616,#2615,#112,.T.);
#3212=EDGE_CURVE('',#2617,#2616,#113,.T.);
#3213=EDGE_CURVE('',#2618,#2617,#114,.T.);
#3214=EDGE_CURVE('',#2619,#2618,#115,.T.);
#3215=EDGE_CURVE('',#2620,#2619,#116,.T.);
#3216=EDGE_CURVE('',#2604,#2620,#1260,.T.);
#3217=EDGE_CURVE('',#2621,#2622,#1261,.T.);
#3218=EDGE_CURVE('',#2623,#2621,#1262,.T.);
#3219=EDGE_CURVE('',#2624,#2623,#1263,.T.);
#3220=EDGE_CURVE('',#2625,#2624,#1264,.T.);
#3221=EDGE_CURVE('',#2626,#2625,#1265,.T.);
#3222=EDGE_CURVE('',#2627,#2626,#1266,.T.);
#3223=EDGE_CURVE('',#2628,#2627,#1267,.T.);
#3224=EDGE_CURVE('',#2629,#2628,#1268,.T.);
#3225=EDGE_CURVE('',#2630,#2629,#1269,.T.);
#3226=EDGE_CURVE('',#2622,#2630,#1270,.T.);
#3227=EDGE_CURVE('',#2631,#2632,#1271,.T.);
#3228=EDGE_CURVE('',#2633,#2631,#1272,.T.);
#3229=EDGE_CURVE('',#2634,#2633,#117,.T.);
#3230=EDGE_CURVE('',#2635,#2634,#118,.T.);
#3231=EDGE_CURVE('',#2636,#2635,#119,.T.);
#3232=EDGE_CURVE('',#2637,#2636,#120,.T.);
#3233=EDGE_CURVE('',#2638,#2637,#121,.T.);
#3234=EDGE_CURVE('',#2639,#2638,#122,.T.);
#3235=EDGE_CURVE('',#2640,#2639,#123,.T.);
#3236=EDGE_CURVE('',#2641,#2640,#124,.T.);
#3237=EDGE_CURVE('',#2642,#2641,#1273,.T.);
#3238=EDGE_CURVE('',#2643,#2642,#125,.T.);
#3239=EDGE_CURVE('',#2644,#2643,#126,.T.);
#3240=EDGE_CURVE('',#2645,#2644,#127,.T.);
#3241=EDGE_CURVE('',#2646,#2645,#128,.T.);
#3242=EDGE_CURVE('',#2647,#2646,#129,.T.);
#3243=EDGE_CURVE('',#2648,#2647,#130,.T.);
#3244=EDGE_CURVE('',#2649,#2648,#131,.T.);
#3245=EDGE_CURVE('',#2650,#2649,#132,.T.);
#3246=EDGE_CURVE('',#2651,#2650,#133,.T.);
#3247=EDGE_CURVE('',#2652,#2651,#134,.T.);
#3248=EDGE_CURVE('',#2653,#2652,#1274,.T.);
#3249=EDGE_CURVE('',#2654,#2653,#1275,.T.);
#3250=EDGE_CURVE('',#2632,#2654,#1276,.T.);
#3251=EDGE_CURVE('',#2655,#2656,#1277,.T.);
#3252=EDGE_CURVE('',#2657,#2655,#1278,.T.);
#3253=EDGE_CURVE('',#2658,#2657,#1279,.T.);
#3254=EDGE_CURVE('',#2659,#2658,#1280,.T.);
#3255=EDGE_CURVE('',#2660,#2659,#1281,.T.);
#3256=EDGE_CURVE('',#2661,#2660,#1282,.T.);
#3257=EDGE_CURVE('',#2662,#2661,#1283,.T.);
#3258=EDGE_CURVE('',#2663,#2662,#1284,.T.);
#3259=EDGE_CURVE('',#2664,#2663,#1285,.T.);
#3260=EDGE_CURVE('',#2665,#2664,#1286,.T.);
#3261=EDGE_CURVE('',#2666,#2665,#1287,.T.);
#3262=EDGE_CURVE('',#2656,#2666,#1288,.T.);
#3263=EDGE_CURVE('',#2667,#2668,#1289,.T.);
#3264=EDGE_CURVE('',#2668,#2669,#1290,.T.);
#3265=EDGE_CURVE('',#2669,#2670,#1291,.T.);
#3266=EDGE_CURVE('',#2667,#2670,#1292,.T.);
#3267=EDGE_CURVE('',#2668,#2671,#1293,.T.);
#3268=EDGE_CURVE('',#2671,#2672,#1294,.T.);
#3269=EDGE_CURVE('',#2672,#2669,#1295,.T.);
#3270=EDGE_CURVE('',#2671,#2673,#1296,.T.);
#3271=EDGE_CURVE('',#2673,#2674,#1297,.T.);
#3272=EDGE_CURVE('',#2674,#2672,#1298,.T.);
#3273=EDGE_CURVE('',#2670,#2674,#1299,.T.);
#3274=EDGE_CURVE('',#2673,#2667,#1300,.T.);
#3275=EDGE_CURVE('',#2670,#2675,#1301,.T.);
#3276=EDGE_CURVE('',#2675,#2676,#1302,.T.);
#3277=EDGE_CURVE('',#2676,#2677,#1303,.T.);
#3278=EDGE_CURVE('',#2677,#2678,#1304,.T.);
#3279=EDGE_CURVE('',#2679,#2678,#1305,.T.);
#3280=EDGE_CURVE('',#2679,#2680,#1306,.T.);
#3281=EDGE_CURVE('',#2674,#2680,#1307,.T.);
#3282=EDGE_CURVE('',#2669,#2681,#1308,.T.);
#3283=EDGE_CURVE('',#2681,#2675,#1309,.T.);
#3284=EDGE_CURVE('',#2682,#2683,#1310,.T.);
#3285=EDGE_CURVE('',#2684,#2683,#2471,.F.);
#3286=EDGE_CURVE('',#2684,#2685,#1311,.T.);
#3287=EDGE_CURVE('',#2686,#2685,#2472,.F.);
#3288=EDGE_CURVE('',#2686,#2687,#1312,.T.);
#3289=EDGE_CURVE('',#2688,#2687,#2473,.F.);
#3290=EDGE_CURVE('',#2688,#2689,#1313,.T.);
#3291=EDGE_CURVE('',#2690,#2689,#2474,.F.);
#3292=EDGE_CURVE('',#2690,#2691,#1314,.T.);
#3293=EDGE_CURVE('',#2692,#2691,#2475,.F.);
#3294=EDGE_CURVE('',#2692,#2693,#1315,.T.);
#3295=EDGE_CURVE('',#2682,#2693,#2476,.F.);
#3296=EDGE_CURVE('',#2694,#2695,#1316,.T.);
#3297=EDGE_CURVE('',#2695,#2696,#1317,.T.);
#3298=EDGE_CURVE('',#2696,#2697,#1318,.T.);
#3299=EDGE_CURVE('',#2697,#2698,#1319,.T.);
#3300=EDGE_CURVE('',#2698,#2699,#1320,.T.);
#3301=EDGE_CURVE('',#2699,#2700,#135,.T.);
#3302=EDGE_CURVE('',#2700,#2701,#136,.T.);
#3303=EDGE_CURVE('',#2701,#2702,#137,.T.);
#3304=EDGE_CURVE('',#2702,#2703,#138,.T.);
#3305=EDGE_CURVE('',#2703,#2704,#139,.T.);
#3306=EDGE_CURVE('',#2704,#2705,#140,.T.);
#3307=EDGE_CURVE('',#2705,#2706,#141,.T.);
#3308=EDGE_CURVE('',#2706,#2707,#142,.T.);
#3309=EDGE_CURVE('',#2707,#2708,#143,.T.);
#3310=EDGE_CURVE('',#2708,#2709,#144,.T.);
#3311=EDGE_CURVE('',#2709,#2710,#1321,.T.);
#3312=EDGE_CURVE('',#2710,#2711,#145,.T.);
#3313=EDGE_CURVE('',#2711,#2712,#146,.T.);
#3314=EDGE_CURVE('',#2712,#2713,#147,.T.);
#3315=EDGE_CURVE('',#2713,#2714,#148,.T.);
#3316=EDGE_CURVE('',#2714,#2715,#149,.T.);
#3317=EDGE_CURVE('',#2715,#2716,#150,.T.);
#3318=EDGE_CURVE('',#2716,#2717,#151,.T.);
#3319=EDGE_CURVE('',#2717,#2694,#152,.T.);
#3320=EDGE_CURVE('',#2718,#2719,#1322,.T.);
#3321=EDGE_CURVE('',#2719,#2720,#1323,.T.);
#3322=EDGE_CURVE('',#2720,#2721,#1324,.T.);
#3323=EDGE_CURVE('',#2721,#2722,#1325,.T.);
#3324=EDGE_CURVE('',#2722,#2723,#1326,.T.);
#3325=EDGE_CURVE('',#2723,#2718,#1327,.T.);
#3326=EDGE_CURVE('',#2724,#2725,#153,.T.);
#3327=EDGE_CURVE('',#2725,#2726,#154,.T.);
#3328=EDGE_CURVE('',#2726,#2727,#1328,.T.);
#3329=EDGE_CURVE('',#2727,#2728,#155,.T.);
#3330=EDGE_CURVE('',#2728,#2729,#156,.T.);
#3331=EDGE_CURVE('',#2729,#2730,#157,.T.);
#3332=EDGE_CURVE('',#2730,#2731,#158,.T.);
#3333=EDGE_CURVE('',#2731,#2732,#159,.T.);
#3334=EDGE_CURVE('',#2732,#2733,#160,.T.);
#3335=EDGE_CURVE('',#2733,#2734,#161,.T.);
#3336=EDGE_CURVE('',#2734,#2735,#162,.T.);
#3337=EDGE_CURVE('',#2735,#2736,#1329,.T.);
#3338=EDGE_CURVE('',#2736,#2737,#163,.T.);
#3339=EDGE_CURVE('',#2737,#2738,#164,.T.);
#3340=EDGE_CURVE('',#2738,#2739,#165,.T.);
#3341=EDGE_CURVE('',#2739,#2740,#166,.T.);
#3342=EDGE_CURVE('',#2740,#2741,#167,.T.);
#3343=EDGE_CURVE('',#2741,#2724,#168,.T.);
#3344=EDGE_CURVE('',#2742,#2743,#1330,.T.);
#3345=EDGE_CURVE('',#2743,#2744,#1331,.T.);
#3346=EDGE_CURVE('',#2744,#2745,#1332,.T.);
#3347=EDGE_CURVE('',#2745,#2746,#1333,.T.);
#3348=EDGE_CURVE('',#2746,#2747,#1334,.T.);
#3349=EDGE_CURVE('',#2747,#2748,#1335,.T.);
#3350=EDGE_CURVE('',#2748,#2749,#1336,.T.);
#3351=EDGE_CURVE('',#2749,#2742,#1337,.T.);
#3352=EDGE_CURVE('',#2750,#2751,#1338,.T.);
#3353=EDGE_CURVE('',#2751,#2752,#1339,.T.);
#3354=EDGE_CURVE('',#2752,#2753,#1340,.T.);
#3355=EDGE_CURVE('',#2753,#2754,#1341,.T.);
#3356=EDGE_CURVE('',#2754,#2755,#1342,.T.);
#3357=EDGE_CURVE('',#2755,#2756,#1343,.T.);
#3358=EDGE_CURVE('',#2756,#2757,#1344,.T.);
#3359=EDGE_CURVE('',#2757,#2758,#1345,.T.);
#3360=EDGE_CURVE('',#2758,#2759,#1346,.T.);
#3361=EDGE_CURVE('',#2759,#2750,#1347,.T.);
#3362=EDGE_CURVE('',#2760,#2761,#1348,.T.);
#3363=EDGE_CURVE('',#2761,#2762,#1349,.T.);
#3364=EDGE_CURVE('',#2762,#2763,#1350,.T.);
#3365=EDGE_CURVE('',#2763,#2764,#1351,.T.);
#3366=EDGE_CURVE('',#2764,#2765,#1352,.T.);
#3367=EDGE_CURVE('',#2765,#2766,#1353,.T.);
#3368=EDGE_CURVE('',#2766,#2760,#1354,.T.);
#3369=EDGE_CURVE('',#2767,#2768,#1355,.T.);
#3370=EDGE_CURVE('',#2768,#2769,#1356,.T.);
#3371=EDGE_CURVE('',#2769,#2770,#1357,.T.);
#3372=EDGE_CURVE('',#2770,#2771,#1358,.T.);
#3373=EDGE_CURVE('',#2771,#2772,#1359,.T.);
#3374=EDGE_CURVE('',#2772,#2773,#1360,.T.);
#3375=EDGE_CURVE('',#2773,#2774,#1361,.T.);
#3376=EDGE_CURVE('',#2774,#2775,#1362,.T.);
#3377=EDGE_CURVE('',#2775,#2776,#1363,.T.);
#3378=EDGE_CURVE('',#2776,#2777,#1364,.T.);
#3379=EDGE_CURVE('',#2777,#2778,#1365,.T.);
#3380=EDGE_CURVE('',#2778,#2767,#1366,.T.);
#3381=EDGE_CURVE('',#2694,#2633,#1367,.T.);
#3382=EDGE_CURVE('',#2695,#2631,#1368,.T.);
#3383=EDGE_CURVE('',#2717,#2634,#1369,.T.);
#3384=EDGE_CURVE('',#2716,#2635,#1370,.T.);
#3385=EDGE_CURVE('',#2715,#2636,#1371,.T.);
#3386=EDGE_CURVE('',#2714,#2637,#1372,.T.);
#3387=EDGE_CURVE('',#2713,#2638,#1373,.T.);
#3388=EDGE_CURVE('',#2712,#2639,#1374,.T.);
#3389=EDGE_CURVE('',#2711,#2640,#1375,.T.);
#3390=EDGE_CURVE('',#2710,#2641,#1376,.T.);
#3391=EDGE_CURVE('',#2709,#2642,#1377,.T.);
#3392=EDGE_CURVE('',#2708,#2643,#1378,.T.);
#3393=EDGE_CURVE('',#2707,#2644,#1379,.T.);
#3394=EDGE_CURVE('',#2706,#2645,#1380,.T.);
#3395=EDGE_CURVE('',#2705,#2646,#1381,.T.);
#3396=EDGE_CURVE('',#2704,#2647,#1382,.T.);
#3397=EDGE_CURVE('',#2703,#2648,#1383,.T.);
#3398=EDGE_CURVE('',#2702,#2649,#1384,.T.);
#3399=EDGE_CURVE('',#2701,#2650,#1385,.T.);
#3400=EDGE_CURVE('',#2700,#2651,#1386,.T.);
#3401=EDGE_CURVE('',#2699,#2652,#1387,.T.);
#3402=EDGE_CURVE('',#2698,#2653,#1388,.T.);
#3403=EDGE_CURVE('',#2697,#2654,#1389,.T.);
#3404=EDGE_CURVE('',#2696,#2632,#1390,.T.);
#3405=EDGE_CURVE('',#2718,#2581,#1391,.T.);
#3406=EDGE_CURVE('',#2719,#2579,#1392,.T.);
#3407=EDGE_CURVE('',#2723,#2582,#1393,.T.);
#3408=EDGE_CURVE('',#2722,#2583,#1394,.T.);
#3409=EDGE_CURVE('',#2721,#2584,#1395,.T.);
#3410=EDGE_CURVE('',#2720,#2580,#1396,.T.);
#3411=EDGE_CURVE('',#2724,#2605,#1397,.T.);
#3412=EDGE_CURVE('',#2725,#2603,#1398,.T.);
#3413=EDGE_CURVE('',#2741,#2606,#1399,.T.);
#3414=EDGE_CURVE('',#2740,#2607,#1400,.T.);
#3415=EDGE_CURVE('',#2739,#2608,#1401,.T.);
#3416=EDGE_CURVE('',#2738,#2609,#1402,.T.);
#3417=EDGE_CURVE('',#2737,#2610,#1403,.T.);
#3418=EDGE_CURVE('',#2736,#2611,#1404,.T.);
#3419=EDGE_CURVE('',#2735,#2612,#1405,.T.);
#3420=EDGE_CURVE('',#2734,#2613,#1406,.T.);
#3421=EDGE_CURVE('',#2733,#2614,#1407,.T.);
#3422=EDGE_CURVE('',#2732,#2615,#1408,.T.);
#3423=EDGE_CURVE('',#2731,#2616,#1409,.T.);
#3424=EDGE_CURVE('',#2730,#2617,#1410,.T.);
#3425=EDGE_CURVE('',#2729,#2618,#1411,.T.);
#3426=EDGE_CURVE('',#2728,#2619,#1412,.T.);
#3427=EDGE_CURVE('',#2727,#2620,#1413,.T.);
#3428=EDGE_CURVE('',#2726,#2604,#1414,.T.);
#3429=EDGE_CURVE('',#2779,#2780,#1415,.T.);
#3430=EDGE_CURVE('',#2779,#2602,#1416,.T.);
#3431=EDGE_CURVE('',#2780,#2600,#1417,.T.);
#3432=EDGE_CURVE('',#2781,#2779,#1418,.T.);
#3433=EDGE_CURVE('',#2781,#2601,#1419,.T.);
#3434=EDGE_CURVE('',#2780,#2781,#1420,.T.);
#3435=EDGE_CURVE('',#2742,#2594,#1421,.T.);
#3436=EDGE_CURVE('',#2743,#2592,#1422,.T.);
#3437=EDGE_CURVE('',#2749,#2595,#1423,.T.);
#3438=EDGE_CURVE('',#2748,#2596,#1424,.T.);
#3439=EDGE_CURVE('',#2747,#2597,#1425,.T.);
#3440=EDGE_CURVE('',#2746,#2598,#1426,.T.);
#3441=EDGE_CURVE('',#2745,#2599,#1427,.T.);
#3442=EDGE_CURVE('',#2744,#2593,#1428,.T.);
#3443=EDGE_CURVE('',#2750,#2623,#1429,.T.);
#3444=EDGE_CURVE('',#2751,#2621,#1430,.T.);
#3445=EDGE_CURVE('',#2759,#2624,#1431,.T.);
#3446=EDGE_CURVE('',#2758,#2625,#1432,.T.);
#3447=EDGE_CURVE('',#2757,#2626,#1433,.T.);
#3448=EDGE_CURVE('',#2756,#2627,#1434,.T.);
#3449=EDGE_CURVE('',#2755,#2628,#1435,.T.);
#3450=EDGE_CURVE('',#2754,#2629,#1436,.T.);
#3451=EDGE_CURVE('',#2753,#2630,#1437,.T.);
#3452=EDGE_CURVE('',#2752,#2622,#1438,.T.);
#3453=EDGE_CURVE('',#2760,#2587,#1439,.T.);
#3454=EDGE_CURVE('',#2761,#2585,#1440,.T.);
#3455=EDGE_CURVE('',#2766,#2588,#1441,.T.);
#3456=EDGE_CURVE('',#2765,#2589,#1442,.T.);
#3457=EDGE_CURVE('',#2764,#2590,#1443,.T.);
#3458=EDGE_CURVE('',#2763,#2591,#1444,.T.);
#3459=EDGE_CURVE('',#2762,#2586,#1445,.T.);
#3460=EDGE_CURVE('',#2767,#2657,#1446,.T.);
#3461=EDGE_CURVE('',#2768,#2655,#1447,.T.);
#3462=EDGE_CURVE('',#2778,#2658,#1448,.T.);
#3463=EDGE_CURVE('',#2777,#2659,#1449,.T.);
#3464=EDGE_CURVE('',#2776,#2660,#1450,.T.);
#3465=EDGE_CURVE('',#2775,#2661,#1451,.T.);
#3466=EDGE_CURVE('',#2774,#2662,#1452,.T.);
#3467=EDGE_CURVE('',#2773,#2663,#1453,.T.);
#3468=EDGE_CURVE('',#2772,#2664,#1454,.T.);
#3469=EDGE_CURVE('',#2771,#2665,#1455,.T.);
#3470=EDGE_CURVE('',#2770,#2666,#1456,.T.);
#3471=EDGE_CURVE('',#2769,#2656,#1457,.T.);
#3472=EDGE_CURVE('',#2782,#2677,#1458,.T.);
#3473=EDGE_CURVE('',#2783,#2782,#1459,.T.);
#3474=EDGE_CURVE('',#2678,#2783,#1460,.T.);
#3475=EDGE_CURVE('',#2676,#2784,#1461,.T.);
#3476=EDGE_CURVE('',#2784,#2681,#1462,.T.);
#3477=EDGE_CURVE('',#2679,#2785,#1463,.T.);
#3478=EDGE_CURVE('',#2786,#2785,#1464,.T.);
#3479=EDGE_CURVE('',#2680,#2786,#1465,.T.);
#3480=EDGE_CURVE('',#2672,#2786,#1466,.T.);
#3481=EDGE_CURVE('',#2783,#2787,#1467,.T.);
#3482=EDGE_CURVE('',#2788,#2787,#1468,.T.);
#3483=EDGE_CURVE('',#2785,#2788,#1469,.T.);
#3484=EDGE_CURVE('',#2782,#2789,#1470,.T.);
#3485=EDGE_CURVE('',#2787,#2789,#1471,.T.);
#3486=EDGE_CURVE('',#2784,#2790,#1472,.T.);
#3487=EDGE_CURVE('',#2789,#2790,#1473,.T.);
#3488=EDGE_CURVE('',#2790,#2788,#1474,.T.);
#3489=EDGE_CURVE('',#2791,#2792,#1475,.T.);
#3490=EDGE_CURVE('',#2791,#2793,#1476,.T.);
#3491=EDGE_CURVE('',#2794,#2793,#1477,.T.);
#3492=EDGE_CURVE('',#2792,#2794,#1478,.T.);
#3493=EDGE_CURVE('',#2792,#2795,#2477,.T.);
#3494=EDGE_CURVE('',#2795,#2796,#1479,.T.);
#3495=EDGE_CURVE('',#2796,#2791,#2478,.T.);
#3496=EDGE_CURVE('',#2797,#2792,#1480,.T.);
#3497=EDGE_CURVE('',#2797,#2798,#1481,.T.);
#3498=EDGE_CURVE('',#2798,#2799,#1482,.T.);
#3499=EDGE_CURVE('',#2800,#2799,#1483,.T.);
#3500=EDGE_CURVE('',#2801,#2800,#1484,.T.);
#3501=EDGE_CURVE('',#2795,#2801,#1485,.T.);
#3502=EDGE_CURVE('',#2802,#2803,#1486,.T.);
#3503=EDGE_CURVE('',#2804,#2802,#1487,.T.);
#3504=EDGE_CURVE('',#2793,#2804,#2479,.T.);
#3505=EDGE_CURVE('',#2803,#2796,#1488,.T.);
#3506=EDGE_CURVE('',#2805,#2806,#2480,.T.);
#3507=EDGE_CURVE('',#2805,#2807,#1489,.T.);
#3508=EDGE_CURVE('',#2808,#2807,#1490,.T.);
#3509=EDGE_CURVE('',#2809,#2808,#1491,.T.);
#3510=EDGE_CURVE('',#2810,#2809,#2481,.T.);
#3511=EDGE_CURVE('',#2810,#2806,#1492,.T.);
#3512=EDGE_CURVE('',#2811,#2807,#1493,.T.);
#3513=EDGE_CURVE('',#2811,#2812,#1494,.T.);
#3514=EDGE_CURVE('',#2812,#2808,#1495,.T.);
#3515=EDGE_CURVE('',#2813,#2805,#1496,.T.);
#3516=EDGE_CURVE('',#2811,#2813,#1497,.T.);
#3517=EDGE_CURVE('',#2814,#2804,#1498,.T.);
#3518=EDGE_CURVE('',#2814,#2794,#2482,.T.);
#3519=EDGE_CURVE('',#2800,#2802,#1499,.F.);
#3520=EDGE_CURVE('',#2800,#2814,#1500,.T.);
#3521=EDGE_CURVE('',#2803,#2801,#1501,.T.);
#3522=EDGE_CURVE('',#2815,#2816,#25,.F.);
#3523=EDGE_CURVE('',#2816,#2814,#1502,.T.);
#3524=EDGE_CURVE('',#2799,#2817,#2483,.T.);
#3525=EDGE_CURVE('',#2817,#2818,#1503,.T.);
#3526=EDGE_CURVE('',#2818,#2819,#26,.F.);
#3527=EDGE_CURVE('',#2815,#2819,#169,.T.);
#3528=EDGE_CURVE('',#2820,#2821,#27,.T.);
#3529=EDGE_CURVE('',#2820,#2822,#170,.F.);
#3530=EDGE_CURVE('',#2823,#2822,#28,.T.);
#3531=EDGE_CURVE('',#2823,#2824,#1504,.T.);
#3532=EDGE_CURVE('',#2824,#2825,#2484,.T.);
#3533=EDGE_CURVE('',#2825,#2811,#1505,.T.);
#3534=EDGE_CURVE('',#2813,#2821,#1506,.T.);
#3535=EDGE_CURVE('',#2826,#2813,#2485,.T.);
#3536=EDGE_CURVE('',#2826,#2821,#1507,.T.);
#3537=EDGE_CURVE('',#2827,#2828,#2486,.T.);
#3538=EDGE_CURVE('',#2812,#2827,#1508,.T.);
#3539=EDGE_CURVE('',#2829,#2825,#1509,.T.);
#3540=EDGE_CURVE('',#2830,#2829,#1510,.T.);
#3541=EDGE_CURVE('',#2830,#2828,#1511,.T.);
#3542=EDGE_CURVE('',#2806,#2826,#1512,.T.);
#3543=EDGE_CURVE('',#2798,#2829,#2487,.T.);
#3544=EDGE_CURVE('',#2797,#2830,#2488,.T.);
#3545=EDGE_CURVE('',#2831,#2832,#1513,.T.);
#3546=EDGE_CURVE('',#2833,#2831,#1514,.T.);
#3547=EDGE_CURVE('',#2833,#2830,#1515,.T.);
#3548=EDGE_CURVE('',#2797,#2832,#1516,.T.);
#3549=EDGE_CURVE('',#2831,#2834,#1517,.T.);
#3550=EDGE_CURVE('',#2834,#2833,#21,.T.);
#3551=EDGE_CURVE('',#2832,#2834,#22,.T.);
#3552=EDGE_CURVE('',#2794,#2816,#1518,.T.);
#3553=EDGE_CURVE('',#2833,#2835,#1519,.T.);
#3554=EDGE_CURVE('',#2835,#2836,#1520,.T.);
#3555=EDGE_CURVE('',#2836,#2820,#1521,.F.);
#3556=EDGE_CURVE('',#2826,#2828,#1522,.T.);
#3557=EDGE_CURVE('',#2832,#2837,#1523,.T.);
#3558=EDGE_CURVE('',#2837,#2835,#2489,.T.);
#3559=EDGE_CURVE('',#2815,#2838,#1524,.T.);
#3560=EDGE_CURVE('',#2838,#2837,#1525,.T.);
#3561=EDGE_CURVE('',#2819,#2839,#1526,.T.);
#3562=EDGE_CURVE('',#2839,#2838,#2490,.T.);
#3563=EDGE_CURVE('',#2836,#2840,#2491,.T.);
#3564=EDGE_CURVE('',#2822,#2840,#1527,.T.);
#3565=EDGE_CURVE('',#2828,#2810,#1528,.T.);
#3566=EDGE_CURVE('',#2836,#2690,#1529,.T.);
#3567=EDGE_CURVE('',#2689,#2840,#1530,.T.);
#3568=EDGE_CURVE('',#2691,#2835,#1531,.T.);
#3569=EDGE_CURVE('',#2809,#2827,#1532,.T.);
#3570=EDGE_CURVE('',#2837,#2692,#1533,.T.);
#3571=EDGE_CURVE('',#2693,#2838,#1534,.T.);
#3572=EDGE_CURVE('',#2839,#2682,#1535,.T.);
#3573=EDGE_CURVE('',#2841,#2839,#1536,.T.);
#3574=EDGE_CURVE('',#2683,#2841,#1537,.T.);
#3575=EDGE_CURVE('',#2842,#2843,#2492,.T.);
#3576=EDGE_CURVE('',#2843,#2844,#1538,.T.);
#3577=EDGE_CURVE('',#2844,#2845,#2493,.T.);
#3578=EDGE_CURVE('',#2845,#2842,#1539,.T.);
#3579=EDGE_CURVE('',#2846,#2688,#1540,.T.);
#3580=EDGE_CURVE('',#2840,#2846,#1541,.T.);
#3581=EDGE_CURVE('',#2847,#2846,#1542,.T.);
#3582=EDGE_CURVE('',#2848,#2847,#29,.F.);
#3583=EDGE_CURVE('',#2848,#2823,#1543,.F.);
#3584=EDGE_CURVE('',#2824,#2849,#1544,.T.);
#3585=EDGE_CURVE('',#2849,#2848,#1545,.T.);
#3586=EDGE_CURVE('',#2850,#2817,#1546,.T.);
#3587=EDGE_CURVE('',#2851,#2849,#2494,.T.);
#3588=EDGE_CURVE('',#2852,#2851,#1547,.T.);
#3589=EDGE_CURVE('',#2852,#2853,#2495,.T.);
#3590=EDGE_CURVE('',#2853,#2854,#1548,.T.);
#3591=EDGE_CURVE('',#2850,#2854,#2496,.T.);
#3592=EDGE_CURVE('',#2818,#2855,#1549,.F.);
#3593=EDGE_CURVE('',#2855,#2850,#1550,.T.);
#3594=EDGE_CURVE('',#2855,#2856,#30,.T.);
#3595=EDGE_CURVE('',#2856,#2841,#1551,.T.);
#3596=EDGE_CURVE('',#2857,#2858,#1552,.T.);
#3597=EDGE_CURVE('',#2685,#2857,#1553,.T.);
#3598=EDGE_CURVE('',#2858,#2684,#1554,.T.);
#3599=EDGE_CURVE('',#2858,#2841,#2497,.T.);
#3600=EDGE_CURVE('',#2843,#2859,#1555,.T.);
#3601=EDGE_CURVE('',#2860,#2859,#1556,.T.);
#3602=EDGE_CURVE('',#2844,#2860,#1557,.T.);
#3603=EDGE_CURVE('',#2861,#2862,#2498,.T.);
#3604=EDGE_CURVE('',#2862,#2863,#1558,.T.);
#3605=EDGE_CURVE('',#2863,#2864,#2499,.T.);
#3606=EDGE_CURVE('',#2864,#2861,#1559,.T.);
#3607=EDGE_CURVE('',#2865,#2863,#1560,.T.);
#3608=EDGE_CURVE('',#2862,#2866,#1561,.T.);
#3609=EDGE_CURVE('',#2865,#2866,#1562,.T.);
#3610=EDGE_CURVE('',#2846,#2867,#2500,.T.);
#3611=EDGE_CURVE('',#2687,#2867,#1563,.T.);
#3612=EDGE_CURVE('',#2867,#2868,#1564,.T.);
#3613=EDGE_CURVE('',#2868,#2686,#1565,.T.);
#3614=EDGE_CURVE('',#2868,#2857,#2501,.T.);
#3615=EDGE_CURVE('',#2869,#2864,#1566,.T.);
#3616=EDGE_CURVE('',#2870,#2869,#1567,.T.);
#3617=EDGE_CURVE('',#2861,#2870,#1568,.T.);
#3618=EDGE_CURVE('',#2842,#2871,#1569,.T.);
#3619=EDGE_CURVE('',#2872,#2845,#1570,.T.);
#3620=EDGE_CURVE('',#2871,#2872,#1571,.T.);
#3621=EDGE_CURVE('',#2873,#2867,#1572,.T.);
#3622=EDGE_CURVE('',#2873,#2847,#171,.T.);
#3623=EDGE_CURVE('',#2874,#2868,#1573,.T.);
#3624=EDGE_CURVE('',#2875,#2874,#1574,.T.);
#3625=EDGE_CURVE('',#2875,#2842,#1575,.T.);
#3626=EDGE_CURVE('',#2871,#2876,#1576,.T.);
#3627=EDGE_CURVE('',#2873,#2876,#31,.F.);
#3628=EDGE_CURVE('',#2874,#2877,#23,.T.);
#3629=EDGE_CURVE('',#2878,#2857,#1577,.T.);
#3630=EDGE_CURVE('',#2877,#2878,#24,.T.);
#3631=EDGE_CURVE('',#2858,#2879,#1578,.F.);
#3632=EDGE_CURVE('',#2879,#2880,#32,.T.);
#3633=EDGE_CURVE('',#2869,#2880,#1579,.T.);
#3634=EDGE_CURVE('',#2881,#2864,#1580,.T.);
#3635=EDGE_CURVE('',#2878,#2881,#1581,.T.);
#3636=EDGE_CURVE('',#2879,#2856,#172,.F.);
#3637=EDGE_CURVE('',#2875,#2852,#1582,.T.);
#3638=EDGE_CURVE('',#2882,#2851,#1583,.T.);
#3639=EDGE_CURVE('',#2859,#2882,#1584,.T.);
#3640=EDGE_CURVE('',#2878,#2883,#1585,.T.);
#3641=EDGE_CURVE('',#2883,#2877,#1586,.T.);
#3642=EDGE_CURVE('',#2883,#2874,#1587,.T.);
#3643=EDGE_CURVE('',#2875,#2881,#2502,.T.);
#3644=EDGE_CURVE('',#2881,#2853,#1588,.T.);
#3645=EDGE_CURVE('',#2876,#2884,#1589,.T.);
#3646=EDGE_CURVE('',#2884,#2871,#2503,.T.);
#3647=EDGE_CURVE('',#2882,#2884,#1590,.T.);
#3648=EDGE_CURVE('',#2885,#2865,#1591,.T.);
#3649=EDGE_CURVE('',#2854,#2885,#1592,.T.);
#3650=EDGE_CURVE('',#2886,#2880,#1593,.T.);
#3651=EDGE_CURVE('',#2869,#2886,#2504,.T.);
#3652=EDGE_CURVE('',#2885,#2886,#1594,.T.);
#3653=EDGE_CURVE('',#2866,#2887,#1595,.T.);
#3654=EDGE_CURVE('',#2888,#2870,#2505,.T.);
#3655=EDGE_CURVE('',#2888,#2887,#1596,.T.);
#3656=EDGE_CURVE('',#2889,#2860,#1597,.T.);
#3657=EDGE_CURVE('',#2882,#2889,#1598,.F.);
#3658=EDGE_CURVE('',#2886,#2888,#1599,.T.);
#3659=EDGE_CURVE('',#2885,#2887,#1600,.T.);
#3660=EDGE_CURVE('',#2890,#2872,#2506,.F.);
#3661=EDGE_CURVE('',#2890,#2884,#1601,.T.);
#3662=EDGE_CURVE('',#2890,#2889,#1602,.T.);
#3663=EDGE_CURVE('',#2891,#2892,#173,.T.);
#3664=EDGE_CURVE('',#2891,#2893,#1603,.T.);
#3665=EDGE_CURVE('',#2894,#2893,#174,.T.);
#3666=EDGE_CURVE('',#2892,#2894,#1604,.T.);
#3667=EDGE_CURVE('',#2892,#2895,#175,.T.);
#3668=EDGE_CURVE('',#2896,#2894,#176,.T.);
#3669=EDGE_CURVE('',#2895,#2896,#1605,.T.);
#3670=EDGE_CURVE('',#2895,#2897,#177,.T.);
#3671=EDGE_CURVE('',#2898,#2896,#178,.T.);
#3672=EDGE_CURVE('',#2897,#2898,#1606,.T.);
#3673=EDGE_CURVE('',#2897,#2899,#179,.T.);
#3674=EDGE_CURVE('',#2900,#2898,#180,.T.);
#3675=EDGE_CURVE('',#2899,#2900,#1607,.T.);
#3676=EDGE_CURVE('',#2899,#2901,#181,.T.);
#3677=EDGE_CURVE('',#2902,#2900,#182,.T.);
#3678=EDGE_CURVE('',#2901,#2902,#1608,.T.);
#3679=EDGE_CURVE('',#2901,#2903,#183,.T.);
#3680=EDGE_CURVE('',#2904,#2902,#184,.T.);
#3681=EDGE_CURVE('',#2903,#2904,#1609,.T.);
#3682=EDGE_CURVE('',#2903,#2905,#185,.T.);
#3683=EDGE_CURVE('',#2906,#2904,#186,.T.);
#3684=EDGE_CURVE('',#2905,#2906,#1610,.T.);
#3685=EDGE_CURVE('',#2907,#2905,#1611,.T.);
#3686=EDGE_CURVE('',#2908,#2906,#1612,.T.);
#3687=EDGE_CURVE('',#2907,#2908,#1613,.T.);
#3688=EDGE_CURVE('',#2907,#2909,#187,.T.);
#3689=EDGE_CURVE('',#2910,#2908,#188,.T.);
#3690=EDGE_CURVE('',#2909,#2910,#1614,.T.);
#3691=EDGE_CURVE('',#2909,#2911,#189,.T.);
#3692=EDGE_CURVE('',#2912,#2910,#190,.T.);
#3693=EDGE_CURVE('',#2911,#2912,#1615,.T.);
#3694=EDGE_CURVE('',#2911,#2913,#191,.T.);
#3695=EDGE_CURVE('',#2914,#2912,#192,.T.);
#3696=EDGE_CURVE('',#2913,#2914,#1616,.T.);
#3697=EDGE_CURVE('',#2913,#2915,#193,.T.);
#3698=EDGE_CURVE('',#2916,#2914,#194,.T.);
#3699=EDGE_CURVE('',#2915,#2916,#1617,.T.);
#3700=EDGE_CURVE('',#2915,#2917,#195,.T.);
#3701=EDGE_CURVE('',#2918,#2916,#196,.T.);
#3702=EDGE_CURVE('',#2917,#2918,#1618,.T.);
#3703=EDGE_CURVE('',#2917,#2919,#197,.T.);
#3704=EDGE_CURVE('',#2920,#2918,#198,.T.);
#3705=EDGE_CURVE('',#2919,#2920,#1619,.T.);
#3706=EDGE_CURVE('',#2919,#2921,#199,.T.);
#3707=EDGE_CURVE('',#2922,#2920,#200,.T.);
#3708=EDGE_CURVE('',#2921,#2922,#1620,.T.);
#3709=EDGE_CURVE('',#2921,#2923,#201,.T.);
#3710=EDGE_CURVE('',#2924,#2922,#202,.T.);
#3711=EDGE_CURVE('',#2923,#2924,#1621,.T.);
#3712=EDGE_CURVE('',#2925,#2923,#1622,.T.);
#3713=EDGE_CURVE('',#2926,#2924,#1623,.T.);
#3714=EDGE_CURVE('',#2925,#2926,#1624,.T.);
#3715=EDGE_CURVE('',#2925,#2891,#203,.T.);
#3716=EDGE_CURVE('',#2893,#2926,#204,.T.);
#3717=EDGE_CURVE('',#2927,#2928,#1625,.T.);
#3718=EDGE_CURVE('',#2928,#2929,#1626,.T.);
#3719=EDGE_CURVE('',#2930,#2929,#1627,.T.);
#3720=EDGE_CURVE('',#2927,#2930,#1628,.T.);
#3721=EDGE_CURVE('',#2931,#2927,#1629,.T.);
#3722=EDGE_CURVE('',#2932,#2930,#1630,.T.);
#3723=EDGE_CURVE('',#2931,#2932,#1631,.T.);
#3724=EDGE_CURVE('',#2928,#2931,#1632,.T.);
#3725=EDGE_CURVE('',#2929,#2932,#1633,.T.);
#3726=EDGE_CURVE('',#2933,#2934,#1634,.T.);
#3727=EDGE_CURVE('',#2934,#2935,#1635,.T.);
#3728=EDGE_CURVE('',#2936,#2935,#1636,.T.);
#3729=EDGE_CURVE('',#2933,#2936,#1637,.T.);
#3730=EDGE_CURVE('',#2937,#2933,#1638,.T.);
#3731=EDGE_CURVE('',#2938,#2936,#1639,.T.);
#3732=EDGE_CURVE('',#2937,#2938,#1640,.T.);
#3733=EDGE_CURVE('',#2939,#2937,#1641,.T.);
#3734=EDGE_CURVE('',#2940,#2938,#1642,.T.);
#3735=EDGE_CURVE('',#2939,#2940,#1643,.T.);
#3736=EDGE_CURVE('',#2941,#2939,#1644,.T.);
#3737=EDGE_CURVE('',#2942,#2940,#1645,.T.);
#3738=EDGE_CURVE('',#2941,#2942,#1646,.T.);
#3739=EDGE_CURVE('',#2943,#2941,#1647,.T.);
#3740=EDGE_CURVE('',#2944,#2942,#1648,.T.);
#3741=EDGE_CURVE('',#2943,#2944,#1649,.T.);
#3742=EDGE_CURVE('',#2945,#2943,#1650,.T.);
#3743=EDGE_CURVE('',#2946,#2944,#1651,.T.);
#3744=EDGE_CURVE('',#2945,#2946,#1652,.T.);
#3745=EDGE_CURVE('',#2947,#2945,#1653,.T.);
#3746=EDGE_CURVE('',#2948,#2946,#1654,.T.);
#3747=EDGE_CURVE('',#2947,#2948,#1655,.T.);
#3748=EDGE_CURVE('',#2934,#2947,#1656,.T.);
#3749=EDGE_CURVE('',#2935,#2948,#1657,.T.);
#3750=EDGE_CURVE('',#2949,#2950,#1658,.T.);
#3751=EDGE_CURVE('',#2950,#2951,#1659,.T.);
#3752=EDGE_CURVE('',#2952,#2951,#1660,.T.);
#3753=EDGE_CURVE('',#2949,#2952,#1661,.T.);
#3754=EDGE_CURVE('',#2953,#2949,#1662,.T.);
#3755=EDGE_CURVE('',#2954,#2952,#1663,.T.);
#3756=EDGE_CURVE('',#2953,#2954,#1664,.T.);
#3757=EDGE_CURVE('',#2955,#2953,#1665,.T.);
#3758=EDGE_CURVE('',#2956,#2954,#1666,.T.);
#3759=EDGE_CURVE('',#2955,#2956,#1667,.T.);
#3760=EDGE_CURVE('',#2957,#2955,#1668,.T.);
#3761=EDGE_CURVE('',#2958,#2956,#1669,.T.);
#3762=EDGE_CURVE('',#2957,#2958,#1670,.T.);
#3763=EDGE_CURVE('',#2959,#2957,#1671,.T.);
#3764=EDGE_CURVE('',#2960,#2958,#1672,.T.);
#3765=EDGE_CURVE('',#2959,#2960,#1673,.T.);
#3766=EDGE_CURVE('',#2961,#2959,#1674,.T.);
#3767=EDGE_CURVE('',#2962,#2960,#1675,.T.);
#3768=EDGE_CURVE('',#2961,#2962,#1676,.T.);
#3769=EDGE_CURVE('',#2963,#2961,#1677,.T.);
#3770=EDGE_CURVE('',#2964,#2962,#1678,.T.);
#3771=EDGE_CURVE('',#2963,#2964,#1679,.T.);
#3772=EDGE_CURVE('',#2965,#2963,#1680,.T.);
#3773=EDGE_CURVE('',#2966,#2964,#1681,.T.);
#3774=EDGE_CURVE('',#2965,#2966,#1682,.T.);
#3775=EDGE_CURVE('',#2967,#2965,#1683,.T.);
#3776=EDGE_CURVE('',#2968,#2966,#1684,.T.);
#3777=EDGE_CURVE('',#2967,#2968,#1685,.T.);
#3778=EDGE_CURVE('',#2950,#2967,#1686,.T.);
#3779=EDGE_CURVE('',#2951,#2968,#1687,.T.);
#3780=EDGE_CURVE('',#2969,#2970,#1688,.T.);
#3781=EDGE_CURVE('',#2969,#2971,#1689,.T.);
#3782=EDGE_CURVE('',#2972,#2971,#1690,.T.);
#3783=EDGE_CURVE('',#2970,#2972,#1691,.T.);
#3784=EDGE_CURVE('',#2970,#2973,#1692,.T.);
#3785=EDGE_CURVE('',#2974,#2972,#1693,.T.);
#3786=EDGE_CURVE('',#2973,#2974,#1694,.T.);
#3787=EDGE_CURVE('',#2973,#2975,#1695,.T.);
#3788=EDGE_CURVE('',#2976,#2974,#1696,.T.);
#3789=EDGE_CURVE('',#2975,#2976,#1697,.T.);
#3790=EDGE_CURVE('',#2975,#2977,#1698,.T.);
#3791=EDGE_CURVE('',#2978,#2976,#1699,.T.);
#3792=EDGE_CURVE('',#2977,#2978,#1700,.T.);
#3793=EDGE_CURVE('',#2977,#2979,#1701,.T.);
#3794=EDGE_CURVE('',#2980,#2978,#1702,.T.);
#3795=EDGE_CURVE('',#2979,#2980,#1703,.T.);
#3796=EDGE_CURVE('',#2979,#2969,#1704,.T.);
#3797=EDGE_CURVE('',#2971,#2980,#1705,.T.);
#3798=EDGE_CURVE('',#2981,#2982,#1706,.T.);
#3799=EDGE_CURVE('',#2981,#2983,#1707,.T.);
#3800=EDGE_CURVE('',#2984,#2983,#1708,.T.);
#3801=EDGE_CURVE('',#2982,#2984,#1709,.T.);
#3802=EDGE_CURVE('',#2982,#2985,#1710,.T.);
#3803=EDGE_CURVE('',#2986,#2984,#1711,.T.);
#3804=EDGE_CURVE('',#2985,#2986,#1712,.T.);
#3805=EDGE_CURVE('',#2985,#2987,#1713,.T.);
#3806=EDGE_CURVE('',#2988,#2986,#1714,.T.);
#3807=EDGE_CURVE('',#2987,#2988,#1715,.T.);
#3808=EDGE_CURVE('',#2987,#2989,#1716,.T.);
#3809=EDGE_CURVE('',#2990,#2988,#1717,.T.);
#3810=EDGE_CURVE('',#2989,#2990,#1718,.T.);
#3811=EDGE_CURVE('',#2989,#2991,#1719,.T.);
#3812=EDGE_CURVE('',#2992,#2990,#1720,.T.);
#3813=EDGE_CURVE('',#2991,#2992,#1721,.T.);
#3814=EDGE_CURVE('',#2991,#2993,#1722,.T.);
#3815=EDGE_CURVE('',#2994,#2992,#1723,.T.);
#3816=EDGE_CURVE('',#2993,#2994,#1724,.T.);
#3817=EDGE_CURVE('',#2993,#2981,#1725,.T.);
#3818=EDGE_CURVE('',#2983,#2994,#1726,.T.);
#3819=EDGE_CURVE('',#2995,#2996,#1727,.T.);
#3820=EDGE_CURVE('',#2995,#2997,#1728,.T.);
#3821=EDGE_CURVE('',#2998,#2997,#1729,.T.);
#3822=EDGE_CURVE('',#2996,#2998,#1730,.T.);
#3823=EDGE_CURVE('',#2996,#2999,#1731,.T.);
#3824=EDGE_CURVE('',#3000,#2998,#1732,.T.);
#3825=EDGE_CURVE('',#2999,#3000,#1733,.T.);
#3826=EDGE_CURVE('',#2999,#3001,#1734,.T.);
#3827=EDGE_CURVE('',#3002,#3000,#1735,.T.);
#3828=EDGE_CURVE('',#3001,#3002,#1736,.T.);
#3829=EDGE_CURVE('',#3001,#3003,#205,.T.);
#3830=EDGE_CURVE('',#3004,#3002,#206,.T.);
#3831=EDGE_CURVE('',#3003,#3004,#1737,.T.);
#3832=EDGE_CURVE('',#3003,#3005,#207,.T.);
#3833=EDGE_CURVE('',#3006,#3004,#208,.T.);
#3834=EDGE_CURVE('',#3005,#3006,#1738,.T.);
#3835=EDGE_CURVE('',#3005,#3007,#209,.T.);
#3836=EDGE_CURVE('',#3008,#3006,#210,.T.);
#3837=EDGE_CURVE('',#3007,#3008,#1739,.T.);
#3838=EDGE_CURVE('',#3007,#3009,#211,.T.);
#3839=EDGE_CURVE('',#3010,#3008,#212,.T.);
#3840=EDGE_CURVE('',#3009,#3010,#1740,.T.);
#3841=EDGE_CURVE('',#3009,#3011,#213,.T.);
#3842=EDGE_CURVE('',#3012,#3010,#214,.T.);
#3843=EDGE_CURVE('',#3011,#3012,#1741,.T.);
#3844=EDGE_CURVE('',#3011,#3013,#215,.T.);
#3845=EDGE_CURVE('',#3014,#3012,#216,.T.);
#3846=EDGE_CURVE('',#3013,#3014,#1742,.T.);
#3847=EDGE_CURVE('',#3013,#3015,#217,.T.);
#3848=EDGE_CURVE('',#3016,#3014,#218,.T.);
#3849=EDGE_CURVE('',#3015,#3016,#1743,.T.);
#3850=EDGE_CURVE('',#3015,#3017,#219,.T.);
#3851=EDGE_CURVE('',#3018,#3016,#220,.T.);
#3852=EDGE_CURVE('',#3017,#3018,#1744,.T.);
#3853=EDGE_CURVE('',#3017,#3019,#221,.T.);
#3854=EDGE_CURVE('',#3020,#3018,#222,.T.);
#3855=EDGE_CURVE('',#3019,#3020,#1745,.T.);
#3856=EDGE_CURVE('',#3019,#3021,#223,.T.);
#3857=EDGE_CURVE('',#3022,#3020,#224,.T.);
#3858=EDGE_CURVE('',#3021,#3022,#1746,.T.);
#3859=EDGE_CURVE('',#3021,#3023,#1747,.T.);
#3860=EDGE_CURVE('',#3024,#3022,#1748,.T.);
#3861=EDGE_CURVE('',#3023,#3024,#1749,.T.);
#3862=EDGE_CURVE('',#3023,#3025,#225,.T.);
#3863=EDGE_CURVE('',#3026,#3024,#226,.T.);
#3864=EDGE_CURVE('',#3025,#3026,#1750,.T.);
#3865=EDGE_CURVE('',#3025,#3027,#227,.T.);
#3866=EDGE_CURVE('',#3028,#3026,#228,.T.);
#3867=EDGE_CURVE('',#3027,#3028,#1751,.T.);
#3868=EDGE_CURVE('',#3027,#3029,#229,.T.);
#3869=EDGE_CURVE('',#3030,#3028,#230,.T.);
#3870=EDGE_CURVE('',#3029,#3030,#1752,.T.);
#3871=EDGE_CURVE('',#3029,#3031,#231,.T.);
#3872=EDGE_CURVE('',#3032,#3030,#232,.T.);
#3873=EDGE_CURVE('',#3031,#3032,#1753,.T.);
#3874=EDGE_CURVE('',#3031,#3033,#233,.T.);
#3875=EDGE_CURVE('',#3034,#3032,#234,.T.);
#3876=EDGE_CURVE('',#3033,#3034,#1754,.T.);
#3877=EDGE_CURVE('',#3033,#3035,#235,.T.);
#3878=EDGE_CURVE('',#3036,#3034,#236,.T.);
#3879=EDGE_CURVE('',#3035,#3036,#1755,.T.);
#3880=EDGE_CURVE('',#3035,#3037,#237,.T.);
#3881=EDGE_CURVE('',#3038,#3036,#238,.T.);
#3882=EDGE_CURVE('',#3037,#3038,#1756,.T.);
#3883=EDGE_CURVE('',#3037,#3039,#239,.T.);
#3884=EDGE_CURVE('',#3040,#3038,#240,.T.);
#3885=EDGE_CURVE('',#3039,#3040,#1757,.T.);
#3886=EDGE_CURVE('',#3039,#3041,#1758,.T.);
#3887=EDGE_CURVE('',#3042,#3040,#1759,.T.);
#3888=EDGE_CURVE('',#3041,#3042,#1760,.T.);
#3889=EDGE_CURVE('',#3041,#2995,#1761,.T.);
#3890=EDGE_CURVE('',#2997,#3042,#1762,.T.);
#3891=EDGE_CURVE('',#3043,#3044,#1763,.T.);
#3892=EDGE_CURVE('',#3043,#3045,#1764,.T.);
#3893=EDGE_CURVE('',#3046,#3045,#1765,.T.);
#3894=EDGE_CURVE('',#3044,#3046,#1766,.T.);
#3895=EDGE_CURVE('',#3044,#3047,#1767,.T.);
#3896=EDGE_CURVE('',#3048,#3046,#1768,.T.);
#3897=EDGE_CURVE('',#3047,#3048,#1769,.T.);
#3898=EDGE_CURVE('',#3047,#3049,#1770,.T.);
#3899=EDGE_CURVE('',#3050,#3048,#1771,.T.);
#3900=EDGE_CURVE('',#3049,#3050,#1772,.T.);
#3901=EDGE_CURVE('',#3049,#3051,#1773,.T.);
#3902=EDGE_CURVE('',#3052,#3050,#1774,.T.);
#3903=EDGE_CURVE('',#3051,#3052,#1775,.T.);
#3904=EDGE_CURVE('',#3051,#3053,#1776,.T.);
#3905=EDGE_CURVE('',#3054,#3052,#1777,.T.);
#3906=EDGE_CURVE('',#3053,#3054,#1778,.T.);
#3907=EDGE_CURVE('',#3053,#3055,#1779,.T.);
#3908=EDGE_CURVE('',#3056,#3054,#1780,.T.);
#3909=EDGE_CURVE('',#3055,#3056,#1781,.T.);
#3910=EDGE_CURVE('',#3055,#3057,#1782,.T.);
#3911=EDGE_CURVE('',#3058,#3056,#1783,.T.);
#3912=EDGE_CURVE('',#3057,#3058,#1784,.T.);
#3913=EDGE_CURVE('',#3057,#3059,#1785,.T.);
#3914=EDGE_CURVE('',#3060,#3058,#1786,.T.);
#3915=EDGE_CURVE('',#3059,#3060,#1787,.T.);
#3916=EDGE_CURVE('',#3059,#3061,#1788,.T.);
#3917=EDGE_CURVE('',#3062,#3060,#1789,.T.);
#3918=EDGE_CURVE('',#3061,#3062,#1790,.T.);
#3919=EDGE_CURVE('',#3061,#3063,#1791,.T.);
#3920=EDGE_CURVE('',#3064,#3062,#1792,.T.);
#3921=EDGE_CURVE('',#3063,#3064,#1793,.T.);
#3922=EDGE_CURVE('',#3063,#3065,#1794,.T.);
#3923=EDGE_CURVE('',#3066,#3064,#1795,.T.);
#3924=EDGE_CURVE('',#3065,#3066,#1796,.T.);
#3925=EDGE_CURVE('',#3065,#3043,#1797,.T.);
#3926=EDGE_CURVE('',#3045,#3066,#1798,.T.);
#3927=ORIENTED_EDGE('',*,*,#3067,.T.);
#3928=ORIENTED_EDGE('',*,*,#3068,.T.);
#3929=ORIENTED_EDGE('',*,*,#3069,.T.);
#3930=ORIENTED_EDGE('',*,*,#3070,.T.);
#3931=ORIENTED_EDGE('',*,*,#3070,.F.);
#3932=ORIENTED_EDGE('',*,*,#3071,.F.);
#3933=ORIENTED_EDGE('',*,*,#3072,.F.);
#3934=ORIENTED_EDGE('',*,*,#3073,.F.);
#3935=ORIENTED_EDGE('',*,*,#3069,.F.);
#3936=ORIENTED_EDGE('',*,*,#3074,.T.);
#3937=ORIENTED_EDGE('',*,*,#3075,.F.);
#3938=ORIENTED_EDGE('',*,*,#3076,.T.);
#3939=ORIENTED_EDGE('',*,*,#3077,.F.);
#3940=ORIENTED_EDGE('',*,*,#3078,.T.);
#3941=ORIENTED_EDGE('',*,*,#3079,.F.);
#3942=ORIENTED_EDGE('',*,*,#3080,.T.);
#3943=ORIENTED_EDGE('',*,*,#3081,.F.);
#3944=ORIENTED_EDGE('',*,*,#3082,.T.);
#3945=ORIENTED_EDGE('',*,*,#3083,.F.);
#3946=ORIENTED_EDGE('',*,*,#3071,.T.);
#3947=ORIENTED_EDGE('',*,*,#3084,.T.);
#3948=ORIENTED_EDGE('',*,*,#3085,.F.);
#3949=ORIENTED_EDGE('',*,*,#3086,.T.);
#3950=ORIENTED_EDGE('',*,*,#3087,.F.);
#3951=ORIENTED_EDGE('',*,*,#3088,.T.);
#3952=ORIENTED_EDGE('',*,*,#3089,.F.);
#3953=ORIENTED_EDGE('',*,*,#3090,.T.);
#3954=ORIENTED_EDGE('',*,*,#3091,.F.);
#3955=ORIENTED_EDGE('',*,*,#3092,.T.);
#3956=ORIENTED_EDGE('',*,*,#3093,.F.);
#3957=ORIENTED_EDGE('',*,*,#3094,.T.);
#3958=ORIENTED_EDGE('',*,*,#3095,.F.);
#3959=ORIENTED_EDGE('',*,*,#3096,.T.);
#3960=ORIENTED_EDGE('',*,*,#3097,.T.);
#3961=ORIENTED_EDGE('',*,*,#3075,.T.);
#3962=ORIENTED_EDGE('',*,*,#3098,.T.);
#3963=ORIENTED_EDGE('',*,*,#3097,.F.);
#3964=ORIENTED_EDGE('',*,*,#3099,.F.);
#3965=ORIENTED_EDGE('',*,*,#3100,.F.);
#3966=ORIENTED_EDGE('',*,*,#3076,.F.);
#3967=ORIENTED_EDGE('',*,*,#3068,.F.);
#3968=ORIENTED_EDGE('',*,*,#3101,.F.);
#3969=ORIENTED_EDGE('',*,*,#3098,.F.);
#3970=ORIENTED_EDGE('',*,*,#3074,.F.);
#3971=ORIENTED_EDGE('',*,*,#3102,.T.);
#3972=ORIENTED_EDGE('',*,*,#3103,.T.);
#3973=ORIENTED_EDGE('',*,*,#3079,.T.);
#3974=ORIENTED_EDGE('',*,*,#3104,.T.);
#3975=ORIENTED_EDGE('',*,*,#3104,.F.);
#3976=ORIENTED_EDGE('',*,*,#3078,.F.);
#3977=ORIENTED_EDGE('',*,*,#3105,.F.);
#3978=ORIENTED_EDGE('',*,*,#3106,.F.);
#3979=ORIENTED_EDGE('',*,*,#3107,.T.);
#3980=ORIENTED_EDGE('',*,*,#3108,.T.);
#3981=ORIENTED_EDGE('',*,*,#3081,.T.);
#3982=ORIENTED_EDGE('',*,*,#3109,.T.);
#3983=ORIENTED_EDGE('',*,*,#3108,.F.);
#3984=ORIENTED_EDGE('',*,*,#3110,.F.);
#3985=ORIENTED_EDGE('',*,*,#3111,.F.);
#3986=ORIENTED_EDGE('',*,*,#3082,.F.);
#3987=ORIENTED_EDGE('',*,*,#3103,.F.);
#3988=ORIENTED_EDGE('',*,*,#3112,.F.);
#3989=ORIENTED_EDGE('',*,*,#3109,.F.);
#3990=ORIENTED_EDGE('',*,*,#3080,.F.);
#3991=ORIENTED_EDGE('',*,*,#3113,.T.);
#3992=ORIENTED_EDGE('',*,*,#3114,.T.);
#3993=ORIENTED_EDGE('',*,*,#3093,.T.);
#3994=ORIENTED_EDGE('',*,*,#3115,.T.);
#3995=ORIENTED_EDGE('',*,*,#3114,.F.);
#3996=ORIENTED_EDGE('',*,*,#3116,.F.);
#3997=ORIENTED_EDGE('',*,*,#3117,.F.);
#3998=ORIENTED_EDGE('',*,*,#3094,.F.);
#3999=ORIENTED_EDGE('',*,*,#3095,.T.);
#4000=ORIENTED_EDGE('',*,*,#3117,.T.);
#4001=ORIENTED_EDGE('',*,*,#3118,.T.);
#4002=ORIENTED_EDGE('',*,*,#3119,.T.);
#4003=ORIENTED_EDGE('',*,*,#3119,.F.);
#4004=ORIENTED_EDGE('',*,*,#3120,.F.);
#4005=ORIENTED_EDGE('',*,*,#3121,.T.);
#4006=ORIENTED_EDGE('',*,*,#3122,.T.);
#4007=ORIENTED_EDGE('',*,*,#3123,.T.);
#4008=ORIENTED_EDGE('',*,*,#3124,.F.);
#4009=ORIENTED_EDGE('',*,*,#3125,.F.);
#4010=ORIENTED_EDGE('',*,*,#3084,.F.);
#4011=ORIENTED_EDGE('',*,*,#3115,.F.);
#4012=ORIENTED_EDGE('',*,*,#3092,.F.);
#4013=ORIENTED_EDGE('',*,*,#3126,.F.);
#4014=ORIENTED_EDGE('',*,*,#3127,.F.);
#4015=ORIENTED_EDGE('',*,*,#3128,.T.);
#4016=ORIENTED_EDGE('',*,*,#3129,.T.);
#4017=ORIENTED_EDGE('',*,*,#3130,.T.);
#4018=ORIENTED_EDGE('',*,*,#3131,.F.);
#4019=ORIENTED_EDGE('',*,*,#3067,.F.);
#4020=ORIENTED_EDGE('',*,*,#3073,.T.);
#4021=ORIENTED_EDGE('',*,*,#3132,.F.);
#4022=ORIENTED_EDGE('',*,*,#3110,.T.);
#4023=ORIENTED_EDGE('',*,*,#3107,.F.);
#4024=ORIENTED_EDGE('',*,*,#3112,.T.);
#4025=ORIENTED_EDGE('',*,*,#3102,.F.);
#4026=ORIENTED_EDGE('',*,*,#3106,.T.);
#4027=ORIENTED_EDGE('',*,*,#3133,.F.);
#4028=ORIENTED_EDGE('',*,*,#3099,.T.);
#4029=ORIENTED_EDGE('',*,*,#3096,.F.);
#4030=ORIENTED_EDGE('',*,*,#3101,.T.);
#4031=ORIENTED_EDGE('',*,*,#3116,.T.);
#4032=ORIENTED_EDGE('',*,*,#3113,.F.);
#4033=ORIENTED_EDGE('',*,*,#3131,.T.);
#4034=ORIENTED_EDGE('',*,*,#3134,.T.);
#4035=ORIENTED_EDGE('',*,*,#3135,.T.);
#4036=ORIENTED_EDGE('',*,*,#3136,.F.);
#4037=ORIENTED_EDGE('',*,*,#3127,.T.);
#4038=ORIENTED_EDGE('',*,*,#3137,.F.);
#4039=ORIENTED_EDGE('',*,*,#3138,.T.);
#4040=ORIENTED_EDGE('',*,*,#3139,.T.);
#4041=ORIENTED_EDGE('',*,*,#3140,.T.);
#4042=ORIENTED_EDGE('',*,*,#3141,.F.);
#4043=ORIENTED_EDGE('',*,*,#3142,.T.);
#4044=ORIENTED_EDGE('',*,*,#3143,.F.);
#4045=ORIENTED_EDGE('',*,*,#3144,.T.);
#4046=ORIENTED_EDGE('',*,*,#3145,.F.);
#4047=ORIENTED_EDGE('',*,*,#3146,.T.);
#4048=ORIENTED_EDGE('',*,*,#3147,.T.);
#4049=ORIENTED_EDGE('',*,*,#3148,.T.);
#4050=ORIENTED_EDGE('',*,*,#3149,.F.);
#4051=ORIENTED_EDGE('',*,*,#3150,.T.);
#4052=ORIENTED_EDGE('',*,*,#3151,.F.);
#4053=ORIENTED_EDGE('',*,*,#3124,.T.);
#4054=ORIENTED_EDGE('',*,*,#3152,.F.);
#4055=ORIENTED_EDGE('',*,*,#3153,.T.);
#4056=ORIENTED_EDGE('',*,*,#3154,.T.);
#4057=ORIENTED_EDGE('',*,*,#3120,.T.);
#4058=ORIENTED_EDGE('',*,*,#3118,.F.);
#4059=ORIENTED_EDGE('',*,*,#3145,.T.);
#4060=ORIENTED_EDGE('',*,*,#3155,.T.);
#4061=ORIENTED_EDGE('',*,*,#3087,.T.);
#4062=ORIENTED_EDGE('',*,*,#3156,.T.);
#4063=ORIENTED_EDGE('',*,*,#3155,.F.);
#4064=ORIENTED_EDGE('',*,*,#3144,.F.);
#4065=ORIENTED_EDGE('',*,*,#3157,.F.);
#4066=ORIENTED_EDGE('',*,*,#3088,.F.);
#4067=ORIENTED_EDGE('',*,*,#3089,.T.);
#4068=ORIENTED_EDGE('',*,*,#3157,.T.);
#4069=ORIENTED_EDGE('',*,*,#3143,.T.);
#4070=ORIENTED_EDGE('',*,*,#3158,.T.);
#4071=ORIENTED_EDGE('',*,*,#3158,.F.);
#4072=ORIENTED_EDGE('',*,*,#3142,.F.);
#4073=ORIENTED_EDGE('',*,*,#3159,.T.);
#4074=ORIENTED_EDGE('',*,*,#3160,.T.);
#4075=ORIENTED_EDGE('',*,*,#3161,.T.);
#4076=ORIENTED_EDGE('',*,*,#3138,.F.);
#4077=ORIENTED_EDGE('',*,*,#3162,.F.);
#4078=ORIENTED_EDGE('',*,*,#3090,.F.);
#4079=ORIENTED_EDGE('',*,*,#3156,.F.);
#4080=ORIENTED_EDGE('',*,*,#3086,.F.);
#4081=ORIENTED_EDGE('',*,*,#3163,.F.);
#4082=ORIENTED_EDGE('',*,*,#3150,.F.);
#4083=ORIENTED_EDGE('',*,*,#3164,.T.);
#4084=ORIENTED_EDGE('',*,*,#3165,.T.);
#4085=ORIENTED_EDGE('',*,*,#3166,.T.);
#4086=ORIENTED_EDGE('',*,*,#3146,.F.);
#4087=ORIENTED_EDGE('',*,*,#3137,.T.);
#4088=ORIENTED_EDGE('',*,*,#3126,.T.);
#4089=ORIENTED_EDGE('',*,*,#3091,.T.);
#4090=ORIENTED_EDGE('',*,*,#3162,.T.);
#4091=ORIENTED_EDGE('',*,*,#3085,.T.);
#4092=ORIENTED_EDGE('',*,*,#3125,.T.);
#4093=ORIENTED_EDGE('',*,*,#3151,.T.);
#4094=ORIENTED_EDGE('',*,*,#3163,.T.);
#4095=ORIENTED_EDGE('',*,*,#3129,.F.);
#4096=ORIENTED_EDGE('',*,*,#3167,.F.);
#4097=ORIENTED_EDGE('',*,*,#3135,.F.);
#4098=ORIENTED_EDGE('',*,*,#3168,.T.);
#4099=ORIENTED_EDGE('',*,*,#3128,.F.);
#4100=ORIENTED_EDGE('',*,*,#3136,.T.);
#4101=ORIENTED_EDGE('',*,*,#3167,.T.);
#4102=ORIENTED_EDGE('',*,*,#3168,.F.);
#4103=ORIENTED_EDGE('',*,*,#3134,.F.);
#4104=ORIENTED_EDGE('',*,*,#3130,.F.);
#4105=ORIENTED_EDGE('',*,*,#3122,.F.);
#4106=ORIENTED_EDGE('',*,*,#3169,.T.);
#4107=ORIENTED_EDGE('',*,*,#3153,.F.);
#4108=ORIENTED_EDGE('',*,*,#3170,.F.);
#4109=ORIENTED_EDGE('',*,*,#3170,.T.);
#4110=ORIENTED_EDGE('',*,*,#3152,.T.);
#4111=ORIENTED_EDGE('',*,*,#3123,.F.);
#4112=ORIENTED_EDGE('',*,*,#3121,.F.);
#4113=ORIENTED_EDGE('',*,*,#3154,.F.);
#4114=ORIENTED_EDGE('',*,*,#3169,.F.);
#4115=ORIENTED_EDGE('',*,*,#3160,.F.);
#4116=ORIENTED_EDGE('',*,*,#3171,.F.);
#4117=ORIENTED_EDGE('',*,*,#3140,.F.);
#4118=ORIENTED_EDGE('',*,*,#3172,.T.);
#4119=ORIENTED_EDGE('',*,*,#3159,.F.);
#4120=ORIENTED_EDGE('',*,*,#3141,.T.);
#4121=ORIENTED_EDGE('',*,*,#3171,.T.);
#4122=ORIENTED_EDGE('',*,*,#3172,.F.);
#4123=ORIENTED_EDGE('',*,*,#3139,.F.);
#4124=ORIENTED_EDGE('',*,*,#3161,.F.);
#4125=ORIENTED_EDGE('',*,*,#3165,.F.);
#4126=ORIENTED_EDGE('',*,*,#3173,.F.);
#4127=ORIENTED_EDGE('',*,*,#3148,.F.);
#4128=ORIENTED_EDGE('',*,*,#3174,.T.);
#4129=ORIENTED_EDGE('',*,*,#3164,.F.);
#4130=ORIENTED_EDGE('',*,*,#3149,.T.);
#4131=ORIENTED_EDGE('',*,*,#3173,.T.);
#4132=ORIENTED_EDGE('',*,*,#3174,.F.);
#4133=ORIENTED_EDGE('',*,*,#3147,.F.);
#4134=ORIENTED_EDGE('',*,*,#3166,.F.);
#4135=ORIENTED_EDGE('',*,*,#3132,.T.);
#4136=ORIENTED_EDGE('',*,*,#3072,.T.);
#4137=ORIENTED_EDGE('',*,*,#3083,.T.);
#4138=ORIENTED_EDGE('',*,*,#3111,.T.);
#4139=ORIENTED_EDGE('',*,*,#3133,.T.);
#4140=ORIENTED_EDGE('',*,*,#3105,.T.);
#4141=ORIENTED_EDGE('',*,*,#3077,.T.);
#4142=ORIENTED_EDGE('',*,*,#3100,.T.);
#4143=ORIENTED_EDGE('',*,*,#3175,.F.);
#4144=ORIENTED_EDGE('',*,*,#3176,.F.);
#4145=ORIENTED_EDGE('',*,*,#3177,.F.);
#4146=ORIENTED_EDGE('',*,*,#3178,.F.);
#4147=ORIENTED_EDGE('',*,*,#3179,.F.);
#4148=ORIENTED_EDGE('',*,*,#3180,.F.);
#4149=ORIENTED_EDGE('',*,*,#3181,.F.);
#4150=ORIENTED_EDGE('',*,*,#3182,.F.);
#4151=ORIENTED_EDGE('',*,*,#3183,.F.);
#4152=ORIENTED_EDGE('',*,*,#3184,.F.);
#4153=ORIENTED_EDGE('',*,*,#3185,.F.);
#4154=ORIENTED_EDGE('',*,*,#3186,.F.);
#4155=ORIENTED_EDGE('',*,*,#3187,.F.);
#4156=ORIENTED_EDGE('',*,*,#3188,.F.);
#4157=ORIENTED_EDGE('',*,*,#3189,.F.);
#4158=ORIENTED_EDGE('',*,*,#3190,.F.);
#4159=ORIENTED_EDGE('',*,*,#3191,.F.);
#4160=ORIENTED_EDGE('',*,*,#3192,.F.);
#4161=ORIENTED_EDGE('',*,*,#3193,.F.);
#4162=ORIENTED_EDGE('',*,*,#3194,.F.);
#4163=ORIENTED_EDGE('',*,*,#3195,.F.);
#4164=ORIENTED_EDGE('',*,*,#3196,.F.);
#4165=ORIENTED_EDGE('',*,*,#3197,.F.);
#4166=ORIENTED_EDGE('',*,*,#3198,.F.);
#4167=ORIENTED_EDGE('',*,*,#3199,.F.);
#4168=ORIENTED_EDGE('',*,*,#3200,.F.);
#4169=ORIENTED_EDGE('',*,*,#3201,.F.);
#4170=ORIENTED_EDGE('',*,*,#3202,.F.);
#4171=ORIENTED_EDGE('',*,*,#3203,.F.);
#4172=ORIENTED_EDGE('',*,*,#3204,.F.);
#4173=ORIENTED_EDGE('',*,*,#3205,.F.);
#4174=ORIENTED_EDGE('',*,*,#3206,.F.);
#4175=ORIENTED_EDGE('',*,*,#3207,.F.);
#4176=ORIENTED_EDGE('',*,*,#3208,.F.);
#4177=ORIENTED_EDGE('',*,*,#3209,.F.);
#4178=ORIENTED_EDGE('',*,*,#3210,.F.);
#4179=ORIENTED_EDGE('',*,*,#3211,.F.);
#4180=ORIENTED_EDGE('',*,*,#3212,.F.);
#4181=ORIENTED_EDGE('',*,*,#3213,.F.);
#4182=ORIENTED_EDGE('',*,*,#3214,.F.);
#4183=ORIENTED_EDGE('',*,*,#3215,.F.);
#4184=ORIENTED_EDGE('',*,*,#3216,.F.);
#4185=ORIENTED_EDGE('',*,*,#3217,.F.);
#4186=ORIENTED_EDGE('',*,*,#3218,.F.);
#4187=ORIENTED_EDGE('',*,*,#3219,.F.);
#4188=ORIENTED_EDGE('',*,*,#3220,.F.);
#4189=ORIENTED_EDGE('',*,*,#3221,.F.);
#4190=ORIENTED_EDGE('',*,*,#3222,.F.);
#4191=ORIENTED_EDGE('',*,*,#3223,.F.);
#4192=ORIENTED_EDGE('',*,*,#3224,.F.);
#4193=ORIENTED_EDGE('',*,*,#3225,.F.);
#4194=ORIENTED_EDGE('',*,*,#3226,.F.);
#4195=ORIENTED_EDGE('',*,*,#3227,.F.);
#4196=ORIENTED_EDGE('',*,*,#3228,.F.);
#4197=ORIENTED_EDGE('',*,*,#3229,.F.);
#4198=ORIENTED_EDGE('',*,*,#3230,.F.);
#4199=ORIENTED_EDGE('',*,*,#3231,.F.);
#4200=ORIENTED_EDGE('',*,*,#3232,.F.);
#4201=ORIENTED_EDGE('',*,*,#3233,.F.);
#4202=ORIENTED_EDGE('',*,*,#3234,.F.);
#4203=ORIENTED_EDGE('',*,*,#3235,.F.);
#4204=ORIENTED_EDGE('',*,*,#3236,.F.);
#4205=ORIENTED_EDGE('',*,*,#3237,.F.);
#4206=ORIENTED_EDGE('',*,*,#3238,.F.);
#4207=ORIENTED_EDGE('',*,*,#3239,.F.);
#4208=ORIENTED_EDGE('',*,*,#3240,.F.);
#4209=ORIENTED_EDGE('',*,*,#3241,.F.);
#4210=ORIENTED_EDGE('',*,*,#3242,.F.);
#4211=ORIENTED_EDGE('',*,*,#3243,.F.);
#4212=ORIENTED_EDGE('',*,*,#3244,.F.);
#4213=ORIENTED_EDGE('',*,*,#3245,.F.);
#4214=ORIENTED_EDGE('',*,*,#3246,.F.);
#4215=ORIENTED_EDGE('',*,*,#3247,.F.);
#4216=ORIENTED_EDGE('',*,*,#3248,.F.);
#4217=ORIENTED_EDGE('',*,*,#3249,.F.);
#4218=ORIENTED_EDGE('',*,*,#3250,.F.);
#4219=ORIENTED_EDGE('',*,*,#3251,.F.);
#4220=ORIENTED_EDGE('',*,*,#3252,.F.);
#4221=ORIENTED_EDGE('',*,*,#3253,.F.);
#4222=ORIENTED_EDGE('',*,*,#3254,.F.);
#4223=ORIENTED_EDGE('',*,*,#3255,.F.);
#4224=ORIENTED_EDGE('',*,*,#3256,.F.);
#4225=ORIENTED_EDGE('',*,*,#3257,.F.);
#4226=ORIENTED_EDGE('',*,*,#3258,.F.);
#4227=ORIENTED_EDGE('',*,*,#3259,.F.);
#4228=ORIENTED_EDGE('',*,*,#3260,.F.);
#4229=ORIENTED_EDGE('',*,*,#3261,.F.);
#4230=ORIENTED_EDGE('',*,*,#3262,.F.);
#4231=ORIENTED_EDGE('',*,*,#3263,.T.);
#4232=ORIENTED_EDGE('',*,*,#3264,.T.);
#4233=ORIENTED_EDGE('',*,*,#3265,.T.);
#4234=ORIENTED_EDGE('',*,*,#3266,.F.);
#4235=ORIENTED_EDGE('',*,*,#3267,.T.);
#4236=ORIENTED_EDGE('',*,*,#3268,.T.);
#4237=ORIENTED_EDGE('',*,*,#3269,.T.);
#4238=ORIENTED_EDGE('',*,*,#3264,.F.);
#4239=ORIENTED_EDGE('',*,*,#3270,.T.);
#4240=ORIENTED_EDGE('',*,*,#3271,.T.);
#4241=ORIENTED_EDGE('',*,*,#3272,.T.);
#4242=ORIENTED_EDGE('',*,*,#3268,.F.);
#4243=ORIENTED_EDGE('',*,*,#3273,.T.);
#4244=ORIENTED_EDGE('',*,*,#3271,.F.);
#4245=ORIENTED_EDGE('',*,*,#3274,.T.);
#4246=ORIENTED_EDGE('',*,*,#3266,.T.);
#4247=ORIENTED_EDGE('',*,*,#3273,.F.);
#4248=ORIENTED_EDGE('',*,*,#3275,.T.);
#4249=ORIENTED_EDGE('',*,*,#3276,.T.);
#4250=ORIENTED_EDGE('',*,*,#3277,.T.);
#4251=ORIENTED_EDGE('',*,*,#3278,.T.);
#4252=ORIENTED_EDGE('',*,*,#3279,.F.);
#4253=ORIENTED_EDGE('',*,*,#3280,.T.);
#4254=ORIENTED_EDGE('',*,*,#3281,.F.);
#4255=ORIENTED_EDGE('',*,*,#3265,.F.);
#4256=ORIENTED_EDGE('',*,*,#3282,.T.);
#4257=ORIENTED_EDGE('',*,*,#3283,.T.);
#4258=ORIENTED_EDGE('',*,*,#3275,.F.);
#4259=ORIENTED_EDGE('',*,*,#3284,.T.);
#4260=ORIENTED_EDGE('',*,*,#3285,.F.);
#4261=ORIENTED_EDGE('',*,*,#3286,.T.);
#4262=ORIENTED_EDGE('',*,*,#3287,.F.);
#4263=ORIENTED_EDGE('',*,*,#3288,.T.);
#4264=ORIENTED_EDGE('',*,*,#3289,.F.);
#4265=ORIENTED_EDGE('',*,*,#3290,.T.);
#4266=ORIENTED_EDGE('',*,*,#3291,.F.);
#4267=ORIENTED_EDGE('',*,*,#3292,.T.);
#4268=ORIENTED_EDGE('',*,*,#3293,.F.);
#4269=ORIENTED_EDGE('',*,*,#3294,.T.);
#4270=ORIENTED_EDGE('',*,*,#3295,.F.);
#4271=ORIENTED_EDGE('',*,*,#3296,.T.);
#4272=ORIENTED_EDGE('',*,*,#3297,.T.);
#4273=ORIENTED_EDGE('',*,*,#3298,.T.);
#4274=ORIENTED_EDGE('',*,*,#3299,.T.);
#4275=ORIENTED_EDGE('',*,*,#3300,.T.);
#4276=ORIENTED_EDGE('',*,*,#3301,.T.);
#4277=ORIENTED_EDGE('',*,*,#3302,.T.);
#4278=ORIENTED_EDGE('',*,*,#3303,.T.);
#4279=ORIENTED_EDGE('',*,*,#3304,.T.);
#4280=ORIENTED_EDGE('',*,*,#3305,.T.);
#4281=ORIENTED_EDGE('',*,*,#3306,.T.);
#4282=ORIENTED_EDGE('',*,*,#3307,.T.);
#4283=ORIENTED_EDGE('',*,*,#3308,.T.);
#4284=ORIENTED_EDGE('',*,*,#3309,.T.);
#4285=ORIENTED_EDGE('',*,*,#3310,.T.);
#4286=ORIENTED_EDGE('',*,*,#3311,.T.);
#4287=ORIENTED_EDGE('',*,*,#3312,.T.);
#4288=ORIENTED_EDGE('',*,*,#3313,.T.);
#4289=ORIENTED_EDGE('',*,*,#3314,.T.);
#4290=ORIENTED_EDGE('',*,*,#3315,.T.);
#4291=ORIENTED_EDGE('',*,*,#3316,.T.);
#4292=ORIENTED_EDGE('',*,*,#3317,.T.);
#4293=ORIENTED_EDGE('',*,*,#3318,.T.);
#4294=ORIENTED_EDGE('',*,*,#3319,.T.);
#4295=ORIENTED_EDGE('',*,*,#3320,.T.);
#4296=ORIENTED_EDGE('',*,*,#3321,.T.);
#4297=ORIENTED_EDGE('',*,*,#3322,.T.);
#4298=ORIENTED_EDGE('',*,*,#3323,.T.);
#4299=ORIENTED_EDGE('',*,*,#3324,.T.);
#4300=ORIENTED_EDGE('',*,*,#3325,.T.);
#4301=ORIENTED_EDGE('',*,*,#3326,.T.);
#4302=ORIENTED_EDGE('',*,*,#3327,.T.);
#4303=ORIENTED_EDGE('',*,*,#3328,.T.);
#4304=ORIENTED_EDGE('',*,*,#3329,.T.);
#4305=ORIENTED_EDGE('',*,*,#3330,.T.);
#4306=ORIENTED_EDGE('',*,*,#3331,.T.);
#4307=ORIENTED_EDGE('',*,*,#3332,.T.);
#4308=ORIENTED_EDGE('',*,*,#3333,.T.);
#4309=ORIENTED_EDGE('',*,*,#3334,.T.);
#4310=ORIENTED_EDGE('',*,*,#3335,.T.);
#4311=ORIENTED_EDGE('',*,*,#3336,.T.);
#4312=ORIENTED_EDGE('',*,*,#3337,.T.);
#4313=ORIENTED_EDGE('',*,*,#3338,.T.);
#4314=ORIENTED_EDGE('',*,*,#3339,.T.);
#4315=ORIENTED_EDGE('',*,*,#3340,.T.);
#4316=ORIENTED_EDGE('',*,*,#3341,.T.);
#4317=ORIENTED_EDGE('',*,*,#3342,.T.);
#4318=ORIENTED_EDGE('',*,*,#3343,.T.);
#4319=ORIENTED_EDGE('',*,*,#3344,.T.);
#4320=ORIENTED_EDGE('',*,*,#3345,.T.);
#4321=ORIENTED_EDGE('',*,*,#3346,.T.);
#4322=ORIENTED_EDGE('',*,*,#3347,.T.);
#4323=ORIENTED_EDGE('',*,*,#3348,.T.);
#4324=ORIENTED_EDGE('',*,*,#3349,.T.);
#4325=ORIENTED_EDGE('',*,*,#3350,.T.);
#4326=ORIENTED_EDGE('',*,*,#3351,.T.);
#4327=ORIENTED_EDGE('',*,*,#3352,.T.);
#4328=ORIENTED_EDGE('',*,*,#3353,.T.);
#4329=ORIENTED_EDGE('',*,*,#3354,.T.);
#4330=ORIENTED_EDGE('',*,*,#3355,.T.);
#4331=ORIENTED_EDGE('',*,*,#3356,.T.);
#4332=ORIENTED_EDGE('',*,*,#3357,.T.);
#4333=ORIENTED_EDGE('',*,*,#3358,.T.);
#4334=ORIENTED_EDGE('',*,*,#3359,.T.);
#4335=ORIENTED_EDGE('',*,*,#3360,.T.);
#4336=ORIENTED_EDGE('',*,*,#3361,.T.);
#4337=ORIENTED_EDGE('',*,*,#3362,.T.);
#4338=ORIENTED_EDGE('',*,*,#3363,.T.);
#4339=ORIENTED_EDGE('',*,*,#3364,.T.);
#4340=ORIENTED_EDGE('',*,*,#3365,.T.);
#4341=ORIENTED_EDGE('',*,*,#3366,.T.);
#4342=ORIENTED_EDGE('',*,*,#3367,.T.);
#4343=ORIENTED_EDGE('',*,*,#3368,.T.);
#4344=ORIENTED_EDGE('',*,*,#3369,.T.);
#4345=ORIENTED_EDGE('',*,*,#3370,.T.);
#4346=ORIENTED_EDGE('',*,*,#3371,.T.);
#4347=ORIENTED_EDGE('',*,*,#3372,.T.);
#4348=ORIENTED_EDGE('',*,*,#3373,.T.);
#4349=ORIENTED_EDGE('',*,*,#3374,.T.);
#4350=ORIENTED_EDGE('',*,*,#3375,.T.);
#4351=ORIENTED_EDGE('',*,*,#3376,.T.);
#4352=ORIENTED_EDGE('',*,*,#3377,.T.);
#4353=ORIENTED_EDGE('',*,*,#3378,.T.);
#4354=ORIENTED_EDGE('',*,*,#3379,.T.);
#4355=ORIENTED_EDGE('',*,*,#3380,.T.);
#4356=ORIENTED_EDGE('',*,*,#3263,.F.);
#4357=ORIENTED_EDGE('',*,*,#3274,.F.);
#4358=ORIENTED_EDGE('',*,*,#3270,.F.);
#4359=ORIENTED_EDGE('',*,*,#3267,.F.);
#4360=ORIENTED_EDGE('',*,*,#3296,.F.);
#4361=ORIENTED_EDGE('',*,*,#3381,.T.);
#4362=ORIENTED_EDGE('',*,*,#3228,.T.);
#4363=ORIENTED_EDGE('',*,*,#3382,.F.);
#4364=ORIENTED_EDGE('',*,*,#3319,.F.);
#4365=ORIENTED_EDGE('',*,*,#3383,.T.);
#4366=ORIENTED_EDGE('',*,*,#3229,.T.);
#4367=ORIENTED_EDGE('',*,*,#3381,.F.);
#4368=ORIENTED_EDGE('',*,*,#3318,.F.);
#4369=ORIENTED_EDGE('',*,*,#3384,.T.);
#4370=ORIENTED_EDGE('',*,*,#3230,.T.);
#4371=ORIENTED_EDGE('',*,*,#3383,.F.);
#4372=ORIENTED_EDGE('',*,*,#3317,.F.);
#4373=ORIENTED_EDGE('',*,*,#3385,.T.);
#4374=ORIENTED_EDGE('',*,*,#3231,.T.);
#4375=ORIENTED_EDGE('',*,*,#3384,.F.);
#4376=ORIENTED_EDGE('',*,*,#3316,.F.);
#4377=ORIENTED_EDGE('',*,*,#3386,.T.);
#4378=ORIENTED_EDGE('',*,*,#3232,.T.);
#4379=ORIENTED_EDGE('',*,*,#3385,.F.);
#4380=ORIENTED_EDGE('',*,*,#3315,.F.);
#4381=ORIENTED_EDGE('',*,*,#3387,.T.);
#4382=ORIENTED_EDGE('',*,*,#3233,.T.);
#4383=ORIENTED_EDGE('',*,*,#3386,.F.);
#4384=ORIENTED_EDGE('',*,*,#3314,.F.);
#4385=ORIENTED_EDGE('',*,*,#3388,.T.);
#4386=ORIENTED_EDGE('',*,*,#3234,.T.);
#4387=ORIENTED_EDGE('',*,*,#3387,.F.);
#4388=ORIENTED_EDGE('',*,*,#3313,.F.);
#4389=ORIENTED_EDGE('',*,*,#3389,.T.);
#4390=ORIENTED_EDGE('',*,*,#3235,.T.);
#4391=ORIENTED_EDGE('',*,*,#3388,.F.);
#4392=ORIENTED_EDGE('',*,*,#3312,.F.);
#4393=ORIENTED_EDGE('',*,*,#3390,.T.);
#4394=ORIENTED_EDGE('',*,*,#3236,.T.);
#4395=ORIENTED_EDGE('',*,*,#3389,.F.);
#4396=ORIENTED_EDGE('',*,*,#3311,.F.);
#4397=ORIENTED_EDGE('',*,*,#3391,.T.);
#4398=ORIENTED_EDGE('',*,*,#3237,.T.);
#4399=ORIENTED_EDGE('',*,*,#3390,.F.);
#4400=ORIENTED_EDGE('',*,*,#3310,.F.);
#4401=ORIENTED_EDGE('',*,*,#3392,.T.);
#4402=ORIENTED_EDGE('',*,*,#3238,.T.);
#4403=ORIENTED_EDGE('',*,*,#3391,.F.);
#4404=ORIENTED_EDGE('',*,*,#3309,.F.);
#4405=ORIENTED_EDGE('',*,*,#3393,.T.);
#4406=ORIENTED_EDGE('',*,*,#3239,.T.);
#4407=ORIENTED_EDGE('',*,*,#3392,.F.);
#4408=ORIENTED_EDGE('',*,*,#3308,.F.);
#4409=ORIENTED_EDGE('',*,*,#3394,.T.);
#4410=ORIENTED_EDGE('',*,*,#3240,.T.);
#4411=ORIENTED_EDGE('',*,*,#3393,.F.);
#4412=ORIENTED_EDGE('',*,*,#3307,.F.);
#4413=ORIENTED_EDGE('',*,*,#3395,.T.);
#4414=ORIENTED_EDGE('',*,*,#3241,.T.);
#4415=ORIENTED_EDGE('',*,*,#3394,.F.);
#4416=ORIENTED_EDGE('',*,*,#3306,.F.);
#4417=ORIENTED_EDGE('',*,*,#3396,.T.);
#4418=ORIENTED_EDGE('',*,*,#3242,.T.);
#4419=ORIENTED_EDGE('',*,*,#3395,.F.);
#4420=ORIENTED_EDGE('',*,*,#3305,.F.);
#4421=ORIENTED_EDGE('',*,*,#3397,.T.);
#4422=ORIENTED_EDGE('',*,*,#3243,.T.);
#4423=ORIENTED_EDGE('',*,*,#3396,.F.);
#4424=ORIENTED_EDGE('',*,*,#3304,.F.);
#4425=ORIENTED_EDGE('',*,*,#3398,.T.);
#4426=ORIENTED_EDGE('',*,*,#3244,.T.);
#4427=ORIENTED_EDGE('',*,*,#3397,.F.);
#4428=ORIENTED_EDGE('',*,*,#3303,.F.);
#4429=ORIENTED_EDGE('',*,*,#3399,.T.);
#4430=ORIENTED_EDGE('',*,*,#3245,.T.);
#4431=ORIENTED_EDGE('',*,*,#3398,.F.);
#4432=ORIENTED_EDGE('',*,*,#3302,.F.);
#4433=ORIENTED_EDGE('',*,*,#3400,.T.);
#4434=ORIENTED_EDGE('',*,*,#3246,.T.);
#4435=ORIENTED_EDGE('',*,*,#3399,.F.);
#4436=ORIENTED_EDGE('',*,*,#3301,.F.);
#4437=ORIENTED_EDGE('',*,*,#3401,.T.);
#4438=ORIENTED_EDGE('',*,*,#3247,.T.);
#4439=ORIENTED_EDGE('',*,*,#3400,.F.);
#4440=ORIENTED_EDGE('',*,*,#3300,.F.);
#4441=ORIENTED_EDGE('',*,*,#3402,.T.);
#4442=ORIENTED_EDGE('',*,*,#3248,.T.);
#4443=ORIENTED_EDGE('',*,*,#3401,.F.);
#4444=ORIENTED_EDGE('',*,*,#3299,.F.);
#4445=ORIENTED_EDGE('',*,*,#3403,.T.);
#4446=ORIENTED_EDGE('',*,*,#3249,.T.);
#4447=ORIENTED_EDGE('',*,*,#3402,.F.);
#4448=ORIENTED_EDGE('',*,*,#3298,.F.);
#4449=ORIENTED_EDGE('',*,*,#3404,.T.);
#4450=ORIENTED_EDGE('',*,*,#3250,.T.);
#4451=ORIENTED_EDGE('',*,*,#3403,.F.);
#4452=ORIENTED_EDGE('',*,*,#3297,.F.);
#4453=ORIENTED_EDGE('',*,*,#3382,.T.);
#4454=ORIENTED_EDGE('',*,*,#3227,.T.);
#4455=ORIENTED_EDGE('',*,*,#3404,.F.);
#4456=ORIENTED_EDGE('',*,*,#3320,.F.);
#4457=ORIENTED_EDGE('',*,*,#3405,.T.);
#4458=ORIENTED_EDGE('',*,*,#3176,.T.);
#4459=ORIENTED_EDGE('',*,*,#3406,.F.);
#4460=ORIENTED_EDGE('',*,*,#3325,.F.);
#4461=ORIENTED_EDGE('',*,*,#3407,.T.);
#4462=ORIENTED_EDGE('',*,*,#3177,.T.);
#4463=ORIENTED_EDGE('',*,*,#3405,.F.);
#4464=ORIENTED_EDGE('',*,*,#3324,.F.);
#4465=ORIENTED_EDGE('',*,*,#3408,.T.);
#4466=ORIENTED_EDGE('',*,*,#3178,.T.);
#4467=ORIENTED_EDGE('',*,*,#3407,.F.);
#4468=ORIENTED_EDGE('',*,*,#3323,.F.);
#4469=ORIENTED_EDGE('',*,*,#3409,.T.);
#4470=ORIENTED_EDGE('',*,*,#3179,.T.);
#4471=ORIENTED_EDGE('',*,*,#3408,.F.);
#4472=ORIENTED_EDGE('',*,*,#3322,.F.);
#4473=ORIENTED_EDGE('',*,*,#3410,.T.);
#4474=ORIENTED_EDGE('',*,*,#3180,.T.);
#4475=ORIENTED_EDGE('',*,*,#3409,.F.);
#4476=ORIENTED_EDGE('',*,*,#3321,.F.);
#4477=ORIENTED_EDGE('',*,*,#3406,.T.);
#4478=ORIENTED_EDGE('',*,*,#3175,.T.);
#4479=ORIENTED_EDGE('',*,*,#3410,.F.);
#4480=ORIENTED_EDGE('',*,*,#3326,.F.);
#4481=ORIENTED_EDGE('',*,*,#3411,.T.);
#4482=ORIENTED_EDGE('',*,*,#3200,.T.);
#4483=ORIENTED_EDGE('',*,*,#3412,.F.);
#4484=ORIENTED_EDGE('',*,*,#3343,.F.);
#4485=ORIENTED_EDGE('',*,*,#3413,.T.);
#4486=ORIENTED_EDGE('',*,*,#3201,.T.);
#4487=ORIENTED_EDGE('',*,*,#3411,.F.);
#4488=ORIENTED_EDGE('',*,*,#3342,.F.);
#4489=ORIENTED_EDGE('',*,*,#3414,.T.);
#4490=ORIENTED_EDGE('',*,*,#3202,.T.);
#4491=ORIENTED_EDGE('',*,*,#3413,.F.);
#4492=ORIENTED_EDGE('',*,*,#3341,.F.);
#4493=ORIENTED_EDGE('',*,*,#3415,.T.);
#4494=ORIENTED_EDGE('',*,*,#3203,.T.);
#4495=ORIENTED_EDGE('',*,*,#3414,.F.);
#4496=ORIENTED_EDGE('',*,*,#3340,.F.);
#4497=ORIENTED_EDGE('',*,*,#3416,.T.);
#4498=ORIENTED_EDGE('',*,*,#3204,.T.);
#4499=ORIENTED_EDGE('',*,*,#3415,.F.);
#4500=ORIENTED_EDGE('',*,*,#3339,.F.);
#4501=ORIENTED_EDGE('',*,*,#3417,.T.);
#4502=ORIENTED_EDGE('',*,*,#3205,.T.);
#4503=ORIENTED_EDGE('',*,*,#3416,.F.);
#4504=ORIENTED_EDGE('',*,*,#3338,.F.);
#4505=ORIENTED_EDGE('',*,*,#3418,.T.);
#4506=ORIENTED_EDGE('',*,*,#3206,.T.);
#4507=ORIENTED_EDGE('',*,*,#3417,.F.);
#4508=ORIENTED_EDGE('',*,*,#3337,.F.);
#4509=ORIENTED_EDGE('',*,*,#3419,.T.);
#4510=ORIENTED_EDGE('',*,*,#3207,.T.);
#4511=ORIENTED_EDGE('',*,*,#3418,.F.);
#4512=ORIENTED_EDGE('',*,*,#3336,.F.);
#4513=ORIENTED_EDGE('',*,*,#3420,.T.);
#4514=ORIENTED_EDGE('',*,*,#3208,.T.);
#4515=ORIENTED_EDGE('',*,*,#3419,.F.);
#4516=ORIENTED_EDGE('',*,*,#3335,.F.);
#4517=ORIENTED_EDGE('',*,*,#3421,.T.);
#4518=ORIENTED_EDGE('',*,*,#3209,.T.);
#4519=ORIENTED_EDGE('',*,*,#3420,.F.);
#4520=ORIENTED_EDGE('',*,*,#3334,.F.);
#4521=ORIENTED_EDGE('',*,*,#3422,.T.);
#4522=ORIENTED_EDGE('',*,*,#3210,.T.);
#4523=ORIENTED_EDGE('',*,*,#3421,.F.);
#4524=ORIENTED_EDGE('',*,*,#3333,.F.);
#4525=ORIENTED_EDGE('',*,*,#3423,.T.);
#4526=ORIENTED_EDGE('',*,*,#3211,.T.);
#4527=ORIENTED_EDGE('',*,*,#3422,.F.);
#4528=ORIENTED_EDGE('',*,*,#3332,.F.);
#4529=ORIENTED_EDGE('',*,*,#3424,.T.);
#4530=ORIENTED_EDGE('',*,*,#3212,.T.);
#4531=ORIENTED_EDGE('',*,*,#3423,.F.);
#4532=ORIENTED_EDGE('',*,*,#3331,.F.);
#4533=ORIENTED_EDGE('',*,*,#3425,.T.);
#4534=ORIENTED_EDGE('',*,*,#3213,.T.);
#4535=ORIENTED_EDGE('',*,*,#3424,.F.);
#4536=ORIENTED_EDGE('',*,*,#3330,.F.);
#4537=ORIENTED_EDGE('',*,*,#3426,.T.);
#4538=ORIENTED_EDGE('',*,*,#3214,.T.);
#4539=ORIENTED_EDGE('',*,*,#3425,.F.);
#4540=ORIENTED_EDGE('',*,*,#3329,.F.);
#4541=ORIENTED_EDGE('',*,*,#3427,.T.);
#4542=ORIENTED_EDGE('',*,*,#3215,.T.);
#4543=ORIENTED_EDGE('',*,*,#3426,.F.);
#4544=ORIENTED_EDGE('',*,*,#3328,.F.);
#4545=ORIENTED_EDGE('',*,*,#3428,.T.);
#4546=ORIENTED_EDGE('',*,*,#3216,.T.);
#4547=ORIENTED_EDGE('',*,*,#3427,.F.);
#4548=ORIENTED_EDGE('',*,*,#3327,.F.);
#4549=ORIENTED_EDGE('',*,*,#3412,.T.);
#4550=ORIENTED_EDGE('',*,*,#3199,.T.);
#4551=ORIENTED_EDGE('',*,*,#3428,.F.);
#4552=ORIENTED_EDGE('',*,*,#3429,.F.);
#4553=ORIENTED_EDGE('',*,*,#3430,.T.);
#4554=ORIENTED_EDGE('',*,*,#3197,.T.);
#4555=ORIENTED_EDGE('',*,*,#3431,.F.);
#4556=ORIENTED_EDGE('',*,*,#3432,.F.);
#4557=ORIENTED_EDGE('',*,*,#3433,.T.);
#4558=ORIENTED_EDGE('',*,*,#3198,.T.);
#4559=ORIENTED_EDGE('',*,*,#3430,.F.);
#4560=ORIENTED_EDGE('',*,*,#3434,.F.);
#4561=ORIENTED_EDGE('',*,*,#3431,.T.);
#4562=ORIENTED_EDGE('',*,*,#3196,.T.);
#4563=ORIENTED_EDGE('',*,*,#3433,.F.);
#4564=ORIENTED_EDGE('',*,*,#3344,.F.);
#4565=ORIENTED_EDGE('',*,*,#3435,.T.);
#4566=ORIENTED_EDGE('',*,*,#3189,.T.);
#4567=ORIENTED_EDGE('',*,*,#3436,.F.);
#4568=ORIENTED_EDGE('',*,*,#3351,.F.);
#4569=ORIENTED_EDGE('',*,*,#3437,.T.);
#4570=ORIENTED_EDGE('',*,*,#3190,.T.);
#4571=ORIENTED_EDGE('',*,*,#3435,.F.);
#4572=ORIENTED_EDGE('',*,*,#3350,.F.);
#4573=ORIENTED_EDGE('',*,*,#3438,.T.);
#4574=ORIENTED_EDGE('',*,*,#3191,.T.);
#4575=ORIENTED_EDGE('',*,*,#3437,.F.);
#4576=ORIENTED_EDGE('',*,*,#3349,.F.);
#4577=ORIENTED_EDGE('',*,*,#3439,.T.);
#4578=ORIENTED_EDGE('',*,*,#3192,.T.);
#4579=ORIENTED_EDGE('',*,*,#3438,.F.);
#4580=ORIENTED_EDGE('',*,*,#3348,.F.);
#4581=ORIENTED_EDGE('',*,*,#3440,.T.);
#4582=ORIENTED_EDGE('',*,*,#3193,.T.);
#4583=ORIENTED_EDGE('',*,*,#3439,.F.);
#4584=ORIENTED_EDGE('',*,*,#3347,.F.);
#4585=ORIENTED_EDGE('',*,*,#3441,.T.);
#4586=ORIENTED_EDGE('',*,*,#3194,.T.);
#4587=ORIENTED_EDGE('',*,*,#3440,.F.);
#4588=ORIENTED_EDGE('',*,*,#3346,.F.);
#4589=ORIENTED_EDGE('',*,*,#3442,.T.);
#4590=ORIENTED_EDGE('',*,*,#3195,.T.);
#4591=ORIENTED_EDGE('',*,*,#3441,.F.);
#4592=ORIENTED_EDGE('',*,*,#3345,.F.);
#4593=ORIENTED_EDGE('',*,*,#3436,.T.);
#4594=ORIENTED_EDGE('',*,*,#3188,.T.);
#4595=ORIENTED_EDGE('',*,*,#3442,.F.);
#4596=ORIENTED_EDGE('',*,*,#3352,.F.);
#4597=ORIENTED_EDGE('',*,*,#3443,.T.);
#4598=ORIENTED_EDGE('',*,*,#3218,.T.);
#4599=ORIENTED_EDGE('',*,*,#3444,.F.);
#4600=ORIENTED_EDGE('',*,*,#3361,.F.);
#4601=ORIENTED_EDGE('',*,*,#3445,.T.);
#4602=ORIENTED_EDGE('',*,*,#3219,.T.);
#4603=ORIENTED_EDGE('',*,*,#3443,.F.);
#4604=ORIENTED_EDGE('',*,*,#3360,.F.);
#4605=ORIENTED_EDGE('',*,*,#3446,.T.);
#4606=ORIENTED_EDGE('',*,*,#3220,.T.);
#4607=ORIENTED_EDGE('',*,*,#3445,.F.);
#4608=ORIENTED_EDGE('',*,*,#3359,.F.);
#4609=ORIENTED_EDGE('',*,*,#3447,.T.);
#4610=ORIENTED_EDGE('',*,*,#3221,.T.);
#4611=ORIENTED_EDGE('',*,*,#3446,.F.);
#4612=ORIENTED_EDGE('',*,*,#3358,.F.);
#4613=ORIENTED_EDGE('',*,*,#3448,.T.);
#4614=ORIENTED_EDGE('',*,*,#3222,.T.);
#4615=ORIENTED_EDGE('',*,*,#3447,.F.);
#4616=ORIENTED_EDGE('',*,*,#3357,.F.);
#4617=ORIENTED_EDGE('',*,*,#3449,.T.);
#4618=ORIENTED_EDGE('',*,*,#3223,.T.);
#4619=ORIENTED_EDGE('',*,*,#3448,.F.);
#4620=ORIENTED_EDGE('',*,*,#3356,.F.);
#4621=ORIENTED_EDGE('',*,*,#3450,.T.);
#4622=ORIENTED_EDGE('',*,*,#3224,.T.);
#4623=ORIENTED_EDGE('',*,*,#3449,.F.);
#4624=ORIENTED_EDGE('',*,*,#3355,.F.);
#4625=ORIENTED_EDGE('',*,*,#3451,.T.);
#4626=ORIENTED_EDGE('',*,*,#3225,.T.);
#4627=ORIENTED_EDGE('',*,*,#3450,.F.);
#4628=ORIENTED_EDGE('',*,*,#3354,.F.);
#4629=ORIENTED_EDGE('',*,*,#3452,.T.);
#4630=ORIENTED_EDGE('',*,*,#3226,.T.);
#4631=ORIENTED_EDGE('',*,*,#3451,.F.);
#4632=ORIENTED_EDGE('',*,*,#3353,.F.);
#4633=ORIENTED_EDGE('',*,*,#3444,.T.);
#4634=ORIENTED_EDGE('',*,*,#3217,.T.);
#4635=ORIENTED_EDGE('',*,*,#3452,.F.);
#4636=ORIENTED_EDGE('',*,*,#3362,.F.);
#4637=ORIENTED_EDGE('',*,*,#3453,.T.);
#4638=ORIENTED_EDGE('',*,*,#3182,.T.);
#4639=ORIENTED_EDGE('',*,*,#3454,.F.);
#4640=ORIENTED_EDGE('',*,*,#3368,.F.);
#4641=ORIENTED_EDGE('',*,*,#3455,.T.);
#4642=ORIENTED_EDGE('',*,*,#3183,.T.);
#4643=ORIENTED_EDGE('',*,*,#3453,.F.);
#4644=ORIENTED_EDGE('',*,*,#3367,.F.);
#4645=ORIENTED_EDGE('',*,*,#3456,.T.);
#4646=ORIENTED_EDGE('',*,*,#3184,.T.);
#4647=ORIENTED_EDGE('',*,*,#3455,.F.);
#4648=ORIENTED_EDGE('',*,*,#3366,.F.);
#4649=ORIENTED_EDGE('',*,*,#3457,.T.);
#4650=ORIENTED_EDGE('',*,*,#3185,.T.);
#4651=ORIENTED_EDGE('',*,*,#3456,.F.);
#4652=ORIENTED_EDGE('',*,*,#3365,.F.);
#4653=ORIENTED_EDGE('',*,*,#3458,.T.);
#4654=ORIENTED_EDGE('',*,*,#3186,.T.);
#4655=ORIENTED_EDGE('',*,*,#3457,.F.);
#4656=ORIENTED_EDGE('',*,*,#3364,.F.);
#4657=ORIENTED_EDGE('',*,*,#3459,.T.);
#4658=ORIENTED_EDGE('',*,*,#3187,.T.);
#4659=ORIENTED_EDGE('',*,*,#3458,.F.);
#4660=ORIENTED_EDGE('',*,*,#3363,.F.);
#4661=ORIENTED_EDGE('',*,*,#3454,.T.);
#4662=ORIENTED_EDGE('',*,*,#3181,.T.);
#4663=ORIENTED_EDGE('',*,*,#3459,.F.);
#4664=ORIENTED_EDGE('',*,*,#3369,.F.);
#4665=ORIENTED_EDGE('',*,*,#3460,.T.);
#4666=ORIENTED_EDGE('',*,*,#3252,.T.);
#4667=ORIENTED_EDGE('',*,*,#3461,.F.);
#4668=ORIENTED_EDGE('',*,*,#3380,.F.);
#4669=ORIENTED_EDGE('',*,*,#3462,.T.);
#4670=ORIENTED_EDGE('',*,*,#3253,.T.);
#4671=ORIENTED_EDGE('',*,*,#3460,.F.);
#4672=ORIENTED_EDGE('',*,*,#3379,.F.);
#4673=ORIENTED_EDGE('',*,*,#3463,.T.);
#4674=ORIENTED_EDGE('',*,*,#3254,.T.);
#4675=ORIENTED_EDGE('',*,*,#3462,.F.);
#4676=ORIENTED_EDGE('',*,*,#3378,.F.);
#4677=ORIENTED_EDGE('',*,*,#3464,.T.);
#4678=ORIENTED_EDGE('',*,*,#3255,.T.);
#4679=ORIENTED_EDGE('',*,*,#3463,.F.);
#4680=ORIENTED_EDGE('',*,*,#3377,.F.);
#4681=ORIENTED_EDGE('',*,*,#3465,.T.);
#4682=ORIENTED_EDGE('',*,*,#3256,.T.);
#4683=ORIENTED_EDGE('',*,*,#3464,.F.);
#4684=ORIENTED_EDGE('',*,*,#3376,.F.);
#4685=ORIENTED_EDGE('',*,*,#3466,.T.);
#4686=ORIENTED_EDGE('',*,*,#3257,.T.);
#4687=ORIENTED_EDGE('',*,*,#3465,.F.);
#4688=ORIENTED_EDGE('',*,*,#3375,.F.);
#4689=ORIENTED_EDGE('',*,*,#3467,.T.);
#4690=ORIENTED_EDGE('',*,*,#3258,.T.);
#4691=ORIENTED_EDGE('',*,*,#3466,.F.);
#4692=ORIENTED_EDGE('',*,*,#3374,.F.);
#4693=ORIENTED_EDGE('',*,*,#3468,.T.);
#4694=ORIENTED_EDGE('',*,*,#3259,.T.);
#4695=ORIENTED_EDGE('',*,*,#3467,.F.);
#4696=ORIENTED_EDGE('',*,*,#3373,.F.);
#4697=ORIENTED_EDGE('',*,*,#3469,.T.);
#4698=ORIENTED_EDGE('',*,*,#3260,.T.);
#4699=ORIENTED_EDGE('',*,*,#3468,.F.);
#4700=ORIENTED_EDGE('',*,*,#3372,.F.);
#4701=ORIENTED_EDGE('',*,*,#3470,.T.);
#4702=ORIENTED_EDGE('',*,*,#3261,.T.);
#4703=ORIENTED_EDGE('',*,*,#3469,.F.);
#4704=ORIENTED_EDGE('',*,*,#3371,.F.);
#4705=ORIENTED_EDGE('',*,*,#3471,.T.);
#4706=ORIENTED_EDGE('',*,*,#3262,.T.);
#4707=ORIENTED_EDGE('',*,*,#3470,.F.);
#4708=ORIENTED_EDGE('',*,*,#3370,.F.);
#4709=ORIENTED_EDGE('',*,*,#3461,.T.);
#4710=ORIENTED_EDGE('',*,*,#3251,.T.);
#4711=ORIENTED_EDGE('',*,*,#3471,.F.);
#4712=ORIENTED_EDGE('',*,*,#3472,.F.);
#4713=ORIENTED_EDGE('',*,*,#3473,.F.);
#4714=ORIENTED_EDGE('',*,*,#3474,.F.);
#4715=ORIENTED_EDGE('',*,*,#3278,.F.);
#4716=ORIENTED_EDGE('',*,*,#3475,.F.);
#4717=ORIENTED_EDGE('',*,*,#3276,.F.);
#4718=ORIENTED_EDGE('',*,*,#3283,.F.);
#4719=ORIENTED_EDGE('',*,*,#3476,.F.);
#4720=ORIENTED_EDGE('',*,*,#3477,.T.);
#4721=ORIENTED_EDGE('',*,*,#3478,.F.);
#4722=ORIENTED_EDGE('',*,*,#3479,.F.);
#4723=ORIENTED_EDGE('',*,*,#3280,.F.);
#4724=ORIENTED_EDGE('',*,*,#3272,.F.);
#4725=ORIENTED_EDGE('',*,*,#3281,.T.);
#4726=ORIENTED_EDGE('',*,*,#3479,.T.);
#4727=ORIENTED_EDGE('',*,*,#3480,.F.);
#4728=ORIENTED_EDGE('',*,*,#3477,.F.);
#4729=ORIENTED_EDGE('',*,*,#3279,.T.);
#4730=ORIENTED_EDGE('',*,*,#3474,.T.);
#4731=ORIENTED_EDGE('',*,*,#3481,.T.);
#4732=ORIENTED_EDGE('',*,*,#3482,.F.);
#4733=ORIENTED_EDGE('',*,*,#3483,.F.);
#4734=ORIENTED_EDGE('',*,*,#3473,.T.);
#4735=ORIENTED_EDGE('',*,*,#3484,.T.);
#4736=ORIENTED_EDGE('',*,*,#3485,.F.);
#4737=ORIENTED_EDGE('',*,*,#3481,.F.);
#4738=ORIENTED_EDGE('',*,*,#3475,.T.);
#4739=ORIENTED_EDGE('',*,*,#3486,.T.);
#4740=ORIENTED_EDGE('',*,*,#3487,.F.);
#4741=ORIENTED_EDGE('',*,*,#3484,.F.);
#4742=ORIENTED_EDGE('',*,*,#3472,.T.);
#4743=ORIENTED_EDGE('',*,*,#3277,.F.);
#4744=ORIENTED_EDGE('',*,*,#3269,.F.);
#4745=ORIENTED_EDGE('',*,*,#3480,.T.);
#4746=ORIENTED_EDGE('',*,*,#3478,.T.);
#4747=ORIENTED_EDGE('',*,*,#3483,.T.);
#4748=ORIENTED_EDGE('',*,*,#3488,.F.);
#4749=ORIENTED_EDGE('',*,*,#3486,.F.);
#4750=ORIENTED_EDGE('',*,*,#3476,.T.);
#4751=ORIENTED_EDGE('',*,*,#3282,.F.);
#4752=ORIENTED_EDGE('',*,*,#3489,.F.);
#4753=ORIENTED_EDGE('',*,*,#3490,.T.);
#4754=ORIENTED_EDGE('',*,*,#3491,.F.);
#4755=ORIENTED_EDGE('',*,*,#3492,.F.);
#4756=ORIENTED_EDGE('',*,*,#3493,.T.);
#4757=ORIENTED_EDGE('',*,*,#3494,.T.);
#4758=ORIENTED_EDGE('',*,*,#3495,.T.);
#4759=ORIENTED_EDGE('',*,*,#3489,.T.);
#4760=ORIENTED_EDGE('',*,*,#3496,.F.);
#4761=ORIENTED_EDGE('',*,*,#3497,.T.);
#4762=ORIENTED_EDGE('',*,*,#3498,.T.);
#4763=ORIENTED_EDGE('',*,*,#3499,.F.);
#4764=ORIENTED_EDGE('',*,*,#3500,.F.);
#4765=ORIENTED_EDGE('',*,*,#3501,.F.);
#4766=ORIENTED_EDGE('',*,*,#3493,.F.);
#4767=ORIENTED_EDGE('',*,*,#3502,.F.);
#4768=ORIENTED_EDGE('',*,*,#3503,.F.);
#4769=ORIENTED_EDGE('',*,*,#3504,.F.);
#4770=ORIENTED_EDGE('',*,*,#3490,.F.);
#4771=ORIENTED_EDGE('',*,*,#3495,.F.);
#4772=ORIENTED_EDGE('',*,*,#3505,.F.);
#4773=ORIENTED_EDGE('',*,*,#3506,.F.);
#4774=ORIENTED_EDGE('',*,*,#3507,.T.);
#4775=ORIENTED_EDGE('',*,*,#3508,.F.);
#4776=ORIENTED_EDGE('',*,*,#3509,.F.);
#4777=ORIENTED_EDGE('',*,*,#3510,.F.);
#4778=ORIENTED_EDGE('',*,*,#3511,.T.);
#4779=ORIENTED_EDGE('',*,*,#3508,.T.);
#4780=ORIENTED_EDGE('',*,*,#3512,.F.);
#4781=ORIENTED_EDGE('',*,*,#3513,.T.);
#4782=ORIENTED_EDGE('',*,*,#3514,.T.);
#4783=ORIENTED_EDGE('',*,*,#3507,.F.);
#4784=ORIENTED_EDGE('',*,*,#3515,.F.);
#4785=ORIENTED_EDGE('',*,*,#3516,.F.);
#4786=ORIENTED_EDGE('',*,*,#3512,.T.);
#4787=ORIENTED_EDGE('',*,*,#3517,.F.);
#4788=ORIENTED_EDGE('',*,*,#3518,.T.);
#4789=ORIENTED_EDGE('',*,*,#3491,.T.);
#4790=ORIENTED_EDGE('',*,*,#3504,.T.);
#4791=ORIENTED_EDGE('',*,*,#3519,.F.);
#4792=ORIENTED_EDGE('',*,*,#3520,.T.);
#4793=ORIENTED_EDGE('',*,*,#3517,.T.);
#4794=ORIENTED_EDGE('',*,*,#3503,.T.);
#4795=ORIENTED_EDGE('',*,*,#3521,.T.);
#4796=ORIENTED_EDGE('',*,*,#3500,.T.);
#4797=ORIENTED_EDGE('',*,*,#3519,.T.);
#4798=ORIENTED_EDGE('',*,*,#3502,.T.);
#4799=ORIENTED_EDGE('',*,*,#3522,.T.);
#4800=ORIENTED_EDGE('',*,*,#3523,.T.);
#4801=ORIENTED_EDGE('',*,*,#3520,.F.);
#4802=ORIENTED_EDGE('',*,*,#3499,.T.);
#4803=ORIENTED_EDGE('',*,*,#3524,.T.);
#4804=ORIENTED_EDGE('',*,*,#3525,.T.);
#4805=ORIENTED_EDGE('',*,*,#3526,.T.);
#4806=ORIENTED_EDGE('',*,*,#3527,.F.);
#4807=ORIENTED_EDGE('',*,*,#3528,.F.);
#4808=ORIENTED_EDGE('',*,*,#3529,.T.);
#4809=ORIENTED_EDGE('',*,*,#3530,.F.);
#4810=ORIENTED_EDGE('',*,*,#3531,.T.);
#4811=ORIENTED_EDGE('',*,*,#3532,.T.);
#4812=ORIENTED_EDGE('',*,*,#3533,.T.);
#4813=ORIENTED_EDGE('',*,*,#3516,.T.);
#4814=ORIENTED_EDGE('',*,*,#3534,.T.);
#4815=ORIENTED_EDGE('',*,*,#3534,.F.);
#4816=ORIENTED_EDGE('',*,*,#3535,.F.);
#4817=ORIENTED_EDGE('',*,*,#3536,.T.);
#4818=ORIENTED_EDGE('',*,*,#3537,.F.);
#4819=ORIENTED_EDGE('',*,*,#3538,.F.);
#4820=ORIENTED_EDGE('',*,*,#3513,.F.);
#4821=ORIENTED_EDGE('',*,*,#3533,.F.);
#4822=ORIENTED_EDGE('',*,*,#3539,.F.);
#4823=ORIENTED_EDGE('',*,*,#3540,.F.);
#4824=ORIENTED_EDGE('',*,*,#3541,.T.);
#4825=ORIENTED_EDGE('',*,*,#3506,.T.);
#4826=ORIENTED_EDGE('',*,*,#3542,.T.);
#4827=ORIENTED_EDGE('',*,*,#3535,.T.);
#4828=ORIENTED_EDGE('',*,*,#3515,.T.);
#4829=ORIENTED_EDGE('',*,*,#3543,.F.);
#4830=ORIENTED_EDGE('',*,*,#3497,.F.);
#4831=ORIENTED_EDGE('',*,*,#3544,.T.);
#4832=ORIENTED_EDGE('',*,*,#3540,.T.);
#4833=ORIENTED_EDGE('',*,*,#3545,.F.);
#4834=ORIENTED_EDGE('',*,*,#3546,.F.);
#4835=ORIENTED_EDGE('',*,*,#3547,.T.);
#4836=ORIENTED_EDGE('',*,*,#3544,.F.);
#4837=ORIENTED_EDGE('',*,*,#3548,.T.);
#4838=ORIENTED_EDGE('',*,*,#3546,.T.);
#4839=ORIENTED_EDGE('',*,*,#3549,.T.);
#4840=ORIENTED_EDGE('',*,*,#3550,.T.);
#4841=ORIENTED_EDGE('',*,*,#3545,.T.);
#4842=ORIENTED_EDGE('',*,*,#3551,.T.);
#4843=ORIENTED_EDGE('',*,*,#3549,.F.);
#4844=ORIENTED_EDGE('',*,*,#3523,.F.);
#4845=ORIENTED_EDGE('',*,*,#3552,.F.);
#4846=ORIENTED_EDGE('',*,*,#3518,.F.);
#4847=ORIENTED_EDGE('',*,*,#3553,.T.);
#4848=ORIENTED_EDGE('',*,*,#3554,.T.);
#4849=ORIENTED_EDGE('',*,*,#3555,.T.);
#4850=ORIENTED_EDGE('',*,*,#3528,.T.);
#4851=ORIENTED_EDGE('',*,*,#3536,.F.);
#4852=ORIENTED_EDGE('',*,*,#3556,.T.);
#4853=ORIENTED_EDGE('',*,*,#3541,.F.);
#4854=ORIENTED_EDGE('',*,*,#3547,.F.);
#4855=ORIENTED_EDGE('',*,*,#3551,.F.);
#4856=ORIENTED_EDGE('',*,*,#3557,.T.);
#4857=ORIENTED_EDGE('',*,*,#3558,.T.);
#4858=ORIENTED_EDGE('',*,*,#3553,.F.);
#4859=ORIENTED_EDGE('',*,*,#3550,.F.);
#4860=ORIENTED_EDGE('',*,*,#3559,.T.);
#4861=ORIENTED_EDGE('',*,*,#3560,.T.);
#4862=ORIENTED_EDGE('',*,*,#3557,.F.);
#4863=ORIENTED_EDGE('',*,*,#3548,.F.);
#4864=ORIENTED_EDGE('',*,*,#3496,.T.);
#4865=ORIENTED_EDGE('',*,*,#3492,.T.);
#4866=ORIENTED_EDGE('',*,*,#3552,.T.);
#4867=ORIENTED_EDGE('',*,*,#3522,.F.);
#4868=ORIENTED_EDGE('',*,*,#3561,.T.);
#4869=ORIENTED_EDGE('',*,*,#3562,.T.);
#4870=ORIENTED_EDGE('',*,*,#3559,.F.);
#4871=ORIENTED_EDGE('',*,*,#3527,.T.);
#4872=ORIENTED_EDGE('',*,*,#3555,.F.);
#4873=ORIENTED_EDGE('',*,*,#3563,.T.);
#4874=ORIENTED_EDGE('',*,*,#3564,.F.);
#4875=ORIENTED_EDGE('',*,*,#3529,.F.);
#4876=ORIENTED_EDGE('',*,*,#3556,.F.);
#4877=ORIENTED_EDGE('',*,*,#3542,.F.);
#4878=ORIENTED_EDGE('',*,*,#3511,.F.);
#4879=ORIENTED_EDGE('',*,*,#3565,.F.);
#4880=ORIENTED_EDGE('',*,*,#3563,.F.);
#4881=ORIENTED_EDGE('',*,*,#3566,.T.);
#4882=ORIENTED_EDGE('',*,*,#3291,.T.);
#4883=ORIENTED_EDGE('',*,*,#3567,.T.);
#4884=ORIENTED_EDGE('',*,*,#3554,.F.);
#4885=ORIENTED_EDGE('',*,*,#3568,.F.);
#4886=ORIENTED_EDGE('',*,*,#3292,.F.);
#4887=ORIENTED_EDGE('',*,*,#3566,.F.);
#4888=ORIENTED_EDGE('',*,*,#3538,.T.);
#4889=ORIENTED_EDGE('',*,*,#3569,.F.);
#4890=ORIENTED_EDGE('',*,*,#3509,.T.);
#4891=ORIENTED_EDGE('',*,*,#3514,.F.);
#4892=ORIENTED_EDGE('',*,*,#3510,.T.);
#4893=ORIENTED_EDGE('',*,*,#3569,.T.);
#4894=ORIENTED_EDGE('',*,*,#3537,.T.);
#4895=ORIENTED_EDGE('',*,*,#3565,.T.);
#4896=ORIENTED_EDGE('',*,*,#3501,.T.);
#4897=ORIENTED_EDGE('',*,*,#3521,.F.);
#4898=ORIENTED_EDGE('',*,*,#3505,.T.);
#4899=ORIENTED_EDGE('',*,*,#3494,.F.);
#4900=ORIENTED_EDGE('',*,*,#3558,.F.);
#4901=ORIENTED_EDGE('',*,*,#3570,.T.);
#4902=ORIENTED_EDGE('',*,*,#3293,.T.);
#4903=ORIENTED_EDGE('',*,*,#3568,.T.);
#4904=ORIENTED_EDGE('',*,*,#3560,.F.);
#4905=ORIENTED_EDGE('',*,*,#3571,.F.);
#4906=ORIENTED_EDGE('',*,*,#3294,.F.);
#4907=ORIENTED_EDGE('',*,*,#3570,.F.);
#4908=ORIENTED_EDGE('',*,*,#3562,.F.);
#4909=ORIENTED_EDGE('',*,*,#3572,.T.);
#4910=ORIENTED_EDGE('',*,*,#3295,.T.);
#4911=ORIENTED_EDGE('',*,*,#3571,.T.);
#4912=ORIENTED_EDGE('',*,*,#3573,.F.);
#4913=ORIENTED_EDGE('',*,*,#3574,.F.);
#4914=ORIENTED_EDGE('',*,*,#3284,.F.);
#4915=ORIENTED_EDGE('',*,*,#3572,.F.);
#4916=ORIENTED_EDGE('',*,*,#3575,.T.);
#4917=ORIENTED_EDGE('',*,*,#3576,.T.);
#4918=ORIENTED_EDGE('',*,*,#3577,.T.);
#4919=ORIENTED_EDGE('',*,*,#3578,.T.);
#4920=ORIENTED_EDGE('',*,*,#3290,.F.);
#4921=ORIENTED_EDGE('',*,*,#3579,.F.);
#4922=ORIENTED_EDGE('',*,*,#3580,.F.);
#4923=ORIENTED_EDGE('',*,*,#3567,.F.);
#4924=ORIENTED_EDGE('',*,*,#3580,.T.);
#4925=ORIENTED_EDGE('',*,*,#3581,.F.);
#4926=ORIENTED_EDGE('',*,*,#3582,.F.);
#4927=ORIENTED_EDGE('',*,*,#3583,.T.);
#4928=ORIENTED_EDGE('',*,*,#3530,.T.);
#4929=ORIENTED_EDGE('',*,*,#3564,.T.);
#4930=ORIENTED_EDGE('',*,*,#3584,.F.);
#4931=ORIENTED_EDGE('',*,*,#3531,.F.);
#4932=ORIENTED_EDGE('',*,*,#3583,.F.);
#4933=ORIENTED_EDGE('',*,*,#3585,.F.);
#4934=ORIENTED_EDGE('',*,*,#3586,.T.);
#4935=ORIENTED_EDGE('',*,*,#3524,.F.);
#4936=ORIENTED_EDGE('',*,*,#3498,.F.);
#4937=ORIENTED_EDGE('',*,*,#3543,.T.);
#4938=ORIENTED_EDGE('',*,*,#3539,.T.);
#4939=ORIENTED_EDGE('',*,*,#3532,.F.);
#4940=ORIENTED_EDGE('',*,*,#3584,.T.);
#4941=ORIENTED_EDGE('',*,*,#3587,.F.);
#4942=ORIENTED_EDGE('',*,*,#3588,.F.);
#4943=ORIENTED_EDGE('',*,*,#3589,.T.);
#4944=ORIENTED_EDGE('',*,*,#3590,.T.);
#4945=ORIENTED_EDGE('',*,*,#3591,.F.);
#4946=ORIENTED_EDGE('',*,*,#3487,.T.);
#4947=ORIENTED_EDGE('',*,*,#3488,.T.);
#4948=ORIENTED_EDGE('',*,*,#3482,.T.);
#4949=ORIENTED_EDGE('',*,*,#3485,.T.);
#4950=ORIENTED_EDGE('',*,*,#3592,.F.);
#4951=ORIENTED_EDGE('',*,*,#3525,.F.);
#4952=ORIENTED_EDGE('',*,*,#3586,.F.);
#4953=ORIENTED_EDGE('',*,*,#3593,.F.);
#4954=ORIENTED_EDGE('',*,*,#3429,.T.);
#4955=ORIENTED_EDGE('',*,*,#3434,.T.);
#4956=ORIENTED_EDGE('',*,*,#3432,.T.);
#4957=ORIENTED_EDGE('',*,*,#3592,.T.);
#4958=ORIENTED_EDGE('',*,*,#3594,.T.);
#4959=ORIENTED_EDGE('',*,*,#3595,.T.);
#4960=ORIENTED_EDGE('',*,*,#3573,.T.);
#4961=ORIENTED_EDGE('',*,*,#3561,.F.);
#4962=ORIENTED_EDGE('',*,*,#3526,.F.);
#4963=ORIENTED_EDGE('',*,*,#3596,.F.);
#4964=ORIENTED_EDGE('',*,*,#3597,.F.);
#4965=ORIENTED_EDGE('',*,*,#3286,.F.);
#4966=ORIENTED_EDGE('',*,*,#3598,.F.);
#4967=ORIENTED_EDGE('',*,*,#3599,.F.);
#4968=ORIENTED_EDGE('',*,*,#3598,.T.);
#4969=ORIENTED_EDGE('',*,*,#3285,.T.);
#4970=ORIENTED_EDGE('',*,*,#3574,.T.);
#4971=ORIENTED_EDGE('',*,*,#3600,.T.);
#4972=ORIENTED_EDGE('',*,*,#3601,.F.);
#4973=ORIENTED_EDGE('',*,*,#3602,.F.);
#4974=ORIENTED_EDGE('',*,*,#3576,.F.);
#4975=ORIENTED_EDGE('',*,*,#3603,.T.);
#4976=ORIENTED_EDGE('',*,*,#3604,.T.);
#4977=ORIENTED_EDGE('',*,*,#3605,.T.);
#4978=ORIENTED_EDGE('',*,*,#3606,.T.);
#4979=ORIENTED_EDGE('',*,*,#3607,.T.);
#4980=ORIENTED_EDGE('',*,*,#3604,.F.);
#4981=ORIENTED_EDGE('',*,*,#3608,.T.);
#4982=ORIENTED_EDGE('',*,*,#3609,.F.);
#4983=ORIENTED_EDGE('',*,*,#3610,.F.);
#4984=ORIENTED_EDGE('',*,*,#3579,.T.);
#4985=ORIENTED_EDGE('',*,*,#3289,.T.);
#4986=ORIENTED_EDGE('',*,*,#3611,.T.);
#4987=ORIENTED_EDGE('',*,*,#3612,.F.);
#4988=ORIENTED_EDGE('',*,*,#3611,.F.);
#4989=ORIENTED_EDGE('',*,*,#3288,.F.);
#4990=ORIENTED_EDGE('',*,*,#3613,.F.);
#4991=ORIENTED_EDGE('',*,*,#3614,.F.);
#4992=ORIENTED_EDGE('',*,*,#3613,.T.);
#4993=ORIENTED_EDGE('',*,*,#3287,.T.);
#4994=ORIENTED_EDGE('',*,*,#3597,.T.);
#4995=ORIENTED_EDGE('',*,*,#3615,.F.);
#4996=ORIENTED_EDGE('',*,*,#3616,.F.);
#4997=ORIENTED_EDGE('',*,*,#3617,.F.);
#4998=ORIENTED_EDGE('',*,*,#3606,.F.);
#4999=ORIENTED_EDGE('',*,*,#3618,.F.);
#5000=ORIENTED_EDGE('',*,*,#3578,.F.);
#5001=ORIENTED_EDGE('',*,*,#3619,.F.);
#5002=ORIENTED_EDGE('',*,*,#3620,.F.);
#5003=ORIENTED_EDGE('',*,*,#3581,.T.);
#5004=ORIENTED_EDGE('',*,*,#3610,.T.);
#5005=ORIENTED_EDGE('',*,*,#3621,.F.);
#5006=ORIENTED_EDGE('',*,*,#3622,.T.);
#5007=ORIENTED_EDGE('',*,*,#3621,.T.);
#5008=ORIENTED_EDGE('',*,*,#3612,.T.);
#5009=ORIENTED_EDGE('',*,*,#3623,.F.);
#5010=ORIENTED_EDGE('',*,*,#3624,.F.);
#5011=ORIENTED_EDGE('',*,*,#3625,.T.);
#5012=ORIENTED_EDGE('',*,*,#3618,.T.);
#5013=ORIENTED_EDGE('',*,*,#3626,.T.);
#5014=ORIENTED_EDGE('',*,*,#3627,.F.);
#5015=ORIENTED_EDGE('',*,*,#3628,.F.);
#5016=ORIENTED_EDGE('',*,*,#3623,.T.);
#5017=ORIENTED_EDGE('',*,*,#3614,.T.);
#5018=ORIENTED_EDGE('',*,*,#3629,.F.);
#5019=ORIENTED_EDGE('',*,*,#3630,.F.);
#5020=ORIENTED_EDGE('',*,*,#3629,.T.);
#5021=ORIENTED_EDGE('',*,*,#3596,.T.);
#5022=ORIENTED_EDGE('',*,*,#3631,.T.);
#5023=ORIENTED_EDGE('',*,*,#3632,.T.);
#5024=ORIENTED_EDGE('',*,*,#3633,.F.);
#5025=ORIENTED_EDGE('',*,*,#3615,.T.);
#5026=ORIENTED_EDGE('',*,*,#3634,.F.);
#5027=ORIENTED_EDGE('',*,*,#3635,.F.);
#5028=ORIENTED_EDGE('',*,*,#3631,.F.);
#5029=ORIENTED_EDGE('',*,*,#3599,.T.);
#5030=ORIENTED_EDGE('',*,*,#3595,.F.);
#5031=ORIENTED_EDGE('',*,*,#3636,.F.);
#5032=ORIENTED_EDGE('',*,*,#3625,.F.);
#5033=ORIENTED_EDGE('',*,*,#3637,.T.);
#5034=ORIENTED_EDGE('',*,*,#3588,.T.);
#5035=ORIENTED_EDGE('',*,*,#3638,.F.);
#5036=ORIENTED_EDGE('',*,*,#3639,.F.);
#5037=ORIENTED_EDGE('',*,*,#3600,.F.);
#5038=ORIENTED_EDGE('',*,*,#3575,.F.);
#5039=ORIENTED_EDGE('',*,*,#3640,.T.);
#5040=ORIENTED_EDGE('',*,*,#3641,.T.);
#5041=ORIENTED_EDGE('',*,*,#3630,.T.);
#5042=ORIENTED_EDGE('',*,*,#3642,.T.);
#5043=ORIENTED_EDGE('',*,*,#3628,.T.);
#5044=ORIENTED_EDGE('',*,*,#3641,.F.);
#5045=ORIENTED_EDGE('',*,*,#3642,.F.);
#5046=ORIENTED_EDGE('',*,*,#3640,.F.);
#5047=ORIENTED_EDGE('',*,*,#3635,.T.);
#5048=ORIENTED_EDGE('',*,*,#3643,.F.);
#5049=ORIENTED_EDGE('',*,*,#3624,.T.);
#5050=ORIENTED_EDGE('',*,*,#3589,.F.);
#5051=ORIENTED_EDGE('',*,*,#3637,.F.);
#5052=ORIENTED_EDGE('',*,*,#3643,.T.);
#5053=ORIENTED_EDGE('',*,*,#3644,.T.);
#5054=ORIENTED_EDGE('',*,*,#3645,.F.);
#5055=ORIENTED_EDGE('',*,*,#3626,.F.);
#5056=ORIENTED_EDGE('',*,*,#3646,.F.);
#5057=ORIENTED_EDGE('',*,*,#3627,.T.);
#5058=ORIENTED_EDGE('',*,*,#3645,.T.);
#5059=ORIENTED_EDGE('',*,*,#3647,.F.);
#5060=ORIENTED_EDGE('',*,*,#3638,.T.);
#5061=ORIENTED_EDGE('',*,*,#3587,.T.);
#5062=ORIENTED_EDGE('',*,*,#3585,.T.);
#5063=ORIENTED_EDGE('',*,*,#3582,.T.);
#5064=ORIENTED_EDGE('',*,*,#3622,.F.);
#5065=ORIENTED_EDGE('',*,*,#3605,.F.);
#5066=ORIENTED_EDGE('',*,*,#3607,.F.);
#5067=ORIENTED_EDGE('',*,*,#3648,.F.);
#5068=ORIENTED_EDGE('',*,*,#3649,.F.);
#5069=ORIENTED_EDGE('',*,*,#3590,.F.);
#5070=ORIENTED_EDGE('',*,*,#3644,.F.);
#5071=ORIENTED_EDGE('',*,*,#3634,.T.);
#5072=ORIENTED_EDGE('',*,*,#3650,.F.);
#5073=ORIENTED_EDGE('',*,*,#3651,.F.);
#5074=ORIENTED_EDGE('',*,*,#3633,.T.);
#5075=ORIENTED_EDGE('',*,*,#3632,.F.);
#5076=ORIENTED_EDGE('',*,*,#3636,.T.);
#5077=ORIENTED_EDGE('',*,*,#3594,.F.);
#5078=ORIENTED_EDGE('',*,*,#3593,.T.);
#5079=ORIENTED_EDGE('',*,*,#3591,.T.);
#5080=ORIENTED_EDGE('',*,*,#3649,.T.);
#5081=ORIENTED_EDGE('',*,*,#3652,.T.);
#5082=ORIENTED_EDGE('',*,*,#3650,.T.);
#5083=ORIENTED_EDGE('',*,*,#3653,.F.);
#5084=ORIENTED_EDGE('',*,*,#3608,.F.);
#5085=ORIENTED_EDGE('',*,*,#3603,.F.);
#5086=ORIENTED_EDGE('',*,*,#3617,.T.);
#5087=ORIENTED_EDGE('',*,*,#3654,.F.);
#5088=ORIENTED_EDGE('',*,*,#3655,.T.);
#5089=ORIENTED_EDGE('',*,*,#3656,.T.);
#5090=ORIENTED_EDGE('',*,*,#3601,.T.);
#5091=ORIENTED_EDGE('',*,*,#3639,.T.);
#5092=ORIENTED_EDGE('',*,*,#3657,.T.);
#5093=ORIENTED_EDGE('',*,*,#3654,.T.);
#5094=ORIENTED_EDGE('',*,*,#3616,.T.);
#5095=ORIENTED_EDGE('',*,*,#3651,.T.);
#5096=ORIENTED_EDGE('',*,*,#3658,.T.);
#5097=ORIENTED_EDGE('',*,*,#3655,.F.);
#5098=ORIENTED_EDGE('',*,*,#3658,.F.);
#5099=ORIENTED_EDGE('',*,*,#3652,.F.);
#5100=ORIENTED_EDGE('',*,*,#3659,.T.);
#5101=ORIENTED_EDGE('',*,*,#3653,.T.);
#5102=ORIENTED_EDGE('',*,*,#3659,.F.);
#5103=ORIENTED_EDGE('',*,*,#3648,.T.);
#5104=ORIENTED_EDGE('',*,*,#3609,.T.);
#5105=ORIENTED_EDGE('',*,*,#3660,.F.);
#5106=ORIENTED_EDGE('',*,*,#3661,.T.);
#5107=ORIENTED_EDGE('',*,*,#3646,.T.);
#5108=ORIENTED_EDGE('',*,*,#3620,.T.);
#5109=ORIENTED_EDGE('',*,*,#3662,.F.);
#5110=ORIENTED_EDGE('',*,*,#3660,.T.);
#5111=ORIENTED_EDGE('',*,*,#3619,.T.);
#5112=ORIENTED_EDGE('',*,*,#3577,.F.);
#5113=ORIENTED_EDGE('',*,*,#3602,.T.);
#5114=ORIENTED_EDGE('',*,*,#3656,.F.);
#5115=ORIENTED_EDGE('',*,*,#3662,.T.);
#5116=ORIENTED_EDGE('',*,*,#3657,.F.);
#5117=ORIENTED_EDGE('',*,*,#3647,.T.);
#5118=ORIENTED_EDGE('',*,*,#3661,.F.);
#5119=ORIENTED_EDGE('',*,*,#3663,.F.);
#5120=ORIENTED_EDGE('',*,*,#3664,.T.);
#5121=ORIENTED_EDGE('',*,*,#3665,.F.);
#5122=ORIENTED_EDGE('',*,*,#3666,.F.);
#5123=ORIENTED_EDGE('',*,*,#3667,.F.);
#5124=ORIENTED_EDGE('',*,*,#3666,.T.);
#5125=ORIENTED_EDGE('',*,*,#3668,.F.);
#5126=ORIENTED_EDGE('',*,*,#3669,.F.);
#5127=ORIENTED_EDGE('',*,*,#3670,.F.);
#5128=ORIENTED_EDGE('',*,*,#3669,.T.);
#5129=ORIENTED_EDGE('',*,*,#3671,.F.);
#5130=ORIENTED_EDGE('',*,*,#3672,.F.);
#5131=ORIENTED_EDGE('',*,*,#3673,.F.);
#5132=ORIENTED_EDGE('',*,*,#3672,.T.);
#5133=ORIENTED_EDGE('',*,*,#3674,.F.);
#5134=ORIENTED_EDGE('',*,*,#3675,.F.);
#5135=ORIENTED_EDGE('',*,*,#3676,.F.);
#5136=ORIENTED_EDGE('',*,*,#3675,.T.);
#5137=ORIENTED_EDGE('',*,*,#3677,.F.);
#5138=ORIENTED_EDGE('',*,*,#3678,.F.);
#5139=ORIENTED_EDGE('',*,*,#3679,.F.);
#5140=ORIENTED_EDGE('',*,*,#3678,.T.);
#5141=ORIENTED_EDGE('',*,*,#3680,.F.);
#5142=ORIENTED_EDGE('',*,*,#3681,.F.);
#5143=ORIENTED_EDGE('',*,*,#3682,.F.);
#5144=ORIENTED_EDGE('',*,*,#3681,.T.);
#5145=ORIENTED_EDGE('',*,*,#3683,.F.);
#5146=ORIENTED_EDGE('',*,*,#3684,.F.);
#5147=ORIENTED_EDGE('',*,*,#3685,.T.);
#5148=ORIENTED_EDGE('',*,*,#3684,.T.);
#5149=ORIENTED_EDGE('',*,*,#3686,.F.);
#5150=ORIENTED_EDGE('',*,*,#3687,.F.);
#5151=ORIENTED_EDGE('',*,*,#3688,.F.);
#5152=ORIENTED_EDGE('',*,*,#3687,.T.);
#5153=ORIENTED_EDGE('',*,*,#3689,.F.);
#5154=ORIENTED_EDGE('',*,*,#3690,.F.);
#5155=ORIENTED_EDGE('',*,*,#3691,.F.);
#5156=ORIENTED_EDGE('',*,*,#3690,.T.);
#5157=ORIENTED_EDGE('',*,*,#3692,.F.);
#5158=ORIENTED_EDGE('',*,*,#3693,.F.);
#5159=ORIENTED_EDGE('',*,*,#3694,.F.);
#5160=ORIENTED_EDGE('',*,*,#3693,.T.);
#5161=ORIENTED_EDGE('',*,*,#3695,.F.);
#5162=ORIENTED_EDGE('',*,*,#3696,.F.);
#5163=ORIENTED_EDGE('',*,*,#3697,.F.);
#5164=ORIENTED_EDGE('',*,*,#3696,.T.);
#5165=ORIENTED_EDGE('',*,*,#3698,.F.);
#5166=ORIENTED_EDGE('',*,*,#3699,.F.);
#5167=ORIENTED_EDGE('',*,*,#3700,.F.);
#5168=ORIENTED_EDGE('',*,*,#3699,.T.);
#5169=ORIENTED_EDGE('',*,*,#3701,.F.);
#5170=ORIENTED_EDGE('',*,*,#3702,.F.);
#5171=ORIENTED_EDGE('',*,*,#3703,.F.);
#5172=ORIENTED_EDGE('',*,*,#3702,.T.);
#5173=ORIENTED_EDGE('',*,*,#3704,.F.);
#5174=ORIENTED_EDGE('',*,*,#3705,.F.);
#5175=ORIENTED_EDGE('',*,*,#3706,.F.);
#5176=ORIENTED_EDGE('',*,*,#3705,.T.);
#5177=ORIENTED_EDGE('',*,*,#3707,.F.);
#5178=ORIENTED_EDGE('',*,*,#3708,.F.);
#5179=ORIENTED_EDGE('',*,*,#3709,.F.);
#5180=ORIENTED_EDGE('',*,*,#3708,.T.);
#5181=ORIENTED_EDGE('',*,*,#3710,.F.);
#5182=ORIENTED_EDGE('',*,*,#3711,.F.);
#5183=ORIENTED_EDGE('',*,*,#3712,.T.);
#5184=ORIENTED_EDGE('',*,*,#3711,.T.);
#5185=ORIENTED_EDGE('',*,*,#3713,.F.);
#5186=ORIENTED_EDGE('',*,*,#3714,.F.);
#5187=ORIENTED_EDGE('',*,*,#3715,.F.);
#5188=ORIENTED_EDGE('',*,*,#3714,.T.);
#5189=ORIENTED_EDGE('',*,*,#3716,.F.);
#5190=ORIENTED_EDGE('',*,*,#3664,.F.);
#5191=ORIENTED_EDGE('',*,*,#3716,.T.);
#5192=ORIENTED_EDGE('',*,*,#3713,.T.);
#5193=ORIENTED_EDGE('',*,*,#3710,.T.);
#5194=ORIENTED_EDGE('',*,*,#3707,.T.);
#5195=ORIENTED_EDGE('',*,*,#3704,.T.);
#5196=ORIENTED_EDGE('',*,*,#3701,.T.);
#5197=ORIENTED_EDGE('',*,*,#3698,.T.);
#5198=ORIENTED_EDGE('',*,*,#3695,.T.);
#5199=ORIENTED_EDGE('',*,*,#3692,.T.);
#5200=ORIENTED_EDGE('',*,*,#3689,.T.);
#5201=ORIENTED_EDGE('',*,*,#3686,.T.);
#5202=ORIENTED_EDGE('',*,*,#3683,.T.);
#5203=ORIENTED_EDGE('',*,*,#3680,.T.);
#5204=ORIENTED_EDGE('',*,*,#3677,.T.);
#5205=ORIENTED_EDGE('',*,*,#3674,.T.);
#5206=ORIENTED_EDGE('',*,*,#3671,.T.);
#5207=ORIENTED_EDGE('',*,*,#3668,.T.);
#5208=ORIENTED_EDGE('',*,*,#3665,.T.);
#5209=ORIENTED_EDGE('',*,*,#3715,.T.);
#5210=ORIENTED_EDGE('',*,*,#3663,.T.);
#5211=ORIENTED_EDGE('',*,*,#3667,.T.);
#5212=ORIENTED_EDGE('',*,*,#3670,.T.);
#5213=ORIENTED_EDGE('',*,*,#3673,.T.);
#5214=ORIENTED_EDGE('',*,*,#3676,.T.);
#5215=ORIENTED_EDGE('',*,*,#3679,.T.);
#5216=ORIENTED_EDGE('',*,*,#3682,.T.);
#5217=ORIENTED_EDGE('',*,*,#3685,.F.);
#5218=ORIENTED_EDGE('',*,*,#3688,.T.);
#5219=ORIENTED_EDGE('',*,*,#3691,.T.);
#5220=ORIENTED_EDGE('',*,*,#3694,.T.);
#5221=ORIENTED_EDGE('',*,*,#3697,.T.);
#5222=ORIENTED_EDGE('',*,*,#3700,.T.);
#5223=ORIENTED_EDGE('',*,*,#3703,.T.);
#5224=ORIENTED_EDGE('',*,*,#3706,.T.);
#5225=ORIENTED_EDGE('',*,*,#3709,.T.);
#5226=ORIENTED_EDGE('',*,*,#3712,.F.);
#5227=ORIENTED_EDGE('',*,*,#3717,.T.);
#5228=ORIENTED_EDGE('',*,*,#3718,.T.);
#5229=ORIENTED_EDGE('',*,*,#3719,.F.);
#5230=ORIENTED_EDGE('',*,*,#3720,.F.);
#5231=ORIENTED_EDGE('',*,*,#3721,.T.);
#5232=ORIENTED_EDGE('',*,*,#3720,.T.);
#5233=ORIENTED_EDGE('',*,*,#3722,.F.);
#5234=ORIENTED_EDGE('',*,*,#3723,.F.);
#5235=ORIENTED_EDGE('',*,*,#3724,.T.);
#5236=ORIENTED_EDGE('',*,*,#3723,.T.);
#5237=ORIENTED_EDGE('',*,*,#3725,.F.);
#5238=ORIENTED_EDGE('',*,*,#3718,.F.);
#5239=ORIENTED_EDGE('',*,*,#3726,.T.);
#5240=ORIENTED_EDGE('',*,*,#3727,.T.);
#5241=ORIENTED_EDGE('',*,*,#3728,.F.);
#5242=ORIENTED_EDGE('',*,*,#3729,.F.);
#5243=ORIENTED_EDGE('',*,*,#3730,.T.);
#5244=ORIENTED_EDGE('',*,*,#3729,.T.);
#5245=ORIENTED_EDGE('',*,*,#3731,.F.);
#5246=ORIENTED_EDGE('',*,*,#3732,.F.);
#5247=ORIENTED_EDGE('',*,*,#3733,.T.);
#5248=ORIENTED_EDGE('',*,*,#3732,.T.);
#5249=ORIENTED_EDGE('',*,*,#3734,.F.);
#5250=ORIENTED_EDGE('',*,*,#3735,.F.);
#5251=ORIENTED_EDGE('',*,*,#3736,.T.);
#5252=ORIENTED_EDGE('',*,*,#3735,.T.);
#5253=ORIENTED_EDGE('',*,*,#3737,.F.);
#5254=ORIENTED_EDGE('',*,*,#3738,.F.);
#5255=ORIENTED_EDGE('',*,*,#3739,.T.);
#5256=ORIENTED_EDGE('',*,*,#3738,.T.);
#5257=ORIENTED_EDGE('',*,*,#3740,.F.);
#5258=ORIENTED_EDGE('',*,*,#3741,.F.);
#5259=ORIENTED_EDGE('',*,*,#3742,.T.);
#5260=ORIENTED_EDGE('',*,*,#3741,.T.);
#5261=ORIENTED_EDGE('',*,*,#3743,.F.);
#5262=ORIENTED_EDGE('',*,*,#3744,.F.);
#5263=ORIENTED_EDGE('',*,*,#3745,.T.);
#5264=ORIENTED_EDGE('',*,*,#3744,.T.);
#5265=ORIENTED_EDGE('',*,*,#3746,.F.);
#5266=ORIENTED_EDGE('',*,*,#3747,.F.);
#5267=ORIENTED_EDGE('',*,*,#3748,.T.);
#5268=ORIENTED_EDGE('',*,*,#3747,.T.);
#5269=ORIENTED_EDGE('',*,*,#3749,.F.);
#5270=ORIENTED_EDGE('',*,*,#3727,.F.);
#5271=ORIENTED_EDGE('',*,*,#3749,.T.);
#5272=ORIENTED_EDGE('',*,*,#3746,.T.);
#5273=ORIENTED_EDGE('',*,*,#3743,.T.);
#5274=ORIENTED_EDGE('',*,*,#3740,.T.);
#5275=ORIENTED_EDGE('',*,*,#3737,.T.);
#5276=ORIENTED_EDGE('',*,*,#3734,.T.);
#5277=ORIENTED_EDGE('',*,*,#3731,.T.);
#5278=ORIENTED_EDGE('',*,*,#3728,.T.);
#5279=ORIENTED_EDGE('',*,*,#3725,.T.);
#5280=ORIENTED_EDGE('',*,*,#3722,.T.);
#5281=ORIENTED_EDGE('',*,*,#3719,.T.);
#5282=ORIENTED_EDGE('',*,*,#3748,.F.);
#5283=ORIENTED_EDGE('',*,*,#3726,.F.);
#5284=ORIENTED_EDGE('',*,*,#3730,.F.);
#5285=ORIENTED_EDGE('',*,*,#3733,.F.);
#5286=ORIENTED_EDGE('',*,*,#3736,.F.);
#5287=ORIENTED_EDGE('',*,*,#3739,.F.);
#5288=ORIENTED_EDGE('',*,*,#3742,.F.);
#5289=ORIENTED_EDGE('',*,*,#3745,.F.);
#5290=ORIENTED_EDGE('',*,*,#3724,.F.);
#5291=ORIENTED_EDGE('',*,*,#3717,.F.);
#5292=ORIENTED_EDGE('',*,*,#3721,.F.);
#5293=ORIENTED_EDGE('',*,*,#3750,.T.);
#5294=ORIENTED_EDGE('',*,*,#3751,.T.);
#5295=ORIENTED_EDGE('',*,*,#3752,.F.);
#5296=ORIENTED_EDGE('',*,*,#3753,.F.);
#5297=ORIENTED_EDGE('',*,*,#3754,.T.);
#5298=ORIENTED_EDGE('',*,*,#3753,.T.);
#5299=ORIENTED_EDGE('',*,*,#3755,.F.);
#5300=ORIENTED_EDGE('',*,*,#3756,.F.);
#5301=ORIENTED_EDGE('',*,*,#3757,.T.);
#5302=ORIENTED_EDGE('',*,*,#3756,.T.);
#5303=ORIENTED_EDGE('',*,*,#3758,.F.);
#5304=ORIENTED_EDGE('',*,*,#3759,.F.);
#5305=ORIENTED_EDGE('',*,*,#3760,.T.);
#5306=ORIENTED_EDGE('',*,*,#3759,.T.);
#5307=ORIENTED_EDGE('',*,*,#3761,.F.);
#5308=ORIENTED_EDGE('',*,*,#3762,.F.);
#5309=ORIENTED_EDGE('',*,*,#3763,.T.);
#5310=ORIENTED_EDGE('',*,*,#3762,.T.);
#5311=ORIENTED_EDGE('',*,*,#3764,.F.);
#5312=ORIENTED_EDGE('',*,*,#3765,.F.);
#5313=ORIENTED_EDGE('',*,*,#3766,.T.);
#5314=ORIENTED_EDGE('',*,*,#3765,.T.);
#5315=ORIENTED_EDGE('',*,*,#3767,.F.);
#5316=ORIENTED_EDGE('',*,*,#3768,.F.);
#5317=ORIENTED_EDGE('',*,*,#3769,.T.);
#5318=ORIENTED_EDGE('',*,*,#3768,.T.);
#5319=ORIENTED_EDGE('',*,*,#3770,.F.);
#5320=ORIENTED_EDGE('',*,*,#3771,.F.);
#5321=ORIENTED_EDGE('',*,*,#3772,.T.);
#5322=ORIENTED_EDGE('',*,*,#3771,.T.);
#5323=ORIENTED_EDGE('',*,*,#3773,.F.);
#5324=ORIENTED_EDGE('',*,*,#3774,.F.);
#5325=ORIENTED_EDGE('',*,*,#3775,.T.);
#5326=ORIENTED_EDGE('',*,*,#3774,.T.);
#5327=ORIENTED_EDGE('',*,*,#3776,.F.);
#5328=ORIENTED_EDGE('',*,*,#3777,.F.);
#5329=ORIENTED_EDGE('',*,*,#3778,.T.);
#5330=ORIENTED_EDGE('',*,*,#3777,.T.);
#5331=ORIENTED_EDGE('',*,*,#3779,.F.);
#5332=ORIENTED_EDGE('',*,*,#3751,.F.);
#5333=ORIENTED_EDGE('',*,*,#3779,.T.);
#5334=ORIENTED_EDGE('',*,*,#3776,.T.);
#5335=ORIENTED_EDGE('',*,*,#3773,.T.);
#5336=ORIENTED_EDGE('',*,*,#3770,.T.);
#5337=ORIENTED_EDGE('',*,*,#3767,.T.);
#5338=ORIENTED_EDGE('',*,*,#3764,.T.);
#5339=ORIENTED_EDGE('',*,*,#3761,.T.);
#5340=ORIENTED_EDGE('',*,*,#3758,.T.);
#5341=ORIENTED_EDGE('',*,*,#3755,.T.);
#5342=ORIENTED_EDGE('',*,*,#3752,.T.);
#5343=ORIENTED_EDGE('',*,*,#3778,.F.);
#5344=ORIENTED_EDGE('',*,*,#3750,.F.);
#5345=ORIENTED_EDGE('',*,*,#3754,.F.);
#5346=ORIENTED_EDGE('',*,*,#3757,.F.);
#5347=ORIENTED_EDGE('',*,*,#3760,.F.);
#5348=ORIENTED_EDGE('',*,*,#3763,.F.);
#5349=ORIENTED_EDGE('',*,*,#3766,.F.);
#5350=ORIENTED_EDGE('',*,*,#3769,.F.);
#5351=ORIENTED_EDGE('',*,*,#3772,.F.);
#5352=ORIENTED_EDGE('',*,*,#3775,.F.);
#5353=ORIENTED_EDGE('',*,*,#3780,.F.);
#5354=ORIENTED_EDGE('',*,*,#3781,.T.);
#5355=ORIENTED_EDGE('',*,*,#3782,.F.);
#5356=ORIENTED_EDGE('',*,*,#3783,.F.);
#5357=ORIENTED_EDGE('',*,*,#3784,.F.);
#5358=ORIENTED_EDGE('',*,*,#3783,.T.);
#5359=ORIENTED_EDGE('',*,*,#3785,.F.);
#5360=ORIENTED_EDGE('',*,*,#3786,.F.);
#5361=ORIENTED_EDGE('',*,*,#3787,.F.);
#5362=ORIENTED_EDGE('',*,*,#3786,.T.);
#5363=ORIENTED_EDGE('',*,*,#3788,.F.);
#5364=ORIENTED_EDGE('',*,*,#3789,.F.);
#5365=ORIENTED_EDGE('',*,*,#3790,.F.);
#5366=ORIENTED_EDGE('',*,*,#3789,.T.);
#5367=ORIENTED_EDGE('',*,*,#3791,.F.);
#5368=ORIENTED_EDGE('',*,*,#3792,.F.);
#5369=ORIENTED_EDGE('',*,*,#3793,.F.);
#5370=ORIENTED_EDGE('',*,*,#3792,.T.);
#5371=ORIENTED_EDGE('',*,*,#3794,.F.);
#5372=ORIENTED_EDGE('',*,*,#3795,.F.);
#5373=ORIENTED_EDGE('',*,*,#3796,.F.);
#5374=ORIENTED_EDGE('',*,*,#3795,.T.);
#5375=ORIENTED_EDGE('',*,*,#3797,.F.);
#5376=ORIENTED_EDGE('',*,*,#3781,.F.);
#5377=ORIENTED_EDGE('',*,*,#3797,.T.);
#5378=ORIENTED_EDGE('',*,*,#3794,.T.);
#5379=ORIENTED_EDGE('',*,*,#3791,.T.);
#5380=ORIENTED_EDGE('',*,*,#3788,.T.);
#5381=ORIENTED_EDGE('',*,*,#3785,.T.);
#5382=ORIENTED_EDGE('',*,*,#3782,.T.);
#5383=ORIENTED_EDGE('',*,*,#3796,.T.);
#5384=ORIENTED_EDGE('',*,*,#3780,.T.);
#5385=ORIENTED_EDGE('',*,*,#3784,.T.);
#5386=ORIENTED_EDGE('',*,*,#3787,.T.);
#5387=ORIENTED_EDGE('',*,*,#3790,.T.);
#5388=ORIENTED_EDGE('',*,*,#3793,.T.);
#5389=ORIENTED_EDGE('',*,*,#3798,.F.);
#5390=ORIENTED_EDGE('',*,*,#3799,.T.);
#5391=ORIENTED_EDGE('',*,*,#3800,.F.);
#5392=ORIENTED_EDGE('',*,*,#3801,.F.);
#5393=ORIENTED_EDGE('',*,*,#3802,.F.);
#5394=ORIENTED_EDGE('',*,*,#3801,.T.);
#5395=ORIENTED_EDGE('',*,*,#3803,.F.);
#5396=ORIENTED_EDGE('',*,*,#3804,.F.);
#5397=ORIENTED_EDGE('',*,*,#3805,.F.);
#5398=ORIENTED_EDGE('',*,*,#3804,.T.);
#5399=ORIENTED_EDGE('',*,*,#3806,.F.);
#5400=ORIENTED_EDGE('',*,*,#3807,.F.);
#5401=ORIENTED_EDGE('',*,*,#3808,.F.);
#5402=ORIENTED_EDGE('',*,*,#3807,.T.);
#5403=ORIENTED_EDGE('',*,*,#3809,.F.);
#5404=ORIENTED_EDGE('',*,*,#3810,.F.);
#5405=ORIENTED_EDGE('',*,*,#3811,.F.);
#5406=ORIENTED_EDGE('',*,*,#3810,.T.);
#5407=ORIENTED_EDGE('',*,*,#3812,.F.);
#5408=ORIENTED_EDGE('',*,*,#3813,.F.);
#5409=ORIENTED_EDGE('',*,*,#3814,.F.);
#5410=ORIENTED_EDGE('',*,*,#3813,.T.);
#5411=ORIENTED_EDGE('',*,*,#3815,.F.);
#5412=ORIENTED_EDGE('',*,*,#3816,.F.);
#5413=ORIENTED_EDGE('',*,*,#3817,.F.);
#5414=ORIENTED_EDGE('',*,*,#3816,.T.);
#5415=ORIENTED_EDGE('',*,*,#3818,.F.);
#5416=ORIENTED_EDGE('',*,*,#3799,.F.);
#5417=ORIENTED_EDGE('',*,*,#3818,.T.);
#5418=ORIENTED_EDGE('',*,*,#3815,.T.);
#5419=ORIENTED_EDGE('',*,*,#3812,.T.);
#5420=ORIENTED_EDGE('',*,*,#3809,.T.);
#5421=ORIENTED_EDGE('',*,*,#3806,.T.);
#5422=ORIENTED_EDGE('',*,*,#3803,.T.);
#5423=ORIENTED_EDGE('',*,*,#3800,.T.);
#5424=ORIENTED_EDGE('',*,*,#3817,.T.);
#5425=ORIENTED_EDGE('',*,*,#3798,.T.);
#5426=ORIENTED_EDGE('',*,*,#3802,.T.);
#5427=ORIENTED_EDGE('',*,*,#3805,.T.);
#5428=ORIENTED_EDGE('',*,*,#3808,.T.);
#5429=ORIENTED_EDGE('',*,*,#3811,.T.);
#5430=ORIENTED_EDGE('',*,*,#3814,.T.);
#5431=ORIENTED_EDGE('',*,*,#3819,.F.);
#5432=ORIENTED_EDGE('',*,*,#3820,.T.);
#5433=ORIENTED_EDGE('',*,*,#3821,.F.);
#5434=ORIENTED_EDGE('',*,*,#3822,.F.);
#5435=ORIENTED_EDGE('',*,*,#3823,.F.);
#5436=ORIENTED_EDGE('',*,*,#3822,.T.);
#5437=ORIENTED_EDGE('',*,*,#3824,.F.);
#5438=ORIENTED_EDGE('',*,*,#3825,.F.);
#5439=ORIENTED_EDGE('',*,*,#3826,.F.);
#5440=ORIENTED_EDGE('',*,*,#3825,.T.);
#5441=ORIENTED_EDGE('',*,*,#3827,.F.);
#5442=ORIENTED_EDGE('',*,*,#3828,.F.);
#5443=ORIENTED_EDGE('',*,*,#3829,.F.);
#5444=ORIENTED_EDGE('',*,*,#3828,.T.);
#5445=ORIENTED_EDGE('',*,*,#3830,.F.);
#5446=ORIENTED_EDGE('',*,*,#3831,.F.);
#5447=ORIENTED_EDGE('',*,*,#3832,.F.);
#5448=ORIENTED_EDGE('',*,*,#3831,.T.);
#5449=ORIENTED_EDGE('',*,*,#3833,.F.);
#5450=ORIENTED_EDGE('',*,*,#3834,.F.);
#5451=ORIENTED_EDGE('',*,*,#3835,.F.);
#5452=ORIENTED_EDGE('',*,*,#3834,.T.);
#5453=ORIENTED_EDGE('',*,*,#3836,.F.);
#5454=ORIENTED_EDGE('',*,*,#3837,.F.);
#5455=ORIENTED_EDGE('',*,*,#3838,.F.);
#5456=ORIENTED_EDGE('',*,*,#3837,.T.);
#5457=ORIENTED_EDGE('',*,*,#3839,.F.);
#5458=ORIENTED_EDGE('',*,*,#3840,.F.);
#5459=ORIENTED_EDGE('',*,*,#3841,.F.);
#5460=ORIENTED_EDGE('',*,*,#3840,.T.);
#5461=ORIENTED_EDGE('',*,*,#3842,.F.);
#5462=ORIENTED_EDGE('',*,*,#3843,.F.);
#5463=ORIENTED_EDGE('',*,*,#3844,.F.);
#5464=ORIENTED_EDGE('',*,*,#3843,.T.);
#5465=ORIENTED_EDGE('',*,*,#3845,.F.);
#5466=ORIENTED_EDGE('',*,*,#3846,.F.);
#5467=ORIENTED_EDGE('',*,*,#3847,.F.);
#5468=ORIENTED_EDGE('',*,*,#3846,.T.);
#5469=ORIENTED_EDGE('',*,*,#3848,.F.);
#5470=ORIENTED_EDGE('',*,*,#3849,.F.);
#5471=ORIENTED_EDGE('',*,*,#3850,.F.);
#5472=ORIENTED_EDGE('',*,*,#3849,.T.);
#5473=ORIENTED_EDGE('',*,*,#3851,.F.);
#5474=ORIENTED_EDGE('',*,*,#3852,.F.);
#5475=ORIENTED_EDGE('',*,*,#3853,.F.);
#5476=ORIENTED_EDGE('',*,*,#3852,.T.);
#5477=ORIENTED_EDGE('',*,*,#3854,.F.);
#5478=ORIENTED_EDGE('',*,*,#3855,.F.);
#5479=ORIENTED_EDGE('',*,*,#3856,.F.);
#5480=ORIENTED_EDGE('',*,*,#3855,.T.);
#5481=ORIENTED_EDGE('',*,*,#3857,.F.);
#5482=ORIENTED_EDGE('',*,*,#3858,.F.);
#5483=ORIENTED_EDGE('',*,*,#3859,.F.);
#5484=ORIENTED_EDGE('',*,*,#3858,.T.);
#5485=ORIENTED_EDGE('',*,*,#3860,.F.);
#5486=ORIENTED_EDGE('',*,*,#3861,.F.);
#5487=ORIENTED_EDGE('',*,*,#3862,.F.);
#5488=ORIENTED_EDGE('',*,*,#3861,.T.);
#5489=ORIENTED_EDGE('',*,*,#3863,.F.);
#5490=ORIENTED_EDGE('',*,*,#3864,.F.);
#5491=ORIENTED_EDGE('',*,*,#3865,.F.);
#5492=ORIENTED_EDGE('',*,*,#3864,.T.);
#5493=ORIENTED_EDGE('',*,*,#3866,.F.);
#5494=ORIENTED_EDGE('',*,*,#3867,.F.);
#5495=ORIENTED_EDGE('',*,*,#3868,.F.);
#5496=ORIENTED_EDGE('',*,*,#3867,.T.);
#5497=ORIENTED_EDGE('',*,*,#3869,.F.);
#5498=ORIENTED_EDGE('',*,*,#3870,.F.);
#5499=ORIENTED_EDGE('',*,*,#3871,.F.);
#5500=ORIENTED_EDGE('',*,*,#3870,.T.);
#5501=ORIENTED_EDGE('',*,*,#3872,.F.);
#5502=ORIENTED_EDGE('',*,*,#3873,.F.);
#5503=ORIENTED_EDGE('',*,*,#3874,.F.);
#5504=ORIENTED_EDGE('',*,*,#3873,.T.);
#5505=ORIENTED_EDGE('',*,*,#3875,.F.);
#5506=ORIENTED_EDGE('',*,*,#3876,.F.);
#5507=ORIENTED_EDGE('',*,*,#3877,.F.);
#5508=ORIENTED_EDGE('',*,*,#3876,.T.);
#5509=ORIENTED_EDGE('',*,*,#3878,.F.);
#5510=ORIENTED_EDGE('',*,*,#3879,.F.);
#5511=ORIENTED_EDGE('',*,*,#3880,.F.);
#5512=ORIENTED_EDGE('',*,*,#3879,.T.);
#5513=ORIENTED_EDGE('',*,*,#3881,.F.);
#5514=ORIENTED_EDGE('',*,*,#3882,.F.);
#5515=ORIENTED_EDGE('',*,*,#3883,.F.);
#5516=ORIENTED_EDGE('',*,*,#3882,.T.);
#5517=ORIENTED_EDGE('',*,*,#3884,.F.);
#5518=ORIENTED_EDGE('',*,*,#3885,.F.);
#5519=ORIENTED_EDGE('',*,*,#3886,.F.);
#5520=ORIENTED_EDGE('',*,*,#3885,.T.);
#5521=ORIENTED_EDGE('',*,*,#3887,.F.);
#5522=ORIENTED_EDGE('',*,*,#3888,.F.);
#5523=ORIENTED_EDGE('',*,*,#3889,.F.);
#5524=ORIENTED_EDGE('',*,*,#3888,.T.);
#5525=ORIENTED_EDGE('',*,*,#3890,.F.);
#5526=ORIENTED_EDGE('',*,*,#3820,.F.);
#5527=ORIENTED_EDGE('',*,*,#3890,.T.);
#5528=ORIENTED_EDGE('',*,*,#3887,.T.);
#5529=ORIENTED_EDGE('',*,*,#3884,.T.);
#5530=ORIENTED_EDGE('',*,*,#3881,.T.);
#5531=ORIENTED_EDGE('',*,*,#3878,.T.);
#5532=ORIENTED_EDGE('',*,*,#3875,.T.);
#5533=ORIENTED_EDGE('',*,*,#3872,.T.);
#5534=ORIENTED_EDGE('',*,*,#3869,.T.);
#5535=ORIENTED_EDGE('',*,*,#3866,.T.);
#5536=ORIENTED_EDGE('',*,*,#3863,.T.);
#5537=ORIENTED_EDGE('',*,*,#3860,.T.);
#5538=ORIENTED_EDGE('',*,*,#3857,.T.);
#5539=ORIENTED_EDGE('',*,*,#3854,.T.);
#5540=ORIENTED_EDGE('',*,*,#3851,.T.);
#5541=ORIENTED_EDGE('',*,*,#3848,.T.);
#5542=ORIENTED_EDGE('',*,*,#3845,.T.);
#5543=ORIENTED_EDGE('',*,*,#3842,.T.);
#5544=ORIENTED_EDGE('',*,*,#3839,.T.);
#5545=ORIENTED_EDGE('',*,*,#3836,.T.);
#5546=ORIENTED_EDGE('',*,*,#3833,.T.);
#5547=ORIENTED_EDGE('',*,*,#3830,.T.);
#5548=ORIENTED_EDGE('',*,*,#3827,.T.);
#5549=ORIENTED_EDGE('',*,*,#3824,.T.);
#5550=ORIENTED_EDGE('',*,*,#3821,.T.);
#5551=ORIENTED_EDGE('',*,*,#3889,.T.);
#5552=ORIENTED_EDGE('',*,*,#3819,.T.);
#5553=ORIENTED_EDGE('',*,*,#3823,.T.);
#5554=ORIENTED_EDGE('',*,*,#3826,.T.);
#5555=ORIENTED_EDGE('',*,*,#3829,.T.);
#5556=ORIENTED_EDGE('',*,*,#3832,.T.);
#5557=ORIENTED_EDGE('',*,*,#3835,.T.);
#5558=ORIENTED_EDGE('',*,*,#3838,.T.);
#5559=ORIENTED_EDGE('',*,*,#3841,.T.);
#5560=ORIENTED_EDGE('',*,*,#3844,.T.);
#5561=ORIENTED_EDGE('',*,*,#3847,.T.);
#5562=ORIENTED_EDGE('',*,*,#3850,.T.);
#5563=ORIENTED_EDGE('',*,*,#3853,.T.);
#5564=ORIENTED_EDGE('',*,*,#3856,.T.);
#5565=ORIENTED_EDGE('',*,*,#3859,.T.);
#5566=ORIENTED_EDGE('',*,*,#3862,.T.);
#5567=ORIENTED_EDGE('',*,*,#3865,.T.);
#5568=ORIENTED_EDGE('',*,*,#3868,.T.);
#5569=ORIENTED_EDGE('',*,*,#3871,.T.);
#5570=ORIENTED_EDGE('',*,*,#3874,.T.);
#5571=ORIENTED_EDGE('',*,*,#3877,.T.);
#5572=ORIENTED_EDGE('',*,*,#3880,.T.);
#5573=ORIENTED_EDGE('',*,*,#3883,.T.);
#5574=ORIENTED_EDGE('',*,*,#3886,.T.);
#5575=ORIENTED_EDGE('',*,*,#3891,.F.);
#5576=ORIENTED_EDGE('',*,*,#3892,.T.);
#5577=ORIENTED_EDGE('',*,*,#3893,.F.);
#5578=ORIENTED_EDGE('',*,*,#3894,.F.);
#5579=ORIENTED_EDGE('',*,*,#3895,.F.);
#5580=ORIENTED_EDGE('',*,*,#3894,.T.);
#5581=ORIENTED_EDGE('',*,*,#3896,.F.);
#5582=ORIENTED_EDGE('',*,*,#3897,.F.);
#5583=ORIENTED_EDGE('',*,*,#3898,.F.);
#5584=ORIENTED_EDGE('',*,*,#3897,.T.);
#5585=ORIENTED_EDGE('',*,*,#3899,.F.);
#5586=ORIENTED_EDGE('',*,*,#3900,.F.);
#5587=ORIENTED_EDGE('',*,*,#3901,.F.);
#5588=ORIENTED_EDGE('',*,*,#3900,.T.);
#5589=ORIENTED_EDGE('',*,*,#3902,.F.);
#5590=ORIENTED_EDGE('',*,*,#3903,.F.);
#5591=ORIENTED_EDGE('',*,*,#3904,.F.);
#5592=ORIENTED_EDGE('',*,*,#3903,.T.);
#5593=ORIENTED_EDGE('',*,*,#3905,.F.);
#5594=ORIENTED_EDGE('',*,*,#3906,.F.);
#5595=ORIENTED_EDGE('',*,*,#3907,.F.);
#5596=ORIENTED_EDGE('',*,*,#3906,.T.);
#5597=ORIENTED_EDGE('',*,*,#3908,.F.);
#5598=ORIENTED_EDGE('',*,*,#3909,.F.);
#5599=ORIENTED_EDGE('',*,*,#3910,.F.);
#5600=ORIENTED_EDGE('',*,*,#3909,.T.);
#5601=ORIENTED_EDGE('',*,*,#3911,.F.);
#5602=ORIENTED_EDGE('',*,*,#3912,.F.);
#5603=ORIENTED_EDGE('',*,*,#3913,.F.);
#5604=ORIENTED_EDGE('',*,*,#3912,.T.);
#5605=ORIENTED_EDGE('',*,*,#3914,.F.);
#5606=ORIENTED_EDGE('',*,*,#3915,.F.);
#5607=ORIENTED_EDGE('',*,*,#3916,.F.);
#5608=ORIENTED_EDGE('',*,*,#3915,.T.);
#5609=ORIENTED_EDGE('',*,*,#3917,.F.);
#5610=ORIENTED_EDGE('',*,*,#3918,.F.);
#5611=ORIENTED_EDGE('',*,*,#3919,.F.);
#5612=ORIENTED_EDGE('',*,*,#3918,.T.);
#5613=ORIENTED_EDGE('',*,*,#3920,.F.);
#5614=ORIENTED_EDGE('',*,*,#3921,.F.);
#5615=ORIENTED_EDGE('',*,*,#3922,.F.);
#5616=ORIENTED_EDGE('',*,*,#3921,.T.);
#5617=ORIENTED_EDGE('',*,*,#3923,.F.);
#5618=ORIENTED_EDGE('',*,*,#3924,.F.);
#5619=ORIENTED_EDGE('',*,*,#3925,.F.);
#5620=ORIENTED_EDGE('',*,*,#3924,.T.);
#5621=ORIENTED_EDGE('',*,*,#3926,.F.);
#5622=ORIENTED_EDGE('',*,*,#3892,.F.);
#5623=ORIENTED_EDGE('',*,*,#3926,.T.);
#5624=ORIENTED_EDGE('',*,*,#3923,.T.);
#5625=ORIENTED_EDGE('',*,*,#3920,.T.);
#5626=ORIENTED_EDGE('',*,*,#3917,.T.);
#5627=ORIENTED_EDGE('',*,*,#3914,.T.);
#5628=ORIENTED_EDGE('',*,*,#3911,.T.);
#5629=ORIENTED_EDGE('',*,*,#3908,.T.);
#5630=ORIENTED_EDGE('',*,*,#3905,.T.);
#5631=ORIENTED_EDGE('',*,*,#3902,.T.);
#5632=ORIENTED_EDGE('',*,*,#3899,.T.);
#5633=ORIENTED_EDGE('',*,*,#3896,.T.);
#5634=ORIENTED_EDGE('',*,*,#3893,.T.);
#5635=ORIENTED_EDGE('',*,*,#3925,.T.);
#5636=ORIENTED_EDGE('',*,*,#3891,.T.);
#5637=ORIENTED_EDGE('',*,*,#3895,.T.);
#5638=ORIENTED_EDGE('',*,*,#3898,.T.);
#5639=ORIENTED_EDGE('',*,*,#3901,.T.);
#5640=ORIENTED_EDGE('',*,*,#3904,.T.);
#5641=ORIENTED_EDGE('',*,*,#3907,.T.);
#5642=ORIENTED_EDGE('',*,*,#3910,.T.);
#5643=ORIENTED_EDGE('',*,*,#3913,.T.);
#5644=ORIENTED_EDGE('',*,*,#3916,.T.);
#5645=ORIENTED_EDGE('',*,*,#3919,.T.);
#5646=ORIENTED_EDGE('',*,*,#3922,.T.);
#5647=CYLINDRICAL_SURFACE('',#6032,3.);
#5648=CYLINDRICAL_SURFACE('',#6048,3.);
#5649=CYLINDRICAL_SURFACE('',#6052,3.);
#5650=CYLINDRICAL_SURFACE('',#6055,3.);
#5651=CYLINDRICAL_SURFACE('',#6059,3.00000000000029);
#5652=CYLINDRICAL_SURFACE('',#6062,3.00000000000003);
#5653=CYLINDRICAL_SURFACE('',#6073,3.00000000000033);
#5654=CYLINDRICAL_SURFACE('',#6075,2.99999999999999);
#5655=CYLINDRICAL_SURFACE('',#6078,3.00000000000001);
#5656=CYLINDRICAL_SURFACE('',#6079,2.99999999999999);
#5657=CYLINDRICAL_SURFACE('',#6080,2.8);
#5658=CYLINDRICAL_SURFACE('',#6085,2.8);
#5659=CYLINDRICAL_SURFACE('',#6090,2.8);
#5660=CYLINDRICAL_SURFACE('',#6095,2.8);
#5661=CYLINDRICAL_SURFACE('',#6100,3.);
#5662=CYLINDRICAL_SURFACE('',#6101,3.);
#5663=CYLINDRICAL_SURFACE('',#6185,2.);
#5664=CYLINDRICAL_SURFACE('',#6196,2.);
#5665=CYLINDRICAL_SURFACE('',#6200,2.99999999999994);
#5666=CYLINDRICAL_SURFACE('',#6204,2.9999999999999);
#5667=CYLINDRICAL_SURFACE('',#6212,2.);
#5668=CYLINDRICAL_SURFACE('',#6213,2.99999999999997);
#5669=CYLINDRICAL_SURFACE('',#6229,3.);
#5670=CYLINDRICAL_SURFACE('',#6232,2.);
#5671=CYLINDRICAL_SURFACE('',#6234,3.);
#5672=CYLINDRICAL_SURFACE('',#6236,3.);
#5673=CYLINDRICAL_SURFACE('',#6238,2.);
#5674=CYLINDRICAL_SURFACE('',#6254,3.);
#5675=CYLINDRICAL_SURFACE('',#6257,2.);
#5676=CYLINDRICAL_SURFACE('',#6261,3.);
#5677=CYLINDRICAL_SURFACE('',#6264,3.);
#5678=CYLINDRICAL_SURFACE('',#6280,2.99999999999999);
#5679=CYLINDRICAL_SURFACE('',#6283,2.99999999999994);
#5680=CYLINDRICAL_SURFACE('',#6287,2.99999999999992);
#5681=CYLINDRICAL_SURFACE('',#6291,2.);
#5682=CYLINDRICAL_SURFACE('',#6294,2.);
#5683=ADVANCED_FACE('',(#493),#5647,.T.);
#5684=ADVANCED_FACE('',(#494),#277,.T.);
#5685=ADVANCED_FACE('',(#495,#263),#278,.T.);
#5686=ADVANCED_FACE('',(#496),#5648,.T.);
#5687=ADVANCED_FACE('',(#497),#279,.T.);
#5688=ADVANCED_FACE('',(#498),#280,.T.);
#5689=ADVANCED_FACE('',(#499),#5649,.T.);
#5690=ADVANCED_FACE('',(#500),#281,.T.);
#5691=ADVANCED_FACE('',(#501),#5650,.T.);
#5692=ADVANCED_FACE('',(#502),#282,.T.);
#5693=ADVANCED_FACE('',(#503),#283,.T.);
#5694=ADVANCED_FACE('',(#504),#5651,.F.);
#5695=ADVANCED_FACE('',(#505),#284,.T.);
#5696=ADVANCED_FACE('',(#506),#5652,.F.);
#5697=ADVANCED_FACE('',(#507),#285,.T.);
#5698=ADVANCED_FACE('',(#508),#286,.T.);
#5699=ADVANCED_FACE('',(#509,#264),#287,.F.);
#5700=ADVANCED_FACE('',(#510),#5653,.F.);
#5701=ADVANCED_FACE('',(#511),#288,.T.);
#5702=ADVANCED_FACE('',(#512),#5654,.F.);
#5703=ADVANCED_FACE('',(#513),#289,.T.);
#5704=ADVANCED_FACE('',(#514),#290,.T.);
#5705=ADVANCED_FACE('',(#515),#5655,.F.);
#5706=ADVANCED_FACE('',(#516),#5656,.F.);
#5707=ADVANCED_FACE('',(#517),#5657,.T.);
#5708=ADVANCED_FACE('',(#518),#291,.T.);
#5709=ADVANCED_FACE('',(#519),#292,.F.);
#5710=ADVANCED_FACE('',(#520),#5658,.T.);
#5711=ADVANCED_FACE('',(#521),#293,.T.);
#5712=ADVANCED_FACE('',(#522),#294,.F.);
#5713=ADVANCED_FACE('',(#523),#5659,.T.);
#5714=ADVANCED_FACE('',(#524),#295,.T.);
#5715=ADVANCED_FACE('',(#525),#296,.F.);
#5716=ADVANCED_FACE('',(#526),#5660,.T.);
#5717=ADVANCED_FACE('',(#527),#297,.T.);
#5718=ADVANCED_FACE('',(#528),#298,.F.);
#5719=ADVANCED_FACE('',(#529),#5661,.T.);
#5720=ADVANCED_FACE('',(#530),#5662,.T.);
#5721=ADVANCED_FACE('',(#531),#299,.F.);
#5722=ADVANCED_FACE('',(#532),#300,.F.);
#5723=ADVANCED_FACE('',(#533,#265),#301,.F.);
#5724=ADVANCED_FACE('',(#534),#302,.T.);
#5725=ADVANCED_FACE('',(#535),#303,.F.);
#5726=ADVANCED_FACE('',(#536),#304,.T.);
#5727=ADVANCED_FACE('',(#537),#305,.F.);
#5728=ADVANCED_FACE('',(#538),#306,.T.);
#5729=ADVANCED_FACE('',(#539),#307,.T.);
#5730=ADVANCED_FACE('',(#540),#308,.T.);
#5731=ADVANCED_FACE('',(#541),#309,.T.);
#5732=ADVANCED_FACE('',(#542),#310,.F.);
#5733=ADVANCED_FACE('',(#543),#311,.F.);
#5734=ADVANCED_FACE('',(#544,#266,#267,#268,#269,#270,#271,#272,#273),#312,
 .T.);
#5735=ADVANCED_FACE('',(#545),#313,.F.);
#5736=ADVANCED_FACE('',(#546),#33,.F.);
#5737=ADVANCED_FACE('',(#547),#34,.F.);
#5738=ADVANCED_FACE('',(#548),#35,.F.);
#5739=ADVANCED_FACE('',(#549),#36,.F.);
#5740=ADVANCED_FACE('',(#550),#37,.F.);
#5741=ADVANCED_FACE('',(#551),#38,.F.);
#5742=ADVANCED_FACE('',(#552),#39,.F.);
#5743=ADVANCED_FACE('',(#553),#40,.F.);
#5744=ADVANCED_FACE('',(#554),#314,.F.);
#5745=ADVANCED_FACE('',(#555),#41,.F.);
#5746=ADVANCED_FACE('',(#556),#42,.F.);
#5747=ADVANCED_FACE('',(#557),#43,.F.);
#5748=ADVANCED_FACE('',(#558),#44,.F.);
#5749=ADVANCED_FACE('',(#559),#45,.F.);
#5750=ADVANCED_FACE('',(#560),#46,.F.);
#5751=ADVANCED_FACE('',(#561),#47,.F.);
#5752=ADVANCED_FACE('',(#562),#48,.F.);
#5753=ADVANCED_FACE('',(#563),#49,.F.);
#5754=ADVANCED_FACE('',(#564),#50,.F.);
#5755=ADVANCED_FACE('',(#565),#315,.F.);
#5756=ADVANCED_FACE('',(#566),#316,.F.);
#5757=ADVANCED_FACE('',(#567),#317,.F.);
#5758=ADVANCED_FACE('',(#568),#318,.F.);
#5759=ADVANCED_FACE('',(#569),#319,.F.);
#5760=ADVANCED_FACE('',(#570),#320,.F.);
#5761=ADVANCED_FACE('',(#571),#321,.F.);
#5762=ADVANCED_FACE('',(#572),#322,.F.);
#5763=ADVANCED_FACE('',(#573),#323,.F.);
#5764=ADVANCED_FACE('',(#574),#324,.F.);
#5765=ADVANCED_FACE('',(#575),#51,.F.);
#5766=ADVANCED_FACE('',(#576),#52,.F.);
#5767=ADVANCED_FACE('',(#577),#53,.F.);
#5768=ADVANCED_FACE('',(#578),#54,.F.);
#5769=ADVANCED_FACE('',(#579),#55,.F.);
#5770=ADVANCED_FACE('',(#580),#56,.F.);
#5771=ADVANCED_FACE('',(#581),#57,.F.);
#5772=ADVANCED_FACE('',(#582),#325,.F.);
#5773=ADVANCED_FACE('',(#583),#58,.F.);
#5774=ADVANCED_FACE('',(#584),#59,.F.);
#5775=ADVANCED_FACE('',(#585),#60,.F.);
#5776=ADVANCED_FACE('',(#586),#61,.F.);
#5777=ADVANCED_FACE('',(#587),#62,.F.);
#5778=ADVANCED_FACE('',(#588),#63,.F.);
#5779=ADVANCED_FACE('',(#589),#64,.F.);
#5780=ADVANCED_FACE('',(#590),#65,.F.);
#5781=ADVANCED_FACE('',(#591),#326,.F.);
#5782=ADVANCED_FACE('',(#592),#66,.F.);
#5783=ADVANCED_FACE('',(#593),#327,.F.);
#5784=ADVANCED_FACE('',(#594),#328,.F.);
#5785=ADVANCED_FACE('',(#595),#329,.F.);
#5786=ADVANCED_FACE('',(#596),#330,.F.);
#5787=ADVANCED_FACE('',(#597),#331,.F.);
#5788=ADVANCED_FACE('',(#598),#332,.F.);
#5789=ADVANCED_FACE('',(#599),#333,.F.);
#5790=ADVANCED_FACE('',(#600),#334,.F.);
#5791=ADVANCED_FACE('',(#601),#335,.F.);
#5792=ADVANCED_FACE('',(#602),#336,.F.);
#5793=ADVANCED_FACE('',(#603),#337,.F.);
#5794=ADVANCED_FACE('',(#604),#338,.F.);
#5795=ADVANCED_FACE('',(#605),#339,.F.);
#5796=ADVANCED_FACE('',(#606),#340,.F.);
#5797=ADVANCED_FACE('',(#607),#341,.F.);
#5798=ADVANCED_FACE('',(#608),#342,.F.);
#5799=ADVANCED_FACE('',(#609),#343,.F.);
#5800=ADVANCED_FACE('',(#610),#344,.F.);
#5801=ADVANCED_FACE('',(#611),#345,.F.);
#5802=ADVANCED_FACE('',(#612),#346,.F.);
#5803=ADVANCED_FACE('',(#613),#347,.F.);
#5804=ADVANCED_FACE('',(#614),#348,.F.);
#5805=ADVANCED_FACE('',(#615),#349,.F.);
#5806=ADVANCED_FACE('',(#616),#350,.F.);
#5807=ADVANCED_FACE('',(#617),#351,.F.);
#5808=ADVANCED_FACE('',(#618),#352,.F.);
#5809=ADVANCED_FACE('',(#619),#353,.F.);
#5810=ADVANCED_FACE('',(#620),#354,.F.);
#5811=ADVANCED_FACE('',(#621),#355,.F.);
#5812=ADVANCED_FACE('',(#622),#356,.F.);
#5813=ADVANCED_FACE('',(#623),#357,.F.);
#5814=ADVANCED_FACE('',(#624),#358,.F.);
#5815=ADVANCED_FACE('',(#625),#359,.F.);
#5816=ADVANCED_FACE('',(#626),#360,.F.);
#5817=ADVANCED_FACE('',(#627),#361,.F.);
#5818=ADVANCED_FACE('',(#628),#362,.F.);
#5819=ADVANCED_FACE('',(#629),#363,.F.);
#5820=ADVANCED_FACE('',(#630),#364,.F.);
#5821=ADVANCED_FACE('',(#631),#365,.F.);
#5822=ADVANCED_FACE('',(#632),#366,.F.);
#5823=ADVANCED_FACE('',(#633),#367,.F.);
#5824=ADVANCED_FACE('',(#634),#368,.F.);
#5825=ADVANCED_FACE('',(#635),#369,.F.);
#5826=ADVANCED_FACE('',(#636),#370,.F.);
#5827=ADVANCED_FACE('',(#637),#371,.F.);
#5828=ADVANCED_FACE('',(#638),#372,.F.);
#5829=ADVANCED_FACE('',(#639),#373,.F.);
#5830=ADVANCED_FACE('',(#640),#374,.F.);
#5831=ADVANCED_FACE('',(#641),#375,.F.);
#5832=ADVANCED_FACE('',(#642),#5663,.F.);
#5833=ADVANCED_FACE('',(#643),#376,.F.);
#5834=ADVANCED_FACE('',(#644),#377,.T.);
#5835=ADVANCED_FACE('',(#645),#378,.T.);
#5836=ADVANCED_FACE('',(#646),#379,.F.);
#5837=ADVANCED_FACE('',(#647),#380,.T.);
#5838=ADVANCED_FACE('',(#648),#5664,.F.);
#5839=ADVANCED_FACE('',(#649),#381,.T.);
#5840=ADVANCED_FACE('',(#650),#382,.F.);
#5841=ADVANCED_FACE('',(#651),#5665,.T.);
#5842=ADVANCED_FACE('',(#652),#5666,.T.);
#5843=ADVANCED_FACE('',(#653),#383,.F.);
#5844=ADVANCED_FACE('',(#654),#384,.F.);
#5845=ADVANCED_FACE('',(#655),#5667,.F.);
#5846=ADVANCED_FACE('',(#656),#5668,.T.);
#5847=ADVANCED_FACE('',(#657),#385,.T.);
#5848=ADVANCED_FACE('',(#658),#386,.F.);
#5849=ADVANCED_FACE('',(#659),#387,.F.);
#5850=ADVANCED_FACE('',(#660),#388,.F.);
#5851=ADVANCED_FACE('',(#661),#389,.T.);
#5852=ADVANCED_FACE('',(#662),#15,.T.);
#5853=ADVANCED_FACE('',(#663),#390,.T.);
#5854=ADVANCED_FACE('',(#664),#16,.T.);
#5855=ADVANCED_FACE('',(#665),#17,.T.);
#5856=ADVANCED_FACE('',(#666),#391,.F.);
#5857=ADVANCED_FACE('',(#667),#5669,.T.);
#5858=ADVANCED_FACE('',(#668),#392,.T.);
#5859=ADVANCED_FACE('',(#669),#393,.T.);
#5860=ADVANCED_FACE('',(#670),#5670,.F.);
#5861=ADVANCED_FACE('',(#671),#394,.T.);
#5862=ADVANCED_FACE('',(#672),#5671,.T.);
#5863=ADVANCED_FACE('',(#673),#395,.T.);
#5864=ADVANCED_FACE('',(#674),#5672,.T.);
#5865=ADVANCED_FACE('',(#675),#396,.T.);
#5866=ADVANCED_FACE('',(#676),#5673,.F.);
#5867=ADVANCED_FACE('',(#677),#397,.T.);
#5868=ADVANCED_FACE('',(#678),#398,.T.);
#5869=ADVANCED_FACE('',(#679),#399,.F.);
#5870=ADVANCED_FACE('',(#680,#274),#400,.T.);
#5871=ADVANCED_FACE('',(#681),#401,.F.);
#5872=ADVANCED_FACE('',(#682),#402,.T.);
#5873=ADVANCED_FACE('',(#683),#403,.T.);
#5874=ADVANCED_FACE('',(#684),#404,.T.);
#5875=ADVANCED_FACE('',(#685),#5674,.T.);
#5876=ADVANCED_FACE('',(#686),#405,.T.);
#5877=ADVANCED_FACE('',(#687),#5675,.F.);
#5878=ADVANCED_FACE('',(#688),#406,.T.);
#5879=ADVANCED_FACE('',(#689),#5676,.T.);
#5880=ADVANCED_FACE('',(#690),#407,.T.);
#5881=ADVANCED_FACE('',(#691),#5677,.T.);
#5882=ADVANCED_FACE('',(#692),#408,.F.);
#5883=ADVANCED_FACE('',(#693),#409,.F.);
#5884=ADVANCED_FACE('',(#694),#18,.T.);
#5885=ADVANCED_FACE('',(#695),#410,.T.);
#5886=ADVANCED_FACE('',(#696),#19,.T.);
#5887=ADVANCED_FACE('',(#697),#411,.T.);
#5888=ADVANCED_FACE('',(#698),#20,.T.);
#5889=ADVANCED_FACE('',(#699),#412,.F.);
#5890=ADVANCED_FACE('',(#700),#413,.F.);
#5891=ADVANCED_FACE('',(#701),#414,.F.);
#5892=ADVANCED_FACE('',(#702),#415,.T.);
#5893=ADVANCED_FACE('',(#703),#5678,.T.);
#5894=ADVANCED_FACE('',(#704),#416,.F.);
#5895=ADVANCED_FACE('',(#705),#5679,.T.);
#5896=ADVANCED_FACE('',(#706),#417,.F.);
#5897=ADVANCED_FACE('',(#707),#418,.F.);
#5898=ADVANCED_FACE('',(#708),#5680,.T.);
#5899=ADVANCED_FACE('',(#709),#419,.T.);
#5900=ADVANCED_FACE('',(#710),#420,.F.);
#5901=ADVANCED_FACE('',(#711),#5681,.F.);
#5902=ADVANCED_FACE('',(#712),#421,.T.);
#5903=ADVANCED_FACE('',(#713),#422,.F.);
#5904=ADVANCED_FACE('',(#714),#5682,.F.);
#5905=ADVANCED_FACE('',(#715),#423,.T.);
#5906=ADVANCED_FACE('',(#716),#424,.T.);
#5907=ADVANCED_FACE('',(#717),#67,.T.);
#5908=ADVANCED_FACE('',(#718),#68,.T.);
#5909=ADVANCED_FACE('',(#719),#69,.T.);
#5910=ADVANCED_FACE('',(#720),#70,.T.);
#5911=ADVANCED_FACE('',(#721),#71,.T.);
#5912=ADVANCED_FACE('',(#722),#72,.T.);
#5913=ADVANCED_FACE('',(#723),#73,.T.);
#5914=ADVANCED_FACE('',(#724),#425,.T.);
#5915=ADVANCED_FACE('',(#725),#74,.T.);
#5916=ADVANCED_FACE('',(#726),#75,.T.);
#5917=ADVANCED_FACE('',(#727),#76,.T.);
#5918=ADVANCED_FACE('',(#728),#77,.T.);
#5919=ADVANCED_FACE('',(#729),#78,.T.);
#5920=ADVANCED_FACE('',(#730),#79,.T.);
#5921=ADVANCED_FACE('',(#731),#80,.T.);
#5922=ADVANCED_FACE('',(#732),#81,.T.);
#5923=ADVANCED_FACE('',(#733),#426,.T.);
#5924=ADVANCED_FACE('',(#734),#82,.T.);
#5925=ADVANCED_FACE('',(#735),#427,.T.);
#5926=ADVANCED_FACE('',(#736),#428,.F.);
#5927=ADVANCED_FACE('',(#737),#429,.T.);
#5928=ADVANCED_FACE('',(#738),#430,.T.);
#5929=ADVANCED_FACE('',(#739),#431,.T.);
#5930=ADVANCED_FACE('',(#740),#432,.T.);
#5931=ADVANCED_FACE('',(#741),#433,.T.);
#5932=ADVANCED_FACE('',(#742),#434,.T.);
#5933=ADVANCED_FACE('',(#743),#435,.T.);
#5934=ADVANCED_FACE('',(#744),#436,.T.);
#5935=ADVANCED_FACE('',(#745),#437,.T.);
#5936=ADVANCED_FACE('',(#746),#438,.T.);
#5937=ADVANCED_FACE('',(#747),#439,.T.);
#5938=ADVANCED_FACE('',(#748,#275),#440,.T.);
#5939=ADVANCED_FACE('',(#749,#276),#441,.F.);
#5940=ADVANCED_FACE('',(#750),#442,.T.);
#5941=ADVANCED_FACE('',(#751),#443,.T.);
#5942=ADVANCED_FACE('',(#752),#444,.T.);
#5943=ADVANCED_FACE('',(#753),#445,.T.);
#5944=ADVANCED_FACE('',(#754),#446,.T.);
#5945=ADVANCED_FACE('',(#755),#447,.T.);
#5946=ADVANCED_FACE('',(#756),#448,.T.);
#5947=ADVANCED_FACE('',(#757),#449,.T.);
#5948=ADVANCED_FACE('',(#758),#450,.T.);
#5949=ADVANCED_FACE('',(#759),#451,.T.);
#5950=ADVANCED_FACE('',(#760),#452,.T.);
#5951=ADVANCED_FACE('',(#761),#453,.F.);
#5952=ADVANCED_FACE('',(#762),#454,.T.);
#5953=ADVANCED_FACE('',(#763),#455,.T.);
#5954=ADVANCED_FACE('',(#764),#456,.T.);
#5955=ADVANCED_FACE('',(#765),#457,.T.);
#5956=ADVANCED_FACE('',(#766),#458,.T.);
#5957=ADVANCED_FACE('',(#767),#459,.T.);
#5958=ADVANCED_FACE('',(#768),#460,.T.);
#5959=ADVANCED_FACE('',(#769),#461,.T.);
#5960=ADVANCED_FACE('',(#770),#462,.T.);
#5961=ADVANCED_FACE('',(#771),#463,.T.);
#5962=ADVANCED_FACE('',(#772),#464,.T.);
#5963=ADVANCED_FACE('',(#773),#465,.T.);
#5964=ADVANCED_FACE('',(#774),#466,.T.);
#5965=ADVANCED_FACE('',(#775),#467,.T.);
#5966=ADVANCED_FACE('',(#776),#468,.T.);
#5967=ADVANCED_FACE('',(#777),#469,.T.);
#5968=ADVANCED_FACE('',(#778),#470,.T.);
#5969=ADVANCED_FACE('',(#779),#471,.T.);
#5970=ADVANCED_FACE('',(#780),#472,.T.);
#5971=ADVANCED_FACE('',(#781),#473,.T.);
#5972=ADVANCED_FACE('',(#782),#83,.T.);
#5973=ADVANCED_FACE('',(#783),#84,.T.);
#5974=ADVANCED_FACE('',(#784),#85,.T.);
#5975=ADVANCED_FACE('',(#785),#86,.T.);
#5976=ADVANCED_FACE('',(#786),#87,.T.);
#5977=ADVANCED_FACE('',(#787),#88,.T.);
#5978=ADVANCED_FACE('',(#788),#89,.T.);
#5979=ADVANCED_FACE('',(#789),#90,.T.);
#5980=ADVANCED_FACE('',(#790),#91,.T.);
#5981=ADVANCED_FACE('',(#791),#92,.T.);
#5982=ADVANCED_FACE('',(#792),#474,.T.);
#5983=ADVANCED_FACE('',(#793),#93,.T.);
#5984=ADVANCED_FACE('',(#794),#94,.T.);
#5985=ADVANCED_FACE('',(#795),#95,.T.);
#5986=ADVANCED_FACE('',(#796),#96,.T.);
#5987=ADVANCED_FACE('',(#797),#97,.T.);
#5988=ADVANCED_FACE('',(#798),#98,.T.);
#5989=ADVANCED_FACE('',(#799),#99,.T.);
#5990=ADVANCED_FACE('',(#800),#100,.T.);
#5991=ADVANCED_FACE('',(#801),#475,.T.);
#5992=ADVANCED_FACE('',(#802),#476,.T.);
#5993=ADVANCED_FACE('',(#803),#477,.T.);
#5994=ADVANCED_FACE('',(#804),#478,.F.);
#5995=ADVANCED_FACE('',(#805),#479,.T.);
#5996=ADVANCED_FACE('',(#806),#480,.T.);
#5997=ADVANCED_FACE('',(#807),#481,.T.);
#5998=ADVANCED_FACE('',(#808),#482,.T.);
#5999=ADVANCED_FACE('',(#809),#483,.T.);
#6000=ADVANCED_FACE('',(#810),#484,.T.);
#6001=ADVANCED_FACE('',(#811),#485,.T.);
#6002=ADVANCED_FACE('',(#812),#486,.T.);
#6003=ADVANCED_FACE('',(#813),#487,.T.);
#6004=ADVANCED_FACE('',(#814),#488,.T.);
#6005=ADVANCED_FACE('',(#815),#489,.T.);
#6006=ADVANCED_FACE('',(#816),#490,.T.);
#6007=ADVANCED_FACE('',(#817),#491,.T.);
#6008=ADVANCED_FACE('',(#818),#492,.T.);
#6009=CLOSED_SHELL('',(#5683,#5684,#5685,#5686,#5687,#5688,#5689,#5690,
#5691,#5692,#5693,#5694,#5695,#5696,#5697,#5698,#5699,#5700,#5701,#5702,
#5703,#5704,#5705,#5706,#5707,#5708,#5709,#5710,#5711,#5712,#5713,#5714,
#5715,#5716,#5717,#5718,#5719,#5720));
#6010=CLOSED_SHELL('',(#5721,#5722,#5723,#5724,#5725,#5726,#5727,#5728,
#5729,#5730,#5731,#5732,#5733,#5734,#5735,#5736,#5737,#5738,#5739,#5740,
#5741,#5742,#5743,#5744,#5745,#5746,#5747,#5748,#5749,#5750,#5751,#5752,
#5753,#5754,#5755,#5756,#5757,#5758,#5759,#5760,#5761,#5762,#5763,#5764,
#5765,#5766,#5767,#5768,#5769,#5770,#5771,#5772,#5773,#5774,#5775,#5776,
#5777,#5778,#5779,#5780,#5781,#5782,#5783,#5784,#5785,#5786,#5787,#5788,
#5789,#5790,#5791,#5792,#5793,#5794,#5795,#5796,#5797,#5798,#5799,#5800,
#5801,#5802,#5803,#5804,#5805,#5806,#5807,#5808,#5809,#5810,#5811,#5812,
#5813,#5814,#5815,#5816,#5817,#5818,#5819,#5820,#5821,#5822,#5823,#5824,
#5825,#5826,#5827,#5828,#5829,#5830,#5831,#5832,#5833,#5834,#5835,#5836,
#5837,#5838,#5839,#5840,#5841,#5842,#5843,#5844,#5845,#5846,#5847,#5848,
#5849,#5850,#5851,#5852,#5853,#5854,#5855,#5856,#5857,#5858,#5859,#5860,
#5861,#5862,#5863,#5864,#5865,#5866,#5867,#5868,#5869,#5870,#5871,#5872,
#5873,#5874,#5875,#5876,#5877,#5878,#5879,#5880,#5881,#5882,#5883,#5884,
#5885,#5886,#5887,#5888,#5889,#5890,#5891,#5892,#5893,#5894,#5895,#5896,
#5897,#5898,#5899,#5900,#5901,#5902,#5903,#5904,#5905,#5906));
#6011=CLOSED_SHELL('',(#5907,#5908,#5909,#5910,#5911,#5912,#5913,#5914,
#5915,#5916,#5917,#5918,#5919,#5920,#5921,#5922,#5923,#5924,#5925,#5926));
#6012=CLOSED_SHELL('',(#5927,#5928,#5929,#5930,#5931,#5932,#5933,#5934,
#5935,#5936,#5937,#5938,#5939));
#6013=CLOSED_SHELL('',(#5940,#5941,#5942,#5943,#5944,#5945,#5946,#5947,
#5948,#5949,#5950,#5951));
#6014=CLOSED_SHELL('',(#5952,#5953,#5954,#5955,#5956,#5957,#5958,#5959));
#6015=CLOSED_SHELL('',(#5960,#5961,#5962,#5963,#5964,#5965,#5966,#5967,
#5968));
#6016=CLOSED_SHELL('',(#5969,#5970,#5971,#5972,#5973,#5974,#5975,#5976,
#5977,#5978,#5979,#5980,#5981,#5982,#5983,#5984,#5985,#5986,#5987,#5988,
#5989,#5990,#5991,#5992,#5993,#5994));
#6017=CLOSED_SHELL('',(#5995,#5996,#5997,#5998,#5999,#6000,#6001,#6002,
#6003,#6004,#6005,#6006,#6007,#6008));
#6018=DERIVED_UNIT_ELEMENT(#6020,1.);
#6019=DERIVED_UNIT_ELEMENT(#10641,-3.);
#6020=(
MASS_UNIT()
NAMED_UNIT(*)
SI_UNIT(.KILO.,.GRAM.)
);
#6021=DERIVED_UNIT((#6018,#6019));
#6022=MEASURE_REPRESENTATION_ITEM('density measure',
POSITIVE_RATIO_MEASURE(1060.),#6021);
#6023=PROPERTY_DEFINITION_REPRESENTATION(#6028,#6025);
#6024=PROPERTY_DEFINITION_REPRESENTATION(#6029,#6026);
#6025=REPRESENTATION('material name',(#6027),#10638);
#6026=REPRESENTATION('density',(#6022),#10638);
#6027=DESCRIPTIVE_REPRESENTATION_ITEM('ABS-Kunststoff','ABS-Kunststoff');
#6028=PROPERTY_DEFINITION('material property','material name',#10653);
#6029=PROPERTY_DEFINITION('material property','density of part',#10653);
#6030=AXIS2_PLACEMENT_3D('',#7681,#6367,#6368);
#6031=AXIS2_PLACEMENT_3D('',#7682,#6369,#6370);
#6032=AXIS2_PLACEMENT_3D('',#7683,#6371,#6372);
#6033=AXIS2_PLACEMENT_3D('',#7686,#6373,#6374);
#6034=AXIS2_PLACEMENT_3D('',#7690,#6376,#6377);
#6035=AXIS2_PLACEMENT_3D('',#7692,#6379,#6380);
#6036=AXIS2_PLACEMENT_3D('',#7698,#6384,#6385);
#6037=AXIS2_PLACEMENT_3D('',#7702,#6387,#6388);
#6038=AXIS2_PLACEMENT_3D('',#7706,#6390,#6391);
#6039=AXIS2_PLACEMENT_3D('',#7710,#6393,#6394);
#6040=AXIS2_PLACEMENT_3D('',#7714,#6396,#6397);
#6041=AXIS2_PLACEMENT_3D('',#7717,#6399,#6400);
#6042=AXIS2_PLACEMENT_3D('',#7722,#6402,#6403);
#6043=AXIS2_PLACEMENT_3D('',#7726,#6405,#6406);
#6044=AXIS2_PLACEMENT_3D('',#7730,#6408,#6409);
#6045=AXIS2_PLACEMENT_3D('',#7734,#6411,#6412);
#6046=AXIS2_PLACEMENT_3D('',#7738,#6414,#6415);
#6047=AXIS2_PLACEMENT_3D('',#7741,#6417,#6418);
#6048=AXIS2_PLACEMENT_3D('',#7742,#6419,#6420);
#6049=AXIS2_PLACEMENT_3D('',#7745,#6421,#6422);
#6050=AXIS2_PLACEMENT_3D('',#7748,#6425,#6426);
#6051=AXIS2_PLACEMENT_3D('',#7752,#6429,#6430);
#6052=AXIS2_PLACEMENT_3D('',#7754,#6432,#6433);
#6053=AXIS2_PLACEMENT_3D('',#7757,#6434,#6435);
#6054=AXIS2_PLACEMENT_3D('',#7760,#6438,#6439);
#6055=AXIS2_PLACEMENT_3D('',#7764,#6442,#6443);
#6056=AXIS2_PLACEMENT_3D('',#7767,#6444,#6445);
#6057=AXIS2_PLACEMENT_3D('',#7770,#6448,#6449);
#6058=AXIS2_PLACEMENT_3D('',#7774,#6452,#6453);
#6059=AXIS2_PLACEMENT_3D('',#7776,#6455,#6456);
#6060=AXIS2_PLACEMENT_3D('',#7779,#6457,#6458);
#6061=AXIS2_PLACEMENT_3D('',#7782,#6461,#6462);
#6062=AXIS2_PLACEMENT_3D('',#7786,#6465,#6466);
#6063=AXIS2_PLACEMENT_3D('',#7788,#6467,#6468);
#6064=AXIS2_PLACEMENT_3D('',#7790,#6470,#6471);
#6065=AXIS2_PLACEMENT_3D('',#7802,#6478,#6479);
#6066=AXIS2_PLACEMENT_3D('',#7814,#6486,#6487);
#6067=AXIS2_PLACEMENT_3D('',#7815,#6488,#6489);
#6068=AXIS2_PLACEMENT_3D('',#7816,#6490,#6491);
#6069=AXIS2_PLACEMENT_3D('',#7823,#6495,#6496);
#6070=AXIS2_PLACEMENT_3D('',#7835,#6502,#6503);
#6071=AXIS2_PLACEMENT_3D('',#7839,#6505,#6506);
#6072=AXIS2_PLACEMENT_3D('',#7850,#6512,#6513);
#6073=AXIS2_PLACEMENT_3D('',#7856,#6517,#6518);
#6074=AXIS2_PLACEMENT_3D('',#7859,#6521,#6522);
#6075=AXIS2_PLACEMENT_3D('',#7861,#6524,#6525);
#6076=AXIS2_PLACEMENT_3D('',#7863,#6527,#6528);
#6077=AXIS2_PLACEMENT_3D('',#7870,#6533,#6534);
#6078=AXIS2_PLACEMENT_3D('',#7877,#6539,#6540);
#6079=AXIS2_PLACEMENT_3D('',#7878,#6541,#6542);
#6080=AXIS2_PLACEMENT_3D('',#7879,#6543,#6544);
#6081=AXIS2_PLACEMENT_3D('',#7880,#6545,#6546);
#6082=AXIS2_PLACEMENT_3D('',#7881,#6547,#6548);
#6083=AXIS2_PLACEMENT_3D('',#7882,#6549,#6550);
#6084=AXIS2_PLACEMENT_3D('',#7883,#6551,#6552);
#6085=AXIS2_PLACEMENT_3D('',#7884,#6553,#6554);
#6086=AXIS2_PLACEMENT_3D('',#7885,#6555,#6556);
#6087=AXIS2_PLACEMENT_3D('',#7886,#6557,#6558);
#6088=AXIS2_PLACEMENT_3D('',#7887,#6559,#6560);
#6089=AXIS2_PLACEMENT_3D('',#7888,#6561,#6562);
#6090=AXIS2_PLACEMENT_3D('',#7889,#6563,#6564);
#6091=AXIS2_PLACEMENT_3D('',#7890,#6565,#6566);
#6092=AXIS2_PLACEMENT_3D('',#7891,#6567,#6568);
#6093=AXIS2_PLACEMENT_3D('',#7892,#6569,#6570);
#6094=AXIS2_PLACEMENT_3D('',#7893,#6571,#6572);
#6095=AXIS2_PLACEMENT_3D('',#7894,#6573,#6574);
#6096=AXIS2_PLACEMENT_3D('',#7895,#6575,#6576);
#6097=AXIS2_PLACEMENT_3D('',#7896,#6577,#6578);
#6098=AXIS2_PLACEMENT_3D('',#7897,#6579,#6580);
#6099=AXIS2_PLACEMENT_3D('',#7898,#6581,#6582);
#6100=AXIS2_PLACEMENT_3D('',#7899,#6583,#6584);
#6101=AXIS2_PLACEMENT_3D('',#7900,#6585,#6586);
#6102=AXIS2_PLACEMENT_3D('',#7901,#6587,#6588);
#6103=AXIS2_PLACEMENT_3D('',#7914,#6595,#6596);
#6104=AXIS2_PLACEMENT_3D('',#7929,#6604,#6605);
#6105=AXIS2_PLACEMENT_3D('',#7952,#6617,#6618);
#6106=AXIS2_PLACEMENT_3D('',#8053,#6621,#6622);
#6107=AXIS2_PLACEMENT_3D('',#8074,#6633,#6634);
#6108=AXIS2_PLACEMENT_3D('',#8195,#6641,#6642);
#6109=AXIS2_PLACEMENT_3D('',#8220,#6655,#6656);
#6110=AXIS2_PLACEMENT_3D('',#8229,#6661,#6662);
#6111=AXIS2_PLACEMENT_3D('',#8235,#6666,#6667);
#6112=AXIS2_PLACEMENT_3D('',#8241,#6671,#6672);
#6113=AXIS2_PLACEMENT_3D('',#8244,#6675,#6676);
#6114=AXIS2_PLACEMENT_3D('',#8258,#6684,#6685);
#6115=AXIS2_PLACEMENT_3D('',#8262,#6688,#6689);
#6116=AXIS2_PLACEMENT_3D('',#8267,#6691,#6692);
#6117=AXIS2_PLACEMENT_3D('',#8271,#6694,#6695);
#6118=AXIS2_PLACEMENT_3D('',#8275,#6697,#6698);
#6119=AXIS2_PLACEMENT_3D('',#8279,#6700,#6701);
#6120=AXIS2_PLACEMENT_3D('',#8283,#6703,#6704);
#6121=AXIS2_PLACEMENT_3D('',#8286,#6706,#6707);
#6122=AXIS2_PLACEMENT_3D('',#8593,#6759,#6760);
#6123=AXIS2_PLACEMENT_3D('',#8684,#6771,#6772);
#6124=AXIS2_PLACEMENT_3D('',#8796,#6784,#6785);
#6125=AXIS2_PLACEMENT_3D('',#8798,#6787,#6788);
#6126=AXIS2_PLACEMENT_3D('',#8800,#6790,#6791);
#6127=AXIS2_PLACEMENT_3D('',#8802,#6793,#6794);
#6128=AXIS2_PLACEMENT_3D('',#8803,#6795,#6796);
#6129=AXIS2_PLACEMENT_3D('',#8806,#6799,#6800);
#6130=AXIS2_PLACEMENT_3D('',#8808,#6802,#6803);
#6131=AXIS2_PLACEMENT_3D('',#8810,#6805,#6806);
#6132=AXIS2_PLACEMENT_3D('',#8812,#6808,#6809);
#6133=AXIS2_PLACEMENT_3D('',#8814,#6811,#6812);
#6134=AXIS2_PLACEMENT_3D('',#8893,#6821,#6822);
#6135=AXIS2_PLACEMENT_3D('',#8983,#6832,#6833);
#6136=AXIS2_PLACEMENT_3D('',#8995,#6835,#6836);
#6137=AXIS2_PLACEMENT_3D('',#9001,#6840,#6841);
#6138=AXIS2_PLACEMENT_3D('',#9005,#6844,#6845);
#6139=AXIS2_PLACEMENT_3D('',#9007,#6847,#6848);
#6140=AXIS2_PLACEMENT_3D('',#9010,#6851,#6852);
#6141=AXIS2_PLACEMENT_3D('',#9012,#6854,#6855);
#6142=AXIS2_PLACEMENT_3D('',#9014,#6857,#6858);
#6143=AXIS2_PLACEMENT_3D('',#9016,#6860,#6861);
#6144=AXIS2_PLACEMENT_3D('',#9018,#6863,#6864);
#6145=AXIS2_PLACEMENT_3D('',#9020,#6866,#6867);
#6146=AXIS2_PLACEMENT_3D('',#9022,#6869,#6870);
#6147=AXIS2_PLACEMENT_3D('',#9023,#6871,#6872);
#6148=AXIS2_PLACEMENT_3D('',#9026,#6875,#6876);
#6149=AXIS2_PLACEMENT_3D('',#9028,#6878,#6879);
#6150=AXIS2_PLACEMENT_3D('',#9030,#6881,#6882);
#6151=AXIS2_PLACEMENT_3D('',#9032,#6884,#6885);
#6152=AXIS2_PLACEMENT_3D('',#9034,#6887,#6888);
#6153=AXIS2_PLACEMENT_3D('',#9036,#6890,#6891);
#6154=AXIS2_PLACEMENT_3D('',#9038,#6893,#6894);
#6155=AXIS2_PLACEMENT_3D('',#9040,#6896,#6897);
#6156=AXIS2_PLACEMENT_3D('',#9042,#6899,#6900);
#6157=AXIS2_PLACEMENT_3D('',#9043,#6901,#6902);
#6158=AXIS2_PLACEMENT_3D('',#9046,#6905,#6906);
#6159=AXIS2_PLACEMENT_3D('',#9048,#6908,#6909);
#6160=AXIS2_PLACEMENT_3D('',#9050,#6911,#6912);
#6161=AXIS2_PLACEMENT_3D('',#9052,#6914,#6915);
#6162=AXIS2_PLACEMENT_3D('',#9054,#6917,#6918);
#6163=AXIS2_PLACEMENT_3D('',#9056,#6920,#6921);
#6164=AXIS2_PLACEMENT_3D('',#9057,#6922,#6923);
#6165=AXIS2_PLACEMENT_3D('',#9060,#6926,#6927);
#6166=AXIS2_PLACEMENT_3D('',#9062,#6929,#6930);
#6167=AXIS2_PLACEMENT_3D('',#9064,#6932,#6933);
#6168=AXIS2_PLACEMENT_3D('',#9066,#6935,#6936);
#6169=AXIS2_PLACEMENT_3D('',#9068,#6938,#6939);
#6170=AXIS2_PLACEMENT_3D('',#9070,#6941,#6942);
#6171=AXIS2_PLACEMENT_3D('',#9072,#6944,#6945);
#6172=AXIS2_PLACEMENT_3D('',#9074,#6947,#6948);
#6173=AXIS2_PLACEMENT_3D('',#9076,#6950,#6951);
#6174=AXIS2_PLACEMENT_3D('',#9078,#6953,#6954);
#6175=AXIS2_PLACEMENT_3D('',#9080,#6956,#6957);
#6176=AXIS2_PLACEMENT_3D('',#9081,#6958,#6959);
#6177=AXIS2_PLACEMENT_3D('',#9087,#6963,#6964);
#6178=AXIS2_PLACEMENT_3D('',#9091,#6967,#6968);
#6179=AXIS2_PLACEMENT_3D('',#9097,#6972,#6973);
#6180=AXIS2_PLACEMENT_3D('',#9099,#6975,#6976);
#6181=AXIS2_PLACEMENT_3D('',#9105,#6980,#6981);
#6182=AXIS2_PLACEMENT_3D('',#9109,#6984,#6985);
#6183=AXIS2_PLACEMENT_3D('',#9113,#6988,#6989);
#6184=AXIS2_PLACEMENT_3D('',#9115,#6991,#6992);
#6185=AXIS2_PLACEMENT_3D('',#9124,#6997,#6998);
#6186=AXIS2_PLACEMENT_3D('',#9126,#6999,#7000);
#6187=AXIS2_PLACEMENT_3D('',#9129,#7002,#7003);
#6188=AXIS2_PLACEMENT_3D('',#9130,#7004,#7005);
#6189=AXIS2_PLACEMENT_3D('',#9142,#7012,#7013);
#6190=AXIS2_PLACEMENT_3D('',#9148,#7016,#7017);
#6191=AXIS2_PLACEMENT_3D('',#9150,#7019,#7020);
#6192=AXIS2_PLACEMENT_3D('',#9153,#7021,#7022);
#6193=AXIS2_PLACEMENT_3D('',#9161,#7026,#7027);
#6194=AXIS2_PLACEMENT_3D('',#9163,#7029,#7030);
#6195=AXIS2_PLACEMENT_3D('',#9169,#7034,#7035);
#6196=AXIS2_PLACEMENT_3D('',#9173,#7038,#7039);
#6197=AXIS2_PLACEMENT_3D('',#9176,#7041,#7042);
#6198=AXIS2_PLACEMENT_3D('',#9177,#7043,#7044);
#6199=AXIS2_PLACEMENT_3D('',#9180,#7047,#7048);
#6200=AXIS2_PLACEMENT_3D('',#9182,#7050,#7051);
#6201=AXIS2_PLACEMENT_3D('',#9185,#7052,#7053);
#6202=AXIS2_PLACEMENT_3D('',#9188,#7055,#7056);
#6203=AXIS2_PLACEMENT_3D('',#9192,#7058,#7059);
#6204=AXIS2_PLACEMENT_3D('',#9204,#7060,#7061);
#6205=AXIS2_PLACEMENT_3D('',#9207,#7062,#7063);
#6206=AXIS2_PLACEMENT_3D('',#9221,#7064,#7065);
#6207=AXIS2_PLACEMENT_3D('',#9225,#7067,#7068);
#6208=AXIS2_PLACEMENT_3D('',#9228,#7071,#7072);
#6209=AXIS2_PLACEMENT_3D('',#9230,#7073,#7074);
#6210=AXIS2_PLACEMENT_3D('',#9232,#7076,#7077);
#6211=AXIS2_PLACEMENT_3D('',#9235,#7078,#7079);
#6212=AXIS2_PLACEMENT_3D('',#9242,#7084,#7085);
#6213=AXIS2_PLACEMENT_3D('',#9244,#7087,#7088);
#6214=AXIS2_PLACEMENT_3D('',#9245,#7089,#7090);
#6215=AXIS2_PLACEMENT_3D('',#9246,#7091,#7092);
#6216=AXIS2_PLACEMENT_3D('',#9247,#7093,#7094);
#6217=AXIS2_PLACEMENT_3D('',#9255,#7099,#7100);
#6218=AXIS2_PLACEMENT_3D('',#9261,#7102,#7103);
#6219=AXIS2_PLACEMENT_3D('',#9265,#7104,#7105);
#6220=AXIS2_PLACEMENT_3D('',#9267,#7107,#7108);
#6221=AXIS2_PLACEMENT_3D('',#9274,#7113,#7114);
#6222=AXIS2_PLACEMENT_3D('',#9277,#7116,#7117);
#6223=AXIS2_PLACEMENT_3D('',#9278,#7118,#7119);
#6224=AXIS2_PLACEMENT_3D('',#9282,#7122,#7123);
#6225=AXIS2_PLACEMENT_3D('',#9285,#7125,#7126);
#6226=AXIS2_PLACEMENT_3D('',#9286,#7127,#7128);
#6227=AXIS2_PLACEMENT_3D('',#9288,#7129,#7130);
#6228=AXIS2_PLACEMENT_3D('',#9290,#7132,#7133);
#6229=AXIS2_PLACEMENT_3D('',#9292,#7135,#7136);
#6230=AXIS2_PLACEMENT_3D('',#9295,#7139,#7140);
#6231=AXIS2_PLACEMENT_3D('',#9297,#7142,#7143);
#6232=AXIS2_PLACEMENT_3D('',#9299,#7145,#7146);
#6233=AXIS2_PLACEMENT_3D('',#9300,#7147,#7148);
#6234=AXIS2_PLACEMENT_3D('',#9301,#7149,#7150);
#6235=AXIS2_PLACEMENT_3D('',#9303,#7152,#7153);
#6236=AXIS2_PLACEMENT_3D('',#9305,#7155,#7156);
#6237=AXIS2_PLACEMENT_3D('',#9307,#7158,#7159);
#6238=AXIS2_PLACEMENT_3D('',#9311,#7162,#7163);
#6239=AXIS2_PLACEMENT_3D('',#9314,#7164,#7165);
#6240=AXIS2_PLACEMENT_3D('',#9318,#7167,#7168);
#6241=AXIS2_PLACEMENT_3D('',#9320,#7170,#7171);
#6242=AXIS2_PLACEMENT_3D('',#9324,#7174,#7175);
#6243=AXIS2_PLACEMENT_3D('',#9328,#7177,#7178);
#6244=AXIS2_PLACEMENT_3D('',#9330,#7180,#7181);
#6245=AXIS2_PLACEMENT_3D('',#9334,#7184,#7185);
#6246=AXIS2_PLACEMENT_3D('',#9338,#7187,#7188);
#6247=AXIS2_PLACEMENT_3D('',#9342,#7190,#7191);
#6248=AXIS2_PLACEMENT_3D('',#9345,#7193,#7194);
#6249=AXIS2_PLACEMENT_3D('',#9346,#7195,#7196);
#6250=AXIS2_PLACEMENT_3D('',#9350,#7199,#7200);
#6251=AXIS2_PLACEMENT_3D('',#9351,#7201,#7202);
#6252=AXIS2_PLACEMENT_3D('',#9353,#7203,#7204);
#6253=AXIS2_PLACEMENT_3D('',#9355,#7206,#7207);
#6254=AXIS2_PLACEMENT_3D('',#9361,#7211,#7212);
#6255=AXIS2_PLACEMENT_3D('',#9362,#7213,#7214);
#6256=AXIS2_PLACEMENT_3D('',#9363,#7215,#7216);
#6257=AXIS2_PLACEMENT_3D('',#9369,#7220,#7221);
#6258=AXIS2_PLACEMENT_3D('',#9372,#7222,#7223);
#6259=AXIS2_PLACEMENT_3D('',#9376,#7225,#7226);
#6260=AXIS2_PLACEMENT_3D('',#9378,#7228,#7229);
#6261=AXIS2_PLACEMENT_3D('',#9384,#7233,#7234);
#6262=AXIS2_PLACEMENT_3D('',#9386,#7235,#7236);
#6263=AXIS2_PLACEMENT_3D('',#9388,#7238,#7239);
#6264=AXIS2_PLACEMENT_3D('',#9392,#7242,#7243);
#6265=AXIS2_PLACEMENT_3D('',#9393,#7244,#7245);
#6266=AXIS2_PLACEMENT_3D('',#9394,#7246,#7247);
#6267=AXIS2_PLACEMENT_3D('',#9400,#7251,#7252);
#6268=AXIS2_PLACEMENT_3D('',#9406,#7256,#7257);
#6269=AXIS2_PLACEMENT_3D('',#9420,#7259,#7260);
#6270=AXIS2_PLACEMENT_3D('',#9428,#7265,#7266);
#6271=AXIS2_PLACEMENT_3D('',#9429,#7267,#7268);
#6272=AXIS2_PLACEMENT_3D('',#9439,#7270,#7271);
#6273=AXIS2_PLACEMENT_3D('',#9443,#7273,#7274);
#6274=AXIS2_PLACEMENT_3D('',#9448,#7278,#7279);
#6275=AXIS2_PLACEMENT_3D('',#9460,#7280,#7281);
#6276=AXIS2_PLACEMENT_3D('',#9465,#7285,#7286);
#6277=AXIS2_PLACEMENT_3D('',#9469,#7289,#7290);
#6278=AXIS2_PLACEMENT_3D('',#9471,#7292,#7293);
#6279=AXIS2_PLACEMENT_3D('',#9472,#7294,#7295);
#6280=AXIS2_PLACEMENT_3D('',#9473,#7296,#7297);
#6281=AXIS2_PLACEMENT_3D('',#9475,#7299,#7300);
#6282=AXIS2_PLACEMENT_3D('',#9478,#7302,#7303);
#6283=AXIS2_PLACEMENT_3D('',#9479,#7304,#7305);
#6284=AXIS2_PLACEMENT_3D('',#9481,#7307,#7308);
#6285=AXIS2_PLACEMENT_3D('',#9485,#7311,#7312);
#6286=AXIS2_PLACEMENT_3D('',#9488,#7314,#7315);
#6287=AXIS2_PLACEMENT_3D('',#9489,#7316,#7317);
#6288=AXIS2_PLACEMENT_3D('',#9491,#7319,#7320);
#6289=AXIS2_PLACEMENT_3D('',#9495,#7322,#7323);
#6290=AXIS2_PLACEMENT_3D('',#9497,#7325,#7326);
#6291=AXIS2_PLACEMENT_3D('',#9501,#7329,#7330);
#6292=AXIS2_PLACEMENT_3D('',#9503,#7332,#7333);
#6293=AXIS2_PLACEMENT_3D('',#9505,#7335,#7336);
#6294=AXIS2_PLACEMENT_3D('',#9506,#7337,#7338);
#6295=AXIS2_PLACEMENT_3D('',#9508,#7339,#7340);
#6296=AXIS2_PLACEMENT_3D('',#9510,#7342,#7343);
#6297=AXIS2_PLACEMENT_3D('',#9512,#7345,#7346);
#6298=AXIS2_PLACEMENT_3D('',#9677,#7355,#7356);
#6299=AXIS2_PLACEMENT_3D('',#9867,#7368,#7369);
#6300=AXIS2_PLACEMENT_3D('',#9893,#7373,#7374);
#6301=AXIS2_PLACEMENT_3D('',#9894,#7375,#7376);
#6302=AXIS2_PLACEMENT_3D('',#9895,#7377,#7378);
#6303=AXIS2_PLACEMENT_3D('',#9904,#7383,#7384);
#6304=AXIS2_PLACEMENT_3D('',#9910,#7388,#7389);
#6305=AXIS2_PLACEMENT_3D('',#9913,#7392,#7393);
#6306=AXIS2_PLACEMENT_3D('',#9922,#7398,#7399);
#6307=AXIS2_PLACEMENT_3D('',#9928,#7403,#7404);
#6308=AXIS2_PLACEMENT_3D('',#9934,#7408,#7409);
#6309=AXIS2_PLACEMENT_3D('',#9940,#7413,#7414);
#6310=AXIS2_PLACEMENT_3D('',#9946,#7418,#7419);
#6311=AXIS2_PLACEMENT_3D('',#9952,#7423,#7424);
#6312=AXIS2_PLACEMENT_3D('',#9958,#7428,#7429);
#6313=AXIS2_PLACEMENT_3D('',#9961,#7432,#7433);
#6314=AXIS2_PLACEMENT_3D('',#9962,#7434,#7435);
#6315=AXIS2_PLACEMENT_3D('',#9963,#7436,#7437);
#6316=AXIS2_PLACEMENT_3D('',#9972,#7442,#7443);
#6317=AXIS2_PLACEMENT_3D('',#9978,#7447,#7448);
#6318=AXIS2_PLACEMENT_3D('',#9984,#7452,#7453);
#6319=AXIS2_PLACEMENT_3D('',#9990,#7457,#7458);
#6320=AXIS2_PLACEMENT_3D('',#9996,#7462,#7463);
#6321=AXIS2_PLACEMENT_3D('',#10002,#7467,#7468);
#6322=AXIS2_PLACEMENT_3D('',#10008,#7472,#7473);
#6323=AXIS2_PLACEMENT_3D('',#10014,#7477,#7478);
#6324=AXIS2_PLACEMENT_3D('',#10020,#7482,#7483);
#6325=AXIS2_PLACEMENT_3D('',#10023,#7486,#7487);
#6326=AXIS2_PLACEMENT_3D('',#10024,#7488,#7489);
#6327=AXIS2_PLACEMENT_3D('',#10025,#7490,#7491);
#6328=AXIS2_PLACEMENT_3D('',#10034,#7496,#7497);
#6329=AXIS2_PLACEMENT_3D('',#10040,#7501,#7502);
#6330=AXIS2_PLACEMENT_3D('',#10046,#7506,#7507);
#6331=AXIS2_PLACEMENT_3D('',#10052,#7511,#7512);
#6332=AXIS2_PLACEMENT_3D('',#10058,#7516,#7517);
#6333=AXIS2_PLACEMENT_3D('',#10061,#7520,#7521);
#6334=AXIS2_PLACEMENT_3D('',#10062,#7522,#7523);
#6335=AXIS2_PLACEMENT_3D('',#10063,#7524,#7525);
#6336=AXIS2_PLACEMENT_3D('',#10072,#7530,#7531);
#6337=AXIS2_PLACEMENT_3D('',#10078,#7535,#7536);
#6338=AXIS2_PLACEMENT_3D('',#10084,#7540,#7541);
#6339=AXIS2_PLACEMENT_3D('',#10090,#7545,#7546);
#6340=AXIS2_PLACEMENT_3D('',#10096,#7550,#7551);
#6341=AXIS2_PLACEMENT_3D('',#10102,#7555,#7556);
#6342=AXIS2_PLACEMENT_3D('',#10105,#7559,#7560);
#6343=AXIS2_PLACEMENT_3D('',#10106,#7561,#7562);
#6344=AXIS2_PLACEMENT_3D('',#10107,#7563,#7564);
#6345=AXIS2_PLACEMENT_3D('',#10116,#7569,#7570);
#6346=AXIS2_PLACEMENT_3D('',#10122,#7574,#7575);
#6347=AXIS2_PLACEMENT_3D('',#10358,#7589,#7590);
#6348=AXIS2_PLACEMENT_3D('',#10548,#7602,#7603);
#6349=AXIS2_PLACEMENT_3D('',#10554,#7607,#7608);
#6350=AXIS2_PLACEMENT_3D('',#10557,#7611,#7612);
#6351=AXIS2_PLACEMENT_3D('',#10558,#7613,#7614);
#6352=AXIS2_PLACEMENT_3D('',#10559,#7615,#7616);
#6353=AXIS2_PLACEMENT_3D('',#10568,#7621,#7622);
#6354=AXIS2_PLACEMENT_3D('',#10574,#7626,#7627);
#6355=AXIS2_PLACEMENT_3D('',#10580,#7631,#7632);
#6356=AXIS2_PLACEMENT_3D('',#10586,#7636,#7637);
#6357=AXIS2_PLACEMENT_3D('',#10592,#7641,#7642);
#6358=AXIS2_PLACEMENT_3D('',#10598,#7646,#7647);
#6359=AXIS2_PLACEMENT_3D('',#10604,#7651,#7652);
#6360=AXIS2_PLACEMENT_3D('',#10610,#7656,#7657);
#6361=AXIS2_PLACEMENT_3D('',#10616,#7661,#7662);
#6362=AXIS2_PLACEMENT_3D('',#10622,#7666,#7667);
#6363=AXIS2_PLACEMENT_3D('',#10628,#7671,#7672);
#6364=AXIS2_PLACEMENT_3D('',#10631,#7675,#7676);
#6365=AXIS2_PLACEMENT_3D('',#10632,#7677,#7678);
#6366=AXIS2_PLACEMENT_3D('',#10633,#7679,#7680);
#6367=DIRECTION('axis',(0.,0.,1.));
#6368=DIRECTION('refdir',(1.,0.,0.));
#6369=DIRECTION('axis',(0.,0.,1.));
#6370=DIRECTION('refdir',(1.,0.,0.));
#6371=DIRECTION('center_axis',(0.,0.,1.));
#6372=DIRECTION('ref_axis',(0.866025403784426,0.500000000000022,0.));
#6373=DIRECTION('center_axis',(0.,0.,-1.));
#6374=DIRECTION('ref_axis',(0.866025403784426,0.500000000000022,0.));
#6375=DIRECTION('',(0.,0.,-1.));
#6376=DIRECTION('center_axis',(0.,0.,1.));
#6377=DIRECTION('ref_axis',(0.866025403784426,0.500000000000022,0.));
#6378=DIRECTION('',(0.,0.,1.));
#6379=DIRECTION('center_axis',(0.499999999999975,0.866025403784453,0.));
#6380=DIRECTION('ref_axis',(-0.866025403784453,0.499999999999975,0.));
#6381=DIRECTION('',(0.866025403784453,-0.499999999999975,0.));
#6382=DIRECTION('',(0.,0.,-1.));
#6383=DIRECTION('',(-0.866025403784453,0.499999999999975,0.));
#6384=DIRECTION('center_axis',(0.,0.,-1.));
#6385=DIRECTION('ref_axis',(-1.,0.,0.));
#6386=DIRECTION('',(-2.82034527336256E-14,1.,0.));
#6387=DIRECTION('center_axis',(0.,0.,1.));
#6388=DIRECTION('ref_axis',(0.866025403784454,-0.499999999999973,0.));
#6389=DIRECTION('',(-0.866025403784425,-0.500000000000024,0.));
#6390=DIRECTION('center_axis',(0.,0.,1.));
#6391=DIRECTION('ref_axis',(2.73488026507884E-14,-1.,0.));
#6392=DIRECTION('',(-0.866025403784453,0.499999999999976,0.));
#6393=DIRECTION('center_axis',(0.,0.,1.));
#6394=DIRECTION('ref_axis',(-0.866025403784424,-0.500000000000025,0.));
#6395=DIRECTION('',(2.82034527336256E-14,-1.,0.));
#6396=DIRECTION('center_axis',(0.,0.,1.));
#6397=DIRECTION('ref_axis',(-0.866025403784452,0.499999999999976,0.));
#6398=DIRECTION('',(0.866025403784425,0.500000000000024,0.));
#6399=DIRECTION('center_axis',(0.,0.,1.));
#6400=DIRECTION('ref_axis',(-2.73488026507885E-14,1.,0.));
#6401=DIRECTION('',(0.866025403784421,-0.50000000000003,0.));
#6402=DIRECTION('center_axis',(0.,0.,-1.));
#6403=DIRECTION('ref_axis',(3.41860033134856E-14,1.,0.));
#6404=DIRECTION('',(0.866025403784455,0.499999999999971,0.));
#6405=DIRECTION('center_axis',(0.,0.,-1.));
#6406=DIRECTION('ref_axis',(-0.866025403784438,0.500000000000001,0.));
#6407=DIRECTION('',(-2.69214776093684E-14,1.,0.));
#6408=DIRECTION('center_axis',(0.,0.,-1.));
#6409=DIRECTION('ref_axis',(-0.866025403784441,-0.499999999999996,0.));
#6410=DIRECTION('',(-0.866025403784421,0.50000000000003,0.));
#6411=DIRECTION('center_axis',(0.,0.,-1.));
#6412=DIRECTION('ref_axis',(-3.41860033134855E-14,-1.,0.));
#6413=DIRECTION('',(-0.866025403784456,-0.49999999999997,0.));
#6414=DIRECTION('center_axis',(0.,0.,-1.));
#6415=DIRECTION('ref_axis',(0.866025403784437,-0.500000000000002,0.));
#6416=DIRECTION('',(2.69214776093685E-14,-1.,0.));
#6417=DIRECTION('center_axis',(0.,0.,-1.));
#6418=DIRECTION('ref_axis',(0.86602540378444,0.499999999999997,0.));
#6419=DIRECTION('center_axis',(0.,0.,1.));
#6420=DIRECTION('ref_axis',(0.866025403784454,-0.499999999999973,0.));
#6421=DIRECTION('center_axis',(0.,0.,-1.));
#6422=DIRECTION('ref_axis',(0.866025403784454,-0.499999999999973,0.));
#6423=DIRECTION('',(0.,0.,-1.));
#6424=DIRECTION('',(0.,0.,1.));
#6425=DIRECTION('center_axis',(0.500000000000024,-0.866025403784425,0.));
#6426=DIRECTION('ref_axis',(0.866025403784425,0.500000000000024,0.));
#6427=DIRECTION('',(0.866025403784425,0.500000000000024,0.));
#6428=DIRECTION('',(0.,0.,1.));
#6429=DIRECTION('center_axis',(1.,2.82034527336256E-14,0.));
#6430=DIRECTION('ref_axis',(-2.82034527336256E-14,1.,0.));
#6431=DIRECTION('',(-2.82034527336256E-14,1.,0.));
#6432=DIRECTION('center_axis',(0.,0.,1.));
#6433=DIRECTION('ref_axis',(-0.866025403784424,-0.500000000000025,0.));
#6434=DIRECTION('center_axis',(0.,0.,-1.));
#6435=DIRECTION('ref_axis',(-0.866025403784424,-0.500000000000025,0.));
#6436=DIRECTION('',(0.,0.,-1.));
#6437=DIRECTION('',(0.,0.,1.));
#6438=DIRECTION('center_axis',(-0.499999999999976,-0.866025403784453,0.));
#6439=DIRECTION('ref_axis',(0.866025403784453,-0.499999999999976,0.));
#6440=DIRECTION('',(0.,0.,-1.));
#6441=DIRECTION('',(0.866025403784453,-0.499999999999976,0.));
#6442=DIRECTION('center_axis',(0.,0.,1.));
#6443=DIRECTION('ref_axis',(-0.866025403784452,0.499999999999976,0.));
#6444=DIRECTION('center_axis',(0.,0.,-1.));
#6445=DIRECTION('ref_axis',(-0.866025403784452,0.499999999999976,0.));
#6446=DIRECTION('',(0.,0.,-1.));
#6447=DIRECTION('',(0.,0.,1.));
#6448=DIRECTION('center_axis',(-0.500000000000025,0.866025403784424,0.));
#6449=DIRECTION('ref_axis',(-0.866025403784424,-0.500000000000025,0.));
#6450=DIRECTION('',(-0.866025403784425,-0.500000000000024,0.));
#6451=DIRECTION('',(0.,0.,1.));
#6452=DIRECTION('center_axis',(-1.,-2.82034527336256E-14,0.));
#6453=DIRECTION('ref_axis',(2.82034527336256E-14,-1.,0.));
#6454=DIRECTION('',(2.82034527336256E-14,-1.,0.));
#6455=DIRECTION('center_axis',(0.,0.,-1.));
#6456=DIRECTION('ref_axis',(0.866025403784437,-0.500000000000002,0.));
#6457=DIRECTION('center_axis',(0.,0.,1.));
#6458=DIRECTION('ref_axis',(0.866025403784437,-0.500000000000002,0.));
#6459=DIRECTION('',(0.,0.,-1.));
#6460=DIRECTION('',(0.,0.,1.));
#6461=DIRECTION('center_axis',(-1.,-2.69214776093685E-14,0.));
#6462=DIRECTION('ref_axis',(2.69214776093685E-14,-1.,0.));
#6463=DIRECTION('',(2.69214776093685E-14,-1.,0.));
#6464=DIRECTION('',(0.,0.,1.));
#6465=DIRECTION('center_axis',(0.,0.,1.));
#6466=DIRECTION('ref_axis',(0.86602540378444,0.499999999999997,0.));
#6467=DIRECTION('center_axis',(0.,0.,1.));
#6468=DIRECTION('ref_axis',(0.86602540378444,0.499999999999997,0.));
#6469=DIRECTION('',(0.,0.,-1.));
#6470=DIRECTION('center_axis',(-0.50000000000003,-0.866025403784421,0.));
#6471=DIRECTION('ref_axis',(0.866025403784421,-0.50000000000003,0.));
#6472=DIRECTION('',(0.866025403784421,-0.50000000000003,0.));
#6473=DIRECTION('',(-5.30287619362443E-17,3.06161699786857E-17,-1.));
#6474=DIRECTION('',(-0.866025403784456,0.49999999999997,6.12323426292587E-17));
#6475=DIRECTION('',(-5.30287619362443E-17,3.06161699786857E-17,-1.));
#6476=DIRECTION('',(0.866025403784421,-0.50000000000003,0.));
#6477=DIRECTION('',(0.,0.,1.));
#6478=DIRECTION('center_axis',(-0.49999999999997,0.866025403784456,0.));
#6479=DIRECTION('ref_axis',(-0.866025403784456,-0.49999999999997,0.));
#6480=DIRECTION('',(0.,0.,-1.));
#6481=DIRECTION('',(-0.866025403784456,-0.49999999999997,0.));
#6482=DIRECTION('',(0.,0.,1.));
#6483=DIRECTION('',(0.86602540378444,0.499999999999998,0.));
#6484=DIRECTION('',(0.,0.,1.));
#6485=DIRECTION('',(-0.866025403784456,-0.49999999999997,0.));
#6486=DIRECTION('center_axis',(0.,0.,-1.));
#6487=DIRECTION('ref_axis',(-1.,0.,0.));
#6488=DIRECTION('center_axis',(0.,0.,-1.));
#6489=DIRECTION('ref_axis',(-2.73488026507885E-14,1.,0.));
#6490=DIRECTION('center_axis',(0.,0.,-1.));
#6491=DIRECTION('ref_axis',(2.73488026507884E-14,-1.,0.));
#6492=DIRECTION('',(-0.5,0.866025403784439,0.));
#6493=DIRECTION('',(-0.86602540378444,-0.499999999999998,0.));
#6494=DIRECTION('',(-0.5,0.866025403784439,0.));
#6495=DIRECTION('center_axis',(0.,0.,1.));
#6496=DIRECTION('ref_axis',(-3.41860033134855E-14,-1.,0.));
#6497=DIRECTION('',(-0.866025403784421,0.50000000000003,0.));
#6498=DIRECTION('',(0.499999999999979,0.866025403784451,0.));
#6499=DIRECTION('',(-0.866025403784451,0.499999999999978,6.12323426292584E-17));
#6500=DIRECTION('',(0.499999999999979,0.866025403784451,0.));
#6501=DIRECTION('',(-0.866025403784421,0.50000000000003,0.));
#6502=DIRECTION('center_axis',(0.,0.,1.));
#6503=DIRECTION('ref_axis',(-0.866025403784441,-0.499999999999996,0.));
#6504=DIRECTION('',(-2.69214776093684E-14,1.,0.));
#6505=DIRECTION('center_axis',(0.,0.,1.));
#6506=DIRECTION('ref_axis',(-0.866025403784438,0.500000000000001,0.));
#6507=DIRECTION('',(0.866025403784455,0.499999999999971,0.));
#6508=DIRECTION('',(0.500000000000022,-0.866025403784426,0.));
#6509=DIRECTION('',(0.866025403784429,0.500000000000017,6.1232342629258E-17));
#6510=DIRECTION('',(0.500000000000022,-0.866025403784426,0.));
#6511=DIRECTION('',(0.866025403784455,0.499999999999971,0.));
#6512=DIRECTION('center_axis',(0.,0.,1.));
#6513=DIRECTION('ref_axis',(3.41860033134856E-14,1.,0.));
#6514=DIRECTION('',(0.499999999999969,0.866025403784457,0.));
#6515=DIRECTION('',(0.866025403784456,-0.49999999999997,-6.12323426292587E-17));
#6516=DIRECTION('',(0.499999999999969,0.866025403784457,0.));
#6517=DIRECTION('center_axis',(0.,0.,-1.));
#6518=DIRECTION('ref_axis',(-0.866025403784438,0.500000000000001,0.));
#6519=DIRECTION('',(0.,0.,-1.));
#6520=DIRECTION('',(0.,0.,1.));
#6521=DIRECTION('center_axis',(1.,2.69214776093684E-14,0.));
#6522=DIRECTION('ref_axis',(-2.69214776093684E-14,1.,0.));
#6523=DIRECTION('',(0.,0.,1.));
#6524=DIRECTION('center_axis',(0.,0.,1.));
#6525=DIRECTION('ref_axis',(-0.866025403784441,-0.499999999999996,0.));
#6526=DIRECTION('',(0.,0.,-1.));
#6527=DIRECTION('center_axis',(0.50000000000003,0.866025403784421,0.));
#6528=DIRECTION('ref_axis',(-0.866025403784421,0.50000000000003,0.));
#6529=DIRECTION('',(5.30287619362443E-17,-3.06161699786857E-17,1.));
#6530=DIRECTION('',(0.866025403784451,-0.499999999999978,-6.12323426292584E-17));
#6531=DIRECTION('',(5.30287619362443E-17,-3.06161699786857E-17,1.));
#6532=DIRECTION('',(0.,0.,1.));
#6533=DIRECTION('center_axis',(0.499999999999971,-0.866025403784455,0.));
#6534=DIRECTION('ref_axis',(0.866025403784455,0.499999999999971,0.));
#6535=DIRECTION('',(0.,0.,-1.));
#6536=DIRECTION('',(-5.30287619362464E-17,-3.06161699786821E-17,1.));
#6537=DIRECTION('',(-0.866025403784429,-0.500000000000017,-6.1232342629258E-17));
#6538=DIRECTION('',(-5.30287619362464E-17,-3.06161699786821E-17,1.));
#6539=DIRECTION('center_axis',(0.,0.,-1.));
#6540=DIRECTION('ref_axis',(-3.41860033134855E-14,-1.,0.));
#6541=DIRECTION('center_axis',(0.,0.,1.));
#6542=DIRECTION('ref_axis',(3.41860033134856E-14,1.,0.));
#6543=DIRECTION('center_axis',(-0.86602540378444,-0.499999999999998,0.));
#6544=DIRECTION('ref_axis',(0.,0.,1.));
#6545=DIRECTION('center_axis',(0.866025403784439,0.5,0.));
#6546=DIRECTION('ref_axis',(0.,0.,1.));
#6547=DIRECTION('center_axis',(0.866025403784439,0.5,0.));
#6548=DIRECTION('ref_axis',(0.,0.,1.));
#6549=DIRECTION('center_axis',(-0.866025403784439,-0.5,0.));
#6550=DIRECTION('ref_axis',(0.,0.,1.));
#6551=DIRECTION('center_axis',(-0.866025403784439,-0.5,0.));
#6552=DIRECTION('ref_axis',(0.,0.,1.));
#6553=DIRECTION('center_axis',(-0.866025403784456,0.49999999999997,6.12323426292587E-17));
#6554=DIRECTION('ref_axis',(-0.49997524915657,-0.865982534066156,-0.00994992076270928));
#6555=DIRECTION('center_axis',(0.866025403784457,-0.499999999999969,-6.12323399573677E-17));
#6556=DIRECTION('ref_axis',(-0.499975249156568,-0.865982534066157,-0.00994992076270929));
#6557=DIRECTION('center_axis',(0.866025403784457,-0.499999999999969,-6.12323399573677E-17));
#6558=DIRECTION('ref_axis',(-0.499975249156568,-0.865982534066157,-0.00994992076270929));
#6559=DIRECTION('center_axis',(-0.866025403784457,0.499999999999969,6.12323399573677E-17));
#6560=DIRECTION('ref_axis',(0.499999999999969,0.866025403784457,-4.06563838980051E-34));
#6561=DIRECTION('center_axis',(-0.866025403784457,0.499999999999969,6.12323399573677E-17));
#6562=DIRECTION('ref_axis',(0.499999999999969,0.866025403784457,-4.06563838980051E-34));
#6563=DIRECTION('center_axis',(-0.866025403784451,0.499999999999978,6.12323426292584E-17));
#6564=DIRECTION('ref_axis',(0.499975249156579,0.865982534066154,-0.0099499207624837));
#6565=DIRECTION('center_axis',(0.866025403784451,-0.499999999999979,-6.12323399573677E-17));
#6566=DIRECTION('ref_axis',(0.49997524915658,0.865982534066153,-0.0099499207624837));
#6567=DIRECTION('center_axis',(0.866025403784451,-0.499999999999979,-6.12323399573677E-17));
#6568=DIRECTION('ref_axis',(0.49997524915658,0.865982534066153,-0.0099499207624837));
#6569=DIRECTION('center_axis',(-0.866025403784451,0.499999999999979,6.12323399573677E-17));
#6570=DIRECTION('ref_axis',(-0.499999999999979,-0.866025403784451,-3.1026731216573E-33));
#6571=DIRECTION('center_axis',(-0.866025403784451,0.499999999999979,6.12323399573677E-17));
#6572=DIRECTION('ref_axis',(-0.499999999999979,-0.866025403784451,-3.1026731216573E-33));
#6573=DIRECTION('center_axis',(0.866025403784429,0.500000000000017,6.1232342629258E-17));
#6574=DIRECTION('ref_axis',(0.499975249156617,-0.865982534066129,-0.00994992076270218));
#6575=DIRECTION('center_axis',(-0.866025403784426,-0.500000000000022,-6.12323399573677E-17));
#6576=DIRECTION('ref_axis',(0.499975249156622,-0.865982534066126,-0.00994992076270219));
#6577=DIRECTION('center_axis',(-0.866025403784426,-0.500000000000022,-6.12323399573677E-17));
#6578=DIRECTION('ref_axis',(0.499975249156622,-0.865982534066126,-0.00994992076270219));
#6579=DIRECTION('center_axis',(0.866025403784426,0.500000000000022,6.12323399573677E-17));
#6580=DIRECTION('ref_axis',(-0.500000000000022,0.866025403784426,-3.97935643151954E-33));
#6581=DIRECTION('center_axis',(0.866025403784426,0.500000000000022,6.12323399573677E-17));
#6582=DIRECTION('ref_axis',(-0.500000000000022,0.866025403784426,-3.97935643151954E-33));
#6583=DIRECTION('center_axis',(0.,0.,1.));
#6584=DIRECTION('ref_axis',(-2.73488026507885E-14,1.,0.));
#6585=DIRECTION('center_axis',(0.,0.,1.));
#6586=DIRECTION('ref_axis',(2.73488026507884E-14,-1.,0.));
#6587=DIRECTION('center_axis',(0.,0.,-1.));
#6588=DIRECTION('ref_axis',(-1.,0.,0.));
#6589=DIRECTION('',(1.,0.,0.));
#6590=DIRECTION('',(0.,1.,0.));
#6591=DIRECTION('',(-1.,0.,0.));
#6592=DIRECTION('',(0.,1.,0.));
#6593=DIRECTION('',(-1.,0.,0.));
#6594=DIRECTION('',(0.,-1.,0.));
#6595=DIRECTION('center_axis',(0.,0.,-1.));
#6596=DIRECTION('ref_axis',(-1.,0.,0.));
#6597=DIRECTION('',(1.,0.,0.));
#6598=DIRECTION('',(0.337149849636023,0.941450996542256,0.));
#6599=DIRECTION('',(-1.,0.,0.));
#6600=DIRECTION('',(-0.314126910063514,-0.94938100063881,0.));
#6601=DIRECTION('',(-0.323543839192462,0.946213181117555,0.));
#6602=DIRECTION('',(-1.,0.,0.));
#6603=DIRECTION('',(0.33658049762887,-0.941654697124111,0.));
#6604=DIRECTION('center_axis',(0.,0.,-1.));
#6605=DIRECTION('ref_axis',(-1.,0.,0.));
#6606=DIRECTION('',(-0.371718171571787,0.928345625789947,0.));
#6607=DIRECTION('',(-1.,0.,0.));
#6608=DIRECTION('',(-0.362936982014948,-0.931813686895552,0.));
#6609=DIRECTION('',(1.,0.,0.));
#6610=DIRECTION('',(0.34151644842291,0.93987579788853,0.));
#6611=DIRECTION('',(1.,0.,0.));
#6612=DIRECTION('',(0.358791163854717,-0.933417859664029,0.));
#6613=DIRECTION('',(1.,0.,0.));
#6614=DIRECTION('',(-1.,0.,0.));
#6615=DIRECTION('',(0.3420204333633,0.939692515220793,0.));
#6616=DIRECTION('',(0.348099992678044,-0.937457409751262,0.));
#6617=DIRECTION('center_axis',(0.,0.,1.));
#6618=DIRECTION('ref_axis',(-1.,0.,0.));
#6619=DIRECTION('',(0.972627823527581,0.232368493776591,0.));
#6620=DIRECTION('',(-0.953230734570613,0.302243555216598,0.));
#6621=DIRECTION('center_axis',(0.,0.,-1.));
#6622=DIRECTION('ref_axis',(-1.,0.,0.));
#6623=DIRECTION('',(1.,0.,0.));
#6624=DIRECTION('',(0.,1.,0.));
#6625=DIRECTION('',(0.525833812768515,-0.850587327291752,0.));
#6626=DIRECTION('',(1.,0.,0.));
#6627=DIRECTION('',(0.,1.,0.));
#6628=DIRECTION('',(-1.,0.,0.));
#6629=DIRECTION('',(0.,-1.,0.));
#6630=DIRECTION('',(-0.522541620358049,0.852613778327318,0.));
#6631=DIRECTION('',(-1.,0.,0.));
#6632=DIRECTION('',(0.,-1.,0.));
#6633=DIRECTION('center_axis',(0.,0.,1.));
#6634=DIRECTION('ref_axis',(-1.,0.,0.));
#6635=DIRECTION('',(1.,0.,0.));
#6636=DIRECTION('',(0.,-1.,0.));
#6637=DIRECTION('',(0.982947810663389,0.183884750623997,0.));
#6638=DIRECTION('',(0.,1.,0.));
#6639=DIRECTION('',(-1.,0.,0.));
#6640=DIRECTION('',(0.,-1.,0.));
#6641=DIRECTION('center_axis',(0.,0.,-1.));
#6642=DIRECTION('ref_axis',(-1.,0.,0.));
#6643=DIRECTION('',(1.,0.,0.));
#6644=DIRECTION('',(0.,1.,0.));
#6645=DIRECTION('',(1.,0.,0.));
#6646=DIRECTION('',(0.,-1.,0.));
#6647=DIRECTION('',(1.,0.,0.));
#6648=DIRECTION('',(0.,1.,0.));
#6649=DIRECTION('',(-1.,0.,0.));
#6650=DIRECTION('',(0.,-1.,0.));
#6651=DIRECTION('',(-1.,0.,0.));
#6652=DIRECTION('',(0.,1.,0.));
#6653=DIRECTION('',(-1.,0.,0.));
#6654=DIRECTION('',(0.,-1.,0.));
#6655=DIRECTION('center_axis',(0.707106781186548,0.,0.707106781186548));
#6656=DIRECTION('ref_axis',(0.707106781186548,0.,-0.707106781186548));
#6657=DIRECTION('',(0.,-1.,0.));
#6658=DIRECTION('',(0.577350269189626,0.577350269189626,-0.577350269189626));
#6659=DIRECTION('',(0.,1.,0.));
#6660=DIRECTION('',(0.577350269189626,-0.577350269189625,-0.577350269189626));
#6661=DIRECTION('center_axis',(0.,0.707106781186548,0.707106781186548));
#6662=DIRECTION('ref_axis',(1.,0.,0.));
#6663=DIRECTION('',(1.,0.,0.));
#6664=DIRECTION('',(-0.577350269189626,0.577350269189626,-0.577350269189626));
#6665=DIRECTION('',(-1.,0.,0.));
#6666=DIRECTION('center_axis',(-0.707106781186548,0.,0.707106781186548));
#6667=DIRECTION('ref_axis',(0.707106781186548,0.,0.707106781186548));
#6668=DIRECTION('',(0.,1.,0.));
#6669=DIRECTION('',(-0.577350269189626,-0.577350269189626,-0.577350269189626));
#6670=DIRECTION('',(0.,-1.,0.));
#6671=DIRECTION('center_axis',(0.,-0.707106781186548,0.707106781186548));
#6672=DIRECTION('ref_axis',(1.,0.,0.));
#6673=DIRECTION('',(1.,0.,0.));
#6674=DIRECTION('',(-1.,0.,0.));
#6675=DIRECTION('center_axis',(0.,1.,0.));
#6676=DIRECTION('ref_axis',(1.,0.,0.));
#6677=DIRECTION('',(0.,0.,-1.));
#6678=DIRECTION('',(1.,0.,0.));
#6679=DIRECTION('',(0.,0.,-1.));
#6680=DIRECTION('',(1.,0.,0.));
#6681=DIRECTION('',(0.,0.,-1.));
#6682=DIRECTION('',(1.,0.,0.));
#6683=DIRECTION('',(0.,0.,-1.));
#6684=DIRECTION('center_axis',(-1.,0.,0.));
#6685=DIRECTION('ref_axis',(0.,1.,0.));
#6686=DIRECTION('',(0.,0.,-1.));
#6687=DIRECTION('',(0.,1.,0.));
#6688=DIRECTION('center_axis',(0.,0.,1.));
#6689=DIRECTION('ref_axis',(1.,0.,0.));
#6690=DIRECTION('',(-3.58953034791599E-14,-1.,0.));
#6691=DIRECTION('center_axis',(0.,0.,1.));
#6692=DIRECTION('ref_axis',(-0.866025403784456,-0.499999999999969,0.));
#6693=DIRECTION('',(0.866025403784421,-0.500000000000031,0.));
#6694=DIRECTION('center_axis',(0.,0.,1.));
#6695=DIRECTION('ref_axis',(-3.41860033134856E-14,-1.,0.));
#6696=DIRECTION('',(0.866025403784457,0.499999999999969,0.));
#6697=DIRECTION('center_axis',(0.,0.,1.));
#6698=DIRECTION('ref_axis',(0.866025403784421,-0.50000000000003,0.));
#6699=DIRECTION('',(3.58953034791599E-14,1.,0.));
#6700=DIRECTION('center_axis',(0.,0.,1.));
#6701=DIRECTION('ref_axis',(0.866025403784456,0.499999999999969,0.));
#6702=DIRECTION('',(-0.866025403784421,0.500000000000031,0.));
#6703=DIRECTION('center_axis',(0.,0.,1.));
#6704=DIRECTION('ref_axis',(3.41860033134856E-14,1.,0.));
#6705=DIRECTION('',(-0.866025403784456,-0.499999999999969,0.));
#6706=DIRECTION('center_axis',(0.,0.,1.));
#6707=DIRECTION('ref_axis',(-0.866025403784421,0.50000000000003,0.));
#6708=DIRECTION('',(0.,-1.,0.));
#6709=DIRECTION('',(1.,0.,0.));
#6710=DIRECTION('',(0.,-1.,0.));
#6711=DIRECTION('',(-1.,0.,0.));
#6712=DIRECTION('',(0.,1.,0.));
#6713=DIRECTION('',(0.982947810663389,0.183884750623997,0.));
#6714=DIRECTION('',(0.,1.,0.));
#6715=DIRECTION('',(1.,0.,0.));
#6716=DIRECTION('',(0.,-1.,0.));
#6717=DIRECTION('',(-1.,0.,0.));
#6718=DIRECTION('',(0.,1.,0.));
#6719=DIRECTION('',(-1.,0.,0.));
#6720=DIRECTION('',(-0.953230734570613,0.302243555216598,0.));
#6721=DIRECTION('',(0.972627823527581,0.232368493776591,0.));
#6722=DIRECTION('',(-1.,0.,0.));
#6723=DIRECTION('',(-0.371718171571787,0.928345625789947,0.));
#6724=DIRECTION('',(1.,0.,0.));
#6725=DIRECTION('',(0.358791163854716,-0.93341785966403,0.));
#6726=DIRECTION('',(1.,0.,0.));
#6727=DIRECTION('',(0.34151644842291,0.93987579788853,0.));
#6728=DIRECTION('',(1.,0.,0.));
#6729=DIRECTION('',(-0.362936982014948,-0.931813686895552,0.));
#6730=DIRECTION('',(0.,1.,0.));
#6731=DIRECTION('',(1.,0.,0.));
#6732=DIRECTION('',(0.,-1.,0.));
#6733=DIRECTION('',(-1.,0.,0.));
#6734=DIRECTION('',(-0.522541620358049,0.852613778327318,0.));
#6735=DIRECTION('',(0.,-1.,0.));
#6736=DIRECTION('',(-1.,0.,0.));
#6737=DIRECTION('',(0.,1.,0.));
#6738=DIRECTION('',(1.,0.,0.));
#6739=DIRECTION('',(0.525833812768515,-0.850587327291752,0.));
#6740=DIRECTION('',(0.337149849636023,0.941450996542256,0.));
#6741=DIRECTION('',(1.,0.,0.));
#6742=DIRECTION('',(0.33658049762887,-0.941654697124111,0.));
#6743=DIRECTION('',(-1.,0.,0.));
#6744=DIRECTION('',(-0.323543839192462,0.946213181117555,0.));
#6745=DIRECTION('',(-0.314126910063514,-0.94938100063881,0.));
#6746=DIRECTION('',(-1.,0.,0.));
#6747=DIRECTION('',(0.,1.,0.));
#6748=DIRECTION('',(1.,0.,0.));
#6749=DIRECTION('',(0.,-1.,0.));
#6750=DIRECTION('',(-1.,0.,0.));
#6751=DIRECTION('',(0.,1.,0.));
#6752=DIRECTION('',(-1.,0.,0.));
#6753=DIRECTION('',(0.,-1.,0.));
#6754=DIRECTION('',(-1.,0.,0.));
#6755=DIRECTION('',(0.,1.,0.));
#6756=DIRECTION('',(1.,0.,0.));
#6757=DIRECTION('',(0.,-1.,0.));
#6758=DIRECTION('',(1.,0.,0.));
#6759=DIRECTION('center_axis',(1.,0.,0.));
#6760=DIRECTION('ref_axis',(0.,-1.,0.));
#6761=DIRECTION('',(0.,0.,-1.));
#6762=DIRECTION('',(0.,0.,-1.));
#6763=DIRECTION('',(0.,0.,-1.));
#6764=DIRECTION('',(0.,0.,-1.));
#6765=DIRECTION('',(0.,0.,-1.));
#6766=DIRECTION('',(0.,0.,-1.));
#6767=DIRECTION('',(0.,0.,-1.));
#6768=DIRECTION('',(0.,0.,-1.));
#6769=DIRECTION('',(0.,0.,-1.));
#6770=DIRECTION('',(0.,0.,-1.));
#6771=DIRECTION('center_axis',(-0.183884750623997,0.982947810663389,0.));
#6772=DIRECTION('ref_axis',(0.982947810663389,0.183884750623997,0.));
#6773=DIRECTION('',(0.,0.,-1.));
#6774=DIRECTION('',(0.,0.,-1.));
#6775=DIRECTION('',(0.,0.,-1.));
#6776=DIRECTION('',(0.,0.,-1.));
#6777=DIRECTION('',(0.,0.,-1.));
#6778=DIRECTION('',(0.,0.,-1.));
#6779=DIRECTION('',(0.,0.,-1.));
#6780=DIRECTION('',(0.,0.,-1.));
#6781=DIRECTION('',(0.,0.,-1.));
#6782=DIRECTION('',(0.,0.,-1.));
#6783=DIRECTION('',(0.,0.,-1.));
#6784=DIRECTION('center_axis',(-1.,0.,0.));
#6785=DIRECTION('ref_axis',(0.,1.,0.));
#6786=DIRECTION('',(0.,0.,-1.));
#6787=DIRECTION('center_axis',(0.,-1.,0.));
#6788=DIRECTION('ref_axis',(-1.,0.,0.));
#6789=DIRECTION('',(0.,0.,-1.));
#6790=DIRECTION('center_axis',(1.,0.,0.));
#6791=DIRECTION('ref_axis',(0.,-1.,0.));
#6792=DIRECTION('',(0.,0.,-1.));
#6793=DIRECTION('center_axis',(0.,1.,0.));
#6794=DIRECTION('ref_axis',(1.,0.,0.));
#6795=DIRECTION('center_axis',(-1.,0.,0.));
#6796=DIRECTION('ref_axis',(0.,1.,0.));
#6797=DIRECTION('',(0.,0.,-1.));
#6798=DIRECTION('',(0.,0.,-1.));
#6799=DIRECTION('center_axis',(0.,-1.,0.));
#6800=DIRECTION('ref_axis',(-1.,0.,0.));
#6801=DIRECTION('',(0.,0.,-1.));
#6802=DIRECTION('center_axis',(-1.,0.,0.));
#6803=DIRECTION('ref_axis',(0.,1.,0.));
#6804=DIRECTION('',(0.,0.,-1.));
#6805=DIRECTION('center_axis',(0.,-1.,0.));
#6806=DIRECTION('ref_axis',(-1.,0.,0.));
#6807=DIRECTION('',(0.,0.,-1.));
#6808=DIRECTION('center_axis',(1.,0.,0.));
#6809=DIRECTION('ref_axis',(0.,-1.,0.));
#6810=DIRECTION('',(0.,0.,-1.));
#6811=DIRECTION('center_axis',(0.,1.,0.));
#6812=DIRECTION('ref_axis',(1.,0.,0.));
#6813=DIRECTION('',(0.,0.,-1.));
#6814=DIRECTION('',(0.,0.,-1.));
#6815=DIRECTION('',(0.,0.,-1.));
#6816=DIRECTION('',(0.,0.,-1.));
#6817=DIRECTION('',(0.,0.,-1.));
#6818=DIRECTION('',(0.,0.,-1.));
#6819=DIRECTION('',(0.,0.,-1.));
#6820=DIRECTION('',(0.,0.,-1.));
#6821=DIRECTION('center_axis',(-0.232368493776591,0.972627823527581,0.));
#6822=DIRECTION('ref_axis',(0.972627823527581,0.232368493776591,0.));
#6823=DIRECTION('',(0.,0.,-1.));
#6824=DIRECTION('',(0.,0.,-1.));
#6825=DIRECTION('',(0.,0.,-1.));
#6826=DIRECTION('',(0.,0.,-1.));
#6827=DIRECTION('',(0.,0.,-1.));
#6828=DIRECTION('',(0.,0.,-1.));
#6829=DIRECTION('',(0.,0.,-1.));
#6830=DIRECTION('',(0.,0.,-1.));
#6831=DIRECTION('',(0.,0.,-1.));
#6832=DIRECTION('center_axis',(-0.302243555216598,-0.953230734570613,0.));
#6833=DIRECTION('ref_axis',(-0.953230734570613,0.302243555216598,0.));
#6834=DIRECTION('',(0.,0.,-1.));
#6835=DIRECTION('center_axis',(-0.939692515220793,0.3420204333633,0.));
#6836=DIRECTION('ref_axis',(0.3420204333633,0.939692515220793,0.));
#6837=DIRECTION('',(0.3420204333633,0.939692515220793,0.));
#6838=DIRECTION('',(0.,0.,-1.));
#6839=DIRECTION('',(0.,0.,-1.));
#6840=DIRECTION('center_axis',(0.937457409751262,0.348099992678044,0.));
#6841=DIRECTION('ref_axis',(0.348099992678044,-0.937457409751262,0.));
#6842=DIRECTION('',(0.348099992678044,-0.937457409751262,0.));
#6843=DIRECTION('',(0.,0.,-1.));
#6844=DIRECTION('center_axis',(0.,-1.,0.));
#6845=DIRECTION('ref_axis',(-1.,0.,0.));
#6846=DIRECTION('',(-1.,0.,0.));
#6847=DIRECTION('center_axis',(0.,-1.,0.));
#6848=DIRECTION('ref_axis',(-1.,0.,0.));
#6849=DIRECTION('',(0.,0.,-1.));
#6850=DIRECTION('',(0.,0.,-1.));
#6851=DIRECTION('center_axis',(0.931813686895552,-0.362936982014948,0.));
#6852=DIRECTION('ref_axis',(-0.362936982014948,-0.931813686895552,0.));
#6853=DIRECTION('',(0.,0.,-1.));
#6854=DIRECTION('center_axis',(0.,1.,0.));
#6855=DIRECTION('ref_axis',(1.,0.,0.));
#6856=DIRECTION('',(0.,0.,-1.));
#6857=DIRECTION('center_axis',(-0.939875797888531,0.34151644842291,0.));
#6858=DIRECTION('ref_axis',(0.34151644842291,0.93987579788853,0.));
#6859=DIRECTION('',(0.,0.,-1.));
#6860=DIRECTION('center_axis',(0.,1.,0.));
#6861=DIRECTION('ref_axis',(1.,0.,0.));
#6862=DIRECTION('',(0.,0.,-1.));
#6863=DIRECTION('center_axis',(0.93341785966403,0.358791163854716,0.));
#6864=DIRECTION('ref_axis',(0.358791163854716,-0.93341785966403,0.));
#6865=DIRECTION('',(0.,0.,-1.));
#6866=DIRECTION('center_axis',(0.,1.,0.));
#6867=DIRECTION('ref_axis',(1.,0.,0.));
#6868=DIRECTION('',(0.,0.,-1.));
#6869=DIRECTION('center_axis',(-0.928345625789947,-0.371718171571787,0.));
#6870=DIRECTION('ref_axis',(-0.371718171571787,0.928345625789947,0.));
#6871=DIRECTION('center_axis',(-1.,0.,0.));
#6872=DIRECTION('ref_axis',(0.,1.,0.));
#6873=DIRECTION('',(0.,0.,-1.));
#6874=DIRECTION('',(0.,0.,-1.));
#6875=DIRECTION('center_axis',(0.850587327291752,0.525833812768516,0.));
#6876=DIRECTION('ref_axis',(0.525833812768516,-0.850587327291752,0.));
#6877=DIRECTION('',(0.,0.,-1.));
#6878=DIRECTION('center_axis',(0.,1.,0.));
#6879=DIRECTION('ref_axis',(1.,0.,0.));
#6880=DIRECTION('',(0.,0.,-1.));
#6881=DIRECTION('center_axis',(-1.,0.,0.));
#6882=DIRECTION('ref_axis',(0.,1.,0.));
#6883=DIRECTION('',(0.,0.,-1.));
#6884=DIRECTION('center_axis',(0.,-1.,0.));
#6885=DIRECTION('ref_axis',(-1.,0.,0.));
#6886=DIRECTION('',(0.,0.,-1.));
#6887=DIRECTION('center_axis',(1.,0.,0.));
#6888=DIRECTION('ref_axis',(0.,-1.,0.));
#6889=DIRECTION('',(0.,0.,-1.));
#6890=DIRECTION('center_axis',(-0.852613778327318,-0.522541620358049,0.));
#6891=DIRECTION('ref_axis',(-0.522541620358049,0.852613778327318,0.));
#6892=DIRECTION('',(0.,0.,-1.));
#6893=DIRECTION('center_axis',(0.,-1.,0.));
#6894=DIRECTION('ref_axis',(-1.,0.,0.));
#6895=DIRECTION('',(0.,0.,-1.));
#6896=DIRECTION('center_axis',(1.,0.,0.));
#6897=DIRECTION('ref_axis',(0.,-1.,0.));
#6898=DIRECTION('',(0.,0.,-1.));
#6899=DIRECTION('center_axis',(0.,1.,0.));
#6900=DIRECTION('ref_axis',(1.,0.,0.));
#6901=DIRECTION('center_axis',(-0.941450996542256,0.337149849636023,0.));
#6902=DIRECTION('ref_axis',(0.337149849636023,0.941450996542256,0.));
#6903=DIRECTION('',(0.,0.,-1.));
#6904=DIRECTION('',(0.,0.,-1.));
#6905=DIRECTION('center_axis',(0.,-1.,0.));
#6906=DIRECTION('ref_axis',(-1.,0.,0.));
#6907=DIRECTION('',(0.,0.,-1.));
#6908=DIRECTION('center_axis',(0.94938100063881,-0.314126910063514,0.));
#6909=DIRECTION('ref_axis',(-0.314126910063514,-0.94938100063881,0.));
#6910=DIRECTION('',(0.,0.,-1.));
#6911=DIRECTION('center_axis',(-0.946213181117555,-0.323543839192462,0.));
#6912=DIRECTION('ref_axis',(-0.323543839192462,0.946213181117555,0.));
#6913=DIRECTION('',(0.,0.,-1.));
#6914=DIRECTION('center_axis',(0.,-1.,0.));
#6915=DIRECTION('ref_axis',(-1.,0.,0.));
#6916=DIRECTION('',(0.,0.,-1.));
#6917=DIRECTION('center_axis',(0.941654697124112,0.33658049762887,0.));
#6918=DIRECTION('ref_axis',(0.33658049762887,-0.941654697124112,0.));
#6919=DIRECTION('',(0.,0.,-1.));
#6920=DIRECTION('center_axis',(0.,1.,0.));
#6921=DIRECTION('ref_axis',(1.,0.,0.));
#6922=DIRECTION('center_axis',(-1.,0.,0.));
#6923=DIRECTION('ref_axis',(0.,1.,0.));
#6924=DIRECTION('',(0.,0.,-1.));
#6925=DIRECTION('',(0.,0.,-1.));
#6926=DIRECTION('center_axis',(0.,1.,0.));
#6927=DIRECTION('ref_axis',(1.,0.,0.));
#6928=DIRECTION('',(0.,0.,-1.));
#6929=DIRECTION('center_axis',(1.,0.,0.));
#6930=DIRECTION('ref_axis',(0.,-1.,0.));
#6931=DIRECTION('',(0.,0.,-1.));
#6932=DIRECTION('center_axis',(0.,1.,0.));
#6933=DIRECTION('ref_axis',(1.,0.,0.));
#6934=DIRECTION('',(0.,0.,-1.));
#6935=DIRECTION('center_axis',(-1.,0.,0.));
#6936=DIRECTION('ref_axis',(0.,1.,0.));
#6937=DIRECTION('',(0.,0.,-1.));
#6938=DIRECTION('center_axis',(0.,-1.,0.));
#6939=DIRECTION('ref_axis',(-1.,0.,0.));
#6940=DIRECTION('',(0.,0.,-1.));
#6941=DIRECTION('center_axis',(1.,0.,0.));
#6942=DIRECTION('ref_axis',(0.,-1.,0.));
#6943=DIRECTION('',(0.,0.,-1.));
#6944=DIRECTION('center_axis',(0.,-1.,0.));
#6945=DIRECTION('ref_axis',(-1.,0.,0.));
#6946=DIRECTION('',(0.,0.,-1.));
#6947=DIRECTION('center_axis',(-1.,0.,0.));
#6948=DIRECTION('ref_axis',(0.,1.,0.));
#6949=DIRECTION('',(0.,0.,-1.));
#6950=DIRECTION('center_axis',(0.,-1.,0.));
#6951=DIRECTION('ref_axis',(-1.,0.,0.));
#6952=DIRECTION('',(0.,0.,-1.));
#6953=DIRECTION('center_axis',(1.,0.,0.));
#6954=DIRECTION('ref_axis',(0.,-1.,0.));
#6955=DIRECTION('',(0.,0.,-1.));
#6956=DIRECTION('center_axis',(0.,1.,0.));
#6957=DIRECTION('ref_axis',(1.,0.,0.));
#6958=DIRECTION('center_axis',(0.,0.,-1.));
#6959=DIRECTION('ref_axis',(-1.,0.,0.));
#6960=DIRECTION('',(0.,1.,0.));
#6961=DIRECTION('',(-1.,0.,0.));
#6962=DIRECTION('',(-2.22044604925032E-15,-1.,0.));
#6963=DIRECTION('center_axis',(0.,0.,-1.));
#6964=DIRECTION('ref_axis',(-1.,0.,0.));
#6965=DIRECTION('',(0.,-1.,0.));
#6966=DIRECTION('',(-1.,0.,0.));
#6967=DIRECTION('center_axis',(0.,0.,-1.));
#6968=DIRECTION('ref_axis',(-1.,0.,0.));
#6969=DIRECTION('',(-2.22044604925032E-15,-1.,0.));
#6970=DIRECTION('',(-1.,0.,0.));
#6971=DIRECTION('',(0.,-1.,0.));
#6972=DIRECTION('center_axis',(1.,0.,0.));
#6973=DIRECTION('ref_axis',(0.,-1.,0.));
#6974=DIRECTION('',(0.,0.,-1.));
#6975=DIRECTION('center_axis',(1.,0.,0.));
#6976=DIRECTION('ref_axis',(0.,-1.,0.));
#6977=DIRECTION('',(0.,0.,-1.));
#6978=DIRECTION('',(0.,1.,0.));
#6979=DIRECTION('',(0.,0.,-1.));
#6980=DIRECTION('center_axis',(0.,1.,0.));
#6981=DIRECTION('ref_axis',(1.,0.,0.));
#6982=DIRECTION('',(0.,0.,-1.));
#6983=DIRECTION('',(-1.,0.,0.));
#6984=DIRECTION('center_axis',(-1.,0.,0.));
#6985=DIRECTION('ref_axis',(0.,1.,0.));
#6986=DIRECTION('',(0.,0.,-1.));
#6987=DIRECTION('',(0.,-1.,0.));
#6988=DIRECTION('center_axis',(0.,-1.,0.));
#6989=DIRECTION('ref_axis',(-1.,0.,0.));
#6990=DIRECTION('',(1.,0.,0.));
#6991=DIRECTION('center_axis',(0.,0.,1.));
#6992=DIRECTION('ref_axis',(1.,0.,0.));
#6993=DIRECTION('',(-0.499999999999971,0.866025403784455,0.));
#6994=DIRECTION('',(-0.866025403784455,-0.499999999999971,0.));
#6995=DIRECTION('',(0.499999999999965,-0.866025403784459,0.));
#6996=DIRECTION('',(-0.866025403784456,-0.499999999999969,0.));
#6997=DIRECTION('center_axis',(0.499999999999971,-0.866025403784455,0.));
#6998=DIRECTION('ref_axis',(0.612372435695806,0.353553390593253,0.707106781186548));
#6999=DIRECTION('center_axis',(-0.499999999999972,0.866025403784455,0.));
#7000=DIRECTION('ref_axis',(0.612372435695805,0.353553390593254,0.707106781186548));
#7001=DIRECTION('',(0.499999999999971,-0.866025403784455,0.));
#7002=DIRECTION('center_axis',(0.499999999999971,-0.866025403784456,0.));
#7003=DIRECTION('ref_axis',(0.612372435695806,0.353553390593253,0.707106781186548));
#7004=DIRECTION('center_axis',(0.499999999999972,-0.866025403784455,0.));
#7005=DIRECTION('ref_axis',(0.866025403784455,0.499999999999972,0.));
#7006=DIRECTION('',(-0.866025403784455,-0.499999999999972,0.));
#7007=DIRECTION('',(0.,0.,-1.));
#7008=DIRECTION('',(-0.866025403784455,-0.499999999999972,0.));
#7009=DIRECTION('',(0.,0.,-1.));
#7010=DIRECTION('',(-0.866025403784455,-0.499999999999972,0.));
#7011=DIRECTION('',(0.,0.,-1.));
#7012=DIRECTION('center_axis',(-0.499999999999952,0.866025403784466,0.));
#7013=DIRECTION('ref_axis',(0.866025403784466,0.499999999999952,0.));
#7014=DIRECTION('',(0.866025403784474,0.499999999999939,0.));
#7015=DIRECTION('',(0.,0.,-1.));
#7016=DIRECTION('center_axis',(0.499999999999971,-0.866025403784456,0.));
#7017=DIRECTION('ref_axis',(-0.612372435695809,-0.353553390593254,0.707106781186545));
#7018=DIRECTION('',(0.,0.,1.));
#7019=DIRECTION('center_axis',(0.500000000000022,0.866025403784426,0.));
#7020=DIRECTION('ref_axis',(0.866025403784426,-0.500000000000022,0.));
#7021=DIRECTION('center_axis',(-0.50000000000003,-0.866025403784422,0.));
#7022=DIRECTION('ref_axis',(0.612372435695782,-0.353553390593294,0.707106781186548));
#7023=DIRECTION('',(0.,0.,-1.));
#7024=DIRECTION('',(0.866025403784426,-0.500000000000022,0.));
#7025=DIRECTION('',(0.,0.,-1.));
#7026=DIRECTION('center_axis',(-0.50000000000003,-0.866025403784422,0.));
#7027=DIRECTION('ref_axis',(-0.612372435695782,0.353553390593295,0.707106781186548));
#7028=DIRECTION('',(0.866025403784421,-0.50000000000003,0.));
#7029=DIRECTION('center_axis',(0.,0.,-1.));
#7030=DIRECTION('ref_axis',(-1.,0.,0.));
#7031=DIRECTION('',(-0.500000000000036,-0.866025403784418,0.));
#7032=DIRECTION('',(-0.866025403784422,0.500000000000028,0.));
#7033=DIRECTION('',(-0.500000000000038,-0.866025403784417,0.));
#7034=DIRECTION('center_axis',(-0.866025403784418,0.500000000000036,0.));
#7035=DIRECTION('ref_axis',(0.500000000000036,0.866025403784418,0.));
#7036=DIRECTION('',(-0.500000000000036,-0.866025403784418,0.));
#7037=DIRECTION('',(0.,0.,1.));
#7038=DIRECTION('center_axis',(-0.499999999999965,0.866025403784459,0.));
#7039=DIRECTION('ref_axis',(-0.612372435695811,-0.35355339059325,0.707106781186545));
#7040=DIRECTION('',(0.499999999999953,-0.866025403784466,0.));
#7041=DIRECTION('center_axis',(-0.499999999999972,0.866025403784455,0.));
#7042=DIRECTION('ref_axis',(-0.612372435695808,-0.353553390593255,0.707106781186545));
#7043=DIRECTION('center_axis',(0.866025403784459,0.499999999999965,0.));
#7044=DIRECTION('ref_axis',(0.499999999999965,-0.866025403784459,0.));
#7045=DIRECTION('',(-0.499999999999965,0.866025403784459,0.));
#7046=DIRECTION('',(0.,0.,1.));
#7047=DIRECTION('center_axis',(0.,0.,-1.));
#7048=DIRECTION('ref_axis',(-1.,0.,0.));
#7049=DIRECTION('',(-0.499999999999971,0.866025403784455,0.));
#7050=DIRECTION('center_axis',(0.,0.,1.));
#7051=DIRECTION('ref_axis',(-0.866025403784423,0.500000000000028,0.));
#7052=DIRECTION('center_axis',(0.353553390593252,-0.612372435695807,0.707106781186548));
#7053=DIRECTION('ref_axis',(-0.353553390593252,0.612372435695807,0.707106781186547));
#7054=DIRECTION('',(0.,0.,-1.));
#7055=DIRECTION('center_axis',(0.,0.,1.));
#7056=DIRECTION('ref_axis',(-0.866025403784423,0.500000000000028,0.));
#7057=DIRECTION('',(0.,0.,1.));
#7058=DIRECTION('center_axis',(0.70710678118655,-2.53818125028631E-14,0.707106781186545));
#7059=DIRECTION('ref_axis',(-0.707106781186545,2.53831614153881E-14,0.70710678118655));
#7060=DIRECTION('center_axis',(0.,0.,1.));
#7061=DIRECTION('ref_axis',(0.866025403784455,0.499999999999972,0.));
#7062=DIRECTION('center_axis',(-0.353553390593296,-0.612372435695782,0.707106781186547));
#7063=DIRECTION('ref_axis',(0.353553390593296,0.612372435695781,0.707106781186548));
#7064=DIRECTION('center_axis',(-0.70710678118655,2.53818125028631E-14,0.707106781186545));
#7065=DIRECTION('ref_axis',(0.707106781186545,-2.53831614153885E-14,0.70710678118655));
#7066=DIRECTION('',(0.,0.,-1.));
#7067=DIRECTION('center_axis',(0.,0.,1.));
#7068=DIRECTION('ref_axis',(0.866025403784455,0.499999999999972,0.));
#7069=DIRECTION('',(0.,0.,1.));
#7070=DIRECTION('',(0.,0.,1.));
#7071=DIRECTION('center_axis',(-0.500000000000028,-0.866025403784422,0.));
#7072=DIRECTION('ref_axis',(0.866025403784422,-0.500000000000028,0.));
#7073=DIRECTION('center_axis',(0.500000000000028,0.866025403784422,0.));
#7074=DIRECTION('ref_axis',(0.612372435695782,-0.353553390593293,0.707106781186548));
#7075=DIRECTION('',(0.866025403784422,-0.500000000000028,0.));
#7076=DIRECTION('center_axis',(-0.500000000000028,-0.866025403784422,0.));
#7077=DIRECTION('ref_axis',(0.866025403784422,-0.500000000000028,0.));
#7078=DIRECTION('center_axis',(0.500000000000028,0.866025403784422,0.));
#7079=DIRECTION('ref_axis',(-0.612372435695783,0.353553390593294,0.707106781186548));
#7080=DIRECTION('',(0.,0.,1.));
#7081=DIRECTION('',(0.866025403784422,-0.500000000000029,0.));
#7082=DIRECTION('',(0.,0.,-1.));
#7083=DIRECTION('',(0.866025403784422,-0.500000000000028,0.));
#7084=DIRECTION('center_axis',(-0.500000000000036,-0.866025403784418,0.));
#7085=DIRECTION('ref_axis',(0.612372435695779,-0.353553390593299,0.707106781186548));
#7086=DIRECTION('',(0.500000000000036,0.866025403784418,0.));
#7087=DIRECTION('center_axis',(0.,0.,1.));
#7088=DIRECTION('ref_axis',(-0.500000106067208,0.866025342546499,0.));
#7089=DIRECTION('center_axis',(0.,0.,-1.));
#7090=DIRECTION('ref_axis',(-0.500000106067208,0.866025342546499,0.));
#7091=DIRECTION('center_axis',(0.,0.,-1.));
#7092=DIRECTION('ref_axis',(-0.500000106067208,0.866025342546499,0.));
#7093=DIRECTION('center_axis',(0.,0.,-1.));
#7094=DIRECTION('ref_axis',(-1.,0.,0.));
#7095=DIRECTION('',(-0.866025403784455,-0.499999999999972,0.));
#7096=DIRECTION('',(-0.866025403784422,0.500000000000028,0.));
#7097=DIRECTION('',(0.866025403784422,-0.500000000000028,0.));
#7098=DIRECTION('',(0.866025403784455,0.499999999999972,0.));
#7099=DIRECTION('center_axis',(-0.500000000000028,-0.866025403784422,0.));
#7100=DIRECTION('ref_axis',(0.866025403784422,-0.500000000000028,0.));
#7101=DIRECTION('',(0.,0.,1.));
#7102=DIRECTION('center_axis',(0.499999999999972,-0.866025403784455,0.));
#7103=DIRECTION('ref_axis',(0.866025403784455,0.499999999999972,0.));
#7104=DIRECTION('center_axis',(0.499999999999972,-0.866025403784455,0.));
#7105=DIRECTION('ref_axis',(0.866025403784455,0.499999999999972,0.));
#7106=DIRECTION('',(-0.866025403784455,-0.499999999999972,0.));
#7107=DIRECTION('center_axis',(0.353553390593296,0.612372435695782,-0.707106781186547));
#7108=DIRECTION('ref_axis',(-0.894427190999904,-5.87470753524893E-16,-0.447213595499981));
#7109=DIRECTION('',(0.353553390593299,0.612372435695778,0.707106781186549));
#7110=DIRECTION('',(0.866025403784421,-0.500000000000031,0.));
#7111=DIRECTION('',(0.353553390593296,0.612372435695781,0.707106781186548));
#7112=DIRECTION('',(-0.866025403784421,0.500000000000031,0.));
#7113=DIRECTION('center_axis',(0.,0.,1.));
#7114=DIRECTION('ref_axis',(3.41860033134856E-14,1.,0.));
#7115=DIRECTION('',(-0.353553390593206,0.612372435695731,0.707106781186636));
#7116=DIRECTION('center_axis',(0.,0.,-1.));
#7117=DIRECTION('ref_axis',(3.41860033134856E-14,1.,0.));
#7118=DIRECTION('center_axis',(-0.353553390593252,0.612372435695807,-0.707106781186548));
#7119=DIRECTION('ref_axis',(-0.894427190999927,3.46984967301203E-16,0.447213595499936));
#7120=DIRECTION('',(-0.353553390593256,0.612372435695805,0.707106781186547));
#7121=DIRECTION('',(0.866025403784456,0.499999999999969,0.));
#7122=DIRECTION('center_axis',(0.,0.,1.));
#7123=DIRECTION('ref_axis',(-0.866025403784421,0.50000000000003,0.));
#7124=DIRECTION('',(-0.707106781186635,2.8785028409199E-14,0.707106781186461));
#7125=DIRECTION('center_axis',(0.,0.,-1.));
#7126=DIRECTION('ref_axis',(-0.866025403784421,0.50000000000003,0.));
#7127=DIRECTION('center_axis',(0.,0.,1.));
#7128=DIRECTION('ref_axis',(0.866025403784456,0.499999999999969,0.));
#7129=DIRECTION('center_axis',(0.,0.,-1.));
#7130=DIRECTION('ref_axis',(0.866025403784456,0.499999999999969,0.));
#7131=DIRECTION('',(0.70710678118654,-2.61682076447299E-14,0.707106781186555));
#7132=DIRECTION('center_axis',(0.,0.,1.));
#7133=DIRECTION('ref_axis',(1.,0.,0.));
#7134=DIRECTION('',(-0.500000000000038,-0.866025403784417,0.));
#7135=DIRECTION('center_axis',(0.,0.,1.));
#7136=DIRECTION('ref_axis',(0.866025403784456,0.499999999999969,0.));
#7137=DIRECTION('',(0.,0.,1.));
#7138=DIRECTION('',(0.,0.,-1.));
#7139=DIRECTION('center_axis',(0.500000000000031,0.866025403784421,0.));
#7140=DIRECTION('ref_axis',(-0.866025403784421,0.500000000000031,0.));
#7141=DIRECTION('',(0.,0.,-1.));
#7142=DIRECTION('center_axis',(0.866025403784417,-0.500000000000038,0.));
#7143=DIRECTION('ref_axis',(-0.500000000000038,-0.866025403784417,0.));
#7144=DIRECTION('',(0.500000000000038,0.866025403784417,0.));
#7145=DIRECTION('center_axis',(0.500000000000038,0.866025403784417,0.));
#7146=DIRECTION('ref_axis',(-0.612372435695779,0.3535533905933,0.707106781186548));
#7147=DIRECTION('center_axis',(-0.866025403784455,-0.499999999999971,0.));
#7148=DIRECTION('ref_axis',(-0.499999999999971,0.866025403784455,0.));
#7149=DIRECTION('center_axis',(0.,0.,1.));
#7150=DIRECTION('ref_axis',(3.41860033134856E-14,1.,0.));
#7151=DIRECTION('',(0.,0.,1.));
#7152=DIRECTION('center_axis',(-0.499999999999969,0.866025403784457,0.));
#7153=DIRECTION('ref_axis',(-0.866025403784457,-0.499999999999969,0.));
#7154=DIRECTION('',(0.,0.,-1.));
#7155=DIRECTION('center_axis',(0.,0.,1.));
#7156=DIRECTION('ref_axis',(-0.866025403784421,0.50000000000003,0.));
#7157=DIRECTION('',(0.,0.,1.));
#7158=DIRECTION('center_axis',(-1.,3.58953034791599E-14,0.));
#7159=DIRECTION('ref_axis',(-3.58953034791599E-14,-1.,0.));
#7160=DIRECTION('',(3.58953034791599E-14,1.,0.));
#7161=DIRECTION('',(0.,0.,-1.));
#7162=DIRECTION('center_axis',(-0.49999999999997,0.866025403784456,0.));
#7163=DIRECTION('ref_axis',(-0.612372435695805,-0.353553390593252,0.707106781186549));
#7164=DIRECTION('center_axis',(0.499999999999972,-0.866025403784455,0.));
#7165=DIRECTION('ref_axis',(-0.612372435695805,-0.353553390593253,0.707106781186549));
#7166=DIRECTION('',(-0.49999999999997,0.866025403784456,0.));
#7167=DIRECTION('center_axis',(-0.49999999999997,0.866025403784456,0.));
#7168=DIRECTION('ref_axis',(-0.612372435695805,-0.353553390593252,0.707106781186549));
#7169=DIRECTION('',(0.49999999999997,-0.866025403784456,0.));
#7170=DIRECTION('center_axis',(1.,-3.58953034791599E-14,0.));
#7171=DIRECTION('ref_axis',(3.58953034791599E-14,1.,0.));
#7172=DIRECTION('',(0.,0.,1.));
#7173=DIRECTION('',(-3.58953034791599E-14,-1.,0.));
#7174=DIRECTION('center_axis',(0.70710678118655,-2.53818125028631E-14,-0.707106781186545));
#7175=DIRECTION('ref_axis',(-0.707106781186545,1.2706778533179E-30,-0.70710678118655));
#7176=DIRECTION('',(0.707106781186545,-2.55140024536116E-14,0.70710678118655));
#7177=DIRECTION('center_axis',(-0.70710678118655,2.53818125028631E-14,0.707106781186545));
#7178=DIRECTION('ref_axis',(0.707106781186545,-2.53831614153881E-14,0.70710678118655));
#7179=DIRECTION('',(-3.2761586508757E-14,-1.,3.13371697040289E-15));
#7180=DIRECTION('center_axis',(-1.,3.2761586508757E-14,0.));
#7181=DIRECTION('ref_axis',(-3.2761586508757E-14,-1.,0.));
#7182=DIRECTION('',(-3.2761586508757E-14,-1.,0.));
#7183=DIRECTION('',(0.,0.,1.));
#7184=DIRECTION('center_axis',(0.,0.,-1.));
#7185=DIRECTION('ref_axis',(-1.,0.,0.));
#7186=DIRECTION('',(3.2761586508757E-14,1.,0.));
#7187=DIRECTION('center_axis',(0.,0.,1.));
#7188=DIRECTION('ref_axis',(0.866025403784423,-0.500000000000028,0.));
#7189=DIRECTION('',(0.866025403784455,0.499999999999972,0.));
#7190=DIRECTION('center_axis',(0.,0.,-1.));
#7191=DIRECTION('ref_axis',(0.500000106067205,-0.866025342546501,0.));
#7192=DIRECTION('',(-0.866025403784422,0.500000000000028,0.));
#7193=DIRECTION('center_axis',(0.,0.,1.));
#7194=DIRECTION('ref_axis',(-0.866025403784455,-0.499999999999972,0.));
#7195=DIRECTION('center_axis',(1.,-3.2761586508757E-14,0.));
#7196=DIRECTION('ref_axis',(3.2761586508757E-14,1.,0.));
#7197=DIRECTION('',(3.2761586508757E-14,1.,3.13371697040289E-15));
#7198=DIRECTION('',(0.,0.,-1.));
#7199=DIRECTION('center_axis',(0.,0.,1.));
#7200=DIRECTION('ref_axis',(1.,0.,0.));
#7201=DIRECTION('center_axis',(-0.70710678118655,2.53818125028631E-14,-0.707106781186545));
#7202=DIRECTION('ref_axis',(-0.707106781186545,1.2706778533179E-30,0.70710678118655));
#7203=DIRECTION('center_axis',(0.70710678118655,-2.53818125028631E-14,0.707106781186545));
#7204=DIRECTION('ref_axis',(-0.707106781186545,2.54485819345001E-14,0.70710678118655));
#7205=DIRECTION('',(-0.70710678118654,2.61682076447299E-14,0.707106781186555));
#7206=DIRECTION('center_axis',(-0.500000000000031,-0.866025403784421,0.));
#7207=DIRECTION('ref_axis',(0.866025403784421,-0.500000000000031,0.));
#7208=DIRECTION('',(-0.866025403784421,0.500000000000031,0.));
#7209=DIRECTION('',(0.,0.,-1.));
#7210=DIRECTION('',(0.,0.,1.));
#7211=DIRECTION('center_axis',(0.,0.,1.));
#7212=DIRECTION('ref_axis',(-0.866025403784456,-0.499999999999969,0.));
#7213=DIRECTION('center_axis',(0.,0.,-1.));
#7214=DIRECTION('ref_axis',(-0.866025403784456,-0.499999999999969,0.));
#7215=DIRECTION('center_axis',(0.866025403784456,0.49999999999997,0.));
#7216=DIRECTION('ref_axis',(0.49999999999997,-0.866025403784456,0.));
#7217=DIRECTION('',(0.,0.,-1.));
#7218=DIRECTION('',(0.49999999999997,-0.866025403784456,0.));
#7219=DIRECTION('',(0.,0.,-1.));
#7220=DIRECTION('center_axis',(-0.500000000000026,-0.866025403784424,0.));
#7221=DIRECTION('ref_axis',(0.612372435695786,-0.353553390593293,0.707106781186545));
#7222=DIRECTION('center_axis',(0.500000000000029,0.866025403784422,0.));
#7223=DIRECTION('ref_axis',(0.612372435695785,-0.353553390593296,0.707106781186545));
#7224=DIRECTION('',(-0.500000000000026,-0.866025403784424,0.));
#7225=DIRECTION('center_axis',(-0.500000000000028,-0.866025403784422,0.));
#7226=DIRECTION('ref_axis',(0.612372435695785,-0.353553390593295,0.707106781186545));
#7227=DIRECTION('',(0.500000000000026,0.866025403784424,0.));
#7228=DIRECTION('center_axis',(-0.866025403784424,0.500000000000026,0.));
#7229=DIRECTION('ref_axis',(0.500000000000026,0.866025403784424,0.));
#7230=DIRECTION('',(0.,0.,1.));
#7231=DIRECTION('',(0.,0.,-1.));
#7232=DIRECTION('',(0.500000000000026,0.866025403784424,0.));
#7233=DIRECTION('center_axis',(0.,0.,1.));
#7234=DIRECTION('ref_axis',(0.866025403784421,-0.50000000000003,0.));
#7235=DIRECTION('center_axis',(0.,0.,-1.));
#7236=DIRECTION('ref_axis',(0.866025403784421,-0.50000000000003,0.));
#7237=DIRECTION('',(0.,0.,-1.));
#7238=DIRECTION('center_axis',(0.499999999999969,-0.866025403784457,0.));
#7239=DIRECTION('ref_axis',(0.866025403784457,0.499999999999969,0.));
#7240=DIRECTION('',(-0.866025403784457,-0.499999999999969,0.));
#7241=DIRECTION('',(0.,0.,1.));
#7242=DIRECTION('center_axis',(0.,0.,1.));
#7243=DIRECTION('ref_axis',(-3.41860033134856E-14,-1.,0.));
#7244=DIRECTION('center_axis',(0.,0.,-1.));
#7245=DIRECTION('ref_axis',(-3.41860033134856E-14,-1.,0.));
#7246=DIRECTION('center_axis',(0.,0.,1.));
#7247=DIRECTION('ref_axis',(1.,0.,0.));
#7248=DIRECTION('',(0.866025403784421,-0.500000000000031,0.));
#7249=DIRECTION('',(-0.500000000000025,-0.866025403784424,0.));
#7250=DIRECTION('',(-0.866025403784422,0.500000000000029,0.));
#7251=DIRECTION('center_axis',(0.,0.,1.));
#7252=DIRECTION('ref_axis',(1.,0.,0.));
#7253=DIRECTION('',(0.866025403784457,0.499999999999969,0.));
#7254=DIRECTION('',(-0.866025403784456,-0.49999999999997,0.));
#7255=DIRECTION('',(-0.499999999999963,0.86602540378446,0.));
#7256=DIRECTION('center_axis',(0.,0.,1.));
#7257=DIRECTION('ref_axis',(0.866025403784421,-0.50000000000003,0.));
#7258=DIRECTION('',(0.353553390593255,-0.612372435695808,0.707106781186546));
#7259=DIRECTION('center_axis',(0.353553390593251,-0.612372435695806,-0.707106781186549));
#7260=DIRECTION('ref_axis',(-0.894427190999928,-3.41121454740797E-16,-0.447213595499934));
#7261=DIRECTION('',(0.35355339059329,-0.612372435695876,0.707106781186469));
#7262=DIRECTION('',(-0.866025403784455,-0.499999999999972,0.));
#7263=DIRECTION('',(0.866025403784455,0.499999999999972,0.));
#7264=DIRECTION('',(0.866025403784455,0.499999999999972,0.));
#7265=DIRECTION('center_axis',(-0.353553390593251,0.612372435695806,0.707106781186549));
#7266=DIRECTION('ref_axis',(0.353553390593252,-0.612372435695809,0.707106781186546));
#7267=DIRECTION('center_axis',(0.,0.,1.));
#7268=DIRECTION('ref_axis',(-3.41860033134856E-14,-1.,0.));
#7269=DIRECTION('',(-0.353553390593299,-0.612372435695777,0.70710678118655));
#7270=DIRECTION('center_axis',(-0.353553390593296,-0.612372435695783,-0.707106781186546));
#7271=DIRECTION('ref_axis',(-0.894427190999904,2.70969660711068E-17,0.447213595499981));
#7272=DIRECTION('',(-0.353553390593295,-0.612372435695781,0.707106781186549));
#7273=DIRECTION('center_axis',(0.353553390593296,0.612372435695783,0.707106781186546));
#7274=DIRECTION('ref_axis',(-0.353553390593295,-0.612372435695781,0.707106781186549));
#7275=DIRECTION('',(-0.866025403784422,0.500000000000028,0.));
#7276=DIRECTION('',(-0.866025403784422,0.500000000000028,0.));
#7277=DIRECTION('',(-0.866025403784422,0.500000000000028,0.));
#7278=DIRECTION('center_axis',(0.,0.,1.));
#7279=DIRECTION('ref_axis',(-0.866025403784456,-0.499999999999969,0.));
#7280=DIRECTION('center_axis',(-0.499999999999972,0.866025403784455,0.));
#7281=DIRECTION('ref_axis',(-0.866025403784455,-0.499999999999972,0.));
#7282=DIRECTION('',(0.,0.,-1.));
#7283=DIRECTION('',(0.,0.,-1.));
#7284=DIRECTION('',(0.866025403784455,0.499999999999972,0.));
#7285=DIRECTION('center_axis',(0.500000000000028,0.866025403784422,0.));
#7286=DIRECTION('ref_axis',(-0.866025403784422,0.500000000000028,0.));
#7287=DIRECTION('',(0.866025403784422,-0.500000000000028,0.));
#7288=DIRECTION('',(0.,0.,1.));
#7289=DIRECTION('center_axis',(-0.499999999999972,0.866025403784455,0.));
#7290=DIRECTION('ref_axis',(-0.866025403784455,-0.499999999999972,0.));
#7291=DIRECTION('',(0.866025403784455,0.499999999999972,0.));
#7292=DIRECTION('center_axis',(0.,0.,-1.));
#7293=DIRECTION('ref_axis',(-1.,0.,0.));
#7294=DIRECTION('center_axis',(0.,0.,-1.));
#7295=DIRECTION('ref_axis',(0.500000106067205,-0.866025342546501,0.));
#7296=DIRECTION('center_axis',(0.,0.,1.));
#7297=DIRECTION('ref_axis',(0.500000106067205,-0.866025342546501,0.));
#7298=DIRECTION('',(0.,0.,-1.));
#7299=DIRECTION('center_axis',(-0.499999999999972,0.866025403784455,0.));
#7300=DIRECTION('ref_axis',(-0.866025403784455,-0.499999999999972,0.));
#7301=DIRECTION('',(0.,0.,-1.));
#7302=DIRECTION('center_axis',(0.499999999999972,-0.866025403784455,0.));
#7303=DIRECTION('ref_axis',(0.612372435695808,0.353553390593255,0.707106781186545));
#7304=DIRECTION('center_axis',(0.,0.,1.));
#7305=DIRECTION('ref_axis',(0.866025403784423,-0.500000000000028,0.));
#7306=DIRECTION('',(0.,0.,1.));
#7307=DIRECTION('center_axis',(0.500000000000028,0.866025403784422,0.));
#7308=DIRECTION('ref_axis',(-0.866025403784422,0.500000000000028,0.));
#7309=DIRECTION('',(0.866025403784422,-0.500000000000028,0.));
#7310=DIRECTION('',(0.,0.,1.));
#7311=DIRECTION('center_axis',(0.500000000000028,0.866025403784422,0.));
#7312=DIRECTION('ref_axis',(-0.866025403784422,0.500000000000028,0.));
#7313=DIRECTION('',(0.,0.,1.));
#7314=DIRECTION('center_axis',(-0.500000000000028,-0.866025403784422,0.));
#7315=DIRECTION('ref_axis',(-0.612372435695781,0.353553390593293,0.70710678118655));
#7316=DIRECTION('center_axis',(0.,0.,1.));
#7317=DIRECTION('ref_axis',(-0.866025403784455,-0.499999999999972,0.));
#7318=DIRECTION('',(0.,0.,1.));
#7319=DIRECTION('center_axis',(-0.500000000000042,-0.866025403784415,0.));
#7320=DIRECTION('ref_axis',(-0.866025403784415,0.500000000000042,0.));
#7321=DIRECTION('',(-0.866025403784415,0.500000000000042,0.));
#7322=DIRECTION('center_axis',(0.500000000000029,0.866025403784422,0.));
#7323=DIRECTION('ref_axis',(-0.612372435695781,0.353553390593293,0.70710678118655));
#7324=DIRECTION('',(0.,0.,-1.));
#7325=DIRECTION('center_axis',(0.,0.,-1.));
#7326=DIRECTION('ref_axis',(-1.,0.,0.));
#7327=DIRECTION('',(-0.866025403784444,-0.49999999999999,0.));
#7328=DIRECTION('',(0.499999999999963,-0.86602540378446,0.));
#7329=DIRECTION('center_axis',(0.500000000000025,0.866025403784424,0.));
#7330=DIRECTION('ref_axis',(-0.612372435695782,0.35355339059329,0.70710678118655));
#7331=DIRECTION('',(0.500000000000025,0.866025403784424,0.));
#7332=DIRECTION('center_axis',(0.866025403784424,-0.500000000000025,0.));
#7333=DIRECTION('ref_axis',(-0.500000000000025,-0.866025403784424,0.));
#7334=DIRECTION('',(0.500000000000025,0.866025403784424,0.));
#7335=DIRECTION('center_axis',(0.,0.,-1.));
#7336=DIRECTION('ref_axis',(-1.,0.,0.));
#7337=DIRECTION('center_axis',(0.499999999999963,-0.86602540378446,0.));
#7338=DIRECTION('ref_axis',(0.612372435695812,0.353553390593249,0.707106781186545));
#7339=DIRECTION('center_axis',(-0.49999999999997,0.866025403784456,0.));
#7340=DIRECTION('ref_axis',(0.612372435695809,0.353553390593254,0.707106781186545));
#7341=DIRECTION('',(0.499999999999963,-0.86602540378446,0.));
#7342=DIRECTION('center_axis',(0.49999999999999,-0.866025403784444,0.));
#7343=DIRECTION('ref_axis',(-0.866025403784444,-0.49999999999999,0.));
#7344=DIRECTION('',(0.,0.,-1.));
#7345=DIRECTION('center_axis',(-0.86602540378446,-0.499999999999963,0.));
#7346=DIRECTION('ref_axis',(-0.499999999999963,0.86602540378446,0.));
#7347=DIRECTION('',(0.,0.,1.));
#7348=DIRECTION('',(0.,0.,1.));
#7349=DIRECTION('',(0.,0.,1.));
#7350=DIRECTION('',(0.,0.,1.));
#7351=DIRECTION('',(0.,0.,1.));
#7352=DIRECTION('',(0.,0.,1.));
#7353=DIRECTION('',(0.,0.,1.));
#7354=DIRECTION('',(0.,0.,1.));
#7355=DIRECTION('center_axis',(-0.232368493776596,0.972627823527579,0.));
#7356=DIRECTION('ref_axis',(-0.972627823527579,-0.232368493776596,0.));
#7357=DIRECTION('',(-0.972627823527579,-0.232368493776596,0.));
#7358=DIRECTION('',(-0.972627823527579,-0.232368493776596,0.));
#7359=DIRECTION('',(0.,0.,1.));
#7360=DIRECTION('',(0.,0.,1.));
#7361=DIRECTION('',(0.,0.,1.));
#7362=DIRECTION('',(0.,0.,1.));
#7363=DIRECTION('',(0.,0.,1.));
#7364=DIRECTION('',(0.,0.,1.));
#7365=DIRECTION('',(0.,0.,1.));
#7366=DIRECTION('',(0.,0.,1.));
#7367=DIRECTION('',(0.,0.,1.));
#7368=DIRECTION('center_axis',(-0.302243555216597,-0.953230734570614,0.));
#7369=DIRECTION('ref_axis',(0.953230734570614,-0.302243555216597,0.));
#7370=DIRECTION('',(0.953230734570614,-0.302243555216597,0.));
#7371=DIRECTION('',(0.953230734570614,-0.302243555216597,0.));
#7372=DIRECTION('',(0.,0.,1.));
#7373=DIRECTION('center_axis',(0.,0.,1.));
#7374=DIRECTION('ref_axis',(1.,0.,0.));
#7375=DIRECTION('center_axis',(0.,0.,1.));
#7376=DIRECTION('ref_axis',(1.,0.,0.));
#7377=DIRECTION('center_axis',(0.,-1.,0.));
#7378=DIRECTION('ref_axis',(1.,0.,0.));
#7379=DIRECTION('',(1.,0.,0.));
#7380=DIRECTION('',(0.,0.,1.));
#7381=DIRECTION('',(1.,0.,0.));
#7382=DIRECTION('',(0.,0.,1.));
#7383=DIRECTION('center_axis',(0.937457409751262,0.348099992678044,0.));
#7384=DIRECTION('ref_axis',(-0.348099992678044,0.937457409751262,0.));
#7385=DIRECTION('',(-0.348099992678044,0.937457409751262,0.));
#7386=DIRECTION('',(-0.348099992678044,0.937457409751262,0.));
#7387=DIRECTION('',(0.,0.,1.));
#7388=DIRECTION('center_axis',(-0.939692515220793,0.3420204333633,0.));
#7389=DIRECTION('ref_axis',(-0.3420204333633,-0.939692515220793,0.));
#7390=DIRECTION('',(-0.3420204333633,-0.939692515220793,0.));
#7391=DIRECTION('',(-0.3420204333633,-0.939692515220793,0.));
#7392=DIRECTION('center_axis',(0.933417859664028,0.358791163854721,0.));
#7393=DIRECTION('ref_axis',(-0.358791163854721,0.933417859664028,0.));
#7394=DIRECTION('',(-0.358791163854721,0.933417859664028,0.));
#7395=DIRECTION('',(0.,0.,1.));
#7396=DIRECTION('',(-0.358791163854721,0.933417859664028,0.));
#7397=DIRECTION('',(0.,0.,1.));
#7398=DIRECTION('center_axis',(0.,1.,0.));
#7399=DIRECTION('ref_axis',(-1.,0.,0.));
#7400=DIRECTION('',(-1.,0.,0.));
#7401=DIRECTION('',(-1.,0.,0.));
#7402=DIRECTION('',(0.,0.,1.));
#7403=DIRECTION('center_axis',(-0.939875797888531,0.341516448422909,0.));
#7404=DIRECTION('ref_axis',(-0.341516448422909,-0.939875797888531,0.));
#7405=DIRECTION('',(-0.341516448422909,-0.939875797888531,0.));
#7406=DIRECTION('',(-0.341516448422909,-0.939875797888531,0.));
#7407=DIRECTION('',(0.,0.,1.));
#7408=DIRECTION('center_axis',(0.,1.,0.));
#7409=DIRECTION('ref_axis',(-1.,0.,0.));
#7410=DIRECTION('',(-1.,0.,0.));
#7411=DIRECTION('',(-1.,0.,0.));
#7412=DIRECTION('',(0.,0.,1.));
#7413=DIRECTION('center_axis',(0.931813686895552,-0.362936982014948,0.));
#7414=DIRECTION('ref_axis',(0.362936982014948,0.931813686895552,0.));
#7415=DIRECTION('',(0.362936982014948,0.931813686895552,0.));
#7416=DIRECTION('',(0.362936982014948,0.931813686895552,0.));
#7417=DIRECTION('',(0.,0.,1.));
#7418=DIRECTION('center_axis',(0.,-1.,0.));
#7419=DIRECTION('ref_axis',(1.,0.,0.));
#7420=DIRECTION('',(1.,0.,0.));
#7421=DIRECTION('',(1.,0.,0.));
#7422=DIRECTION('',(0.,0.,1.));
#7423=DIRECTION('center_axis',(-0.928345625789946,-0.371718171571788,0.));
#7424=DIRECTION('ref_axis',(0.371718171571788,-0.928345625789946,0.));
#7425=DIRECTION('',(0.371718171571788,-0.928345625789946,0.));
#7426=DIRECTION('',(0.371718171571788,-0.928345625789946,0.));
#7427=DIRECTION('',(0.,0.,1.));
#7428=DIRECTION('center_axis',(0.,1.,0.));
#7429=DIRECTION('ref_axis',(-1.,0.,0.));
#7430=DIRECTION('',(-1.,0.,0.));
#7431=DIRECTION('',(-1.,0.,0.));
#7432=DIRECTION('center_axis',(0.,0.,1.));
#7433=DIRECTION('ref_axis',(1.,0.,0.));
#7434=DIRECTION('center_axis',(0.,0.,1.));
#7435=DIRECTION('ref_axis',(1.,0.,0.));
#7436=DIRECTION('center_axis',(0.,-1.,0.));
#7437=DIRECTION('ref_axis',(1.,0.,0.));
#7438=DIRECTION('',(1.,0.,0.));
#7439=DIRECTION('',(0.,0.,1.));
#7440=DIRECTION('',(1.,0.,0.));
#7441=DIRECTION('',(0.,0.,1.));
#7442=DIRECTION('center_axis',(-0.852613778327318,-0.522541620358049,0.));
#7443=DIRECTION('ref_axis',(0.522541620358049,-0.852613778327318,0.));
#7444=DIRECTION('',(0.522541620358049,-0.852613778327318,0.));
#7445=DIRECTION('',(0.522541620358049,-0.852613778327318,0.));
#7446=DIRECTION('',(0.,0.,1.));
#7447=DIRECTION('center_axis',(1.,0.,0.));
#7448=DIRECTION('ref_axis',(0.,1.,0.));
#7449=DIRECTION('',(0.,1.,0.));
#7450=DIRECTION('',(0.,1.,0.));
#7451=DIRECTION('',(0.,0.,1.));
#7452=DIRECTION('center_axis',(0.,-1.,0.));
#7453=DIRECTION('ref_axis',(1.,0.,0.));
#7454=DIRECTION('',(1.,0.,0.));
#7455=DIRECTION('',(1.,0.,0.));
#7456=DIRECTION('',(0.,0.,1.));
#7457=DIRECTION('center_axis',(-1.,0.,0.));
#7458=DIRECTION('ref_axis',(0.,-1.,0.));
#7459=DIRECTION('',(0.,-1.,0.));
#7460=DIRECTION('',(0.,-1.,0.));
#7461=DIRECTION('',(0.,0.,1.));
#7462=DIRECTION('center_axis',(0.,1.,0.));
#7463=DIRECTION('ref_axis',(-1.,0.,0.));
#7464=DIRECTION('',(-1.,0.,0.));
#7465=DIRECTION('',(-1.,0.,0.));
#7466=DIRECTION('',(0.,0.,1.));
#7467=DIRECTION('center_axis',(0.850587327291752,0.525833812768516,0.));
#7468=DIRECTION('ref_axis',(-0.525833812768516,0.850587327291752,0.));
#7469=DIRECTION('',(-0.525833812768516,0.850587327291752,0.));
#7470=DIRECTION('',(-0.525833812768516,0.850587327291752,0.));
#7471=DIRECTION('',(0.,0.,1.));
#7472=DIRECTION('center_axis',(-1.,0.,0.));
#7473=DIRECTION('ref_axis',(0.,-1.,0.));
#7474=DIRECTION('',(0.,-1.,0.));
#7475=DIRECTION('',(0.,-1.,0.));
#7476=DIRECTION('',(0.,0.,1.));
#7477=DIRECTION('center_axis',(0.,1.,0.));
#7478=DIRECTION('ref_axis',(-1.,0.,0.));
#7479=DIRECTION('',(-1.,0.,0.));
#7480=DIRECTION('',(-1.,0.,0.));
#7481=DIRECTION('',(0.,0.,1.));
#7482=DIRECTION('center_axis',(1.,0.,0.));
#7483=DIRECTION('ref_axis',(0.,1.,0.));
#7484=DIRECTION('',(0.,1.,0.));
#7485=DIRECTION('',(0.,1.,0.));
#7486=DIRECTION('center_axis',(0.,0.,1.));
#7487=DIRECTION('ref_axis',(1.,0.,0.));
#7488=DIRECTION('center_axis',(0.,0.,1.));
#7489=DIRECTION('ref_axis',(1.,0.,0.));
#7490=DIRECTION('center_axis',(1.,0.,0.));
#7491=DIRECTION('ref_axis',(0.,1.,0.));
#7492=DIRECTION('',(0.,-1.,0.));
#7493=DIRECTION('',(0.,0.,1.));
#7494=DIRECTION('',(0.,1.,0.));
#7495=DIRECTION('',(0.,0.,1.));
#7496=DIRECTION('center_axis',(0.,-1.,0.));
#7497=DIRECTION('ref_axis',(1.,0.,0.));
#7498=DIRECTION('',(-1.,0.,0.));
#7499=DIRECTION('',(1.,0.,0.));
#7500=DIRECTION('',(0.,0.,1.));
#7501=DIRECTION('center_axis',(-1.,0.,0.));
#7502=DIRECTION('ref_axis',(0.,-1.,0.));
#7503=DIRECTION('',(0.,1.,0.));
#7504=DIRECTION('',(0.,-1.,0.));
#7505=DIRECTION('',(0.,0.,1.));
#7506=DIRECTION('center_axis',(0.,-1.,0.));
#7507=DIRECTION('ref_axis',(1.,0.,0.));
#7508=DIRECTION('',(-1.,0.,0.));
#7509=DIRECTION('',(1.,0.,0.));
#7510=DIRECTION('',(0.,0.,1.));
#7511=DIRECTION('center_axis',(-1.,0.,0.));
#7512=DIRECTION('ref_axis',(0.,-1.,0.));
#7513=DIRECTION('',(0.,1.,0.));
#7514=DIRECTION('',(0.,-1.,0.));
#7515=DIRECTION('',(0.,0.,1.));
#7516=DIRECTION('center_axis',(0.,1.,0.));
#7517=DIRECTION('ref_axis',(-1.,0.,0.));
#7518=DIRECTION('',(1.,0.,0.));
#7519=DIRECTION('',(-1.,0.,0.));
#7520=DIRECTION('center_axis',(0.,0.,1.));
#7521=DIRECTION('ref_axis',(1.,0.,0.));
#7522=DIRECTION('center_axis',(0.,0.,-1.));
#7523=DIRECTION('ref_axis',(-1.,0.,0.));
#7524=DIRECTION('center_axis',(0.941654697124112,0.33658049762887,0.));
#7525=DIRECTION('ref_axis',(-0.33658049762887,0.941654697124111,0.));
#7526=DIRECTION('',(0.33658049762887,-0.941654697124111,0.));
#7527=DIRECTION('',(0.,0.,1.));
#7528=DIRECTION('',(-0.33658049762887,0.941654697124111,0.));
#7529=DIRECTION('',(0.,0.,1.));
#7530=DIRECTION('center_axis',(0.,-1.,0.));
#7531=DIRECTION('ref_axis',(1.,0.,0.));
#7532=DIRECTION('',(-1.,0.,0.));
#7533=DIRECTION('',(1.,0.,0.));
#7534=DIRECTION('',(0.,0.,1.));
#7535=DIRECTION('center_axis',(-0.946213181117555,-0.323543839192462,0.));
#7536=DIRECTION('ref_axis',(0.323543839192462,-0.946213181117555,0.));
#7537=DIRECTION('',(-0.323543839192462,0.946213181117555,0.));
#7538=DIRECTION('',(0.323543839192462,-0.946213181117555,0.));
#7539=DIRECTION('',(0.,0.,1.));
#7540=DIRECTION('center_axis',(0.94938100063881,-0.314126910063514,0.));
#7541=DIRECTION('ref_axis',(0.314126910063514,0.94938100063881,0.));
#7542=DIRECTION('',(-0.314126910063514,-0.94938100063881,0.));
#7543=DIRECTION('',(0.314126910063514,0.94938100063881,0.));
#7544=DIRECTION('',(0.,0.,1.));
#7545=DIRECTION('center_axis',(0.,-1.,0.));
#7546=DIRECTION('ref_axis',(1.,0.,0.));
#7547=DIRECTION('',(-1.,0.,0.));
#7548=DIRECTION('',(1.,0.,0.));
#7549=DIRECTION('',(0.,0.,1.));
#7550=DIRECTION('center_axis',(-0.941450996542256,0.337149849636023,0.));
#7551=DIRECTION('ref_axis',(-0.337149849636023,-0.941450996542256,0.));
#7552=DIRECTION('',(0.337149849636023,0.941450996542256,0.));
#7553=DIRECTION('',(-0.337149849636023,-0.941450996542256,0.));
#7554=DIRECTION('',(0.,0.,1.));
#7555=DIRECTION('center_axis',(0.,1.,0.));
#7556=DIRECTION('ref_axis',(-1.,0.,0.));
#7557=DIRECTION('',(1.,0.,0.));
#7558=DIRECTION('',(-1.,0.,0.));
#7559=DIRECTION('center_axis',(0.,0.,1.));
#7560=DIRECTION('ref_axis',(1.,0.,0.));
#7561=DIRECTION('center_axis',(0.,0.,-1.));
#7562=DIRECTION('ref_axis',(-1.,0.,0.));
#7563=DIRECTION('center_axis',(1.,0.,0.));
#7564=DIRECTION('ref_axis',(0.,1.,0.));
#7565=DIRECTION('',(0.,-1.,0.));
#7566=DIRECTION('',(0.,0.,1.));
#7567=DIRECTION('',(0.,1.,0.));
#7568=DIRECTION('',(0.,0.,1.));
#7569=DIRECTION('center_axis',(0.,-1.,0.));
#7570=DIRECTION('ref_axis',(1.,0.,0.));
#7571=DIRECTION('',(-1.,0.,0.));
#7572=DIRECTION('',(1.,0.,0.));
#7573=DIRECTION('',(0.,0.,1.));
#7574=DIRECTION('center_axis',(-1.,0.,0.));
#7575=DIRECTION('ref_axis',(0.,-1.,0.));
#7576=DIRECTION('',(0.,1.,0.));
#7577=DIRECTION('',(0.,-1.,0.));
#7578=DIRECTION('',(0.,0.,1.));
#7579=DIRECTION('',(0.,0.,1.));
#7580=DIRECTION('',(0.,0.,1.));
#7581=DIRECTION('',(0.,0.,1.));
#7582=DIRECTION('',(0.,0.,1.));
#7583=DIRECTION('',(0.,0.,1.));
#7584=DIRECTION('',(0.,0.,1.));
#7585=DIRECTION('',(0.,0.,1.));
#7586=DIRECTION('',(0.,0.,1.));
#7587=DIRECTION('',(0.,0.,1.));
#7588=DIRECTION('',(0.,0.,1.));
#7589=DIRECTION('center_axis',(-0.183884750623997,0.982947810663389,0.));
#7590=DIRECTION('ref_axis',(-0.982947810663389,-0.183884750623997,0.));
#7591=DIRECTION('',(0.982947810663389,0.183884750623997,0.));
#7592=DIRECTION('',(-0.982947810663389,-0.183884750623997,0.));
#7593=DIRECTION('',(0.,0.,1.));
#7594=DIRECTION('',(0.,0.,1.));
#7595=DIRECTION('',(0.,0.,1.));
#7596=DIRECTION('',(0.,0.,1.));
#7597=DIRECTION('',(0.,0.,1.));
#7598=DIRECTION('',(0.,0.,1.));
#7599=DIRECTION('',(0.,0.,1.));
#7600=DIRECTION('',(0.,0.,1.));
#7601=DIRECTION('',(0.,0.,1.));
#7602=DIRECTION('center_axis',(1.,0.,0.));
#7603=DIRECTION('ref_axis',(0.,1.,0.));
#7604=DIRECTION('',(0.,-1.,0.));
#7605=DIRECTION('',(0.,1.,0.));
#7606=DIRECTION('',(0.,0.,1.));
#7607=DIRECTION('center_axis',(0.,1.,0.));
#7608=DIRECTION('ref_axis',(-1.,0.,0.));
#7609=DIRECTION('',(1.,0.,0.));
#7610=DIRECTION('',(-1.,0.,0.));
#7611=DIRECTION('center_axis',(0.,0.,1.));
#7612=DIRECTION('ref_axis',(-1.,0.,0.));
#7613=DIRECTION('center_axis',(0.,0.,1.));
#7614=DIRECTION('ref_axis',(-1.,0.,0.));
#7615=DIRECTION('center_axis',(1.,0.,0.));
#7616=DIRECTION('ref_axis',(0.,1.,0.));
#7617=DIRECTION('',(0.,-1.,0.));
#7618=DIRECTION('',(0.,0.,1.));
#7619=DIRECTION('',(0.,1.,0.));
#7620=DIRECTION('',(0.,0.,1.));
#7621=DIRECTION('center_axis',(0.,-1.,0.));
#7622=DIRECTION('ref_axis',(1.,0.,0.));
#7623=DIRECTION('',(-1.,0.,0.));
#7624=DIRECTION('',(1.,0.,0.));
#7625=DIRECTION('',(0.,0.,1.));
#7626=DIRECTION('center_axis',(-1.,0.,0.));
#7627=DIRECTION('ref_axis',(0.,-1.,0.));
#7628=DIRECTION('',(0.,1.,0.));
#7629=DIRECTION('',(0.,-1.,0.));
#7630=DIRECTION('',(0.,0.,1.));
#7631=DIRECTION('center_axis',(0.,-1.,0.));
#7632=DIRECTION('ref_axis',(1.,0.,0.));
#7633=DIRECTION('',(-1.,0.,0.));
#7634=DIRECTION('',(1.,0.,0.));
#7635=DIRECTION('',(0.,0.,1.));
#7636=DIRECTION('center_axis',(1.,0.,0.));
#7637=DIRECTION('ref_axis',(0.,1.,0.));
#7638=DIRECTION('',(0.,-1.,0.));
#7639=DIRECTION('',(0.,1.,0.));
#7640=DIRECTION('',(0.,0.,1.));
#7641=DIRECTION('center_axis',(0.,-1.,0.));
#7642=DIRECTION('ref_axis',(1.,0.,0.));
#7643=DIRECTION('',(-1.,0.,0.));
#7644=DIRECTION('',(1.,0.,0.));
#7645=DIRECTION('',(0.,0.,1.));
#7646=DIRECTION('center_axis',(-1.,0.,0.));
#7647=DIRECTION('ref_axis',(0.,-1.,0.));
#7648=DIRECTION('',(0.,1.,0.));
#7649=DIRECTION('',(0.,-1.,0.));
#7650=DIRECTION('',(0.,0.,1.));
#7651=DIRECTION('center_axis',(0.,1.,0.));
#7652=DIRECTION('ref_axis',(-1.,0.,0.));
#7653=DIRECTION('',(1.,0.,0.));
#7654=DIRECTION('',(-1.,0.,0.));
#7655=DIRECTION('',(0.,0.,1.));
#7656=DIRECTION('center_axis',(1.,0.,0.));
#7657=DIRECTION('ref_axis',(0.,1.,0.));
#7658=DIRECTION('',(0.,-1.,0.));
#7659=DIRECTION('',(0.,1.,0.));
#7660=DIRECTION('',(0.,0.,1.));
#7661=DIRECTION('center_axis',(0.,1.,0.));
#7662=DIRECTION('ref_axis',(-1.,0.,0.));
#7663=DIRECTION('',(1.,0.,0.));
#7664=DIRECTION('',(-1.,0.,0.));
#7665=DIRECTION('',(0.,0.,1.));
#7666=DIRECTION('center_axis',(-1.,0.,0.));
#7667=DIRECTION('ref_axis',(0.,-1.,0.));
#7668=DIRECTION('',(0.,1.,0.));
#7669=DIRECTION('',(0.,-1.,0.));
#7670=DIRECTION('',(0.,0.,1.));
#7671=DIRECTION('center_axis',(0.,1.,0.));
#7672=DIRECTION('ref_axis',(-1.,0.,0.));
#7673=DIRECTION('',(1.,0.,0.));
#7674=DIRECTION('',(-1.,0.,0.));
#7675=DIRECTION('center_axis',(0.,0.,1.));
#7676=DIRECTION('ref_axis',(1.,0.,0.));
#7677=DIRECTION('center_axis',(0.,0.,-1.));
#7678=DIRECTION('ref_axis',(-1.,0.,0.));
#7679=DIRECTION('',(0.,0.,1.));
#7680=DIRECTION('',(1.,0.,0.));
#7681=CARTESIAN_POINT('',(0.,0.,0.));
#7682=CARTESIAN_POINT('',(0.,0.,0.));
#7683=CARTESIAN_POINT('Origin',(42.4535041578924,3.35568277959228,-3.4));
#7684=CARTESIAN_POINT('',(43.9535041578924,5.95375899094575,5.55111512312578E-16));
#7685=CARTESIAN_POINT('',(45.4535041578923,3.35568277959236,5.55111512312578E-16));
#7686=CARTESIAN_POINT('Origin',(42.4535041578924,3.35568277959228,5.55111512312578E-16));
#7687=CARTESIAN_POINT('',(45.4535041578923,3.35568277959236,-3.4));
#7688=CARTESIAN_POINT('',(45.4535041578924,3.35568277959236,-3.4));
#7689=CARTESIAN_POINT('',(43.9535041578924,5.95375899094575,-3.4));
#7690=CARTESIAN_POINT('Origin',(42.4535041578924,3.35568277959228,-3.4));
#7691=CARTESIAN_POINT('',(43.9535041578923,5.95375899094563,-3.4));
#7692=CARTESIAN_POINT('Origin',(45.2535041578927,5.20320364099893,-3.4));
#7693=CARTESIAN_POINT('',(34.7535041578927,11.2653814674897,-3.4));
#7694=CARTESIAN_POINT('',(33.2535041578927,12.1314068712741,-3.4));
#7695=CARTESIAN_POINT('',(34.7535041578927,11.2653814674897,5.55111512312578E-16));
#7696=CARTESIAN_POINT('',(34.7535041578927,11.2653814674897,-3.4));
#7697=CARTESIAN_POINT('',(33.2535041578927,12.1314068712741,5.55111512312578E-16));
#7698=CARTESIAN_POINT('Origin',(33.2535041578927,-1.72499958927687,-3.4));
#7699=CARTESIAN_POINT('',(45.4535041578926,-6.80568195814511,-3.4));
#7700=CARTESIAN_POINT('',(45.4535041578926,-5.1891012044143,-3.4));
#7701=CARTESIAN_POINT('',(43.9535041578928,-9.40375816949859,-3.4));
#7702=CARTESIAN_POINT('Origin',(42.4535041578926,-6.8056819581452,-3.4));
#7703=CARTESIAN_POINT('',(34.7535041578927,-14.7153806460434,-3.4));
#7704=CARTESIAN_POINT('',(45.2535041578927,-8.65320281955207,-3.4));
#7705=CARTESIAN_POINT('',(31.7535041578927,-14.7153806460435,-3.4));
#7706=CARTESIAN_POINT('Origin',(33.2535041578927,-12.1173044346902,-3.4));
#7707=CARTESIAN_POINT('',(22.5535041578929,-9.4037581694994,-3.4));
#7708=CARTESIAN_POINT('',(33.2535041578927,-15.5814060498279,-3.4));
#7709=CARTESIAN_POINT('',(21.053504157893,-6.80568195814597,-3.4));
#7710=CARTESIAN_POINT('Origin',(24.0535041578929,-6.80568195814588,-3.4));
#7711=CARTESIAN_POINT('',(21.0535041578926,3.35568277959132,-3.4));
#7712=CARTESIAN_POINT('',(21.0535041578927,1.73910202586055,-3.4));
#7713=CARTESIAN_POINT('',(22.5535041578925,5.95375899094483,-3.4));
#7714=CARTESIAN_POINT('Origin',(24.0535041578927,3.3556827795914,-3.4));
#7715=CARTESIAN_POINT('',(31.7535041578927,11.2653814674896,-3.4));
#7716=CARTESIAN_POINT('',(21.2535041578926,5.20320364099832,-3.4));
#7717=CARTESIAN_POINT('Origin',(33.2535041578927,8.66730525613633,-3.4));
#7718=CARTESIAN_POINT('',(42.6535041578928,5.31867369483714,-3.4));
#7719=CARTESIAN_POINT('',(34.7535041578937,9.87974082143503,-3.4));
#7720=CARTESIAN_POINT('',(36.6535041578937,8.78277530997463,-3.4));
#7721=CARTESIAN_POINT('',(31.7535041578937,9.87974082143513,-3.4));
#7722=CARTESIAN_POINT('Origin',(33.2535041578937,7.28166461008173,-3.4));
#7723=CARTESIAN_POINT('',(23.8535041578935,5.31867369483748,-3.4));
#7724=CARTESIAN_POINT('',(25.8535041578933,6.47337423321653,-3.4));
#7725=CARTESIAN_POINT('',(22.3535041578933,2.72059748348374,-3.4));
#7726=CARTESIAN_POINT('Origin',(25.3535041578936,2.72059748348382,-3.4));
#7727=CARTESIAN_POINT('',(22.3535041578935,-6.17059666203662,-3.4));
#7728=CARTESIAN_POINT('',(22.3535041578934,-4.03440066603532,-3.4));
#7729=CARTESIAN_POINT('',(23.8535041578934,-8.76867287338983,-3.4));
#7730=CARTESIAN_POINT('Origin',(25.3535041578935,-6.17059666203654,-3.4));
#7731=CARTESIAN_POINT('',(31.7535041578927,-13.3297399999879,-3.4));
#7732=CARTESIAN_POINT('',(29.8535041578927,-12.2327744885275,-3.4));
#7733=CARTESIAN_POINT('',(34.7535041578927,-13.329739999988,-3.4));
#7734=CARTESIAN_POINT('Origin',(33.2535041578927,-10.7316637886346,-3.4));
#7735=CARTESIAN_POINT('',(42.6535041578928,-8.76867287339038,-3.4));
#7736=CARTESIAN_POINT('',(40.6535041578927,-9.92337341176957,-3.4));
#7737=CARTESIAN_POINT('',(44.1535041578929,-6.17059666203657,-3.4));
#7738=CARTESIAN_POINT('Origin',(41.1535041578926,-6.17059666203665,-3.4));
#7739=CARTESIAN_POINT('',(44.1535041578927,2.72059748348398,-3.4));
#7740=CARTESIAN_POINT('',(44.1535041578928,0.584401487482031,-3.4));
#7741=CARTESIAN_POINT('Origin',(41.1535041578927,2.7205974834839,-3.4));
#7742=CARTESIAN_POINT('Origin',(42.4535041578926,-6.8056819581452,-3.4));
#7743=CARTESIAN_POINT('',(45.4535041578926,-6.80568195814511,5.55111512312578E-16));
#7744=CARTESIAN_POINT('',(43.9535041578928,-9.40375816949859,5.55111512312578E-16));
#7745=CARTESIAN_POINT('Origin',(42.4535041578926,-6.8056819581452,5.55111512312578E-16));
#7746=CARTESIAN_POINT('',(43.9535041578927,-9.40375816949847,-3.4));
#7747=CARTESIAN_POINT('',(45.4535041578926,-6.80568195814511,-3.4));
#7748=CARTESIAN_POINT('Origin',(33.2535041578927,-15.5814060498279,-3.4));
#7749=CARTESIAN_POINT('',(34.7535041578927,-14.7153806460434,5.55111512312578E-16));
#7750=CARTESIAN_POINT('',(45.2535041578927,-8.65320281955207,5.55111512312578E-16));
#7751=CARTESIAN_POINT('',(34.7535041578927,-14.7153806460434,-3.4));
#7752=CARTESIAN_POINT('Origin',(45.4535041578927,-8.65320281955207,-3.4));
#7753=CARTESIAN_POINT('',(45.4535041578926,-5.1891012044143,5.55111512312578E-16));
#7754=CARTESIAN_POINT('Origin',(24.0535041578929,-6.80568195814588,-3.4));
#7755=CARTESIAN_POINT('',(22.5535041578929,-9.4037581694994,5.55111512312578E-16));
#7756=CARTESIAN_POINT('',(21.053504157893,-6.80568195814597,5.55111512312578E-16));
#7757=CARTESIAN_POINT('Origin',(24.0535041578929,-6.80568195814588,5.55111512312578E-16));
#7758=CARTESIAN_POINT('',(21.0535041578929,-6.80568195814597,-3.4));
#7759=CARTESIAN_POINT('',(22.553504157893,-9.40375816949924,-3.4));
#7760=CARTESIAN_POINT('Origin',(21.253504157893,-8.65320281955277,-3.4));
#7761=CARTESIAN_POINT('',(31.7535041578927,-14.7153806460435,5.55111512312578E-16));
#7762=CARTESIAN_POINT('',(31.7535041578927,-14.7153806460435,-3.4));
#7763=CARTESIAN_POINT('',(33.2535041578927,-15.5814060498279,5.55111512312578E-16));
#7764=CARTESIAN_POINT('Origin',(24.0535041578927,3.3556827795914,-3.4));
#7765=CARTESIAN_POINT('',(21.0535041578926,3.35568277959132,5.55111512312578E-16));
#7766=CARTESIAN_POINT('',(22.5535041578925,5.95375899094483,5.55111512312578E-16));
#7767=CARTESIAN_POINT('Origin',(24.0535041578927,3.3556827795914,5.55111512312578E-16));
#7768=CARTESIAN_POINT('',(22.5535041578926,5.95375899094467,-3.4));
#7769=CARTESIAN_POINT('',(21.0535041578926,3.35568277959132,-3.4));
#7770=CARTESIAN_POINT('Origin',(33.2535041578927,12.1314068712741,-3.4));
#7771=CARTESIAN_POINT('',(31.7535041578927,11.2653814674896,5.55111512312578E-16));
#7772=CARTESIAN_POINT('',(21.2535041578926,5.20320364099832,5.55111512312578E-16));
#7773=CARTESIAN_POINT('',(31.7535041578927,11.2653814674896,-3.4));
#7774=CARTESIAN_POINT('Origin',(21.0535041578926,5.20320364099832,-3.4));
#7775=CARTESIAN_POINT('',(21.0535041578927,1.73910202586055,5.55111512312578E-16));
#7776=CARTESIAN_POINT('Origin',(41.1535041578926,-6.17059666203665,-3.4));
#7777=CARTESIAN_POINT('',(42.6535041578928,-8.76867287339038,2.77555756156289E-16));
#7778=CARTESIAN_POINT('',(44.1535041578929,-6.17059666203657,5.55111512312578E-16));
#7779=CARTESIAN_POINT('Origin',(41.1535041578926,-6.17059666203665,5.55111512312578E-16));
#7780=CARTESIAN_POINT('',(44.1535041578929,-6.17059666203657,-3.4));
#7781=CARTESIAN_POINT('',(42.6535041578927,-8.76867287339027,-3.4));
#7782=CARTESIAN_POINT('Origin',(44.1535041578927,2.89380256424064,-3.4));
#7783=CARTESIAN_POINT('',(44.1535041578927,2.72059748348398,5.55111512312578E-16));
#7784=CARTESIAN_POINT('',(44.1535041578928,0.584401487482031,5.55111512312578E-16));
#7785=CARTESIAN_POINT('',(44.1535041578927,2.72059748348398,-3.4));
#7786=CARTESIAN_POINT('Origin',(41.1535041578927,2.7205974834839,-3.4));
#7787=CARTESIAN_POINT('',(42.6535041578928,5.31867369483714,5.55111512312578E-16));
#7788=CARTESIAN_POINT('Origin',(41.1535041578927,2.7205974834839,5.55111512312578E-16));
#7789=CARTESIAN_POINT('',(42.6535041578928,5.31867369483718,-3.4));
#7790=CARTESIAN_POINT('Origin',(34.6535041578937,9.93747584835403,-3.4));
#7791=CARTESIAN_POINT('',(41.5195295616777,5.97337423321623,5.55111512312578E-16));
#7792=CARTESIAN_POINT('',(36.6535041578937,8.78277530997463,5.55111512312578E-16));
#7793=CARTESIAN_POINT('',(41.5195295616781,5.97337423321691,-2.55554429104766));
#7794=CARTESIAN_POINT('',(41.5195295616777,5.97337423321623,-2.30000002458692));
#7795=CARTESIAN_POINT('',(39.7874787541091,6.97337423321701,-2.55554429104786));
#7796=CARTESIAN_POINT('',(40.6535041578928,6.47337423321651,-2.5555442910445));
#7797=CARTESIAN_POINT('',(39.7874787541087,6.97337423321633,5.55111512312578E-16));
#7798=CARTESIAN_POINT('',(39.7874787541087,6.97337423321633,-2.30000002458692));
#7799=CARTESIAN_POINT('',(34.7535041578937,9.87974082143503,5.55111512312578E-16));
#7800=CARTESIAN_POINT('',(36.6535041578937,8.78277530997463,5.55111512312578E-16));
#7801=CARTESIAN_POINT('',(34.7535041578937,9.87974082143503,-3.4));
#7802=CARTESIAN_POINT('Origin',(42.6535041578927,-8.76867287339027,-3.4));
#7803=CARTESIAN_POINT('',(34.7535041578927,-13.329739999988,2.77555756156289E-16));
#7804=CARTESIAN_POINT('',(34.7535041578927,-13.329739999988,-3.4));
#7805=CARTESIAN_POINT('',(39.7956203254037,-10.4186728733902,2.77555756156289E-16));
#7806=CARTESIAN_POINT('',(40.6535041578927,-9.92337341176957,2.77555756156289E-16));
#7807=CARTESIAN_POINT('',(39.7956203254041,-10.4186728733909,-2.55554427324795));
#7808=CARTESIAN_POINT('',(39.7956203254037,-10.4186728733902,-2.30000000558793));
#7809=CARTESIAN_POINT('',(41.5276711329731,-9.41867287339095,-2.55554427324822));
#7810=CARTESIAN_POINT('',(41.5276711329725,-9.41867287339047,-2.55554427324507));
#7811=CARTESIAN_POINT('',(41.5276711329727,-9.41867287339027,2.77555756156289E-16));
#7812=CARTESIAN_POINT('',(41.5276711329727,-9.41867287339027,-2.30000000558793));
#7813=CARTESIAN_POINT('',(40.6535041578927,-9.92337341176957,2.77555756156289E-16));
#7814=CARTESIAN_POINT('Origin',(33.2535041578927,-1.72499958927687,5.55111512312578E-16));
#7815=CARTESIAN_POINT('Origin',(33.2535041578927,8.66730525613633,5.55111512312578E-16));
#7816=CARTESIAN_POINT('Origin',(33.2535041578927,-12.1173044346902,5.55111512312578E-16));
#7817=CARTESIAN_POINT('',(41.48776004641,-9.34954484367881,5.55111512312578E-16));
#7818=CARTESIAN_POINT('',(38.8401711338107,-4.76378632950077,5.55111512312578E-16));
#7819=CARTESIAN_POINT('',(39.755709238841,-10.3495448436789,5.55111512312578E-16));
#7820=CARTESIAN_POINT('',(41.4877600464099,-9.34954484367887,4.16333634234434E-16));
#7821=CARTESIAN_POINT('',(37.1081203262417,-5.76378632950077,5.55111512312578E-16));
#7822=CARTESIAN_POINT('',(31.7535041578927,-13.3297399999879,5.55111512312578E-16));
#7823=CARTESIAN_POINT('Origin',(33.2535041578927,-10.7316637886346,5.55111512312578E-16));
#7824=CARTESIAN_POINT('',(26.7195295616774,-10.423373411769,5.55111512312578E-16));
#7825=CARTESIAN_POINT('',(29.8535041578927,-12.2327744885275,5.55111512312578E-16));
#7826=CARTESIAN_POINT('',(26.7594406336398,-10.3542454073456,5.9388428003702E-16));
#7827=CARTESIAN_POINT('',(29.4070295580449,-5.76848687271897,5.55111512312578E-16));
#7828=CARTESIAN_POINT('',(25.0273898260709,-9.35424540734563,5.85727683627206E-16));
#7829=CARTESIAN_POINT('',(25.8934152298553,-9.85424540734559,5.55111512312578E-16));
#7830=CARTESIAN_POINT('',(24.9874787541085,-9.42337341176887,5.55111512312578E-16));
#7831=CARTESIAN_POINT('',(27.674978750476,-4.76848687271907,5.55111512312578E-16));
#7832=CARTESIAN_POINT('',(23.8535041578934,-8.76867287338983,5.55111512312578E-16));
#7833=CARTESIAN_POINT('',(29.8535041578927,-12.2327744885275,5.55111512312578E-16));
#7834=CARTESIAN_POINT('',(22.3535041578935,-6.17059666203662,5.55111512312578E-16));
#7835=CARTESIAN_POINT('Origin',(25.3535041578935,-6.17059666203654,5.55111512312578E-16));
#7836=CARTESIAN_POINT('',(22.3535041578933,2.72059748348374,5.55111512312578E-16));
#7837=CARTESIAN_POINT('',(22.3535041578934,-4.03440066603532,5.55111512312578E-16));
#7838=CARTESIAN_POINT('',(23.8535041578935,5.31867369483748,5.55111512312578E-16));
#7839=CARTESIAN_POINT('Origin',(25.3535041578936,2.72059748348382,5.55111512312578E-16));
#7840=CARTESIAN_POINT('',(24.9874787541092,5.97337423321673,5.55111512312578E-16));
#7841=CARTESIAN_POINT('',(25.8535041578933,6.47337423321653,5.55111512312578E-16));
#7842=CARTESIAN_POINT('',(25.0273898260718,5.90424622879281,4.55106401958878E-16));
#7843=CARTESIAN_POINT('',(27.6749787504773,1.31848769416613,5.55111512312578E-16));
#7844=CARTESIAN_POINT('',(26.7594406336407,6.90424622879288,4.81644275068603E-16));
#7845=CARTESIAN_POINT('',(25.8934152298562,6.40424622879281,5.55111512312578E-16));
#7846=CARTESIAN_POINT('',(26.7195295616781,6.97337423321663,5.55111512312578E-16));
#7847=CARTESIAN_POINT('',(29.4070295580462,2.31848769416623,4.85722573273506E-16));
#7848=CARTESIAN_POINT('',(31.7535041578937,9.87974082143513,5.55111512312578E-16));
#7849=CARTESIAN_POINT('',(25.8535041578933,6.47337423321653,5.55111512312578E-16));
#7850=CARTESIAN_POINT('Origin',(33.2535041578937,7.28166461008173,5.55111512312578E-16));
#7851=CARTESIAN_POINT('',(39.7475676821458,6.90424622879227,4.81644275068591E-16));
#7852=CARTESIAN_POINT('',(37.0999787577407,2.31848769416563,4.85722573273506E-16));
#7853=CARTESIAN_POINT('',(41.4796184897148,5.90424622879227,4.55106401958865E-16));
#7854=CARTESIAN_POINT('',(40.61359308593,6.40424622879243,6.93889390390723E-16));
#7855=CARTESIAN_POINT('',(38.8320295653097,1.31848769416563,5.55111512312578E-16));
#7856=CARTESIAN_POINT('Origin',(25.3535041578936,2.72059748348382,-3.4));
#7857=CARTESIAN_POINT('',(22.3535041578932,2.72059748348374,-3.4));
#7858=CARTESIAN_POINT('',(23.8535041578935,5.31867369483747,-3.4));
#7859=CARTESIAN_POINT('Origin',(22.3535041578935,-6.34380174279348,-3.4));
#7860=CARTESIAN_POINT('',(22.3535041578935,-6.17059666203662,-3.4));
#7861=CARTESIAN_POINT('Origin',(25.3535041578935,-6.17059666203654,-3.4));
#7862=CARTESIAN_POINT('',(23.8535041578934,-8.7686728733898,-3.4));
#7863=CARTESIAN_POINT('Origin',(31.8535041578927,-13.3874750269068,-3.4));
#7864=CARTESIAN_POINT('',(24.9874787541081,-9.42337341176955,-2.55554429104609));
#7865=CARTESIAN_POINT('',(24.9874787541085,-9.42337341176887,-2.30000002458692));
#7866=CARTESIAN_POINT('',(26.719529561677,-10.4233734117697,-2.55554429104632));
#7867=CARTESIAN_POINT('',(25.853504157893,-9.9233734117689,-2.55554429104289));
#7868=CARTESIAN_POINT('',(26.7195295616774,-10.423373411769,-2.30000002458692));
#7869=CARTESIAN_POINT('',(31.7535041578927,-13.3297399999879,-3.4));
#7870=CARTESIAN_POINT('Origin',(23.8535041578936,5.31867369483753,-3.4));
#7871=CARTESIAN_POINT('',(31.7535041578937,9.87974082143513,-3.4));
#7872=CARTESIAN_POINT('',(26.7195295616777,6.97337423321731,-2.55554429104711));
#7873=CARTESIAN_POINT('',(26.7195295616781,6.97337423321663,-2.30000002458692));
#7874=CARTESIAN_POINT('',(24.9874787541088,5.97337423321741,-2.55554429104736));
#7875=CARTESIAN_POINT('',(25.8535041578935,6.47337423321664,-2.555544291044));
#7876=CARTESIAN_POINT('',(24.9874787541092,5.97337423321673,-2.30000002458692));
#7877=CARTESIAN_POINT('Origin',(33.2535041578927,-10.7316637886346,-3.4));
#7878=CARTESIAN_POINT('Origin',(33.2535041578937,7.28166461008173,-3.4));
#7879=CARTESIAN_POINT('Origin',(42.7526711078267,-11.5404350691086,-1.20000001117587));
#7880=CARTESIAN_POINT('Origin',(41.0206203002584,-12.5404350691082,-1.20000001117587));
#7881=CARTESIAN_POINT('Origin',(42.7526711078274,-11.5404350691082,-1.20000001117587));
#7882=CARTESIAN_POINT('Origin',(39.8206203270807,-10.4619741464831,-1.20000001117587));
#7883=CARTESIAN_POINT('Origin',(41.5526711346497,-9.46197414648307,-1.20000001117587));
#7884=CARTESIAN_POINT('Origin',(41.8785041383347,8.59513643861293,-1.20000004917383));
#7885=CARTESIAN_POINT('Origin',(42.7445295421194,8.09513643861279,-1.20000004917383));
#7886=CARTESIAN_POINT('Origin',(41.0124787345504,9.09513643861276,-1.20000004917383));
#7887=CARTESIAN_POINT('Origin',(39.8124787613727,7.01667551598743,-1.20000004917383));
#7888=CARTESIAN_POINT('Origin',(41.5445295689417,6.01667551598753,-1.20000004917383));
#7889=CARTESIAN_POINT('Origin',(24.6285041774506,-12.0451356171661,-1.20000004917383));
#7890=CARTESIAN_POINT('Origin',(23.7624787736662,-11.5451356171661,-1.20000004917383));
#7891=CARTESIAN_POINT('Origin',(25.494529581235,-12.545135617166,-1.20000004917383));
#7892=CARTESIAN_POINT('Origin',(24.962478746844,-9.46667469454067,-1.20000004917383));
#7893=CARTESIAN_POINT('Origin',(26.6945295544129,-10.4666746945406,-1.20000004917383));
#7894=CARTESIAN_POINT('Origin',(24.6285041774514,8.59513643861323,-1.20000004917383));
#7895=CARTESIAN_POINT('Origin',(25.4945295812359,9.09513643861329,-1.20000004917383));
#7896=CARTESIAN_POINT('Origin',(23.762478773667,8.09513643861326,-1.20000004917383));
#7897=CARTESIAN_POINT('Origin',(26.6945295544138,7.01667551598793,-1.20000004917383));
#7898=CARTESIAN_POINT('Origin',(24.962478746845,6.01667551598783,-1.20000004917383));
#7899=CARTESIAN_POINT('Origin',(33.2535041578927,8.66730525613633,-3.4));
#7900=CARTESIAN_POINT('Origin',(33.2535041578927,-12.1173044346902,-3.4));
#7901=CARTESIAN_POINT('Origin',(-2.19474771991329,6.69122020189936,9.));
#7902=CARTESIAN_POINT('',(-3.25068224221425,8.17894185369189,9.));
#7903=CARTESIAN_POINT('',(-1.13881319761234,8.17894185369189,9.));
#7904=CARTESIAN_POINT('',(-3.25068224221425,8.17894185369189,9.));
#7905=CARTESIAN_POINT('',(-3.25068224221425,7.67348492925341,9.));
#7906=CARTESIAN_POINT('',(-3.25068224221425,7.67348492925341,9.));
#7907=CARTESIAN_POINT('',(-1.74454305320936,7.67348492925341,9.));
#7908=CARTESIAN_POINT('',(-1.74454305320936,7.67348492925341,9.));
#7909=CARTESIAN_POINT('',(-1.74454305320936,5.20349855010684,9.));
#7910=CARTESIAN_POINT('',(-1.74454305320936,5.20349855010684,9.));
#7911=CARTESIAN_POINT('',(-1.13881319761234,5.20349855010684,9.));
#7912=CARTESIAN_POINT('',(-1.13881319761234,5.20349855010684,9.));
#7913=CARTESIAN_POINT('',(-1.13881319761234,8.17894185369189,9.));
#7914=CARTESIAN_POINT('Origin',(6.17394302447835,6.67894179408725,9.));
#7915=CARTESIAN_POINT('',(5.85163738578601,8.17894185369189,9.));
#7916=CARTESIAN_POINT('',(6.49829495698256,8.17894185369189,9.));
#7917=CARTESIAN_POINT('',(5.85163738578601,8.17894185369189,9.));
#7918=CARTESIAN_POINT('',(4.77728556841655,5.1789417344826,9.));
#7919=CARTESIAN_POINT('',(4.77728556841655,5.1789417344826,9.));
#7920=CARTESIAN_POINT('',(5.41985031217379,5.1789417344826,9.));
#7921=CARTESIAN_POINT('',(5.41985031217379,5.1789417344826,9.));
#7922=CARTESIAN_POINT('',(6.15450229495807,7.39926929061587,9.));
#7923=CARTESIAN_POINT('',(6.15450229495807,7.39926929061587,9.));
#7924=CARTESIAN_POINT('',(6.91371101886077,5.1789417344826,9.));
#7925=CARTESIAN_POINT('',(6.91371101886077,5.1789417344826,9.));
#7926=CARTESIAN_POINT('',(7.57060048054015,5.1789417344826,9.));
#7927=CARTESIAN_POINT('',(7.57060048054015,5.1789417344826,9.));
#7928=CARTESIAN_POINT('',(6.49829495698256,8.17894185369189,9.));
#7929=CARTESIAN_POINT('Origin',(0.0109140574933009,-6.71484285513113,9.));
#7930=CARTESIAN_POINT('',(-0.394270122051148,-8.71484288493345,9.));
#7931=CARTESIAN_POINT('',(-1.99590712785712,-4.71484282532881,9.));
#7932=CARTESIAN_POINT('',(-0.394270122051148,-8.71484288493345,9.));
#7933=CARTESIAN_POINT('',(0.459754317998977,-8.71484288493345,9.));
#7934=CARTESIAN_POINT('',(0.459754317998977,-8.71484288493345,9.));
#7935=CARTESIAN_POINT('',(2.01773524284372,-4.71484282532881,9.));
#7936=CARTESIAN_POINT('',(2.01773524284372,-4.71484282532881,9.));
#7937=CARTESIAN_POINT('',(1.16098217666158,-4.71484282532881,9.));
#7938=CARTESIAN_POINT('',(1.16098217666158,-4.71484282532881,9.));
#7939=CARTESIAN_POINT('',(0.8308321237565,-5.62343755284498,9.));
#7940=CARTESIAN_POINT('',(0.8308321237565,-5.62343755284498,9.));
#7941=CARTESIAN_POINT('',(-0.768076479434876,-5.62343755284498,9.));
#7942=CARTESIAN_POINT('',(-0.768076479434876,-5.62343755284498,9.));
#7943=CARTESIAN_POINT('',(-1.11732602119437,-4.71484282532881,9.));
#7944=CARTESIAN_POINT('',(-1.11732602119437,-4.71484282532881,9.));
#7945=CARTESIAN_POINT('',(-1.99590712785712,-4.71484282532881,9.));
#7946=CARTESIAN_POINT('',(0.582537502050491,-6.29738011876295,9.));
#7947=CARTESIAN_POINT('',(-0.508867800235657,-6.29738011876295,9.));
#7948=CARTESIAN_POINT('',(0.582537502050491,-6.29738011876295,9.));
#7949=CARTESIAN_POINT('',(0.0422918796540217,-7.78169134179304,9.));
#7950=CARTESIAN_POINT('',(0.0422918796540217,-7.78169134179304,9.));
#7951=CARTESIAN_POINT('',(-0.508867800235657,-6.29738011876295,9.));
#7952=CARTESIAN_POINT('Origin',(4.0463844127954,-6.71484285513113,9.));
#7953=CARTESIAN_POINT('',(3.42019081115732,-5.54158219615172,9.));
#7954=CARTESIAN_POINT('',(3.08731228113184,-6.18551114121626,9.));
#7955=CARTESIAN_POINT('Ctrl Pts',(3.42019081115732,-5.54158219615172,9.));
#7956=CARTESIAN_POINT('Ctrl Pts',(3.34706358532175,-5.62573432125285,9.));
#7957=CARTESIAN_POINT('Ctrl Pts',(3.18457957477623,-5.81271495160121,9.));
#7958=CARTESIAN_POINT('Ctrl Pts',(3.12182413457752,-6.05323761967528,9.));
#7959=CARTESIAN_POINT('Ctrl Pts',(3.08731228113184,-6.18551114121626,9.));
#7960=CARTESIAN_POINT('',(3.97407889366159,-5.33694365540693,9.));
#7961=CARTESIAN_POINT('Ctrl Pts',(3.97407889366159,-5.33694365540693,9.));
#7962=CARTESIAN_POINT('Ctrl Pts',(3.87094750557505,-5.34508630081484,9.));
#7963=CARTESIAN_POINT('Ctrl Pts',(3.66694320333774,-5.36119327586508,9.));
#7964=CARTESIAN_POINT('Ctrl Pts',(3.50183230988194,-5.48189798529005,9.));
#7965=CARTESIAN_POINT('Ctrl Pts',(3.42019081115732,-5.54158219615172,9.));
#7966=CARTESIAN_POINT('',(4.68349218368539,-5.65890827695082,9.));
#7967=CARTESIAN_POINT('Ctrl Pts',(4.68349218368539,-5.65890827695082,9.));
#7968=CARTESIAN_POINT('Ctrl Pts',(4.5850230590213,-5.56500453203115,9.));
#7969=CARTESIAN_POINT('Ctrl Pts',(4.38614456095733,-5.37534675030605,9.));
#7970=CARTESIAN_POINT('Ctrl Pts',(4.11232457415106,-5.34982767465093,9.));
#7971=CARTESIAN_POINT('Ctrl Pts',(3.97407889366159,-5.33694365540693,9.));
#7972=CARTESIAN_POINT('',(4.95634354650983,-6.73939922372053,9.));
#7973=CARTESIAN_POINT('Ctrl Pts',(4.95634354650983,-6.73939922372053,9.));
#7974=CARTESIAN_POINT('Ctrl Pts',(4.95399982867524,-6.51720677699251,9.));
#7975=CARTESIAN_POINT('Ctrl Pts',(4.94994322628764,-6.13262703082933,9.));
#7976=CARTESIAN_POINT('Ctrl Pts',(4.76259798281545,-5.7995491249748,9.));
#7977=CARTESIAN_POINT('Ctrl Pts',(4.68349218368539,-5.65890827695082,9.));
#7978=CARTESIAN_POINT('',(4.6807637810708,-7.77350583592604,9.));
#7979=CARTESIAN_POINT('Ctrl Pts',(4.6807637810708,-7.77350583592604,9.));
#7980=CARTESIAN_POINT('Ctrl Pts',(4.76074006443111,-7.63737360158592,9.));
#7981=CARTESIAN_POINT('Ctrl Pts',(4.94698906747627,-7.32034845534438,9.));
#7982=CARTESIAN_POINT('Ctrl Pts',(4.95294507777782,-6.95045724111254,9.));
#7983=CARTESIAN_POINT('Ctrl Pts',(4.95634354650983,-6.73939922372053,9.));
#7984=CARTESIAN_POINT('',(3.95770788192758,-8.0927417568321,9.));
#7985=CARTESIAN_POINT('Ctrl Pts',(3.95770788192758,-8.0927417568321,9.));
#7986=CARTESIAN_POINT('Ctrl Pts',(4.09835012834441,-8.08020259447262,9.));
#7987=CARTESIAN_POINT('Ctrl Pts',(4.37574319073124,-8.05547121584863,9.));
#7988=CARTESIAN_POINT('Ctrl Pts',(4.58004560848285,-7.86661114979109,9.));
#7989=CARTESIAN_POINT('Ctrl Pts',(4.6807637810708,-7.77350583592604,9.));
#7990=CARTESIAN_POINT('',(3.41200530529031,-7.91266003171156,9.));
#7991=CARTESIAN_POINT('Ctrl Pts',(3.41200530529031,-7.91266003171156,9.));
#7992=CARTESIAN_POINT('Ctrl Pts',(3.49225322691681,-7.96516979184388,9.));
#7993=CARTESIAN_POINT('Ctrl Pts',(3.65790059500837,-8.07356018238288,9.));
#7994=CARTESIAN_POINT('Ctrl Pts',(3.85572142018214,-8.08621669558731,9.));
#7995=CARTESIAN_POINT('Ctrl Pts',(3.95770788192758,-8.0927417568321,9.));
#7996=CARTESIAN_POINT('',(3.11459720134744,-7.42152759352873,9.));
#7997=CARTESIAN_POINT('Ctrl Pts',(3.11459720134744,-7.42152759352873,9.));
#7998=CARTESIAN_POINT('Ctrl Pts',(3.14367553132849,-7.51890442417963,9.));
#7999=CARTESIAN_POINT('Ctrl Pts',(3.20032586622277,-7.70861373936078,9.));
#8000=CARTESIAN_POINT('Ctrl Pts',(3.3427074616619,-7.84586106378832,9.));
#8001=CARTESIAN_POINT('Ctrl Pts',(3.41200530529031,-7.91266003171156,9.));
#8002=CARTESIAN_POINT('',(2.31514304876337,-7.6125235251541,9.));
#8003=CARTESIAN_POINT('',(2.31514304876337,-7.6125235251541,9.));
#8004=CARTESIAN_POINT('',(2.72441983222971,-8.34922203341673,9.));
#8005=CARTESIAN_POINT('Ctrl Pts',(2.72441983222971,-8.34922203341673,9.));
#8006=CARTESIAN_POINT('Ctrl Pts',(2.63774085334593,-8.24912252040895,9.));
#8007=CARTESIAN_POINT('Ctrl Pts',(2.45025709710851,-8.03261059401214,9.));
#8008=CARTESIAN_POINT('Ctrl Pts',(2.36238787460199,-7.7594138052422,9.));
#8009=CARTESIAN_POINT('Ctrl Pts',(2.31514304876337,-7.6125235251541,9.));
#8010=CARTESIAN_POINT('',(3.91678005456934,-8.78305563250731,9.));
#8011=CARTESIAN_POINT('Ctrl Pts',(3.91678005456934,-8.78305563250731,9.));
#8012=CARTESIAN_POINT('Ctrl Pts',(3.68713402635272,-8.768211941194,9.));
#8013=CARTESIAN_POINT('Ctrl Pts',(3.24633492192784,-8.73971989241754,9.));
#8014=CARTESIAN_POINT('Ctrl Pts',(2.89345673398874,-8.47569576359229,9.));
#8015=CARTESIAN_POINT('Ctrl Pts',(2.72441983222971,-8.34922203341673,9.));
#8016=CARTESIAN_POINT('',(5.27285106480131,-8.22916755000303,9.));
#8017=CARTESIAN_POINT('Ctrl Pts',(5.27285106480131,-8.22916755000303,9.));
#8018=CARTESIAN_POINT('Ctrl Pts',(5.08348122217796,-8.39067866769656,9.));
#8019=CARTESIAN_POINT('Ctrl Pts',(4.69314368431546,-8.72359256330192,9.));
#8020=CARTESIAN_POINT('Ctrl Pts',(4.1806437929624,-8.76284584016813,9.));
#8021=CARTESIAN_POINT('Ctrl Pts',(3.91678005456934,-8.78305563250731,9.));
#8022=CARTESIAN_POINT('',(5.78853998333225,-6.67937198201368,9.));
#8023=CARTESIAN_POINT('Ctrl Pts',(5.78853998333225,-6.67937198201368,9.));
#8024=CARTESIAN_POINT('Ctrl Pts',(5.77452488085807,-6.98508192908908,9.));
#8025=CARTESIAN_POINT('Ctrl Pts',(5.7485044354144,-7.55266315185365,9.));
#8026=CARTESIAN_POINT('Ctrl Pts',(5.42302235873376,-8.01558440921683,9.));
#8027=CARTESIAN_POINT('Ctrl Pts',(5.27285106480131,-8.22916755000303,9.));
#8028=CARTESIAN_POINT('',(5.27557954192171,-5.18960395375441,9.));
#8029=CARTESIAN_POINT('Ctrl Pts',(5.27557954192171,-5.18960395375441,9.));
#8030=CARTESIAN_POINT('Ctrl Pts',(5.42502803012546,-5.39709998321224,9.));
#8031=CARTESIAN_POINT('Ctrl Pts',(5.74439109339999,-5.840507396572,9.));
#8032=CARTESIAN_POINT('Ctrl Pts',(5.77320811593268,-6.38805411173601,9.));
#8033=CARTESIAN_POINT('Ctrl Pts',(5.78853998333225,-6.67937198201368,9.));
#8034=CARTESIAN_POINT('',(3.96589338779459,-4.64663007775496,9.));
#8035=CARTESIAN_POINT('Ctrl Pts',(3.96589338779459,-4.64663007775496,9.));
#8036=CARTESIAN_POINT('Ctrl Pts',(4.21801759258193,-4.66755520774159,9.));
#8037=CARTESIAN_POINT('Ctrl Pts',(4.71322199495266,-4.70865485740949,9.));
#8038=CARTESIAN_POINT('Ctrl Pts',(5.09042332487717,-5.03125146831134,9.));
#8039=CARTESIAN_POINT('Ctrl Pts',(5.27557954192171,-5.18960395375441,9.));
#8040=CARTESIAN_POINT('',(2.90450185537347,-4.96313759604643,9.));
#8041=CARTESIAN_POINT('Ctrl Pts',(2.90450185537347,-4.96313759604643,9.));
#8042=CARTESIAN_POINT('Ctrl Pts',(3.05848593145016,-4.87090018528982,9.));
#8043=CARTESIAN_POINT('Ctrl Pts',(3.38458574260444,-4.67556438826812,9.));
#8044=CARTESIAN_POINT('Ctrl Pts',(3.76507229055094,-4.65662585199485,9.));
#8045=CARTESIAN_POINT('Ctrl Pts',(3.96589338779459,-4.64663007775496,9.));
#8046=CARTESIAN_POINT('',(2.30422884225854,-5.93721666852186,9.));
#8047=CARTESIAN_POINT('Ctrl Pts',(2.30422884225854,-5.93721666852186,9.));
#8048=CARTESIAN_POINT('Ctrl Pts',(2.36890994186389,-5.73719815284371,9.));
#8049=CARTESIAN_POINT('Ctrl Pts',(2.49004462428195,-5.36260372692574,9.));
#8050=CARTESIAN_POINT('Ctrl Pts',(2.77274993140851,-5.09012399501354,9.));
#8051=CARTESIAN_POINT('Ctrl Pts',(2.90450185537347,-4.96313759604643,9.));
#8052=CARTESIAN_POINT('',(3.08731228113184,-6.18551114121626,9.));
#8053=CARTESIAN_POINT('Origin',(-4.01909951120606,-6.71484285513113,9.));
#8054=CARTESIAN_POINT('',(-3.18281024694434,-4.71484282532881,9.));
#8055=CARTESIAN_POINT('',(-2.43246920406809,-4.71484282532881,9.));
#8056=CARTESIAN_POINT('',(-3.18281024694434,-4.71484282532881,9.));
#8057=CARTESIAN_POINT('',(-3.18281024694434,-7.32330122510145,9.));
#8058=CARTESIAN_POINT('',(-3.18281024694434,-7.32330122510145,9.));
#8059=CARTESIAN_POINT('',(-4.79536145925513,-4.71484282532881,9.));
#8060=CARTESIAN_POINT('',(-4.79536145925513,-4.71484282532881,9.));
#8061=CARTESIAN_POINT('',(-5.60572981834403,-4.71484282532881,9.));
#8062=CARTESIAN_POINT('',(-5.60572981834403,-4.71484282532881,9.));
#8063=CARTESIAN_POINT('',(-5.60572981834403,-8.71484288493345,9.));
#8064=CARTESIAN_POINT('',(-5.60572981834403,-8.71484288493345,9.));
#8065=CARTESIAN_POINT('',(-4.85538870096198,-8.71484288493345,9.));
#8066=CARTESIAN_POINT('',(-4.85538870096198,-8.71484288493345,9.));
#8067=CARTESIAN_POINT('',(-4.85538870096198,-6.04362854281614,9.));
#8068=CARTESIAN_POINT('',(-4.85538870096198,-6.04362854281614,9.));
#8069=CARTESIAN_POINT('',(-3.21828089654437,-8.71484288493345,9.));
#8070=CARTESIAN_POINT('',(-3.21828089654437,-8.71484288493345,9.));
#8071=CARTESIAN_POINT('',(-2.43246920406809,-8.71484288493345,9.));
#8072=CARTESIAN_POINT('',(-2.43246920406809,-8.71484288493345,9.));
#8073=CARTESIAN_POINT('',(-2.43246920406809,-4.71484282532881,9.));
#8074=CARTESIAN_POINT('Origin',(2.00341053307099,6.67894179408725,9.));
#8075=CARTESIAN_POINT('',(1.21248278766913,7.07594031875308,9.));
#8076=CARTESIAN_POINT('',(1.90620724111838,7.07594031875308,9.));
#8077=CARTESIAN_POINT('',(1.21248278766913,7.07594031875308,9.));
#8078=CARTESIAN_POINT('',(1.21248278766913,7.45656812970813,9.));
#8079=CARTESIAN_POINT('',(1.21248278766913,7.45656812970813,9.));
#8080=CARTESIAN_POINT('',(1.54195073992057,7.63869638030703,9.));
#8081=CARTESIAN_POINT('Ctrl Pts',(1.54195073992057,7.63869638030703,9.));
#8082=CARTESIAN_POINT('Ctrl Pts',(1.48124782886409,7.61303140644429,9.));
#8083=CARTESIAN_POINT('Ctrl Pts',(1.36498946404737,7.56387778526837,9.));
#8084=CARTESIAN_POINT('Ctrl Pts',(1.26179533818359,7.49126636677009,9.));
#8085=CARTESIAN_POINT('Ctrl Pts',(1.21248278766913,7.45656812970813,9.));
#8086=CARTESIAN_POINT('',(1.92257825285239,7.7123662311333,9.));
#8087=CARTESIAN_POINT('Ctrl Pts',(1.92257825285239,7.7123662311333,9.));
#8088=CARTESIAN_POINT('Ctrl Pts',(1.85859258324658,7.70908265251652,9.));
#8089=CARTESIAN_POINT('Ctrl Pts',(1.72828903073802,7.70239581214518,9.));
#8090=CARTESIAN_POINT('Ctrl Pts',(1.60480025032557,7.66018137990933,9.));
#8091=CARTESIAN_POINT('Ctrl Pts',(1.54195073992057,7.63869638030703,9.));
#8092=CARTESIAN_POINT('',(2.54467930644793,7.44633609836276,9.));
#8093=CARTESIAN_POINT('Ctrl Pts',(2.54467930644793,7.44633609836276,9.));
#8094=CARTESIAN_POINT('Ctrl Pts',(2.45807366315482,7.52391801356902,9.));
#8095=CARTESIAN_POINT('Ctrl Pts',(2.28101526135981,7.68252811554731,9.));
#8096=CARTESIAN_POINT('Ctrl Pts',(2.04377549984829,7.702277157241,9.));
#8097=CARTESIAN_POINT('Ctrl Pts',(1.92257825285239,7.7123662311333,9.));
#8098=CARTESIAN_POINT('',(2.78205994516654,6.64415324514087,9.));
#8099=CARTESIAN_POINT('Ctrl Pts',(2.78205994516654,6.64415324514087,9.));
#8100=CARTESIAN_POINT('Ctrl Pts',(2.77725076971109,6.80477637854991,9.));
#8101=CARTESIAN_POINT('Ctrl Pts',(2.76857463149239,7.09455339323501,9.));
#8102=CARTESIAN_POINT('Ctrl Pts',(2.61370489159298,7.33788360137325,9.));
#8103=CARTESIAN_POINT('Ctrl Pts',(2.54467930644793,7.44633609836276,9.));
#8104=CARTESIAN_POINT('',(2.54877205938144,5.89722285454448,9.));
#8105=CARTESIAN_POINT('Ctrl Pts',(2.54877205938144,5.89722285454448,9.));
#8106=CARTESIAN_POINT('Ctrl Pts',(2.61663604276845,5.9982359087854,9.));
#8107=CARTESIAN_POINT('Ctrl Pts',(2.76752384654708,6.22282687952855,9.));
#8108=CARTESIAN_POINT('Ctrl Pts',(2.77690055026576,6.49460905455634,9.));
#8109=CARTESIAN_POINT('Ctrl Pts',(2.78205994516654,6.64415324514087,9.));
#8110=CARTESIAN_POINT('',(1.91643912345214,5.64551765506442,9.));
#8111=CARTESIAN_POINT('Ctrl Pts',(1.91643912345214,5.64551765506442,9.));
#8112=CARTESIAN_POINT('Ctrl Pts',(2.04030969502936,5.65421821436118,9.));
#8113=CARTESIAN_POINT('Ctrl Pts',(2.27850187265614,5.67094862206882,9.));
#8114=CARTESIAN_POINT('Ctrl Pts',(2.46112237518606,5.82384123129425,9.));
#8115=CARTESIAN_POINT('Ctrl Pts',(2.54877205938144,5.89722285454448,9.));
#8116=CARTESIAN_POINT('',(1.48055914789481,5.77443981950457,9.));
#8117=CARTESIAN_POINT('Ctrl Pts',(1.48055914789481,5.77443981950457,9.));
#8118=CARTESIAN_POINT('Ctrl Pts',(1.54424311359595,5.73686437436412,9.));
#8119=CARTESIAN_POINT('Ctrl Pts',(1.67848765689067,5.65765607732357,9.));
#8120=CARTESIAN_POINT('Ctrl Pts',(1.83445878601236,5.64969965052413,9.));
#8121=CARTESIAN_POINT('Ctrl Pts',(1.91643912345214,5.64551765506442,9.));
#8122=CARTESIAN_POINT('',(1.24113220721526,6.12232515995677,9.));
#8123=CARTESIAN_POINT('Ctrl Pts',(1.24113220721526,6.12232515995677,9.));
#8124=CARTESIAN_POINT('Ctrl Pts',(1.26649219307581,6.05292413183399,9.));
#8125=CARTESIAN_POINT('Ctrl Pts',(1.3164238956427,5.91627928064523,9.));
#8126=CARTESIAN_POINT('Ctrl Pts',(1.42642626434121,5.82121940480316,9.));
#8127=CARTESIAN_POINT('Ctrl Pts',(1.48055914789481,5.77443981950457,9.));
#8128=CARTESIAN_POINT('',(0.639494992793035,6.00977400725062,9.));
#8129=CARTESIAN_POINT('',(0.639494992793035,6.00977400725062,9.));
#8130=CARTESIAN_POINT('',(1.0446793213491,5.36311651055987,9.));
#8131=CARTESIAN_POINT('Ctrl Pts',(1.0446793213491,5.36311651055987,9.));
#8132=CARTESIAN_POINT('Ctrl Pts',(0.948717416692769,5.4497721985748,9.));
#8133=CARTESIAN_POINT('Ctrl Pts',(0.752689503324412,5.62678966987137,9.));
#8134=CARTESIAN_POINT('Ctrl Pts',(0.677749485818094,5.88034306935262,9.));
#8135=CARTESIAN_POINT('Ctrl Pts',(0.639494992793035,6.00977400725062,9.));
#8136=CARTESIAN_POINT('',(1.91643912345214,5.12778217380221,9.));
#8137=CARTESIAN_POINT('Ctrl Pts',(1.91643912345214,5.12778217380221,9.));
#8138=CARTESIAN_POINT('Ctrl Pts',(1.7466384492945,5.13328393572338,9.));
#8139=CARTESIAN_POINT('Ctrl Pts',(1.43645138751105,5.14333439855826,9.));
#8140=CARTESIAN_POINT('Ctrl Pts',(1.16674480304422,5.29463840380695,9.));
#8141=CARTESIAN_POINT('Ctrl Pts',(1.0446793213491,5.36311651055987,9.));
#8142=CARTESIAN_POINT('',(2.63472024351401,5.2771684009331,9.));
#8143=CARTESIAN_POINT('Ctrl Pts',(2.63472024351401,5.2771684009331,9.));
#8144=CARTESIAN_POINT('Ctrl Pts',(2.52811128014665,5.2336583456074,9.));
#8145=CARTESIAN_POINT('Ctrl Pts',(2.29823943718185,5.13984131288047,9.));
#8146=CARTESIAN_POINT('Ctrl Pts',(2.04970782543664,5.13199145743614,9.));
#8147=CARTESIAN_POINT('Ctrl Pts',(1.91643912345214,5.12778217380221,9.));
#8148=CARTESIAN_POINT('',(3.20975441485686,5.83583126251872,9.));
#8149=CARTESIAN_POINT('Ctrl Pts',(3.20975441485686,5.83583126251872,9.));
#8150=CARTESIAN_POINT('Ctrl Pts',(3.13621590472978,5.72125170698021,9.));
#8151=CARTESIAN_POINT('Ctrl Pts',(2.98803115309001,5.49036665163811,9.));
#8152=CARTESIAN_POINT('Ctrl Pts',(2.75307600324099,5.34858776628736,9.));
#8153=CARTESIAN_POINT('Ctrl Pts',(2.63472024351401,5.2771684009331,9.));
#8154=CARTESIAN_POINT('',(3.40620737522883,6.66870991175349,9.));
#8155=CARTESIAN_POINT('Ctrl Pts',(3.40620737522883,6.66870991175349,9.));
#8156=CARTESIAN_POINT('Ctrl Pts',(3.3991390653535,6.51896518687038,9.));
#8157=CARTESIAN_POINT('Ctrl Pts',(3.38544723713133,6.22889880799949,9.));
#8158=CARTESIAN_POINT('Ctrl Pts',(3.26703646159869,5.96398512345307,9.));
#8159=CARTESIAN_POINT('Ctrl Pts',(3.20975441485686,5.83583126251872,9.));
#8160=CARTESIAN_POINT('',(3.23021825403018,7.46884638850863,9.));
#8161=CARTESIAN_POINT('Ctrl Pts',(3.23021825403018,7.46884638850863,9.));
#8162=CARTESIAN_POINT('Ctrl Pts',(3.28154535276146,7.34240162321024,9.));
#8163=CARTESIAN_POINT('Ctrl Pts',(3.38571556775932,7.08577736990016,9.));
#8164=CARTESIAN_POINT('Ctrl Pts',(3.39931082093052,6.80907470756011,9.));
#8165=CARTESIAN_POINT('Ctrl Pts',(3.40620737522883,6.66870991175349,9.));
#8166=CARTESIAN_POINT('',(2.70429734140677,8.03364867751773,9.));
#8167=CARTESIAN_POINT('Ctrl Pts',(2.70429734140677,8.03364867751773,9.));
#8168=CARTESIAN_POINT('Ctrl Pts',(2.81377235236654,7.96032623284003,9.));
#8169=CARTESIAN_POINT('Ctrl Pts',(3.03331514466447,7.81328432709803,9.));
#8170=CARTESIAN_POINT('Ctrl Pts',(3.16446584764532,7.58386551332312,9.));
#8171=CARTESIAN_POINT('Ctrl Pts',(3.23021825403018,7.46884638850863,9.));
#8172=CARTESIAN_POINT('',(1.88369695097251,8.23010141437228,9.));
#8173=CARTESIAN_POINT('Ctrl Pts',(1.88369695097251,8.23010141437228,9.));
#8174=CARTESIAN_POINT('Ctrl Pts',(2.03288895751913,8.22337284704002,9.));
#8175=CARTESIAN_POINT('Ctrl Pts',(2.31930936819722,8.21045527147285,9.));
#8176=CARTESIAN_POINT('Ctrl Pts',(2.57959196439042,8.09091990283507,9.));
#8177=CARTESIAN_POINT('Ctrl Pts',(2.70429734140677,8.03364867751773,9.));
#8178=CARTESIAN_POINT('',(1.15313757211013,8.09094721858676,9.));
#8179=CARTESIAN_POINT('Ctrl Pts',(1.15313757211013,8.09094721858676,9.));
#8180=CARTESIAN_POINT('Ctrl Pts',(1.27294665901369,8.13153267823034,9.));
#8181=CARTESIAN_POINT('Ctrl Pts',(1.51003843708187,8.21184777818896,9.));
#8182=CARTESIAN_POINT('Ctrl Pts',(1.76003207133109,8.22406024673468,9.));
#8183=CARTESIAN_POINT('Ctrl Pts',(1.88369695097251,8.23010141437228,9.));
#8184=CARTESIAN_POINT('',(0.600613690913152,7.76557201926883,9.));
#8185=CARTESIAN_POINT('Ctrl Pts',(0.600613690913152,7.76557201926883,9.));
#8186=CARTESIAN_POINT('Ctrl Pts',(0.676181188590789,7.82702982576121,9.));
#8187=CARTESIAN_POINT('Ctrl Pts',(0.843657148879218,7.96323527752091,9.));
#8188=CARTESIAN_POINT('Ctrl Pts',(1.04347844304847,8.04569466244169,9.));
#8189=CARTESIAN_POINT('Ctrl Pts',(1.15313757211013,8.09094721858676,9.));
#8190=CARTESIAN_POINT('',(0.600613690913152,6.5704833943146,9.));
#8191=CARTESIAN_POINT('',(0.600613690913152,6.5704833943146,9.));
#8192=CARTESIAN_POINT('',(1.90620724111838,6.5704833943146,9.));
#8193=CARTESIAN_POINT('',(1.90620724111838,6.5704833943146,9.));
#8194=CARTESIAN_POINT('',(1.90620724111838,7.07594031875308,9.));
#8195=CARTESIAN_POINT('Origin',(-6.04809015057939,6.67894179408725,9.));
#8196=CARTESIAN_POINT('',(-5.4546385630961,8.17894185369189,9.));
#8197=CARTESIAN_POINT('',(-4.84890865161973,8.17894185369189,9.));
#8198=CARTESIAN_POINT('',(-5.4546385630961,8.17894185369189,9.));
#8199=CARTESIAN_POINT('',(-5.4546385630961,6.86720917408641,9.));
#8200=CARTESIAN_POINT('',(-5.4546385630961,6.86720917408641,9.));
#8201=CARTESIAN_POINT('',(-6.64154168218332,6.86720917408641,9.));
#8202=CARTESIAN_POINT('',(-6.64154168218332,6.86720917408641,9.));
#8203=CARTESIAN_POINT('',(-6.64154168218332,8.17894185369189,9.));
#8204=CARTESIAN_POINT('',(-6.64154168218332,8.17894185369189,9.));
#8205=CARTESIAN_POINT('',(-7.24727164953905,8.17894185369189,9.));
#8206=CARTESIAN_POINT('',(-7.24727164953905,8.17894185369189,9.));
#8207=CARTESIAN_POINT('',(-7.24727164953905,5.1789417344826,9.));
#8208=CARTESIAN_POINT('',(-7.24727164953905,5.1789417344826,9.));
#8209=CARTESIAN_POINT('',(-6.64154168218332,5.1789417344826,9.));
#8210=CARTESIAN_POINT('',(-6.64154168218332,5.1789417344826,9.));
#8211=CARTESIAN_POINT('',(-6.64154168218332,6.35970587318118,9.));
#8212=CARTESIAN_POINT('',(-6.64154168218332,6.35970587318118,9.));
#8213=CARTESIAN_POINT('',(-5.4546385630961,6.35970587318118,9.));
#8214=CARTESIAN_POINT('',(-5.4546385630961,6.35970587318118,9.));
#8215=CARTESIAN_POINT('',(-5.4546385630961,5.1789417344826,9.));
#8216=CARTESIAN_POINT('',(-5.4546385630961,5.1789417344826,9.));
#8217=CARTESIAN_POINT('',(-4.84890865161973,5.1789417344826,9.));
#8218=CARTESIAN_POINT('',(-4.84890865161973,5.1789417344826,9.));
#8219=CARTESIAN_POINT('',(-4.84890865161973,8.17894185369189,9.));
#8220=CARTESIAN_POINT('Origin',(-6.45,-1.5,9.8));
#8221=CARTESIAN_POINT('',(-6.65,3.9,10.));
#8222=CARTESIAN_POINT('',(-6.65,-3.4,10.));
#8223=CARTESIAN_POINT('',(-6.65,-1.5,10.));
#8224=CARTESIAN_POINT('',(-6.25,-3.,9.6));
#8225=CARTESIAN_POINT('',(-6.65,-3.4,10.));
#8226=CARTESIAN_POINT('',(-6.25,3.5,9.6));
#8227=CARTESIAN_POINT('',(-6.25,-1.5,9.6));
#8228=CARTESIAN_POINT('',(-6.65,3.9,10.));
#8229=CARTESIAN_POINT('Origin',(2.7499999999999,-3.2,9.8));
#8230=CARTESIAN_POINT('',(6.65,-3.4,10.));
#8231=CARTESIAN_POINT('',(2.7499999999999,-3.4,10.));
#8232=CARTESIAN_POINT('',(6.25,-3.,9.6));
#8233=CARTESIAN_POINT('',(6.65,-3.4,10.));
#8234=CARTESIAN_POINT('',(2.7499999999999,-3.,9.6));
#8235=CARTESIAN_POINT('Origin',(6.45,1.75,9.8));
#8236=CARTESIAN_POINT('',(6.65,3.9,10.));
#8237=CARTESIAN_POINT('',(6.65,1.75,10.));
#8238=CARTESIAN_POINT('',(6.25,3.5,9.6));
#8239=CARTESIAN_POINT('',(6.65,3.9,10.));
#8240=CARTESIAN_POINT('',(6.25,1.75,9.6));
#8241=CARTESIAN_POINT('Origin',(-3.1250000000001,3.7,9.8));
#8242=CARTESIAN_POINT('',(-3.1250000000001,3.5,9.6));
#8243=CARTESIAN_POINT('',(-3.1250000000001,3.9,10.));
#8244=CARTESIAN_POINT('Origin',(-6.25,3.5,10.));
#8245=CARTESIAN_POINT('',(-6.25,3.5,3.5));
#8246=CARTESIAN_POINT('',(-6.25,3.5,10.));
#8247=CARTESIAN_POINT('',(-5.5,3.5,3.5));
#8248=CARTESIAN_POINT('',(-6.25,3.5,3.5));
#8249=CARTESIAN_POINT('',(-5.5,3.5,3.3));
#8250=CARTESIAN_POINT('',(-5.5,3.5,3.5));
#8251=CARTESIAN_POINT('',(5.5,3.5,3.3));
#8252=CARTESIAN_POINT('',(5.5,3.5,3.3));
#8253=CARTESIAN_POINT('',(5.5,3.5,3.5));
#8254=CARTESIAN_POINT('',(5.5,3.5,3.5));
#8255=CARTESIAN_POINT('',(6.25,3.5,3.5));
#8256=CARTESIAN_POINT('',(-6.25,3.5,3.5));
#8257=CARTESIAN_POINT('',(6.25,3.5,10.));
#8258=CARTESIAN_POINT('Origin',(-6.25,-3.,10.));
#8259=CARTESIAN_POINT('',(-6.25,-3.,3.5));
#8260=CARTESIAN_POINT('',(-6.25,-3.,10.));
#8261=CARTESIAN_POINT('',(-6.25,-3.,3.5));
#8262=CARTESIAN_POINT('Origin',(-2.04281036531029E-13,-1.11022302462516E-15,
10.));
#8263=CARTESIAN_POINT('',(-11.9999999999996,5.196152422707,10.));
#8264=CARTESIAN_POINT('',(-12.,-5.1961524227062,10.));
#8265=CARTESIAN_POINT('',(-11.9999999999997,3.4641016151382,10.));
#8266=CARTESIAN_POINT('',(-10.5000000000001,-7.7942286340596,10.));
#8267=CARTESIAN_POINT('Origin',(-8.99999999999999,-5.1961524227063,10.));
#8268=CARTESIAN_POINT('',(-1.50000000000019,-12.9903810567665,10.));
#8269=CARTESIAN_POINT('',(-9.0000000000001,-8.6602540378441,10.));
#8270=CARTESIAN_POINT('',(1.4999999999998,-12.9903810567666,10.));
#8271=CARTESIAN_POINT('Origin',(-2.04281036531029E-13,-10.3923048454133,
10.));
#8272=CARTESIAN_POINT('',(10.4999999999998,-7.7942286340603,10.));
#8273=CARTESIAN_POINT('',(2.9999999999998,-12.1243556529823,10.));
#8274=CARTESIAN_POINT('',(11.9999999999998,-5.1961524227071,10.));
#8275=CARTESIAN_POINT('Origin',(8.9999999999998,-5.196152422707,10.));
#8276=CARTESIAN_POINT('',(12.0000000000008,5.1961524227062,10.));
#8277=CARTESIAN_POINT('',(11.9999999999998,-3.4641016151382,10.));
#8278=CARTESIAN_POINT('',(10.5000000000008,7.7942286340595,10.));
#8279=CARTESIAN_POINT('Origin',(9.00000000000079,5.1961524227063,10.));
#8280=CARTESIAN_POINT('',(1.50000000000079,12.9903810567665,10.));
#8281=CARTESIAN_POINT('',(9.00000000000079,8.66025403784399,10.));
#8282=CARTESIAN_POINT('',(-1.4999999999992,12.9903810567666,10.));
#8283=CARTESIAN_POINT('Origin',(7.90478793533111E-13,10.3923048454132,10.));
#8284=CARTESIAN_POINT('',(-10.4999999999995,7.7942286340603,10.));
#8285=CARTESIAN_POINT('',(-2.99999999999939,12.1243556529822,10.));
#8286=CARTESIAN_POINT('Origin',(-8.9999999999996,5.1961524227069,10.));
#8287=CARTESIAN_POINT('',(1.21248278766913,7.45656812970813,10.));
#8288=CARTESIAN_POINT('',(1.21248278766913,7.07594031875308,10.));
#8289=CARTESIAN_POINT('',(1.21248278766913,3.72828406485406,10.));
#8290=CARTESIAN_POINT('',(1.90620724111838,7.07594031875308,10.));
#8291=CARTESIAN_POINT('',(0.606241393834465,7.07594031875308,10.));
#8292=CARTESIAN_POINT('',(1.90620724111838,6.5704833943146,10.));
#8293=CARTESIAN_POINT('',(1.90620724111838,3.53797015937654,10.));
#8294=CARTESIAN_POINT('',(0.600613690913152,6.5704833943146,10.));
#8295=CARTESIAN_POINT('',(0.953103620559089,6.5704833943146,10.));
#8296=CARTESIAN_POINT('',(0.600613690913152,7.76557201926883,10.));
#8297=CARTESIAN_POINT('',(0.600613690913152,3.2852416971573,10.));
#8298=CARTESIAN_POINT('',(1.15313757211013,8.09094721858676,10.));
#8299=CARTESIAN_POINT('Ctrl Pts',(0.600613690913152,7.76557201926883,10.));
#8300=CARTESIAN_POINT('Ctrl Pts',(0.676181188590789,7.82702982576121,10.));
#8301=CARTESIAN_POINT('Ctrl Pts',(0.843657148879218,7.96323527752091,10.));
#8302=CARTESIAN_POINT('Ctrl Pts',(1.04347844304847,8.04569466244169,10.));
#8303=CARTESIAN_POINT('Ctrl Pts',(1.15313757211013,8.09094721858676,10.));
#8304=CARTESIAN_POINT('',(1.88369695097251,8.23010141437228,10.));
#8305=CARTESIAN_POINT('Ctrl Pts',(1.15313757211013,8.09094721858676,10.));
#8306=CARTESIAN_POINT('Ctrl Pts',(1.27294665901369,8.13153267823034,10.));
#8307=CARTESIAN_POINT('Ctrl Pts',(1.51003843708187,8.21184777818896,10.));
#8308=CARTESIAN_POINT('Ctrl Pts',(1.76003207133109,8.22406024673468,10.));
#8309=CARTESIAN_POINT('Ctrl Pts',(1.88369695097251,8.23010141437228,10.));
#8310=CARTESIAN_POINT('',(2.70429734140677,8.03364867751773,10.));
#8311=CARTESIAN_POINT('Ctrl Pts',(1.88369695097251,8.23010141437228,10.));
#8312=CARTESIAN_POINT('Ctrl Pts',(2.03288895751913,8.22337284704002,10.));
#8313=CARTESIAN_POINT('Ctrl Pts',(2.31930936819722,8.21045527147285,10.));
#8314=CARTESIAN_POINT('Ctrl Pts',(2.57959196439042,8.09091990283507,10.));
#8315=CARTESIAN_POINT('Ctrl Pts',(2.70429734140677,8.03364867751773,10.));
#8316=CARTESIAN_POINT('',(3.23021825403018,7.46884638850863,10.));
#8317=CARTESIAN_POINT('Ctrl Pts',(2.70429734140677,8.03364867751773,10.));
#8318=CARTESIAN_POINT('Ctrl Pts',(2.81377235236654,7.96032623284003,10.));
#8319=CARTESIAN_POINT('Ctrl Pts',(3.03331514466447,7.81328432709803,10.));
#8320=CARTESIAN_POINT('Ctrl Pts',(3.16446584764532,7.58386551332312,10.));
#8321=CARTESIAN_POINT('Ctrl Pts',(3.23021825403018,7.46884638850863,10.));
#8322=CARTESIAN_POINT('',(3.40620737522883,6.66870991175349,10.));
#8323=CARTESIAN_POINT('Ctrl Pts',(3.23021825403018,7.46884638850863,10.));
#8324=CARTESIAN_POINT('Ctrl Pts',(3.28154535276146,7.34240162321024,10.));
#8325=CARTESIAN_POINT('Ctrl Pts',(3.38571556775932,7.08577736990016,10.));
#8326=CARTESIAN_POINT('Ctrl Pts',(3.39931082093052,6.80907470756011,10.));
#8327=CARTESIAN_POINT('Ctrl Pts',(3.40620737522883,6.66870991175349,10.));
#8328=CARTESIAN_POINT('',(3.20975441485686,5.83583126251872,10.));
#8329=CARTESIAN_POINT('Ctrl Pts',(3.40620737522883,6.66870991175349,10.));
#8330=CARTESIAN_POINT('Ctrl Pts',(3.3991390653535,6.51896518687038,10.));
#8331=CARTESIAN_POINT('Ctrl Pts',(3.38544723713133,6.22889880799949,10.));
#8332=CARTESIAN_POINT('Ctrl Pts',(3.26703646159869,5.96398512345307,10.));
#8333=CARTESIAN_POINT('Ctrl Pts',(3.20975441485686,5.83583126251872,10.));
#8334=CARTESIAN_POINT('',(2.63472024351401,5.2771684009331,10.));
#8335=CARTESIAN_POINT('Ctrl Pts',(3.20975441485686,5.83583126251872,10.));
#8336=CARTESIAN_POINT('Ctrl Pts',(3.13621590472978,5.72125170698021,10.));
#8337=CARTESIAN_POINT('Ctrl Pts',(2.98803115309001,5.49036665163811,10.));
#8338=CARTESIAN_POINT('Ctrl Pts',(2.75307600324099,5.34858776628736,10.));
#8339=CARTESIAN_POINT('Ctrl Pts',(2.63472024351401,5.2771684009331,10.));
#8340=CARTESIAN_POINT('',(1.91643912345214,5.12778217380221,10.));
#8341=CARTESIAN_POINT('Ctrl Pts',(2.63472024351401,5.2771684009331,10.));
#8342=CARTESIAN_POINT('Ctrl Pts',(2.52811128014665,5.2336583456074,10.));
#8343=CARTESIAN_POINT('Ctrl Pts',(2.29823943718185,5.13984131288047,10.));
#8344=CARTESIAN_POINT('Ctrl Pts',(2.04970782543664,5.13199145743614,10.));
#8345=CARTESIAN_POINT('Ctrl Pts',(1.91643912345214,5.12778217380221,10.));
#8346=CARTESIAN_POINT('',(1.0446793213491,5.36311651055987,10.));
#8347=CARTESIAN_POINT('Ctrl Pts',(1.91643912345214,5.12778217380221,10.));
#8348=CARTESIAN_POINT('Ctrl Pts',(1.7466384492945,5.13328393572338,10.));
#8349=CARTESIAN_POINT('Ctrl Pts',(1.43645138751105,5.14333439855826,10.));
#8350=CARTESIAN_POINT('Ctrl Pts',(1.16674480304422,5.29463840380695,10.));
#8351=CARTESIAN_POINT('Ctrl Pts',(1.0446793213491,5.36311651055987,10.));
#8352=CARTESIAN_POINT('',(0.639494992793035,6.00977400725062,10.));
#8353=CARTESIAN_POINT('Ctrl Pts',(1.0446793213491,5.36311651055987,10.));
#8354=CARTESIAN_POINT('Ctrl Pts',(0.948717416692769,5.4497721985748,10.));
#8355=CARTESIAN_POINT('Ctrl Pts',(0.752689503324412,5.62678966987137,10.));
#8356=CARTESIAN_POINT('Ctrl Pts',(0.677749485818094,5.88034306935262,10.));
#8357=CARTESIAN_POINT('Ctrl Pts',(0.639494992793035,6.00977400725062,10.));
#8358=CARTESIAN_POINT('',(1.24113220721526,6.12232515995677,10.));
#8359=CARTESIAN_POINT('',(-0.212571349867377,5.85037387915077,10.));
#8360=CARTESIAN_POINT('',(1.48055914789481,5.77443981950457,10.));
#8361=CARTESIAN_POINT('Ctrl Pts',(1.24113220721526,6.12232515995677,10.));
#8362=CARTESIAN_POINT('Ctrl Pts',(1.26649219307581,6.05292413183399,10.));
#8363=CARTESIAN_POINT('Ctrl Pts',(1.3164238956427,5.91627928064523,10.));
#8364=CARTESIAN_POINT('Ctrl Pts',(1.42642626434121,5.82121940480316,10.));
#8365=CARTESIAN_POINT('Ctrl Pts',(1.48055914789481,5.77443981950457,10.));
#8366=CARTESIAN_POINT('',(1.91643912345214,5.64551765506442,10.));
#8367=CARTESIAN_POINT('Ctrl Pts',(1.48055914789481,5.77443981950457,10.));
#8368=CARTESIAN_POINT('Ctrl Pts',(1.54424311359595,5.73686437436412,10.));
#8369=CARTESIAN_POINT('Ctrl Pts',(1.67848765689067,5.65765607732357,10.));
#8370=CARTESIAN_POINT('Ctrl Pts',(1.83445878601236,5.64969965052413,10.));
#8371=CARTESIAN_POINT('Ctrl Pts',(1.91643912345214,5.64551765506442,10.));
#8372=CARTESIAN_POINT('',(2.54877205938144,5.89722285454448,10.));
#8373=CARTESIAN_POINT('Ctrl Pts',(1.91643912345214,5.64551765506442,10.));
#8374=CARTESIAN_POINT('Ctrl Pts',(2.04030969502936,5.65421821436118,10.));
#8375=CARTESIAN_POINT('Ctrl Pts',(2.27850187265614,5.67094862206882,10.));
#8376=CARTESIAN_POINT('Ctrl Pts',(2.46112237518606,5.82384123129425,10.));
#8377=CARTESIAN_POINT('Ctrl Pts',(2.54877205938144,5.89722285454448,10.));
#8378=CARTESIAN_POINT('',(2.78205994516654,6.64415324514087,10.));
#8379=CARTESIAN_POINT('Ctrl Pts',(2.54877205938144,5.89722285454448,10.));
#8380=CARTESIAN_POINT('Ctrl Pts',(2.61663604276845,5.9982359087854,10.));
#8381=CARTESIAN_POINT('Ctrl Pts',(2.76752384654708,6.22282687952855,10.));
#8382=CARTESIAN_POINT('Ctrl Pts',(2.77690055026576,6.49460905455634,10.));
#8383=CARTESIAN_POINT('Ctrl Pts',(2.78205994516654,6.64415324514087,10.));
#8384=CARTESIAN_POINT('',(2.54467930644793,7.44633609836276,10.));
#8385=CARTESIAN_POINT('Ctrl Pts',(2.78205994516654,6.64415324514087,10.));
#8386=CARTESIAN_POINT('Ctrl Pts',(2.77725076971109,6.80477637854991,10.));
#8387=CARTESIAN_POINT('Ctrl Pts',(2.76857463149239,7.09455339323501,10.));
#8388=CARTESIAN_POINT('Ctrl Pts',(2.61370489159298,7.33788360137325,10.));
#8389=CARTESIAN_POINT('Ctrl Pts',(2.54467930644793,7.44633609836276,10.));
#8390=CARTESIAN_POINT('',(1.92257825285239,7.7123662311333,10.));
#8391=CARTESIAN_POINT('Ctrl Pts',(2.54467930644793,7.44633609836276,10.));
#8392=CARTESIAN_POINT('Ctrl Pts',(2.45807366315482,7.52391801356902,10.));
#8393=CARTESIAN_POINT('Ctrl Pts',(2.28101526135981,7.68252811554731,10.));
#8394=CARTESIAN_POINT('Ctrl Pts',(2.04377549984829,7.702277157241,10.));
#8395=CARTESIAN_POINT('Ctrl Pts',(1.92257825285239,7.7123662311333,10.));
#8396=CARTESIAN_POINT('',(1.54195073992057,7.63869638030703,10.));
#8397=CARTESIAN_POINT('Ctrl Pts',(1.92257825285239,7.7123662311333,10.));
#8398=CARTESIAN_POINT('Ctrl Pts',(1.85859258324658,7.70908265251652,10.));
#8399=CARTESIAN_POINT('Ctrl Pts',(1.72828903073802,7.70239581214518,10.));
#8400=CARTESIAN_POINT('Ctrl Pts',(1.60480025032557,7.66018137990933,10.));
#8401=CARTESIAN_POINT('Ctrl Pts',(1.54195073992057,7.63869638030703,10.));
#8402=CARTESIAN_POINT('Ctrl Pts',(1.54195073992057,7.63869638030703,10.));
#8403=CARTESIAN_POINT('Ctrl Pts',(1.48124782886409,7.61303140644429,10.));
#8404=CARTESIAN_POINT('Ctrl Pts',(1.36498946404737,7.56387778526837,10.));
#8405=CARTESIAN_POINT('Ctrl Pts',(1.26179533818359,7.49126636677009,10.));
#8406=CARTESIAN_POINT('Ctrl Pts',(1.21248278766913,7.45656812970813,10.));
#8407=CARTESIAN_POINT('',(-3.25068224221425,7.67348492925341,10.));
#8408=CARTESIAN_POINT('',(-3.25068224221425,8.17894185369189,10.));
#8409=CARTESIAN_POINT('',(-3.25068224221425,3.83674246462671,10.));
#8410=CARTESIAN_POINT('',(-1.13881319761234,8.17894185369189,10.));
#8411=CARTESIAN_POINT('',(-1.62534112110723,8.17894185369189,10.));
#8412=CARTESIAN_POINT('',(-1.13881319761234,5.20349855010684,10.));
#8413=CARTESIAN_POINT('',(-1.13881319761234,4.08947092684594,10.));
#8414=CARTESIAN_POINT('',(-1.74454305320936,5.20349855010684,10.));
#8415=CARTESIAN_POINT('',(-0.56940659880627,5.20349855010684,10.));
#8416=CARTESIAN_POINT('',(-1.74454305320936,7.67348492925341,10.));
#8417=CARTESIAN_POINT('',(-1.74454305320936,2.60174927505342,10.));
#8418=CARTESIAN_POINT('',(-0.87227152660478,7.67348492925341,10.));
#8419=CARTESIAN_POINT('',(3.97407889366159,-5.33694365540693,10.));
#8420=CARTESIAN_POINT('',(3.42019081115732,-5.54158219615172,10.));
#8421=CARTESIAN_POINT('Ctrl Pts',(3.97407889366159,-5.33694365540693,10.));
#8422=CARTESIAN_POINT('Ctrl Pts',(3.87094750557505,-5.34508630081484,10.));
#8423=CARTESIAN_POINT('Ctrl Pts',(3.66694320333774,-5.36119327586508,10.));
#8424=CARTESIAN_POINT('Ctrl Pts',(3.50183230988194,-5.48189798529005,10.));
#8425=CARTESIAN_POINT('Ctrl Pts',(3.42019081115732,-5.54158219615172,10.));
#8426=CARTESIAN_POINT('',(3.08731228113184,-6.18551114121626,10.));
#8427=CARTESIAN_POINT('Ctrl Pts',(3.42019081115732,-5.54158219615172,10.));
#8428=CARTESIAN_POINT('Ctrl Pts',(3.34706358532175,-5.62573432125285,10.));
#8429=CARTESIAN_POINT('Ctrl Pts',(3.18457957477623,-5.81271495160121,10.));
#8430=CARTESIAN_POINT('Ctrl Pts',(3.12182413457752,-6.05323761967528,10.));
#8431=CARTESIAN_POINT('Ctrl Pts',(3.08731228113184,-6.18551114121626,10.));
#8432=CARTESIAN_POINT('',(2.30422884225854,-5.93721666852186,10.));
#8433=CARTESIAN_POINT('',(0.793623783801631,-5.45824486574857,10.));
#8434=CARTESIAN_POINT('',(2.90450185537347,-4.96313759604643,10.));
#8435=CARTESIAN_POINT('Ctrl Pts',(2.30422884225854,-5.93721666852186,10.));
#8436=CARTESIAN_POINT('Ctrl Pts',(2.36890994186389,-5.73719815284371,10.));
#8437=CARTESIAN_POINT('Ctrl Pts',(2.49004462428195,-5.36260372692574,10.));
#8438=CARTESIAN_POINT('Ctrl Pts',(2.77274993140851,-5.09012399501354,10.));
#8439=CARTESIAN_POINT('Ctrl Pts',(2.90450185537347,-4.96313759604643,10.));
#8440=CARTESIAN_POINT('',(3.96589338779459,-4.64663007775496,10.));
#8441=CARTESIAN_POINT('Ctrl Pts',(2.90450185537347,-4.96313759604643,10.));
#8442=CARTESIAN_POINT('Ctrl Pts',(3.05848593145016,-4.87090018528982,10.));
#8443=CARTESIAN_POINT('Ctrl Pts',(3.38458574260444,-4.67556438826812,10.));
#8444=CARTESIAN_POINT('Ctrl Pts',(3.76507229055094,-4.65662585199485,10.));
#8445=CARTESIAN_POINT('Ctrl Pts',(3.96589338779459,-4.64663007775496,10.));
#8446=CARTESIAN_POINT('',(5.27557954192171,-5.18960395375441,10.));
#8447=CARTESIAN_POINT('Ctrl Pts',(3.96589338779459,-4.64663007775496,10.));
#8448=CARTESIAN_POINT('Ctrl Pts',(4.21801759258193,-4.66755520774159,10.));
#8449=CARTESIAN_POINT('Ctrl Pts',(4.71322199495266,-4.70865485740949,10.));
#8450=CARTESIAN_POINT('Ctrl Pts',(5.09042332487717,-5.03125146831134,10.));
#8451=CARTESIAN_POINT('Ctrl Pts',(5.27557954192171,-5.18960395375441,10.));
#8452=CARTESIAN_POINT('',(5.78853998333225,-6.67937198201368,10.));
#8453=CARTESIAN_POINT('Ctrl Pts',(5.27557954192171,-5.18960395375441,10.));
#8454=CARTESIAN_POINT('Ctrl Pts',(5.42502803012546,-5.39709998321224,10.));
#8455=CARTESIAN_POINT('Ctrl Pts',(5.74439109339999,-5.840507396572,10.));
#8456=CARTESIAN_POINT('Ctrl Pts',(5.77320811593268,-6.38805411173601,10.));
#8457=CARTESIAN_POINT('Ctrl Pts',(5.78853998333225,-6.67937198201368,10.));
#8458=CARTESIAN_POINT('',(5.27285106480131,-8.22916755000303,10.));
#8459=CARTESIAN_POINT('Ctrl Pts',(5.78853998333225,-6.67937198201368,10.));
#8460=CARTESIAN_POINT('Ctrl Pts',(5.77452488085807,-6.98508192908908,10.));
#8461=CARTESIAN_POINT('Ctrl Pts',(5.7485044354144,-7.55266315185365,10.));
#8462=CARTESIAN_POINT('Ctrl Pts',(5.42302235873376,-8.01558440921683,10.));
#8463=CARTESIAN_POINT('Ctrl Pts',(5.27285106480131,-8.22916755000303,10.));
#8464=CARTESIAN_POINT('',(3.91678005456934,-8.78305563250731,10.));
#8465=CARTESIAN_POINT('Ctrl Pts',(5.27285106480131,-8.22916755000303,10.));
#8466=CARTESIAN_POINT('Ctrl Pts',(5.08348122217796,-8.39067866769656,10.));
#8467=CARTESIAN_POINT('Ctrl Pts',(4.69314368431546,-8.72359256330192,10.));
#8468=CARTESIAN_POINT('Ctrl Pts',(4.1806437929624,-8.76284584016813,10.));
#8469=CARTESIAN_POINT('Ctrl Pts',(3.91678005456934,-8.78305563250731,10.));
#8470=CARTESIAN_POINT('',(2.72441983222971,-8.34922203341673,10.));
#8471=CARTESIAN_POINT('Ctrl Pts',(3.91678005456934,-8.78305563250731,10.));
#8472=CARTESIAN_POINT('Ctrl Pts',(3.68713402635272,-8.768211941194,10.));
#8473=CARTESIAN_POINT('Ctrl Pts',(3.24633492192784,-8.73971989241754,10.));
#8474=CARTESIAN_POINT('Ctrl Pts',(2.89345673398874,-8.47569576359229,10.));
#8475=CARTESIAN_POINT('Ctrl Pts',(2.72441983222971,-8.34922203341673,10.));
#8476=CARTESIAN_POINT('',(2.31514304876337,-7.6125235251541,10.));
#8477=CARTESIAN_POINT('Ctrl Pts',(2.72441983222971,-8.34922203341673,10.));
#8478=CARTESIAN_POINT('Ctrl Pts',(2.63774085334593,-8.24912252040895,10.));
#8479=CARTESIAN_POINT('Ctrl Pts',(2.45025709710851,-8.03261059401214,10.));
#8480=CARTESIAN_POINT('Ctrl Pts',(2.36238787460199,-7.7594138052422,10.));
#8481=CARTESIAN_POINT('Ctrl Pts',(2.31514304876337,-7.6125235251541,10.));
#8482=CARTESIAN_POINT('',(3.11459720134744,-7.42152759352873,10.));
#8483=CARTESIAN_POINT('',(2.08032057994924,-7.66862447359842,10.));
#8484=CARTESIAN_POINT('',(3.41200530529031,-7.91266003171156,10.));
#8485=CARTESIAN_POINT('Ctrl Pts',(3.11459720134744,-7.42152759352873,10.));
#8486=CARTESIAN_POINT('Ctrl Pts',(3.14367553132849,-7.51890442417963,10.));
#8487=CARTESIAN_POINT('Ctrl Pts',(3.20032586622277,-7.70861373936078,10.));
#8488=CARTESIAN_POINT('Ctrl Pts',(3.3427074616619,-7.84586106378832,10.));
#8489=CARTESIAN_POINT('Ctrl Pts',(3.41200530529031,-7.91266003171156,10.));
#8490=CARTESIAN_POINT('',(3.95770788192758,-8.0927417568321,10.));
#8491=CARTESIAN_POINT('Ctrl Pts',(3.41200530529031,-7.91266003171156,10.));
#8492=CARTESIAN_POINT('Ctrl Pts',(3.49225322691681,-7.96516979184388,10.));
#8493=CARTESIAN_POINT('Ctrl Pts',(3.65790059500837,-8.07356018238288,10.));
#8494=CARTESIAN_POINT('Ctrl Pts',(3.85572142018214,-8.08621669558731,10.));
#8495=CARTESIAN_POINT('Ctrl Pts',(3.95770788192758,-8.0927417568321,10.));
#8496=CARTESIAN_POINT('',(4.6807637810708,-7.77350583592604,10.));
#8497=CARTESIAN_POINT('Ctrl Pts',(3.95770788192758,-8.0927417568321,10.));
#8498=CARTESIAN_POINT('Ctrl Pts',(4.09835012834441,-8.08020259447262,10.));
#8499=CARTESIAN_POINT('Ctrl Pts',(4.37574319073124,-8.05547121584863,10.));
#8500=CARTESIAN_POINT('Ctrl Pts',(4.58004560848285,-7.86661114979109,10.));
#8501=CARTESIAN_POINT('Ctrl Pts',(4.6807637810708,-7.77350583592604,10.));
#8502=CARTESIAN_POINT('',(4.95634354650983,-6.73939922372053,10.));
#8503=CARTESIAN_POINT('Ctrl Pts',(4.6807637810708,-7.77350583592604,10.));
#8504=CARTESIAN_POINT('Ctrl Pts',(4.76074006443111,-7.63737360158592,10.));
#8505=CARTESIAN_POINT('Ctrl Pts',(4.94698906747627,-7.32034845534438,10.));
#8506=CARTESIAN_POINT('Ctrl Pts',(4.95294507777782,-6.95045724111254,10.));
#8507=CARTESIAN_POINT('Ctrl Pts',(4.95634354650983,-6.73939922372053,10.));
#8508=CARTESIAN_POINT('',(4.68349218368539,-5.65890827695082,10.));
#8509=CARTESIAN_POINT('Ctrl Pts',(4.95634354650983,-6.73939922372053,10.));
#8510=CARTESIAN_POINT('Ctrl Pts',(4.95399982867524,-6.51720677699251,10.));
#8511=CARTESIAN_POINT('Ctrl Pts',(4.94994322628764,-6.13262703082933,10.));
#8512=CARTESIAN_POINT('Ctrl Pts',(4.76259798281545,-5.7995491249748,10.));
#8513=CARTESIAN_POINT('Ctrl Pts',(4.68349218368539,-5.65890827695082,10.));
#8514=CARTESIAN_POINT('Ctrl Pts',(4.68349218368539,-5.65890827695082,10.));
#8515=CARTESIAN_POINT('Ctrl Pts',(4.5850230590213,-5.56500453203115,10.));
#8516=CARTESIAN_POINT('Ctrl Pts',(4.38614456095733,-5.37534675030605,10.));
#8517=CARTESIAN_POINT('Ctrl Pts',(4.11232457415106,-5.34982767465093,10.));
#8518=CARTESIAN_POINT('Ctrl Pts',(3.97407889366159,-5.33694365540693,10.));
#8519=CARTESIAN_POINT('',(0.459754317998977,-8.71484288493345,10.));
#8520=CARTESIAN_POINT('',(-0.394270122051148,-8.71484288493345,10.));
#8521=CARTESIAN_POINT('',(0.229877158999386,-8.71484288493345,10.));
#8522=CARTESIAN_POINT('',(-1.99590712785712,-4.71484282532881,10.));
#8523=CARTESIAN_POINT('',(-1.8707028995652,-5.02753347796418,10.));
#8524=CARTESIAN_POINT('',(-1.11732602119437,-4.71484282532881,10.));
#8525=CARTESIAN_POINT('',(-0.997953563928661,-4.71484282532881,10.));
#8526=CARTESIAN_POINT('',(-0.768076479434876,-5.62343755284498,10.));
#8527=CARTESIAN_POINT('',(-1.83491405280809,-2.84799226693371,10.));
#8528=CARTESIAN_POINT('',(0.8308321237565,-5.62343755284498,10.));
#8529=CARTESIAN_POINT('',(-0.38403823971754,-5.62343755284498,10.));
#8530=CARTESIAN_POINT('',(1.16098217666158,-4.71484282532881,10.));
#8531=CARTESIAN_POINT('',(1.6848947539276,-3.27300084712936,10.));
#8532=CARTESIAN_POINT('',(2.01773524284372,-4.71484282532881,10.));
#8533=CARTESIAN_POINT('',(0.580491088330689,-4.71484282532881,10.));
#8534=CARTESIAN_POINT('',(2.68209943412881,-3.00913721471333,10.));
#8535=CARTESIAN_POINT('',(-3.18281024694434,-7.32330122510145,10.));
#8536=CARTESIAN_POINT('',(-3.18281024694434,-4.71484282532881,10.));
#8537=CARTESIAN_POINT('',(-3.18281024694434,-3.66165061255073,10.));
#8538=CARTESIAN_POINT('',(-2.43246920406809,-4.71484282532881,10.));
#8539=CARTESIAN_POINT('',(-1.59140512347227,-4.71484282532881,10.));
#8540=CARTESIAN_POINT('',(-2.43246920406809,-8.71484288493345,10.));
#8541=CARTESIAN_POINT('',(-2.43246920406809,-2.3574214126644,10.));
#8542=CARTESIAN_POINT('',(-3.21828089654437,-8.71484288493345,10.));
#8543=CARTESIAN_POINT('',(-1.21623460203415,-8.71484288493345,10.));
#8544=CARTESIAN_POINT('',(-4.85538870096198,-6.04362854281614,10.));
#8545=CARTESIAN_POINT('',(-4.72025086032593,-6.26412846169485,10.));
#8546=CARTESIAN_POINT('',(-4.85538870096198,-8.71484288493345,10.));
#8547=CARTESIAN_POINT('',(-4.85538870096198,-3.02181427140807,10.));
#8548=CARTESIAN_POINT('',(-5.60572981834403,-8.71484288493345,10.));
#8549=CARTESIAN_POINT('',(-2.42769435048109,-8.71484288493345,10.));
#8550=CARTESIAN_POINT('',(-5.60572981834403,-4.71484282532881,10.));
#8551=CARTESIAN_POINT('',(-5.60572981834403,-4.35742144246673,10.));
#8552=CARTESIAN_POINT('',(-4.79536145925513,-4.71484282532881,10.));
#8553=CARTESIAN_POINT('',(-2.80286490917211,-4.71484282532881,10.));
#8554=CARTESIAN_POINT('',(-5.18679802769047,-4.08165611031578,10.));
#8555=CARTESIAN_POINT('',(4.77728556841655,5.1789417344826,10.));
#8556=CARTESIAN_POINT('',(5.85163738578601,8.17894185369189,10.));
#8557=CARTESIAN_POINT('',(3.68384438439109,2.12563682133362,10.));
#8558=CARTESIAN_POINT('',(6.49829495698256,8.17894185369189,10.));
#8559=CARTESIAN_POINT('',(2.9258186928929,8.17894185369189,10.));
#8560=CARTESIAN_POINT('',(7.57060048054015,5.1789417344826,10.));
#8561=CARTESIAN_POINT('',(7.42633820907925,5.5825457653042,10.));
#8562=CARTESIAN_POINT('',(6.91371101886077,5.1789417344826,10.));
#8563=CARTESIAN_POINT('',(3.78530024026997,5.1789417344826,10.));
#8564=CARTESIAN_POINT('',(6.15450229495807,7.39926929061587,10.));
#8565=CARTESIAN_POINT('',(7.3445896090214,3.91882501432212,10.));
#8566=CARTESIAN_POINT('',(5.41985031217379,5.1789417344826,10.));
#8567=CARTESIAN_POINT('',(4.74752464937819,3.14698207088361,10.));
#8568=CARTESIAN_POINT('',(2.7099251560868,5.1789417344826,10.));
#8569=CARTESIAN_POINT('',(-5.4546385630961,6.86720917408641,10.));
#8570=CARTESIAN_POINT('',(-5.4546385630961,8.17894185369189,10.));
#8571=CARTESIAN_POINT('',(-5.4546385630961,3.4336045870432,10.));
#8572=CARTESIAN_POINT('',(-4.84890865161973,8.17894185369189,10.));
#8573=CARTESIAN_POINT('',(-2.72731928154815,8.17894185369189,10.));
#8574=CARTESIAN_POINT('',(-4.84890865161973,5.1789417344826,10.));
#8575=CARTESIAN_POINT('',(-4.84890865161973,4.08947092684594,10.));
#8576=CARTESIAN_POINT('',(-5.4546385630961,5.1789417344826,10.));
#8577=CARTESIAN_POINT('',(-2.42445432580996,5.1789417344826,10.));
#8578=CARTESIAN_POINT('',(-5.4546385630961,6.35970587318118,10.));
#8579=CARTESIAN_POINT('',(-5.4546385630961,2.5894708672413,10.));
#8580=CARTESIAN_POINT('',(-6.64154168218332,6.35970587318118,10.));
#8581=CARTESIAN_POINT('',(-2.72731928154815,6.35970587318118,10.));
#8582=CARTESIAN_POINT('',(-6.64154168218332,5.1789417344826,10.));
#8583=CARTESIAN_POINT('',(-6.64154168218332,3.17985293659059,10.));
#8584=CARTESIAN_POINT('',(-7.24727164953905,5.1789417344826,10.));
#8585=CARTESIAN_POINT('',(-3.32077084109176,5.1789417344826,10.));
#8586=CARTESIAN_POINT('',(-7.24727164953905,8.17894185369189,10.));
#8587=CARTESIAN_POINT('',(-7.24727164953905,2.5894708672413,10.));
#8588=CARTESIAN_POINT('',(-6.64154168218332,8.17894185369189,10.));
#8589=CARTESIAN_POINT('',(-3.62363582476963,8.17894185369189,10.));
#8590=CARTESIAN_POINT('',(-6.64154168218332,6.86720917408641,10.));
#8591=CARTESIAN_POINT('',(-6.64154168218332,4.08947092684594,10.));
#8592=CARTESIAN_POINT('',(-3.32077084109176,6.86720917408641,10.));
#8593=CARTESIAN_POINT('Origin',(1.21248278766913,7.45656812970813,10.));
#8594=CARTESIAN_POINT('',(1.21248278766913,7.45656812970813,10.));
#8595=CARTESIAN_POINT('',(1.21248278766913,7.07594031875308,10.));
#8596=CARTESIAN_POINT('Ctrl Pts',(1.54195073992057,7.63869638030703,10.));
#8597=CARTESIAN_POINT('Ctrl Pts',(1.54195073992057,7.63869638030703,9.));
#8598=CARTESIAN_POINT('Ctrl Pts',(1.48124782886409,7.61303140644429,10.));
#8599=CARTESIAN_POINT('Ctrl Pts',(1.48124782886409,7.61303140644429,9.));
#8600=CARTESIAN_POINT('Ctrl Pts',(1.36498946404737,7.56387778526837,10.));
#8601=CARTESIAN_POINT('Ctrl Pts',(1.36498946404737,7.56387778526837,9.));
#8602=CARTESIAN_POINT('Ctrl Pts',(1.26179533818359,7.49126636677009,10.));
#8603=CARTESIAN_POINT('Ctrl Pts',(1.26179533818359,7.49126636677009,9.));
#8604=CARTESIAN_POINT('Ctrl Pts',(1.21248278766913,7.45656812970813,10.));
#8605=CARTESIAN_POINT('Ctrl Pts',(1.21248278766913,7.45656812970813,9.));
#8606=CARTESIAN_POINT('',(1.54195073992057,7.63869638030703,10.));
#8607=CARTESIAN_POINT('Ctrl Pts',(1.92257825285239,7.7123662311333,10.));
#8608=CARTESIAN_POINT('Ctrl Pts',(1.92257825285239,7.7123662311333,9.));
#8609=CARTESIAN_POINT('Ctrl Pts',(1.85859258324658,7.70908265251652,10.));
#8610=CARTESIAN_POINT('Ctrl Pts',(1.85859258324658,7.70908265251652,9.));
#8611=CARTESIAN_POINT('Ctrl Pts',(1.72828903073802,7.70239581214518,10.));
#8612=CARTESIAN_POINT('Ctrl Pts',(1.72828903073802,7.70239581214518,9.));
#8613=CARTESIAN_POINT('Ctrl Pts',(1.60480025032557,7.66018137990933,10.));
#8614=CARTESIAN_POINT('Ctrl Pts',(1.60480025032557,7.66018137990933,9.));
#8615=CARTESIAN_POINT('Ctrl Pts',(1.54195073992057,7.63869638030703,10.));
#8616=CARTESIAN_POINT('Ctrl Pts',(1.54195073992057,7.63869638030703,9.));
#8617=CARTESIAN_POINT('',(1.92257825285239,7.7123662311333,10.));
#8618=CARTESIAN_POINT('Ctrl Pts',(2.54467930644793,7.44633609836276,10.));
#8619=CARTESIAN_POINT('Ctrl Pts',(2.54467930644793,7.44633609836276,9.));
#8620=CARTESIAN_POINT('Ctrl Pts',(2.45807366315482,7.52391801356902,10.));
#8621=CARTESIAN_POINT('Ctrl Pts',(2.45807366315482,7.52391801356902,9.));
#8622=CARTESIAN_POINT('Ctrl Pts',(2.28101526135981,7.68252811554731,10.));
#8623=CARTESIAN_POINT('Ctrl Pts',(2.28101526135981,7.68252811554731,9.));
#8624=CARTESIAN_POINT('Ctrl Pts',(2.04377549984829,7.702277157241,10.));
#8625=CARTESIAN_POINT('Ctrl Pts',(2.04377549984829,7.702277157241,9.));
#8626=CARTESIAN_POINT('Ctrl Pts',(1.92257825285239,7.7123662311333,10.));
#8627=CARTESIAN_POINT('Ctrl Pts',(1.92257825285239,7.7123662311333,9.));
#8628=CARTESIAN_POINT('',(2.54467930644793,7.44633609836276,10.));
#8629=CARTESIAN_POINT('Ctrl Pts',(2.78205994516654,6.64415324514087,10.));
#8630=CARTESIAN_POINT('Ctrl Pts',(2.78205994516654,6.64415324514087,9.));
#8631=CARTESIAN_POINT('Ctrl Pts',(2.77725076971109,6.80477637854991,10.));
#8632=CARTESIAN_POINT('Ctrl Pts',(2.77725076971109,6.80477637854991,9.));
#8633=CARTESIAN_POINT('Ctrl Pts',(2.76857463149239,7.09455339323501,10.));
#8634=CARTESIAN_POINT('Ctrl Pts',(2.76857463149239,7.09455339323501,9.));
#8635=CARTESIAN_POINT('Ctrl Pts',(2.61370489159298,7.33788360137325,10.));
#8636=CARTESIAN_POINT('Ctrl Pts',(2.61370489159298,7.33788360137325,9.));
#8637=CARTESIAN_POINT('Ctrl Pts',(2.54467930644793,7.44633609836276,10.));
#8638=CARTESIAN_POINT('Ctrl Pts',(2.54467930644793,7.44633609836276,9.));
#8639=CARTESIAN_POINT('',(2.78205994516654,6.64415324514087,10.));
#8640=CARTESIAN_POINT('Ctrl Pts',(2.54877205938144,5.89722285454448,10.));
#8641=CARTESIAN_POINT('Ctrl Pts',(2.54877205938144,5.89722285454448,9.));
#8642=CARTESIAN_POINT('Ctrl Pts',(2.61663604276845,5.9982359087854,10.));
#8643=CARTESIAN_POINT('Ctrl Pts',(2.61663604276845,5.9982359087854,9.));
#8644=CARTESIAN_POINT('Ctrl Pts',(2.76752384654708,6.22282687952855,10.));
#8645=CARTESIAN_POINT('Ctrl Pts',(2.76752384654708,6.22282687952855,9.));
#8646=CARTESIAN_POINT('Ctrl Pts',(2.77690055026576,6.49460905455634,10.));
#8647=CARTESIAN_POINT('Ctrl Pts',(2.77690055026576,6.49460905455634,9.));
#8648=CARTESIAN_POINT('Ctrl Pts',(2.78205994516654,6.64415324514087,10.));
#8649=CARTESIAN_POINT('Ctrl Pts',(2.78205994516654,6.64415324514087,9.));
#8650=CARTESIAN_POINT('',(2.54877205938144,5.89722285454448,10.));
#8651=CARTESIAN_POINT('Ctrl Pts',(1.91643912345214,5.64551765506442,10.));
#8652=CARTESIAN_POINT('Ctrl Pts',(1.91643912345214,5.64551765506442,9.));
#8653=CARTESIAN_POINT('Ctrl Pts',(2.04030969502936,5.65421821436118,10.));
#8654=CARTESIAN_POINT('Ctrl Pts',(2.04030969502936,5.65421821436118,9.));
#8655=CARTESIAN_POINT('Ctrl Pts',(2.27850187265614,5.67094862206882,10.));
#8656=CARTESIAN_POINT('Ctrl Pts',(2.27850187265614,5.67094862206882,9.));
#8657=CARTESIAN_POINT('Ctrl Pts',(2.46112237518606,5.82384123129425,10.));
#8658=CARTESIAN_POINT('Ctrl Pts',(2.46112237518606,5.82384123129425,9.));
#8659=CARTESIAN_POINT('Ctrl Pts',(2.54877205938144,5.89722285454448,10.));
#8660=CARTESIAN_POINT('Ctrl Pts',(2.54877205938144,5.89722285454448,9.));
#8661=CARTESIAN_POINT('',(1.91643912345214,5.64551765506442,10.));
#8662=CARTESIAN_POINT('Ctrl Pts',(1.48055914789481,5.77443981950457,10.));
#8663=CARTESIAN_POINT('Ctrl Pts',(1.48055914789481,5.77443981950457,9.));
#8664=CARTESIAN_POINT('Ctrl Pts',(1.54424311359595,5.73686437436412,10.));
#8665=CARTESIAN_POINT('Ctrl Pts',(1.54424311359595,5.73686437436412,9.));
#8666=CARTESIAN_POINT('Ctrl Pts',(1.67848765689067,5.65765607732357,10.));
#8667=CARTESIAN_POINT('Ctrl Pts',(1.67848765689067,5.65765607732357,9.));
#8668=CARTESIAN_POINT('Ctrl Pts',(1.83445878601236,5.64969965052413,10.));
#8669=CARTESIAN_POINT('Ctrl Pts',(1.83445878601236,5.64969965052413,9.));
#8670=CARTESIAN_POINT('Ctrl Pts',(1.91643912345214,5.64551765506442,10.));
#8671=CARTESIAN_POINT('Ctrl Pts',(1.91643912345214,5.64551765506442,9.));
#8672=CARTESIAN_POINT('',(1.48055914789481,5.77443981950457,10.));
#8673=CARTESIAN_POINT('Ctrl Pts',(1.24113220721526,6.12232515995677,10.));
#8674=CARTESIAN_POINT('Ctrl Pts',(1.24113220721526,6.12232515995677,9.));
#8675=CARTESIAN_POINT('Ctrl Pts',(1.26649219307581,6.05292413183399,10.));
#8676=CARTESIAN_POINT('Ctrl Pts',(1.26649219307581,6.05292413183399,9.));
#8677=CARTESIAN_POINT('Ctrl Pts',(1.3164238956427,5.91627928064523,10.));
#8678=CARTESIAN_POINT('Ctrl Pts',(1.3164238956427,5.91627928064523,9.));
#8679=CARTESIAN_POINT('Ctrl Pts',(1.42642626434121,5.82121940480316,10.));
#8680=CARTESIAN_POINT('Ctrl Pts',(1.42642626434121,5.82121940480316,9.));
#8681=CARTESIAN_POINT('Ctrl Pts',(1.48055914789481,5.77443981950457,10.));
#8682=CARTESIAN_POINT('Ctrl Pts',(1.48055914789481,5.77443981950457,9.));
#8683=CARTESIAN_POINT('',(1.24113220721526,6.12232515995677,10.));
#8684=CARTESIAN_POINT('Origin',(0.639494992793035,6.00977400725062,10.));
#8685=CARTESIAN_POINT('',(0.639494992793035,6.00977400725062,10.));
#8686=CARTESIAN_POINT('Ctrl Pts',(1.0446793213491,5.36311651055987,10.));
#8687=CARTESIAN_POINT('Ctrl Pts',(1.0446793213491,5.36311651055987,9.));
#8688=CARTESIAN_POINT('Ctrl Pts',(0.948717416692769,5.4497721985748,10.));
#8689=CARTESIAN_POINT('Ctrl Pts',(0.948717416692769,5.4497721985748,9.));
#8690=CARTESIAN_POINT('Ctrl Pts',(0.752689503324412,5.62678966987137,10.));
#8691=CARTESIAN_POINT('Ctrl Pts',(0.752689503324412,5.62678966987137,9.));
#8692=CARTESIAN_POINT('Ctrl Pts',(0.677749485818094,5.88034306935262,10.));
#8693=CARTESIAN_POINT('Ctrl Pts',(0.677749485818094,5.88034306935262,9.));
#8694=CARTESIAN_POINT('Ctrl Pts',(0.639494992793035,6.00977400725062,10.));
#8695=CARTESIAN_POINT('Ctrl Pts',(0.639494992793035,6.00977400725062,9.));
#8696=CARTESIAN_POINT('',(1.0446793213491,5.36311651055987,10.));
#8697=CARTESIAN_POINT('Ctrl Pts',(1.91643912345214,5.12778217380221,10.));
#8698=CARTESIAN_POINT('Ctrl Pts',(1.91643912345214,5.12778217380221,9.));
#8699=CARTESIAN_POINT('Ctrl Pts',(1.7466384492945,5.13328393572338,10.));
#8700=CARTESIAN_POINT('Ctrl Pts',(1.7466384492945,5.13328393572338,9.));
#8701=CARTESIAN_POINT('Ctrl Pts',(1.43645138751105,5.14333439855826,10.));
#8702=CARTESIAN_POINT('Ctrl Pts',(1.43645138751105,5.14333439855826,9.));
#8703=CARTESIAN_POINT('Ctrl Pts',(1.16674480304422,5.29463840380695,10.));
#8704=CARTESIAN_POINT('Ctrl Pts',(1.16674480304422,5.29463840380695,9.));
#8705=CARTESIAN_POINT('Ctrl Pts',(1.0446793213491,5.36311651055987,10.));
#8706=CARTESIAN_POINT('Ctrl Pts',(1.0446793213491,5.36311651055987,9.));
#8707=CARTESIAN_POINT('',(1.91643912345214,5.12778217380221,10.));
#8708=CARTESIAN_POINT('Ctrl Pts',(2.63472024351401,5.2771684009331,10.));
#8709=CARTESIAN_POINT('Ctrl Pts',(2.63472024351401,5.2771684009331,9.));
#8710=CARTESIAN_POINT('Ctrl Pts',(2.52811128014665,5.2336583456074,10.));
#8711=CARTESIAN_POINT('Ctrl Pts',(2.52811128014665,5.2336583456074,9.));
#8712=CARTESIAN_POINT('Ctrl Pts',(2.29823943718185,5.13984131288047,10.));
#8713=CARTESIAN_POINT('Ctrl Pts',(2.29823943718185,5.13984131288047,9.));
#8714=CARTESIAN_POINT('Ctrl Pts',(2.04970782543664,5.13199145743614,10.));
#8715=CARTESIAN_POINT('Ctrl Pts',(2.04970782543664,5.13199145743614,9.));
#8716=CARTESIAN_POINT('Ctrl Pts',(1.91643912345214,5.12778217380221,10.));
#8717=CARTESIAN_POINT('Ctrl Pts',(1.91643912345214,5.12778217380221,9.));
#8718=CARTESIAN_POINT('',(2.63472024351401,5.2771684009331,10.));
#8719=CARTESIAN_POINT('Ctrl Pts',(3.20975441485686,5.83583126251872,10.));
#8720=CARTESIAN_POINT('Ctrl Pts',(3.20975441485686,5.83583126251872,9.));
#8721=CARTESIAN_POINT('Ctrl Pts',(3.13621590472978,5.72125170698021,10.));
#8722=CARTESIAN_POINT('Ctrl Pts',(3.13621590472978,5.72125170698021,9.));
#8723=CARTESIAN_POINT('Ctrl Pts',(2.98803115309001,5.49036665163811,10.));
#8724=CARTESIAN_POINT('Ctrl Pts',(2.98803115309001,5.49036665163811,9.));
#8725=CARTESIAN_POINT('Ctrl Pts',(2.75307600324099,5.34858776628736,10.));
#8726=CARTESIAN_POINT('Ctrl Pts',(2.75307600324099,5.34858776628736,9.));
#8727=CARTESIAN_POINT('Ctrl Pts',(2.63472024351401,5.2771684009331,10.));
#8728=CARTESIAN_POINT('Ctrl Pts',(2.63472024351401,5.2771684009331,9.));
#8729=CARTESIAN_POINT('',(3.20975441485686,5.83583126251872,10.));
#8730=CARTESIAN_POINT('Ctrl Pts',(3.40620737522883,6.66870991175349,10.));
#8731=CARTESIAN_POINT('Ctrl Pts',(3.40620737522883,6.66870991175349,9.));
#8732=CARTESIAN_POINT('Ctrl Pts',(3.3991390653535,6.51896518687038,10.));
#8733=CARTESIAN_POINT('Ctrl Pts',(3.3991390653535,6.51896518687038,9.));
#8734=CARTESIAN_POINT('Ctrl Pts',(3.38544723713133,6.22889880799949,10.));
#8735=CARTESIAN_POINT('Ctrl Pts',(3.38544723713133,6.22889880799949,9.));
#8736=CARTESIAN_POINT('Ctrl Pts',(3.26703646159869,5.96398512345307,10.));
#8737=CARTESIAN_POINT('Ctrl Pts',(3.26703646159869,5.96398512345307,9.));
#8738=CARTESIAN_POINT('Ctrl Pts',(3.20975441485686,5.83583126251872,10.));
#8739=CARTESIAN_POINT('Ctrl Pts',(3.20975441485686,5.83583126251872,9.));
#8740=CARTESIAN_POINT('',(3.40620737522883,6.66870991175349,10.));
#8741=CARTESIAN_POINT('Ctrl Pts',(3.23021825403018,7.46884638850863,10.));
#8742=CARTESIAN_POINT('Ctrl Pts',(3.23021825403018,7.46884638850863,9.));
#8743=CARTESIAN_POINT('Ctrl Pts',(3.28154535276146,7.34240162321024,10.));
#8744=CARTESIAN_POINT('Ctrl Pts',(3.28154535276146,7.34240162321024,9.));
#8745=CARTESIAN_POINT('Ctrl Pts',(3.38571556775932,7.08577736990016,10.));
#8746=CARTESIAN_POINT('Ctrl Pts',(3.38571556775932,7.08577736990016,9.));
#8747=CARTESIAN_POINT('Ctrl Pts',(3.39931082093052,6.80907470756011,10.));
#8748=CARTESIAN_POINT('Ctrl Pts',(3.39931082093052,6.80907470756011,9.));
#8749=CARTESIAN_POINT('Ctrl Pts',(3.40620737522883,6.66870991175349,10.));
#8750=CARTESIAN_POINT('Ctrl Pts',(3.40620737522883,6.66870991175349,9.));
#8751=CARTESIAN_POINT('',(3.23021825403018,7.46884638850863,10.));
#8752=CARTESIAN_POINT('Ctrl Pts',(2.70429734140677,8.03364867751773,10.));
#8753=CARTESIAN_POINT('Ctrl Pts',(2.70429734140677,8.03364867751773,9.));
#8754=CARTESIAN_POINT('Ctrl Pts',(2.81377235236654,7.96032623284003,10.));
#8755=CARTESIAN_POINT('Ctrl Pts',(2.81377235236654,7.96032623284003,9.));
#8756=CARTESIAN_POINT('Ctrl Pts',(3.03331514466447,7.81328432709803,10.));
#8757=CARTESIAN_POINT('Ctrl Pts',(3.03331514466447,7.81328432709803,9.));
#8758=CARTESIAN_POINT('Ctrl Pts',(3.16446584764532,7.58386551332312,10.));
#8759=CARTESIAN_POINT('Ctrl Pts',(3.16446584764532,7.58386551332312,9.));
#8760=CARTESIAN_POINT('Ctrl Pts',(3.23021825403018,7.46884638850863,10.));
#8761=CARTESIAN_POINT('Ctrl Pts',(3.23021825403018,7.46884638850863,9.));
#8762=CARTESIAN_POINT('',(2.70429734140677,8.03364867751773,10.));
#8763=CARTESIAN_POINT('Ctrl Pts',(1.88369695097251,8.23010141437228,10.));
#8764=CARTESIAN_POINT('Ctrl Pts',(1.88369695097251,8.23010141437228,9.));
#8765=CARTESIAN_POINT('Ctrl Pts',(2.03288895751913,8.22337284704002,10.));
#8766=CARTESIAN_POINT('Ctrl Pts',(2.03288895751913,8.22337284704002,9.));
#8767=CARTESIAN_POINT('Ctrl Pts',(2.31930936819722,8.21045527147285,10.));
#8768=CARTESIAN_POINT('Ctrl Pts',(2.31930936819722,8.21045527147285,9.));
#8769=CARTESIAN_POINT('Ctrl Pts',(2.57959196439042,8.09091990283507,10.));
#8770=CARTESIAN_POINT('Ctrl Pts',(2.57959196439042,8.09091990283507,9.));
#8771=CARTESIAN_POINT('Ctrl Pts',(2.70429734140677,8.03364867751773,10.));
#8772=CARTESIAN_POINT('Ctrl Pts',(2.70429734140677,8.03364867751773,9.));
#8773=CARTESIAN_POINT('',(1.88369695097251,8.23010141437228,10.));
#8774=CARTESIAN_POINT('Ctrl Pts',(1.15313757211013,8.09094721858676,10.));
#8775=CARTESIAN_POINT('Ctrl Pts',(1.15313757211013,8.09094721858676,9.));
#8776=CARTESIAN_POINT('Ctrl Pts',(1.27294665901369,8.13153267823034,10.));
#8777=CARTESIAN_POINT('Ctrl Pts',(1.27294665901369,8.13153267823034,9.));
#8778=CARTESIAN_POINT('Ctrl Pts',(1.51003843708187,8.21184777818896,10.));
#8779=CARTESIAN_POINT('Ctrl Pts',(1.51003843708187,8.21184777818896,9.));
#8780=CARTESIAN_POINT('Ctrl Pts',(1.76003207133109,8.22406024673468,10.));
#8781=CARTESIAN_POINT('Ctrl Pts',(1.76003207133109,8.22406024673468,9.));
#8782=CARTESIAN_POINT('Ctrl Pts',(1.88369695097251,8.23010141437228,10.));
#8783=CARTESIAN_POINT('Ctrl Pts',(1.88369695097251,8.23010141437228,9.));
#8784=CARTESIAN_POINT('',(1.15313757211013,8.09094721858676,10.));
#8785=CARTESIAN_POINT('Ctrl Pts',(0.600613690913152,7.76557201926883,10.));
#8786=CARTESIAN_POINT('Ctrl Pts',(0.600613690913152,7.76557201926883,9.));
#8787=CARTESIAN_POINT('Ctrl Pts',(0.676181188590789,7.82702982576121,10.));
#8788=CARTESIAN_POINT('Ctrl Pts',(0.676181188590789,7.82702982576121,9.));
#8789=CARTESIAN_POINT('Ctrl Pts',(0.843657148879218,7.96323527752091,10.));
#8790=CARTESIAN_POINT('Ctrl Pts',(0.843657148879218,7.96323527752091,9.));
#8791=CARTESIAN_POINT('Ctrl Pts',(1.04347844304847,8.04569466244169,10.));
#8792=CARTESIAN_POINT('Ctrl Pts',(1.04347844304847,8.04569466244169,9.));
#8793=CARTESIAN_POINT('Ctrl Pts',(1.15313757211013,8.09094721858676,10.));
#8794=CARTESIAN_POINT('Ctrl Pts',(1.15313757211013,8.09094721858676,9.));
#8795=CARTESIAN_POINT('',(0.600613690913152,7.76557201926883,10.));
#8796=CARTESIAN_POINT('Origin',(0.600613690913152,6.5704833943146,10.));
#8797=CARTESIAN_POINT('',(0.600613690913152,6.5704833943146,10.));
#8798=CARTESIAN_POINT('Origin',(1.90620724111838,6.5704833943146,10.));
#8799=CARTESIAN_POINT('',(1.90620724111838,6.5704833943146,10.));
#8800=CARTESIAN_POINT('Origin',(1.90620724111838,7.07594031875308,10.));
#8801=CARTESIAN_POINT('',(1.90620724111838,7.07594031875308,10.));
#8802=CARTESIAN_POINT('Origin',(1.21248278766913,7.07594031875308,10.));
#8803=CARTESIAN_POINT('Origin',(-3.25068224221425,7.67348492925341,10.));
#8804=CARTESIAN_POINT('',(-3.25068224221425,7.67348492925341,10.));
#8805=CARTESIAN_POINT('',(-3.25068224221425,8.17894185369189,10.));
#8806=CARTESIAN_POINT('Origin',(-1.74454305320936,7.67348492925341,10.));
#8807=CARTESIAN_POINT('',(-1.74454305320936,7.67348492925341,10.));
#8808=CARTESIAN_POINT('Origin',(-1.74454305320936,5.20349855010684,10.));
#8809=CARTESIAN_POINT('',(-1.74454305320936,5.20349855010684,10.));
#8810=CARTESIAN_POINT('Origin',(-1.13881319761234,5.20349855010684,10.));
#8811=CARTESIAN_POINT('',(-1.13881319761234,5.20349855010684,10.));
#8812=CARTESIAN_POINT('Origin',(-1.13881319761234,8.17894185369189,10.));
#8813=CARTESIAN_POINT('',(-1.13881319761234,8.17894185369189,10.));
#8814=CARTESIAN_POINT('Origin',(-3.25068224221425,8.17894185369189,10.));
#8815=CARTESIAN_POINT('Ctrl Pts',(3.97407889366159,-5.33694365540693,10.));
#8816=CARTESIAN_POINT('Ctrl Pts',(3.97407889366159,-5.33694365540693,9.));
#8817=CARTESIAN_POINT('Ctrl Pts',(3.87094750557505,-5.34508630081484,10.));
#8818=CARTESIAN_POINT('Ctrl Pts',(3.87094750557505,-5.34508630081484,9.));
#8819=CARTESIAN_POINT('Ctrl Pts',(3.66694320333774,-5.36119327586508,10.));
#8820=CARTESIAN_POINT('Ctrl Pts',(3.66694320333774,-5.36119327586508,9.));
#8821=CARTESIAN_POINT('Ctrl Pts',(3.50183230988194,-5.48189798529005,10.));
#8822=CARTESIAN_POINT('Ctrl Pts',(3.50183230988194,-5.48189798529005,9.));
#8823=CARTESIAN_POINT('Ctrl Pts',(3.42019081115732,-5.54158219615172,10.));
#8824=CARTESIAN_POINT('Ctrl Pts',(3.42019081115732,-5.54158219615172,9.));
#8825=CARTESIAN_POINT('',(3.97407889366159,-5.33694365540693,10.));
#8826=CARTESIAN_POINT('',(3.42019081115732,-5.54158219615172,10.));
#8827=CARTESIAN_POINT('Ctrl Pts',(4.68349218368539,-5.65890827695082,10.));
#8828=CARTESIAN_POINT('Ctrl Pts',(4.68349218368539,-5.65890827695082,9.));
#8829=CARTESIAN_POINT('Ctrl Pts',(4.5850230590213,-5.56500453203115,10.));
#8830=CARTESIAN_POINT('Ctrl Pts',(4.5850230590213,-5.56500453203115,9.));
#8831=CARTESIAN_POINT('Ctrl Pts',(4.38614456095733,-5.37534675030605,10.));
#8832=CARTESIAN_POINT('Ctrl Pts',(4.38614456095733,-5.37534675030605,9.));
#8833=CARTESIAN_POINT('Ctrl Pts',(4.11232457415106,-5.34982767465093,10.));
#8834=CARTESIAN_POINT('Ctrl Pts',(4.11232457415106,-5.34982767465093,9.));
#8835=CARTESIAN_POINT('Ctrl Pts',(3.97407889366159,-5.33694365540693,10.));
#8836=CARTESIAN_POINT('Ctrl Pts',(3.97407889366159,-5.33694365540693,9.));
#8837=CARTESIAN_POINT('',(4.68349218368539,-5.65890827695082,10.));
#8838=CARTESIAN_POINT('Ctrl Pts',(4.95634354650983,-6.73939922372053,10.));
#8839=CARTESIAN_POINT('Ctrl Pts',(4.95634354650983,-6.73939922372053,9.));
#8840=CARTESIAN_POINT('Ctrl Pts',(4.95399982867524,-6.51720677699251,10.));
#8841=CARTESIAN_POINT('Ctrl Pts',(4.95399982867524,-6.51720677699251,9.));
#8842=CARTESIAN_POINT('Ctrl Pts',(4.94994322628764,-6.13262703082933,10.));
#8843=CARTESIAN_POINT('Ctrl Pts',(4.94994322628764,-6.13262703082933,9.));
#8844=CARTESIAN_POINT('Ctrl Pts',(4.76259798281545,-5.7995491249748,10.));
#8845=CARTESIAN_POINT('Ctrl Pts',(4.76259798281545,-5.7995491249748,9.));
#8846=CARTESIAN_POINT('Ctrl Pts',(4.68349218368539,-5.65890827695082,10.));
#8847=CARTESIAN_POINT('Ctrl Pts',(4.68349218368539,-5.65890827695082,9.));
#8848=CARTESIAN_POINT('',(4.95634354650983,-6.73939922372053,10.));
#8849=CARTESIAN_POINT('Ctrl Pts',(4.6807637810708,-7.77350583592604,10.));
#8850=CARTESIAN_POINT('Ctrl Pts',(4.6807637810708,-7.77350583592604,9.));
#8851=CARTESIAN_POINT('Ctrl Pts',(4.76074006443111,-7.63737360158592,10.));
#8852=CARTESIAN_POINT('Ctrl Pts',(4.76074006443111,-7.63737360158592,9.));
#8853=CARTESIAN_POINT('Ctrl Pts',(4.94698906747627,-7.32034845534438,10.));
#8854=CARTESIAN_POINT('Ctrl Pts',(4.94698906747627,-7.32034845534438,9.));
#8855=CARTESIAN_POINT('Ctrl Pts',(4.95294507777782,-6.95045724111254,10.));
#8856=CARTESIAN_POINT('Ctrl Pts',(4.95294507777782,-6.95045724111254,9.));
#8857=CARTESIAN_POINT('Ctrl Pts',(4.95634354650983,-6.73939922372053,10.));
#8858=CARTESIAN_POINT('Ctrl Pts',(4.95634354650983,-6.73939922372053,9.));
#8859=CARTESIAN_POINT('',(4.6807637810708,-7.77350583592604,10.));
#8860=CARTESIAN_POINT('Ctrl Pts',(3.95770788192758,-8.0927417568321,10.));
#8861=CARTESIAN_POINT('Ctrl Pts',(3.95770788192758,-8.0927417568321,9.));
#8862=CARTESIAN_POINT('Ctrl Pts',(4.09835012834441,-8.08020259447262,10.));
#8863=CARTESIAN_POINT('Ctrl Pts',(4.09835012834441,-8.08020259447262,9.));
#8864=CARTESIAN_POINT('Ctrl Pts',(4.37574319073124,-8.05547121584863,10.));
#8865=CARTESIAN_POINT('Ctrl Pts',(4.37574319073124,-8.05547121584863,9.));
#8866=CARTESIAN_POINT('Ctrl Pts',(4.58004560848285,-7.86661114979109,10.));
#8867=CARTESIAN_POINT('Ctrl Pts',(4.58004560848285,-7.86661114979109,9.));
#8868=CARTESIAN_POINT('Ctrl Pts',(4.6807637810708,-7.77350583592604,10.));
#8869=CARTESIAN_POINT('Ctrl Pts',(4.6807637810708,-7.77350583592604,9.));
#8870=CARTESIAN_POINT('',(3.95770788192758,-8.0927417568321,10.));
#8871=CARTESIAN_POINT('Ctrl Pts',(3.41200530529031,-7.91266003171156,10.));
#8872=CARTESIAN_POINT('Ctrl Pts',(3.41200530529031,-7.91266003171156,9.));
#8873=CARTESIAN_POINT('Ctrl Pts',(3.49225322691681,-7.96516979184388,10.));
#8874=CARTESIAN_POINT('Ctrl Pts',(3.49225322691681,-7.96516979184388,9.));
#8875=CARTESIAN_POINT('Ctrl Pts',(3.65790059500837,-8.07356018238288,10.));
#8876=CARTESIAN_POINT('Ctrl Pts',(3.65790059500837,-8.07356018238288,9.));
#8877=CARTESIAN_POINT('Ctrl Pts',(3.85572142018214,-8.08621669558731,10.));
#8878=CARTESIAN_POINT('Ctrl Pts',(3.85572142018214,-8.08621669558731,9.));
#8879=CARTESIAN_POINT('Ctrl Pts',(3.95770788192758,-8.0927417568321,10.));
#8880=CARTESIAN_POINT('Ctrl Pts',(3.95770788192758,-8.0927417568321,9.));
#8881=CARTESIAN_POINT('',(3.41200530529031,-7.91266003171156,10.));
#8882=CARTESIAN_POINT('Ctrl Pts',(3.11459720134744,-7.42152759352873,10.));
#8883=CARTESIAN_POINT('Ctrl Pts',(3.11459720134744,-7.42152759352873,9.));
#8884=CARTESIAN_POINT('Ctrl Pts',(3.14367553132849,-7.51890442417963,10.));
#8885=CARTESIAN_POINT('Ctrl Pts',(3.14367553132849,-7.51890442417963,9.));
#8886=CARTESIAN_POINT('Ctrl Pts',(3.20032586622277,-7.70861373936078,10.));
#8887=CARTESIAN_POINT('Ctrl Pts',(3.20032586622277,-7.70861373936078,9.));
#8888=CARTESIAN_POINT('Ctrl Pts',(3.3427074616619,-7.84586106378832,10.));
#8889=CARTESIAN_POINT('Ctrl Pts',(3.3427074616619,-7.84586106378832,9.));
#8890=CARTESIAN_POINT('Ctrl Pts',(3.41200530529031,-7.91266003171156,10.));
#8891=CARTESIAN_POINT('Ctrl Pts',(3.41200530529031,-7.91266003171156,9.));
#8892=CARTESIAN_POINT('',(3.11459720134744,-7.42152759352873,10.));
#8893=CARTESIAN_POINT('Origin',(2.31514304876337,-7.6125235251541,10.));
#8894=CARTESIAN_POINT('',(2.31514304876337,-7.6125235251541,10.));
#8895=CARTESIAN_POINT('Ctrl Pts',(2.72441983222971,-8.34922203341673,10.));
#8896=CARTESIAN_POINT('Ctrl Pts',(2.72441983222971,-8.34922203341673,9.));
#8897=CARTESIAN_POINT('Ctrl Pts',(2.63774085334593,-8.24912252040895,10.));
#8898=CARTESIAN_POINT('Ctrl Pts',(2.63774085334593,-8.24912252040895,9.));
#8899=CARTESIAN_POINT('Ctrl Pts',(2.45025709710851,-8.03261059401214,10.));
#8900=CARTESIAN_POINT('Ctrl Pts',(2.45025709710851,-8.03261059401214,9.));
#8901=CARTESIAN_POINT('Ctrl Pts',(2.36238787460199,-7.7594138052422,10.));
#8902=CARTESIAN_POINT('Ctrl Pts',(2.36238787460199,-7.7594138052422,9.));
#8903=CARTESIAN_POINT('Ctrl Pts',(2.31514304876337,-7.6125235251541,10.));
#8904=CARTESIAN_POINT('Ctrl Pts',(2.31514304876337,-7.6125235251541,9.));
#8905=CARTESIAN_POINT('',(2.72441983222971,-8.34922203341673,10.));
#8906=CARTESIAN_POINT('Ctrl Pts',(3.91678005456934,-8.78305563250731,10.));
#8907=CARTESIAN_POINT('Ctrl Pts',(3.91678005456934,-8.78305563250731,9.));
#8908=CARTESIAN_POINT('Ctrl Pts',(3.68713402635272,-8.768211941194,10.));
#8909=CARTESIAN_POINT('Ctrl Pts',(3.68713402635272,-8.768211941194,9.));
#8910=CARTESIAN_POINT('Ctrl Pts',(3.24633492192784,-8.73971989241754,10.));
#8911=CARTESIAN_POINT('Ctrl Pts',(3.24633492192784,-8.73971989241754,9.));
#8912=CARTESIAN_POINT('Ctrl Pts',(2.89345673398874,-8.47569576359229,10.));
#8913=CARTESIAN_POINT('Ctrl Pts',(2.89345673398874,-8.47569576359229,9.));
#8914=CARTESIAN_POINT('Ctrl Pts',(2.72441983222971,-8.34922203341673,10.));
#8915=CARTESIAN_POINT('Ctrl Pts',(2.72441983222971,-8.34922203341673,9.));
#8916=CARTESIAN_POINT('',(3.91678005456934,-8.78305563250731,10.));
#8917=CARTESIAN_POINT('Ctrl Pts',(5.27285106480131,-8.22916755000303,10.));
#8918=CARTESIAN_POINT('Ctrl Pts',(5.27285106480131,-8.22916755000303,9.));
#8919=CARTESIAN_POINT('Ctrl Pts',(5.08348122217796,-8.39067866769656,10.));
#8920=CARTESIAN_POINT('Ctrl Pts',(5.08348122217796,-8.39067866769656,9.));
#8921=CARTESIAN_POINT('Ctrl Pts',(4.69314368431546,-8.72359256330192,10.));
#8922=CARTESIAN_POINT('Ctrl Pts',(4.69314368431546,-8.72359256330192,9.));
#8923=CARTESIAN_POINT('Ctrl Pts',(4.1806437929624,-8.76284584016813,10.));
#8924=CARTESIAN_POINT('Ctrl Pts',(4.1806437929624,-8.76284584016813,9.));
#8925=CARTESIAN_POINT('Ctrl Pts',(3.91678005456934,-8.78305563250731,10.));
#8926=CARTESIAN_POINT('Ctrl Pts',(3.91678005456934,-8.78305563250731,9.));
#8927=CARTESIAN_POINT('',(5.27285106480131,-8.22916755000303,10.));
#8928=CARTESIAN_POINT('Ctrl Pts',(5.78853998333225,-6.67937198201368,10.));
#8929=CARTESIAN_POINT('Ctrl Pts',(5.78853998333225,-6.67937198201368,9.));
#8930=CARTESIAN_POINT('Ctrl Pts',(5.77452488085807,-6.98508192908908,10.));
#8931=CARTESIAN_POINT('Ctrl Pts',(5.77452488085807,-6.98508192908908,9.));
#8932=CARTESIAN_POINT('Ctrl Pts',(5.7485044354144,-7.55266315185365,10.));
#8933=CARTESIAN_POINT('Ctrl Pts',(5.7485044354144,-7.55266315185365,9.));
#8934=CARTESIAN_POINT('Ctrl Pts',(5.42302235873376,-8.01558440921683,10.));
#8935=CARTESIAN_POINT('Ctrl Pts',(5.42302235873376,-8.01558440921683,9.));
#8936=CARTESIAN_POINT('Ctrl Pts',(5.27285106480131,-8.22916755000303,10.));
#8937=CARTESIAN_POINT('Ctrl Pts',(5.27285106480131,-8.22916755000303,9.));
#8938=CARTESIAN_POINT('',(5.78853998333225,-6.67937198201368,10.));
#8939=CARTESIAN_POINT('Ctrl Pts',(5.27557954192171,-5.18960395375441,10.));
#8940=CARTESIAN_POINT('Ctrl Pts',(5.27557954192171,-5.18960395375441,9.));
#8941=CARTESIAN_POINT('Ctrl Pts',(5.42502803012546,-5.39709998321224,10.));
#8942=CARTESIAN_POINT('Ctrl Pts',(5.42502803012546,-5.39709998321224,9.));
#8943=CARTESIAN_POINT('Ctrl Pts',(5.74439109339999,-5.840507396572,10.));
#8944=CARTESIAN_POINT('Ctrl Pts',(5.74439109339999,-5.840507396572,9.));
#8945=CARTESIAN_POINT('Ctrl Pts',(5.77320811593268,-6.38805411173601,10.));
#8946=CARTESIAN_POINT('Ctrl Pts',(5.77320811593268,-6.38805411173601,9.));
#8947=CARTESIAN_POINT('Ctrl Pts',(5.78853998333225,-6.67937198201368,10.));
#8948=CARTESIAN_POINT('Ctrl Pts',(5.78853998333225,-6.67937198201368,9.));
#8949=CARTESIAN_POINT('',(5.27557954192171,-5.18960395375441,10.));
#8950=CARTESIAN_POINT('Ctrl Pts',(3.96589338779459,-4.64663007775496,10.));
#8951=CARTESIAN_POINT('Ctrl Pts',(3.96589338779459,-4.64663007775496,9.));
#8952=CARTESIAN_POINT('Ctrl Pts',(4.21801759258193,-4.66755520774159,10.));
#8953=CARTESIAN_POINT('Ctrl Pts',(4.21801759258193,-4.66755520774159,9.));
#8954=CARTESIAN_POINT('Ctrl Pts',(4.71322199495266,-4.70865485740949,10.));
#8955=CARTESIAN_POINT('Ctrl Pts',(4.71322199495266,-4.70865485740949,9.));
#8956=CARTESIAN_POINT('Ctrl Pts',(5.09042332487717,-5.03125146831134,10.));
#8957=CARTESIAN_POINT('Ctrl Pts',(5.09042332487717,-5.03125146831134,9.));
#8958=CARTESIAN_POINT('Ctrl Pts',(5.27557954192171,-5.18960395375441,10.));
#8959=CARTESIAN_POINT('Ctrl Pts',(5.27557954192171,-5.18960395375441,9.));
#8960=CARTESIAN_POINT('',(3.96589338779459,-4.64663007775496,10.));
#8961=CARTESIAN_POINT('Ctrl Pts',(2.90450185537347,-4.96313759604643,10.));
#8962=CARTESIAN_POINT('Ctrl Pts',(2.90450185537347,-4.96313759604643,9.));
#8963=CARTESIAN_POINT('Ctrl Pts',(3.05848593145016,-4.87090018528982,10.));
#8964=CARTESIAN_POINT('Ctrl Pts',(3.05848593145016,-4.87090018528982,9.));
#8965=CARTESIAN_POINT('Ctrl Pts',(3.38458574260444,-4.67556438826812,10.));
#8966=CARTESIAN_POINT('Ctrl Pts',(3.38458574260444,-4.67556438826812,9.));
#8967=CARTESIAN_POINT('Ctrl Pts',(3.76507229055094,-4.65662585199485,10.));
#8968=CARTESIAN_POINT('Ctrl Pts',(3.76507229055094,-4.65662585199485,9.));
#8969=CARTESIAN_POINT('Ctrl Pts',(3.96589338779459,-4.64663007775496,10.));
#8970=CARTESIAN_POINT('Ctrl Pts',(3.96589338779459,-4.64663007775496,9.));
#8971=CARTESIAN_POINT('',(2.90450185537347,-4.96313759604643,10.));
#8972=CARTESIAN_POINT('Ctrl Pts',(2.30422884225854,-5.93721666852186,10.));
#8973=CARTESIAN_POINT('Ctrl Pts',(2.30422884225854,-5.93721666852186,9.));
#8974=CARTESIAN_POINT('Ctrl Pts',(2.36890994186389,-5.73719815284371,10.));
#8975=CARTESIAN_POINT('Ctrl Pts',(2.36890994186389,-5.73719815284371,9.));
#8976=CARTESIAN_POINT('Ctrl Pts',(2.49004462428195,-5.36260372692574,10.));
#8977=CARTESIAN_POINT('Ctrl Pts',(2.49004462428195,-5.36260372692574,9.));
#8978=CARTESIAN_POINT('Ctrl Pts',(2.77274993140851,-5.09012399501354,10.));
#8979=CARTESIAN_POINT('Ctrl Pts',(2.77274993140851,-5.09012399501354,9.));
#8980=CARTESIAN_POINT('Ctrl Pts',(2.90450185537347,-4.96313759604643,10.));
#8981=CARTESIAN_POINT('Ctrl Pts',(2.90450185537347,-4.96313759604643,9.));
#8982=CARTESIAN_POINT('',(2.30422884225854,-5.93721666852186,10.));
#8983=CARTESIAN_POINT('Origin',(3.08731228113184,-6.18551114121626,10.));
#8984=CARTESIAN_POINT('',(3.08731228113184,-6.18551114121626,10.));
#8985=CARTESIAN_POINT('Ctrl Pts',(3.42019081115732,-5.54158219615172,10.));
#8986=CARTESIAN_POINT('Ctrl Pts',(3.42019081115732,-5.54158219615172,9.));
#8987=CARTESIAN_POINT('Ctrl Pts',(3.34706358532175,-5.62573432125285,10.));
#8988=CARTESIAN_POINT('Ctrl Pts',(3.34706358532175,-5.62573432125285,9.));
#8989=CARTESIAN_POINT('Ctrl Pts',(3.18457957477623,-5.81271495160121,10.));
#8990=CARTESIAN_POINT('Ctrl Pts',(3.18457957477623,-5.81271495160121,9.));
#8991=CARTESIAN_POINT('Ctrl Pts',(3.12182413457752,-6.05323761967528,10.));
#8992=CARTESIAN_POINT('Ctrl Pts',(3.12182413457752,-6.05323761967528,9.));
#8993=CARTESIAN_POINT('Ctrl Pts',(3.08731228113184,-6.18551114121626,10.));
#8994=CARTESIAN_POINT('Ctrl Pts',(3.08731228113184,-6.18551114121626,9.));
#8995=CARTESIAN_POINT('Origin',(0.0422918796540217,-7.78169134179304,10.));
#8996=CARTESIAN_POINT('',(0.0422918796540217,-7.78169134179304,10.));
#8997=CARTESIAN_POINT('',(0.582537502050491,-6.29738011876295,10.));
#8998=CARTESIAN_POINT('',(1.29031288457675,-4.35278510472475,10.));
#8999=CARTESIAN_POINT('',(0.0422918796540217,-7.78169134179304,10.));
#9000=CARTESIAN_POINT('',(0.582537502050491,-6.29738011876295,10.));
#9001=CARTESIAN_POINT('Origin',(-0.508867800235657,-6.29738011876295,10.));
#9002=CARTESIAN_POINT('',(-0.508867800235657,-6.29738011876295,10.));
#9003=CARTESIAN_POINT('',(-1.50554574587674,-3.61325732379044,10.));
#9004=CARTESIAN_POINT('',(-0.508867800235657,-6.29738011876295,10.));
#9005=CARTESIAN_POINT('Origin',(0.582537502050491,-6.29738011876295,10.));
#9006=CARTESIAN_POINT('',(0.291268751025143,-6.29738011876295,10.));
#9007=CARTESIAN_POINT('Origin',(0.459754317998977,-8.71484288493345,10.));
#9008=CARTESIAN_POINT('',(0.459754317998977,-8.71484288493345,10.));
#9009=CARTESIAN_POINT('',(-0.394270122051148,-8.71484288493345,10.));
#9010=CARTESIAN_POINT('Origin',(2.01773524284372,-4.71484282532881,10.));
#9011=CARTESIAN_POINT('',(2.01773524284372,-4.71484282532881,10.));
#9012=CARTESIAN_POINT('Origin',(1.16098217666158,-4.71484282532881,10.));
#9013=CARTESIAN_POINT('',(1.16098217666158,-4.71484282532881,10.));
#9014=CARTESIAN_POINT('Origin',(0.8308321237565,-5.62343755284498,10.));
#9015=CARTESIAN_POINT('',(0.8308321237565,-5.62343755284498,10.));
#9016=CARTESIAN_POINT('Origin',(-0.768076479434876,-5.62343755284498,10.));
#9017=CARTESIAN_POINT('',(-0.768076479434876,-5.62343755284498,10.));
#9018=CARTESIAN_POINT('Origin',(-1.11732602119437,-4.71484282532881,10.));
#9019=CARTESIAN_POINT('',(-1.11732602119437,-4.71484282532881,10.));
#9020=CARTESIAN_POINT('Origin',(-1.99590712785712,-4.71484282532881,10.));
#9021=CARTESIAN_POINT('',(-1.99590712785712,-4.71484282532881,10.));
#9022=CARTESIAN_POINT('Origin',(-0.394270122051148,-8.71484288493345,10.));
#9023=CARTESIAN_POINT('Origin',(-3.18281024694434,-7.32330122510145,10.));
#9024=CARTESIAN_POINT('',(-3.18281024694434,-7.32330122510145,10.));
#9025=CARTESIAN_POINT('',(-3.18281024694434,-4.71484282532881,10.));
#9026=CARTESIAN_POINT('Origin',(-4.79536145925513,-4.71484282532881,10.));
#9027=CARTESIAN_POINT('',(-4.79536145925513,-4.71484282532881,10.));
#9028=CARTESIAN_POINT('Origin',(-5.60572981834403,-4.71484282532881,10.));
#9029=CARTESIAN_POINT('',(-5.60572981834403,-4.71484282532881,10.));
#9030=CARTESIAN_POINT('Origin',(-5.60572981834403,-8.71484288493345,10.));
#9031=CARTESIAN_POINT('',(-5.60572981834403,-8.71484288493345,10.));
#9032=CARTESIAN_POINT('Origin',(-4.85538870096198,-8.71484288493345,10.));
#9033=CARTESIAN_POINT('',(-4.85538870096198,-8.71484288493345,10.));
#9034=CARTESIAN_POINT('Origin',(-4.85538870096198,-6.04362854281614,10.));
#9035=CARTESIAN_POINT('',(-4.85538870096198,-6.04362854281614,10.));
#9036=CARTESIAN_POINT('Origin',(-3.21828089654437,-8.71484288493345,10.));
#9037=CARTESIAN_POINT('',(-3.21828089654437,-8.71484288493345,10.));
#9038=CARTESIAN_POINT('Origin',(-2.43246920406809,-8.71484288493345,10.));
#9039=CARTESIAN_POINT('',(-2.43246920406809,-8.71484288493345,10.));
#9040=CARTESIAN_POINT('Origin',(-2.43246920406809,-4.71484282532881,10.));
#9041=CARTESIAN_POINT('',(-2.43246920406809,-4.71484282532881,10.));
#9042=CARTESIAN_POINT('Origin',(-3.18281024694434,-4.71484282532881,10.));
#9043=CARTESIAN_POINT('Origin',(4.77728556841655,5.1789417344826,10.));
#9044=CARTESIAN_POINT('',(4.77728556841655,5.1789417344826,10.));
#9045=CARTESIAN_POINT('',(5.85163738578601,8.17894185369189,10.));
#9046=CARTESIAN_POINT('Origin',(5.41985031217379,5.1789417344826,10.));
#9047=CARTESIAN_POINT('',(5.41985031217379,5.1789417344826,10.));
#9048=CARTESIAN_POINT('Origin',(6.15450229495807,7.39926929061587,10.));
#9049=CARTESIAN_POINT('',(6.15450229495807,7.39926929061587,10.));
#9050=CARTESIAN_POINT('Origin',(6.91371101886077,5.1789417344826,10.));
#9051=CARTESIAN_POINT('',(6.91371101886077,5.1789417344826,10.));
#9052=CARTESIAN_POINT('Origin',(7.57060048054015,5.1789417344826,10.));
#9053=CARTESIAN_POINT('',(7.57060048054015,5.1789417344826,10.));
#9054=CARTESIAN_POINT('Origin',(6.49829495698256,8.17894185369189,10.));
#9055=CARTESIAN_POINT('',(6.49829495698256,8.17894185369189,10.));
#9056=CARTESIAN_POINT('Origin',(5.85163738578601,8.17894185369189,10.));
#9057=CARTESIAN_POINT('Origin',(-5.4546385630961,6.86720917408641,10.));
#9058=CARTESIAN_POINT('',(-5.4546385630961,6.86720917408641,10.));
#9059=CARTESIAN_POINT('',(-5.4546385630961,8.17894185369189,10.));
#9060=CARTESIAN_POINT('Origin',(-6.64154168218332,6.86720917408641,10.));
#9061=CARTESIAN_POINT('',(-6.64154168218332,6.86720917408641,10.));
#9062=CARTESIAN_POINT('Origin',(-6.64154168218332,8.17894185369189,10.));
#9063=CARTESIAN_POINT('',(-6.64154168218332,8.17894185369189,10.));
#9064=CARTESIAN_POINT('Origin',(-7.24727164953905,8.17894185369189,10.));
#9065=CARTESIAN_POINT('',(-7.24727164953905,8.17894185369189,10.));
#9066=CARTESIAN_POINT('Origin',(-7.24727164953905,5.1789417344826,10.));
#9067=CARTESIAN_POINT('',(-7.24727164953905,5.1789417344826,10.));
#9068=CARTESIAN_POINT('Origin',(-6.64154168218332,5.1789417344826,10.));
#9069=CARTESIAN_POINT('',(-6.64154168218332,5.1789417344826,10.));
#9070=CARTESIAN_POINT('Origin',(-6.64154168218332,6.35970587318118,10.));
#9071=CARTESIAN_POINT('',(-6.64154168218332,6.35970587318118,10.));
#9072=CARTESIAN_POINT('Origin',(-5.4546385630961,6.35970587318118,10.));
#9073=CARTESIAN_POINT('',(-5.4546385630961,6.35970587318118,10.));
#9074=CARTESIAN_POINT('Origin',(-5.4546385630961,5.1789417344826,10.));
#9075=CARTESIAN_POINT('',(-5.4546385630961,5.1789417344826,10.));
#9076=CARTESIAN_POINT('Origin',(-4.84890865161973,5.1789417344826,10.));
#9077=CARTESIAN_POINT('',(-4.84890865161973,5.1789417344826,10.));
#9078=CARTESIAN_POINT('Origin',(-4.84890865161973,8.17894185369189,10.));
#9079=CARTESIAN_POINT('',(-4.84890865161973,8.17894185369189,10.));
#9080=CARTESIAN_POINT('Origin',(-5.4546385630961,8.17894185369189,10.));
#9081=CARTESIAN_POINT('Origin',(0.,3.25,3.3));
#9082=CARTESIAN_POINT('',(-5.5,3.,3.3));
#9083=CARTESIAN_POINT('',(-5.5,3.5,3.3));
#9084=CARTESIAN_POINT('',(5.5,3.,3.3));
#9085=CARTESIAN_POINT('',(-2.75,3.,3.3));
#9086=CARTESIAN_POINT('',(5.5,3.,3.3));
#9087=CARTESIAN_POINT('Origin',(0.,0.25,3.5));
#9088=CARTESIAN_POINT('',(-5.5,-3.,3.5));
#9089=CARTESIAN_POINT('',(-5.5,-1.375,3.5));
#9090=CARTESIAN_POINT('',(6.25,-3.,3.5));
#9091=CARTESIAN_POINT('Origin',(0.,0.25,3.5));
#9092=CARTESIAN_POINT('',(5.5,-3.,3.5));
#9093=CARTESIAN_POINT('',(5.49999999999999,1.87499999999999,3.5));
#9094=CARTESIAN_POINT('',(6.25,-3.,3.5));
#9095=CARTESIAN_POINT('',(6.25,-3.,3.5));
#9096=CARTESIAN_POINT('',(6.25,3.5,3.5));
#9097=CARTESIAN_POINT('Origin',(6.25,3.5,10.));
#9098=CARTESIAN_POINT('',(6.25,-3.,10.));
#9099=CARTESIAN_POINT('Origin',(5.5,3.,10.));
#9100=CARTESIAN_POINT('',(5.5,3.,-3.4));
#9101=CARTESIAN_POINT('',(5.5,3.,10.));
#9102=CARTESIAN_POINT('',(5.5,-3.,-3.4));
#9103=CARTESIAN_POINT('',(5.5,1.5,-3.4));
#9104=CARTESIAN_POINT('',(5.5,-3.,10.));
#9105=CARTESIAN_POINT('Origin',(-5.5,3.,10.));
#9106=CARTESIAN_POINT('',(-5.5,3.,-3.4));
#9107=CARTESIAN_POINT('',(-5.5,3.,10.));
#9108=CARTESIAN_POINT('',(-2.7500000000001,3.,-3.4));
#9109=CARTESIAN_POINT('Origin',(-5.5,-3.,10.));
#9110=CARTESIAN_POINT('',(-5.5,-3.,-3.4));
#9111=CARTESIAN_POINT('',(-5.5,-3.,10.));
#9112=CARTESIAN_POINT('',(-5.5,-1.5,-3.4));
#9113=CARTESIAN_POINT('Origin',(5.5,-3.,10.));
#9114=CARTESIAN_POINT('',(2.7499999999999,-3.,-3.4));
#9115=CARTESIAN_POINT('Origin',(-2.04281036531029E-13,-1.11022302462516E-15,
8.));
#9116=CARTESIAN_POINT('',(-6.23205080756844,6.79422863406014,8.));
#9117=CARTESIAN_POINT('',(-7.13205080756851,8.3530743608724,8.));
#9118=CARTESIAN_POINT('',(-4.23205080756859,3.3301270189223,8.));
#9119=CARTESIAN_POINT('',(-6.76794919243064,6.48482755730173,8.));
#9120=CARTESIAN_POINT('',(0.500000000000744,10.680979980008,8.));
#9121=CARTESIAN_POINT('',(-7.66794919243069,8.043673284114,8.));
#9122=CARTESIAN_POINT('',(-5.0179491924307,3.453738644056,8.));
#9123=CARTESIAN_POINT('',(-2.39999999999919,11.0851251684409,8.));
#9124=CARTESIAN_POINT('Origin',(-4.23205080756859,3.3301270189223,6.));
#9125=CARTESIAN_POINT('',(-5.39999999999959,9.3530743608723,6.));
#9126=CARTESIAN_POINT('Origin',(-7.13205080756851,8.3530743608724,6.));
#9127=CARTESIAN_POINT('',(-4.49999999999954,7.79422863406003,6.));
#9128=CARTESIAN_POINT('',(-2.49999999999921,4.3301270189223,6.));
#9129=CARTESIAN_POINT('Origin',(-6.23205080756844,6.79422863406014,6.));
#9130=CARTESIAN_POINT('Origin',(-10.7999999999993,6.2353829072488,-3.4));
#9131=CARTESIAN_POINT('',(-1.4999995967258,11.6047409155475,8.00000007682821));
#9132=CARTESIAN_POINT('',(-10.6125001392127,6.34363600234694,8.));
#9133=CARTESIAN_POINT('',(-1.49999957924485,11.6047409720234,-3.4));
#9134=CARTESIAN_POINT('',(-1.49999929995519,11.6047408148825,-3.4));
#9135=CARTESIAN_POINT('',(-9.3999999999993,7.04367328411421,-3.4));
#9136=CARTESIAN_POINT('',(-8.09999999999962,7.79422863406048,-3.4));
#9137=CARTESIAN_POINT('',(-9.39999999999958,7.04367328411405,-2.4));
#9138=CARTESIAN_POINT('',(-9.3999999999993,7.04367328411421,-3.4));
#9139=CARTESIAN_POINT('',(-5.39999999999959,9.3530743608723,-2.4));
#9140=CARTESIAN_POINT('',(-8.0999999999995,7.7942286340606,-2.4));
#9141=CARTESIAN_POINT('',(-5.39999999999959,9.3530743608723,2.3));
#9142=CARTESIAN_POINT('Origin',(-7.99999999999964,5.77350269189653,10.));
#9143=CARTESIAN_POINT('',(-8.49999999999958,5.48482755730179,-2.4));
#9144=CARTESIAN_POINT('',(-4.49999999999954,7.79422863406003,-2.4));
#9145=CARTESIAN_POINT('',(-6.24999999999959,6.78386566297831,-2.4));
#9146=CARTESIAN_POINT('',(-8.49999999999956,5.4848275573018,6.));
#9147=CARTESIAN_POINT('',(-8.49999999999953,5.48482755730182,9.));
#9148=CARTESIAN_POINT('Origin',(-6.76794919243064,6.48482755730173,6.));
#9149=CARTESIAN_POINT('',(-4.49999999999954,7.79422863406003,8.));
#9150=CARTESIAN_POINT('Origin',(1.50000000000076,10.680979980008,10.));
#9151=CARTESIAN_POINT('',(9.00000000000005,6.350852961086,6.));
#9152=CARTESIAN_POINT('',(7.26794919243081,7.350852961086,8.));
#9153=CARTESIAN_POINT('Origin',(7.26794919243081,7.3508529610859,6.));
#9154=CARTESIAN_POINT('',(8.99999999999996,6.35085296108605,-2.4));
#9155=CARTESIAN_POINT('',(8.99999999999991,6.35085296108608,9.));
#9156=CARTESIAN_POINT('',(5.00000000000079,8.6602540378442,-2.4));
#9157=CARTESIAN_POINT('',(3.25000000000047,9.6706170089263,-2.4));
#9158=CARTESIAN_POINT('',(5.00000000000079,8.6602540378442,6.));
#9159=CARTESIAN_POINT('',(5.00000000000079,8.6602540378442,8.));
#9160=CARTESIAN_POINT('',(6.7320508075698,7.6602540378441,8.));
#9161=CARTESIAN_POINT('Origin',(6.7320508075698,7.6602540378441,6.));
#9162=CARTESIAN_POINT('',(10.0000000000008,5.7735026918959,8.));
#9163=CARTESIAN_POINT('Origin',(-2.04281036531029E-13,-1.11022302462516E-15,
-2.4));
#9164=CARTESIAN_POINT('',(9.4000000000001,7.04367328411391,-2.4));
#9165=CARTESIAN_POINT('',(7.7499999999998,4.1857894516249,-2.4));
#9166=CARTESIAN_POINT('',(5.4000000000008,9.3530743608722,-2.4));
#9167=CARTESIAN_POINT('',(2.7000000000008,10.9119200876843,-2.4));
#9168=CARTESIAN_POINT('',(2.75000000000079,4.7631397208143,-2.4));
#9169=CARTESIAN_POINT('Origin',(8.9999999999998,6.3508529610859,8.));
#9170=CARTESIAN_POINT('',(9.40000000000011,7.0436732841139,6.));
#9171=CARTESIAN_POINT('',(6.4999999999998,2.0207259421638,6.));
#9172=CARTESIAN_POINT('',(9.4000000000001,7.04367328411391,2.3));
#9173=CARTESIAN_POINT('Origin',(-5.0179491924307,3.453738644056,6.));
#9174=CARTESIAN_POINT('',(-9.3999999999996,7.04367328411404,6.));
#9175=CARTESIAN_POINT('',(-8.99999999999951,6.35085296108627,6.));
#9176=CARTESIAN_POINT('Origin',(-7.66794919243069,8.0436732841139,6.));
#9177=CARTESIAN_POINT('Origin',(-9.49999999999931,7.2168783648705,8.));
#9178=CARTESIAN_POINT('',(-7.99999999999941,4.618802153517,-2.4));
#9179=CARTESIAN_POINT('',(-9.39999999999957,7.04367328411405,2.3));
#9180=CARTESIAN_POINT('Origin',(-2.04281036531029E-13,-1.11022302462516E-15,
-2.4));
#9181=CARTESIAN_POINT('',(-2.49999999999921,4.3301270189223,-2.4));
#9182=CARTESIAN_POINT('Origin',(-7.89999999999942,4.4455970727609,-3.4));
#9183=CARTESIAN_POINT('',(-9.87196014438763,6.70643169496219,7.94392028877617));
#9184=CARTESIAN_POINT('',(-9.3999999999993,7.04367328411421,8.));
#9185=CARTESIAN_POINT('Origin',(-7.89999999999942,4.4455970727609,5.00000000000038));
#9186=CARTESIAN_POINT('',(-9.3999999999993,7.04367328411421,-3.4));
#9187=CARTESIAN_POINT('',(-10.8999999999994,4.44559707276099,-3.4));
#9188=CARTESIAN_POINT('Origin',(-7.89999999999942,4.4455970727609,-3.4));
#9189=CARTESIAN_POINT('',(-10.8999999999994,4.44559707276099,8.09999999999969));
#9190=CARTESIAN_POINT('',(-10.8999999999994,4.44559707276099,-3.4));
#9191=CARTESIAN_POINT('',(-10.8045940622853,5.19615242270722,8.00459406228572));
#9192=CARTESIAN_POINT('Origin',(-7.89999999999942,4.4455970727609,5.09999999999973));
#9193=CARTESIAN_POINT('Ctrl Pts',(-9.87196014438764,6.70643169496219,7.94392028877618));
#9194=CARTESIAN_POINT('Ctrl Pts',(-9.92832235791157,6.65727107187757,7.92952704708099));
#9195=CARTESIAN_POINT('Ctrl Pts',(-9.9835481488566,6.60536510343654,7.91685417988632));
#9196=CARTESIAN_POINT('Ctrl Pts',(-10.1950112837798,6.39076773134817,7.87492544869055));
#9197=CARTESIAN_POINT('Ctrl Pts',(-10.3356060537767,6.20966653626573,7.86342582879865));
#9198=CARTESIAN_POINT('Ctrl Pts',(-10.4466324345194,6.0313660481954,7.87042725097691));
#9199=CARTESIAN_POINT('Ctrl Pts',(-10.5632211469254,5.8441328502255,7.87777943873007));
#9200=CARTESIAN_POINT('Ctrl Pts',(-10.6668043244225,5.6286286001228,7.9066894932168));
#9201=CARTESIAN_POINT('Ctrl Pts',(-10.7654507175845,5.33702293648701,7.96958760290826));
#9202=CARTESIAN_POINT('Ctrl Pts',(-10.7864156257456,5.2665016365777,7.986415625746));
#9203=CARTESIAN_POINT('Ctrl Pts',(-10.8045940622853,5.19615242270723,8.00459406228574));
#9204=CARTESIAN_POINT('Origin',(7.90000000000085,4.44559707276028,-3.4));
#9205=CARTESIAN_POINT('',(9.87196014438898,6.7064316949616,7.9439202887763));
#9206=CARTESIAN_POINT('',(9.40000000000088,7.04367328411346,8.));
#9207=CARTESIAN_POINT('Origin',(7.90000000000085,4.44559707276028,5.00000000000048));
#9208=CARTESIAN_POINT('',(10.8045940622866,5.19615242270649,8.00459406228613));
#9209=CARTESIAN_POINT('Ctrl Pts',(10.8045940622868,5.19615242270649,8.00459406228596));
#9210=CARTESIAN_POINT('Ctrl Pts',(10.786415625747,5.26650163657697,7.98641562574622));
#9211=CARTESIAN_POINT('Ctrl Pts',(10.7654507175859,5.33702293648628,7.96958760290848));
#9212=CARTESIAN_POINT('Ctrl Pts',(10.666804324424,5.62862860012211,7.90668949321699));
#9213=CARTESIAN_POINT('Ctrl Pts',(10.5632211469268,5.84413285022485,7.87777943873025));
#9214=CARTESIAN_POINT('Ctrl Pts',(10.4466324345208,6.03136604819478,7.87042725097706));
#9215=CARTESIAN_POINT('Ctrl Pts',(10.335606053778,6.20966653626511,7.86342582879879));
#9216=CARTESIAN_POINT('Ctrl Pts',(10.1950112837812,6.39076773134756,7.87492544869067));
#9217=CARTESIAN_POINT('Ctrl Pts',(9.98354814885795,6.60536510343594,7.91685417988641));
#9218=CARTESIAN_POINT('Ctrl Pts',(9.92832235791291,6.65727107187697,7.92952704708107));
#9219=CARTESIAN_POINT('Ctrl Pts',(9.87196014438898,6.7064316949616,7.94392028877625));
#9220=CARTESIAN_POINT('',(10.9000000000007,4.44559707276018,8.10000000000066));
#9221=CARTESIAN_POINT('Origin',(7.90000000000085,4.44559707276028,5.10000000000074));
#9222=CARTESIAN_POINT('',(10.9000000000008,4.44559707276018,-3.4));
#9223=CARTESIAN_POINT('',(10.9000000000007,4.44559707276018,-3.4));
#9224=CARTESIAN_POINT('',(9.40000000000088,7.04367328411346,-3.4));
#9225=CARTESIAN_POINT('Origin',(7.90000000000085,4.44559707276028,-3.4));
#9226=CARTESIAN_POINT('',(9.40000000000088,7.04367328411346,-3.4));
#9227=CARTESIAN_POINT('',(9.40000000000088,7.04367328411346,-3.4));
#9228=CARTESIAN_POINT('Origin',(7.90478793533111E-13,12.4707658144964,-3.4));
#9229=CARTESIAN_POINT('',(7.6679491924308,8.043673284114,8.));
#9230=CARTESIAN_POINT('Origin',(7.6679491924308,8.0436732841139,6.));
#9231=CARTESIAN_POINT('',(7.72500193562835,8.01073386747111,8.));
#9232=CARTESIAN_POINT('Origin',(7.90478793533111E-13,12.4707658144964,-3.4));
#9233=CARTESIAN_POINT('',(5.4000000000008,9.3530743608722,6.));
#9234=CARTESIAN_POINT('',(7.13205080756979,8.3530743608722,8.));
#9235=CARTESIAN_POINT('Origin',(7.13205080756979,8.35307436087209,6.));
#9236=CARTESIAN_POINT('',(5.4000000000008,9.3530743608722,2.3));
#9237=CARTESIAN_POINT('',(1.49999986211718,11.6047410537178,-3.4));
#9238=CARTESIAN_POINT('',(2.7000000000008,10.9119200876843,-3.4));
#9239=CARTESIAN_POINT('',(1.49999986211315,11.6047410537105,8.00000015247172));
#9240=CARTESIAN_POINT('',(1.4999999363608,11.6047404474547,-3.4));
#9241=CARTESIAN_POINT('',(7.90478793533111E-13,12.4707658144964,8.));
#9242=CARTESIAN_POINT('Origin',(4.76794919243081,3.0207259421639,6.));
#9243=CARTESIAN_POINT('',(4.76794919243081,3.0207259421639,8.));
#9244=CARTESIAN_POINT('Origin',(4.24269801513333E-7,9.00666508118519,-3.4));
#9245=CARTESIAN_POINT('Origin',(4.24269801513333E-7,9.00666508118519,-3.4));
#9246=CARTESIAN_POINT('Origin',(4.24269801513333E-7,9.00666508118519,8.));
#9247=CARTESIAN_POINT('Origin',(1.06067803429255E-7,12.0377536637457,8.));
#9248=CARTESIAN_POINT('',(8.26005930321116E-13,12.4707658153575,8.));
#9249=CARTESIAN_POINT('',(-0.89999999999919,11.9511505722255,8.));
#9250=CARTESIAN_POINT('',(-5.49374984089829,9.29894786499301,8.));
#9251=CARTESIAN_POINT('',(0.900000000000807,11.9511505722252,8.));
#9252=CARTESIAN_POINT('',(0.0937499204508097,12.4166392726883,8.));
#9253=CARTESIAN_POINT('',(7.90478793533111E-13,12.4707658144964,8.));
#9254=CARTESIAN_POINT('',(-10.7999999999993,6.2353829072488,8.));
#9255=CARTESIAN_POINT('Origin',(7.90478793533111E-13,12.4707658144964,-3.4));
#9256=CARTESIAN_POINT('',(7.90478793533111E-13,12.4707658144964,8.27846096908316));
#9257=CARTESIAN_POINT('',(7.90478793533111E-13,12.4707658144964,-3.4));
#9258=CARTESIAN_POINT('Ctrl Pts',(9.85637193333644E-13,12.4707658144963,
8.27846096908311));
#9259=CARTESIAN_POINT('Ctrl Pts',(0.482308546377008,12.1923048454136,8.00000000000047));
#9260=CARTESIAN_POINT('Ctrl Pts',(0.900000000000996,11.9511505722256,8.00000000000045));
#9261=CARTESIAN_POINT('Origin',(-10.7999999999993,6.2353829072488,-3.4));
#9262=CARTESIAN_POINT('Ctrl Pts',(-0.899999999999278,11.9511505722257,8.00000000000045));
#9263=CARTESIAN_POINT('Ctrl Pts',(-0.482308546375319,12.1923048454136,8.00000000000048));
#9264=CARTESIAN_POINT('Ctrl Pts',(6.55173579223753E-13,12.4707658144963,
8.27846096908305));
#9265=CARTESIAN_POINT('Origin',(-10.7999999999993,6.2353829072488,-3.4));
#9266=CARTESIAN_POINT('',(-10.6125001392127,6.34363600234694,8.));
#9267=CARTESIAN_POINT('Origin',(8.7000000000008,8.1406387955734,8.6));
#9268=CARTESIAN_POINT('',(1.50000000000079,12.9903810567665,9.2));
#9269=CARTESIAN_POINT('',(0.900000000000807,11.9511505722252,8.));
#9270=CARTESIAN_POINT('',(10.5000000000008,7.7942286340595,9.2));
#9271=CARTESIAN_POINT('',(9.00000000000079,8.66025403784399,9.2));
#9272=CARTESIAN_POINT('',(10.2000000000009,7.27461339178888,8.60000000000002));
#9273=CARTESIAN_POINT('',(8.40000000000081,7.6210235533027,8.));
#9274=CARTESIAN_POINT('Origin',(7.90478793533111E-13,10.3923048454132,8.6));
#9275=CARTESIAN_POINT('',(-1.4999999999992,12.9903810567666,9.2));
#9276=CARTESIAN_POINT('',(-0.89999999999919,11.9511505722255,8.));
#9277=CARTESIAN_POINT('Origin',(7.90478793533111E-13,10.3923048454132,9.2));
#9278=CARTESIAN_POINT('Origin',(-2.6999999999994,11.6047404107115,8.6));
#9279=CARTESIAN_POINT('',(-10.4999999999995,7.7942286340603,9.2));
#9280=CARTESIAN_POINT('',(-9.8999999999996,6.754998149519,8.));
#9281=CARTESIAN_POINT('',(-2.99999999999939,12.1243556529822,9.2));
#9282=CARTESIAN_POINT('Origin',(-8.9999999999996,5.1961524227069,8.6));
#9283=CARTESIAN_POINT('',(-11.9999999999996,5.196152422707,9.2));
#9284=CARTESIAN_POINT('',(-10.7999999999993,5.196152422707,8.));
#9285=CARTESIAN_POINT('Origin',(-8.9999999999996,5.1961524227069,9.2));
#9286=CARTESIAN_POINT('Origin',(9.00000000000079,5.1961524227063,8.6));
#9287=CARTESIAN_POINT('',(12.0000000000008,5.1961524227062,9.2));
#9288=CARTESIAN_POINT('Origin',(9.00000000000079,5.1961524227063,9.2));
#9289=CARTESIAN_POINT('',(10.8000000000008,5.1961524227062,8.));
#9290=CARTESIAN_POINT('Origin',(-2.04281036531029E-13,-1.11022302462516E-15,
8.));
#9291=CARTESIAN_POINT('',(4.48205080756879,3.7631397208143,8.));
#9292=CARTESIAN_POINT('Origin',(9.00000000000079,5.1961524227063,8.));
#9293=CARTESIAN_POINT('',(10.5000000000008,7.7942286340595,8.));
#9294=CARTESIAN_POINT('',(12.0000000000008,5.1961524227062,8.));
#9295=CARTESIAN_POINT('Origin',(12.0000000000008,6.9282032302751,8.));
#9296=CARTESIAN_POINT('',(1.50000000000079,12.9903810567665,8.));
#9297=CARTESIAN_POINT('Origin',(5.5000000000008,9.5262794416286,8.));
#9298=CARTESIAN_POINT('',(2.75000000000079,4.7631397208143,6.));
#9299=CARTESIAN_POINT('Origin',(4.48205080756879,3.7631397208143,6.));
#9300=CARTESIAN_POINT('Origin',(-4.99999999999949,8.6602540378445,8.));
#9301=CARTESIAN_POINT('Origin',(7.90478793533111E-13,10.3923048454132,8.));
#9302=CARTESIAN_POINT('',(-1.4999999999992,12.9903810567666,8.));
#9303=CARTESIAN_POINT('Origin',(7.90478793533111E-13,13.856406460551,8.));
#9304=CARTESIAN_POINT('',(-10.4999999999995,7.7942286340603,8.));
#9305=CARTESIAN_POINT('Origin',(-8.9999999999996,5.1961524227069,8.));
#9306=CARTESIAN_POINT('',(-11.9999999999996,5.196152422707,8.));
#9307=CARTESIAN_POINT('Origin',(-11.9999999999995,6.9282032302759,8.));
#9308=CARTESIAN_POINT('',(-12.,-5.1961524227062,9.2));
#9309=CARTESIAN_POINT('',(-11.9999999999997,3.4641016151382,9.2));
#9310=CARTESIAN_POINT('',(-12.,-5.1961524227062,8.));
#9311=CARTESIAN_POINT('Origin',(4.23205080756881,-3.3301270189224,6.));
#9312=CARTESIAN_POINT('',(7.1320508075688,-8.353074360872,8.));
#9313=CARTESIAN_POINT('',(5.3999999999998,-9.3530743608719,6.));
#9314=CARTESIAN_POINT('Origin',(7.1320508075688,-8.3530743608719,6.));
#9315=CARTESIAN_POINT('',(4.9999999999998,-8.6602540378446,6.));
#9316=CARTESIAN_POINT('',(2.4999999999998,-4.3301270189223,6.));
#9317=CARTESIAN_POINT('',(6.73205080756881,-7.6602540378446,8.));
#9318=CARTESIAN_POINT('Origin',(6.73205080756881,-7.6602540378446,6.));
#9319=CARTESIAN_POINT('',(4.23205080756881,-3.3301270189224,8.));
#9320=CARTESIAN_POINT('Origin',(11.9999999999998,-6.92820323027601,8.));
#9321=CARTESIAN_POINT('',(11.9999999999998,-5.1961524227071,9.2));
#9322=CARTESIAN_POINT('',(11.9999999999998,-5.1961524227071,8.));
#9323=CARTESIAN_POINT('',(11.9999999999998,-3.4641016151382,9.2));
#9324=CARTESIAN_POINT('Origin',(11.3999999999998,-3.4641016151382,8.6));
#9325=CARTESIAN_POINT('',(10.804594062286,-5.19615242270732,8.00459406228628));
#9326=CARTESIAN_POINT('',(11.3999999999998,-5.19615242270709,8.60000000000001));
#9327=CARTESIAN_POINT('',(10.9000000000005,-4.44559707275965,8.10000000000069));
#9328=CARTESIAN_POINT('Origin',(7.90000000000052,-4.44559707275956,5.10000000000073));
#9329=CARTESIAN_POINT('',(10.9000000000006,1.38564064605497,8.10000000000067));
#9330=CARTESIAN_POINT('Origin',(10.9000000000008,6.23538290724809,-3.4));
#9331=CARTESIAN_POINT('',(10.9000000000005,-4.44559707275965,-3.4));
#9332=CARTESIAN_POINT('',(10.9000000000007,3.11769145362387,-3.4));
#9333=CARTESIAN_POINT('',(10.9000000000005,-4.44559707275965,-3.4));
#9334=CARTESIAN_POINT('Origin',(-2.04281036531029E-13,-1.11022302462516E-15,
-3.4));
#9335=CARTESIAN_POINT('',(-10.8999999999997,-4.44559707275947,-3.4));
#9336=CARTESIAN_POINT('',(-10.8999999999996,-3.11769145362337,-3.4));
#9337=CARTESIAN_POINT('',(9.4000000000004,-7.04367328411287,-3.4));
#9338=CARTESIAN_POINT('Origin',(7.90000000000052,-4.44559707275956,-3.4));
#9339=CARTESIAN_POINT('',(1.50000242894906,-11.6047402086413,-3.4));
#9340=CARTESIAN_POINT('',(8.09999999999956,-7.79422863405981,-3.4));
#9341=CARTESIAN_POINT('',(-1.49999736601723,-11.6047416130534,-3.4));
#9342=CARTESIAN_POINT('Origin',(2.63046779913623E-6,-9.0066650811853,-3.4));
#9343=CARTESIAN_POINT('',(-9.39999999999974,-7.04367328411271,-3.4));
#9344=CARTESIAN_POINT('',(-2.6999999999999,-10.9119200876834,-3.4));
#9345=CARTESIAN_POINT('Origin',(-7.89999999999973,-4.44559707275956,-3.4));
#9346=CARTESIAN_POINT('Origin',(-10.8999999999997,-6.2353829072471,-3.4));
#9347=CARTESIAN_POINT('',(-10.8999999999996,-4.44559707275947,8.09999999999967));
#9348=CARTESIAN_POINT('',(-10.8999999999995,-1.38564064605452,8.09999999999967));
#9349=CARTESIAN_POINT('',(-10.8999999999996,-4.44559707275947,-3.4));
#9350=CARTESIAN_POINT('Origin',(-2.04281036531029E-13,-1.11022302462516E-15,
10.));
#9351=CARTESIAN_POINT('Origin',(-11.3999999999997,3.4641016151381,8.6));
#9352=CARTESIAN_POINT('',(-10.8045940622855,-5.1961524227065,8.00459406228547));
#9353=CARTESIAN_POINT('Origin',(-7.89999999999973,-4.44559707275956,5.09999999999972));
#9354=CARTESIAN_POINT('',(-10.8,-5.1961524227063,8.));
#9355=CARTESIAN_POINT('Origin',(-12.0000000000001,-6.9282032302751,8.));
#9356=CARTESIAN_POINT('',(-1.50000000000019,-12.9903810567665,9.2));
#9357=CARTESIAN_POINT('',(-10.5000000000001,-7.7942286340596,9.2));
#9358=CARTESIAN_POINT('',(-9.0000000000001,-8.6602540378441,9.2));
#9359=CARTESIAN_POINT('',(-1.50000000000019,-12.9903810567665,8.));
#9360=CARTESIAN_POINT('',(-10.5000000000001,-7.7942286340596,8.));
#9361=CARTESIAN_POINT('Origin',(-8.99999999999999,-5.1961524227063,8.));
#9362=CARTESIAN_POINT('Origin',(-8.99999999999999,-5.1961524227063,9.2));
#9363=CARTESIAN_POINT('Origin',(4.9999999999998,-8.6602540378446,8.));
#9364=CARTESIAN_POINT('',(5.3999999999998,-9.3530743608719,-2.4));
#9365=CARTESIAN_POINT('',(5.3999999999998,-9.3530743608719,2.3));
#9366=CARTESIAN_POINT('',(4.9999999999998,-8.6602540378446,-2.4));
#9367=CARTESIAN_POINT('',(2.4999999999998,-4.3301270189223,-2.4));
#9368=CARTESIAN_POINT('',(4.9999999999998,-8.6602540378446,8.));
#9369=CARTESIAN_POINT('Origin',(-4.48205080756879,-3.7631397208143,6.));
#9370=CARTESIAN_POINT('',(-6.73205080756889,-7.6602540378442,8.));
#9371=CARTESIAN_POINT('',(-5.0000000000001,-8.6602540378442,6.));
#9372=CARTESIAN_POINT('Origin',(-6.732050807569,-7.6602540378442,6.));
#9373=CARTESIAN_POINT('',(-5.39999999999979,-9.3530743608713,6.));
#9374=CARTESIAN_POINT('',(-2.74999999999999,-4.7631397208143,6.));
#9375=CARTESIAN_POINT('',(-7.13205080756871,-8.3530743608712,8.));
#9376=CARTESIAN_POINT('Origin',(-7.13205080756871,-8.3530743608712,6.));
#9377=CARTESIAN_POINT('',(-4.48205080756879,-3.7631397208143,8.));
#9378=CARTESIAN_POINT('Origin',(-5.5000000000001,-9.5262794416287,8.));
#9379=CARTESIAN_POINT('',(-5.39999999999979,-9.3530743608713,-2.4));
#9380=CARTESIAN_POINT('',(-5.39999999999989,-9.3530743608713,2.3));
#9381=CARTESIAN_POINT('',(-5.0000000000001,-8.6602540378442,-2.4));
#9382=CARTESIAN_POINT('',(-5.0000000000001,-8.6602540378442,8.));
#9383=CARTESIAN_POINT('',(-2.74999999999999,-4.7631397208143,-2.4));
#9384=CARTESIAN_POINT('Origin',(8.9999999999998,-5.196152422707,8.));
#9385=CARTESIAN_POINT('',(10.4999999999998,-7.7942286340603,9.2));
#9386=CARTESIAN_POINT('Origin',(8.9999999999998,-5.196152422707,9.2));
#9387=CARTESIAN_POINT('',(10.4999999999998,-7.7942286340603,8.));
#9388=CARTESIAN_POINT('Origin',(-2.04281036531029E-13,-13.856406460551,
8.));
#9389=CARTESIAN_POINT('',(1.4999999999998,-12.9903810567666,9.2));
#9390=CARTESIAN_POINT('',(2.9999999999998,-12.1243556529822,9.2));
#9391=CARTESIAN_POINT('',(1.4999999999998,-12.9903810567666,8.));
#9392=CARTESIAN_POINT('Origin',(-2.04281036531029E-13,-10.3923048454133,
8.));
#9393=CARTESIAN_POINT('Origin',(-2.04281036531029E-13,-10.3923048454133,
9.2));
#9394=CARTESIAN_POINT('Origin',(-2.04281036531029E-13,-1.11022302462516E-15,
8.));
#9395=CARTESIAN_POINT('',(-7.6679491924303,-8.0436732841131,8.));
#9396=CARTESIAN_POINT('',(-8.40000000000011,-7.6210235533028,8.));
#9397=CARTESIAN_POINT('',(-7.26794919243059,-7.350852961086,8.));
#9398=CARTESIAN_POINT('',(-4.76794919243049,-3.0207259421639,8.));
#9399=CARTESIAN_POINT('',(-10.,-5.7735026918959,8.));
#9400=CARTESIAN_POINT('Origin',(-2.04281036531029E-13,-1.11022302462516E-15,
8.));
#9401=CARTESIAN_POINT('',(7.6679491924308,-8.0436732841135,8.));
#9402=CARTESIAN_POINT('',(2.39999999999982,-11.0851251684409,8.));
#9403=CARTESIAN_POINT('',(7.26794919243081,-7.3508529610862,8.));
#9404=CARTESIAN_POINT('',(-2.04281036531029E-13,-11.5470053837925,8.));
#9405=CARTESIAN_POINT('',(5.01794919243081,-3.453738644056,8.));
#9406=CARTESIAN_POINT('Origin',(8.9999999999998,-5.196152422707,8.6));
#9407=CARTESIAN_POINT('',(9.87196014438758,-6.70643169496185,7.94392028877557));
#9408=CARTESIAN_POINT('',(9.89999999999982,-6.754998149519,8.));
#9409=CARTESIAN_POINT('Ctrl Pts',(9.8719601443876,-6.70643169496184,7.94392028877567));
#9410=CARTESIAN_POINT('Ctrl Pts',(9.92067930290152,-6.66393754792691,7.93147885718823));
#9411=CARTESIAN_POINT('Ctrl Pts',(9.96846212564843,-6.61947452859519,7.92034243956111));
#9412=CARTESIAN_POINT('Ctrl Pts',(10.1819944185325,-6.40723771232495,7.876156917336));
#9413=CARTESIAN_POINT('Ctrl Pts',(10.3302268890227,-6.21830509310831,7.8630866138916));
#9414=CARTESIAN_POINT('Ctrl Pts',(10.4466324345196,-6.03136604819551,7.87042725097692));
#9415=CARTESIAN_POINT('Ctrl Pts',(10.5632211469257,-5.84413285022558,7.87777943873021));
#9416=CARTESIAN_POINT('Ctrl Pts',(10.6668043244231,-5.62862860012285,7.90668949321709));
#9417=CARTESIAN_POINT('Ctrl Pts',(10.7654507175852,-5.33702293648705,7.96958760290873));
#9418=CARTESIAN_POINT('Ctrl Pts',(10.7864156257463,-5.26650163657778,7.9864156257465));
#9419=CARTESIAN_POINT('Ctrl Pts',(10.8045940622861,-5.19615242270733,8.00459406228627));
#9420=CARTESIAN_POINT('Origin',(2.69999999999981,-11.6047404107116,8.6));
#9421=CARTESIAN_POINT('',(0.899999999999812,-11.9511505722251,8.));
#9422=CARTESIAN_POINT('',(0.899999999999812,-11.9511505722251,8.));
#9423=CARTESIAN_POINT('',(1.50000242894003,-11.6047402086263,8.00000032483103));
#9424=CARTESIAN_POINT('',(10.7999999999998,-6.2353829072478,8.));
#9425=CARTESIAN_POINT('',(10.6125050581992,-6.34363316236807,8.));
#9426=CARTESIAN_POINT('',(9.4000000000004,-7.04367328411287,8.));
#9427=CARTESIAN_POINT('',(10.6125050581992,-6.34363316236807,8.));
#9428=CARTESIAN_POINT('Origin',(7.90000000000052,-4.44559707275956,4.99999999999948));
#9429=CARTESIAN_POINT('Origin',(-2.04281036531029E-13,-10.3923048454133,
8.6));
#9430=CARTESIAN_POINT('',(-2.04281036531029E-13,-12.4707658144954,8.27846096908214));
#9431=CARTESIAN_POINT('Ctrl Pts',(0.899999999999602,-11.9511505722248,7.99999999999945));
#9432=CARTESIAN_POINT('Ctrl Pts',(0.482308546375751,-12.1923048454127,7.99999999999941));
#9433=CARTESIAN_POINT('Ctrl Pts',(-9.78120329322345E-14,-12.4707658144952,
8.27846096908192));
#9434=CARTESIAN_POINT('',(-0.900000000000203,-11.9511505722252,8.));
#9435=CARTESIAN_POINT('',(-0.900000000000203,-11.9511505722252,8.));
#9436=CARTESIAN_POINT('Ctrl Pts',(-3.66470320729988E-13,-12.4707658144953,
8.27846096908201));
#9437=CARTESIAN_POINT('Ctrl Pts',(-0.482308546376162,-12.1923048454128,
7.99999999999951));
#9438=CARTESIAN_POINT('Ctrl Pts',(-0.899999999999957,-11.9511505722249,
7.99999999999949));
#9439=CARTESIAN_POINT('Origin',(-8.70000000000011,-8.1406387955734,8.6));
#9440=CARTESIAN_POINT('',(-9.8719601443878,-6.70643169496095,7.9439202887755));
#9441=CARTESIAN_POINT('',(-10.2000000000001,-7.27461339178891,8.59999999999999));
#9442=CARTESIAN_POINT('',(-9.39999999999977,-7.04367328411276,8.));
#9443=CARTESIAN_POINT('Origin',(-7.89999999999973,-4.44559707275956,4.99999999999963));
#9444=CARTESIAN_POINT('',(-7.72499990056194,-8.01073504241592,8.));
#9445=CARTESIAN_POINT('',(-1.49999734853635,-11.6047416695291,7.99999992317187));
#9446=CARTESIAN_POINT('',(-2.04281036531029E-13,-12.4707658144954,8.));
#9447=CARTESIAN_POINT('',(-2.04281036531029E-13,-12.4707658144954,8.));
#9448=CARTESIAN_POINT('Origin',(-8.99999999999999,-5.1961524227063,8.6));
#9449=CARTESIAN_POINT('Ctrl Pts',(-10.8045940622855,-5.19615242270649,8.00459406228548));
#9450=CARTESIAN_POINT('Ctrl Pts',(-10.7864156257457,-5.26650163657694,7.98641562574573));
#9451=CARTESIAN_POINT('Ctrl Pts',(-10.7654507175846,-5.33702293648622,7.96958760290797));
#9452=CARTESIAN_POINT('Ctrl Pts',(-10.6668043244226,-5.62862860012194,7.90668949321644));
#9453=CARTESIAN_POINT('Ctrl Pts',(-10.5632211469254,-5.84413285022459,7.87777943872965));
#9454=CARTESIAN_POINT('Ctrl Pts',(-10.4466324345194,-6.03136604819446,7.87042725097643));
#9455=CARTESIAN_POINT('Ctrl Pts',(-10.3356060537767,-6.20966653626469,7.86342582879813));
#9456=CARTESIAN_POINT('Ctrl Pts',(-10.1950112837799,-6.39076773134703,7.87492544868997));
#9457=CARTESIAN_POINT('Ctrl Pts',(-9.98354814885676,-6.60536510343532,7.91685417988568));
#9458=CARTESIAN_POINT('Ctrl Pts',(-9.92832235791173,-6.65727107187634,7.92952704708033));
#9459=CARTESIAN_POINT('Ctrl Pts',(-9.8719601443878,-6.70643169496095,7.94392028877551));
#9460=CARTESIAN_POINT('Origin',(10.7999999999998,-6.2353829072478,-3.4));
#9461=CARTESIAN_POINT('',(1.50000159100879,-11.604739492142,-3.4));
#9462=CARTESIAN_POINT('',(9.39999999999964,-7.04367328411331,-2.4));
#9463=CARTESIAN_POINT('',(9.4000000000004,-7.04367328411287,-3.4));
#9464=CARTESIAN_POINT('',(8.0999999999998,-7.7942286340599,-2.4));
#9465=CARTESIAN_POINT('Origin',(-2.04281036531029E-13,-12.4707658144954,
-3.4));
#9466=CARTESIAN_POINT('',(6.22319973331287E-10,-12.4707658144956,8.));
#9467=CARTESIAN_POINT('',(-0.0937489698222027,-12.4166398215326,8.));
#9468=CARTESIAN_POINT('',(-2.04281036531029E-13,-12.4707658144954,-3.4));
#9469=CARTESIAN_POINT('Origin',(10.7999999999998,-6.2353829072478,-3.4));
#9470=CARTESIAN_POINT('',(5.49375107790881,-9.2989471508044,8.));
#9471=CARTESIAN_POINT('Origin',(2.81078180286443E-6,-12.037753002375,8.));
#9472=CARTESIAN_POINT('Origin',(2.63046779913623E-6,-9.0066650811853,8.));
#9473=CARTESIAN_POINT('Origin',(2.63046779913623E-6,-9.0066650811853,-3.4));
#9474=CARTESIAN_POINT('',(-1.49999764530619,-11.6047417701938,-3.4));
#9475=CARTESIAN_POINT('Origin',(10.7999999999998,-6.2353829072478,-3.4));
#9476=CARTESIAN_POINT('',(9.39999999999943,-7.04367328411343,6.));
#9477=CARTESIAN_POINT('',(9.4000000000004,-7.04367328411287,-3.4));
#9478=CARTESIAN_POINT('Origin',(7.6679491924308,-8.0436732841135,6.));
#9479=CARTESIAN_POINT('Origin',(7.90000000000052,-4.44559707275956,-3.4));
#9480=CARTESIAN_POINT('',(9.39999999999964,-7.04367328411331,2.3));
#9481=CARTESIAN_POINT('Origin',(-2.04281036531029E-13,-12.4707658144954,
-3.4));
#9482=CARTESIAN_POINT('',(-9.39999999999922,-7.04367328411308,-2.4));
#9483=CARTESIAN_POINT('',(-2.6999999999999,-10.9119200876834,-2.4));
#9484=CARTESIAN_POINT('',(-9.39999999999977,-7.04367328411276,-3.4));
#9485=CARTESIAN_POINT('Origin',(-2.04281036531029E-13,-12.4707658144954,
-3.4));
#9486=CARTESIAN_POINT('',(-9.39999999999923,-7.04367328411308,6.));
#9487=CARTESIAN_POINT('',(-9.39999999999977,-7.04367328411276,-3.4));
#9488=CARTESIAN_POINT('Origin',(-7.6679491924303,-8.0436732841131,6.));
#9489=CARTESIAN_POINT('Origin',(-7.89999999999973,-4.44559707275956,-3.4));
#9490=CARTESIAN_POINT('',(-9.39999999999922,-7.04367328411308,2.3));
#9491=CARTESIAN_POINT('Origin',(-1.50000000000024,-10.6809799800081,10.));
#9492=CARTESIAN_POINT('',(-8.99999999999935,-6.35085296108594,-2.4));
#9493=CARTESIAN_POINT('',(-3.25000000000039,-9.67061700892605,-2.4));
#9494=CARTESIAN_POINT('',(-8.99999999999942,-6.3508529610859,6.));
#9495=CARTESIAN_POINT('Origin',(-7.26794919243059,-7.350852961086,6.));
#9496=CARTESIAN_POINT('',(-8.99999999999941,-6.3508529610859,9.));
#9497=CARTESIAN_POINT('Origin',(-2.04281036531029E-13,-1.11022302462516E-15,
-2.4));
#9498=CARTESIAN_POINT('',(8.99999999999983,-6.3508529610861,-2.4));
#9499=CARTESIAN_POINT('',(6.74999999999977,-7.64989106676276,-2.4));
#9500=CARTESIAN_POINT('',(7.9999999999998,-4.618802153517,-2.4));
#9501=CARTESIAN_POINT('Origin',(-4.76794919243049,-3.0207259421639,6.));
#9502=CARTESIAN_POINT('',(-6.4999999999993,-2.0207259421638,6.));
#9503=CARTESIAN_POINT('Origin',(-8.99999999999941,-6.3508529610859,8.));
#9504=CARTESIAN_POINT('',(-7.7499999999993,-4.1857894516249,-2.4));
#9505=CARTESIAN_POINT('Origin',(-2.04281036531029E-13,-1.11022302462516E-15,
-2.4));
#9506=CARTESIAN_POINT('Origin',(5.01794919243081,-3.453738644056,6.));
#9507=CARTESIAN_POINT('',(8.99999999999966,-6.3508529610862,6.));
#9508=CARTESIAN_POINT('Origin',(7.26794919243081,-7.3508529610862,6.));
#9509=CARTESIAN_POINT('',(6.7499999999998,-2.4537386440561,6.));
#9510=CARTESIAN_POINT('Origin',(8.49999999999977,-6.63952809568094,10.));
#9511=CARTESIAN_POINT('',(8.99999999999986,-6.35085296108608,9.));
#9512=CARTESIAN_POINT('Origin',(9.49999999999981,-7.2168783648705,8.));
#9513=CARTESIAN_POINT('Ctrl Pts',(3.96589338779459,-4.64663007775496,9.));
#9514=CARTESIAN_POINT('Ctrl Pts',(3.96589338779459,-4.64663007775496,10.));
#9515=CARTESIAN_POINT('Ctrl Pts',(3.76507229055094,-4.65662585199485,9.));
#9516=CARTESIAN_POINT('Ctrl Pts',(3.76507229055094,-4.65662585199485,10.));
#9517=CARTESIAN_POINT('Ctrl Pts',(3.38458574260444,-4.67556438826812,9.));
#9518=CARTESIAN_POINT('Ctrl Pts',(3.38458574260444,-4.67556438826812,10.));
#9519=CARTESIAN_POINT('Ctrl Pts',(3.05848593145016,-4.87090018528982,9.));
#9520=CARTESIAN_POINT('Ctrl Pts',(3.05848593145016,-4.87090018528982,10.));
#9521=CARTESIAN_POINT('Ctrl Pts',(2.90450185537347,-4.96313759604643,9.));
#9522=CARTESIAN_POINT('Ctrl Pts',(2.90450185537347,-4.96313759604643,10.));
#9523=CARTESIAN_POINT('',(2.90450185537347,-4.96313759604643,9.));
#9524=CARTESIAN_POINT('',(3.96589338779459,-4.64663007775496,9.));
#9525=CARTESIAN_POINT('Ctrl Pts',(2.90450185537347,-4.96313759604643,9.));
#9526=CARTESIAN_POINT('Ctrl Pts',(3.05848593145016,-4.87090018528982,9.));
#9527=CARTESIAN_POINT('Ctrl Pts',(3.38458574260444,-4.67556438826812,9.));
#9528=CARTESIAN_POINT('Ctrl Pts',(3.76507229055094,-4.65662585199485,9.));
#9529=CARTESIAN_POINT('Ctrl Pts',(3.96589338779459,-4.64663007775496,9.));
#9530=CARTESIAN_POINT('',(2.90450185537347,-4.96313759604643,10.));
#9531=CARTESIAN_POINT('',(2.90450185537347,-4.96313759604643,9.));
#9532=CARTESIAN_POINT('',(3.96589338779459,-4.64663007775496,10.));
#9533=CARTESIAN_POINT('Ctrl Pts',(3.96589338779459,-4.64663007775496,10.));
#9534=CARTESIAN_POINT('Ctrl Pts',(3.76507229055094,-4.65662585199485,10.));
#9535=CARTESIAN_POINT('Ctrl Pts',(3.38458574260444,-4.67556438826812,10.));
#9536=CARTESIAN_POINT('Ctrl Pts',(3.05848593145016,-4.87090018528982,10.));
#9537=CARTESIAN_POINT('Ctrl Pts',(2.90450185537347,-4.96313759604643,10.));
#9538=CARTESIAN_POINT('',(3.96589338779459,-4.64663007775496,9.));
#9539=CARTESIAN_POINT('Ctrl Pts',(5.27557954192171,-5.18960395375441,9.));
#9540=CARTESIAN_POINT('Ctrl Pts',(5.27557954192171,-5.18960395375441,10.));
#9541=CARTESIAN_POINT('Ctrl Pts',(5.09042332487717,-5.03125146831134,9.));
#9542=CARTESIAN_POINT('Ctrl Pts',(5.09042332487717,-5.03125146831134,10.));
#9543=CARTESIAN_POINT('Ctrl Pts',(4.71322199495266,-4.70865485740949,9.));
#9544=CARTESIAN_POINT('Ctrl Pts',(4.71322199495266,-4.70865485740949,10.));
#9545=CARTESIAN_POINT('Ctrl Pts',(4.21801759258193,-4.66755520774159,9.));
#9546=CARTESIAN_POINT('Ctrl Pts',(4.21801759258193,-4.66755520774159,10.));
#9547=CARTESIAN_POINT('Ctrl Pts',(3.96589338779459,-4.64663007775496,9.));
#9548=CARTESIAN_POINT('Ctrl Pts',(3.96589338779459,-4.64663007775496,10.));
#9549=CARTESIAN_POINT('',(5.27557954192171,-5.18960395375441,9.));
#9550=CARTESIAN_POINT('Ctrl Pts',(3.96589338779459,-4.64663007775496,9.));
#9551=CARTESIAN_POINT('Ctrl Pts',(4.21801759258193,-4.66755520774159,9.));
#9552=CARTESIAN_POINT('Ctrl Pts',(4.71322199495266,-4.70865485740949,9.));
#9553=CARTESIAN_POINT('Ctrl Pts',(5.09042332487717,-5.03125146831134,9.));
#9554=CARTESIAN_POINT('Ctrl Pts',(5.27557954192171,-5.18960395375441,9.));
#9555=CARTESIAN_POINT('',(5.27557954192171,-5.18960395375441,10.));
#9556=CARTESIAN_POINT('Ctrl Pts',(5.27557954192171,-5.18960395375441,10.));
#9557=CARTESIAN_POINT('Ctrl Pts',(5.09042332487717,-5.03125146831134,10.));
#9558=CARTESIAN_POINT('Ctrl Pts',(4.71322199495266,-4.70865485740949,10.));
#9559=CARTESIAN_POINT('Ctrl Pts',(4.21801759258193,-4.66755520774159,10.));
#9560=CARTESIAN_POINT('Ctrl Pts',(3.96589338779459,-4.64663007775496,10.));
#9561=CARTESIAN_POINT('',(5.27557954192171,-5.18960395375441,9.));
#9562=CARTESIAN_POINT('Ctrl Pts',(5.78853998333225,-6.67937198201368,9.));
#9563=CARTESIAN_POINT('Ctrl Pts',(5.78853998333225,-6.67937198201368,10.));
#9564=CARTESIAN_POINT('Ctrl Pts',(5.77320811593268,-6.38805411173601,9.));
#9565=CARTESIAN_POINT('Ctrl Pts',(5.77320811593268,-6.38805411173601,10.));
#9566=CARTESIAN_POINT('Ctrl Pts',(5.74439109339999,-5.840507396572,9.));
#9567=CARTESIAN_POINT('Ctrl Pts',(5.74439109339999,-5.840507396572,10.));
#9568=CARTESIAN_POINT('Ctrl Pts',(5.42502803012546,-5.39709998321224,9.));
#9569=CARTESIAN_POINT('Ctrl Pts',(5.42502803012546,-5.39709998321224,10.));
#9570=CARTESIAN_POINT('Ctrl Pts',(5.27557954192171,-5.18960395375441,9.));
#9571=CARTESIAN_POINT('Ctrl Pts',(5.27557954192171,-5.18960395375441,10.));
#9572=CARTESIAN_POINT('',(5.78853998333225,-6.67937198201368,9.));
#9573=CARTESIAN_POINT('Ctrl Pts',(5.27557954192171,-5.18960395375441,9.));
#9574=CARTESIAN_POINT('Ctrl Pts',(5.42502803012546,-5.39709998321224,9.));
#9575=CARTESIAN_POINT('Ctrl Pts',(5.74439109339999,-5.840507396572,9.));
#9576=CARTESIAN_POINT('Ctrl Pts',(5.77320811593268,-6.38805411173601,9.));
#9577=CARTESIAN_POINT('Ctrl Pts',(5.78853998333225,-6.67937198201368,9.));
#9578=CARTESIAN_POINT('',(5.78853998333225,-6.67937198201368,10.));
#9579=CARTESIAN_POINT('Ctrl Pts',(5.78853998333225,-6.67937198201368,10.));
#9580=CARTESIAN_POINT('Ctrl Pts',(5.77320811593268,-6.38805411173601,10.));
#9581=CARTESIAN_POINT('Ctrl Pts',(5.74439109339999,-5.840507396572,10.));
#9582=CARTESIAN_POINT('Ctrl Pts',(5.42502803012546,-5.39709998321224,10.));
#9583=CARTESIAN_POINT('Ctrl Pts',(5.27557954192171,-5.18960395375441,10.));
#9584=CARTESIAN_POINT('',(5.78853998333225,-6.67937198201368,9.));
#9585=CARTESIAN_POINT('Ctrl Pts',(5.27285106480131,-8.22916755000303,9.));
#9586=CARTESIAN_POINT('Ctrl Pts',(5.27285106480131,-8.22916755000303,10.));
#9587=CARTESIAN_POINT('Ctrl Pts',(5.42302235873376,-8.01558440921683,9.));
#9588=CARTESIAN_POINT('Ctrl Pts',(5.42302235873376,-8.01558440921683,10.));
#9589=CARTESIAN_POINT('Ctrl Pts',(5.7485044354144,-7.55266315185365,9.));
#9590=CARTESIAN_POINT('Ctrl Pts',(5.7485044354144,-7.55266315185365,10.));
#9591=CARTESIAN_POINT('Ctrl Pts',(5.77452488085807,-6.98508192908908,9.));
#9592=CARTESIAN_POINT('Ctrl Pts',(5.77452488085807,-6.98508192908908,10.));
#9593=CARTESIAN_POINT('Ctrl Pts',(5.78853998333225,-6.67937198201368,9.));
#9594=CARTESIAN_POINT('Ctrl Pts',(5.78853998333225,-6.67937198201368,10.));
#9595=CARTESIAN_POINT('',(5.27285106480131,-8.22916755000303,9.));
#9596=CARTESIAN_POINT('Ctrl Pts',(5.78853998333225,-6.67937198201368,9.));
#9597=CARTESIAN_POINT('Ctrl Pts',(5.77452488085807,-6.98508192908908,9.));
#9598=CARTESIAN_POINT('Ctrl Pts',(5.7485044354144,-7.55266315185365,9.));
#9599=CARTESIAN_POINT('Ctrl Pts',(5.42302235873376,-8.01558440921683,9.));
#9600=CARTESIAN_POINT('Ctrl Pts',(5.27285106480131,-8.22916755000303,9.));
#9601=CARTESIAN_POINT('',(5.27285106480131,-8.22916755000303,10.));
#9602=CARTESIAN_POINT('Ctrl Pts',(5.27285106480131,-8.22916755000303,10.));
#9603=CARTESIAN_POINT('Ctrl Pts',(5.42302235873376,-8.01558440921683,10.));
#9604=CARTESIAN_POINT('Ctrl Pts',(5.7485044354144,-7.55266315185365,10.));
#9605=CARTESIAN_POINT('Ctrl Pts',(5.77452488085807,-6.98508192908908,10.));
#9606=CARTESIAN_POINT('Ctrl Pts',(5.78853998333225,-6.67937198201368,10.));
#9607=CARTESIAN_POINT('',(5.27285106480131,-8.22916755000303,9.));
#9608=CARTESIAN_POINT('Ctrl Pts',(3.91678005456934,-8.78305563250731,9.));
#9609=CARTESIAN_POINT('Ctrl Pts',(3.91678005456934,-8.78305563250731,10.));
#9610=CARTESIAN_POINT('Ctrl Pts',(4.1806437929624,-8.76284584016813,9.));
#9611=CARTESIAN_POINT('Ctrl Pts',(4.1806437929624,-8.76284584016813,10.));
#9612=CARTESIAN_POINT('Ctrl Pts',(4.69314368431546,-8.72359256330192,9.));
#9613=CARTESIAN_POINT('Ctrl Pts',(4.69314368431546,-8.72359256330192,10.));
#9614=CARTESIAN_POINT('Ctrl Pts',(5.08348122217796,-8.39067866769656,9.));
#9615=CARTESIAN_POINT('Ctrl Pts',(5.08348122217796,-8.39067866769656,10.));
#9616=CARTESIAN_POINT('Ctrl Pts',(5.27285106480131,-8.22916755000303,9.));
#9617=CARTESIAN_POINT('Ctrl Pts',(5.27285106480131,-8.22916755000303,10.));
#9618=CARTESIAN_POINT('',(3.91678005456934,-8.78305563250731,9.));
#9619=CARTESIAN_POINT('Ctrl Pts',(5.27285106480131,-8.22916755000303,9.));
#9620=CARTESIAN_POINT('Ctrl Pts',(5.08348122217796,-8.39067866769656,9.));
#9621=CARTESIAN_POINT('Ctrl Pts',(4.69314368431546,-8.72359256330192,9.));
#9622=CARTESIAN_POINT('Ctrl Pts',(4.1806437929624,-8.76284584016813,9.));
#9623=CARTESIAN_POINT('Ctrl Pts',(3.91678005456934,-8.78305563250731,9.));
#9624=CARTESIAN_POINT('',(3.91678005456934,-8.78305563250731,10.));
#9625=CARTESIAN_POINT('Ctrl Pts',(3.91678005456934,-8.78305563250731,10.));
#9626=CARTESIAN_POINT('Ctrl Pts',(4.1806437929624,-8.76284584016813,10.));
#9627=CARTESIAN_POINT('Ctrl Pts',(4.69314368431546,-8.72359256330192,10.));
#9628=CARTESIAN_POINT('Ctrl Pts',(5.08348122217796,-8.39067866769656,10.));
#9629=CARTESIAN_POINT('Ctrl Pts',(5.27285106480131,-8.22916755000303,10.));
#9630=CARTESIAN_POINT('',(3.91678005456934,-8.78305563250731,9.));
#9631=CARTESIAN_POINT('Ctrl Pts',(2.72441983222971,-8.34922203341673,9.));
#9632=CARTESIAN_POINT('Ctrl Pts',(2.72441983222971,-8.34922203341673,10.));
#9633=CARTESIAN_POINT('Ctrl Pts',(2.89345673398874,-8.47569576359229,9.));
#9634=CARTESIAN_POINT('Ctrl Pts',(2.89345673398874,-8.47569576359229,10.));
#9635=CARTESIAN_POINT('Ctrl Pts',(3.24633492192784,-8.73971989241754,9.));
#9636=CARTESIAN_POINT('Ctrl Pts',(3.24633492192784,-8.73971989241754,10.));
#9637=CARTESIAN_POINT('Ctrl Pts',(3.68713402635272,-8.768211941194,9.));
#9638=CARTESIAN_POINT('Ctrl Pts',(3.68713402635272,-8.768211941194,10.));
#9639=CARTESIAN_POINT('Ctrl Pts',(3.91678005456934,-8.78305563250731,9.));
#9640=CARTESIAN_POINT('Ctrl Pts',(3.91678005456934,-8.78305563250731,10.));
#9641=CARTESIAN_POINT('',(2.72441983222971,-8.34922203341673,9.));
#9642=CARTESIAN_POINT('Ctrl Pts',(3.91678005456934,-8.78305563250731,9.));
#9643=CARTESIAN_POINT('Ctrl Pts',(3.68713402635272,-8.768211941194,9.));
#9644=CARTESIAN_POINT('Ctrl Pts',(3.24633492192784,-8.73971989241754,9.));
#9645=CARTESIAN_POINT('Ctrl Pts',(2.89345673398874,-8.47569576359229,9.));
#9646=CARTESIAN_POINT('Ctrl Pts',(2.72441983222971,-8.34922203341673,9.));
#9647=CARTESIAN_POINT('',(2.72441983222971,-8.34922203341673,10.));
#9648=CARTESIAN_POINT('Ctrl Pts',(2.72441983222971,-8.34922203341673,10.));
#9649=CARTESIAN_POINT('Ctrl Pts',(2.89345673398874,-8.47569576359229,10.));
#9650=CARTESIAN_POINT('Ctrl Pts',(3.24633492192784,-8.73971989241754,10.));
#9651=CARTESIAN_POINT('Ctrl Pts',(3.68713402635272,-8.768211941194,10.));
#9652=CARTESIAN_POINT('Ctrl Pts',(3.91678005456934,-8.78305563250731,10.));
#9653=CARTESIAN_POINT('',(2.72441983222971,-8.34922203341673,9.));
#9654=CARTESIAN_POINT('Ctrl Pts',(2.31514304876337,-7.6125235251541,9.));
#9655=CARTESIAN_POINT('Ctrl Pts',(2.31514304876337,-7.6125235251541,10.));
#9656=CARTESIAN_POINT('Ctrl Pts',(2.36238787460199,-7.7594138052422,9.));
#9657=CARTESIAN_POINT('Ctrl Pts',(2.36238787460199,-7.7594138052422,10.));
#9658=CARTESIAN_POINT('Ctrl Pts',(2.45025709710851,-8.03261059401214,9.));
#9659=CARTESIAN_POINT('Ctrl Pts',(2.45025709710851,-8.03261059401214,10.));
#9660=CARTESIAN_POINT('Ctrl Pts',(2.63774085334593,-8.24912252040895,9.));
#9661=CARTESIAN_POINT('Ctrl Pts',(2.63774085334593,-8.24912252040895,10.));
#9662=CARTESIAN_POINT('Ctrl Pts',(2.72441983222971,-8.34922203341673,9.));
#9663=CARTESIAN_POINT('Ctrl Pts',(2.72441983222971,-8.34922203341673,10.));
#9664=CARTESIAN_POINT('',(2.31514304876337,-7.6125235251541,9.));
#9665=CARTESIAN_POINT('Ctrl Pts',(2.72441983222971,-8.34922203341673,9.));
#9666=CARTESIAN_POINT('Ctrl Pts',(2.63774085334593,-8.24912252040895,9.));
#9667=CARTESIAN_POINT('Ctrl Pts',(2.45025709710851,-8.03261059401214,9.));
#9668=CARTESIAN_POINT('Ctrl Pts',(2.36238787460199,-7.7594138052422,9.));
#9669=CARTESIAN_POINT('Ctrl Pts',(2.31514304876337,-7.6125235251541,9.));
#9670=CARTESIAN_POINT('',(2.31514304876337,-7.6125235251541,10.));
#9671=CARTESIAN_POINT('Ctrl Pts',(2.31514304876337,-7.6125235251541,10.));
#9672=CARTESIAN_POINT('Ctrl Pts',(2.36238787460199,-7.7594138052422,10.));
#9673=CARTESIAN_POINT('Ctrl Pts',(2.45025709710851,-8.03261059401214,10.));
#9674=CARTESIAN_POINT('Ctrl Pts',(2.63774085334593,-8.24912252040895,10.));
#9675=CARTESIAN_POINT('Ctrl Pts',(2.72441983222971,-8.34922203341673,10.));
#9676=CARTESIAN_POINT('',(2.31514304876337,-7.6125235251541,9.));
#9677=CARTESIAN_POINT('Origin',(3.11459720134744,-7.42152759352873,9.));
#9678=CARTESIAN_POINT('',(3.11459720134744,-7.42152759352873,9.));
#9679=CARTESIAN_POINT('',(3.11459720134744,-7.42152759352873,9.));
#9680=CARTESIAN_POINT('',(3.11459720134744,-7.42152759352873,10.));
#9681=CARTESIAN_POINT('',(3.11459720134744,-7.42152759352873,10.));
#9682=CARTESIAN_POINT('',(3.11459720134744,-7.42152759352873,9.));
#9683=CARTESIAN_POINT('Ctrl Pts',(3.41200530529031,-7.91266003171156,9.));
#9684=CARTESIAN_POINT('Ctrl Pts',(3.41200530529031,-7.91266003171156,10.));
#9685=CARTESIAN_POINT('Ctrl Pts',(3.3427074616619,-7.84586106378832,9.));
#9686=CARTESIAN_POINT('Ctrl Pts',(3.3427074616619,-7.84586106378832,10.));
#9687=CARTESIAN_POINT('Ctrl Pts',(3.20032586622277,-7.70861373936078,9.));
#9688=CARTESIAN_POINT('Ctrl Pts',(3.20032586622277,-7.70861373936078,10.));
#9689=CARTESIAN_POINT('Ctrl Pts',(3.14367553132849,-7.51890442417963,9.));
#9690=CARTESIAN_POINT('Ctrl Pts',(3.14367553132849,-7.51890442417963,10.));
#9691=CARTESIAN_POINT('Ctrl Pts',(3.11459720134744,-7.42152759352873,9.));
#9692=CARTESIAN_POINT('Ctrl Pts',(3.11459720134744,-7.42152759352873,10.));
#9693=CARTESIAN_POINT('',(3.41200530529031,-7.91266003171156,9.));
#9694=CARTESIAN_POINT('Ctrl Pts',(3.11459720134744,-7.42152759352873,9.));
#9695=CARTESIAN_POINT('Ctrl Pts',(3.14367553132849,-7.51890442417963,9.));
#9696=CARTESIAN_POINT('Ctrl Pts',(3.20032586622277,-7.70861373936078,9.));
#9697=CARTESIAN_POINT('Ctrl Pts',(3.3427074616619,-7.84586106378832,9.));
#9698=CARTESIAN_POINT('Ctrl Pts',(3.41200530529031,-7.91266003171156,9.));
#9699=CARTESIAN_POINT('',(3.41200530529031,-7.91266003171156,10.));
#9700=CARTESIAN_POINT('Ctrl Pts',(3.41200530529031,-7.91266003171156,10.));
#9701=CARTESIAN_POINT('Ctrl Pts',(3.3427074616619,-7.84586106378832,10.));
#9702=CARTESIAN_POINT('Ctrl Pts',(3.20032586622277,-7.70861373936078,10.));
#9703=CARTESIAN_POINT('Ctrl Pts',(3.14367553132849,-7.51890442417963,10.));
#9704=CARTESIAN_POINT('Ctrl Pts',(3.11459720134744,-7.42152759352873,10.));
#9705=CARTESIAN_POINT('',(3.41200530529031,-7.91266003171156,9.));
#9706=CARTESIAN_POINT('Ctrl Pts',(3.95770788192758,-8.0927417568321,9.));
#9707=CARTESIAN_POINT('Ctrl Pts',(3.95770788192758,-8.0927417568321,10.));
#9708=CARTESIAN_POINT('Ctrl Pts',(3.85572142018214,-8.08621669558731,9.));
#9709=CARTESIAN_POINT('Ctrl Pts',(3.85572142018214,-8.08621669558731,10.));
#9710=CARTESIAN_POINT('Ctrl Pts',(3.65790059500837,-8.07356018238288,9.));
#9711=CARTESIAN_POINT('Ctrl Pts',(3.65790059500837,-8.07356018238288,10.));
#9712=CARTESIAN_POINT('Ctrl Pts',(3.49225322691681,-7.96516979184388,9.));
#9713=CARTESIAN_POINT('Ctrl Pts',(3.49225322691681,-7.96516979184388,10.));
#9714=CARTESIAN_POINT('Ctrl Pts',(3.41200530529031,-7.91266003171156,9.));
#9715=CARTESIAN_POINT('Ctrl Pts',(3.41200530529031,-7.91266003171156,10.));
#9716=CARTESIAN_POINT('',(3.95770788192758,-8.0927417568321,9.));
#9717=CARTESIAN_POINT('Ctrl Pts',(3.41200530529031,-7.91266003171156,9.));
#9718=CARTESIAN_POINT('Ctrl Pts',(3.49225322691681,-7.96516979184388,9.));
#9719=CARTESIAN_POINT('Ctrl Pts',(3.65790059500837,-8.07356018238288,9.));
#9720=CARTESIAN_POINT('Ctrl Pts',(3.85572142018214,-8.08621669558731,9.));
#9721=CARTESIAN_POINT('Ctrl Pts',(3.95770788192758,-8.0927417568321,9.));
#9722=CARTESIAN_POINT('',(3.95770788192758,-8.0927417568321,10.));
#9723=CARTESIAN_POINT('Ctrl Pts',(3.95770788192758,-8.0927417568321,10.));
#9724=CARTESIAN_POINT('Ctrl Pts',(3.85572142018214,-8.08621669558731,10.));
#9725=CARTESIAN_POINT('Ctrl Pts',(3.65790059500837,-8.07356018238288,10.));
#9726=CARTESIAN_POINT('Ctrl Pts',(3.49225322691681,-7.96516979184388,10.));
#9727=CARTESIAN_POINT('Ctrl Pts',(3.41200530529031,-7.91266003171156,10.));
#9728=CARTESIAN_POINT('',(3.95770788192758,-8.0927417568321,9.));
#9729=CARTESIAN_POINT('Ctrl Pts',(4.6807637810708,-7.77350583592604,9.));
#9730=CARTESIAN_POINT('Ctrl Pts',(4.6807637810708,-7.77350583592604,10.));
#9731=CARTESIAN_POINT('Ctrl Pts',(4.58004560848285,-7.86661114979109,9.));
#9732=CARTESIAN_POINT('Ctrl Pts',(4.58004560848285,-7.86661114979109,10.));
#9733=CARTESIAN_POINT('Ctrl Pts',(4.37574319073124,-8.05547121584863,9.));
#9734=CARTESIAN_POINT('Ctrl Pts',(4.37574319073124,-8.05547121584863,10.));
#9735=CARTESIAN_POINT('Ctrl Pts',(4.09835012834441,-8.08020259447262,9.));
#9736=CARTESIAN_POINT('Ctrl Pts',(4.09835012834441,-8.08020259447262,10.));
#9737=CARTESIAN_POINT('Ctrl Pts',(3.95770788192758,-8.0927417568321,9.));
#9738=CARTESIAN_POINT('Ctrl Pts',(3.95770788192758,-8.0927417568321,10.));
#9739=CARTESIAN_POINT('',(4.6807637810708,-7.77350583592604,9.));
#9740=CARTESIAN_POINT('Ctrl Pts',(3.95770788192758,-8.0927417568321,9.));
#9741=CARTESIAN_POINT('Ctrl Pts',(4.09835012834441,-8.08020259447262,9.));
#9742=CARTESIAN_POINT('Ctrl Pts',(4.37574319073124,-8.05547121584863,9.));
#9743=CARTESIAN_POINT('Ctrl Pts',(4.58004560848285,-7.86661114979109,9.));
#9744=CARTESIAN_POINT('Ctrl Pts',(4.6807637810708,-7.77350583592604,9.));
#9745=CARTESIAN_POINT('',(4.6807637810708,-7.77350583592604,10.));
#9746=CARTESIAN_POINT('Ctrl Pts',(4.6807637810708,-7.77350583592604,10.));
#9747=CARTESIAN_POINT('Ctrl Pts',(4.58004560848285,-7.86661114979109,10.));
#9748=CARTESIAN_POINT('Ctrl Pts',(4.37574319073124,-8.05547121584863,10.));
#9749=CARTESIAN_POINT('Ctrl Pts',(4.09835012834441,-8.08020259447262,10.));
#9750=CARTESIAN_POINT('Ctrl Pts',(3.95770788192758,-8.0927417568321,10.));
#9751=CARTESIAN_POINT('',(4.6807637810708,-7.77350583592604,9.));
#9752=CARTESIAN_POINT('Ctrl Pts',(4.95634354650983,-6.73939922372053,9.));
#9753=CARTESIAN_POINT('Ctrl Pts',(4.95634354650983,-6.73939922372053,10.));
#9754=CARTESIAN_POINT('Ctrl Pts',(4.95294507777782,-6.95045724111254,9.));
#9755=CARTESIAN_POINT('Ctrl Pts',(4.95294507777782,-6.95045724111254,10.));
#9756=CARTESIAN_POINT('Ctrl Pts',(4.94698906747627,-7.32034845534438,9.));
#9757=CARTESIAN_POINT('Ctrl Pts',(4.94698906747627,-7.32034845534438,10.));
#9758=CARTESIAN_POINT('Ctrl Pts',(4.76074006443111,-7.63737360158592,9.));
#9759=CARTESIAN_POINT('Ctrl Pts',(4.76074006443111,-7.63737360158592,10.));
#9760=CARTESIAN_POINT('Ctrl Pts',(4.6807637810708,-7.77350583592604,9.));
#9761=CARTESIAN_POINT('Ctrl Pts',(4.6807637810708,-7.77350583592604,10.));
#9762=CARTESIAN_POINT('',(4.95634354650983,-6.73939922372053,9.));
#9763=CARTESIAN_POINT('Ctrl Pts',(4.6807637810708,-7.77350583592604,9.));
#9764=CARTESIAN_POINT('Ctrl Pts',(4.76074006443111,-7.63737360158592,9.));
#9765=CARTESIAN_POINT('Ctrl Pts',(4.94698906747627,-7.32034845534438,9.));
#9766=CARTESIAN_POINT('Ctrl Pts',(4.95294507777782,-6.95045724111254,9.));
#9767=CARTESIAN_POINT('Ctrl Pts',(4.95634354650983,-6.73939922372053,9.));
#9768=CARTESIAN_POINT('',(4.95634354650983,-6.73939922372053,10.));
#9769=CARTESIAN_POINT('Ctrl Pts',(4.95634354650983,-6.73939922372053,10.));
#9770=CARTESIAN_POINT('Ctrl Pts',(4.95294507777782,-6.95045724111254,10.));
#9771=CARTESIAN_POINT('Ctrl Pts',(4.94698906747627,-7.32034845534438,10.));
#9772=CARTESIAN_POINT('Ctrl Pts',(4.76074006443111,-7.63737360158592,10.));
#9773=CARTESIAN_POINT('Ctrl Pts',(4.6807637810708,-7.77350583592604,10.));
#9774=CARTESIAN_POINT('',(4.95634354650983,-6.73939922372053,9.));
#9775=CARTESIAN_POINT('Ctrl Pts',(4.68349218368539,-5.65890827695082,9.));
#9776=CARTESIAN_POINT('Ctrl Pts',(4.68349218368539,-5.65890827695082,10.));
#9777=CARTESIAN_POINT('Ctrl Pts',(4.76259798281545,-5.7995491249748,9.));
#9778=CARTESIAN_POINT('Ctrl Pts',(4.76259798281545,-5.7995491249748,10.));
#9779=CARTESIAN_POINT('Ctrl Pts',(4.94994322628764,-6.13262703082933,9.));
#9780=CARTESIAN_POINT('Ctrl Pts',(4.94994322628764,-6.13262703082933,10.));
#9781=CARTESIAN_POINT('Ctrl Pts',(4.95399982867524,-6.51720677699251,9.));
#9782=CARTESIAN_POINT('Ctrl Pts',(4.95399982867524,-6.51720677699251,10.));
#9783=CARTESIAN_POINT('Ctrl Pts',(4.95634354650983,-6.73939922372053,9.));
#9784=CARTESIAN_POINT('Ctrl Pts',(4.95634354650983,-6.73939922372053,10.));
#9785=CARTESIAN_POINT('',(4.68349218368539,-5.65890827695082,9.));
#9786=CARTESIAN_POINT('Ctrl Pts',(4.95634354650983,-6.73939922372053,9.));
#9787=CARTESIAN_POINT('Ctrl Pts',(4.95399982867524,-6.51720677699251,9.));
#9788=CARTESIAN_POINT('Ctrl Pts',(4.94994322628764,-6.13262703082933,9.));
#9789=CARTESIAN_POINT('Ctrl Pts',(4.76259798281545,-5.7995491249748,9.));
#9790=CARTESIAN_POINT('Ctrl Pts',(4.68349218368539,-5.65890827695082,9.));
#9791=CARTESIAN_POINT('',(4.68349218368539,-5.65890827695082,10.));
#9792=CARTESIAN_POINT('Ctrl Pts',(4.68349218368539,-5.65890827695082,10.));
#9793=CARTESIAN_POINT('Ctrl Pts',(4.76259798281545,-5.7995491249748,10.));
#9794=CARTESIAN_POINT('Ctrl Pts',(4.94994322628764,-6.13262703082933,10.));
#9795=CARTESIAN_POINT('Ctrl Pts',(4.95399982867524,-6.51720677699251,10.));
#9796=CARTESIAN_POINT('Ctrl Pts',(4.95634354650983,-6.73939922372053,10.));
#9797=CARTESIAN_POINT('',(4.68349218368539,-5.65890827695082,9.));
#9798=CARTESIAN_POINT('Ctrl Pts',(3.97407889366159,-5.33694365540693,9.));
#9799=CARTESIAN_POINT('Ctrl Pts',(3.97407889366159,-5.33694365540693,10.));
#9800=CARTESIAN_POINT('Ctrl Pts',(4.11232457415106,-5.34982767465093,9.));
#9801=CARTESIAN_POINT('Ctrl Pts',(4.11232457415106,-5.34982767465093,10.));
#9802=CARTESIAN_POINT('Ctrl Pts',(4.38614456095733,-5.37534675030605,9.));
#9803=CARTESIAN_POINT('Ctrl Pts',(4.38614456095733,-5.37534675030605,10.));
#9804=CARTESIAN_POINT('Ctrl Pts',(4.5850230590213,-5.56500453203115,9.));
#9805=CARTESIAN_POINT('Ctrl Pts',(4.5850230590213,-5.56500453203115,10.));
#9806=CARTESIAN_POINT('Ctrl Pts',(4.68349218368539,-5.65890827695082,9.));
#9807=CARTESIAN_POINT('Ctrl Pts',(4.68349218368539,-5.65890827695082,10.));
#9808=CARTESIAN_POINT('',(3.97407889366159,-5.33694365540693,9.));
#9809=CARTESIAN_POINT('Ctrl Pts',(4.68349218368539,-5.65890827695082,9.));
#9810=CARTESIAN_POINT('Ctrl Pts',(4.5850230590213,-5.56500453203115,9.));
#9811=CARTESIAN_POINT('Ctrl Pts',(4.38614456095733,-5.37534675030605,9.));
#9812=CARTESIAN_POINT('Ctrl Pts',(4.11232457415106,-5.34982767465093,9.));
#9813=CARTESIAN_POINT('Ctrl Pts',(3.97407889366159,-5.33694365540693,9.));
#9814=CARTESIAN_POINT('',(3.97407889366159,-5.33694365540693,10.));
#9815=CARTESIAN_POINT('Ctrl Pts',(3.97407889366159,-5.33694365540693,10.));
#9816=CARTESIAN_POINT('Ctrl Pts',(4.11232457415106,-5.34982767465093,10.));
#9817=CARTESIAN_POINT('Ctrl Pts',(4.38614456095733,-5.37534675030605,10.));
#9818=CARTESIAN_POINT('Ctrl Pts',(4.5850230590213,-5.56500453203115,10.));
#9819=CARTESIAN_POINT('Ctrl Pts',(4.68349218368539,-5.65890827695082,10.));
#9820=CARTESIAN_POINT('',(3.97407889366159,-5.33694365540693,9.));
#9821=CARTESIAN_POINT('Ctrl Pts',(3.42019081115732,-5.54158219615172,9.));
#9822=CARTESIAN_POINT('Ctrl Pts',(3.42019081115732,-5.54158219615172,10.));
#9823=CARTESIAN_POINT('Ctrl Pts',(3.50183230988194,-5.48189798529005,9.));
#9824=CARTESIAN_POINT('Ctrl Pts',(3.50183230988194,-5.48189798529005,10.));
#9825=CARTESIAN_POINT('Ctrl Pts',(3.66694320333774,-5.36119327586508,9.));
#9826=CARTESIAN_POINT('Ctrl Pts',(3.66694320333774,-5.36119327586508,10.));
#9827=CARTESIAN_POINT('Ctrl Pts',(3.87094750557505,-5.34508630081484,9.));
#9828=CARTESIAN_POINT('Ctrl Pts',(3.87094750557505,-5.34508630081484,10.));
#9829=CARTESIAN_POINT('Ctrl Pts',(3.97407889366159,-5.33694365540693,9.));
#9830=CARTESIAN_POINT('Ctrl Pts',(3.97407889366159,-5.33694365540693,10.));
#9831=CARTESIAN_POINT('',(3.42019081115732,-5.54158219615172,9.));
#9832=CARTESIAN_POINT('Ctrl Pts',(3.97407889366159,-5.33694365540693,9.));
#9833=CARTESIAN_POINT('Ctrl Pts',(3.87094750557505,-5.34508630081484,9.));
#9834=CARTESIAN_POINT('Ctrl Pts',(3.66694320333774,-5.36119327586508,9.));
#9835=CARTESIAN_POINT('Ctrl Pts',(3.50183230988194,-5.48189798529005,9.));
#9836=CARTESIAN_POINT('Ctrl Pts',(3.42019081115732,-5.54158219615172,9.));
#9837=CARTESIAN_POINT('',(3.42019081115732,-5.54158219615172,10.));
#9838=CARTESIAN_POINT('Ctrl Pts',(3.42019081115732,-5.54158219615172,10.));
#9839=CARTESIAN_POINT('Ctrl Pts',(3.50183230988194,-5.48189798529005,10.));
#9840=CARTESIAN_POINT('Ctrl Pts',(3.66694320333774,-5.36119327586508,10.));
#9841=CARTESIAN_POINT('Ctrl Pts',(3.87094750557505,-5.34508630081484,10.));
#9842=CARTESIAN_POINT('Ctrl Pts',(3.97407889366159,-5.33694365540693,10.));
#9843=CARTESIAN_POINT('',(3.42019081115732,-5.54158219615172,9.));
#9844=CARTESIAN_POINT('Ctrl Pts',(3.08731228113184,-6.18551114121626,9.));
#9845=CARTESIAN_POINT('Ctrl Pts',(3.08731228113184,-6.18551114121626,10.));
#9846=CARTESIAN_POINT('Ctrl Pts',(3.12182413457752,-6.05323761967528,9.));
#9847=CARTESIAN_POINT('Ctrl Pts',(3.12182413457752,-6.05323761967528,10.));
#9848=CARTESIAN_POINT('Ctrl Pts',(3.18457957477623,-5.81271495160121,9.));
#9849=CARTESIAN_POINT('Ctrl Pts',(3.18457957477623,-5.81271495160121,10.));
#9850=CARTESIAN_POINT('Ctrl Pts',(3.34706358532175,-5.62573432125285,9.));
#9851=CARTESIAN_POINT('Ctrl Pts',(3.34706358532175,-5.62573432125285,10.));
#9852=CARTESIAN_POINT('Ctrl Pts',(3.42019081115732,-5.54158219615172,9.));
#9853=CARTESIAN_POINT('Ctrl Pts',(3.42019081115732,-5.54158219615172,10.));
#9854=CARTESIAN_POINT('',(3.08731228113184,-6.18551114121626,9.));
#9855=CARTESIAN_POINT('Ctrl Pts',(3.42019081115732,-5.54158219615172,9.));
#9856=CARTESIAN_POINT('Ctrl Pts',(3.34706358532175,-5.62573432125285,9.));
#9857=CARTESIAN_POINT('Ctrl Pts',(3.18457957477623,-5.81271495160121,9.));
#9858=CARTESIAN_POINT('Ctrl Pts',(3.12182413457752,-6.05323761967528,9.));
#9859=CARTESIAN_POINT('Ctrl Pts',(3.08731228113184,-6.18551114121626,9.));
#9860=CARTESIAN_POINT('',(3.08731228113184,-6.18551114121626,10.));
#9861=CARTESIAN_POINT('Ctrl Pts',(3.08731228113184,-6.18551114121626,10.));
#9862=CARTESIAN_POINT('Ctrl Pts',(3.12182413457752,-6.05323761967528,10.));
#9863=CARTESIAN_POINT('Ctrl Pts',(3.18457957477623,-5.81271495160121,10.));
#9864=CARTESIAN_POINT('Ctrl Pts',(3.34706358532175,-5.62573432125285,10.));
#9865=CARTESIAN_POINT('Ctrl Pts',(3.42019081115732,-5.54158219615172,10.));
#9866=CARTESIAN_POINT('',(3.08731228113184,-6.18551114121626,9.));
#9867=CARTESIAN_POINT('Origin',(2.30422884225854,-5.93721666852186,9.));
#9868=CARTESIAN_POINT('',(2.30422884225854,-5.93721666852186,9.));
#9869=CARTESIAN_POINT('',(2.30422884225854,-5.93721666852186,9.));
#9870=CARTESIAN_POINT('',(2.30422884225854,-5.93721666852186,10.));
#9871=CARTESIAN_POINT('',(2.30422884225854,-5.93721666852186,10.));
#9872=CARTESIAN_POINT('',(2.30422884225854,-5.93721666852186,9.));
#9873=CARTESIAN_POINT('Ctrl Pts',(2.90450185537347,-4.96313759604643,9.));
#9874=CARTESIAN_POINT('Ctrl Pts',(2.90450185537347,-4.96313759604643,10.));
#9875=CARTESIAN_POINT('Ctrl Pts',(2.77274993140851,-5.09012399501354,9.));
#9876=CARTESIAN_POINT('Ctrl Pts',(2.77274993140851,-5.09012399501354,10.));
#9877=CARTESIAN_POINT('Ctrl Pts',(2.49004462428195,-5.36260372692574,9.));
#9878=CARTESIAN_POINT('Ctrl Pts',(2.49004462428195,-5.36260372692574,10.));
#9879=CARTESIAN_POINT('Ctrl Pts',(2.36890994186389,-5.73719815284371,9.));
#9880=CARTESIAN_POINT('Ctrl Pts',(2.36890994186389,-5.73719815284371,10.));
#9881=CARTESIAN_POINT('Ctrl Pts',(2.30422884225854,-5.93721666852186,9.));
#9882=CARTESIAN_POINT('Ctrl Pts',(2.30422884225854,-5.93721666852186,10.));
#9883=CARTESIAN_POINT('Ctrl Pts',(2.30422884225854,-5.93721666852186,9.));
#9884=CARTESIAN_POINT('Ctrl Pts',(2.36890994186389,-5.73719815284371,9.));
#9885=CARTESIAN_POINT('Ctrl Pts',(2.49004462428195,-5.36260372692574,9.));
#9886=CARTESIAN_POINT('Ctrl Pts',(2.77274993140851,-5.09012399501354,9.));
#9887=CARTESIAN_POINT('Ctrl Pts',(2.90450185537347,-4.96313759604643,9.));
#9888=CARTESIAN_POINT('Ctrl Pts',(2.90450185537347,-4.96313759604643,10.));
#9889=CARTESIAN_POINT('Ctrl Pts',(2.77274993140851,-5.09012399501354,10.));
#9890=CARTESIAN_POINT('Ctrl Pts',(2.49004462428195,-5.36260372692574,10.));
#9891=CARTESIAN_POINT('Ctrl Pts',(2.36890994186389,-5.73719815284371,10.));
#9892=CARTESIAN_POINT('Ctrl Pts',(2.30422884225854,-5.93721666852186,10.));
#9893=CARTESIAN_POINT('Origin',(4.04638441279539,-6.71484285513114,10.));
#9894=CARTESIAN_POINT('Origin',(4.04638441279539,-6.71484285513114,9.));
#9895=CARTESIAN_POINT('Origin',(-0.508867800235657,-6.29738011876295,9.));
#9896=CARTESIAN_POINT('',(-0.508867800235657,-6.29738011876295,9.));
#9897=CARTESIAN_POINT('',(0.582537502050491,-6.29738011876295,9.));
#9898=CARTESIAN_POINT('',(-0.508867800235657,-6.29738011876295,9.));
#9899=CARTESIAN_POINT('',(0.582537502050491,-6.29738011876295,10.));
#9900=CARTESIAN_POINT('',(0.582537502050491,-6.29738011876295,9.));
#9901=CARTESIAN_POINT('',(-0.508867800235657,-6.29738011876295,10.));
#9902=CARTESIAN_POINT('',(-0.508867800235657,-6.29738011876295,10.));
#9903=CARTESIAN_POINT('',(-0.508867800235657,-6.29738011876295,9.));
#9904=CARTESIAN_POINT('Origin',(0.0422918796540217,-7.78169134179304,9.));
#9905=CARTESIAN_POINT('',(0.0422918796540217,-7.78169134179304,9.));
#9906=CARTESIAN_POINT('',(0.0422918796540217,-7.78169134179304,9.));
#9907=CARTESIAN_POINT('',(0.0422918796540217,-7.78169134179304,10.));
#9908=CARTESIAN_POINT('',(0.0422918796540217,-7.78169134179304,10.));
#9909=CARTESIAN_POINT('',(0.0422918796540217,-7.78169134179304,9.));
#9910=CARTESIAN_POINT('Origin',(0.582537502050491,-6.29738011876295,9.));
#9911=CARTESIAN_POINT('',(0.582537502050491,-6.29738011876295,9.));
#9912=CARTESIAN_POINT('',(0.582537502050491,-6.29738011876295,10.));
#9913=CARTESIAN_POINT('Origin',(-0.768076479434876,-5.62343755284498,9.));
#9914=CARTESIAN_POINT('',(-0.768076479434876,-5.62343755284498,9.));
#9915=CARTESIAN_POINT('',(-1.11732602119437,-4.71484282532881,9.));
#9916=CARTESIAN_POINT('',(-0.768076479434876,-5.62343755284498,9.));
#9917=CARTESIAN_POINT('',(-1.11732602119437,-4.71484282532881,10.));
#9918=CARTESIAN_POINT('',(-1.11732602119437,-4.71484282532881,9.));
#9919=CARTESIAN_POINT('',(-0.768076479434876,-5.62343755284498,10.));
#9920=CARTESIAN_POINT('',(-0.768076479434876,-5.62343755284498,10.));
#9921=CARTESIAN_POINT('',(-0.768076479434876,-5.62343755284498,9.));
#9922=CARTESIAN_POINT('Origin',(0.8308321237565,-5.62343755284498,9.));
#9923=CARTESIAN_POINT('',(0.8308321237565,-5.62343755284498,9.));
#9924=CARTESIAN_POINT('',(0.8308321237565,-5.62343755284498,9.));
#9925=CARTESIAN_POINT('',(0.8308321237565,-5.62343755284498,10.));
#9926=CARTESIAN_POINT('',(0.8308321237565,-5.62343755284498,10.));
#9927=CARTESIAN_POINT('',(0.8308321237565,-5.62343755284498,9.));
#9928=CARTESIAN_POINT('Origin',(1.16098217666158,-4.71484282532881,9.));
#9929=CARTESIAN_POINT('',(1.16098217666158,-4.71484282532881,9.));
#9930=CARTESIAN_POINT('',(1.16098217666158,-4.71484282532881,9.));
#9931=CARTESIAN_POINT('',(1.16098217666158,-4.71484282532881,10.));
#9932=CARTESIAN_POINT('',(1.16098217666158,-4.71484282532881,10.));
#9933=CARTESIAN_POINT('',(1.16098217666158,-4.71484282532881,9.));
#9934=CARTESIAN_POINT('Origin',(2.01773524284372,-4.71484282532881,9.));
#9935=CARTESIAN_POINT('',(2.01773524284372,-4.71484282532881,9.));
#9936=CARTESIAN_POINT('',(2.01773524284372,-4.71484282532881,9.));
#9937=CARTESIAN_POINT('',(2.01773524284372,-4.71484282532881,10.));
#9938=CARTESIAN_POINT('',(2.01773524284372,-4.71484282532881,10.));
#9939=CARTESIAN_POINT('',(2.01773524284372,-4.71484282532881,9.));
#9940=CARTESIAN_POINT('Origin',(0.459754317998977,-8.71484288493345,9.));
#9941=CARTESIAN_POINT('',(0.459754317998977,-8.71484288493345,9.));
#9942=CARTESIAN_POINT('',(0.459754317998977,-8.71484288493345,9.));
#9943=CARTESIAN_POINT('',(0.459754317998977,-8.71484288493345,10.));
#9944=CARTESIAN_POINT('',(0.459754317998977,-8.71484288493345,10.));
#9945=CARTESIAN_POINT('',(0.459754317998977,-8.71484288493345,9.));
#9946=CARTESIAN_POINT('Origin',(-0.394270122051148,-8.71484288493345,9.));
#9947=CARTESIAN_POINT('',(-0.394270122051148,-8.71484288493345,9.));
#9948=CARTESIAN_POINT('',(-0.394270122051148,-8.71484288493345,9.));
#9949=CARTESIAN_POINT('',(-0.394270122051148,-8.71484288493345,10.));
#9950=CARTESIAN_POINT('',(-0.394270122051148,-8.71484288493345,10.));
#9951=CARTESIAN_POINT('',(-0.394270122051148,-8.71484288493345,9.));
#9952=CARTESIAN_POINT('Origin',(-1.99590712785712,-4.71484282532881,9.));
#9953=CARTESIAN_POINT('',(-1.99590712785712,-4.71484282532881,9.));
#9954=CARTESIAN_POINT('',(-1.99590712785712,-4.71484282532881,9.));
#9955=CARTESIAN_POINT('',(-1.99590712785712,-4.71484282532881,10.));
#9956=CARTESIAN_POINT('',(-1.99590712785712,-4.71484282532881,10.));
#9957=CARTESIAN_POINT('',(-1.99590712785712,-4.71484282532881,9.));
#9958=CARTESIAN_POINT('Origin',(-1.11732602119437,-4.71484282532881,9.));
#9959=CARTESIAN_POINT('',(-1.11732602119437,-4.71484282532881,9.));
#9960=CARTESIAN_POINT('',(-1.11732602119437,-4.71484282532881,10.));
#9961=CARTESIAN_POINT('Origin',(0.0109140574933,-6.71484285513113,10.));
#9962=CARTESIAN_POINT('Origin',(0.0109140574933,-6.71484285513113,9.));
#9963=CARTESIAN_POINT('Origin',(-3.21828089654437,-8.71484288493345,9.));
#9964=CARTESIAN_POINT('',(-3.21828089654437,-8.71484288493345,9.));
#9965=CARTESIAN_POINT('',(-2.43246920406809,-8.71484288493345,9.));
#9966=CARTESIAN_POINT('',(-3.21828089654437,-8.71484288493345,9.));
#9967=CARTESIAN_POINT('',(-2.43246920406809,-8.71484288493345,10.));
#9968=CARTESIAN_POINT('',(-2.43246920406809,-8.71484288493345,9.));
#9969=CARTESIAN_POINT('',(-3.21828089654437,-8.71484288493345,10.));
#9970=CARTESIAN_POINT('',(-3.21828089654437,-8.71484288493345,10.));
#9971=CARTESIAN_POINT('',(-3.21828089654437,-8.71484288493345,9.));
#9972=CARTESIAN_POINT('Origin',(-4.85538870096198,-6.04362854281614,9.));
#9973=CARTESIAN_POINT('',(-4.85538870096198,-6.04362854281614,9.));
#9974=CARTESIAN_POINT('',(-4.85538870096198,-6.04362854281614,9.));
#9975=CARTESIAN_POINT('',(-4.85538870096198,-6.04362854281614,10.));
#9976=CARTESIAN_POINT('',(-4.85538870096198,-6.04362854281614,10.));
#9977=CARTESIAN_POINT('',(-4.85538870096198,-6.04362854281614,9.));
#9978=CARTESIAN_POINT('Origin',(-4.85538870096198,-8.71484288493345,9.));
#9979=CARTESIAN_POINT('',(-4.85538870096198,-8.71484288493345,9.));
#9980=CARTESIAN_POINT('',(-4.85538870096198,-8.71484288493345,9.));
#9981=CARTESIAN_POINT('',(-4.85538870096198,-8.71484288493345,10.));
#9982=CARTESIAN_POINT('',(-4.85538870096198,-8.71484288493345,10.));
#9983=CARTESIAN_POINT('',(-4.85538870096198,-8.71484288493345,9.));
#9984=CARTESIAN_POINT('Origin',(-5.60572981834403,-8.71484288493345,9.));
#9985=CARTESIAN_POINT('',(-5.60572981834403,-8.71484288493345,9.));
#9986=CARTESIAN_POINT('',(-5.60572981834403,-8.71484288493345,9.));
#9987=CARTESIAN_POINT('',(-5.60572981834403,-8.71484288493345,10.));
#9988=CARTESIAN_POINT('',(-5.60572981834403,-8.71484288493345,10.));
#9989=CARTESIAN_POINT('',(-5.60572981834403,-8.71484288493345,9.));
#9990=CARTESIAN_POINT('Origin',(-5.60572981834403,-4.71484282532881,9.));
#9991=CARTESIAN_POINT('',(-5.60572981834403,-4.71484282532881,9.));
#9992=CARTESIAN_POINT('',(-5.60572981834403,-4.71484282532881,9.));
#9993=CARTESIAN_POINT('',(-5.60572981834403,-4.71484282532881,10.));
#9994=CARTESIAN_POINT('',(-5.60572981834403,-4.71484282532881,10.));
#9995=CARTESIAN_POINT('',(-5.60572981834403,-4.71484282532881,9.));
#9996=CARTESIAN_POINT('Origin',(-4.79536145925513,-4.71484282532881,9.));
#9997=CARTESIAN_POINT('',(-4.79536145925513,-4.71484282532881,9.));
#9998=CARTESIAN_POINT('',(-4.79536145925513,-4.71484282532881,9.));
#9999=CARTESIAN_POINT('',(-4.79536145925513,-4.71484282532881,10.));
#10000=CARTESIAN_POINT('',(-4.79536145925513,-4.71484282532881,10.));
#10001=CARTESIAN_POINT('',(-4.79536145925513,-4.71484282532881,9.));
#10002=CARTESIAN_POINT('Origin',(-3.18281024694434,-7.32330122510145,9.));
#10003=CARTESIAN_POINT('',(-3.18281024694434,-7.32330122510145,9.));
#10004=CARTESIAN_POINT('',(-3.18281024694434,-7.32330122510145,9.));
#10005=CARTESIAN_POINT('',(-3.18281024694434,-7.32330122510145,10.));
#10006=CARTESIAN_POINT('',(-3.18281024694434,-7.32330122510145,10.));
#10007=CARTESIAN_POINT('',(-3.18281024694434,-7.32330122510145,9.));
#10008=CARTESIAN_POINT('Origin',(-3.18281024694434,-4.71484282532881,9.));
#10009=CARTESIAN_POINT('',(-3.18281024694434,-4.71484282532881,9.));
#10010=CARTESIAN_POINT('',(-3.18281024694434,-4.71484282532881,9.));
#10011=CARTESIAN_POINT('',(-3.18281024694434,-4.71484282532881,10.));
#10012=CARTESIAN_POINT('',(-3.18281024694434,-4.71484282532881,10.));
#10013=CARTESIAN_POINT('',(-3.18281024694434,-4.71484282532881,9.));
#10014=CARTESIAN_POINT('Origin',(-2.43246920406809,-4.71484282532881,9.));
#10015=CARTESIAN_POINT('',(-2.43246920406809,-4.71484282532881,9.));
#10016=CARTESIAN_POINT('',(-2.43246920406809,-4.71484282532881,9.));
#10017=CARTESIAN_POINT('',(-2.43246920406809,-4.71484282532881,10.));
#10018=CARTESIAN_POINT('',(-2.43246920406809,-4.71484282532881,10.));
#10019=CARTESIAN_POINT('',(-2.43246920406809,-4.71484282532881,9.));
#10020=CARTESIAN_POINT('Origin',(-2.43246920406809,-8.71484288493345,9.));
#10021=CARTESIAN_POINT('',(-2.43246920406809,-8.71484288493345,9.));
#10022=CARTESIAN_POINT('',(-2.43246920406809,-8.71484288493345,10.));
#10023=CARTESIAN_POINT('Origin',(-4.01909951120606,-6.71484285513113,10.));
#10024=CARTESIAN_POINT('Origin',(-4.01909951120606,-6.71484285513113,9.));
#10025=CARTESIAN_POINT('Origin',(-1.13881319761234,5.20349855010684,9.));
#10026=CARTESIAN_POINT('',(-1.13881319761234,8.17894185369189,9.));
#10027=CARTESIAN_POINT('',(-1.13881319761234,5.20349855010684,9.));
#10028=CARTESIAN_POINT('',(-1.13881319761234,8.17894185369189,9.));
#10029=CARTESIAN_POINT('',(-1.13881319761234,8.17894185369189,10.));
#10030=CARTESIAN_POINT('',(-1.13881319761234,8.17894185369189,9.));
#10031=CARTESIAN_POINT('',(-1.13881319761234,5.20349855010684,10.));
#10032=CARTESIAN_POINT('',(-1.13881319761234,8.17894185369189,10.));
#10033=CARTESIAN_POINT('',(-1.13881319761234,5.20349855010684,9.));
#10034=CARTESIAN_POINT('Origin',(-1.74454305320936,5.20349855010684,9.));
#10035=CARTESIAN_POINT('',(-1.74454305320936,5.20349855010684,9.));
#10036=CARTESIAN_POINT('',(-1.13881319761234,5.20349855010684,9.));
#10037=CARTESIAN_POINT('',(-1.74454305320936,5.20349855010684,10.));
#10038=CARTESIAN_POINT('',(-1.13881319761234,5.20349855010684,10.));
#10039=CARTESIAN_POINT('',(-1.74454305320936,5.20349855010684,9.));
#10040=CARTESIAN_POINT('Origin',(-1.74454305320936,7.67348492925341,9.));
#10041=CARTESIAN_POINT('',(-1.74454305320936,7.67348492925341,9.));
#10042=CARTESIAN_POINT('',(-1.74454305320936,5.20349855010684,9.));
#10043=CARTESIAN_POINT('',(-1.74454305320936,7.67348492925341,10.));
#10044=CARTESIAN_POINT('',(-1.74454305320936,5.20349855010684,10.));
#10045=CARTESIAN_POINT('',(-1.74454305320936,7.67348492925341,9.));
#10046=CARTESIAN_POINT('Origin',(-3.25068224221425,7.67348492925341,9.));
#10047=CARTESIAN_POINT('',(-3.25068224221425,7.67348492925341,9.));
#10048=CARTESIAN_POINT('',(-1.74454305320936,7.67348492925341,9.));
#10049=CARTESIAN_POINT('',(-3.25068224221425,7.67348492925341,10.));
#10050=CARTESIAN_POINT('',(-1.74454305320936,7.67348492925341,10.));
#10051=CARTESIAN_POINT('',(-3.25068224221425,7.67348492925341,9.));
#10052=CARTESIAN_POINT('Origin',(-3.25068224221425,8.17894185369189,9.));
#10053=CARTESIAN_POINT('',(-3.25068224221425,8.17894185369189,9.));
#10054=CARTESIAN_POINT('',(-3.25068224221425,7.67348492925341,9.));
#10055=CARTESIAN_POINT('',(-3.25068224221425,8.17894185369189,10.));
#10056=CARTESIAN_POINT('',(-3.25068224221425,7.67348492925341,10.));
#10057=CARTESIAN_POINT('',(-3.25068224221425,8.17894185369189,9.));
#10058=CARTESIAN_POINT('Origin',(-1.13881319761234,8.17894185369189,9.));
#10059=CARTESIAN_POINT('',(-3.25068224221425,8.17894185369189,9.));
#10060=CARTESIAN_POINT('',(-3.25068224221425,8.17894185369189,10.));
#10061=CARTESIAN_POINT('Origin',(-2.19474771991329,6.69122020189936,10.));
#10062=CARTESIAN_POINT('Origin',(-2.19474771991329,6.69122020189936,9.));
#10063=CARTESIAN_POINT('Origin',(7.57060048054015,5.1789417344826,9.));
#10064=CARTESIAN_POINT('',(6.49829495698256,8.17894185369189,9.));
#10065=CARTESIAN_POINT('',(7.57060048054015,5.1789417344826,9.));
#10066=CARTESIAN_POINT('',(6.49829495698256,8.17894185369189,9.));
#10067=CARTESIAN_POINT('',(6.49829495698256,8.17894185369189,10.));
#10068=CARTESIAN_POINT('',(6.49829495698256,8.17894185369189,9.));
#10069=CARTESIAN_POINT('',(7.57060048054015,5.1789417344826,10.));
#10070=CARTESIAN_POINT('',(6.49829495698256,8.17894185369189,10.));
#10071=CARTESIAN_POINT('',(7.57060048054015,5.1789417344826,9.));
#10072=CARTESIAN_POINT('Origin',(6.91371101886077,5.1789417344826,9.));
#10073=CARTESIAN_POINT('',(6.91371101886077,5.1789417344826,9.));
#10074=CARTESIAN_POINT('',(7.57060048054015,5.1789417344826,9.));
#10075=CARTESIAN_POINT('',(6.91371101886077,5.1789417344826,10.));
#10076=CARTESIAN_POINT('',(7.57060048054015,5.1789417344826,10.));
#10077=CARTESIAN_POINT('',(6.91371101886077,5.1789417344826,9.));
#10078=CARTESIAN_POINT('Origin',(6.15450229495807,7.39926929061587,9.));
#10079=CARTESIAN_POINT('',(6.15450229495807,7.39926929061587,9.));
#10080=CARTESIAN_POINT('',(6.91371101886077,5.1789417344826,9.));
#10081=CARTESIAN_POINT('',(6.15450229495807,7.39926929061587,10.));
#10082=CARTESIAN_POINT('',(6.91371101886077,5.1789417344826,10.));
#10083=CARTESIAN_POINT('',(6.15450229495807,7.39926929061587,9.));
#10084=CARTESIAN_POINT('Origin',(5.4198503121738,5.1789417344826,9.));
#10085=CARTESIAN_POINT('',(5.41985031217379,5.1789417344826,9.));
#10086=CARTESIAN_POINT('',(6.15450229495807,7.39926929061587,9.));
#10087=CARTESIAN_POINT('',(5.41985031217379,5.1789417344826,10.));
#10088=CARTESIAN_POINT('',(6.15450229495807,7.39926929061587,10.));
#10089=CARTESIAN_POINT('',(5.41985031217379,5.1789417344826,9.));
#10090=CARTESIAN_POINT('Origin',(4.77728556841655,5.1789417344826,9.));
#10091=CARTESIAN_POINT('',(4.77728556841655,5.1789417344826,9.));
#10092=CARTESIAN_POINT('',(5.41985031217379,5.1789417344826,9.));
#10093=CARTESIAN_POINT('',(4.77728556841655,5.1789417344826,10.));
#10094=CARTESIAN_POINT('',(5.41985031217379,5.1789417344826,10.));
#10095=CARTESIAN_POINT('',(4.77728556841655,5.1789417344826,9.));
#10096=CARTESIAN_POINT('Origin',(5.85163738578601,8.17894185369189,9.));
#10097=CARTESIAN_POINT('',(5.85163738578601,8.17894185369189,9.));
#10098=CARTESIAN_POINT('',(4.77728556841655,5.1789417344826,9.));
#10099=CARTESIAN_POINT('',(5.85163738578601,8.17894185369189,10.));
#10100=CARTESIAN_POINT('',(4.77728556841655,5.1789417344826,10.));
#10101=CARTESIAN_POINT('',(5.85163738578601,8.17894185369189,9.));
#10102=CARTESIAN_POINT('Origin',(6.49829495698256,8.17894185369189,9.));
#10103=CARTESIAN_POINT('',(5.85163738578601,8.17894185369189,9.));
#10104=CARTESIAN_POINT('',(5.85163738578601,8.17894185369189,10.));
#10105=CARTESIAN_POINT('Origin',(6.17394302447835,6.67894179408725,10.));
#10106=CARTESIAN_POINT('Origin',(6.17394302447835,6.67894179408725,9.));
#10107=CARTESIAN_POINT('Origin',(1.90620724111838,6.5704833943146,9.));
#10108=CARTESIAN_POINT('',(1.90620724111838,7.07594031875308,9.));
#10109=CARTESIAN_POINT('',(1.90620724111838,6.5704833943146,9.));
#10110=CARTESIAN_POINT('',(1.90620724111838,7.07594031875308,9.));
#10111=CARTESIAN_POINT('',(1.90620724111838,7.07594031875308,10.));
#10112=CARTESIAN_POINT('',(1.90620724111838,7.07594031875308,9.));
#10113=CARTESIAN_POINT('',(1.90620724111838,6.5704833943146,10.));
#10114=CARTESIAN_POINT('',(1.90620724111838,7.07594031875308,10.));
#10115=CARTESIAN_POINT('',(1.90620724111838,6.5704833943146,9.));
#10116=CARTESIAN_POINT('Origin',(0.600613690913152,6.5704833943146,9.));
#10117=CARTESIAN_POINT('',(0.600613690913152,6.5704833943146,9.));
#10118=CARTESIAN_POINT('',(1.90620724111838,6.5704833943146,9.));
#10119=CARTESIAN_POINT('',(0.600613690913152,6.5704833943146,10.));
#10120=CARTESIAN_POINT('',(1.90620724111838,6.5704833943146,10.));
#10121=CARTESIAN_POINT('',(0.600613690913152,6.5704833943146,9.));
#10122=CARTESIAN_POINT('Origin',(0.600613690913152,7.76557201926883,9.));
#10123=CARTESIAN_POINT('',(0.600613690913152,7.76557201926883,9.));
#10124=CARTESIAN_POINT('',(0.600613690913152,6.5704833943146,9.));
#10125=CARTESIAN_POINT('',(0.600613690913152,7.76557201926883,10.));
#10126=CARTESIAN_POINT('',(0.600613690913152,6.5704833943146,10.));
#10127=CARTESIAN_POINT('',(0.600613690913152,7.76557201926883,9.));
#10128=CARTESIAN_POINT('Ctrl Pts',(1.15313757211013,8.09094721858676,9.));
#10129=CARTESIAN_POINT('Ctrl Pts',(1.15313757211013,8.09094721858676,10.));
#10130=CARTESIAN_POINT('Ctrl Pts',(1.04347844304847,8.04569466244169,9.));
#10131=CARTESIAN_POINT('Ctrl Pts',(1.04347844304847,8.04569466244169,10.));
#10132=CARTESIAN_POINT('Ctrl Pts',(0.843657148879218,7.96323527752091,9.));
#10133=CARTESIAN_POINT('Ctrl Pts',(0.843657148879218,7.96323527752091,10.));
#10134=CARTESIAN_POINT('Ctrl Pts',(0.676181188590789,7.82702982576121,9.));
#10135=CARTESIAN_POINT('Ctrl Pts',(0.676181188590789,7.82702982576121,10.));
#10136=CARTESIAN_POINT('Ctrl Pts',(0.600613690913152,7.76557201926883,9.));
#10137=CARTESIAN_POINT('Ctrl Pts',(0.600613690913152,7.76557201926883,10.));
#10138=CARTESIAN_POINT('',(1.15313757211013,8.09094721858676,9.));
#10139=CARTESIAN_POINT('Ctrl Pts',(0.600613690913152,7.76557201926883,9.));
#10140=CARTESIAN_POINT('Ctrl Pts',(0.676181188590789,7.82702982576121,9.));
#10141=CARTESIAN_POINT('Ctrl Pts',(0.843657148879218,7.96323527752091,9.));
#10142=CARTESIAN_POINT('Ctrl Pts',(1.04347844304847,8.04569466244169,9.));
#10143=CARTESIAN_POINT('Ctrl Pts',(1.15313757211013,8.09094721858676,9.));
#10144=CARTESIAN_POINT('',(1.15313757211013,8.09094721858676,10.));
#10145=CARTESIAN_POINT('Ctrl Pts',(1.15313757211013,8.09094721858676,10.));
#10146=CARTESIAN_POINT('Ctrl Pts',(1.04347844304847,8.04569466244169,10.));
#10147=CARTESIAN_POINT('Ctrl Pts',(0.843657148879218,7.96323527752091,10.));
#10148=CARTESIAN_POINT('Ctrl Pts',(0.676181188590789,7.82702982576121,10.));
#10149=CARTESIAN_POINT('Ctrl Pts',(0.600613690913152,7.76557201926883,10.));
#10150=CARTESIAN_POINT('',(1.15313757211013,8.09094721858676,9.));
#10151=CARTESIAN_POINT('Ctrl Pts',(1.88369695097251,8.23010141437228,9.));
#10152=CARTESIAN_POINT('Ctrl Pts',(1.88369695097251,8.23010141437228,10.));
#10153=CARTESIAN_POINT('Ctrl Pts',(1.76003207133109,8.22406024673468,9.));
#10154=CARTESIAN_POINT('Ctrl Pts',(1.76003207133109,8.22406024673468,10.));
#10155=CARTESIAN_POINT('Ctrl Pts',(1.51003843708187,8.21184777818896,9.));
#10156=CARTESIAN_POINT('Ctrl Pts',(1.51003843708187,8.21184777818896,10.));
#10157=CARTESIAN_POINT('Ctrl Pts',(1.27294665901369,8.13153267823034,9.));
#10158=CARTESIAN_POINT('Ctrl Pts',(1.27294665901369,8.13153267823034,10.));
#10159=CARTESIAN_POINT('Ctrl Pts',(1.15313757211013,8.09094721858676,9.));
#10160=CARTESIAN_POINT('Ctrl Pts',(1.15313757211013,8.09094721858676,10.));
#10161=CARTESIAN_POINT('',(1.88369695097251,8.23010141437228,9.));
#10162=CARTESIAN_POINT('Ctrl Pts',(1.15313757211013,8.09094721858676,9.));
#10163=CARTESIAN_POINT('Ctrl Pts',(1.27294665901369,8.13153267823034,9.));
#10164=CARTESIAN_POINT('Ctrl Pts',(1.51003843708187,8.21184777818896,9.));
#10165=CARTESIAN_POINT('Ctrl Pts',(1.76003207133109,8.22406024673468,9.));
#10166=CARTESIAN_POINT('Ctrl Pts',(1.88369695097251,8.23010141437228,9.));
#10167=CARTESIAN_POINT('',(1.88369695097251,8.23010141437228,10.));
#10168=CARTESIAN_POINT('Ctrl Pts',(1.88369695097251,8.23010141437228,10.));
#10169=CARTESIAN_POINT('Ctrl Pts',(1.76003207133109,8.22406024673468,10.));
#10170=CARTESIAN_POINT('Ctrl Pts',(1.51003843708187,8.21184777818896,10.));
#10171=CARTESIAN_POINT('Ctrl Pts',(1.27294665901369,8.13153267823034,10.));
#10172=CARTESIAN_POINT('Ctrl Pts',(1.15313757211013,8.09094721858676,10.));
#10173=CARTESIAN_POINT('',(1.88369695097251,8.23010141437228,9.));
#10174=CARTESIAN_POINT('Ctrl Pts',(2.70429734140677,8.03364867751773,9.));
#10175=CARTESIAN_POINT('Ctrl Pts',(2.70429734140677,8.03364867751773,10.));
#10176=CARTESIAN_POINT('Ctrl Pts',(2.57959196439042,8.09091990283507,9.));
#10177=CARTESIAN_POINT('Ctrl Pts',(2.57959196439042,8.09091990283507,10.));
#10178=CARTESIAN_POINT('Ctrl Pts',(2.31930936819722,8.21045527147285,9.));
#10179=CARTESIAN_POINT('Ctrl Pts',(2.31930936819722,8.21045527147285,10.));
#10180=CARTESIAN_POINT('Ctrl Pts',(2.03288895751913,8.22337284704002,9.));
#10181=CARTESIAN_POINT('Ctrl Pts',(2.03288895751913,8.22337284704002,10.));
#10182=CARTESIAN_POINT('Ctrl Pts',(1.88369695097251,8.23010141437228,9.));
#10183=CARTESIAN_POINT('Ctrl Pts',(1.88369695097251,8.23010141437228,10.));
#10184=CARTESIAN_POINT('',(2.70429734140677,8.03364867751773,9.));
#10185=CARTESIAN_POINT('Ctrl Pts',(1.88369695097251,8.23010141437228,9.));
#10186=CARTESIAN_POINT('Ctrl Pts',(2.03288895751913,8.22337284704002,9.));
#10187=CARTESIAN_POINT('Ctrl Pts',(2.31930936819722,8.21045527147285,9.));
#10188=CARTESIAN_POINT('Ctrl Pts',(2.57959196439042,8.09091990283507,9.));
#10189=CARTESIAN_POINT('Ctrl Pts',(2.70429734140677,8.03364867751773,9.));
#10190=CARTESIAN_POINT('',(2.70429734140677,8.03364867751773,10.));
#10191=CARTESIAN_POINT('Ctrl Pts',(2.70429734140677,8.03364867751773,10.));
#10192=CARTESIAN_POINT('Ctrl Pts',(2.57959196439042,8.09091990283507,10.));
#10193=CARTESIAN_POINT('Ctrl Pts',(2.31930936819722,8.21045527147285,10.));
#10194=CARTESIAN_POINT('Ctrl Pts',(2.03288895751913,8.22337284704002,10.));
#10195=CARTESIAN_POINT('Ctrl Pts',(1.88369695097251,8.23010141437228,10.));
#10196=CARTESIAN_POINT('',(2.70429734140677,8.03364867751773,9.));
#10197=CARTESIAN_POINT('Ctrl Pts',(3.23021825403018,7.46884638850863,9.));
#10198=CARTESIAN_POINT('Ctrl Pts',(3.23021825403018,7.46884638850863,10.));
#10199=CARTESIAN_POINT('Ctrl Pts',(3.16446584764532,7.58386551332312,9.));
#10200=CARTESIAN_POINT('Ctrl Pts',(3.16446584764532,7.58386551332312,10.));
#10201=CARTESIAN_POINT('Ctrl Pts',(3.03331514466447,7.81328432709803,9.));
#10202=CARTESIAN_POINT('Ctrl Pts',(3.03331514466447,7.81328432709803,10.));
#10203=CARTESIAN_POINT('Ctrl Pts',(2.81377235236654,7.96032623284003,9.));
#10204=CARTESIAN_POINT('Ctrl Pts',(2.81377235236654,7.96032623284003,10.));
#10205=CARTESIAN_POINT('Ctrl Pts',(2.70429734140677,8.03364867751773,9.));
#10206=CARTESIAN_POINT('Ctrl Pts',(2.70429734140677,8.03364867751773,10.));
#10207=CARTESIAN_POINT('',(3.23021825403018,7.46884638850863,9.));
#10208=CARTESIAN_POINT('Ctrl Pts',(2.70429734140677,8.03364867751773,9.));
#10209=CARTESIAN_POINT('Ctrl Pts',(2.81377235236654,7.96032623284003,9.));
#10210=CARTESIAN_POINT('Ctrl Pts',(3.03331514466447,7.81328432709803,9.));
#10211=CARTESIAN_POINT('Ctrl Pts',(3.16446584764532,7.58386551332312,9.));
#10212=CARTESIAN_POINT('Ctrl Pts',(3.23021825403018,7.46884638850863,9.));
#10213=CARTESIAN_POINT('',(3.23021825403018,7.46884638850863,10.));
#10214=CARTESIAN_POINT('Ctrl Pts',(3.23021825403018,7.46884638850863,10.));
#10215=CARTESIAN_POINT('Ctrl Pts',(3.16446584764532,7.58386551332312,10.));
#10216=CARTESIAN_POINT('Ctrl Pts',(3.03331514466447,7.81328432709803,10.));
#10217=CARTESIAN_POINT('Ctrl Pts',(2.81377235236654,7.96032623284003,10.));
#10218=CARTESIAN_POINT('Ctrl Pts',(2.70429734140677,8.03364867751773,10.));
#10219=CARTESIAN_POINT('',(3.23021825403018,7.46884638850863,9.));
#10220=CARTESIAN_POINT('Ctrl Pts',(3.40620737522883,6.66870991175349,9.));
#10221=CARTESIAN_POINT('Ctrl Pts',(3.40620737522883,6.66870991175349,10.));
#10222=CARTESIAN_POINT('Ctrl Pts',(3.39931082093052,6.80907470756011,9.));
#10223=CARTESIAN_POINT('Ctrl Pts',(3.39931082093052,6.80907470756011,10.));
#10224=CARTESIAN_POINT('Ctrl Pts',(3.38571556775932,7.08577736990016,9.));
#10225=CARTESIAN_POINT('Ctrl Pts',(3.38571556775932,7.08577736990016,10.));
#10226=CARTESIAN_POINT('Ctrl Pts',(3.28154535276146,7.34240162321024,9.));
#10227=CARTESIAN_POINT('Ctrl Pts',(3.28154535276146,7.34240162321024,10.));
#10228=CARTESIAN_POINT('Ctrl Pts',(3.23021825403018,7.46884638850863,9.));
#10229=CARTESIAN_POINT('Ctrl Pts',(3.23021825403018,7.46884638850863,10.));
#10230=CARTESIAN_POINT('',(3.40620737522883,6.66870991175349,9.));
#10231=CARTESIAN_POINT('Ctrl Pts',(3.23021825403018,7.46884638850863,9.));
#10232=CARTESIAN_POINT('Ctrl Pts',(3.28154535276146,7.34240162321024,9.));
#10233=CARTESIAN_POINT('Ctrl Pts',(3.38571556775932,7.08577736990016,9.));
#10234=CARTESIAN_POINT('Ctrl Pts',(3.39931082093052,6.80907470756011,9.));
#10235=CARTESIAN_POINT('Ctrl Pts',(3.40620737522883,6.66870991175349,9.));
#10236=CARTESIAN_POINT('',(3.40620737522883,6.66870991175349,10.));
#10237=CARTESIAN_POINT('Ctrl Pts',(3.40620737522883,6.66870991175349,10.));
#10238=CARTESIAN_POINT('Ctrl Pts',(3.39931082093052,6.80907470756011,10.));
#10239=CARTESIAN_POINT('Ctrl Pts',(3.38571556775932,7.08577736990016,10.));
#10240=CARTESIAN_POINT('Ctrl Pts',(3.28154535276146,7.34240162321024,10.));
#10241=CARTESIAN_POINT('Ctrl Pts',(3.23021825403018,7.46884638850863,10.));
#10242=CARTESIAN_POINT('',(3.40620737522883,6.66870991175349,9.));
#10243=CARTESIAN_POINT('Ctrl Pts',(3.20975441485686,5.83583126251872,9.));
#10244=CARTESIAN_POINT('Ctrl Pts',(3.20975441485686,5.83583126251872,10.));
#10245=CARTESIAN_POINT('Ctrl Pts',(3.26703646159869,5.96398512345307,9.));
#10246=CARTESIAN_POINT('Ctrl Pts',(3.26703646159869,5.96398512345307,10.));
#10247=CARTESIAN_POINT('Ctrl Pts',(3.38544723713133,6.22889880799949,9.));
#10248=CARTESIAN_POINT('Ctrl Pts',(3.38544723713133,6.22889880799949,10.));
#10249=CARTESIAN_POINT('Ctrl Pts',(3.3991390653535,6.51896518687038,9.));
#10250=CARTESIAN_POINT('Ctrl Pts',(3.3991390653535,6.51896518687038,10.));
#10251=CARTESIAN_POINT('Ctrl Pts',(3.40620737522883,6.66870991175349,9.));
#10252=CARTESIAN_POINT('Ctrl Pts',(3.40620737522883,6.66870991175349,10.));
#10253=CARTESIAN_POINT('',(3.20975441485686,5.83583126251872,9.));
#10254=CARTESIAN_POINT('Ctrl Pts',(3.40620737522883,6.66870991175349,9.));
#10255=CARTESIAN_POINT('Ctrl Pts',(3.3991390653535,6.51896518687038,9.));
#10256=CARTESIAN_POINT('Ctrl Pts',(3.38544723713133,6.22889880799949,9.));
#10257=CARTESIAN_POINT('Ctrl Pts',(3.26703646159869,5.96398512345307,9.));
#10258=CARTESIAN_POINT('Ctrl Pts',(3.20975441485686,5.83583126251872,9.));
#10259=CARTESIAN_POINT('',(3.20975441485686,5.83583126251872,10.));
#10260=CARTESIAN_POINT('Ctrl Pts',(3.20975441485686,5.83583126251872,10.));
#10261=CARTESIAN_POINT('Ctrl Pts',(3.26703646159869,5.96398512345307,10.));
#10262=CARTESIAN_POINT('Ctrl Pts',(3.38544723713133,6.22889880799949,10.));
#10263=CARTESIAN_POINT('Ctrl Pts',(3.3991390653535,6.51896518687038,10.));
#10264=CARTESIAN_POINT('Ctrl Pts',(3.40620737522883,6.66870991175349,10.));
#10265=CARTESIAN_POINT('',(3.20975441485686,5.83583126251872,9.));
#10266=CARTESIAN_POINT('Ctrl Pts',(2.63472024351401,5.2771684009331,9.));
#10267=CARTESIAN_POINT('Ctrl Pts',(2.63472024351401,5.2771684009331,10.));
#10268=CARTESIAN_POINT('Ctrl Pts',(2.75307600324099,5.34858776628736,9.));
#10269=CARTESIAN_POINT('Ctrl Pts',(2.75307600324099,5.34858776628736,10.));
#10270=CARTESIAN_POINT('Ctrl Pts',(2.98803115309001,5.49036665163811,9.));
#10271=CARTESIAN_POINT('Ctrl Pts',(2.98803115309001,5.49036665163811,10.));
#10272=CARTESIAN_POINT('Ctrl Pts',(3.13621590472978,5.72125170698021,9.));
#10273=CARTESIAN_POINT('Ctrl Pts',(3.13621590472978,5.72125170698021,10.));
#10274=CARTESIAN_POINT('Ctrl Pts',(3.20975441485686,5.83583126251872,9.));
#10275=CARTESIAN_POINT('Ctrl Pts',(3.20975441485686,5.83583126251872,10.));
#10276=CARTESIAN_POINT('',(2.63472024351401,5.2771684009331,9.));
#10277=CARTESIAN_POINT('Ctrl Pts',(3.20975441485686,5.83583126251872,9.));
#10278=CARTESIAN_POINT('Ctrl Pts',(3.13621590472978,5.72125170698021,9.));
#10279=CARTESIAN_POINT('Ctrl Pts',(2.98803115309001,5.49036665163811,9.));
#10280=CARTESIAN_POINT('Ctrl Pts',(2.75307600324099,5.34858776628736,9.));
#10281=CARTESIAN_POINT('Ctrl Pts',(2.63472024351401,5.2771684009331,9.));
#10282=CARTESIAN_POINT('',(2.63472024351401,5.2771684009331,10.));
#10283=CARTESIAN_POINT('Ctrl Pts',(2.63472024351401,5.2771684009331,10.));
#10284=CARTESIAN_POINT('Ctrl Pts',(2.75307600324099,5.34858776628736,10.));
#10285=CARTESIAN_POINT('Ctrl Pts',(2.98803115309001,5.49036665163811,10.));
#10286=CARTESIAN_POINT('Ctrl Pts',(3.13621590472978,5.72125170698021,10.));
#10287=CARTESIAN_POINT('Ctrl Pts',(3.20975441485686,5.83583126251872,10.));
#10288=CARTESIAN_POINT('',(2.63472024351401,5.2771684009331,9.));
#10289=CARTESIAN_POINT('Ctrl Pts',(1.91643912345214,5.12778217380221,9.));
#10290=CARTESIAN_POINT('Ctrl Pts',(1.91643912345214,5.12778217380221,10.));
#10291=CARTESIAN_POINT('Ctrl Pts',(2.04970782543664,5.13199145743614,9.));
#10292=CARTESIAN_POINT('Ctrl Pts',(2.04970782543664,5.13199145743614,10.));
#10293=CARTESIAN_POINT('Ctrl Pts',(2.29823943718185,5.13984131288047,9.));
#10294=CARTESIAN_POINT('Ctrl Pts',(2.29823943718185,5.13984131288047,10.));
#10295=CARTESIAN_POINT('Ctrl Pts',(2.52811128014665,5.2336583456074,9.));
#10296=CARTESIAN_POINT('Ctrl Pts',(2.52811128014665,5.2336583456074,10.));
#10297=CARTESIAN_POINT('Ctrl Pts',(2.63472024351401,5.2771684009331,9.));
#10298=CARTESIAN_POINT('Ctrl Pts',(2.63472024351401,5.2771684009331,10.));
#10299=CARTESIAN_POINT('',(1.91643912345214,5.12778217380221,9.));
#10300=CARTESIAN_POINT('Ctrl Pts',(2.63472024351401,5.2771684009331,9.));
#10301=CARTESIAN_POINT('Ctrl Pts',(2.52811128014665,5.2336583456074,9.));
#10302=CARTESIAN_POINT('Ctrl Pts',(2.29823943718185,5.13984131288047,9.));
#10303=CARTESIAN_POINT('Ctrl Pts',(2.04970782543664,5.13199145743614,9.));
#10304=CARTESIAN_POINT('Ctrl Pts',(1.91643912345214,5.12778217380221,9.));
#10305=CARTESIAN_POINT('',(1.91643912345214,5.12778217380221,10.));
#10306=CARTESIAN_POINT('Ctrl Pts',(1.91643912345214,5.12778217380221,10.));
#10307=CARTESIAN_POINT('Ctrl Pts',(2.04970782543664,5.13199145743614,10.));
#10308=CARTESIAN_POINT('Ctrl Pts',(2.29823943718185,5.13984131288047,10.));
#10309=CARTESIAN_POINT('Ctrl Pts',(2.52811128014665,5.2336583456074,10.));
#10310=CARTESIAN_POINT('Ctrl Pts',(2.63472024351401,5.2771684009331,10.));
#10311=CARTESIAN_POINT('',(1.91643912345214,5.12778217380221,9.));
#10312=CARTESIAN_POINT('Ctrl Pts',(1.0446793213491,5.36311651055987,9.));
#10313=CARTESIAN_POINT('Ctrl Pts',(1.0446793213491,5.36311651055987,10.));
#10314=CARTESIAN_POINT('Ctrl Pts',(1.16674480304422,5.29463840380695,9.));
#10315=CARTESIAN_POINT('Ctrl Pts',(1.16674480304422,5.29463840380695,10.));
#10316=CARTESIAN_POINT('Ctrl Pts',(1.43645138751105,5.14333439855826,9.));
#10317=CARTESIAN_POINT('Ctrl Pts',(1.43645138751105,5.14333439855826,10.));
#10318=CARTESIAN_POINT('Ctrl Pts',(1.7466384492945,5.13328393572338,9.));
#10319=CARTESIAN_POINT('Ctrl Pts',(1.7466384492945,5.13328393572338,10.));
#10320=CARTESIAN_POINT('Ctrl Pts',(1.91643912345214,5.12778217380221,9.));
#10321=CARTESIAN_POINT('Ctrl Pts',(1.91643912345214,5.12778217380221,10.));
#10322=CARTESIAN_POINT('',(1.0446793213491,5.36311651055987,9.));
#10323=CARTESIAN_POINT('Ctrl Pts',(1.91643912345214,5.12778217380221,9.));
#10324=CARTESIAN_POINT('Ctrl Pts',(1.7466384492945,5.13328393572338,9.));
#10325=CARTESIAN_POINT('Ctrl Pts',(1.43645138751105,5.14333439855826,9.));
#10326=CARTESIAN_POINT('Ctrl Pts',(1.16674480304422,5.29463840380695,9.));
#10327=CARTESIAN_POINT('Ctrl Pts',(1.0446793213491,5.36311651055987,9.));
#10328=CARTESIAN_POINT('',(1.0446793213491,5.36311651055987,10.));
#10329=CARTESIAN_POINT('Ctrl Pts',(1.0446793213491,5.36311651055987,10.));
#10330=CARTESIAN_POINT('Ctrl Pts',(1.16674480304422,5.29463840380695,10.));
#10331=CARTESIAN_POINT('Ctrl Pts',(1.43645138751105,5.14333439855826,10.));
#10332=CARTESIAN_POINT('Ctrl Pts',(1.7466384492945,5.13328393572338,10.));
#10333=CARTESIAN_POINT('Ctrl Pts',(1.91643912345214,5.12778217380221,10.));
#10334=CARTESIAN_POINT('',(1.0446793213491,5.36311651055987,9.));
#10335=CARTESIAN_POINT('Ctrl Pts',(0.639494992793035,6.00977400725062,9.));
#10336=CARTESIAN_POINT('Ctrl Pts',(0.639494992793035,6.00977400725062,10.));
#10337=CARTESIAN_POINT('Ctrl Pts',(0.677749485818094,5.88034306935262,9.));
#10338=CARTESIAN_POINT('Ctrl Pts',(0.677749485818094,5.88034306935262,10.));
#10339=CARTESIAN_POINT('Ctrl Pts',(0.752689503324412,5.62678966987137,9.));
#10340=CARTESIAN_POINT('Ctrl Pts',(0.752689503324412,5.62678966987137,10.));
#10341=CARTESIAN_POINT('Ctrl Pts',(0.948717416692769,5.4497721985748,9.));
#10342=CARTESIAN_POINT('Ctrl Pts',(0.948717416692769,5.4497721985748,10.));
#10343=CARTESIAN_POINT('Ctrl Pts',(1.0446793213491,5.36311651055987,9.));
#10344=CARTESIAN_POINT('Ctrl Pts',(1.0446793213491,5.36311651055987,10.));
#10345=CARTESIAN_POINT('',(0.639494992793035,6.00977400725062,9.));
#10346=CARTESIAN_POINT('Ctrl Pts',(1.0446793213491,5.36311651055987,9.));
#10347=CARTESIAN_POINT('Ctrl Pts',(0.948717416692769,5.4497721985748,9.));
#10348=CARTESIAN_POINT('Ctrl Pts',(0.752689503324412,5.62678966987137,9.));
#10349=CARTESIAN_POINT('Ctrl Pts',(0.677749485818094,5.88034306935262,9.));
#10350=CARTESIAN_POINT('Ctrl Pts',(0.639494992793035,6.00977400725062,9.));
#10351=CARTESIAN_POINT('',(0.639494992793035,6.00977400725062,10.));
#10352=CARTESIAN_POINT('Ctrl Pts',(0.639494992793035,6.00977400725062,10.));
#10353=CARTESIAN_POINT('Ctrl Pts',(0.677749485818094,5.88034306935262,10.));
#10354=CARTESIAN_POINT('Ctrl Pts',(0.752689503324412,5.62678966987137,10.));
#10355=CARTESIAN_POINT('Ctrl Pts',(0.948717416692769,5.4497721985748,10.));
#10356=CARTESIAN_POINT('Ctrl Pts',(1.0446793213491,5.36311651055987,10.));
#10357=CARTESIAN_POINT('',(0.639494992793035,6.00977400725062,9.));
#10358=CARTESIAN_POINT('Origin',(1.24113220721526,6.12232515995677,9.));
#10359=CARTESIAN_POINT('',(1.24113220721526,6.12232515995677,9.));
#10360=CARTESIAN_POINT('',(0.639494992793035,6.00977400725062,9.));
#10361=CARTESIAN_POINT('',(1.24113220721526,6.12232515995677,10.));
#10362=CARTESIAN_POINT('',(0.639494992793035,6.00977400725062,10.));
#10363=CARTESIAN_POINT('',(1.24113220721526,6.12232515995677,9.));
#10364=CARTESIAN_POINT('Ctrl Pts',(1.48055914789481,5.77443981950457,9.));
#10365=CARTESIAN_POINT('Ctrl Pts',(1.48055914789481,5.77443981950457,10.));
#10366=CARTESIAN_POINT('Ctrl Pts',(1.42642626434121,5.82121940480316,9.));
#10367=CARTESIAN_POINT('Ctrl Pts',(1.42642626434121,5.82121940480316,10.));
#10368=CARTESIAN_POINT('Ctrl Pts',(1.3164238956427,5.91627928064523,9.));
#10369=CARTESIAN_POINT('Ctrl Pts',(1.3164238956427,5.91627928064523,10.));
#10370=CARTESIAN_POINT('Ctrl Pts',(1.26649219307581,6.05292413183399,9.));
#10371=CARTESIAN_POINT('Ctrl Pts',(1.26649219307581,6.05292413183399,10.));
#10372=CARTESIAN_POINT('Ctrl Pts',(1.24113220721526,6.12232515995677,9.));
#10373=CARTESIAN_POINT('Ctrl Pts',(1.24113220721526,6.12232515995677,10.));
#10374=CARTESIAN_POINT('',(1.48055914789481,5.77443981950457,9.));
#10375=CARTESIAN_POINT('Ctrl Pts',(1.24113220721526,6.12232515995677,9.));
#10376=CARTESIAN_POINT('Ctrl Pts',(1.26649219307581,6.05292413183399,9.));
#10377=CARTESIAN_POINT('Ctrl Pts',(1.3164238956427,5.91627928064523,9.));
#10378=CARTESIAN_POINT('Ctrl Pts',(1.42642626434121,5.82121940480316,9.));
#10379=CARTESIAN_POINT('Ctrl Pts',(1.48055914789481,5.77443981950457,9.));
#10380=CARTESIAN_POINT('',(1.48055914789481,5.77443981950457,10.));
#10381=CARTESIAN_POINT('Ctrl Pts',(1.48055914789481,5.77443981950457,10.));
#10382=CARTESIAN_POINT('Ctrl Pts',(1.42642626434121,5.82121940480316,10.));
#10383=CARTESIAN_POINT('Ctrl Pts',(1.3164238956427,5.91627928064523,10.));
#10384=CARTESIAN_POINT('Ctrl Pts',(1.26649219307581,6.05292413183399,10.));
#10385=CARTESIAN_POINT('Ctrl Pts',(1.24113220721526,6.12232515995677,10.));
#10386=CARTESIAN_POINT('',(1.48055914789481,5.77443981950457,9.));
#10387=CARTESIAN_POINT('Ctrl Pts',(1.91643912345214,5.64551765506442,9.));
#10388=CARTESIAN_POINT('Ctrl Pts',(1.91643912345214,5.64551765506442,10.));
#10389=CARTESIAN_POINT('Ctrl Pts',(1.83445878601236,5.64969965052413,9.));
#10390=CARTESIAN_POINT('Ctrl Pts',(1.83445878601236,5.64969965052413,10.));
#10391=CARTESIAN_POINT('Ctrl Pts',(1.67848765689067,5.65765607732357,9.));
#10392=CARTESIAN_POINT('Ctrl Pts',(1.67848765689067,5.65765607732357,10.));
#10393=CARTESIAN_POINT('Ctrl Pts',(1.54424311359595,5.73686437436412,9.));
#10394=CARTESIAN_POINT('Ctrl Pts',(1.54424311359595,5.73686437436412,10.));
#10395=CARTESIAN_POINT('Ctrl Pts',(1.48055914789481,5.77443981950457,9.));
#10396=CARTESIAN_POINT('Ctrl Pts',(1.48055914789481,5.77443981950457,10.));
#10397=CARTESIAN_POINT('',(1.91643912345214,5.64551765506442,9.));
#10398=CARTESIAN_POINT('Ctrl Pts',(1.48055914789481,5.77443981950457,9.));
#10399=CARTESIAN_POINT('Ctrl Pts',(1.54424311359595,5.73686437436412,9.));
#10400=CARTESIAN_POINT('Ctrl Pts',(1.67848765689067,5.65765607732357,9.));
#10401=CARTESIAN_POINT('Ctrl Pts',(1.83445878601236,5.64969965052413,9.));
#10402=CARTESIAN_POINT('Ctrl Pts',(1.91643912345214,5.64551765506442,9.));
#10403=CARTESIAN_POINT('',(1.91643912345214,5.64551765506442,10.));
#10404=CARTESIAN_POINT('Ctrl Pts',(1.91643912345214,5.64551765506442,10.));
#10405=CARTESIAN_POINT('Ctrl Pts',(1.83445878601236,5.64969965052413,10.));
#10406=CARTESIAN_POINT('Ctrl Pts',(1.67848765689067,5.65765607732357,10.));
#10407=CARTESIAN_POINT('Ctrl Pts',(1.54424311359595,5.73686437436412,10.));
#10408=CARTESIAN_POINT('Ctrl Pts',(1.48055914789481,5.77443981950457,10.));
#10409=CARTESIAN_POINT('',(1.91643912345214,5.64551765506442,9.));
#10410=CARTESIAN_POINT('Ctrl Pts',(2.54877205938144,5.89722285454448,9.));
#10411=CARTESIAN_POINT('Ctrl Pts',(2.54877205938144,5.89722285454448,10.));
#10412=CARTESIAN_POINT('Ctrl Pts',(2.46112237518606,5.82384123129425,9.));
#10413=CARTESIAN_POINT('Ctrl Pts',(2.46112237518606,5.82384123129425,10.));
#10414=CARTESIAN_POINT('Ctrl Pts',(2.27850187265614,5.67094862206882,9.));
#10415=CARTESIAN_POINT('Ctrl Pts',(2.27850187265614,5.67094862206882,10.));
#10416=CARTESIAN_POINT('Ctrl Pts',(2.04030969502936,5.65421821436118,9.));
#10417=CARTESIAN_POINT('Ctrl Pts',(2.04030969502936,5.65421821436118,10.));
#10418=CARTESIAN_POINT('Ctrl Pts',(1.91643912345214,5.64551765506442,9.));
#10419=CARTESIAN_POINT('Ctrl Pts',(1.91643912345214,5.64551765506442,10.));
#10420=CARTESIAN_POINT('',(2.54877205938144,5.89722285454448,9.));
#10421=CARTESIAN_POINT('Ctrl Pts',(1.91643912345214,5.64551765506442,9.));
#10422=CARTESIAN_POINT('Ctrl Pts',(2.04030969502936,5.65421821436118,9.));
#10423=CARTESIAN_POINT('Ctrl Pts',(2.27850187265614,5.67094862206882,9.));
#10424=CARTESIAN_POINT('Ctrl Pts',(2.46112237518606,5.82384123129425,9.));
#10425=CARTESIAN_POINT('Ctrl Pts',(2.54877205938144,5.89722285454448,9.));
#10426=CARTESIAN_POINT('',(2.54877205938144,5.89722285454448,10.));
#10427=CARTESIAN_POINT('Ctrl Pts',(2.54877205938144,5.89722285454448,10.));
#10428=CARTESIAN_POINT('Ctrl Pts',(2.46112237518606,5.82384123129425,10.));
#10429=CARTESIAN_POINT('Ctrl Pts',(2.27850187265614,5.67094862206882,10.));
#10430=CARTESIAN_POINT('Ctrl Pts',(2.04030969502936,5.65421821436118,10.));
#10431=CARTESIAN_POINT('Ctrl Pts',(1.91643912345214,5.64551765506442,10.));
#10432=CARTESIAN_POINT('',(2.54877205938144,5.89722285454448,9.));
#10433=CARTESIAN_POINT('Ctrl Pts',(2.78205994516654,6.64415324514087,9.));
#10434=CARTESIAN_POINT('Ctrl Pts',(2.78205994516654,6.64415324514087,10.));
#10435=CARTESIAN_POINT('Ctrl Pts',(2.77690055026576,6.49460905455634,9.));
#10436=CARTESIAN_POINT('Ctrl Pts',(2.77690055026576,6.49460905455634,10.));
#10437=CARTESIAN_POINT('Ctrl Pts',(2.76752384654708,6.22282687952855,9.));
#10438=CARTESIAN_POINT('Ctrl Pts',(2.76752384654708,6.22282687952855,10.));
#10439=CARTESIAN_POINT('Ctrl Pts',(2.61663604276845,5.9982359087854,9.));
#10440=CARTESIAN_POINT('Ctrl Pts',(2.61663604276845,5.9982359087854,10.));
#10441=CARTESIAN_POINT('Ctrl Pts',(2.54877205938144,5.89722285454448,9.));
#10442=CARTESIAN_POINT('Ctrl Pts',(2.54877205938144,5.89722285454448,10.));
#10443=CARTESIAN_POINT('',(2.78205994516654,6.64415324514087,9.));
#10444=CARTESIAN_POINT('Ctrl Pts',(2.54877205938144,5.89722285454448,9.));
#10445=CARTESIAN_POINT('Ctrl Pts',(2.61663604276845,5.9982359087854,9.));
#10446=CARTESIAN_POINT('Ctrl Pts',(2.76752384654708,6.22282687952855,9.));
#10447=CARTESIAN_POINT('Ctrl Pts',(2.77690055026576,6.49460905455634,9.));
#10448=CARTESIAN_POINT('Ctrl Pts',(2.78205994516654,6.64415324514087,9.));
#10449=CARTESIAN_POINT('',(2.78205994516654,6.64415324514087,10.));
#10450=CARTESIAN_POINT('Ctrl Pts',(2.78205994516654,6.64415324514087,10.));
#10451=CARTESIAN_POINT('Ctrl Pts',(2.77690055026576,6.49460905455634,10.));
#10452=CARTESIAN_POINT('Ctrl Pts',(2.76752384654708,6.22282687952855,10.));
#10453=CARTESIAN_POINT('Ctrl Pts',(2.61663604276845,5.9982359087854,10.));
#10454=CARTESIAN_POINT('Ctrl Pts',(2.54877205938144,5.89722285454448,10.));
#10455=CARTESIAN_POINT('',(2.78205994516654,6.64415324514087,9.));
#10456=CARTESIAN_POINT('Ctrl Pts',(2.54467930644793,7.44633609836276,9.));
#10457=CARTESIAN_POINT('Ctrl Pts',(2.54467930644793,7.44633609836276,10.));
#10458=CARTESIAN_POINT('Ctrl Pts',(2.61370489159298,7.33788360137325,9.));
#10459=CARTESIAN_POINT('Ctrl Pts',(2.61370489159298,7.33788360137325,10.));
#10460=CARTESIAN_POINT('Ctrl Pts',(2.76857463149239,7.09455339323501,9.));
#10461=CARTESIAN_POINT('Ctrl Pts',(2.76857463149239,7.09455339323501,10.));
#10462=CARTESIAN_POINT('Ctrl Pts',(2.77725076971109,6.80477637854991,9.));
#10463=CARTESIAN_POINT('Ctrl Pts',(2.77725076971109,6.80477637854991,10.));
#10464=CARTESIAN_POINT('Ctrl Pts',(2.78205994516654,6.64415324514087,9.));
#10465=CARTESIAN_POINT('Ctrl Pts',(2.78205994516654,6.64415324514087,10.));
#10466=CARTESIAN_POINT('',(2.54467930644793,7.44633609836276,9.));
#10467=CARTESIAN_POINT('Ctrl Pts',(2.78205994516654,6.64415324514087,9.));
#10468=CARTESIAN_POINT('Ctrl Pts',(2.77725076971109,6.80477637854991,9.));
#10469=CARTESIAN_POINT('Ctrl Pts',(2.76857463149239,7.09455339323501,9.));
#10470=CARTESIAN_POINT('Ctrl Pts',(2.61370489159298,7.33788360137325,9.));
#10471=CARTESIAN_POINT('Ctrl Pts',(2.54467930644793,7.44633609836276,9.));
#10472=CARTESIAN_POINT('',(2.54467930644793,7.44633609836276,10.));
#10473=CARTESIAN_POINT('Ctrl Pts',(2.54467930644793,7.44633609836276,10.));
#10474=CARTESIAN_POINT('Ctrl Pts',(2.61370489159298,7.33788360137325,10.));
#10475=CARTESIAN_POINT('Ctrl Pts',(2.76857463149239,7.09455339323501,10.));
#10476=CARTESIAN_POINT('Ctrl Pts',(2.77725076971109,6.80477637854991,10.));
#10477=CARTESIAN_POINT('Ctrl Pts',(2.78205994516654,6.64415324514087,10.));
#10478=CARTESIAN_POINT('',(2.54467930644793,7.44633609836276,9.));
#10479=CARTESIAN_POINT('Ctrl Pts',(1.92257825285239,7.7123662311333,9.));
#10480=CARTESIAN_POINT('Ctrl Pts',(1.92257825285239,7.7123662311333,10.));
#10481=CARTESIAN_POINT('Ctrl Pts',(2.04377549984829,7.702277157241,9.));
#10482=CARTESIAN_POINT('Ctrl Pts',(2.04377549984829,7.702277157241,10.));
#10483=CARTESIAN_POINT('Ctrl Pts',(2.28101526135981,7.68252811554731,9.));
#10484=CARTESIAN_POINT('Ctrl Pts',(2.28101526135981,7.68252811554731,10.));
#10485=CARTESIAN_POINT('Ctrl Pts',(2.45807366315482,7.52391801356902,9.));
#10486=CARTESIAN_POINT('Ctrl Pts',(2.45807366315482,7.52391801356902,10.));
#10487=CARTESIAN_POINT('Ctrl Pts',(2.54467930644793,7.44633609836276,9.));
#10488=CARTESIAN_POINT('Ctrl Pts',(2.54467930644793,7.44633609836276,10.));
#10489=CARTESIAN_POINT('',(1.92257825285239,7.7123662311333,9.));
#10490=CARTESIAN_POINT('Ctrl Pts',(2.54467930644793,7.44633609836276,9.));
#10491=CARTESIAN_POINT('Ctrl Pts',(2.45807366315482,7.52391801356902,9.));
#10492=CARTESIAN_POINT('Ctrl Pts',(2.28101526135981,7.68252811554731,9.));
#10493=CARTESIAN_POINT('Ctrl Pts',(2.04377549984829,7.702277157241,9.));
#10494=CARTESIAN_POINT('Ctrl Pts',(1.92257825285239,7.7123662311333,9.));
#10495=CARTESIAN_POINT('',(1.92257825285239,7.7123662311333,10.));
#10496=CARTESIAN_POINT('Ctrl Pts',(1.92257825285239,7.7123662311333,10.));
#10497=CARTESIAN_POINT('Ctrl Pts',(2.04377549984829,7.702277157241,10.));
#10498=CARTESIAN_POINT('Ctrl Pts',(2.28101526135981,7.68252811554731,10.));
#10499=CARTESIAN_POINT('Ctrl Pts',(2.45807366315482,7.52391801356902,10.));
#10500=CARTESIAN_POINT('Ctrl Pts',(2.54467930644793,7.44633609836276,10.));
#10501=CARTESIAN_POINT('',(1.92257825285239,7.7123662311333,9.));
#10502=CARTESIAN_POINT('Ctrl Pts',(1.54195073992057,7.63869638030703,9.));
#10503=CARTESIAN_POINT('Ctrl Pts',(1.54195073992057,7.63869638030703,10.));
#10504=CARTESIAN_POINT('Ctrl Pts',(1.60480025032557,7.66018137990933,9.));
#10505=CARTESIAN_POINT('Ctrl Pts',(1.60480025032557,7.66018137990933,10.));
#10506=CARTESIAN_POINT('Ctrl Pts',(1.72828903073802,7.70239581214518,9.));
#10507=CARTESIAN_POINT('Ctrl Pts',(1.72828903073802,7.70239581214518,10.));
#10508=CARTESIAN_POINT('Ctrl Pts',(1.85859258324658,7.70908265251652,9.));
#10509=CARTESIAN_POINT('Ctrl Pts',(1.85859258324658,7.70908265251652,10.));
#10510=CARTESIAN_POINT('Ctrl Pts',(1.92257825285239,7.7123662311333,9.));
#10511=CARTESIAN_POINT('Ctrl Pts',(1.92257825285239,7.7123662311333,10.));
#10512=CARTESIAN_POINT('',(1.54195073992057,7.63869638030703,9.));
#10513=CARTESIAN_POINT('Ctrl Pts',(1.92257825285239,7.7123662311333,9.));
#10514=CARTESIAN_POINT('Ctrl Pts',(1.85859258324658,7.70908265251652,9.));
#10515=CARTESIAN_POINT('Ctrl Pts',(1.72828903073802,7.70239581214518,9.));
#10516=CARTESIAN_POINT('Ctrl Pts',(1.60480025032557,7.66018137990933,9.));
#10517=CARTESIAN_POINT('Ctrl Pts',(1.54195073992057,7.63869638030703,9.));
#10518=CARTESIAN_POINT('',(1.54195073992057,7.63869638030703,10.));
#10519=CARTESIAN_POINT('Ctrl Pts',(1.54195073992057,7.63869638030703,10.));
#10520=CARTESIAN_POINT('Ctrl Pts',(1.60480025032557,7.66018137990933,10.));
#10521=CARTESIAN_POINT('Ctrl Pts',(1.72828903073802,7.70239581214518,10.));
#10522=CARTESIAN_POINT('Ctrl Pts',(1.85859258324658,7.70908265251652,10.));
#10523=CARTESIAN_POINT('Ctrl Pts',(1.92257825285239,7.7123662311333,10.));
#10524=CARTESIAN_POINT('',(1.54195073992057,7.63869638030703,9.));
#10525=CARTESIAN_POINT('Ctrl Pts',(1.21248278766913,7.45656812970813,9.));
#10526=CARTESIAN_POINT('Ctrl Pts',(1.21248278766913,7.45656812970813,10.));
#10527=CARTESIAN_POINT('Ctrl Pts',(1.26179533818359,7.49126636677009,9.));
#10528=CARTESIAN_POINT('Ctrl Pts',(1.26179533818359,7.49126636677009,10.));
#10529=CARTESIAN_POINT('Ctrl Pts',(1.36498946404737,7.56387778526837,9.));
#10530=CARTESIAN_POINT('Ctrl Pts',(1.36498946404737,7.56387778526837,10.));
#10531=CARTESIAN_POINT('Ctrl Pts',(1.48124782886409,7.61303140644429,9.));
#10532=CARTESIAN_POINT('Ctrl Pts',(1.48124782886409,7.61303140644429,10.));
#10533=CARTESIAN_POINT('Ctrl Pts',(1.54195073992057,7.63869638030703,9.));
#10534=CARTESIAN_POINT('Ctrl Pts',(1.54195073992057,7.63869638030703,10.));
#10535=CARTESIAN_POINT('',(1.21248278766913,7.45656812970813,9.));
#10536=CARTESIAN_POINT('Ctrl Pts',(1.54195073992057,7.63869638030703,9.));
#10537=CARTESIAN_POINT('Ctrl Pts',(1.48124782886409,7.61303140644429,9.));
#10538=CARTESIAN_POINT('Ctrl Pts',(1.36498946404737,7.56387778526837,9.));
#10539=CARTESIAN_POINT('Ctrl Pts',(1.26179533818359,7.49126636677009,9.));
#10540=CARTESIAN_POINT('Ctrl Pts',(1.21248278766913,7.45656812970813,9.));
#10541=CARTESIAN_POINT('',(1.21248278766913,7.45656812970813,10.));
#10542=CARTESIAN_POINT('Ctrl Pts',(1.21248278766913,7.45656812970813,10.));
#10543=CARTESIAN_POINT('Ctrl Pts',(1.26179533818359,7.49126636677009,10.));
#10544=CARTESIAN_POINT('Ctrl Pts',(1.36498946404737,7.56387778526837,10.));
#10545=CARTESIAN_POINT('Ctrl Pts',(1.48124782886409,7.61303140644429,10.));
#10546=CARTESIAN_POINT('Ctrl Pts',(1.54195073992057,7.63869638030703,10.));
#10547=CARTESIAN_POINT('',(1.21248278766913,7.45656812970813,9.));
#10548=CARTESIAN_POINT('Origin',(1.21248278766913,7.07594031875308,9.));
#10549=CARTESIAN_POINT('',(1.21248278766913,7.07594031875308,9.));
#10550=CARTESIAN_POINT('',(1.21248278766913,7.45656812970813,9.));
#10551=CARTESIAN_POINT('',(1.21248278766913,7.07594031875308,10.));
#10552=CARTESIAN_POINT('',(1.21248278766913,7.45656812970813,10.));
#10553=CARTESIAN_POINT('',(1.21248278766913,7.07594031875308,9.));
#10554=CARTESIAN_POINT('Origin',(1.90620724111838,7.07594031875308,9.));
#10555=CARTESIAN_POINT('',(1.21248278766913,7.07594031875308,9.));
#10556=CARTESIAN_POINT('',(1.21248278766913,7.07594031875308,10.));
#10557=CARTESIAN_POINT('Origin',(2.00341053307099,6.67894179408725,10.));
#10558=CARTESIAN_POINT('Origin',(2.00341053307099,6.67894179408725,9.));
#10559=CARTESIAN_POINT('Origin',(-4.84890865161973,5.1789417344826,9.));
#10560=CARTESIAN_POINT('',(-4.84890865161973,8.17894185369189,9.));
#10561=CARTESIAN_POINT('',(-4.84890865161973,5.1789417344826,9.));
#10562=CARTESIAN_POINT('',(-4.84890865161973,8.17894185369189,9.));
#10563=CARTESIAN_POINT('',(-4.84890865161973,8.17894185369189,10.));
#10564=CARTESIAN_POINT('',(-4.84890865161973,8.17894185369189,9.));
#10565=CARTESIAN_POINT('',(-4.84890865161973,5.1789417344826,10.));
#10566=CARTESIAN_POINT('',(-4.84890865161973,8.17894185369189,10.));
#10567=CARTESIAN_POINT('',(-4.84890865161973,5.1789417344826,9.));
#10568=CARTESIAN_POINT('Origin',(-5.4546385630961,5.1789417344826,9.));
#10569=CARTESIAN_POINT('',(-5.4546385630961,5.1789417344826,9.));
#10570=CARTESIAN_POINT('',(-4.84890865161973,5.1789417344826,9.));
#10571=CARTESIAN_POINT('',(-5.4546385630961,5.1789417344826,10.));
#10572=CARTESIAN_POINT('',(-4.84890865161973,5.1789417344826,10.));
#10573=CARTESIAN_POINT('',(-5.4546385630961,5.1789417344826,9.));
#10574=CARTESIAN_POINT('Origin',(-5.4546385630961,6.35970587318118,9.));
#10575=CARTESIAN_POINT('',(-5.4546385630961,6.35970587318118,9.));
#10576=CARTESIAN_POINT('',(-5.4546385630961,5.1789417344826,9.));
#10577=CARTESIAN_POINT('',(-5.4546385630961,6.35970587318118,10.));
#10578=CARTESIAN_POINT('',(-5.4546385630961,5.1789417344826,10.));
#10579=CARTESIAN_POINT('',(-5.4546385630961,6.35970587318118,9.));
#10580=CARTESIAN_POINT('Origin',(-6.64154168218332,6.35970587318118,9.));
#10581=CARTESIAN_POINT('',(-6.64154168218332,6.35970587318118,9.));
#10582=CARTESIAN_POINT('',(-5.4546385630961,6.35970587318118,9.));
#10583=CARTESIAN_POINT('',(-6.64154168218332,6.35970587318118,10.));
#10584=CARTESIAN_POINT('',(-5.4546385630961,6.35970587318118,10.));
#10585=CARTESIAN_POINT('',(-6.64154168218332,6.35970587318118,9.));
#10586=CARTESIAN_POINT('Origin',(-6.64154168218332,5.1789417344826,9.));
#10587=CARTESIAN_POINT('',(-6.64154168218332,5.1789417344826,9.));
#10588=CARTESIAN_POINT('',(-6.64154168218332,6.35970587318118,9.));
#10589=CARTESIAN_POINT('',(-6.64154168218332,5.1789417344826,10.));
#10590=CARTESIAN_POINT('',(-6.64154168218332,6.35970587318118,10.));
#10591=CARTESIAN_POINT('',(-6.64154168218332,5.1789417344826,9.));
#10592=CARTESIAN_POINT('Origin',(-7.24727164953905,5.1789417344826,9.));
#10593=CARTESIAN_POINT('',(-7.24727164953905,5.1789417344826,9.));
#10594=CARTESIAN_POINT('',(-6.64154168218332,5.1789417344826,9.));
#10595=CARTESIAN_POINT('',(-7.24727164953905,5.1789417344826,10.));
#10596=CARTESIAN_POINT('',(-6.64154168218332,5.1789417344826,10.));
#10597=CARTESIAN_POINT('',(-7.24727164953905,5.1789417344826,9.));
#10598=CARTESIAN_POINT('Origin',(-7.24727164953905,8.17894185369189,9.));
#10599=CARTESIAN_POINT('',(-7.24727164953905,8.17894185369189,9.));
#10600=CARTESIAN_POINT('',(-7.24727164953905,5.1789417344826,9.));
#10601=CARTESIAN_POINT('',(-7.24727164953905,8.17894185369189,10.));
#10602=CARTESIAN_POINT('',(-7.24727164953905,5.1789417344826,10.));
#10603=CARTESIAN_POINT('',(-7.24727164953905,8.17894185369189,9.));
#10604=CARTESIAN_POINT('Origin',(-6.64154168218332,8.17894185369189,9.));
#10605=CARTESIAN_POINT('',(-6.64154168218332,8.17894185369189,9.));
#10606=CARTESIAN_POINT('',(-7.24727164953905,8.17894185369189,9.));
#10607=CARTESIAN_POINT('',(-6.64154168218332,8.17894185369189,10.));
#10608=CARTESIAN_POINT('',(-7.24727164953905,8.17894185369189,10.));
#10609=CARTESIAN_POINT('',(-6.64154168218332,8.17894185369189,9.));
#10610=CARTESIAN_POINT('Origin',(-6.64154168218332,6.86720917408641,9.));
#10611=CARTESIAN_POINT('',(-6.64154168218332,6.86720917408641,9.));
#10612=CARTESIAN_POINT('',(-6.64154168218332,8.17894185369189,9.));
#10613=CARTESIAN_POINT('',(-6.64154168218332,6.86720917408641,10.));
#10614=CARTESIAN_POINT('',(-6.64154168218332,8.17894185369189,10.));
#10615=CARTESIAN_POINT('',(-6.64154168218332,6.86720917408641,9.));
#10616=CARTESIAN_POINT('Origin',(-5.4546385630961,6.86720917408641,9.));
#10617=CARTESIAN_POINT('',(-5.4546385630961,6.86720917408641,9.));
#10618=CARTESIAN_POINT('',(-6.64154168218332,6.86720917408641,9.));
#10619=CARTESIAN_POINT('',(-5.4546385630961,6.86720917408641,10.));
#10620=CARTESIAN_POINT('',(-6.64154168218332,6.86720917408641,10.));
#10621=CARTESIAN_POINT('',(-5.4546385630961,6.86720917408641,9.));
#10622=CARTESIAN_POINT('Origin',(-5.4546385630961,8.17894185369189,9.));
#10623=CARTESIAN_POINT('',(-5.4546385630961,8.17894185369189,9.));
#10624=CARTESIAN_POINT('',(-5.4546385630961,6.86720917408641,9.));
#10625=CARTESIAN_POINT('',(-5.4546385630961,8.17894185369189,10.));
#10626=CARTESIAN_POINT('',(-5.4546385630961,6.86720917408641,10.));
#10627=CARTESIAN_POINT('',(-5.4546385630961,8.17894185369189,9.));
#10628=CARTESIAN_POINT('Origin',(-4.84890865161973,8.17894185369189,9.));
#10629=CARTESIAN_POINT('',(-5.4546385630961,8.17894185369189,9.));
#10630=CARTESIAN_POINT('',(-5.4546385630961,8.17894185369189,10.));
#10631=CARTESIAN_POINT('Origin',(-6.04809015057939,6.67894179408725,10.));
#10632=CARTESIAN_POINT('Origin',(-6.04809015057939,6.67894179408725,9.));
#10633=CARTESIAN_POINT('',(0.,0.,0.));
#10634=UNCERTAINTY_MEASURE_WITH_UNIT(LENGTH_MEASURE(0.01),#10640,
'DISTANCE_ACCURACY_VALUE',
'Maximum model space distance between geometric entities at asserted c
onnectivities');
#10635=UNCERTAINTY_MEASURE_WITH_UNIT(LENGTH_MEASURE(0.01),#10640,
'DISTANCE_ACCURACY_VALUE',
'Maximum model space distance between geometric entities at asserted c
onnectivities');
#10636=UNCERTAINTY_MEASURE_WITH_UNIT(LENGTH_MEASURE(0.01),#10640,
'DISTANCE_ACCURACY_VALUE',
'Maximum model space distance between geometric entities at asserted c
onnectivities');
#10637=(
GEOMETRIC_REPRESENTATION_CONTEXT(3)
GLOBAL_UNCERTAINTY_ASSIGNED_CONTEXT((#10634))
GLOBAL_UNIT_ASSIGNED_CONTEXT((#10640,#10642,#10643))
REPRESENTATION_CONTEXT('','3D')
);
#10638=(
GEOMETRIC_REPRESENTATION_CONTEXT(3)
GLOBAL_UNCERTAINTY_ASSIGNED_CONTEXT((#10635))
GLOBAL_UNIT_ASSIGNED_CONTEXT((#10640,#10642,#10643))
REPRESENTATION_CONTEXT('','3D')
);
#10639=(
GEOMETRIC_REPRESENTATION_CONTEXT(3)
GLOBAL_UNCERTAINTY_ASSIGNED_CONTEXT((#10636))
GLOBAL_UNIT_ASSIGNED_CONTEXT((#10640,#10642,#10643))
REPRESENTATION_CONTEXT('','3D')
);
#10640=(
LENGTH_UNIT()
NAMED_UNIT(*)
SI_UNIT(.MILLI.,.METRE.)
);
#10641=(
LENGTH_UNIT()
NAMED_UNIT(*)
SI_UNIT($,.METRE.)
);
#10642=(
NAMED_UNIT(*)
PLANE_ANGLE_UNIT()
SI_UNIT($,.RADIAN.)
);
#10643=(
NAMED_UNIT(*)
SI_UNIT($,.STERADIAN.)
SOLID_ANGLE_UNIT()
);
#10644=SHAPE_DEFINITION_REPRESENTATION(#10646,#10649);
#10645=SHAPE_DEFINITION_REPRESENTATION(#10647,#10650);
#10646=PRODUCT_DEFINITION_SHAPE('',$,#10652);
#10647=PRODUCT_DEFINITION_SHAPE('',$,#10653);
#10648=PRODUCT_DEFINITION_SHAPE($,$,#14);
#10649=SHAPE_REPRESENTATION('',(#6030,#6366),#10637);
#10650=SHAPE_REPRESENTATION('',(#6031),#10638);
#10651=PRODUCT_DEFINITION_CONTEXT('part definition',#10659,'design');
#10652=PRODUCT_DEFINITION('Skirt USB - No Markings','(Unsaved)',#10654,
#10651);
#10653=PRODUCT_DEFINITION('lock v1','lock v1',#10655,#10651);
#10654=PRODUCT_DEFINITION_FORMATION('',$,#10661);
#10655=PRODUCT_DEFINITION_FORMATION('',$,#10662);
#10656=PRODUCT_RELATED_PRODUCT_CATEGORY('(Unsaved)','(Unsaved)',(#10661));
#10657=PRODUCT_RELATED_PRODUCT_CATEGORY('lock v1','lock v1',(#10662));
#10658=APPLICATION_PROTOCOL_DEFINITION('international standard',
'automotive_design',2009,#10659);
#10659=APPLICATION_CONTEXT(
'Core Data for Automotive Mechanical Design Process');
#10660=PRODUCT_CONTEXT('part definition',#10659,'mechanical');
#10661=PRODUCT('Skirt USB - No Markings','(Unsaved)',$,(#10660));
#10662=PRODUCT('lock v1','lock v1',$,(#10660));
#10663=PRESENTATION_STYLE_ASSIGNMENT((#10665));
#10664=PRESENTATION_STYLE_ASSIGNMENT((#10666));
#10665=SURFACE_STYLE_USAGE(.BOTH.,#10667);
#10666=SURFACE_STYLE_USAGE(.BOTH.,#10668);
#10667=SURFACE_SIDE_STYLE('',(#10669));
#10668=SURFACE_SIDE_STYLE('',(#10670));
#10669=SURFACE_STYLE_FILL_AREA(#10671);
#10670=SURFACE_STYLE_FILL_AREA(#10672);
#10671=FILL_AREA_STYLE('Steel - Satin',(#10673));
#10672=FILL_AREA_STYLE('Opaque(246,246,243)',(#10674));
#10673=FILL_AREA_STYLE_COLOUR('Steel - Satin',#10675);
#10674=FILL_AREA_STYLE_COLOUR('Opaque(246,246,243)',#10676);
#10675=COLOUR_RGB('Steel - Satin',0.627450980392157,0.627450980392157,0.627450980392157);
#10676=COLOUR_RGB('Opaque(246,246,243)',0.964705882352941,0.964705882352941,
0.952941176470588);
ENDSEC;
END-ISO-10303-21;
