ISO-10303-21;
HEADER;
/* Generated by software containing ST-Developer
 * from STEP Tools, Inc. (www.steptools.com) 
 */

FILE_DESCRIPTION(
/* description */ (''),
/* implementation_level */ '2;1');

FILE_NAME(
/* name */ '',
/* time_stamp */ '2026-06-09T00:05:45+03:00',
/* author */ (''),
/* organization */ (''),
/* preprocessor_version */ 'ST-DEVELOPER v20.1',
/* originating_system */ 'Autodesk Translation Framework v15.8.0.0',
/* authorisation */ '');

FILE_SCHEMA (('AUTOMOTIVE_DESIGN { 1 0 10303 214 3 1 1 }'));
ENDSEC;

DATA;
#10=MECHANICAL_DESIGN_GEOMETRIC_PRESENTATION_REPRESENTATION('',(#41,#42),
#3934);
#11=ITEM_DEFINED_TRANSFORMATION($,$,#2342,#2547);
#12=(
REPRESENTATION_RELATIONSHIP($,$,#3945,#3944)
REPRESENTATION_RELATIONSHIP_WITH_TRANSFORMATION(#11)
SHAPE_REPRESENTATION_RELATIONSHIP()
);
#13=CONTEXT_DEPENDENT_SHAPE_REPRESENTATION(#12,#3943);
#14=NEXT_ASSEMBLY_USAGE_OCCURRENCE('lock v1:1','lock v1:1','lock v1:1',
#3947,#3948,'lock v1:1');
#15=CONICAL_SURFACE('',#2464,2.4,0.785398163397449);
#16=CONICAL_SURFACE('',#2467,2.4,0.785398163397452);
#17=CONICAL_SURFACE('',#2469,2.4,0.785398163397449);
#18=CONICAL_SURFACE('',#2517,2.4,0.785398163397452);
#19=CONICAL_SURFACE('',#2520,2.4,0.785398163397449);
#20=CONICAL_SURFACE('',#2523,2.4,0.785398163397449);
#21=(
BOUNDED_CURVE()
B_SPLINE_CURVE(2,(#3649,#3650,#3651),.UNSPECIFIED.,.F.,.F.)
B_SPLINE_CURVE_WITH_KNOTS((3,3),(0.237003126294134,0.419523539268008),
 .UNSPECIFIED.)
CURVE()
GEOMETRIC_REPRESENTATION_ITEM()
RATIONAL_B_SPLINE_CURVE((1.49543853766589,1.61111111111085,1.61111111111086))
REPRESENTATION_ITEM('')
);
#22=(
BOUNDED_CURVE()
B_SPLINE_CURVE(2,(#3653,#3654,#3655),.UNSPECIFIED.,.F.,.F.)
B_SPLINE_CURVE_WITH_KNOTS((3,3),(0.41952353926805,0.602043952241902),
 .UNSPECIFIED.)
CURVE()
GEOMETRIC_REPRESENTATION_ITEM()
RATIONAL_B_SPLINE_CURVE((1.61111111111084,1.61111111111083,1.4954385376659))
REPRESENTATION_ITEM('')
);
#23=(
BOUNDED_CURVE()
B_SPLINE_CURVE(2,(#3846,#3847,#3848),.UNSPECIFIED.,.F.,.F.)
B_SPLINE_CURVE_WITH_KNOTS((3,3),(0.419523539268084,0.602043952241977),
 .UNSPECIFIED.)
CURVE()
GEOMETRIC_REPRESENTATION_ITEM()
RATIONAL_B_SPLINE_CURVE((1.61111111111146,1.61111111111148,1.49543853766646))
REPRESENTATION_ITEM('')
);
#24=(
BOUNDED_CURVE()
B_SPLINE_CURVE(2,(#3851,#3852,#3853),.UNSPECIFIED.,.F.,.F.)
B_SPLINE_CURVE_WITH_KNOTS((3,3),(0.237003126294231,0.419523539268098),
 .UNSPECIFIED.)
CURVE()
GEOMETRIC_REPRESENTATION_ITEM()
RATIONAL_B_SPLINE_CURVE((1.49543853766641,1.61111111111141,1.61111111111142))
REPRESENTATION_ITEM('')
);
#25=B_SPLINE_CURVE_WITH_KNOTS('',3,(#3584,#3585,#3586,#3587,#3588,#3589,
#3590,#3591,#3592,#3593,#3594),.UNSPECIFIED.,.F.,.F.,(4,2,3,2,4),(-0.0843049001956899,
-0.0630477969968126,0.,0.0662064405119012,0.0870870767748475),
 .UNSPECIFIED.);
#26=B_SPLINE_CURVE_WITH_KNOTS('',3,(#3600,#3601,#3602,#3603,#3604,#3605,
#3606,#3607,#3608,#3609,#3610),.UNSPECIFIED.,.F.,.F.,(4,2,3,2,4),(-0.0870870767748605,
-0.0662064405119116,0.,0.0630477969968155,0.0843049001956939),
 .UNSPECIFIED.);
#27=B_SPLINE_CURVE_WITH_KNOTS('',3,(#3824,#3825,#3826,#3827,#3828,#3829,
#3830,#3831,#3832,#3833,#3834),.UNSPECIFIED.,.F.,.F.,(4,2,3,2,4),(-0.0844510086569605,
-0.066102426762828,0.,0.0662064405119316,0.0870870767748746),
 .UNSPECIFIED.);
#28=B_SPLINE_CURVE_WITH_KNOTS('',3,(#3864,#3865,#3866,#3867,#3868,#3869,
#3870,#3871,#3872,#3873,#3874),.UNSPECIFIED.,.F.,.F.,(4,2,3,2,4),(-0.0870870767748365,
-0.066206440511895,0.,0.0630477969967846,0.0843049001956588),
 .UNSPECIFIED.);
#29=ELLIPSE('',#2444,4.2426406871192,2.99999999999994);
#30=ELLIPSE('',#2446,4.24264068711922,2.99999999999994);
#31=ELLIPSE('',#2448,4.24264068711915,2.9999999999999);
#32=ELLIPSE('',#2449,4.24264068711916,2.9999999999999);
#33=ELLIPSE('',#2489,4.24264068711922,2.99999999999994);
#34=ELLIPSE('',#2501,4.24264068711919,2.99999999999992);
#35=ELLIPSE('',#2519,4.24264068711919,2.99999999999994);
#36=ELLIPSE('',#2522,4.24264068711918,2.99999999999992);
#37=SHAPE_REPRESENTATION_RELATIONSHIP('SRR','None',#3945,#39);
#38=SHAPE_REPRESENTATION_RELATIONSHIP('SRR','None',#3944,#40);
#39=ADVANCED_BREP_SHAPE_REPRESENTATION('',(#43),#3933);
#40=ADVANCED_BREP_SHAPE_REPRESENTATION('',(#44),#3932);
#41=STYLED_ITEM('',(#3959),#43);
#42=STYLED_ITEM('',(#3959),#44);
#43=MANIFOLD_SOLID_BREP('Body1',#2327);
#44=MANIFOLD_SOLID_BREP('Body1',#2328);
#45=FACE_BOUND('',#266,.T.);
#46=FACE_BOUND('',#281,.T.);
#47=FACE_BOUND('',#357,.T.);
#48=FACE_BOUND('',#360,.T.);
#49=PLANE('',#2346);
#50=PLANE('',#2347);
#51=PLANE('',#2361);
#52=PLANE('',#2362);
#53=PLANE('',#2365);
#54=PLANE('',#2368);
#55=PLANE('',#2369);
#56=PLANE('',#2372);
#57=PLANE('',#2375);
#58=PLANE('',#2376);
#59=PLANE('',#2377);
#60=PLANE('',#2385);
#61=PLANE('',#2387);
#62=PLANE('',#2388);
#63=PLANE('',#2394);
#64=PLANE('',#2395);
#65=PLANE('',#2399);
#66=PLANE('',#2400);
#67=PLANE('',#2404);
#68=PLANE('',#2405);
#69=PLANE('',#2409);
#70=PLANE('',#2410);
#71=PLANE('',#2413);
#72=PLANE('',#2414);
#73=PLANE('',#2415);
#74=PLANE('',#2416);
#75=PLANE('',#2417);
#76=PLANE('',#2418);
#77=PLANE('',#2419);
#78=PLANE('',#2420);
#79=PLANE('',#2421);
#80=PLANE('',#2422);
#81=PLANE('',#2423);
#82=PLANE('',#2424);
#83=PLANE('',#2425);
#84=PLANE('',#2426);
#85=PLANE('',#2427);
#86=PLANE('',#2431);
#87=PLANE('',#2432);
#88=PLANE('',#2434);
#89=PLANE('',#2437);
#90=PLANE('',#2438);
#91=PLANE('',#2441);
#92=PLANE('',#2442);
#93=PLANE('',#2451);
#94=PLANE('',#2453);
#95=PLANE('',#2459);
#96=PLANE('',#2460);
#97=PLANE('',#2461);
#98=PLANE('',#2462);
#99=PLANE('',#2463);
#100=PLANE('',#2466);
#101=PLANE('',#2471);
#102=PLANE('',#2474);
#103=PLANE('',#2475);
#104=PLANE('',#2477);
#105=PLANE('',#2480);
#106=PLANE('',#2483);
#107=PLANE('',#2487);
#108=PLANE('',#2488);
#109=PLANE('',#2490);
#110=PLANE('',#2491);
#111=PLANE('',#2495);
#112=PLANE('',#2496);
#113=PLANE('',#2500);
#114=PLANE('',#2502);
#115=PLANE('',#2505);
#116=PLANE('',#2509);
#117=PLANE('',#2512);
#118=PLANE('',#2515);
#119=PLANE('',#2516);
#120=PLANE('',#2518);
#121=PLANE('',#2521);
#122=PLANE('',#2524);
#123=PLANE('',#2525);
#124=PLANE('',#2526);
#125=PLANE('',#2527);
#126=PLANE('',#2530);
#127=PLANE('',#2533);
#128=PLANE('',#2534);
#129=PLANE('',#2537);
#130=PLANE('',#2539);
#131=PLANE('',#2541);
#132=PLANE('',#2542);
#133=PLANE('',#2545);
#134=PLANE('',#2546);
#135=FACE_OUTER_BOUND('',#263,.T.);
#136=FACE_OUTER_BOUND('',#264,.T.);
#137=FACE_OUTER_BOUND('',#265,.T.);
#138=FACE_OUTER_BOUND('',#267,.T.);
#139=FACE_OUTER_BOUND('',#268,.T.);
#140=FACE_OUTER_BOUND('',#269,.T.);
#141=FACE_OUTER_BOUND('',#270,.T.);
#142=FACE_OUTER_BOUND('',#271,.T.);
#143=FACE_OUTER_BOUND('',#272,.T.);
#144=FACE_OUTER_BOUND('',#273,.T.);
#145=FACE_OUTER_BOUND('',#274,.T.);
#146=FACE_OUTER_BOUND('',#275,.T.);
#147=FACE_OUTER_BOUND('',#276,.T.);
#148=FACE_OUTER_BOUND('',#277,.T.);
#149=FACE_OUTER_BOUND('',#278,.T.);
#150=FACE_OUTER_BOUND('',#279,.T.);
#151=FACE_OUTER_BOUND('',#280,.T.);
#152=FACE_OUTER_BOUND('',#282,.T.);
#153=FACE_OUTER_BOUND('',#283,.T.);
#154=FACE_OUTER_BOUND('',#284,.T.);
#155=FACE_OUTER_BOUND('',#285,.T.);
#156=FACE_OUTER_BOUND('',#286,.T.);
#157=FACE_OUTER_BOUND('',#287,.T.);
#158=FACE_OUTER_BOUND('',#288,.T.);
#159=FACE_OUTER_BOUND('',#289,.T.);
#160=FACE_OUTER_BOUND('',#290,.T.);
#161=FACE_OUTER_BOUND('',#291,.T.);
#162=FACE_OUTER_BOUND('',#292,.T.);
#163=FACE_OUTER_BOUND('',#293,.T.);
#164=FACE_OUTER_BOUND('',#294,.T.);
#165=FACE_OUTER_BOUND('',#295,.T.);
#166=FACE_OUTER_BOUND('',#296,.T.);
#167=FACE_OUTER_BOUND('',#297,.T.);
#168=FACE_OUTER_BOUND('',#298,.T.);
#169=FACE_OUTER_BOUND('',#299,.T.);
#170=FACE_OUTER_BOUND('',#300,.T.);
#171=FACE_OUTER_BOUND('',#301,.T.);
#172=FACE_OUTER_BOUND('',#302,.T.);
#173=FACE_OUTER_BOUND('',#303,.T.);
#174=FACE_OUTER_BOUND('',#304,.T.);
#175=FACE_OUTER_BOUND('',#305,.T.);
#176=FACE_OUTER_BOUND('',#306,.T.);
#177=FACE_OUTER_BOUND('',#307,.T.);
#178=FACE_OUTER_BOUND('',#308,.T.);
#179=FACE_OUTER_BOUND('',#309,.T.);
#180=FACE_OUTER_BOUND('',#310,.T.);
#181=FACE_OUTER_BOUND('',#311,.T.);
#182=FACE_OUTER_BOUND('',#312,.T.);
#183=FACE_OUTER_BOUND('',#313,.T.);
#184=FACE_OUTER_BOUND('',#314,.T.);
#185=FACE_OUTER_BOUND('',#315,.T.);
#186=FACE_OUTER_BOUND('',#316,.T.);
#187=FACE_OUTER_BOUND('',#317,.T.);
#188=FACE_OUTER_BOUND('',#318,.T.);
#189=FACE_OUTER_BOUND('',#319,.T.);
#190=FACE_OUTER_BOUND('',#320,.T.);
#191=FACE_OUTER_BOUND('',#321,.T.);
#192=FACE_OUTER_BOUND('',#322,.T.);
#193=FACE_OUTER_BOUND('',#323,.T.);
#194=FACE_OUTER_BOUND('',#324,.T.);
#195=FACE_OUTER_BOUND('',#325,.T.);
#196=FACE_OUTER_BOUND('',#326,.T.);
#197=FACE_OUTER_BOUND('',#327,.T.);
#198=FACE_OUTER_BOUND('',#328,.T.);
#199=FACE_OUTER_BOUND('',#329,.T.);
#200=FACE_OUTER_BOUND('',#330,.T.);
#201=FACE_OUTER_BOUND('',#331,.T.);
#202=FACE_OUTER_BOUND('',#332,.T.);
#203=FACE_OUTER_BOUND('',#333,.T.);
#204=FACE_OUTER_BOUND('',#334,.T.);
#205=FACE_OUTER_BOUND('',#335,.T.);
#206=FACE_OUTER_BOUND('',#336,.T.);
#207=FACE_OUTER_BOUND('',#337,.T.);
#208=FACE_OUTER_BOUND('',#338,.T.);
#209=FACE_OUTER_BOUND('',#339,.T.);
#210=FACE_OUTER_BOUND('',#340,.T.);
#211=FACE_OUTER_BOUND('',#341,.T.);
#212=FACE_OUTER_BOUND('',#342,.T.);
#213=FACE_OUTER_BOUND('',#343,.T.);
#214=FACE_OUTER_BOUND('',#344,.T.);
#215=FACE_OUTER_BOUND('',#345,.T.);
#216=FACE_OUTER_BOUND('',#346,.T.);
#217=FACE_OUTER_BOUND('',#347,.T.);
#218=FACE_OUTER_BOUND('',#348,.T.);
#219=FACE_OUTER_BOUND('',#349,.T.);
#220=FACE_OUTER_BOUND('',#350,.T.);
#221=FACE_OUTER_BOUND('',#351,.T.);
#222=FACE_OUTER_BOUND('',#352,.T.);
#223=FACE_OUTER_BOUND('',#353,.T.);
#224=FACE_OUTER_BOUND('',#354,.T.);
#225=FACE_OUTER_BOUND('',#355,.T.);
#226=FACE_OUTER_BOUND('',#356,.T.);
#227=FACE_OUTER_BOUND('',#358,.T.);
#228=FACE_OUTER_BOUND('',#359,.T.);
#229=FACE_OUTER_BOUND('',#361,.T.);
#230=FACE_OUTER_BOUND('',#362,.T.);
#231=FACE_OUTER_BOUND('',#363,.T.);
#232=FACE_OUTER_BOUND('',#364,.T.);
#233=FACE_OUTER_BOUND('',#365,.T.);
#234=FACE_OUTER_BOUND('',#366,.T.);
#235=FACE_OUTER_BOUND('',#367,.T.);
#236=FACE_OUTER_BOUND('',#368,.T.);
#237=FACE_OUTER_BOUND('',#369,.T.);
#238=FACE_OUTER_BOUND('',#370,.T.);
#239=FACE_OUTER_BOUND('',#371,.T.);
#240=FACE_OUTER_BOUND('',#372,.T.);
#241=FACE_OUTER_BOUND('',#373,.T.);
#242=FACE_OUTER_BOUND('',#374,.T.);
#243=FACE_OUTER_BOUND('',#375,.T.);
#244=FACE_OUTER_BOUND('',#376,.T.);
#245=FACE_OUTER_BOUND('',#377,.T.);
#246=FACE_OUTER_BOUND('',#378,.T.);
#247=FACE_OUTER_BOUND('',#379,.T.);
#248=FACE_OUTER_BOUND('',#380,.T.);
#249=FACE_OUTER_BOUND('',#381,.T.);
#250=FACE_OUTER_BOUND('',#382,.T.);
#251=FACE_OUTER_BOUND('',#383,.T.);
#252=FACE_OUTER_BOUND('',#384,.T.);
#253=FACE_OUTER_BOUND('',#385,.T.);
#254=FACE_OUTER_BOUND('',#386,.T.);
#255=FACE_OUTER_BOUND('',#387,.T.);
#256=FACE_OUTER_BOUND('',#388,.T.);
#257=FACE_OUTER_BOUND('',#389,.T.);
#258=FACE_OUTER_BOUND('',#390,.T.);
#259=FACE_OUTER_BOUND('',#391,.T.);
#260=FACE_OUTER_BOUND('',#392,.T.);
#261=FACE_OUTER_BOUND('',#393,.T.);
#262=FACE_OUTER_BOUND('',#394,.T.);
#263=EDGE_LOOP('',(#1499,#1500,#1501,#1502));
#264=EDGE_LOOP('',(#1503,#1504,#1505,#1506));
#265=EDGE_LOOP('',(#1507,#1508,#1509,#1510,#1511,#1512,#1513,#1514,#1515,
#1516,#1517,#1518));
#266=EDGE_LOOP('',(#1519,#1520,#1521,#1522,#1523,#1524,#1525,#1526,#1527,
#1528,#1529,#1530));
#267=EDGE_LOOP('',(#1531,#1532,#1533,#1534));
#268=EDGE_LOOP('',(#1535,#1536,#1537,#1538));
#269=EDGE_LOOP('',(#1539,#1540,#1541,#1542));
#270=EDGE_LOOP('',(#1543,#1544,#1545,#1546));
#271=EDGE_LOOP('',(#1547,#1548,#1549,#1550));
#272=EDGE_LOOP('',(#1551,#1552,#1553,#1554));
#273=EDGE_LOOP('',(#1555,#1556,#1557,#1558));
#274=EDGE_LOOP('',(#1559,#1560,#1561,#1562));
#275=EDGE_LOOP('',(#1563,#1564,#1565,#1566));
#276=EDGE_LOOP('',(#1567,#1568,#1569,#1570));
#277=EDGE_LOOP('',(#1571,#1572,#1573,#1574));
#278=EDGE_LOOP('',(#1575,#1576,#1577,#1578,#1579,#1580,#1581,#1582));
#279=EDGE_LOOP('',(#1583,#1584,#1585,#1586,#1587,#1588,#1589,#1590));
#280=EDGE_LOOP('',(#1591,#1592,#1593,#1594,#1595,#1596,#1597,#1598,#1599,
#1600,#1601,#1602));
#281=EDGE_LOOP('',(#1603,#1604,#1605,#1606,#1607,#1608,#1609,#1610,#1611,
#1612,#1613,#1614,#1615,#1616,#1617,#1618,#1619,#1620,#1621,#1622,#1623,
#1624,#1625,#1626,#1627,#1628,#1629,#1630));
#282=EDGE_LOOP('',(#1631,#1632,#1633,#1634));
#283=EDGE_LOOP('',(#1635,#1636,#1637,#1638));
#284=EDGE_LOOP('',(#1639,#1640,#1641,#1642));
#285=EDGE_LOOP('',(#1643,#1644,#1645,#1646,#1647,#1648,#1649,#1650));
#286=EDGE_LOOP('',(#1651,#1652,#1653,#1654,#1655,#1656,#1657,#1658));
#287=EDGE_LOOP('',(#1659,#1660,#1661,#1662));
#288=EDGE_LOOP('',(#1663,#1664,#1665,#1666));
#289=EDGE_LOOP('',(#1667,#1668,#1669,#1670));
#290=EDGE_LOOP('',(#1671,#1672,#1673));
#291=EDGE_LOOP('',(#1674,#1675,#1676));
#292=EDGE_LOOP('',(#1677,#1678,#1679,#1680));
#293=EDGE_LOOP('',(#1681,#1682,#1683));
#294=EDGE_LOOP('',(#1684,#1685,#1686));
#295=EDGE_LOOP('',(#1687,#1688,#1689,#1690));
#296=EDGE_LOOP('',(#1691,#1692,#1693));
#297=EDGE_LOOP('',(#1694,#1695,#1696));
#298=EDGE_LOOP('',(#1697,#1698,#1699,#1700));
#299=EDGE_LOOP('',(#1701,#1702,#1703));
#300=EDGE_LOOP('',(#1704,#1705,#1706));
#301=EDGE_LOOP('',(#1707,#1708,#1709,#1710));
#302=EDGE_LOOP('',(#1711,#1712,#1713,#1714));
#303=EDGE_LOOP('',(#1715,#1716,#1717,#1718));
#304=EDGE_LOOP('',(#1719,#1720,#1721,#1722));
#305=EDGE_LOOP('',(#1723,#1724,#1725,#1726));
#306=EDGE_LOOP('',(#1727,#1728,#1729,#1730));
#307=EDGE_LOOP('',(#1731,#1732,#1733,#1734,#1735,#1736,#1737,#1738));
#308=EDGE_LOOP('',(#1739,#1740,#1741,#1742));
#309=EDGE_LOOP('',(#1743,#1744,#1745,#1746));
#310=EDGE_LOOP('',(#1747,#1748,#1749,#1750));
#311=EDGE_LOOP('',(#1751,#1752,#1753,#1754));
#312=EDGE_LOOP('',(#1755,#1756,#1757,#1758));
#313=EDGE_LOOP('',(#1759,#1760,#1761,#1762,#1763,#1764));
#314=EDGE_LOOP('',(#1765,#1766,#1767,#1768));
#315=EDGE_LOOP('',(#1769,#1770,#1771,#1772,#1773,#1774));
#316=EDGE_LOOP('',(#1775,#1776,#1777,#1778,#1779,#1780,#1781,#1782));
#317=EDGE_LOOP('',(#1783,#1784,#1785,#1786));
#318=EDGE_LOOP('',(#1787,#1788,#1789,#1790));
#319=EDGE_LOOP('',(#1791,#1792,#1793,#1794,#1795,#1796,#1797));
#320=EDGE_LOOP('',(#1798,#1799,#1800,#1801,#1802,#1803));
#321=EDGE_LOOP('',(#1804,#1805,#1806,#1807,#1808,#1809));
#322=EDGE_LOOP('',(#1810,#1811,#1812,#1813));
#323=EDGE_LOOP('',(#1814,#1815,#1816,#1817));
#324=EDGE_LOOP('',(#1818,#1819,#1820,#1821));
#325=EDGE_LOOP('',(#1822,#1823,#1824,#1825));
#326=EDGE_LOOP('',(#1826,#1827,#1828,#1829));
#327=EDGE_LOOP('',(#1830,#1831,#1832,#1833,#1834,#1835,#1836,#1837));
#328=EDGE_LOOP('',(#1838,#1839,#1840,#1841,#1842,#1843,#1844,#1845));
#329=EDGE_LOOP('',(#1846,#1847,#1848));
#330=EDGE_LOOP('',(#1849,#1850,#1851,#1852,#1853,#1854,#1855));
#331=EDGE_LOOP('',(#1856,#1857,#1858,#1859));
#332=EDGE_LOOP('',(#1860,#1861,#1862,#1863));
#333=EDGE_LOOP('',(#1864,#1865,#1866,#1867,#1868));
#334=EDGE_LOOP('',(#1869,#1870,#1871));
#335=EDGE_LOOP('',(#1872,#1873,#1874));
#336=EDGE_LOOP('',(#1875,#1876,#1877));
#337=EDGE_LOOP('',(#1878,#1879,#1880,#1881,#1882,#1883,#1884,#1885));
#338=EDGE_LOOP('',(#1886,#1887,#1888,#1889,#1890));
#339=EDGE_LOOP('',(#1891,#1892,#1893,#1894,#1895,#1896,#1897,#1898));
#340=EDGE_LOOP('',(#1899,#1900,#1901,#1902));
#341=EDGE_LOOP('',(#1903,#1904,#1905,#1906));
#342=EDGE_LOOP('',(#1907,#1908,#1909,#1910));
#343=EDGE_LOOP('',(#1911,#1912,#1913,#1914));
#344=EDGE_LOOP('',(#1915,#1916,#1917,#1918));
#345=EDGE_LOOP('',(#1919,#1920,#1921,#1922));
#346=EDGE_LOOP('',(#1923,#1924,#1925,#1926));
#347=EDGE_LOOP('',(#1927,#1928,#1929,#1930));
#348=EDGE_LOOP('',(#1931,#1932,#1933,#1934));
#349=EDGE_LOOP('',(#1935,#1936,#1937,#1938));
#350=EDGE_LOOP('',(#1939,#1940,#1941,#1942));
#351=EDGE_LOOP('',(#1943,#1944,#1945,#1946));
#352=EDGE_LOOP('',(#1947,#1948,#1949,#1950));
#353=EDGE_LOOP('',(#1951,#1952,#1953,#1954));
#354=EDGE_LOOP('',(#1955,#1956,#1957,#1958,#1959,#1960));
#355=EDGE_LOOP('',(#1961,#1962,#1963,#1964));
#356=EDGE_LOOP('',(#1965,#1966,#1967,#1968,#1969,#1970,#1971,#1972,#1973,
#1974,#1975,#1976));
#357=EDGE_LOOP('',(#1977,#1978,#1979,#1980));
#358=EDGE_LOOP('',(#1981,#1982,#1983,#1984));
#359=EDGE_LOOP('',(#1985,#1986,#1987,#1988,#1989,#1990,#1991,#1992,#1993,
#1994,#1995,#1996));
#360=EDGE_LOOP('',(#1997,#1998,#1999,#2000));
#361=EDGE_LOOP('',(#2001,#2002,#2003,#2004,#2005,#2006));
#362=EDGE_LOOP('',(#2007,#2008,#2009,#2010));
#363=EDGE_LOOP('',(#2011,#2012,#2013,#2014));
#364=EDGE_LOOP('',(#2015,#2016,#2017,#2018));
#365=EDGE_LOOP('',(#2019,#2020,#2021,#2022));
#366=EDGE_LOOP('',(#2023,#2024,#2025,#2026));
#367=EDGE_LOOP('',(#2027,#2028,#2029,#2030));
#368=EDGE_LOOP('',(#2031,#2032,#2033,#2034));
#369=EDGE_LOOP('',(#2035,#2036,#2037,#2038));
#370=EDGE_LOOP('',(#2039,#2040,#2041,#2042));
#371=EDGE_LOOP('',(#2043,#2044,#2045,#2046));
#372=EDGE_LOOP('',(#2047,#2048,#2049,#2050));
#373=EDGE_LOOP('',(#2051,#2052,#2053,#2054,#2055,#2056,#2057,#2058));
#374=EDGE_LOOP('',(#2059,#2060,#2061,#2062,#2063));
#375=EDGE_LOOP('',(#2064,#2065,#2066,#2067,#2068,#2069,#2070,#2071));
#376=EDGE_LOOP('',(#2072,#2073,#2074,#2075));
#377=EDGE_LOOP('',(#2076,#2077,#2078,#2079,#2080,#2081,#2082));
#378=EDGE_LOOP('',(#2083,#2084,#2085));
#379=EDGE_LOOP('',(#2086,#2087,#2088));
#380=EDGE_LOOP('',(#2089,#2090,#2091,#2092,#2093));
#381=EDGE_LOOP('',(#2094,#2095,#2096,#2097));
#382=EDGE_LOOP('',(#2098,#2099,#2100));
#383=EDGE_LOOP('',(#2101,#2102,#2103,#2104,#2105,#2106,#2107,#2108));
#384=EDGE_LOOP('',(#2109,#2110,#2111,#2112,#2113,#2114,#2115));
#385=EDGE_LOOP('',(#2116,#2117,#2118));
#386=EDGE_LOOP('',(#2119,#2120,#2121,#2122,#2123,#2124,#2125,#2126));
#387=EDGE_LOOP('',(#2127,#2128,#2129,#2130,#2131,#2132));
#388=EDGE_LOOP('',(#2133,#2134,#2135,#2136));
#389=EDGE_LOOP('',(#2137,#2138,#2139,#2140));
#390=EDGE_LOOP('',(#2141,#2142,#2143,#2144));
#391=EDGE_LOOP('',(#2145,#2146,#2147,#2148));
#392=EDGE_LOOP('',(#2149,#2150,#2151,#2152));
#393=EDGE_LOOP('',(#2153,#2154,#2155,#2156,#2157,#2158));
#394=EDGE_LOOP('',(#2159,#2160,#2161,#2162));
#395=LINE('',#3217,#643);
#396=LINE('',#3220,#644);
#397=LINE('',#3223,#645);
#398=LINE('',#3225,#646);
#399=LINE('',#3226,#647);
#400=LINE('',#3229,#648);
#401=LINE('',#3233,#649);
#402=LINE('',#3237,#650);
#403=LINE('',#3241,#651);
#404=LINE('',#3245,#652);
#405=LINE('',#3249,#653);
#406=LINE('',#3253,#654);
#407=LINE('',#3257,#655);
#408=LINE('',#3261,#656);
#409=LINE('',#3265,#657);
#410=LINE('',#3269,#658);
#411=LINE('',#3275,#659);
#412=LINE('',#3276,#660);
#413=LINE('',#3279,#661);
#414=LINE('',#3280,#662);
#415=LINE('',#3282,#663);
#416=LINE('',#3287,#664);
#417=LINE('',#3288,#665);
#418=LINE('',#3291,#666);
#419=LINE('',#3292,#667);
#420=LINE('',#3297,#668);
#421=LINE('',#3298,#669);
#422=LINE('',#3301,#670);
#423=LINE('',#3302,#671);
#424=LINE('',#3304,#672);
#425=LINE('',#3309,#673);
#426=LINE('',#3310,#674);
#427=LINE('',#3313,#675);
#428=LINE('',#3314,#676);
#429=LINE('',#3318,#677);
#430=LINE('',#3321,#678);
#431=LINE('',#3323,#679);
#432=LINE('',#3325,#680);
#433=LINE('',#3327,#681);
#434=LINE('',#3329,#682);
#435=LINE('',#3330,#683);
#436=LINE('',#3333,#684);
#437=LINE('',#3335,#685);
#438=LINE('',#3337,#686);
#439=LINE('',#3339,#687);
#440=LINE('',#3341,#688);
#441=LINE('',#3342,#689);
#442=LINE('',#3347,#690);
#443=LINE('',#3349,#691);
#444=LINE('',#3350,#692);
#445=LINE('',#3354,#693);
#446=LINE('',#3356,#694);
#447=LINE('',#3358,#695);
#448=LINE('',#3360,#696);
#449=LINE('',#3362,#697);
#450=LINE('',#3366,#698);
#451=LINE('',#3370,#699);
#452=LINE('',#3372,#700);
#453=LINE('',#3374,#701);
#454=LINE('',#3376,#702);
#455=LINE('',#3378,#703);
#456=LINE('',#3381,#704);
#457=LINE('',#3383,#705);
#458=LINE('',#3384,#706);
#459=LINE('',#3386,#707);
#460=LINE('',#3387,#708);
#461=LINE('',#3389,#709);
#462=LINE('',#3391,#710);
#463=LINE('',#3394,#711);
#464=LINE('',#3396,#712);
#465=LINE('',#3397,#713);
#466=LINE('',#3398,#714);
#467=LINE('',#3400,#715);
#468=LINE('',#3402,#716);
#469=LINE('',#3404,#717);
#470=LINE('',#3405,#718);
#471=LINE('',#3433,#719);
#472=LINE('',#3435,#720);
#473=LINE('',#3437,#721);
#474=LINE('',#3438,#722);
#475=LINE('',#3441,#723);
#476=LINE('',#3443,#724);
#477=LINE('',#3444,#725);
#478=LINE('',#3447,#726);
#479=LINE('',#3449,#727);
#480=LINE('',#3450,#728);
#481=LINE('',#3452,#729);
#482=LINE('',#3453,#730);
#483=LINE('',#3456,#731);
#484=LINE('',#3458,#732);
#485=LINE('',#3460,#733);
#486=LINE('',#3462,#734);
#487=LINE('',#3464,#735);
#488=LINE('',#3466,#736);
#489=LINE('',#3467,#737);
#490=LINE('',#3470,#738);
#491=LINE('',#3471,#739);
#492=LINE('',#3474,#740);
#493=LINE('',#3476,#741);
#494=LINE('',#3477,#742);
#495=LINE('',#3480,#743);
#496=LINE('',#3481,#744);
#497=LINE('',#3484,#745);
#498=LINE('',#3486,#746);
#499=LINE('',#3487,#747);
#500=LINE('',#3489,#748);
#501=LINE('',#3492,#749);
#502=LINE('',#3494,#750);
#503=LINE('',#3495,#751);
#504=LINE('',#3498,#752);
#505=LINE('',#3499,#753);
#506=LINE('',#3502,#754);
#507=LINE('',#3503,#755);
#508=LINE('',#3505,#756);
#509=LINE('',#3509,#757);
#510=LINE('',#3511,#758);
#511=LINE('',#3513,#759);
#512=LINE('',#3514,#760);
#513=LINE('',#3519,#761);
#514=LINE('',#3523,#762);
#515=LINE('',#3525,#763);
#516=LINE('',#3527,#764);
#517=LINE('',#3529,#765);
#518=LINE('',#3531,#766);
#519=LINE('',#3532,#767);
#520=LINE('',#3536,#768);
#521=LINE('',#3538,#769);
#522=LINE('',#3540,#770);
#523=LINE('',#3546,#771);
#524=LINE('',#3548,#772);
#525=LINE('',#3550,#773);
#526=LINE('',#3553,#774);
#527=LINE('',#3556,#775);
#528=LINE('',#3558,#776);
#529=LINE('',#3559,#777);
#530=LINE('',#3562,#778);
#531=LINE('',#3563,#779);
#532=LINE('',#3566,#780);
#533=LINE('',#3569,#781);
#534=LINE('',#3570,#782);
#535=LINE('',#3572,#783);
#536=LINE('',#3577,#784);
#537=LINE('',#3581,#785);
#538=LINE('',#3614,#786);
#539=LINE('',#3617,#787);
#540=LINE('',#3618,#788);
#541=LINE('',#3622,#789);
#542=LINE('',#3627,#790);
#543=LINE('',#3629,#791);
#544=LINE('',#3631,#792);
#545=LINE('',#3632,#793);
#546=LINE('',#3634,#794);
#547=LINE('',#3641,#795);
#548=LINE('',#3643,#796);
#549=LINE('',#3644,#797);
#550=LINE('',#3645,#798);
#551=LINE('',#3648,#799);
#552=LINE('',#3657,#800);
#553=LINE('',#3660,#801);
#554=LINE('',#3662,#802);
#555=LINE('',#3663,#803);
#556=LINE('',#3664,#804);
#557=LINE('',#3667,#805);
#558=LINE('',#3671,#806);
#559=LINE('',#3672,#807);
#560=LINE('',#3675,#808);
#561=LINE('',#3680,#809);
#562=LINE('',#3682,#810);
#563=LINE('',#3685,#811);
#564=LINE('',#3688,#812);
#565=LINE('',#3691,#813);
#566=LINE('',#3692,#814);
#567=LINE('',#3694,#815);
#568=LINE('',#3699,#816);
#569=LINE('',#3703,#817);
#570=LINE('',#3704,#818);
#571=LINE('',#3707,#819);
#572=LINE('',#3711,#820);
#573=LINE('',#3713,#821);
#574=LINE('',#3714,#822);
#575=LINE('',#3720,#823);
#576=LINE('',#3723,#824);
#577=LINE('',#3726,#825);
#578=LINE('',#3728,#826);
#579=LINE('',#3729,#827);
#580=LINE('',#3732,#828);
#581=LINE('',#3735,#829);
#582=LINE('',#3738,#830);
#583=LINE('',#3739,#831);
#584=LINE('',#3742,#832);
#585=LINE('',#3746,#833);
#586=LINE('',#3750,#834);
#587=LINE('',#3754,#835);
#588=LINE('',#3755,#836);
#589=LINE('',#3760,#837);
#590=LINE('',#3764,#838);
#591=LINE('',#3769,#839);
#592=LINE('',#3773,#840);
#593=LINE('',#3774,#841);
#594=LINE('',#3775,#842);
#595=LINE('',#3780,#843);
#596=LINE('',#3782,#844);
#597=LINE('',#3783,#845);
#598=LINE('',#3789,#846);
#599=LINE('',#3792,#847);
#600=LINE('',#3795,#848);
#601=LINE('',#3797,#849);
#602=LINE('',#3798,#850);
#603=LINE('',#3802,#851);
#604=LINE('',#3805,#852);
#605=LINE('',#3806,#853);
#606=LINE('',#3811,#854);
#607=LINE('',#3813,#855);
#608=LINE('',#3814,#856);
#609=LINE('',#3817,#857);
#610=LINE('',#3819,#858);
#611=LINE('',#3820,#859);
#612=LINE('',#3823,#860);
#613=LINE('',#3837,#861);
#614=LINE('',#3839,#862);
#615=LINE('',#3840,#863);
#616=LINE('',#3842,#864);
#617=LINE('',#3850,#865);
#618=LINE('',#3856,#866);
#619=LINE('',#3859,#867);
#620=LINE('',#3861,#868);
#621=LINE('',#3862,#869);
#622=LINE('',#3876,#870);
#623=LINE('',#3878,#871);
#624=LINE('',#3879,#872);
#625=LINE('',#3882,#873);
#626=LINE('',#3883,#874);
#627=LINE('',#3885,#875);
#628=LINE('',#3889,#876);
#629=LINE('',#3892,#877);
#630=LINE('',#3895,#878);
#631=LINE('',#3898,#879);
#632=LINE('',#3899,#880);
#633=LINE('',#3902,#881);
#634=LINE('',#3905,#882);
#635=LINE('',#3908,#883);
#636=LINE('',#3911,#884);
#637=LINE('',#3914,#885);
#638=LINE('',#3915,#886);
#639=LINE('',#3917,#887);
#640=LINE('',#3919,#888);
#641=LINE('',#3924,#889);
#642=LINE('',#3926,#890);
#643=VECTOR('',#2556,10.);
#644=VECTOR('',#2559,10.);
#645=VECTOR('',#2562,10.);
#646=VECTOR('',#2563,10.);
#647=VECTOR('',#2564,10.);
#648=VECTOR('',#2567,10.);
#649=VECTOR('',#2570,10.);
#650=VECTOR('',#2573,10.);
#651=VECTOR('',#2576,10.);
#652=VECTOR('',#2579,9.99999999999999);
#653=VECTOR('',#2582,10.);
#654=VECTOR('',#2585,10.);
#655=VECTOR('',#2588,10.);
#656=VECTOR('',#2591,10.);
#657=VECTOR('',#2594,10.);
#658=VECTOR('',#2597,10.);
#659=VECTOR('',#2604,10.);
#660=VECTOR('',#2605,10.);
#661=VECTOR('',#2608,10.);
#662=VECTOR('',#2609,10.);
#663=VECTOR('',#2612,10.);
#664=VECTOR('',#2617,10.);
#665=VECTOR('',#2618,10.);
#666=VECTOR('',#2621,10.);
#667=VECTOR('',#2622,10.);
#668=VECTOR('',#2627,10.);
#669=VECTOR('',#2628,10.);
#670=VECTOR('',#2631,9.99999999999999);
#671=VECTOR('',#2632,10.);
#672=VECTOR('',#2635,10.);
#673=VECTOR('',#2640,10.);
#674=VECTOR('',#2641,10.);
#675=VECTOR('',#2644,10.);
#676=VECTOR('',#2645,10.);
#677=VECTOR('',#2650,10.);
#678=VECTOR('',#2653,10.);
#679=VECTOR('',#2654,10.);
#680=VECTOR('',#2655,10.);
#681=VECTOR('',#2656,10.);
#682=VECTOR('',#2657,10.);
#683=VECTOR('',#2658,10.);
#684=VECTOR('',#2661,10.);
#685=VECTOR('',#2662,10.);
#686=VECTOR('',#2663,10.);
#687=VECTOR('',#2664,10.);
#688=VECTOR('',#2665,10.);
#689=VECTOR('',#2666,10.);
#690=VECTOR('',#2673,10.);
#691=VECTOR('',#2674,10.);
#692=VECTOR('',#2675,10.);
#693=VECTOR('',#2678,10.);
#694=VECTOR('',#2679,10.);
#695=VECTOR('',#2680,10.);
#696=VECTOR('',#2681,10.);
#697=VECTOR('',#2682,10.);
#698=VECTOR('',#2685,10.);
#699=VECTOR('',#2688,10.);
#700=VECTOR('',#2689,10.);
#701=VECTOR('',#2690,10.);
#702=VECTOR('',#2691,10.);
#703=VECTOR('',#2692,10.);
#704=VECTOR('',#2695,10.);
#705=VECTOR('',#2696,10.);
#706=VECTOR('',#2697,10.);
#707=VECTOR('',#2700,10.);
#708=VECTOR('',#2701,10.);
#709=VECTOR('',#2704,10.);
#710=VECTOR('',#2707,10.);
#711=VECTOR('',#2710,10.);
#712=VECTOR('',#2711,10.);
#713=VECTOR('',#2712,10.);
#714=VECTOR('',#2713,10.);
#715=VECTOR('',#2716,10.);
#716=VECTOR('',#2717,10.);
#717=VECTOR('',#2718,10.);
#718=VECTOR('',#2719,10.);
#719=VECTOR('',#2770,10.);
#720=VECTOR('',#2771,10.);
#721=VECTOR('',#2772,10.);
#722=VECTOR('',#2773,10.);
#723=VECTOR('',#2776,10.);
#724=VECTOR('',#2777,10.);
#725=VECTOR('',#2778,10.);
#726=VECTOR('',#2781,10.);
#727=VECTOR('',#2782,10.);
#728=VECTOR('',#2783,10.);
#729=VECTOR('',#2786,10.);
#730=VECTOR('',#2787,10.);
#731=VECTOR('',#2790,10.);
#732=VECTOR('',#2791,10.);
#733=VECTOR('',#2792,10.);
#734=VECTOR('',#2793,10.);
#735=VECTOR('',#2794,10.);
#736=VECTOR('',#2795,10.);
#737=VECTOR('',#2796,10.);
#738=VECTOR('',#2799,10.);
#739=VECTOR('',#2800,10.);
#740=VECTOR('',#2803,10.);
#741=VECTOR('',#2804,10.);
#742=VECTOR('',#2805,10.);
#743=VECTOR('',#2808,10.);
#744=VECTOR('',#2809,10.);
#745=VECTOR('',#2812,10.);
#746=VECTOR('',#2813,10.);
#747=VECTOR('',#2814,10.);
#748=VECTOR('',#2817,10.);
#749=VECTOR('',#2820,10.);
#750=VECTOR('',#2821,10.);
#751=VECTOR('',#2822,10.);
#752=VECTOR('',#2825,10.);
#753=VECTOR('',#2826,10.);
#754=VECTOR('',#2829,10.);
#755=VECTOR('',#2830,10.);
#756=VECTOR('',#2833,10.);
#757=VECTOR('',#2836,10.);
#758=VECTOR('',#2837,10.);
#759=VECTOR('',#2838,10.);
#760=VECTOR('',#2839,9.99999999999998);
#761=VECTOR('',#2844,10.);
#762=VECTOR('',#2849,10.);
#763=VECTOR('',#2850,10.);
#764=VECTOR('',#2851,10.);
#765=VECTOR('',#2852,10.);
#766=VECTOR('',#2853,10.);
#767=VECTOR('',#2854,10.);
#768=VECTOR('',#2857,10.);
#769=VECTOR('',#2858,10.);
#770=VECTOR('',#2861,10.);
#771=VECTOR('',#2866,10.);
#772=VECTOR('',#2867,10.);
#773=VECTOR('',#2868,10.);
#774=VECTOR('',#2871,10.);
#775=VECTOR('',#2874,10.);
#776=VECTOR('',#2875,10.);
#777=VECTOR('',#2876,10.);
#778=VECTOR('',#2879,10.);
#779=VECTOR('',#2880,10.);
#780=VECTOR('',#2883,10.);
#781=VECTOR('',#2888,10.);
#782=VECTOR('',#2889,10.);
#783=VECTOR('',#2892,10.);
#784=VECTOR('',#2897,10.);
#785=VECTOR('',#2900,10.);
#786=VECTOR('',#2909,10.);
#787=VECTOR('',#2912,10.);
#788=VECTOR('',#2913,10.);
#789=VECTOR('',#2918,10.);
#790=VECTOR('',#2923,10.);
#791=VECTOR('',#2924,10.);
#792=VECTOR('',#2925,10.);
#793=VECTOR('',#2926,10.);
#794=VECTOR('',#2929,10.);
#795=VECTOR('',#2938,10.);
#796=VECTOR('',#2939,10.);
#797=VECTOR('',#2940,10.);
#798=VECTOR('',#2941,10.);
#799=VECTOR('',#2944,10.);
#800=VECTOR('',#2949,10.);
#801=VECTOR('',#2952,10.);
#802=VECTOR('',#2953,9.99999999999997);
#803=VECTOR('',#2954,10.);
#804=VECTOR('',#2955,9.99999999999997);
#805=VECTOR('',#2958,10.);
#806=VECTOR('',#2963,10.);
#807=VECTOR('',#2964,9.99999999999998);
#808=VECTOR('',#2967,10.);
#809=VECTOR('',#2974,10.);
#810=VECTOR('',#2977,10.);
#811=VECTOR('',#2980,10.);
#812=VECTOR('',#2983,10.);
#813=VECTOR('',#2986,10.);
#814=VECTOR('',#2987,9.99999999999997);
#815=VECTOR('',#2990,10.);
#816=VECTOR('',#2997,10.);
#817=VECTOR('',#3002,10.);
#818=VECTOR('',#3003,9.99999999999998);
#819=VECTOR('',#3006,10.);
#820=VECTOR('',#3011,10.);
#821=VECTOR('',#3012,10.);
#822=VECTOR('',#3013,10.);
#823=VECTOR('',#3018,10.);
#824=VECTOR('',#3021,10.);
#825=VECTOR('',#3024,10.);
#826=VECTOR('',#3025,10.);
#827=VECTOR('',#3026,10.);
#828=VECTOR('',#3029,10.);
#829=VECTOR('',#3032,10.);
#830=VECTOR('',#3035,10.);
#831=VECTOR('',#3036,10.);
#832=VECTOR('',#3039,10.);
#833=VECTOR('',#3042,10.);
#834=VECTOR('',#3045,10.);
#835=VECTOR('',#3050,10.);
#836=VECTOR('',#3051,10.);
#837=VECTOR('',#3056,10.);
#838=VECTOR('',#3059,10.);
#839=VECTOR('',#3066,10.);
#840=VECTOR('',#3069,10.);
#841=VECTOR('',#3070,10.);
#842=VECTOR('',#3071,10.);
#843=VECTOR('',#3078,10.);
#844=VECTOR('',#3079,10.);
#845=VECTOR('',#3080,10.);
#846=VECTOR('',#3085,10.);
#847=VECTOR('',#3088,10.);
#848=VECTOR('',#3091,10.);
#849=VECTOR('',#3092,10.);
#850=VECTOR('',#3093,10.);
#851=VECTOR('',#3098,10.);
#852=VECTOR('',#3101,10.);
#853=VECTOR('',#3102,10.);
#854=VECTOR('',#3109,10.);
#855=VECTOR('',#3110,10.);
#856=VECTOR('',#3111,10.);
#857=VECTOR('',#3114,10.);
#858=VECTOR('',#3115,10.);
#859=VECTOR('',#3116,10.);
#860=VECTOR('',#3119,10.);
#861=VECTOR('',#3122,10.);
#862=VECTOR('',#3123,10.);
#863=VECTOR('',#3124,10.);
#864=VECTOR('',#3125,10.);
#865=VECTOR('',#3130,9.99999999999998);
#866=VECTOR('',#3133,10.);
#867=VECTOR('',#3136,10.);
#868=VECTOR('',#3137,10.);
#869=VECTOR('',#3138,10.);
#870=VECTOR('',#3143,10.);
#871=VECTOR('',#3144,10.);
#872=VECTOR('',#3145,10.);
#873=VECTOR('',#3148,9.99999999999999);
#874=VECTOR('',#3149,10.);
#875=VECTOR('',#3152,10.);
#876=VECTOR('',#3159,10.);
#877=VECTOR('',#3162,10.);
#878=VECTOR('',#3167,10.);
#879=VECTOR('',#3170,10.);
#880=VECTOR('',#3171,10.);
#881=VECTOR('',#3174,10.);
#882=VECTOR('',#3179,10.);
#883=VECTOR('',#3182,10.);
#884=VECTOR('',#3185,10.);
#885=VECTOR('',#3188,10.);
#886=VECTOR('',#3189,10.);
#887=VECTOR('',#3192,10.);
#888=VECTOR('',#3195,10.);
#889=VECTOR('',#3202,10.);
#890=VECTOR('',#3205,10.);
#891=CIRCLE('',#2344,3.);
#892=CIRCLE('',#2345,3.);
#893=CIRCLE('',#2348,3.);
#894=CIRCLE('',#2349,3.);
#895=CIRCLE('',#2350,3.);
#896=CIRCLE('',#2351,3.);
#897=CIRCLE('',#2352,3.);
#898=CIRCLE('',#2353,2.99999999999999);
#899=CIRCLE('',#2354,3.00000000000033);
#900=CIRCLE('',#2355,2.99999999999999);
#901=CIRCLE('',#2356,3.00000000000001);
#902=CIRCLE('',#2357,3.00000000000029);
#903=CIRCLE('',#2358,3.00000000000003);
#904=CIRCLE('',#2360,3.);
#905=CIRCLE('',#2364,3.);
#906=CIRCLE('',#2367,3.);
#907=CIRCLE('',#2371,3.00000000000029);
#908=CIRCLE('',#2374,3.00000000000003);
#909=CIRCLE('',#2378,3.);
#910=CIRCLE('',#2379,3.);
#911=CIRCLE('',#2380,3.00000000000001);
#912=CIRCLE('',#2381,2.99999999999999);
#913=CIRCLE('',#2382,3.00000000000033);
#914=CIRCLE('',#2383,2.99999999999999);
#915=CIRCLE('',#2392,2.8);
#916=CIRCLE('',#2393,2.8);
#917=CIRCLE('',#2397,2.8);
#918=CIRCLE('',#2398,2.8);
#919=CIRCLE('',#2402,2.8);
#920=CIRCLE('',#2403,2.8);
#921=CIRCLE('',#2407,2.8);
#922=CIRCLE('',#2408,2.8);
#923=CIRCLE('',#2429,2.);
#924=CIRCLE('',#2430,2.);
#925=CIRCLE('',#2433,2.);
#926=CIRCLE('',#2435,2.);
#927=CIRCLE('',#2436,2.);
#928=CIRCLE('',#2440,2.);
#929=CIRCLE('',#2445,2.99999999999994);
#930=CIRCLE('',#2450,2.9999999999999);
#931=CIRCLE('',#2452,2.);
#932=CIRCLE('',#2454,2.);
#933=CIRCLE('',#2457,2.99999999999997);
#934=CIRCLE('',#2458,2.99999999999997);
#935=CIRCLE('',#2465,3.);
#936=CIRCLE('',#2468,3.);
#937=CIRCLE('',#2470,3.);
#938=CIRCLE('',#2473,3.);
#939=CIRCLE('',#2479,3.);
#940=CIRCLE('',#2482,3.);
#941=CIRCLE('',#2485,2.);
#942=CIRCLE('',#2486,2.);
#943=CIRCLE('',#2492,2.99999999999994);
#944=CIRCLE('',#2493,2.99999999999999);
#945=CIRCLE('',#2494,2.99999999999992);
#946=CIRCLE('',#2497,3.);
#947=CIRCLE('',#2498,3.);
#948=CIRCLE('',#2499,3.);
#949=CIRCLE('',#2504,3.);
#950=CIRCLE('',#2507,2.);
#951=CIRCLE('',#2508,2.);
#952=CIRCLE('',#2511,3.);
#953=CIRCLE('',#2514,3.);
#954=CIRCLE('',#2528,2.99999999999999);
#955=CIRCLE('',#2531,2.);
#956=CIRCLE('',#2535,2.);
#957=CIRCLE('',#2538,2.);
#958=CIRCLE('',#2544,2.);
#959=VERTEX_POINT('',#3213);
#960=VERTEX_POINT('',#3214);
#961=VERTEX_POINT('',#3216);
#962=VERTEX_POINT('',#3218);
#963=VERTEX_POINT('',#3222);
#964=VERTEX_POINT('',#3224);
#965=VERTEX_POINT('',#3228);
#966=VERTEX_POINT('',#3230);
#967=VERTEX_POINT('',#3232);
#968=VERTEX_POINT('',#3234);
#969=VERTEX_POINT('',#3236);
#970=VERTEX_POINT('',#3238);
#971=VERTEX_POINT('',#3240);
#972=VERTEX_POINT('',#3242);
#973=VERTEX_POINT('',#3244);
#974=VERTEX_POINT('',#3247);
#975=VERTEX_POINT('',#3248);
#976=VERTEX_POINT('',#3250);
#977=VERTEX_POINT('',#3252);
#978=VERTEX_POINT('',#3254);
#979=VERTEX_POINT('',#3256);
#980=VERTEX_POINT('',#3258);
#981=VERTEX_POINT('',#3260);
#982=VERTEX_POINT('',#3262);
#983=VERTEX_POINT('',#3264);
#984=VERTEX_POINT('',#3266);
#985=VERTEX_POINT('',#3268);
#986=VERTEX_POINT('',#3272);
#987=VERTEX_POINT('',#3273);
#988=VERTEX_POINT('',#3278);
#989=VERTEX_POINT('',#3284);
#990=VERTEX_POINT('',#3285);
#991=VERTEX_POINT('',#3290);
#992=VERTEX_POINT('',#3294);
#993=VERTEX_POINT('',#3295);
#994=VERTEX_POINT('',#3300);
#995=VERTEX_POINT('',#3306);
#996=VERTEX_POINT('',#3307);
#997=VERTEX_POINT('',#3312);
#998=VERTEX_POINT('',#3316);
#999=VERTEX_POINT('',#3320);
#1000=VERTEX_POINT('',#3322);
#1001=VERTEX_POINT('',#3324);
#1002=VERTEX_POINT('',#3326);
#1003=VERTEX_POINT('',#3328);
#1004=VERTEX_POINT('',#3332);
#1005=VERTEX_POINT('',#3334);
#1006=VERTEX_POINT('',#3336);
#1007=VERTEX_POINT('',#3338);
#1008=VERTEX_POINT('',#3340);
#1009=VERTEX_POINT('',#3346);
#1010=VERTEX_POINT('',#3348);
#1011=VERTEX_POINT('',#3351);
#1012=VERTEX_POINT('',#3353);
#1013=VERTEX_POINT('',#3355);
#1014=VERTEX_POINT('',#3357);
#1015=VERTEX_POINT('',#3359);
#1016=VERTEX_POINT('',#3361);
#1017=VERTEX_POINT('',#3363);
#1018=VERTEX_POINT('',#3365);
#1019=VERTEX_POINT('',#3367);
#1020=VERTEX_POINT('',#3369);
#1021=VERTEX_POINT('',#3371);
#1022=VERTEX_POINT('',#3373);
#1023=VERTEX_POINT('',#3375);
#1024=VERTEX_POINT('',#3377);
#1025=VERTEX_POINT('',#3380);
#1026=VERTEX_POINT('',#3382);
#1027=VERTEX_POINT('',#3393);
#1028=VERTEX_POINT('',#3395);
#1029=VERTEX_POINT('',#3401);
#1030=VERTEX_POINT('',#3403);
#1031=VERTEX_POINT('',#3431);
#1032=VERTEX_POINT('',#3432);
#1033=VERTEX_POINT('',#3434);
#1034=VERTEX_POINT('',#3436);
#1035=VERTEX_POINT('',#3440);
#1036=VERTEX_POINT('',#3442);
#1037=VERTEX_POINT('',#3446);
#1038=VERTEX_POINT('',#3448);
#1039=VERTEX_POINT('',#3455);
#1040=VERTEX_POINT('',#3457);
#1041=VERTEX_POINT('',#3459);
#1042=VERTEX_POINT('',#3461);
#1043=VERTEX_POINT('',#3463);
#1044=VERTEX_POINT('',#3465);
#1045=VERTEX_POINT('',#3469);
#1046=VERTEX_POINT('',#3473);
#1047=VERTEX_POINT('',#3475);
#1048=VERTEX_POINT('',#3479);
#1049=VERTEX_POINT('',#3483);
#1050=VERTEX_POINT('',#3485);
#1051=VERTEX_POINT('',#3491);
#1052=VERTEX_POINT('',#3493);
#1053=VERTEX_POINT('',#3497);
#1054=VERTEX_POINT('',#3501);
#1055=VERTEX_POINT('',#3507);
#1056=VERTEX_POINT('',#3508);
#1057=VERTEX_POINT('',#3510);
#1058=VERTEX_POINT('',#3512);
#1059=VERTEX_POINT('',#3516);
#1060=VERTEX_POINT('',#3518);
#1061=VERTEX_POINT('',#3522);
#1062=VERTEX_POINT('',#3524);
#1063=VERTEX_POINT('',#3526);
#1064=VERTEX_POINT('',#3528);
#1065=VERTEX_POINT('',#3530);
#1066=VERTEX_POINT('',#3534);
#1067=VERTEX_POINT('',#3535);
#1068=VERTEX_POINT('',#3537);
#1069=VERTEX_POINT('',#3542);
#1070=VERTEX_POINT('',#3543);
#1071=VERTEX_POINT('',#3545);
#1072=VERTEX_POINT('',#3547);
#1073=VERTEX_POINT('',#3549);
#1074=VERTEX_POINT('',#3551);
#1075=VERTEX_POINT('',#3555);
#1076=VERTEX_POINT('',#3557);
#1077=VERTEX_POINT('',#3561);
#1078=VERTEX_POINT('',#3565);
#1079=VERTEX_POINT('',#3574);
#1080=VERTEX_POINT('',#3575);
#1081=VERTEX_POINT('',#3578);
#1082=VERTEX_POINT('',#3580);
#1083=VERTEX_POINT('',#3582);
#1084=VERTEX_POINT('',#3596);
#1085=VERTEX_POINT('',#3597);
#1086=VERTEX_POINT('',#3599);
#1087=VERTEX_POINT('',#3611);
#1088=VERTEX_POINT('',#3613);
#1089=VERTEX_POINT('',#3615);
#1090=VERTEX_POINT('',#3620);
#1091=VERTEX_POINT('',#3624);
#1092=VERTEX_POINT('',#3625);
#1093=VERTEX_POINT('',#3628);
#1094=VERTEX_POINT('',#3630);
#1095=VERTEX_POINT('',#3639);
#1096=VERTEX_POINT('',#3640);
#1097=VERTEX_POINT('',#3642);
#1098=VERTEX_POINT('',#3647);
#1099=VERTEX_POINT('',#3659);
#1100=VERTEX_POINT('',#3661);
#1101=VERTEX_POINT('',#3666);
#1102=VERTEX_POINT('',#3670);
#1103=VERTEX_POINT('',#3674);
#1104=VERTEX_POINT('',#3678);
#1105=VERTEX_POINT('',#3684);
#1106=VERTEX_POINT('',#3686);
#1107=VERTEX_POINT('',#3690);
#1108=VERTEX_POINT('',#3698);
#1109=VERTEX_POINT('',#3702);
#1110=VERTEX_POINT('',#3706);
#1111=VERTEX_POINT('',#3710);
#1112=VERTEX_POINT('',#3712);
#1113=VERTEX_POINT('',#3716);
#1114=VERTEX_POINT('',#3717);
#1115=VERTEX_POINT('',#3719);
#1116=VERTEX_POINT('',#3721);
#1117=VERTEX_POINT('',#3725);
#1118=VERTEX_POINT('',#3727);
#1119=VERTEX_POINT('',#3731);
#1120=VERTEX_POINT('',#3733);
#1121=VERTEX_POINT('',#3737);
#1122=VERTEX_POINT('',#3741);
#1123=VERTEX_POINT('',#3743);
#1124=VERTEX_POINT('',#3745);
#1125=VERTEX_POINT('',#3747);
#1126=VERTEX_POINT('',#3749);
#1127=VERTEX_POINT('',#3753);
#1128=VERTEX_POINT('',#3757);
#1129=VERTEX_POINT('',#3759);
#1130=VERTEX_POINT('',#3761);
#1131=VERTEX_POINT('',#3763);
#1132=VERTEX_POINT('',#3767);
#1133=VERTEX_POINT('',#3771);
#1134=VERTEX_POINT('',#3772);
#1135=VERTEX_POINT('',#3779);
#1136=VERTEX_POINT('',#3781);
#1137=VERTEX_POINT('',#3785);
#1138=VERTEX_POINT('',#3786);
#1139=VERTEX_POINT('',#3788);
#1140=VERTEX_POINT('',#3790);
#1141=VERTEX_POINT('',#3794);
#1142=VERTEX_POINT('',#3796);
#1143=VERTEX_POINT('',#3800);
#1144=VERTEX_POINT('',#3804);
#1145=VERTEX_POINT('',#3810);
#1146=VERTEX_POINT('',#3812);
#1147=VERTEX_POINT('',#3816);
#1148=VERTEX_POINT('',#3818);
#1149=VERTEX_POINT('',#3822);
#1150=VERTEX_POINT('',#3836);
#1151=VERTEX_POINT('',#3838);
#1152=VERTEX_POINT('',#3841);
#1153=VERTEX_POINT('',#3845);
#1154=VERTEX_POINT('',#3849);
#1155=VERTEX_POINT('',#3855);
#1156=VERTEX_POINT('',#3857);
#1157=VERTEX_POINT('',#3860);
#1158=VERTEX_POINT('',#3877);
#1159=VERTEX_POINT('',#3881);
#1160=VERTEX_POINT('',#3891);
#1161=VERTEX_POINT('',#3897);
#1162=VERTEX_POINT('',#3901);
#1163=VERTEX_POINT('',#3907);
#1164=VERTEX_POINT('',#3909);
#1165=VERTEX_POINT('',#3913);
#1166=VERTEX_POINT('',#3922);
#1167=EDGE_CURVE('',#959,#960,#891,.T.);
#1168=EDGE_CURVE('',#960,#961,#395,.T.);
#1169=EDGE_CURVE('',#961,#962,#892,.T.);
#1170=EDGE_CURVE('',#962,#959,#396,.T.);
#1171=EDGE_CURVE('',#963,#962,#397,.T.);
#1172=EDGE_CURVE('',#964,#963,#398,.T.);
#1173=EDGE_CURVE('',#959,#964,#399,.T.);
#1174=EDGE_CURVE('',#961,#965,#400,.F.);
#1175=EDGE_CURVE('',#966,#965,#893,.T.);
#1176=EDGE_CURVE('',#966,#967,#401,.T.);
#1177=EDGE_CURVE('',#968,#967,#894,.T.);
#1178=EDGE_CURVE('',#968,#969,#402,.T.);
#1179=EDGE_CURVE('',#970,#969,#895,.T.);
#1180=EDGE_CURVE('',#970,#971,#403,.F.);
#1181=EDGE_CURVE('',#972,#971,#896,.T.);
#1182=EDGE_CURVE('',#972,#973,#404,.T.);
#1183=EDGE_CURVE('',#963,#973,#897,.T.);
#1184=EDGE_CURVE('',#974,#975,#405,.F.);
#1185=EDGE_CURVE('',#976,#975,#898,.T.);
#1186=EDGE_CURVE('',#976,#977,#406,.F.);
#1187=EDGE_CURVE('',#978,#977,#899,.T.);
#1188=EDGE_CURVE('',#978,#979,#407,.F.);
#1189=EDGE_CURVE('',#980,#979,#900,.T.);
#1190=EDGE_CURVE('',#980,#981,#408,.F.);
#1191=EDGE_CURVE('',#982,#981,#901,.T.);
#1192=EDGE_CURVE('',#982,#983,#409,.F.);
#1193=EDGE_CURVE('',#984,#983,#902,.T.);
#1194=EDGE_CURVE('',#984,#985,#410,.F.);
#1195=EDGE_CURVE('',#974,#985,#903,.T.);
#1196=EDGE_CURVE('',#986,#987,#904,.T.);
#1197=EDGE_CURVE('',#987,#966,#411,.T.);
#1198=EDGE_CURVE('',#965,#986,#412,.T.);
#1199=EDGE_CURVE('',#988,#987,#413,.T.);
#1200=EDGE_CURVE('',#967,#988,#414,.T.);
#1201=EDGE_CURVE('',#986,#960,#415,.T.);
#1202=EDGE_CURVE('',#989,#990,#905,.T.);
#1203=EDGE_CURVE('',#990,#970,#416,.T.);
#1204=EDGE_CURVE('',#969,#989,#417,.T.);
#1205=EDGE_CURVE('',#991,#968,#418,.T.);
#1206=EDGE_CURVE('',#989,#991,#419,.T.);
#1207=EDGE_CURVE('',#992,#993,#906,.T.);
#1208=EDGE_CURVE('',#993,#972,#420,.T.);
#1209=EDGE_CURVE('',#971,#992,#421,.T.);
#1210=EDGE_CURVE('',#994,#993,#422,.T.);
#1211=EDGE_CURVE('',#973,#994,#423,.T.);
#1212=EDGE_CURVE('',#992,#990,#424,.T.);
#1213=EDGE_CURVE('',#995,#996,#907,.T.);
#1214=EDGE_CURVE('',#996,#984,#425,.T.);
#1215=EDGE_CURVE('',#983,#995,#426,.T.);
#1216=EDGE_CURVE('',#997,#996,#427,.T.);
#1217=EDGE_CURVE('',#985,#997,#428,.T.);
#1218=EDGE_CURVE('',#997,#998,#908,.T.);
#1219=EDGE_CURVE('',#998,#974,#429,.T.);
#1220=EDGE_CURVE('',#999,#998,#430,.T.);
#1221=EDGE_CURVE('',#999,#1000,#431,.T.);
#1222=EDGE_CURVE('',#1000,#1001,#432,.T.);
#1223=EDGE_CURVE('',#1001,#1002,#433,.F.);
#1224=EDGE_CURVE('',#1003,#1002,#434,.T.);
#1225=EDGE_CURVE('',#975,#1003,#435,.T.);
#1226=EDGE_CURVE('',#1004,#982,#436,.T.);
#1227=EDGE_CURVE('',#1005,#1004,#437,.T.);
#1228=EDGE_CURVE('',#1005,#1006,#438,.F.);
#1229=EDGE_CURVE('',#1006,#1007,#439,.T.);
#1230=EDGE_CURVE('',#1007,#1008,#440,.T.);
#1231=EDGE_CURVE('',#995,#1008,#441,.T.);
#1232=EDGE_CURVE('',#994,#964,#909,.T.);
#1233=EDGE_CURVE('',#988,#991,#910,.T.);
#1234=EDGE_CURVE('',#1008,#1009,#442,.T.);
#1235=EDGE_CURVE('',#1009,#1010,#443,.T.);
#1236=EDGE_CURVE('',#1005,#1010,#444,.T.);
#1237=EDGE_CURVE('',#1011,#1004,#911,.T.);
#1238=EDGE_CURVE('',#1011,#1012,#445,.T.);
#1239=EDGE_CURVE('',#1012,#1013,#446,.T.);
#1240=EDGE_CURVE('',#1013,#1014,#447,.T.);
#1241=EDGE_CURVE('',#1015,#1014,#448,.T.);
#1242=EDGE_CURVE('',#1015,#1016,#449,.T.);
#1243=EDGE_CURVE('',#1017,#1016,#912,.T.);
#1244=EDGE_CURVE('',#1017,#1018,#450,.T.);
#1245=EDGE_CURVE('',#1019,#1018,#913,.T.);
#1246=EDGE_CURVE('',#1019,#1020,#451,.T.);
#1247=EDGE_CURVE('',#1020,#1021,#452,.T.);
#1248=EDGE_CURVE('',#1021,#1022,#453,.T.);
#1249=EDGE_CURVE('',#1023,#1022,#454,.T.);
#1250=EDGE_CURVE('',#1023,#1024,#455,.T.);
#1251=EDGE_CURVE('',#1003,#1024,#914,.T.);
#1252=EDGE_CURVE('',#1025,#1002,#456,.T.);
#1253=EDGE_CURVE('',#1025,#1026,#457,.T.);
#1254=EDGE_CURVE('',#1026,#999,#458,.T.);
#1255=EDGE_CURVE('',#1018,#978,#459,.T.);
#1256=EDGE_CURVE('',#977,#1019,#460,.T.);
#1257=EDGE_CURVE('',#979,#1017,#461,.T.);
#1258=EDGE_CURVE('',#1016,#980,#462,.T.);
#1259=EDGE_CURVE('',#1015,#1027,#463,.F.);
#1260=EDGE_CURVE('',#1027,#1028,#464,.T.);
#1261=EDGE_CURVE('',#1028,#1012,#465,.T.);
#1262=EDGE_CURVE('',#981,#1011,#466,.T.);
#1263=EDGE_CURVE('',#1024,#976,#467,.T.);
#1264=EDGE_CURVE('',#1023,#1029,#468,.F.);
#1265=EDGE_CURVE('',#1029,#1030,#469,.T.);
#1266=EDGE_CURVE('',#1030,#1020,#470,.T.);
#1267=EDGE_CURVE('',#1010,#1006,#915,.F.);
#1268=EDGE_CURVE('',#1009,#1007,#916,.F.);
#1269=EDGE_CURVE('',#1000,#1026,#917,.F.);
#1270=EDGE_CURVE('',#1001,#1025,#918,.F.);
#1271=EDGE_CURVE('',#1014,#1027,#919,.F.);
#1272=EDGE_CURVE('',#1013,#1028,#920,.F.);
#1273=EDGE_CURVE('',#1022,#1029,#921,.F.);
#1274=EDGE_CURVE('',#1021,#1030,#922,.F.);
#1275=EDGE_CURVE('',#1031,#1032,#471,.T.);
#1276=EDGE_CURVE('',#1032,#1033,#472,.T.);
#1277=EDGE_CURVE('',#1033,#1034,#473,.T.);
#1278=EDGE_CURVE('',#1031,#1034,#474,.T.);
#1279=EDGE_CURVE('',#1032,#1035,#475,.T.);
#1280=EDGE_CURVE('',#1035,#1036,#476,.T.);
#1281=EDGE_CURVE('',#1036,#1033,#477,.T.);
#1282=EDGE_CURVE('',#1035,#1037,#478,.T.);
#1283=EDGE_CURVE('',#1037,#1038,#479,.T.);
#1284=EDGE_CURVE('',#1038,#1036,#480,.T.);
#1285=EDGE_CURVE('',#1034,#1038,#481,.T.);
#1286=EDGE_CURVE('',#1037,#1031,#482,.T.);
#1287=EDGE_CURVE('',#1034,#1039,#483,.T.);
#1288=EDGE_CURVE('',#1039,#1040,#484,.T.);
#1289=EDGE_CURVE('',#1040,#1041,#485,.T.);
#1290=EDGE_CURVE('',#1041,#1042,#486,.T.);
#1291=EDGE_CURVE('',#1043,#1042,#487,.T.);
#1292=EDGE_CURVE('',#1043,#1044,#488,.T.);
#1293=EDGE_CURVE('',#1038,#1044,#489,.T.);
#1294=EDGE_CURVE('',#1033,#1045,#490,.T.);
#1295=EDGE_CURVE('',#1045,#1039,#491,.T.);
#1296=EDGE_CURVE('',#1046,#1041,#492,.T.);
#1297=EDGE_CURVE('',#1047,#1046,#493,.T.);
#1298=EDGE_CURVE('',#1042,#1047,#494,.T.);
#1299=EDGE_CURVE('',#1040,#1048,#495,.T.);
#1300=EDGE_CURVE('',#1048,#1045,#496,.T.);
#1301=EDGE_CURVE('',#1043,#1049,#497,.T.);
#1302=EDGE_CURVE('',#1050,#1049,#498,.T.);
#1303=EDGE_CURVE('',#1044,#1050,#499,.T.);
#1304=EDGE_CURVE('',#1036,#1050,#500,.T.);
#1305=EDGE_CURVE('',#1047,#1051,#501,.T.);
#1306=EDGE_CURVE('',#1052,#1051,#502,.T.);
#1307=EDGE_CURVE('',#1049,#1052,#503,.T.);
#1308=EDGE_CURVE('',#1046,#1053,#504,.T.);
#1309=EDGE_CURVE('',#1051,#1053,#505,.T.);
#1310=EDGE_CURVE('',#1048,#1054,#506,.T.);
#1311=EDGE_CURVE('',#1053,#1054,#507,.T.);
#1312=EDGE_CURVE('',#1054,#1052,#508,.T.);
#1313=EDGE_CURVE('',#1055,#1056,#509,.T.);
#1314=EDGE_CURVE('',#1055,#1057,#510,.T.);
#1315=EDGE_CURVE('',#1058,#1057,#511,.T.);
#1316=EDGE_CURVE('',#1056,#1058,#512,.T.);
#1317=EDGE_CURVE('',#1056,#1059,#923,.T.);
#1318=EDGE_CURVE('',#1059,#1060,#513,.T.);
#1319=EDGE_CURVE('',#1060,#1055,#924,.T.);
#1320=EDGE_CURVE('',#1061,#1056,#514,.T.);
#1321=EDGE_CURVE('',#1061,#1062,#515,.T.);
#1322=EDGE_CURVE('',#1062,#1063,#516,.T.);
#1323=EDGE_CURVE('',#1064,#1063,#517,.T.);
#1324=EDGE_CURVE('',#1065,#1064,#518,.T.);
#1325=EDGE_CURVE('',#1059,#1065,#519,.T.);
#1326=EDGE_CURVE('',#1066,#1067,#520,.T.);
#1327=EDGE_CURVE('',#1068,#1066,#521,.T.);
#1328=EDGE_CURVE('',#1057,#1068,#925,.T.);
#1329=EDGE_CURVE('',#1067,#1060,#522,.T.);
#1330=EDGE_CURVE('',#1069,#1070,#926,.T.);
#1331=EDGE_CURVE('',#1069,#1071,#523,.T.);
#1332=EDGE_CURVE('',#1072,#1071,#524,.T.);
#1333=EDGE_CURVE('',#1073,#1072,#525,.T.);
#1334=EDGE_CURVE('',#1074,#1073,#927,.T.);
#1335=EDGE_CURVE('',#1074,#1070,#526,.T.);
#1336=EDGE_CURVE('',#1075,#1071,#527,.T.);
#1337=EDGE_CURVE('',#1075,#1076,#528,.T.);
#1338=EDGE_CURVE('',#1076,#1072,#529,.T.);
#1339=EDGE_CURVE('',#1077,#1069,#530,.T.);
#1340=EDGE_CURVE('',#1075,#1077,#531,.T.);
#1341=EDGE_CURVE('',#1078,#1068,#532,.T.);
#1342=EDGE_CURVE('',#1078,#1058,#928,.T.);
#1343=EDGE_CURVE('',#1064,#1066,#533,.F.);
#1344=EDGE_CURVE('',#1064,#1078,#534,.T.);
#1345=EDGE_CURVE('',#1067,#1065,#535,.T.);
#1346=EDGE_CURVE('',#1079,#1080,#29,.F.);
#1347=EDGE_CURVE('',#1080,#1078,#536,.T.);
#1348=EDGE_CURVE('',#1063,#1081,#929,.T.);
#1349=EDGE_CURVE('',#1081,#1082,#537,.T.);
#1350=EDGE_CURVE('',#1082,#1083,#30,.F.);
#1351=EDGE_CURVE('',#1079,#1083,#25,.T.);
#1352=EDGE_CURVE('',#1084,#1085,#31,.T.);
#1353=EDGE_CURVE('',#1084,#1086,#26,.F.);
#1354=EDGE_CURVE('',#1087,#1086,#32,.T.);
#1355=EDGE_CURVE('',#1087,#1088,#538,.T.);
#1356=EDGE_CURVE('',#1088,#1089,#930,.T.);
#1357=EDGE_CURVE('',#1089,#1075,#539,.T.);
#1358=EDGE_CURVE('',#1077,#1085,#540,.T.);
#1359=EDGE_CURVE('',#1090,#1077,#931,.T.);
#1360=EDGE_CURVE('',#1090,#1085,#541,.T.);
#1361=EDGE_CURVE('',#1091,#1092,#932,.T.);
#1362=EDGE_CURVE('',#1076,#1091,#542,.T.);
#1363=EDGE_CURVE('',#1093,#1089,#543,.T.);
#1364=EDGE_CURVE('',#1094,#1093,#544,.T.);
#1365=EDGE_CURVE('',#1094,#1092,#545,.T.);
#1366=EDGE_CURVE('',#1070,#1090,#546,.T.);
#1367=EDGE_CURVE('',#1062,#1093,#933,.T.);
#1368=EDGE_CURVE('',#1061,#1094,#934,.T.);
#1369=EDGE_CURVE('',#1095,#1096,#547,.T.);
#1370=EDGE_CURVE('',#1097,#1095,#548,.T.);
#1371=EDGE_CURVE('',#1097,#1094,#549,.T.);
#1372=EDGE_CURVE('',#1061,#1096,#550,.T.);
#1373=EDGE_CURVE('',#1095,#1098,#551,.T.);
#1374=EDGE_CURVE('',#1098,#1097,#21,.T.);
#1375=EDGE_CURVE('',#1096,#1098,#22,.T.);
#1376=EDGE_CURVE('',#1058,#1080,#552,.T.);
#1377=EDGE_CURVE('',#1097,#1099,#553,.T.);
#1378=EDGE_CURVE('',#1099,#1100,#554,.T.);
#1379=EDGE_CURVE('',#1100,#1084,#555,.F.);
#1380=EDGE_CURVE('',#1090,#1092,#556,.T.);
#1381=EDGE_CURVE('',#1096,#1101,#557,.T.);
#1382=EDGE_CURVE('',#1101,#1099,#935,.T.);
#1383=EDGE_CURVE('',#1079,#1102,#558,.T.);
#1384=EDGE_CURVE('',#1102,#1101,#559,.T.);
#1385=EDGE_CURVE('',#1083,#1103,#560,.T.);
#1386=EDGE_CURVE('',#1103,#1102,#936,.T.);
#1387=EDGE_CURVE('',#1100,#1104,#937,.T.);
#1388=EDGE_CURVE('',#1086,#1104,#561,.T.);
#1389=EDGE_CURVE('',#1092,#1074,#562,.T.);
#1390=EDGE_CURVE('',#1100,#1105,#563,.T.);
#1391=EDGE_CURVE('',#1105,#1106,#938,.F.);
#1392=EDGE_CURVE('',#1106,#1104,#564,.T.);
#1393=EDGE_CURVE('',#1107,#1099,#565,.T.);
#1394=EDGE_CURVE('',#1105,#1107,#566,.T.);
#1395=EDGE_CURVE('',#1073,#1091,#567,.T.);
#1396=EDGE_CURVE('',#1101,#1108,#568,.T.);
#1397=EDGE_CURVE('',#1108,#1107,#939,.F.);
#1398=EDGE_CURVE('',#1109,#1102,#569,.T.);
#1399=EDGE_CURVE('',#1108,#1109,#570,.T.);
#1400=EDGE_CURVE('',#1103,#1110,#571,.T.);
#1401=EDGE_CURVE('',#1110,#1109,#940,.F.);
#1402=EDGE_CURVE('',#1111,#1103,#572,.T.);
#1403=EDGE_CURVE('',#1112,#1111,#573,.T.);
#1404=EDGE_CURVE('',#1110,#1112,#574,.T.);
#1405=EDGE_CURVE('',#1113,#1114,#941,.T.);
#1406=EDGE_CURVE('',#1114,#1115,#575,.T.);
#1407=EDGE_CURVE('',#1115,#1116,#942,.T.);
#1408=EDGE_CURVE('',#1116,#1113,#576,.T.);
#1409=EDGE_CURVE('',#1117,#1106,#577,.T.);
#1410=EDGE_CURVE('',#1118,#1117,#578,.T.);
#1411=EDGE_CURVE('',#1104,#1118,#579,.T.);
#1412=EDGE_CURVE('',#1119,#1118,#580,.T.);
#1413=EDGE_CURVE('',#1120,#1119,#33,.F.);
#1414=EDGE_CURVE('',#1120,#1087,#581,.F.);
#1415=EDGE_CURVE('',#1088,#1121,#582,.T.);
#1416=EDGE_CURVE('',#1121,#1120,#583,.T.);
#1417=EDGE_CURVE('',#1122,#1081,#584,.T.);
#1418=EDGE_CURVE('',#1123,#1121,#943,.T.);
#1419=EDGE_CURVE('',#1124,#1123,#585,.T.);
#1420=EDGE_CURVE('',#1124,#1125,#944,.T.);
#1421=EDGE_CURVE('',#1125,#1126,#586,.T.);
#1422=EDGE_CURVE('',#1122,#1126,#945,.T.);
#1423=EDGE_CURVE('',#1082,#1127,#587,.F.);
#1424=EDGE_CURVE('',#1127,#1122,#588,.T.);
#1425=EDGE_CURVE('',#1128,#1112,#946,.F.);
#1426=EDGE_CURVE('',#1128,#1129,#589,.T.);
#1427=EDGE_CURVE('',#1130,#1129,#947,.F.);
#1428=EDGE_CURVE('',#1130,#1131,#590,.T.);
#1429=EDGE_CURVE('',#1117,#1131,#948,.F.);
#1430=EDGE_CURVE('',#1127,#1132,#34,.T.);
#1431=EDGE_CURVE('',#1132,#1111,#591,.T.);
#1432=EDGE_CURVE('',#1133,#1134,#592,.T.);
#1433=EDGE_CURVE('',#1129,#1133,#593,.T.);
#1434=EDGE_CURVE('',#1134,#1128,#594,.T.);
#1435=EDGE_CURVE('',#1134,#1111,#949,.T.);
#1436=EDGE_CURVE('',#1114,#1135,#595,.T.);
#1437=EDGE_CURVE('',#1136,#1135,#596,.T.);
#1438=EDGE_CURVE('',#1115,#1136,#597,.T.);
#1439=EDGE_CURVE('',#1137,#1138,#950,.T.);
#1440=EDGE_CURVE('',#1138,#1139,#598,.T.);
#1441=EDGE_CURVE('',#1139,#1140,#951,.T.);
#1442=EDGE_CURVE('',#1140,#1137,#599,.T.);
#1443=EDGE_CURVE('',#1141,#1139,#600,.T.);
#1444=EDGE_CURVE('',#1138,#1142,#601,.T.);
#1445=EDGE_CURVE('',#1141,#1142,#602,.T.);
#1446=EDGE_CURVE('',#1118,#1143,#952,.T.);
#1447=EDGE_CURVE('',#1131,#1143,#603,.T.);
#1448=EDGE_CURVE('',#1143,#1144,#604,.T.);
#1449=EDGE_CURVE('',#1144,#1130,#605,.T.);
#1450=EDGE_CURVE('',#1144,#1133,#953,.T.);
#1451=EDGE_CURVE('',#1145,#1140,#606,.T.);
#1452=EDGE_CURVE('',#1146,#1145,#607,.T.);
#1453=EDGE_CURVE('',#1137,#1146,#608,.T.);
#1454=EDGE_CURVE('',#1113,#1147,#609,.T.);
#1455=EDGE_CURVE('',#1148,#1116,#610,.T.);
#1456=EDGE_CURVE('',#1147,#1148,#611,.T.);
#1457=EDGE_CURVE('',#1149,#1143,#612,.T.);
#1458=EDGE_CURVE('',#1149,#1119,#27,.T.);
#1459=EDGE_CURVE('',#1150,#1144,#613,.T.);
#1460=EDGE_CURVE('',#1151,#1150,#614,.T.);
#1461=EDGE_CURVE('',#1151,#1113,#615,.T.);
#1462=EDGE_CURVE('',#1147,#1152,#616,.T.);
#1463=EDGE_CURVE('',#1149,#1152,#35,.F.);
#1464=EDGE_CURVE('',#1150,#1153,#23,.T.);
#1465=EDGE_CURVE('',#1154,#1133,#617,.T.);
#1466=EDGE_CURVE('',#1153,#1154,#24,.T.);
#1467=EDGE_CURVE('',#1134,#1155,#618,.F.);
#1468=EDGE_CURVE('',#1155,#1156,#36,.T.);
#1469=EDGE_CURVE('',#1145,#1156,#619,.T.);
#1470=EDGE_CURVE('',#1157,#1140,#620,.T.);
#1471=EDGE_CURVE('',#1154,#1157,#621,.T.);
#1472=EDGE_CURVE('',#1155,#1132,#28,.F.);
#1473=EDGE_CURVE('',#1151,#1124,#622,.T.);
#1474=EDGE_CURVE('',#1158,#1123,#623,.T.);
#1475=EDGE_CURVE('',#1135,#1158,#624,.T.);
#1476=EDGE_CURVE('',#1154,#1159,#625,.T.);
#1477=EDGE_CURVE('',#1159,#1153,#626,.T.);
#1478=EDGE_CURVE('',#1159,#1150,#627,.T.);
#1479=EDGE_CURVE('',#1151,#1157,#954,.T.);
#1480=EDGE_CURVE('',#1157,#1125,#628,.T.);
#1481=EDGE_CURVE('',#1152,#1160,#629,.T.);
#1482=EDGE_CURVE('',#1160,#1147,#955,.T.);
#1483=EDGE_CURVE('',#1158,#1160,#630,.T.);
#1484=EDGE_CURVE('',#1161,#1141,#631,.T.);
#1485=EDGE_CURVE('',#1126,#1161,#632,.T.);
#1486=EDGE_CURVE('',#1162,#1156,#633,.T.);
#1487=EDGE_CURVE('',#1145,#1162,#956,.T.);
#1488=EDGE_CURVE('',#1161,#1162,#634,.T.);
#1489=EDGE_CURVE('',#1142,#1163,#635,.T.);
#1490=EDGE_CURVE('',#1164,#1146,#957,.T.);
#1491=EDGE_CURVE('',#1164,#1163,#636,.T.);
#1492=EDGE_CURVE('',#1165,#1136,#637,.T.);
#1493=EDGE_CURVE('',#1158,#1165,#638,.F.);
#1494=EDGE_CURVE('',#1162,#1164,#639,.T.);
#1495=EDGE_CURVE('',#1161,#1163,#640,.T.);
#1496=EDGE_CURVE('',#1166,#1148,#958,.F.);
#1497=EDGE_CURVE('',#1166,#1160,#641,.T.);
#1498=EDGE_CURVE('',#1166,#1165,#642,.T.);
#1499=ORIENTED_EDGE('',*,*,#1167,.T.);
#1500=ORIENTED_EDGE('',*,*,#1168,.T.);
#1501=ORIENTED_EDGE('',*,*,#1169,.T.);
#1502=ORIENTED_EDGE('',*,*,#1170,.T.);
#1503=ORIENTED_EDGE('',*,*,#1170,.F.);
#1504=ORIENTED_EDGE('',*,*,#1171,.F.);
#1505=ORIENTED_EDGE('',*,*,#1172,.F.);
#1506=ORIENTED_EDGE('',*,*,#1173,.F.);
#1507=ORIENTED_EDGE('',*,*,#1169,.F.);
#1508=ORIENTED_EDGE('',*,*,#1174,.T.);
#1509=ORIENTED_EDGE('',*,*,#1175,.F.);
#1510=ORIENTED_EDGE('',*,*,#1176,.T.);
#1511=ORIENTED_EDGE('',*,*,#1177,.F.);
#1512=ORIENTED_EDGE('',*,*,#1178,.T.);
#1513=ORIENTED_EDGE('',*,*,#1179,.F.);
#1514=ORIENTED_EDGE('',*,*,#1180,.T.);
#1515=ORIENTED_EDGE('',*,*,#1181,.F.);
#1516=ORIENTED_EDGE('',*,*,#1182,.T.);
#1517=ORIENTED_EDGE('',*,*,#1183,.F.);
#1518=ORIENTED_EDGE('',*,*,#1171,.T.);
#1519=ORIENTED_EDGE('',*,*,#1184,.T.);
#1520=ORIENTED_EDGE('',*,*,#1185,.F.);
#1521=ORIENTED_EDGE('',*,*,#1186,.T.);
#1522=ORIENTED_EDGE('',*,*,#1187,.F.);
#1523=ORIENTED_EDGE('',*,*,#1188,.T.);
#1524=ORIENTED_EDGE('',*,*,#1189,.F.);
#1525=ORIENTED_EDGE('',*,*,#1190,.T.);
#1526=ORIENTED_EDGE('',*,*,#1191,.F.);
#1527=ORIENTED_EDGE('',*,*,#1192,.T.);
#1528=ORIENTED_EDGE('',*,*,#1193,.F.);
#1529=ORIENTED_EDGE('',*,*,#1194,.T.);
#1530=ORIENTED_EDGE('',*,*,#1195,.F.);
#1531=ORIENTED_EDGE('',*,*,#1196,.T.);
#1532=ORIENTED_EDGE('',*,*,#1197,.T.);
#1533=ORIENTED_EDGE('',*,*,#1175,.T.);
#1534=ORIENTED_EDGE('',*,*,#1198,.T.);
#1535=ORIENTED_EDGE('',*,*,#1197,.F.);
#1536=ORIENTED_EDGE('',*,*,#1199,.F.);
#1537=ORIENTED_EDGE('',*,*,#1200,.F.);
#1538=ORIENTED_EDGE('',*,*,#1176,.F.);
#1539=ORIENTED_EDGE('',*,*,#1168,.F.);
#1540=ORIENTED_EDGE('',*,*,#1201,.F.);
#1541=ORIENTED_EDGE('',*,*,#1198,.F.);
#1542=ORIENTED_EDGE('',*,*,#1174,.F.);
#1543=ORIENTED_EDGE('',*,*,#1202,.T.);
#1544=ORIENTED_EDGE('',*,*,#1203,.T.);
#1545=ORIENTED_EDGE('',*,*,#1179,.T.);
#1546=ORIENTED_EDGE('',*,*,#1204,.T.);
#1547=ORIENTED_EDGE('',*,*,#1204,.F.);
#1548=ORIENTED_EDGE('',*,*,#1178,.F.);
#1549=ORIENTED_EDGE('',*,*,#1205,.F.);
#1550=ORIENTED_EDGE('',*,*,#1206,.F.);
#1551=ORIENTED_EDGE('',*,*,#1207,.T.);
#1552=ORIENTED_EDGE('',*,*,#1208,.T.);
#1553=ORIENTED_EDGE('',*,*,#1181,.T.);
#1554=ORIENTED_EDGE('',*,*,#1209,.T.);
#1555=ORIENTED_EDGE('',*,*,#1208,.F.);
#1556=ORIENTED_EDGE('',*,*,#1210,.F.);
#1557=ORIENTED_EDGE('',*,*,#1211,.F.);
#1558=ORIENTED_EDGE('',*,*,#1182,.F.);
#1559=ORIENTED_EDGE('',*,*,#1203,.F.);
#1560=ORIENTED_EDGE('',*,*,#1212,.F.);
#1561=ORIENTED_EDGE('',*,*,#1209,.F.);
#1562=ORIENTED_EDGE('',*,*,#1180,.F.);
#1563=ORIENTED_EDGE('',*,*,#1213,.T.);
#1564=ORIENTED_EDGE('',*,*,#1214,.T.);
#1565=ORIENTED_EDGE('',*,*,#1193,.T.);
#1566=ORIENTED_EDGE('',*,*,#1215,.T.);
#1567=ORIENTED_EDGE('',*,*,#1214,.F.);
#1568=ORIENTED_EDGE('',*,*,#1216,.F.);
#1569=ORIENTED_EDGE('',*,*,#1217,.F.);
#1570=ORIENTED_EDGE('',*,*,#1194,.F.);
#1571=ORIENTED_EDGE('',*,*,#1195,.T.);
#1572=ORIENTED_EDGE('',*,*,#1217,.T.);
#1573=ORIENTED_EDGE('',*,*,#1218,.T.);
#1574=ORIENTED_EDGE('',*,*,#1219,.T.);
#1575=ORIENTED_EDGE('',*,*,#1219,.F.);
#1576=ORIENTED_EDGE('',*,*,#1220,.F.);
#1577=ORIENTED_EDGE('',*,*,#1221,.T.);
#1578=ORIENTED_EDGE('',*,*,#1222,.T.);
#1579=ORIENTED_EDGE('',*,*,#1223,.T.);
#1580=ORIENTED_EDGE('',*,*,#1224,.F.);
#1581=ORIENTED_EDGE('',*,*,#1225,.F.);
#1582=ORIENTED_EDGE('',*,*,#1184,.F.);
#1583=ORIENTED_EDGE('',*,*,#1215,.F.);
#1584=ORIENTED_EDGE('',*,*,#1192,.F.);
#1585=ORIENTED_EDGE('',*,*,#1226,.F.);
#1586=ORIENTED_EDGE('',*,*,#1227,.F.);
#1587=ORIENTED_EDGE('',*,*,#1228,.T.);
#1588=ORIENTED_EDGE('',*,*,#1229,.T.);
#1589=ORIENTED_EDGE('',*,*,#1230,.T.);
#1590=ORIENTED_EDGE('',*,*,#1231,.F.);
#1591=ORIENTED_EDGE('',*,*,#1167,.F.);
#1592=ORIENTED_EDGE('',*,*,#1173,.T.);
#1593=ORIENTED_EDGE('',*,*,#1232,.F.);
#1594=ORIENTED_EDGE('',*,*,#1210,.T.);
#1595=ORIENTED_EDGE('',*,*,#1207,.F.);
#1596=ORIENTED_EDGE('',*,*,#1212,.T.);
#1597=ORIENTED_EDGE('',*,*,#1202,.F.);
#1598=ORIENTED_EDGE('',*,*,#1206,.T.);
#1599=ORIENTED_EDGE('',*,*,#1233,.F.);
#1600=ORIENTED_EDGE('',*,*,#1199,.T.);
#1601=ORIENTED_EDGE('',*,*,#1196,.F.);
#1602=ORIENTED_EDGE('',*,*,#1201,.T.);
#1603=ORIENTED_EDGE('',*,*,#1216,.T.);
#1604=ORIENTED_EDGE('',*,*,#1213,.F.);
#1605=ORIENTED_EDGE('',*,*,#1231,.T.);
#1606=ORIENTED_EDGE('',*,*,#1234,.T.);
#1607=ORIENTED_EDGE('',*,*,#1235,.T.);
#1608=ORIENTED_EDGE('',*,*,#1236,.F.);
#1609=ORIENTED_EDGE('',*,*,#1227,.T.);
#1610=ORIENTED_EDGE('',*,*,#1237,.F.);
#1611=ORIENTED_EDGE('',*,*,#1238,.T.);
#1612=ORIENTED_EDGE('',*,*,#1239,.T.);
#1613=ORIENTED_EDGE('',*,*,#1240,.T.);
#1614=ORIENTED_EDGE('',*,*,#1241,.F.);
#1615=ORIENTED_EDGE('',*,*,#1242,.T.);
#1616=ORIENTED_EDGE('',*,*,#1243,.F.);
#1617=ORIENTED_EDGE('',*,*,#1244,.T.);
#1618=ORIENTED_EDGE('',*,*,#1245,.F.);
#1619=ORIENTED_EDGE('',*,*,#1246,.T.);
#1620=ORIENTED_EDGE('',*,*,#1247,.T.);
#1621=ORIENTED_EDGE('',*,*,#1248,.T.);
#1622=ORIENTED_EDGE('',*,*,#1249,.F.);
#1623=ORIENTED_EDGE('',*,*,#1250,.T.);
#1624=ORIENTED_EDGE('',*,*,#1251,.F.);
#1625=ORIENTED_EDGE('',*,*,#1224,.T.);
#1626=ORIENTED_EDGE('',*,*,#1252,.F.);
#1627=ORIENTED_EDGE('',*,*,#1253,.T.);
#1628=ORIENTED_EDGE('',*,*,#1254,.T.);
#1629=ORIENTED_EDGE('',*,*,#1220,.T.);
#1630=ORIENTED_EDGE('',*,*,#1218,.F.);
#1631=ORIENTED_EDGE('',*,*,#1245,.T.);
#1632=ORIENTED_EDGE('',*,*,#1255,.T.);
#1633=ORIENTED_EDGE('',*,*,#1187,.T.);
#1634=ORIENTED_EDGE('',*,*,#1256,.T.);
#1635=ORIENTED_EDGE('',*,*,#1255,.F.);
#1636=ORIENTED_EDGE('',*,*,#1244,.F.);
#1637=ORIENTED_EDGE('',*,*,#1257,.F.);
#1638=ORIENTED_EDGE('',*,*,#1188,.F.);
#1639=ORIENTED_EDGE('',*,*,#1189,.T.);
#1640=ORIENTED_EDGE('',*,*,#1257,.T.);
#1641=ORIENTED_EDGE('',*,*,#1243,.T.);
#1642=ORIENTED_EDGE('',*,*,#1258,.T.);
#1643=ORIENTED_EDGE('',*,*,#1258,.F.);
#1644=ORIENTED_EDGE('',*,*,#1242,.F.);
#1645=ORIENTED_EDGE('',*,*,#1259,.T.);
#1646=ORIENTED_EDGE('',*,*,#1260,.T.);
#1647=ORIENTED_EDGE('',*,*,#1261,.T.);
#1648=ORIENTED_EDGE('',*,*,#1238,.F.);
#1649=ORIENTED_EDGE('',*,*,#1262,.F.);
#1650=ORIENTED_EDGE('',*,*,#1190,.F.);
#1651=ORIENTED_EDGE('',*,*,#1256,.F.);
#1652=ORIENTED_EDGE('',*,*,#1186,.F.);
#1653=ORIENTED_EDGE('',*,*,#1263,.F.);
#1654=ORIENTED_EDGE('',*,*,#1250,.F.);
#1655=ORIENTED_EDGE('',*,*,#1264,.T.);
#1656=ORIENTED_EDGE('',*,*,#1265,.T.);
#1657=ORIENTED_EDGE('',*,*,#1266,.T.);
#1658=ORIENTED_EDGE('',*,*,#1246,.F.);
#1659=ORIENTED_EDGE('',*,*,#1237,.T.);
#1660=ORIENTED_EDGE('',*,*,#1226,.T.);
#1661=ORIENTED_EDGE('',*,*,#1191,.T.);
#1662=ORIENTED_EDGE('',*,*,#1262,.T.);
#1663=ORIENTED_EDGE('',*,*,#1185,.T.);
#1664=ORIENTED_EDGE('',*,*,#1225,.T.);
#1665=ORIENTED_EDGE('',*,*,#1251,.T.);
#1666=ORIENTED_EDGE('',*,*,#1263,.T.);
#1667=ORIENTED_EDGE('',*,*,#1229,.F.);
#1668=ORIENTED_EDGE('',*,*,#1267,.F.);
#1669=ORIENTED_EDGE('',*,*,#1235,.F.);
#1670=ORIENTED_EDGE('',*,*,#1268,.T.);
#1671=ORIENTED_EDGE('',*,*,#1228,.F.);
#1672=ORIENTED_EDGE('',*,*,#1236,.T.);
#1673=ORIENTED_EDGE('',*,*,#1267,.T.);
#1674=ORIENTED_EDGE('',*,*,#1268,.F.);
#1675=ORIENTED_EDGE('',*,*,#1234,.F.);
#1676=ORIENTED_EDGE('',*,*,#1230,.F.);
#1677=ORIENTED_EDGE('',*,*,#1222,.F.);
#1678=ORIENTED_EDGE('',*,*,#1269,.T.);
#1679=ORIENTED_EDGE('',*,*,#1253,.F.);
#1680=ORIENTED_EDGE('',*,*,#1270,.F.);
#1681=ORIENTED_EDGE('',*,*,#1270,.T.);
#1682=ORIENTED_EDGE('',*,*,#1252,.T.);
#1683=ORIENTED_EDGE('',*,*,#1223,.F.);
#1684=ORIENTED_EDGE('',*,*,#1221,.F.);
#1685=ORIENTED_EDGE('',*,*,#1254,.F.);
#1686=ORIENTED_EDGE('',*,*,#1269,.F.);
#1687=ORIENTED_EDGE('',*,*,#1260,.F.);
#1688=ORIENTED_EDGE('',*,*,#1271,.F.);
#1689=ORIENTED_EDGE('',*,*,#1240,.F.);
#1690=ORIENTED_EDGE('',*,*,#1272,.T.);
#1691=ORIENTED_EDGE('',*,*,#1259,.F.);
#1692=ORIENTED_EDGE('',*,*,#1241,.T.);
#1693=ORIENTED_EDGE('',*,*,#1271,.T.);
#1694=ORIENTED_EDGE('',*,*,#1272,.F.);
#1695=ORIENTED_EDGE('',*,*,#1239,.F.);
#1696=ORIENTED_EDGE('',*,*,#1261,.F.);
#1697=ORIENTED_EDGE('',*,*,#1265,.F.);
#1698=ORIENTED_EDGE('',*,*,#1273,.F.);
#1699=ORIENTED_EDGE('',*,*,#1248,.F.);
#1700=ORIENTED_EDGE('',*,*,#1274,.T.);
#1701=ORIENTED_EDGE('',*,*,#1264,.F.);
#1702=ORIENTED_EDGE('',*,*,#1249,.T.);
#1703=ORIENTED_EDGE('',*,*,#1273,.T.);
#1704=ORIENTED_EDGE('',*,*,#1274,.F.);
#1705=ORIENTED_EDGE('',*,*,#1247,.F.);
#1706=ORIENTED_EDGE('',*,*,#1266,.F.);
#1707=ORIENTED_EDGE('',*,*,#1232,.T.);
#1708=ORIENTED_EDGE('',*,*,#1172,.T.);
#1709=ORIENTED_EDGE('',*,*,#1183,.T.);
#1710=ORIENTED_EDGE('',*,*,#1211,.T.);
#1711=ORIENTED_EDGE('',*,*,#1233,.T.);
#1712=ORIENTED_EDGE('',*,*,#1205,.T.);
#1713=ORIENTED_EDGE('',*,*,#1177,.T.);
#1714=ORIENTED_EDGE('',*,*,#1200,.T.);
#1715=ORIENTED_EDGE('',*,*,#1275,.T.);
#1716=ORIENTED_EDGE('',*,*,#1276,.T.);
#1717=ORIENTED_EDGE('',*,*,#1277,.T.);
#1718=ORIENTED_EDGE('',*,*,#1278,.F.);
#1719=ORIENTED_EDGE('',*,*,#1279,.T.);
#1720=ORIENTED_EDGE('',*,*,#1280,.T.);
#1721=ORIENTED_EDGE('',*,*,#1281,.T.);
#1722=ORIENTED_EDGE('',*,*,#1276,.F.);
#1723=ORIENTED_EDGE('',*,*,#1282,.T.);
#1724=ORIENTED_EDGE('',*,*,#1283,.T.);
#1725=ORIENTED_EDGE('',*,*,#1284,.T.);
#1726=ORIENTED_EDGE('',*,*,#1280,.F.);
#1727=ORIENTED_EDGE('',*,*,#1285,.T.);
#1728=ORIENTED_EDGE('',*,*,#1283,.F.);
#1729=ORIENTED_EDGE('',*,*,#1286,.T.);
#1730=ORIENTED_EDGE('',*,*,#1278,.T.);
#1731=ORIENTED_EDGE('',*,*,#1285,.F.);
#1732=ORIENTED_EDGE('',*,*,#1287,.T.);
#1733=ORIENTED_EDGE('',*,*,#1288,.T.);
#1734=ORIENTED_EDGE('',*,*,#1289,.T.);
#1735=ORIENTED_EDGE('',*,*,#1290,.T.);
#1736=ORIENTED_EDGE('',*,*,#1291,.F.);
#1737=ORIENTED_EDGE('',*,*,#1292,.T.);
#1738=ORIENTED_EDGE('',*,*,#1293,.F.);
#1739=ORIENTED_EDGE('',*,*,#1277,.F.);
#1740=ORIENTED_EDGE('',*,*,#1294,.T.);
#1741=ORIENTED_EDGE('',*,*,#1295,.T.);
#1742=ORIENTED_EDGE('',*,*,#1287,.F.);
#1743=ORIENTED_EDGE('',*,*,#1296,.F.);
#1744=ORIENTED_EDGE('',*,*,#1297,.F.);
#1745=ORIENTED_EDGE('',*,*,#1298,.F.);
#1746=ORIENTED_EDGE('',*,*,#1290,.F.);
#1747=ORIENTED_EDGE('',*,*,#1299,.F.);
#1748=ORIENTED_EDGE('',*,*,#1288,.F.);
#1749=ORIENTED_EDGE('',*,*,#1295,.F.);
#1750=ORIENTED_EDGE('',*,*,#1300,.F.);
#1751=ORIENTED_EDGE('',*,*,#1301,.T.);
#1752=ORIENTED_EDGE('',*,*,#1302,.F.);
#1753=ORIENTED_EDGE('',*,*,#1303,.F.);
#1754=ORIENTED_EDGE('',*,*,#1292,.F.);
#1755=ORIENTED_EDGE('',*,*,#1284,.F.);
#1756=ORIENTED_EDGE('',*,*,#1293,.T.);
#1757=ORIENTED_EDGE('',*,*,#1303,.T.);
#1758=ORIENTED_EDGE('',*,*,#1304,.F.);
#1759=ORIENTED_EDGE('',*,*,#1301,.F.);
#1760=ORIENTED_EDGE('',*,*,#1291,.T.);
#1761=ORIENTED_EDGE('',*,*,#1298,.T.);
#1762=ORIENTED_EDGE('',*,*,#1305,.T.);
#1763=ORIENTED_EDGE('',*,*,#1306,.F.);
#1764=ORIENTED_EDGE('',*,*,#1307,.F.);
#1765=ORIENTED_EDGE('',*,*,#1297,.T.);
#1766=ORIENTED_EDGE('',*,*,#1308,.T.);
#1767=ORIENTED_EDGE('',*,*,#1309,.F.);
#1768=ORIENTED_EDGE('',*,*,#1305,.F.);
#1769=ORIENTED_EDGE('',*,*,#1299,.T.);
#1770=ORIENTED_EDGE('',*,*,#1310,.T.);
#1771=ORIENTED_EDGE('',*,*,#1311,.F.);
#1772=ORIENTED_EDGE('',*,*,#1308,.F.);
#1773=ORIENTED_EDGE('',*,*,#1296,.T.);
#1774=ORIENTED_EDGE('',*,*,#1289,.F.);
#1775=ORIENTED_EDGE('',*,*,#1281,.F.);
#1776=ORIENTED_EDGE('',*,*,#1304,.T.);
#1777=ORIENTED_EDGE('',*,*,#1302,.T.);
#1778=ORIENTED_EDGE('',*,*,#1307,.T.);
#1779=ORIENTED_EDGE('',*,*,#1312,.F.);
#1780=ORIENTED_EDGE('',*,*,#1310,.F.);
#1781=ORIENTED_EDGE('',*,*,#1300,.T.);
#1782=ORIENTED_EDGE('',*,*,#1294,.F.);
#1783=ORIENTED_EDGE('',*,*,#1313,.F.);
#1784=ORIENTED_EDGE('',*,*,#1314,.T.);
#1785=ORIENTED_EDGE('',*,*,#1315,.F.);
#1786=ORIENTED_EDGE('',*,*,#1316,.F.);
#1787=ORIENTED_EDGE('',*,*,#1317,.T.);
#1788=ORIENTED_EDGE('',*,*,#1318,.T.);
#1789=ORIENTED_EDGE('',*,*,#1319,.T.);
#1790=ORIENTED_EDGE('',*,*,#1313,.T.);
#1791=ORIENTED_EDGE('',*,*,#1320,.F.);
#1792=ORIENTED_EDGE('',*,*,#1321,.T.);
#1793=ORIENTED_EDGE('',*,*,#1322,.T.);
#1794=ORIENTED_EDGE('',*,*,#1323,.F.);
#1795=ORIENTED_EDGE('',*,*,#1324,.F.);
#1796=ORIENTED_EDGE('',*,*,#1325,.F.);
#1797=ORIENTED_EDGE('',*,*,#1317,.F.);
#1798=ORIENTED_EDGE('',*,*,#1326,.F.);
#1799=ORIENTED_EDGE('',*,*,#1327,.F.);
#1800=ORIENTED_EDGE('',*,*,#1328,.F.);
#1801=ORIENTED_EDGE('',*,*,#1314,.F.);
#1802=ORIENTED_EDGE('',*,*,#1319,.F.);
#1803=ORIENTED_EDGE('',*,*,#1329,.F.);
#1804=ORIENTED_EDGE('',*,*,#1330,.F.);
#1805=ORIENTED_EDGE('',*,*,#1331,.T.);
#1806=ORIENTED_EDGE('',*,*,#1332,.F.);
#1807=ORIENTED_EDGE('',*,*,#1333,.F.);
#1808=ORIENTED_EDGE('',*,*,#1334,.F.);
#1809=ORIENTED_EDGE('',*,*,#1335,.T.);
#1810=ORIENTED_EDGE('',*,*,#1332,.T.);
#1811=ORIENTED_EDGE('',*,*,#1336,.F.);
#1812=ORIENTED_EDGE('',*,*,#1337,.T.);
#1813=ORIENTED_EDGE('',*,*,#1338,.T.);
#1814=ORIENTED_EDGE('',*,*,#1331,.F.);
#1815=ORIENTED_EDGE('',*,*,#1339,.F.);
#1816=ORIENTED_EDGE('',*,*,#1340,.F.);
#1817=ORIENTED_EDGE('',*,*,#1336,.T.);
#1818=ORIENTED_EDGE('',*,*,#1341,.F.);
#1819=ORIENTED_EDGE('',*,*,#1342,.T.);
#1820=ORIENTED_EDGE('',*,*,#1315,.T.);
#1821=ORIENTED_EDGE('',*,*,#1328,.T.);
#1822=ORIENTED_EDGE('',*,*,#1343,.F.);
#1823=ORIENTED_EDGE('',*,*,#1344,.T.);
#1824=ORIENTED_EDGE('',*,*,#1341,.T.);
#1825=ORIENTED_EDGE('',*,*,#1327,.T.);
#1826=ORIENTED_EDGE('',*,*,#1345,.T.);
#1827=ORIENTED_EDGE('',*,*,#1324,.T.);
#1828=ORIENTED_EDGE('',*,*,#1343,.T.);
#1829=ORIENTED_EDGE('',*,*,#1326,.T.);
#1830=ORIENTED_EDGE('',*,*,#1346,.T.);
#1831=ORIENTED_EDGE('',*,*,#1347,.T.);
#1832=ORIENTED_EDGE('',*,*,#1344,.F.);
#1833=ORIENTED_EDGE('',*,*,#1323,.T.);
#1834=ORIENTED_EDGE('',*,*,#1348,.T.);
#1835=ORIENTED_EDGE('',*,*,#1349,.T.);
#1836=ORIENTED_EDGE('',*,*,#1350,.T.);
#1837=ORIENTED_EDGE('',*,*,#1351,.F.);
#1838=ORIENTED_EDGE('',*,*,#1352,.F.);
#1839=ORIENTED_EDGE('',*,*,#1353,.T.);
#1840=ORIENTED_EDGE('',*,*,#1354,.F.);
#1841=ORIENTED_EDGE('',*,*,#1355,.T.);
#1842=ORIENTED_EDGE('',*,*,#1356,.T.);
#1843=ORIENTED_EDGE('',*,*,#1357,.T.);
#1844=ORIENTED_EDGE('',*,*,#1340,.T.);
#1845=ORIENTED_EDGE('',*,*,#1358,.T.);
#1846=ORIENTED_EDGE('',*,*,#1358,.F.);
#1847=ORIENTED_EDGE('',*,*,#1359,.F.);
#1848=ORIENTED_EDGE('',*,*,#1360,.T.);
#1849=ORIENTED_EDGE('',*,*,#1361,.F.);
#1850=ORIENTED_EDGE('',*,*,#1362,.F.);
#1851=ORIENTED_EDGE('',*,*,#1337,.F.);
#1852=ORIENTED_EDGE('',*,*,#1357,.F.);
#1853=ORIENTED_EDGE('',*,*,#1363,.F.);
#1854=ORIENTED_EDGE('',*,*,#1364,.F.);
#1855=ORIENTED_EDGE('',*,*,#1365,.T.);
#1856=ORIENTED_EDGE('',*,*,#1330,.T.);
#1857=ORIENTED_EDGE('',*,*,#1366,.T.);
#1858=ORIENTED_EDGE('',*,*,#1359,.T.);
#1859=ORIENTED_EDGE('',*,*,#1339,.T.);
#1860=ORIENTED_EDGE('',*,*,#1367,.F.);
#1861=ORIENTED_EDGE('',*,*,#1321,.F.);
#1862=ORIENTED_EDGE('',*,*,#1368,.T.);
#1863=ORIENTED_EDGE('',*,*,#1364,.T.);
#1864=ORIENTED_EDGE('',*,*,#1369,.F.);
#1865=ORIENTED_EDGE('',*,*,#1370,.F.);
#1866=ORIENTED_EDGE('',*,*,#1371,.T.);
#1867=ORIENTED_EDGE('',*,*,#1368,.F.);
#1868=ORIENTED_EDGE('',*,*,#1372,.T.);
#1869=ORIENTED_EDGE('',*,*,#1370,.T.);
#1870=ORIENTED_EDGE('',*,*,#1373,.T.);
#1871=ORIENTED_EDGE('',*,*,#1374,.T.);
#1872=ORIENTED_EDGE('',*,*,#1369,.T.);
#1873=ORIENTED_EDGE('',*,*,#1375,.T.);
#1874=ORIENTED_EDGE('',*,*,#1373,.F.);
#1875=ORIENTED_EDGE('',*,*,#1347,.F.);
#1876=ORIENTED_EDGE('',*,*,#1376,.F.);
#1877=ORIENTED_EDGE('',*,*,#1342,.F.);
#1878=ORIENTED_EDGE('',*,*,#1377,.T.);
#1879=ORIENTED_EDGE('',*,*,#1378,.T.);
#1880=ORIENTED_EDGE('',*,*,#1379,.T.);
#1881=ORIENTED_EDGE('',*,*,#1352,.T.);
#1882=ORIENTED_EDGE('',*,*,#1360,.F.);
#1883=ORIENTED_EDGE('',*,*,#1380,.T.);
#1884=ORIENTED_EDGE('',*,*,#1365,.F.);
#1885=ORIENTED_EDGE('',*,*,#1371,.F.);
#1886=ORIENTED_EDGE('',*,*,#1375,.F.);
#1887=ORIENTED_EDGE('',*,*,#1381,.T.);
#1888=ORIENTED_EDGE('',*,*,#1382,.T.);
#1889=ORIENTED_EDGE('',*,*,#1377,.F.);
#1890=ORIENTED_EDGE('',*,*,#1374,.F.);
#1891=ORIENTED_EDGE('',*,*,#1383,.T.);
#1892=ORIENTED_EDGE('',*,*,#1384,.T.);
#1893=ORIENTED_EDGE('',*,*,#1381,.F.);
#1894=ORIENTED_EDGE('',*,*,#1372,.F.);
#1895=ORIENTED_EDGE('',*,*,#1320,.T.);
#1896=ORIENTED_EDGE('',*,*,#1316,.T.);
#1897=ORIENTED_EDGE('',*,*,#1376,.T.);
#1898=ORIENTED_EDGE('',*,*,#1346,.F.);
#1899=ORIENTED_EDGE('',*,*,#1385,.T.);
#1900=ORIENTED_EDGE('',*,*,#1386,.T.);
#1901=ORIENTED_EDGE('',*,*,#1383,.F.);
#1902=ORIENTED_EDGE('',*,*,#1351,.T.);
#1903=ORIENTED_EDGE('',*,*,#1379,.F.);
#1904=ORIENTED_EDGE('',*,*,#1387,.T.);
#1905=ORIENTED_EDGE('',*,*,#1388,.F.);
#1906=ORIENTED_EDGE('',*,*,#1353,.F.);
#1907=ORIENTED_EDGE('',*,*,#1380,.F.);
#1908=ORIENTED_EDGE('',*,*,#1366,.F.);
#1909=ORIENTED_EDGE('',*,*,#1335,.F.);
#1910=ORIENTED_EDGE('',*,*,#1389,.F.);
#1911=ORIENTED_EDGE('',*,*,#1387,.F.);
#1912=ORIENTED_EDGE('',*,*,#1390,.T.);
#1913=ORIENTED_EDGE('',*,*,#1391,.T.);
#1914=ORIENTED_EDGE('',*,*,#1392,.T.);
#1915=ORIENTED_EDGE('',*,*,#1378,.F.);
#1916=ORIENTED_EDGE('',*,*,#1393,.F.);
#1917=ORIENTED_EDGE('',*,*,#1394,.F.);
#1918=ORIENTED_EDGE('',*,*,#1390,.F.);
#1919=ORIENTED_EDGE('',*,*,#1362,.T.);
#1920=ORIENTED_EDGE('',*,*,#1395,.F.);
#1921=ORIENTED_EDGE('',*,*,#1333,.T.);
#1922=ORIENTED_EDGE('',*,*,#1338,.F.);
#1923=ORIENTED_EDGE('',*,*,#1334,.T.);
#1924=ORIENTED_EDGE('',*,*,#1395,.T.);
#1925=ORIENTED_EDGE('',*,*,#1361,.T.);
#1926=ORIENTED_EDGE('',*,*,#1389,.T.);
#1927=ORIENTED_EDGE('',*,*,#1325,.T.);
#1928=ORIENTED_EDGE('',*,*,#1345,.F.);
#1929=ORIENTED_EDGE('',*,*,#1329,.T.);
#1930=ORIENTED_EDGE('',*,*,#1318,.F.);
#1931=ORIENTED_EDGE('',*,*,#1382,.F.);
#1932=ORIENTED_EDGE('',*,*,#1396,.T.);
#1933=ORIENTED_EDGE('',*,*,#1397,.T.);
#1934=ORIENTED_EDGE('',*,*,#1393,.T.);
#1935=ORIENTED_EDGE('',*,*,#1384,.F.);
#1936=ORIENTED_EDGE('',*,*,#1398,.F.);
#1937=ORIENTED_EDGE('',*,*,#1399,.F.);
#1938=ORIENTED_EDGE('',*,*,#1396,.F.);
#1939=ORIENTED_EDGE('',*,*,#1386,.F.);
#1940=ORIENTED_EDGE('',*,*,#1400,.T.);
#1941=ORIENTED_EDGE('',*,*,#1401,.T.);
#1942=ORIENTED_EDGE('',*,*,#1398,.T.);
#1943=ORIENTED_EDGE('',*,*,#1402,.F.);
#1944=ORIENTED_EDGE('',*,*,#1403,.F.);
#1945=ORIENTED_EDGE('',*,*,#1404,.F.);
#1946=ORIENTED_EDGE('',*,*,#1400,.F.);
#1947=ORIENTED_EDGE('',*,*,#1405,.T.);
#1948=ORIENTED_EDGE('',*,*,#1406,.T.);
#1949=ORIENTED_EDGE('',*,*,#1407,.T.);
#1950=ORIENTED_EDGE('',*,*,#1408,.T.);
#1951=ORIENTED_EDGE('',*,*,#1409,.F.);
#1952=ORIENTED_EDGE('',*,*,#1410,.F.);
#1953=ORIENTED_EDGE('',*,*,#1411,.F.);
#1954=ORIENTED_EDGE('',*,*,#1392,.F.);
#1955=ORIENTED_EDGE('',*,*,#1411,.T.);
#1956=ORIENTED_EDGE('',*,*,#1412,.F.);
#1957=ORIENTED_EDGE('',*,*,#1413,.F.);
#1958=ORIENTED_EDGE('',*,*,#1414,.T.);
#1959=ORIENTED_EDGE('',*,*,#1354,.T.);
#1960=ORIENTED_EDGE('',*,*,#1388,.T.);
#1961=ORIENTED_EDGE('',*,*,#1415,.F.);
#1962=ORIENTED_EDGE('',*,*,#1355,.F.);
#1963=ORIENTED_EDGE('',*,*,#1414,.F.);
#1964=ORIENTED_EDGE('',*,*,#1416,.F.);
#1965=ORIENTED_EDGE('',*,*,#1417,.T.);
#1966=ORIENTED_EDGE('',*,*,#1348,.F.);
#1967=ORIENTED_EDGE('',*,*,#1322,.F.);
#1968=ORIENTED_EDGE('',*,*,#1367,.T.);
#1969=ORIENTED_EDGE('',*,*,#1363,.T.);
#1970=ORIENTED_EDGE('',*,*,#1356,.F.);
#1971=ORIENTED_EDGE('',*,*,#1415,.T.);
#1972=ORIENTED_EDGE('',*,*,#1418,.F.);
#1973=ORIENTED_EDGE('',*,*,#1419,.F.);
#1974=ORIENTED_EDGE('',*,*,#1420,.T.);
#1975=ORIENTED_EDGE('',*,*,#1421,.T.);
#1976=ORIENTED_EDGE('',*,*,#1422,.F.);
#1977=ORIENTED_EDGE('',*,*,#1311,.T.);
#1978=ORIENTED_EDGE('',*,*,#1312,.T.);
#1979=ORIENTED_EDGE('',*,*,#1306,.T.);
#1980=ORIENTED_EDGE('',*,*,#1309,.T.);
#1981=ORIENTED_EDGE('',*,*,#1423,.F.);
#1982=ORIENTED_EDGE('',*,*,#1349,.F.);
#1983=ORIENTED_EDGE('',*,*,#1417,.F.);
#1984=ORIENTED_EDGE('',*,*,#1424,.F.);
#1985=ORIENTED_EDGE('',*,*,#1404,.T.);
#1986=ORIENTED_EDGE('',*,*,#1425,.F.);
#1987=ORIENTED_EDGE('',*,*,#1426,.T.);
#1988=ORIENTED_EDGE('',*,*,#1427,.F.);
#1989=ORIENTED_EDGE('',*,*,#1428,.T.);
#1990=ORIENTED_EDGE('',*,*,#1429,.F.);
#1991=ORIENTED_EDGE('',*,*,#1409,.T.);
#1992=ORIENTED_EDGE('',*,*,#1391,.F.);
#1993=ORIENTED_EDGE('',*,*,#1394,.T.);
#1994=ORIENTED_EDGE('',*,*,#1397,.F.);
#1995=ORIENTED_EDGE('',*,*,#1399,.T.);
#1996=ORIENTED_EDGE('',*,*,#1401,.F.);
#1997=ORIENTED_EDGE('',*,*,#1275,.F.);
#1998=ORIENTED_EDGE('',*,*,#1286,.F.);
#1999=ORIENTED_EDGE('',*,*,#1282,.F.);
#2000=ORIENTED_EDGE('',*,*,#1279,.F.);
#2001=ORIENTED_EDGE('',*,*,#1423,.T.);
#2002=ORIENTED_EDGE('',*,*,#1430,.T.);
#2003=ORIENTED_EDGE('',*,*,#1431,.T.);
#2004=ORIENTED_EDGE('',*,*,#1402,.T.);
#2005=ORIENTED_EDGE('',*,*,#1385,.F.);
#2006=ORIENTED_EDGE('',*,*,#1350,.F.);
#2007=ORIENTED_EDGE('',*,*,#1432,.F.);
#2008=ORIENTED_EDGE('',*,*,#1433,.F.);
#2009=ORIENTED_EDGE('',*,*,#1426,.F.);
#2010=ORIENTED_EDGE('',*,*,#1434,.F.);
#2011=ORIENTED_EDGE('',*,*,#1435,.F.);
#2012=ORIENTED_EDGE('',*,*,#1434,.T.);
#2013=ORIENTED_EDGE('',*,*,#1425,.T.);
#2014=ORIENTED_EDGE('',*,*,#1403,.T.);
#2015=ORIENTED_EDGE('',*,*,#1436,.T.);
#2016=ORIENTED_EDGE('',*,*,#1437,.F.);
#2017=ORIENTED_EDGE('',*,*,#1438,.F.);
#2018=ORIENTED_EDGE('',*,*,#1406,.F.);
#2019=ORIENTED_EDGE('',*,*,#1439,.T.);
#2020=ORIENTED_EDGE('',*,*,#1440,.T.);
#2021=ORIENTED_EDGE('',*,*,#1441,.T.);
#2022=ORIENTED_EDGE('',*,*,#1442,.T.);
#2023=ORIENTED_EDGE('',*,*,#1443,.T.);
#2024=ORIENTED_EDGE('',*,*,#1440,.F.);
#2025=ORIENTED_EDGE('',*,*,#1444,.T.);
#2026=ORIENTED_EDGE('',*,*,#1445,.F.);
#2027=ORIENTED_EDGE('',*,*,#1446,.F.);
#2028=ORIENTED_EDGE('',*,*,#1410,.T.);
#2029=ORIENTED_EDGE('',*,*,#1429,.T.);
#2030=ORIENTED_EDGE('',*,*,#1447,.T.);
#2031=ORIENTED_EDGE('',*,*,#1448,.F.);
#2032=ORIENTED_EDGE('',*,*,#1447,.F.);
#2033=ORIENTED_EDGE('',*,*,#1428,.F.);
#2034=ORIENTED_EDGE('',*,*,#1449,.F.);
#2035=ORIENTED_EDGE('',*,*,#1450,.F.);
#2036=ORIENTED_EDGE('',*,*,#1449,.T.);
#2037=ORIENTED_EDGE('',*,*,#1427,.T.);
#2038=ORIENTED_EDGE('',*,*,#1433,.T.);
#2039=ORIENTED_EDGE('',*,*,#1451,.F.);
#2040=ORIENTED_EDGE('',*,*,#1452,.F.);
#2041=ORIENTED_EDGE('',*,*,#1453,.F.);
#2042=ORIENTED_EDGE('',*,*,#1442,.F.);
#2043=ORIENTED_EDGE('',*,*,#1454,.F.);
#2044=ORIENTED_EDGE('',*,*,#1408,.F.);
#2045=ORIENTED_EDGE('',*,*,#1455,.F.);
#2046=ORIENTED_EDGE('',*,*,#1456,.F.);
#2047=ORIENTED_EDGE('',*,*,#1412,.T.);
#2048=ORIENTED_EDGE('',*,*,#1446,.T.);
#2049=ORIENTED_EDGE('',*,*,#1457,.F.);
#2050=ORIENTED_EDGE('',*,*,#1458,.T.);
#2051=ORIENTED_EDGE('',*,*,#1457,.T.);
#2052=ORIENTED_EDGE('',*,*,#1448,.T.);
#2053=ORIENTED_EDGE('',*,*,#1459,.F.);
#2054=ORIENTED_EDGE('',*,*,#1460,.F.);
#2055=ORIENTED_EDGE('',*,*,#1461,.T.);
#2056=ORIENTED_EDGE('',*,*,#1454,.T.);
#2057=ORIENTED_EDGE('',*,*,#1462,.T.);
#2058=ORIENTED_EDGE('',*,*,#1463,.F.);
#2059=ORIENTED_EDGE('',*,*,#1464,.F.);
#2060=ORIENTED_EDGE('',*,*,#1459,.T.);
#2061=ORIENTED_EDGE('',*,*,#1450,.T.);
#2062=ORIENTED_EDGE('',*,*,#1465,.F.);
#2063=ORIENTED_EDGE('',*,*,#1466,.F.);
#2064=ORIENTED_EDGE('',*,*,#1465,.T.);
#2065=ORIENTED_EDGE('',*,*,#1432,.T.);
#2066=ORIENTED_EDGE('',*,*,#1467,.T.);
#2067=ORIENTED_EDGE('',*,*,#1468,.T.);
#2068=ORIENTED_EDGE('',*,*,#1469,.F.);
#2069=ORIENTED_EDGE('',*,*,#1451,.T.);
#2070=ORIENTED_EDGE('',*,*,#1470,.F.);
#2071=ORIENTED_EDGE('',*,*,#1471,.F.);
#2072=ORIENTED_EDGE('',*,*,#1467,.F.);
#2073=ORIENTED_EDGE('',*,*,#1435,.T.);
#2074=ORIENTED_EDGE('',*,*,#1431,.F.);
#2075=ORIENTED_EDGE('',*,*,#1472,.F.);
#2076=ORIENTED_EDGE('',*,*,#1461,.F.);
#2077=ORIENTED_EDGE('',*,*,#1473,.T.);
#2078=ORIENTED_EDGE('',*,*,#1419,.T.);
#2079=ORIENTED_EDGE('',*,*,#1474,.F.);
#2080=ORIENTED_EDGE('',*,*,#1475,.F.);
#2081=ORIENTED_EDGE('',*,*,#1436,.F.);
#2082=ORIENTED_EDGE('',*,*,#1405,.F.);
#2083=ORIENTED_EDGE('',*,*,#1476,.T.);
#2084=ORIENTED_EDGE('',*,*,#1477,.T.);
#2085=ORIENTED_EDGE('',*,*,#1466,.T.);
#2086=ORIENTED_EDGE('',*,*,#1478,.T.);
#2087=ORIENTED_EDGE('',*,*,#1464,.T.);
#2088=ORIENTED_EDGE('',*,*,#1477,.F.);
#2089=ORIENTED_EDGE('',*,*,#1478,.F.);
#2090=ORIENTED_EDGE('',*,*,#1476,.F.);
#2091=ORIENTED_EDGE('',*,*,#1471,.T.);
#2092=ORIENTED_EDGE('',*,*,#1479,.F.);
#2093=ORIENTED_EDGE('',*,*,#1460,.T.);
#2094=ORIENTED_EDGE('',*,*,#1420,.F.);
#2095=ORIENTED_EDGE('',*,*,#1473,.F.);
#2096=ORIENTED_EDGE('',*,*,#1479,.T.);
#2097=ORIENTED_EDGE('',*,*,#1480,.T.);
#2098=ORIENTED_EDGE('',*,*,#1481,.F.);
#2099=ORIENTED_EDGE('',*,*,#1462,.F.);
#2100=ORIENTED_EDGE('',*,*,#1482,.F.);
#2101=ORIENTED_EDGE('',*,*,#1463,.T.);
#2102=ORIENTED_EDGE('',*,*,#1481,.T.);
#2103=ORIENTED_EDGE('',*,*,#1483,.F.);
#2104=ORIENTED_EDGE('',*,*,#1474,.T.);
#2105=ORIENTED_EDGE('',*,*,#1418,.T.);
#2106=ORIENTED_EDGE('',*,*,#1416,.T.);
#2107=ORIENTED_EDGE('',*,*,#1413,.T.);
#2108=ORIENTED_EDGE('',*,*,#1458,.F.);
#2109=ORIENTED_EDGE('',*,*,#1441,.F.);
#2110=ORIENTED_EDGE('',*,*,#1443,.F.);
#2111=ORIENTED_EDGE('',*,*,#1484,.F.);
#2112=ORIENTED_EDGE('',*,*,#1485,.F.);
#2113=ORIENTED_EDGE('',*,*,#1421,.F.);
#2114=ORIENTED_EDGE('',*,*,#1480,.F.);
#2115=ORIENTED_EDGE('',*,*,#1470,.T.);
#2116=ORIENTED_EDGE('',*,*,#1486,.F.);
#2117=ORIENTED_EDGE('',*,*,#1487,.F.);
#2118=ORIENTED_EDGE('',*,*,#1469,.T.);
#2119=ORIENTED_EDGE('',*,*,#1468,.F.);
#2120=ORIENTED_EDGE('',*,*,#1472,.T.);
#2121=ORIENTED_EDGE('',*,*,#1430,.F.);
#2122=ORIENTED_EDGE('',*,*,#1424,.T.);
#2123=ORIENTED_EDGE('',*,*,#1422,.T.);
#2124=ORIENTED_EDGE('',*,*,#1485,.T.);
#2125=ORIENTED_EDGE('',*,*,#1488,.T.);
#2126=ORIENTED_EDGE('',*,*,#1486,.T.);
#2127=ORIENTED_EDGE('',*,*,#1489,.F.);
#2128=ORIENTED_EDGE('',*,*,#1444,.F.);
#2129=ORIENTED_EDGE('',*,*,#1439,.F.);
#2130=ORIENTED_EDGE('',*,*,#1453,.T.);
#2131=ORIENTED_EDGE('',*,*,#1490,.F.);
#2132=ORIENTED_EDGE('',*,*,#1491,.T.);
#2133=ORIENTED_EDGE('',*,*,#1492,.T.);
#2134=ORIENTED_EDGE('',*,*,#1437,.T.);
#2135=ORIENTED_EDGE('',*,*,#1475,.T.);
#2136=ORIENTED_EDGE('',*,*,#1493,.T.);
#2137=ORIENTED_EDGE('',*,*,#1490,.T.);
#2138=ORIENTED_EDGE('',*,*,#1452,.T.);
#2139=ORIENTED_EDGE('',*,*,#1487,.T.);
#2140=ORIENTED_EDGE('',*,*,#1494,.T.);
#2141=ORIENTED_EDGE('',*,*,#1491,.F.);
#2142=ORIENTED_EDGE('',*,*,#1494,.F.);
#2143=ORIENTED_EDGE('',*,*,#1488,.F.);
#2144=ORIENTED_EDGE('',*,*,#1495,.T.);
#2145=ORIENTED_EDGE('',*,*,#1489,.T.);
#2146=ORIENTED_EDGE('',*,*,#1495,.F.);
#2147=ORIENTED_EDGE('',*,*,#1484,.T.);
#2148=ORIENTED_EDGE('',*,*,#1445,.T.);
#2149=ORIENTED_EDGE('',*,*,#1496,.F.);
#2150=ORIENTED_EDGE('',*,*,#1497,.T.);
#2151=ORIENTED_EDGE('',*,*,#1482,.T.);
#2152=ORIENTED_EDGE('',*,*,#1456,.T.);
#2153=ORIENTED_EDGE('',*,*,#1498,.F.);
#2154=ORIENTED_EDGE('',*,*,#1496,.T.);
#2155=ORIENTED_EDGE('',*,*,#1455,.T.);
#2156=ORIENTED_EDGE('',*,*,#1407,.F.);
#2157=ORIENTED_EDGE('',*,*,#1438,.T.);
#2158=ORIENTED_EDGE('',*,*,#1492,.F.);
#2159=ORIENTED_EDGE('',*,*,#1498,.T.);
#2160=ORIENTED_EDGE('',*,*,#1493,.F.);
#2161=ORIENTED_EDGE('',*,*,#1483,.T.);
#2162=ORIENTED_EDGE('',*,*,#1497,.F.);
#2163=CYLINDRICAL_SURFACE('',#2343,3.);
#2164=CYLINDRICAL_SURFACE('',#2359,3.);
#2165=CYLINDRICAL_SURFACE('',#2363,3.);
#2166=CYLINDRICAL_SURFACE('',#2366,3.);
#2167=CYLINDRICAL_SURFACE('',#2370,3.00000000000029);
#2168=CYLINDRICAL_SURFACE('',#2373,3.00000000000003);
#2169=CYLINDRICAL_SURFACE('',#2384,3.00000000000033);
#2170=CYLINDRICAL_SURFACE('',#2386,2.99999999999999);
#2171=CYLINDRICAL_SURFACE('',#2389,3.00000000000001);
#2172=CYLINDRICAL_SURFACE('',#2390,2.99999999999999);
#2173=CYLINDRICAL_SURFACE('',#2391,2.8);
#2174=CYLINDRICAL_SURFACE('',#2396,2.8);
#2175=CYLINDRICAL_SURFACE('',#2401,2.8);
#2176=CYLINDRICAL_SURFACE('',#2406,2.8);
#2177=CYLINDRICAL_SURFACE('',#2411,3.);
#2178=CYLINDRICAL_SURFACE('',#2412,3.);
#2179=CYLINDRICAL_SURFACE('',#2428,2.);
#2180=CYLINDRICAL_SURFACE('',#2439,2.);
#2181=CYLINDRICAL_SURFACE('',#2443,2.99999999999994);
#2182=CYLINDRICAL_SURFACE('',#2447,2.9999999999999);
#2183=CYLINDRICAL_SURFACE('',#2455,2.);
#2184=CYLINDRICAL_SURFACE('',#2456,2.99999999999997);
#2185=CYLINDRICAL_SURFACE('',#2472,3.);
#2186=CYLINDRICAL_SURFACE('',#2476,2.);
#2187=CYLINDRICAL_SURFACE('',#2478,3.);
#2188=CYLINDRICAL_SURFACE('',#2481,3.);
#2189=CYLINDRICAL_SURFACE('',#2484,2.);
#2190=CYLINDRICAL_SURFACE('',#2503,3.);
#2191=CYLINDRICAL_SURFACE('',#2506,2.);
#2192=CYLINDRICAL_SURFACE('',#2510,3.);
#2193=CYLINDRICAL_SURFACE('',#2513,3.);
#2194=CYLINDRICAL_SURFACE('',#2529,2.99999999999999);
#2195=CYLINDRICAL_SURFACE('',#2532,2.99999999999994);
#2196=CYLINDRICAL_SURFACE('',#2536,2.99999999999992);
#2197=CYLINDRICAL_SURFACE('',#2540,2.);
#2198=CYLINDRICAL_SURFACE('',#2543,2.);
#2199=ADVANCED_FACE('',(#135),#2163,.T.);
#2200=ADVANCED_FACE('',(#136),#49,.T.);
#2201=ADVANCED_FACE('',(#137,#45),#50,.T.);
#2202=ADVANCED_FACE('',(#138),#2164,.T.);
#2203=ADVANCED_FACE('',(#139),#51,.T.);
#2204=ADVANCED_FACE('',(#140),#52,.T.);
#2205=ADVANCED_FACE('',(#141),#2165,.T.);
#2206=ADVANCED_FACE('',(#142),#53,.T.);
#2207=ADVANCED_FACE('',(#143),#2166,.T.);
#2208=ADVANCED_FACE('',(#144),#54,.T.);
#2209=ADVANCED_FACE('',(#145),#55,.T.);
#2210=ADVANCED_FACE('',(#146),#2167,.F.);
#2211=ADVANCED_FACE('',(#147),#56,.T.);
#2212=ADVANCED_FACE('',(#148),#2168,.F.);
#2213=ADVANCED_FACE('',(#149),#57,.T.);
#2214=ADVANCED_FACE('',(#150),#58,.T.);
#2215=ADVANCED_FACE('',(#151,#46),#59,.F.);
#2216=ADVANCED_FACE('',(#152),#2169,.F.);
#2217=ADVANCED_FACE('',(#153),#60,.T.);
#2218=ADVANCED_FACE('',(#154),#2170,.F.);
#2219=ADVANCED_FACE('',(#155),#61,.T.);
#2220=ADVANCED_FACE('',(#156),#62,.T.);
#2221=ADVANCED_FACE('',(#157),#2171,.F.);
#2222=ADVANCED_FACE('',(#158),#2172,.F.);
#2223=ADVANCED_FACE('',(#159),#2173,.T.);
#2224=ADVANCED_FACE('',(#160),#63,.T.);
#2225=ADVANCED_FACE('',(#161),#64,.F.);
#2226=ADVANCED_FACE('',(#162),#2174,.T.);
#2227=ADVANCED_FACE('',(#163),#65,.T.);
#2228=ADVANCED_FACE('',(#164),#66,.F.);
#2229=ADVANCED_FACE('',(#165),#2175,.T.);
#2230=ADVANCED_FACE('',(#166),#67,.T.);
#2231=ADVANCED_FACE('',(#167),#68,.F.);
#2232=ADVANCED_FACE('',(#168),#2176,.T.);
#2233=ADVANCED_FACE('',(#169),#69,.T.);
#2234=ADVANCED_FACE('',(#170),#70,.F.);
#2235=ADVANCED_FACE('',(#171),#2177,.T.);
#2236=ADVANCED_FACE('',(#172),#2178,.T.);
#2237=ADVANCED_FACE('',(#173),#71,.T.);
#2238=ADVANCED_FACE('',(#174),#72,.T.);
#2239=ADVANCED_FACE('',(#175),#73,.T.);
#2240=ADVANCED_FACE('',(#176),#74,.T.);
#2241=ADVANCED_FACE('',(#177),#75,.F.);
#2242=ADVANCED_FACE('',(#178),#76,.F.);
#2243=ADVANCED_FACE('',(#179),#77,.F.);
#2244=ADVANCED_FACE('',(#180),#78,.F.);
#2245=ADVANCED_FACE('',(#181),#79,.F.);
#2246=ADVANCED_FACE('',(#182),#80,.F.);
#2247=ADVANCED_FACE('',(#183),#81,.F.);
#2248=ADVANCED_FACE('',(#184),#82,.F.);
#2249=ADVANCED_FACE('',(#185),#83,.F.);
#2250=ADVANCED_FACE('',(#186),#84,.F.);
#2251=ADVANCED_FACE('',(#187),#85,.F.);
#2252=ADVANCED_FACE('',(#188),#2179,.F.);
#2253=ADVANCED_FACE('',(#189),#86,.F.);
#2254=ADVANCED_FACE('',(#190),#87,.T.);
#2255=ADVANCED_FACE('',(#191),#88,.T.);
#2256=ADVANCED_FACE('',(#192),#89,.F.);
#2257=ADVANCED_FACE('',(#193),#90,.T.);
#2258=ADVANCED_FACE('',(#194),#2180,.F.);
#2259=ADVANCED_FACE('',(#195),#91,.T.);
#2260=ADVANCED_FACE('',(#196),#92,.F.);
#2261=ADVANCED_FACE('',(#197),#2181,.T.);
#2262=ADVANCED_FACE('',(#198),#2182,.T.);
#2263=ADVANCED_FACE('',(#199),#93,.F.);
#2264=ADVANCED_FACE('',(#200),#94,.F.);
#2265=ADVANCED_FACE('',(#201),#2183,.F.);
#2266=ADVANCED_FACE('',(#202),#2184,.T.);
#2267=ADVANCED_FACE('',(#203),#95,.T.);
#2268=ADVANCED_FACE('',(#204),#96,.F.);
#2269=ADVANCED_FACE('',(#205),#97,.F.);
#2270=ADVANCED_FACE('',(#206),#98,.F.);
#2271=ADVANCED_FACE('',(#207),#99,.T.);
#2272=ADVANCED_FACE('',(#208),#15,.T.);
#2273=ADVANCED_FACE('',(#209),#100,.T.);
#2274=ADVANCED_FACE('',(#210),#16,.T.);
#2275=ADVANCED_FACE('',(#211),#17,.T.);
#2276=ADVANCED_FACE('',(#212),#101,.F.);
#2277=ADVANCED_FACE('',(#213),#2185,.T.);
#2278=ADVANCED_FACE('',(#214),#102,.T.);
#2279=ADVANCED_FACE('',(#215),#103,.T.);
#2280=ADVANCED_FACE('',(#216),#2186,.F.);
#2281=ADVANCED_FACE('',(#217),#104,.T.);
#2282=ADVANCED_FACE('',(#218),#2187,.T.);
#2283=ADVANCED_FACE('',(#219),#105,.T.);
#2284=ADVANCED_FACE('',(#220),#2188,.T.);
#2285=ADVANCED_FACE('',(#221),#106,.T.);
#2286=ADVANCED_FACE('',(#222),#2189,.F.);
#2287=ADVANCED_FACE('',(#223),#107,.T.);
#2288=ADVANCED_FACE('',(#224),#108,.T.);
#2289=ADVANCED_FACE('',(#225),#109,.F.);
#2290=ADVANCED_FACE('',(#226,#47),#110,.T.);
#2291=ADVANCED_FACE('',(#227),#111,.F.);
#2292=ADVANCED_FACE('',(#228,#48),#112,.T.);
#2293=ADVANCED_FACE('',(#229),#113,.T.);
#2294=ADVANCED_FACE('',(#230),#114,.T.);
#2295=ADVANCED_FACE('',(#231),#2190,.T.);
#2296=ADVANCED_FACE('',(#232),#115,.T.);
#2297=ADVANCED_FACE('',(#233),#2191,.F.);
#2298=ADVANCED_FACE('',(#234),#116,.T.);
#2299=ADVANCED_FACE('',(#235),#2192,.T.);
#2300=ADVANCED_FACE('',(#236),#117,.T.);
#2301=ADVANCED_FACE('',(#237),#2193,.T.);
#2302=ADVANCED_FACE('',(#238),#118,.F.);
#2303=ADVANCED_FACE('',(#239),#119,.F.);
#2304=ADVANCED_FACE('',(#240),#18,.T.);
#2305=ADVANCED_FACE('',(#241),#120,.T.);
#2306=ADVANCED_FACE('',(#242),#19,.T.);
#2307=ADVANCED_FACE('',(#243),#121,.T.);
#2308=ADVANCED_FACE('',(#244),#20,.T.);
#2309=ADVANCED_FACE('',(#245),#122,.F.);
#2310=ADVANCED_FACE('',(#246),#123,.F.);
#2311=ADVANCED_FACE('',(#247),#124,.F.);
#2312=ADVANCED_FACE('',(#248),#125,.T.);
#2313=ADVANCED_FACE('',(#249),#2194,.T.);
#2314=ADVANCED_FACE('',(#250),#126,.F.);
#2315=ADVANCED_FACE('',(#251),#2195,.T.);
#2316=ADVANCED_FACE('',(#252),#127,.F.);
#2317=ADVANCED_FACE('',(#253),#128,.F.);
#2318=ADVANCED_FACE('',(#254),#2196,.T.);
#2319=ADVANCED_FACE('',(#255),#129,.T.);
#2320=ADVANCED_FACE('',(#256),#130,.F.);
#2321=ADVANCED_FACE('',(#257),#2197,.F.);
#2322=ADVANCED_FACE('',(#258),#131,.T.);
#2323=ADVANCED_FACE('',(#259),#132,.F.);
#2324=ADVANCED_FACE('',(#260),#2198,.F.);
#2325=ADVANCED_FACE('',(#261),#133,.T.);
#2326=ADVANCED_FACE('',(#262),#134,.T.);
#2327=CLOSED_SHELL('',(#2199,#2200,#2201,#2202,#2203,#2204,#2205,#2206,
#2207,#2208,#2209,#2210,#2211,#2212,#2213,#2214,#2215,#2216,#2217,#2218,
#2219,#2220,#2221,#2222,#2223,#2224,#2225,#2226,#2227,#2228,#2229,#2230,
#2231,#2232,#2233,#2234,#2235,#2236));
#2328=CLOSED_SHELL('',(#2237,#2238,#2239,#2240,#2241,#2242,#2243,#2244,
#2245,#2246,#2247,#2248,#2249,#2250,#2251,#2252,#2253,#2254,#2255,#2256,
#2257,#2258,#2259,#2260,#2261,#2262,#2263,#2264,#2265,#2266,#2267,#2268,
#2269,#2270,#2271,#2272,#2273,#2274,#2275,#2276,#2277,#2278,#2279,#2280,
#2281,#2282,#2283,#2284,#2285,#2286,#2287,#2288,#2289,#2290,#2291,#2292,
#2293,#2294,#2295,#2296,#2297,#2298,#2299,#2300,#2301,#2302,#2303,#2304,
#2305,#2306,#2307,#2308,#2309,#2310,#2311,#2312,#2313,#2314,#2315,#2316,
#2317,#2318,#2319,#2320,#2321,#2322,#2323,#2324,#2325,#2326));
#2329=DERIVED_UNIT_ELEMENT(#2331,1.);
#2330=DERIVED_UNIT_ELEMENT(#3936,-3.);
#2331=(
MASS_UNIT()
NAMED_UNIT(*)
SI_UNIT(.KILO.,.GRAM.)
);
#2332=DERIVED_UNIT((#2329,#2330));
#2333=MEASURE_REPRESENTATION_ITEM('density measure',
POSITIVE_RATIO_MEASURE(1060.),#2332);
#2334=PROPERTY_DEFINITION_REPRESENTATION(#2339,#2336);
#2335=PROPERTY_DEFINITION_REPRESENTATION(#2340,#2337);
#2336=REPRESENTATION('material name',(#2338),#3933);
#2337=REPRESENTATION('density',(#2333),#3933);
#2338=DESCRIPTIVE_REPRESENTATION_ITEM('ABS-Kunststoff','ABS-Kunststoff');
#2339=PROPERTY_DEFINITION('material property','material name',#3948);
#2340=PROPERTY_DEFINITION('material property','density of part',#3948);
#2341=AXIS2_PLACEMENT_3D('',#3210,#2548,#2549);
#2342=AXIS2_PLACEMENT_3D('',#3211,#2550,#2551);
#2343=AXIS2_PLACEMENT_3D('',#3212,#2552,#2553);
#2344=AXIS2_PLACEMENT_3D('',#3215,#2554,#2555);
#2345=AXIS2_PLACEMENT_3D('',#3219,#2557,#2558);
#2346=AXIS2_PLACEMENT_3D('',#3221,#2560,#2561);
#2347=AXIS2_PLACEMENT_3D('',#3227,#2565,#2566);
#2348=AXIS2_PLACEMENT_3D('',#3231,#2568,#2569);
#2349=AXIS2_PLACEMENT_3D('',#3235,#2571,#2572);
#2350=AXIS2_PLACEMENT_3D('',#3239,#2574,#2575);
#2351=AXIS2_PLACEMENT_3D('',#3243,#2577,#2578);
#2352=AXIS2_PLACEMENT_3D('',#3246,#2580,#2581);
#2353=AXIS2_PLACEMENT_3D('',#3251,#2583,#2584);
#2354=AXIS2_PLACEMENT_3D('',#3255,#2586,#2587);
#2355=AXIS2_PLACEMENT_3D('',#3259,#2589,#2590);
#2356=AXIS2_PLACEMENT_3D('',#3263,#2592,#2593);
#2357=AXIS2_PLACEMENT_3D('',#3267,#2595,#2596);
#2358=AXIS2_PLACEMENT_3D('',#3270,#2598,#2599);
#2359=AXIS2_PLACEMENT_3D('',#3271,#2600,#2601);
#2360=AXIS2_PLACEMENT_3D('',#3274,#2602,#2603);
#2361=AXIS2_PLACEMENT_3D('',#3277,#2606,#2607);
#2362=AXIS2_PLACEMENT_3D('',#3281,#2610,#2611);
#2363=AXIS2_PLACEMENT_3D('',#3283,#2613,#2614);
#2364=AXIS2_PLACEMENT_3D('',#3286,#2615,#2616);
#2365=AXIS2_PLACEMENT_3D('',#3289,#2619,#2620);
#2366=AXIS2_PLACEMENT_3D('',#3293,#2623,#2624);
#2367=AXIS2_PLACEMENT_3D('',#3296,#2625,#2626);
#2368=AXIS2_PLACEMENT_3D('',#3299,#2629,#2630);
#2369=AXIS2_PLACEMENT_3D('',#3303,#2633,#2634);
#2370=AXIS2_PLACEMENT_3D('',#3305,#2636,#2637);
#2371=AXIS2_PLACEMENT_3D('',#3308,#2638,#2639);
#2372=AXIS2_PLACEMENT_3D('',#3311,#2642,#2643);
#2373=AXIS2_PLACEMENT_3D('',#3315,#2646,#2647);
#2374=AXIS2_PLACEMENT_3D('',#3317,#2648,#2649);
#2375=AXIS2_PLACEMENT_3D('',#3319,#2651,#2652);
#2376=AXIS2_PLACEMENT_3D('',#3331,#2659,#2660);
#2377=AXIS2_PLACEMENT_3D('',#3343,#2667,#2668);
#2378=AXIS2_PLACEMENT_3D('',#3344,#2669,#2670);
#2379=AXIS2_PLACEMENT_3D('',#3345,#2671,#2672);
#2380=AXIS2_PLACEMENT_3D('',#3352,#2676,#2677);
#2381=AXIS2_PLACEMENT_3D('',#3364,#2683,#2684);
#2382=AXIS2_PLACEMENT_3D('',#3368,#2686,#2687);
#2383=AXIS2_PLACEMENT_3D('',#3379,#2693,#2694);
#2384=AXIS2_PLACEMENT_3D('',#3385,#2698,#2699);
#2385=AXIS2_PLACEMENT_3D('',#3388,#2702,#2703);
#2386=AXIS2_PLACEMENT_3D('',#3390,#2705,#2706);
#2387=AXIS2_PLACEMENT_3D('',#3392,#2708,#2709);
#2388=AXIS2_PLACEMENT_3D('',#3399,#2714,#2715);
#2389=AXIS2_PLACEMENT_3D('',#3406,#2720,#2721);
#2390=AXIS2_PLACEMENT_3D('',#3407,#2722,#2723);
#2391=AXIS2_PLACEMENT_3D('',#3408,#2724,#2725);
#2392=AXIS2_PLACEMENT_3D('',#3409,#2726,#2727);
#2393=AXIS2_PLACEMENT_3D('',#3410,#2728,#2729);
#2394=AXIS2_PLACEMENT_3D('',#3411,#2730,#2731);
#2395=AXIS2_PLACEMENT_3D('',#3412,#2732,#2733);
#2396=AXIS2_PLACEMENT_3D('',#3413,#2734,#2735);
#2397=AXIS2_PLACEMENT_3D('',#3414,#2736,#2737);
#2398=AXIS2_PLACEMENT_3D('',#3415,#2738,#2739);
#2399=AXIS2_PLACEMENT_3D('',#3416,#2740,#2741);
#2400=AXIS2_PLACEMENT_3D('',#3417,#2742,#2743);
#2401=AXIS2_PLACEMENT_3D('',#3418,#2744,#2745);
#2402=AXIS2_PLACEMENT_3D('',#3419,#2746,#2747);
#2403=AXIS2_PLACEMENT_3D('',#3420,#2748,#2749);
#2404=AXIS2_PLACEMENT_3D('',#3421,#2750,#2751);
#2405=AXIS2_PLACEMENT_3D('',#3422,#2752,#2753);
#2406=AXIS2_PLACEMENT_3D('',#3423,#2754,#2755);
#2407=AXIS2_PLACEMENT_3D('',#3424,#2756,#2757);
#2408=AXIS2_PLACEMENT_3D('',#3425,#2758,#2759);
#2409=AXIS2_PLACEMENT_3D('',#3426,#2760,#2761);
#2410=AXIS2_PLACEMENT_3D('',#3427,#2762,#2763);
#2411=AXIS2_PLACEMENT_3D('',#3428,#2764,#2765);
#2412=AXIS2_PLACEMENT_3D('',#3429,#2766,#2767);
#2413=AXIS2_PLACEMENT_3D('',#3430,#2768,#2769);
#2414=AXIS2_PLACEMENT_3D('',#3439,#2774,#2775);
#2415=AXIS2_PLACEMENT_3D('',#3445,#2779,#2780);
#2416=AXIS2_PLACEMENT_3D('',#3451,#2784,#2785);
#2417=AXIS2_PLACEMENT_3D('',#3454,#2788,#2789);
#2418=AXIS2_PLACEMENT_3D('',#3468,#2797,#2798);
#2419=AXIS2_PLACEMENT_3D('',#3472,#2801,#2802);
#2420=AXIS2_PLACEMENT_3D('',#3478,#2806,#2807);
#2421=AXIS2_PLACEMENT_3D('',#3482,#2810,#2811);
#2422=AXIS2_PLACEMENT_3D('',#3488,#2815,#2816);
#2423=AXIS2_PLACEMENT_3D('',#3490,#2818,#2819);
#2424=AXIS2_PLACEMENT_3D('',#3496,#2823,#2824);
#2425=AXIS2_PLACEMENT_3D('',#3500,#2827,#2828);
#2426=AXIS2_PLACEMENT_3D('',#3504,#2831,#2832);
#2427=AXIS2_PLACEMENT_3D('',#3506,#2834,#2835);
#2428=AXIS2_PLACEMENT_3D('',#3515,#2840,#2841);
#2429=AXIS2_PLACEMENT_3D('',#3517,#2842,#2843);
#2430=AXIS2_PLACEMENT_3D('',#3520,#2845,#2846);
#2431=AXIS2_PLACEMENT_3D('',#3521,#2847,#2848);
#2432=AXIS2_PLACEMENT_3D('',#3533,#2855,#2856);
#2433=AXIS2_PLACEMENT_3D('',#3539,#2859,#2860);
#2434=AXIS2_PLACEMENT_3D('',#3541,#2862,#2863);
#2435=AXIS2_PLACEMENT_3D('',#3544,#2864,#2865);
#2436=AXIS2_PLACEMENT_3D('',#3552,#2869,#2870);
#2437=AXIS2_PLACEMENT_3D('',#3554,#2872,#2873);
#2438=AXIS2_PLACEMENT_3D('',#3560,#2877,#2878);
#2439=AXIS2_PLACEMENT_3D('',#3564,#2881,#2882);
#2440=AXIS2_PLACEMENT_3D('',#3567,#2884,#2885);
#2441=AXIS2_PLACEMENT_3D('',#3568,#2886,#2887);
#2442=AXIS2_PLACEMENT_3D('',#3571,#2890,#2891);
#2443=AXIS2_PLACEMENT_3D('',#3573,#2893,#2894);
#2444=AXIS2_PLACEMENT_3D('',#3576,#2895,#2896);
#2445=AXIS2_PLACEMENT_3D('',#3579,#2898,#2899);
#2446=AXIS2_PLACEMENT_3D('',#3583,#2901,#2902);
#2447=AXIS2_PLACEMENT_3D('',#3595,#2903,#2904);
#2448=AXIS2_PLACEMENT_3D('',#3598,#2905,#2906);
#2449=AXIS2_PLACEMENT_3D('',#3612,#2907,#2908);
#2450=AXIS2_PLACEMENT_3D('',#3616,#2910,#2911);
#2451=AXIS2_PLACEMENT_3D('',#3619,#2914,#2915);
#2452=AXIS2_PLACEMENT_3D('',#3621,#2916,#2917);
#2453=AXIS2_PLACEMENT_3D('',#3623,#2919,#2920);
#2454=AXIS2_PLACEMENT_3D('',#3626,#2921,#2922);
#2455=AXIS2_PLACEMENT_3D('',#3633,#2927,#2928);
#2456=AXIS2_PLACEMENT_3D('',#3635,#2930,#2931);
#2457=AXIS2_PLACEMENT_3D('',#3636,#2932,#2933);
#2458=AXIS2_PLACEMENT_3D('',#3637,#2934,#2935);
#2459=AXIS2_PLACEMENT_3D('',#3638,#2936,#2937);
#2460=AXIS2_PLACEMENT_3D('',#3646,#2942,#2943);
#2461=AXIS2_PLACEMENT_3D('',#3652,#2945,#2946);
#2462=AXIS2_PLACEMENT_3D('',#3656,#2947,#2948);
#2463=AXIS2_PLACEMENT_3D('',#3658,#2950,#2951);
#2464=AXIS2_PLACEMENT_3D('',#3665,#2956,#2957);
#2465=AXIS2_PLACEMENT_3D('',#3668,#2959,#2960);
#2466=AXIS2_PLACEMENT_3D('',#3669,#2961,#2962);
#2467=AXIS2_PLACEMENT_3D('',#3673,#2965,#2966);
#2468=AXIS2_PLACEMENT_3D('',#3676,#2968,#2969);
#2469=AXIS2_PLACEMENT_3D('',#3677,#2970,#2971);
#2470=AXIS2_PLACEMENT_3D('',#3679,#2972,#2973);
#2471=AXIS2_PLACEMENT_3D('',#3681,#2975,#2976);
#2472=AXIS2_PLACEMENT_3D('',#3683,#2978,#2979);
#2473=AXIS2_PLACEMENT_3D('',#3687,#2981,#2982);
#2474=AXIS2_PLACEMENT_3D('',#3689,#2984,#2985);
#2475=AXIS2_PLACEMENT_3D('',#3693,#2988,#2989);
#2476=AXIS2_PLACEMENT_3D('',#3695,#2991,#2992);
#2477=AXIS2_PLACEMENT_3D('',#3696,#2993,#2994);
#2478=AXIS2_PLACEMENT_3D('',#3697,#2995,#2996);
#2479=AXIS2_PLACEMENT_3D('',#3700,#2998,#2999);
#2480=AXIS2_PLACEMENT_3D('',#3701,#3000,#3001);
#2481=AXIS2_PLACEMENT_3D('',#3705,#3004,#3005);
#2482=AXIS2_PLACEMENT_3D('',#3708,#3007,#3008);
#2483=AXIS2_PLACEMENT_3D('',#3709,#3009,#3010);
#2484=AXIS2_PLACEMENT_3D('',#3715,#3014,#3015);
#2485=AXIS2_PLACEMENT_3D('',#3718,#3016,#3017);
#2486=AXIS2_PLACEMENT_3D('',#3722,#3019,#3020);
#2487=AXIS2_PLACEMENT_3D('',#3724,#3022,#3023);
#2488=AXIS2_PLACEMENT_3D('',#3730,#3027,#3028);
#2489=AXIS2_PLACEMENT_3D('',#3734,#3030,#3031);
#2490=AXIS2_PLACEMENT_3D('',#3736,#3033,#3034);
#2491=AXIS2_PLACEMENT_3D('',#3740,#3037,#3038);
#2492=AXIS2_PLACEMENT_3D('',#3744,#3040,#3041);
#2493=AXIS2_PLACEMENT_3D('',#3748,#3043,#3044);
#2494=AXIS2_PLACEMENT_3D('',#3751,#3046,#3047);
#2495=AXIS2_PLACEMENT_3D('',#3752,#3048,#3049);
#2496=AXIS2_PLACEMENT_3D('',#3756,#3052,#3053);
#2497=AXIS2_PLACEMENT_3D('',#3758,#3054,#3055);
#2498=AXIS2_PLACEMENT_3D('',#3762,#3057,#3058);
#2499=AXIS2_PLACEMENT_3D('',#3765,#3060,#3061);
#2500=AXIS2_PLACEMENT_3D('',#3766,#3062,#3063);
#2501=AXIS2_PLACEMENT_3D('',#3768,#3064,#3065);
#2502=AXIS2_PLACEMENT_3D('',#3770,#3067,#3068);
#2503=AXIS2_PLACEMENT_3D('',#3776,#3072,#3073);
#2504=AXIS2_PLACEMENT_3D('',#3777,#3074,#3075);
#2505=AXIS2_PLACEMENT_3D('',#3778,#3076,#3077);
#2506=AXIS2_PLACEMENT_3D('',#3784,#3081,#3082);
#2507=AXIS2_PLACEMENT_3D('',#3787,#3083,#3084);
#2508=AXIS2_PLACEMENT_3D('',#3791,#3086,#3087);
#2509=AXIS2_PLACEMENT_3D('',#3793,#3089,#3090);
#2510=AXIS2_PLACEMENT_3D('',#3799,#3094,#3095);
#2511=AXIS2_PLACEMENT_3D('',#3801,#3096,#3097);
#2512=AXIS2_PLACEMENT_3D('',#3803,#3099,#3100);
#2513=AXIS2_PLACEMENT_3D('',#3807,#3103,#3104);
#2514=AXIS2_PLACEMENT_3D('',#3808,#3105,#3106);
#2515=AXIS2_PLACEMENT_3D('',#3809,#3107,#3108);
#2516=AXIS2_PLACEMENT_3D('',#3815,#3112,#3113);
#2517=AXIS2_PLACEMENT_3D('',#3821,#3117,#3118);
#2518=AXIS2_PLACEMENT_3D('',#3835,#3120,#3121);
#2519=AXIS2_PLACEMENT_3D('',#3843,#3126,#3127);
#2520=AXIS2_PLACEMENT_3D('',#3844,#3128,#3129);
#2521=AXIS2_PLACEMENT_3D('',#3854,#3131,#3132);
#2522=AXIS2_PLACEMENT_3D('',#3858,#3134,#3135);
#2523=AXIS2_PLACEMENT_3D('',#3863,#3139,#3140);
#2524=AXIS2_PLACEMENT_3D('',#3875,#3141,#3142);
#2525=AXIS2_PLACEMENT_3D('',#3880,#3146,#3147);
#2526=AXIS2_PLACEMENT_3D('',#3884,#3150,#3151);
#2527=AXIS2_PLACEMENT_3D('',#3886,#3153,#3154);
#2528=AXIS2_PLACEMENT_3D('',#3887,#3155,#3156);
#2529=AXIS2_PLACEMENT_3D('',#3888,#3157,#3158);
#2530=AXIS2_PLACEMENT_3D('',#3890,#3160,#3161);
#2531=AXIS2_PLACEMENT_3D('',#3893,#3163,#3164);
#2532=AXIS2_PLACEMENT_3D('',#3894,#3165,#3166);
#2533=AXIS2_PLACEMENT_3D('',#3896,#3168,#3169);
#2534=AXIS2_PLACEMENT_3D('',#3900,#3172,#3173);
#2535=AXIS2_PLACEMENT_3D('',#3903,#3175,#3176);
#2536=AXIS2_PLACEMENT_3D('',#3904,#3177,#3178);
#2537=AXIS2_PLACEMENT_3D('',#3906,#3180,#3181);
#2538=AXIS2_PLACEMENT_3D('',#3910,#3183,#3184);
#2539=AXIS2_PLACEMENT_3D('',#3912,#3186,#3187);
#2540=AXIS2_PLACEMENT_3D('',#3916,#3190,#3191);
#2541=AXIS2_PLACEMENT_3D('',#3918,#3193,#3194);
#2542=AXIS2_PLACEMENT_3D('',#3920,#3196,#3197);
#2543=AXIS2_PLACEMENT_3D('',#3921,#3198,#3199);
#2544=AXIS2_PLACEMENT_3D('',#3923,#3200,#3201);
#2545=AXIS2_PLACEMENT_3D('',#3925,#3203,#3204);
#2546=AXIS2_PLACEMENT_3D('',#3927,#3206,#3207);
#2547=AXIS2_PLACEMENT_3D('',#3928,#3208,#3209);
#2548=DIRECTION('axis',(0.,0.,1.));
#2549=DIRECTION('refdir',(1.,0.,0.));
#2550=DIRECTION('axis',(0.,0.,1.));
#2551=DIRECTION('refdir',(1.,0.,0.));
#2552=DIRECTION('center_axis',(0.,0.,1.));
#2553=DIRECTION('ref_axis',(0.866025403784426,0.500000000000022,0.));
#2554=DIRECTION('center_axis',(0.,0.,-1.));
#2555=DIRECTION('ref_axis',(0.866025403784426,0.500000000000022,0.));
#2556=DIRECTION('',(0.,0.,-1.));
#2557=DIRECTION('center_axis',(0.,0.,1.));
#2558=DIRECTION('ref_axis',(0.866025403784426,0.500000000000022,0.));
#2559=DIRECTION('',(0.,0.,1.));
#2560=DIRECTION('center_axis',(0.499999999999975,0.866025403784453,0.));
#2561=DIRECTION('ref_axis',(-0.866025403784453,0.499999999999975,0.));
#2562=DIRECTION('',(0.866025403784453,-0.499999999999975,0.));
#2563=DIRECTION('',(0.,0.,-1.));
#2564=DIRECTION('',(-0.866025403784453,0.499999999999975,0.));
#2565=DIRECTION('center_axis',(0.,0.,-1.));
#2566=DIRECTION('ref_axis',(-1.,0.,0.));
#2567=DIRECTION('',(-2.82034527336256E-14,1.,0.));
#2568=DIRECTION('center_axis',(0.,0.,1.));
#2569=DIRECTION('ref_axis',(0.866025403784454,-0.499999999999973,0.));
#2570=DIRECTION('',(-0.866025403784425,-0.500000000000024,0.));
#2571=DIRECTION('center_axis',(0.,0.,1.));
#2572=DIRECTION('ref_axis',(2.73488026507884E-14,-1.,0.));
#2573=DIRECTION('',(-0.866025403784453,0.499999999999976,0.));
#2574=DIRECTION('center_axis',(0.,0.,1.));
#2575=DIRECTION('ref_axis',(-0.866025403784424,-0.500000000000025,0.));
#2576=DIRECTION('',(2.82034527336256E-14,-1.,0.));
#2577=DIRECTION('center_axis',(0.,0.,1.));
#2578=DIRECTION('ref_axis',(-0.866025403784452,0.499999999999976,0.));
#2579=DIRECTION('',(0.866025403784425,0.500000000000024,0.));
#2580=DIRECTION('center_axis',(0.,0.,1.));
#2581=DIRECTION('ref_axis',(-2.73488026507885E-14,1.,0.));
#2582=DIRECTION('',(0.866025403784421,-0.50000000000003,0.));
#2583=DIRECTION('center_axis',(0.,0.,-1.));
#2584=DIRECTION('ref_axis',(3.41860033134856E-14,1.,0.));
#2585=DIRECTION('',(0.866025403784455,0.499999999999971,0.));
#2586=DIRECTION('center_axis',(0.,0.,-1.));
#2587=DIRECTION('ref_axis',(-0.866025403784438,0.500000000000001,0.));
#2588=DIRECTION('',(-2.69214776093684E-14,1.,0.));
#2589=DIRECTION('center_axis',(0.,0.,-1.));
#2590=DIRECTION('ref_axis',(-0.866025403784441,-0.499999999999996,0.));
#2591=DIRECTION('',(-0.866025403784421,0.50000000000003,0.));
#2592=DIRECTION('center_axis',(0.,0.,-1.));
#2593=DIRECTION('ref_axis',(-3.41860033134855E-14,-1.,0.));
#2594=DIRECTION('',(-0.866025403784456,-0.49999999999997,0.));
#2595=DIRECTION('center_axis',(0.,0.,-1.));
#2596=DIRECTION('ref_axis',(0.866025403784437,-0.500000000000002,0.));
#2597=DIRECTION('',(2.69214776093685E-14,-1.,0.));
#2598=DIRECTION('center_axis',(0.,0.,-1.));
#2599=DIRECTION('ref_axis',(0.86602540378444,0.499999999999997,0.));
#2600=DIRECTION('center_axis',(0.,0.,1.));
#2601=DIRECTION('ref_axis',(0.866025403784454,-0.499999999999973,0.));
#2602=DIRECTION('center_axis',(0.,0.,-1.));
#2603=DIRECTION('ref_axis',(0.866025403784454,-0.499999999999973,0.));
#2604=DIRECTION('',(0.,0.,-1.));
#2605=DIRECTION('',(0.,0.,1.));
#2606=DIRECTION('center_axis',(0.500000000000024,-0.866025403784425,0.));
#2607=DIRECTION('ref_axis',(0.866025403784425,0.500000000000024,0.));
#2608=DIRECTION('',(0.866025403784425,0.500000000000024,0.));
#2609=DIRECTION('',(0.,0.,1.));
#2610=DIRECTION('center_axis',(1.,2.82034527336256E-14,0.));
#2611=DIRECTION('ref_axis',(-2.82034527336256E-14,1.,0.));
#2612=DIRECTION('',(-2.82034527336256E-14,1.,0.));
#2613=DIRECTION('center_axis',(0.,0.,1.));
#2614=DIRECTION('ref_axis',(-0.866025403784424,-0.500000000000025,0.));
#2615=DIRECTION('center_axis',(0.,0.,-1.));
#2616=DIRECTION('ref_axis',(-0.866025403784424,-0.500000000000025,0.));
#2617=DIRECTION('',(0.,0.,-1.));
#2618=DIRECTION('',(0.,0.,1.));
#2619=DIRECTION('center_axis',(-0.499999999999976,-0.866025403784453,0.));
#2620=DIRECTION('ref_axis',(0.866025403784453,-0.499999999999976,0.));
#2621=DIRECTION('',(0.,0.,-1.));
#2622=DIRECTION('',(0.866025403784453,-0.499999999999976,0.));
#2623=DIRECTION('center_axis',(0.,0.,1.));
#2624=DIRECTION('ref_axis',(-0.866025403784452,0.499999999999976,0.));
#2625=DIRECTION('center_axis',(0.,0.,-1.));
#2626=DIRECTION('ref_axis',(-0.866025403784452,0.499999999999976,0.));
#2627=DIRECTION('',(0.,0.,-1.));
#2628=DIRECTION('',(0.,0.,1.));
#2629=DIRECTION('center_axis',(-0.500000000000025,0.866025403784424,0.));
#2630=DIRECTION('ref_axis',(-0.866025403784424,-0.500000000000025,0.));
#2631=DIRECTION('',(-0.866025403784425,-0.500000000000024,0.));
#2632=DIRECTION('',(0.,0.,1.));
#2633=DIRECTION('center_axis',(-1.,-2.82034527336256E-14,0.));
#2634=DIRECTION('ref_axis',(2.82034527336256E-14,-1.,0.));
#2635=DIRECTION('',(2.82034527336256E-14,-1.,0.));
#2636=DIRECTION('center_axis',(0.,0.,-1.));
#2637=DIRECTION('ref_axis',(0.866025403784437,-0.500000000000002,0.));
#2638=DIRECTION('center_axis',(0.,0.,1.));
#2639=DIRECTION('ref_axis',(0.866025403784437,-0.500000000000002,0.));
#2640=DIRECTION('',(0.,0.,-1.));
#2641=DIRECTION('',(0.,0.,1.));
#2642=DIRECTION('center_axis',(-1.,-2.69214776093685E-14,0.));
#2643=DIRECTION('ref_axis',(2.69214776093685E-14,-1.,0.));
#2644=DIRECTION('',(2.69214776093685E-14,-1.,0.));
#2645=DIRECTION('',(0.,0.,1.));
#2646=DIRECTION('center_axis',(0.,0.,1.));
#2647=DIRECTION('ref_axis',(0.86602540378444,0.499999999999997,0.));
#2648=DIRECTION('center_axis',(0.,0.,1.));
#2649=DIRECTION('ref_axis',(0.86602540378444,0.499999999999997,0.));
#2650=DIRECTION('',(0.,0.,-1.));
#2651=DIRECTION('center_axis',(-0.50000000000003,-0.866025403784421,0.));
#2652=DIRECTION('ref_axis',(0.866025403784421,-0.50000000000003,0.));
#2653=DIRECTION('',(0.866025403784421,-0.50000000000003,0.));
#2654=DIRECTION('',(-5.30287619362443E-17,3.06161699786857E-17,-1.));
#2655=DIRECTION('',(-0.866025403784456,0.49999999999997,6.12323426292587E-17));
#2656=DIRECTION('',(-5.30287619362443E-17,3.06161699786857E-17,-1.));
#2657=DIRECTION('',(0.866025403784421,-0.50000000000003,0.));
#2658=DIRECTION('',(0.,0.,1.));
#2659=DIRECTION('center_axis',(-0.49999999999997,0.866025403784456,0.));
#2660=DIRECTION('ref_axis',(-0.866025403784456,-0.49999999999997,0.));
#2661=DIRECTION('',(0.,0.,-1.));
#2662=DIRECTION('',(-0.866025403784456,-0.49999999999997,0.));
#2663=DIRECTION('',(0.,0.,1.));
#2664=DIRECTION('',(0.86602540378444,0.499999999999998,0.));
#2665=DIRECTION('',(0.,0.,1.));
#2666=DIRECTION('',(-0.866025403784456,-0.49999999999997,0.));
#2667=DIRECTION('center_axis',(0.,0.,-1.));
#2668=DIRECTION('ref_axis',(-1.,0.,0.));
#2669=DIRECTION('center_axis',(0.,0.,-1.));
#2670=DIRECTION('ref_axis',(-2.73488026507885E-14,1.,0.));
#2671=DIRECTION('center_axis',(0.,0.,-1.));
#2672=DIRECTION('ref_axis',(2.73488026507884E-14,-1.,0.));
#2673=DIRECTION('',(-0.5,0.866025403784439,0.));
#2674=DIRECTION('',(-0.86602540378444,-0.499999999999998,0.));
#2675=DIRECTION('',(-0.5,0.866025403784439,0.));
#2676=DIRECTION('center_axis',(0.,0.,1.));
#2677=DIRECTION('ref_axis',(-3.41860033134855E-14,-1.,0.));
#2678=DIRECTION('',(-0.866025403784421,0.50000000000003,0.));
#2679=DIRECTION('',(0.499999999999979,0.866025403784451,0.));
#2680=DIRECTION('',(-0.866025403784451,0.499999999999978,6.12323426292584E-17));
#2681=DIRECTION('',(0.499999999999979,0.866025403784451,0.));
#2682=DIRECTION('',(-0.866025403784421,0.50000000000003,0.));
#2683=DIRECTION('center_axis',(0.,0.,1.));
#2684=DIRECTION('ref_axis',(-0.866025403784441,-0.499999999999996,0.));
#2685=DIRECTION('',(-2.69214776093684E-14,1.,0.));
#2686=DIRECTION('center_axis',(0.,0.,1.));
#2687=DIRECTION('ref_axis',(-0.866025403784438,0.500000000000001,0.));
#2688=DIRECTION('',(0.866025403784455,0.499999999999971,0.));
#2689=DIRECTION('',(0.500000000000022,-0.866025403784426,0.));
#2690=DIRECTION('',(0.866025403784429,0.500000000000017,6.1232342629258E-17));
#2691=DIRECTION('',(0.500000000000022,-0.866025403784426,0.));
#2692=DIRECTION('',(0.866025403784455,0.499999999999971,0.));
#2693=DIRECTION('center_axis',(0.,0.,1.));
#2694=DIRECTION('ref_axis',(3.41860033134856E-14,1.,0.));
#2695=DIRECTION('',(0.499999999999969,0.866025403784457,0.));
#2696=DIRECTION('',(0.866025403784456,-0.49999999999997,-6.12323426292587E-17));
#2697=DIRECTION('',(0.499999999999969,0.866025403784457,0.));
#2698=DIRECTION('center_axis',(0.,0.,-1.));
#2699=DIRECTION('ref_axis',(-0.866025403784438,0.500000000000001,0.));
#2700=DIRECTION('',(0.,0.,-1.));
#2701=DIRECTION('',(0.,0.,1.));
#2702=DIRECTION('center_axis',(1.,2.69214776093684E-14,0.));
#2703=DIRECTION('ref_axis',(-2.69214776093684E-14,1.,0.));
#2704=DIRECTION('',(0.,0.,1.));
#2705=DIRECTION('center_axis',(0.,0.,1.));
#2706=DIRECTION('ref_axis',(-0.866025403784441,-0.499999999999996,0.));
#2707=DIRECTION('',(0.,0.,-1.));
#2708=DIRECTION('center_axis',(0.50000000000003,0.866025403784421,0.));
#2709=DIRECTION('ref_axis',(-0.866025403784421,0.50000000000003,0.));
#2710=DIRECTION('',(5.30287619362443E-17,-3.06161699786857E-17,1.));
#2711=DIRECTION('',(0.866025403784451,-0.499999999999978,-6.12323426292584E-17));
#2712=DIRECTION('',(5.30287619362443E-17,-3.06161699786857E-17,1.));
#2713=DIRECTION('',(0.,0.,1.));
#2714=DIRECTION('center_axis',(0.499999999999971,-0.866025403784455,0.));
#2715=DIRECTION('ref_axis',(0.866025403784455,0.499999999999971,0.));
#2716=DIRECTION('',(0.,0.,-1.));
#2717=DIRECTION('',(-5.30287619362464E-17,-3.06161699786821E-17,1.));
#2718=DIRECTION('',(-0.866025403784429,-0.500000000000017,-6.1232342629258E-17));
#2719=DIRECTION('',(-5.30287619362464E-17,-3.06161699786821E-17,1.));
#2720=DIRECTION('center_axis',(0.,0.,-1.));
#2721=DIRECTION('ref_axis',(-3.41860033134855E-14,-1.,0.));
#2722=DIRECTION('center_axis',(0.,0.,1.));
#2723=DIRECTION('ref_axis',(3.41860033134856E-14,1.,0.));
#2724=DIRECTION('center_axis',(-0.86602540378444,-0.499999999999998,0.));
#2725=DIRECTION('ref_axis',(0.,0.,1.));
#2726=DIRECTION('center_axis',(0.866025403784439,0.5,0.));
#2727=DIRECTION('ref_axis',(0.,0.,1.));
#2728=DIRECTION('center_axis',(0.866025403784439,0.5,0.));
#2729=DIRECTION('ref_axis',(0.,0.,1.));
#2730=DIRECTION('center_axis',(-0.866025403784439,-0.5,0.));
#2731=DIRECTION('ref_axis',(0.,0.,1.));
#2732=DIRECTION('center_axis',(-0.866025403784439,-0.5,0.));
#2733=DIRECTION('ref_axis',(0.,0.,1.));
#2734=DIRECTION('center_axis',(-0.866025403784456,0.49999999999997,6.12323426292587E-17));
#2735=DIRECTION('ref_axis',(-0.49997524915657,-0.865982534066156,-0.00994992076270928));
#2736=DIRECTION('center_axis',(0.866025403784457,-0.499999999999969,-6.12323399573677E-17));
#2737=DIRECTION('ref_axis',(-0.499975249156568,-0.865982534066157,-0.00994992076270929));
#2738=DIRECTION('center_axis',(0.866025403784457,-0.499999999999969,-6.12323399573677E-17));
#2739=DIRECTION('ref_axis',(-0.499975249156568,-0.865982534066157,-0.00994992076270929));
#2740=DIRECTION('center_axis',(-0.866025403784457,0.499999999999969,6.12323399573677E-17));
#2741=DIRECTION('ref_axis',(0.499999999999969,0.866025403784457,-4.06563838980051E-34));
#2742=DIRECTION('center_axis',(-0.866025403784457,0.499999999999969,6.12323399573677E-17));
#2743=DIRECTION('ref_axis',(0.499999999999969,0.866025403784457,-4.06563838980051E-34));
#2744=DIRECTION('center_axis',(-0.866025403784451,0.499999999999978,6.12323426292584E-17));
#2745=DIRECTION('ref_axis',(0.499975249156579,0.865982534066154,-0.0099499207624837));
#2746=DIRECTION('center_axis',(0.866025403784451,-0.499999999999979,-6.12323399573677E-17));
#2747=DIRECTION('ref_axis',(0.49997524915658,0.865982534066153,-0.0099499207624837));
#2748=DIRECTION('center_axis',(0.866025403784451,-0.499999999999979,-6.12323399573677E-17));
#2749=DIRECTION('ref_axis',(0.49997524915658,0.865982534066153,-0.0099499207624837));
#2750=DIRECTION('center_axis',(-0.866025403784451,0.499999999999979,6.12323399573677E-17));
#2751=DIRECTION('ref_axis',(-0.499999999999979,-0.866025403784451,-3.1026731216573E-33));
#2752=DIRECTION('center_axis',(-0.866025403784451,0.499999999999979,6.12323399573677E-17));
#2753=DIRECTION('ref_axis',(-0.499999999999979,-0.866025403784451,-3.1026731216573E-33));
#2754=DIRECTION('center_axis',(0.866025403784429,0.500000000000017,6.1232342629258E-17));
#2755=DIRECTION('ref_axis',(0.499975249156617,-0.865982534066129,-0.00994992076270218));
#2756=DIRECTION('center_axis',(-0.866025403784426,-0.500000000000022,-6.12323399573677E-17));
#2757=DIRECTION('ref_axis',(0.499975249156622,-0.865982534066126,-0.00994992076270219));
#2758=DIRECTION('center_axis',(-0.866025403784426,-0.500000000000022,-6.12323399573677E-17));
#2759=DIRECTION('ref_axis',(0.499975249156622,-0.865982534066126,-0.00994992076270219));
#2760=DIRECTION('center_axis',(0.866025403784426,0.500000000000022,6.12323399573677E-17));
#2761=DIRECTION('ref_axis',(-0.500000000000022,0.866025403784426,-3.97935643151954E-33));
#2762=DIRECTION('center_axis',(0.866025403784426,0.500000000000022,6.12323399573677E-17));
#2763=DIRECTION('ref_axis',(-0.500000000000022,0.866025403784426,-3.97935643151954E-33));
#2764=DIRECTION('center_axis',(0.,0.,1.));
#2765=DIRECTION('ref_axis',(-2.73488026507885E-14,1.,0.));
#2766=DIRECTION('center_axis',(0.,0.,1.));
#2767=DIRECTION('ref_axis',(2.73488026507884E-14,-1.,0.));
#2768=DIRECTION('center_axis',(0.707106781186548,0.,0.707106781186548));
#2769=DIRECTION('ref_axis',(0.707106781186548,0.,-0.707106781186548));
#2770=DIRECTION('',(0.,-1.,0.));
#2771=DIRECTION('',(0.577350269189626,0.577350269189626,-0.577350269189626));
#2772=DIRECTION('',(0.,1.,0.));
#2773=DIRECTION('',(0.577350269189626,-0.577350269189625,-0.577350269189626));
#2774=DIRECTION('center_axis',(0.,0.707106781186548,0.707106781186548));
#2775=DIRECTION('ref_axis',(1.,0.,0.));
#2776=DIRECTION('',(1.,0.,0.));
#2777=DIRECTION('',(-0.577350269189626,0.577350269189626,-0.577350269189626));
#2778=DIRECTION('',(-1.,0.,0.));
#2779=DIRECTION('center_axis',(-0.707106781186548,0.,0.707106781186548));
#2780=DIRECTION('ref_axis',(0.707106781186548,0.,0.707106781186548));
#2781=DIRECTION('',(0.,1.,0.));
#2782=DIRECTION('',(-0.577350269189626,-0.577350269189626,-0.577350269189626));
#2783=DIRECTION('',(0.,-1.,0.));
#2784=DIRECTION('center_axis',(0.,-0.707106781186548,0.707106781186548));
#2785=DIRECTION('ref_axis',(1.,0.,0.));
#2786=DIRECTION('',(1.,0.,0.));
#2787=DIRECTION('',(-1.,0.,0.));
#2788=DIRECTION('center_axis',(0.,1.,0.));
#2789=DIRECTION('ref_axis',(1.,0.,0.));
#2790=DIRECTION('',(0.,0.,-1.));
#2791=DIRECTION('',(1.,0.,0.));
#2792=DIRECTION('',(0.,0.,-1.));
#2793=DIRECTION('',(1.,0.,0.));
#2794=DIRECTION('',(0.,0.,-1.));
#2795=DIRECTION('',(1.,0.,0.));
#2796=DIRECTION('',(0.,0.,-1.));
#2797=DIRECTION('center_axis',(-1.,0.,0.));
#2798=DIRECTION('ref_axis',(0.,1.,0.));
#2799=DIRECTION('',(0.,0.,-1.));
#2800=DIRECTION('',(0.,1.,0.));
#2801=DIRECTION('center_axis',(0.,0.,-1.));
#2802=DIRECTION('ref_axis',(-1.,0.,0.));
#2803=DIRECTION('',(0.,1.,0.));
#2804=DIRECTION('',(-1.,0.,0.));
#2805=DIRECTION('',(-2.22044604925032E-15,-1.,0.));
#2806=DIRECTION('center_axis',(0.,0.,-1.));
#2807=DIRECTION('ref_axis',(-1.,0.,0.));
#2808=DIRECTION('',(0.,-1.,0.));
#2809=DIRECTION('',(-1.,0.,0.));
#2810=DIRECTION('center_axis',(0.,0.,-1.));
#2811=DIRECTION('ref_axis',(-1.,0.,0.));
#2812=DIRECTION('',(-2.22044604925032E-15,-1.,0.));
#2813=DIRECTION('',(-1.,0.,0.));
#2814=DIRECTION('',(0.,-1.,0.));
#2815=DIRECTION('center_axis',(1.,0.,0.));
#2816=DIRECTION('ref_axis',(0.,-1.,0.));
#2817=DIRECTION('',(0.,0.,-1.));
#2818=DIRECTION('center_axis',(1.,0.,0.));
#2819=DIRECTION('ref_axis',(0.,-1.,0.));
#2820=DIRECTION('',(0.,0.,-1.));
#2821=DIRECTION('',(0.,1.,0.));
#2822=DIRECTION('',(0.,0.,-1.));
#2823=DIRECTION('center_axis',(0.,1.,0.));
#2824=DIRECTION('ref_axis',(1.,0.,0.));
#2825=DIRECTION('',(0.,0.,-1.));
#2826=DIRECTION('',(-1.,0.,0.));
#2827=DIRECTION('center_axis',(-1.,0.,0.));
#2828=DIRECTION('ref_axis',(0.,1.,0.));
#2829=DIRECTION('',(0.,0.,-1.));
#2830=DIRECTION('',(0.,-1.,0.));
#2831=DIRECTION('center_axis',(0.,-1.,0.));
#2832=DIRECTION('ref_axis',(-1.,0.,0.));
#2833=DIRECTION('',(1.,0.,0.));
#2834=DIRECTION('center_axis',(0.,0.,1.));
#2835=DIRECTION('ref_axis',(1.,0.,0.));
#2836=DIRECTION('',(-0.499999999999971,0.866025403784455,0.));
#2837=DIRECTION('',(-0.866025403784455,-0.499999999999971,0.));
#2838=DIRECTION('',(0.499999999999965,-0.866025403784459,0.));
#2839=DIRECTION('',(-0.866025403784456,-0.499999999999969,0.));
#2840=DIRECTION('center_axis',(0.499999999999971,-0.866025403784455,0.));
#2841=DIRECTION('ref_axis',(0.612372435695806,0.353553390593253,0.707106781186548));
#2842=DIRECTION('center_axis',(-0.499999999999972,0.866025403784455,0.));
#2843=DIRECTION('ref_axis',(0.612372435695805,0.353553390593254,0.707106781186548));
#2844=DIRECTION('',(0.499999999999971,-0.866025403784455,0.));
#2845=DIRECTION('center_axis',(0.499999999999971,-0.866025403784456,0.));
#2846=DIRECTION('ref_axis',(0.612372435695806,0.353553390593253,0.707106781186548));
#2847=DIRECTION('center_axis',(0.499999999999972,-0.866025403784455,0.));
#2848=DIRECTION('ref_axis',(0.866025403784455,0.499999999999972,0.));
#2849=DIRECTION('',(-0.866025403784455,-0.499999999999972,0.));
#2850=DIRECTION('',(0.,0.,-1.));
#2851=DIRECTION('',(-0.866025403784455,-0.499999999999972,0.));
#2852=DIRECTION('',(0.,0.,-1.));
#2853=DIRECTION('',(-0.866025403784455,-0.499999999999972,0.));
#2854=DIRECTION('',(0.,0.,-1.));
#2855=DIRECTION('center_axis',(-0.499999999999952,0.866025403784466,0.));
#2856=DIRECTION('ref_axis',(0.866025403784466,0.499999999999952,0.));
#2857=DIRECTION('',(0.866025403784474,0.499999999999939,0.));
#2858=DIRECTION('',(0.,0.,-1.));
#2859=DIRECTION('center_axis',(0.499999999999971,-0.866025403784456,0.));
#2860=DIRECTION('ref_axis',(-0.612372435695809,-0.353553390593254,0.707106781186545));
#2861=DIRECTION('',(0.,0.,1.));
#2862=DIRECTION('center_axis',(0.500000000000022,0.866025403784426,0.));
#2863=DIRECTION('ref_axis',(0.866025403784426,-0.500000000000022,0.));
#2864=DIRECTION('center_axis',(-0.50000000000003,-0.866025403784422,0.));
#2865=DIRECTION('ref_axis',(0.612372435695782,-0.353553390593294,0.707106781186548));
#2866=DIRECTION('',(0.,0.,-1.));
#2867=DIRECTION('',(0.866025403784426,-0.500000000000022,0.));
#2868=DIRECTION('',(0.,0.,-1.));
#2869=DIRECTION('center_axis',(-0.50000000000003,-0.866025403784422,0.));
#2870=DIRECTION('ref_axis',(-0.612372435695782,0.353553390593295,0.707106781186548));
#2871=DIRECTION('',(0.866025403784421,-0.50000000000003,0.));
#2872=DIRECTION('center_axis',(0.,0.,-1.));
#2873=DIRECTION('ref_axis',(-1.,0.,0.));
#2874=DIRECTION('',(-0.500000000000036,-0.866025403784418,0.));
#2875=DIRECTION('',(-0.866025403784422,0.500000000000028,0.));
#2876=DIRECTION('',(-0.500000000000038,-0.866025403784417,0.));
#2877=DIRECTION('center_axis',(-0.866025403784418,0.500000000000036,0.));
#2878=DIRECTION('ref_axis',(0.500000000000036,0.866025403784418,0.));
#2879=DIRECTION('',(-0.500000000000036,-0.866025403784418,0.));
#2880=DIRECTION('',(0.,0.,1.));
#2881=DIRECTION('center_axis',(-0.499999999999965,0.866025403784459,0.));
#2882=DIRECTION('ref_axis',(-0.612372435695811,-0.35355339059325,0.707106781186545));
#2883=DIRECTION('',(0.499999999999953,-0.866025403784466,0.));
#2884=DIRECTION('center_axis',(-0.499999999999972,0.866025403784455,0.));
#2885=DIRECTION('ref_axis',(-0.612372435695808,-0.353553390593255,0.707106781186545));
#2886=DIRECTION('center_axis',(0.866025403784459,0.499999999999965,0.));
#2887=DIRECTION('ref_axis',(0.499999999999965,-0.866025403784459,0.));
#2888=DIRECTION('',(-0.499999999999965,0.866025403784459,0.));
#2889=DIRECTION('',(0.,0.,1.));
#2890=DIRECTION('center_axis',(0.,0.,-1.));
#2891=DIRECTION('ref_axis',(-1.,0.,0.));
#2892=DIRECTION('',(-0.499999999999971,0.866025403784455,0.));
#2893=DIRECTION('center_axis',(0.,0.,1.));
#2894=DIRECTION('ref_axis',(-0.866025403784423,0.500000000000028,0.));
#2895=DIRECTION('center_axis',(0.353553390593252,-0.612372435695807,0.707106781186548));
#2896=DIRECTION('ref_axis',(-0.353553390593252,0.612372435695807,0.707106781186547));
#2897=DIRECTION('',(0.,0.,-1.));
#2898=DIRECTION('center_axis',(0.,0.,1.));
#2899=DIRECTION('ref_axis',(-0.866025403784423,0.500000000000028,0.));
#2900=DIRECTION('',(0.,0.,1.));
#2901=DIRECTION('center_axis',(0.70710678118655,-2.53818125028631E-14,0.707106781186545));
#2902=DIRECTION('ref_axis',(-0.707106781186545,2.53831614153881E-14,0.70710678118655));
#2903=DIRECTION('center_axis',(0.,0.,1.));
#2904=DIRECTION('ref_axis',(0.866025403784455,0.499999999999972,0.));
#2905=DIRECTION('center_axis',(-0.353553390593296,-0.612372435695782,0.707106781186547));
#2906=DIRECTION('ref_axis',(0.353553390593296,0.612372435695781,0.707106781186548));
#2907=DIRECTION('center_axis',(-0.70710678118655,2.53818125028631E-14,0.707106781186545));
#2908=DIRECTION('ref_axis',(0.707106781186545,-2.53831614153885E-14,0.70710678118655));
#2909=DIRECTION('',(0.,0.,-1.));
#2910=DIRECTION('center_axis',(0.,0.,1.));
#2911=DIRECTION('ref_axis',(0.866025403784455,0.499999999999972,0.));
#2912=DIRECTION('',(0.,0.,1.));
#2913=DIRECTION('',(0.,0.,1.));
#2914=DIRECTION('center_axis',(-0.500000000000028,-0.866025403784422,0.));
#2915=DIRECTION('ref_axis',(0.866025403784422,-0.500000000000028,0.));
#2916=DIRECTION('center_axis',(0.500000000000028,0.866025403784422,0.));
#2917=DIRECTION('ref_axis',(0.612372435695782,-0.353553390593293,0.707106781186548));
#2918=DIRECTION('',(0.866025403784422,-0.500000000000028,0.));
#2919=DIRECTION('center_axis',(-0.500000000000028,-0.866025403784422,0.));
#2920=DIRECTION('ref_axis',(0.866025403784422,-0.500000000000028,0.));
#2921=DIRECTION('center_axis',(0.500000000000028,0.866025403784422,0.));
#2922=DIRECTION('ref_axis',(-0.612372435695783,0.353553390593294,0.707106781186548));
#2923=DIRECTION('',(0.,0.,1.));
#2924=DIRECTION('',(0.866025403784422,-0.500000000000029,0.));
#2925=DIRECTION('',(0.,0.,-1.));
#2926=DIRECTION('',(0.866025403784422,-0.500000000000028,0.));
#2927=DIRECTION('center_axis',(-0.500000000000036,-0.866025403784418,0.));
#2928=DIRECTION('ref_axis',(0.612372435695779,-0.353553390593299,0.707106781186548));
#2929=DIRECTION('',(0.500000000000036,0.866025403784418,0.));
#2930=DIRECTION('center_axis',(0.,0.,1.));
#2931=DIRECTION('ref_axis',(-0.500000106067208,0.866025342546499,0.));
#2932=DIRECTION('center_axis',(0.,0.,-1.));
#2933=DIRECTION('ref_axis',(-0.500000106067208,0.866025342546499,0.));
#2934=DIRECTION('center_axis',(0.,0.,-1.));
#2935=DIRECTION('ref_axis',(-0.500000106067208,0.866025342546499,0.));
#2936=DIRECTION('center_axis',(0.,0.,-1.));
#2937=DIRECTION('ref_axis',(-1.,0.,0.));
#2938=DIRECTION('',(-0.866025403784455,-0.499999999999972,0.));
#2939=DIRECTION('',(-0.866025403784422,0.500000000000028,0.));
#2940=DIRECTION('',(0.866025403784422,-0.500000000000028,0.));
#2941=DIRECTION('',(0.866025403784455,0.499999999999972,0.));
#2942=DIRECTION('center_axis',(-0.500000000000028,-0.866025403784422,0.));
#2943=DIRECTION('ref_axis',(0.866025403784422,-0.500000000000028,0.));
#2944=DIRECTION('',(0.,0.,1.));
#2945=DIRECTION('center_axis',(0.499999999999972,-0.866025403784455,0.));
#2946=DIRECTION('ref_axis',(0.866025403784455,0.499999999999972,0.));
#2947=DIRECTION('center_axis',(0.499999999999972,-0.866025403784455,0.));
#2948=DIRECTION('ref_axis',(0.866025403784455,0.499999999999972,0.));
#2949=DIRECTION('',(-0.866025403784455,-0.499999999999972,0.));
#2950=DIRECTION('center_axis',(0.353553390593296,0.612372435695782,-0.707106781186547));
#2951=DIRECTION('ref_axis',(-0.894427190999904,-5.87470753524893E-16,-0.447213595499981));
#2952=DIRECTION('',(0.353553390593299,0.612372435695778,0.707106781186549));
#2953=DIRECTION('',(0.866025403784421,-0.500000000000031,0.));
#2954=DIRECTION('',(0.353553390593296,0.612372435695781,0.707106781186548));
#2955=DIRECTION('',(-0.866025403784421,0.500000000000031,0.));
#2956=DIRECTION('center_axis',(0.,0.,1.));
#2957=DIRECTION('ref_axis',(3.41860033134856E-14,1.,0.));
#2958=DIRECTION('',(-0.353553390593206,0.612372435695731,0.707106781186636));
#2959=DIRECTION('center_axis',(0.,0.,-1.));
#2960=DIRECTION('ref_axis',(3.41860033134856E-14,1.,0.));
#2961=DIRECTION('center_axis',(-0.353553390593252,0.612372435695807,-0.707106781186548));
#2962=DIRECTION('ref_axis',(-0.894427190999927,3.46984967301203E-16,0.447213595499936));
#2963=DIRECTION('',(-0.353553390593256,0.612372435695805,0.707106781186547));
#2964=DIRECTION('',(0.866025403784456,0.499999999999969,0.));
#2965=DIRECTION('center_axis',(0.,0.,1.));
#2966=DIRECTION('ref_axis',(-0.866025403784421,0.50000000000003,0.));
#2967=DIRECTION('',(-0.707106781186635,2.8785028409199E-14,0.707106781186461));
#2968=DIRECTION('center_axis',(0.,0.,-1.));
#2969=DIRECTION('ref_axis',(-0.866025403784421,0.50000000000003,0.));
#2970=DIRECTION('center_axis',(0.,0.,1.));
#2971=DIRECTION('ref_axis',(0.866025403784456,0.499999999999969,0.));
#2972=DIRECTION('center_axis',(0.,0.,-1.));
#2973=DIRECTION('ref_axis',(0.866025403784456,0.499999999999969,0.));
#2974=DIRECTION('',(0.70710678118654,-2.61682076447299E-14,0.707106781186555));
#2975=DIRECTION('center_axis',(0.,0.,1.));
#2976=DIRECTION('ref_axis',(1.,0.,0.));
#2977=DIRECTION('',(-0.500000000000038,-0.866025403784417,0.));
#2978=DIRECTION('center_axis',(0.,0.,1.));
#2979=DIRECTION('ref_axis',(0.866025403784456,0.499999999999969,0.));
#2980=DIRECTION('',(0.,0.,1.));
#2981=DIRECTION('center_axis',(0.,0.,1.));
#2982=DIRECTION('ref_axis',(0.866025403784456,0.499999999999969,0.));
#2983=DIRECTION('',(0.,0.,-1.));
#2984=DIRECTION('center_axis',(0.500000000000031,0.866025403784421,0.));
#2985=DIRECTION('ref_axis',(-0.866025403784421,0.500000000000031,0.));
#2986=DIRECTION('',(0.,0.,-1.));
#2987=DIRECTION('',(-0.866025403784421,0.500000000000031,0.));
#2988=DIRECTION('center_axis',(0.866025403784417,-0.500000000000038,0.));
#2989=DIRECTION('ref_axis',(-0.500000000000038,-0.866025403784417,0.));
#2990=DIRECTION('',(0.500000000000038,0.866025403784417,0.));
#2991=DIRECTION('center_axis',(0.500000000000038,0.866025403784417,0.));
#2992=DIRECTION('ref_axis',(-0.612372435695779,0.3535533905933,0.707106781186548));
#2993=DIRECTION('center_axis',(-0.866025403784455,-0.499999999999971,0.));
#2994=DIRECTION('ref_axis',(-0.499999999999971,0.866025403784455,0.));
#2995=DIRECTION('center_axis',(0.,0.,1.));
#2996=DIRECTION('ref_axis',(3.41860033134856E-14,1.,0.));
#2997=DIRECTION('',(0.,0.,1.));
#2998=DIRECTION('center_axis',(0.,0.,1.));
#2999=DIRECTION('ref_axis',(3.41860033134856E-14,1.,0.));
#3000=DIRECTION('center_axis',(-0.499999999999969,0.866025403784457,0.));
#3001=DIRECTION('ref_axis',(-0.866025403784457,-0.499999999999969,0.));
#3002=DIRECTION('',(0.,0.,-1.));
#3003=DIRECTION('',(-0.866025403784456,-0.499999999999969,0.));
#3004=DIRECTION('center_axis',(0.,0.,1.));
#3005=DIRECTION('ref_axis',(-0.866025403784421,0.50000000000003,0.));
#3006=DIRECTION('',(0.,0.,1.));
#3007=DIRECTION('center_axis',(0.,0.,1.));
#3008=DIRECTION('ref_axis',(-0.866025403784421,0.50000000000003,0.));
#3009=DIRECTION('center_axis',(-1.,3.58953034791599E-14,0.));
#3010=DIRECTION('ref_axis',(-3.58953034791599E-14,-1.,0.));
#3011=DIRECTION('',(3.58953034791599E-14,1.,0.));
#3012=DIRECTION('',(0.,0.,-1.));
#3013=DIRECTION('',(-3.58953034791599E-14,-1.,0.));
#3014=DIRECTION('center_axis',(-0.49999999999997,0.866025403784456,0.));
#3015=DIRECTION('ref_axis',(-0.612372435695805,-0.353553390593252,0.707106781186549));
#3016=DIRECTION('center_axis',(0.499999999999972,-0.866025403784455,0.));
#3017=DIRECTION('ref_axis',(-0.612372435695805,-0.353553390593253,0.707106781186549));
#3018=DIRECTION('',(-0.49999999999997,0.866025403784456,0.));
#3019=DIRECTION('center_axis',(-0.49999999999997,0.866025403784456,0.));
#3020=DIRECTION('ref_axis',(-0.612372435695805,-0.353553390593252,0.707106781186549));
#3021=DIRECTION('',(0.49999999999997,-0.866025403784456,0.));
#3022=DIRECTION('center_axis',(1.,-3.58953034791599E-14,0.));
#3023=DIRECTION('ref_axis',(3.58953034791599E-14,1.,0.));
#3024=DIRECTION('',(3.58953034791599E-14,1.,0.));
#3025=DIRECTION('',(0.,0.,1.));
#3026=DIRECTION('',(-3.58953034791599E-14,-1.,0.));
#3027=DIRECTION('center_axis',(0.70710678118655,-2.53818125028631E-14,-0.707106781186545));
#3028=DIRECTION('ref_axis',(-0.707106781186545,1.2706778533179E-30,-0.70710678118655));
#3029=DIRECTION('',(0.707106781186545,-2.55140024536116E-14,0.70710678118655));
#3030=DIRECTION('center_axis',(-0.70710678118655,2.53818125028631E-14,0.707106781186545));
#3031=DIRECTION('ref_axis',(0.707106781186545,-2.53831614153881E-14,0.70710678118655));
#3032=DIRECTION('',(-3.2761586508757E-14,-1.,3.13371697040289E-15));
#3033=DIRECTION('center_axis',(-1.,3.2761586508757E-14,0.));
#3034=DIRECTION('ref_axis',(-3.2761586508757E-14,-1.,0.));
#3035=DIRECTION('',(-3.2761586508757E-14,-1.,0.));
#3036=DIRECTION('',(0.,0.,1.));
#3037=DIRECTION('center_axis',(0.,0.,-1.));
#3038=DIRECTION('ref_axis',(-1.,0.,0.));
#3039=DIRECTION('',(3.2761586508757E-14,1.,0.));
#3040=DIRECTION('center_axis',(0.,0.,1.));
#3041=DIRECTION('ref_axis',(0.866025403784423,-0.500000000000028,0.));
#3042=DIRECTION('',(0.866025403784455,0.499999999999972,0.));
#3043=DIRECTION('center_axis',(0.,0.,-1.));
#3044=DIRECTION('ref_axis',(0.500000106067205,-0.866025342546501,0.));
#3045=DIRECTION('',(-0.866025403784422,0.500000000000028,0.));
#3046=DIRECTION('center_axis',(0.,0.,1.));
#3047=DIRECTION('ref_axis',(-0.866025403784455,-0.499999999999972,0.));
#3048=DIRECTION('center_axis',(1.,-3.2761586508757E-14,0.));
#3049=DIRECTION('ref_axis',(3.2761586508757E-14,1.,0.));
#3050=DIRECTION('',(3.2761586508757E-14,1.,3.13371697040289E-15));
#3051=DIRECTION('',(0.,0.,-1.));
#3052=DIRECTION('center_axis',(0.,0.,1.));
#3053=DIRECTION('ref_axis',(1.,0.,0.));
#3054=DIRECTION('center_axis',(0.,0.,1.));
#3055=DIRECTION('ref_axis',(-0.866025403784456,-0.499999999999969,0.));
#3056=DIRECTION('',(0.866025403784421,-0.500000000000031,0.));
#3057=DIRECTION('center_axis',(0.,0.,1.));
#3058=DIRECTION('ref_axis',(-3.41860033134856E-14,-1.,0.));
#3059=DIRECTION('',(0.866025403784457,0.499999999999969,0.));
#3060=DIRECTION('center_axis',(0.,0.,1.));
#3061=DIRECTION('ref_axis',(0.866025403784421,-0.50000000000003,0.));
#3062=DIRECTION('center_axis',(-0.70710678118655,2.53818125028631E-14,-0.707106781186545));
#3063=DIRECTION('ref_axis',(-0.707106781186545,1.2706778533179E-30,0.70710678118655));
#3064=DIRECTION('center_axis',(0.70710678118655,-2.53818125028631E-14,0.707106781186545));
#3065=DIRECTION('ref_axis',(-0.707106781186545,2.54485819345001E-14,0.70710678118655));
#3066=DIRECTION('',(-0.70710678118654,2.61682076447299E-14,0.707106781186555));
#3067=DIRECTION('center_axis',(-0.500000000000031,-0.866025403784421,0.));
#3068=DIRECTION('ref_axis',(0.866025403784421,-0.500000000000031,0.));
#3069=DIRECTION('',(-0.866025403784421,0.500000000000031,0.));
#3070=DIRECTION('',(0.,0.,-1.));
#3071=DIRECTION('',(0.,0.,1.));
#3072=DIRECTION('center_axis',(0.,0.,1.));
#3073=DIRECTION('ref_axis',(-0.866025403784456,-0.499999999999969,0.));
#3074=DIRECTION('center_axis',(0.,0.,-1.));
#3075=DIRECTION('ref_axis',(-0.866025403784456,-0.499999999999969,0.));
#3076=DIRECTION('center_axis',(0.866025403784456,0.49999999999997,0.));
#3077=DIRECTION('ref_axis',(0.49999999999997,-0.866025403784456,0.));
#3078=DIRECTION('',(0.,0.,-1.));
#3079=DIRECTION('',(0.49999999999997,-0.866025403784456,0.));
#3080=DIRECTION('',(0.,0.,-1.));
#3081=DIRECTION('center_axis',(-0.500000000000026,-0.866025403784424,0.));
#3082=DIRECTION('ref_axis',(0.612372435695786,-0.353553390593293,0.707106781186545));
#3083=DIRECTION('center_axis',(0.500000000000029,0.866025403784422,0.));
#3084=DIRECTION('ref_axis',(0.612372435695785,-0.353553390593296,0.707106781186545));
#3085=DIRECTION('',(-0.500000000000026,-0.866025403784424,0.));
#3086=DIRECTION('center_axis',(-0.500000000000028,-0.866025403784422,0.));
#3087=DIRECTION('ref_axis',(0.612372435695785,-0.353553390593295,0.707106781186545));
#3088=DIRECTION('',(0.500000000000026,0.866025403784424,0.));
#3089=DIRECTION('center_axis',(-0.866025403784424,0.500000000000026,0.));
#3090=DIRECTION('ref_axis',(0.500000000000026,0.866025403784424,0.));
#3091=DIRECTION('',(0.,0.,1.));
#3092=DIRECTION('',(0.,0.,-1.));
#3093=DIRECTION('',(0.500000000000026,0.866025403784424,0.));
#3094=DIRECTION('center_axis',(0.,0.,1.));
#3095=DIRECTION('ref_axis',(0.866025403784421,-0.50000000000003,0.));
#3096=DIRECTION('center_axis',(0.,0.,-1.));
#3097=DIRECTION('ref_axis',(0.866025403784421,-0.50000000000003,0.));
#3098=DIRECTION('',(0.,0.,-1.));
#3099=DIRECTION('center_axis',(0.499999999999969,-0.866025403784457,0.));
#3100=DIRECTION('ref_axis',(0.866025403784457,0.499999999999969,0.));
#3101=DIRECTION('',(-0.866025403784457,-0.499999999999969,0.));
#3102=DIRECTION('',(0.,0.,1.));
#3103=DIRECTION('center_axis',(0.,0.,1.));
#3104=DIRECTION('ref_axis',(-3.41860033134856E-14,-1.,0.));
#3105=DIRECTION('center_axis',(0.,0.,-1.));
#3106=DIRECTION('ref_axis',(-3.41860033134856E-14,-1.,0.));
#3107=DIRECTION('center_axis',(0.,0.,1.));
#3108=DIRECTION('ref_axis',(1.,0.,0.));
#3109=DIRECTION('',(0.866025403784421,-0.500000000000031,0.));
#3110=DIRECTION('',(-0.500000000000025,-0.866025403784424,0.));
#3111=DIRECTION('',(-0.866025403784422,0.500000000000029,0.));
#3112=DIRECTION('center_axis',(0.,0.,1.));
#3113=DIRECTION('ref_axis',(1.,0.,0.));
#3114=DIRECTION('',(0.866025403784457,0.499999999999969,0.));
#3115=DIRECTION('',(-0.866025403784456,-0.49999999999997,0.));
#3116=DIRECTION('',(-0.499999999999963,0.86602540378446,0.));
#3117=DIRECTION('center_axis',(0.,0.,1.));
#3118=DIRECTION('ref_axis',(0.866025403784421,-0.50000000000003,0.));
#3119=DIRECTION('',(0.353553390593255,-0.612372435695808,0.707106781186546));
#3120=DIRECTION('center_axis',(0.353553390593251,-0.612372435695806,-0.707106781186549));
#3121=DIRECTION('ref_axis',(-0.894427190999928,-3.41121454740797E-16,-0.447213595499934));
#3122=DIRECTION('',(0.35355339059329,-0.612372435695876,0.707106781186469));
#3123=DIRECTION('',(-0.866025403784455,-0.499999999999972,0.));
#3124=DIRECTION('',(0.866025403784455,0.499999999999972,0.));
#3125=DIRECTION('',(0.866025403784455,0.499999999999972,0.));
#3126=DIRECTION('center_axis',(-0.353553390593251,0.612372435695806,0.707106781186549));
#3127=DIRECTION('ref_axis',(0.353553390593252,-0.612372435695809,0.707106781186546));
#3128=DIRECTION('center_axis',(0.,0.,1.));
#3129=DIRECTION('ref_axis',(-3.41860033134856E-14,-1.,0.));
#3130=DIRECTION('',(-0.353553390593299,-0.612372435695777,0.70710678118655));
#3131=DIRECTION('center_axis',(-0.353553390593296,-0.612372435695783,-0.707106781186546));
#3132=DIRECTION('ref_axis',(-0.894427190999904,2.70969660711068E-17,0.447213595499981));
#3133=DIRECTION('',(-0.353553390593295,-0.612372435695781,0.707106781186549));
#3134=DIRECTION('center_axis',(0.353553390593296,0.612372435695783,0.707106781186546));
#3135=DIRECTION('ref_axis',(-0.353553390593295,-0.612372435695781,0.707106781186549));
#3136=DIRECTION('',(-0.866025403784422,0.500000000000028,0.));
#3137=DIRECTION('',(-0.866025403784422,0.500000000000028,0.));
#3138=DIRECTION('',(-0.866025403784422,0.500000000000028,0.));
#3139=DIRECTION('center_axis',(0.,0.,1.));
#3140=DIRECTION('ref_axis',(-0.866025403784456,-0.499999999999969,0.));
#3141=DIRECTION('center_axis',(-0.499999999999972,0.866025403784455,0.));
#3142=DIRECTION('ref_axis',(-0.866025403784455,-0.499999999999972,0.));
#3143=DIRECTION('',(0.,0.,-1.));
#3144=DIRECTION('',(0.,0.,-1.));
#3145=DIRECTION('',(0.866025403784455,0.499999999999972,0.));
#3146=DIRECTION('center_axis',(0.500000000000028,0.866025403784422,0.));
#3147=DIRECTION('ref_axis',(-0.866025403784422,0.500000000000028,0.));
#3148=DIRECTION('',(0.866025403784422,-0.500000000000028,0.));
#3149=DIRECTION('',(0.,0.,1.));
#3150=DIRECTION('center_axis',(-0.499999999999972,0.866025403784455,0.));
#3151=DIRECTION('ref_axis',(-0.866025403784455,-0.499999999999972,0.));
#3152=DIRECTION('',(0.866025403784455,0.499999999999972,0.));
#3153=DIRECTION('center_axis',(0.,0.,-1.));
#3154=DIRECTION('ref_axis',(-1.,0.,0.));
#3155=DIRECTION('center_axis',(0.,0.,-1.));
#3156=DIRECTION('ref_axis',(0.500000106067205,-0.866025342546501,0.));
#3157=DIRECTION('center_axis',(0.,0.,1.));
#3158=DIRECTION('ref_axis',(0.500000106067205,-0.866025342546501,0.));
#3159=DIRECTION('',(0.,0.,-1.));
#3160=DIRECTION('center_axis',(-0.499999999999972,0.866025403784455,0.));
#3161=DIRECTION('ref_axis',(-0.866025403784455,-0.499999999999972,0.));
#3162=DIRECTION('',(0.,0.,-1.));
#3163=DIRECTION('center_axis',(0.499999999999972,-0.866025403784455,0.));
#3164=DIRECTION('ref_axis',(0.612372435695808,0.353553390593255,0.707106781186545));
#3165=DIRECTION('center_axis',(0.,0.,1.));
#3166=DIRECTION('ref_axis',(0.866025403784423,-0.500000000000028,0.));
#3167=DIRECTION('',(0.,0.,1.));
#3168=DIRECTION('center_axis',(0.500000000000028,0.866025403784422,0.));
#3169=DIRECTION('ref_axis',(-0.866025403784422,0.500000000000028,0.));
#3170=DIRECTION('',(0.866025403784422,-0.500000000000028,0.));
#3171=DIRECTION('',(0.,0.,1.));
#3172=DIRECTION('center_axis',(0.500000000000028,0.866025403784422,0.));
#3173=DIRECTION('ref_axis',(-0.866025403784422,0.500000000000028,0.));
#3174=DIRECTION('',(0.,0.,1.));
#3175=DIRECTION('center_axis',(-0.500000000000028,-0.866025403784422,0.));
#3176=DIRECTION('ref_axis',(-0.612372435695781,0.353553390593293,0.70710678118655));
#3177=DIRECTION('center_axis',(0.,0.,1.));
#3178=DIRECTION('ref_axis',(-0.866025403784455,-0.499999999999972,0.));
#3179=DIRECTION('',(0.,0.,1.));
#3180=DIRECTION('center_axis',(-0.500000000000042,-0.866025403784415,0.));
#3181=DIRECTION('ref_axis',(-0.866025403784415,0.500000000000042,0.));
#3182=DIRECTION('',(-0.866025403784415,0.500000000000042,0.));
#3183=DIRECTION('center_axis',(0.500000000000029,0.866025403784422,0.));
#3184=DIRECTION('ref_axis',(-0.612372435695781,0.353553390593293,0.70710678118655));
#3185=DIRECTION('',(0.,0.,-1.));
#3186=DIRECTION('center_axis',(0.,0.,-1.));
#3187=DIRECTION('ref_axis',(-1.,0.,0.));
#3188=DIRECTION('',(-0.866025403784444,-0.49999999999999,0.));
#3189=DIRECTION('',(0.499999999999963,-0.86602540378446,0.));
#3190=DIRECTION('center_axis',(0.500000000000025,0.866025403784424,0.));
#3191=DIRECTION('ref_axis',(-0.612372435695782,0.35355339059329,0.70710678118655));
#3192=DIRECTION('',(0.500000000000025,0.866025403784424,0.));
#3193=DIRECTION('center_axis',(0.866025403784424,-0.500000000000025,0.));
#3194=DIRECTION('ref_axis',(-0.500000000000025,-0.866025403784424,0.));
#3195=DIRECTION('',(0.500000000000025,0.866025403784424,0.));
#3196=DIRECTION('center_axis',(0.,0.,-1.));
#3197=DIRECTION('ref_axis',(-1.,0.,0.));
#3198=DIRECTION('center_axis',(0.499999999999963,-0.86602540378446,0.));
#3199=DIRECTION('ref_axis',(0.612372435695812,0.353553390593249,0.707106781186545));
#3200=DIRECTION('center_axis',(-0.49999999999997,0.866025403784456,0.));
#3201=DIRECTION('ref_axis',(0.612372435695809,0.353553390593254,0.707106781186545));
#3202=DIRECTION('',(0.499999999999963,-0.86602540378446,0.));
#3203=DIRECTION('center_axis',(0.49999999999999,-0.866025403784444,0.));
#3204=DIRECTION('ref_axis',(-0.866025403784444,-0.49999999999999,0.));
#3205=DIRECTION('',(0.,0.,-1.));
#3206=DIRECTION('center_axis',(-0.86602540378446,-0.499999999999963,0.));
#3207=DIRECTION('ref_axis',(-0.499999999999963,0.86602540378446,0.));
#3208=DIRECTION('',(0.,0.,1.));
#3209=DIRECTION('',(1.,0.,0.));
#3210=CARTESIAN_POINT('',(0.,0.,0.));
#3211=CARTESIAN_POINT('',(0.,0.,0.));
#3212=CARTESIAN_POINT('Origin',(42.4535041578924,3.35568277959228,-3.4));
#3213=CARTESIAN_POINT('',(43.9535041578924,5.95375899094575,5.55111512312578E-16));
#3214=CARTESIAN_POINT('',(45.4535041578923,3.35568277959236,5.55111512312578E-16));
#3215=CARTESIAN_POINT('Origin',(42.4535041578924,3.35568277959228,5.55111512312578E-16));
#3216=CARTESIAN_POINT('',(45.4535041578923,3.35568277959236,-3.4));
#3217=CARTESIAN_POINT('',(45.4535041578924,3.35568277959236,-3.4));
#3218=CARTESIAN_POINT('',(43.9535041578924,5.95375899094575,-3.4));
#3219=CARTESIAN_POINT('Origin',(42.4535041578924,3.35568277959228,-3.4));
#3220=CARTESIAN_POINT('',(43.9535041578923,5.95375899094563,-3.4));
#3221=CARTESIAN_POINT('Origin',(45.2535041578927,5.20320364099893,-3.4));
#3222=CARTESIAN_POINT('',(34.7535041578927,11.2653814674897,-3.4));
#3223=CARTESIAN_POINT('',(33.2535041578927,12.1314068712741,-3.4));
#3224=CARTESIAN_POINT('',(34.7535041578927,11.2653814674897,5.55111512312578E-16));
#3225=CARTESIAN_POINT('',(34.7535041578927,11.2653814674897,-3.4));
#3226=CARTESIAN_POINT('',(33.2535041578927,12.1314068712741,5.55111512312578E-16));
#3227=CARTESIAN_POINT('Origin',(33.2535041578927,-1.72499958927687,-3.4));
#3228=CARTESIAN_POINT('',(45.4535041578926,-6.80568195814511,-3.4));
#3229=CARTESIAN_POINT('',(45.4535041578926,-5.1891012044143,-3.4));
#3230=CARTESIAN_POINT('',(43.9535041578928,-9.40375816949859,-3.4));
#3231=CARTESIAN_POINT('Origin',(42.4535041578926,-6.8056819581452,-3.4));
#3232=CARTESIAN_POINT('',(34.7535041578927,-14.7153806460434,-3.4));
#3233=CARTESIAN_POINT('',(45.2535041578927,-8.65320281955207,-3.4));
#3234=CARTESIAN_POINT('',(31.7535041578927,-14.7153806460435,-3.4));
#3235=CARTESIAN_POINT('Origin',(33.2535041578927,-12.1173044346902,-3.4));
#3236=CARTESIAN_POINT('',(22.5535041578929,-9.4037581694994,-3.4));
#3237=CARTESIAN_POINT('',(33.2535041578927,-15.5814060498279,-3.4));
#3238=CARTESIAN_POINT('',(21.053504157893,-6.80568195814597,-3.4));
#3239=CARTESIAN_POINT('Origin',(24.0535041578929,-6.80568195814588,-3.4));
#3240=CARTESIAN_POINT('',(21.0535041578926,3.35568277959132,-3.4));
#3241=CARTESIAN_POINT('',(21.0535041578927,1.73910202586055,-3.4));
#3242=CARTESIAN_POINT('',(22.5535041578925,5.95375899094483,-3.4));
#3243=CARTESIAN_POINT('Origin',(24.0535041578927,3.3556827795914,-3.4));
#3244=CARTESIAN_POINT('',(31.7535041578927,11.2653814674896,-3.4));
#3245=CARTESIAN_POINT('',(21.2535041578926,5.20320364099832,-3.4));
#3246=CARTESIAN_POINT('Origin',(33.2535041578927,8.66730525613633,-3.4));
#3247=CARTESIAN_POINT('',(42.6535041578928,5.31867369483714,-3.4));
#3248=CARTESIAN_POINT('',(34.7535041578937,9.87974082143503,-3.4));
#3249=CARTESIAN_POINT('',(36.6535041578937,8.78277530997463,-3.4));
#3250=CARTESIAN_POINT('',(31.7535041578937,9.87974082143513,-3.4));
#3251=CARTESIAN_POINT('Origin',(33.2535041578937,7.28166461008173,-3.4));
#3252=CARTESIAN_POINT('',(23.8535041578935,5.31867369483748,-3.4));
#3253=CARTESIAN_POINT('',(25.8535041578933,6.47337423321653,-3.4));
#3254=CARTESIAN_POINT('',(22.3535041578933,2.72059748348374,-3.4));
#3255=CARTESIAN_POINT('Origin',(25.3535041578936,2.72059748348382,-3.4));
#3256=CARTESIAN_POINT('',(22.3535041578935,-6.17059666203662,-3.4));
#3257=CARTESIAN_POINT('',(22.3535041578934,-4.03440066603532,-3.4));
#3258=CARTESIAN_POINT('',(23.8535041578934,-8.76867287338983,-3.4));
#3259=CARTESIAN_POINT('Origin',(25.3535041578935,-6.17059666203654,-3.4));
#3260=CARTESIAN_POINT('',(31.7535041578927,-13.3297399999879,-3.4));
#3261=CARTESIAN_POINT('',(29.8535041578927,-12.2327744885275,-3.4));
#3262=CARTESIAN_POINT('',(34.7535041578927,-13.329739999988,-3.4));
#3263=CARTESIAN_POINT('Origin',(33.2535041578927,-10.7316637886346,-3.4));
#3264=CARTESIAN_POINT('',(42.6535041578928,-8.76867287339038,-3.4));
#3265=CARTESIAN_POINT('',(40.6535041578927,-9.92337341176957,-3.4));
#3266=CARTESIAN_POINT('',(44.1535041578929,-6.17059666203657,-3.4));
#3267=CARTESIAN_POINT('Origin',(41.1535041578926,-6.17059666203665,-3.4));
#3268=CARTESIAN_POINT('',(44.1535041578927,2.72059748348398,-3.4));
#3269=CARTESIAN_POINT('',(44.1535041578928,0.584401487482031,-3.4));
#3270=CARTESIAN_POINT('Origin',(41.1535041578927,2.7205974834839,-3.4));
#3271=CARTESIAN_POINT('Origin',(42.4535041578926,-6.8056819581452,-3.4));
#3272=CARTESIAN_POINT('',(45.4535041578926,-6.80568195814511,5.55111512312578E-16));
#3273=CARTESIAN_POINT('',(43.9535041578928,-9.40375816949859,5.55111512312578E-16));
#3274=CARTESIAN_POINT('Origin',(42.4535041578926,-6.8056819581452,5.55111512312578E-16));
#3275=CARTESIAN_POINT('',(43.9535041578927,-9.40375816949847,-3.4));
#3276=CARTESIAN_POINT('',(45.4535041578926,-6.80568195814511,-3.4));
#3277=CARTESIAN_POINT('Origin',(33.2535041578927,-15.5814060498279,-3.4));
#3278=CARTESIAN_POINT('',(34.7535041578927,-14.7153806460434,5.55111512312578E-16));
#3279=CARTESIAN_POINT('',(45.2535041578927,-8.65320281955207,5.55111512312578E-16));
#3280=CARTESIAN_POINT('',(34.7535041578927,-14.7153806460434,-3.4));
#3281=CARTESIAN_POINT('Origin',(45.4535041578927,-8.65320281955207,-3.4));
#3282=CARTESIAN_POINT('',(45.4535041578926,-5.1891012044143,5.55111512312578E-16));
#3283=CARTESIAN_POINT('Origin',(24.0535041578929,-6.80568195814588,-3.4));
#3284=CARTESIAN_POINT('',(22.5535041578929,-9.4037581694994,5.55111512312578E-16));
#3285=CARTESIAN_POINT('',(21.053504157893,-6.80568195814597,5.55111512312578E-16));
#3286=CARTESIAN_POINT('Origin',(24.0535041578929,-6.80568195814588,5.55111512312578E-16));
#3287=CARTESIAN_POINT('',(21.0535041578929,-6.80568195814597,-3.4));
#3288=CARTESIAN_POINT('',(22.553504157893,-9.40375816949924,-3.4));
#3289=CARTESIAN_POINT('Origin',(21.253504157893,-8.65320281955277,-3.4));
#3290=CARTESIAN_POINT('',(31.7535041578927,-14.7153806460435,5.55111512312578E-16));
#3291=CARTESIAN_POINT('',(31.7535041578927,-14.7153806460435,-3.4));
#3292=CARTESIAN_POINT('',(33.2535041578927,-15.5814060498279,5.55111512312578E-16));
#3293=CARTESIAN_POINT('Origin',(24.0535041578927,3.3556827795914,-3.4));
#3294=CARTESIAN_POINT('',(21.0535041578926,3.35568277959132,5.55111512312578E-16));
#3295=CARTESIAN_POINT('',(22.5535041578925,5.95375899094483,5.55111512312578E-16));
#3296=CARTESIAN_POINT('Origin',(24.0535041578927,3.3556827795914,5.55111512312578E-16));
#3297=CARTESIAN_POINT('',(22.5535041578926,5.95375899094467,-3.4));
#3298=CARTESIAN_POINT('',(21.0535041578926,3.35568277959132,-3.4));
#3299=CARTESIAN_POINT('Origin',(33.2535041578927,12.1314068712741,-3.4));
#3300=CARTESIAN_POINT('',(31.7535041578927,11.2653814674896,5.55111512312578E-16));
#3301=CARTESIAN_POINT('',(21.2535041578926,5.20320364099832,5.55111512312578E-16));
#3302=CARTESIAN_POINT('',(31.7535041578927,11.2653814674896,-3.4));
#3303=CARTESIAN_POINT('Origin',(21.0535041578926,5.20320364099832,-3.4));
#3304=CARTESIAN_POINT('',(21.0535041578927,1.73910202586055,5.55111512312578E-16));
#3305=CARTESIAN_POINT('Origin',(41.1535041578926,-6.17059666203665,-3.4));
#3306=CARTESIAN_POINT('',(42.6535041578928,-8.76867287339038,2.77555756156289E-16));
#3307=CARTESIAN_POINT('',(44.1535041578929,-6.17059666203657,5.55111512312578E-16));
#3308=CARTESIAN_POINT('Origin',(41.1535041578926,-6.17059666203665,5.55111512312578E-16));
#3309=CARTESIAN_POINT('',(44.1535041578929,-6.17059666203657,-3.4));
#3310=CARTESIAN_POINT('',(42.6535041578927,-8.76867287339027,-3.4));
#3311=CARTESIAN_POINT('Origin',(44.1535041578927,2.89380256424064,-3.4));
#3312=CARTESIAN_POINT('',(44.1535041578927,2.72059748348398,5.55111512312578E-16));
#3313=CARTESIAN_POINT('',(44.1535041578928,0.584401487482031,5.55111512312578E-16));
#3314=CARTESIAN_POINT('',(44.1535041578927,2.72059748348398,-3.4));
#3315=CARTESIAN_POINT('Origin',(41.1535041578927,2.7205974834839,-3.4));
#3316=CARTESIAN_POINT('',(42.6535041578928,5.31867369483714,5.55111512312578E-16));
#3317=CARTESIAN_POINT('Origin',(41.1535041578927,2.7205974834839,5.55111512312578E-16));
#3318=CARTESIAN_POINT('',(42.6535041578928,5.31867369483718,-3.4));
#3319=CARTESIAN_POINT('Origin',(34.6535041578937,9.93747584835403,-3.4));
#3320=CARTESIAN_POINT('',(41.5195295616777,5.97337423321623,5.55111512312578E-16));
#3321=CARTESIAN_POINT('',(36.6535041578937,8.78277530997463,5.55111512312578E-16));
#3322=CARTESIAN_POINT('',(41.5195295616781,5.97337423321691,-2.55554429104766));
#3323=CARTESIAN_POINT('',(41.5195295616777,5.97337423321623,-2.30000002458692));
#3324=CARTESIAN_POINT('',(39.7874787541091,6.97337423321701,-2.55554429104786));
#3325=CARTESIAN_POINT('',(40.6535041578928,6.47337423321651,-2.5555442910445));
#3326=CARTESIAN_POINT('',(39.7874787541087,6.97337423321633,5.55111512312578E-16));
#3327=CARTESIAN_POINT('',(39.7874787541087,6.97337423321633,-2.30000002458692));
#3328=CARTESIAN_POINT('',(34.7535041578937,9.87974082143503,5.55111512312578E-16));
#3329=CARTESIAN_POINT('',(36.6535041578937,8.78277530997463,5.55111512312578E-16));
#3330=CARTESIAN_POINT('',(34.7535041578937,9.87974082143503,-3.4));
#3331=CARTESIAN_POINT('Origin',(42.6535041578927,-8.76867287339027,-3.4));
#3332=CARTESIAN_POINT('',(34.7535041578927,-13.329739999988,2.77555756156289E-16));
#3333=CARTESIAN_POINT('',(34.7535041578927,-13.329739999988,-3.4));
#3334=CARTESIAN_POINT('',(39.7956203254037,-10.4186728733902,2.77555756156289E-16));
#3335=CARTESIAN_POINT('',(40.6535041578927,-9.92337341176957,2.77555756156289E-16));
#3336=CARTESIAN_POINT('',(39.7956203254041,-10.4186728733909,-2.55554427324795));
#3337=CARTESIAN_POINT('',(39.7956203254037,-10.4186728733902,-2.30000000558793));
#3338=CARTESIAN_POINT('',(41.5276711329731,-9.41867287339095,-2.55554427324822));
#3339=CARTESIAN_POINT('',(41.5276711329725,-9.41867287339047,-2.55554427324507));
#3340=CARTESIAN_POINT('',(41.5276711329727,-9.41867287339027,2.77555756156289E-16));
#3341=CARTESIAN_POINT('',(41.5276711329727,-9.41867287339027,-2.30000000558793));
#3342=CARTESIAN_POINT('',(40.6535041578927,-9.92337341176957,2.77555756156289E-16));
#3343=CARTESIAN_POINT('Origin',(33.2535041578927,-1.72499958927687,5.55111512312578E-16));
#3344=CARTESIAN_POINT('Origin',(33.2535041578927,8.66730525613633,5.55111512312578E-16));
#3345=CARTESIAN_POINT('Origin',(33.2535041578927,-12.1173044346902,5.55111512312578E-16));
#3346=CARTESIAN_POINT('',(41.48776004641,-9.34954484367881,5.55111512312578E-16));
#3347=CARTESIAN_POINT('',(38.8401711338107,-4.76378632950077,5.55111512312578E-16));
#3348=CARTESIAN_POINT('',(39.755709238841,-10.3495448436789,5.55111512312578E-16));
#3349=CARTESIAN_POINT('',(41.4877600464099,-9.34954484367887,4.16333634234434E-16));
#3350=CARTESIAN_POINT('',(37.1081203262417,-5.76378632950077,5.55111512312578E-16));
#3351=CARTESIAN_POINT('',(31.7535041578927,-13.3297399999879,5.55111512312578E-16));
#3352=CARTESIAN_POINT('Origin',(33.2535041578927,-10.7316637886346,5.55111512312578E-16));
#3353=CARTESIAN_POINT('',(26.7195295616774,-10.423373411769,5.55111512312578E-16));
#3354=CARTESIAN_POINT('',(29.8535041578927,-12.2327744885275,5.55111512312578E-16));
#3355=CARTESIAN_POINT('',(26.7594406336398,-10.3542454073456,5.9388428003702E-16));
#3356=CARTESIAN_POINT('',(29.4070295580449,-5.76848687271897,5.55111512312578E-16));
#3357=CARTESIAN_POINT('',(25.0273898260709,-9.35424540734563,5.85727683627206E-16));
#3358=CARTESIAN_POINT('',(25.8934152298553,-9.85424540734559,5.55111512312578E-16));
#3359=CARTESIAN_POINT('',(24.9874787541085,-9.42337341176887,5.55111512312578E-16));
#3360=CARTESIAN_POINT('',(27.674978750476,-4.76848687271907,5.55111512312578E-16));
#3361=CARTESIAN_POINT('',(23.8535041578934,-8.76867287338983,5.55111512312578E-16));
#3362=CARTESIAN_POINT('',(29.8535041578927,-12.2327744885275,5.55111512312578E-16));
#3363=CARTESIAN_POINT('',(22.3535041578935,-6.17059666203662,5.55111512312578E-16));
#3364=CARTESIAN_POINT('Origin',(25.3535041578935,-6.17059666203654,5.55111512312578E-16));
#3365=CARTESIAN_POINT('',(22.3535041578933,2.72059748348374,5.55111512312578E-16));
#3366=CARTESIAN_POINT('',(22.3535041578934,-4.03440066603532,5.55111512312578E-16));
#3367=CARTESIAN_POINT('',(23.8535041578935,5.31867369483748,5.55111512312578E-16));
#3368=CARTESIAN_POINT('Origin',(25.3535041578936,2.72059748348382,5.55111512312578E-16));
#3369=CARTESIAN_POINT('',(24.9874787541092,5.97337423321673,5.55111512312578E-16));
#3370=CARTESIAN_POINT('',(25.8535041578933,6.47337423321653,5.55111512312578E-16));
#3371=CARTESIAN_POINT('',(25.0273898260718,5.90424622879281,4.55106401958878E-16));
#3372=CARTESIAN_POINT('',(27.6749787504773,1.31848769416613,5.55111512312578E-16));
#3373=CARTESIAN_POINT('',(26.7594406336407,6.90424622879288,4.81644275068603E-16));
#3374=CARTESIAN_POINT('',(25.8934152298562,6.40424622879281,5.55111512312578E-16));
#3375=CARTESIAN_POINT('',(26.7195295616781,6.97337423321663,5.55111512312578E-16));
#3376=CARTESIAN_POINT('',(29.4070295580462,2.31848769416623,4.85722573273506E-16));
#3377=CARTESIAN_POINT('',(31.7535041578937,9.87974082143513,5.55111512312578E-16));
#3378=CARTESIAN_POINT('',(25.8535041578933,6.47337423321653,5.55111512312578E-16));
#3379=CARTESIAN_POINT('Origin',(33.2535041578937,7.28166461008173,5.55111512312578E-16));
#3380=CARTESIAN_POINT('',(39.7475676821458,6.90424622879227,4.81644275068591E-16));
#3381=CARTESIAN_POINT('',(37.0999787577407,2.31848769416563,4.85722573273506E-16));
#3382=CARTESIAN_POINT('',(41.4796184897148,5.90424622879227,4.55106401958865E-16));
#3383=CARTESIAN_POINT('',(40.61359308593,6.40424622879243,6.93889390390723E-16));
#3384=CARTESIAN_POINT('',(38.8320295653097,1.31848769416563,5.55111512312578E-16));
#3385=CARTESIAN_POINT('Origin',(25.3535041578936,2.72059748348382,-3.4));
#3386=CARTESIAN_POINT('',(22.3535041578932,2.72059748348374,-3.4));
#3387=CARTESIAN_POINT('',(23.8535041578935,5.31867369483747,-3.4));
#3388=CARTESIAN_POINT('Origin',(22.3535041578935,-6.34380174279348,-3.4));
#3389=CARTESIAN_POINT('',(22.3535041578935,-6.17059666203662,-3.4));
#3390=CARTESIAN_POINT('Origin',(25.3535041578935,-6.17059666203654,-3.4));
#3391=CARTESIAN_POINT('',(23.8535041578934,-8.7686728733898,-3.4));
#3392=CARTESIAN_POINT('Origin',(31.8535041578927,-13.3874750269068,-3.4));
#3393=CARTESIAN_POINT('',(24.9874787541081,-9.42337341176955,-2.55554429104609));
#3394=CARTESIAN_POINT('',(24.9874787541085,-9.42337341176887,-2.30000002458692));
#3395=CARTESIAN_POINT('',(26.719529561677,-10.4233734117697,-2.55554429104632));
#3396=CARTESIAN_POINT('',(25.853504157893,-9.9233734117689,-2.55554429104289));
#3397=CARTESIAN_POINT('',(26.7195295616774,-10.423373411769,-2.30000002458692));
#3398=CARTESIAN_POINT('',(31.7535041578927,-13.3297399999879,-3.4));
#3399=CARTESIAN_POINT('Origin',(23.8535041578936,5.31867369483753,-3.4));
#3400=CARTESIAN_POINT('',(31.7535041578937,9.87974082143513,-3.4));
#3401=CARTESIAN_POINT('',(26.7195295616777,6.97337423321731,-2.55554429104711));
#3402=CARTESIAN_POINT('',(26.7195295616781,6.97337423321663,-2.30000002458692));
#3403=CARTESIAN_POINT('',(24.9874787541088,5.97337423321741,-2.55554429104736));
#3404=CARTESIAN_POINT('',(25.8535041578935,6.47337423321664,-2.555544291044));
#3405=CARTESIAN_POINT('',(24.9874787541092,5.97337423321673,-2.30000002458692));
#3406=CARTESIAN_POINT('Origin',(33.2535041578927,-10.7316637886346,-3.4));
#3407=CARTESIAN_POINT('Origin',(33.2535041578937,7.28166461008173,-3.4));
#3408=CARTESIAN_POINT('Origin',(42.7526711078267,-11.5404350691086,-1.20000001117587));
#3409=CARTESIAN_POINT('Origin',(41.0206203002584,-12.5404350691082,-1.20000001117587));
#3410=CARTESIAN_POINT('Origin',(42.7526711078274,-11.5404350691082,-1.20000001117587));
#3411=CARTESIAN_POINT('Origin',(39.8206203270807,-10.4619741464831,-1.20000001117587));
#3412=CARTESIAN_POINT('Origin',(41.5526711346497,-9.46197414648307,-1.20000001117587));
#3413=CARTESIAN_POINT('Origin',(41.8785041383347,8.59513643861293,-1.20000004917383));
#3414=CARTESIAN_POINT('Origin',(42.7445295421194,8.09513643861279,-1.20000004917383));
#3415=CARTESIAN_POINT('Origin',(41.0124787345504,9.09513643861276,-1.20000004917383));
#3416=CARTESIAN_POINT('Origin',(39.8124787613727,7.01667551598743,-1.20000004917383));
#3417=CARTESIAN_POINT('Origin',(41.5445295689417,6.01667551598753,-1.20000004917383));
#3418=CARTESIAN_POINT('Origin',(24.6285041774506,-12.0451356171661,-1.20000004917383));
#3419=CARTESIAN_POINT('Origin',(23.7624787736662,-11.5451356171661,-1.20000004917383));
#3420=CARTESIAN_POINT('Origin',(25.494529581235,-12.545135617166,-1.20000004917383));
#3421=CARTESIAN_POINT('Origin',(24.962478746844,-9.46667469454067,-1.20000004917383));
#3422=CARTESIAN_POINT('Origin',(26.6945295544129,-10.4666746945406,-1.20000004917383));
#3423=CARTESIAN_POINT('Origin',(24.6285041774514,8.59513643861323,-1.20000004917383));
#3424=CARTESIAN_POINT('Origin',(25.4945295812359,9.09513643861329,-1.20000004917383));
#3425=CARTESIAN_POINT('Origin',(23.762478773667,8.09513643861326,-1.20000004917383));
#3426=CARTESIAN_POINT('Origin',(26.6945295544138,7.01667551598793,-1.20000004917383));
#3427=CARTESIAN_POINT('Origin',(24.962478746845,6.01667551598783,-1.20000004917383));
#3428=CARTESIAN_POINT('Origin',(33.2535041578927,8.66730525613633,-3.4));
#3429=CARTESIAN_POINT('Origin',(33.2535041578927,-12.1173044346902,-3.4));
#3430=CARTESIAN_POINT('Origin',(-6.45,-1.5,9.8));
#3431=CARTESIAN_POINT('',(-6.65,3.9,10.));
#3432=CARTESIAN_POINT('',(-6.65,-3.4,10.));
#3433=CARTESIAN_POINT('',(-6.65,-1.5,10.));
#3434=CARTESIAN_POINT('',(-6.25,-3.,9.6));
#3435=CARTESIAN_POINT('',(-6.65,-3.4,10.));
#3436=CARTESIAN_POINT('',(-6.25,3.5,9.6));
#3437=CARTESIAN_POINT('',(-6.25,-1.5,9.6));
#3438=CARTESIAN_POINT('',(-6.65,3.9,10.));
#3439=CARTESIAN_POINT('Origin',(2.7499999999999,-3.2,9.8));
#3440=CARTESIAN_POINT('',(6.65,-3.4,10.));
#3441=CARTESIAN_POINT('',(2.7499999999999,-3.4,10.));
#3442=CARTESIAN_POINT('',(6.25,-3.,9.6));
#3443=CARTESIAN_POINT('',(6.65,-3.4,10.));
#3444=CARTESIAN_POINT('',(2.7499999999999,-3.,9.6));
#3445=CARTESIAN_POINT('Origin',(6.45,1.75,9.8));
#3446=CARTESIAN_POINT('',(6.65,3.9,10.));
#3447=CARTESIAN_POINT('',(6.65,1.75,10.));
#3448=CARTESIAN_POINT('',(6.25,3.5,9.6));
#3449=CARTESIAN_POINT('',(6.65,3.9,10.));
#3450=CARTESIAN_POINT('',(6.25,1.75,9.6));
#3451=CARTESIAN_POINT('Origin',(-3.1250000000001,3.7,9.8));
#3452=CARTESIAN_POINT('',(-3.1250000000001,3.5,9.6));
#3453=CARTESIAN_POINT('',(-3.1250000000001,3.9,10.));
#3454=CARTESIAN_POINT('Origin',(-6.25,3.5,10.));
#3455=CARTESIAN_POINT('',(-6.25,3.5,3.5));
#3456=CARTESIAN_POINT('',(-6.25,3.5,10.));
#3457=CARTESIAN_POINT('',(-5.5,3.5,3.5));
#3458=CARTESIAN_POINT('',(-6.25,3.5,3.5));
#3459=CARTESIAN_POINT('',(-5.5,3.5,3.3));
#3460=CARTESIAN_POINT('',(-5.5,3.5,3.5));
#3461=CARTESIAN_POINT('',(5.5,3.5,3.3));
#3462=CARTESIAN_POINT('',(5.5,3.5,3.3));
#3463=CARTESIAN_POINT('',(5.5,3.5,3.5));
#3464=CARTESIAN_POINT('',(5.5,3.5,3.5));
#3465=CARTESIAN_POINT('',(6.25,3.5,3.5));
#3466=CARTESIAN_POINT('',(-6.25,3.5,3.5));
#3467=CARTESIAN_POINT('',(6.25,3.5,10.));
#3468=CARTESIAN_POINT('Origin',(-6.25,-3.,10.));
#3469=CARTESIAN_POINT('',(-6.25,-3.,3.5));
#3470=CARTESIAN_POINT('',(-6.25,-3.,10.));
#3471=CARTESIAN_POINT('',(-6.25,-3.,3.5));
#3472=CARTESIAN_POINT('Origin',(0.,3.25,3.3));
#3473=CARTESIAN_POINT('',(-5.5,3.,3.3));
#3474=CARTESIAN_POINT('',(-5.5,3.5,3.3));
#3475=CARTESIAN_POINT('',(5.5,3.,3.3));
#3476=CARTESIAN_POINT('',(-2.75,3.,3.3));
#3477=CARTESIAN_POINT('',(5.5,3.,3.3));
#3478=CARTESIAN_POINT('Origin',(0.,0.25,3.5));
#3479=CARTESIAN_POINT('',(-5.5,-3.,3.5));
#3480=CARTESIAN_POINT('',(-5.5,-1.375,3.5));
#3481=CARTESIAN_POINT('',(6.25,-3.,3.5));
#3482=CARTESIAN_POINT('Origin',(0.,0.25,3.5));
#3483=CARTESIAN_POINT('',(5.5,-3.,3.5));
#3484=CARTESIAN_POINT('',(5.49999999999999,1.87499999999999,3.5));
#3485=CARTESIAN_POINT('',(6.25,-3.,3.5));
#3486=CARTESIAN_POINT('',(6.25,-3.,3.5));
#3487=CARTESIAN_POINT('',(6.25,3.5,3.5));
#3488=CARTESIAN_POINT('Origin',(6.25,3.5,10.));
#3489=CARTESIAN_POINT('',(6.25,-3.,10.));
#3490=CARTESIAN_POINT('Origin',(5.5,3.,10.));
#3491=CARTESIAN_POINT('',(5.5,3.,-3.4));
#3492=CARTESIAN_POINT('',(5.5,3.,10.));
#3493=CARTESIAN_POINT('',(5.5,-3.,-3.4));
#3494=CARTESIAN_POINT('',(5.5,1.5,-3.4));
#3495=CARTESIAN_POINT('',(5.5,-3.,10.));
#3496=CARTESIAN_POINT('Origin',(-5.5,3.,10.));
#3497=CARTESIAN_POINT('',(-5.5,3.,-3.4));
#3498=CARTESIAN_POINT('',(-5.5,3.,10.));
#3499=CARTESIAN_POINT('',(-2.7500000000001,3.,-3.4));
#3500=CARTESIAN_POINT('Origin',(-5.5,-3.,10.));
#3501=CARTESIAN_POINT('',(-5.5,-3.,-3.4));
#3502=CARTESIAN_POINT('',(-5.5,-3.,10.));
#3503=CARTESIAN_POINT('',(-5.5,-1.5,-3.4));
#3504=CARTESIAN_POINT('Origin',(5.5,-3.,10.));
#3505=CARTESIAN_POINT('',(2.7499999999999,-3.,-3.4));
#3506=CARTESIAN_POINT('Origin',(-2.04281036531029E-13,-1.11022302462516E-15,
8.));
#3507=CARTESIAN_POINT('',(-6.23205080756844,6.79422863406014,8.));
#3508=CARTESIAN_POINT('',(-7.13205080756851,8.3530743608724,8.));
#3509=CARTESIAN_POINT('',(-4.23205080756859,3.3301270189223,8.));
#3510=CARTESIAN_POINT('',(-6.76794919243064,6.48482755730173,8.));
#3511=CARTESIAN_POINT('',(0.500000000000744,10.680979980008,8.));
#3512=CARTESIAN_POINT('',(-7.66794919243069,8.043673284114,8.));
#3513=CARTESIAN_POINT('',(-5.0179491924307,3.453738644056,8.));
#3514=CARTESIAN_POINT('',(-2.39999999999919,11.0851251684409,8.));
#3515=CARTESIAN_POINT('Origin',(-4.23205080756859,3.3301270189223,6.));
#3516=CARTESIAN_POINT('',(-5.39999999999959,9.3530743608723,6.));
#3517=CARTESIAN_POINT('Origin',(-7.13205080756851,8.3530743608724,6.));
#3518=CARTESIAN_POINT('',(-4.49999999999954,7.79422863406003,6.));
#3519=CARTESIAN_POINT('',(-2.49999999999921,4.3301270189223,6.));
#3520=CARTESIAN_POINT('Origin',(-6.23205080756844,6.79422863406014,6.));
#3521=CARTESIAN_POINT('Origin',(-10.7999999999993,6.2353829072488,-3.4));
#3522=CARTESIAN_POINT('',(-1.4999995967258,11.6047409155475,8.00000007682821));
#3523=CARTESIAN_POINT('',(-10.6125001392127,6.34363600234694,8.));
#3524=CARTESIAN_POINT('',(-1.49999957924485,11.6047409720234,-3.4));
#3525=CARTESIAN_POINT('',(-1.49999929995519,11.6047408148825,-3.4));
#3526=CARTESIAN_POINT('',(-9.3999999999993,7.04367328411421,-3.4));
#3527=CARTESIAN_POINT('',(-8.09999999999962,7.79422863406048,-3.4));
#3528=CARTESIAN_POINT('',(-9.39999999999958,7.04367328411405,-2.4));
#3529=CARTESIAN_POINT('',(-9.3999999999993,7.04367328411421,-3.4));
#3530=CARTESIAN_POINT('',(-5.39999999999959,9.3530743608723,-2.4));
#3531=CARTESIAN_POINT('',(-8.0999999999995,7.7942286340606,-2.4));
#3532=CARTESIAN_POINT('',(-5.39999999999959,9.3530743608723,2.3));
#3533=CARTESIAN_POINT('Origin',(-7.99999999999964,5.77350269189653,10.));
#3534=CARTESIAN_POINT('',(-8.49999999999958,5.48482755730179,-2.4));
#3535=CARTESIAN_POINT('',(-4.49999999999954,7.79422863406003,-2.4));
#3536=CARTESIAN_POINT('',(-6.24999999999959,6.78386566297831,-2.4));
#3537=CARTESIAN_POINT('',(-8.49999999999956,5.4848275573018,6.));
#3538=CARTESIAN_POINT('',(-8.49999999999953,5.48482755730182,9.));
#3539=CARTESIAN_POINT('Origin',(-6.76794919243064,6.48482755730173,6.));
#3540=CARTESIAN_POINT('',(-4.49999999999954,7.79422863406003,8.));
#3541=CARTESIAN_POINT('Origin',(1.50000000000076,10.680979980008,10.));
#3542=CARTESIAN_POINT('',(9.00000000000005,6.350852961086,6.));
#3543=CARTESIAN_POINT('',(7.26794919243081,7.350852961086,8.));
#3544=CARTESIAN_POINT('Origin',(7.26794919243081,7.3508529610859,6.));
#3545=CARTESIAN_POINT('',(8.99999999999996,6.35085296108605,-2.4));
#3546=CARTESIAN_POINT('',(8.99999999999991,6.35085296108608,9.));
#3547=CARTESIAN_POINT('',(5.00000000000079,8.6602540378442,-2.4));
#3548=CARTESIAN_POINT('',(3.25000000000047,9.6706170089263,-2.4));
#3549=CARTESIAN_POINT('',(5.00000000000079,8.6602540378442,6.));
#3550=CARTESIAN_POINT('',(5.00000000000079,8.6602540378442,8.));
#3551=CARTESIAN_POINT('',(6.7320508075698,7.6602540378441,8.));
#3552=CARTESIAN_POINT('Origin',(6.7320508075698,7.6602540378441,6.));
#3553=CARTESIAN_POINT('',(10.0000000000008,5.7735026918959,8.));
#3554=CARTESIAN_POINT('Origin',(-2.04281036531029E-13,-1.11022302462516E-15,
-2.4));
#3555=CARTESIAN_POINT('',(9.4000000000001,7.04367328411391,-2.4));
#3556=CARTESIAN_POINT('',(7.7499999999998,4.1857894516249,-2.4));
#3557=CARTESIAN_POINT('',(5.4000000000008,9.3530743608722,-2.4));
#3558=CARTESIAN_POINT('',(2.7000000000008,10.9119200876843,-2.4));
#3559=CARTESIAN_POINT('',(2.75000000000079,4.7631397208143,-2.4));
#3560=CARTESIAN_POINT('Origin',(8.9999999999998,6.3508529610859,8.));
#3561=CARTESIAN_POINT('',(9.40000000000011,7.0436732841139,6.));
#3562=CARTESIAN_POINT('',(6.4999999999998,2.0207259421638,6.));
#3563=CARTESIAN_POINT('',(9.4000000000001,7.04367328411391,2.3));
#3564=CARTESIAN_POINT('Origin',(-5.0179491924307,3.453738644056,6.));
#3565=CARTESIAN_POINT('',(-9.3999999999996,7.04367328411404,6.));
#3566=CARTESIAN_POINT('',(-8.99999999999951,6.35085296108627,6.));
#3567=CARTESIAN_POINT('Origin',(-7.66794919243069,8.0436732841139,6.));
#3568=CARTESIAN_POINT('Origin',(-9.49999999999931,7.2168783648705,8.));
#3569=CARTESIAN_POINT('',(-7.99999999999941,4.618802153517,-2.4));
#3570=CARTESIAN_POINT('',(-9.39999999999957,7.04367328411405,2.3));
#3571=CARTESIAN_POINT('Origin',(-2.04281036531029E-13,-1.11022302462516E-15,
-2.4));
#3572=CARTESIAN_POINT('',(-2.49999999999921,4.3301270189223,-2.4));
#3573=CARTESIAN_POINT('Origin',(-7.89999999999942,4.4455970727609,-3.4));
#3574=CARTESIAN_POINT('',(-9.87196014438763,6.70643169496219,7.94392028877617));
#3575=CARTESIAN_POINT('',(-9.3999999999993,7.04367328411421,8.));
#3576=CARTESIAN_POINT('Origin',(-7.89999999999942,4.4455970727609,5.00000000000038));
#3577=CARTESIAN_POINT('',(-9.3999999999993,7.04367328411421,-3.4));
#3578=CARTESIAN_POINT('',(-10.8999999999994,4.44559707276099,-3.4));
#3579=CARTESIAN_POINT('Origin',(-7.89999999999942,4.4455970727609,-3.4));
#3580=CARTESIAN_POINT('',(-10.8999999999994,4.44559707276099,8.09999999999969));
#3581=CARTESIAN_POINT('',(-10.8999999999994,4.44559707276099,-3.4));
#3582=CARTESIAN_POINT('',(-10.8045940622853,5.19615242270722,8.00459406228572));
#3583=CARTESIAN_POINT('Origin',(-7.89999999999942,4.4455970727609,5.09999999999973));
#3584=CARTESIAN_POINT('Ctrl Pts',(-9.87196014438764,6.70643169496219,7.94392028877618));
#3585=CARTESIAN_POINT('Ctrl Pts',(-9.92832235791157,6.65727107187757,7.92952704708099));
#3586=CARTESIAN_POINT('Ctrl Pts',(-9.9835481488566,6.60536510343654,7.91685417988632));
#3587=CARTESIAN_POINT('Ctrl Pts',(-10.1950112837798,6.39076773134817,7.87492544869055));
#3588=CARTESIAN_POINT('Ctrl Pts',(-10.3356060537767,6.20966653626573,7.86342582879865));
#3589=CARTESIAN_POINT('Ctrl Pts',(-10.4466324345194,6.0313660481954,7.87042725097691));
#3590=CARTESIAN_POINT('Ctrl Pts',(-10.5632211469254,5.8441328502255,7.87777943873007));
#3591=CARTESIAN_POINT('Ctrl Pts',(-10.6668043244225,5.6286286001228,7.9066894932168));
#3592=CARTESIAN_POINT('Ctrl Pts',(-10.7654507175845,5.33702293648701,7.96958760290826));
#3593=CARTESIAN_POINT('Ctrl Pts',(-10.7864156257456,5.2665016365777,7.986415625746));
#3594=CARTESIAN_POINT('Ctrl Pts',(-10.8045940622853,5.19615242270723,8.00459406228574));
#3595=CARTESIAN_POINT('Origin',(7.90000000000085,4.44559707276028,-3.4));
#3596=CARTESIAN_POINT('',(9.87196014438898,6.7064316949616,7.9439202887763));
#3597=CARTESIAN_POINT('',(9.40000000000088,7.04367328411346,8.));
#3598=CARTESIAN_POINT('Origin',(7.90000000000085,4.44559707276028,5.00000000000048));
#3599=CARTESIAN_POINT('',(10.8045940622866,5.19615242270649,8.00459406228613));
#3600=CARTESIAN_POINT('Ctrl Pts',(10.8045940622868,5.19615242270649,8.00459406228596));
#3601=CARTESIAN_POINT('Ctrl Pts',(10.786415625747,5.26650163657697,7.98641562574622));
#3602=CARTESIAN_POINT('Ctrl Pts',(10.7654507175859,5.33702293648628,7.96958760290848));
#3603=CARTESIAN_POINT('Ctrl Pts',(10.666804324424,5.62862860012211,7.90668949321699));
#3604=CARTESIAN_POINT('Ctrl Pts',(10.5632211469268,5.84413285022485,7.87777943873025));
#3605=CARTESIAN_POINT('Ctrl Pts',(10.4466324345208,6.03136604819478,7.87042725097706));
#3606=CARTESIAN_POINT('Ctrl Pts',(10.335606053778,6.20966653626511,7.86342582879879));
#3607=CARTESIAN_POINT('Ctrl Pts',(10.1950112837812,6.39076773134756,7.87492544869067));
#3608=CARTESIAN_POINT('Ctrl Pts',(9.98354814885795,6.60536510343594,7.91685417988641));
#3609=CARTESIAN_POINT('Ctrl Pts',(9.92832235791291,6.65727107187697,7.92952704708107));
#3610=CARTESIAN_POINT('Ctrl Pts',(9.87196014438898,6.7064316949616,7.94392028877625));
#3611=CARTESIAN_POINT('',(10.9000000000007,4.44559707276018,8.10000000000066));
#3612=CARTESIAN_POINT('Origin',(7.90000000000085,4.44559707276028,5.10000000000074));
#3613=CARTESIAN_POINT('',(10.9000000000008,4.44559707276018,-3.4));
#3614=CARTESIAN_POINT('',(10.9000000000007,4.44559707276018,-3.4));
#3615=CARTESIAN_POINT('',(9.40000000000088,7.04367328411346,-3.4));
#3616=CARTESIAN_POINT('Origin',(7.90000000000085,4.44559707276028,-3.4));
#3617=CARTESIAN_POINT('',(9.40000000000088,7.04367328411346,-3.4));
#3618=CARTESIAN_POINT('',(9.40000000000088,7.04367328411346,-3.4));
#3619=CARTESIAN_POINT('Origin',(7.90478793533111E-13,12.4707658144964,-3.4));
#3620=CARTESIAN_POINT('',(7.6679491924308,8.043673284114,8.));
#3621=CARTESIAN_POINT('Origin',(7.6679491924308,8.0436732841139,6.));
#3622=CARTESIAN_POINT('',(7.72500193562835,8.01073386747111,8.));
#3623=CARTESIAN_POINT('Origin',(7.90478793533111E-13,12.4707658144964,-3.4));
#3624=CARTESIAN_POINT('',(5.4000000000008,9.3530743608722,6.));
#3625=CARTESIAN_POINT('',(7.13205080756979,8.3530743608722,8.));
#3626=CARTESIAN_POINT('Origin',(7.13205080756979,8.35307436087209,6.));
#3627=CARTESIAN_POINT('',(5.4000000000008,9.3530743608722,2.3));
#3628=CARTESIAN_POINT('',(1.49999986211718,11.6047410537178,-3.4));
#3629=CARTESIAN_POINT('',(2.7000000000008,10.9119200876843,-3.4));
#3630=CARTESIAN_POINT('',(1.49999986211315,11.6047410537105,8.00000015247172));
#3631=CARTESIAN_POINT('',(1.4999999363608,11.6047404474547,-3.4));
#3632=CARTESIAN_POINT('',(7.90478793533111E-13,12.4707658144964,8.));
#3633=CARTESIAN_POINT('Origin',(4.76794919243081,3.0207259421639,6.));
#3634=CARTESIAN_POINT('',(4.76794919243081,3.0207259421639,8.));
#3635=CARTESIAN_POINT('Origin',(4.24269801513333E-7,9.00666508118519,-3.4));
#3636=CARTESIAN_POINT('Origin',(4.24269801513333E-7,9.00666508118519,-3.4));
#3637=CARTESIAN_POINT('Origin',(4.24269801513333E-7,9.00666508118519,8.));
#3638=CARTESIAN_POINT('Origin',(1.06067803429255E-7,12.0377536637457,8.));
#3639=CARTESIAN_POINT('',(8.26005930321116E-13,12.4707658153575,8.));
#3640=CARTESIAN_POINT('',(-0.89999999999919,11.9511505722255,8.));
#3641=CARTESIAN_POINT('',(-5.49374984089829,9.29894786499301,8.));
#3642=CARTESIAN_POINT('',(0.900000000000807,11.9511505722252,8.));
#3643=CARTESIAN_POINT('',(0.0937499204508097,12.4166392726883,8.));
#3644=CARTESIAN_POINT('',(7.90478793533111E-13,12.4707658144964,8.));
#3645=CARTESIAN_POINT('',(-10.7999999999993,6.2353829072488,8.));
#3646=CARTESIAN_POINT('Origin',(7.90478793533111E-13,12.4707658144964,-3.4));
#3647=CARTESIAN_POINT('',(7.90478793533111E-13,12.4707658144964,8.27846096908316));
#3648=CARTESIAN_POINT('',(7.90478793533111E-13,12.4707658144964,-3.4));
#3649=CARTESIAN_POINT('Ctrl Pts',(9.85637193333644E-13,12.4707658144963,
8.27846096908311));
#3650=CARTESIAN_POINT('Ctrl Pts',(0.482308546377008,12.1923048454136,8.00000000000047));
#3651=CARTESIAN_POINT('Ctrl Pts',(0.900000000000996,11.9511505722256,8.00000000000045));
#3652=CARTESIAN_POINT('Origin',(-10.7999999999993,6.2353829072488,-3.4));
#3653=CARTESIAN_POINT('Ctrl Pts',(-0.899999999999278,11.9511505722257,8.00000000000045));
#3654=CARTESIAN_POINT('Ctrl Pts',(-0.482308546375319,12.1923048454136,8.00000000000048));
#3655=CARTESIAN_POINT('Ctrl Pts',(6.55173579223753E-13,12.4707658144963,
8.27846096908305));
#3656=CARTESIAN_POINT('Origin',(-10.7999999999993,6.2353829072488,-3.4));
#3657=CARTESIAN_POINT('',(-10.6125001392127,6.34363600234694,8.));
#3658=CARTESIAN_POINT('Origin',(8.7000000000008,8.1406387955734,8.6));
#3659=CARTESIAN_POINT('',(1.50000000000079,12.9903810567665,9.2));
#3660=CARTESIAN_POINT('',(0.900000000000807,11.9511505722252,8.));
#3661=CARTESIAN_POINT('',(10.5000000000008,7.7942286340595,9.2));
#3662=CARTESIAN_POINT('',(9.00000000000079,8.66025403784399,9.2));
#3663=CARTESIAN_POINT('',(10.2000000000009,7.27461339178888,8.60000000000002));
#3664=CARTESIAN_POINT('',(8.40000000000081,7.6210235533027,8.));
#3665=CARTESIAN_POINT('Origin',(7.90478793533111E-13,10.3923048454132,8.6));
#3666=CARTESIAN_POINT('',(-1.4999999999992,12.9903810567666,9.2));
#3667=CARTESIAN_POINT('',(-0.89999999999919,11.9511505722255,8.));
#3668=CARTESIAN_POINT('Origin',(7.90478793533111E-13,10.3923048454132,9.2));
#3669=CARTESIAN_POINT('Origin',(-2.6999999999994,11.6047404107115,8.6));
#3670=CARTESIAN_POINT('',(-10.4999999999995,7.7942286340603,9.2));
#3671=CARTESIAN_POINT('',(-9.8999999999996,6.754998149519,8.));
#3672=CARTESIAN_POINT('',(-2.99999999999939,12.1243556529822,9.2));
#3673=CARTESIAN_POINT('Origin',(-8.9999999999996,5.1961524227069,8.6));
#3674=CARTESIAN_POINT('',(-11.9999999999996,5.196152422707,9.2));
#3675=CARTESIAN_POINT('',(-10.7999999999993,5.196152422707,8.));
#3676=CARTESIAN_POINT('Origin',(-8.9999999999996,5.1961524227069,9.2));
#3677=CARTESIAN_POINT('Origin',(9.00000000000079,5.1961524227063,8.6));
#3678=CARTESIAN_POINT('',(12.0000000000008,5.1961524227062,9.2));
#3679=CARTESIAN_POINT('Origin',(9.00000000000079,5.1961524227063,9.2));
#3680=CARTESIAN_POINT('',(10.8000000000008,5.1961524227062,8.));
#3681=CARTESIAN_POINT('Origin',(-2.04281036531029E-13,-1.11022302462516E-15,
8.));
#3682=CARTESIAN_POINT('',(4.48205080756879,3.7631397208143,8.));
#3683=CARTESIAN_POINT('Origin',(9.00000000000079,5.1961524227063,8.));
#3684=CARTESIAN_POINT('',(10.5000000000008,7.7942286340595,10.));
#3685=CARTESIAN_POINT('',(10.5000000000008,7.7942286340595,8.));
#3686=CARTESIAN_POINT('',(12.0000000000008,5.1961524227062,10.));
#3687=CARTESIAN_POINT('Origin',(9.00000000000079,5.1961524227063,10.));
#3688=CARTESIAN_POINT('',(12.0000000000008,5.1961524227062,8.));
#3689=CARTESIAN_POINT('Origin',(12.0000000000008,6.9282032302751,8.));
#3690=CARTESIAN_POINT('',(1.50000000000079,12.9903810567665,10.));
#3691=CARTESIAN_POINT('',(1.50000000000079,12.9903810567665,8.));
#3692=CARTESIAN_POINT('',(9.00000000000079,8.66025403784399,10.));
#3693=CARTESIAN_POINT('Origin',(5.5000000000008,9.5262794416286,8.));
#3694=CARTESIAN_POINT('',(2.75000000000079,4.7631397208143,6.));
#3695=CARTESIAN_POINT('Origin',(4.48205080756879,3.7631397208143,6.));
#3696=CARTESIAN_POINT('Origin',(-4.99999999999949,8.6602540378445,8.));
#3697=CARTESIAN_POINT('Origin',(7.90478793533111E-13,10.3923048454132,8.));
#3698=CARTESIAN_POINT('',(-1.4999999999992,12.9903810567666,10.));
#3699=CARTESIAN_POINT('',(-1.4999999999992,12.9903810567666,8.));
#3700=CARTESIAN_POINT('Origin',(7.90478793533111E-13,10.3923048454132,10.));
#3701=CARTESIAN_POINT('Origin',(7.90478793533111E-13,13.856406460551,8.));
#3702=CARTESIAN_POINT('',(-10.4999999999995,7.7942286340603,10.));
#3703=CARTESIAN_POINT('',(-10.4999999999995,7.7942286340603,8.));
#3704=CARTESIAN_POINT('',(-2.99999999999939,12.1243556529822,10.));
#3705=CARTESIAN_POINT('Origin',(-8.9999999999996,5.1961524227069,8.));
#3706=CARTESIAN_POINT('',(-11.9999999999996,5.196152422707,10.));
#3707=CARTESIAN_POINT('',(-11.9999999999996,5.196152422707,8.));
#3708=CARTESIAN_POINT('Origin',(-8.9999999999996,5.1961524227069,10.));
#3709=CARTESIAN_POINT('Origin',(-11.9999999999995,6.9282032302759,8.));
#3710=CARTESIAN_POINT('',(-12.,-5.1961524227062,9.2));
#3711=CARTESIAN_POINT('',(-11.9999999999997,3.4641016151382,9.2));
#3712=CARTESIAN_POINT('',(-12.,-5.1961524227062,10.));
#3713=CARTESIAN_POINT('',(-12.,-5.1961524227062,8.));
#3714=CARTESIAN_POINT('',(-11.9999999999997,3.4641016151382,10.));
#3715=CARTESIAN_POINT('Origin',(4.23205080756881,-3.3301270189224,6.));
#3716=CARTESIAN_POINT('',(7.1320508075688,-8.353074360872,8.));
#3717=CARTESIAN_POINT('',(5.3999999999998,-9.3530743608719,6.));
#3718=CARTESIAN_POINT('Origin',(7.1320508075688,-8.3530743608719,6.));
#3719=CARTESIAN_POINT('',(4.9999999999998,-8.6602540378446,6.));
#3720=CARTESIAN_POINT('',(2.4999999999998,-4.3301270189223,6.));
#3721=CARTESIAN_POINT('',(6.73205080756881,-7.6602540378446,8.));
#3722=CARTESIAN_POINT('Origin',(6.73205080756881,-7.6602540378446,6.));
#3723=CARTESIAN_POINT('',(4.23205080756881,-3.3301270189224,8.));
#3724=CARTESIAN_POINT('Origin',(11.9999999999998,-6.92820323027601,8.));
#3725=CARTESIAN_POINT('',(11.9999999999998,-5.1961524227071,10.));
#3726=CARTESIAN_POINT('',(11.9999999999998,-3.4641016151382,10.));
#3727=CARTESIAN_POINT('',(11.9999999999998,-5.1961524227071,9.2));
#3728=CARTESIAN_POINT('',(11.9999999999998,-5.1961524227071,8.));
#3729=CARTESIAN_POINT('',(11.9999999999998,-3.4641016151382,9.2));
#3730=CARTESIAN_POINT('Origin',(11.3999999999998,-3.4641016151382,8.6));
#3731=CARTESIAN_POINT('',(10.804594062286,-5.19615242270732,8.00459406228628));
#3732=CARTESIAN_POINT('',(11.3999999999998,-5.19615242270709,8.60000000000001));
#3733=CARTESIAN_POINT('',(10.9000000000005,-4.44559707275965,8.10000000000069));
#3734=CARTESIAN_POINT('Origin',(7.90000000000052,-4.44559707275956,5.10000000000073));
#3735=CARTESIAN_POINT('',(10.9000000000006,1.38564064605497,8.10000000000067));
#3736=CARTESIAN_POINT('Origin',(10.9000000000008,6.23538290724809,-3.4));
#3737=CARTESIAN_POINT('',(10.9000000000005,-4.44559707275965,-3.4));
#3738=CARTESIAN_POINT('',(10.9000000000007,3.11769145362387,-3.4));
#3739=CARTESIAN_POINT('',(10.9000000000005,-4.44559707275965,-3.4));
#3740=CARTESIAN_POINT('Origin',(-2.04281036531029E-13,-1.11022302462516E-15,
-3.4));
#3741=CARTESIAN_POINT('',(-10.8999999999997,-4.44559707275947,-3.4));
#3742=CARTESIAN_POINT('',(-10.8999999999996,-3.11769145362337,-3.4));
#3743=CARTESIAN_POINT('',(9.4000000000004,-7.04367328411287,-3.4));
#3744=CARTESIAN_POINT('Origin',(7.90000000000052,-4.44559707275956,-3.4));
#3745=CARTESIAN_POINT('',(1.50000242894906,-11.6047402086413,-3.4));
#3746=CARTESIAN_POINT('',(8.09999999999956,-7.79422863405981,-3.4));
#3747=CARTESIAN_POINT('',(-1.49999736601723,-11.6047416130534,-3.4));
#3748=CARTESIAN_POINT('Origin',(2.63046779913623E-6,-9.0066650811853,-3.4));
#3749=CARTESIAN_POINT('',(-9.39999999999974,-7.04367328411271,-3.4));
#3750=CARTESIAN_POINT('',(-2.6999999999999,-10.9119200876834,-3.4));
#3751=CARTESIAN_POINT('Origin',(-7.89999999999973,-4.44559707275956,-3.4));
#3752=CARTESIAN_POINT('Origin',(-10.8999999999997,-6.2353829072471,-3.4));
#3753=CARTESIAN_POINT('',(-10.8999999999996,-4.44559707275947,8.09999999999967));
#3754=CARTESIAN_POINT('',(-10.8999999999995,-1.38564064605452,8.09999999999967));
#3755=CARTESIAN_POINT('',(-10.8999999999996,-4.44559707275947,-3.4));
#3756=CARTESIAN_POINT('Origin',(-2.04281036531029E-13,-1.11022302462516E-15,
10.));
#3757=CARTESIAN_POINT('',(-10.5000000000001,-7.7942286340596,10.));
#3758=CARTESIAN_POINT('Origin',(-8.99999999999999,-5.1961524227063,10.));
#3759=CARTESIAN_POINT('',(-1.50000000000019,-12.9903810567665,10.));
#3760=CARTESIAN_POINT('',(-9.0000000000001,-8.6602540378441,10.));
#3761=CARTESIAN_POINT('',(1.4999999999998,-12.9903810567666,10.));
#3762=CARTESIAN_POINT('Origin',(-2.04281036531029E-13,-10.3923048454133,
10.));
#3763=CARTESIAN_POINT('',(10.4999999999998,-7.7942286340603,10.));
#3764=CARTESIAN_POINT('',(2.9999999999998,-12.1243556529823,10.));
#3765=CARTESIAN_POINT('Origin',(8.9999999999998,-5.196152422707,10.));
#3766=CARTESIAN_POINT('Origin',(-11.3999999999997,3.4641016151381,8.6));
#3767=CARTESIAN_POINT('',(-10.8045940622855,-5.1961524227065,8.00459406228547));
#3768=CARTESIAN_POINT('Origin',(-7.89999999999973,-4.44559707275956,5.09999999999972));
#3769=CARTESIAN_POINT('',(-10.8,-5.1961524227063,8.));
#3770=CARTESIAN_POINT('Origin',(-12.0000000000001,-6.9282032302751,8.));
#3771=CARTESIAN_POINT('',(-1.50000000000019,-12.9903810567665,9.2));
#3772=CARTESIAN_POINT('',(-10.5000000000001,-7.7942286340596,9.2));
#3773=CARTESIAN_POINT('',(-9.0000000000001,-8.6602540378441,9.2));
#3774=CARTESIAN_POINT('',(-1.50000000000019,-12.9903810567665,8.));
#3775=CARTESIAN_POINT('',(-10.5000000000001,-7.7942286340596,8.));
#3776=CARTESIAN_POINT('Origin',(-8.99999999999999,-5.1961524227063,8.));
#3777=CARTESIAN_POINT('Origin',(-8.99999999999999,-5.1961524227063,9.2));
#3778=CARTESIAN_POINT('Origin',(4.9999999999998,-8.6602540378446,8.));
#3779=CARTESIAN_POINT('',(5.3999999999998,-9.3530743608719,-2.4));
#3780=CARTESIAN_POINT('',(5.3999999999998,-9.3530743608719,2.3));
#3781=CARTESIAN_POINT('',(4.9999999999998,-8.6602540378446,-2.4));
#3782=CARTESIAN_POINT('',(2.4999999999998,-4.3301270189223,-2.4));
#3783=CARTESIAN_POINT('',(4.9999999999998,-8.6602540378446,8.));
#3784=CARTESIAN_POINT('Origin',(-4.48205080756879,-3.7631397208143,6.));
#3785=CARTESIAN_POINT('',(-6.73205080756889,-7.6602540378442,8.));
#3786=CARTESIAN_POINT('',(-5.0000000000001,-8.6602540378442,6.));
#3787=CARTESIAN_POINT('Origin',(-6.732050807569,-7.6602540378442,6.));
#3788=CARTESIAN_POINT('',(-5.39999999999979,-9.3530743608713,6.));
#3789=CARTESIAN_POINT('',(-2.74999999999999,-4.7631397208143,6.));
#3790=CARTESIAN_POINT('',(-7.13205080756871,-8.3530743608712,8.));
#3791=CARTESIAN_POINT('Origin',(-7.13205080756871,-8.3530743608712,6.));
#3792=CARTESIAN_POINT('',(-4.48205080756879,-3.7631397208143,8.));
#3793=CARTESIAN_POINT('Origin',(-5.5000000000001,-9.5262794416287,8.));
#3794=CARTESIAN_POINT('',(-5.39999999999979,-9.3530743608713,-2.4));
#3795=CARTESIAN_POINT('',(-5.39999999999989,-9.3530743608713,2.3));
#3796=CARTESIAN_POINT('',(-5.0000000000001,-8.6602540378442,-2.4));
#3797=CARTESIAN_POINT('',(-5.0000000000001,-8.6602540378442,8.));
#3798=CARTESIAN_POINT('',(-2.74999999999999,-4.7631397208143,-2.4));
#3799=CARTESIAN_POINT('Origin',(8.9999999999998,-5.196152422707,8.));
#3800=CARTESIAN_POINT('',(10.4999999999998,-7.7942286340603,9.2));
#3801=CARTESIAN_POINT('Origin',(8.9999999999998,-5.196152422707,9.2));
#3802=CARTESIAN_POINT('',(10.4999999999998,-7.7942286340603,8.));
#3803=CARTESIAN_POINT('Origin',(-2.04281036531029E-13,-13.856406460551,
8.));
#3804=CARTESIAN_POINT('',(1.4999999999998,-12.9903810567666,9.2));
#3805=CARTESIAN_POINT('',(2.9999999999998,-12.1243556529822,9.2));
#3806=CARTESIAN_POINT('',(1.4999999999998,-12.9903810567666,8.));
#3807=CARTESIAN_POINT('Origin',(-2.04281036531029E-13,-10.3923048454133,
8.));
#3808=CARTESIAN_POINT('Origin',(-2.04281036531029E-13,-10.3923048454133,
9.2));
#3809=CARTESIAN_POINT('Origin',(-2.04281036531029E-13,-1.11022302462516E-15,
8.));
#3810=CARTESIAN_POINT('',(-7.6679491924303,-8.0436732841131,8.));
#3811=CARTESIAN_POINT('',(-8.40000000000011,-7.6210235533028,8.));
#3812=CARTESIAN_POINT('',(-7.26794919243059,-7.350852961086,8.));
#3813=CARTESIAN_POINT('',(-4.76794919243049,-3.0207259421639,8.));
#3814=CARTESIAN_POINT('',(-10.,-5.7735026918959,8.));
#3815=CARTESIAN_POINT('Origin',(-2.04281036531029E-13,-1.11022302462516E-15,
8.));
#3816=CARTESIAN_POINT('',(7.6679491924308,-8.0436732841135,8.));
#3817=CARTESIAN_POINT('',(2.39999999999982,-11.0851251684409,8.));
#3818=CARTESIAN_POINT('',(7.26794919243081,-7.3508529610862,8.));
#3819=CARTESIAN_POINT('',(-2.04281036531029E-13,-11.5470053837925,8.));
#3820=CARTESIAN_POINT('',(5.01794919243081,-3.453738644056,8.));
#3821=CARTESIAN_POINT('Origin',(8.9999999999998,-5.196152422707,8.6));
#3822=CARTESIAN_POINT('',(9.87196014438758,-6.70643169496185,7.94392028877557));
#3823=CARTESIAN_POINT('',(9.89999999999982,-6.754998149519,8.));
#3824=CARTESIAN_POINT('Ctrl Pts',(9.8719601443876,-6.70643169496184,7.94392028877567));
#3825=CARTESIAN_POINT('Ctrl Pts',(9.92067930290152,-6.66393754792691,7.93147885718823));
#3826=CARTESIAN_POINT('Ctrl Pts',(9.96846212564843,-6.61947452859519,7.92034243956111));
#3827=CARTESIAN_POINT('Ctrl Pts',(10.1819944185325,-6.40723771232495,7.876156917336));
#3828=CARTESIAN_POINT('Ctrl Pts',(10.3302268890227,-6.21830509310831,7.8630866138916));
#3829=CARTESIAN_POINT('Ctrl Pts',(10.4466324345196,-6.03136604819551,7.87042725097692));
#3830=CARTESIAN_POINT('Ctrl Pts',(10.5632211469257,-5.84413285022558,7.87777943873021));
#3831=CARTESIAN_POINT('Ctrl Pts',(10.6668043244231,-5.62862860012285,7.90668949321709));
#3832=CARTESIAN_POINT('Ctrl Pts',(10.7654507175852,-5.33702293648705,7.96958760290873));
#3833=CARTESIAN_POINT('Ctrl Pts',(10.7864156257463,-5.26650163657778,7.9864156257465));
#3834=CARTESIAN_POINT('Ctrl Pts',(10.8045940622861,-5.19615242270733,8.00459406228627));
#3835=CARTESIAN_POINT('Origin',(2.69999999999981,-11.6047404107116,8.6));
#3836=CARTESIAN_POINT('',(0.899999999999812,-11.9511505722251,8.));
#3837=CARTESIAN_POINT('',(0.899999999999812,-11.9511505722251,8.));
#3838=CARTESIAN_POINT('',(1.50000242894003,-11.6047402086263,8.00000032483103));
#3839=CARTESIAN_POINT('',(10.7999999999998,-6.2353829072478,8.));
#3840=CARTESIAN_POINT('',(10.6125050581992,-6.34363316236807,8.));
#3841=CARTESIAN_POINT('',(9.4000000000004,-7.04367328411287,8.));
#3842=CARTESIAN_POINT('',(10.6125050581992,-6.34363316236807,8.));
#3843=CARTESIAN_POINT('Origin',(7.90000000000052,-4.44559707275956,4.99999999999948));
#3844=CARTESIAN_POINT('Origin',(-2.04281036531029E-13,-10.3923048454133,
8.6));
#3845=CARTESIAN_POINT('',(-2.04281036531029E-13,-12.4707658144954,8.27846096908214));
#3846=CARTESIAN_POINT('Ctrl Pts',(0.899999999999602,-11.9511505722248,7.99999999999945));
#3847=CARTESIAN_POINT('Ctrl Pts',(0.482308546375751,-12.1923048454127,7.99999999999941));
#3848=CARTESIAN_POINT('Ctrl Pts',(-9.78120329322345E-14,-12.4707658144952,
8.27846096908192));
#3849=CARTESIAN_POINT('',(-0.900000000000203,-11.9511505722252,8.));
#3850=CARTESIAN_POINT('',(-0.900000000000203,-11.9511505722252,8.));
#3851=CARTESIAN_POINT('Ctrl Pts',(-3.66470320729988E-13,-12.4707658144953,
8.27846096908201));
#3852=CARTESIAN_POINT('Ctrl Pts',(-0.482308546376162,-12.1923048454128,
7.99999999999951));
#3853=CARTESIAN_POINT('Ctrl Pts',(-0.899999999999957,-11.9511505722249,
7.99999999999949));
#3854=CARTESIAN_POINT('Origin',(-8.70000000000011,-8.1406387955734,8.6));
#3855=CARTESIAN_POINT('',(-9.8719601443878,-6.70643169496095,7.9439202887755));
#3856=CARTESIAN_POINT('',(-10.2000000000001,-7.27461339178891,8.59999999999999));
#3857=CARTESIAN_POINT('',(-9.39999999999977,-7.04367328411276,8.));
#3858=CARTESIAN_POINT('Origin',(-7.89999999999973,-4.44559707275956,4.99999999999963));
#3859=CARTESIAN_POINT('',(-7.72499990056194,-8.01073504241592,8.));
#3860=CARTESIAN_POINT('',(-1.49999734853635,-11.6047416695291,7.99999992317187));
#3861=CARTESIAN_POINT('',(-2.04281036531029E-13,-12.4707658144954,8.));
#3862=CARTESIAN_POINT('',(-2.04281036531029E-13,-12.4707658144954,8.));
#3863=CARTESIAN_POINT('Origin',(-8.99999999999999,-5.1961524227063,8.6));
#3864=CARTESIAN_POINT('Ctrl Pts',(-10.8045940622855,-5.19615242270649,8.00459406228548));
#3865=CARTESIAN_POINT('Ctrl Pts',(-10.7864156257457,-5.26650163657694,7.98641562574573));
#3866=CARTESIAN_POINT('Ctrl Pts',(-10.7654507175846,-5.33702293648622,7.96958760290797));
#3867=CARTESIAN_POINT('Ctrl Pts',(-10.6668043244226,-5.62862860012194,7.90668949321644));
#3868=CARTESIAN_POINT('Ctrl Pts',(-10.5632211469254,-5.84413285022459,7.87777943872965));
#3869=CARTESIAN_POINT('Ctrl Pts',(-10.4466324345194,-6.03136604819446,7.87042725097643));
#3870=CARTESIAN_POINT('Ctrl Pts',(-10.3356060537767,-6.20966653626469,7.86342582879813));
#3871=CARTESIAN_POINT('Ctrl Pts',(-10.1950112837799,-6.39076773134703,7.87492544868997));
#3872=CARTESIAN_POINT('Ctrl Pts',(-9.98354814885676,-6.60536510343532,7.91685417988568));
#3873=CARTESIAN_POINT('Ctrl Pts',(-9.92832235791173,-6.65727107187634,7.92952704708033));
#3874=CARTESIAN_POINT('Ctrl Pts',(-9.8719601443878,-6.70643169496095,7.94392028877551));
#3875=CARTESIAN_POINT('Origin',(10.7999999999998,-6.2353829072478,-3.4));
#3876=CARTESIAN_POINT('',(1.50000159100879,-11.604739492142,-3.4));
#3877=CARTESIAN_POINT('',(9.39999999999964,-7.04367328411331,-2.4));
#3878=CARTESIAN_POINT('',(9.4000000000004,-7.04367328411287,-3.4));
#3879=CARTESIAN_POINT('',(8.0999999999998,-7.7942286340599,-2.4));
#3880=CARTESIAN_POINT('Origin',(-2.04281036531029E-13,-12.4707658144954,
-3.4));
#3881=CARTESIAN_POINT('',(6.22319973331287E-10,-12.4707658144956,8.));
#3882=CARTESIAN_POINT('',(-0.0937489698222027,-12.4166398215326,8.));
#3883=CARTESIAN_POINT('',(-2.04281036531029E-13,-12.4707658144954,-3.4));
#3884=CARTESIAN_POINT('Origin',(10.7999999999998,-6.2353829072478,-3.4));
#3885=CARTESIAN_POINT('',(5.49375107790881,-9.2989471508044,8.));
#3886=CARTESIAN_POINT('Origin',(2.81078180286443E-6,-12.037753002375,8.));
#3887=CARTESIAN_POINT('Origin',(2.63046779913623E-6,-9.0066650811853,8.));
#3888=CARTESIAN_POINT('Origin',(2.63046779913623E-6,-9.0066650811853,-3.4));
#3889=CARTESIAN_POINT('',(-1.49999764530619,-11.6047417701938,-3.4));
#3890=CARTESIAN_POINT('Origin',(10.7999999999998,-6.2353829072478,-3.4));
#3891=CARTESIAN_POINT('',(9.39999999999943,-7.04367328411343,6.));
#3892=CARTESIAN_POINT('',(9.4000000000004,-7.04367328411287,-3.4));
#3893=CARTESIAN_POINT('Origin',(7.6679491924308,-8.0436732841135,6.));
#3894=CARTESIAN_POINT('Origin',(7.90000000000052,-4.44559707275956,-3.4));
#3895=CARTESIAN_POINT('',(9.39999999999964,-7.04367328411331,2.3));
#3896=CARTESIAN_POINT('Origin',(-2.04281036531029E-13,-12.4707658144954,
-3.4));
#3897=CARTESIAN_POINT('',(-9.39999999999922,-7.04367328411308,-2.4));
#3898=CARTESIAN_POINT('',(-2.6999999999999,-10.9119200876834,-2.4));
#3899=CARTESIAN_POINT('',(-9.39999999999977,-7.04367328411276,-3.4));
#3900=CARTESIAN_POINT('Origin',(-2.04281036531029E-13,-12.4707658144954,
-3.4));
#3901=CARTESIAN_POINT('',(-9.39999999999923,-7.04367328411308,6.));
#3902=CARTESIAN_POINT('',(-9.39999999999977,-7.04367328411276,-3.4));
#3903=CARTESIAN_POINT('Origin',(-7.6679491924303,-8.0436732841131,6.));
#3904=CARTESIAN_POINT('Origin',(-7.89999999999973,-4.44559707275956,-3.4));
#3905=CARTESIAN_POINT('',(-9.39999999999922,-7.04367328411308,2.3));
#3906=CARTESIAN_POINT('Origin',(-1.50000000000024,-10.6809799800081,10.));
#3907=CARTESIAN_POINT('',(-8.99999999999935,-6.35085296108594,-2.4));
#3908=CARTESIAN_POINT('',(-3.25000000000039,-9.67061700892605,-2.4));
#3909=CARTESIAN_POINT('',(-8.99999999999942,-6.3508529610859,6.));
#3910=CARTESIAN_POINT('Origin',(-7.26794919243059,-7.350852961086,6.));
#3911=CARTESIAN_POINT('',(-8.99999999999941,-6.3508529610859,9.));
#3912=CARTESIAN_POINT('Origin',(-2.04281036531029E-13,-1.11022302462516E-15,
-2.4));
#3913=CARTESIAN_POINT('',(8.99999999999983,-6.3508529610861,-2.4));
#3914=CARTESIAN_POINT('',(6.74999999999977,-7.64989106676276,-2.4));
#3915=CARTESIAN_POINT('',(7.9999999999998,-4.618802153517,-2.4));
#3916=CARTESIAN_POINT('Origin',(-4.76794919243049,-3.0207259421639,6.));
#3917=CARTESIAN_POINT('',(-6.4999999999993,-2.0207259421638,6.));
#3918=CARTESIAN_POINT('Origin',(-8.99999999999941,-6.3508529610859,8.));
#3919=CARTESIAN_POINT('',(-7.7499999999993,-4.1857894516249,-2.4));
#3920=CARTESIAN_POINT('Origin',(-2.04281036531029E-13,-1.11022302462516E-15,
-2.4));
#3921=CARTESIAN_POINT('Origin',(5.01794919243081,-3.453738644056,6.));
#3922=CARTESIAN_POINT('',(8.99999999999966,-6.3508529610862,6.));
#3923=CARTESIAN_POINT('Origin',(7.26794919243081,-7.3508529610862,6.));
#3924=CARTESIAN_POINT('',(6.7499999999998,-2.4537386440561,6.));
#3925=CARTESIAN_POINT('Origin',(8.49999999999977,-6.63952809568094,10.));
#3926=CARTESIAN_POINT('',(8.99999999999986,-6.35085296108608,9.));
#3927=CARTESIAN_POINT('Origin',(9.49999999999981,-7.2168783648705,8.));
#3928=CARTESIAN_POINT('',(0.,0.,0.));
#3929=UNCERTAINTY_MEASURE_WITH_UNIT(LENGTH_MEASURE(0.01),#3935,
'DISTANCE_ACCURACY_VALUE',
'Maximum model space distance between geometric entities at asserted c
onnectivities');
#3930=UNCERTAINTY_MEASURE_WITH_UNIT(LENGTH_MEASURE(0.01),#3935,
'DISTANCE_ACCURACY_VALUE',
'Maximum model space distance between geometric entities at asserted c
onnectivities');
#3931=UNCERTAINTY_MEASURE_WITH_UNIT(LENGTH_MEASURE(0.01),#3935,
'DISTANCE_ACCURACY_VALUE',
'Maximum model space distance between geometric entities at asserted c
onnectivities');
#3932=(
GEOMETRIC_REPRESENTATION_CONTEXT(3)
GLOBAL_UNCERTAINTY_ASSIGNED_CONTEXT((#3929))
GLOBAL_UNIT_ASSIGNED_CONTEXT((#3935,#3937,#3938))
REPRESENTATION_CONTEXT('','3D')
);
#3933=(
GEOMETRIC_REPRESENTATION_CONTEXT(3)
GLOBAL_UNCERTAINTY_ASSIGNED_CONTEXT((#3930))
GLOBAL_UNIT_ASSIGNED_CONTEXT((#3935,#3937,#3938))
REPRESENTATION_CONTEXT('','3D')
);
#3934=(
GEOMETRIC_REPRESENTATION_CONTEXT(3)
GLOBAL_UNCERTAINTY_ASSIGNED_CONTEXT((#3931))
GLOBAL_UNIT_ASSIGNED_CONTEXT((#3935,#3937,#3938))
REPRESENTATION_CONTEXT('','3D')
);
#3935=(
LENGTH_UNIT()
NAMED_UNIT(*)
SI_UNIT(.MILLI.,.METRE.)
);
#3936=(
LENGTH_UNIT()
NAMED_UNIT(*)
SI_UNIT($,.METRE.)
);
#3937=(
NAMED_UNIT(*)
PLANE_ANGLE_UNIT()
SI_UNIT($,.RADIAN.)
);
#3938=(
NAMED_UNIT(*)
SI_UNIT($,.STERADIAN.)
SOLID_ANGLE_UNIT()
);
#3939=SHAPE_DEFINITION_REPRESENTATION(#3941,#3944);
#3940=SHAPE_DEFINITION_REPRESENTATION(#3942,#3945);
#3941=PRODUCT_DEFINITION_SHAPE('',$,#3947);
#3942=PRODUCT_DEFINITION_SHAPE('',$,#3948);
#3943=PRODUCT_DEFINITION_SHAPE($,$,#14);
#3944=SHAPE_REPRESENTATION('',(#2341,#2547),#3932);
#3945=SHAPE_REPRESENTATION('',(#2342),#3933);
#3946=PRODUCT_DEFINITION_CONTEXT('part definition',#3954,'design');
#3947=PRODUCT_DEFINITION('Skirt USB - No Markings','(Unsaved)',#3949,#3946);
#3948=PRODUCT_DEFINITION('lock v1','lock v1',#3950,#3946);
#3949=PRODUCT_DEFINITION_FORMATION('',$,#3956);
#3950=PRODUCT_DEFINITION_FORMATION('',$,#3957);
#3951=PRODUCT_RELATED_PRODUCT_CATEGORY('(Unsaved)','(Unsaved)',(#3956));
#3952=PRODUCT_RELATED_PRODUCT_CATEGORY('lock v1','lock v1',(#3957));
#3953=APPLICATION_PROTOCOL_DEFINITION('international standard',
'automotive_design',2009,#3954);
#3954=APPLICATION_CONTEXT(
'Core Data for Automotive Mechanical Design Process');
#3955=PRODUCT_CONTEXT('part definition',#3954,'mechanical');
#3956=PRODUCT('Skirt USB - No Markings','(Unsaved)',$,(#3955));
#3957=PRODUCT('lock v1','lock v1',$,(#3955));
#3958=PRESENTATION_STYLE_ASSIGNMENT((#3960));
#3959=PRESENTATION_STYLE_ASSIGNMENT((#3961));
#3960=SURFACE_STYLE_USAGE(.BOTH.,#3962);
#3961=SURFACE_STYLE_USAGE(.BOTH.,#3963);
#3962=SURFACE_SIDE_STYLE('',(#3964));
#3963=SURFACE_SIDE_STYLE('',(#3965));
#3964=SURFACE_STYLE_FILL_AREA(#3966);
#3965=SURFACE_STYLE_FILL_AREA(#3967);
#3966=FILL_AREA_STYLE('Steel - Satin',(#3968));
#3967=FILL_AREA_STYLE('Opaque(246,246,243)',(#3969));
#3968=FILL_AREA_STYLE_COLOUR('Steel - Satin',#3970);
#3969=FILL_AREA_STYLE_COLOUR('Opaque(246,246,243)',#3971);
#3970=COLOUR_RGB('Steel - Satin',0.627450980392157,0.627450980392157,0.627450980392157);
#3971=COLOUR_RGB('Opaque(246,246,243)',0.964705882352941,0.964705882352941,
0.952941176470588);
ENDSEC;
END-ISO-10303-21;
