ISO-10303-21;
HEADER;
/* Generated by software containing ST-Developer
 * from STEP Tools, Inc. (www.steptools.com) 
 */

FILE_DESCRIPTION(
/* description */ (''),
/* implementation_level */ '2;1');

FILE_NAME(
/* name */ '',
/* time_stamp */ '2026-06-08T12:17:39+03:00',
/* author */ (''),
/* organization */ (''),
/* preprocessor_version */ 'ST-DEVELOPER v20.1',
/* originating_system */ 'Autodesk Translation Framework v15.8.0.0',
/* authorisation */ '');

FILE_SCHEMA (('AUTOMOTIVE_DESIGN { 1 0 10303 214 3 1 1 }'));
ENDSEC;

DATA;
#10=MECHANICAL_DESIGN_GEOMETRIC_PRESENTATION_REPRESENTATION('',(#13),#10970);
#11=SHAPE_REPRESENTATION_RELATIONSHIP('SRR','None',#10977,#12);
#12=ADVANCED_BREP_SHAPE_REPRESENTATION('',(#14),#10969);
#13=STYLED_ITEM('',(#10987),#14);
#14=MANIFOLD_SOLID_BREP('Body1',#1510);
#15=(
BOUNDED_SURFACE()
B_SPLINE_SURFACE(2,2,((#10908,#10909,#10910),(#10911,#10912,#10913),(#10914,
#10915,#10916)),.UNSPECIFIED.,.F.,.F.,.F.)
B_SPLINE_SURFACE_WITH_KNOTS((3,3),(3,3),(-1.57079632679444,5.38089133941402E-13),
(-1.57079632679487,-2.22044604924164E-14),.UNSPECIFIED.)
GEOMETRIC_REPRESENTATION_ITEM()
RATIONAL_B_SPLINE_SURFACE(((1.,0.707106781186565,1.),(0.707106781186548,
0.500000000000013,0.707106781186548),(1.,0.707106781186565,1.)))
REPRESENTATION_ITEM('')
SURFACE()
);
#16=(
BOUNDED_SURFACE()
B_SPLINE_SURFACE(2,2,((#10920,#10921,#10922),(#10923,#10924,#10925),(#10926,
#10927,#10928)),.UNSPECIFIED.,.F.,.F.,.F.)
B_SPLINE_SURFACE_WITH_KNOTS((3,3),(3,3),(-1.57079632679525,-8.83499188184276E-14),
(-1.85725009531666E-12,1.5707963267965),.UNSPECIFIED.)
GEOMETRIC_REPRESENTATION_ITEM()
RATIONAL_B_SPLINE_SURFACE(((1.,0.707106781185325,1.),(0.707106781186449,
0.499999999999066,0.707106781186449),(1.,0.707106781185325,1.)))
REPRESENTATION_ITEM('')
SURFACE()
);
#17=ELLIPSE('',#1631,41.5151032984392,35.9047450074394);
#18=B_SPLINE_SURFACE_WITH_KNOTS('',5,5,((#2645,#2646,#2647,#2648,#2649,
#2650,#2651,#2652,#2653,#2654,#2655,#2656,#2657,#2658,#2659,#2660,#2661,
#2662,#2663,#2664,#2665,#2666,#2667,#2668,#2669,#2670,#2671,#2672,#2673,
#2674,#2675,#2676,#2677,#2678,#2679,#2680,#2681,#2682,#2683),(#2684,#2685,
#2686,#2687,#2688,#2689,#2690,#2691,#2692,#2693,#2694,#2695,#2696,#2697,
#2698,#2699,#2700,#2701,#2702,#2703,#2704,#2705,#2706,#2707,#2708,#2709,
#2710,#2711,#2712,#2713,#2714,#2715,#2716,#2717,#2718,#2719,#2720,#2721,
#2722),(#2723,#2724,#2725,#2726,#2727,#2728,#2729,#2730,#2731,#2732,#2733,
#2734,#2735,#2736,#2737,#2738,#2739,#2740,#2741,#2742,#2743,#2744,#2745,
#2746,#2747,#2748,#2749,#2750,#2751,#2752,#2753,#2754,#2755,#2756,#2757,
#2758,#2759,#2760,#2761),(#2762,#2763,#2764,#2765,#2766,#2767,#2768,#2769,
#2770,#2771,#2772,#2773,#2774,#2775,#2776,#2777,#2778,#2779,#2780,#2781,
#2782,#2783,#2784,#2785,#2786,#2787,#2788,#2789,#2790,#2791,#2792,#2793,
#2794,#2795,#2796,#2797,#2798,#2799,#2800),(#2801,#2802,#2803,#2804,#2805,
#2806,#2807,#2808,#2809,#2810,#2811,#2812,#2813,#2814,#2815,#2816,#2817,
#2818,#2819,#2820,#2821,#2822,#2823,#2824,#2825,#2826,#2827,#2828,#2829,
#2830,#2831,#2832,#2833,#2834,#2835,#2836,#2837,#2838,#2839),(#2840,#2841,
#2842,#2843,#2844,#2845,#2846,#2847,#2848,#2849,#2850,#2851,#2852,#2853,
#2854,#2855,#2856,#2857,#2858,#2859,#2860,#2861,#2862,#2863,#2864,#2865,
#2866,#2867,#2868,#2869,#2870,#2871,#2872,#2873,#2874,#2875,#2876,#2877,
#2878),(#2879,#2880,#2881,#2882,#2883,#2884,#2885,#2886,#2887,#2888,#2889,
#2890,#2891,#2892,#2893,#2894,#2895,#2896,#2897,#2898,#2899,#2900,#2901,
#2902,#2903,#2904,#2905,#2906,#2907,#2908,#2909,#2910,#2911,#2912,#2913,
#2914,#2915,#2916,#2917),(#2918,#2919,#2920,#2921,#2922,#2923,#2924,#2925,
#2926,#2927,#2928,#2929,#2930,#2931,#2932,#2933,#2934,#2935,#2936,#2937,
#2938,#2939,#2940,#2941,#2942,#2943,#2944,#2945,#2946,#2947,#2948,#2949,
#2950,#2951,#2952,#2953,#2954,#2955,#2956),(#2957,#2958,#2959,#2960,#2961,
#2962,#2963,#2964,#2965,#2966,#2967,#2968,#2969,#2970,#2971,#2972,#2973,
#2974,#2975,#2976,#2977,#2978,#2979,#2980,#2981,#2982,#2983,#2984,#2985,
#2986,#2987,#2988,#2989,#2990,#2991,#2992,#2993,#2994,#2995),(#2996,#2997,
#2998,#2999,#3000,#3001,#3002,#3003,#3004,#3005,#3006,#3007,#3008,#3009,
#3010,#3011,#3012,#3013,#3014,#3015,#3016,#3017,#3018,#3019,#3020,#3021,
#3022,#3023,#3024,#3025,#3026,#3027,#3028,#3029,#3030,#3031,#3032,#3033,
#3034),(#3035,#3036,#3037,#3038,#3039,#3040,#3041,#3042,#3043,#3044,#3045,
#3046,#3047,#3048,#3049,#3050,#3051,#3052,#3053,#3054,#3055,#3056,#3057,
#3058,#3059,#3060,#3061,#3062,#3063,#3064,#3065,#3066,#3067,#3068,#3069,
#3070,#3071,#3072,#3073),(#3074,#3075,#3076,#3077,#3078,#3079,#3080,#3081,
#3082,#3083,#3084,#3085,#3086,#3087,#3088,#3089,#3090,#3091,#3092,#3093,
#3094,#3095,#3096,#3097,#3098,#3099,#3100,#3101,#3102,#3103,#3104,#3105,
#3106,#3107,#3108,#3109,#3110,#3111,#3112),(#3113,#3114,#3115,#3116,#3117,
#3118,#3119,#3120,#3121,#3122,#3123,#3124,#3125,#3126,#3127,#3128,#3129,
#3130,#3131,#3132,#3133,#3134,#3135,#3136,#3137,#3138,#3139,#3140,#3141,
#3142,#3143,#3144,#3145,#3146,#3147,#3148,#3149,#3150,#3151),(#3152,#3153,
#3154,#3155,#3156,#3157,#3158,#3159,#3160,#3161,#3162,#3163,#3164,#3165,
#3166,#3167,#3168,#3169,#3170,#3171,#3172,#3173,#3174,#3175,#3176,#3177,
#3178,#3179,#3180,#3181,#3182,#3183,#3184,#3185,#3186,#3187,#3188,#3189,
#3190),(#3191,#3192,#3193,#3194,#3195,#3196,#3197,#3198,#3199,#3200,#3201,
#3202,#3203,#3204,#3205,#3206,#3207,#3208,#3209,#3210,#3211,#3212,#3213,
#3214,#3215,#3216,#3217,#3218,#3219,#3220,#3221,#3222,#3223,#3224,#3225,
#3226,#3227,#3228,#3229),(#3230,#3231,#3232,#3233,#3234,#3235,#3236,#3237,
#3238,#3239,#3240,#3241,#3242,#3243,#3244,#3245,#3246,#3247,#3248,#3249,
#3250,#3251,#3252,#3253,#3254,#3255,#3256,#3257,#3258,#3259,#3260,#3261,
#3262,#3263,#3264,#3265,#3266,#3267,#3268),(#3269,#3270,#3271,#3272,#3273,
#3274,#3275,#3276,#3277,#3278,#3279,#3280,#3281,#3282,#3283,#3284,#3285,
#3286,#3287,#3288,#3289,#3290,#3291,#3292,#3293,#3294,#3295,#3296,#3297,
#3298,#3299,#3300,#3301,#3302,#3303,#3304,#3305,#3306,#3307),(#3308,#3309,
#3310,#3311,#3312,#3313,#3314,#3315,#3316,#3317,#3318,#3319,#3320,#3321,
#3322,#3323,#3324,#3325,#3326,#3327,#3328,#3329,#3330,#3331,#3332,#3333,
#3334,#3335,#3336,#3337,#3338,#3339,#3340,#3341,#3342,#3343,#3344,#3345,
#3346),(#3347,#3348,#3349,#3350,#3351,#3352,#3353,#3354,#3355,#3356,#3357,
#3358,#3359,#3360,#3361,#3362,#3363,#3364,#3365,#3366,#3367,#3368,#3369,
#3370,#3371,#3372,#3373,#3374,#3375,#3376,#3377,#3378,#3379,#3380,#3381,
#3382,#3383,#3384,#3385),(#3386,#3387,#3388,#3389,#3390,#3391,#3392,#3393,
#3394,#3395,#3396,#3397,#3398,#3399,#3400,#3401,#3402,#3403,#3404,#3405,
#3406,#3407,#3408,#3409,#3410,#3411,#3412,#3413,#3414,#3415,#3416,#3417,
#3418,#3419,#3420,#3421,#3422,#3423,#3424),(#3425,#3426,#3427,#3428,#3429,
#3430,#3431,#3432,#3433,#3434,#3435,#3436,#3437,#3438,#3439,#3440,#3441,
#3442,#3443,#3444,#3445,#3446,#3447,#3448,#3449,#3450,#3451,#3452,#3453,
#3454,#3455,#3456,#3457,#3458,#3459,#3460,#3461,#3462,#3463),(#3464,#3465,
#3466,#3467,#3468,#3469,#3470,#3471,#3472,#3473,#3474,#3475,#3476,#3477,
#3478,#3479,#3480,#3481,#3482,#3483,#3484,#3485,#3486,#3487,#3488,#3489,
#3490,#3491,#3492,#3493,#3494,#3495,#3496,#3497,#3498,#3499,#3500,#3501,
#3502),(#3503,#3504,#3505,#3506,#3507,#3508,#3509,#3510,#3511,#3512,#3513,
#3514,#3515,#3516,#3517,#3518,#3519,#3520,#3521,#3522,#3523,#3524,#3525,
#3526,#3527,#3528,#3529,#3530,#3531,#3532,#3533,#3534,#3535,#3536,#3537,
#3538,#3539,#3540,#3541),(#3542,#3543,#3544,#3545,#3546,#3547,#3548,#3549,
#3550,#3551,#3552,#3553,#3554,#3555,#3556,#3557,#3558,#3559,#3560,#3561,
#3562,#3563,#3564,#3565,#3566,#3567,#3568,#3569,#3570,#3571,#3572,#3573,
#3574,#3575,#3576,#3577,#3578,#3579,#3580),(#3581,#3582,#3583,#3584,#3585,
#3586,#3587,#3588,#3589,#3590,#3591,#3592,#3593,#3594,#3595,#3596,#3597,
#3598,#3599,#3600,#3601,#3602,#3603,#3604,#3605,#3606,#3607,#3608,#3609,
#3610,#3611,#3612,#3613,#3614,#3615,#3616,#3617,#3618,#3619),(#3620,#3621,
#3622,#3623,#3624,#3625,#3626,#3627,#3628,#3629,#3630,#3631,#3632,#3633,
#3634,#3635,#3636,#3637,#3638,#3639,#3640,#3641,#3642,#3643,#3644,#3645,
#3646,#3647,#3648,#3649,#3650,#3651,#3652,#3653,#3654,#3655,#3656,#3657,
#3658),(#3659,#3660,#3661,#3662,#3663,#3664,#3665,#3666,#3667,#3668,#3669,
#3670,#3671,#3672,#3673,#3674,#3675,#3676,#3677,#3678,#3679,#3680,#3681,
#3682,#3683,#3684,#3685,#3686,#3687,#3688,#3689,#3690,#3691,#3692,#3693,
#3694,#3695,#3696,#3697),(#3698,#3699,#3700,#3701,#3702,#3703,#3704,#3705,
#3706,#3707,#3708,#3709,#3710,#3711,#3712,#3713,#3714,#3715,#3716,#3717,
#3718,#3719,#3720,#3721,#3722,#3723,#3724,#3725,#3726,#3727,#3728,#3729,
#3730,#3731,#3732,#3733,#3734,#3735,#3736),(#3737,#3738,#3739,#3740,#3741,
#3742,#3743,#3744,#3745,#3746,#3747,#3748,#3749,#3750,#3751,#3752,#3753,
#3754,#3755,#3756,#3757,#3758,#3759,#3760,#3761,#3762,#3763,#3764,#3765,
#3766,#3767,#3768,#3769,#3770,#3771,#3772,#3773,#3774,#3775),(#3776,#3777,
#3778,#3779,#3780,#3781,#3782,#3783,#3784,#3785,#3786,#3787,#3788,#3789,
#3790,#3791,#3792,#3793,#3794,#3795,#3796,#3797,#3798,#3799,#3800,#3801,
#3802,#3803,#3804,#3805,#3806,#3807,#3808,#3809,#3810,#3811,#3812,#3813,
#3814),(#3815,#3816,#3817,#3818,#3819,#3820,#3821,#3822,#3823,#3824,#3825,
#3826,#3827,#3828,#3829,#3830,#3831,#3832,#3833,#3834,#3835,#3836,#3837,
#3838,#3839,#3840,#3841,#3842,#3843,#3844,#3845,#3846,#3847,#3848,#3849,
#3850,#3851,#3852,#3853),(#3854,#3855,#3856,#3857,#3858,#3859,#3860,#3861,
#3862,#3863,#3864,#3865,#3866,#3867,#3868,#3869,#3870,#3871,#3872,#3873,
#3874,#3875,#3876,#3877,#3878,#3879,#3880,#3881,#3882,#3883,#3884,#3885,
#3886,#3887,#3888,#3889,#3890,#3891,#3892),(#3893,#3894,#3895,#3896,#3897,
#3898,#3899,#3900,#3901,#3902,#3903,#3904,#3905,#3906,#3907,#3908,#3909,
#3910,#3911,#3912,#3913,#3914,#3915,#3916,#3917,#3918,#3919,#3920,#3921,
#3922,#3923,#3924,#3925,#3926,#3927,#3928,#3929,#3930,#3931),(#3932,#3933,
#3934,#3935,#3936,#3937,#3938,#3939,#3940,#3941,#3942,#3943,#3944,#3945,
#3946,#3947,#3948,#3949,#3950,#3951,#3952,#3953,#3954,#3955,#3956,#3957,
#3958,#3959,#3960,#3961,#3962,#3963,#3964,#3965,#3966,#3967,#3968,#3969,
#3970),(#3971,#3972,#3973,#3974,#3975,#3976,#3977,#3978,#3979,#3980,#3981,
#3982,#3983,#3984,#3985,#3986,#3987,#3988,#3989,#3990,#3991,#3992,#3993,
#3994,#3995,#3996,#3997,#3998,#3999,#4000,#4001,#4002,#4003,#4004,#4005,
#4006,#4007,#4008,#4009),(#4010,#4011,#4012,#4013,#4014,#4015,#4016,#4017,
#4018,#4019,#4020,#4021,#4022,#4023,#4024,#4025,#4026,#4027,#4028,#4029,
#4030,#4031,#4032,#4033,#4034,#4035,#4036,#4037,#4038,#4039,#4040,#4041,
#4042,#4043,#4044,#4045,#4046,#4047,#4048),(#4049,#4050,#4051,#4052,#4053,
#4054,#4055,#4056,#4057,#4058,#4059,#4060,#4061,#4062,#4063,#4064,#4065,
#4066,#4067,#4068,#4069,#4070,#4071,#4072,#4073,#4074,#4075,#4076,#4077,
#4078,#4079,#4080,#4081,#4082,#4083,#4084,#4085,#4086,#4087),(#4088,#4089,
#4090,#4091,#4092,#4093,#4094,#4095,#4096,#4097,#4098,#4099,#4100,#4101,
#4102,#4103,#4104,#4105,#4106,#4107,#4108,#4109,#4110,#4111,#4112,#4113,
#4114,#4115,#4116,#4117,#4118,#4119,#4120,#4121,#4122,#4123,#4124,#4125,
#4126),(#4127,#4128,#4129,#4130,#4131,#4132,#4133,#4134,#4135,#4136,#4137,
#4138,#4139,#4140,#4141,#4142,#4143,#4144,#4145,#4146,#4147,#4148,#4149,
#4150,#4151,#4152,#4153,#4154,#4155,#4156,#4157,#4158,#4159,#4160,#4161,
#4162,#4163,#4164,#4165)),.UNSPECIFIED.,.F.,.F.,.F.,(6,3,3,3,3,3,3,3,3,
3,3,3,6),(6,3,3,3,3,3,3,3,3,3,3,3,6),(-0.431380868454856,-0.427954111329389,
-0.323438065830362,-0.269466664518115,-0.215495263205868,-0.107552460581375,
0.000390342043118941,0.108333144667613,0.216275947292106,0.270247348604353,
0.3242187499166,0.428734796902221,0.432161552541094),(-0.0167048342859378,
-0.0134388838575244,-0.0118059086433176,-0.0101729334291109,-0.00690698300069751,
-0.0052740077864908,-0.00364103257228408,-0.000375082143870661,0.000557454464024523,
0.00289086828454276,0.00615681871295619,0.00931908817538823,0.00942276914136961),
 .UNSPECIFIED.);
#19=B_SPLINE_SURFACE_WITH_KNOTS('',3,3,((#5876,#5877,#5878,#5879,#5880,
#5881),(#5882,#5883,#5884,#5885,#5886,#5887),(#5888,#5889,#5890,#5891,#5892,
#5893),(#5894,#5895,#5896,#5897,#5898,#5899),(#5900,#5901,#5902,#5903,#5904,
#5905),(#5906,#5907,#5908,#5909,#5910,#5911)),.UNSPECIFIED.,.F.,.F.,.F.,
(4,1,1,4),(4,1,1,4),(-0.00103035408385356,0.285714285714286,0.571428571428571,
1.),(0.00428702595347742,0.431021157687701,0.715510578843851,1.00095997891062),
 .UNSPECIFIED.);
#20=B_SPLINE_SURFACE_WITH_KNOTS('',3,3,((#5930,#5931,#5932,#5933,#5934),
(#5935,#5936,#5937,#5938,#5939),(#5940,#5941,#5942,#5943,#5944),(#5945,
#5946,#5947,#5948,#5949),(#5950,#5951,#5952,#5953,#5954),(#5955,#5956,#5957,
#5958,#5959),(#5960,#5961,#5962,#5963,#5964),(#5965,#5966,#5967,#5968,#5969),
(#5970,#5971,#5972,#5973,#5974),(#5975,#5976,#5977,#5978,#5979)),
 .UNSPECIFIED.,.F.,.F.,.F.,(4,1,1,1,1,1,1,4),(4,1,4),(0.,0.142857142857143,
0.285714285714286,0.428571428571429,0.571428571428571,0.714285714285714,
0.857142857142857,1.),(0.,0.571428571428571,1.),.UNSPECIFIED.);
#21=B_SPLINE_SURFACE_WITH_KNOTS('',3,3,((#5996,#5997,#5998,#5999,#6000),
(#6001,#6002,#6003,#6004,#6005),(#6006,#6007,#6008,#6009,#6010),(#6011,
#6012,#6013,#6014,#6015),(#6016,#6017,#6018,#6019,#6020),(#6021,#6022,#6023,
#6024,#6025),(#6026,#6027,#6028,#6029,#6030)),.UNSPECIFIED.,.F.,.F.,.F.,
(4,1,1,1,4),(4,1,4),(-2.10379854366635E-5,0.285714285714286,0.571428571428571,
0.785714285714286,1.00002103798546),(0.00428789019781584,0.573266238656207,
1.00002104101138),.UNSPECIFIED.);
#22=B_SPLINE_SURFACE_WITH_KNOTS('',3,3,((#6038,#6039,#6040,#6041),(#6042,
#6043,#6044,#6045),(#6046,#6047,#6048,#6049),(#6050,#6051,#6052,#6053)),
 .UNSPECIFIED.,.F.,.F.,.F.,(4,4),(4,4),(-3.48342763428295E-5,1.00003579030952),
(0.027589785201697,1.),.UNSPECIFIED.);
#23=B_SPLINE_SURFACE_WITH_KNOTS('',5,5,((#6277,#6278,#6279,#6280,#6281,
#6282,#6283,#6284,#6285,#6286,#6287,#6288,#6289,#6290,#6291,#6292,#6293,
#6294,#6295,#6296,#6297,#6298,#6299,#6300,#6301,#6302,#6303,#6304,#6305,
#6306,#6307,#6308,#6309,#6310,#6311,#6312,#6313,#6314,#6315,#6316,#6317,
#6318,#6319,#6320,#6321,#6322,#6323,#6324),(#6325,#6326,#6327,#6328,#6329,
#6330,#6331,#6332,#6333,#6334,#6335,#6336,#6337,#6338,#6339,#6340,#6341,
#6342,#6343,#6344,#6345,#6346,#6347,#6348,#6349,#6350,#6351,#6352,#6353,
#6354,#6355,#6356,#6357,#6358,#6359,#6360,#6361,#6362,#6363,#6364,#6365,
#6366,#6367,#6368,#6369,#6370,#6371,#6372),(#6373,#6374,#6375,#6376,#6377,
#6378,#6379,#6380,#6381,#6382,#6383,#6384,#6385,#6386,#6387,#6388,#6389,
#6390,#6391,#6392,#6393,#6394,#6395,#6396,#6397,#6398,#6399,#6400,#6401,
#6402,#6403,#6404,#6405,#6406,#6407,#6408,#6409,#6410,#6411,#6412,#6413,
#6414,#6415,#6416,#6417,#6418,#6419,#6420),(#6421,#6422,#6423,#6424,#6425,
#6426,#6427,#6428,#6429,#6430,#6431,#6432,#6433,#6434,#6435,#6436,#6437,
#6438,#6439,#6440,#6441,#6442,#6443,#6444,#6445,#6446,#6447,#6448,#6449,
#6450,#6451,#6452,#6453,#6454,#6455,#6456,#6457,#6458,#6459,#6460,#6461,
#6462,#6463,#6464,#6465,#6466,#6467,#6468),(#6469,#6470,#6471,#6472,#6473,
#6474,#6475,#6476,#6477,#6478,#6479,#6480,#6481,#6482,#6483,#6484,#6485,
#6486,#6487,#6488,#6489,#6490,#6491,#6492,#6493,#6494,#6495,#6496,#6497,
#6498,#6499,#6500,#6501,#6502,#6503,#6504,#6505,#6506,#6507,#6508,#6509,
#6510,#6511,#6512,#6513,#6514,#6515,#6516),(#6517,#6518,#6519,#6520,#6521,
#6522,#6523,#6524,#6525,#6526,#6527,#6528,#6529,#6530,#6531,#6532,#6533,
#6534,#6535,#6536,#6537,#6538,#6539,#6540,#6541,#6542,#6543,#6544,#6545,
#6546,#6547,#6548,#6549,#6550,#6551,#6552,#6553,#6554,#6555,#6556,#6557,
#6558,#6559,#6560,#6561,#6562,#6563,#6564),(#6565,#6566,#6567,#6568,#6569,
#6570,#6571,#6572,#6573,#6574,#6575,#6576,#6577,#6578,#6579,#6580,#6581,
#6582,#6583,#6584,#6585,#6586,#6587,#6588,#6589,#6590,#6591,#6592,#6593,
#6594,#6595,#6596,#6597,#6598,#6599,#6600,#6601,#6602,#6603,#6604,#6605,
#6606,#6607,#6608,#6609,#6610,#6611,#6612),(#6613,#6614,#6615,#6616,#6617,
#6618,#6619,#6620,#6621,#6622,#6623,#6624,#6625,#6626,#6627,#6628,#6629,
#6630,#6631,#6632,#6633,#6634,#6635,#6636,#6637,#6638,#6639,#6640,#6641,
#6642,#6643,#6644,#6645,#6646,#6647,#6648,#6649,#6650,#6651,#6652,#6653,
#6654,#6655,#6656,#6657,#6658,#6659,#6660),(#6661,#6662,#6663,#6664,#6665,
#6666,#6667,#6668,#6669,#6670,#6671,#6672,#6673,#6674,#6675,#6676,#6677,
#6678,#6679,#6680,#6681,#6682,#6683,#6684,#6685,#6686,#6687,#6688,#6689,
#6690,#6691,#6692,#6693,#6694,#6695,#6696,#6697,#6698,#6699,#6700,#6701,
#6702,#6703,#6704,#6705,#6706,#6707,#6708),(#6709,#6710,#6711,#6712,#6713,
#6714,#6715,#6716,#6717,#6718,#6719,#6720,#6721,#6722,#6723,#6724,#6725,
#6726,#6727,#6728,#6729,#6730,#6731,#6732,#6733,#6734,#6735,#6736,#6737,
#6738,#6739,#6740,#6741,#6742,#6743,#6744,#6745,#6746,#6747,#6748,#6749,
#6750,#6751,#6752,#6753,#6754,#6755,#6756),(#6757,#6758,#6759,#6760,#6761,
#6762,#6763,#6764,#6765,#6766,#6767,#6768,#6769,#6770,#6771,#6772,#6773,
#6774,#6775,#6776,#6777,#6778,#6779,#6780,#6781,#6782,#6783,#6784,#6785,
#6786,#6787,#6788,#6789,#6790,#6791,#6792,#6793,#6794,#6795,#6796,#6797,
#6798,#6799,#6800,#6801,#6802,#6803,#6804),(#6805,#6806,#6807,#6808,#6809,
#6810,#6811,#6812,#6813,#6814,#6815,#6816,#6817,#6818,#6819,#6820,#6821,
#6822,#6823,#6824,#6825,#6826,#6827,#6828,#6829,#6830,#6831,#6832,#6833,
#6834,#6835,#6836,#6837,#6838,#6839,#6840,#6841,#6842,#6843,#6844,#6845,
#6846,#6847,#6848,#6849,#6850,#6851,#6852),(#6853,#6854,#6855,#6856,#6857,
#6858,#6859,#6860,#6861,#6862,#6863,#6864,#6865,#6866,#6867,#6868,#6869,
#6870,#6871,#6872,#6873,#6874,#6875,#6876,#6877,#6878,#6879,#6880,#6881,
#6882,#6883,#6884,#6885,#6886,#6887,#6888,#6889,#6890,#6891,#6892,#6893,
#6894,#6895,#6896,#6897,#6898,#6899,#6900),(#6901,#6902,#6903,#6904,#6905,
#6906,#6907,#6908,#6909,#6910,#6911,#6912,#6913,#6914,#6915,#6916,#6917,
#6918,#6919,#6920,#6921,#6922,#6923,#6924,#6925,#6926,#6927,#6928,#6929,
#6930,#6931,#6932,#6933,#6934,#6935,#6936,#6937,#6938,#6939,#6940,#6941,
#6942,#6943,#6944,#6945,#6946,#6947,#6948),(#6949,#6950,#6951,#6952,#6953,
#6954,#6955,#6956,#6957,#6958,#6959,#6960,#6961,#6962,#6963,#6964,#6965,
#6966,#6967,#6968,#6969,#6970,#6971,#6972,#6973,#6974,#6975,#6976,#6977,
#6978,#6979,#6980,#6981,#6982,#6983,#6984,#6985,#6986,#6987,#6988,#6989,
#6990,#6991,#6992,#6993,#6994,#6995,#6996),(#6997,#6998,#6999,#7000,#7001,
#7002,#7003,#7004,#7005,#7006,#7007,#7008,#7009,#7010,#7011,#7012,#7013,
#7014,#7015,#7016,#7017,#7018,#7019,#7020,#7021,#7022,#7023,#7024,#7025,
#7026,#7027,#7028,#7029,#7030,#7031,#7032,#7033,#7034,#7035,#7036,#7037,
#7038,#7039,#7040,#7041,#7042,#7043,#7044),(#7045,#7046,#7047,#7048,#7049,
#7050,#7051,#7052,#7053,#7054,#7055,#7056,#7057,#7058,#7059,#7060,#7061,
#7062,#7063,#7064,#7065,#7066,#7067,#7068,#7069,#7070,#7071,#7072,#7073,
#7074,#7075,#7076,#7077,#7078,#7079,#7080,#7081,#7082,#7083,#7084,#7085,
#7086,#7087,#7088,#7089,#7090,#7091,#7092),(#7093,#7094,#7095,#7096,#7097,
#7098,#7099,#7100,#7101,#7102,#7103,#7104,#7105,#7106,#7107,#7108,#7109,
#7110,#7111,#7112,#7113,#7114,#7115,#7116,#7117,#7118,#7119,#7120,#7121,
#7122,#7123,#7124,#7125,#7126,#7127,#7128,#7129,#7130,#7131,#7132,#7133,
#7134,#7135,#7136,#7137,#7138,#7139,#7140),(#7141,#7142,#7143,#7144,#7145,
#7146,#7147,#7148,#7149,#7150,#7151,#7152,#7153,#7154,#7155,#7156,#7157,
#7158,#7159,#7160,#7161,#7162,#7163,#7164,#7165,#7166,#7167,#7168,#7169,
#7170,#7171,#7172,#7173,#7174,#7175,#7176,#7177,#7178,#7179,#7180,#7181,
#7182,#7183,#7184,#7185,#7186,#7187,#7188),(#7189,#7190,#7191,#7192,#7193,
#7194,#7195,#7196,#7197,#7198,#7199,#7200,#7201,#7202,#7203,#7204,#7205,
#7206,#7207,#7208,#7209,#7210,#7211,#7212,#7213,#7214,#7215,#7216,#7217,
#7218,#7219,#7220,#7221,#7222,#7223,#7224,#7225,#7226,#7227,#7228,#7229,
#7230,#7231,#7232,#7233,#7234,#7235,#7236),(#7237,#7238,#7239,#7240,#7241,
#7242,#7243,#7244,#7245,#7246,#7247,#7248,#7249,#7250,#7251,#7252,#7253,
#7254,#7255,#7256,#7257,#7258,#7259,#7260,#7261,#7262,#7263,#7264,#7265,
#7266,#7267,#7268,#7269,#7270,#7271,#7272,#7273,#7274,#7275,#7276,#7277,
#7278,#7279,#7280,#7281,#7282,#7283,#7284),(#7285,#7286,#7287,#7288,#7289,
#7290,#7291,#7292,#7293,#7294,#7295,#7296,#7297,#7298,#7299,#7300,#7301,
#7302,#7303,#7304,#7305,#7306,#7307,#7308,#7309,#7310,#7311,#7312,#7313,
#7314,#7315,#7316,#7317,#7318,#7319,#7320,#7321,#7322,#7323,#7324,#7325,
#7326,#7327,#7328,#7329,#7330,#7331,#7332),(#7333,#7334,#7335,#7336,#7337,
#7338,#7339,#7340,#7341,#7342,#7343,#7344,#7345,#7346,#7347,#7348,#7349,
#7350,#7351,#7352,#7353,#7354,#7355,#7356,#7357,#7358,#7359,#7360,#7361,
#7362,#7363,#7364,#7365,#7366,#7367,#7368,#7369,#7370,#7371,#7372,#7373,
#7374,#7375,#7376,#7377,#7378,#7379,#7380),(#7381,#7382,#7383,#7384,#7385,
#7386,#7387,#7388,#7389,#7390,#7391,#7392,#7393,#7394,#7395,#7396,#7397,
#7398,#7399,#7400,#7401,#7402,#7403,#7404,#7405,#7406,#7407,#7408,#7409,
#7410,#7411,#7412,#7413,#7414,#7415,#7416,#7417,#7418,#7419,#7420,#7421,
#7422,#7423,#7424,#7425,#7426,#7427,#7428),(#7429,#7430,#7431,#7432,#7433,
#7434,#7435,#7436,#7437,#7438,#7439,#7440,#7441,#7442,#7443,#7444,#7445,
#7446,#7447,#7448,#7449,#7450,#7451,#7452,#7453,#7454,#7455,#7456,#7457,
#7458,#7459,#7460,#7461,#7462,#7463,#7464,#7465,#7466,#7467,#7468,#7469,
#7470,#7471,#7472,#7473,#7474,#7475,#7476),(#7477,#7478,#7479,#7480,#7481,
#7482,#7483,#7484,#7485,#7486,#7487,#7488,#7489,#7490,#7491,#7492,#7493,
#7494,#7495,#7496,#7497,#7498,#7499,#7500,#7501,#7502,#7503,#7504,#7505,
#7506,#7507,#7508,#7509,#7510,#7511,#7512,#7513,#7514,#7515,#7516,#7517,
#7518,#7519,#7520,#7521,#7522,#7523,#7524),(#7525,#7526,#7527,#7528,#7529,
#7530,#7531,#7532,#7533,#7534,#7535,#7536,#7537,#7538,#7539,#7540,#7541,
#7542,#7543,#7544,#7545,#7546,#7547,#7548,#7549,#7550,#7551,#7552,#7553,
#7554,#7555,#7556,#7557,#7558,#7559,#7560,#7561,#7562,#7563,#7564,#7565,
#7566,#7567,#7568,#7569,#7570,#7571,#7572),(#7573,#7574,#7575,#7576,#7577,
#7578,#7579,#7580,#7581,#7582,#7583,#7584,#7585,#7586,#7587,#7588,#7589,
#7590,#7591,#7592,#7593,#7594,#7595,#7596,#7597,#7598,#7599,#7600,#7601,
#7602,#7603,#7604,#7605,#7606,#7607,#7608,#7609,#7610,#7611,#7612,#7613,
#7614,#7615,#7616,#7617,#7618,#7619,#7620),(#7621,#7622,#7623,#7624,#7625,
#7626,#7627,#7628,#7629,#7630,#7631,#7632,#7633,#7634,#7635,#7636,#7637,
#7638,#7639,#7640,#7641,#7642,#7643,#7644,#7645,#7646,#7647,#7648,#7649,
#7650,#7651,#7652,#7653,#7654,#7655,#7656,#7657,#7658,#7659,#7660,#7661,
#7662,#7663,#7664,#7665,#7666,#7667,#7668),(#7669,#7670,#7671,#7672,#7673,
#7674,#7675,#7676,#7677,#7678,#7679,#7680,#7681,#7682,#7683,#7684,#7685,
#7686,#7687,#7688,#7689,#7690,#7691,#7692,#7693,#7694,#7695,#7696,#7697,
#7698,#7699,#7700,#7701,#7702,#7703,#7704,#7705,#7706,#7707,#7708,#7709,
#7710,#7711,#7712,#7713,#7714,#7715,#7716),(#7717,#7718,#7719,#7720,#7721,
#7722,#7723,#7724,#7725,#7726,#7727,#7728,#7729,#7730,#7731,#7732,#7733,
#7734,#7735,#7736,#7737,#7738,#7739,#7740,#7741,#7742,#7743,#7744,#7745,
#7746,#7747,#7748,#7749,#7750,#7751,#7752,#7753,#7754,#7755,#7756,#7757,
#7758,#7759,#7760,#7761,#7762,#7763,#7764),(#7765,#7766,#7767,#7768,#7769,
#7770,#7771,#7772,#7773,#7774,#7775,#7776,#7777,#7778,#7779,#7780,#7781,
#7782,#7783,#7784,#7785,#7786,#7787,#7788,#7789,#7790,#7791,#7792,#7793,
#7794,#7795,#7796,#7797,#7798,#7799,#7800,#7801,#7802,#7803,#7804,#7805,
#7806,#7807,#7808,#7809,#7810,#7811,#7812),(#7813,#7814,#7815,#7816,#7817,
#7818,#7819,#7820,#7821,#7822,#7823,#7824,#7825,#7826,#7827,#7828,#7829,
#7830,#7831,#7832,#7833,#7834,#7835,#7836,#7837,#7838,#7839,#7840,#7841,
#7842,#7843,#7844,#7845,#7846,#7847,#7848,#7849,#7850,#7851,#7852,#7853,
#7854,#7855,#7856,#7857,#7858,#7859,#7860),(#7861,#7862,#7863,#7864,#7865,
#7866,#7867,#7868,#7869,#7870,#7871,#7872,#7873,#7874,#7875,#7876,#7877,
#7878,#7879,#7880,#7881,#7882,#7883,#7884,#7885,#7886,#7887,#7888,#7889,
#7890,#7891,#7892,#7893,#7894,#7895,#7896,#7897,#7898,#7899,#7900,#7901,
#7902,#7903,#7904,#7905,#7906,#7907,#7908),(#7909,#7910,#7911,#7912,#7913,
#7914,#7915,#7916,#7917,#7918,#7919,#7920,#7921,#7922,#7923,#7924,#7925,
#7926,#7927,#7928,#7929,#7930,#7931,#7932,#7933,#7934,#7935,#7936,#7937,
#7938,#7939,#7940,#7941,#7942,#7943,#7944,#7945,#7946,#7947,#7948,#7949,
#7950,#7951,#7952,#7953,#7954,#7955,#7956),(#7957,#7958,#7959,#7960,#7961,
#7962,#7963,#7964,#7965,#7966,#7967,#7968,#7969,#7970,#7971,#7972,#7973,
#7974,#7975,#7976,#7977,#7978,#7979,#7980,#7981,#7982,#7983,#7984,#7985,
#7986,#7987,#7988,#7989,#7990,#7991,#7992,#7993,#7994,#7995,#7996,#7997,
#7998,#7999,#8000,#8001,#8002,#8003,#8004),(#8005,#8006,#8007,#8008,#8009,
#8010,#8011,#8012,#8013,#8014,#8015,#8016,#8017,#8018,#8019,#8020,#8021,
#8022,#8023,#8024,#8025,#8026,#8027,#8028,#8029,#8030,#8031,#8032,#8033,
#8034,#8035,#8036,#8037,#8038,#8039,#8040,#8041,#8042,#8043,#8044,#8045,
#8046,#8047,#8048,#8049,#8050,#8051,#8052),(#8053,#8054,#8055,#8056,#8057,
#8058,#8059,#8060,#8061,#8062,#8063,#8064,#8065,#8066,#8067,#8068,#8069,
#8070,#8071,#8072,#8073,#8074,#8075,#8076,#8077,#8078,#8079,#8080,#8081,
#8082,#8083,#8084,#8085,#8086,#8087,#8088,#8089,#8090,#8091,#8092,#8093,
#8094,#8095,#8096,#8097,#8098,#8099,#8100),(#8101,#8102,#8103,#8104,#8105,
#8106,#8107,#8108,#8109,#8110,#8111,#8112,#8113,#8114,#8115,#8116,#8117,
#8118,#8119,#8120,#8121,#8122,#8123,#8124,#8125,#8126,#8127,#8128,#8129,
#8130,#8131,#8132,#8133,#8134,#8135,#8136,#8137,#8138,#8139,#8140,#8141,
#8142,#8143,#8144,#8145,#8146,#8147,#8148),(#8149,#8150,#8151,#8152,#8153,
#8154,#8155,#8156,#8157,#8158,#8159,#8160,#8161,#8162,#8163,#8164,#8165,
#8166,#8167,#8168,#8169,#8170,#8171,#8172,#8173,#8174,#8175,#8176,#8177,
#8178,#8179,#8180,#8181,#8182,#8183,#8184,#8185,#8186,#8187,#8188,#8189,
#8190,#8191,#8192,#8193,#8194,#8195,#8196),(#8197,#8198,#8199,#8200,#8201,
#8202,#8203,#8204,#8205,#8206,#8207,#8208,#8209,#8210,#8211,#8212,#8213,
#8214,#8215,#8216,#8217,#8218,#8219,#8220,#8221,#8222,#8223,#8224,#8225,
#8226,#8227,#8228,#8229,#8230,#8231,#8232,#8233,#8234,#8235,#8236,#8237,
#8238,#8239,#8240,#8241,#8242,#8243,#8244),(#8245,#8246,#8247,#8248,#8249,
#8250,#8251,#8252,#8253,#8254,#8255,#8256,#8257,#8258,#8259,#8260,#8261,
#8262,#8263,#8264,#8265,#8266,#8267,#8268,#8269,#8270,#8271,#8272,#8273,
#8274,#8275,#8276,#8277,#8278,#8279,#8280,#8281,#8282,#8283,#8284,#8285,
#8286,#8287,#8288,#8289,#8290,#8291,#8292),(#8293,#8294,#8295,#8296,#8297,
#8298,#8299,#8300,#8301,#8302,#8303,#8304,#8305,#8306,#8307,#8308,#8309,
#8310,#8311,#8312,#8313,#8314,#8315,#8316,#8317,#8318,#8319,#8320,#8321,
#8322,#8323,#8324,#8325,#8326,#8327,#8328,#8329,#8330,#8331,#8332,#8333,
#8334,#8335,#8336,#8337,#8338,#8339,#8340),(#8341,#8342,#8343,#8344,#8345,
#8346,#8347,#8348,#8349,#8350,#8351,#8352,#8353,#8354,#8355,#8356,#8357,
#8358,#8359,#8360,#8361,#8362,#8363,#8364,#8365,#8366,#8367,#8368,#8369,
#8370,#8371,#8372,#8373,#8374,#8375,#8376,#8377,#8378,#8379,#8380,#8381,
#8382,#8383,#8384,#8385,#8386,#8387,#8388),(#8389,#8390,#8391,#8392,#8393,
#8394,#8395,#8396,#8397,#8398,#8399,#8400,#8401,#8402,#8403,#8404,#8405,
#8406,#8407,#8408,#8409,#8410,#8411,#8412,#8413,#8414,#8415,#8416,#8417,
#8418,#8419,#8420,#8421,#8422,#8423,#8424,#8425,#8426,#8427,#8428,#8429,
#8430,#8431,#8432,#8433,#8434,#8435,#8436),(#8437,#8438,#8439,#8440,#8441,
#8442,#8443,#8444,#8445,#8446,#8447,#8448,#8449,#8450,#8451,#8452,#8453,
#8454,#8455,#8456,#8457,#8458,#8459,#8460,#8461,#8462,#8463,#8464,#8465,
#8466,#8467,#8468,#8469,#8470,#8471,#8472,#8473,#8474,#8475,#8476,#8477,
#8478,#8479,#8480,#8481,#8482,#8483,#8484),(#8485,#8486,#8487,#8488,#8489,
#8490,#8491,#8492,#8493,#8494,#8495,#8496,#8497,#8498,#8499,#8500,#8501,
#8502,#8503,#8504,#8505,#8506,#8507,#8508,#8509,#8510,#8511,#8512,#8513,
#8514,#8515,#8516,#8517,#8518,#8519,#8520,#8521,#8522,#8523,#8524,#8525,
#8526,#8527,#8528,#8529,#8530,#8531,#8532),(#8533,#8534,#8535,#8536,#8537,
#8538,#8539,#8540,#8541,#8542,#8543,#8544,#8545,#8546,#8547,#8548,#8549,
#8550,#8551,#8552,#8553,#8554,#8555,#8556,#8557,#8558,#8559,#8560,#8561,
#8562,#8563,#8564,#8565,#8566,#8567,#8568,#8569,#8570,#8571,#8572,#8573,
#8574,#8575,#8576,#8577,#8578,#8579,#8580),(#8581,#8582,#8583,#8584,#8585,
#8586,#8587,#8588,#8589,#8590,#8591,#8592,#8593,#8594,#8595,#8596,#8597,
#8598,#8599,#8600,#8601,#8602,#8603,#8604,#8605,#8606,#8607,#8608,#8609,
#8610,#8611,#8612,#8613,#8614,#8615,#8616,#8617,#8618,#8619,#8620,#8621,
#8622,#8623,#8624,#8625,#8626,#8627,#8628),(#8629,#8630,#8631,#8632,#8633,
#8634,#8635,#8636,#8637,#8638,#8639,#8640,#8641,#8642,#8643,#8644,#8645,
#8646,#8647,#8648,#8649,#8650,#8651,#8652,#8653,#8654,#8655,#8656,#8657,
#8658,#8659,#8660,#8661,#8662,#8663,#8664,#8665,#8666,#8667,#8668,#8669,
#8670,#8671,#8672,#8673,#8674,#8675,#8676),(#8677,#8678,#8679,#8680,#8681,
#8682,#8683,#8684,#8685,#8686,#8687,#8688,#8689,#8690,#8691,#8692,#8693,
#8694,#8695,#8696,#8697,#8698,#8699,#8700,#8701,#8702,#8703,#8704,#8705,
#8706,#8707,#8708,#8709,#8710,#8711,#8712,#8713,#8714,#8715,#8716,#8717,
#8718,#8719,#8720,#8721,#8722,#8723,#8724),(#8725,#8726,#8727,#8728,#8729,
#8730,#8731,#8732,#8733,#8734,#8735,#8736,#8737,#8738,#8739,#8740,#8741,
#8742,#8743,#8744,#8745,#8746,#8747,#8748,#8749,#8750,#8751,#8752,#8753,
#8754,#8755,#8756,#8757,#8758,#8759,#8760,#8761,#8762,#8763,#8764,#8765,
#8766,#8767,#8768,#8769,#8770,#8771,#8772),(#8773,#8774,#8775,#8776,#8777,
#8778,#8779,#8780,#8781,#8782,#8783,#8784,#8785,#8786,#8787,#8788,#8789,
#8790,#8791,#8792,#8793,#8794,#8795,#8796,#8797,#8798,#8799,#8800,#8801,
#8802,#8803,#8804,#8805,#8806,#8807,#8808,#8809,#8810,#8811,#8812,#8813,
#8814,#8815,#8816,#8817,#8818,#8819,#8820),(#8821,#8822,#8823,#8824,#8825,
#8826,#8827,#8828,#8829,#8830,#8831,#8832,#8833,#8834,#8835,#8836,#8837,
#8838,#8839,#8840,#8841,#8842,#8843,#8844,#8845,#8846,#8847,#8848,#8849,
#8850,#8851,#8852,#8853,#8854,#8855,#8856,#8857,#8858,#8859,#8860,#8861,
#8862,#8863,#8864,#8865,#8866,#8867,#8868),(#8869,#8870,#8871,#8872,#8873,
#8874,#8875,#8876,#8877,#8878,#8879,#8880,#8881,#8882,#8883,#8884,#8885,
#8886,#8887,#8888,#8889,#8890,#8891,#8892,#8893,#8894,#8895,#8896,#8897,
#8898,#8899,#8900,#8901,#8902,#8903,#8904,#8905,#8906,#8907,#8908,#8909,
#8910,#8911,#8912,#8913,#8914,#8915,#8916),(#8917,#8918,#8919,#8920,#8921,
#8922,#8923,#8924,#8925,#8926,#8927,#8928,#8929,#8930,#8931,#8932,#8933,
#8934,#8935,#8936,#8937,#8938,#8939,#8940,#8941,#8942,#8943,#8944,#8945,
#8946,#8947,#8948,#8949,#8950,#8951,#8952,#8953,#8954,#8955,#8956,#8957,
#8958,#8959,#8960,#8961,#8962,#8963,#8964),(#8965,#8966,#8967,#8968,#8969,
#8970,#8971,#8972,#8973,#8974,#8975,#8976,#8977,#8978,#8979,#8980,#8981,
#8982,#8983,#8984,#8985,#8986,#8987,#8988,#8989,#8990,#8991,#8992,#8993,
#8994,#8995,#8996,#8997,#8998,#8999,#9000,#9001,#9002,#9003,#9004,#9005,
#9006,#9007,#9008,#9009,#9010,#9011,#9012),(#9013,#9014,#9015,#9016,#9017,
#9018,#9019,#9020,#9021,#9022,#9023,#9024,#9025,#9026,#9027,#9028,#9029,
#9030,#9031,#9032,#9033,#9034,#9035,#9036,#9037,#9038,#9039,#9040,#9041,
#9042,#9043,#9044,#9045,#9046,#9047,#9048,#9049,#9050,#9051,#9052,#9053,
#9054,#9055,#9056,#9057,#9058,#9059,#9060),(#9061,#9062,#9063,#9064,#9065,
#9066,#9067,#9068,#9069,#9070,#9071,#9072,#9073,#9074,#9075,#9076,#9077,
#9078,#9079,#9080,#9081,#9082,#9083,#9084,#9085,#9086,#9087,#9088,#9089,
#9090,#9091,#9092,#9093,#9094,#9095,#9096,#9097,#9098,#9099,#9100,#9101,
#9102,#9103,#9104,#9105,#9106,#9107,#9108),(#9109,#9110,#9111,#9112,#9113,
#9114,#9115,#9116,#9117,#9118,#9119,#9120,#9121,#9122,#9123,#9124,#9125,
#9126,#9127,#9128,#9129,#9130,#9131,#9132,#9133,#9134,#9135,#9136,#9137,
#9138,#9139,#9140,#9141,#9142,#9143,#9144,#9145,#9146,#9147,#9148,#9149,
#9150,#9151,#9152,#9153,#9154,#9155,#9156),(#9157,#9158,#9159,#9160,#9161,
#9162,#9163,#9164,#9165,#9166,#9167,#9168,#9169,#9170,#9171,#9172,#9173,
#9174,#9175,#9176,#9177,#9178,#9179,#9180,#9181,#9182,#9183,#9184,#9185,
#9186,#9187,#9188,#9189,#9190,#9191,#9192,#9193,#9194,#9195,#9196,#9197,
#9198,#9199,#9200,#9201,#9202,#9203,#9204),(#9205,#9206,#9207,#9208,#9209,
#9210,#9211,#9212,#9213,#9214,#9215,#9216,#9217,#9218,#9219,#9220,#9221,
#9222,#9223,#9224,#9225,#9226,#9227,#9228,#9229,#9230,#9231,#9232,#9233,
#9234,#9235,#9236,#9237,#9238,#9239,#9240,#9241,#9242,#9243,#9244,#9245,
#9246,#9247,#9248,#9249,#9250,#9251,#9252),(#9253,#9254,#9255,#9256,#9257,
#9258,#9259,#9260,#9261,#9262,#9263,#9264,#9265,#9266,#9267,#9268,#9269,
#9270,#9271,#9272,#9273,#9274,#9275,#9276,#9277,#9278,#9279,#9280,#9281,
#9282,#9283,#9284,#9285,#9286,#9287,#9288,#9289,#9290,#9291,#9292,#9293,
#9294,#9295,#9296,#9297,#9298,#9299,#9300),(#9301,#9302,#9303,#9304,#9305,
#9306,#9307,#9308,#9309,#9310,#9311,#9312,#9313,#9314,#9315,#9316,#9317,
#9318,#9319,#9320,#9321,#9322,#9323,#9324,#9325,#9326,#9327,#9328,#9329,
#9330,#9331,#9332,#9333,#9334,#9335,#9336,#9337,#9338,#9339,#9340,#9341,
#9342,#9343,#9344,#9345,#9346,#9347,#9348),(#9349,#9350,#9351,#9352,#9353,
#9354,#9355,#9356,#9357,#9358,#9359,#9360,#9361,#9362,#9363,#9364,#9365,
#9366,#9367,#9368,#9369,#9370,#9371,#9372,#9373,#9374,#9375,#9376,#9377,
#9378,#9379,#9380,#9381,#9382,#9383,#9384,#9385,#9386,#9387,#9388,#9389,
#9390,#9391,#9392,#9393,#9394,#9395,#9396),(#9397,#9398,#9399,#9400,#9401,
#9402,#9403,#9404,#9405,#9406,#9407,#9408,#9409,#9410,#9411,#9412,#9413,
#9414,#9415,#9416,#9417,#9418,#9419,#9420,#9421,#9422,#9423,#9424,#9425,
#9426,#9427,#9428,#9429,#9430,#9431,#9432,#9433,#9434,#9435,#9436,#9437,
#9438,#9439,#9440,#9441,#9442,#9443,#9444),(#9445,#9446,#9447,#9448,#9449,
#9450,#9451,#9452,#9453,#9454,#9455,#9456,#9457,#9458,#9459,#9460,#9461,
#9462,#9463,#9464,#9465,#9466,#9467,#9468,#9469,#9470,#9471,#9472,#9473,
#9474,#9475,#9476,#9477,#9478,#9479,#9480,#9481,#9482,#9483,#9484,#9485,
#9486,#9487,#9488,#9489,#9490,#9491,#9492),(#9493,#9494,#9495,#9496,#9497,
#9498,#9499,#9500,#9501,#9502,#9503,#9504,#9505,#9506,#9507,#9508,#9509,
#9510,#9511,#9512,#9513,#9514,#9515,#9516,#9517,#9518,#9519,#9520,#9521,
#9522,#9523,#9524,#9525,#9526,#9527,#9528,#9529,#9530,#9531,#9532,#9533,
#9534,#9535,#9536,#9537,#9538,#9539,#9540),(#9541,#9542,#9543,#9544,#9545,
#9546,#9547,#9548,#9549,#9550,#9551,#9552,#9553,#9554,#9555,#9556,#9557,
#9558,#9559,#9560,#9561,#9562,#9563,#9564,#9565,#9566,#9567,#9568,#9569,
#9570,#9571,#9572,#9573,#9574,#9575,#9576,#9577,#9578,#9579,#9580,#9581,
#9582,#9583,#9584,#9585,#9586,#9587,#9588),(#9589,#9590,#9591,#9592,#9593,
#9594,#9595,#9596,#9597,#9598,#9599,#9600,#9601,#9602,#9603,#9604,#9605,
#9606,#9607,#9608,#9609,#9610,#9611,#9612,#9613,#9614,#9615,#9616,#9617,
#9618,#9619,#9620,#9621,#9622,#9623,#9624,#9625,#9626,#9627,#9628,#9629,
#9630,#9631,#9632,#9633,#9634,#9635,#9636),(#9637,#9638,#9639,#9640,#9641,
#9642,#9643,#9644,#9645,#9646,#9647,#9648,#9649,#9650,#9651,#9652,#9653,
#9654,#9655,#9656,#9657,#9658,#9659,#9660,#9661,#9662,#9663,#9664,#9665,
#9666,#9667,#9668,#9669,#9670,#9671,#9672,#9673,#9674,#9675,#9676,#9677,
#9678,#9679,#9680,#9681,#9682,#9683,#9684),(#9685,#9686,#9687,#9688,#9689,
#9690,#9691,#9692,#9693,#9694,#9695,#9696,#9697,#9698,#9699,#9700,#9701,
#9702,#9703,#9704,#9705,#9706,#9707,#9708,#9709,#9710,#9711,#9712,#9713,
#9714,#9715,#9716,#9717,#9718,#9719,#9720,#9721,#9722,#9723,#9724,#9725,
#9726,#9727,#9728,#9729,#9730,#9731,#9732),(#9733,#9734,#9735,#9736,#9737,
#9738,#9739,#9740,#9741,#9742,#9743,#9744,#9745,#9746,#9747,#9748,#9749,
#9750,#9751,#9752,#9753,#9754,#9755,#9756,#9757,#9758,#9759,#9760,#9761,
#9762,#9763,#9764,#9765,#9766,#9767,#9768,#9769,#9770,#9771,#9772,#9773,
#9774,#9775,#9776,#9777,#9778,#9779,#9780),(#9781,#9782,#9783,#9784,#9785,
#9786,#9787,#9788,#9789,#9790,#9791,#9792,#9793,#9794,#9795,#9796,#9797,
#9798,#9799,#9800,#9801,#9802,#9803,#9804,#9805,#9806,#9807,#9808,#9809,
#9810,#9811,#9812,#9813,#9814,#9815,#9816,#9817,#9818,#9819,#9820,#9821,
#9822,#9823,#9824,#9825,#9826,#9827,#9828),(#9829,#9830,#9831,#9832,#9833,
#9834,#9835,#9836,#9837,#9838,#9839,#9840,#9841,#9842,#9843,#9844,#9845,
#9846,#9847,#9848,#9849,#9850,#9851,#9852,#9853,#9854,#9855,#9856,#9857,
#9858,#9859,#9860,#9861,#9862,#9863,#9864,#9865,#9866,#9867,#9868,#9869,
#9870,#9871,#9872,#9873,#9874,#9875,#9876),(#9877,#9878,#9879,#9880,#9881,
#9882,#9883,#9884,#9885,#9886,#9887,#9888,#9889,#9890,#9891,#9892,#9893,
#9894,#9895,#9896,#9897,#9898,#9899,#9900,#9901,#9902,#9903,#9904,#9905,
#9906,#9907,#9908,#9909,#9910,#9911,#9912,#9913,#9914,#9915,#9916,#9917,
#9918,#9919,#9920,#9921,#9922,#9923,#9924),(#9925,#9926,#9927,#9928,#9929,
#9930,#9931,#9932,#9933,#9934,#9935,#9936,#9937,#9938,#9939,#9940,#9941,
#9942,#9943,#9944,#9945,#9946,#9947,#9948,#9949,#9950,#9951,#9952,#9953,
#9954,#9955,#9956,#9957,#9958,#9959,#9960,#9961,#9962,#9963,#9964,#9965,
#9966,#9967,#9968,#9969,#9970,#9971,#9972),(#9973,#9974,#9975,#9976,#9977,
#9978,#9979,#9980,#9981,#9982,#9983,#9984,#9985,#9986,#9987,#9988,#9989,
#9990,#9991,#9992,#9993,#9994,#9995,#9996,#9997,#9998,#9999,#10000,#10001,
#10002,#10003,#10004,#10005,#10006,#10007,#10008,#10009,#10010,#10011,#10012,
#10013,#10014,#10015,#10016,#10017,#10018,#10019,#10020),(#10021,#10022,
#10023,#10024,#10025,#10026,#10027,#10028,#10029,#10030,#10031,#10032,#10033,
#10034,#10035,#10036,#10037,#10038,#10039,#10040,#10041,#10042,#10043,#10044,
#10045,#10046,#10047,#10048,#10049,#10050,#10051,#10052,#10053,#10054,#10055,
#10056,#10057,#10058,#10059,#10060,#10061,#10062,#10063,#10064,#10065,#10066,
#10067,#10068),(#10069,#10070,#10071,#10072,#10073,#10074,#10075,#10076,
#10077,#10078,#10079,#10080,#10081,#10082,#10083,#10084,#10085,#10086,#10087,
#10088,#10089,#10090,#10091,#10092,#10093,#10094,#10095,#10096,#10097,#10098,
#10099,#10100,#10101,#10102,#10103,#10104,#10105,#10106,#10107,#10108,#10109,
#10110,#10111,#10112,#10113,#10114,#10115,#10116),(#10117,#10118,#10119,
#10120,#10121,#10122,#10123,#10124,#10125,#10126,#10127,#10128,#10129,#10130,
#10131,#10132,#10133,#10134,#10135,#10136,#10137,#10138,#10139,#10140,#10141,
#10142,#10143,#10144,#10145,#10146,#10147,#10148,#10149,#10150,#10151,#10152,
#10153,#10154,#10155,#10156,#10157,#10158,#10159,#10160,#10161,#10162,#10163,
#10164)),.UNSPECIFIED.,.F.,.F.,.F.,(6,3,3,3,3,3,3,3,3,3,3,3,3,3,3,3,3,3,
3,3,3,3,3,3,3,3,6),(6,3,3,3,3,3,3,3,3,3,3,3,3,3,3,6),(-0.1802227081953,
-0.0966946989945194,-0.0131666897937388,0.0285973148066515,0.0703613194070418,
0.112125324007432,0.133007326307627,0.153889328607822,0.237417337808603,
0.320945347009384,0.404473356210164,0.488001365410945,0.571529374611725,
0.655057383812506,0.738585393013286,0.822113402214067,0.905641411414848,
0.947405416015238,0.989169420615628,1.01005142291582,1.03093342521602,1.07269742981641,
1.1144614344168,1.13534343671699,1.14578443786709,1.15100493844214,1.15622543901719),
(-0.0473500276430731,-0.0150735513932567,0.00106468673165153,0.0172029248565597,
0.0494794011063761,0.0817558773561925,0.146308829855825,0.210861782355458,
0.275414734855091,0.339967687354724,0.37224416360454,0.380313282666994,
0.388382401729448,0.404520639854356,0.436797116104173,0.469073592353989),
 .UNSPECIFIED.);
#24=B_SPLINE_SURFACE_WITH_KNOTS('',3,3,((#10165,#10166,#10167,#10168),(#10169,
#10170,#10171,#10172),(#10173,#10174,#10175,#10176),(#10177,#10178,#10179,
#10180),(#10181,#10182,#10183,#10184),(#10185,#10186,#10187,#10188),(#10189,
#10190,#10191,#10192),(#10193,#10194,#10195,#10196),(#10197,#10198,#10199,
#10200),(#10201,#10202,#10203,#10204),(#10205,#10206,#10207,#10208),(#10209,
#10210,#10211,#10212),(#10213,#10214,#10215,#10216),(#10217,#10218,#10219,
#10220),(#10221,#10222,#10223,#10224),(#10225,#10226,#10227,#10228),(#10229,
#10230,#10231,#10232),(#10233,#10234,#10235,#10236),(#10237,#10238,#10239,
#10240),(#10241,#10242,#10243,#10244),(#10245,#10246,#10247,#10248),(#10249,
#10250,#10251,#10252),(#10253,#10254,#10255,#10256),(#10257,#10258,#10259,
#10260),(#10261,#10262,#10263,#10264)),.UNSPECIFIED.,.F.,.F.,.F.,(4,1,2,
1,2,1,1,1,1,1,1,1,2,1,1,1,1,1,1,4),(4,4),(-3.7631352132304E-6,0.0673390674460139,
0.134678134892028,0.198542838272295,0.262407541652562,0.338640415893301,
0.41487329013404,0.491106164374779,0.567339038615518,0.643571912856257,
0.719804787096996,0.796037661337735,0.872270535578474,0.888236718631165,
0.904202901683856,0.920169084736546,0.936135267789237,0.968067633894619,
0.984033816947309,1.00135203855592),(-0.00424800316225626,1.00004380871301),
 .UNSPECIFIED.);
#25=B_SPLINE_SURFACE_WITH_KNOTS('',3,3,((#10326,#10327,#10328,#10329),(#10330,
#10331,#10332,#10333),(#10334,#10335,#10336,#10337),(#10338,#10339,#10340,
#10341)),.UNSPECIFIED.,.F.,.F.,.F.,(4,4),(4,4),(0.,1.),(0.,1.),
 .UNSPECIFIED.);
#26=B_SPLINE_SURFACE_WITH_KNOTS('',3,3,((#10345,#10346,#10347,#10348),(#10349,
#10350,#10351,#10352),(#10353,#10354,#10355,#10356),(#10357,#10358,#10359,
#10360),(#10361,#10362,#10363,#10364)),.UNSPECIFIED.,.F.,.F.,.F.,(4,1,4),
(4,4),(-0.000122697884511347,0.571428571428571,1.00012269788451),(-0.000122697884511347,
1.00008485604246),.UNSPECIFIED.);
#27=B_SPLINE_SURFACE_WITH_KNOTS('',3,3,((#10368,#10369,#10370,#10371),(#10372,
#10373,#10374,#10375),(#10376,#10377,#10378,#10379),(#10380,#10381,#10382,
#10383),(#10384,#10385,#10386,#10387)),.UNSPECIFIED.,.F.,.F.,.F.,(4,1,4),
(4,4),(-0.000143285953383571,0.571428571428571,1.00014328595338),(-0.00014328595338382,
1.00000376863219),.UNSPECIFIED.);
#28=B_SPLINE_SURFACE_WITH_KNOTS('',3,3,((#10559,#10560,#10561,#10562),(#10563,
#10564,#10565,#10566),(#10567,#10568,#10569,#10570),(#10571,#10572,#10573,
#10574),(#10575,#10576,#10577,#10578),(#10579,#10580,#10581,#10582),(#10583,
#10584,#10585,#10586),(#10587,#10588,#10589,#10590),(#10591,#10592,#10593,
#10594),(#10595,#10596,#10597,#10598)),.UNSPECIFIED.,.F.,.F.,.F.,(4,1,1,
1,1,1,1,4),(4,4),(-2.64862933324494E-5,0.142857142857143,0.285714285714286,
0.428571428571429,0.571428571428571,0.714285714285714,0.857142857142857,
1.00002095191104),(-1.54619633365748E-12,1.00016870273054),
 .UNSPECIFIED.);
#29=B_SPLINE_SURFACE_WITH_KNOTS('',3,3,((#10642,#10643,#10644,#10645),(#10646,
#10647,#10648,#10649),(#10650,#10651,#10652,#10653),(#10654,#10655,#10656,
#10657),(#10658,#10659,#10660,#10661)),.UNSPECIFIED.,.F.,.F.,.F.,(4,1,4),
(4,4),(0.,0.571428571428571,1.),(-0.163953855638438,0.154337235624178),
 .UNSPECIFIED.);
#30=B_SPLINE_SURFACE_WITH_KNOTS('',3,3,((#10667,#10668,#10669,#10670),(#10671,
#10672,#10673,#10674),(#10675,#10676,#10677,#10678),(#10679,#10680,#10681,
#10682),(#10683,#10684,#10685,#10686),(#10687,#10688,#10689,#10690)),
 .UNSPECIFIED.,.F.,.F.,.F.,(4,1,1,4),(4,4),(0.,0.285714285714286,0.571428571428571,
1.),(0.,0.760795207772792),.UNSPECIFIED.);
#31=B_SPLINE_SURFACE_WITH_KNOTS('',3,3,((#10706,#10707,#10708,#10709,#10710),
(#10711,#10712,#10713,#10714,#10715),(#10716,#10717,#10718,#10719,#10720),
(#10721,#10722,#10723,#10724,#10725),(#10726,#10727,#10728,#10729,#10730),
(#10731,#10732,#10733,#10734,#10735)),.UNSPECIFIED.,.F.,.F.,.F.,(4,1,1,
4),(4,1,4),(0.,0.285714285714286,0.571428571428571,1.0006344022607),(-0.000634402260702474,
0.129014082445514,0.226409046540352),.UNSPECIFIED.);
#32=B_SPLINE_SURFACE_WITH_KNOTS('',3,3,((#10747,#10748,#10749,#10750),(#10751,
#10752,#10753,#10754),(#10755,#10756,#10757,#10758),(#10759,#10760,#10761,
#10762),(#10763,#10764,#10765,#10766)),.UNSPECIFIED.,.F.,.F.,.F.,(4,1,4),
(4,4),(0.,0.571428571428571,1.),(-0.163953855289715,0.154337052561064),
 .UNSPECIFIED.);
#33=B_SPLINE_SURFACE_WITH_KNOTS('',3,3,((#10771,#10772,#10773,#10774,#10775,
#10776),(#10777,#10778,#10779,#10780,#10781,#10782),(#10783,#10784,#10785,
#10786,#10787,#10788),(#10789,#10790,#10791,#10792,#10793,#10794),(#10795,
#10796,#10797,#10798,#10799,#10800),(#10801,#10802,#10803,#10804,#10805,
#10806)),.UNSPECIFIED.,.F.,.F.,.F.,(4,1,1,4),(4,1,1,4),(0.,0.285714285714286,
0.571428571428571,1.),(2.56579975753088E-13,0.0967605633879358,0.161267605646389,
0.225774647904841),.UNSPECIFIED.);
#34=B_SPLINE_SURFACE_WITH_KNOTS('',2,1,((#10931,#10932),(#10933,#10934),
(#10935,#10936)),.UNSPECIFIED.,.F.,.F.,.F.,(3,3),(2,2),(0.,0.919520767500026),
(0.,0.48),.UNSPECIFIED.);
#35=B_SPLINE_SURFACE_WITH_KNOTS('',2,1,((#10949,#10950),(#10951,#10952),
(#10953,#10954)),.UNSPECIFIED.,.F.,.F.,.F.,(3,3),(2,2),(0.0804792446939779,
1.),(0.,0.48),.UNSPECIFIED.);
#36=B_SPLINE_CURVE_WITH_KNOTS('',3,(#2050,#2051,#2052,#2053,#2054,#2055,
#2056,#2057,#2058,#2059,#2060,#2061,#2062,#2063,#2064,#2065,#2066,#2067,
#2068,#2069,#2070,#2071,#2072,#2073,#2074,#2075,#2076,#2077),
 .UNSPECIFIED.,.F.,.F.,(4,3,3,3,3,3,3,3,3,4),(0.,0.115770497237289,0.235771830106017,
0.358521445587851,0.485287689960346,0.5,0.632832207257273,0.7677543059484,
0.903825621303223,1.),.UNSPECIFIED.);
#37=B_SPLINE_CURVE_WITH_KNOTS('',3,(#2079,#2080,#2081,#2082,#2083,#2084,
#2085,#2086,#2087,#2088),.UNSPECIFIED.,.F.,.F.,(4,2,2,2,4),(1.00000000500502E-6,
0.0980554411884618,0.19610347439427,0.294153663854667,0.392205948873935),
 .UNSPECIFIED.);
#38=B_SPLINE_CURVE_WITH_KNOTS('',3,(#2096,#2097,#2098,#2099,#2100,#2101,
#2102,#2103,#2104,#2105),.UNSPECIFIED.,.F.,.F.,(4,2,2,2,4),(9.99999959571387E-7,
0.0923882294006415,0.194602635614973,0.292588966127621,0.389209946115947),
 .UNSPECIFIED.);
#39=B_SPLINE_CURVE_WITH_KNOTS('',3,(#2107,#2108,#2109,#2110,#2111,#2112),
 .UNSPECIFIED.,.F.,.F.,(4,2,4),(0.,0.164074214126858,0.328148428321374),
 .UNSPECIFIED.);
#40=B_SPLINE_CURVE_WITH_KNOTS('',3,(#2117,#2118,#2119,#2120,#2121,#2122,
#2123,#2124,#2125,#2126,#2127,#2128,#2129,#2130,#2131,#2132,#2133,#2134,
#2135,#2136,#2137,#2138,#2139,#2140,#2141,#2142,#2143,#2144,#2145,#2146,
#2147,#2148,#2149,#2150,#2151,#2152,#2153,#2154,#2155,#2156,#2157,#2158,
#2159,#2160,#2161,#2162,#2163,#2164,#2165,#2166,#2167,#2168,#2169,#2170,
#2171,#2172,#2173,#2174),.UNSPECIFIED.,.F.,.F.,(4,3,3,3,3,3,3,3,3,3,3,3,
3,3,3,3,3,3,3,4),(9.87207459425077E-11,0.0683076850399107,0.135303457311354,
0.200266465730414,0.25,0.3125,0.373681136936413,0.436840568468206,0.496235630302391,
0.5,0.557746506735681,0.614641783706982,0.67110831153472,0.727048730483037,
0.75,0.806852282736216,0.863249451520891,0.919410066443526,0.975278841496956,
1.),.UNSPECIFIED.);
#41=B_SPLINE_CURVE_WITH_KNOTS('',2,(#2186,#2187,#2188),.UNSPECIFIED.,.F.,
 .F.,(3,3),(0.,0.919520755306023),.UNSPECIFIED.);
#42=B_SPLINE_CURVE_WITH_KNOTS('',2,(#2202,#2203,#2204),.UNSPECIFIED.,.F.,
 .F.,(3,3),(-0.919520767500026,0.),.UNSPECIFIED.);
#43=B_SPLINE_CURVE_WITH_KNOTS('',3,(#2232,#2233,#2234,#2235,#2236,#2237),
 .UNSPECIFIED.,.F.,.F.,(4,2,4),(0.,0.00159193184355584,0.00318932143101733),
 .UNSPECIFIED.);
#44=B_SPLINE_CURVE_WITH_KNOTS('',3,(#2239,#2240,#2241,#2242,#2243,#2244),
 .UNSPECIFIED.,.F.,.F.,(4,2,4),(7.42381273603998E-6,0.262811113884427,0.518096689928562),
 .UNSPECIFIED.);
#45=B_SPLINE_CURVE_WITH_KNOTS('',3,(#2246,#2247,#2248,#2249,#2250,#2251),
 .UNSPECIFIED.,.F.,.F.,(4,2,4),(-0.00318374147210449,-0.00159588906746526,
-9.70920924866818E-6),.UNSPECIFIED.);
#46=B_SPLINE_CURVE_WITH_KNOTS('',3,(#2256,#2257,#2258,#2259,#2260,#2261,
#2262,#2263,#2264,#2265,#2266,#2267),.UNSPECIFIED.,.F.,.F.,(4,2,2,2,2,4),
(1.00006327122313E-6,0.0759049166115214,0.148033225676317,0.212552546222805,
0.283862568158248,0.29751404606126),.UNSPECIFIED.);
#47=B_SPLINE_CURVE_WITH_KNOTS('',3,(#2272,#2273,#2274,#2275,#2276,#2277,
#2278,#2279,#2280,#2281,#2282,#2283,#2284,#2285,#2286,#2287,#2288,#2289,
#2290,#2291,#2292,#2293,#2294,#2295,#2296,#2297,#2298,#2299,#2300,#2301,
#2302,#2303,#2304,#2305,#2306,#2307,#2308,#2309,#2310,#2311,#2312,#2313,
#2314,#2315,#2316,#2317,#2318,#2319,#2320,#2321,#2322,#2323),
 .UNSPECIFIED.,.F.,.F.,(4,3,3,3,3,3,3,3,3,3,3,3,3,3,3,3,3,4),(0.,0.0427926969937467,
0.0869660592749024,0.132633935393046,0.179927109479443,0.231171736557447,
0.283294483304107,0.337620592058789,0.394388200706902,0.453863099533018,
0.516323415300129,0.583603185447604,0.653979656833079,0.727084254546277,
0.802284746649074,0.877311250688753,0.95000535550918,0.999841142727514),
 .UNSPECIFIED.);
#48=B_SPLINE_CURVE_WITH_KNOTS('',3,(#2326,#2327,#2328,#2329,#2330,#2331,
#2332,#2333,#2334,#2335,#2336,#2337,#2338,#2339,#2340,#2341,#2342,#2343,
#2344,#2345,#2346,#2347,#2348,#2349,#2350,#2351,#2352,#2353,#2354,#2355,
#2356,#2357,#2358,#2359,#2360,#2361,#2362,#2363,#2364,#2365,#2366,#2367,
#2368,#2369,#2370,#2371,#2372,#2373,#2374,#2375,#2376,#2377),
 .UNSPECIFIED.,.F.,.F.,(4,3,3,3,3,3,3,3,3,3,3,3,3,3,3,3,3,4),(0.000111708736943687,
0.0746147180997603,0.150708986051738,0.226978879501825,0.301797561191413,
0.373911821709722,0.442713904959,0.508109954180391,0.569596209907842,0.62749606368862,
0.683036581640389,0.736435308902972,0.787884665828034,0.837552731925914,
0.884835902819688,0.930877628204653,0.975175542420054,1.),.UNSPECIFIED.);
#49=B_SPLINE_CURVE_WITH_KNOTS('',3,(#2381,#2382,#2383,#2384,#2385,#2386,
#2387,#2388,#2389,#2390,#2391,#2392,#2393,#2394),.UNSPECIFIED.,.F.,.F.,
(4,2,2,2,2,2,4),(2.52690552097423E-5,0.0246571006870466,0.0429896850665027,
0.0824321877219007,0.123354231267095,0.143584006705442,0.163815713309412),
 .UNSPECIFIED.);
#50=B_SPLINE_CURVE_WITH_KNOTS('',3,(#2398,#2399,#2400,#2401),
 .UNSPECIFIED.,.F.,.F.,(4,4),(0.639600622568753,0.91560726455748),
 .UNSPECIFIED.);
#51=B_SPLINE_CURVE_WITH_KNOTS('',3,(#2410,#2411,#2412,#2413,#2414,#2415,
#2416,#2417,#2418,#2419),.UNSPECIFIED.,.F.,.F.,(4,3,3,4),(0.,0.538976587897428,
0.999917655776498,0.999994817917446),.UNSPECIFIED.);
#52=B_SPLINE_CURVE_WITH_KNOTS('',3,(#2431,#2432,#2433,#2434),
 .UNSPECIFIED.,.F.,.F.,(4,4),(5.22472555981316E-8,1.),.UNSPECIFIED.);
#53=B_SPLINE_CURVE_WITH_KNOTS('',3,(#2436,#2437,#2438,#2439,#2440,#2441,
#2442,#2443,#2444,#2445,#2446,#2447,#2448,#2449,#2450,#2451,#2452,#2453,
#2454,#2455,#2456,#2457,#2458,#2459,#2460,#2461,#2462,#2463,#2464,#2465,
#2466,#2467,#2468,#2469,#2470,#2471,#2472,#2473,#2474,#2475,#2476,#2477,
#2478,#2479,#2480,#2481,#2482,#2483,#2484,#2485,#2486,#2487,#2488,#2489,
#2490,#2491,#2492,#2493,#2494,#2495,#2496,#2497,#2498,#2499,#2500,#2501,
#2502,#2503,#2504,#2505,#2506,#2507,#2508,#2509,#2510,#2511,#2512,#2513,
#2514,#2515,#2516,#2517,#2518,#2519,#2520,#2521,#2522,#2523,#2524,#2525,
#2526,#2527,#2528,#2529,#2530,#2531,#2532,#2533,#2534,#2535,#2536,#2537,
#2538,#2539,#2540,#2541,#2542,#2543,#2544,#2545,#2546,#2547,#2548,#2549,
#2550,#2551,#2552,#2553,#2554,#2555,#2556,#2557,#2558,#2559,#2560,#2561,
#2562,#2563,#2564,#2565,#2566,#2567,#2568,#2569,#2570,#2571,#2572,#2573,
#2574,#2575,#2576,#2577,#2578,#2579,#2580,#2581,#2582,#2583,#2584,#2585,
#2586,#2587,#2588,#2589,#2590,#2591,#2592),.UNSPECIFIED.,.F.,.F.,(4,3,3,
3,3,3,3,3,3,3,3,3,3,3,3,3,3,3,3,3,3,3,3,3,3,3,3,3,3,3,3,3,3,3,3,3,3,3,3,
3,3,3,3,3,3,3,3,3,3,3,3,3,4),(0.,0.0411518738151468,0.0625000000000033,
0.0937500000000049,0.109375000000006,0.117187500000007,0.122845472029927,
0.125000000000008,0.151320608150603,0.177369230999277,0.187500000000011,
0.211918875753443,0.218750000000013,0.234375000000014,0.242187500000014,
0.247501134085049,0.250000000000015,0.278716905952939,0.307736626082437,
0.312500000000023,0.34679347372339,0.375000000000031,0.41381677051978,0.437500000000039,
0.468750000000043,0.484375000000045,0.492187500000045,0.498000688566864,
0.500000000000046,0.542589145769165,0.583914505780304,0.625000000000059,
0.666635475438823,0.687500000000066,0.716061330302394,0.718750000000069,
0.734375000000071,0.742187500000072,0.746093750000073,0.748046875000073,
0.749023437500073,0.750000000000073,0.776101545304771,0.80154793237871,
0.826628581792552,0.851101440386448,0.875000000000036,0.899617963913425,
0.923637207865866,0.937500000000018,0.96203708093752,0.986027299384674,
1.),.UNSPECIFIED.);
#54=B_SPLINE_CURVE_WITH_KNOTS('',3,(#2598,#2599,#2600,#2601),
 .UNSPECIFIED.,.F.,.F.,(4,4),(0.,1.),.UNSPECIFIED.);
#55=B_SPLINE_CURVE_WITH_KNOTS('',3,(#2603,#2604,#2605,#2606,#2607,#2608,
#2609,#2610,#2611,#2612,#2613,#2614,#2615,#2616,#2617,#2618,#2619,#2620,
#2621,#2622,#2623,#2624),.UNSPECIFIED.,.F.,.F.,(4,2,2,2,2,2,2,2,2,2,4),
(5.49404301331487E-8,0.125,0.249999999999999,0.374999999999999,0.437499999999999,
0.468749999999999,0.499999999999999,0.624999999999999,0.749999999999999,
0.875,1.),.UNSPECIFIED.);
#56=B_SPLINE_CURVE_WITH_KNOTS('',3,(#4168,#4169,#4170,#4171,#4172,#4173,
#4174,#4175,#4176,#4177,#4178,#4179,#4180,#4181,#4182,#4183,#4184,#4185,
#4186,#4187,#4188,#4189,#4190,#4191,#4192,#4193,#4194,#4195,#4196,#4197,
#4198,#4199,#4200,#4201,#4202,#4203,#4204,#4205,#4206,#4207,#4208,#4209,
#4210,#4211,#4212,#4213,#4214,#4215,#4216,#4217,#4218,#4219,#4220,#4221,
#4222,#4223,#4224,#4225,#4226,#4227,#4228,#4229,#4230,#4231,#4232,#4233,
#4234,#4235,#4236,#4237,#4238,#4239,#4240,#4241,#4242,#4243,#4244,#4245,
#4246,#4247,#4248,#4249,#4250,#4251,#4252,#4253,#4254,#4255,#4256,#4257,
#4258,#4259,#4260,#4261,#4262,#4263,#4264,#4265,#4266,#4267,#4268,#4269,
#4270,#4271,#4272,#4273,#4274,#4275,#4276,#4277,#4278,#4279,#4280,#4281,
#4282,#4283,#4284,#4285,#4286,#4287,#4288,#4289,#4290,#4291,#4292,#4293,
#4294,#4295,#4296,#4297,#4298,#4299,#4300,#4301,#4302,#4303,#4304,#4305,
#4306,#4307,#4308,#4309,#4310,#4311,#4312,#4313,#4314,#4315,#4316,#4317,
#4318,#4319,#4320,#4321,#4322,#4323,#4324,#4325,#4326,#4327,#4328,#4329,
#4330,#4331,#4332,#4333,#4334,#4335,#4336,#4337,#4338,#4339,#4340,#4341,
#4342,#4343,#4344,#4345,#4346,#4347,#4348,#4349,#4350,#4351,#4352,#4353,
#4354,#4355,#4356,#4357,#4358,#4359,#4360,#4361,#4362,#4363,#4364,#4365,
#4366,#4367,#4368,#4369,#4370,#4371,#4372,#4373,#4374,#4375,#4376,#4377,
#4378,#4379,#4380,#4381,#4382,#4383,#4384,#4385,#4386,#4387,#4388,#4389,
#4390,#4391,#4392,#4393,#4394,#4395,#4396,#4397,#4398,#4399,#4400,#4401,
#4402,#4403,#4404,#4405,#4406,#4407,#4408,#4409,#4410,#4411,#4412,#4413,
#4414,#4415,#4416,#4417,#4418,#4419,#4420,#4421,#4422,#4423,#4424,#4425,
#4426,#4427,#4428,#4429,#4430,#4431,#4432,#4433,#4434,#4435,#4436,#4437,
#4438,#4439,#4440,#4441,#4442,#4443,#4444,#4445,#4446,#4447,#4448,#4449,
#4450),.UNSPECIFIED.,.F.,.F.,(4,3,3,3,3,3,3,3,3,3,3,3,3,3,3,3,3,3,3,3,3,
3,3,3,3,3,3,3,3,3,3,3,3,3,3,3,3,3,3,3,3,3,3,3,3,3,3,3,3,3,3,3,3,3,3,3,3,
3,3,3,3,3,3,3,3,3,3,3,3,3,3,3,3,3,3,3,3,3,3,3,3,3,3,3,3,3,3,3,3,3,3,3,3,
3,4),(0.,0.0312499999998009,0.0468749999997013,0.0546874999996515,0.0585937499996267,
0.0605468749996144,0.0615234374996079,0.0624999999996014,0.0752685450909951,
0.0781249999995035,0.0859374999994538,0.0898437499994286,0.0917968749994161,
0.0932617187494123,0.0937499999994133,0.109374999999435,0.117187499999445,
0.12109374999945,0.124999999999455,0.15880175676376,0.184513014789239,0.187499999999554,
0.216972511356218,0.218749999999604,0.234374999999628,0.24218749999964,
0.246093749999646,0.248046874999649,0.249999999999652,0.280983131049194,
0.311966262098736,0.312499999999718,0.343749999999752,0.359374999999769,
0.367187499999778,0.371093749999782,0.373046874999784,0.374999999999785,
0.399781898340002,0.4062499999998,0.421874999999807,0.42968749999981,0.433593749999812,
0.437499999999814,0.468749999999834,0.484374999999844,0.496093749999851,
0.499999999999853,0.545232959342618,0.562499999999888,0.593749999999905,
0.609374999999914,0.612923205855365,0.617187499999918,0.62109374999992,
0.624999999999922,0.653061069135627,0.65624999999994,0.671874999999949,
0.679687499999954,0.687499999999958,0.718749999999975,0.734374999999983,
0.742187499999987,0.746093749999989,0.74804687499999,0.74999999999999,0.769981020014132,
0.781250000000002,0.796875000000007,0.80468750000001,0.808593750000011,
0.812500000000012,0.82710574997106,0.835491257385315,0.843750000000024,
0.857921076506763,0.85937500000003,0.867187500000032,0.871093750000033,
0.873046875000034,0.874511718750034,0.875000000000034,0.88381045302138,
0.892916755174717,0.904733978187556,0.91727583322426,0.919457738315578,
0.927712181496126,0.937931238992496,0.950879640296916,0.967765532666859,
0.985948676604479,0.988871801722712,1.),.UNSPECIFIED.);
#57=B_SPLINE_CURVE_WITH_KNOTS('',3,(#4451,#4452,#4453,#4454,#4455,#4456),
 .UNSPECIFIED.,.F.,.F.,(4,1,1,4),(0.,0.334957282741214,0.7210500702872,
1.),.UNSPECIFIED.);
#58=B_SPLINE_CURVE_WITH_KNOTS('',3,(#4458,#4459,#4460,#4461,#4462,#4463,
#4464,#4465,#4466,#4467,#4468,#4469,#4470,#4471,#4472,#4473,#4474,#4475,
#4476,#4477,#4478,#4479,#4480,#4481,#4482,#4483,#4484,#4485,#4486,#4487,
#4488,#4489,#4490,#4491,#4492,#4493,#4494,#4495,#4496,#4497,#4498,#4499,
#4500,#4501,#4502,#4503,#4504,#4505,#4506,#4507,#4508,#4509,#4510,#4511,
#4512,#4513,#4514,#4515,#4516,#4517,#4518,#4519,#4520,#4521,#4522,#4523,
#4524,#4525,#4526,#4527,#4528,#4529,#4530,#4531,#4532,#4533,#4534,#4535,
#4536,#4537,#4538,#4539,#4540,#4541,#4542,#4543,#4544,#4545,#4546,#4547,
#4548,#4549,#4550,#4551,#4552,#4553,#4554,#4555,#4556,#4557,#4558,#4559,
#4560,#4561,#4562,#4563,#4564,#4565,#4566,#4567,#4568,#4569,#4570,#4571,
#4572,#4573,#4574,#4575,#4576,#4577,#4578,#4579,#4580,#4581,#4582,#4583,
#4584,#4585,#4586,#4587,#4588,#4589,#4590,#4591,#4592,#4593,#4594,#4595,
#4596,#4597,#4598,#4599,#4600,#4601,#4602,#4603,#4604,#4605,#4606,#4607,
#4608,#4609,#4610,#4611,#4612,#4613,#4614,#4615,#4616,#4617,#4618,#4619,
#4620,#4621,#4622,#4623,#4624,#4625,#4626,#4627,#4628,#4629,#4630,#4631,
#4632,#4633,#4634,#4635,#4636,#4637,#4638,#4639,#4640,#4641,#4642,#4643,
#4644,#4645,#4646,#4647,#4648,#4649,#4650,#4651,#4652,#4653,#4654,#4655,
#4656,#4657,#4658,#4659,#4660,#4661,#4662,#4663,#4664,#4665,#4666,#4667,
#4668),.UNSPECIFIED.,.F.,.F.,(4,3,3,3,3,3,3,3,3,3,3,3,3,3,3,3,3,3,3,3,3,
3,3,3,3,3,3,3,3,3,3,3,3,3,3,3,3,3,3,3,3,3,3,3,3,3,3,3,3,3,3,3,3,3,3,3,3,
3,3,3,3,3,3,3,3,3,3,3,3,3,4),(0.,0.00826057600663484,0.0168850059288049,
0.0257269819046359,0.0349314738180336,0.0413739635168489,0.0510455937856747,
0.061223678879527,0.0717408163475773,0.0826088434974594,0.0940228213199465,
0.10574376258546,0.117903088918188,0.125000000000004,0.141787297092754,
0.159126645702146,0.177044055139427,0.187162497175505,0.195587937425043,
0.224182463646889,0.230796283451272,0.249511718750007,0.250000000000007,
0.269177768275789,0.289018871039799,0.310514153279847,0.332375768070977,
0.355781268735812,0.374999999999994,0.402227362164926,0.408315263819584,
0.439254306474118,0.474700168934955,0.49999999999998,0.540562153337707,
0.572394705362752,0.591595898139163,0.619482192626321,0.624999999999966,
0.649594683079747,0.672608280797492,0.687499999999959,0.70788513879879,
0.718749999999956,0.734374999999954,0.742187499999953,0.746093749999953,
0.749511718749953,0.749999999999953,0.767849558133812,0.769828640377361,
0.787040750910525,0.803692919168436,0.819743324099526,0.835176958988489,
0.850000525181914,0.863937430091434,0.877370875025183,0.890330162617991,
0.902844725173512,0.914943061611241,0.92644531069466,0.937648141452134,
0.948908765471687,0.959459032562267,0.96016938949124,0.970240020778889,
0.98008743614386,0.99004371807193,0.999400209349106,1.),.UNSPECIFIED.);
#59=B_SPLINE_CURVE_WITH_KNOTS('',3,(#4673,#4674,#4675,#4676,#4677,#4678,
#4679,#4680,#4681,#4682,#4683,#4684,#4685,#4686,#4687,#4688,#4689,#4690,
#4691,#4692,#4693,#4694,#4695,#4696,#4697,#4698,#4699,#4700,#4701,#4702,
#4703,#4704,#4705,#4706,#4707,#4708,#4709,#4710,#4711,#4712,#4713,#4714,
#4715,#4716,#4717,#4718,#4719,#4720,#4721,#4722,#4723,#4724,#4725,#4726,
#4727,#4728,#4729,#4730,#4731,#4732,#4733,#4734,#4735,#4736,#4737,#4738,
#4739,#4740,#4741,#4742,#4743,#4744,#4745,#4746,#4747,#4748,#4749,#4750,
#4751,#4752,#4753,#4754,#4755,#4756,#4757,#4758,#4759,#4760,#4761,#4762,
#4763,#4764,#4765,#4766,#4767,#4768,#4769,#4770,#4771,#4772,#4773,#4774,
#4775,#4776,#4777,#4778,#4779,#4780,#4781,#4782,#4783,#4784,#4785,#4786,
#4787,#4788,#4789,#4790,#4791,#4792,#4793,#4794,#4795,#4796,#4797,#4798,
#4799,#4800,#4801,#4802,#4803,#4804,#4805,#4806,#4807,#4808,#4809,#4810,
#4811,#4812,#4813,#4814,#4815,#4816,#4817,#4818,#4819,#4820,#4821,#4822,
#4823,#4824,#4825,#4826,#4827,#4828,#4829,#4830,#4831,#4832,#4833,#4834,
#4835,#4836,#4837,#4838,#4839,#4840,#4841,#4842,#4843,#4844,#4845,#4846,
#4847,#4848,#4849,#4850,#4851,#4852,#4853,#4854,#4855,#4856,#4857,#4858,
#4859,#4860,#4861,#4862,#4863,#4864,#4865,#4866,#4867,#4868,#4869,#4870,
#4871,#4872,#4873,#4874,#4875,#4876,#4877,#4878,#4879,#4880,#4881,#4882,
#4883,#4884,#4885,#4886,#4887,#4888,#4889,#4890,#4891,#4892,#4893,#4894,
#4895,#4896,#4897,#4898,#4899,#4900,#4901,#4902,#4903,#4904,#4905,#4906,
#4907,#4908,#4909,#4910,#4911,#4912,#4913,#4914,#4915,#4916,#4917,#4918,
#4919,#4920,#4921,#4922,#4923,#4924,#4925,#4926,#4927,#4928,#4929,#4930,
#4931,#4932,#4933,#4934,#4935,#4936,#4937,#4938,#4939,#4940,#4941,#4942,
#4943,#4944,#4945,#4946,#4947,#4948,#4949,#4950,#4951,#4952,#4953,#4954,
#4955,#4956,#4957,#4958,#4959,#4960,#4961,#4962,#4963,#4964,#4965,#4966,
#4967,#4968,#4969,#4970,#4971,#4972,#4973,#4974,#4975,#4976,#4977,#4978,
#4979,#4980,#4981,#4982,#4983,#4984,#4985,#4986,#4987,#4988,#4989,#4990,
#4991,#4992,#4993,#4994,#4995,#4996,#4997,#4998,#4999,#5000,#5001,#5002,
#5003,#5004,#5005,#5006,#5007,#5008,#5009,#5010,#5011,#5012,#5013,#5014,
#5015,#5016,#5017,#5018,#5019,#5020,#5021,#5022,#5023,#5024,#5025,#5026,
#5027,#5028,#5029,#5030,#5031,#5032,#5033,#5034,#5035,#5036,#5037,#5038,
#5039,#5040,#5041,#5042,#5043,#5044,#5045,#5046,#5047,#5048,#5049,#5050,
#5051,#5052,#5053,#5054,#5055,#5056,#5057,#5058,#5059,#5060,#5061,#5062,
#5063),.UNSPECIFIED.,.F.,.F.,(4,3,3,3,3,3,3,3,3,3,3,3,3,3,3,3,3,3,3,3,3,
3,3,3,3,3,3,3,3,3,3,3,3,3,3,3,3,3,3,3,3,3,3,3,3,3,3,3,3,3,3,3,3,3,3,3,3,
3,3,3,3,3,3,3,3,3,3,3,3,3,3,3,3,3,3,3,3,3,3,3,3,3,3,3,3,3,3,3,3,3,3,3,3,
3,3,3,3,3,3,3,3,3,3,3,3,3,3,3,3,3,3,3,3,3,3,3,3,3,3,3,3,3,3,3,3,3,3,3,3,
3,4),(2.74854036126863E-9,0.0146399580069809,0.0306638155096741,0.0465819077548334,
0.0624999999999927,0.0632541954213682,0.0730349114969865,0.0773860463267272,
0.0882988937776241,0.093749999999989,0.107272163688489,0.109374999999987,
0.117187499999986,0.121093749999986,0.124023437499985,0.124999999999985,
0.136564788484605,0.140624999999982,0.148437499999981,0.15234374999998,
0.15429687499998,0.156249999999979,0.167131312026059,0.171874999999975,
0.179687499999973,0.187011718749971,0.187499999999971,0.196445247198707,
0.201885081110921,0.212931441469654,0.218749999999969,0.22798862670038,
0.234374999999967,0.242187499999967,0.246093749999966,0.249511718749966,
0.249999999999966,0.263215936107581,0.281249999999968,0.290900825702949,
0.296874999999969,0.30468749999997,0.30859374999997,0.31054687499997,0.31201171874997,
0.312499999999971,0.32137152018019,0.328395073470914,0.340404646665354,
0.343749999999974,0.358298291215501,0.359374999999975,0.367187499999976,
0.371093749999977,0.374999999999977,0.387491612823475,0.404491094389726,
0.421542514289647,0.437499999999984,0.445760812377617,0.462634713200773,
0.468749999999987,0.484374999999989,0.49218749999999,0.49609374999999,0.499023437499991,
0.499999999999991,0.522680571573783,0.542221590191572,0.558858545029479,
0.576448093721657,0.577997365281568,0.592975299380246,0.609484691703523,
0.625000000000007,0.640625000000009,0.642578125000009,0.64453125000001,
0.64843750000001,0.656250000000011,0.676279321946467,0.687500000000013,
0.692880043161743,0.706923232071894,0.719646010530971,0.720966420982045,
0.735483210491032,0.748915281691292,0.750000000000019,0.764269557655892,
0.77170637672084,0.781250000000021,0.788132241043343,0.795022356651522,
0.796875000000023,0.80847084816884,0.812500000000024,0.821632390964393,
0.828125000000026,0.835937500000026,0.837658924953267,0.838867187500026,
0.839843750000026,0.843750000000026,0.8509260145736,0.858492273456638,0.859375000000023,
0.865234375000023,0.866210937500023,0.867187500000022,0.875000000000021,
0.882907661702917,0.889418990618448,0.890625000000018,0.892988982388371,
0.894531250000018,0.898437500000017,0.906250000000016,0.915092984431831,
0.927222069956136,0.937500000000011,0.94531250000001,0.94726562500001,0.949218750000009,
0.953125000000008,0.965650858415451,0.968750000000006,0.971615520765143,
0.985807645965218,0.998146222263035,0.999999771165292),.UNSPECIFIED.);
#60=B_SPLINE_CURVE_WITH_KNOTS('',3,(#5066,#5067,#5068,#5069,#5070,#5071,
#5072,#5073,#5074,#5075,#5076,#5077,#5078,#5079,#5080,#5081,#5082,#5083,
#5084,#5085,#5086,#5087,#5088,#5089,#5090,#5091,#5092,#5093,#5094,#5095,
#5096,#5097,#5098,#5099,#5100,#5101,#5102,#5103,#5104,#5105,#5106,#5107,
#5108,#5109,#5110,#5111,#5112,#5113,#5114,#5115,#5116,#5117,#5118,#5119,
#5120,#5121,#5122,#5123,#5124,#5125,#5126,#5127,#5128,#5129,#5130,#5131,
#5132,#5133,#5134,#5135,#5136,#5137,#5138,#5139,#5140,#5141,#5142,#5143,
#5144,#5145,#5146,#5147,#5148,#5149,#5150,#5151,#5152,#5153),
 .UNSPECIFIED.,.F.,.F.,(4,3,3,3,3,3,3,3,3,3,3,3,3,3,3,3,3,3,3,3,3,3,3,3,
3,3,3,3,3,4),(7.0009038239452E-15,0.011968691452311,0.0243678382625742,
0.0372334882797627,0.0506069896197893,0.0648274913993181,0.0796697361394516,
0.095199669301043,0.111493243375634,0.128635008318121,0.147191762067439,
0.166700143419311,0.187119239814805,0.208453479895239,0.229915701011708,
0.250854993237751,0.264289167289288,0.313940414713305,0.364949350775685,
0.418069393674417,0.439118753816394,0.493485399950834,0.550075783496651,
0.610246639628077,0.672767502104541,0.737663739062697,0.806047625695932,
0.876121368919915,0.948033222831278,1.),.UNSPECIFIED.);
#61=B_SPLINE_CURVE_WITH_KNOTS('',3,(#5155,#5156,#5157,#5158,#5159,#5160,
#5161,#5162,#5163,#5164,#5165,#5166,#5167,#5168,#5169,#5170,#5171,#5172,
#5173,#5174,#5175,#5176,#5177,#5178,#5179,#5180,#5181,#5182,#5183,#5184,
#5185,#5186,#5187,#5188,#5189,#5190,#5191,#5192,#5193,#5194,#5195,#5196,
#5197,#5198,#5199,#5200,#5201,#5202,#5203,#5204,#5205,#5206,#5207,#5208,
#5209),.UNSPECIFIED.,.F.,.F.,(4,3,3,3,3,3,3,3,3,3,3,3,3,3,3,3,3,3,4),(0.,
0.0686001969247399,0.139784759810185,0.208782513010182,0.25000000000002,
0.322131031487169,0.375000000000026,0.437500000000029,0.468750000000019,
0.484375000000013,0.500000000000007,0.589311319920258,0.682813783072945,
0.774243695449382,0.837214524062091,0.896289876091355,0.948144937866863,
0.99466732262234,0.999999999642371),.UNSPECIFIED.);
#62=B_SPLINE_CURVE_WITH_KNOTS('',3,(#5211,#5212,#5213,#5214,#5215,#5216,
#5217,#5218,#5219,#5220,#5221,#5222,#5223,#5224,#5225,#5226,#5227,#5228,
#5229,#5230,#5231,#5232,#5233,#5234,#5235,#5236,#5237,#5238,#5239,#5240,
#5241,#5242,#5243,#5244,#5245,#5246,#5247,#5248,#5249,#5250,#5251,#5252,
#5253,#5254,#5255,#5256,#5257,#5258,#5259,#5260,#5261,#5262,#5263,#5264,
#5265,#5266,#5267,#5268,#5269,#5270,#5271,#5272,#5273,#5274,#5275,#5276,
#5277,#5278,#5279,#5280,#5281,#5282,#5283,#5284,#5285,#5286,#5287,#5288,
#5289,#5290,#5291,#5292,#5293,#5294,#5295,#5296,#5297,#5298,#5299,#5300,
#5301,#5302,#5303,#5304,#5305,#5306,#5307,#5308,#5309,#5310,#5311,#5312,
#5313,#5314,#5315,#5316,#5317,#5318,#5319,#5320,#5321,#5322,#5323,#5324,
#5325),.UNSPECIFIED.,.F.,.F.,(4,3,3,3,3,3,3,3,3,3,3,3,3,3,3,3,3,3,3,3,3,
3,3,3,3,3,3,3,3,3,3,3,3,3,3,3,3,3,4),(0.,0.0329271361377906,0.0717939146309251,
0.100428214058239,0.124999999999745,0.148689576941285,0.173029200828187,
0.187499999999617,0.213574034525481,0.218749999999554,0.234374999999523,
0.242187499999507,0.246093749999498,0.248046874999493,0.249999999999487,
0.277854824843211,0.303681846567726,0.347453343238734,0.374999999999271,
0.426435454927059,0.437499999999164,0.468749999999113,0.484374999999088,
0.49218749999908,0.499999999999071,0.574320372679435,0.624999999998943,
0.687499999998878,0.718749999998851,0.734374999998837,0.742187499998825,
0.746093749998819,0.749999999998813,0.773058729696547,0.829792410584096,
0.877836670223608,0.923149255526973,0.967812416719784,0.999993453246743),
 .UNSPECIFIED.);
#63=B_SPLINE_CURVE_WITH_KNOTS('',3,(#5327,#5328,#5329,#5330,#5331,#5332,
#5333,#5334,#5335,#5336,#5337),.UNSPECIFIED.,.F.,.F.,(4,2,1,2,2,4),(0.,
0.250000000000002,0.375000000000003,0.437500000000003,0.500000000000004,
1.),.UNSPECIFIED.);
#64=B_SPLINE_CURVE_WITH_KNOTS('',3,(#5338,#5339,#5340,#5341,#5342,#5343,
#5344,#5345,#5346,#5347,#5348,#5349,#5350,#5351,#5352,#5353,#5354,#5355,
#5356,#5357,#5358,#5359,#5360,#5361,#5362,#5363,#5364,#5365,#5366,#5367,
#5368,#5369,#5370,#5371,#5372,#5373,#5374,#5375,#5376,#5377,#5378,#5379,
#5380),.UNSPECIFIED.,.F.,.F.,(4,3,3,3,3,3,3,3,3,3,3,3,3,3,4),(0.,0.120188773329354,
0.240463949852016,0.361108932107983,0.374999999999969,0.437499999999967,
0.468749999999969,0.48437499999997,0.497866403132122,0.499999999999971,
0.60945174908902,0.718800637659643,0.828069489656709,0.937213051993067,
1.),.UNSPECIFIED.);
#65=B_SPLINE_CURVE_WITH_KNOTS('',3,(#5383,#5384,#5385,#5386,#5387,#5388,
#5389,#5390,#5391,#5392,#5393,#5394,#5395,#5396,#5397,#5398,#5399,#5400,
#5401,#5402,#5403,#5404,#5405,#5406,#5407,#5408,#5409,#5410,#5411,#5412,
#5413,#5414,#5415,#5416,#5417,#5418,#5419,#5420,#5421,#5422,#5423,#5424,
#5425,#5426,#5427,#5428,#5429,#5430,#5431,#5432,#5433,#5434,#5435,#5436,
#5437,#5438,#5439,#5440,#5441,#5442,#5443,#5444,#5445,#5446,#5447,#5448,
#5449,#5450,#5451,#5452,#5453,#5454,#5455,#5456,#5457,#5458,#5459,#5460,
#5461,#5462,#5463,#5464,#5465,#5466,#5467,#5468,#5469,#5470),
 .UNSPECIFIED.,.F.,.F.,(4,3,3,3,3,3,3,3,3,3,3,3,3,3,3,3,3,3,3,3,3,3,3,3,
3,3,3,3,3,4),(0.,0.056205355043207,0.113778376982998,0.174652038964935,
0.232022394629821,0.288027151083771,0.342217692911806,0.394354628362563,
0.445957889481546,0.492811756505083,0.537977175590283,0.580773313300451,
0.600767672838494,0.641459630206169,0.680722209376924,0.718644334413357,
0.755309828687226,0.790797265911596,0.824618794236844,0.857584403859202,
0.889244281878766,0.917725817175732,0.929813755219223,0.941527964009987,
0.952747906778472,0.963436828193445,0.973351404133746,0.982875702361757,
0.991823072571413,1.),.UNSPECIFIED.);
#66=B_SPLINE_CURVE_WITH_KNOTS('',3,(#5472,#5473,#5474,#5475,#5476,#5477,
#5478,#5479,#5480,#5481,#5482,#5483,#5484,#5485,#5486,#5487,#5488,#5489,
#5490,#5491,#5492,#5493,#5494,#5495,#5496),.UNSPECIFIED.,.F.,.F.,(4,3,3,
3,3,3,3,3,4),(0.,0.181715427275793,0.290604651532208,0.471810766207282,
0.5,0.577219367115127,0.759451140646302,0.941356079708172,0.999996393257443),
 .UNSPECIFIED.);
#67=B_SPLINE_CURVE_WITH_KNOTS('',3,(#5497,#5498,#5499,#5500,#5501,#5502,
#5503,#5504,#5505,#5506,#5507,#5508,#5509,#5510,#5511,#5512,#5513,#5514,
#5515,#5516,#5517,#5518,#5519,#5520,#5521,#5522,#5523,#5524,#5525,#5526,
#5527,#5528,#5529,#5530,#5531,#5532,#5533,#5534,#5535,#5536,#5537,#5538,
#5539,#5540,#5541,#5542,#5543,#5544,#5545,#5546,#5547,#5548,#5549,#5550,
#5551,#5552,#5553,#5554,#5555,#5556,#5557,#5558,#5559,#5560,#5561,#5562,
#5563,#5564,#5565,#5566,#5567,#5568,#5569,#5570,#5571,#5572,#5573,#5574,
#5575,#5576,#5577,#5578,#5579,#5580,#5581,#5582,#5583,#5584,#5585,#5586,
#5587,#5588,#5589,#5590,#5591,#5592,#5593,#5594,#5595,#5596,#5597,#5598,
#5599,#5600,#5601,#5602,#5603,#5604,#5605,#5606,#5607,#5608,#5609,#5610,
#5611,#5612,#5613,#5614,#5615,#5616,#5617,#5618,#5619,#5620,#5621,#5622,
#5623,#5624,#5625,#5626,#5627,#5628,#5629,#5630,#5631,#5632,#5633,#5634,
#5635,#5636,#5637,#5638,#5639,#5640,#5641,#5642,#5643,#5644,#5645,#5646,
#5647,#5648,#5649,#5650,#5651,#5652,#5653,#5654,#5655,#5656,#5657,#5658,
#5659,#5660,#5661,#5662,#5663,#5664,#5665,#5666,#5667,#5668,#5669,#5670,
#5671,#5672,#5673,#5674,#5675,#5676,#5677,#5678,#5679,#5680,#5681,#5682,
#5683,#5684,#5685,#5686,#5687,#5688,#5689,#5690,#5691,#5692,#5693,#5694,
#5695,#5696,#5697,#5698,#5699,#5700,#5701,#5702,#5703,#5704,#5705,#5706,
#5707,#5708,#5709,#5710,#5711,#5712,#5713,#5714,#5715,#5716),
 .UNSPECIFIED.,.F.,.F.,(4,3,3,3,3,3,3,3,3,3,3,3,3,3,3,3,3,3,3,3,3,3,3,3,
3,3,3,3,3,3,3,3,3,3,3,3,3,3,3,3,3,3,3,3,3,3,3,3,3,3,3,3,3,3,3,3,3,3,3,3,
3,3,3,3,3,3,3,3,3,3,3,3,3,4),(0.,0.0117389865252701,0.025896613209601,0.0396370636406436,
0.0543112562592672,0.0705880875482847,0.091189630384153,0.124999999999917,
0.142571680849786,0.174993274435856,0.209038574964499,0.245152714844641,
0.249999999999835,0.281249999999814,0.294392908344308,0.296874999999818,
0.312499999999822,0.328187401694946,0.34378977230182,0.359392142908694,
0.374999999999837,0.376953124999836,0.377929687499837,0.378906249999837,
0.382812499999837,0.390624999999835,0.405413237210419,0.406249999999831,
0.437499999999824,0.469807575927095,0.49999999999981,0.529039624892335,
0.53312384088382,0.54685732036724,0.566014239806517,0.579959678042942,0.589330520155627,
0.60208086304726,0.621203776701313,0.624999999999782,0.636774123842495,
0.640624999999778,0.642280964681536,0.644531249999777,0.646484374999778,
0.648437499999779,0.656249999999785,0.678569620986933,0.687499999999804,
0.709650414529083,0.730436843246219,0.749999999999839,0.768982616410457,
0.784401234790186,0.798450617395031,0.811071730298948,0.812499999999875,
0.820312499999878,0.822265624999879,0.823884833588893,0.82421874999988,
0.828124999999883,0.835904575294562,0.843749999999894,0.860030903643998,
0.874999999999916,0.890270607424469,0.907460941831976,0.927082058190648,
0.942137242074499,0.957215847197038,0.973554373638786,0.985945407266664,
0.999999988250777),.UNSPECIFIED.);
#68=B_SPLINE_CURVE_WITH_KNOTS('',3,(#5719,#5720,#5721,#5722,#5723,#5724,
#5725,#5726,#5727,#5728,#5729,#5730,#5731,#5732),.UNSPECIFIED.,.F.,.F.,
(4,2,2,2,2,2,4),(-0.331246790819079,-0.267577752653396,-0.224159115441149,
-0.166781728132624,-0.0989586878887413,-0.0456062537379411,-9.99999860743507E-7),
 .UNSPECIFIED.);
#69=B_SPLINE_CURVE_WITH_KNOTS('',3,(#5735,#5736,#5737,#5738,#5739,#5740,
#5741,#5742,#5743,#5744,#5745,#5746,#5747,#5748,#5749,#5750,#5751,#5752,
#5753,#5754,#5755,#5756,#5757,#5758,#5759,#5760,#5761,#5762,#5763,#5764,
#5765,#5766,#5767,#5768,#5769,#5770,#5771,#5772,#5773,#5774,#5775,#5776,
#5777,#5778,#5779,#5780),.UNSPECIFIED.,.F.,.F.,(4,2,2,2,2,1,2,2,2,2,2,2,
1,2,2,2,2,2,1,1,1,1,2,2,2,4),(3.77827562129639E-9,0.124999999999969,0.187499999999954,
0.218749999999946,0.234374999999942,0.242187499999941,0.24609374999994,
0.249999999999939,0.374999999999911,0.437499999999896,0.468749999999888,
0.484374999999885,0.492187499999883,0.496093749999882,0.499999999999881,
0.62499999999986,0.68749999999985,0.718749999999844,0.73437499999984,0.742187499999838,
0.746093749999838,0.748046874999837,0.749023437499838,0.749999999999838,
0.874999999999919,0.999997295913004),.UNSPECIFIED.);
#70=B_SPLINE_CURVE_WITH_KNOTS('',3,(#5782,#5783,#5784,#5785,#5786,#5787,
#5788,#5789,#5790,#5791,#5792,#5793,#5794,#5795,#5796,#5797,#5798,#5799,
#5800,#5801,#5802,#5803,#5804,#5805,#5806,#5807,#5808,#5809,#5810,#5811,
#5812,#5813,#5814,#5815,#5816,#5817,#5818,#5819,#5820,#5821,#5822,#5823,
#5824,#5825,#5826,#5827,#5828,#5829,#5830,#5831,#5832,#5833,#5834,#5835,
#5836),.UNSPECIFIED.,.F.,.F.,(4,3,3,3,3,3,3,3,3,3,3,3,3,3,3,3,3,3,4),(0.,
0.12500000000004,0.187500000000061,0.218750000000072,0.234375000000076,
0.242187500000077,0.246093750000077,0.250000000000078,0.375000000000088,
0.437500000000092,0.468750000000094,0.484375000000094,0.492187500000095,
0.496093750000094,0.500000000000093,0.625000000000069,0.687500000000058,
0.750000000000047,1.),.UNSPECIFIED.);
#71=B_SPLINE_CURVE_WITH_KNOTS('',3,(#5840,#5841,#5842,#5843,#5844,#5845,
#5846,#5847,#5848,#5849,#5850,#5851,#5852,#5853),.UNSPECIFIED.,.F.,.F.,
(4,2,2,2,2,2,4),(-0.138872049857858,-0.111313938553587,-0.0885087589175355,
-0.0683041965793081,-0.0443370666826819,-0.0244237697102615,-9.99961148674271E-7),
 .UNSPECIFIED.);
#72=B_SPLINE_CURVE_WITH_KNOTS('',3,(#5857,#5858,#5859,#5860,#5861,#5862,
#5863,#5864,#5865,#5866,#5867,#5868),.UNSPECIFIED.,.F.,.F.,(4,2,2,2,2,4),
(-0.12984211564829,-0.116365156257376,-0.10581037612909,-0.0870058606167303,
-0.0647199413813302,-9.99995013434285E-7),.UNSPECIFIED.);
#73=B_SPLINE_CURVE_WITH_KNOTS('',3,(#5869,#5870,#5871,#5872,#5873,#5874,
#5875),.UNSPECIFIED.,.F.,.F.,(4,3,4),(4.16069391786525E-6,0.00163379854758848,
0.00325609518420791),.UNSPECIFIED.);
#74=B_SPLINE_CURVE_WITH_KNOTS('',3,(#5912,#5913,#5914,#5915,#5916,#5917,
#5918,#5919,#5920,#5921,#5922,#5923,#5924),.UNSPECIFIED.,.F.,.F.,(4,3,3,
3,4),(0.,0.241899666615934,0.528718858864923,0.568932665055005,1.),
 .UNSPECIFIED.);
#75=B_SPLINE_CURVE_WITH_KNOTS('',3,(#5926,#5927,#5928,#5929),
 .UNSPECIFIED.,.F.,.F.,(4,4),(3.05381126715952E-8,1.),.UNSPECIFIED.);
#76=B_SPLINE_CURVE_WITH_KNOTS('',3,(#5980,#5981,#5982,#5983,#5984,#5985,
#5986,#5987,#5988,#5989,#5990,#5991,#5992,#5993,#5994,#5995),
 .UNSPECIFIED.,.F.,.F.,(4,3,3,3,3,4),(0.,0.378667364862214,0.5,0.568936947995033,
0.836042794164574,1.),.UNSPECIFIED.);
#77=B_SPLINE_CURVE_WITH_KNOTS('',3,(#6031,#6032,#6033,#6034,#6035,#6036,
#6037),.UNSPECIFIED.,.F.,.F.,(4,3,4),(1.30981644561743E-8,0.560941440077899,
1.),.UNSPECIFIED.);
#78=B_SPLINE_CURVE_WITH_KNOTS('',3,(#6054,#6055,#6056,#6057,#6058,#6059,
#6060,#6061,#6062,#6063,#6064,#6065,#6066,#6067,#6068,#6069,#6070,#6071,
#6072,#6073,#6074,#6075,#6076,#6077,#6078,#6079,#6080,#6081,#6082,#6083,
#6084,#6085,#6086,#6087,#6088,#6089,#6090,#6091,#6092,#6093,#6094,#6095,
#6096,#6097,#6098,#6099,#6100,#6101,#6102,#6103,#6104,#6105,#6106,#6107,
#6108,#6109,#6110,#6111,#6112,#6113,#6114,#6115,#6116,#6117,#6118,#6119,
#6120,#6121,#6122,#6123,#6124,#6125,#6126,#6127,#6128,#6129,#6130,#6131,
#6132,#6133,#6134,#6135,#6136,#6137,#6138,#6139,#6140,#6141,#6142,#6143,
#6144,#6145,#6146,#6147,#6148,#6149,#6150,#6151,#6152,#6153,#6154,#6155,
#6156,#6157,#6158,#6159,#6160,#6161,#6162,#6163,#6164,#6165,#6166,#6167,
#6168,#6169,#6170,#6171,#6172,#6173,#6174,#6175,#6176,#6177,#6178,#6179,
#6180,#6181,#6182,#6183,#6184,#6185,#6186,#6187,#6188,#6189,#6190,#6191,
#6192,#6193,#6194,#6195,#6196,#6197,#6198,#6199,#6200,#6201,#6202,#6203,
#6204,#6205,#6206,#6207,#6208,#6209,#6210,#6211,#6212,#6213,#6214,#6215,
#6216,#6217,#6218,#6219,#6220,#6221,#6222,#6223,#6224,#6225,#6226,#6227,
#6228,#6229,#6230,#6231,#6232,#6233,#6234,#6235,#6236,#6237,#6238,#6239,
#6240,#6241,#6242,#6243,#6244,#6245,#6246,#6247,#6248,#6249,#6250,#6251,
#6252,#6253,#6254,#6255,#6256,#6257,#6258,#6259,#6260,#6261,#6262,#6263,
#6264,#6265,#6266,#6267,#6268,#6269,#6270,#6271,#6272,#6273,#6274,#6275,
#6276),.UNSPECIFIED.,.F.,.F.,(4,3,3,3,3,3,3,3,3,3,3,3,3,3,3,3,3,3,3,3,3,
3,3,3,3,3,3,3,3,3,3,3,3,3,3,3,3,3,3,3,3,3,3,3,3,3,3,3,3,3,3,3,3,3,3,3,3,
3,3,3,3,3,3,3,3,3,3,3,3,3,3,3,3,3,4),(2.53125505075827E-6,0.0403782972489286,
0.0624999999998712,0.0703124999998553,0.0712890624998533,0.0722656249998513,
0.0742187499998463,0.0781249999998362,0.0937499999997969,0.124999999999719,
0.140624999999681,0.142578124999677,0.144531249999673,0.148437499999665,
0.156249999999651,0.187499999999594,0.235638718255478,0.249999999999481,
0.281249999999424,0.285156249999416,0.286132812499415,0.287109374999413,
0.28906249999941,0.296874999999396,0.312499999999368,0.374999999999259,
0.390624999999231,0.406249999999203,0.437499999999147,0.445312499999133,
0.453124999999119,0.468749999999092,0.484374999999065,0.492187499999051,
0.496093749999044,0.498046874999041,0.499023437499039,0.499511718749038,
0.499999999999037,0.533912789218185,0.562499999998955,0.593749999998913,
0.609374999998891,0.61718749999888,0.621093749998875,0.623046874998875,
0.624511718748877,0.624999999998878,0.66088299444141,0.687499999998951,
0.718749999998987,0.734374999999005,0.742187499999014,0.746093749999018,
0.74804687499902,0.749023437499022,0.749511718749023,0.749999999999024,
0.765059463078331,0.781249999999092,0.796874999999125,0.804687499999142,
0.808593749999151,0.810546874999155,0.811523437499156,0.812011718749158,
0.812499999999159,0.871866288495712,0.87499999999944,0.90624999999958,0.931541751256167,
0.93749999999972,0.96874999999986,0.985717268260157,0.999998253598247),
 .UNSPECIFIED.);
#79=B_SPLINE_CURVE_WITH_KNOTS('',3,(#10267,#10268,#10269,#10270,#10271,
#10272,#10273,#10274,#10275,#10276,#10277,#10278),.UNSPECIFIED.,.F.,.F.,
(4,2,2,2,2,4),(-0.126596328876951,-0.108693786588685,-0.0979163296128338,
-0.0747952101262385,-0.0279900073929497,0.),.UNSPECIFIED.);
#80=B_SPLINE_CURVE_WITH_KNOTS('',3,(#10282,#10283,#10284,#10285,#10286,
#10287,#10288,#10289,#10290,#10291,#10292,#10293,#10294,#10295,#10296,#10297,
#10298,#10299,#10300,#10301,#10302,#10303,#10304,#10305,#10306,#10307,#10308,
#10309),.UNSPECIFIED.,.F.,.F.,(4,2,2,2,2,2,2,2,2,2,2,2,2,4),(-0.0520016771641855,
-0.051316291734287,-0.0500621486599075,-0.0461727166404386,-0.0427104548870569,
-0.0307608583855894,-0.0178078698787405,-0.0131454271066585,-0.00974397315756877,
-0.00727376965174243,-0.0037522337701849,-0.00208952626881816,-0.00128618962745022,
-1.07038485634405E-5),.UNSPECIFIED.);
#81=B_SPLINE_CURVE_WITH_KNOTS('',3,(#10310,#10311,#10312,#10313,#10314,
#10315,#10316,#10317,#10318,#10319,#10320,#10321,#10322,#10323,#10324,#10325),
 .UNSPECIFIED.,.F.,.F.,(4,2,2,2,2,2,2,4),(-0.0830312823420766,-0.0594652520580031,
-0.0402628809888981,-0.0210684160596155,-0.0112509827678361,-0.00634726468077859,
-0.00389634349240816,-0.000195327788945052),.UNSPECIFIED.);
#82=B_SPLINE_CURVE_WITH_KNOTS('',3,(#10421,#10422,#10423,#10424),
 .UNSPECIFIED.,.F.,.F.,(4,4),(-0.915607267677637,-0.636153600695525),
 .UNSPECIFIED.);
#83=B_SPLINE_CURVE_WITH_KNOTS('',3,(#10430,#10431,#10432,#10433),
 .UNSPECIFIED.,.F.,.F.,(4,4),(5.45607093599768E-10,0.276004349182572),
 .UNSPECIFIED.);
#84=B_SPLINE_CURVE_WITH_KNOTS('',2,(#10441,#10442,#10443),.UNSPECIFIED.,
 .F.,.F.,(3,3),(0.,0.919520767500026),.UNSPECIFIED.);
#85=B_SPLINE_CURVE_WITH_KNOTS('',3,(#10461,#10462,#10463,#10464),
 .UNSPECIFIED.,.F.,.F.,(4,4),(-0.915607264563655,-0.636153599896973),
 .UNSPECIFIED.);
#86=B_SPLINE_CURVE_WITH_KNOTS('',2,(#10468,#10469,#10470),.UNSPECIFIED.,
 .F.,.F.,(3,3),(0.0804792446939779,1.),.UNSPECIFIED.);
#87=B_SPLINE_CURVE_WITH_KNOTS('',3,(#10495,#10496,#10497,#10498,#10499,
#10500,#10501,#10502,#10503,#10504,#10505,#10506,#10507,#10508),
 .UNSPECIFIED.,.F.,.F.,(4,2,2,2,2,2,4),(8.556679502472E-7,0.0158623739793662,
0.0411004367978464,0.0536796393453519,0.0631718769582556,0.0730258545010153,
0.082184783433782),.UNSPECIFIED.);
#88=B_SPLINE_CURVE_WITH_KNOTS('',3,(#10511,#10512,#10513,#10514,#10515,
#10516,#10517,#10518,#10519,#10520,#10521,#10522,#10523,#10524),
 .UNSPECIFIED.,.F.,.F.,(4,2,2,2,2,2,4),(-0.0827266853154209,-0.0668849526588319,
-0.041363383621599,-0.0287178116020629,-0.0191965155264228,-0.00933518471412962,
0.),.UNSPECIFIED.);
#89=B_SPLINE_CURVE_WITH_KNOTS('',3,(#10531,#10532,#10533,#10534,#10535,
#10536,#10537,#10538,#10539,#10540,#10541,#10542),.UNSPECIFIED.,.F.,.F.,
(4,2,2,2,2,4),(1.08180131708347E-7,0.00624166636027655,0.0128700089368858,
0.0314379448814278,0.10794648523342,0.217951955326764),.UNSPECIFIED.);
#90=B_SPLINE_CURVE_WITH_KNOTS('',3,(#10544,#10545,#10546,#10547,#10548,
#10549,#10550,#10551,#10552,#10553,#10554,#10555),.UNSPECIFIED.,.F.,.F.,
(4,2,2,2,2,4),(0.,0.0817207040950763,0.176965940877589,0.207146620668323,
0.21793006940762,0.228122461709977),.UNSPECIFIED.);
#91=B_SPLINE_CURVE_WITH_KNOTS('',3,(#10600,#10601,#10602,#10603),
 .UNSPECIFIED.,.F.,.F.,(4,4),(0.,1.),.UNSPECIFIED.);
#92=B_SPLINE_CURVE_WITH_KNOTS('',3,(#10605,#10606,#10607,#10608),
 .UNSPECIFIED.,.F.,.F.,(4,4),(0.,1.),.UNSPECIFIED.);
#93=B_SPLINE_CURVE_WITH_KNOTS('',3,(#10610,#10611,#10612,#10613,#10614,
#10615),.UNSPECIFIED.,.F.,.F.,(4,1,1,4),(0.,0.285714285714283,0.571428571428571,
1.),.UNSPECIFIED.);
#94=B_SPLINE_CURVE_WITH_KNOTS('',3,(#10618,#10619,#10620,#10621,#10622),
 .UNSPECIFIED.,.F.,.F.,(4,1,4),(0.,0.571428568927017,1.),.UNSPECIFIED.);
#95=B_SPLINE_CURVE_WITH_KNOTS('',3,(#10628,#10629,#10630,#10631),
 .UNSPECIFIED.,.F.,.F.,(4,4),(-0.0899906622080812,0.154337235624178),
 .UNSPECIFIED.);
#96=B_SPLINE_CURVE_WITH_KNOTS('',3,(#10662,#10663,#10664,#10665,#10666),
 .UNSPECIFIED.,.F.,.F.,(4,1,4),(0.,0.428571428571429,1.),.UNSPECIFIED.);
#97=B_SPLINE_CURVE_WITH_KNOTS('',3,(#10692,#10693,#10694,#10695,#10696,
#10697),.UNSPECIFIED.,.F.,.F.,(4,1,1,4),(0.,0.428571428571429,0.714285714285714,
1.),.UNSPECIFIED.);
#98=B_SPLINE_CURVE_WITH_KNOTS('',3,(#10700,#10701,#10702,#10703,#10704,
#10705),.UNSPECIFIED.,.F.,.F.,(4,1,1,4),(0.,0.42857142864866,0.71428571432433,
1.),.UNSPECIFIED.);
#99=B_SPLINE_CURVE_WITH_KNOTS('',3,(#10737,#10738,#10739,#10740,#10741),
 .UNSPECIFIED.,.F.,.F.,(4,1,4),(0.,0.42857142857135,1.),.UNSPECIFIED.);
#100=B_SPLINE_CURVE_WITH_KNOTS('',3,(#10742,#10743,#10744,#10745,#10746),
 .UNSPECIFIED.,.F.,.F.,(4,1,4),(0.,0.428571428571429,1.),.UNSPECIFIED.);
#101=B_SPLINE_CURVE_WITH_KNOTS('',3,(#10767,#10768,#10769,#10770),
 .UNSPECIFIED.,.F.,.F.,(4,4),(-0.154337052561064,0.0899903465613908),
 .UNSPECIFIED.);
#102=B_SPLINE_CURVE_WITH_KNOTS('',3,(#10807,#10808,#10809,#10810,#10811,
#10812,#10813,#10814,#10815,#10816,#10817,#10818,#10819,#10820,#10821,#10822,
#10823,#10824,#10825,#10826,#10827,#10828,#10829,#10830,#10831,#10832,#10833,
#10834,#10835,#10836,#10837,#10838,#10839,#10840,#10841,#10842,#10843,#10844,
#10845,#10846,#10847,#10848,#10849,#10850,#10851,#10852,#10853,#10854,#10855,
#10856,#10857,#10858,#10859,#10860,#10861,#10862,#10863,#10864,#10865,#10866,
#10867,#10868,#10869,#10870,#10871,#10872,#10873,#10874,#10875,#10876,#10877,
#10878,#10879,#10880,#10881,#10882,#10883,#10884,#10885,#10886,#10887,#10888,
#10889,#10890,#10891),.UNSPECIFIED.,.F.,.F.,(4,3,3,3,3,3,3,3,3,3,3,3,3,
3,3,3,3,3,3,3,3,3,3,3,3,3,3,3,4),(0.,0.0767030151264111,0.15131085480977,
0.22296796234736,0.293109168398847,0.365304584199458,0.432139604275553,
0.437500000000069,0.468750000000073,0.480421442657086,0.492654565023732,
0.500000000000077,0.557086497259923,0.61206609570446,0.625000000000077,
0.677550961962901,0.68750000000007,0.71875000000006,0.734375000000057,0.742305376362924,
0.750000000000055,0.78293756145217,0.816739900848487,0.851769695019174,
0.875000000000028,0.911202347732025,0.947652544264854,0.984261124979914,
1.),.UNSPECIFIED.);
#103=FACE_BOUND('',#436,.T.);
#104=FACE_BOUND('',#440,.T.);
#105=FACE_BOUND('',#442,.T.);
#106=FACE_BOUND('',#443,.T.);
#107=FACE_BOUND('',#444,.T.);
#108=FACE_BOUND('',#452,.T.);
#109=FACE_BOUND('',#481,.T.);
#110=FACE_BOUND('',#486,.T.);
#111=FACE_BOUND('',#503,.T.);
#112=PLANE('',#1540);
#113=PLANE('',#1549);
#114=PLANE('',#1550);
#115=PLANE('',#1561);
#116=PLANE('',#1563);
#117=PLANE('',#1565);
#118=PLANE('',#1571);
#119=PLANE('',#1582);
#120=PLANE('',#1584);
#121=PLANE('',#1590);
#122=PLANE('',#1595);
#123=PLANE('',#1598);
#124=PLANE('',#1599);
#125=PLANE('',#1600);
#126=PLANE('',#1611);
#127=PLANE('',#1625);
#128=PLANE('',#1627);
#129=PLANE('',#1628);
#130=PLANE('',#1632);
#131=PLANE('',#1635);
#132=PLANE('',#1645);
#133=PLANE('',#1646);
#134=PLANE('',#1648);
#135=PLANE('',#1650);
#136=CONICAL_SURFACE('',#1531,7.6,0.785398163397459);
#137=LINE('',#2027,#227);
#138=LINE('',#2032,#228);
#139=LINE('',#2036,#229);
#140=LINE('',#2175,#230);
#141=LINE('',#2177,#231);
#142=LINE('',#2182,#232);
#143=LINE('',#2190,#233);
#144=LINE('',#2194,#234);
#145=LINE('',#2196,#235);
#146=LINE('',#2200,#236);
#147=LINE('',#2207,#237);
#148=LINE('',#2212,#238);
#149=LINE('',#2216,#239);
#150=LINE('',#2220,#240);
#151=LINE('',#2223,#241);
#152=LINE('',#2230,#242);
#153=LINE('',#2252,#243);
#154=LINE('',#2255,#244);
#155=LINE('',#2270,#245);
#156=LINE('',#2325,#246);
#157=LINE('',#2380,#247);
#158=LINE('',#2403,#248);
#159=LINE('',#2404,#249);
#160=LINE('',#2406,#250);
#161=LINE('',#2408,#251);
#162=LINE('',#2421,#252);
#163=LINE('',#2423,#253);
#164=LINE('',#2424,#254);
#165=LINE('',#2427,#255);
#166=LINE('',#2631,#256);
#167=LINE('',#2633,#257);
#168=LINE('',#2635,#258);
#169=LINE('',#2638,#259);
#170=LINE('',#2643,#260);
#171=LINE('',#4672,#261);
#172=LINE('',#5733,#262);
#173=LINE('',#5837,#263);
#174=LINE('',#5854,#264);
#175=LINE('',#10279,#265);
#176=LINE('',#10281,#266);
#177=LINE('',#10343,#267);
#178=LINE('',#10344,#268);
#179=LINE('',#10367,#269);
#180=LINE('',#10390,#270);
#181=LINE('',#10394,#271);
#182=LINE('',#10397,#272);
#183=LINE('',#10398,#273);
#184=LINE('',#10402,#274);
#185=LINE('',#10407,#275);
#186=LINE('',#10408,#276);
#187=LINE('',#10411,#277);
#188=LINE('',#10412,#278);
#189=LINE('',#10418,#279);
#190=LINE('',#10419,#280);
#191=LINE('',#10420,#281);
#192=LINE('',#10427,#282);
#193=LINE('',#10429,#283);
#194=LINE('',#10437,#284);
#195=LINE('',#10445,#285);
#196=LINE('',#10449,#286);
#197=LINE('',#10455,#287);
#198=LINE('',#10475,#288);
#199=LINE('',#10478,#289);
#200=LINE('',#10487,#290);
#201=LINE('',#10510,#291);
#202=LINE('',#10526,#292);
#203=LINE('',#10528,#293);
#204=LINE('',#10530,#294);
#205=LINE('',#10557,#295);
#206=LINE('',#10558,#296);
#207=LINE('',#10625,#297);
#208=LINE('',#10627,#298);
#209=LINE('',#10634,#299);
#210=LINE('',#10636,#300);
#211=LINE('',#10640,#301);
#212=LINE('',#10894,#302);
#213=LINE('',#10895,#303);
#214=LINE('',#10899,#304);
#215=LINE('',#10902,#305);
#216=LINE('',#10903,#306);
#217=LINE('',#10937,#307);
#218=LINE('',#10938,#308);
#219=LINE('',#10941,#309);
#220=LINE('',#10942,#310);
#221=LINE('',#10948,#311);
#222=LINE('',#10955,#312);
#223=LINE('',#10956,#313);
#224=LINE('',#10958,#314);
#225=LINE('',#10960,#315);
#226=LINE('',#10962,#316);
#227=VECTOR('',#1673,6.5);
#228=VECTOR('',#1678,7.6);
#229=VECTOR('',#1683,7.7);
#230=VECTOR('',#1710,9.5);
#231=VECTOR('',#1713,7.5);
#232=VECTOR('',#1718,1000.);
#233=VECTOR('',#1721,1000.);
#234=VECTOR('',#1724,1000.);
#235=VECTOR('',#1725,1000.);
#236=VECTOR('',#1728,1000.);
#237=VECTOR('',#1731,1000.);
#238=VECTOR('',#1734,1000.);
#239=VECTOR('',#1737,1000.);
#240=VECTOR('',#1740,1000.);
#241=VECTOR('',#1743,1000.);
#242=VECTOR('',#1750,1000.);
#243=VECTOR('',#1751,1000.);
#244=VECTOR('',#1754,1000.);
#245=VECTOR('',#1757,1000.);
#246=VECTOR('',#1758,1000.);
#247=VECTOR('',#1761,1000.);
#248=VECTOR('',#1764,1000.);
#249=VECTOR('',#1765,1000.);
#250=VECTOR('',#1766,1000.);
#251=VECTOR('',#1767,1000.);
#252=VECTOR('',#1768,10.);
#253=VECTOR('',#1769,10.);
#254=VECTOR('',#1770,1000.);
#255=VECTOR('',#1773,8.3);
#256=VECTOR('',#1786,1000.);
#257=VECTOR('',#1787,1000.);
#258=VECTOR('',#1788,1000.);
#259=VECTOR('',#1791,1000.);
#260=VECTOR('',#1796,2.25);
#261=VECTOR('',#1803,1000.);
#262=VECTOR('',#1810,1000.);
#263=VECTOR('',#1813,1000.);
#264=VECTOR('',#1816,1000.);
#265=VECTOR('',#1821,1000.);
#266=VECTOR('',#1822,1000.);
#267=VECTOR('',#1823,1000.);
#268=VECTOR('',#1824,1000.);
#269=VECTOR('',#1827,1000.);
#270=VECTOR('',#1830,1000.);
#271=VECTOR('',#1835,1000.);
#272=VECTOR('',#1838,1000.);
#273=VECTOR('',#1839,1000.);
#274=VECTOR('',#1844,1000.);
#275=VECTOR('',#1849,1000.);
#276=VECTOR('',#1850,1000.);
#277=VECTOR('',#1853,1000.);
#278=VECTOR('',#1854,1000.);
#279=VECTOR('',#1861,1000.);
#280=VECTOR('',#1862,1000.);
#281=VECTOR('',#1863,1000.);
#282=VECTOR('',#1866,1000.);
#283=VECTOR('',#1867,1000.);
#284=VECTOR('',#1870,1000.);
#285=VECTOR('',#1873,1000.);
#286=VECTOR('',#1876,1000.);
#287=VECTOR('',#1883,10.);
#288=VECTOR('',#1900,1000.);
#289=VECTOR('',#1903,1000.);
#290=VECTOR('',#1916,10.);
#291=VECTOR('',#1925,1000.);
#292=VECTOR('',#1928,1000.);
#293=VECTOR('',#1929,1000.);
#294=VECTOR('',#1930,1000.);
#295=VECTOR('',#1931,1000.);
#296=VECTOR('',#1932,1000.);
#297=VECTOR('',#1937,1000.);
#298=VECTOR('',#1938,1000.);
#299=VECTOR('',#1941,1000.);
#300=VECTOR('',#1942,1000.);
#301=VECTOR('',#1945,1000.);
#302=VECTOR('',#1952,1000.);
#303=VECTOR('',#1953,1000.);
#304=VECTOR('',#1958,1000.);
#305=VECTOR('',#1961,1000.);
#306=VECTOR('',#1962,1000.);
#307=VECTOR('',#1981,1000.);
#308=VECTOR('',#1982,1000.);
#309=VECTOR('',#1985,1000.);
#310=VECTOR('',#1986,1000.);
#311=VECTOR('',#1995,1000.);
#312=VECTOR('',#1996,1000.);
#313=VECTOR('',#1997,1000.);
#314=VECTOR('',#2000,1000.);
#315=VECTOR('',#2003,1.15);
#316=VECTOR('',#2006,1.15);
#317=CYLINDRICAL_SURFACE('',#1529,6.5);
#318=CYLINDRICAL_SURFACE('',#1534,7.7);
#319=CYLINDRICAL_SURFACE('',#1542,9.5);
#320=CYLINDRICAL_SURFACE('',#1548,7.5);
#321=CYLINDRICAL_SURFACE('',#1562,2.00000000000011);
#322=CYLINDRICAL_SURFACE('',#1564,2.00000000000084);
#323=CYLINDRICAL_SURFACE('',#1566,8.3);
#324=CYLINDRICAL_SURFACE('',#1575,2.25);
#325=CYLINDRICAL_SURFACE('',#1577,1.2);
#326=CYLINDRICAL_SURFACE('',#1578,1.2);
#327=CYLINDRICAL_SURFACE('',#1581,1.99999999992524);
#328=CYLINDRICAL_SURFACE('',#1583,2.);
#329=CYLINDRICAL_SURFACE('',#1588,3.19999999992524);
#330=CYLINDRICAL_SURFACE('',#1591,3.20000000000011);
#331=CYLINDRICAL_SURFACE('',#1593,3.20000000000084);
#332=CYLINDRICAL_SURFACE('',#1596,3.2);
#333=CYLINDRICAL_SURFACE('',#1608,1.);
#334=CYLINDRICAL_SURFACE('',#1618,1.);
#335=CYLINDRICAL_SURFACE('',#1622,0.700000000000001);
#336=CYLINDRICAL_SURFACE('',#1633,0.700000000000001);
#337=CYLINDRICAL_SURFACE('',#1636,0.7);
#338=CYLINDRICAL_SURFACE('',#1638,0.499999999999999);
#339=CYLINDRICAL_SURFACE('',#1641,0.499999999999998);
#340=CYLINDRICAL_SURFACE('',#1644,0.499999999999999);
#341=CYLINDRICAL_SURFACE('',#1651,1.15);
#342=CYLINDRICAL_SURFACE('',#1652,1.15);
#343=CYLINDRICAL_SURFACE('',#1653,2.);
#344=CYLINDRICAL_SURFACE('',#1654,2.);
#345=CYLINDRICAL_SURFACE('',#1655,2.);
#346=CYLINDRICAL_SURFACE('',#1656,2.);
#347=FACE_OUTER_BOUND('',#430,.T.);
#348=FACE_OUTER_BOUND('',#431,.T.);
#349=FACE_OUTER_BOUND('',#432,.T.);
#350=FACE_OUTER_BOUND('',#433,.T.);
#351=FACE_OUTER_BOUND('',#434,.T.);
#352=FACE_OUTER_BOUND('',#435,.T.);
#353=FACE_OUTER_BOUND('',#437,.T.);
#354=FACE_OUTER_BOUND('',#438,.T.);
#355=FACE_OUTER_BOUND('',#439,.T.);
#356=FACE_OUTER_BOUND('',#441,.T.);
#357=FACE_OUTER_BOUND('',#445,.T.);
#358=FACE_OUTER_BOUND('',#446,.T.);
#359=FACE_OUTER_BOUND('',#447,.T.);
#360=FACE_OUTER_BOUND('',#448,.T.);
#361=FACE_OUTER_BOUND('',#449,.T.);
#362=FACE_OUTER_BOUND('',#450,.T.);
#363=FACE_OUTER_BOUND('',#451,.T.);
#364=FACE_OUTER_BOUND('',#453,.T.);
#365=FACE_OUTER_BOUND('',#454,.T.);
#366=FACE_OUTER_BOUND('',#455,.T.);
#367=FACE_OUTER_BOUND('',#456,.T.);
#368=FACE_OUTER_BOUND('',#457,.T.);
#369=FACE_OUTER_BOUND('',#458,.T.);
#370=FACE_OUTER_BOUND('',#459,.T.);
#371=FACE_OUTER_BOUND('',#460,.T.);
#372=FACE_OUTER_BOUND('',#461,.T.);
#373=FACE_OUTER_BOUND('',#462,.T.);
#374=FACE_OUTER_BOUND('',#463,.T.);
#375=FACE_OUTER_BOUND('',#464,.T.);
#376=FACE_OUTER_BOUND('',#465,.T.);
#377=FACE_OUTER_BOUND('',#466,.T.);
#378=FACE_OUTER_BOUND('',#467,.T.);
#379=FACE_OUTER_BOUND('',#468,.T.);
#380=FACE_OUTER_BOUND('',#469,.T.);
#381=FACE_OUTER_BOUND('',#470,.T.);
#382=FACE_OUTER_BOUND('',#471,.T.);
#383=FACE_OUTER_BOUND('',#472,.T.);
#384=FACE_OUTER_BOUND('',#473,.T.);
#385=FACE_OUTER_BOUND('',#474,.T.);
#386=FACE_OUTER_BOUND('',#475,.T.);
#387=FACE_OUTER_BOUND('',#476,.T.);
#388=FACE_OUTER_BOUND('',#477,.T.);
#389=FACE_OUTER_BOUND('',#478,.T.);
#390=FACE_OUTER_BOUND('',#479,.T.);
#391=FACE_OUTER_BOUND('',#480,.T.);
#392=FACE_OUTER_BOUND('',#482,.T.);
#393=FACE_OUTER_BOUND('',#483,.T.);
#394=FACE_OUTER_BOUND('',#484,.T.);
#395=FACE_OUTER_BOUND('',#485,.T.);
#396=FACE_OUTER_BOUND('',#487,.T.);
#397=FACE_OUTER_BOUND('',#488,.T.);
#398=FACE_OUTER_BOUND('',#489,.T.);
#399=FACE_OUTER_BOUND('',#490,.T.);
#400=FACE_OUTER_BOUND('',#491,.T.);
#401=FACE_OUTER_BOUND('',#492,.T.);
#402=FACE_OUTER_BOUND('',#493,.T.);
#403=FACE_OUTER_BOUND('',#494,.T.);
#404=FACE_OUTER_BOUND('',#495,.T.);
#405=FACE_OUTER_BOUND('',#496,.T.);
#406=FACE_OUTER_BOUND('',#497,.T.);
#407=FACE_OUTER_BOUND('',#498,.T.);
#408=FACE_OUTER_BOUND('',#499,.T.);
#409=FACE_OUTER_BOUND('',#500,.T.);
#410=FACE_OUTER_BOUND('',#501,.T.);
#411=FACE_OUTER_BOUND('',#502,.T.);
#412=FACE_OUTER_BOUND('',#504,.T.);
#413=FACE_OUTER_BOUND('',#505,.T.);
#414=FACE_OUTER_BOUND('',#506,.T.);
#415=FACE_OUTER_BOUND('',#507,.T.);
#416=FACE_OUTER_BOUND('',#508,.T.);
#417=FACE_OUTER_BOUND('',#509,.T.);
#418=FACE_OUTER_BOUND('',#510,.T.);
#419=FACE_OUTER_BOUND('',#511,.T.);
#420=FACE_OUTER_BOUND('',#512,.T.);
#421=FACE_OUTER_BOUND('',#513,.T.);
#422=FACE_OUTER_BOUND('',#514,.T.);
#423=FACE_OUTER_BOUND('',#515,.T.);
#424=FACE_OUTER_BOUND('',#516,.T.);
#425=FACE_OUTER_BOUND('',#517,.T.);
#426=FACE_OUTER_BOUND('',#518,.T.);
#427=FACE_OUTER_BOUND('',#519,.T.);
#428=FACE_OUTER_BOUND('',#520,.T.);
#429=FACE_OUTER_BOUND('',#521,.T.);
#430=EDGE_LOOP('',(#965,#966,#967,#968,#969));
#431=EDGE_LOOP('',(#970,#971,#972,#973,#974));
#432=EDGE_LOOP('',(#975,#976,#977,#978));
#433=EDGE_LOOP('',(#979,#980,#981,#982));
#434=EDGE_LOOP('',(#983,#984,#985,#986));
#435=EDGE_LOOP('',(#987));
#436=EDGE_LOOP('',(#988));
#437=EDGE_LOOP('',(#989,#990,#991,#992,#993,#994,#995,#996,#997,#998,#999,
#1000,#1001));
#438=EDGE_LOOP('',(#1002,#1003,#1004,#1005));
#439=EDGE_LOOP('',(#1006));
#440=EDGE_LOOP('',(#1007));
#441=EDGE_LOOP('',(#1008,#1009,#1010,#1011,#1012,#1013,#1014,#1015,#1016,
#1017,#1018,#1019));
#442=EDGE_LOOP('',(#1020,#1021,#1022,#1023,#1024,#1025,#1026,#1027));
#443=EDGE_LOOP('',(#1028));
#444=EDGE_LOOP('',(#1029));
#445=EDGE_LOOP('',(#1030,#1031,#1032,#1033,#1034,#1035));
#446=EDGE_LOOP('',(#1036,#1037,#1038,#1039));
#447=EDGE_LOOP('',(#1040,#1041,#1042,#1043,#1044,#1045));
#448=EDGE_LOOP('',(#1046,#1047,#1048,#1049));
#449=EDGE_LOOP('',(#1050,#1051,#1052,#1053,#1054,#1055,#1056,#1057,#1058,
#1059));
#450=EDGE_LOOP('',(#1060,#1061,#1062,#1063,#1064,#1065,#1066,#1067,#1068,
#1069,#1070));
#451=EDGE_LOOP('',(#1071,#1072,#1073,#1074,#1075,#1076));
#452=EDGE_LOOP('',(#1077));
#453=EDGE_LOOP('',(#1078,#1079,#1080,#1081));
#454=EDGE_LOOP('',(#1082,#1083));
#455=EDGE_LOOP('',(#1084,#1085));
#456=EDGE_LOOP('',(#1086,#1087));
#457=EDGE_LOOP('',(#1088,#1089,#1090,#1091,#1092,#1093));
#458=EDGE_LOOP('',(#1094,#1095,#1096,#1097,#1098));
#459=EDGE_LOOP('',(#1099,#1100,#1101,#1102));
#460=EDGE_LOOP('',(#1103,#1104,#1105,#1106,#1107,#1108));
#461=EDGE_LOOP('',(#1109,#1110,#1111,#1112));
#462=EDGE_LOOP('',(#1113,#1114,#1115,#1116,#1117));
#463=EDGE_LOOP('',(#1118,#1119,#1120,#1121,#1122,#1123,#1124));
#464=EDGE_LOOP('',(#1125,#1126,#1127,#1128,#1129,#1130,#1131,#1132,#1133));
#465=EDGE_LOOP('',(#1134,#1135,#1136,#1137,#1138));
#466=EDGE_LOOP('',(#1139,#1140,#1141,#1142));
#467=EDGE_LOOP('',(#1143,#1144,#1145,#1146,#1147,#1148,#1149,#1150,#1151,
#1152,#1153,#1154,#1155,#1156,#1157,#1158,#1159));
#468=EDGE_LOOP('',(#1160,#1161,#1162,#1163,#1164,#1165,#1166,#1167,#1168,
#1169,#1170,#1171));
#469=EDGE_LOOP('',(#1172,#1173,#1174,#1175));
#470=EDGE_LOOP('',(#1176,#1177,#1178,#1179));
#471=EDGE_LOOP('',(#1180,#1181,#1182,#1183));
#472=EDGE_LOOP('',(#1184,#1185,#1186,#1187));
#473=EDGE_LOOP('',(#1188,#1189,#1190,#1191));
#474=EDGE_LOOP('',(#1192,#1193,#1194,#1195));
#475=EDGE_LOOP('',(#1196,#1197,#1198,#1199));
#476=EDGE_LOOP('',(#1200,#1201,#1202,#1203));
#477=EDGE_LOOP('',(#1204,#1205,#1206,#1207));
#478=EDGE_LOOP('',(#1208,#1209,#1210,#1211,#1212));
#479=EDGE_LOOP('',(#1213,#1214,#1215,#1216,#1217));
#480=EDGE_LOOP('',(#1218,#1219,#1220,#1221,#1222,#1223,#1224));
#481=EDGE_LOOP('',(#1225));
#482=EDGE_LOOP('',(#1226,#1227,#1228,#1229,#1230,#1231));
#483=EDGE_LOOP('',(#1232,#1233,#1234,#1235));
#484=EDGE_LOOP('',(#1236,#1237,#1238,#1239));
#485=EDGE_LOOP('',(#1240,#1241,#1242,#1243,#1244,#1245,#1246));
#486=EDGE_LOOP('',(#1247));
#487=EDGE_LOOP('',(#1248,#1249,#1250,#1251));
#488=EDGE_LOOP('',(#1252,#1253,#1254,#1255));
#489=EDGE_LOOP('',(#1256,#1257,#1258,#1259,#1260,#1261));
#490=EDGE_LOOP('',(#1262,#1263,#1264,#1265,#1266,#1267));
#491=EDGE_LOOP('',(#1268,#1269,#1270,#1271,#1272,#1273,#1274,#1275,#1276,
#1277,#1278,#1279,#1280,#1281));
#492=EDGE_LOOP('',(#1282,#1283,#1284,#1285,#1286,#1287,#1288,#1289,#1290,
#1291,#1292,#1293,#1294,#1295));
#493=EDGE_LOOP('',(#1296,#1297,#1298,#1299,#1300));
#494=EDGE_LOOP('',(#1301,#1302,#1303,#1304,#1305,#1306));
#495=EDGE_LOOP('',(#1307,#1308,#1309,#1310,#1311));
#496=EDGE_LOOP('',(#1312,#1313,#1314,#1315));
#497=EDGE_LOOP('',(#1316,#1317,#1318,#1319));
#498=EDGE_LOOP('',(#1320,#1321,#1322,#1323,#1324));
#499=EDGE_LOOP('',(#1325,#1326,#1327,#1328));
#500=EDGE_LOOP('',(#1329,#1330,#1331,#1332,#1333));
#501=EDGE_LOOP('',(#1334,#1335,#1336,#1337));
#502=EDGE_LOOP('',(#1338,#1339,#1340,#1341));
#503=EDGE_LOOP('',(#1342));
#504=EDGE_LOOP('',(#1343,#1344,#1345,#1346));
#505=EDGE_LOOP('',(#1347,#1348,#1349,#1350));
#506=EDGE_LOOP('',(#1351,#1352,#1353,#1354));
#507=EDGE_LOOP('',(#1355,#1356,#1357,#1358));
#508=EDGE_LOOP('',(#1359,#1360,#1361,#1362));
#509=EDGE_LOOP('',(#1363,#1364,#1365,#1366));
#510=EDGE_LOOP('',(#1367,#1368,#1369,#1370));
#511=EDGE_LOOP('',(#1371,#1372,#1373,#1374,#1375));
#512=EDGE_LOOP('',(#1376,#1377,#1378,#1379,#1380));
#513=EDGE_LOOP('',(#1381,#1382,#1383,#1384,#1385));
#514=EDGE_LOOP('',(#1386,#1387,#1388,#1389));
#515=EDGE_LOOP('',(#1390,#1391,#1392,#1393,#1394));
#516=EDGE_LOOP('',(#1395,#1396,#1397,#1398));
#517=EDGE_LOOP('',(#1399,#1400,#1401,#1402));
#518=EDGE_LOOP('',(#1403,#1404,#1405,#1406));
#519=EDGE_LOOP('',(#1407,#1408,#1409,#1410));
#520=EDGE_LOOP('',(#1411,#1412,#1413,#1414));
#521=EDGE_LOOP('',(#1415,#1416,#1417,#1418));
#522=CIRCLE('',#1525,6.5);
#523=CIRCLE('',#1526,6.5);
#524=CIRCLE('',#1527,2.);
#525=CIRCLE('',#1528,8.3);
#526=CIRCLE('',#1530,6.5);
#527=CIRCLE('',#1532,7.5);
#528=CIRCLE('',#1533,7.7);
#529=CIRCLE('',#1535,7.7);
#530=CIRCLE('',#1537,8.5);
#531=CIRCLE('',#1538,1.);
#532=CIRCLE('',#1539,9.5);
#533=CIRCLE('',#1541,7.5);
#534=CIRCLE('',#1543,9.49999999996919);
#535=CIRCLE('',#1544,9.49999999999987);
#536=CIRCLE('',#1545,9.49999999999998);
#537=CIRCLE('',#1546,9.50000000000003);
#538=CIRCLE('',#1547,9.5);
#539=CIRCLE('',#1551,2.);
#540=CIRCLE('',#1552,2.);
#541=CIRCLE('',#1553,2.);
#542=CIRCLE('',#1554,2.);
#543=CIRCLE('',#1555,2.00000000000084);
#544=CIRCLE('',#1556,2.00000000000011);
#545=CIRCLE('',#1557,1.99999999992524);
#546=CIRCLE('',#1558,2.);
#547=CIRCLE('',#1559,1.15);
#548=CIRCLE('',#1560,1.15);
#549=CIRCLE('',#1567,8.3);
#550=CIRCLE('',#1568,7.94733132379997);
#551=CIRCLE('',#1569,8.3);
#552=CIRCLE('',#1570,8.3);
#553=CIRCLE('',#1572,0.499999999999999);
#554=CIRCLE('',#1573,0.499999999999999);
#555=CIRCLE('',#1574,2.25);
#556=CIRCLE('',#1576,2.25);
#557=CIRCLE('',#1585,1945.49645266717);
#558=CIRCLE('',#1586,3.20000000000011);
#559=CIRCLE('',#1587,3.20000000000085);
#560=CIRCLE('',#1589,3.19999999992524);
#561=CIRCLE('',#1592,3.20000000000011);
#562=CIRCLE('',#1594,3.20000000000084);
#563=CIRCLE('',#1597,3.2);
#564=CIRCLE('',#1601,2.);
#565=CIRCLE('',#1602,4.19999999992524);
#566=CIRCLE('',#1603,4.20000000000011);
#567=CIRCLE('',#1604,1.15);
#568=CIRCLE('',#1606,1.);
#569=CIRCLE('',#1607,4.19999999992524);
#570=CIRCLE('',#1609,1.);
#571=CIRCLE('',#1612,2.);
#572=CIRCLE('',#1613,4.20000000000084);
#573=CIRCLE('',#1614,4.2);
#574=CIRCLE('',#1615,1.15);
#575=CIRCLE('',#1617,1.);
#576=CIRCLE('',#1619,1.);
#577=CIRCLE('',#1621,4.2);
#578=CIRCLE('',#1623,0.700000000000001);
#579=CIRCLE('',#1624,0.700000000000001);
#580=CIRCLE('',#1626,42.9021342368974);
#581=CIRCLE('',#1629,0.2);
#582=CIRCLE('',#1630,0.2);
#583=CIRCLE('',#1634,0.7);
#584=CIRCLE('',#1637,0.7);
#585=CIRCLE('',#1639,0.5);
#586=CIRCLE('',#1640,0.5);
#587=CIRCLE('',#1642,0.5);
#588=CIRCLE('',#1643,0.5);
#589=CIRCLE('',#1647,2.);
#590=CIRCLE('',#1649,2.);
#591=VERTEX_POINT('',#2017);
#592=VERTEX_POINT('',#2018);
#593=VERTEX_POINT('',#2021);
#594=VERTEX_POINT('',#2025);
#595=VERTEX_POINT('',#2029);
#596=VERTEX_POINT('',#2031);
#597=VERTEX_POINT('',#2035);
#598=VERTEX_POINT('',#2039);
#599=VERTEX_POINT('',#2041);
#600=VERTEX_POINT('',#2045);
#601=VERTEX_POINT('',#2048);
#602=VERTEX_POINT('',#2049);
#603=VERTEX_POINT('',#2078);
#604=VERTEX_POINT('',#2089);
#605=VERTEX_POINT('',#2091);
#606=VERTEX_POINT('',#2093);
#607=VERTEX_POINT('',#2095);
#608=VERTEX_POINT('',#2106);
#609=VERTEX_POINT('',#2113);
#610=VERTEX_POINT('',#2115);
#611=VERTEX_POINT('',#2180);
#612=VERTEX_POINT('',#2181);
#613=VERTEX_POINT('',#2183);
#614=VERTEX_POINT('',#2185);
#615=VERTEX_POINT('',#2189);
#616=VERTEX_POINT('',#2191);
#617=VERTEX_POINT('',#2193);
#618=VERTEX_POINT('',#2195);
#619=VERTEX_POINT('',#2197);
#620=VERTEX_POINT('',#2199);
#621=VERTEX_POINT('',#2201);
#622=VERTEX_POINT('',#2205);
#623=VERTEX_POINT('',#2208);
#624=VERTEX_POINT('',#2209);
#625=VERTEX_POINT('',#2211);
#626=VERTEX_POINT('',#2213);
#627=VERTEX_POINT('',#2215);
#628=VERTEX_POINT('',#2217);
#629=VERTEX_POINT('',#2219);
#630=VERTEX_POINT('',#2221);
#631=VERTEX_POINT('',#2224);
#632=VERTEX_POINT('',#2226);
#633=VERTEX_POINT('',#2229);
#634=VERTEX_POINT('',#2231);
#635=VERTEX_POINT('',#2238);
#636=VERTEX_POINT('',#2245);
#637=VERTEX_POINT('',#2254);
#638=VERTEX_POINT('',#2269);
#639=VERTEX_POINT('',#2271);
#640=VERTEX_POINT('',#2324);
#641=VERTEX_POINT('',#2379);
#642=VERTEX_POINT('',#2396);
#643=VERTEX_POINT('',#2397);
#644=VERTEX_POINT('',#2402);
#645=VERTEX_POINT('',#2405);
#646=VERTEX_POINT('',#2407);
#647=VERTEX_POINT('',#2409);
#648=VERTEX_POINT('',#2420);
#649=VERTEX_POINT('',#2422);
#650=VERTEX_POINT('',#2426);
#651=VERTEX_POINT('',#2428);
#652=VERTEX_POINT('',#2430);
#653=VERTEX_POINT('',#2435);
#654=VERTEX_POINT('',#2593);
#655=VERTEX_POINT('',#2595);
#656=VERTEX_POINT('',#2597);
#657=VERTEX_POINT('',#2602);
#658=VERTEX_POINT('',#2627);
#659=VERTEX_POINT('',#2628);
#660=VERTEX_POINT('',#2630);
#661=VERTEX_POINT('',#2632);
#662=VERTEX_POINT('',#2634);
#663=VERTEX_POINT('',#2636);
#664=VERTEX_POINT('',#2639);
#665=VERTEX_POINT('',#2642);
#666=VERTEX_POINT('',#4166);
#667=VERTEX_POINT('',#4167);
#668=VERTEX_POINT('',#4670);
#669=VERTEX_POINT('',#4671);
#670=VERTEX_POINT('',#5065);
#671=VERTEX_POINT('',#5154);
#672=VERTEX_POINT('',#5210);
#673=VERTEX_POINT('',#5326);
#674=VERTEX_POINT('',#5382);
#675=VERTEX_POINT('',#5471);
#676=VERTEX_POINT('',#5718);
#677=VERTEX_POINT('',#5781);
#678=VERTEX_POINT('',#5839);
#679=VERTEX_POINT('',#5856);
#680=VERTEX_POINT('',#10265);
#681=VERTEX_POINT('',#10266);
#682=VERTEX_POINT('',#10280);
#683=VERTEX_POINT('',#10342);
#684=VERTEX_POINT('',#10365);
#685=VERTEX_POINT('',#10388);
#686=VERTEX_POINT('',#10392);
#687=VERTEX_POINT('',#10396);
#688=VERTEX_POINT('',#10400);
#689=VERTEX_POINT('',#10404);
#690=VERTEX_POINT('',#10405);
#691=VERTEX_POINT('',#10410);
#692=VERTEX_POINT('',#10416);
#693=VERTEX_POINT('',#10417);
#694=VERTEX_POINT('',#10426);
#695=VERTEX_POINT('',#10428);
#696=VERTEX_POINT('',#10435);
#697=VERTEX_POINT('',#10436);
#698=VERTEX_POINT('',#10438);
#699=VERTEX_POINT('',#10440);
#700=VERTEX_POINT('',#10444);
#701=VERTEX_POINT('',#10446);
#702=VERTEX_POINT('',#10448);
#703=VERTEX_POINT('',#10451);
#704=VERTEX_POINT('',#10454);
#705=VERTEX_POINT('',#10466);
#706=VERTEX_POINT('',#10467);
#707=VERTEX_POINT('',#10472);
#708=VERTEX_POINT('',#10474);
#709=VERTEX_POINT('',#10476);
#710=VERTEX_POINT('',#10479);
#711=VERTEX_POINT('',#10486);
#712=VERTEX_POINT('',#10490);
#713=VERTEX_POINT('',#10492);
#714=VERTEX_POINT('',#10494);
#715=VERTEX_POINT('',#10509);
#716=VERTEX_POINT('',#10527);
#717=VERTEX_POINT('',#10529);
#718=VERTEX_POINT('',#10543);
#719=VERTEX_POINT('',#10556);
#720=VERTEX_POINT('',#10599);
#721=VERTEX_POINT('',#10604);
#722=VERTEX_POINT('',#10609);
#723=VERTEX_POINT('',#10616);
#724=VERTEX_POINT('',#10624);
#725=VERTEX_POINT('',#10626);
#726=VERTEX_POINT('',#10633);
#727=VERTEX_POINT('',#10635);
#728=VERTEX_POINT('',#10637);
#729=VERTEX_POINT('',#10639);
#730=VERTEX_POINT('',#10691);
#731=VERTEX_POINT('',#10698);
#732=VERTEX_POINT('',#10736);
#733=VERTEX_POINT('',#10893);
#734=VERTEX_POINT('',#10897);
#735=VERTEX_POINT('',#10901);
#736=VERTEX_POINT('',#10940);
#737=VERTEX_POINT('',#10946);
#738=EDGE_CURVE('',#591,#592,#522,.T.);
#739=EDGE_CURVE('',#592,#591,#523,.T.);
#740=EDGE_CURVE('',#591,#593,#524,.T.);
#741=EDGE_CURVE('',#593,#593,#525,.T.);
#742=EDGE_CURVE('',#594,#594,#526,.T.);
#743=EDGE_CURVE('',#594,#592,#137,.T.);
#744=EDGE_CURVE('',#595,#595,#527,.T.);
#745=EDGE_CURVE('',#595,#596,#138,.T.);
#746=EDGE_CURVE('',#596,#596,#528,.T.);
#747=EDGE_CURVE('',#596,#597,#139,.T.);
#748=EDGE_CURVE('',#597,#597,#529,.T.);
#749=EDGE_CURVE('',#598,#598,#530,.T.);
#750=EDGE_CURVE('',#598,#599,#531,.T.);
#751=EDGE_CURVE('',#599,#599,#532,.T.);
#752=EDGE_CURVE('',#600,#600,#533,.T.);
#753=EDGE_CURVE('',#601,#602,#36,.T.);
#754=EDGE_CURVE('',#603,#601,#37,.T.);
#755=EDGE_CURVE('',#604,#603,#534,.T.);
#756=EDGE_CURVE('',#605,#604,#535,.T.);
#757=EDGE_CURVE('',#606,#605,#536,.T.);
#758=EDGE_CURVE('',#607,#606,#38,.T.);
#759=EDGE_CURVE('',#608,#607,#39,.T.);
#760=EDGE_CURVE('',#609,#608,#537,.T.);
#761=EDGE_CURVE('',#610,#609,#538,.T.);
#762=EDGE_CURVE('',#602,#610,#40,.T.);
#763=EDGE_CURVE('',#602,#599,#140,.T.);
#764=EDGE_CURVE('',#595,#600,#141,.T.);
#765=EDGE_CURVE('',#611,#612,#142,.T.);
#766=EDGE_CURVE('',#612,#613,#539,.T.);
#767=EDGE_CURVE('',#614,#613,#41,.T.);
#768=EDGE_CURVE('',#615,#614,#143,.T.);
#769=EDGE_CURVE('',#615,#616,#540,.T.);
#770=EDGE_CURVE('',#616,#617,#144,.T.);
#771=EDGE_CURVE('',#617,#618,#145,.T.);
#772=EDGE_CURVE('',#618,#619,#541,.T.);
#773=EDGE_CURVE('',#620,#619,#146,.T.);
#774=EDGE_CURVE('',#621,#620,#42,.T.);
#775=EDGE_CURVE('',#621,#622,#542,.T.);
#776=EDGE_CURVE('',#622,#611,#147,.T.);
#777=EDGE_CURVE('',#623,#624,#543,.T.);
#778=EDGE_CURVE('',#624,#625,#148,.T.);
#779=EDGE_CURVE('',#625,#626,#544,.T.);
#780=EDGE_CURVE('',#626,#627,#149,.T.);
#781=EDGE_CURVE('',#627,#628,#545,.T.);
#782=EDGE_CURVE('',#628,#629,#150,.T.);
#783=EDGE_CURVE('',#629,#630,#546,.T.);
#784=EDGE_CURVE('',#630,#623,#151,.T.);
#785=EDGE_CURVE('',#631,#631,#547,.T.);
#786=EDGE_CURVE('',#632,#632,#548,.T.);
#787=EDGE_CURVE('',#626,#633,#152,.T.);
#788=EDGE_CURVE('',#634,#633,#43,.T.);
#789=EDGE_CURVE('',#635,#634,#44,.T.);
#790=EDGE_CURVE('',#636,#635,#45,.T.);
#791=EDGE_CURVE('',#627,#636,#153,.T.);
#792=EDGE_CURVE('',#625,#637,#154,.T.);
#793=EDGE_CURVE('',#633,#637,#46,.T.);
#794=EDGE_CURVE('',#624,#638,#155,.T.);
#795=EDGE_CURVE('',#638,#639,#47,.T.);
#796=EDGE_CURVE('',#639,#640,#156,.T.);
#797=EDGE_CURVE('',#640,#637,#48,.T.);
#798=EDGE_CURVE('',#623,#641,#157,.T.);
#799=EDGE_CURVE('',#638,#641,#49,.T.);
#800=EDGE_CURVE('',#642,#643,#50,.T.);
#801=EDGE_CURVE('',#642,#644,#158,.T.);
#802=EDGE_CURVE('',#644,#618,#159,.T.);
#803=EDGE_CURVE('',#617,#645,#160,.T.);
#804=EDGE_CURVE('',#645,#646,#161,.T.);
#805=EDGE_CURVE('',#647,#646,#51,.T.);
#806=EDGE_CURVE('',#648,#647,#162,.T.);
#807=EDGE_CURVE('',#649,#648,#163,.T.);
#808=EDGE_CURVE('',#643,#649,#164,.T.);
#809=EDGE_CURVE('',#593,#650,#165,.T.);
#810=EDGE_CURVE('',#650,#651,#549,.T.);
#811=EDGE_CURVE('',#652,#651,#52,.T.);
#812=EDGE_CURVE('',#653,#652,#53,.T.);
#813=EDGE_CURVE('',#654,#653,#550,.T.);
#814=EDGE_CURVE('',#654,#655,#551,.T.);
#815=EDGE_CURVE('',#655,#656,#54,.T.);
#816=EDGE_CURVE('',#657,#656,#55,.T.);
#817=EDGE_CURVE('',#657,#650,#552,.T.);
#818=EDGE_CURVE('',#658,#659,#553,.T.);
#819=EDGE_CURVE('',#660,#658,#166,.T.);
#820=EDGE_CURVE('',#661,#660,#167,.T.);
#821=EDGE_CURVE('',#661,#662,#168,.T.);
#822=EDGE_CURVE('',#663,#662,#554,.T.);
#823=EDGE_CURVE('',#659,#663,#169,.T.);
#824=EDGE_CURVE('',#664,#664,#555,.T.);
#825=EDGE_CURVE('',#664,#665,#170,.T.);
#826=EDGE_CURVE('',#665,#665,#556,.T.);
#827=EDGE_CURVE('',#666,#667,#56,.T.);
#828=EDGE_CURVE('',#666,#667,#57,.T.);
#829=EDGE_CURVE('',#639,#640,#58,.T.);
#830=EDGE_CURVE('',#668,#669,#171,.T.);
#831=EDGE_CURVE('',#668,#669,#59,.T.);
#832=EDGE_CURVE('',#670,#655,#60,.T.);
#833=EDGE_CURVE('',#654,#671,#61,.T.);
#834=EDGE_CURVE('',#671,#672,#62,.T.);
#835=EDGE_CURVE('',#672,#673,#63,.T.);
#836=EDGE_CURVE('',#673,#670,#64,.T.);
#837=EDGE_CURVE('',#657,#674,#65,.T.);
#838=EDGE_CURVE('',#674,#675,#66,.T.);
#839=EDGE_CURVE('',#675,#651,#67,.T.);
#840=EDGE_CURVE('',#676,#636,#68,.T.);
#841=EDGE_CURVE('',#628,#676,#172,.T.);
#842=EDGE_CURVE('',#668,#676,#69,.T.);
#843=EDGE_CURVE('',#677,#669,#70,.T.);
#844=EDGE_CURVE('',#629,#677,#173,.T.);
#845=EDGE_CURVE('',#678,#677,#71,.T.);
#846=EDGE_CURVE('',#630,#678,#174,.T.);
#847=EDGE_CURVE('',#679,#678,#72,.T.);
#848=EDGE_CURVE('',#641,#679,#73,.T.);
#849=EDGE_CURVE('',#638,#674,#74,.T.);
#850=EDGE_CURVE('',#679,#666,#557,.T.);
#851=EDGE_CURVE('',#667,#675,#75,.T.);
#852=EDGE_CURVE('',#637,#670,#76,.T.);
#853=EDGE_CURVE('',#634,#673,#77,.T.);
#854=EDGE_CURVE('',#635,#672,#78,.T.);
#855=EDGE_CURVE('',#680,#681,#79,.T.);
#856=EDGE_CURVE('',#681,#601,#175,.T.);
#857=EDGE_CURVE('',#682,#608,#176,.T.);
#858=EDGE_CURVE('',#682,#649,#80,.T.);
#859=EDGE_CURVE('',#646,#680,#81,.T.);
#860=EDGE_CURVE('',#683,#682,#177,.T.);
#861=EDGE_CURVE('',#683,#607,#178,.T.);
#862=EDGE_CURVE('',#684,#683,#558,.T.);
#863=EDGE_CURVE('',#684,#606,#179,.T.);
#864=EDGE_CURVE('',#681,#685,#559,.T.);
#865=EDGE_CURVE('',#685,#603,#180,.T.);
#866=EDGE_CURVE('',#643,#686,#560,.T.);
#867=EDGE_CURVE('',#686,#682,#181,.T.);
#868=EDGE_CURVE('',#686,#687,#182,.T.);
#869=EDGE_CURVE('',#687,#683,#183,.T.);
#870=EDGE_CURVE('',#687,#688,#561,.T.);
#871=EDGE_CURVE('',#688,#684,#184,.T.);
#872=EDGE_CURVE('',#689,#690,#562,.T.);
#873=EDGE_CURVE('',#689,#685,#185,.T.);
#874=EDGE_CURVE('',#690,#681,#186,.T.);
#875=EDGE_CURVE('',#690,#691,#187,.T.);
#876=EDGE_CURVE('',#691,#680,#188,.T.);
#877=EDGE_CURVE('',#691,#645,#563,.T.);
#878=EDGE_CURVE('',#692,#693,#189,.T.);
#879=EDGE_CURVE('',#692,#612,#190,.T.);
#880=EDGE_CURVE('',#611,#689,#191,.T.);
#881=EDGE_CURVE('',#689,#693,#82,.T.);
#882=EDGE_CURVE('',#616,#694,#192,.T.);
#883=EDGE_CURVE('',#694,#695,#193,.T.);
#884=EDGE_CURVE('',#645,#695,#83,.T.);
#885=EDGE_CURVE('',#696,#697,#194,.T.);
#886=EDGE_CURVE('',#697,#698,#564,.T.);
#887=EDGE_CURVE('',#699,#698,#84,.T.);
#888=EDGE_CURVE('',#700,#699,#195,.T.);
#889=EDGE_CURVE('',#701,#700,#565,.T.);
#890=EDGE_CURVE('',#702,#701,#196,.T.);
#891=EDGE_CURVE('',#696,#702,#566,.T.);
#892=EDGE_CURVE('',#703,#703,#567,.T.);
#893=EDGE_CURVE('',#704,#642,#197,.T.);
#894=EDGE_CURVE('',#701,#686,#568,.T.);
#895=EDGE_CURVE('',#704,#700,#569,.T.);
#896=EDGE_CURVE('',#702,#687,#570,.T.);
#897=EDGE_CURVE('',#688,#696,#85,.T.);
#898=EDGE_CURVE('',#705,#706,#86,.T.);
#899=EDGE_CURVE('',#705,#692,#571,.T.);
#900=EDGE_CURVE('',#707,#693,#572,.T.);
#901=EDGE_CURVE('',#708,#707,#198,.T.);
#902=EDGE_CURVE('',#709,#708,#573,.T.);
#903=EDGE_CURVE('',#706,#709,#199,.T.);
#904=EDGE_CURVE('',#710,#710,#574,.T.);
#905=EDGE_CURVE('',#707,#690,#575,.T.);
#906=EDGE_CURVE('',#708,#691,#576,.T.);
#907=EDGE_CURVE('',#695,#711,#200,.T.);
#908=EDGE_CURVE('',#711,#709,#577,.T.);
#909=EDGE_CURVE('',#712,#661,#578,.T.);
#910=EDGE_CURVE('',#660,#713,#579,.T.);
#911=EDGE_CURVE('',#713,#714,#87,.T.);
#912=EDGE_CURVE('',#714,#715,#201,.T.);
#913=EDGE_CURVE('',#712,#715,#88,.T.);
#914=EDGE_CURVE('',#622,#697,#202,.T.);
#915=EDGE_CURVE('',#716,#684,#203,.T.);
#916=EDGE_CURVE('',#717,#716,#204,.T.);
#917=EDGE_CURVE('',#717,#715,#89,.T.);
#918=EDGE_CURVE('',#714,#718,#90,.T.);
#919=EDGE_CURVE('',#719,#718,#205,.T.);
#920=EDGE_CURVE('',#685,#719,#206,.T.);
#921=EDGE_CURVE('',#717,#720,#91,.T.);
#922=EDGE_CURVE('',#721,#718,#92,.T.);
#923=EDGE_CURVE('',#722,#721,#93,.T.);
#924=EDGE_CURVE('',#723,#722,#580,.T.);
#925=EDGE_CURVE('',#720,#723,#94,.T.);
#926=EDGE_CURVE('',#724,#658,#207,.T.);
#927=EDGE_CURVE('',#725,#724,#208,.T.);
#928=EDGE_CURVE('',#713,#725,#95,.T.);
#929=EDGE_CURVE('',#659,#726,#209,.T.);
#930=EDGE_CURVE('',#727,#663,#210,.T.);
#931=EDGE_CURVE('',#728,#727,#581,.T.);
#932=EDGE_CURVE('',#729,#728,#211,.T.);
#933=EDGE_CURVE('',#726,#729,#582,.T.);
#934=EDGE_CURVE('',#725,#721,#96,.T.);
#935=EDGE_CURVE('',#722,#730,#97,.T.);
#936=EDGE_CURVE('',#730,#731,#17,.T.);
#937=EDGE_CURVE('',#723,#731,#98,.T.);
#938=EDGE_CURVE('',#731,#732,#99,.T.);
#939=EDGE_CURVE('',#720,#732,#100,.T.);
#940=EDGE_CURVE('',#732,#712,#101,.T.);
#941=EDGE_CURVE('',#730,#725,#102,.T.);
#942=EDGE_CURVE('',#662,#733,#212,.T.);
#943=EDGE_CURVE('',#733,#732,#213,.T.);
#944=EDGE_CURVE('',#733,#734,#583,.T.);
#945=EDGE_CURVE('',#731,#734,#214,.T.);
#946=EDGE_CURVE('',#734,#735,#215,.T.);
#947=EDGE_CURVE('',#735,#730,#216,.T.);
#948=EDGE_CURVE('',#735,#724,#584,.T.);
#949=EDGE_CURVE('',#724,#726,#585,.T.);
#950=EDGE_CURVE('',#735,#729,#586,.T.);
#951=EDGE_CURVE('',#734,#728,#587,.T.);
#952=EDGE_CURVE('',#733,#727,#588,.T.);
#953=EDGE_CURVE('',#698,#621,#217,.T.);
#954=EDGE_CURVE('',#620,#699,#218,.T.);
#955=EDGE_CURVE('',#619,#736,#219,.T.);
#956=EDGE_CURVE('',#736,#700,#220,.T.);
#957=EDGE_CURVE('',#736,#644,#589,.T.);
#958=EDGE_CURVE('',#694,#737,#590,.T.);
#959=EDGE_CURVE('',#709,#737,#221,.T.);
#960=EDGE_CURVE('',#613,#705,#222,.T.);
#961=EDGE_CURVE('',#614,#706,#223,.T.);
#962=EDGE_CURVE('',#737,#615,#224,.T.);
#963=EDGE_CURVE('',#632,#710,#225,.T.);
#964=EDGE_CURVE('',#631,#703,#226,.T.);
#965=ORIENTED_EDGE('',*,*,#738,.T.);
#966=ORIENTED_EDGE('',*,*,#739,.T.);
#967=ORIENTED_EDGE('',*,*,#740,.T.);
#968=ORIENTED_EDGE('',*,*,#741,.F.);
#969=ORIENTED_EDGE('',*,*,#740,.F.);
#970=ORIENTED_EDGE('',*,*,#742,.F.);
#971=ORIENTED_EDGE('',*,*,#743,.T.);
#972=ORIENTED_EDGE('',*,*,#738,.F.);
#973=ORIENTED_EDGE('',*,*,#739,.F.);
#974=ORIENTED_EDGE('',*,*,#743,.F.);
#975=ORIENTED_EDGE('',*,*,#744,.F.);
#976=ORIENTED_EDGE('',*,*,#745,.T.);
#977=ORIENTED_EDGE('',*,*,#746,.T.);
#978=ORIENTED_EDGE('',*,*,#745,.F.);
#979=ORIENTED_EDGE('',*,*,#746,.F.);
#980=ORIENTED_EDGE('',*,*,#747,.T.);
#981=ORIENTED_EDGE('',*,*,#748,.F.);
#982=ORIENTED_EDGE('',*,*,#747,.F.);
#983=ORIENTED_EDGE('',*,*,#749,.T.);
#984=ORIENTED_EDGE('',*,*,#750,.T.);
#985=ORIENTED_EDGE('',*,*,#751,.T.);
#986=ORIENTED_EDGE('',*,*,#750,.F.);
#987=ORIENTED_EDGE('',*,*,#749,.F.);
#988=ORIENTED_EDGE('',*,*,#752,.T.);
#989=ORIENTED_EDGE('',*,*,#753,.F.);
#990=ORIENTED_EDGE('',*,*,#754,.F.);
#991=ORIENTED_EDGE('',*,*,#755,.F.);
#992=ORIENTED_EDGE('',*,*,#756,.F.);
#993=ORIENTED_EDGE('',*,*,#757,.F.);
#994=ORIENTED_EDGE('',*,*,#758,.F.);
#995=ORIENTED_EDGE('',*,*,#759,.F.);
#996=ORIENTED_EDGE('',*,*,#760,.F.);
#997=ORIENTED_EDGE('',*,*,#761,.F.);
#998=ORIENTED_EDGE('',*,*,#762,.F.);
#999=ORIENTED_EDGE('',*,*,#763,.T.);
#1000=ORIENTED_EDGE('',*,*,#751,.F.);
#1001=ORIENTED_EDGE('',*,*,#763,.F.);
#1002=ORIENTED_EDGE('',*,*,#744,.T.);
#1003=ORIENTED_EDGE('',*,*,#764,.T.);
#1004=ORIENTED_EDGE('',*,*,#752,.F.);
#1005=ORIENTED_EDGE('',*,*,#764,.F.);
#1006=ORIENTED_EDGE('',*,*,#748,.T.);
#1007=ORIENTED_EDGE('',*,*,#742,.T.);
#1008=ORIENTED_EDGE('',*,*,#765,.T.);
#1009=ORIENTED_EDGE('',*,*,#766,.T.);
#1010=ORIENTED_EDGE('',*,*,#767,.F.);
#1011=ORIENTED_EDGE('',*,*,#768,.F.);
#1012=ORIENTED_EDGE('',*,*,#769,.T.);
#1013=ORIENTED_EDGE('',*,*,#770,.T.);
#1014=ORIENTED_EDGE('',*,*,#771,.T.);
#1015=ORIENTED_EDGE('',*,*,#772,.T.);
#1016=ORIENTED_EDGE('',*,*,#773,.F.);
#1017=ORIENTED_EDGE('',*,*,#774,.F.);
#1018=ORIENTED_EDGE('',*,*,#775,.T.);
#1019=ORIENTED_EDGE('',*,*,#776,.T.);
#1020=ORIENTED_EDGE('',*,*,#777,.T.);
#1021=ORIENTED_EDGE('',*,*,#778,.T.);
#1022=ORIENTED_EDGE('',*,*,#779,.T.);
#1023=ORIENTED_EDGE('',*,*,#780,.T.);
#1024=ORIENTED_EDGE('',*,*,#781,.T.);
#1025=ORIENTED_EDGE('',*,*,#782,.T.);
#1026=ORIENTED_EDGE('',*,*,#783,.T.);
#1027=ORIENTED_EDGE('',*,*,#784,.T.);
#1028=ORIENTED_EDGE('',*,*,#785,.F.);
#1029=ORIENTED_EDGE('',*,*,#786,.F.);
#1030=ORIENTED_EDGE('',*,*,#780,.F.);
#1031=ORIENTED_EDGE('',*,*,#787,.T.);
#1032=ORIENTED_EDGE('',*,*,#788,.F.);
#1033=ORIENTED_EDGE('',*,*,#789,.F.);
#1034=ORIENTED_EDGE('',*,*,#790,.F.);
#1035=ORIENTED_EDGE('',*,*,#791,.F.);
#1036=ORIENTED_EDGE('',*,*,#779,.F.);
#1037=ORIENTED_EDGE('',*,*,#792,.T.);
#1038=ORIENTED_EDGE('',*,*,#793,.F.);
#1039=ORIENTED_EDGE('',*,*,#787,.F.);
#1040=ORIENTED_EDGE('',*,*,#778,.F.);
#1041=ORIENTED_EDGE('',*,*,#794,.T.);
#1042=ORIENTED_EDGE('',*,*,#795,.T.);
#1043=ORIENTED_EDGE('',*,*,#796,.T.);
#1044=ORIENTED_EDGE('',*,*,#797,.T.);
#1045=ORIENTED_EDGE('',*,*,#792,.F.);
#1046=ORIENTED_EDGE('',*,*,#777,.F.);
#1047=ORIENTED_EDGE('',*,*,#798,.T.);
#1048=ORIENTED_EDGE('',*,*,#799,.F.);
#1049=ORIENTED_EDGE('',*,*,#794,.F.);
#1050=ORIENTED_EDGE('',*,*,#800,.F.);
#1051=ORIENTED_EDGE('',*,*,#801,.T.);
#1052=ORIENTED_EDGE('',*,*,#802,.T.);
#1053=ORIENTED_EDGE('',*,*,#771,.F.);
#1054=ORIENTED_EDGE('',*,*,#803,.T.);
#1055=ORIENTED_EDGE('',*,*,#804,.T.);
#1056=ORIENTED_EDGE('',*,*,#805,.F.);
#1057=ORIENTED_EDGE('',*,*,#806,.F.);
#1058=ORIENTED_EDGE('',*,*,#807,.F.);
#1059=ORIENTED_EDGE('',*,*,#808,.F.);
#1060=ORIENTED_EDGE('',*,*,#741,.T.);
#1061=ORIENTED_EDGE('',*,*,#809,.T.);
#1062=ORIENTED_EDGE('',*,*,#810,.T.);
#1063=ORIENTED_EDGE('',*,*,#811,.F.);
#1064=ORIENTED_EDGE('',*,*,#812,.F.);
#1065=ORIENTED_EDGE('',*,*,#813,.F.);
#1066=ORIENTED_EDGE('',*,*,#814,.T.);
#1067=ORIENTED_EDGE('',*,*,#815,.T.);
#1068=ORIENTED_EDGE('',*,*,#816,.F.);
#1069=ORIENTED_EDGE('',*,*,#817,.T.);
#1070=ORIENTED_EDGE('',*,*,#809,.F.);
#1071=ORIENTED_EDGE('',*,*,#818,.F.);
#1072=ORIENTED_EDGE('',*,*,#819,.F.);
#1073=ORIENTED_EDGE('',*,*,#820,.F.);
#1074=ORIENTED_EDGE('',*,*,#821,.T.);
#1075=ORIENTED_EDGE('',*,*,#822,.F.);
#1076=ORIENTED_EDGE('',*,*,#823,.F.);
#1077=ORIENTED_EDGE('',*,*,#824,.T.);
#1078=ORIENTED_EDGE('',*,*,#824,.F.);
#1079=ORIENTED_EDGE('',*,*,#825,.T.);
#1080=ORIENTED_EDGE('',*,*,#826,.F.);
#1081=ORIENTED_EDGE('',*,*,#825,.F.);
#1082=ORIENTED_EDGE('',*,*,#827,.T.);
#1083=ORIENTED_EDGE('',*,*,#828,.F.);
#1084=ORIENTED_EDGE('',*,*,#796,.F.);
#1085=ORIENTED_EDGE('',*,*,#829,.T.);
#1086=ORIENTED_EDGE('',*,*,#830,.F.);
#1087=ORIENTED_EDGE('',*,*,#831,.T.);
#1088=ORIENTED_EDGE('',*,*,#832,.T.);
#1089=ORIENTED_EDGE('',*,*,#814,.F.);
#1090=ORIENTED_EDGE('',*,*,#833,.T.);
#1091=ORIENTED_EDGE('',*,*,#834,.T.);
#1092=ORIENTED_EDGE('',*,*,#835,.T.);
#1093=ORIENTED_EDGE('',*,*,#836,.T.);
#1094=ORIENTED_EDGE('',*,*,#817,.F.);
#1095=ORIENTED_EDGE('',*,*,#837,.T.);
#1096=ORIENTED_EDGE('',*,*,#838,.T.);
#1097=ORIENTED_EDGE('',*,*,#839,.T.);
#1098=ORIENTED_EDGE('',*,*,#810,.F.);
#1099=ORIENTED_EDGE('',*,*,#781,.F.);
#1100=ORIENTED_EDGE('',*,*,#791,.T.);
#1101=ORIENTED_EDGE('',*,*,#840,.F.);
#1102=ORIENTED_EDGE('',*,*,#841,.F.);
#1103=ORIENTED_EDGE('',*,*,#782,.F.);
#1104=ORIENTED_EDGE('',*,*,#841,.T.);
#1105=ORIENTED_EDGE('',*,*,#842,.F.);
#1106=ORIENTED_EDGE('',*,*,#830,.T.);
#1107=ORIENTED_EDGE('',*,*,#843,.F.);
#1108=ORIENTED_EDGE('',*,*,#844,.F.);
#1109=ORIENTED_EDGE('',*,*,#783,.F.);
#1110=ORIENTED_EDGE('',*,*,#844,.T.);
#1111=ORIENTED_EDGE('',*,*,#845,.F.);
#1112=ORIENTED_EDGE('',*,*,#846,.F.);
#1113=ORIENTED_EDGE('',*,*,#784,.F.);
#1114=ORIENTED_EDGE('',*,*,#846,.T.);
#1115=ORIENTED_EDGE('',*,*,#847,.F.);
#1116=ORIENTED_EDGE('',*,*,#848,.F.);
#1117=ORIENTED_EDGE('',*,*,#798,.F.);
#1118=ORIENTED_EDGE('',*,*,#849,.F.);
#1119=ORIENTED_EDGE('',*,*,#799,.T.);
#1120=ORIENTED_EDGE('',*,*,#848,.T.);
#1121=ORIENTED_EDGE('',*,*,#850,.T.);
#1122=ORIENTED_EDGE('',*,*,#828,.T.);
#1123=ORIENTED_EDGE('',*,*,#851,.T.);
#1124=ORIENTED_EDGE('',*,*,#838,.F.);
#1125=ORIENTED_EDGE('',*,*,#852,.F.);
#1126=ORIENTED_EDGE('',*,*,#797,.F.);
#1127=ORIENTED_EDGE('',*,*,#829,.F.);
#1128=ORIENTED_EDGE('',*,*,#795,.F.);
#1129=ORIENTED_EDGE('',*,*,#849,.T.);
#1130=ORIENTED_EDGE('',*,*,#837,.F.);
#1131=ORIENTED_EDGE('',*,*,#816,.T.);
#1132=ORIENTED_EDGE('',*,*,#815,.F.);
#1133=ORIENTED_EDGE('',*,*,#832,.F.);
#1134=ORIENTED_EDGE('',*,*,#853,.F.);
#1135=ORIENTED_EDGE('',*,*,#788,.T.);
#1136=ORIENTED_EDGE('',*,*,#793,.T.);
#1137=ORIENTED_EDGE('',*,*,#852,.T.);
#1138=ORIENTED_EDGE('',*,*,#836,.F.);
#1139=ORIENTED_EDGE('',*,*,#854,.F.);
#1140=ORIENTED_EDGE('',*,*,#789,.T.);
#1141=ORIENTED_EDGE('',*,*,#853,.T.);
#1142=ORIENTED_EDGE('',*,*,#835,.F.);
#1143=ORIENTED_EDGE('',*,*,#827,.F.);
#1144=ORIENTED_EDGE('',*,*,#850,.F.);
#1145=ORIENTED_EDGE('',*,*,#847,.T.);
#1146=ORIENTED_EDGE('',*,*,#845,.T.);
#1147=ORIENTED_EDGE('',*,*,#843,.T.);
#1148=ORIENTED_EDGE('',*,*,#831,.F.);
#1149=ORIENTED_EDGE('',*,*,#842,.T.);
#1150=ORIENTED_EDGE('',*,*,#840,.T.);
#1151=ORIENTED_EDGE('',*,*,#790,.T.);
#1152=ORIENTED_EDGE('',*,*,#854,.T.);
#1153=ORIENTED_EDGE('',*,*,#834,.F.);
#1154=ORIENTED_EDGE('',*,*,#833,.F.);
#1155=ORIENTED_EDGE('',*,*,#813,.T.);
#1156=ORIENTED_EDGE('',*,*,#812,.T.);
#1157=ORIENTED_EDGE('',*,*,#811,.T.);
#1158=ORIENTED_EDGE('',*,*,#839,.F.);
#1159=ORIENTED_EDGE('',*,*,#851,.F.);
#1160=ORIENTED_EDGE('',*,*,#855,.T.);
#1161=ORIENTED_EDGE('',*,*,#856,.T.);
#1162=ORIENTED_EDGE('',*,*,#753,.T.);
#1163=ORIENTED_EDGE('',*,*,#762,.T.);
#1164=ORIENTED_EDGE('',*,*,#761,.T.);
#1165=ORIENTED_EDGE('',*,*,#760,.T.);
#1166=ORIENTED_EDGE('',*,*,#857,.F.);
#1167=ORIENTED_EDGE('',*,*,#858,.T.);
#1168=ORIENTED_EDGE('',*,*,#807,.T.);
#1169=ORIENTED_EDGE('',*,*,#806,.T.);
#1170=ORIENTED_EDGE('',*,*,#805,.T.);
#1171=ORIENTED_EDGE('',*,*,#859,.T.);
#1172=ORIENTED_EDGE('',*,*,#860,.T.);
#1173=ORIENTED_EDGE('',*,*,#857,.T.);
#1174=ORIENTED_EDGE('',*,*,#759,.T.);
#1175=ORIENTED_EDGE('',*,*,#861,.F.);
#1176=ORIENTED_EDGE('',*,*,#862,.T.);
#1177=ORIENTED_EDGE('',*,*,#861,.T.);
#1178=ORIENTED_EDGE('',*,*,#758,.T.);
#1179=ORIENTED_EDGE('',*,*,#863,.F.);
#1180=ORIENTED_EDGE('',*,*,#864,.T.);
#1181=ORIENTED_EDGE('',*,*,#865,.T.);
#1182=ORIENTED_EDGE('',*,*,#754,.T.);
#1183=ORIENTED_EDGE('',*,*,#856,.F.);
#1184=ORIENTED_EDGE('',*,*,#866,.F.);
#1185=ORIENTED_EDGE('',*,*,#808,.T.);
#1186=ORIENTED_EDGE('',*,*,#858,.F.);
#1187=ORIENTED_EDGE('',*,*,#867,.F.);
#1188=ORIENTED_EDGE('',*,*,#868,.F.);
#1189=ORIENTED_EDGE('',*,*,#867,.T.);
#1190=ORIENTED_EDGE('',*,*,#860,.F.);
#1191=ORIENTED_EDGE('',*,*,#869,.F.);
#1192=ORIENTED_EDGE('',*,*,#870,.F.);
#1193=ORIENTED_EDGE('',*,*,#869,.T.);
#1194=ORIENTED_EDGE('',*,*,#862,.F.);
#1195=ORIENTED_EDGE('',*,*,#871,.F.);
#1196=ORIENTED_EDGE('',*,*,#872,.F.);
#1197=ORIENTED_EDGE('',*,*,#873,.T.);
#1198=ORIENTED_EDGE('',*,*,#864,.F.);
#1199=ORIENTED_EDGE('',*,*,#874,.F.);
#1200=ORIENTED_EDGE('',*,*,#875,.F.);
#1201=ORIENTED_EDGE('',*,*,#874,.T.);
#1202=ORIENTED_EDGE('',*,*,#855,.F.);
#1203=ORIENTED_EDGE('',*,*,#876,.F.);
#1204=ORIENTED_EDGE('',*,*,#877,.F.);
#1205=ORIENTED_EDGE('',*,*,#876,.T.);
#1206=ORIENTED_EDGE('',*,*,#859,.F.);
#1207=ORIENTED_EDGE('',*,*,#804,.F.);
#1208=ORIENTED_EDGE('',*,*,#878,.F.);
#1209=ORIENTED_EDGE('',*,*,#879,.T.);
#1210=ORIENTED_EDGE('',*,*,#765,.F.);
#1211=ORIENTED_EDGE('',*,*,#880,.T.);
#1212=ORIENTED_EDGE('',*,*,#881,.T.);
#1213=ORIENTED_EDGE('',*,*,#770,.F.);
#1214=ORIENTED_EDGE('',*,*,#882,.T.);
#1215=ORIENTED_EDGE('',*,*,#883,.T.);
#1216=ORIENTED_EDGE('',*,*,#884,.F.);
#1217=ORIENTED_EDGE('',*,*,#803,.F.);
#1218=ORIENTED_EDGE('',*,*,#885,.T.);
#1219=ORIENTED_EDGE('',*,*,#886,.T.);
#1220=ORIENTED_EDGE('',*,*,#887,.F.);
#1221=ORIENTED_EDGE('',*,*,#888,.F.);
#1222=ORIENTED_EDGE('',*,*,#889,.F.);
#1223=ORIENTED_EDGE('',*,*,#890,.F.);
#1224=ORIENTED_EDGE('',*,*,#891,.F.);
#1225=ORIENTED_EDGE('',*,*,#892,.F.);
#1226=ORIENTED_EDGE('',*,*,#893,.T.);
#1227=ORIENTED_EDGE('',*,*,#800,.T.);
#1228=ORIENTED_EDGE('',*,*,#866,.T.);
#1229=ORIENTED_EDGE('',*,*,#894,.F.);
#1230=ORIENTED_EDGE('',*,*,#889,.T.);
#1231=ORIENTED_EDGE('',*,*,#895,.F.);
#1232=ORIENTED_EDGE('',*,*,#894,.T.);
#1233=ORIENTED_EDGE('',*,*,#868,.T.);
#1234=ORIENTED_EDGE('',*,*,#896,.F.);
#1235=ORIENTED_EDGE('',*,*,#890,.T.);
#1236=ORIENTED_EDGE('',*,*,#896,.T.);
#1237=ORIENTED_EDGE('',*,*,#870,.T.);
#1238=ORIENTED_EDGE('',*,*,#897,.T.);
#1239=ORIENTED_EDGE('',*,*,#891,.T.);
#1240=ORIENTED_EDGE('',*,*,#898,.F.);
#1241=ORIENTED_EDGE('',*,*,#899,.T.);
#1242=ORIENTED_EDGE('',*,*,#878,.T.);
#1243=ORIENTED_EDGE('',*,*,#900,.F.);
#1244=ORIENTED_EDGE('',*,*,#901,.F.);
#1245=ORIENTED_EDGE('',*,*,#902,.F.);
#1246=ORIENTED_EDGE('',*,*,#903,.F.);
#1247=ORIENTED_EDGE('',*,*,#904,.F.);
#1248=ORIENTED_EDGE('',*,*,#881,.F.);
#1249=ORIENTED_EDGE('',*,*,#872,.T.);
#1250=ORIENTED_EDGE('',*,*,#905,.F.);
#1251=ORIENTED_EDGE('',*,*,#900,.T.);
#1252=ORIENTED_EDGE('',*,*,#905,.T.);
#1253=ORIENTED_EDGE('',*,*,#875,.T.);
#1254=ORIENTED_EDGE('',*,*,#906,.F.);
#1255=ORIENTED_EDGE('',*,*,#901,.T.);
#1256=ORIENTED_EDGE('',*,*,#884,.T.);
#1257=ORIENTED_EDGE('',*,*,#907,.T.);
#1258=ORIENTED_EDGE('',*,*,#908,.T.);
#1259=ORIENTED_EDGE('',*,*,#902,.T.);
#1260=ORIENTED_EDGE('',*,*,#906,.T.);
#1261=ORIENTED_EDGE('',*,*,#877,.T.);
#1262=ORIENTED_EDGE('',*,*,#909,.T.);
#1263=ORIENTED_EDGE('',*,*,#820,.T.);
#1264=ORIENTED_EDGE('',*,*,#910,.T.);
#1265=ORIENTED_EDGE('',*,*,#911,.T.);
#1266=ORIENTED_EDGE('',*,*,#912,.T.);
#1267=ORIENTED_EDGE('',*,*,#913,.F.);
#1268=ORIENTED_EDGE('',*,*,#776,.F.);
#1269=ORIENTED_EDGE('',*,*,#914,.T.);
#1270=ORIENTED_EDGE('',*,*,#885,.F.);
#1271=ORIENTED_EDGE('',*,*,#897,.F.);
#1272=ORIENTED_EDGE('',*,*,#871,.T.);
#1273=ORIENTED_EDGE('',*,*,#915,.F.);
#1274=ORIENTED_EDGE('',*,*,#916,.F.);
#1275=ORIENTED_EDGE('',*,*,#917,.T.);
#1276=ORIENTED_EDGE('',*,*,#912,.F.);
#1277=ORIENTED_EDGE('',*,*,#918,.T.);
#1278=ORIENTED_EDGE('',*,*,#919,.F.);
#1279=ORIENTED_EDGE('',*,*,#920,.F.);
#1280=ORIENTED_EDGE('',*,*,#873,.F.);
#1281=ORIENTED_EDGE('',*,*,#880,.F.);
#1282=ORIENTED_EDGE('',*,*,#921,.F.);
#1283=ORIENTED_EDGE('',*,*,#916,.T.);
#1284=ORIENTED_EDGE('',*,*,#915,.T.);
#1285=ORIENTED_EDGE('',*,*,#863,.T.);
#1286=ORIENTED_EDGE('',*,*,#757,.T.);
#1287=ORIENTED_EDGE('',*,*,#756,.T.);
#1288=ORIENTED_EDGE('',*,*,#755,.T.);
#1289=ORIENTED_EDGE('',*,*,#865,.F.);
#1290=ORIENTED_EDGE('',*,*,#920,.T.);
#1291=ORIENTED_EDGE('',*,*,#919,.T.);
#1292=ORIENTED_EDGE('',*,*,#922,.F.);
#1293=ORIENTED_EDGE('',*,*,#923,.F.);
#1294=ORIENTED_EDGE('',*,*,#924,.F.);
#1295=ORIENTED_EDGE('',*,*,#925,.F.);
#1296=ORIENTED_EDGE('',*,*,#926,.F.);
#1297=ORIENTED_EDGE('',*,*,#927,.F.);
#1298=ORIENTED_EDGE('',*,*,#928,.F.);
#1299=ORIENTED_EDGE('',*,*,#910,.F.);
#1300=ORIENTED_EDGE('',*,*,#819,.T.);
#1301=ORIENTED_EDGE('',*,*,#929,.F.);
#1302=ORIENTED_EDGE('',*,*,#823,.T.);
#1303=ORIENTED_EDGE('',*,*,#930,.F.);
#1304=ORIENTED_EDGE('',*,*,#931,.F.);
#1305=ORIENTED_EDGE('',*,*,#932,.F.);
#1306=ORIENTED_EDGE('',*,*,#933,.F.);
#1307=ORIENTED_EDGE('',*,*,#918,.F.);
#1308=ORIENTED_EDGE('',*,*,#911,.F.);
#1309=ORIENTED_EDGE('',*,*,#928,.T.);
#1310=ORIENTED_EDGE('',*,*,#934,.T.);
#1311=ORIENTED_EDGE('',*,*,#922,.T.);
#1312=ORIENTED_EDGE('',*,*,#935,.T.);
#1313=ORIENTED_EDGE('',*,*,#936,.T.);
#1314=ORIENTED_EDGE('',*,*,#937,.F.);
#1315=ORIENTED_EDGE('',*,*,#924,.T.);
#1316=ORIENTED_EDGE('',*,*,#937,.T.);
#1317=ORIENTED_EDGE('',*,*,#938,.T.);
#1318=ORIENTED_EDGE('',*,*,#939,.F.);
#1319=ORIENTED_EDGE('',*,*,#925,.T.);
#1320=ORIENTED_EDGE('',*,*,#917,.F.);
#1321=ORIENTED_EDGE('',*,*,#921,.T.);
#1322=ORIENTED_EDGE('',*,*,#939,.T.);
#1323=ORIENTED_EDGE('',*,*,#940,.T.);
#1324=ORIENTED_EDGE('',*,*,#913,.T.);
#1325=ORIENTED_EDGE('',*,*,#941,.F.);
#1326=ORIENTED_EDGE('',*,*,#935,.F.);
#1327=ORIENTED_EDGE('',*,*,#923,.T.);
#1328=ORIENTED_EDGE('',*,*,#934,.F.);
#1329=ORIENTED_EDGE('',*,*,#942,.F.);
#1330=ORIENTED_EDGE('',*,*,#821,.F.);
#1331=ORIENTED_EDGE('',*,*,#909,.F.);
#1332=ORIENTED_EDGE('',*,*,#940,.F.);
#1333=ORIENTED_EDGE('',*,*,#943,.F.);
#1334=ORIENTED_EDGE('',*,*,#944,.F.);
#1335=ORIENTED_EDGE('',*,*,#943,.T.);
#1336=ORIENTED_EDGE('',*,*,#938,.F.);
#1337=ORIENTED_EDGE('',*,*,#945,.T.);
#1338=ORIENTED_EDGE('',*,*,#946,.F.);
#1339=ORIENTED_EDGE('',*,*,#945,.F.);
#1340=ORIENTED_EDGE('',*,*,#936,.F.);
#1341=ORIENTED_EDGE('',*,*,#947,.F.);
#1342=ORIENTED_EDGE('',*,*,#826,.T.);
#1343=ORIENTED_EDGE('',*,*,#948,.F.);
#1344=ORIENTED_EDGE('',*,*,#947,.T.);
#1345=ORIENTED_EDGE('',*,*,#941,.T.);
#1346=ORIENTED_EDGE('',*,*,#927,.T.);
#1347=ORIENTED_EDGE('',*,*,#818,.T.);
#1348=ORIENTED_EDGE('',*,*,#929,.T.);
#1349=ORIENTED_EDGE('',*,*,#949,.F.);
#1350=ORIENTED_EDGE('',*,*,#926,.T.);
#1351=ORIENTED_EDGE('',*,*,#949,.T.);
#1352=ORIENTED_EDGE('',*,*,#933,.T.);
#1353=ORIENTED_EDGE('',*,*,#950,.F.);
#1354=ORIENTED_EDGE('',*,*,#948,.T.);
#1355=ORIENTED_EDGE('',*,*,#950,.T.);
#1356=ORIENTED_EDGE('',*,*,#932,.T.);
#1357=ORIENTED_EDGE('',*,*,#951,.F.);
#1358=ORIENTED_EDGE('',*,*,#946,.T.);
#1359=ORIENTED_EDGE('',*,*,#951,.T.);
#1360=ORIENTED_EDGE('',*,*,#931,.T.);
#1361=ORIENTED_EDGE('',*,*,#952,.F.);
#1362=ORIENTED_EDGE('',*,*,#944,.T.);
#1363=ORIENTED_EDGE('',*,*,#822,.T.);
#1364=ORIENTED_EDGE('',*,*,#942,.T.);
#1365=ORIENTED_EDGE('',*,*,#952,.T.);
#1366=ORIENTED_EDGE('',*,*,#930,.T.);
#1367=ORIENTED_EDGE('',*,*,#887,.T.);
#1368=ORIENTED_EDGE('',*,*,#953,.T.);
#1369=ORIENTED_EDGE('',*,*,#774,.T.);
#1370=ORIENTED_EDGE('',*,*,#954,.T.);
#1371=ORIENTED_EDGE('',*,*,#773,.T.);
#1372=ORIENTED_EDGE('',*,*,#955,.T.);
#1373=ORIENTED_EDGE('',*,*,#956,.T.);
#1374=ORIENTED_EDGE('',*,*,#888,.T.);
#1375=ORIENTED_EDGE('',*,*,#954,.F.);
#1376=ORIENTED_EDGE('',*,*,#895,.T.);
#1377=ORIENTED_EDGE('',*,*,#956,.F.);
#1378=ORIENTED_EDGE('',*,*,#957,.T.);
#1379=ORIENTED_EDGE('',*,*,#801,.F.);
#1380=ORIENTED_EDGE('',*,*,#893,.F.);
#1381=ORIENTED_EDGE('',*,*,#908,.F.);
#1382=ORIENTED_EDGE('',*,*,#907,.F.);
#1383=ORIENTED_EDGE('',*,*,#883,.F.);
#1384=ORIENTED_EDGE('',*,*,#958,.T.);
#1385=ORIENTED_EDGE('',*,*,#959,.F.);
#1386=ORIENTED_EDGE('',*,*,#767,.T.);
#1387=ORIENTED_EDGE('',*,*,#960,.T.);
#1388=ORIENTED_EDGE('',*,*,#898,.T.);
#1389=ORIENTED_EDGE('',*,*,#961,.F.);
#1390=ORIENTED_EDGE('',*,*,#959,.T.);
#1391=ORIENTED_EDGE('',*,*,#962,.T.);
#1392=ORIENTED_EDGE('',*,*,#768,.T.);
#1393=ORIENTED_EDGE('',*,*,#961,.T.);
#1394=ORIENTED_EDGE('',*,*,#903,.T.);
#1395=ORIENTED_EDGE('',*,*,#786,.T.);
#1396=ORIENTED_EDGE('',*,*,#963,.T.);
#1397=ORIENTED_EDGE('',*,*,#904,.T.);
#1398=ORIENTED_EDGE('',*,*,#963,.F.);
#1399=ORIENTED_EDGE('',*,*,#785,.T.);
#1400=ORIENTED_EDGE('',*,*,#964,.T.);
#1401=ORIENTED_EDGE('',*,*,#892,.T.);
#1402=ORIENTED_EDGE('',*,*,#964,.F.);
#1403=ORIENTED_EDGE('',*,*,#766,.F.);
#1404=ORIENTED_EDGE('',*,*,#879,.F.);
#1405=ORIENTED_EDGE('',*,*,#899,.F.);
#1406=ORIENTED_EDGE('',*,*,#960,.F.);
#1407=ORIENTED_EDGE('',*,*,#775,.F.);
#1408=ORIENTED_EDGE('',*,*,#953,.F.);
#1409=ORIENTED_EDGE('',*,*,#886,.F.);
#1410=ORIENTED_EDGE('',*,*,#914,.F.);
#1411=ORIENTED_EDGE('',*,*,#772,.F.);
#1412=ORIENTED_EDGE('',*,*,#802,.F.);
#1413=ORIENTED_EDGE('',*,*,#957,.F.);
#1414=ORIENTED_EDGE('',*,*,#955,.F.);
#1415=ORIENTED_EDGE('',*,*,#769,.F.);
#1416=ORIENTED_EDGE('',*,*,#962,.F.);
#1417=ORIENTED_EDGE('',*,*,#958,.F.);
#1418=ORIENTED_EDGE('',*,*,#882,.F.);
#1419=TOROIDAL_SURFACE('',#1524,8.5,2.);
#1420=TOROIDAL_SURFACE('',#1536,8.5,1.);
#1421=TOROIDAL_SURFACE('',#1579,9.5,1.2);
#1422=TOROIDAL_SURFACE('',#1580,9.5,1.2);
#1423=TOROIDAL_SURFACE('',#1605,4.19999999992524,1.);
#1424=TOROIDAL_SURFACE('',#1610,4.20000000000011,1.);
#1425=TOROIDAL_SURFACE('',#1616,4.20000000000084,1.);
#1426=TOROIDAL_SURFACE('',#1620,4.2,1.);
#1427=ADVANCED_FACE('',(#347),#1419,.T.);
#1428=ADVANCED_FACE('',(#348),#317,.F.);
#1429=ADVANCED_FACE('',(#349),#136,.T.);
#1430=ADVANCED_FACE('',(#350),#318,.T.);
#1431=ADVANCED_FACE('',(#351),#1420,.T.);
#1432=ADVANCED_FACE('',(#352,#103),#112,.T.);
#1433=ADVANCED_FACE('',(#353),#319,.T.);
#1434=ADVANCED_FACE('',(#354),#320,.T.);
#1435=ADVANCED_FACE('',(#355,#104),#113,.T.);
#1436=ADVANCED_FACE('',(#356,#105,#106,#107),#114,.T.);
#1437=ADVANCED_FACE('',(#357),#115,.F.);
#1438=ADVANCED_FACE('',(#358),#321,.F.);
#1439=ADVANCED_FACE('',(#359),#116,.F.);
#1440=ADVANCED_FACE('',(#360),#322,.F.);
#1441=ADVANCED_FACE('',(#361),#117,.T.);
#1442=ADVANCED_FACE('',(#362),#323,.F.);
#1443=ADVANCED_FACE('',(#363,#108),#118,.T.);
#1444=ADVANCED_FACE('',(#364),#324,.F.);
#1445=ADVANCED_FACE('',(#365),#18,.T.);
#1446=ADVANCED_FACE('',(#366),#325,.T.);
#1447=ADVANCED_FACE('',(#367),#326,.T.);
#1448=ADVANCED_FACE('',(#368),#1421,.T.);
#1449=ADVANCED_FACE('',(#369),#1422,.T.);
#1450=ADVANCED_FACE('',(#370),#327,.F.);
#1451=ADVANCED_FACE('',(#371),#119,.F.);
#1452=ADVANCED_FACE('',(#372),#328,.F.);
#1453=ADVANCED_FACE('',(#373),#120,.F.);
#1454=ADVANCED_FACE('',(#374),#19,.T.);
#1455=ADVANCED_FACE('',(#375),#20,.T.);
#1456=ADVANCED_FACE('',(#376),#21,.T.);
#1457=ADVANCED_FACE('',(#377),#22,.T.);
#1458=ADVANCED_FACE('',(#378),#23,.F.);
#1459=ADVANCED_FACE('',(#379),#24,.F.);
#1460=ADVANCED_FACE('',(#380),#25,.F.);
#1461=ADVANCED_FACE('',(#381),#26,.F.);
#1462=ADVANCED_FACE('',(#382),#27,.F.);
#1463=ADVANCED_FACE('',(#383),#329,.T.);
#1464=ADVANCED_FACE('',(#384),#121,.T.);
#1465=ADVANCED_FACE('',(#385),#330,.T.);
#1466=ADVANCED_FACE('',(#386),#331,.T.);
#1467=ADVANCED_FACE('',(#387),#122,.T.);
#1468=ADVANCED_FACE('',(#388),#332,.T.);
#1469=ADVANCED_FACE('',(#389),#123,.T.);
#1470=ADVANCED_FACE('',(#390),#124,.T.);
#1471=ADVANCED_FACE('',(#391,#109),#125,.T.);
#1472=ADVANCED_FACE('',(#392),#1423,.F.);
#1473=ADVANCED_FACE('',(#393),#333,.F.);
#1474=ADVANCED_FACE('',(#394),#1424,.F.);
#1475=ADVANCED_FACE('',(#395,#110),#126,.T.);
#1476=ADVANCED_FACE('',(#396),#1425,.F.);
#1477=ADVANCED_FACE('',(#397),#334,.F.);
#1478=ADVANCED_FACE('',(#398),#1426,.F.);
#1479=ADVANCED_FACE('',(#399),#335,.F.);
#1480=ADVANCED_FACE('',(#400),#127,.T.);
#1481=ADVANCED_FACE('',(#401),#28,.F.);
#1482=ADVANCED_FACE('',(#402),#128,.T.);
#1483=ADVANCED_FACE('',(#403),#129,.T.);
#1484=ADVANCED_FACE('',(#404),#29,.T.);
#1485=ADVANCED_FACE('',(#405),#30,.T.);
#1486=ADVANCED_FACE('',(#406),#31,.T.);
#1487=ADVANCED_FACE('',(#407),#32,.T.);
#1488=ADVANCED_FACE('',(#408),#33,.T.);
#1489=ADVANCED_FACE('',(#409),#130,.T.);
#1490=ADVANCED_FACE('',(#410),#336,.T.);
#1491=ADVANCED_FACE('',(#411,#111),#131,.T.);
#1492=ADVANCED_FACE('',(#412),#337,.T.);
#1493=ADVANCED_FACE('',(#413),#338,.T.);
#1494=ADVANCED_FACE('',(#414),#15,.F.);
#1495=ADVANCED_FACE('',(#415),#339,.T.);
#1496=ADVANCED_FACE('',(#416),#16,.F.);
#1497=ADVANCED_FACE('',(#417),#340,.T.);
#1498=ADVANCED_FACE('',(#418),#34,.F.);
#1499=ADVANCED_FACE('',(#419),#132,.F.);
#1500=ADVANCED_FACE('',(#420),#133,.F.);
#1501=ADVANCED_FACE('',(#421),#134,.T.);
#1502=ADVANCED_FACE('',(#422),#35,.F.);
#1503=ADVANCED_FACE('',(#423),#135,.F.);
#1504=ADVANCED_FACE('',(#424),#341,.F.);
#1505=ADVANCED_FACE('',(#425),#342,.F.);
#1506=ADVANCED_FACE('',(#426),#343,.T.);
#1507=ADVANCED_FACE('',(#427),#344,.T.);
#1508=ADVANCED_FACE('',(#428),#345,.T.);
#1509=ADVANCED_FACE('',(#429),#346,.T.);
#1510=CLOSED_SHELL('',(#1427,#1428,#1429,#1430,#1431,#1432,#1433,#1434,
#1435,#1436,#1437,#1438,#1439,#1440,#1441,#1442,#1443,#1444,#1445,#1446,
#1447,#1448,#1449,#1450,#1451,#1452,#1453,#1454,#1455,#1456,#1457,#1458,
#1459,#1460,#1461,#1462,#1463,#1464,#1465,#1466,#1467,#1468,#1469,#1470,
#1471,#1472,#1473,#1474,#1475,#1476,#1477,#1478,#1479,#1480,#1481,#1482,
#1483,#1484,#1485,#1486,#1487,#1488,#1489,#1490,#1491,#1492,#1493,#1494,
#1495,#1496,#1497,#1498,#1499,#1500,#1501,#1502,#1503,#1504,#1505,#1506,
#1507,#1508,#1509));
#1511=DERIVED_UNIT_ELEMENT(#1513,1.);
#1512=DERIVED_UNIT_ELEMENT(#10972,-3.);
#1513=(
MASS_UNIT()
NAMED_UNIT(*)
SI_UNIT(.KILO.,.GRAM.)
);
#1514=DERIVED_UNIT((#1511,#1512));
#1515=MEASURE_REPRESENTATION_ITEM('density measure',
POSITIVE_RATIO_MEASURE(7850.),#1514);
#1516=PROPERTY_DEFINITION_REPRESENTATION(#1521,#1518);
#1517=PROPERTY_DEFINITION_REPRESENTATION(#1522,#1519);
#1518=REPRESENTATION('material name',(#1520),#10969);
#1519=REPRESENTATION('density',(#1515),#10969);
#1520=DESCRIPTIVE_REPRESENTATION_ITEM('Steel','Steel');
#1521=PROPERTY_DEFINITION('material property','material name',#10979);
#1522=PROPERTY_DEFINITION('material property','density of part',#10979);
#1523=AXIS2_PLACEMENT_3D('',#2015,#1657,#1658);
#1524=AXIS2_PLACEMENT_3D('',#2016,#1659,#1660);
#1525=AXIS2_PLACEMENT_3D('',#2019,#1661,#1662);
#1526=AXIS2_PLACEMENT_3D('',#2020,#1663,#1664);
#1527=AXIS2_PLACEMENT_3D('',#2022,#1665,#1666);
#1528=AXIS2_PLACEMENT_3D('',#2023,#1667,#1668);
#1529=AXIS2_PLACEMENT_3D('',#2024,#1669,#1670);
#1530=AXIS2_PLACEMENT_3D('',#2026,#1671,#1672);
#1531=AXIS2_PLACEMENT_3D('',#2028,#1674,#1675);
#1532=AXIS2_PLACEMENT_3D('',#2030,#1676,#1677);
#1533=AXIS2_PLACEMENT_3D('',#2033,#1679,#1680);
#1534=AXIS2_PLACEMENT_3D('',#2034,#1681,#1682);
#1535=AXIS2_PLACEMENT_3D('',#2037,#1684,#1685);
#1536=AXIS2_PLACEMENT_3D('',#2038,#1686,#1687);
#1537=AXIS2_PLACEMENT_3D('',#2040,#1688,#1689);
#1538=AXIS2_PLACEMENT_3D('',#2042,#1690,#1691);
#1539=AXIS2_PLACEMENT_3D('',#2043,#1692,#1693);
#1540=AXIS2_PLACEMENT_3D('',#2044,#1694,#1695);
#1541=AXIS2_PLACEMENT_3D('',#2046,#1696,#1697);
#1542=AXIS2_PLACEMENT_3D('',#2047,#1698,#1699);
#1543=AXIS2_PLACEMENT_3D('',#2090,#1700,#1701);
#1544=AXIS2_PLACEMENT_3D('',#2092,#1702,#1703);
#1545=AXIS2_PLACEMENT_3D('',#2094,#1704,#1705);
#1546=AXIS2_PLACEMENT_3D('',#2114,#1706,#1707);
#1547=AXIS2_PLACEMENT_3D('',#2116,#1708,#1709);
#1548=AXIS2_PLACEMENT_3D('',#2176,#1711,#1712);
#1549=AXIS2_PLACEMENT_3D('',#2178,#1714,#1715);
#1550=AXIS2_PLACEMENT_3D('',#2179,#1716,#1717);
#1551=AXIS2_PLACEMENT_3D('',#2184,#1719,#1720);
#1552=AXIS2_PLACEMENT_3D('',#2192,#1722,#1723);
#1553=AXIS2_PLACEMENT_3D('',#2198,#1726,#1727);
#1554=AXIS2_PLACEMENT_3D('',#2206,#1729,#1730);
#1555=AXIS2_PLACEMENT_3D('',#2210,#1732,#1733);
#1556=AXIS2_PLACEMENT_3D('',#2214,#1735,#1736);
#1557=AXIS2_PLACEMENT_3D('',#2218,#1738,#1739);
#1558=AXIS2_PLACEMENT_3D('',#2222,#1741,#1742);
#1559=AXIS2_PLACEMENT_3D('',#2225,#1744,#1745);
#1560=AXIS2_PLACEMENT_3D('',#2227,#1746,#1747);
#1561=AXIS2_PLACEMENT_3D('',#2228,#1748,#1749);
#1562=AXIS2_PLACEMENT_3D('',#2253,#1752,#1753);
#1563=AXIS2_PLACEMENT_3D('',#2268,#1755,#1756);
#1564=AXIS2_PLACEMENT_3D('',#2378,#1759,#1760);
#1565=AXIS2_PLACEMENT_3D('',#2395,#1762,#1763);
#1566=AXIS2_PLACEMENT_3D('',#2425,#1771,#1772);
#1567=AXIS2_PLACEMENT_3D('',#2429,#1774,#1775);
#1568=AXIS2_PLACEMENT_3D('',#2594,#1776,#1777);
#1569=AXIS2_PLACEMENT_3D('',#2596,#1778,#1779);
#1570=AXIS2_PLACEMENT_3D('',#2625,#1780,#1781);
#1571=AXIS2_PLACEMENT_3D('',#2626,#1782,#1783);
#1572=AXIS2_PLACEMENT_3D('',#2629,#1784,#1785);
#1573=AXIS2_PLACEMENT_3D('',#2637,#1789,#1790);
#1574=AXIS2_PLACEMENT_3D('',#2640,#1792,#1793);
#1575=AXIS2_PLACEMENT_3D('',#2641,#1794,#1795);
#1576=AXIS2_PLACEMENT_3D('',#2644,#1797,#1798);
#1577=AXIS2_PLACEMENT_3D('',#4457,#1799,#1800);
#1578=AXIS2_PLACEMENT_3D('',#4669,#1801,#1802);
#1579=AXIS2_PLACEMENT_3D('',#5064,#1804,#1805);
#1580=AXIS2_PLACEMENT_3D('',#5381,#1806,#1807);
#1581=AXIS2_PLACEMENT_3D('',#5717,#1808,#1809);
#1582=AXIS2_PLACEMENT_3D('',#5734,#1811,#1812);
#1583=AXIS2_PLACEMENT_3D('',#5838,#1814,#1815);
#1584=AXIS2_PLACEMENT_3D('',#5855,#1817,#1818);
#1585=AXIS2_PLACEMENT_3D('',#5925,#1819,#1820);
#1586=AXIS2_PLACEMENT_3D('',#10366,#1825,#1826);
#1587=AXIS2_PLACEMENT_3D('',#10389,#1828,#1829);
#1588=AXIS2_PLACEMENT_3D('',#10391,#1831,#1832);
#1589=AXIS2_PLACEMENT_3D('',#10393,#1833,#1834);
#1590=AXIS2_PLACEMENT_3D('',#10395,#1836,#1837);
#1591=AXIS2_PLACEMENT_3D('',#10399,#1840,#1841);
#1592=AXIS2_PLACEMENT_3D('',#10401,#1842,#1843);
#1593=AXIS2_PLACEMENT_3D('',#10403,#1845,#1846);
#1594=AXIS2_PLACEMENT_3D('',#10406,#1847,#1848);
#1595=AXIS2_PLACEMENT_3D('',#10409,#1851,#1852);
#1596=AXIS2_PLACEMENT_3D('',#10413,#1855,#1856);
#1597=AXIS2_PLACEMENT_3D('',#10414,#1857,#1858);
#1598=AXIS2_PLACEMENT_3D('',#10415,#1859,#1860);
#1599=AXIS2_PLACEMENT_3D('',#10425,#1864,#1865);
#1600=AXIS2_PLACEMENT_3D('',#10434,#1868,#1869);
#1601=AXIS2_PLACEMENT_3D('',#10439,#1871,#1872);
#1602=AXIS2_PLACEMENT_3D('',#10447,#1874,#1875);
#1603=AXIS2_PLACEMENT_3D('',#10450,#1877,#1878);
#1604=AXIS2_PLACEMENT_3D('',#10452,#1879,#1880);
#1605=AXIS2_PLACEMENT_3D('',#10453,#1881,#1882);
#1606=AXIS2_PLACEMENT_3D('',#10456,#1884,#1885);
#1607=AXIS2_PLACEMENT_3D('',#10457,#1886,#1887);
#1608=AXIS2_PLACEMENT_3D('',#10458,#1888,#1889);
#1609=AXIS2_PLACEMENT_3D('',#10459,#1890,#1891);
#1610=AXIS2_PLACEMENT_3D('',#10460,#1892,#1893);
#1611=AXIS2_PLACEMENT_3D('',#10465,#1894,#1895);
#1612=AXIS2_PLACEMENT_3D('',#10471,#1896,#1897);
#1613=AXIS2_PLACEMENT_3D('',#10473,#1898,#1899);
#1614=AXIS2_PLACEMENT_3D('',#10477,#1901,#1902);
#1615=AXIS2_PLACEMENT_3D('',#10480,#1904,#1905);
#1616=AXIS2_PLACEMENT_3D('',#10481,#1906,#1907);
#1617=AXIS2_PLACEMENT_3D('',#10482,#1908,#1909);
#1618=AXIS2_PLACEMENT_3D('',#10483,#1910,#1911);
#1619=AXIS2_PLACEMENT_3D('',#10484,#1912,#1913);
#1620=AXIS2_PLACEMENT_3D('',#10485,#1914,#1915);
#1621=AXIS2_PLACEMENT_3D('',#10488,#1917,#1918);
#1622=AXIS2_PLACEMENT_3D('',#10489,#1919,#1920);
#1623=AXIS2_PLACEMENT_3D('',#10491,#1921,#1922);
#1624=AXIS2_PLACEMENT_3D('',#10493,#1923,#1924);
#1625=AXIS2_PLACEMENT_3D('',#10525,#1926,#1927);
#1626=AXIS2_PLACEMENT_3D('',#10617,#1933,#1934);
#1627=AXIS2_PLACEMENT_3D('',#10623,#1935,#1936);
#1628=AXIS2_PLACEMENT_3D('',#10632,#1939,#1940);
#1629=AXIS2_PLACEMENT_3D('',#10638,#1943,#1944);
#1630=AXIS2_PLACEMENT_3D('',#10641,#1946,#1947);
#1631=AXIS2_PLACEMENT_3D('',#10699,#1948,#1949);
#1632=AXIS2_PLACEMENT_3D('',#10892,#1950,#1951);
#1633=AXIS2_PLACEMENT_3D('',#10896,#1954,#1955);
#1634=AXIS2_PLACEMENT_3D('',#10898,#1956,#1957);
#1635=AXIS2_PLACEMENT_3D('',#10900,#1959,#1960);
#1636=AXIS2_PLACEMENT_3D('',#10904,#1963,#1964);
#1637=AXIS2_PLACEMENT_3D('',#10905,#1965,#1966);
#1638=AXIS2_PLACEMENT_3D('',#10906,#1967,#1968);
#1639=AXIS2_PLACEMENT_3D('',#10907,#1969,#1970);
#1640=AXIS2_PLACEMENT_3D('',#10917,#1971,#1972);
#1641=AXIS2_PLACEMENT_3D('',#10918,#1973,#1974);
#1642=AXIS2_PLACEMENT_3D('',#10919,#1975,#1976);
#1643=AXIS2_PLACEMENT_3D('',#10929,#1977,#1978);
#1644=AXIS2_PLACEMENT_3D('',#10930,#1979,#1980);
#1645=AXIS2_PLACEMENT_3D('',#10939,#1983,#1984);
#1646=AXIS2_PLACEMENT_3D('',#10943,#1987,#1988);
#1647=AXIS2_PLACEMENT_3D('',#10944,#1989,#1990);
#1648=AXIS2_PLACEMENT_3D('',#10945,#1991,#1992);
#1649=AXIS2_PLACEMENT_3D('',#10947,#1993,#1994);
#1650=AXIS2_PLACEMENT_3D('',#10957,#1998,#1999);
#1651=AXIS2_PLACEMENT_3D('',#10959,#2001,#2002);
#1652=AXIS2_PLACEMENT_3D('',#10961,#2004,#2005);
#1653=AXIS2_PLACEMENT_3D('',#10963,#2007,#2008);
#1654=AXIS2_PLACEMENT_3D('',#10964,#2009,#2010);
#1655=AXIS2_PLACEMENT_3D('',#10965,#2011,#2012);
#1656=AXIS2_PLACEMENT_3D('',#10966,#2013,#2014);
#1657=DIRECTION('axis',(0.,0.,1.));
#1658=DIRECTION('refdir',(1.,0.,0.));
#1659=DIRECTION('center_axis',(0.,7.49068216750753E-96,-1.));
#1660=DIRECTION('ref_axis',(1.,0.,0.));
#1661=DIRECTION('center_axis',(0.,-7.49068216750753E-96,1.));
#1662=DIRECTION('ref_axis',(1.,0.,0.));
#1663=DIRECTION('center_axis',(0.,-7.49068216750753E-96,1.));
#1664=DIRECTION('ref_axis',(1.,0.,0.));
#1665=DIRECTION('center_axis',(0.,1.,7.49068216750753E-96));
#1666=DIRECTION('ref_axis',(-1.,0.,0.));
#1667=DIRECTION('center_axis',(-5.24347751725527E-95,-7.49068216750753E-96,
1.));
#1668=DIRECTION('ref_axis',(1.,-3.92772235342307E-190,5.24347751725527E-95));
#1669=DIRECTION('center_axis',(0.,0.,1.));
#1670=DIRECTION('ref_axis',(-1.,4.30823051029476E-21,0.));
#1671=DIRECTION('center_axis',(-4.35020107545188E-49,-5.04870979341448E-29,
-1.));
#1672=DIRECTION('ref_axis',(-1.,4.30823051029476E-21,2.17510051849066E-49));
#1673=DIRECTION('',(0.,0.,-1.));
#1674=DIRECTION('center_axis',(0.,0.,1.));
#1675=DIRECTION('ref_axis',(-1.,4.30823051029476E-21,1.07324038741316E-49));
#1676=DIRECTION('center_axis',(-4.35020107545188E-49,-5.04870979341448E-29,
-1.));
#1677=DIRECTION('ref_axis',(-1.,4.30823051029476E-21,0.));
#1678=DIRECTION('',(0.707106781186555,-8.6598652002559E-17,0.70710678118654));
#1679=DIRECTION('center_axis',(-4.35020107545188E-49,-5.04870979341448E-29,
-1.));
#1680=DIRECTION('ref_axis',(-1.,4.30823051029476E-21,0.));
#1681=DIRECTION('center_axis',(0.,0.,-1.));
#1682=DIRECTION('ref_axis',(-1.,4.30823051029476E-21,0.));
#1683=DIRECTION('',(0.,0.,1.));
#1684=DIRECTION('center_axis',(4.35020107545188E-49,5.04870979341448E-29,
1.));
#1685=DIRECTION('ref_axis',(-1.,4.30823051029476E-21,2.17510051849066E-49));
#1686=DIRECTION('center_axis',(4.35020107545188E-49,5.04870979341448E-29,
1.));
#1687=DIRECTION('ref_axis',(1.,0.,0.));
#1688=DIRECTION('center_axis',(-4.35020107545188E-49,-5.04870979341448E-29,
-1.));
#1689=DIRECTION('ref_axis',(-1.,-5.31443136148893E-30,4.35020107813498E-49));
#1690=DIRECTION('center_axis',(0.,-1.,5.04870979341448E-29));
#1691=DIRECTION('ref_axis',(-1.,0.,0.));
#1692=DIRECTION('center_axis',(4.35020107545188E-49,5.04870979341448E-29,
1.));
#1693=DIRECTION('ref_axis',(-1.,-5.31443136148893E-30,0.));
#1694=DIRECTION('center_axis',(4.35020107545188E-49,5.04870979341448E-29,
1.));
#1695=DIRECTION('ref_axis',(-1.,4.30823051029476E-21,2.17510051849066E-49));
#1696=DIRECTION('center_axis',(-4.35020107545188E-49,-5.04870979341448E-29,
-1.));
#1697=DIRECTION('ref_axis',(-1.,4.30823051029476E-21,0.));
#1698=DIRECTION('center_axis',(5.24347751725527E-95,7.49068216750753E-96,
-1.));
#1699=DIRECTION('ref_axis',(1.,-3.92772235342307E-190,5.24347751725527E-95));
#1700=DIRECTION('center_axis',(-1.87490240663289E-6,-1.74839597086444E-6,
-0.999999999996714));
#1701=DIRECTION('ref_axis',(-0.833503086850122,-0.552514799987225,2.52875159362759E-6));
#1702=DIRECTION('center_axis',(-1.65493097241847E-15,-1.744286616622E-7,
-0.999999999999985));
#1703=DIRECTION('ref_axis',(-0.609301550386563,-0.792938598314215,1.38311219319727E-7));
#1704=DIRECTION('center_axis',(-5.58534921735722E-14,5.2084857814027E-14,
-1.));
#1705=DIRECTION('ref_axis',(0.609301535340187,-0.792938609876005,-7.52614345114318E-14));
#1706=DIRECTION('center_axis',(4.31859484236525E-9,1.92686167685906E-9,
-1.));
#1707=DIRECTION('ref_axis',(0.985140341767231,0.171751294093357,4.58536320024903E-9));
#1708=DIRECTION('center_axis',(-4.07261740129489E-10,-4.76087764016021E-9,
-1.));
#1709=DIRECTION('ref_axis',(0.785845140546842,0.618423329992421,-3.26428241162615E-9));
#1710=DIRECTION('',(-5.24347751725527E-95,-7.49068216750753E-96,1.));
#1711=DIRECTION('center_axis',(0.,0.,1.));
#1712=DIRECTION('ref_axis',(-1.,4.30823051029476E-21,0.));
#1713=DIRECTION('',(0.,0.,-1.));
#1714=DIRECTION('center_axis',(4.35020107545188E-49,5.04870979341448E-29,
1.));
#1715=DIRECTION('ref_axis',(-1.,4.30823051029476E-21,2.17510051849066E-49));
#1716=DIRECTION('center_axis',(5.24347751725527E-95,7.49068216750753E-96,
-1.));
#1717=DIRECTION('ref_axis',(0.,-1.,-7.49068216750753E-96));
#1718=DIRECTION('',(-1.,1.92477034310912E-9,-7.77158275455619E-95));
#1719=DIRECTION('center_axis',(5.24347751725527E-95,7.49068216750753E-96,
-1.));
#1720=DIRECTION('ref_axis',(-1.,3.92772235342307E-190,-5.24347751725527E-95));
#1721=DIRECTION('',(-0.707106781186548,-0.707106781186547,-4.23736972508618E-95));
#1722=DIRECTION('center_axis',(5.24347751725527E-95,7.49068216750753E-96,
-1.));
#1723=DIRECTION('ref_axis',(-1.,3.92772235342307E-190,-5.24347751725527E-95));
#1724=DIRECTION('',(1.,-1.92476812266307E-9,7.77158275455618E-95));
#1725=DIRECTION('',(1.,-2.70154269324613E-14,5.24347751725525E-95));
#1726=DIRECTION('center_axis',(5.24347751725527E-95,7.49068216750753E-96,
-1.));
#1727=DIRECTION('ref_axis',(-1.,3.92772235342307E-190,-5.24347751725527E-95));
#1728=DIRECTION('',(-0.707106781186548,0.707106781186547,-3.17802729381463E-95));
#1729=DIRECTION('center_axis',(5.24347751725527E-95,7.49068216750753E-96,
-1.));
#1730=DIRECTION('ref_axis',(-1.,3.92772235342307E-190,-5.24347751725527E-95));
#1731=DIRECTION('',(-1.,-7.68799908550312E-144,-5.24347751725527E-95));
#1732=DIRECTION('center_axis',(-5.24347751725527E-95,-7.49068216750754E-96,
1.));
#1733=DIRECTION('ref_axis',(7.18256449108422E-7,-0.999999999999742,-7.49064450589019E-96));
#1734=DIRECTION('',(1.,7.68799908550312E-144,5.24347751725527E-95));
#1735=DIRECTION('center_axis',(-5.24347751725527E-95,-7.49068216750753E-96,
1.));
#1736=DIRECTION('ref_axis',(0.999999999999966,-2.58994055368763E-7,5.24347732325088E-95));
#1737=DIRECTION('',(1.25685659587325E-15,1.,7.49068216750759E-96));
#1738=DIRECTION('center_axis',(-5.24347751725527E-95,-7.49068216750753E-96,
1.));
#1739=DIRECTION('ref_axis',(5.03069808052078E-14,1.,7.49068216751017E-96));
#1740=DIRECTION('',(-1.,2.70154269324613E-14,-5.24347751725525E-95));
#1741=DIRECTION('center_axis',(-5.24347751725527E-95,-7.49068216750753E-96,
1.));
#1742=DIRECTION('ref_axis',(-1.,3.46944695195361E-15,-5.24347751725527E-95));
#1743=DIRECTION('',(7.96008623759267E-15,-1.,-7.49068216750711E-96));
#1744=DIRECTION('center_axis',(5.24347751725527E-95,7.49068216750753E-96,
-1.));
#1745=DIRECTION('ref_axis',(-1.,3.92772235342307E-190,-5.24347751725527E-95));
#1746=DIRECTION('center_axis',(5.24347751725527E-95,7.49068216750753E-96,
-1.));
#1747=DIRECTION('ref_axis',(-1.,3.92772235342307E-190,-5.24347751725527E-95));
#1748=DIRECTION('center_axis',(1.,-1.25685659587325E-15,5.24347751725527E-95));
#1749=DIRECTION('ref_axis',(-1.25685659587325E-15,-1.,0.));
#1750=DIRECTION('',(-5.24347751725527E-95,-7.49068216750753E-96,1.));
#1751=DIRECTION('',(-5.24347751725527E-95,-7.49068216750753E-96,1.));
#1752=DIRECTION('center_axis',(-5.24347751725527E-95,-7.49068216750753E-96,
1.));
#1753=DIRECTION('ref_axis',(0.999999999999966,-2.58994055368763E-7,5.24347732325088E-95));
#1754=DIRECTION('',(-5.24347751725527E-95,-7.49068216750753E-96,1.));
#1755=DIRECTION('center_axis',(7.68799908550312E-144,-1.,-7.49068216750753E-96));
#1756=DIRECTION('ref_axis',(0.,7.49068216750753E-96,-1.));
#1757=DIRECTION('',(-5.24347751725527E-95,-7.49068216750753E-96,1.));
#1758=DIRECTION('',(1.,-4.63518737584778E-126,6.18793758992194E-31));
#1759=DIRECTION('center_axis',(-5.24347751725527E-95,-7.49068216750754E-96,
1.));
#1760=DIRECTION('ref_axis',(7.18256449108422E-7,-0.999999999999742,-7.49064450589019E-96));
#1761=DIRECTION('',(-5.24347751725527E-95,-7.49068216750753E-96,1.));
#1762=DIRECTION('center_axis',(2.70154269324613E-14,1.,7.49068216750894E-96));
#1763=DIRECTION('ref_axis',(1.,-2.70154269324613E-14,0.));
#1764=DIRECTION('',(-1.,2.70154269324613E-14,0.));
#1765=DIRECTION('',(-7.49068216750915E-96,7.49068216750914E-96,-1.));
#1766=DIRECTION('',(-5.24347751725527E-95,-7.49068216750753E-96,1.));
#1767=DIRECTION('',(-5.24347751725527E-95,-7.49068216750753E-96,1.));
#1768=DIRECTION('',(-1.,2.68521972414645E-14,0.));
#1769=DIRECTION('',(-0.99999999994444,8.94207026567184E-6,5.58211652568733E-6));
#1770=DIRECTION('',(-5.24347751725527E-95,-7.49068216750753E-96,1.));
#1771=DIRECTION('center_axis',(5.24347751725527E-95,7.49068216750753E-96,
-1.));
#1772=DIRECTION('ref_axis',(1.,-3.92772235342307E-190,5.24347751725527E-95));
#1773=DIRECTION('',(5.24347751725527E-95,7.49068216750753E-96,-1.));
#1774=DIRECTION('center_axis',(5.24347751725527E-95,7.49068216750753E-96,
-1.));
#1775=DIRECTION('ref_axis',(1.,-3.92772235342307E-190,5.24347751725527E-95));
#1776=DIRECTION('center_axis',(-0.149608963684708,-0.203935699516277,0.967485084354273));
#1777=DIRECTION('ref_axis',(0.736824692787741,0.629493848287787,0.246631034272013));
#1778=DIRECTION('center_axis',(5.24347751725527E-95,7.49068216750753E-96,
-1.));
#1779=DIRECTION('ref_axis',(1.,-3.92772235342307E-190,5.24347751725527E-95));
#1780=DIRECTION('center_axis',(5.24347751725527E-95,7.49068216750753E-96,
-1.));
#1781=DIRECTION('ref_axis',(1.,-3.92772235342307E-190,5.24347751725527E-95));
#1782=DIRECTION('center_axis',(5.24347751725527E-95,7.49068216750753E-96,
-1.));
#1783=DIRECTION('ref_axis',(0.,-1.,-7.49068216750753E-96));
#1784=DIRECTION('center_axis',(-5.24347751725527E-95,-7.49068216750754E-96,
1.));
#1785=DIRECTION('ref_axis',(-0.707106781186549,-0.707106781186546,-4.23736972508618E-95));
#1786=DIRECTION('',(7.68799908550312E-144,-1.,-7.49068216750753E-96));
#1787=DIRECTION('',(-1.,-7.68799908550312E-144,-5.24347751725527E-95));
#1788=DIRECTION('',(7.68799908550312E-144,-1.,-7.49068216750753E-96));
#1789=DIRECTION('center_axis',(-5.24347751725527E-95,-7.49068216750753E-96,
1.));
#1790=DIRECTION('ref_axis',(0.707106781186549,-0.707106781186546,3.17802729381464E-95));
#1791=DIRECTION('',(1.,7.68799908550312E-144,5.24347751725527E-95));
#1792=DIRECTION('center_axis',(-5.24347751725527E-95,-7.49068216750753E-96,
1.));
#1793=DIRECTION('ref_axis',(-1.,3.92772235342307E-190,-5.24347751725527E-95));
#1794=DIRECTION('center_axis',(-5.24347751725527E-95,-7.49068216750753E-96,
1.));
#1795=DIRECTION('ref_axis',(-1.,3.92772235342307E-190,-5.24347751725527E-95));
#1796=DIRECTION('',(-5.24347751725527E-95,-7.49068216750753E-96,1.));
#1797=DIRECTION('center_axis',(5.24347751725527E-95,7.49068216750753E-96,
-1.));
#1798=DIRECTION('ref_axis',(-1.,3.92772235342307E-190,-5.24347751725527E-95));
#1799=DIRECTION('center_axis',(1.,-4.63518737584778E-126,6.18793758992194E-31));
#1800=DIRECTION('ref_axis',(-6.18793758992194E-31,2.86822501993401E-156,
1.));
#1801=DIRECTION('center_axis',(-1.,2.70154269324613E-14,-6.21472399655525E-31));
#1802=DIRECTION('ref_axis',(6.21472399655525E-31,-1.67893422034352E-44,
-1.));
#1803=DIRECTION('',(-1.,2.70154269324613E-14,-6.21472399655525E-31));
#1804=DIRECTION('center_axis',(0.,7.49068216750753E-96,-1.));
#1805=DIRECTION('ref_axis',(1.,0.,0.));
#1806=DIRECTION('center_axis',(-2.12483417534644E-97,5.43084112961609E-96,
-1.));
#1807=DIRECTION('ref_axis',(-0.999235482145864,-0.0390954117605058,0.));
#1808=DIRECTION('center_axis',(-5.24347751725527E-95,-7.49068216750753E-96,
1.));
#1809=DIRECTION('ref_axis',(5.03069808052078E-14,1.,7.49068216751017E-96));
#1810=DIRECTION('',(-5.24347751725527E-95,-7.49068216750753E-96,1.));
#1811=DIRECTION('center_axis',(2.70154269324613E-14,1.,7.49068216750894E-96));
#1812=DIRECTION('ref_axis',(1.,-2.70154269324613E-14,0.));
#1813=DIRECTION('',(-5.24347751725527E-95,-7.49068216750753E-96,1.));
#1814=DIRECTION('center_axis',(-5.24347751725527E-95,-7.49068216750753E-96,
1.));
#1815=DIRECTION('ref_axis',(-1.,3.46944695195361E-15,-5.24347751725527E-95));
#1816=DIRECTION('',(-5.24347751725527E-95,-7.49068216750753E-96,1.));
#1817=DIRECTION('center_axis',(-1.,-7.96008623759267E-15,-5.24347751725527E-95));
#1818=DIRECTION('ref_axis',(-7.96008623759267E-15,1.,0.));
#1819=DIRECTION('center_axis',(-0.818167107057236,-0.267602184973102,0.508912227724206));
#1820=DIRECTION('ref_axis',(0.281118116483751,-0.958266608948448,-0.0519394913247147));
#1821=DIRECTION('',(0.502436866685428,0.0875959754819192,0.860165181854451));
#1822=DIRECTION('',(-0.502436843344103,-0.0875958220225442,0.860165211116218));
#1823=DIRECTION('',(1.25685659587325E-15,1.,7.76335284079505E-32));
#1824=DIRECTION('',(-0.502436859377137,0.0875959272208149,0.860165191038073));
#1825=DIRECTION('center_axis',(3.35039082061708E-15,-3.35039411828934E-15,
1.));
#1826=DIRECTION('ref_axis',(0.999999999999966,-2.58994031776529E-7,-3.46944695195349E-15));
#1827=DIRECTION('',(-0.377319925928855,0.0555673966502814,0.92441437565983));
#1828=DIRECTION('center_axis',(-6.7007838195657E-15,-6.7007933350823E-15,
1.));
#1829=DIRECTION('ref_axis',(7.18256436271579E-7,-0.999999999999742,-6.93889390390539E-15));
#1830=DIRECTION('',(0.377319915665888,0.0555674172566616,0.924414378610216));
#1831=DIRECTION('center_axis',(-5.24347751725527E-95,-7.49068216750753E-96,
1.));
#1832=DIRECTION('ref_axis',(5.04154010217538E-14,1.,7.49068216751017E-96));
#1833=DIRECTION('center_axis',(7.77158274878905E-95,-2.99627286700301E-95,
-1.));
#1834=DIRECTION('ref_axis',(0.707106775476272,0.707106786896823,3.37665393819062E-95));
#1835=DIRECTION('',(-5.24347751725527E-95,-7.49068216750753E-96,1.));
#1836=DIRECTION('center_axis',(1.,-1.25685659587325E-15,5.24347751725527E-95));
#1837=DIRECTION('ref_axis',(-1.25685659587325E-15,-1.,0.));
#1838=DIRECTION('',(-1.25685659587325E-15,-1.,2.996272867003E-95));
#1839=DIRECTION('',(-5.24347751725527E-95,-7.49068216750753E-96,1.));
#1840=DIRECTION('center_axis',(-5.24347751725527E-95,-7.49068216750753E-96,
1.));
#1841=DIRECTION('ref_axis',(0.999999999999966,-2.58994056669811E-7,5.24347732325088E-95));
#1842=DIRECTION('center_axis',(7.77158274878905E-95,-2.99627286700301E-95,
-1.));
#1843=DIRECTION('ref_axis',(0.707106433196414,-0.70710712917651,7.61402206300298E-95));
#1844=DIRECTION('',(-5.24347751725527E-95,-7.49068216750753E-96,1.));
#1845=DIRECTION('center_axis',(-5.24347751725527E-95,-7.49068216750753E-96,
1.));
#1846=DIRECTION('ref_axis',(7.18256449325374E-7,-0.999999999999742,-7.49064450589016E-96));
#1847=DIRECTION('center_axis',(7.77158274878905E-95,-2.99627286700301E-95,
-1.));
#1848=DIRECTION('ref_axis',(-0.707106279119598,-0.707107283253141,-3.37664859349469E-95));
#1849=DIRECTION('',(-5.24347751725527E-95,-7.49068216750753E-96,1.));
#1850=DIRECTION('',(-5.24347751725527E-95,-7.49068216750753E-96,1.));
#1851=DIRECTION('center_axis',(-1.,-7.96008623759267E-15,-5.24347751725527E-95));
#1852=DIRECTION('ref_axis',(-7.96008623759267E-15,1.,0.));
#1853=DIRECTION('',(-7.96008623759267E-15,1.,-2.99627286700307E-95));
#1854=DIRECTION('',(-5.24347751725527E-95,-7.49068216750753E-96,1.));
#1855=DIRECTION('center_axis',(-5.24347751725527E-95,-7.49068216750753E-96,
1.));
#1856=DIRECTION('ref_axis',(-1.,2.16840434497101E-15,-5.24347751725527E-95));
#1857=DIRECTION('center_axis',(7.77158274878905E-95,-2.996272867003E-95,
-1.));
#1858=DIRECTION('ref_axis',(-0.707106524756391,0.707107037616611,-7.61402250023047E-95));
#1859=DIRECTION('center_axis',(-1.92477034310912E-9,-1.,-7.49068226843243E-96));
#1860=DIRECTION('ref_axis',(-1.,1.92477034310912E-9,0.));
#1861=DIRECTION('',(1.,-1.92477034310912E-9,7.77158275455619E-95));
#1862=DIRECTION('',(1.44178430799321E-104,7.49068226843243E-96,-1.));
#1863=DIRECTION('',(-5.24347751725527E-95,-7.49068216750753E-96,1.));
#1864=DIRECTION('center_axis',(1.92476812266307E-9,1.,7.4906822684323E-96));
#1865=DIRECTION('ref_axis',(3.89173229763819E-87,0.,-1.));
#1866=DIRECTION('',(-7.49068225401449E-96,-7.49068225401448E-96,1.));
#1867=DIRECTION('',(-1.,1.92476812266307E-9,0.));
#1868=DIRECTION('center_axis',(-7.77158274878905E-95,2.99627286700301E-95,
1.));
#1869=DIRECTION('ref_axis',(1.,0.,7.77158274878905E-95));
#1870=DIRECTION('',(1.,7.68799908550312E-144,7.77158274878905E-95));
#1871=DIRECTION('center_axis',(-7.77158274878905E-95,2.99627286700301E-95,
1.));
#1872=DIRECTION('ref_axis',(1.,2.32857825238653E-189,7.77158274878905E-95));
#1873=DIRECTION('',(0.707106781186548,-0.707106781186547,0.));
#1874=DIRECTION('center_axis',(-7.77158274878905E-95,2.99627286700301E-95,
1.));
#1875=DIRECTION('ref_axis',(0.707106775476272,0.707106786896823,3.37665393819061E-95));
#1876=DIRECTION('',(1.25685659587325E-15,1.,-2.996272867003E-95));
#1877=DIRECTION('center_axis',(-7.77158274878905E-95,2.99627286700301E-95,
1.));
#1878=DIRECTION('ref_axis',(0.707106433196414,-0.70710712917651,7.61402206300298E-95));
#1879=DIRECTION('center_axis',(0.,0.,1.));
#1880=DIRECTION('ref_axis',(1.,0.,0.));
#1881=DIRECTION('center_axis',(0.,2.99627286700301E-95,1.));
#1882=DIRECTION('ref_axis',(1.,0.,0.));
#1883=DIRECTION('',(-0.999999996998788,7.74753072604185E-5,0.));
#1884=DIRECTION('center_axis',(-7.68799908550312E-144,1.,7.49068216750753E-96));
#1885=DIRECTION('ref_axis',(-5.75883576535924E-239,7.49068216750753E-96,
-1.));
#1886=DIRECTION('center_axis',(0.,-2.99627286700301E-95,-1.));
#1887=DIRECTION('ref_axis',(-7.84755858193952E-15,-1.,2.99627286700301E-95));
#1888=DIRECTION('center_axis',(1.25685659587325E-15,1.,-6.90253292068385E-31));
#1889=DIRECTION('ref_axis',(-0.707106781186548,8.88731821921016E-16,-0.707106781186547));
#1890=DIRECTION('center_axis',(2.58994052870775E-7,0.999999999999966,7.49069574780221E-96));
#1891=DIRECTION('ref_axis',(1.94004565054518E-102,7.49069574780196E-96,
-1.));
#1892=DIRECTION('center_axis',(0.,2.99627286700301E-95,1.));
#1893=DIRECTION('ref_axis',(1.,0.,0.));
#1894=DIRECTION('center_axis',(-7.77158274878905E-95,2.99627286700301E-95,
1.));
#1895=DIRECTION('ref_axis',(1.,0.,7.77158274878905E-95));
#1896=DIRECTION('center_axis',(-7.77158274878905E-95,2.99627286700301E-95,
1.));
#1897=DIRECTION('ref_axis',(1.,2.32857825238653E-189,7.77158274878905E-95));
#1898=DIRECTION('center_axis',(-7.77158274878905E-95,2.996272867003E-95,
1.));
#1899=DIRECTION('ref_axis',(-0.707106279119599,-0.70710728325314,-3.3766485934947E-95));
#1900=DIRECTION('',(7.96008623759267E-15,-1.,2.99627286700307E-95));
#1901=DIRECTION('center_axis',(-7.77158274878905E-95,2.99627286700301E-95,
1.));
#1902=DIRECTION('ref_axis',(-0.707106524756391,0.707107037616611,-7.61402250023047E-95));
#1903=DIRECTION('',(0.707106781186548,0.707106781186547,0.));
#1904=DIRECTION('center_axis',(0.,0.,1.));
#1905=DIRECTION('ref_axis',(-1.,0.,0.));
#1906=DIRECTION('center_axis',(-6.02138200245222E-97,3.14396259510057E-95,
1.));
#1907=DIRECTION('ref_axis',(-0.999816646937966,-0.0191486946218958,0.));
#1908=DIRECTION('center_axis',(8.88178419700124E-15,-1.,-7.49068216750706E-96));
#1909=DIRECTION('ref_axis',(-6.65306225001232E-110,7.49068216750706E-96,
-1.));
#1910=DIRECTION('center_axis',(7.96008623759267E-15,-1.,1.57772181044203E-30));
#1911=DIRECTION('ref_axis',(0.707106781186548,5.62863095743149E-15,-0.707106781186547));
#1912=DIRECTION('center_axis',(7.68799908550312E-144,-1.,-7.49068216750753E-96));
#1913=DIRECTION('ref_axis',(-5.75883576535924E-239,7.49068216750753E-96,
-1.));
#1914=DIRECTION('center_axis',(0.,2.99627286700301E-95,1.));
#1915=DIRECTION('ref_axis',(1.,0.,0.));
#1916=DIRECTION('',(-0.999999996992093,-7.75616762773937E-5,0.));
#1917=DIRECTION('center_axis',(-7.77158274878905E-95,2.99627286700301E-95,
1.));
#1918=DIRECTION('ref_axis',(-0.707106524756391,0.707107037616611,-7.61402250023047E-95));
#1919=DIRECTION('center_axis',(-1.,1.01832585459379E-110,-5.24347751725527E-95));
#1920=DIRECTION('ref_axis',(-3.70769850945039E-95,0.70710678118655,0.707106781186545));
#1921=DIRECTION('center_axis',(1.,-3.01860040263143E-31,-7.40148683083438E-16));
#1922=DIRECTION('ref_axis',(5.2336415289459E-16,0.70710678118655,0.707106781186545));
#1923=DIRECTION('center_axis',(-1.,1.50930020131571E-31,3.70074341541719E-16));
#1924=DIRECTION('ref_axis',(2.61682076447295E-16,0.70710678118655,0.707106781186545));
#1925=DIRECTION('',(1.,7.68799908550312E-144,5.24347751725527E-95));
#1926=DIRECTION('center_axis',(7.68799908550312E-144,-1.,-7.49068216750753E-96));
#1927=DIRECTION('ref_axis',(0.,7.49068216750753E-96,-1.));
#1928=DIRECTION('',(5.75883576535924E-239,-7.49068216750753E-96,1.));
#1929=DIRECTION('',(1.,-4.63518737584778E-126,6.18793758992194E-31));
#1930=DIRECTION('',(1.,-4.63518737584778E-126,6.18793758992194E-31));
#1931=DIRECTION('',(1.,-4.63518737584778E-126,6.18793758992194E-31));
#1932=DIRECTION('',(1.,-4.63518737584778E-126,6.18793758992194E-31));
#1933=DIRECTION('center_axis',(-1.80814224826687E-10,-0.222822813709926,
-0.974858960922241));
#1934=DIRECTION('ref_axis',(-0.087336960511466,-0.971133856161568,0.221971369201932));
#1935=DIRECTION('center_axis',(-1.,-2.77210927083864E-111,3.70074341541719E-16));
#1936=DIRECTION('ref_axis',(-2.77210927083864E-111,1.,0.));
#1937=DIRECTION('',(-3.70074341541719E-16,7.49068216750753E-96,-1.));
#1938=DIRECTION('',(7.68799908550312E-144,-1.,-7.49068216750753E-96));
#1939=DIRECTION('center_axis',(7.68799908550312E-144,-1.,-7.49068216750753E-96));
#1940=DIRECTION('ref_axis',(0.,7.49068216750753E-96,-1.));
#1941=DIRECTION('',(3.70074341541719E-16,-7.49068216750753E-96,1.));
#1942=DIRECTION('',(-7.40148683083438E-16,7.49068216750753E-96,-1.));
#1943=DIRECTION('center_axis',(-3.89827866211683E-111,1.,7.49068216750753E-96));
#1944=DIRECTION('ref_axis',(0.707106781186547,-5.29671215635772E-96,0.707106781186547));
#1945=DIRECTION('',(1.,7.68799908550312E-144,5.24347751725527E-95));
#1946=DIRECTION('center_axis',(3.89827866211683E-111,1.,7.49068216750753E-96));
#1947=DIRECTION('ref_axis',(-0.707106781186547,-5.29671215635772E-96,0.707106781186547));
#1948=DIRECTION('center_axis',(0.,0.,1.));
#1949=DIRECTION('ref_axis',(0.999999999999681,7.98767236948954E-7,0.));
#1950=DIRECTION('center_axis',(1.,5.54421854167729E-111,-7.40148683083438E-16));
#1951=DIRECTION('ref_axis',(-7.40148683083438E-16,0.,-1.));
#1952=DIRECTION('',(7.40148683083438E-16,-7.49068216750753E-96,1.));
#1953=DIRECTION('',(-7.68799908550312E-144,1.,7.49068216750753E-96));
#1954=DIRECTION('center_axis',(-3.8187219547267E-111,1.,7.49068216750753E-96));
#1955=DIRECTION('ref_axis',(0.70710678118655,-5.2967121563577E-96,0.707106781186545));
#1956=DIRECTION('center_axis',(-1.69720975765631E-111,-1.,-7.49068216750753E-96));
#1957=DIRECTION('ref_axis',(0.707106781186549,-5.29671215635771E-96,0.707106781186546));
#1958=DIRECTION('',(7.68799908550312E-144,-1.,-7.49068216750753E-96));
#1959=DIRECTION('center_axis',(-5.24347751725527E-95,-7.49068216750753E-96,
1.));
#1960=DIRECTION('ref_axis',(1.,0.,5.24347751725527E-95));
#1961=DIRECTION('',(-1.,-7.68799908550312E-144,-5.24347751725527E-95));
#1962=DIRECTION('',(-7.68799908550312E-144,1.,7.49068216750753E-96));
#1963=DIRECTION('center_axis',(1.69720975765631E-111,1.,7.49068216750753E-96));
#1964=DIRECTION('ref_axis',(-0.707106781186549,-5.2967121563577E-96,0.707106781186546));
#1965=DIRECTION('center_axis',(1.69720975765631E-111,-1.,-7.49068216750753E-96));
#1966=DIRECTION('ref_axis',(-0.707106781186549,-5.29671215635771E-96,0.707106781186546));
#1967=DIRECTION('center_axis',(-3.70074341541719E-16,7.39557098644699E-32,
-1.));
#1968=DIRECTION('ref_axis',(-0.707106781186549,-0.707106781186546,2.61682076447297E-16));
#1969=DIRECTION('center_axis',(-5.24347751725527E-95,-7.49068216750752E-96,
1.));
#1970=DIRECTION('ref_axis',(-1.,3.92772235342306E-190,-5.24347751725527E-95));
#1971=DIRECTION('center_axis',(1.,7.68799908550312E-144,5.24347751725527E-95));
#1972=DIRECTION('ref_axis',(-5.24347751725527E-95,-4.03118503575147E-238,
1.));
#1973=DIRECTION('center_axis',(-1.,-4.65714357500891E-110,-5.24347751725526E-95));
#1974=DIRECTION('ref_axis',(-3.70769850945039E-95,-0.707106781186548,0.707106781186548));
#1975=DIRECTION('center_axis',(1.,7.68799908550312E-144,5.24347751725527E-95));
#1976=DIRECTION('ref_axis',(-5.24347751725527E-95,-4.03118503575147E-238,
1.));
#1977=DIRECTION('center_axis',(5.24347751725527E-95,7.49068216750752E-96,
-1.));
#1978=DIRECTION('ref_axis',(1.,-3.92772235342306E-190,5.24347751725527E-95));
#1979=DIRECTION('center_axis',(7.40148683083438E-16,4.93038065763132E-32,
1.));
#1980=DIRECTION('ref_axis',(0.707106781186549,-0.707106781186546,-5.23364152894593E-16));
#1981=DIRECTION('',(0.,0.,-1.));
#1982=DIRECTION('',(0.,0.,1.));
#1983=DIRECTION('center_axis',(-0.707106781186547,-0.707106781186548,0.));
#1984=DIRECTION('ref_axis',(0.707106781186548,-0.707106781186547,0.));
#1985=DIRECTION('',(7.49068216750915E-96,-7.49068216750914E-96,1.));
#1986=DIRECTION('',(0.707106781186548,-0.707106781186547,0.));
#1987=DIRECTION('center_axis',(0.,0.,1.));
#1988=DIRECTION('ref_axis',(1.,0.,0.));
#1989=DIRECTION('center_axis',(0.,0.,1.));
#1990=DIRECTION('ref_axis',(1.,0.,0.));
#1991=DIRECTION('center_axis',(0.,0.,-1.));
#1992=DIRECTION('ref_axis',(-1.,0.,0.));
#1993=DIRECTION('center_axis',(0.,0.,1.));
#1994=DIRECTION('ref_axis',(-1.,3.46944695195361E-15,0.));
#1995=DIRECTION('',(0.707106781186548,0.707106781186547,0.));
#1996=DIRECTION('',(0.,0.,1.));
#1997=DIRECTION('',(0.,0.,1.));
#1998=DIRECTION('center_axis',(0.707106781186547,-0.707106781186548,0.));
#1999=DIRECTION('ref_axis',(0.707106781186548,0.707106781186547,0.));
#2000=DIRECTION('',(7.49068225401449E-96,7.49068225401448E-96,-1.));
#2001=DIRECTION('center_axis',(0.,0.,1.));
#2002=DIRECTION('ref_axis',(1.,0.,0.));
#2003=DIRECTION('',(0.,0.,1.));
#2004=DIRECTION('center_axis',(0.,0.,1.));
#2005=DIRECTION('ref_axis',(1.,0.,0.));
#2006=DIRECTION('',(0.,0.,1.));
#2007=DIRECTION('center_axis',(0.,0.,1.));
#2008=DIRECTION('ref_axis',(1.,0.,0.));
#2009=DIRECTION('center_axis',(0.,0.,1.));
#2010=DIRECTION('ref_axis',(1.,0.,0.));
#2011=DIRECTION('center_axis',(-7.49068216750915E-96,7.49068216750914E-96,
-1.));
#2012=DIRECTION('ref_axis',(-1.,-5.61103193346395E-191,7.49068216750915E-96));
#2013=DIRECTION('center_axis',(7.49068225401449E-96,7.49068225401448E-96,
-1.));
#2014=DIRECTION('ref_axis',(-1.,5.61103206306076E-191,-7.49068225401449E-96));
#2015=CARTESIAN_POINT('',(0.,0.,0.));
#2016=CARTESIAN_POINT('Origin',(4.78968400496882E-7,47.4500000000075,30.9899753531918));
#2017=CARTESIAN_POINT('',(-6.4999995210316,47.4500000000075,30.9899753531918));
#2018=CARTESIAN_POINT('',(6.5000004789684,47.4500000000075,30.9899753531918));
#2019=CARTESIAN_POINT('Origin',(4.78968400496882E-7,47.4500000000075,30.9899753531918));
#2020=CARTESIAN_POINT('Origin',(4.78968400496882E-7,47.4500000000075,30.9899753531918));
#2021=CARTESIAN_POINT('',(-8.2999995210316,47.4500000000075,29.0000004789786));
#2022=CARTESIAN_POINT('Origin',(-8.4999995210316,47.4500000000075,30.9899753531918));
#2023=CARTESIAN_POINT('Origin',(4.78968400496882E-7,47.4500000000075,29.0000004789786));
#2024=CARTESIAN_POINT('Origin',(4.78968400497291E-7,47.4500000000075,29.0000004789786));
#2025=CARTESIAN_POINT('',(6.5000004789684,47.4500000000075,41.5000004789786));
#2026=CARTESIAN_POINT('Origin',(4.78968400497699E-7,47.4500000000075,41.5000004789786));
#2027=CARTESIAN_POINT('',(6.5000004789684,47.4500000000075,29.0000004789786));
#2028=CARTESIAN_POINT('Origin',(4.78968400498108E-7,47.4500000000075,41.2000004789786));
#2029=CARTESIAN_POINT('',(7.5000004789684,47.4500000000075,41.1000004789786));
#2030=CARTESIAN_POINT('Origin',(4.78968400497699E-7,47.4500000000075,41.1000004789786));
#2031=CARTESIAN_POINT('',(7.7000004789684,47.4500000000075,41.3000004789786));
#2032=CARTESIAN_POINT('',(7.6000004789684,47.4500000000075,41.2000004789786));
#2033=CARTESIAN_POINT('Origin',(4.78968400498108E-7,47.4500000000075,41.3000004789786));
#2034=CARTESIAN_POINT('Origin',(4.78968400498108E-7,47.4500000000075,41.5000004789786));
#2035=CARTESIAN_POINT('',(7.7000004789684,47.4500000000075,41.5000004789786));
#2036=CARTESIAN_POINT('',(7.7000004789684,47.4500000000075,41.5000004789786));
#2037=CARTESIAN_POINT('Origin',(4.78968400498108E-7,47.4500000000075,41.5000004789786));
#2038=CARTESIAN_POINT('Origin',(4.78968400496882E-7,47.4500000000075,29.0000004789786));
#2039=CARTESIAN_POINT('',(-8.4999995210316,47.4500000000075,30.0000004789786));
#2040=CARTESIAN_POINT('Origin',(4.78968400496882E-7,47.4500000000075,30.0000004789786));
#2041=CARTESIAN_POINT('',(-9.4999995210316,47.4500000000075,29.0000004789786));
#2042=CARTESIAN_POINT('Origin',(-8.4999995210316,47.4500000000075,29.0000004789786));
#2043=CARTESIAN_POINT('Origin',(4.78968400496882E-7,47.4500000000075,29.0000004789786));
#2044=CARTESIAN_POINT('Origin',(4.78968400807168E-7,47.4500000000075,30.0000004789786));
#2045=CARTESIAN_POINT('',(7.5000004789684,47.4500000000075,30.0000004789786));
#2046=CARTESIAN_POINT('Origin',(4.78968400497699E-7,47.4500000000075,30.0000004789786));
#2047=CARTESIAN_POINT('Origin',(4.78968400496882E-7,47.4500000000075,33.5000004789786));
#2048=CARTESIAN_POINT('',(-9.35883229775236,45.8183600098819,28.5000004789786));
#2049=CARTESIAN_POINT('',(-9.4999995210316,47.4500000005212,28.5000004789787));
#2050=CARTESIAN_POINT('Ctrl Pts',(-9.35883229775237,45.8183600098819,28.5000004789786));
#2051=CARTESIAN_POINT('Ctrl Pts',(-9.36211451479471,45.8371862954731,28.5000048760246));
#2052=CARTESIAN_POINT('Ctrl Pts',(-9.3663035526341,45.8615240467933,28.5000092730705));
#2053=CARTESIAN_POINT('Ctrl Pts',(-9.37124525988417,45.8912334036123,28.5000136701165));
#2054=CARTESIAN_POINT('Ctrl Pts',(-9.37636756194563,45.9220284895973,28.5000182278526));
#2055=CARTESIAN_POINT('Ctrl Pts',(-9.38229849049929,45.9585951880857,28.5000227855887));
#2056=CARTESIAN_POINT('Ctrl Pts',(-9.38881050668822,46.0007835649594,28.5000273433248));
#2057=CARTESIAN_POINT('Ctrl Pts',(-9.39547166172787,46.0439381442899,28.5000320054427));
#2058=CARTESIAN_POINT('Ctrl Pts',(-9.40274060011572,46.0929751797693,28.5000366675605));
#2059=CARTESIAN_POINT('Ctrl Pts',(-9.41031875938405,46.1477358822903,28.5000413296784));
#2060=CARTESIAN_POINT('Ctrl Pts',(-9.41814489216607,46.2042884716449,28.5000461443507));
#2061=CARTESIAN_POINT('Ctrl Pts',(-9.4263006112903,46.2669458896287,28.5000509590229));
#2062=CARTESIAN_POINT('Ctrl Pts',(-9.43440221965573,46.3355289504985,28.5000557736952));
#2063=CARTESIAN_POINT('Ctrl Pts',(-9.43534248080082,46.3434886030068,28.5000563324792));
#2064=CARTESIAN_POINT('Ctrl Pts',(-9.43628195638223,46.3515280622578,28.5000568912632));
#2065=CARTESIAN_POINT('Ctrl Pts',(-9.43722000285599,46.3596470399829,28.5000574500473));
#2066=CARTESIAN_POINT('Ctrl Pts',(-9.445689290363,46.4329503981229,28.5000624951091));
#2067=CARTESIAN_POINT('Ctrl Pts',(-9.45404549540728,46.5127296303547,28.500067540171));
#2068=CARTESIAN_POINT('Ctrl Pts',(-9.46178526693337,46.5987594355077,28.5000704488233));
#2069=CARTESIAN_POINT('Ctrl Pts',(-9.46964681075059,46.686142774992,28.5000734032383));
#2070=CARTESIAN_POINT('Ctrl Pts',(-9.47687177610656,46.7799756087493,28.5000741534893));
#2071=CARTESIAN_POINT('Ctrl Pts',(-9.48288392272372,46.87999699638,28.5000704607334));
#2072=CARTESIAN_POINT('Ctrl Pts',(-9.48894727858787,46.9808703292926,28.500066736524));
#2073=CARTESIAN_POINT('Ctrl Pts',(-9.49377633200096,47.088038768742,28.5000584932975));
#2074=CARTESIAN_POINT('Ctrl Pts',(-9.49674097037419,47.2011991874317,28.5000434345135));
#2075=CARTESIAN_POINT('Ctrl Pts',(-9.49883635875831,47.2811802836104,28.5000327910566));
#2076=CARTESIAN_POINT('Ctrl Pts',(-9.4999995210316,47.3641539847743,28.5000187428357));
#2077=CARTESIAN_POINT('Ctrl Pts',(-9.4999995210316,47.4500000000075,28.5000004789786));
#2078=CARTESIAN_POINT('',(-7.91827884612746,42.2011094001037,28.5000004789786));
#2079=CARTESIAN_POINT('Ctrl Pts',(-7.9182788461275,42.2011094001037,28.5000004789785));
#2080=CARTESIAN_POINT('Ctrl Pts',(-8.09886820020479,42.4735397206649,28.5000004789785));
#2081=CARTESIAN_POINT('Ctrl Pts',(-8.26527573100228,42.7551037083503,28.4998461573479));
#2082=CARTESIAN_POINT('Ctrl Pts',(-8.5684123927712,43.3342826977789,28.4998085773298));
#2083=CARTESIAN_POINT('Ctrl Pts',(-8.7049301553352,43.631491233312,28.4998965284367));
#2084=CARTESIAN_POINT('Ctrl Pts',(-8.94678716366653,44.2387974019713,28.5000381655002));
#2085=CARTESIAN_POINT('Ctrl Pts',(-9.05196430457455,44.5484894749829,28.5000059349152));
#2086=CARTESIAN_POINT('Ctrl Pts',(-9.22997908929957,45.1774878426951,28.4999706925348));
#2087=CARTESIAN_POINT('Ctrl Pts',(-9.30269469245544,45.4963634520388,28.5000004789786));
#2088=CARTESIAN_POINT('Ctrl Pts',(-9.35883229775237,45.8183600098819,28.5000004789786));
#2089=CARTESIAN_POINT('',(-5.78836425011786,39.9170833163404,28.5000004789786));
#2090=CARTESIAN_POINT('Origin',(4.78922973501383E-7,47.4499999999653,28.4999764558385));
#2091=CARTESIAN_POINT('',(5.78836506526332,39.9170832066182,28.5000004789786));
#2092=CARTESIAN_POINT('Origin',(4.78968394945767E-7,47.4500000000072,28.499999165022));
#2093=CARTESIAN_POINT('',(7.91827965757096,42.2011091791094,28.5000004789786));
#2094=CARTESIAN_POINT('Origin',(4.78968442685357E-7,47.4500000000075,28.5000004789793));
#2095=CARTESIAN_POINT('',(9.35883340301661,45.8183608549295,28.5000004789786));
#2096=CARTESIAN_POINT('Ctrl Pts',(9.35883340301662,45.8183608549295,28.5000004789786));
#2097=CARTESIAN_POINT('Ctrl Pts',(9.30594111492979,45.5149787690874,28.5000004789786));
#2098=CARTESIAN_POINT('Ctrl Pts',(9.23814857045775,45.2129522719113,28.4974967688189));
#2099=CARTESIAN_POINT('Ctrl Pts',(9.06217435017536,44.5782981557243,28.496598417496));
#2100=CARTESIAN_POINT('Ctrl Pts',(8.95200971063114,44.2515094186762,28.4983701477852));
#2101=CARTESIAN_POINT('Ctrl Pts',(8.70195398703251,43.6244032473344,28.5008490394032));
#2102=CARTESIAN_POINT('Ctrl Pts',(8.56435262556426,43.3256467992764,28.499688338581));
#2103=CARTESIAN_POINT('Ctrl Pts',(8.26037845809167,42.7466424416094,28.4988288833599));
#2104=CARTESIAN_POINT('Ctrl Pts',(8.09587081275241,42.4690165131271,28.5000004789786));
#2105=CARTESIAN_POINT('Ctrl Pts',(7.91827965757099,42.2011091791094,28.5000004789784));
#2106=CARTESIAN_POINT('',(9.3588337257571,49.0816372938944,28.5000004789786));
#2107=CARTESIAN_POINT('Ctrl Pts',(9.3588337257571,49.0816372938944,28.5000004789786));
#2108=CARTESIAN_POINT('Ctrl Pts',(9.45276692110256,48.5428502026273,28.5000004789786));
#2109=CARTESIAN_POINT('Ctrl Pts',(9.50000053096057,47.9969520232393,28.4993850814305));
#2110=CARTESIAN_POINT('Ctrl Pts',(9.50000042697966,46.9030461705107,28.4993855040398));
#2111=CARTESIAN_POINT('Ctrl Pts',(9.45276670577274,46.3571479324217,28.5000004789786));
#2112=CARTESIAN_POINT('Ctrl Pts',(9.35883340301663,45.8183608549295,28.5000004789786));
#2113=CARTESIAN_POINT('',(7.4655293146418,53.3250216343276,28.5000004789786));
#2114=CARTESIAN_POINT('Origin',(4.78968368300414E-7,47.4500000000075,28.5000004354177));
#2115=CARTESIAN_POINT('',(-6.35922443644426,54.5076383072031,28.5000004789786));
#2116=CARTESIAN_POINT('Origin',(4.78968397166213E-7,47.4500000000075,28.5000005099893));
#2117=CARTESIAN_POINT('Ctrl Pts',(-9.4999995210316,47.4500000005212,28.5000004789787));
#2118=CARTESIAN_POINT('Ctrl Pts',(-9.49999952102519,47.5684802223637,28.5000290167721));
#2119=CARTESIAN_POINT('Ctrl Pts',(-9.49778381841139,47.6924952656518,28.5000490482109));
#2120=CARTESIAN_POINT('Ctrl Pts',(-9.49272646291468,47.8216654501736,28.5000628974927));
#2121=CARTESIAN_POINT('Ctrl Pts',(-9.48776623863765,47.9483548010706,28.5000764807862));
#2122=CARTESIAN_POINT('Ctrl Pts',(-9.48007166171428,48.0800033567789,28.5000841171105));
#2123=CARTESIAN_POINT('Ctrl Pts',(-9.46905077912566,48.2162038055235,28.5000879993035));
#2124=CARTESIAN_POINT('Ctrl Pts',(-9.45836428855893,48.348271704713,28.5000917637043));
#2125=CARTESIAN_POINT('Ctrl Pts',(-9.44454961396962,48.4846194226345,28.5000919983309));
#2126=CARTESIAN_POINT('Ctrl Pts',(-9.42707641437302,48.6248281776694,28.5000907024132));
#2127=CARTESIAN_POINT('Ctrl Pts',(-9.41369950969935,48.7321673710522,28.5000897103013));
#2128=CARTESIAN_POINT('Ctrl Pts',(-9.39817847260097,48.8417685461903,28.5000878211485));
#2129=CARTESIAN_POINT('Ctrl Pts',(-9.38028283037622,48.9534244365625,28.5000859319956));
#2130=CARTESIAN_POINT('Ctrl Pts',(-9.35779342447588,49.0937420964826,28.5000835579022));
#2131=CARTESIAN_POINT('Ctrl Pts',(-9.3315419496556,49.2373736536564,28.5000811838088));
#2132=CARTESIAN_POINT('Ctrl Pts',(-9.30108280773424,49.3838690994609,28.5000788097155));
#2133=CARTESIAN_POINT('Ctrl Pts',(-9.27126640880853,49.5272732263462,28.5000764857198));
#2134=CARTESIAN_POINT('Ctrl Pts',(-9.23741761629458,49.6734214571315,28.5000741617241));
#2135=CARTESIAN_POINT('Ctrl Pts',(-9.19914737310011,49.8218513435329,28.5000718377283));
#2136=CARTESIAN_POINT('Ctrl Pts',(-9.15963966000777,49.9750807164553,28.5000694385861));
#2137=CARTESIAN_POINT('Ctrl Pts',(-9.11541916094938,50.1307417676102,28.5000670394439));
#2138=CARTESIAN_POINT('Ctrl Pts',(-9.06609856418993,50.288282603915,28.5000646403017));
#2139=CARTESIAN_POINT('Ctrl Pts',(-9.0197175277686,50.436433837813,28.500062384151));
#2140=CARTESIAN_POINT('Ctrl Pts',(-8.96882618864345,50.5862469140022,28.5000601280002));
#2141=CARTESIAN_POINT('Ctrl Pts',(-8.91314262866597,50.7372298281196,28.5000578718494));
#2142=CARTESIAN_POINT('Ctrl Pts',(-8.90961348837448,50.7467988981603,28.500057728858));
#2143=CARTESIAN_POINT('Ctrl Pts',(-8.90606511277578,50.7563726571738,28.5000575858665));
#2144=CARTESIAN_POINT('Ctrl Pts',(-8.90249743598016,50.765950975872,28.5000574428751));
#2145=CARTESIAN_POINT('Ctrl Pts',(-8.84776825456118,50.9128851214657,28.5000552493455));
#2146=CARTESIAN_POINT('Ctrl Pts',(-8.78845758094766,51.0609900660673,28.5000530558159));
#2147=CARTESIAN_POINT('Ctrl Pts',(-8.72434330959824,51.2097640163919,28.5000508622864));
#2148=CARTESIAN_POINT('Ctrl Pts',(-8.66117413396421,51.3563449195204,28.5000487010912));
#2149=CARTESIAN_POINT('Ctrl Pts',(-8.59334174315493,51.503574912911,28.500046539896));
#2150=CARTESIAN_POINT('Ctrl Pts',(-8.52067978553631,51.6509532049456,28.5000443787008));
#2151=CARTESIAN_POINT('Ctrl Pts',(-8.44856539098015,51.7972208895652,28.5000422337918));
#2152=CARTESIAN_POINT('Ctrl Pts',(-8.37169375591964,51.9436343055671,28.5000400888829));
#2153=CARTESIAN_POINT('Ctrl Pts',(-8.28995087894745,52.0896881881716,28.5000379439739));
#2154=CARTESIAN_POINT('Ctrl Pts',(-8.20896961518327,52.2343812602664,28.5000358190495));
#2155=CARTESIAN_POINT('Ctrl Pts',(-8.12320734468985,52.3787211034493,28.500033694125));
#2156=CARTESIAN_POINT('Ctrl Pts',(-8.03260334165206,52.5222062123922,28.5000315692006));
#2157=CARTESIAN_POINT('Ctrl Pts',(-7.99543027551973,52.5810753712031,28.5000306973853));
#2158=CARTESIAN_POINT('Ctrl Pts',(-7.95744279760158,52.6398005632286,28.5000298255699));
#2159=CARTESIAN_POINT('Ctrl Pts',(-7.91863924695359,52.6983468722188,28.5000289537546));
#2160=CARTESIAN_POINT('Ctrl Pts',(-7.82251949065956,52.8433711511333,28.5000267941926));
#2161=CARTESIAN_POINT('Ctrl Pts',(-7.72135038118958,52.9873562511084,28.5000246346305));
#2162=CARTESIAN_POINT('Ctrl Pts',(-7.6151150283624,53.1297901202505,28.5000224752372));
#2163=CARTESIAN_POINT('Ctrl Pts',(-7.50973011088964,53.2710837776385,28.5000203331302));
#2164=CARTESIAN_POINT('Ctrl Pts',(-7.39935969958614,53.4108505715296,28.5000181911893));
#2165=CARTESIAN_POINT('Ctrl Pts',(-7.28403850520293,53.5485880396337,28.500016049579));
#2166=CARTESIAN_POINT('Ctrl Pts',(-7.16920101726269,53.6857477778495,28.5000139169515));
#2167=CARTESIAN_POINT('Ctrl Pts',(-7.04945417100319,53.8208948037719,28.500011784652));
#2168=CARTESIAN_POINT('Ctrl Pts',(-6.92488369640126,53.9535358965575,28.500009652843));
#2169=CARTESIAN_POINT('Ctrl Pts',(-6.80096055500721,54.0854877169906,28.500007532112));
#2170=CARTESIAN_POINT('Ctrl Pts',(-6.6722638274038,54.2149592074371,28.5000054118665));
#2171=CARTESIAN_POINT('Ctrl Pts',(-6.53892877290417,54.3414732996006,28.5000032922664));
#2172=CARTESIAN_POINT('Ctrl Pts',(-6.47992985959088,54.397454031633,28.5000023543728));
#2173=CARTESIAN_POINT('Ctrl Pts',(-6.42002345564007,54.452855868527,28.5000014166056));
#2174=CARTESIAN_POINT('Ctrl Pts',(-6.35922443698617,54.5076383067148,28.5000004789786));
#2175=CARTESIAN_POINT('',(-9.4999995210316,47.4500000000075,33.5000004789786));
#2176=CARTESIAN_POINT('Origin',(4.78968400497699E-7,47.4500000000075,30.0000004789786));
#2177=CARTESIAN_POINT('',(7.5000004789684,47.4500000000075,30.0000004789786));
#2178=CARTESIAN_POINT('Origin',(4.78968400807168E-7,47.4500000000075,41.5000004789786));
#2179=CARTESIAN_POINT('Origin',(4.789685026374E-7,37.5556310052908,0.110504160197489));
#2180=CARTESIAN_POINT('',(-11.999997222611,41.6000000114135,0.110504160197489));
#2181=CARTESIAN_POINT('',(-19.44947883537,41.6000000374432,0.110504160197489));
#2182=CARTESIAN_POINT('',(-11.9999972226109,41.6000000231047,0.110504160197489));
#2183=CARTESIAN_POINT('',(-20.5337283151483,41.9194039951854,0.110504160197489));
#2184=CARTESIAN_POINT('Origin',(-19.4494788315205,43.6000000374432,0.110504160197489));
#2185=CARTESIAN_POINT('',(-21.9179844224179,46.0677977882568,0.110504160197489));
#2186=CARTESIAN_POINT('Ctrl Pts',(-21.9179844224179,46.0677977882568,0.110504160197489));
#2187=CARTESIAN_POINT('Ctrl Pts',(-23.3931313270317,43.7641698765527,0.110504160197489));
#2188=CARTESIAN_POINT('Ctrl Pts',(-20.5337283151483,41.9194039951854,0.110504160197489));
#2189=CARTESIAN_POINT('',(-15.2715686216219,52.7142135890528,0.110504160197489));
#2190=CARTESIAN_POINT('',(-15.2150753632077,52.770706847467,0.110504160197489));
#2191=CARTESIAN_POINT('',(-13.8573550553993,53.3000000266797,0.110504160197489));
#2192=CARTESIAN_POINT('Origin',(-13.8573550592488,51.3000000266797,0.110504160197489));
#2193=CARTESIAN_POINT('',(-11.9999995210314,53.3000000114139,0.110504160197489));
#2194=CARTESIAN_POINT('',(-19.9999972000911,53.3000000385029,0.110504160197489));
#2195=CARTESIAN_POINT('',(13.8573560438578,53.3000000000075,0.110504160197489));
#2196=CARTESIAN_POINT('',(6.00000047900613,53.3000000000077,0.110504160197489));
#2197=CARTESIAN_POINT('',(15.2715696062309,52.7142135623806,0.110504160197489));
#2198=CARTESIAN_POINT('Origin',(13.8573560438578,51.3000000000076,0.110504160197489));
#2199=CARTESIAN_POINT('',(21.9179853803547,46.0677977882569,0.110504160197489));
#2200=CARTESIAN_POINT('',(15.2150763211446,52.7707068474669,0.110504160197489));
#2201=CARTESIAN_POINT('',(20.5337291971117,41.9194039461706,0.110504160197489));
#2202=CARTESIAN_POINT('Ctrl Pts',(20.5337291972465,41.9194039462575,0.110504160197489));
#2203=CARTESIAN_POINT('Ctrl Pts',(23.3931323045308,43.7641698460037,0.110504160197489));
#2204=CARTESIAN_POINT('Ctrl Pts',(21.9179853803547,46.0677977882568,0.110504160197489));
#2205=CARTESIAN_POINT('',(19.4494797314315,41.6000000000075,0.110504160197489));
#2206=CARTESIAN_POINT('Origin',(19.4494797314315,43.6000000000074,0.110504160197489));
#2207=CARTESIAN_POINT('',(-5.99999837182122,41.6000000000075,0.110504160197489));
#2208=CARTESIAN_POINT('',(-13.9999995210319,44.7999985964019,0.110504160197489));
#2209=CARTESIAN_POINT('',(-11.9999980845187,42.8000000000072,0.110504160197489));
#2210=CARTESIAN_POINT('Origin',(-11.9999995210316,44.8000000000075,0.110504160197489));
#2211=CARTESIAN_POINT('',(11.999998158103,42.8000000000075,0.110504160197489));
#2212=CARTESIAN_POINT('',(-5.99999837182122,42.8000000000075,0.110504160197489));
#2213=CARTESIAN_POINT('',(14.0000004789684,44.7999994820194,0.110504160197489));
#2214=CARTESIAN_POINT('Origin',(12.0000004789684,44.8000000000075,0.110504160197489));
#2215=CARTESIAN_POINT('',(14.0000004789684,50.0999977308257,0.110504160197489));
#2216=CARTESIAN_POINT('',(14.0000004789684,41.1778150882587,0.110504160197489));
#2217=CARTESIAN_POINT('',(12.0000004790433,52.1000000000075,0.110504160197489));
#2218=CARTESIAN_POINT('Origin',(12.0000004790432,50.1000000000823,0.110504160197489));
#2219=CARTESIAN_POINT('',(-11.9999995210315,52.1000000000082,0.110504160197489));
#2220=CARTESIAN_POINT('',(6.0000004790061,52.1000000000077,0.110504160197489));
#2221=CARTESIAN_POINT('',(-13.9999995210316,50.1000000000076,0.110504160197489));
#2222=CARTESIAN_POINT('Origin',(-11.9999995210316,50.1000000000075,0.110504160197489));
#2223=CARTESIAN_POINT('',(-13.9999995210315,43.8278155026491,0.110504160197489));
#2224=CARTESIAN_POINT('',(17.7551422269753,44.8388182900565,0.110504160197489));
#2225=CARTESIAN_POINT('Origin',(18.9051422269753,44.8388182900565,0.110504160197489));
#2226=CARTESIAN_POINT('',(-20.0551422269753,44.8388182900565,0.110504160197489));
#2227=CARTESIAN_POINT('Origin',(-18.9051422269753,44.8388182900565,0.110504160197489));
#2228=CARTESIAN_POINT('Origin',(14.0000004789684,44.7999991712266,-19.4999995210214));
#2229=CARTESIAN_POINT('',(14.0000004789684,44.799999483283,18.1746199237216));
#2230=CARTESIAN_POINT('',(14.0000004789684,44.7999994820194,-19.4999995210214));
#2231=CARTESIAN_POINT('',(14.0000002697585,44.8318768610716,18.1752140025687));
#2232=CARTESIAN_POINT('Ctrl Pts',(14.000000287628,44.8318768546791,18.1752138415026));
#2233=CARTESIAN_POINT('Ctrl Pts',(14.0000004789684,44.8265704413264,18.1751836089067));
#2234=CARTESIAN_POINT('Ctrl Pts',(14.0000004789682,44.8212643221504,18.1751192792537));
#2235=CARTESIAN_POINT('Ctrl Pts',(14.0000004789682,44.8106397805185,18.1749215391972));
#2236=CARTESIAN_POINT('Ctrl Pts',(14.0000004789684,44.8053191167588,18.1747878609006));
#2237=CARTESIAN_POINT('Ctrl Pts',(14.0000004789684,44.7999994839139,18.1746199237416));
#2238=CARTESIAN_POINT('',(13.9999366741617,50.0682751806785,18.175322665611));
#2239=CARTESIAN_POINT('Ctrl Pts',(14.0000004789684,50.0682858452405,18.1752134351457));
#2240=CARTESIAN_POINT('Ctrl Pts',(14.0000004789684,49.1922836535481,18.1797347161393));
#2241=CARTESIAN_POINT('Ctrl Pts',(14.0000004789864,48.2886726067124,18.1818633190482));
#2242=CARTESIAN_POINT('Ctrl Pts',(14.0000004789864,46.563620389506,18.1818532959168));
#2243=CARTESIAN_POINT('Ctrl Pts',(14.0000004789684,45.6816691460507,18.1798346595134));
#2244=CARTESIAN_POINT('Ctrl Pts',(14.0000004789684,44.8318768594613,18.175214298749));
#2245=CARTESIAN_POINT('',(14.000000478968,50.0999977308257,18.1743271353169));
#2246=CARTESIAN_POINT('Ctrl Pts',(14.0000004789684,50.0999977308257,18.1743271353158));
#2247=CARTESIAN_POINT('Ctrl Pts',(14.0000004789684,50.0949488866376,18.1744705362548));
#2248=CARTESIAN_POINT('Ctrl Pts',(14.0000004789684,50.0894054255143,18.1746297426408));
#2249=CARTESIAN_POINT('Ctrl Pts',(14.0000004789684,50.0788259504712,18.1750008264132));
#2250=CARTESIAN_POINT('Ctrl Pts',(14.0000004789684,50.0735751598184,18.1752186023848));
#2251=CARTESIAN_POINT('Ctrl Pts',(14.0000004789684,50.0682941408118,18.1755016248359));
#2252=CARTESIAN_POINT('',(14.0000004789684,50.0999977308257,-19.4999995210214));
#2253=CARTESIAN_POINT('Origin',(12.0000004789684,44.8000000000075,-19.4999995210214));
#2254=CARTESIAN_POINT('',(11.9840775937909,42.8006871785552,18.4745910724795));
#2255=CARTESIAN_POINT('',(11.999998158103,42.8000000000075,-19.4999995210214));
#2256=CARTESIAN_POINT('Ctrl Pts',(14.0000004789684,44.7999994832849,18.1746199236616));
#2257=CARTESIAN_POINT('Ctrl Pts',(14.0000004136322,44.5471124867044,18.166636563097));
#2258=CARTESIAN_POINT('Ctrl Pts',(13.9522023104707,44.2969549652457,18.1648776097601));
#2259=CARTESIAN_POINT('Ctrl Pts',(13.7698327986846,43.8379100608699,18.1788970593556));
#2260=CARTESIAN_POINT('Ctrl Pts',(13.6332345275306,43.612877884464,18.1898124196602));
#2261=CARTESIAN_POINT('Ctrl Pts',(13.2694170917712,43.2347644274965,18.2372472537953));
#2262=CARTESIAN_POINT('Ctrl Pts',(13.0655243580906,43.0897655944171,18.268542602864));
#2263=CARTESIAN_POINT('Ctrl Pts',(12.5969399432519,42.8719816677713,18.3463408893826));
#2264=CARTESIAN_POINT('Ctrl Pts',(12.3518655619019,42.8184115553282,18.395685478407));
#2265=CARTESIAN_POINT('Ctrl Pts',(12.0846637569271,42.8013297037544,18.4459392865009));
#2266=CARTESIAN_POINT('Ctrl Pts',(12.0421477242694,42.799999951097,18.4537933319399));
#2267=CARTESIAN_POINT('Ctrl Pts',(11.999998158103,42.8000000000087,18.461873334629));
#2268=CARTESIAN_POINT('Origin',(-11.999997222611,42.8000000000075,-19.4999995210214));
#2269=CARTESIAN_POINT('',(-11.9846404598539,42.8005986281647,18.4731354740458));
#2270=CARTESIAN_POINT('',(-11.9999980845187,42.8000000000072,-19.4999995210214));
#2271=CARTESIAN_POINT('',(-11.0500358940123,42.8003912243228,18.5003379474094));
#2272=CARTESIAN_POINT('Ctrl Pts',(-11.9729763398588,42.8010607489136,18.4817849830221));
#2273=CARTESIAN_POINT('Ctrl Pts',(-11.9589667672911,42.8010646631812,18.4826727163536));
#2274=CARTESIAN_POINT('Ctrl Pts',(-11.944172060702,42.801069296848,18.4835897596511));
#2275=CARTESIAN_POINT('Ctrl Pts',(-11.9288691570437,42.8010731850199,18.4845136502343));
#2276=CARTESIAN_POINT('Ctrl Pts',(-11.9130725198897,42.8010771986399,18.4854673492603));
#2277=CARTESIAN_POINT('Ctrl Pts',(-11.8967341688659,42.8010804301787,18.4864283715289));
#2278=CARTESIAN_POINT('Ctrl Pts',(-11.880102783583,42.8010819975425,18.4873773032808));
#2279=CARTESIAN_POINT('Ctrl Pts',(-11.8629087099706,42.8010836179348,18.4883583401649));
#2280=CARTESIAN_POINT('Ctrl Pts',(-11.8454012342468,42.8010834711823,18.4893264820724));
#2281=CARTESIAN_POINT('Ctrl Pts',(-11.8277993897049,42.8010811632959,18.4902654226522));
#2282=CARTESIAN_POINT('Ctrl Pts',(-11.8095711038961,42.8010787732728,18.4912377796802));
#2283=CARTESIAN_POINT('Ctrl Pts',(-11.7912413982873,42.8010740762231,18.4921788478683));
#2284=CARTESIAN_POINT('Ctrl Pts',(-11.7729979816388,42.8010670728938,18.493075511645));
#2285=CARTESIAN_POINT('Ctrl Pts',(-11.7532302857537,42.8010594844203,18.4940470937336));
#2286=CARTESIAN_POINT('Ctrl Pts',(-11.7335640754284,42.8010491970053,18.4949665360816));
#2287=CARTESIAN_POINT('Ctrl Pts',(-11.7141738291315,42.8010365628055,18.4958227795133));
#2288=CARTESIAN_POINT('Ctrl Pts',(-11.6944513146999,42.801023712108,18.4966936953945));
#2289=CARTESIAN_POINT('Ctrl Pts',(-11.6750137970023,42.8010084438988,18.4974992807693));
#2290=CARTESIAN_POINT('Ctrl Pts',(-11.6559845630831,42.8009913201588,18.4982330254108));
#2291=CARTESIAN_POINT('Ctrl Pts',(-11.6361509147061,42.8009734725544,18.4989977873177));
#2292=CARTESIAN_POINT('Ctrl Pts',(-11.616760509219,42.8009536169985,18.4996845395474));
#2293=CARTESIAN_POINT('Ctrl Pts',(-11.5978938449866,42.8009324545639,18.5002907889577));
#2294=CARTESIAN_POINT('Ctrl Pts',(-11.5781792834951,42.8009103410567,18.5009242841602));
#2295=CARTESIAN_POINT('Ctrl Pts',(-11.5590362901826,42.8008868065416,18.5014699118049));
#2296=CARTESIAN_POINT('Ctrl Pts',(-11.5404981835456,42.8008626105877,18.5019295173174));
#2297=CARTESIAN_POINT('Ctrl Pts',(-11.5210759805866,42.8008372607104,18.5024110417643));
#2298=CARTESIAN_POINT('Ctrl Pts',(-11.5023174109694,42.8008111887442,18.5027981776233));
#2299=CARTESIAN_POINT('Ctrl Pts',(-11.4842029175879,42.8007851452166,18.5030975468068));
#2300=CARTESIAN_POINT('Ctrl Pts',(-11.4651791445525,42.8007577944016,18.5034119432009));
#2301=CARTESIAN_POINT('Ctrl Pts',(-11.4468653921951,42.8007304766364,18.5036295749386));
#2302=CARTESIAN_POINT('Ctrl Pts',(-11.4291819095134,42.8007038830212,18.5037624167142));
#2303=CARTESIAN_POINT('Ctrl Pts',(-11.4101339646605,42.8006752374357,18.5039055085961));
#2304=CARTESIAN_POINT('Ctrl Pts',(-11.3918171603985,42.8006474321045,18.5039502408928));
#2305=CARTESIAN_POINT('Ctrl Pts',(-11.3740708279138,42.8006211126432,18.5039160329578));
#2306=CARTESIAN_POINT('Ctrl Pts',(-11.3555076809593,42.8005935817701,18.5038802505264));
#2307=CARTESIAN_POINT('Ctrl Pts',(-11.3375683179397,42.8005676733241,18.5037581325976));
#2308=CARTESIAN_POINT('Ctrl Pts',(-11.3200095069504,42.8005439246114,18.5035760917369));
#2309=CARTESIAN_POINT('Ctrl Pts',(-11.3017700330406,42.8005192552858,18.5033869941077));
#2310=CARTESIAN_POINT('Ctrl Pts',(-11.2839408525321,42.8004969119533,18.503133270382));
#2311=CARTESIAN_POINT('Ctrl Pts',(-11.2661928325701,42.8004773478031,18.5028483640051));
#2312=CARTESIAN_POINT('Ctrl Pts',(-11.2479359803783,42.8004572227525,18.5025552894186));
#2313=CARTESIAN_POINT('Ctrl Pts',(-11.2297648512383,42.8004400356801,18.5022292390648));
#2314=CARTESIAN_POINT('Ctrl Pts',(-11.2112666363125,42.8004261853152,18.5019101698636));
#2315=CARTESIAN_POINT('Ctrl Pts',(-11.192811219891,42.8004123669954,18.5015918388789));
#2316=CARTESIAN_POINT('Ctrl Pts',(-11.1740301682548,42.8004018715796,18.5012804703684));
#2317=CARTESIAN_POINT('Ctrl Pts',(-11.1544620956531,42.8003950145067,18.5010189477986));
#2318=CARTESIAN_POINT('Ctrl Pts',(-11.1355023488403,42.8003883706043,18.5007655553561));
#2319=CARTESIAN_POINT('Ctrl Pts',(-11.1158037796136,42.8003851491759,18.5005589649658));
#2320=CARTESIAN_POINT('Ctrl Pts',(-11.0948988680876,42.800385499683,18.5004410304389));
#2321=CARTESIAN_POINT('Ctrl Pts',(-11.0805674071637,42.8003857399749,18.5003601798664));
#2322=CARTESIAN_POINT('Ctrl Pts',(-11.0656680402094,42.800387657171,18.5003210526613));
#2323=CARTESIAN_POINT('Ctrl Pts',(-11.0500358940123,42.8003912243228,18.5003379474094));
#2324=CARTESIAN_POINT('',(11.0500653710559,42.8003017295715,18.5002053729331));
#2325=CARTESIAN_POINT('',(4.78968400496882E-7,42.8000000000075,18.5000004789786));
#2326=CARTESIAN_POINT('Ctrl Pts',(11.0500653710559,42.8003017295715,18.5002053729331));
#2327=CARTESIAN_POINT('Ctrl Pts',(11.0734333888662,42.8002984968282,18.5001899524349));
#2328=CARTESIAN_POINT('Ctrl Pts',(11.0953324034694,42.8002988956689,18.500285924427));
#2329=CARTESIAN_POINT('Ctrl Pts',(11.1162533181766,42.8003029780455,18.5004509924226));
#2330=CARTESIAN_POINT('Ctrl Pts',(11.1376210683272,42.8003071476148,18.5006195859921));
#2331=CARTESIAN_POINT('Ctrl Pts',(11.157968273709,42.8003151490914,18.5008602615097));
#2332=CARTESIAN_POINT('Ctrl Pts',(11.1777630262079,42.8003268104321,18.5011311540037));
#2333=CARTESIAN_POINT('Ctrl Pts',(11.1976034649768,42.8003384986872,18.5014026717173));
#2334=CARTESIAN_POINT('Ctrl Pts',(11.2168888086575,42.8003538589997,18.5017045417691));
#2335=CARTESIAN_POINT('Ctrl Pts',(11.2360384335517,42.8003726088476,18.5019977785253));
#2336=CARTESIAN_POINT('Ctrl Pts',(11.2548236923822,42.8003910019362,18.5022854357716));
#2337=CARTESIAN_POINT('Ctrl Pts',(11.2734784079179,42.8004126571496,18.5025647717939));
#2338=CARTESIAN_POINT('Ctrl Pts',(11.2923489781437,42.8004372329572,18.5028021444615));
#2339=CARTESIAN_POINT('Ctrl Pts',(11.3105374464068,42.8004609204394,18.503030936977));
#2340=CARTESIAN_POINT('Ctrl Pts',(11.3289266251877,42.8004873240431,18.5032207241134));
#2341=CARTESIAN_POINT('Ctrl Pts',(11.3477786520538,42.8005160421176,18.5033445842285));
#2342=CARTESIAN_POINT('Ctrl Pts',(11.3657648133558,42.8005434411831,18.5034627555013));
#2343=CARTESIAN_POINT('Ctrl Pts',(11.3841725285442,42.8005729498386,18.5035208913288));
#2344=CARTESIAN_POINT('Ctrl Pts',(11.4031819043236,42.8006040884828,18.5034989075644));
#2345=CARTESIAN_POINT('Ctrl Pts',(11.4212502245754,42.8006336856143,18.5034780121021));
#2346=CARTESIAN_POINT('Ctrl Pts',(11.4398623829959,42.8006647567947,18.5033847058552));
#2347=CARTESIAN_POINT('Ctrl Pts',(11.4591253733122,42.8006967385088,18.503205164495));
#2348=CARTESIAN_POINT('Ctrl Pts',(11.4772366990385,42.8007268081517,18.503036357264));
#2349=CARTESIAN_POINT('Ctrl Pts',(11.4959235377491,42.8007576820534,18.5027912976046));
#2350=CARTESIAN_POINT('Ctrl Pts',(11.5152285646403,42.8007887496118,18.5024619250704));
#2351=CARTESIAN_POINT('Ctrl Pts',(11.5334075579943,42.8008180050456,18.5021517643467));
#2352=CARTESIAN_POINT('Ctrl Pts',(11.5521348772849,42.8008474299506,18.5017668211392));
#2353=CARTESIAN_POINT('Ctrl Pts',(11.5714015585159,42.8008764052888,18.5013037738513));
#2354=CARTESIAN_POINT('Ctrl Pts',(11.5898831501764,42.8009041999236,18.5008595950749));
#2355=CARTESIAN_POINT('Ctrl Pts',(11.6088613024555,42.8009315773957,18.5003435203676));
#2356=CARTESIAN_POINT('Ctrl Pts',(11.6282826937374,42.8009579283277,18.4997561918005));
#2357=CARTESIAN_POINT('Ctrl Pts',(11.6469551443079,42.8009832630975,18.4991915121913));
#2358=CARTESIAN_POINT('Ctrl Pts',(11.6660375590551,42.8010076440164,18.4985609406751));
#2359=CARTESIAN_POINT('Ctrl Pts',(11.6854360213864,42.8010305307473,18.4978688158767));
#2360=CARTESIAN_POINT('Ctrl Pts',(11.7041263247595,42.8010525819767,18.4972019577396));
#2361=CARTESIAN_POINT('Ctrl Pts',(11.723110263462,42.8010732398117,18.4964779307986));
#2362=CARTESIAN_POINT('Ctrl Pts',(11.7422562327122,42.8010921031552,18.4957045802316));
#2363=CARTESIAN_POINT('Ctrl Pts',(11.7607393260502,42.8011103134078,18.4949580047762));
#2364=CARTESIAN_POINT('Ctrl Pts',(11.779373657218,42.8011268437335,18.4941654343549));
#2365=CARTESIAN_POINT('Ctrl Pts',(11.7979921998965,42.8011415111214,18.4933380896098));
#2366=CARTESIAN_POINT('Ctrl Pts',(11.8157167421311,42.8011554742301,18.4925504712054));
#2367=CARTESIAN_POINT('Ctrl Pts',(11.8334270598632,42.8011677415565,18.4917313229902));
#2368=CARTESIAN_POINT('Ctrl Pts',(11.8509321433989,42.8011784254759,18.4908944498905));
#2369=CARTESIAN_POINT('Ctrl Pts',(11.8679776213936,42.8011888288831,18.4900795493518));
#2370=CARTESIAN_POINT('Ctrl Pts',(11.884828744039,42.8011977215396,18.4892478130699));
#2371=CARTESIAN_POINT('Ctrl Pts',(11.9012609461816,42.8012055928319,18.4884163366523));
#2372=CARTESIAN_POINT('Ctrl Pts',(11.9170707855132,42.8012131660023,18.4876163520576));
#2373=CARTESIAN_POINT('Ctrl Pts',(11.9324929594701,42.8012197847174,18.4868165893054));
#2374=CARTESIAN_POINT('Ctrl Pts',(11.9472797648056,42.801226377846,18.4860366863193));
#2375=CARTESIAN_POINT('Ctrl Pts',(11.9555662592895,42.8012300726213,18.4855996303329));
#2376=CARTESIAN_POINT('Ctrl Pts',(11.9636523447257,42.8012337689468,18.4851688926205));
#2377=CARTESIAN_POINT('Ctrl Pts',(11.9714872221352,42.8012377198493,18.4847486097792));
#2378=CARTESIAN_POINT('Origin',(-11.9999995210316,44.8000000000075,-19.4999995210214));
#2379=CARTESIAN_POINT('',(-13.9999995210318,44.7999985964019,18.1745350854699));
#2380=CARTESIAN_POINT('',(-13.9999995210319,44.7999985964019,-19.4999995210214));
#2381=CARTESIAN_POINT('Ctrl Pts',(-11.9999980845187,42.8000000000072,18.4618839295757));
#2382=CARTESIAN_POINT('Ctrl Pts',(-12.0807636521055,42.7999999419968,18.4465000458805));
#2383=CARTESIAN_POINT('Ctrl Pts',(-12.215122295643,42.8043518777823,18.4226301798761));
#2384=CARTESIAN_POINT('Ctrl Pts',(-12.506135023449,42.8609720389188,18.3673942182486));
#2385=CARTESIAN_POINT('Ctrl Pts',(-12.6278950882327,42.8968889808205,18.3438186843538));
#2386=CARTESIAN_POINT('Ctrl Pts',(-12.9987704801535,43.0458876126901,18.2757891662316));
#2387=CARTESIAN_POINT('Ctrl Pts',(-13.2082269141792,43.1894863412811,18.2465442355312));
#2388=CARTESIAN_POINT('Ctrl Pts',(-13.5504160029597,43.51397100488,18.2021385122865));
#2389=CARTESIAN_POINT('Ctrl Pts',(-13.7111384092931,43.7265679480286,18.1786341447997));
#2390=CARTESIAN_POINT('Ctrl Pts',(-13.8835857096544,44.1131846687187,18.1635422702227));
#2391=CARTESIAN_POINT('Ctrl Pts',(-13.9270022937888,44.2465722036287,18.1621710996871));
#2392=CARTESIAN_POINT('Ctrl Pts',(-13.9853364839701,44.5206026090338,18.1652290906525));
#2393=CARTESIAN_POINT('Ctrl Pts',(-13.9999994228895,44.6601553079528,18.1696669022993));
#2394=CARTESIAN_POINT('Ctrl Pts',(-13.9999995210319,44.7999985964019,18.1745350854696));
#2395=CARTESIAN_POINT('Origin',(12.0000004790433,53.3000000000076,-19.4999995210214));
#2396=CARTESIAN_POINT('',(14.6858028032328,53.3000040068297,4.11050423293773));
#2397=CARTESIAN_POINT('',(12.0000004790433,53.3000000000076,5.11050416019749));
#2398=CARTESIAN_POINT('Ctrl Pts',(14.685804575455,53.3000000000075,4.11075185906587));
#2399=CARTESIAN_POINT('Ctrl Pts',(13.7647368797656,53.3000000000076,4.1239338732877));
#2400=CARTESIAN_POINT('Ctrl Pts',(12.8030616404531,53.3000000000076,4.66157932344169));
#2401=CARTESIAN_POINT('Ctrl Pts',(12.0000004790433,53.3000000000076,5.11050416019749));
#2402=CARTESIAN_POINT('',(13.8573560438578,53.3000000000076,4.11050416019749));
#2403=CARTESIAN_POINT('',(22.2406166921301,53.3000000000073,4.11050416019749));
#2404=CARTESIAN_POINT('',(13.8573560438578,53.3000000000076,0.110504160197488));
#2405=CARTESIAN_POINT('',(-11.9999995205731,53.3000000057822,5.11050415921377));
#2406=CARTESIAN_POINT('',(-11.9999995210314,53.3000000000082,-19.4999995210214));
#2407=CARTESIAN_POINT('',(-11.9999778631151,53.3007709746158,18.5026718528852));
#2408=CARTESIAN_POINT('',(-11.9999995210314,53.3000000000082,-19.4999995210214));
#2409=CARTESIAN_POINT('',(-9.34510607807866,53.299943138051,18.5000004762332));
#2410=CARTESIAN_POINT('Ctrl Pts',(-9.34510607807866,53.299943138051,18.5000004762332));
#2411=CARTESIAN_POINT('Ctrl Pts',(-9.8220671696514,53.2998075464378,18.5000467942025));
#2412=CARTESIAN_POINT('Ctrl Pts',(-10.2989068948502,53.2996556124965,18.5000358499274));
#2413=CARTESIAN_POINT('Ctrl Pts',(-10.775836192647,53.2998450460668,18.500062053249));
#2414=CARTESIAN_POINT('Ctrl Pts',(-11.183713463693,53.3000070525699,18.5000844627325));
#2415=CARTESIAN_POINT('Ctrl Pts',(-11.5916564348409,53.3004179648472,18.5001340417211));
#2416=CARTESIAN_POINT('Ctrl Pts',(-11.999778107598,53.3012775716929,18.5002698434606));
#2417=CARTESIAN_POINT('Ctrl Pts',(-11.9998464277028,53.3012777155923,18.500269866194));
#2418=CARTESIAN_POINT('Ctrl Pts',(-11.999914747785,53.3012778571591,18.5002698889298));
#2419=CARTESIAN_POINT('Ctrl Pts',(-11.9999830678445,53.3012779963934,18.500269911668));
#2420=CARTESIAN_POINT('',(7.5239415283591,53.2999931070624,18.5000004791572));
#2421=CARTESIAN_POINT('',(7.523941528705,53.3000000000077,18.5000004789786));
#2422=CARTESIAN_POINT('',(12.0000004809462,53.2999412016594,18.4998458312161));
#2423=CARTESIAN_POINT('',(12.0000004779136,53.2999065397809,18.4999754944806));
#2424=CARTESIAN_POINT('',(12.0000004790433,53.3000000000076,-19.4999995210214));
#2425=CARTESIAN_POINT('Origin',(4.78968400496882E-7,47.4500000000075,33.5000004789786));
#2426=CARTESIAN_POINT('',(-8.2999995210316,47.4500000000075,28.5000004789786));
#2427=CARTESIAN_POINT('',(-8.2999995210316,47.4500000000075,33.5000004789786));
#2428=CARTESIAN_POINT('',(-5.55597047280503,53.6161649178471,28.5000028118096));
#2429=CARTESIAN_POINT('Origin',(4.78968400496882E-7,47.4500000000075,28.5000004789786));
#2430=CARTESIAN_POINT('',(-5.0967189176292,54.000835930814,28.5337450094429));
#2431=CARTESIAN_POINT('Ctrl Pts',(-5.0965612071238,54.000633173856,28.5337450077359));
#2432=CARTESIAN_POINT('Ctrl Pts',(-5.25411891099438,53.8780892932073,28.5228544008487));
#2433=CARTESIAN_POINT('Ctrl Pts',(-5.40736300451115,53.7502653318429,28.5119144636753));
#2434=CARTESIAN_POINT('Ctrl Pts',(-5.55595402540366,53.6161470583704,28.5000016539794));
#2435=CARTESIAN_POINT('',(6.23356863731427,52.9302032823006,28.5285408899569));
#2436=CARTESIAN_POINT('Ctrl Pts',(6.23356863731427,52.9302032823006,28.5285408899569));
#2437=CARTESIAN_POINT('Ctrl Pts',(6.11952614474193,53.0599232240215,28.5387892048352));
#2438=CARTESIAN_POINT('Ctrl Pts',(6.00171601908116,53.1857566775782,28.5480113307075));
#2439=CARTESIAN_POINT('Ctrl Pts',(5.88051766987214,53.3074326771695,28.5570256396059));
#2440=CARTESIAN_POINT('Ctrl Pts',(5.81764428374316,53.3705538513016,28.5617019419462));
#2441=CARTESIAN_POINT('Ctrl Pts',(5.75385956371959,53.4325568882698,28.5663223173143));
#2442=CARTESIAN_POINT('Ctrl Pts',(5.68921939498548,53.4934086512269,28.5710010170274));
#2443=CARTESIAN_POINT('Ctrl Pts',(5.59459726021591,53.5824852088574,28.5778498319899));
#2444=CARTESIAN_POINT('Ctrl Pts',(5.4980509637291,53.6691880480167,28.584700412796));
#2445=CARTESIAN_POINT('Ctrl Pts',(5.39943853116329,53.7536551873183,28.5915130840551));
#2446=CARTESIAN_POINT('Ctrl Pts',(5.35013231488038,53.795888756969,28.5949194196847));
#2447=CARTESIAN_POINT('Ctrl Pts',(5.30030843241151,53.8375630302002,28.5983150985439));
#2448=CARTESIAN_POINT('Ctrl Pts',(5.24995817788105,53.878681370213,28.6016996606184));
#2449=CARTESIAN_POINT('Ctrl Pts',(5.22478305061582,53.8992405402195,28.6033919416556));
#2450=CARTESIAN_POINT('Ctrl Pts',(5.19947655623098,53.919660487445,28.6050815844152));
#2451=CARTESIAN_POINT('Ctrl Pts',(5.17403948335514,53.939939936639,28.6067696669412));
#2452=CARTESIAN_POINT('Ctrl Pts',(5.15561743575776,53.9546267278482,28.6079922107768));
#2453=CARTESIAN_POINT('Ctrl Pts',(5.13656820305793,53.9696795942237,28.6092507701017));
#2454=CARTESIAN_POINT('Ctrl Pts',(5.11810572732126,53.9841410045147,28.6104660971297));
#2455=CARTESIAN_POINT('Ctrl Pts',(5.11107530720585,53.9896478385525,28.6109288876951));
#2456=CARTESIAN_POINT('Ctrl Pts',(5.10413031213808,53.9950693424975,28.6113854093656));
#2457=CARTESIAN_POINT('Ctrl Pts',(5.09733898478824,54.0003542008951,28.611831286304));
#2458=CARTESIAN_POINT('Ctrl Pts',(5.01437331041319,54.0649162251283,28.6172783040921));
#2459=CARTESIAN_POINT('Ctrl Pts',(4.92912655177996,54.1287172276091,28.6221817685566));
#2460=CARTESIAN_POINT('Ctrl Pts',(4.84184568241826,54.1914045291713,28.6267662597013));
#2461=CARTESIAN_POINT('Ctrl Pts',(4.75546673422303,54.2534440484122,28.6313033767807));
#2462=CARTESIAN_POINT('Ctrl Pts',(4.66709569298597,54.314392496251,28.6355280787327));
#2463=CARTESIAN_POINT('Ctrl Pts',(4.57700842068848,54.3739438401488,28.6396580551313));
#2464=CARTESIAN_POINT('Ctrl Pts',(4.54197189108559,54.3971044084529,28.6412642758178));
#2465=CARTESIAN_POINT('Ctrl Pts',(4.50667614659854,54.4200540624661,28.6428561686075));
#2466=CARTESIAN_POINT('Ctrl Pts',(4.47113881902856,54.4427764117087,28.6444465394141));
#2467=CARTESIAN_POINT('Ctrl Pts',(4.38548080170751,54.4975456225098,28.6482799174257));
#2468=CARTESIAN_POINT('Ctrl Pts',(4.29814411846614,54.5511758308876,28.6520042805391));
#2469=CARTESIAN_POINT('Ctrl Pts',(4.20883540428568,54.6037199114542,28.6555565486873));
#2470=CARTESIAN_POINT('Ctrl Pts',(4.18385149720379,54.6184189969648,28.6565502875196));
#2471=CARTESIAN_POINT('Ctrl Pts',(4.15871314304931,54.6330327949381,28.657530558411));
#2472=CARTESIAN_POINT('Ctrl Pts',(4.13341365417073,54.6475617762664,28.6584959803677));
#2473=CARTESIAN_POINT('Ctrl Pts',(4.07554550546499,54.6807942757879,28.6607042139657));
#2474=CARTESIAN_POINT('Ctrl Pts',(4.0168478920661,54.7135751484078,28.662838528523));
#2475=CARTESIAN_POINT('Ctrl Pts',(3.95731365408419,54.7458668048536,28.6649043891129));
#2476=CARTESIAN_POINT('Ctrl Pts',(3.92754653509323,54.7620126330765,28.6659373194078));
#2477=CARTESIAN_POINT('Ctrl Pts',(3.89757094594754,54.7780357516788,28.6669533573604));
#2478=CARTESIAN_POINT('Ctrl Pts',(3.86738965128936,54.7939295332897,28.6679543926343));
#2479=CARTESIAN_POINT('Ctrl Pts',(3.84686198971802,54.8047396119723,28.6686352419337));
#2480=CARTESIAN_POINT('Ctrl Pts',(3.82690440771119,54.8151443394675,28.6692879077001));
#2481=CARTESIAN_POINT('Ctrl Pts',(3.80616192421145,54.8258480904135,28.6699565484192));
#2482=CARTESIAN_POINT('Ctrl Pts',(3.79640726587786,54.8308817901326,28.6702709930113));
#2483=CARTESIAN_POINT('Ctrl Pts',(3.78647868847852,54.8359809864942,28.6705889705916));
#2484=CARTESIAN_POINT('Ctrl Pts',(3.7762334413201,54.8412153678647,28.6709150738604));
#2485=CARTESIAN_POINT('Ctrl Pts',(3.65849531165472,54.9013687505007,28.6746626446466));
#2486=CARTESIAN_POINT('Ctrl Pts',(3.54038113130699,54.9581620707794,28.6780053475825));
#2487=CARTESIAN_POINT('Ctrl Pts',(3.42232258697087,55.011594500447,28.6810630727295));
#2488=CARTESIAN_POINT('Ctrl Pts',(3.3030191382934,55.065590364672,28.6841530409922));
#2489=CARTESIAN_POINT('Ctrl Pts',(3.18377290322486,55.1161541131802,28.686951989708));
#2490=CARTESIAN_POINT('Ctrl Pts',(3.06503191557978,55.1633379475231,28.6895836417238));
#2491=CARTESIAN_POINT('Ctrl Pts',(3.04554145457696,55.1710828273785,28.6900156080734));
#2492=CARTESIAN_POINT('Ctrl Pts',(3.02606460424495,55.1787367567247,28.6904430669796));
#2493=CARTESIAN_POINT('Ctrl Pts',(3.00660334108781,55.1863000995057,28.6908665656023));
#2494=CARTESIAN_POINT('Ctrl Pts',(2.866493761565,55.2407516923066,28.6939155051022));
#2495=CARTESIAN_POINT('Ctrl Pts',(2.72687582013005,55.2906349134342,28.6967398651711));
#2496=CARTESIAN_POINT('Ctrl Pts',(2.5878646018528,55.3362512819213,28.6993036336349));
#2497=CARTESIAN_POINT('Ctrl Pts',(2.47352729054062,55.3737709367326,28.7014123439722));
#2498=CARTESIAN_POINT('Ctrl Pts',(2.35959940609548,55.408403567768,28.7033447606583));
#2499=CARTESIAN_POINT('Ctrl Pts',(2.24612296200169,55.4403024843451,28.7050808452617));
#2500=CARTESIAN_POINT('Ctrl Pts',(2.08996090763933,55.4842005848223,28.7074699802086));
#2501=CARTESIAN_POINT('Ctrl Pts',(1.93491955493665,55.5228425476661,28.7094807569473));
#2502=CARTESIAN_POINT('Ctrl Pts',(1.78142405412802,55.5565732616184,28.7110716483496));
#2503=CARTESIAN_POINT('Ctrl Pts',(1.68777202895533,55.5771533415265,28.7120422970063));
#2504=CARTESIAN_POINT('Ctrl Pts',(1.59469457938154,55.5959057473394,28.7128566403449));
#2505=CARTESIAN_POINT('Ctrl Pts',(1.50227999289492,55.6129134665363,28.7135052465247));
#2506=CARTESIAN_POINT('Ctrl Pts',(1.38033902913766,55.6353551367208,28.7143610817956));
#2507=CARTESIAN_POINT('Ctrl Pts',(1.25953720584192,55.6547626967386,28.7149326952549));
#2508=CARTESIAN_POINT('Ctrl Pts',(1.14000087598261,55.6713380355591,28.7152478045653));
#2509=CARTESIAN_POINT('Ctrl Pts',(1.08023271105296,55.6796257049694,28.7154053592206));
#2510=CARTESIAN_POINT('Ctrl Pts',(1.02078025979161,55.6872053442198,28.7154994837359));
#2511=CARTESIAN_POINT('Ctrl Pts',(0.961655991907471,55.694102053866,28.7155380464203));
#2512=CARTESIAN_POINT('Ctrl Pts',(0.932093857965405,55.6975504086891,28.7155573277626));
#2513=CARTESIAN_POINT('Ctrl Pts',(0.902613769211503,55.7008280242422,28.7155627186471));
#2514=CARTESIAN_POINT('Ctrl Pts',(0.873217082737109,55.7039380154582,28.7155555531352));
#2515=CARTESIAN_POINT('Ctrl Pts',(0.851343357077551,55.7062521230268,28.7155502213628));
#2516=CARTESIAN_POINT('Ctrl Pts',(0.830241970629261,55.7084009016732,28.7155386884138));
#2517=CARTESIAN_POINT('Ctrl Pts',(0.808292612334243,55.710548639604,28.7155198333743));
#2518=CARTESIAN_POINT('Ctrl Pts',(0.800743639427923,55.7112873042716,28.7155133486206));
#2519=CARTESIAN_POINT('Ctrl Pts',(0.793094319060668,55.712025405321,28.7155059977686));
#2520=CARTESIAN_POINT('Ctrl Pts',(0.785278597837332,55.7127681969271,28.7154977352178));
#2521=CARTESIAN_POINT('Ctrl Pts',(0.618788832937796,55.7285910744755,28.71532172713));
#2522=CARTESIAN_POINT('Ctrl Pts',(0.450281478548894,55.7395311266063,28.7147503233455));
#2523=CARTESIAN_POINT('Ctrl Pts',(0.279851965347757,55.7452807755793,28.7137502790211));
#2524=CARTESIAN_POINT('Ctrl Pts',(0.114479759299261,55.7508598100835,28.7127799099051));
#2525=CARTESIAN_POINT('Ctrl Pts',(-0.0527025512901066,55.7515516628545,
28.7114059616813));
#2526=CARTESIAN_POINT('Ctrl Pts',(-0.221573160953527,55.7470419501299,28.709598062067));
#2527=CARTESIAN_POINT('Ctrl Pts',(-0.389463590833454,55.7425584132405,28.7078006560883));
#2528=CARTESIAN_POINT('Ctrl Pts',(-0.559023245820477,55.7329333606632,28.7055743216884));
#2529=CARTESIAN_POINT('Ctrl Pts',(-0.73009160616342,55.7178271357928,28.7028892123925));
#2530=CARTESIAN_POINT('Ctrl Pts',(-0.903449932518505,55.7025186950278,28.7001681595181));
#2531=CARTESIAN_POINT('Ctrl Pts',(-1.0780769750315,55.681605261657,28.6973065207931));
#2532=CARTESIAN_POINT('Ctrl Pts',(-1.25373491430768,55.6547637116355,28.6941255973526));
#2533=CARTESIAN_POINT('Ctrl Pts',(-1.34176127523625,55.6413127740928,28.6925315611479));
#2534=CARTESIAN_POINT('Ctrl Pts',(-1.43004579407327,55.6263728291179,28.6908573445728));
#2535=CARTESIAN_POINT('Ctrl Pts',(-1.51855386929733,55.6099015123643,28.6890804593242));
#2536=CARTESIAN_POINT('Ctrl Pts',(-1.6397120755856,55.5873540195167,28.6866480911029));
#2537=CARTESIAN_POINT('Ctrl Pts',(-1.76136785292065,55.5619177198559,28.6838729426272));
#2538=CARTESIAN_POINT('Ctrl Pts',(-1.88311785881714,55.5335552404878,28.6807823587832));
#2539=CARTESIAN_POINT('Ctrl Pts',(-1.89457900394171,55.530885289963,28.6804914213849));
#2540=CARTESIAN_POINT('Ctrl Pts',(-1.90604098446272,55.5281894466605,28.6801976886866));
#2541=CARTESIAN_POINT('Ctrl Pts',(-1.91750346447474,55.5254677032975,28.6799011834997));
#2542=CARTESIAN_POINT('Ctrl Pts',(-1.98411679758243,55.5096504982002,28.6781780660975));
#2543=CARTESIAN_POINT('Ctrl Pts',(-2.05074742541335,55.492958305075,28.676362476237));
#2544=CARTESIAN_POINT('Ctrl Pts',(-2.11735413924353,55.4753853129216,28.674457486294));
#2545=CARTESIAN_POINT('Ctrl Pts',(-2.15065749615863,55.4665988168448,28.6735049913225));
#2546=CARTESIAN_POINT('Ctrl Pts',(-2.18395526227409,55.457592064859,28.672530124547));
#2547=CARTESIAN_POINT('Ctrl Pts',(-2.21724483438229,55.4483637839588,28.6715332995998));
#2548=CARTESIAN_POINT('Ctrl Pts',(-2.23388962043638,55.4437496435087,28.6710348871262));
#2549=CARTESIAN_POINT('Ctrl Pts',(-2.25053235979596,55.4390801208331,28.6705309851096));
#2550=CARTESIAN_POINT('Ctrl Pts',(-2.26717292900365,55.434354998264,28.6700216604284));
#2551=CARTESIAN_POINT('Ctrl Pts',(-2.2754932136075,55.4319924369795,28.6697669980878));
#2552=CARTESIAN_POINT('Ctrl Pts',(-2.28381295578699,55.4296159756125,28.669510980081));
#2553=CARTESIAN_POINT('Ctrl Pts',(-2.29213214628665,55.4272255846479,28.6692536156487));
#2554=CARTESIAN_POINT('Ctrl Pts',(-2.29629174153649,55.4260303891656,28.6691249334325));
#2555=CARTESIAN_POINT('Ctrl Pts',(-2.30045119887299,55.4248317112758,28.66899591461));
#2556=CARTESIAN_POINT('Ctrl Pts',(-2.30461051785592,55.4236295470404,28.6688665604044));
#2557=CARTESIAN_POINT('Ctrl Pts',(-2.30876983683884,55.4224273828051,28.6687372061988));
#2558=CARTESIAN_POINT('Ctrl Pts',(-2.31468425692751,55.4207114387729,28.6685526427249));
#2559=CARTESIAN_POINT('Ctrl Pts',(-2.31708805953332,55.4200125912613,28.6684774928854));
#2560=CARTESIAN_POINT('Ctrl Pts',(-2.38133685325514,55.4013338072768,28.666468889297));
#2561=CARTESIAN_POINT('Ctrl Pts',(-2.44947029910947,55.3806872960945,28.6641442994341));
#2562=CARTESIAN_POINT('Ctrl Pts',(-2.52145150232012,55.3577354474068,28.6615433715002));
#2563=CARTESIAN_POINT('Ctrl Pts',(-2.59162595128719,55.3353596984253,28.6590077277984));
#2564=CARTESIAN_POINT('Ctrl Pts',(-2.66545768695698,55.310792716601,28.656209444296));
#2565=CARTESIAN_POINT('Ctrl Pts',(-2.74288158914528,55.283683549936,28.6531852579551));
#2566=CARTESIAN_POINT('Ctrl Pts',(-2.8191926875104,55.2569640198491,28.6502045378568));
#2567=CARTESIAN_POINT('Ctrl Pts',(-2.89899376259032,55.2277747170515,28.6470043619983));
#2568=CARTESIAN_POINT('Ctrl Pts',(-2.98218758647102,55.1957442729842,28.6436199059531));
#2569=CARTESIAN_POINT('Ctrl Pts',(-3.06336533646158,55.1644900372814,28.6403174669753));
#2570=CARTESIAN_POINT('Ctrl Pts',(-3.14777364819499,55.13053046625,28.636839571082));
#2571=CARTESIAN_POINT('Ctrl Pts',(-3.23528456344076,55.0934894318288,28.6332188980406));
#2572=CARTESIAN_POINT('Ctrl Pts',(-3.32074188003566,55.0573176308981,28.6296831905061));
#2573=CARTESIAN_POINT('Ctrl Pts',(-3.40915813310408,55.0182070475291,28.6260113282351));
#2574=CARTESIAN_POINT('Ctrl Pts',(-3.50037420749228,54.9757808268975,28.6222337438958));
#2575=CARTESIAN_POINT('Ctrl Pts',(-3.59433610577894,54.9320774746714,28.6183424451545));
#2576=CARTESIAN_POINT('Ctrl Pts',(-3.69085560976858,54.8850476336717,28.6140144029731));
#2577=CARTESIAN_POINT('Ctrl Pts',(-3.78973361389632,54.8343019646741,28.6093030692446));
#2578=CARTESIAN_POINT('Ctrl Pts',(-3.8862068604666,54.7847904531831,28.6047063172727));
#2579=CARTESIAN_POINT('Ctrl Pts',(-3.98492547378937,54.7317413591892,28.5997446906887));
#2580=CARTESIAN_POINT('Ctrl Pts',(-4.08565810751235,54.6747763920293,28.5944678355425));
#2581=CARTESIAN_POINT('Ctrl Pts',(-4.14379630558354,54.6418988584887,28.5914222798141));
#2582=CARTESIAN_POINT('Ctrl Pts',(-4.20260450822056,54.6077166334648,28.5882717194874));
#2583=CARTESIAN_POINT('Ctrl Pts',(-4.26203053342089,54.5721549863464,28.5850256991868));
#2584=CARTESIAN_POINT('Ctrl Pts',(-4.36721433593514,54.5092110277866,28.5792802575708));
#2585=CARTESIAN_POINT('Ctrl Pts',(-4.47437415104076,54.4419215999777,28.5732042188627));
#2586=CARTESIAN_POINT('Ctrl Pts',(-4.58306604523655,54.3699350600143,28.5667405745957));
#2587=CARTESIAN_POINT('Ctrl Pts',(-4.68933550295378,54.2995528974672,28.5604209867717));
#2588=CARTESIAN_POINT('Ctrl Pts',(-4.79706945053293,54.2246802215892,28.5537308781324));
#2589=CARTESIAN_POINT('Ctrl Pts',(-4.90580566513058,54.1450030677081,28.5466169675656));
#2590=CARTESIAN_POINT('Ctrl Pts',(-4.96913725070841,54.0985964449625,28.5424735895979));
#2591=CARTESIAN_POINT('Ctrl Pts',(-5.03280794855246,54.0505603139598,28.5381864459478));
#2592=CARTESIAN_POINT('Ctrl Pts',(-5.0967189176292,54.000835930814,28.5337450094429));
#2593=CARTESIAN_POINT('',(6.52231195979696,52.5827558425249,28.4999832027718));
#2594=CARTESIAN_POINT('Origin',(0.377689861245226,47.9273290225638,26.5684823458657));
#2595=CARTESIAN_POINT('',(5.06990666632133,40.8761902065036,28.5000016964016));
#2596=CARTESIAN_POINT('Origin',(4.78968400496882E-7,47.4500000000075,28.5000004789786));
#2597=CARTESIAN_POINT('',(5.05705255848085,40.8684937692805,28.5000147566586));
#2598=CARTESIAN_POINT('Ctrl Pts',(5.06937421609962,40.8768789885664,28.5000018423867));
#2599=CARTESIAN_POINT('Ctrl Pts',(5.06493107368639,40.8745530598825,28.5001103189906));
#2600=CARTESIAN_POINT('Ctrl Pts',(5.06101755062516,40.8715404088792,28.5002187946034));
#2601=CARTESIAN_POINT('Ctrl Pts',(5.05705255848085,40.8684937692805,28.5000147566586));
#2602=CARTESIAN_POINT('',(-5.05912623977561,40.8694789132831,28.5000013206386));
#2603=CARTESIAN_POINT('Ctrl Pts',(-5.05912623977561,40.8694789132831,28.5000013206386));
#2604=CARTESIAN_POINT('Ctrl Pts',(-4.72136453322213,40.6088227714658,28.5319062314813));
#2605=CARTESIAN_POINT('Ctrl Pts',(-4.34375187184649,40.3621260222808,28.5645334424199));
#2606=CARTESIAN_POINT('Ctrl Pts',(-3.53236037934773,39.9253904298209,28.6205346695111));
#2607=CARTESIAN_POINT('Ctrl Pts',(-3.10042805223617,39.7356607862501,28.6444825491633));
#2608=CARTESIAN_POINT('Ctrl Pts',(-2.21736537609621,39.4341396975466,28.6816351146534));
#2609=CARTESIAN_POINT('Ctrl Pts',(-1.76586853697913,39.3227814920393,28.6947766422957));
#2610=CARTESIAN_POINT('Ctrl Pts',(-1.09430826529844,39.2183136374528,28.7065328111135));
#2611=CARTESIAN_POINT('Ctrl Pts',(-0.871622363147234,39.1933834984951,28.7092178773373));
#2612=CARTESIAN_POINT('Ctrl Pts',(-0.5423818832953,39.1690163611216,28.7117986167743));
#2613=CARTESIAN_POINT('Ctrl Pts',(-0.433426232656798,39.1630666391205,28.712417409898));
#2614=CARTESIAN_POINT('Ctrl Pts',(-0.217524741839205,39.155225981669,28.7132357746326));
#2615=CARTESIAN_POINT('Ctrl Pts',(-0.112745185930751,39.1533350567903,28.713434919786));
#2616=CARTESIAN_POINT('Ctrl Pts',(0.426845619904541,39.153335385,28.7135403616201));
#2617=CARTESIAN_POINT('Ctrl Pts',(0.876216308579703,39.1848472081086,28.7104413416924));
#2618=CARTESIAN_POINT('Ctrl Pts',(1.78055405035762,39.3274948726043,28.6942438837698));
#2619=CARTESIAN_POINT('Ctrl Pts',(2.23425524235644,39.4407703643354,28.6807893807176));
#2620=CARTESIAN_POINT('Ctrl Pts',(3.11780064328803,39.7441872297339,28.64333184029));
#2621=CARTESIAN_POINT('Ctrl Pts',(3.54797935383462,39.9339178978986,28.6193850807783));
#2622=CARTESIAN_POINT('Ctrl Pts',(4.35306680086948,40.3679932369708,28.5637521886182));
#2623=CARTESIAN_POINT('Ctrl Pts',(4.72608697731836,40.6120723227003,28.5314754906894));
#2624=CARTESIAN_POINT('Ctrl Pts',(5.05705255848085,40.8684937692805,28.5000147566586));
#2625=CARTESIAN_POINT('Origin',(4.78968400496882E-7,47.4500000000075,28.5000004789786));
#2626=CARTESIAN_POINT('Origin',(-2.99999722261095,41.6000000000075,17.5000004789786));
#2627=CARTESIAN_POINT('',(-4.49999722261095,34.1000000000075,17.5000004789786));
#2628=CARTESIAN_POINT('',(-3.99999722261095,33.6000000000075,17.5000004789786));
#2629=CARTESIAN_POINT('Origin',(-3.99999722261095,34.1000000000075,17.5000004789786));
#2630=CARTESIAN_POINT('',(-4.49999722261095,40.9000000000075,17.5000004789786));
#2631=CARTESIAN_POINT('',(-4.49999722261095,41.6000000000075,17.5000004789786));
#2632=CARTESIAN_POINT('',(4.50000277738905,40.9000000000075,17.5000004789786));
#2633=CARTESIAN_POINT('',(-7.49999722261095,40.9000000000075,17.5000004789786));
#2634=CARTESIAN_POINT('',(4.50000277738905,34.1000000000075,17.5000004789786));
#2635=CARTESIAN_POINT('',(4.50000277738905,41.6000000000075,17.5000004789786));
#2636=CARTESIAN_POINT('',(4.00000277738905,33.6000000000075,17.5000004789786));
#2637=CARTESIAN_POINT('Origin',(4.00000277738905,34.1000000000075,17.5000004789786));
#2638=CARTESIAN_POINT('',(-2.99999722261095,33.6000000000075,17.5000004789786));
#2639=CARTESIAN_POINT('',(2.24999999999996,37.5000000000059,17.5000004789786));
#2640=CARTESIAN_POINT('Origin',(-4.44089209850063E-14,37.5000000000059,
17.5000004789786));
#2641=CARTESIAN_POINT('Origin',(-4.44089209850063E-14,37.5000000000059,
17.5000004789803));
#2642=CARTESIAN_POINT('',(2.24999999999996,37.5000000000059,20.5000004789786));
#2643=CARTESIAN_POINT('',(2.24999999999996,37.5000000000059,17.5000004789803));
#2644=CARTESIAN_POINT('Origin',(-4.44089209850063E-14,37.5000000000059,
20.5000004789786));
#2645=CARTESIAN_POINT('Ctrl Pts',(-13.122575079184,45.2701634593981,19.6869095446975));
#2646=CARTESIAN_POINT('Ctrl Pts',(-13.1221703573934,45.2636606027818,19.6873764331725));
#2647=CARTESIAN_POINT('Ctrl Pts',(-13.1217656770806,45.2571577449105,19.6878433459496));
#2648=CARTESIAN_POINT('Ctrl Pts',(-13.12136103296,45.2506548859441,19.6883102799321));
#2649=CARTESIAN_POINT('Ctrl Pts',(-13.1207541131998,45.2409005960901,19.689010708104));
#2650=CARTESIAN_POINT('Ctrl Pts',(-13.1201472515056,45.2311463044792,19.6897111702973));
#2651=CARTESIAN_POINT('Ctrl Pts',(-13.1199449700835,45.2278948737665,19.6899446610987));
#2652=CARTESIAN_POINT('Ctrl Pts',(-13.1195404175859,45.221392012028,19.6904116487638));
#2653=CARTESIAN_POINT('Ctrl Pts',(-13.1191358832727,45.2148891497393,19.6908786470833));
#2654=CARTESIAN_POINT('Ctrl Pts',(-13.1189336200349,45.2116377184763,19.6911121485391));
#2655=CARTESIAN_POINT('Ctrl Pts',(-13.1183268402222,45.201883424388,19.6918126587074));
#2656=CARTESIAN_POINT('Ctrl Pts',(-13.117720084641,45.1921291295665,19.6925131830731));
#2657=CARTESIAN_POINT('Ctrl Pts',(-13.1173155868268,45.1856262661735,19.6929802027777));
#2658=CARTESIAN_POINT('Ctrl Pts',(-13.1167088419304,45.1758719710287,19.6936807334037));
#2659=CARTESIAN_POINT('Ctrl Pts',(-13.1161020897375,45.1661176761047,19.6943812597546));
#2660=CARTESIAN_POINT('Ctrl Pts',(-13.1158998376383,45.1628662445047,19.6946147677366));
#2661=CARTESIAN_POINT('Ctrl Pts',(-13.1154953296173,45.1563633814205,19.6950817814609));
#2662=CARTESIAN_POINT('Ctrl Pts',(-13.1150908118402,45.1498605186315,19.695548789469));
#2663=CARTESIAN_POINT('Ctrl Pts',(-13.1148885499851,45.1466090873267,19.6957822917349));
#2664=CARTESIAN_POINT('Ctrl Pts',(-13.1142817539832,45.1368547937282,19.6964827924178));
#2665=CARTESIAN_POINT('Ctrl Pts',(-13.1136749222083,45.1271005012121,19.697183272141));
#2666=CARTESIAN_POINT('Ctrl Pts',(-13.1132703478236,45.1205976401358,19.6976502469823));
#2667=CARTESIAN_POINT('Ctrl Pts',(-13.1127502237972,45.1122379985762,19.6982505407922));
#2668=CARTESIAN_POINT('Ctrl Pts',(-13.112230055087,45.1038783583685,19.6988508084216));
#2669=CARTESIAN_POINT('Ctrl Pts',(-13.11211451681,45.1020215775413,19.6989841340488));
#2670=CARTESIAN_POINT('Ctrl Pts',(-13.111709867809,45.0955187187226,19.6994510651718));
#2671=CARTESIAN_POINT('Ctrl Pts',(-13.1113051888581,45.0890158608101,19.6999179787469));
#2672=CARTESIAN_POINT('Ctrl Pts',(-13.1110160425956,45.0843697838939,19.7002515634203));
#2673=CARTESIAN_POINT('Ctrl Pts',(-13.1103221518979,45.0732208510465,19.7010520233011));
#2674=CARTESIAN_POINT('Ctrl Pts',(-13.1096281530677,45.0620719214708,19.7018524198261));
#2675=CARTESIAN_POINT('Ctrl Pts',(-13.1092233233766,45.0555690681192,19.7023192450813));
#2676=CARTESIAN_POINT('Ctrl Pts',(-13.108426431593,45.0427698037505,19.7032380264454));
#2677=CARTESIAN_POINT('Ctrl Pts',(-13.1076293631493,45.029970544727,19.704156704303));
#2678=CARTESIAN_POINT('Ctrl Pts',(-13.1072372115567,45.0236741364179,19.7046086079732));
#2679=CARTESIAN_POINT('Ctrl Pts',(-13.1068321530688,45.0171712899889,19.7050752991746));
#2680=CARTESIAN_POINT('Ctrl Pts',(-13.1064270407153,45.0106684451896,19.7055419588156));
#2681=CARTESIAN_POINT('Ctrl Pts',(-13.1064141799513,45.0104620056738,19.7055567733755));
#2682=CARTESIAN_POINT('Ctrl Pts',(-13.1064013191328,45.0102555661596,19.7055715879035));
#2683=CARTESIAN_POINT('Ctrl Pts',(-13.1063884582597,45.0100491266471,19.7055864023996));
#2684=CARTESIAN_POINT('Ctrl Pts',(-13.1191353034253,45.2708007212114,19.6928029753555));
#2685=CARTESIAN_POINT('Ctrl Pts',(-13.1187305916991,45.2642978642905,19.6932698697273));
#2686=CARTESIAN_POINT('Ctrl Pts',(-13.1183259217955,45.2577950061043,19.6937367886033));
#2687=CARTESIAN_POINT('Ctrl Pts',(-13.1179212883582,45.2512921468147,19.6942037288452));
#2688=CARTESIAN_POINT('Ctrl Pts',(-13.1173143849232,45.2415378564667,19.6949041665822));
#2689=CARTESIAN_POINT('Ctrl Pts',(-13.1167075398326,45.2317835643534,19.6956046385036));
#2690=CARTESIAN_POINT('Ctrl Pts',(-13.1165052639664,45.2285321334726,19.6958381325603));
#2691=CARTESIAN_POINT('Ctrl Pts',(-13.1161007226042,45.2220292713972,19.6963051267497));
#2692=CARTESIAN_POINT('Ctrl Pts',(-13.1156961994348,45.2155264087713,19.6967721315984));
#2693=CARTESIAN_POINT('Ctrl Pts',(-13.1154939417613,45.21227497734,19.6970056363144));
#2694=CARTESIAN_POINT('Ctrl Pts',(-13.1148871785899,45.2025206827482,19.697706156233));
#2695=CARTESIAN_POINT('Ctrl Pts',(-13.1142804394083,45.1927663874305,19.6984066902073));
#2696=CARTESIAN_POINT('Ctrl Pts',(-13.1138759523427,45.1862635237122,19.6988737162096));
#2697=CARTESIAN_POINT('Ctrl Pts',(-13.1132692231791,45.1765092280914,19.6995742560536));
#2698=CARTESIAN_POINT('Ctrl Pts',(-13.1126624859752,45.1667549327139,19.7002747911867));
#2699=CARTESIAN_POINT('Ctrl Pts',(-13.1124602387809,45.1635035009656,19.7005083020425));
#2700=CARTESIAN_POINT('Ctrl Pts',(-13.1120557403696,45.1570006375906,19.7009753213972));
#2701=CARTESIAN_POINT('Ctrl Pts',(-13.1116512317704,45.1504977745239,19.7014423347827));
#2702=CARTESIAN_POINT('Ctrl Pts',(-13.111448974388,45.1472463430838,19.7016758396692));
#2703=CARTESIAN_POINT('Ctrl Pts',(-13.1108421914338,45.1374920490905,19.7023763479969));
#2704=CARTESIAN_POINT('Ctrl Pts',(-13.110235371531,45.1277377562152,19.7030768346761));
#2705=CARTESIAN_POINT('Ctrl Pts',(-13.1098308044825,45.1212348949169,19.7035438138157));
#2706=CARTESIAN_POINT('Ctrl Pts',(-13.1093106890834,45.1128752530963,19.7041441126804));
#2707=CARTESIAN_POINT('Ctrl Pts',(-13.1087905279112,45.1045156126605,19.7047443847263));
#2708=CARTESIAN_POINT('Ctrl Pts',(-13.1086749912539,45.1026588317843,19.7048777113026));
#2709=CARTESIAN_POINT('Ctrl Pts',(-13.1082703477321,45.0961559727998,19.7053446456359));
#2710=CARTESIAN_POINT('Ctrl Pts',(-13.1078656735751,45.0896531147423,19.7058115620197));
#2711=CARTESIAN_POINT('Ctrl Pts',(-13.107576530378,45.0850070377334,19.7061451484892));
#2712=CARTESIAN_POINT('Ctrl Pts',(-13.1068826461578,45.07385810469,19.7069456121652));
#2713=CARTESIAN_POINT('Ctrl Pts',(-13.1061886516793,45.0627091749826,19.7077460112399));
#2714=CARTESIAN_POINT('Ctrl Pts',(-13.1057838237946,45.0562063215763,19.7082128375534));
#2715=CARTESIAN_POINT('Ctrl Pts',(-13.1049869341349,45.0434070571434,19.709131620162));
#2716=CARTESIAN_POINT('Ctrl Pts',(-13.1041898650541,45.0306077981391,19.7100502976464));
#2717=CARTESIAN_POINT('Ctrl Pts',(-13.1037977124932,45.0243113898594,19.7105022007491));
#2718=CARTESIAN_POINT('Ctrl Pts',(-13.1033926523514,45.0178085434803,19.7109688909815));
#2719=CARTESIAN_POINT('Ctrl Pts',(-13.1029875376969,45.0113056987507,19.7114355492744));
#2720=CARTESIAN_POINT('Ctrl Pts',(-13.1029746768592,45.0110992592371,19.7114503637911));
#2721=CARTESIAN_POINT('Ctrl Pts',(-13.1029618159664,45.0108928197252,19.7114651782756));
#2722=CARTESIAN_POINT('Ctrl Pts',(-13.1029489550184,45.010686380215,19.7114799927277));
#2723=CARTESIAN_POINT('Ctrl Pts',(-13.1156954973293,45.2714379839425,19.6986963882387));
#2724=CARTESIAN_POINT('Ctrl Pts',(-13.1152907958741,45.2649351267109,19.6991632886283));
#2725=CARTESIAN_POINT('Ctrl Pts',(-13.1148861366123,45.2584322682027,19.6996302137394));
#2726=CARTESIAN_POINT('Ctrl Pts',(-13.1144815141161,45.251929408582,19.7000971603918));
#2727=CARTESIAN_POINT('Ctrl Pts',(-13.1138746274273,45.2421751177274,19.7007976079405));
#2728=CARTESIAN_POINT('Ctrl Pts',(-13.1132677994084,45.2324208250976,19.7014980898644));
#2729=CARTESIAN_POINT('Ctrl Pts',(-13.1130655292591,45.2291693940438,19.7017315872707));
#2730=CARTESIAN_POINT('Ctrl Pts',(-13.1126609993636,45.2226665316214,19.7021985881785));
#2731=CARTESIAN_POINT('Ctrl Pts',(-13.1122564876867,45.2161636686478,19.7026655997608));
#2732=CARTESIAN_POINT('Ctrl Pts',(-13.1120542357559,45.2129122370428,19.7028991078414));
#2733=CARTESIAN_POINT('Ctrl Pts',(-13.1114474897717,45.203157941931,19.7035996378301));
#2734=CARTESIAN_POINT('Ctrl Pts',(-13.1108407675651,45.1934036460996,19.7043001817503));
#2735=CARTESIAN_POINT('Ctrl Pts',(-13.110436291642,45.1869007820442,19.704767214281));
#2736=CARTESIAN_POINT('Ctrl Pts',(-13.1098295788123,45.1771464859292,19.7054677636952));
#2737=CARTESIAN_POINT('Ctrl Pts',(-13.1092228572058,45.1673921900798,19.706168307967));
#2738=CARTESIAN_POINT('Ctrl Pts',(-13.1090206151195,45.1641407581769,19.7064018218156));
#2739=CARTESIAN_POINT('Ctrl Pts',(-13.1086161267242,45.1576378944989,19.7068688470387));
#2740=CARTESIAN_POINT('Ctrl Pts',(-13.1082116277067,45.1511350311423,19.7073358660382));
#2741=CARTESIAN_POINT('Ctrl Pts',(-13.1080093749981,45.1478835995608,19.7075693736631));
#2742=CARTESIAN_POINT('Ctrl Pts',(-13.1074026056898,45.1381293051546,19.708269889986));
#2743=CARTESIAN_POINT('Ctrl Pts',(-13.1067957982396,45.1283750119025,19.7089703839613));
#2744=CARTESIAN_POINT('Ctrl Pts',(-13.1063912389026,45.1218721503709,19.7094373676191));
#2745=CARTESIAN_POINT('Ctrl Pts',(-13.1058711325935,45.1135125082752,19.7100376718098));
#2746=CARTESIAN_POINT('Ctrl Pts',(-13.1053509793912,45.1051528675984,19.7106379485253));
#2747=CARTESIAN_POINT('Ctrl Pts',(-13.1052354444479,45.1032960866703,19.7107712761058));
#2748=CARTESIAN_POINT('Ctrl Pts',(-13.1048308067299,45.0967932275102,19.7112382138396));
#2749=CARTESIAN_POINT('Ctrl Pts',(-13.1044261376701,45.0902903692985,19.7117051332099));
#2750=CARTESIAN_POINT('Ctrl Pts',(-13.1041369977431,45.0856442921906,19.7120387215954));
#2751=CARTESIAN_POINT('Ctrl Pts',(-13.1034431204607,45.0744953589373,19.7128391893362));
#2752=CARTESIAN_POINT('Ctrl Pts',(-13.1027491307158,45.0633464290867,19.7136395911844));
#2753=CARTESIAN_POINT('Ctrl Pts',(-13.1023443048319,45.0568435756198,19.7141064186703));
#2754=CARTESIAN_POINT('Ctrl Pts',(-13.101547417621,45.0440443111128,19.7150252027136));
#2755=CARTESIAN_POINT('Ctrl Pts',(-13.1007503481157,45.0312450521214,19.7159438799492));
#2756=CARTESIAN_POINT('Ctrl Pts',(-13.1003581946641,45.0249486438686,19.7163957825302));
#2757=CARTESIAN_POINT('Ctrl Pts',(-13.0999531329225,45.018445797538,19.7168624718252));
#2758=CARTESIAN_POINT('Ctrl Pts',(-13.0995480159964,45.011942952877,19.7173291287871));
#2759=CARTESIAN_POINT('Ctrl Pts',(-13.0995351550859,45.0117365133656,19.7173439432612));
#2760=CARTESIAN_POINT('Ctrl Pts',(-13.0995222941196,45.011530073856,19.7173587577026));
#2761=CARTESIAN_POINT('Ctrl Pts',(-13.0995094330974,45.011323634348,19.7173735721112));
#2762=CARTESIAN_POINT('Ctrl Pts',(-13.1122556587035,45.2720752476578,19.7045897820623));
#2763=CARTESIAN_POINT('Ctrl Pts',(-13.1118509676905,45.2655723901103,19.7050566885702));
#2764=CARTESIAN_POINT('Ctrl Pts',(-13.1114463192694,45.2590695312741,19.7055236200329));
#2765=CARTESIAN_POINT('Ctrl Pts',(-13.1110417079392,45.2525666713157,19.7059905732275));
#2766=CARTESIAN_POINT('Ctrl Pts',(-13.1104348383707,45.242812379943,19.7066910308072));
#2767=CARTESIAN_POINT('Ctrl Pts',(-13.1098280278479,45.2330580867839,19.7073915229822));
#2768=CARTESIAN_POINT('Ctrl Pts',(-13.1096257635624,45.2298066555526,19.7076250238241));
#2769=CARTESIAN_POINT('Ctrl Pts',(-13.1092212454373,45.2233037927741,19.7080920316283));
#2770=CARTESIAN_POINT('Ctrl Pts',(-13.1088167455753,45.216800929443,19.708559050133));
#2771=CARTESIAN_POINT('Ctrl Pts',(-13.1086144995528,45.2135494976592,19.7087925616754));
#2772=CARTESIAN_POINT('Ctrl Pts',(-13.1080077712648,45.203795202012,19.7094931020325));
#2773=CARTESIAN_POINT('Ctrl Pts',(-13.107401066575,45.1940409056506,19.7101936562159));
#2774=CARTESIAN_POINT('Ctrl Pts',(-13.1069966021674,45.1875380412468,19.7106606954936));
#2775=CARTESIAN_POINT('Ctrl Pts',(-13.1063899062435,45.1777837446203,19.711361254813));
#2776=CARTESIAN_POINT('Ctrl Pts',(-13.105783200817,45.1680294482813,19.7120618085647));
#2777=CARTESIAN_POINT('Ctrl Pts',(-13.1055809640336,45.164778016218,19.7122953255203));
#2778=CARTESIAN_POINT('Ctrl Pts',(-13.1051764860446,45.1582751522251,19.7127623568406));
#2779=CARTESIAN_POINT('Ctrl Pts',(-13.1047719969982,45.1517722885668,19.7132293816823));
#2780=CARTESIAN_POINT('Ctrl Pts',(-13.1045697491576,45.148520856838,19.7134628921594));
#2781=CARTESIAN_POINT('Ctrl Pts',(-13.103962994074,45.1387665620015,19.7141634168167));
#2782=CARTESIAN_POINT('Ctrl Pts',(-13.1033561996405,45.1290122683555,19.7148639184185));
#2783=CARTESIAN_POINT('Ctrl Pts',(-13.1029516483807,45.1225094065795,19.7153309068089));
#2784=CARTESIAN_POINT('Ctrl Pts',(-13.1024315516136,45.1141497641951,19.7159312165903));
#2785=CARTESIAN_POINT('Ctrl Pts',(-13.1019114068043,45.1057901232643,19.7165314982233));
#2786=CARTESIAN_POINT('Ctrl Pts',(-13.1017958736677,45.1039333422817,19.7166648268623));
#2787=CARTESIAN_POINT('Ctrl Pts',(-13.1013912420718,45.0974304829364,19.7171317681831));
#2788=CARTESIAN_POINT('Ctrl Pts',(-13.1009865784073,45.0909276245614,19.7175986907147));
#2789=CARTESIAN_POINT('Ctrl Pts',(-13.1006974419521,45.0862815473484,19.7179322811343));
#2790=CARTESIAN_POINT('Ctrl Pts',(-13.1000035720616,45.0751326138714,19.7187327532061));
#2791=CARTESIAN_POINT('Ctrl Pts',(-13.0993095874298,45.0639836838661,19.71953315805));
#2792=CARTESIAN_POINT('Ctrl Pts',(-13.0989047637404,45.0574808303329,19.7199999868217));
#2793=CARTESIAN_POINT('Ctrl Pts',(-13.0981078793041,45.044681565742,19.7209187724907));
#2794=CARTESIAN_POINT('Ctrl Pts',(-13.0973108095923,45.0318823067568,19.7218374496053));
#2795=CARTESIAN_POINT('Ctrl Pts',(-13.0969186553316,45.0255858985285,19.7222893517122));
#2796=CARTESIAN_POINT('Ctrl Pts',(-13.0965135920494,45.0190830522445,19.7227560401045));
#2797=CARTESIAN_POINT('Ctrl Pts',(-13.0961084728881,45.0125802076511,19.7232226957569));
#2798=CARTESIAN_POINT('Ctrl Pts',(-13.0960956119059,45.0123737681419,19.723237510189));
#2799=CARTESIAN_POINT('Ctrl Pts',(-13.0960827508673,45.0121673286344,19.723252324588));
#2800=CARTESIAN_POINT('Ctrl Pts',(-13.0960698897721,45.0119608891286,19.7232671389538));
#2801=CARTESIAN_POINT('Ctrl Pts',(-13.0038996911798,45.2921490791999,19.8902309637534));
#2802=CARTESIAN_POINT('Ctrl Pts',(-13.003495333111,45.2856462115785,19.890698065336));
#2803=CARTESIAN_POINT('Ctrl Pts',(-13.0030910310795,45.2791433422617,19.8911651997512));
#2804=CARTESIAN_POINT('Ctrl Pts',(-13.0026867772457,45.2726404714871,19.8916323624059));
#2805=CARTESIAN_POINT('Ctrl Pts',(-13.0020804568281,45.2628861634991,19.8923331417372));
#2806=CARTESIAN_POINT('Ctrl Pts',(-13.0014742089567,45.2531318533157,19.8930339635742));
#2807=CARTESIAN_POINT('Ctrl Pts',(-13.0012721333963,45.2498804163744,19.8932675749917));
#2808=CARTESIAN_POINT('Ctrl Pts',(-13.0008679944079,45.2433775421249,19.8937348049353));
#2809=CARTESIAN_POINT('Ctrl Pts',(-13.0004638757159,45.236874667261,19.8942020467704));
#2810=CARTESIAN_POINT('Ctrl Pts',(-13.0002618204521,45.2336232297054,19.89443567008));
#2811=CARTESIAN_POINT('Ctrl Pts',(-12.9996556639466,45.2238689167583,19.8951365454483));
#2812=CARTESIAN_POINT('Ctrl Pts',(-12.9990495265183,45.2141146032334,19.8958374319952));
#2813=CARTESIAN_POINT('Ctrl Pts',(-12.9986454355737,45.2076117275299,19.8963046900878));
#2814=CARTESIAN_POINT('Ctrl Pts',(-12.9980392887263,45.1978574142902,19.8970055711157));
#2815=CARTESIAN_POINT('Ctrl Pts',(-12.9974331099359,45.1881031020171,19.8977064334276));
#2816=CARTESIAN_POINT('Ctrl Pts',(-12.9972310458844,45.1848516647279,19.8979400515881));
#2817=CARTESIAN_POINT('Ctrl Pts',(-12.9968269071095,45.1783487904711,19.8984072816565));
#2818=CARTESIAN_POINT('Ctrl Pts',(-12.9964227435881,45.1718459169641,19.8988744972259));
#2819=CARTESIAN_POINT('Ctrl Pts',(-12.99622065479,45.168594480423,19.8991081008873));
#2820=CARTESIAN_POINT('Ctrl Pts',(-12.9956143648231,45.1588401715138,19.8998088980609));
#2821=CARTESIAN_POINT('Ctrl Pts',(-12.9950079970858,45.1490858649573,19.9005096496668));
#2822=CARTESIAN_POINT('Ctrl Pts',(-12.9946037110921,45.1425829951554,19.9009767934788));
#2823=CARTESIAN_POINT('Ctrl Pts',(-12.9940839283129,45.1342233432708,19.9015772872278));
#2824=CARTESIAN_POINT('Ctrl Pts',(-12.9935640604711,45.12586369396,19.9021777311385));
#2825=CARTESIAN_POINT('Ctrl Pts',(-12.9934485869938,45.1240069111724,19.9023110947325));
#2826=CARTESIAN_POINT('Ctrl Pts',(-12.9930441577269,45.1175040457059,19.9027781546001));
#2827=CARTESIAN_POINT('Ctrl Pts',(-12.9926396729132,45.1110011819189,19.9032451819212));
#2828=CARTESIAN_POINT('Ctrl Pts',(-12.992350651845,45.1063551012146,19.9035788399467));
#2829=CARTESIAN_POINT('Ctrl Pts',(-12.9916570283999,45.0952061602814,19.904379456413));
#2830=CARTESIAN_POINT('Ctrl Pts',(-12.9909632162402,45.0840572250575,19.9051799623096));
#2831=CARTESIAN_POINT('Ctrl Pts',(-12.9905584675408,45.0775543692553,19.9056468350187));
#2832=CARTESIAN_POINT('Ctrl Pts',(-12.9897616804266,45.0647551017198,19.9065656777088));
#2833=CARTESIAN_POINT('Ctrl Pts',(-12.9889646110461,45.0519558427246,19.907484355018));
#2834=CARTESIAN_POINT('Ctrl Pts',(-12.988572433934,45.0456594351878,19.9079362437361));
#2835=CARTESIAN_POINT('Ctrl Pts',(-12.9881673241543,45.0391565903106,19.9084029048854));
#2836=CARTESIAN_POINT('Ctrl Pts',(-12.9877621359974,45.0326537478045,19.9088695201125));
#2837=CARTESIAN_POINT('Ctrl Pts',(-12.9877492728023,45.0324473083624,19.9088843332478));
#2838=CARTESIAN_POINT('Ctrl Pts',(-12.9877364095281,45.0322408689227,19.9088991463371));
#2839=CARTESIAN_POINT('Ctrl Pts',(-12.9877235461746,45.032034429485,19.9089139593801));
#2840=CARTESIAN_POINT('Ctrl Pts',(-12.8955067771963,45.3122240286084,20.0758504982202));
#2841=CARTESIAN_POINT('Ctrl Pts',(-12.8951028270514,45.3057211486448,20.0763178388085));
#2842=CARTESIAN_POINT('Ctrl Pts',(-12.8946989753307,45.2992182657033,20.0767852370643));
#2843=CARTESIAN_POINT('Ctrl Pts',(-12.8942952107086,45.2927153801266,20.0772526863519));
#2844=CARTESIAN_POINT('Ctrl Pts',(-12.8936896763022,45.2829610483567,20.0779539262137));
#2845=CARTESIAN_POINT('Ctrl Pts',(-12.8930842822175,45.2732067123413,20.078655248291));
#2846=CARTESIAN_POINT('Ctrl Pts',(-12.8928824981993,45.2699552665789,20.0788890305254));
#2847=CARTESIAN_POINT('Ctrl Pts',(-12.8924789549508,45.2634523743041,20.0793566095176));
#2848=CARTESIAN_POINT('Ctrl Pts',(-12.8920754547123,45.256949480728,20.0798242137097));
#2849=CARTESIAN_POINT('Ctrl Pts',(-12.8918737137042,45.2536980336643,20.080058021144));
#2850=CARTESIAN_POINT('Ctrl Pts',(-12.8912685130136,45.2439436917974,20.0807594565325));
#2851=CARTESIAN_POINT('Ctrl Pts',(-12.8906633642117,45.2341893483606,20.081460922323));
#2852=CARTESIAN_POINT('Ctrl Pts',(-12.8902599413086,45.2276864524446,20.0819285718265));
#2853=CARTESIAN_POINT('Ctrl Pts',(-12.889654800934,45.2179321087527,20.0826300425546));
#2854=CARTESIAN_POINT('Ctrl Pts',(-12.8890496215534,45.2081777662411,20.0833314904288));
#2855=CARTESIAN_POINT('Ctrl Pts',(-12.8888478890942,45.2049263189187,20.0835653028719));
#2856=CARTESIAN_POINT('Ctrl Pts',(-12.8884444088897,45.1984234247365,20.0840329188021));
#2857=CARTESIAN_POINT('Ctrl Pts',(-12.8880408917013,45.1919205316732,20.084500513063));
#2858=CARTESIAN_POINT('Ctrl Pts',(-12.8878391222582,45.1886690854699,20.0847343038371));
#2859=CARTESIAN_POINT('Ctrl Pts',(-12.8872337766971,45.1789147479863,20.0854356543448));
#2860=CARTESIAN_POINT('Ctrl Pts',(-12.8866283059518,45.1691604142903,20.0861369315061));
#2861=CARTESIAN_POINT('Ctrl Pts',(-12.8862245911604,45.1626575272058,20.0866044099899));
#2862=CARTESIAN_POINT('Ctrl Pts',(-12.885705501423,45.1542978543523,20.087205309798));
#2863=CARTESIAN_POINT('Ctrl Pts',(-12.885186266478,45.1459381858923,20.0878061245278));
#2864=CARTESIAN_POINT('Ctrl Pts',(-12.8850709305077,45.1440813989441,20.0879395686882));
#2865=CARTESIAN_POINT('Ctrl Pts',(-12.8846669717513,45.137578519241,20.0884069042309));
#2866=CARTESIAN_POINT('Ctrl Pts',(-12.8842629176307,45.1310756424235,20.0888741838991));
#2867=CARTESIAN_POINT('Ctrl Pts',(-12.8839741826117,45.1264295530645,20.0892080095234));
#2868=CARTESIAN_POINT('Ctrl Pts',(-12.883281191112,45.1152805930106,20.0900089962513));
#2869=CARTESIAN_POINT('Ctrl Pts',(-12.8825878765824,45.1041316427304,20.0908097937135));
#2870=CARTESIAN_POINT('Ctrl Pts',(-12.8821833707147,45.097628779581,20.0912768086994));
#2871=CARTESIAN_POINT('Ctrl Pts',(-12.8813869679719,45.0848295004158,20.0921958765964));
#2872=CARTESIAN_POINT('Ctrl Pts',(-12.8805901052029,45.0720302351692,20.0931146749605));
#2873=CARTESIAN_POINT('Ctrl Pts',(-12.8801979881995,45.0657338258137,20.0935665988967));
#2874=CARTESIAN_POINT('Ctrl Pts',(-12.8797929007759,45.0592309802601,20.0940332731444));
#2875=CARTESIAN_POINT('Ctrl Pts',(-12.8793876984026,45.0527281381845,20.0944998800422));
#2876=CARTESIAN_POINT('Ctrl Pts',(-12.8793748347194,45.0525216987569,20.0945146928917));
#2877=CARTESIAN_POINT('Ctrl Pts',(-12.8793619709206,45.052315259333,20.0945295056735));
#2878=CARTESIAN_POINT('Ctrl Pts',(-12.8793491070062,45.0521088199125,20.0945443183876));
#2879=CARTESIAN_POINT('Ctrl Pts',(-12.7904632479458,45.3316644511105,20.2555236412081));
#2880=CARTESIAN_POINT('Ctrl Pts',(-12.7900586117682,45.3251615919038,20.2559905798444));
#2881=CARTESIAN_POINT('Ctrl Pts',(-12.7896542166715,45.3186587254029,20.2564576597319));
#2882=CARTESIAN_POINT('Ctrl Pts',(-12.789250058472,45.3121558517343,20.2569248784194));
#2883=CARTESIAN_POINT('Ctrl Pts',(-12.7886441688879,45.3024015307109,20.2576259101797));
#2884=CARTESIAN_POINT('Ctrl Pts',(-12.7880387864269,45.2926471943437,20.2583272390675));
#2885=CARTESIAN_POINT('Ctrl Pts',(-12.7878370478173,45.2893957472074,20.2585610479071));
#2886=CARTESIAN_POINT('Ctrl Pts',(-12.7874336799127,45.2828928496274,20.2590287296347));
#2887=CARTESIAN_POINT('Ctrl Pts',(-12.7870305266943,45.2763899455517,20.2594965371486));
#2888=CARTESIAN_POINT('Ctrl Pts',(-12.7868290027709,45.2731384919198,20.2597304717746));
#2889=CARTESIAN_POINT('Ctrl Pts',(-12.7862245858035,45.2633841263403,20.2604323663527));
#2890=CARTESIAN_POINT('Ctrl Pts',(-12.7856206224484,45.2536297470361,20.2611345267059));
#2891=CARTESIAN_POINT('Ctrl Pts',(-12.7852181722235,45.2471268216904,20.2616027461093));
#2892=CARTESIAN_POINT('Ctrl Pts',(-12.7846147677351,45.2373724254769,20.2623052339069));
#2893=CARTESIAN_POINT('Ctrl Pts',(-12.7840117386294,45.2276180179057,20.2630079416443));
#2894=CARTESIAN_POINT('Ctrl Pts',(-12.7838107689212,45.2243665475052,20.2632422009893));
#2895=CARTESIAN_POINT('Ctrl Pts',(-12.7834089057774,45.2178636043965,20.2637107643682));
#2896=CARTESIAN_POINT('Ctrl Pts',(-12.7830071871629,45.2113606569149,20.2641794124279));
#2897=CARTESIAN_POINT('Ctrl Pts',(-12.7828063619842,45.2081091821415,20.264413756454));
#2898=CARTESIAN_POINT('Ctrl Pts',(-12.7822039823827,45.1983547549187,20.265116844741));
#2899=CARTESIAN_POINT('Ctrl Pts',(-12.7816018699584,45.188600319612,20.2658200895693));
#2900=CARTESIAN_POINT('Ctrl Pts',(-12.7812005621021,45.1820973597023,20.2662889782955));
#2901=CARTESIAN_POINT('Ctrl Pts',(-12.7806847701774,45.1737375870689,20.2668918103183));
#2902=CARTESIAN_POINT('Ctrl Pts',(-12.7801690734575,45.1653778115549,20.2674946981223));
#2903=CARTESIAN_POINT('Ctrl Pts',(-12.7800545349316,45.1635210004789,20.2676286095117));
#2904=CARTESIAN_POINT('Ctrl Pts',(-12.7796534083627,45.1570180350841,20.2680976044557));
#2905=CARTESIAN_POINT('Ctrl Pts',(-12.7792523200918,45.1505150685305,20.2685666218388));
#2906=CARTESIAN_POINT('Ctrl Pts',(-12.7789657669577,45.1458689131556,20.2689017258467));
#2907=CARTESIAN_POINT('Ctrl Pts',(-12.7782781473824,45.1347197905666,20.2697058600278));
#2908=CARTESIAN_POINT('Ctrl Pts',(-12.777590492755,45.1235706690382,20.2705099736717));
#2909=CARTESIAN_POINT('Ctrl Pts',(-12.7771893676577,45.1170677035989,20.2709789694779));
#2910=CARTESIAN_POINT('Ctrl Pts',(-12.7763997347142,45.1042682196039,20.2719020038542));
#2911=CARTESIAN_POINT('Ctrl Pts',(-12.7756097854066,45.091468745181,20.2728248528703));
#2912=CARTESIAN_POINT('Ctrl Pts',(-12.7752210845085,45.0851722324664,20.2732787783298));
#2913=CARTESIAN_POINT('Ctrl Pts',(-12.7748195197858,45.0786692803285,20.2737475165559));
#2914=CARTESIAN_POINT('Ctrl Pts',(-12.7744178135709,45.0721663324718,20.2742161718807));
#2915=CARTESIAN_POINT('Ctrl Pts',(-12.7744050608494,45.071959889687,20.2742310497436));
#2916=CARTESIAN_POINT('Ctrl Pts',(-12.7743923079842,45.0717534469066,20.2742459275223));
#2917=CARTESIAN_POINT('Ctrl Pts',(-12.7743795549746,45.0715470041305,20.2742608052164));
#2918=CARTESIAN_POINT('Ctrl Pts',(-12.6314910092041,45.3611342472423,20.5281634268189));
#2919=CARTESIAN_POINT('Ctrl Pts',(-12.6310835316147,45.3546314740066,20.5286287006494));
#2920=CARTESIAN_POINT('Ctrl Pts',(-12.6306762761443,45.3481286940503,20.5290941046213));
#2921=CARTESIAN_POINT('Ctrl Pts',(-12.6302692341396,45.3416259076352,20.5295596336644));
#2922=CARTESIAN_POINT('Ctrl Pts',(-12.6296589769563,45.3318717187595,20.5302581064136));
#2923=CARTESIAN_POINT('Ctrl Pts',(-12.6290491544466,45.3221175167323,20.5309568338415));
#2924=CARTESIAN_POINT('Ctrl Pts',(-12.6288459272371,45.3188661146357,20.5311897704986));
#2925=CARTESIAN_POINT('Ctrl Pts',(-12.6284395639269,45.3123633076858,20.5316556971943));
#2926=CARTESIAN_POINT('Ctrl Pts',(-12.6280333769197,45.3058604954017,20.5321217271872));
#2927=CARTESIAN_POINT('Ctrl Pts',(-12.6278303260132,45.3026090879708,20.5323547671416));
#2928=CARTESIAN_POINT('Ctrl Pts',(-12.6272212964307,45.2928548619523,20.5330539591518));
#2929=CARTESIAN_POINT('Ctrl Pts',(-12.6266126216395,45.2831006251992,20.5337533590371));
#2930=CARTESIAN_POINT('Ctrl Pts',(-12.6262069831407,45.2765977963192,20.5342197104055));
#2931=CARTESIAN_POINT('Ctrl Pts',(-12.6255987211641,45.2668435470758,20.5349193521622));
#2932=CARTESIAN_POINT('Ctrl Pts',(-12.6249907187426,45.2570892899792,20.5356191459943));
#2933=CARTESIAN_POINT('Ctrl Pts',(-12.6247880782144,45.2538378701317,20.5358524263926));
#2934=CARTESIAN_POINT('Ctrl Pts',(-12.6243828471424,45.2473350289244,20.5363190164756));
#2935=CARTESIAN_POINT('Ctrl Pts',(-12.6239777080403,45.2408321849344,20.5367856604444));
#2936=CARTESIAN_POINT('Ctrl Pts',(-12.623775159482,45.2375807623043,20.5370189947287));
#2937=CARTESIAN_POINT('Ctrl Pts',(-12.6231675706476,45.227826492694,20.5377190308847));
#2938=CARTESIAN_POINT('Ctrl Pts',(-12.6225601336416,45.21807221849,20.5384191559982));
#2939=CARTESIAN_POINT('Ctrl Pts',(-12.6221552265001,45.2115693674817,20.5388859358746));
#2940=CARTESIAN_POINT('Ctrl Pts',(-12.6216347484049,45.2032097366349,20.5394860222328));
#2941=CARTESIAN_POINT('Ctrl Pts',(-12.6211142978223,45.1948501049557,20.5400861247109));
#2942=CARTESIAN_POINT('Ctrl Pts',(-12.6209987001819,45.1929933259246,20.5402194155567));
#2943=CARTESIAN_POINT('Ctrl Pts',(-12.6205938535208,45.1864904730865,20.5406862308691));
#2944=CARTESIAN_POINT('Ctrl Pts',(-12.6201890088588,45.1799876201877,20.5411530473527));
#2945=CARTESIAN_POINT('Ctrl Pts',(-12.6198997554964,45.175341546512,20.5414865692754));
#2946=CARTESIAN_POINT('Ctrl Pts',(-12.6192056228029,45.1641926209865,20.5422868873688));
#2947=CARTESIAN_POINT('Ctrl Pts',(-12.6185113892638,45.1530436985122,20.543087146376));
#2948=CARTESIAN_POINT('Ctrl Pts',(-12.618106411474,45.1465408496415,20.5435538848591));
#2949=CARTESIAN_POINT('Ctrl Pts',(-12.617309179641,45.1337415955616,20.5444724669856));
#2950=CARTESIAN_POINT('Ctrl Pts',(-12.616511625622,45.1209423512298,20.5453908603408));
#2951=CARTESIAN_POINT('Ctrl Pts',(-12.6161191882314,45.114645951568,20.5458425965596));
#2952=CARTESIAN_POINT('Ctrl Pts',(-12.6157137745368,45.1081431158861,20.5463090796425));
#2953=CARTESIAN_POINT('Ctrl Pts',(-12.615308233808,45.1016402840479,20.546775488295));
#2954=CARTESIAN_POINT('Ctrl Pts',(-12.6152953593706,45.1014338449458,20.5467902948436));
#2955=CARTESIAN_POINT('Ctrl Pts',(-12.6152824848043,45.1012274058477,20.5468051013167));
#2956=CARTESIAN_POINT('Ctrl Pts',(-12.6152696101086,45.1010209667534,20.5468199077139));
#2957=CARTESIAN_POINT('Ctrl Pts',(-12.4726615812155,45.3905997224354,20.8008868863855));
#2958=CARTESIAN_POINT('Ctrl Pts',(-12.472247751659,45.3840971413873,20.8013484385481));
#2959=CARTESIAN_POINT('Ctrl Pts',(-12.47183411102,45.3775945546232,20.8018101013988));
#2960=CARTESIAN_POINT('Ctrl Pts',(-12.4714206494771,45.3710919624402,20.8022718691835));
#2961=CARTESIAN_POINT('Ctrl Pts',(-12.4708007100306,45.361338066515,20.8029646690177));
#2962=CARTESIAN_POINT('Ctrl Pts',(-12.4701811247007,45.3515841598754,20.8036576763316));
#2963=CARTESIAN_POINT('Ctrl Pts',(-12.4699746342046,45.3483328565141,20.8038887010032));
#2964=CARTESIAN_POINT('Ctrl Pts',(-12.4695617262255,45.3418302475824,20.8043507931252));
#2965=CARTESIAN_POINT('Ctrl Pts',(-12.4691489583523,45.3353276344115,20.8048129673364));
#2966=CARTESIAN_POINT('Ctrl Pts',(-12.4689426079621,45.3320763268111,20.8050440740971));
#2967=CARTESIAN_POINT('Ctrl Pts',(-12.4683236528734,45.3223224011027,20.8057374506743));
#2968=CARTESIAN_POINT('Ctrl Pts',(-12.4677049720381,45.3125684670964,20.8064309879388));
#2969=CARTESIAN_POINT('Ctrl Pts',(-12.4672926276014,45.3060658411139,20.8068934102449));
#2970=CARTESIAN_POINT('Ctrl Pts',(-12.4666742556161,45.2963118977629,20.8075871284671));
#2971=CARTESIAN_POINT('Ctrl Pts',(-12.4660560704225,45.2865579487603,20.808280956132));
#2972=CARTESIAN_POINT('Ctrl Pts',(-12.4658500277675,45.283306631849,20.8085122431971));
#2973=CARTESIAN_POINT('Ctrl Pts',(-12.4654379772007,45.276803996975,20.8089748376839));
#2974=CARTESIAN_POINT('Ctrl Pts',(-12.4650259892191,45.2703013602074,20.8094374688398));
#2975=CARTESIAN_POINT('Ctrl Pts',(-12.4648200091493,45.2670500414024,20.8096687925742));
#2976=CARTESIAN_POINT('Ctrl Pts',(-12.4642021054644,45.2572960838824,20.8103627851773));
#2977=CARTESIAN_POINT('Ctrl Pts',(-12.4635842955062,45.2475421235265,20.8110568326957));
#2978=CARTESIAN_POINT('Ctrl Pts',(-12.4631724497717,45.241039482455,20.8115195471952));
#2979=CARTESIAN_POINT('Ctrl Pts',(-12.4626430255199,45.2326801222867,20.8121143919291));
#2980=CARTESIAN_POINT('Ctrl Pts',(-12.4621135994782,45.2243207621725,20.8127092356143));
#2981=CARTESIAN_POINT('Ctrl Pts',(-12.461996006895,45.2224640435012,20.8128413576073));
#2982=CARTESIAN_POINT('Ctrl Pts',(-12.4615841688914,45.2159614021959,20.8133040766365));
#2983=CARTESIAN_POINT('Ctrl Pts',(-12.4611723175366,45.2094587612945,20.8137667878431));
#2984=CARTESIAN_POINT('Ctrl Pts',(-12.4608780512993,45.2048128392902,20.8140973726825));
#2985=CARTESIAN_POINT('Ctrl Pts',(-12.4601718755132,45.1936642781453,20.8148906346323));
#2986=CARTESIAN_POINT('Ctrl Pts',(-12.4594655709594,45.1825157208965,20.815683821136));
#2987=CARTESIAN_POINT('Ctrl Pts',(-12.4590535456624,45.1760130852579,20.8161464304285));
#2988=CARTESIAN_POINT('Ctrl Pts',(-12.4582424341721,45.1632142511263,20.8170568803534));
#2989=CARTESIAN_POINT('Ctrl Pts',(-12.4574309935465,45.1504154269532,20.8179671374354));
#2990=CARTESIAN_POINT('Ctrl Pts',(-12.4570317253923,45.1441192339657,20.8184148714555));
#2991=CARTESIAN_POINT('Ctrl Pts',(-12.4566192597546,45.1376166116503,20.8188772227488));
#2992=CARTESIAN_POINT('Ctrl Pts',(-12.4562066721014,45.1311139930266,20.8193395025524));
#2993=CARTESIAN_POINT('Ctrl Pts',(-12.4561935739573,45.1309075606931,20.8193541780294));
#2994=CARTESIAN_POINT('Ctrl Pts',(-12.4561804756894,45.1307011283633,20.819368853434));
#2995=CARTESIAN_POINT('Ctrl Pts',(-12.4561673772974,45.1304946960373,20.8193835287658));
#2996=CARTESIAN_POINT('Ctrl Pts',(-12.4185864965837,45.4006335248495,20.8937677666496));
#2997=CARTESIAN_POINT('Ctrl Pts',(-12.4181701639727,45.3941310195347,20.8942278522526));
#2998=CARTESIAN_POINT('Ctrl Pts',(-12.4177540120363,45.3876285087534,20.8946880437143));
#2999=CARTESIAN_POINT('Ctrl Pts',(-12.4173380308788,45.381125992805,20.8951483352367));
#3000=CARTESIAN_POINT('Ctrl Pts',(-12.4167142994972,45.37137221161,20.8958389133459));
#3001=CARTESIAN_POINT('Ctrl Pts',(-12.4160909035142,45.3616184202671,20.896529687968));
#3002=CARTESIAN_POINT('Ctrl Pts',(-12.4158831407237,45.3583671554009,20.896759967192));
#3003=CARTESIAN_POINT('Ctrl Pts',(-12.4154676840133,45.3518646235845,20.8972205659921));
#3004=CARTESIAN_POINT('Ctrl Pts',(-12.4150523591585,45.3453620877787,20.8976812420475));
#3005=CARTESIAN_POINT('Ctrl Pts',(-12.4148447282235,45.3421108189229,20.8979115985268));
#3006=CARTESIAN_POINT('Ctrl Pts',(-12.4142219253718,45.332357009634,20.8986027206691));
#3007=CARTESIAN_POINT('Ctrl Pts',(-12.4135993785125,45.3226031925997,20.8992939927995));
#3008=CARTESIAN_POINT('Ctrl Pts',(-12.4131844487219,45.3161006448406,20.8997549003261));
#3009=CARTESIAN_POINT('Ctrl Pts',(-12.4125621869257,45.3063468191813,20.9004463394771));
#3010=CARTESIAN_POINT('Ctrl Pts',(-12.4119400947258,45.2965929883906,20.901137877996));
#3011=CARTESIAN_POINT('Ctrl Pts',(-12.4117327478512,45.2933417109402,20.9013684009086));
#3012=CARTESIAN_POINT('Ctrl Pts',(-12.4113180851376,45.2868391551004,20.9018294649177));
#3013=CARTESIAN_POINT('Ctrl Pts',(-12.4109034777354,45.2803365975871,20.9022905613343));
#3014=CARTESIAN_POINT('Ctrl Pts',(-12.4106961861722,45.2770853184632,20.9025211166543));
#3015=CARTESIAN_POINT('Ctrl Pts',(-12.4100743427795,45.2673314801445,20.9032128009512));
#3016=CARTESIAN_POINT('Ctrl Pts',(-12.409452577848,45.2575776394518,20.9039045312193));
#3017=CARTESIAN_POINT('Ctrl Pts',(-12.4090380890507,45.2510750783499,20.9043656971274));
#3018=CARTESIAN_POINT('Ctrl Pts',(-12.4085052594151,45.2427158212162,20.9049585466198));
#3019=CARTESIAN_POINT('Ctrl Pts',(-12.4079724191093,45.2343565644054,20.9055513898605));
#3020=CARTESIAN_POINT('Ctrl Pts',(-12.4078540677503,45.2324998686919,20.9056830672807));
#3021=CARTESIAN_POINT('Ctrl Pts',(-12.407439570906,45.2259973078336,20.9061442284739));
#3022=CARTESIAN_POINT('Ctrl Pts',(-12.4070250558451,45.2194947475263,20.906605378994));
#3023=CARTESIAN_POINT('Ctrl Pts',(-12.4067288842191,45.2148488831722,20.906934847451));
#3024=CARTESIAN_POINT('Ctrl Pts',(-12.4060181313491,45.2037004605134,20.907725427651));
#3025=CARTESIAN_POINT('Ctrl Pts',(-12.4053072396011,45.1925520420565,20.9085159264811));
#3026=CARTESIAN_POINT('Ctrl Pts',(-12.4048925359862,45.1860494874542,20.9089769665259));
#3027=CARTESIAN_POINT('Ctrl Pts',(-12.4040761489476,45.1732508129417,20.9098843254651));
#3028=CARTESIAN_POINT('Ctrl Pts',(-12.4032594277102,45.1604521485409,20.9107914885946));
#3029=CARTESIAN_POINT('Ctrl Pts',(-12.4028575612413,45.154156034169,20.9112377002414));
#3030=CARTESIAN_POINT('Ctrl Pts',(-12.4024424120943,45.1476534930469,20.9116984792454));
#3031=CARTESIAN_POINT('Ctrl Pts',(-12.4020271414794,45.1411509556,20.9121591870803));
#3032=CARTESIAN_POINT('Ctrl Pts',(-12.4020139581624,45.1409445258435,20.9121738126539));
#3033=CARTESIAN_POINT('Ctrl Pts',(-12.4020007747224,45.1407380960907,20.9121884381554));
#3034=CARTESIAN_POINT('Ctrl Pts',(-12.4019875911588,45.1405316663417,20.9122030635844));
#3035=CARTESIAN_POINT('Ctrl Pts',(-12.3104597052487,45.4207004223457,21.0795432244922));
#3036=CARTESIAN_POINT('Ctrl Pts',(-12.3100377763861,45.4141980863534,21.0800000312068));
#3037=CARTESIAN_POINT('Ctrl Pts',(-12.3096160130988,45.4076957453513,21.0804569349334));
#3038=CARTESIAN_POINT('Ctrl Pts',(-12.3091944053825,45.4011933996422,21.0809139298103));
#3039=CARTESIAN_POINT('Ctrl Pts',(-12.3085622113221,45.3914398744974,21.0815995495687));
#3040=CARTESIAN_POINT('Ctrl Pts',(-12.3079303186207,45.3816863402346,21.0822853458958));
#3041=CARTESIAN_POINT('Ctrl Pts',(-12.3077197198207,45.3784351611758,21.0825139634794));
#3042=CARTESIAN_POINT('Ctrl Pts',(-12.3072985835911,45.3719328012013,21.0829712346041));
#3043=CARTESIAN_POINT('Ctrl Pts',(-12.306877564327,45.3654304376877,21.0834285742597));
#3044=CARTESIAN_POINT('Ctrl Pts',(-12.3066670824926,45.3621792550899,21.0836572603744));
#3045=CARTESIAN_POINT('Ctrl Pts',(-12.306035715966,45.3524257049069,21.0843433649915));
#3046=CARTESIAN_POINT('Ctrl Pts',(-12.3054045729019,45.3426721479628,21.0850296005371));
#3047=CARTESIAN_POINT('Ctrl Pts',(-12.3049838982056,45.3361697740239,21.0854871420778));
#3048=CARTESIAN_POINT('Ctrl Pts',(-12.3043529986393,45.3264162097124,21.0861735202907));
#3049=CARTESIAN_POINT('Ctrl Pts',(-12.3037222394637,45.3166626411532,21.0868599807596));
#3050=CARTESIAN_POINT('Ctrl Pts',(-12.3035120004305,45.3134114512091,21.0870888091334));
#3051=CARTESIAN_POINT('Ctrl Pts',(-12.3030915472389,45.3069090705682,21.0875464804555));
#3052=CARTESIAN_POINT('Ctrl Pts',(-12.3026711374113,45.3004066886154,21.0880041771848));
#3053=CARTESIAN_POINT('Ctrl Pts',(-12.3024609417419,45.2971554973593,21.0882330309659));
#3054=CARTESIAN_POINT('Ctrl Pts',(-12.3018303776518,45.2874019228975,21.0889196057369));
#3055=CARTESIAN_POINT('Ctrl Pts',(-12.3011998678421,45.2776483467933,21.0896062123112));
#3056=CARTESIAN_POINT('Ctrl Pts',(-12.300779539228,45.2711459623832,21.0900639566243));
#3057=CARTESIAN_POINT('Ctrl Pts',(-12.3002391907989,45.2627869327411,21.0906524007958));
#3058=CARTESIAN_POINT('Ctrl Pts',(-12.299698818513,45.2544279038209,21.0912408309895));
#3059=CARTESIAN_POINT('Ctrl Pts',(-12.2995787935791,45.2525712587438,21.0913715278488));
#3060=CARTESIAN_POINT('Ctrl Pts',(-12.2991584333857,45.2460688752891,21.0918292536592));
#3061=CARTESIAN_POINT('Ctrl Pts',(-12.2987380478441,45.2395664926015,21.0922869646179));
#3062=CARTESIAN_POINT('Ctrl Pts',(-12.298437678677,45.2349207552499,21.0926139737023));
#3063=CARTESIAN_POINT('Ctrl Pts',(-12.2977168462287,45.2237726375628,21.0933986481971));
#3064=CARTESIAN_POINT('Ctrl Pts',(-12.2969958603113,45.2126245245191,21.0941832327731));
#3065=CARTESIAN_POINT('Ctrl Pts',(-12.2965752651079,45.206122148175,21.0946408208893));
#3066=CARTESIAN_POINT('Ctrl Pts',(-12.295747276165,45.1933238246944,21.0955413821806));
#3067=CARTESIAN_POINT('Ctrl Pts',(-12.2949189455324,45.180525511552,21.0964417432732));
#3068=CARTESIAN_POINT('Ctrl Pts',(-12.2945113670793,45.1742295700042,21.096884608223));
#3069=CARTESIAN_POINT('Ctrl Pts',(-12.2940903186393,45.1677272073734,21.0973419307843));
#3070=CARTESIAN_POINT('Ctrl Pts',(-12.2936691495926,45.1612248483918,21.0977991826811));
#3071=CARTESIAN_POINT('Ctrl Pts',(-12.2936557790248,45.1610184243009,21.0978136985429));
#3072=CARTESIAN_POINT('Ctrl Pts',(-12.2936424083347,45.1608120002136,21.0978282143332));
#3073=CARTESIAN_POINT('Ctrl Pts',(-12.2936290375221,45.16060557613,21.0978427300515));
#3074=CARTESIAN_POINT('Ctrl Pts',(-12.2023759214575,45.4407660185887,21.2653438807965));
#3075=CARTESIAN_POINT('Ctrl Pts',(-12.2019473026084,45.4342638850112,21.2657967677949));
#3076=CARTESIAN_POINT('Ctrl Pts',(-12.2015188390243,45.427761746736,21.2662497457643));
#3077=CARTESIAN_POINT('Ctrl Pts',(-12.201090520745,45.4212596040644,21.2667028088689));
#3078=CARTESIAN_POINT('Ctrl Pts',(-12.2004482455894,45.4115063839372,21.2673825220336));
#3079=CARTESIAN_POINT('Ctrl Pts',(-12.1998062493077,45.4017531553723,21.2680623985927));
#3080=CARTESIAN_POINT('Ctrl Pts',(-12.199592280171,45.3985020782877,21.2682890414692));
#3081=CARTESIAN_POINT('Ctrl Pts',(-12.1991643983667,45.39199992241,21.268742360308));
#3082=CARTESIAN_POINT('Ctrl Pts',(-12.1987366238488,45.3854977632861,21.2691957420067));
#3083=CARTESIAN_POINT('Ctrl Pts',(-12.1985227619984,45.3822466829554,21.2694224477432));
#3084=CARTESIAN_POINT('Ctrl Pts',(-12.1978812483622,45.3724934397873,21.270102607088));
#3085=CARTESIAN_POINT('Ctrl Pts',(-12.1972399373586,45.3627401904884,21.270782885157));
#3086=CARTESIAN_POINT('Ctrl Pts',(-12.1968124750936,45.3562380219169,21.2712364498072));
#3087=CARTESIAN_POINT('Ctrl Pts',(-12.1961713813347,45.3464847660449,21.2719168551616));
#3088=CARTESIAN_POINT('Ctrl Pts',(-12.1955304096843,45.3367315064784,21.2725973320603));
#3089=CARTESIAN_POINT('Ctrl Pts',(-12.1953167645158,45.3334804195916,21.2728241647524));
#3090=CARTESIAN_POINT('Ctrl Pts',(-12.1948894952147,45.3269782451817,21.2732778424617));
#3091=CARTESIAN_POINT('Ctrl Pts',(-12.1944622618411,45.3204760696848,21.2737315412212));
#3092=CARTESIAN_POINT('Ctrl Pts',(-12.1942486526001,45.317224981711,21.2739583949634));
#3093=CARTESIAN_POINT('Ctrl Pts',(-12.1936078425885,45.3074717172539,21.2746389665676));
#3094=CARTESIAN_POINT('Ctrl Pts',(-12.1929670718293,45.2977184516091,21.2753195611701));
#3095=CARTESIAN_POINT('Ctrl Pts',(-12.1925398964288,45.291216274358,21.2757732938965));
#3096=CARTESIAN_POINT('Ctrl Pts',(-12.1919907390467,45.2828575112431,21.2763565768324));
#3097=CARTESIAN_POINT('Ctrl Pts',(-12.1914415495526,45.2744987490998,21.2769398409537));
#3098=CARTESIAN_POINT('Ctrl Pts',(-12.1913195658127,45.2726421632891,21.277069390133));
#3099=CARTESIAN_POINT('Ctrl Pts',(-12.1908923441163,45.2661399874389,21.2775230957342));
#3100=CARTESIAN_POINT('Ctrl Pts',(-12.1904650925893,45.2596378124912,21.2779767838575));
#3101=CARTESIAN_POINT('Ctrl Pts',(-12.1901598158349,45.2549922236255,21.2783009175475));
#3102=CARTESIAN_POINT('Ctrl Pts',(-12.1894272025016,45.2438444623855,21.2790786895281));
#3103=CARTESIAN_POINT('Ctrl Pts',(-12.1886944264016,45.2326967060703,21.2798563661424));
#3104=CARTESIAN_POINT('Ctrl Pts',(-12.1882669517773,45.2261945378727,21.2803099235512));
#3105=CARTESIAN_POINT('Ctrl Pts',(-12.1874254186115,45.2133966241914,21.2812025491746));
#3106=CARTESIAN_POINT('Ctrl Pts',(-12.1865835386425,45.2005987210031,21.2820949716031));
#3107=CARTESIAN_POINT('Ctrl Pts',(-12.1861692940957,45.1943029811473,21.2825339308357));
#3108=CARTESIAN_POINT('Ctrl Pts',(-12.1857413608218,45.1878008268268,21.2829872195181));
#3109=CARTESIAN_POINT('Ctrl Pts',(-12.1853133072727,45.1812986761454,21.2834404377302));
#3110=CARTESIAN_POINT('Ctrl Pts',(-12.1852997181496,45.1810922586671,21.2834548255387));
#3111=CARTESIAN_POINT('Ctrl Pts',(-12.1852861289046,45.1808858411925,21.2834692132759));
#3112=CARTESIAN_POINT('Ctrl Pts',(-12.1852725395375,45.1806794237217,21.2834836009414));
#3113=CARTESIAN_POINT('Ctrl Pts',(-12.1483439580261,45.4507985163105,21.3582500261149));
#3114=CARTESIAN_POINT('Ctrl Pts',(-12.1479117419429,45.4442964915724,21.3587008054652));
#3115=CARTESIAN_POINT('Ctrl Pts',(-12.1474796770275,45.4377944622605,21.3591516733859));
#3116=CARTESIAN_POINT('Ctrl Pts',(-12.1470477533802,45.4312924286744,21.3596026240768));
#3117=CARTESIAN_POINT('Ctrl Pts',(-12.1464000642204,45.4215393723555,21.3602791651333));
#3118=CARTESIAN_POINT('Ctrl Pts',(-12.1457526451849,45.4117863078636,21.3609558644578));
#3119=CARTESIAN_POINT('Ctrl Pts',(-12.1455368675012,45.4085352854991,21.3611814476923));
#3120=CARTESIAN_POINT('Ctrl Pts',(-12.1451053667001,45.4020332391191,21.3616326461321));
#3121=CARTESIAN_POINT('Ctrl Pts',(-12.1446739694259,45.3955311896068,21.3620839052291));
#3122=CARTESIAN_POINT('Ctrl Pts',(-12.1444582952692,45.3922801641099,21.3623095491209));
#3123=CARTESIAN_POINT('Ctrl Pts',(-12.1438113419678,45.3825270855265,21.3629865213226));
#3124=CARTESIAN_POINT('Ctrl Pts',(-12.1431645831864,45.3727740010577,21.3636636074953));
#3125=CARTESIAN_POINT('Ctrl Pts',(-12.142733485576,45.3662719424787,21.3641150421677));
#3126=CARTESIAN_POINT('Ctrl Pts',(-12.1420869337597,45.3565188517479,21.3647922496028));
#3127=CARTESIAN_POINT('Ctrl Pts',(-12.1414404968524,45.3467657575403,21.3654695243641));
#3128=CARTESIAN_POINT('Ctrl Pts',(-12.1412250291516,45.3435147257969,21.36569528922));
#3129=CARTESIAN_POINT('Ctrl Pts',(-12.1407941132691,45.3370126617194,21.3661468303682));
#3130=CARTESIAN_POINT('Ctrl Pts',(-12.1403632303724,45.3305105966438,21.3665983908431));
#3131=CARTESIAN_POINT('Ctrl Pts',(-12.1401477956574,45.3272595639024,21.3668241750257));
#3132=CARTESIAN_POINT('Ctrl Pts',(-12.1395015071602,45.3175064652044,21.3675015367415));
#3133=CARTESIAN_POINT('Ctrl Pts',(-12.1388552519563,45.3077533654992,21.3681789179643));
#3134=CARTESIAN_POINT('Ctrl Pts',(-12.1384244178172,45.3012512989484,21.3686305070066));
#3135=CARTESIAN_POINT('Ctrl Pts',(-12.1378705541583,45.2928926782285,21.3692110324976));
#3136=CARTESIAN_POINT('Ctrl Pts',(-12.1373166551207,45.284534058579,21.3697915372598));
#3137=CARTESIAN_POINT('Ctrl Pts',(-12.1371936251765,45.2826775044227,21.3699204734598));
#3138=CARTESIAN_POINT('Ctrl Pts',(-12.1367627389148,45.2761754394489,21.3703720319631));
#3139=CARTESIAN_POINT('Ctrl Pts',(-12.1363318210525,45.2696733754313,21.3708235719514));
#3140=CARTESIAN_POINT('Ctrl Pts',(-12.1360239240078,45.2650278658462,21.3711461703924));
#3141=CARTESIAN_POINT('Ctrl Pts',(-12.1352850211714,45.2538802949039,21.3719202573031));
#3142=CARTESIAN_POINT('Ctrl Pts',(-12.134545951922,45.2427327289967,21.3726942467111));
#3143=CARTESIAN_POINT('Ctrl Pts',(-12.1341148056902,45.2362306718887,21.3731456528959));
#3144=CARTESIAN_POINT('Ctrl Pts',(-12.1332660444034,45.2234329769043,21.3740340435056));
#3145=CARTESIAN_POINT('Ctrl Pts',(-12.1324169343423,45.2106352924726,21.3749222297658));
#3146=CARTESIAN_POINT('Ctrl Pts',(-12.1319991327939,45.2043396602388,21.3753591049228));
#3147=CARTESIAN_POINT('Ctrl Pts',(-12.1315675258343,45.1978376170708,21.3758102411635));
#3148=CARTESIAN_POINT('Ctrl Pts',(-12.131135798739,45.1913355775377,21.3762613070158));
#3149=CARTESIAN_POINT('Ctrl Pts',(-12.1311220929956,45.1911291635879,21.3762756264955));
#3150=CARTESIAN_POINT('Ctrl Pts',(-12.1311083871304,45.1909227496418,21.3762899459039));
#3151=CARTESIAN_POINT('Ctrl Pts',(-12.1310946811432,45.1907163356994,21.3763042652409));
#3152=CARTESIAN_POINT('Ctrl Pts',(-11.9862769554184,45.4808951354389,21.6369853875951));
#3153=CARTESIAN_POINT('Ctrl Pts',(-11.9858332169614,45.4743934593263,21.637429415895));
#3154=CARTESIAN_POINT('Ctrl Pts',(-11.985389619564,45.4678917789457,21.6378735268428));
#3155=CARTESIAN_POINT('Ctrl Pts',(-11.9849461535378,45.4613900945904,21.6383177147621));
#3156=CARTESIAN_POINT('Ctrl Pts',(-11.9842811363303,45.4516375625558,21.6389841031776));
#3157=CARTESIAN_POINT('Ctrl Pts',(-11.9836163681611,45.4418850229862,21.6396506375068));
#3158=CARTESIAN_POINT('Ctrl Pts',(-11.9833948051253,45.4386341756656,21.6398728310574));
#3159=CARTESIAN_POINT('Ctrl Pts',(-11.9829517290794,45.4321324795108,21.6403172474692));
#3160=CARTESIAN_POINT('Ctrl Pts',(-11.9825087476387,45.4256307804936,21.640761719311));
#3161=CARTESIAN_POINT('Ctrl Pts',(-11.9822872792082,45.4223799303106,21.6409839682917));
#3162=CARTESIAN_POINT('Ctrl Pts',(-11.98162293664,45.4126273778638,21.6416507519838));
#3163=CARTESIAN_POINT('Ctrl Pts',(-11.9809587696549,45.4028748201045,21.6423176385514));
#3164=CARTESIAN_POINT('Ctrl Pts',(-11.9805160585134,45.3963731129091,21.6427622687637));
#3165=CARTESIAN_POINT('Ctrl Pts',(-11.9798520748935,45.3866205496019,21.6434292627665));
#3166=CARTESIAN_POINT('Ctrl Pts',(-11.9791881898625,45.3768679833116,21.6440963145333));
#3167=CARTESIAN_POINT('Ctrl Pts',(-11.9789669043592,45.3736171275939,21.6443186706924));
#3168=CARTESIAN_POINT('Ctrl Pts',(-11.9785243494573,45.3671154156712,21.6447633924466));
#3169=CARTESIAN_POINT('Ctrl Pts',(-11.9780818209326,45.3606137029504,21.6452081296555));
#3170=CARTESIAN_POINT('Ctrl Pts',(-11.9778605618066,45.3573628464346,21.6454305012693));
#3171=CARTESIAN_POINT('Ctrl Pts',(-11.9771967954547,45.3476102765536,21.6460976225712));
#3172=CARTESIAN_POINT('Ctrl Pts',(-11.9765330490461,45.3378577060692,21.646764755558));
#3173=CARTESIAN_POINT('Ctrl Pts',(-11.9760905486286,45.331355992498,21.647209509235));
#3174=CARTESIAN_POINT('Ctrl Pts',(-11.9755216811501,45.3229978257395,21.6477812438687));
#3175=CARTESIAN_POINT('Ctrl Pts',(-11.9749527708053,45.3146396602781,21.6483529533868));
#3176=CARTESIAN_POINT('Ctrl Pts',(-11.9748264063032,45.3127832070135,21.6484799358428));
#3177=CARTESIAN_POINT('Ctrl Pts',(-11.9743838404627,45.3062814954218,21.648924651188));
#3178=CARTESIAN_POINT('Ctrl Pts',(-11.9739412388982,45.2997797849109,21.6493693456022));
#3179=CARTESIAN_POINT('Ctrl Pts',(-11.9736249923028,45.2951345279531,21.6496870519751));
#3180=CARTESIAN_POINT('Ctrl Pts',(-11.9728660492973,45.2839875633541,21.6504493971914));
#3181=CARTESIAN_POINT('Ctrl Pts',(-11.9721069307896,45.2728406040651,21.6512116395796));
#3182=CARTESIAN_POINT('Ctrl Pts',(-11.9716640877881,45.2663389008593,21.6516561925339));
#3183=CARTESIAN_POINT('Ctrl Pts',(-11.9707923001373,45.2535419025697,21.652531091814));
#3184=CARTESIAN_POINT('Ctrl Pts',(-11.9699201575464,45.2407449150193,21.6534057831317));
#3185=CARTESIAN_POINT('Ctrl Pts',(-11.9694910244559,45.2344496256371,21.6538360190481));
#3186=CARTESIAN_POINT('Ctrl Pts',(-11.9690477138747,45.2279479365786,21.6542802980439));
#3187=CARTESIAN_POINT('Ctrl Pts',(-11.9686042831154,45.2214462511561,21.6547245066263));
#3188=CARTESIAN_POINT('Ctrl Pts',(-11.968590205827,45.221239848448,21.6547386084149));
#3189=CARTESIAN_POINT('Ctrl Pts',(-11.9685761284169,45.2210334457435,21.6547527101322));
#3190=CARTESIAN_POINT('Ctrl Pts',(-11.9685620508848,45.2208270430427,21.654766811778));
#3191=CARTESIAN_POINT('Ctrl Pts',(-11.8242944150828,45.5109891990435,21.9157702361921));
#3192=CARTESIAN_POINT('Ctrl Pts',(-11.8238369993887,45.5044879367548,21.91620625089));
#3193=CARTESIAN_POINT('Ctrl Pts',(-11.8233797195979,45.4979866703542,21.9166423452148));
#3194=CARTESIAN_POINT('Ctrl Pts',(-11.8229225663807,45.4914854001239,21.9170785137));
#3195=CARTESIAN_POINT('Ctrl Pts',(-11.8222370117304,45.4817334894783,21.9177328690645));
#3196=CARTESIAN_POINT('Ctrl Pts',(-11.8215516969071,45.4719815715763,21.9183873649456));
#3197=CARTESIAN_POINT('Ctrl Pts',(-11.821323284006,45.468730931508,21.9186055451058));
#3198=CARTESIAN_POINT('Ctrl Pts',(-11.8208665063522,45.4622296499145,21.9190419336365));
#3199=CARTESIAN_POINT('Ctrl Pts',(-11.8204098197099,45.4557283655673,21.9194783754917));
#3200=CARTESIAN_POINT('Ctrl Pts',(-11.8201814978205,45.4524777227452,21.9196966089763));
#3201=CARTESIAN_POINT('Ctrl Pts',(-11.8194965924173,45.4427257924558,21.9203513447399));
#3202=CARTESIAN_POINT('Ctrl Pts',(-11.8188118555542,45.4329738570668,21.9210061792525));
#3203=CARTESIAN_POINT('Ctrl Pts',(-11.818355428326,45.4264725648708,21.9214427731004));
#3204=CARTESIAN_POINT('Ctrl Pts',(-11.8176708667205,45.4167206241792,21.9220977102978));
#3205=CARTESIAN_POINT('Ctrl Pts',(-11.8169863984673,45.4069686806631,21.9227527021911));
#3206=CARTESIAN_POINT('Ctrl Pts',(-11.8167582513386,45.4037180325534,21.9229710380694));
#3207=CARTESIAN_POINT('Ctrl Pts',(-11.8163019721414,45.3972167358784,21.9234077186498));
#3208=CARTESIAN_POINT('Ctrl Pts',(-11.8158457173475,45.3907154384651,21.9238444135284));
#3209=CARTESIAN_POINT('Ctrl Pts',(-11.8156175946221,45.3874647896171,21.9240627637048));
#3210=CARTESIAN_POINT('Ctrl Pts',(-11.8149332361622,45.3777128427791,21.9247178199268));
#3211=CARTESIAN_POINT('Ctrl Pts',(-11.8142488939726,45.3679608954487,21.9253728856817));
#3212=CARTESIAN_POINT('Ctrl Pts',(-11.8137926616294,45.3614595973561,21.9258095937143));
#3213=CARTESIAN_POINT('Ctrl Pts',(-11.8132061398016,45.3531019647547,21.9263709845244));
#3214=CARTESIAN_POINT('Ctrl Pts',(-11.8126195735921,45.3447443334961,21.9269323493309));
#3215=CARTESIAN_POINT('Ctrl Pts',(-11.8124892874323,45.3428879988867,21.9270570340565));
#3216=CARTESIAN_POINT('Ctrl Pts',(-11.8120329868549,45.3363867028586,21.9274937021101));
#3217=CARTESIAN_POINT('Ctrl Pts',(-11.8115766498581,45.3298854079324,21.9279303488254));
#3218=CARTESIAN_POINT('Ctrl Pts',(-11.8112505894909,45.3252404479039,21.9282423052313));
#3219=CARTESIAN_POINT('Ctrl Pts',(-11.8104680965402,45.3140941958414,21.9289908523474));
#3220=CARTESIAN_POINT('Ctrl Pts',(-11.8096854277635,45.3029479490988,21.9297392964457));
#3221=CARTESIAN_POINT('Ctrl Pts',(-11.8092288487263,45.2964466614958,21.9301758013476));
#3222=CARTESIAN_POINT('Ctrl Pts',(-11.8083300259528,45.2836504811916,21.9310348605342));
#3223=CARTESIAN_POINT('Ctrl Pts',(-11.8074308509598,45.2708543115443,21.9318937133527));
#3224=CARTESIAN_POINT('Ctrl Pts',(-11.8069884205605,45.2645594244908,21.9323161582701));
#3225=CARTESIAN_POINT('Ctrl Pts',(-11.8065313778231,45.2580581509178,21.9327523914863));
#3226=CARTESIAN_POINT('Ctrl Pts',(-11.8060742162678,45.2515568809398,21.9331885550862));
#3227=CARTESIAN_POINT('Ctrl Pts',(-11.8060597030825,45.2513504914203,21.9332024014794));
#3228=CARTESIAN_POINT('Ctrl Pts',(-11.8060451897769,45.2511441019044,21.933216247802));
#3229=CARTESIAN_POINT('Ctrl Pts',(-11.8060306763506,45.2509377123922,21.933230094054));
#3230=CARTESIAN_POINT('Ctrl Pts',(-11.7163416823264,45.5310508301545,22.1016476763398));
#3231=CARTESIAN_POINT('Ctrl Pts',(-11.7158742229162,45.5245498717525,22.1020778063446));
#3232=CARTESIAN_POINT('Ctrl Pts',(-11.7154068973164,45.5180489093018,22.1025080147499));
#3233=CARTESIAN_POINT('Ctrl Pts',(-11.7149396966139,45.5115479430721,22.1029382963337));
#3234=CARTESIAN_POINT('Ctrl Pts',(-11.7142390687892,45.5017964884865,22.1035838202055));
#3235=CARTESIAN_POINT('Ctrl Pts',(-11.7135386785369,45.4920450267127,22.1042294832728));
#3236=CARTESIAN_POINT('Ctrl Pts',(-11.7133052402794,45.4887945386935,22.1044447190366));
#3237=CARTESIAN_POINT('Ctrl Pts',(-11.7128384115498,45.4822935612093,22.1048752185622));
#3238=CARTESIAN_POINT('Ctrl Pts',(-11.7123716732136,45.4757925809902,22.10530577105));
#3239=CARTESIAN_POINT('Ctrl Pts',(-11.7121383253496,45.4725420902361,22.1055210597761));
#3240=CARTESIAN_POINT('Ctrl Pts',(-11.7114383417051,45.4627906161598,22.1061669610782));
#3241=CARTESIAN_POINT('Ctrl Pts',(-11.7107385258048,45.4530391370082,22.106812960663));
#3242=CARTESIAN_POINT('Ctrl Pts',(-11.7102720456713,45.4465381489768,22.1072436644338));
#3243=CARTESIAN_POINT('Ctrl Pts',(-11.7095724044928,45.4367866645387,22.1078897663895));
#3244=CARTESIAN_POINT('Ctrl Pts',(-11.7088728564681,45.4270351772821,22.1085359229247));
#3245=CARTESIAN_POINT('Ctrl Pts',(-11.7086396827337,45.4237846812594,22.1087513136747));
#3246=CARTESIAN_POINT('Ctrl Pts',(-11.7081733503069,45.417283688759,22.1091821039881));
#3247=CARTESIAN_POINT('Ctrl Pts',(-11.7077070422737,45.4107826955204,22.1096129085938));
#3248=CARTESIAN_POINT('Ctrl Pts',(-11.707473892933,45.4075321987596,22.1098283136362));
#3249=CARTESIAN_POINT('Ctrl Pts',(-11.7067744546616,45.3977807081823,22.1104745344769));
#3250=CARTESIAN_POINT('Ctrl Pts',(-11.7060750328452,45.3880292171072,22.1111207649585));
#3251=CARTESIAN_POINT('Ctrl Pts',(-11.7056087475701,45.38152822318,22.1115515828984));
#3252=CARTESIAN_POINT('Ctrl Pts',(-11.7050093026909,45.3731709815836,22.1121054019898));
#3253=CARTESIAN_POINT('Ctrl Pts',(-11.704409814056,45.364813741311,22.1126591954446));
#3254=CARTESIAN_POINT('Ctrl Pts',(-11.7042766576974,45.3629574935435,22.1127821984978));
#3255=CARTESIAN_POINT('Ctrl Pts',(-11.703810305175,45.356456501651,22.1132129770369));
#3256=CARTESIAN_POINT('Ctrl Pts',(-11.7033439167257,45.3499555108456,22.1136437345262));
#3257=CARTESIAN_POINT('Ctrl Pts',(-11.703010675229,45.3453107680922,22.1139514834513));
#3258=CARTESIAN_POINT('Ctrl Pts',(-11.7022109509749,45.3341650373868,22.1146899346098));
#3259=CARTESIAN_POINT('Ctrl Pts',(-11.7014110532653,45.3230193119296,22.1154282841393));
#3260=CARTESIAN_POINT('Ctrl Pts',(-11.7009444260372,45.3165183283487,22.1158589017261));
#3261=CARTESIAN_POINT('Ctrl Pts',(-11.7000258280454,45.3037227463713,22.1167063744551));
#3262=CARTESIAN_POINT('Ctrl Pts',(-11.6991068826123,45.2909271749063,22.1175536436155));
#3263=CARTESIAN_POINT('Ctrl Pts',(-11.6986547277063,45.2846325820813,22.1179703908672));
#3264=CARTESIAN_POINT('Ctrl Pts',(-11.6981876430479,45.2781316123406,22.1184007404421));
#3265=CARTESIAN_POINT('Ctrl Pts',(-11.6977204411461,45.2716306461473,22.118831021323));
#3266=CARTESIAN_POINT('Ctrl Pts',(-11.6977056092212,45.2714242662716,22.1188446809642));
#3267=CARTESIAN_POINT('Ctrl Pts',(-11.6976907771776,45.2712178863997,22.1188583405357));
#3268=CARTESIAN_POINT('Ctrl Pts',(-11.697675945015,45.2710115065313,22.1188720000375));
#3269=CARTESIAN_POINT('Ctrl Pts',(-11.5005075621063,45.5711719337247,22.4734443584098));
#3270=CARTESIAN_POINT('Ctrl Pts',(-11.5000181482042,45.5646716395865,22.4738616251032));
#3271=CARTESIAN_POINT('Ctrl Pts',(-11.4995288612646,45.5581713416068,22.474278966185));
#3272=CARTESIAN_POINT('Ctrl Pts',(-11.4990396931524,45.5516710400318,22.4746963768886));
#3273=CARTESIAN_POINT('Ctrl Pts',(-11.4983061062816,45.5419205826681,22.4753225897932));
#3274=CARTESIAN_POINT('Ctrl Pts',(-11.4975727469201,45.5321701184208,22.4759489359974));
#3275=CARTESIAN_POINT('Ctrl Pts',(-11.4973283179432,45.5289199629412,22.4761577322113));
#3276=CARTESIAN_POINT('Ctrl Pts',(-11.4968395059496,45.5224196505914,22.4765753515677));
#3277=CARTESIAN_POINT('Ctrl Pts',(-11.4963507811201,45.5159193356043,22.4769930219942));
#3278=CARTESIAN_POINT('Ctrl Pts',(-11.4961064393071,45.5126691774875,22.4772018692782));
#3279=CARTESIAN_POINT('Ctrl Pts',(-11.4953734720286,45.5029187013772,22.4778284452069));
#3280=CARTESIAN_POINT('Ctrl Pts',(-11.4946406680882,45.4931682203248,22.4784551168366));
#3281=CARTESIAN_POINT('Ctrl Pts',(-11.4941521948183,45.4866678977264,22.4788729346539));
#3282=CARTESIAN_POINT('Ctrl Pts',(-11.4934195635334,45.4769174114501,22.479499707444));
#3283=CARTESIAN_POINT('Ctrl Pts',(-11.4926870264652,45.4671669223232,22.4801265354362));
#3284=CARTESIAN_POINT('Ctrl Pts',(-11.4924428565936,45.463916759004,22.4803354834621));
#3285=CARTESIAN_POINT('Ctrl Pts',(-11.4919545324859,45.4574164318925,22.4807533886747));
#3286=CARTESIAN_POINT('Ctrl Pts',(-11.4914662342685,45.4509161039977,22.4811713090566));
#3287=CARTESIAN_POINT('Ctrl Pts',(-11.4912220902872,45.4476659398952,22.4813802722518));
#3288=CARTESIAN_POINT('Ctrl Pts',(-11.4904896696555,45.4379154472453,22.4820071684652));
#3289=CARTESIAN_POINT('Ctrl Pts',(-11.4897572706936,45.4281649539397,22.4826340773751));
#3290=CARTESIAN_POINT('Ctrl Pts',(-11.4892690034472,45.4216646251079,22.4830520159032));
#3291=CARTESIAN_POINT('Ctrl Pts',(-11.4886413040096,45.4133082383925,22.4835892804243));
#3292=CARTESIAN_POINT('Ctrl Pts',(-11.4880135662749,45.4049518528359,22.4841265225068));
#3293=CARTESIAN_POINT('Ctrl Pts',(-11.487874135711,45.4030957949033,22.4842458494532));
#3294=CARTESIAN_POINT('Ctrl Pts',(-11.4873858105007,45.3965954678252,22.4846637540198));
#3295=CARTESIAN_POINT('Ctrl Pts',(-11.4868974528146,45.3900951417297,22.4850816395586));
#3296=CARTESIAN_POINT('Ctrl Pts',(-11.4865485168391,45.3854508738347,22.4853801929637));
#3297=CARTESIAN_POINT('Ctrl Pts',(-11.4857111358525,45.3743062824864,22.4860965807431));
#3298=CARTESIAN_POINT('Ctrl Pts',(-11.4848735922913,45.363161696057,22.4868128732688));
#3299=CARTESIAN_POINT('Ctrl Pts',(-11.4843850111121,45.3566613767236,22.4872306278611));
#3300=CARTESIAN_POINT('Ctrl Pts',(-11.483423209917,45.3438671019195,22.4880527874898));
#3301=CARTESIAN_POINT('Ctrl Pts',(-11.4824610774806,45.3310728371375,22.4888747530416));
#3302=CARTESIAN_POINT('Ctrl Pts',(-11.4819876814952,45.324778886991,22.4892790549759));
#3303=CARTESIAN_POINT('Ctrl Pts',(-11.4814986639367,45.3182785808608,22.4896965538902));
#3304=CARTESIAN_POINT('Ctrl Pts',(-11.4810095343232,45.3117782781211,22.4901139871505));
#3305=CARTESIAN_POINT('Ctrl Pts',(-11.4809940062858,45.3115719193073,22.4901272389338));
#3306=CARTESIAN_POINT('Ctrl Pts',(-11.4809784781348,45.311365560497,22.4901404906505));
#3307=CARTESIAN_POINT('Ctrl Pts',(-11.4809629498702,45.3111592016902,22.4901537423006));
#3308=CARTESIAN_POINT('Ctrl Pts',(-11.2848025939435,45.6112891296192,22.8453167116968));
#3309=CARTESIAN_POINT('Ctrl Pts',(-11.2842877393443,45.6047896052247,22.8457190724835));
#3310=CARTESIAN_POINT('Ctrl Pts',(-11.2837729978068,45.5982900774095,22.8461214995139));
#3311=CARTESIAN_POINT('Ctrl Pts',(-11.283258362553,45.5917905463784,22.8465239888168));
#3312=CARTESIAN_POINT('Ctrl Pts',(-11.2824865582961,45.5820412453351,22.847127809851));
#3313=CARTESIAN_POINT('Ctrl Pts',(-11.2817149596807,45.5722919380698,22.8477317513722));
#3314=CARTESIAN_POINT('Ctrl Pts',(-11.2814577820306,45.569042168319,22.8479330780372));
#3315=CARTESIAN_POINT('Ctrl Pts',(-11.2809434685257,45.5625426275531,22.8483357558553));
#3316=CARTESIAN_POINT('Ctrl Pts',(-11.2804292345271,45.5560430843815,22.8487384802568));
#3317=CARTESIAN_POINT('Ctrl Pts',(-11.2801721363834,45.5527933122253,22.8489398535052));
#3318=CARTESIAN_POINT('Ctrl Pts',(-11.2794008953652,45.5430439941404,22.8495440045455));
#3319=CARTESIAN_POINT('Ctrl Pts',(-11.278629804867,45.5332946715013,22.8501482437766));
#3320=CARTESIAN_POINT('Ctrl Pts',(-11.2781158027959,45.5267951213124,22.8505511040662));
#3321=CARTESIAN_POINT('Ctrl Pts',(-11.2773448734273,45.5170457937981,22.8511554377045));
#3322=CARTESIAN_POINT('Ctrl Pts',(-11.2765740334664,45.5072964635786,22.8517598237274));
#3323=CARTESIAN_POINT('Ctrl Pts',(-11.2763170955693,45.5040466865738,22.8519612908656));
#3324=CARTESIAN_POINT('Ctrl Pts',(-11.2758032348945,45.4975471321069,22.8523642340004));
#3325=CARTESIAN_POINT('Ctrl Pts',(-11.275289399618,45.4910475768714,22.8527671920164));
#3326=CARTESIAN_POINT('Ctrl Pts',(-11.2750324871193,45.4877977990982,22.8529686740356));
#3327=CARTESIAN_POINT('Ctrl Pts',(-11.2742617613728,45.478048465423,22.8535731269777));
#3328=CARTESIAN_POINT('Ctrl Pts',(-11.2734910598132,45.468299131016,22.854177594091));
#3329=CARTESIAN_POINT('Ctrl Pts',(-11.2729772596897,45.4617995747169,22.8545805727034));
#3330=CARTESIAN_POINT('Ctrl Pts',(-11.2723167410941,45.453444180991,22.8550986082188));
#3331=CARTESIAN_POINT('Ctrl Pts',(-11.271656191388,45.4450887882064,22.8556166255064));
#3332=CARTESIAN_POINT('Ctrl Pts',(-11.2715094732535,45.4432329507694,22.8557316826073));
#3333=CARTESIAN_POINT('Ctrl Pts',(-11.27099562677,45.4367333958731,22.8561346340569));
#3334=CARTESIAN_POINT('Ctrl Pts',(-11.2704817530844,45.4302338417998,22.8565375695687));
#3335=CARTESIAN_POINT('Ctrl Pts',(-11.270114589854,45.4255901253958,22.8568254434802));
#3336=CARTESIAN_POINT('Ctrl Pts',(-11.2692334782662,45.4144468571779,22.8575162091527));
#3337=CARTESIAN_POINT('Ctrl Pts',(-11.2683522262433,45.403303593209,22.8582068925431));
#3338=CARTESIAN_POINT('Ctrl Pts',(-11.267838159708,45.3968040449706,22.8586097150627));
#3339=CARTESIAN_POINT('Ctrl Pts',(-11.2668262155468,45.3840112873119,22.8594024955288));
#3340=CARTESIAN_POINT('Ctrl Pts',(-11.265813980077,45.3712185384672,22.8601951053149));
#3341=CARTESIAN_POINT('Ctrl Pts',(-11.2653159470362,45.3649253337492,22.8605849722025));
#3342=CARTESIAN_POINT('Ctrl Pts',(-11.2648014960415,45.3584257971432,22.8609875694644));
#3343=CARTESIAN_POINT('Ctrl Pts',(-11.2642869453336,45.3519262635541,22.8613901083033));
#3344=CARTESIAN_POINT('Ctrl Pts',(-11.2642706102897,45.3517199291575,22.8614028872551));
#3345=CARTESIAN_POINT('Ctrl Pts',(-11.2642542751449,45.3515135947639,22.8614156661476));
#3346=CARTESIAN_POINT('Ctrl Pts',(-11.2642379398987,45.3513072603734,22.8614284449809));
#3347=CARTESIAN_POINT('Ctrl Pts',(-11.1769804315674,45.6313468101408,23.0312706540687));
#3348=CARTESIAN_POINT('Ctrl Pts',(-11.1764520214696,45.6248476958869,23.0316650725809));
#3349=CARTESIAN_POINT('Ctrl Pts',(-11.1759237137082,45.6183485785367,23.0320595510529));
#3350=CARTESIAN_POINT('Ctrl Pts',(-11.1753955022717,45.611849458272,23.0324540859624));
#3351=CARTESIAN_POINT('Ctrl Pts',(-11.1746033201071,45.6021007737907,23.0330459674185));
#3352=CARTESIAN_POINT('Ctrl Pts',(-11.1738113253364,45.5923520836396,23.0336379586701));
#3353=CARTESIAN_POINT('Ctrl Pts',(-11.1735473470625,45.5891025196512,23.0338353007955));
#3354=CARTESIAN_POINT('Ctrl Pts',(-11.1730194287567,45.5826033905175,23.0342300074526));
#3355=CARTESIAN_POINT('Ctrl Pts',(-11.172491583382,45.5761042591771,23.0346247568406));
#3356=CARTESIAN_POINT('Ctrl Pts',(-11.1722276780393,45.5728546929822,23.0348221416969));
#3357=CARTESIAN_POINT('Ctrl Pts',(-11.1714360113024,45.5631059929059,23.0354143251462));
#3358=CARTESIAN_POINT('Ctrl Pts',(-11.1706444839547,45.5533572886122,23.0360065902647));
#3359=CARTESIAN_POINT('Ctrl Pts',(-11.1701168534678,45.5468581507701,23.0364014655572));
#3360=CARTESIAN_POINT('Ctrl Pts',(-11.1693254773407,45.537109441901,23.036993819277));
#3361=CARTESIAN_POINT('Ctrl Pts',(-11.1685341865319,45.5273607304505,23.0375862229855));
#3362=CARTESIAN_POINT('Ctrl Pts',(-11.1682704313489,45.5241111597122,23.0377836958216));
#3363=CARTESIAN_POINT('Ctrl Pts',(-11.1677429356454,45.5176120177921,23.0381786500847));
#3364=CARTESIAN_POINT('Ctrl Pts',(-11.1672154648184,45.5111128751192,23.0385736189233));
#3365=CARTESIAN_POINT('Ctrl Pts',(-11.1669517345121,45.5078633036283,23.0387711063349));
#3366=CARTESIAN_POINT('Ctrl Pts',(-11.1661605555089,45.498114588795,23.0393635755511));
#3367=CARTESIAN_POINT('Ctrl Pts',(-11.1653694019073,45.4883658731931,23.0399560596504));
#3368=CARTESIAN_POINT('Ctrl Pts',(-11.1648419682663,45.4818667293952,23.0403510502764));
#3369=CARTESIAN_POINT('Ctrl Pts',(-11.1641639255044,45.4735118658874,23.0408588182435));
#3370=CARTESIAN_POINT('Ctrl Pts',(-11.1634858552707,45.4651570032108,23.0413665701146));
#3371=CARTESIAN_POINT('Ctrl Pts',(-11.1633352457988,45.4633012835116,23.04147934725));
#3372=CARTESIAN_POINT('Ctrl Pts',(-11.1628077716991,45.4568021409378,23.041874314171));
#3373=CARTESIAN_POINT('Ctrl Pts',(-11.1622802730387,45.4503029991071,23.0422692667016));
#3374=CARTESIAN_POINT('Ctrl Pts',(-11.1619033767491,45.4456595771905,23.0425514379364));
#3375=CARTESIAN_POINT('Ctrl Pts',(-11.1609989134243,45.434517015512,23.0432285216404));
#3376=CARTESIAN_POINT('Ctrl Pts',(-11.1600943207356,45.4233744577475,23.0439055295492));
#3377=CARTESIAN_POINT('Ctrl Pts',(-11.1595666445513,45.4168753212881,23.0443003780672));
#3378=CARTESIAN_POINT('Ctrl Pts',(-11.1585279226476,45.4040833738274,23.0450774692411));
#3379=CARTESIAN_POINT('Ctrl Pts',(-11.1574889300592,45.3912914345567,23.0458544018185));
#3380=CARTESIAN_POINT('Ctrl Pts',(-11.1569777396851,45.3849986279322,23.04623655972));
#3381=CARTESIAN_POINT('Ctrl Pts',(-11.156449706032,45.3784995022885,23.0466311987943));
#3382=CARTESIAN_POINT('Ctrl Pts',(-11.1559215794134,45.3720003794575,23.0470257833992));
#3383=CARTESIAN_POINT('Ctrl Pts',(-11.1559048133951,45.3717940581007,23.0470383098396));
#3384=CARTESIAN_POINT('Ctrl Pts',(-11.1558880472826,45.3715877367466,23.0470508362248));
#3385=CARTESIAN_POINT('Ctrl Pts',(-11.1558712810757,45.3713814153955,23.0470633625546));
#3386=CARTESIAN_POINT('Ctrl Pts',(-10.9613761731749,45.6714609589205,23.4032020140111));
#3387=CARTESIAN_POINT('Ctrl Pts',(-10.9608195448322,45.6649626984491,23.4035798992293));
#3388=CARTESIAN_POINT('Ctrl Pts',(-10.9602629941389,45.6584644356282,23.4039578299429));
#3389=CARTESIAN_POINT('Ctrl Pts',(-10.9597065156995,45.6519661706212,23.4043358029907));
#3390=CARTESIAN_POINT('Ctrl Pts',(-10.9588718979816,45.6422187700869,23.4049028211186));
#3391=CARTESIAN_POINT('Ctrl Pts',(-10.9580374169929,45.6324713654156,23.4054699193573));
#3392=CARTESIAN_POINT('Ctrl Pts',(-10.9577592711233,45.6292222300877,23.4056589605757));
#3393=CARTESIAN_POINT('Ctrl Pts',(-10.9572030068107,45.622723958602,23.406037059082));
#3394=CARTESIAN_POINT('Ctrl Pts',(-10.9566467943144,45.6162256855485,23.4064151879479));
#3395=CARTESIAN_POINT('Ctrl Pts',(-10.956368700261,45.6129765486528,23.4066042595259));
#3396=CARTESIAN_POINT('Ctrl Pts',(-10.9555344523696,45.6032291369288,23.4071714943381));
#3397=CARTESIAN_POINT('Ctrl Pts',(-10.9547003002483,45.5934817223072,23.4077387852627));
#3398=CARTESIAN_POINT('Ctrl Pts',(-10.9541442351442,45.5869834447942,23.408117000487));
#3399=CARTESIAN_POINT('Ctrl Pts',(-10.9533101823427,45.5772360271675,23.4086843496039));
#3400=CARTESIAN_POINT('Ctrl Pts',(-10.952476182311,45.5674886079442,23.4092517296391));
#3401=CARTESIAN_POINT('Ctrl Pts',(-10.9521981873574,45.5642394680501,23.4094408592804));
#3402=CARTESIAN_POINT('Ctrl Pts',(-10.9516422059456,45.5577411880048,23.4098191235406));
#3403=CARTESIAN_POINT('Ctrl Pts',(-10.95108623828,45.5512429075437,23.4101973958548));
#3404=CARTESIAN_POINT('Ctrl Pts',(-10.9508082570727,45.5479937672337,23.4103865335501));
#3405=CARTESIAN_POINT('Ctrl Pts',(-10.9499743188874,45.5382463461392,23.4109539498216));
#3406=CARTESIAN_POINT('Ctrl Pts',(-10.9491403896673,45.5284989247733,23.4115213713459));
#3407=CARTESIAN_POINT('Ctrl Pts',(-10.948584434311,45.5220006439397,23.4118996508722));
#3408=CARTESIAN_POINT('Ctrl Pts',(-10.9478697236202,45.5136468898714,23.4123859348081));
#3409=CARTESIAN_POINT('Ctrl Pts',(-10.9471549868221,45.5052931365929,23.4128722034476));
#3410=CARTESIAN_POINT('Ctrl Pts',(-10.9469962333753,45.503437663301,23.4129802089633));
#3411=CARTESIAN_POINT('Ctrl Pts',(-10.9464402379275,45.4969393836805,23.4133584649997));
#3412=CARTESIAN_POINT('Ctrl Pts',(-10.9458842209579,45.4904411047111,23.4137367084262));
#3413=CARTESIAN_POINT('Ctrl Pts',(-10.945486951751,45.4857982992055,23.4140069430068));
#3414=CARTESIAN_POINT('Ctrl Pts',(-10.9445336086696,45.4746572164523,23.4146553876728));
#3415=CARTESIAN_POINT('Ctrl Pts',(-10.9435801601379,45.4635161368896,23.4153037705546));
#3416=CARTESIAN_POINT('Ctrl Pts',(-10.9430239980966,45.4570178623096,23.4156819289825));
#3417=CARTESIAN_POINT('Ctrl Pts',(-10.9419292333064,45.4442276105047,23.4164261841835));
#3418=CARTESIAN_POINT('Ctrl Pts',(-10.940834253887,45.4314373651937,23.4171703136316));
#3419=CARTESIAN_POINT('Ctrl Pts',(-10.9402955369921,45.4251453914226,23.4175363435256));
#3420=CARTESIAN_POINT('Ctrl Pts',(-10.9397390920118,45.4186471254032,23.4179143361773));
#3421=CARTESIAN_POINT('Ctrl Pts',(-10.9391825739775,45.4121488615942,23.4182922860261));
#3422=CARTESIAN_POINT('Ctrl Pts',(-10.9391649066645,45.4119425675072,23.4183042843907));
#3423=CARTESIAN_POINT('Ctrl Pts',(-10.9391472392775,45.4117362734225,23.418316282712));
#3424=CARTESIAN_POINT('Ctrl Pts',(-10.9391295718163,45.4115299793401,23.4183282809898));
#3425=CARTESIAN_POINT('Ctrl Pts',(-10.7458230469883,45.7115735606241,23.7751633327195));
#3426=CARTESIAN_POINT('Ctrl Pts',(-10.7452362599486,45.7050762126461,23.7755235477174));
#3427=CARTESIAN_POINT('Ctrl Pts',(-10.7446495529807,45.6985788622455,23.7758838096299));
#3428=CARTESIAN_POINT('Ctrl Pts',(-10.7440629216287,45.6920815095569,23.7762441158464));
#3429=CARTESIAN_POINT('Ctrl Pts',(-10.7431830809881,45.6823354773053,23.7767846375043));
#3430=CARTESIAN_POINT('Ctrl Pts',(-10.7423033887318,45.672589440564,23.7773252461017));
#3431=CARTESIAN_POINT('Ctrl Pts',(-10.7420101738447,45.6693407611702,23.777505458263));
#3432=CARTESIAN_POINT('Ctrl Pts',(-10.7414237745201,45.6628434014614,23.7778659004261));
#3433=CARTESIAN_POINT('Ctrl Pts',(-10.7408374334489,45.65634603999,23.7782263767204));
#3434=CARTESIAN_POINT('Ctrl Pts',(-10.7405442768152,45.6530973588337,23.7784066230128));
#3435=CARTESIAN_POINT('Ctrl Pts',(-10.7396648465721,45.6433513141649,23.7789473851259));
#3436=CARTESIAN_POINT('Ctrl Pts',(-10.7387855289303,45.6336052660891,23.7794882132129));
#3437=CARTESIAN_POINT('Ctrl Pts',(-10.7381993615519,45.6271078993624,23.7798487912753));
#3438=CARTESIAN_POINT('Ctrl Pts',(-10.7373201679384,45.617361847534,23.7803896920315));
#3439=CARTESIAN_POINT('Ctrl Pts',(-10.7364410456738,45.6076157935469,23.7809306345916));
#3440=CARTESIAN_POINT('Ctrl Pts',(-10.7361480120229,45.6043671086695,23.7811109529407));
#3441=CARTESIAN_POINT('Ctrl Pts',(-10.7355619572197,45.5978697385367,23.7814715969616));
#3442=CARTESIAN_POINT('Ctrl Pts',(-10.7349759238799,45.5913723677545,23.7818322535582));
#3443=CARTESIAN_POINT('Ctrl Pts',(-10.7346829116927,45.5881236822278,23.7820125844829));
#3444=CARTESIAN_POINT('Ctrl Pts',(-10.7338038858444,45.5783776253234,23.7825535835341));
#3445=CARTESIAN_POINT('Ctrl Pts',(-10.7329248837469,45.5686315677004,23.7830945965012));
#3446=CARTESIAN_POINT('Ctrl Pts',(-10.7323388854481,45.5621341958579,23.7834552736285));
#3447=CARTESIAN_POINT('Ctrl Pts',(-10.7315855592793,45.5537816101548,23.7839189324488));
#3448=CARTESIAN_POINT('Ctrl Pts',(-10.7308322125461,45.5454290250738,23.7843825792203));
#3449=CARTESIAN_POINT('Ctrl Pts',(-10.7306648835966,45.5435738112457,23.7844855602808));
#3450=CARTESIAN_POINT('Ctrl Pts',(-10.7300788556136,45.5370764403014,23.784846220016));
#3451=CARTESIAN_POINT('Ctrl Pts',(-10.7294928085493,45.5305790699344,23.7852068685712));
#3452=CARTESIAN_POINT('Ctrl Pts',(-10.7290740846989,45.5259369135691,23.7854645327055));
#3453=CARTESIAN_POINT('Ctrl Pts',(-10.7280692593664,45.5147973884833,23.7860828135113));
#3454=CARTESIAN_POINT('Ctrl Pts',(-10.7270643298834,45.5036578665486,23.7867010332943));
#3455=CARTESIAN_POINT('Ctrl Pts',(-10.7264781400714,45.4971605005007,23.7870615982126));
#3456=CARTESIAN_POINT('Ctrl Pts',(-10.725324270793,45.4843720369846,23.787771223624));
#3457=CARTESIAN_POINT('Ctrl Pts',(-10.7241701798358,45.4715835801758,23.788480719152));
#3458=CARTESIAN_POINT('Ctrl Pts',(-10.7236023815446,45.4652924863029,23.7888297100248));
#3459=CARTESIAN_POINT('Ctrl Pts',(-10.7230158986611,45.4587951291222,23.7891901032301));
#3460=CARTESIAN_POINT('Ctrl Pts',(-10.7224293391785,45.4522977742592,23.7895504515554));
#3461=CARTESIAN_POINT('Ctrl Pts',(-10.7224107181651,45.4520915090277,23.7895618911394));
#3462=CARTESIAN_POINT('Ctrl Pts',(-10.7223920970742,45.4518852437987,23.789573330678));
#3463=CARTESIAN_POINT('Ctrl Pts',(-10.7223734759054,45.451678978572,23.789584770171));
#3464=CARTESIAN_POINT('Ctrl Pts',(-10.6380582300546,45.7316295060792,23.961150874242));
#3465=CARTESIAN_POINT('Ctrl Pts',(-10.6374559466676,45.7251326269648,23.9615020098068));
#3466=CARTESIAN_POINT('Ctrl Pts',(-10.6368537494236,45.7186357452441,23.9618531958433));
#3467=CARTESIAN_POINT('Ctrl Pts',(-10.63625163392,45.7121388610502,23.9622044297722));
#3468=CARTESIAN_POINT('Ctrl Pts',(-10.635348576,45.7023935312698,23.9627313482416));
#3469=CARTESIAN_POINT('Ctrl Pts',(-10.6344456786412,45.6926481966313,23.9632583607849));
#3470=CARTESIAN_POINT('Ctrl Pts',(-10.6341447300039,45.6893997512329,23.9634340416805));
#3471=CARTESIAN_POINT('Ctrl Pts',(-10.6335428655592,45.6829028594429,23.9637854227068));
#3472=CARTESIAN_POINT('Ctrl Pts',(-10.6329410636495,45.6764059657608,23.9641368403728));
#3473=CARTESIAN_POINT('Ctrl Pts',(-10.6326401775473,45.6731575184703,23.9643125579082));
#3474=CARTESIAN_POINT('Ctrl Pts',(-10.631737561313,45.663412175326,23.9648397351646));
#3475=CARTESIAN_POINT('Ctrl Pts',(-10.6308350634394,45.6536668286006,23.9653669817696));
#3476=CARTESIAN_POINT('Ctrl Pts',(-10.6302334438246,45.6471699294029,23.9657185062437));
#3477=CARTESIAN_POINT('Ctrl Pts',(-10.6293310712603,45.637424578886,23.9662458262684));
#3478=CARTESIAN_POINT('Ctrl Pts',(-10.6284287663693,45.6276792263216,23.9667731859434));
#3479=CARTESIAN_POINT('Ctrl Pts',(-10.6281280046142,45.6244307752688,23.9669489763346));
#3480=CARTESIAN_POINT('Ctrl Pts',(-10.6275264922266,45.6179338728268,23.967300563634));
#3481=CARTESIAN_POINT('Ctrl Pts',(-10.6269249982574,45.6114369698276,23.9676521617249));
#3482=CARTESIAN_POINT('Ctrl Pts',(-10.6266242549207,45.6081885182176,23.9678279629076));
#3483=CARTESIAN_POINT('Ctrl Pts',(-10.625722033054,45.5984431631411,23.9683553712272));
#3484=CARTESIAN_POINT('Ctrl Pts',(-10.6248198276783,45.5886978075658,23.9688827892091));
#3485=CARTESIAN_POINT('Ctrl Pts',(-10.6242183576728,45.5822009038414,23.9692344013405));
#3486=CARTESIAN_POINT('Ctrl Pts',(-10.6234451405811,45.5738489199659,23.9696864059109));
#3487=CARTESIAN_POINT('Ctrl Pts',(-10.6226719060385,45.5654969366184,23.9701384002568));
#3488=CARTESIAN_POINT('Ctrl Pts',(-10.6225001599814,45.5636418564361,23.9702387932988));
#3489=CARTESIAN_POINT('Ctrl Pts',(-10.621898663366,45.5571449535169,23.9705903898392));
#3490=CARTESIAN_POINT('Ctrl Pts',(-10.6212971523874,45.5506480510323,23.9709419779641));
#3491=CARTESIAN_POINT('Ctrl Pts',(-10.6208673837693,45.5460062288418,23.9711931708812));
#3492=CARTESIAN_POINT('Ctrl Pts',(-10.6198360672182,45.5348675052849,23.9717959302713));
#3493=CARTESIAN_POINT('Ctrl Pts',(-10.6188046810189,45.5237287838351,23.972398648854));
#3494=CARTESIAN_POINT('Ctrl Pts',(-10.6182030739952,45.5172318842564,23.9727501807053));
#3495=CARTESIAN_POINT('Ctrl Pts',(-10.6170188868865,45.5044443380487,23.9734420426589));
#3496=CARTESIAN_POINT('Ctrl Pts',(-10.6158345187365,45.4916567973186,23.9741337985389));
#3497=CARTESIAN_POINT('Ctrl Pts',(-10.6152518329463,45.4853661538878,23.9744740667076));
#3498=CARTESIAN_POINT('Ctrl Pts',(-10.6146499767623,45.4788692618478,23.9748254525739));
#3499=CARTESIAN_POINT('Ctrl Pts',(-10.6140480426178,45.4723723721666,23.9751767927626));
#3500=CARTESIAN_POINT('Ctrl Pts',(-10.6140289335185,45.472166121703,23.9751879463731));
#3501=CARTESIAN_POINT('Ctrl Pts',(-10.6140098243399,45.4719598712417,23.9751990999373));
#3502=CARTESIAN_POINT('Ctrl Pts',(-10.6139907150818,45.4717536207828,23.9752102534548));
#3503=CARTESIAN_POINT('Ctrl Pts',(-10.4225692991261,45.7717401654656,24.3331498054627));
#3504=CARTESIAN_POINT('Ctrl Pts',(-10.4219346543899,45.765244265489,24.3334819802556));
#3505=CARTESIAN_POINT('Ctrl Pts',(-10.4213001090993,45.7587483625036,24.3338142133144));
#3506=CARTESIAN_POINT('Ctrl Pts',(-10.4206656598462,45.7522524566125,24.3341465026424));
#3507=CARTESIAN_POINT('Ctrl Pts',(-10.4197141244753,45.742508593585,24.3346450177877));
#3508=CARTESIAN_POINT('Ctrl Pts',(-10.4187627876551,45.7327647245501,24.3351436492656));
#3509=CARTESIAN_POINT('Ctrl Pts',(-10.4184456969307,45.7295167675531,24.3353098723839));
#3510=CARTESIAN_POINT('Ctrl Pts',(-10.4178115575038,45.7230208522878,24.3356423432415));
#3511=CARTESIAN_POINT('Ctrl Pts',(-10.4171774998257,45.7165249345489,24.3359748619964));
#3512=CARTESIAN_POINT('Ctrl Pts',(-10.4168604908497,45.7132769750785,24.3361411330117));
#3513=CARTESIAN_POINT('Ctrl Pts',(-10.4159095216803,45.7035330949198,24.3366399798991));
#3514=CARTESIAN_POINT('Ctrl Pts',(-10.4149587198049,45.6937892096994,24.3371389248053));
#3515=CARTESIAN_POINT('Ctrl Pts',(-10.4143249209246,45.6872932841303,24.3374715951919));
#3516=CARTESIAN_POINT('Ctrl Pts',(-10.413374316847,45.6775493929252,24.3379706559893));
#3517=CARTESIAN_POINT('Ctrl Pts',(-10.4124238364732,45.6678054979773,24.3384697892659));
#3518=CARTESIAN_POINT('Ctrl Pts',(-10.4121070224468,45.6645575326084,24.3386361745037));
#3519=CARTESIAN_POINT('Ctrl Pts',(-10.4114734177608,45.6580616011637,24.3389689586703));
#3520=CARTESIAN_POINT('Ctrl Pts',(-10.4108398550521,45.6515656684489,24.3393017674317));
#3521=CARTESIAN_POINT('Ctrl Pts',(-10.4105230830032,45.64831770181,24.3394681772645));
#3522=CARTESIAN_POINT('Ctrl Pts',(-10.4095727908863,45.638573801166,24.3399674208423));
#3523=CARTESIAN_POINT('Ctrl Pts',(-10.4086225582376,45.6288298987229,24.3404666992629));
#3524=CARTESIAN_POINT('Ctrl Pts',(-10.4079890850389,45.6223339632999,24.340799560469));
#3525=CARTESIAN_POINT('Ctrl Pts',(-10.407174737179,45.6139832238932,24.3412274661952));
#3526=CARTESIAN_POINT('Ctrl Pts',(-10.4063603687316,45.6056324851094,24.3416553598591));
#3527=CARTESIAN_POINT('Ctrl Pts',(-10.4061794859335,45.6037776813719,24.3417503996119));
#3528=CARTESIAN_POINT('Ctrl Pts',(-10.4055459882049,45.5972817466911,24.3420832464457));
#3529=CARTESIAN_POINT('Ctrl Pts',(-10.4049124652162,45.5907858127745,24.3424160784793));
#3530=CARTESIAN_POINT('Ctrl Pts',(-10.4044598155149,45.5861446828831,24.3426538651878));
#3531=CARTESIAN_POINT('Ctrl Pts',(-10.4033735590942,45.5750076216086,24.3432244348714));
#3532=CARTESIAN_POINT('Ctrl Pts',(-10.4022871350431,45.5638705654059,24.3437949063391));
#3533=CARTESIAN_POINT('Ctrl Pts',(-10.4016533838961,45.5573746383925,24.344127604693));
#3534=CARTESIAN_POINT('Ctrl Pts',(-10.4004058416645,45.5445890090824,24.3447823463762));
#3535=CARTESIAN_POINT('Ctrl Pts',(-10.3991579643829,45.5318033899098,24.345436891751));
#3536=CARTESIAN_POINT('Ctrl Pts',(-10.3985440028949,45.5255136927689,24.3457588352397));
#3537=CARTESIAN_POINT('Ctrl Pts',(-10.3979098199022,45.5190177788217,24.3460912805717));
#3538=CARTESIAN_POINT('Ctrl Pts',(-10.3972755393654,45.5125218678258,24.3464236687519));
#3539=CARTESIAN_POINT('Ctrl Pts',(-10.3972554033769,45.5123156484321,24.3464342207));
#3540=CARTESIAN_POINT('Ctrl Pts',(-10.3972352672899,45.5121094290413,24.3464447725903));
#3541=CARTESIAN_POINT('Ctrl Pts',(-10.3972151311044,45.5119032096536,24.3464553244229));
#3542=CARTESIAN_POINT('Ctrl Pts',(-10.2071883595806,45.8118475574216,24.7052120096933));
#3543=CARTESIAN_POINT('Ctrl Pts',(-10.2065176522046,45.8053527485706,24.7055230550988));
#3544=CARTESIAN_POINT('Ctrl Pts',(-10.2058470464797,45.798857936644,24.7058341600624));
#3545=CARTESIAN_POINT('Ctrl Pts',(-10.2051765393467,45.7923631217344,24.7061453227919));
#3546=CARTESIAN_POINT('Ctrl Pts',(-10.2041709208516,45.7826208950674,24.7066121502047));
#3547=CARTESIAN_POINT('Ctrl Pts',(-10.2031655053354,45.7728786622589,24.7070790965445));
#3548=CARTESIAN_POINT('Ctrl Pts',(-10.2028303888099,45.7696312506577,24.7072347582026));
#3549=CARTESIAN_POINT('Ctrl Pts',(-10.2021601984738,45.7631364261629,24.7075461065459));
#3550=CARTESIAN_POINT('Ctrl Pts',(-10.2014900908955,45.7566415991642,24.7078575033775));
#3551=CARTESIAN_POINT('Ctrl Pts',(-10.2011550571278,45.7533941850591,24.7080132135241));
#3552=CARTESIAN_POINT('Ctrl Pts',(-10.2001500137497,45.743651940991,24.7084803779026));
#3553=CARTESIAN_POINT('Ctrl Pts',(-10.199145137387,45.7339096918698,24.7089476401367));
#3554=CARTESIAN_POINT('Ctrl Pts',(-10.1984752880189,45.7274148570585,24.7092591882558));
#3555=CARTESIAN_POINT('Ctrl Pts',(-10.1974706064526,45.7176726020434,24.7097265646227));
#3556=CARTESIAN_POINT('Ctrl Pts',(-10.1964660475469,45.707930343317,24.7101940128574));
#3557=CARTESIAN_POINT('Ctrl Pts',(-10.1961312073123,45.7046829233562,24.7103498363965));
#3558=CARTESIAN_POINT('Ctrl Pts',(-10.1954615504353,45.6981880827209,24.7106614972977));
#3559=CARTESIAN_POINT('Ctrl Pts',(-10.1947919367154,45.6916932407798,24.7109731834849));
#3560=CARTESIAN_POINT('Ctrl Pts',(-10.1944571396384,45.6884458195133,24.7111290323105));
#3561=CARTESIAN_POINT('Ctrl Pts',(-10.1934527745204,45.6787035549235,24.711596594087));
#3562=CARTESIAN_POINT('Ctrl Pts',(-10.1924484772903,45.6689612882798,24.7120641956394));
#3563=CARTESIAN_POINT('Ctrl Pts',(-10.1917789667186,45.6624664432178,24.7123759422621));
#3564=CARTESIAN_POINT('Ctrl Pts',(-10.1909183019244,45.6541171051947,24.7127767105283));
#3565=CARTESIAN_POINT('Ctrl Pts',(-10.1900576368005,45.6457677671815,24.7131774786013));
#3566=CARTESIAN_POINT('Ctrl Pts',(-10.1898664720274,45.6439132745396,24.7132664940632));
#3567=CARTESIAN_POINT('Ctrl Pts',(-10.1891969687623,45.6374184292565,24.7135782449668));
#3568=CARTESIAN_POINT('Ctrl Pts',(-10.1885274564467,45.6309235842473,24.7138899905676));
#3569=CARTESIAN_POINT('Ctrl Pts',(-10.1880491036234,45.6262832320398,24.7141127176125));
#3570=CARTESIAN_POINT('Ctrl Pts',(-10.1869011980298,45.6151480360471,24.7146471665556));
#3571=CARTESIAN_POINT('Ctrl Pts',(-10.1857532008412,45.6040128428257,24.7151815618324));
#3572=CARTESIAN_POINT('Ctrl Pts',(-10.1850835648067,45.5975180015597,24.7154932349453));
#3573=CARTESIAN_POINT('Ctrl Pts',(-10.1837654437982,45.5847345077091,24.7161066239619));
#3574=CARTESIAN_POINT('Ctrl Pts',(-10.1824470570114,45.5719510219,24.716719857257));
#3575=CARTESIAN_POINT('Ctrl Pts',(-10.1817984187114,45.5656623739545,24.7170214833258));
#3576=CARTESIAN_POINT('Ctrl Pts',(-10.1811284202956,45.5591675436529,24.7173329441166));
#3577=CARTESIAN_POINT('Ctrl Pts',(-10.1804583141535,45.5526727166107,24.7176443417898));
#3578=CARTESIAN_POINT('Ctrl Pts',(-10.1804370408336,45.5524665316285,24.7176542273664));
#3579=CARTESIAN_POINT('Ctrl Pts',(-10.1804157674045,45.5522603466497,24.7176641128789));
#3580=CARTESIAN_POINT('Ctrl Pts',(-10.1803944938657,45.5520541616741,24.7176739983272));
#3581=CARTESIAN_POINT('Ctrl Pts',(-10.0995328482929,45.831900195682,24.891263594263));
#3582=CARTESIAN_POINT('Ctrl Pts',(-10.0988430684388,45.8254059638954,24.8915634649519));
#3583=CARTESIAN_POINT('Ctrl Pts',(-10.0981534061427,45.818911728552,24.8918634045189));
#3584=CARTESIAN_POINT('Ctrl Pts',(-10.0974638633697,45.8124174895922,24.8921634141155));
#3585=CARTESIAN_POINT('Ctrl Pts',(-10.0964297317269,45.8026761256303,24.8926135354484));
#3586=CARTESIAN_POINT('Ctrl Pts',(-10.0953958739175,45.7929347533832,24.8930638172224));
#3587=CARTESIAN_POINT('Ctrl Pts',(-10.0950512850675,45.7896876283804,24.8932139289703));
#3588=CARTESIAN_POINT('Ctrl Pts',(-10.0943621678984,45.7831933765434,24.8935141879316));
#3589=CARTESIAN_POINT('Ctrl Pts',(-10.0936731698426,45.7766991211024,24.8938145166823));
#3590=CARTESIAN_POINT('Ctrl Pts',(-10.0933287001027,45.7734519924958,24.8939646982178));
#3591=CARTESIAN_POINT('Ctrl Pts',(-10.092295376276,45.7637106040922,24.8944152928565));
#3592=CARTESIAN_POINT('Ctrl Pts',(-10.0912622956893,45.7539692083291,24.8948660300115));
#3593=CARTESIAN_POINT('Ctrl Pts',(-10.0905736720969,45.7474749415583,24.8951665781633));
#3594=CARTESIAN_POINT('Ctrl Pts',(-10.0895408485108,45.7377335380193,24.895617465897));
#3595=CARTESIAN_POINT('Ctrl Pts',(-10.0885081023076,45.7279921321389,24.89606839897));
#3596=CARTESIAN_POINT('Ctrl Pts',(-10.0881638572133,45.7247449967353,24.896218712127));
#3597=CARTESIAN_POINT('Ctrl Pts',(-10.0874753622373,45.718250726073,24.8965193356362));
#3598=CARTESIAN_POINT('Ctrl Pts',(-10.0867868322519,45.7117564564699,24.8968199386331));
#3599=CARTESIAN_POINT('Ctrl Pts',(-10.0864425521801,45.7085093221246,24.8969702312966));
#3600=CARTESIAN_POINT('Ctrl Pts',(-10.0854096468609,45.6987679210586,24.8974210711422));
#3601=CARTESIAN_POINT('Ctrl Pts',(-10.0843765001646,45.6890265272957,24.8978717695631));
#3602=CARTESIAN_POINT('Ctrl Pts',(-10.0836875853407,45.6825322693364,24.89817214708));
#3603=CARTESIAN_POINT('Ctrl Pts',(-10.0828017615393,45.6741836925341,24.8985581744838));
#3604=CARTESIAN_POINT('Ctrl Pts',(-10.0819157539482,45.6658351212927,24.8989440942039));
#3605=CARTESIAN_POINT('Ctrl Pts',(-10.0817189524779,45.6639807991968,24.89902980708));
#3606=CARTESIAN_POINT('Ctrl Pts',(-10.0810296860241,45.6574865518767,24.8993299785742));
#3607=CARTESIAN_POINT('Ctrl Pts',(-10.0803403517404,45.6509923066087,24.8996301103264));
#3608=CARTESIAN_POINT('Ctrl Pts',(-10.0798478312775,45.646352383063,24.8998445364385));
#3609=CARTESIAN_POINT('Ctrl Pts',(-10.0786659788763,45.6352182141784,24.900359095677));
#3610=CARTESIAN_POINT('Ctrl Pts',(-10.0774842380332,45.6240840419184,24.9008737202783));
#3611=CARTESIAN_POINT('Ctrl Pts',(-10.0767950307507,45.6175897928079,24.9011739264415));
#3612=CARTESIAN_POINT('Ctrl Pts',(-10.0754385859635,45.6048074584967,24.9017648612515));
#3613=CARTESIAN_POINT('Ctrl Pts',(-10.074082173832,45.5920251231975,24.9023558151946));
#3614=CARTESIAN_POINT('Ctrl Pts',(-10.0734148806588,45.5857370396811,24.9026465112248));
#3615=CARTESIAN_POINT('Ctrl Pts',(-10.0727256437104,45.5792427914682,24.9029467000065));
#3616=CARTESIAN_POINT('Ctrl Pts',(-10.0720363147793,45.5727485460383,24.9032468348947));
#3617=CARTESIAN_POINT('Ctrl Pts',(-10.0720144312276,45.5725423795196,24.9032563629316));
#3618=CARTESIAN_POINT('Ctrl Pts',(-10.0719925475816,45.5723362130037,24.9032658909132));
#3619=CARTESIAN_POINT('Ctrl Pts',(-10.0719706638404,45.5721300464906,24.9032754188391));
#3620=CARTESIAN_POINT('Ctrl Pts',(-9.93811392182368,45.8619772063619,25.170378668706));
#3621=CARTESIAN_POINT('Ctrl Pts',(-9.93739288584817,45.8554839202729,25.1706602261848));
#3622=CARTESIAN_POINT('Ctrl Pts',(-9.93667193112351,45.8489906317256,25.1709418312692));
#3623=CARTESIAN_POINT('Ctrl Pts',(-9.93595105740802,45.8424973407273,25.1712234838174));
#3624=CARTESIAN_POINT('Ctrl Pts',(-9.93486986659487,45.8327574006062,25.1716460328081));
#3625=CARTESIAN_POINT('Ctrl Pts',(-9.93378885233643,45.8230174551433,25.1720686852437));
#3626=CARTESIAN_POINT('Ctrl Pts',(-9.93342853369935,45.8197708060672,25.1722095807843));
#3627=CARTESIAN_POINT('Ctrl Pts',(-9.93270793497342,45.8132775067486,25.1724913944511));
#3628=CARTESIAN_POINT('Ctrl Pts',(-9.93198741286112,45.806784205112,25.1727732530065));
#3629=CARTESIAN_POINT('Ctrl Pts',(-9.93162717083852,45.8035375537179,25.1729141934361));
#3630=CARTESIAN_POINT('Ctrl Pts',(-9.93054650167762,45.7937975978135,25.173337048067));
#3631=CARTESIAN_POINT('Ctrl Pts',(-9.92946600394115,45.7840576367224,25.1737600031369));
#3632=CARTESIAN_POINT('Ctrl Pts',(-9.9287457488098,45.7775643270079,25.1740420181185));
#3633=CARTESIAN_POINT('Ctrl Pts',(-9.92766548632803,45.7678243587989,25.174465111026));
#3634=CARTESIAN_POINT('Ctrl Pts',(-9.92658541981592,45.7580843846606,25.1748883187537));
#3635=CARTESIAN_POINT('Ctrl Pts',(-9.92622542025913,45.7548377259303,25.1750294012459));
#3636=CARTESIAN_POINT('Ctrl Pts',(-9.92550546842588,45.7483444070391,25.1753115939323));
#3637=CARTESIAN_POINT('Ctrl Pts',(-9.9247856143133,45.7418510851912,25.175593843874));
#3638=CARTESIAN_POINT('Ctrl Pts',(-9.92442571246614,45.7386044235046,25.1757349836151));
#3639=CARTESIAN_POINT('Ctrl Pts',(-9.92334608411781,45.728864436109,25.1761584480664));
#3640=CARTESIAN_POINT('Ctrl Pts',(-9.92226668260758,45.7191244418501,25.176582045424));
#3641=CARTESIAN_POINT('Ctrl Pts',(-9.92154717919521,45.7126311093912,25.1768645008437));
#3642=CARTESIAN_POINT('Ctrl Pts',(-9.92062232618763,45.7042837134721,25.1772276607253));
#3643=CARTESIAN_POINT('Ctrl Pts',(-9.91969750869147,45.6959363164785,25.1775908414133));
#3644=CARTESIAN_POINT('Ctrl Pts',(-9.91949209573849,45.6940822549351,25.1776715087533));
#3645=CARTESIAN_POINT('Ctrl Pts',(-9.91877269163447,45.6875889194716,25.1779540223586));
#3646=CARTESIAN_POINT('Ctrl Pts',(-9.9180532636053,45.681095584732,25.178236521946));
#3647=CARTESIAN_POINT('Ctrl Pts',(-9.91753922343918,45.676456312295,25.1784383394929));
#3648=CARTESIAN_POINT('Ctrl Pts',(-9.91630558081842,45.6653237103958,25.1789225544299));
#3649=CARTESIAN_POINT('Ctrl Pts',(-9.91507155523907,45.6541911200834,25.1794065449885));
#3650=CARTESIAN_POINT('Ctrl Pts',(-9.91435161615347,45.6476978008066,25.1796887451439));
#3651=CARTESIAN_POINT('Ctrl Pts',(-9.91293426317189,45.6349173093579,25.1802439933584));
#3652=CARTESIAN_POINT('Ctrl Pts',(-9.91151629934501,45.6221368363912,25.1807988836739));
#3653=CARTESIAN_POINT('Ctrl Pts',(-9.91081861378826,45.6158496724388,25.1810717725649));
#3654=CARTESIAN_POINT('Ctrl Pts',(-9.91009792268067,45.6093563759154,25.1813535321046));
#3655=CARTESIAN_POINT('Ctrl Pts',(-9.90937710197556,45.6028630833131,25.181635215712));
#3656=CARTESIAN_POINT('Ctrl Pts',(-9.90935421864815,45.602656947044,25.1816441579724));
#3657=CARTESIAN_POINT('Ctrl Pts',(-9.90933133519052,45.6024508107788,25.1816531001564));
#3658=CARTESIAN_POINT('Ctrl Pts',(-9.90930845160283,45.6022446745176,25.1816620422642));
#3659=CARTESIAN_POINT('Ctrl Pts',(-9.77681189770511,45.8920506799978,25.4495622371659));
#3660=CARTESIAN_POINT('Ctrl Pts',(-9.77605597967342,45.8855584493142,25.4498233569706));
#3661=CARTESIAN_POINT('Ctrl Pts',(-9.77530005620145,45.8790662187952,25.4500844735878));
#3662=CARTESIAN_POINT('Ctrl Pts',(-9.77454413426004,45.8725739882299,25.4503455911018));
#3663=CARTESIAN_POINT('Ctrl Pts',(-9.7734102631583,45.8628356420245,25.4507372742926));
#3664=CARTESIAN_POINT('Ctrl Pts',(-9.77227642092538,45.8530972949457,25.4511289743978));
#3665=CARTESIAN_POINT('Ctrl Pts',(-9.77189847734019,45.849851179137,25.4512595433411));
#3666=CARTESIAN_POINT('Ctrl Pts',(-9.77114259887898,45.8433589472561,25.4515206863305));
#3667=CARTESIAN_POINT('Ctrl Pts',(-9.77038673943378,45.8368667147999,25.4517818404615));
#3668=CARTESIAN_POINT('Ctrl Pts',(-9.77000881486434,45.8336205984159,25.4519124205463));
#3669=CARTESIAN_POINT('Ctrl Pts',(-9.76887505742334,45.8238822487716,25.4523041703318));
#3670=CARTESIAN_POINT('Ctrl Pts',(-9.76774134959658,45.8141438976261,25.4526959491867));
#3671=CARTESIAN_POINT('Ctrl Pts',(-9.76698556719874,45.8076516628387,25.4529571484604));
#3672=CARTESIAN_POINT('Ctrl Pts',(-9.76585192430321,45.7979133097286,25.453348965359));
#3673=CARTESIAN_POINT('Ctrl Pts',(-9.76471831372804,45.7881749556407,25.4537408011944));
#3674=CARTESIAN_POINT('Ctrl Pts',(-9.76434044637523,45.7849288375255,25.4538714148028));
#3675=CARTESIAN_POINT('Ctrl Pts',(-9.76358471540269,45.7784366011822,25.454132644207));
#3676=CARTESIAN_POINT('Ctrl Pts',(-9.76282898764353,45.7719443647416,25.4543938754939));
#3677=CARTESIAN_POINT('Ctrl Pts',(-9.76245112350693,45.7686982465291,25.4545244909867));
#3678=CARTESIAN_POINT('Ctrl Pts',(-9.76131752689818,45.7589598920185,25.4549163350051));
#3679=CARTESIAN_POINT('Ctrl Pts',(-9.7601839086845,45.7492215381617,25.455308166365));
#3680=CARTESIAN_POINT('Ctrl Pts',(-9.75942814539777,45.742729302796,25.4555693768361));
#3681=CARTESIAN_POINT('Ctrl Pts',(-9.75845655767544,45.734383320901,25.4559051544767));
#3682=CARTESIAN_POINT('Ctrl Pts',(-9.7574849336074,45.7260373401056,25.456240910822));
#3683=CARTESIAN_POINT('Ctrl Pts',(-9.75726912193577,45.72418359319,25.4563154854701));
#3684=CARTESIAN_POINT('Ctrl Pts',(-9.75651329537578,45.7176913597388,25.4565766588688));
#3685=CARTESIAN_POINT('Ctrl Pts',(-9.75575744782738,45.7111991269225,25.4568378199702));
#3686=CARTESIAN_POINT('Ctrl Pts',(-9.75521740960296,45.7065606410931,25.4570244050481));
#3687=CARTESIAN_POINT('Ctrl Pts',(-9.75392148703963,45.6954299235605,25.4574721296716));
#3688=CARTESIAN_POINT('Ctrl Pts',(-9.75262549637151,45.6842992080885,25.4579198143919));
#3689=CARTESIAN_POINT('Ctrl Pts',(-9.75186955267394,45.6778069781814,25.4581809191588));
#3690=CARTESIAN_POINT('Ctrl Pts',(-9.75038156778976,45.6650286237996,25.45869478358));
#3691=CARTESIAN_POINT('Ctrl Pts',(-9.74889332452431,45.6522502772355,25.4592084966135));
#3692=CARTESIAN_POINT('Ctrl Pts',(-9.74816112584039,45.6459641575259,25.4594611639889));
#3693=CARTESIAN_POINT('Ctrl Pts',(-9.74740482617758,45.6394719383891,25.4597220601929));
#3694=CARTESIAN_POINT('Ctrl Pts',(-9.74664842361804,45.6329797223655,25.4599828961089));
#3695=CARTESIAN_POINT('Ctrl Pts',(-9.74662441073448,45.6327736202727,25.4599911765533));
#3696=CARTESIAN_POINT('Ctrl Pts',(-9.74660039774686,45.632567518183,25.4599994569367));
#3697=CARTESIAN_POINT('Ctrl Pts',(-9.74657638465501,45.6323614160964,25.4600077372591));
#3698=CARTESIAN_POINT('Ctrl Pts',(-9.72305841315053,45.9020747519525,25.5426315454725));
#3699=CARTESIAN_POINT('Ctrl Pts',(-9.72229050611999,45.8955828840128,25.5428856408275));
#3700=CARTESIAN_POINT('Ctrl Pts',(-9.72152255334598,45.8890910174571,25.543139709381));
#3701=CARTESIAN_POINT('Ctrl Pts',(-9.72075456590932,45.8825991519501,25.5433937576254));
#3702=CARTESIAN_POINT('Ctrl Pts',(-9.71960255037094,45.8728613547301,25.5437748098464));
#3703=CARTESIAN_POINT('Ctrl Pts',(-9.71845051054173,45.863123558245,25.5441558478353));
#3704=CARTESIAN_POINT('Ctrl Pts',(-9.7180664960777,45.8598776261192,25.5442828598024));
#3705=CARTESIAN_POINT('Ctrl Pts',(-9.71729846783562,45.8533857618469,25.5445368841386));
#3706=CARTESIAN_POINT('Ctrl Pts',(-9.71653044688799,45.8468938973539,25.5447909127486));
#3707=CARTESIAN_POINT('Ctrl Pts',(-9.71614643971538,45.8436479650075,25.5449179289878));
#3708=CARTESIAN_POINT('Ctrl Pts',(-9.71499443239585,45.8339101675387,25.5452989860244));
#3709=CARTESIAN_POINT('Ctrl Pts',(-9.71384247870934,45.8241723684473,25.545680074485));
#3710=CARTESIAN_POINT('Ctrl Pts',(-9.7130745429909,45.8176805013755,25.5459341530315));
#3711=CARTESIAN_POINT('Ctrl Pts',(-9.7119227006332,45.8079426989156,25.5463153067205));
#3712=CARTESIAN_POINT('Ctrl Pts',(-9.71077093178922,45.7982048942314,25.5466965034818));
#3713=CARTESIAN_POINT('Ctrl Pts',(-9.71038701596442,45.7949589591212,25.5468235732424));
#3714=CARTESIAN_POINT('Ctrl Pts',(-9.70961919433012,45.7884670885977,25.5470777186317));
#3715=CARTESIAN_POINT('Ctrl Pts',(-9.70885137750312,45.7819752179288,25.5473318668376));
#3716=CARTESIAN_POINT('Ctrl Pts',(-9.70846746652774,45.7787292826718,25.5474589394396));
#3717=CARTESIAN_POINT('Ctrl Pts',(-9.70731570903549,45.7689914776442,25.5478401428519));
#3718=CARTESIAN_POINT('Ctrl Pts',(-9.70616381517898,45.7592536767425,25.5482212663674));
#3719=CARTESIAN_POINT('Ctrl Pts',(-9.70539576882833,45.7527618130181,25.5484752800936));
#3720=CARTESIAN_POINT('Ctrl Pts',(-9.70440817656262,45.7444163153628,25.5488016805449));
#3721=CARTESIAN_POINT('Ctrl Pts',(-9.70342030712816,45.7360708260937,25.5491279186009));
#3722=CARTESIAN_POINT('Ctrl Pts',(-9.70320087566291,45.7342171887,25.5492003723831));
#3723=CARTESIAN_POINT('Ctrl Pts',(-9.70243233425228,45.7277253399543,25.5494540960498));
#3724=CARTESIAN_POINT('Ctrl Pts',(-9.70166365184895,45.7212334954746,25.5497077371076));
#3725=CARTESIAN_POINT('Ctrl Pts',(-9.70111439739591,45.7165952884949,25.5498889223238));
#3726=CARTESIAN_POINT('Ctrl Pts',(-9.6997962909712,45.705465242166,25.5503236492465));
#3727=CARTESIAN_POINT('Ctrl Pts',(-9.69847802548985,45.6943352006495,25.5507582829767));
#3728=CARTESIAN_POINT('Ctrl Pts',(-9.69770909489843,45.6878433636791,25.5510117786192));
#3729=CARTESIAN_POINT('Ctrl Pts',(-9.69619560045826,45.6750657811245,25.5515106967887));
#3730=CARTESIAN_POINT('Ctrl Pts',(-9.69468198587809,45.6622882022049,25.5520095445671));
#3731=CARTESIAN_POINT('Ctrl Pts',(-9.69393734839777,45.6560024588486,25.5522549239528));
#3732=CARTESIAN_POINT('Ctrl Pts',(-9.69316824878973,45.649510626992,25.5525083205671));
#3733=CARTESIAN_POINT('Ctrl Pts',(-9.69239909678995,45.6430187967205,25.5527616864847));
#3734=CARTESIAN_POINT('Ctrl Pts',(-9.69237467921323,45.6428127068722,25.5527697298162));
#3735=CARTESIAN_POINT('Ctrl Pts',(-9.69235026158348,45.6426066170255,25.5527777731166));
#3736=CARTESIAN_POINT('Ctrl Pts',(-9.6923258439006,45.6424005271805,25.5527858163858));
#3737=CARTESIAN_POINT('Ctrl Pts',(-9.61557875973323,45.9221220693875,25.7287861665668));
#3738=CARTESIAN_POINT('Ctrl Pts',(-9.61478568253608,45.9156309630063,25.729025514521));
#3739=CARTESIAN_POINT('Ctrl Pts',(-9.61399242556503,45.9091398620644,25.7292647571443));
#3740=CARTESIAN_POINT('Ctrl Pts',(-9.61319900390857,45.9026487661052,25.729503903277));
#3741=CARTESIAN_POINT('Ctrl Pts',(-9.61200864496703,45.8929121290184,25.7298624897933));
#3742=CARTESIAN_POINT('Ctrl Pts',(-9.61081797309846,45.8831755013995,25.7302208929631));
#3743=CARTESIAN_POINT('Ctrl Pts',(-9.61042104919695,45.8799299598668,25.7303403411882));
#3744=CARTESIAN_POINT('Ctrl Pts',(-9.60962713760153,45.8734388787315,25.7305792002618));
#3745=CARTESIAN_POINT('Ctrl Pts',(-9.60883310370101,45.8669478012967,25.7308179876759));
#3746=CARTESIAN_POINT('Ctrl Pts',(-9.60843605749717,45.8637022634645,25.730937364243));
#3747=CARTESIAN_POINT('Ctrl Pts',(-9.60724483489605,45.8539656525088,25.7312954447343));
#3748=CARTESIAN_POINT('Ctrl Pts',(-9.60605337220322,45.8442290488175,25.7316533845539));
#3749=CARTESIAN_POINT('Ctrl Pts',(-9.60525896776901,45.8377379825937,25.7318919548693));
#3750=CARTESIAN_POINT('Ctrl Pts',(-9.60406723356811,45.8280013871172,25.7322497356102));
#3751=CARTESIAN_POINT('Ctrl Pts',(-9.6028753570316,45.8182647959473,25.7326074329555));
#3752=CARTESIAN_POINT('Ctrl Pts',(-9.60247805177419,45.815019265953,25.7327266577411));
#3753=CARTESIAN_POINT('Ctrl Pts',(-9.60168342209327,45.8085282065444,25.7329650960827));
#3754=CARTESIAN_POINT('Ctrl Pts',(-9.60088877256416,45.8020371477363,25.7332035227951));
#3755=CARTESIAN_POINT('Ctrl Pts',(-9.60049144741315,45.798791618344,25.7333227359249));
#3756=CARTESIAN_POINT('Ctrl Pts',(-9.59929948839116,45.7890550296698,25.7336803849413));
#3757=CARTESIAN_POINT('Ctrl Pts',(-9.59810763493749,45.7793184378015,25.734038095811));
#3758=CARTESIAN_POINT('Ctrl Pts',(-9.59731316433357,45.7728273735797,25.7342766273571));
#3759=CARTESIAN_POINT('Ctrl Pts',(-9.59629203490157,45.7644828906383,25.734583378116));
#3760=CARTESIAN_POINT('Ctrl Pts',(-9.59527105164981,45.7561384032739,25.7348902145231));
#3761=CARTESIAN_POINT('Ctrl Pts',(-9.59504428444514,45.7542849878333,25.7349583702373));
#3762=CARTESIAN_POINT('Ctrl Pts',(-9.59425011021342,45.7477939146443,25.7351970754303));
#3763=CARTESIAN_POINT('Ctrl Pts',(-9.59345596526117,45.7413028405696,25.7354357977782));
#3764=CARTESIAN_POINT('Ctrl Pts',(-9.59288855990059,45.736665182771,25.7356063482334));
#3765=CARTESIAN_POINT('Ctrl Pts',(-9.59152687653253,45.7255364549234,25.7360155430785));
#3766=CARTESIAN_POINT('Ctrl Pts',(-9.5901648389636,45.7144077377925,25.7364245303944));
#3767=CARTESIAN_POINT('Ctrl Pts',(-9.58937023688117,45.7079166775489,25.7366629849062));
#3768=CARTESIAN_POINT('Ctrl Pts',(-9.58780596617973,45.695140631301,25.7371321528605));
#3769=CARTESIAN_POINT('Ctrl Pts',(-9.58624121446186,45.6823645996069,25.7376010389834));
#3770=CARTESIAN_POINT('Ctrl Pts',(-9.58547136345445,45.6760796191211,25.737831645563));
#3771=CARTESIAN_POINT('Ctrl Pts',(-9.5846761987477,45.6695885759004,25.7380697704288));
#3772=CARTESIAN_POINT('Ctrl Pts',(-9.58388097728884,45.6630975343968,25.738307862043));
#3773=CARTESIAN_POINT('Ctrl Pts',(-9.58385573210658,45.6628914695889,25.7383154204738));
#3774=CARTESIAN_POINT('Ctrl Pts',(-9.58383048686838,45.6626854047827,25.7383229788718));
#3775=CARTESIAN_POINT('Ctrl Pts',(-9.58380524157485,45.6624793399781,25.7383305372374));
#3776=CARTESIAN_POINT('Ctrl Pts',(-9.50814836233292,45.9421678965128,25.9149696471532));
#3777=CARTESIAN_POINT('Ctrl Pts',(-9.50733011985231,45.9356775515424,25.9151942505677));
#3778=CARTESIAN_POINT('Ctrl Pts',(-9.5065113704724,45.929187221909,25.9154185569859));
#3779=CARTESIAN_POINT('Ctrl Pts',(-9.50569214092629,45.9226969068036,25.9156425820709));
#3780=CARTESIAN_POINT('Ctrl Pts',(-9.50446262289691,45.9129614545296,25.9159782249662));
#3781=CARTESIAN_POINT('Ctrl Pts',(-9.50323217153956,45.9032260304947,25.9163133210173));
#3782=CARTESIAN_POINT('Ctrl Pts',(-9.50282192166837,45.8999808921578,25.9164249614507));
#3783=CARTESIAN_POINT('Ctrl Pts',(-9.50200123204968,45.893490621229,25.9166481310675));
#3784=CARTESIAN_POINT('Ctrl Pts',(-9.50118018094254,45.8870003612375,25.9168710888854));
#3785=CARTESIAN_POINT('Ctrl Pts',(-9.50076956958003,45.8837552338381,25.9169825175182));
#3786=CARTESIAN_POINT('Ctrl Pts',(-9.49953749201818,45.8740198590063,25.9173166607631));
#3787=CARTESIAN_POINT('Ctrl Pts',(-9.49830472490918,45.8642845050378,25.9176503999969));
#3788=CARTESIAN_POINT('Ctrl Pts',(-9.49748260988938,45.8577942772364,25.9178727344599));
#3789=CARTESIAN_POINT('Ctrl Pts',(-9.49624908456761,45.8480589462086,25.9182060294507));
#3790=CARTESIAN_POINT('Ctrl Pts',(-9.49501507948977,45.8383236296966,25.9185390433487));
#3791=CARTESIAN_POINT('Ctrl Pts',(-9.49460369389203,45.8350785257227,25.9186500183509));
#3792=CARTESIAN_POINT('Ctrl Pts',(-9.49378082524802,45.8285883207234,25.9188719112595));
#3793=CARTESIAN_POINT('Ctrl Pts',(-9.49295776397353,45.8220981215523,25.9190936913043));
#3794=CARTESIAN_POINT('Ctrl Pts',(-9.49254618578343,45.8188530234055,25.9192045534652));
#3795=CARTESIAN_POINT('Ctrl Pts',(-9.49131130611939,45.8091177333553,25.9195370549361));
#3796=CARTESIAN_POINT('Ctrl Pts',(-9.49007597712102,45.7993824569003,25.9198692931385));
#3797=CARTESIAN_POINT('Ctrl Pts',(-9.48925221122471,45.7928922790485,25.9200906603398));
#3798=CARTESIAN_POINT('Ctrl Pts',(-9.48819293489295,45.7845489502948,25.9203750605269));
#3799=CARTESIAN_POINT('Ctrl Pts',(-9.48713338116984,45.7762056299339,25.9206592981881));
#3800=CARTESIAN_POINT('Ctrl Pts',(-9.48689802871068,45.7743524742521,25.9207224237334));
#3801=CARTESIAN_POINT('Ctrl Pts',(-9.486073735199,45.7678623123641,25.9209434818007));
#3802=CARTESIAN_POINT('Ctrl Pts',(-9.48524933513651,45.7613721536999,25.921164477439));
#3803=CARTESIAN_POINT('Ctrl Pts',(-9.48466030366036,45.7567351502296,25.9213223569811));
#3804=CARTESIAN_POINT('Ctrl Pts',(-9.48324684815265,45.7456079888204,25.9217012181178));
#3805=CARTESIAN_POINT('Ctrl Pts',(-9.48183349682976,45.7344808242588,25.9220801402973));
#3806=CARTESIAN_POINT('Ctrl Pts',(-9.4810092042713,45.727990662342,25.9223011989231));
#3807=CARTESIAN_POINT('Ctrl Pts',(-9.47938691075013,45.7152163716555,25.9227363708459));
#3808=CARTESIAN_POINT('Ctrl Pts',(-9.47776486709643,45.702442073409,25.923171689168));
#3809=CARTESIAN_POINT('Ctrl Pts',(-9.47696698722815,45.6961579409754,25.9233858734152));
#3810=CARTESIAN_POINT('Ctrl Pts',(-9.47614302596271,45.6896677690349,25.9236071261482));
#3811=CARTESIAN_POINT('Ctrl Pts',(-9.47531917539185,45.6831775937451,25.9238284437381));
#3812=CARTESIAN_POINT('Ctrl Pts',(-9.47529302151798,45.6829715564309,25.9238354697592));
#3813=CARTESIAN_POINT('Ctrl Pts',(-9.47526686775761,45.6827655191132,25.9238424958469));
#3814=CARTESIAN_POINT('Ctrl Pts',(-9.4752407141117,45.6825594817921,25.9238495220016));
#3815=CARTESIAN_POINT('Ctrl Pts',(-9.45445262454609,45.9521902212583,26.0080727897502));
#3816=CARTESIAN_POINT('Ctrl Pts',(-9.45362005843709,45.9457003096693,26.008289000837));
#3817=CARTESIAN_POINT('Ctrl Pts',(-9.45278626807333,45.9392104351218,26.0085044946231));
#3818=CARTESIAN_POINT('Ctrl Pts',(-9.4519512003964,45.9327205992212,26.0087192400213));
#3819=CARTESIAN_POINT('Ctrl Pts',(-9.45069659057525,45.9229859061344,26.0090401814363));
#3820=CARTESIAN_POINT('Ctrl Pts',(-9.44943881039082,45.9132513089714,26.0093592653103));
#3821=CARTESIAN_POINT('Ctrl Pts',(-9.44901918930913,45.9100064541736,26.009465415077));
#3822=CARTESIAN_POINT('Ctrl Pts',(-9.44817920653401,45.9035167669862,26.00967728068));
#3823=CARTESIAN_POINT('Ctrl Pts',(-9.4473377041279,45.8970271257773,26.0098882559193));
#3824=CARTESIAN_POINT('Ctrl Pts',(-9.44691656343126,45.8937823169575,26.0099935153315));
#3825=CARTESIAN_POINT('Ctrl Pts',(-9.44565194305261,45.8840479267541,26.0103085914812));
#3826=CARTESIAN_POINT('Ctrl Pts',(-9.44438364126231,45.874313647937,26.0106215106626));
#3827=CARTESIAN_POINT('Ctrl Pts',(-9.44353639741785,45.8678241804433,26.0108291219474));
#3828=CARTESIAN_POINT('Ctrl Pts',(-9.44226283760648,45.8580900607149,26.0111389604125));
#3829=CARTESIAN_POINT('Ctrl Pts',(-9.44098527558015,45.8483560620792,26.011446453948));
#3830=CARTESIAN_POINT('Ctrl Pts',(-9.44055898002626,45.8451114092268,26.0115486930883));
#3831=CARTESIAN_POINT('Ctrl Pts',(-9.43970552554827,45.8386221296445,26.0117526655136));
#3832=CARTESIAN_POINT('Ctrl Pts',(-9.4388504880407,45.8321328979591,26.0119557104292));
#3833=CARTESIAN_POINT('Ctrl Pts',(-9.4384226105957,45.8288882929691,26.012057022727));
#3834=CARTESIAN_POINT('Ctrl Pts',(-9.43713808604386,45.8191545049943,26.0123604368634));
#3835=CARTESIAN_POINT('Ctrl Pts',(-9.4358521459888,45.8094207598474,26.0126630216453));
#3836=CARTESIAN_POINT('Ctrl Pts',(-9.43499492873635,45.8029315941131,26.012864789431));
#3837=CARTESIAN_POINT('Ctrl Pts',(-9.43389857079339,45.7945893873153,26.0131274632072));
#3838=CARTESIAN_POINT('Ctrl Pts',(-9.43281252026406,45.7862468686523,26.0133961761789));
#3839=CARTESIAN_POINT('Ctrl Pts',(-9.43257183812662,45.7843938742274,26.0134561790234));
#3840=CARTESIAN_POINT('Ctrl Pts',(-9.43173083216505,45.7779042179979,26.0136674451334));
#3841=CARTESIAN_POINT('Ctrl Pts',(-9.43089629269804,45.7714143661156,26.013882500014));
#3842=CARTESIAN_POINT('Ctrl Pts',(-9.43030304266142,45.7667774902837,26.014037907868));
#3843=CARTESIAN_POINT('Ctrl Pts',(-9.42888395822615,45.7556504991855,26.0144134709713));
#3844=CARTESIAN_POINT('Ctrl Pts',(-9.42746929988193,45.7445233741698,26.0147916273566));
#3845=CARTESIAN_POINT('Ctrl Pts',(-9.42664245578665,45.7380332894532,26.0150111910167));
#3846=CARTESIAN_POINT('Ctrl Pts',(-9.42501106436779,45.7252592740363,26.0154410324089));
#3847=CARTESIAN_POINT('Ctrl Pts',(-9.42337370120216,45.712485439303,26.0158673749071));
#3848=CARTESIAN_POINT('Ctrl Pts',(-9.42256713863564,45.7062015695767,26.0160764718924));
#3849=CARTESIAN_POINT('Ctrl Pts',(-9.42173350357865,45.6997116903302,26.016292056674));
#3850=CARTESIAN_POINT('Ctrl Pts',(-9.42089949682083,45.69322182233,26.0165074236731));
#3851=CARTESIAN_POINT('Ctrl Pts',(-9.42087302005108,45.6930157947854,26.016514260507));
#3852=CARTESIAN_POINT('Ctrl Pts',(-9.42084654292632,45.6928097672516,26.0165210971329));
#3853=CARTESIAN_POINT('Ctrl Pts',(-9.42082006545617,45.6926037397283,26.0165279335564));
#3854=CARTESIAN_POINT('Ctrl Pts',(-9.29659825494128,45.9816261949297,26.2813675472083));
#3855=CARTESIAN_POINT('Ctrl Pts',(-9.29574764183879,45.9751368293777,26.281573184418));
#3856=CARTESIAN_POINT('Ctrl Pts',(-9.29489615482731,45.968647490267,26.2817783095976));
#3857=CARTESIAN_POINT('Ctrl Pts',(-9.29404381632962,45.9621581769192,26.2819829358846));
#3858=CARTESIAN_POINT('Ctrl Pts',(-9.2927640804909,45.9524242440552,26.2822891557661));
#3859=CARTESIAN_POINT('Ctrl Pts',(-9.29148261032516,45.9426903636656,26.2825943594916));
#3860=CARTESIAN_POINT('Ctrl Pts',(-9.29105526687644,45.9394457425187,26.282695984662));
#3861=CARTESIAN_POINT('Ctrl Pts',(-9.29020022037953,45.9329565111053,26.2828990243107));
#3862=CARTESIAN_POINT('Ctrl Pts',(-9.28934448585864,45.9264673005089,26.2831016608407));
#3863=CARTESIAN_POINT('Ctrl Pts',(-9.28891645436158,45.9232227001799,26.2832028828782));
#3864=CARTESIAN_POINT('Ctrl Pts',(-9.28763189324837,45.9134889133112,26.283506275593));
#3865=CARTESIAN_POINT('Ctrl Pts',(-9.28634601191549,45.9037551663878,26.2838088947806));
#3866=CARTESIAN_POINT('Ctrl Pts',(-9.28548823485817,45.8972660175911,26.2840103345723));
#3867=CARTESIAN_POINT('Ctrl Pts',(-9.28420093562879,45.8875323135681,26.2843121230031));
#3868=CARTESIAN_POINT('Ctrl Pts',(-9.28291255575774,45.8777986422412,26.2846132782773));
#3869=CARTESIAN_POINT('Ctrl Pts',(-9.28248296666505,45.8745540890395,26.2847135877071));
#3870=CARTESIAN_POINT('Ctrl Pts',(-9.28162349167352,45.8680649916163,26.2849140326656));
#3871=CARTESIAN_POINT('Ctrl Pts',(-9.28076316323823,45.8615759200152,26.2851139775846));
#3872=CARTESIAN_POINT('Ctrl Pts',(-9.28033271860992,45.858331392699,26.2852137857493));
#3873=CARTESIAN_POINT('Ctrl Pts',(-9.2790402148309,45.8485978461468,26.285512524793));
#3874=CARTESIAN_POINT('Ctrl Pts',(-9.27774192330057,45.8388644747111,26.2858078727473));
#3875=CARTESIAN_POINT('Ctrl Pts',(-9.2768727045206,45.8323756720998,26.2860026087426));
#3876=CARTESIAN_POINT('Ctrl Pts',(-9.27573963746244,45.8240345759875,26.2862437743563));
#3877=CARTESIAN_POINT('Ctrl Pts',(-9.27458406068484,45.8156941609382,26.2864717513464));
#3878=CARTESIAN_POINT('Ctrl Pts',(-9.27432626608226,45.8138416842749,26.2865217278614));
#3879=CARTESIAN_POINT('Ctrl Pts',(-9.27341968291004,45.8073540121756,26.2866945717622));
#3880=CARTESIAN_POINT('Ctrl Pts',(-9.27250142443321,45.8008666933288,26.2868605750093));
#3881=CARTESIAN_POINT('Ctrl Pts',(-9.27184120308468,45.7962318438074,26.2869767438391));
#3882=CARTESIAN_POINT('Ctrl Pts',(-9.27025455860446,45.7851099224722,26.2872541321797));
#3883=CARTESIAN_POINT('Ctrl Pts',(-9.26867469411875,45.7739877959991,26.287535492973));
#3884=CARTESIAN_POINT('Ctrl Pts',(-9.26776182019445,45.7675003142351,26.2877046510722));
#3885=CARTESIAN_POINT('Ctrl Pts',(-9.26598041035517,45.7547308378351,26.288046595479));
#3886=CARTESIAN_POINT('Ctrl Pts',(-9.26422421803275,45.7419605984439,26.2884033150294));
#3887=CARTESIAN_POINT('Ctrl Pts',(-9.26336522652672,45.7356783150283,26.288581693482));
#3888=CARTESIAN_POINT('Ctrl Pts',(-9.26248203626307,45.7291899351437,26.288768243474));
#3889=CARTESIAN_POINT('Ctrl Pts',(-9.26160228685098,45.7227014511515,26.2889568094883));
#3890=CARTESIAN_POINT('Ctrl Pts',(-9.26157436174302,45.7224954674284,26.2889627977293));
#3891=CARTESIAN_POINT('Ctrl Pts',(-9.26154644005733,45.7222894836018,26.2889687879755));
#3892=CARTESIAN_POINT('Ctrl Pts',(-9.26151852177167,45.7220834996724,26.2889747802137));
#3893=CARTESIAN_POINT('Ctrl Pts',(-9.13747152301657,46.0111006656998,26.5539168174657));
#3894=CARTESIAN_POINT('Ctrl Pts',(-9.13660308230535,46.004611839547,26.5541120093377));
#3895=CARTESIAN_POINT('Ctrl Pts',(-9.13573393555841,45.9981230347562,26.5543067875378));
#3896=CARTESIAN_POINT('Ctrl Pts',(-9.13486408481387,45.9916342512659,26.5545011532601));
#3897=CARTESIAN_POINT('Ctrl Pts',(-9.13355823978872,45.9819011083718,26.5547920755617));
#3898=CARTESIAN_POINT('Ctrl Pts',(-9.13225071464666,45.9721680163119,26.5550820134694));
#3899=CARTESIAN_POINT('Ctrl Pts',(-9.13181468199102,45.9689236580692,26.5551785475644));
#3900=CARTESIAN_POINT('Ctrl Pts',(-9.13094222299913,45.962434953495,26.5553713850938));
#3901=CARTESIAN_POINT('Ctrl Pts',(-9.13006894532739,45.9559462736912,26.5555637429522));
#3902=CARTESIAN_POINT('Ctrl Pts',(-9.12963209402843,45.9527019402176,26.5556597973976));
#3903=CARTESIAN_POINT('Ctrl Pts',(-9.12832087325019,45.9429689599744,26.5559475700027));
#3904=CARTESIAN_POINT('Ctrl Pts',(-9.12700755150151,45.933236043299,26.5562341116325));
#3905=CARTESIAN_POINT('Ctrl Pts',(-9.12613099348012,45.9267474627466,26.556424547508));
#3906=CARTESIAN_POINT('Ctrl Pts',(-9.12481439965431,45.9170146450725,26.5567091720018));
#3907=CARTESIAN_POINT('Ctrl Pts',(-9.12349536189935,45.9072819013428,26.556992364578));
#3908=CARTESIAN_POINT('Ctrl Pts',(-9.12305542524867,45.9040376612208,26.5570866112913));
#3909=CARTESIAN_POINT('Ctrl Pts',(-9.12217509682804,45.8975491947473,26.5572748380599));
#3910=CARTESIAN_POINT('Ctrl Pts',(-9.12129431074461,45.8910607421209,26.5574627966802));
#3911=CARTESIAN_POINT('Ctrl Pts',(-9.12085392064577,45.8878165157187,26.5575567777146));
#3912=CARTESIAN_POINT('Ctrl Pts',(-9.11953334122314,45.8780838186344,26.5578390670155));
#3913=CARTESIAN_POINT('Ctrl Pts',(-9.11821876614025,45.8683509398803,26.5581248743068));
#3914=CARTESIAN_POINT('Ctrl Pts',(-9.11734692980015,45.8618622164669,26.5583180766529));
#3915=CARTESIAN_POINT('Ctrl Pts',(-9.11625363042995,45.8535199171277,26.5585825424711));
#3916=CARTESIAN_POINT('Ctrl Pts',(-9.11519822684406,45.8451764711986,26.5588692117308));
#3917=CARTESIAN_POINT('Ctrl Pts',(-9.11496567836202,45.8433232306786,26.5589339801486));
#3918=CARTESIAN_POINT('Ctrl Pts',(-9.11415721047292,45.8368325899644,26.559164310574));
#3919=CARTESIAN_POINT('Ctrl Pts',(-9.11336639360506,45.8303414151937,26.5594049828731));
#3920=CARTESIAN_POINT('Ctrl Pts',(-9.11280608474819,45.8257035426804,26.5595796912262));
#3921=CARTESIAN_POINT('Ctrl Pts',(-9.11145748528936,45.8145744189608,26.5599965520377));
#3922=CARTESIAN_POINT('Ctrl Pts',(-9.11008028200054,45.8034461606901,26.5603966536378));
#3923=CARTESIAN_POINT('Ctrl Pts',(-9.10925750569506,45.7969559528969,26.5606186006483));
#3924=CARTESIAN_POINT('Ctrl Pts',(-9.10760907848792,45.7841824529216,26.5610384606367));
#3925=CARTESIAN_POINT('Ctrl Pts',(-9.10591757810262,45.7714102561854,26.5614330837074));
#3926=CARTESIAN_POINT('Ctrl Pts',(-9.1050784701613,45.7651273711648,26.5616231120988));
#3927=CARTESIAN_POINT('Ctrl Pts',(-9.1042072010586,45.7586386305889,26.5618166467938));
#3928=CARTESIAN_POINT('Ctrl Pts',(-9.10333263764578,45.752149989687,26.5620082513263));
#3929=CARTESIAN_POINT('Ctrl Pts',(-9.10330487045973,45.7519440011858,26.562014332095));
#3930=CARTESIAN_POINT('Ctrl Pts',(-9.10327710005646,45.7517380127819,26.5620204109787));
#3931=CARTESIAN_POINT('Ctrl Pts',(-9.10324932648601,45.7515320244739,26.5620264880068));
#3932=CARTESIAN_POINT('Ctrl Pts',(-9.03275717716396,46.0305311285298,26.7337828350549));
#3933=CARTESIAN_POINT('Ctrl Pts',(-9.03189402168312,46.0240421424649,26.7339811235855));
#3934=CARTESIAN_POINT('Ctrl Pts',(-9.03103052065511,46.017553166855,26.7341792096572));
#3935=CARTESIAN_POINT('Ctrl Pts',(-9.0301666892924,46.0110642012399,26.7343771021832));
#3936=CARTESIAN_POINT('Ctrl Pts',(-9.02887047058792,46.001330767088,26.7346736646226));
#3937=CARTESIAN_POINT('Ctrl Pts',(-9.02757358168466,45.9915973532139,26.7349698343872));
#3938=CARTESIAN_POINT('Ctrl Pts',(-9.02714121298868,45.988352884113,26.7350685152253));
#3939=CARTESIAN_POINT('Ctrl Pts',(-9.0262763350346,45.9818639501639,26.7352657945451));
#3940=CARTESIAN_POINT('Ctrl Pts',(-9.02541118457341,45.97537502446,26.7354629142008));
#3941=CARTESIAN_POINT('Ctrl Pts',(-9.02497854337023,45.9721305636041,26.7355614353748));
#3942=CARTESIAN_POINT('Ctrl Pts',(-9.02368042842682,45.9623971868255,26.7358568867927));
#3943=CARTESIAN_POINT('Ctrl Pts',(-9.02238175956456,45.9526638268066,26.7361520136652));
#3944=CARTESIAN_POINT('Ctrl Pts',(-9.02151575198582,45.9461749270359,26.7363486311289));
#3945=CARTESIAN_POINT('Ctrl Pts',(-9.02021642578332,45.9364415869057,26.7366433728605));
#3946=CARTESIAN_POINT('Ctrl Pts',(-9.01891666970139,45.926708259782,26.7369378627223));
#3947=CARTESIAN_POINT('Ctrl Pts',(-9.01848337226342,45.9234638187814,26.7370359994031));
#3948=CARTESIAN_POINT('Ctrl Pts',(-9.01761669132038,45.9169749393843,26.7372322223373));
#3949=CARTESIAN_POINT('Ctrl Pts',(-9.01674984780832,45.910486064906,26.737428350021));
#3950=CARTESIAN_POINT('Ctrl Pts',(-9.01631638780131,45.9072416288243,26.7375263914514));
#3951=CARTESIAN_POINT('Ctrl Pts',(-9.01501590024352,45.8975083238325,26.7378204527356));
#3952=CARTESIAN_POINT('Ctrl Pts',(-9.0137151117638,45.8877750279455,26.7381143377074));
#3953=CARTESIAN_POINT('Ctrl Pts',(-9.01284780498165,45.881286167484,26.7383101939575));
#3954=CARTESIAN_POINT('Ctrl Pts',(-9.01173273121356,45.8729445269596,26.7385619019829));
#3955=CARTESIAN_POINT('Ctrl Pts',(-9.01061753189371,45.864602890234,26.7388135364465));
#3956=CARTESIAN_POINT('Ctrl Pts',(-9.01036982639523,45.8627501083106,26.7388694242478));
#3957=CARTESIAN_POINT('Ctrl Pts',(-9.00950228812076,45.8562612548534,26.7390651448647));
#3958=CARTESIAN_POINT('Ctrl Pts',(-9.00863469023327,45.8497724031997,26.7392608305539));
#3959=CARTESIAN_POINT('Ctrl Pts',(-9.00801479668359,45.8451363335045,26.7394006277617));
#3960=CARTESIAN_POINT('Ctrl Pts',(-9.0065272325424,45.8340114143555,26.7397360680609));
#3961=CARTESIAN_POINT('Ctrl Pts',(-9.00503961209655,45.82288649691,26.7400714753706));
#3962=CARTESIAN_POINT('Ctrl Pts',(-9.00417192481443,45.8163976479611,26.7402671086828));
#3963=CARTESIAN_POINT('Ctrl Pts',(-9.00246413132217,45.8036259441956,26.7406521854926));
#3964=CARTESIAN_POINT('Ctrl Pts',(-9.00075647846083,45.7908542361752,26.7410373446993));
#3965=CARTESIAN_POINT('Ctrl Pts',(-8.99991647406272,45.7845713782781,26.7412268478494));
#3966=CARTESIAN_POINT('Ctrl Pts',(-8.99904899784729,45.7780825229431,26.7414226048272));
#3967=CARTESIAN_POINT('Ctrl Pts',(-8.99818161071612,45.7715936649128,26.7416184140002));
#3968=CARTESIAN_POINT('Ctrl Pts',(-8.99815407470708,45.771387669417,26.7416246302174));
#3969=CARTESIAN_POINT('Ctrl Pts',(-8.99812653878897,45.7711816739185,26.7416308464878));
#3970=CARTESIAN_POINT('Ctrl Pts',(-8.99809900296238,45.7709756784172,26.7416370628119));
#3971=CARTESIAN_POINT('Ctrl Pts',(-8.92449718624403,46.0506020561654,26.9194802502015));
#3972=CARTESIAN_POINT('Ctrl Pts',(-8.92363294919378,46.044113102825,26.9196779050319));
#3973=CARTESIAN_POINT('Ctrl Pts',(-8.92276844771236,46.0376241574852,26.91987540493));
#3974=CARTESIAN_POINT('Ctrl Pts',(-8.92190369439313,46.0311352197652,26.9200727572743));
#3975=CARTESIAN_POINT('Ctrl Pts',(-8.92060620609764,46.0214018240265,26.9203685758503));
#3976=CARTESIAN_POINT('Ctrl Pts',(-8.91930821020527,46.0116684436459,26.9206640970211));
#3977=CARTESIAN_POINT('Ctrl Pts',(-8.918875490168,46.0084239851753,26.9207625720056));
#3978=CARTESIAN_POINT('Ctrl Pts',(-8.91800994397317,46.0019350714448,26.9209594597978));
#3979=CARTESIAN_POINT('Ctrl Pts',(-8.91714419232752,45.9954461639306,26.9211562272148));
#3980=CARTESIAN_POINT('Ctrl Pts',(-8.9167112668394,45.9922017116762,26.921254581824));
#3981=CARTESIAN_POINT('Ctrl Pts',(-8.91541234652473,45.9824683592652,26.9215495613684));
#3982=CARTESIAN_POINT('Ctrl Pts',(-8.91411301023318,45.9727350194403,26.9218442971888));
#3983=CARTESIAN_POINT('Ctrl Pts',(-8.91324661500354,45.9662461313984,26.9220406875247));
#3984=CARTESIAN_POINT('Ctrl Pts',(-8.91194678673966,45.9565128064588,26.9223351350946));
#3985=CARTESIAN_POINT('Ctrl Pts',(-8.91064663738622,45.9467794912341,26.9226293945355));
#3986=CARTESIAN_POINT('Ctrl Pts',(-8.91021322037173,45.9435350538515,26.9227274611555));
#3987=CARTESIAN_POINT('Ctrl Pts',(-8.90934632212797,45.9370461810292,26.9229235567715));
#3988=CARTESIAN_POINT('Ctrl Pts',(-8.90847930263645,45.9305573118753,26.9231195813474));
#3989=CARTESIAN_POINT('Ctrl Pts',(-8.9080457643742,45.9273128781613,26.9232175769274));
#3990=CARTESIAN_POINT('Ctrl Pts',(-8.90674506944278,45.9175795794439,26.9235115167098));
#3991=CARTESIAN_POINT('Ctrl Pts',(-8.90544415031923,45.9078462875097,26.9238053251363));
#3992=CARTESIAN_POINT('Ctrl Pts',(-8.90457678570027,45.9013574287982,26.9240011474994));
#3993=CARTESIAN_POINT('Ctrl Pts',(-8.90346166895236,45.8930157895742,26.9242528303425));
#3994=CARTESIAN_POINT('Ctrl Pts',(-8.90234645921006,45.8846741531639,26.9245044586996));
#3995=CARTESIAN_POINT('Ctrl Pts',(-8.90209875289328,45.8828213712653,26.9245603460214));
#3996=CARTESIAN_POINT('Ctrl Pts',(-8.90123121661435,45.8763325177476,26.9247560678075));
#3997=CARTESIAN_POINT('Ctrl Pts',(-8.90036363642948,45.8698436655584,26.9249517638688));
#3998=CARTESIAN_POINT('Ctrl Pts',(-8.8997437618611,45.8652075952889,26.9250915721979));
#3999=CARTESIAN_POINT('Ctrl Pts',(-8.89825625452983,45.854082674421,26.9254270457824));
#4000=CARTESIAN_POINT('Ctrl Pts',(-8.89676870871325,45.8429577547175,26.9257624968181));
#4001=CARTESIAN_POINT('Ctrl Pts',(-8.89590106663765,45.8364689044008,26.9259581566171));
#4002=CARTESIAN_POINT('Ctrl Pts',(-8.89419335710958,45.8236971980949,26.9263432826222));
#4003=CARTESIAN_POINT('Ctrl Pts',(-8.89248576217848,45.8109254883217,26.9267284757707));
#4004=CARTESIAN_POINT('Ctrl Pts',(-8.89164577619047,45.8046426298676,26.9269179897075));
#4005=CARTESIAN_POINT('Ctrl Pts',(-8.8907783046968,45.7981537743897,26.9271137494518));
#4006=CARTESIAN_POINT('Ctrl Pts',(-8.88991090348175,45.7916649167855,26.9273095503729));
#4007=CARTESIAN_POINT('Ctrl Pts',(-8.88988336700652,45.7914589213038,26.9273157663169));
#4008=CARTESIAN_POINT('Ctrl Pts',(-8.889855830603,45.79125292582,26.927321982303));
#4009=CARTESIAN_POINT('Ctrl Pts',(-8.88982829427164,45.791046930334,26.9273281983313));
#4010=CARTESIAN_POINT('Ctrl Pts',(-8.81623365082277,46.070673091045,27.1051755885965));
#4011=CARTESIAN_POINT('Ctrl Pts',(-8.81536876522219,46.0641841573273,27.1053728634361));
#4012=CARTESIAN_POINT('Ctrl Pts',(-8.81450366746078,46.0576952300288,27.105570013969));
#4013=CARTESIAN_POINT('Ctrl Pts',(-8.81363836788544,46.0512063088365,27.1057670462576));
#4014=CARTESIAN_POINT('Ctrl Pts',(-8.81234013163435,46.0414729357283,27.1060624266004));
#4015=CARTESIAN_POINT('Ctrl Pts',(-8.81104148919242,46.0317395749099,27.1063575689527));
#4016=CARTESIAN_POINT('Ctrl Pts',(-8.81060856458729,46.0284951226288,27.1064559240793));
#4017=CARTESIAN_POINT('Ctrl Pts',(-8.80974263049878,46.0220062206346,27.1066525846015));
#4018=CARTESIAN_POINT('Ctrl Pts',(-8.80887653210039,46.0155173236118,27.1068491488533));
#4019=CARTESIAN_POINT('Ctrl Pts',(-8.80844344318538,46.0122728763021,27.1069474077093));
#4020=CARTESIAN_POINT('Ctrl Pts',(-8.80714406140677,46.0025395378534,27.1072421168784));
#4021=CARTESIAN_POINT('Ctrl Pts',(-8.80584434694417,45.9928062094706,27.1075366311253));
#4022=CARTESIAN_POINT('Ctrl Pts',(-8.80497773381324,45.9863173280217,27.1077328937912));
#4023=CARTESIAN_POINT('Ctrl Pts',(-8.80367762563893,45.9765840115511,27.1080271773593));
#4024=CARTESIAN_POINT('Ctrl Pts',(-8.80237726008465,45.9668507028679,27.1083213101264));
#4025=CARTESIAN_POINT('Ctrl Pts',(-8.80194377770973,45.9636062674629,27.1084193384512));
#4026=CARTESIAN_POINT('Ctrl Pts',(-8.80107676140603,45.9571173982126,27.1086153648949));
#4027=CARTESIAN_POINT('Ctrl Pts',(-8.80020964766483,45.9506285319104,27.1088113342492));
#4028=CARTESIAN_POINT('Ctrl Pts',(-8.7997760678524,45.9473840994535,27.1089093054846));
#4029=CARTESIAN_POINT('Ctrl Pts',(-8.79847526385513,45.937650804036,27.1092031813645));
#4030=CARTESIAN_POINT('Ctrl Pts',(-8.79717427900149,45.9279175140906,27.1094969512792));
#4031=CARTESIAN_POINT('Ctrl Pts',(-8.79630688678387,45.9214286562141,27.109692757472));
#4032=CARTESIAN_POINT('Ctrl Pts',(-8.79519175150466,45.9130870175508,27.1099444294575));
#4033=CARTESIAN_POINT('Ctrl Pts',(-8.79407654007292,45.9047453811916,27.1101960568247));
#4034=CARTESIAN_POINT('Ctrl Pts',(-8.7938288341421,45.9028925992814,27.1102519443727));
#4035=CARTESIAN_POINT('Ctrl Pts',(-8.79296130163782,45.8964037456495,27.1104476683704));
#4036=CARTESIAN_POINT('Ctrl Pts',(-8.79209373286652,45.8899148931149,27.110643371119));
#4037=CARTESIAN_POINT('Ctrl Pts',(-8.79147386927048,45.8852788225135,27.1107831858769));
#4038=CARTESIAN_POINT('Ctrl Pts',(-8.78998639246776,45.8741539007218,27.1111186773483));
#4039=CARTESIAN_POINT('Ctrl Pts',(-8.78849888119803,45.8630289799731,27.1114541486252));
#4040=CARTESIAN_POINT('Ctrl Pts',(-8.78763125775486,45.8565401290926,27.1116498193411));
#4041=CARTESIAN_POINT('Ctrl Pts',(-8.78592357635658,45.8437684219356,27.1120349618277));
#4042=CARTESIAN_POINT('Ctrl Pts',(-8.7842159820114,45.8309967121447,27.1124201553194));
#4043=CARTESIAN_POINT('Ctrl Pts',(-8.78337598713201,45.8247138539597,27.1126096640467));
#4044=CARTESIAN_POINT('Ctrl Pts',(-8.78250849442582,45.8182249991236,27.1128054113625));
#4045=CARTESIAN_POINT('Ctrl Pts',(-8.78164105697641,45.8117361426157,27.1130011910536));
#4046=CARTESIAN_POINT('Ctrl Pts',(-8.78161351933566,45.8115301471693,27.1130074063147));
#4047=CARTESIAN_POINT('Ctrl Pts',(-8.7815859817513,45.8113241517212,27.1130136216089));
#4048=CARTESIAN_POINT('Ctrl Pts',(-8.78155844422371,45.8111181562714,27.1130198369363));
#4049=CARTESIAN_POINT('Ctrl Pts',(-8.81279670979549,46.0713102668581,27.1110706767152));
#4050=CARTESIAN_POINT('Ctrl Pts',(-8.81193180401872,46.0648213337509,27.1112679397334));
#4051=CARTESIAN_POINT('Ctrl Pts',(-8.81106668771194,46.0583324070136,27.1114650794005));
#4052=CARTESIAN_POINT('Ctrl Pts',(-8.81020137115117,46.0518434863352,27.1116621017371));
#4053=CARTESIAN_POINT('Ctrl Pts',(-8.80890311164829,46.0421101139305,27.1119574684565));
#4054=CARTESIAN_POINT('Ctrl Pts',(-8.80760444911387,46.0323767537201,27.1122525990365));
#4055=CARTESIAN_POINT('Ctrl Pts',(-8.80717151815227,46.0291323016313,27.1123509504387));
#4056=CARTESIAN_POINT('Ctrl Pts',(-8.80630557201229,46.0226434000017,27.1125476038999));
#4057=CARTESIAN_POINT('Ctrl Pts',(-8.80543946284329,46.0161545033048,27.1127441618411));
#4058=CARTESIAN_POINT('Ctrl Pts',(-8.80500636885267,46.0129100561486,27.1128424177233));
#4059=CARTESIAN_POINT('Ctrl Pts',(-8.803706972744,46.0031767181335,27.1131371184963));
#4060=CARTESIAN_POINT('Ctrl Pts',(-8.80240724654286,45.9934433901058,27.1134316258655));
#4061=CARTESIAN_POINT('Ctrl Pts',(-8.80154062665026,45.9869545088616,27.1136278845697));
#4062=CARTESIAN_POINT('Ctrl Pts',(-8.80024050979277,45.9772211926537,27.1139221630502));
#4063=CARTESIAN_POINT('Ctrl Pts',(-8.79894013753535,45.9674878841733,27.1142162918899));
#4064=CARTESIAN_POINT('Ctrl Pts',(-8.79850665313444,45.9642434488296,27.1143143190276));
#4065=CARTESIAN_POINT('Ctrl Pts',(-8.79763963317213,45.95775457969,27.1145103433278));
#4066=CARTESIAN_POINT('Ctrl Pts',(-8.79677251651192,45.9512657134762,27.1147063109718));
#4067=CARTESIAN_POINT('Ctrl Pts',(-8.7963389354131,45.9480212810582,27.1148042814534));
#4068=CARTESIAN_POINT('Ctrl Pts',(-8.79503812804063,45.9382879857427,27.1150981553558));
#4069=CARTESIAN_POINT('Ctrl Pts',(-8.79373714115705,45.9285546958588,27.1153919240811));
#4070=CARTESIAN_POINT('Ctrl Pts',(-8.7928697480894,45.922065838008,27.1155877297759));
#4071=CARTESIAN_POINT('Ctrl Pts',(-8.79175461224276,45.9137241993619,27.1158394014289));
#4072=CARTESIAN_POINT('Ctrl Pts',(-8.79063940076468,45.9053825630041,27.116091028769));
#4073=CARTESIAN_POINT('Ctrl Pts',(-8.7903916948471,45.9035297810934,27.1161469163247));
#4074=CARTESIAN_POINT('Ctrl Pts',(-8.78952416246404,45.8970409274579,27.1163426403935));
#4075=CARTESIAN_POINT('Ctrl Pts',(-8.78865659404968,45.8905520749125,27.1165383433512));
#4076=CARTESIAN_POINT('Ctrl Pts',(-8.78803673079523,45.8859160043007,27.1166781583093));
#4077=CARTESIAN_POINT('Ctrl Pts',(-8.78654925493991,45.8747910824804,27.1170136503358));
#4078=CARTESIAN_POINT('Ctrl Pts',(-8.78506174473468,45.8636661616994,27.1173491222364));
#4079=CARTESIAN_POINT('Ctrl Pts',(-8.78419412186209,45.8571773108017,27.1175447932866));
#4080=CARTESIAN_POINT('Ctrl Pts',(-8.78248644131399,45.844405603619,27.1179299362713));
#4081=CARTESIAN_POINT('Ctrl Pts',(-8.78077884694629,45.8316338938287,27.1183151297498));
#4082=CARTESIAN_POINT('Ctrl Pts',(-8.77993885176597,45.8253510356528,27.1185046383008));
#4083=CARTESIAN_POINT('Ctrl Pts',(-8.7790713583699,45.8188621808377,27.1187003852123));
#4084=CARTESIAN_POINT('Ctrl Pts',(-8.77820391975794,45.8123733243649,27.1188961642223));
#4085=CARTESIAN_POINT('Ctrl Pts',(-8.77817638207978,45.8121673289197,27.1189023794615));
#4086=CARTESIAN_POINT('Ctrl Pts',(-8.77814884445756,45.8119613334727,27.1189085947335));
#4087=CARTESIAN_POINT('Ctrl Pts',(-8.77812130689162,45.8117553380241,27.1189148100385));
#4088=CARTESIAN_POINT('Ctrl Pts',(-8.80935976549859,46.0719474427703,27.1169657629182));
#4089=CARTESIAN_POINT('Ctrl Pts',(-8.80849483993659,46.0654585102617,27.1171630143441));
#4090=CARTESIAN_POINT('Ctrl Pts',(-8.80762970544746,46.0589695840745,27.117360143358));
#4091=CARTESIAN_POINT('Ctrl Pts',(-8.8067643722369,46.0524806638999,27.1175571559394));
#4092=CARTESIAN_POINT('Ctrl Pts',(-8.80546608994563,46.0427472921846,27.1178525093069));
#4093=CARTESIAN_POINT('Ctrl Pts',(-8.80416740772412,46.0330139325699,27.118147628352));
#4094=CARTESIAN_POINT('Ctrl Pts',(-8.80373447053486,46.0297694806695,27.1182459761054));
#4095=CARTESIAN_POINT('Ctrl Pts',(-8.80286851258863,46.0232805793971,27.1184426226492));
#4096=CARTESIAN_POINT('Ctrl Pts',(-8.80200239287002,46.0167916830194,27.1186391744093));
#4097=CARTESIAN_POINT('Ctrl Pts',(-8.80156929390837,46.0135472360137,27.1187374273789));
#4098=CARTESIAN_POINT('Ctrl Pts',(-8.80026988376611,46.0038138984231,27.1190321199295));
#4099=CARTESIAN_POINT('Ctrl Pts',(-8.79897014607265,45.9940805707432,27.1193266205653));
#4100=CARTESIAN_POINT('Ctrl Pts',(-8.79810351956151,45.9875916896992,27.1195228753916));
#4101=CARTESIAN_POINT('Ctrl Pts',(-8.79680339420644,45.9778583737484,27.1198171488934));
#4102=CARTESIAN_POINT('Ctrl Pts',(-8.79550301539162,45.9681250654665,27.120111273891));
#4103=CARTESIAN_POINT('Ctrl Pts',(-8.79506952900908,45.9648806301827,27.1202092998677));
#4104=CARTESIAN_POINT('Ctrl Pts',(-8.79420250546888,45.9583917611514,27.1204053220715));
#4105=CARTESIAN_POINT('Ctrl Pts',(-8.79333538595532,45.9519028950238,27.1206012880438));
#4106=CARTESIAN_POINT('Ctrl Pts',(-8.79290180359942,45.9486584626438,27.1206992577889));
#4107=CARTESIAN_POINT('Ctrl Pts',(-8.79160099292961,45.9389251674282,27.1209931297593));
#4108=CARTESIAN_POINT('Ctrl Pts',(-8.79030000406613,45.9291918776041,27.1212868973246));
#4109=CARTESIAN_POINT('Ctrl Pts',(-8.78943261017124,45.9227030197784,27.1214827025346));
#4110=CARTESIAN_POINT('Ctrl Pts',(-8.78831747377514,45.9143613811489,27.1217343738658));
#4111=CARTESIAN_POINT('Ctrl Pts',(-8.78720226225687,45.9060197447923,27.1219860011823));
#4112=CARTESIAN_POINT('Ctrl Pts',(-8.78695455635336,45.9041669628812,27.1220418887463));
#4113=CARTESIAN_POINT('Ctrl Pts',(-8.78608702409263,45.897678109242,27.1222376128867));
#4114=CARTESIAN_POINT('Ctrl Pts',(-8.7852194560305,45.8911892566859,27.1224333160508));
#4115=CARTESIAN_POINT('Ctrl Pts',(-8.78459959311191,45.886553186064,27.1225731312056));
#4116=CARTESIAN_POINT('Ctrl Pts',(-8.78311211818574,45.8754282642156,27.1229086237765));
#4117=CARTESIAN_POINT('Ctrl Pts',(-8.78162460901895,45.8643033434032,27.1232440962856));
#4118=CARTESIAN_POINT('Ctrl Pts',(-8.78075698670042,45.8578144924887,27.1234397676604));
#4119=CARTESIAN_POINT('Ctrl Pts',(-8.7790493069698,45.8450427852812,27.1238249111241));
#4120=CARTESIAN_POINT('Ctrl Pts',(-8.77734171255116,45.8322710754925,27.1242101045728));
#4121=CARTESIAN_POINT('Ctrl Pts',(-8.77650171705805,45.8259882173261,27.1243996129405));
#4122=CARTESIAN_POINT('Ctrl Pts',(-8.77563422296312,45.8194993625321,27.1245953594425));
#4123=CARTESIAN_POINT('Ctrl Pts',(-8.77476678318415,45.8130105060946,27.1247911377688));
#4124=CARTESIAN_POINT('Ctrl Pts',(-8.77473924546847,45.8128045106505,27.124797352986));
#4125=CARTESIAN_POINT('Ctrl Pts',(-8.77471170780825,45.8125985152047,27.1248035682357));
#4126=CARTESIAN_POINT('Ctrl Pts',(-8.77468417020383,45.8123925197572,27.1248097835181));
#4127=CARTESIAN_POINT('Ctrl Pts',(-8.80592281803302,46.0725846187782,27.1228608472647));
#4128=CARTESIAN_POINT('Ctrl Pts',(-8.80505787305728,46.066095686857,27.1230580873159));
#4129=CARTESIAN_POINT('Ctrl Pts',(-8.80419272073011,46.0596067612096,27.1232552058783));
#4130=CARTESIAN_POINT('Ctrl Pts',(-8.80332737118743,46.0531178415291,27.1234522088906));
#4131=CARTESIAN_POINT('Ctrl Pts',(-8.80202906654549,46.0433844704901,27.1237475491626));
#4132=CARTESIAN_POINT('Ctrl Pts',(-8.80073036501865,46.0336511114595,27.1240426568967));
#4133=CARTESIAN_POINT('Ctrl Pts',(-8.80029742172287,46.0304066597438,27.1241410010722));
#4134=CARTESIAN_POINT('Ctrl Pts',(-8.79943145220077,46.0239177588217,27.1243376408336));
#4135=CARTESIAN_POINT('Ctrl Pts',(-8.79856532213966,46.017428862757,27.1245341865339));
#4136=CARTESIAN_POINT('Ctrl Pts',(-8.79813221830486,46.0141844158986,27.1246324366484));
#4137=CARTESIAN_POINT('Ctrl Pts',(-8.79683279440616,46.0044510787243,27.124927121139));
#4138=CARTESIAN_POINT('Ctrl Pts',(-8.79553304544949,45.9947177513851,27.1252216151755));
#4139=CARTESIAN_POINT('Ctrl Pts',(-8.79466641245262,45.9882288705374,27.1254178662018));
#4140=CARTESIAN_POINT('Ctrl Pts',(-8.7933662787716,45.9784955548385,27.1257121348253));
#4141=CARTESIAN_POINT('Ctrl Pts',(-8.79206589353346,45.9687622467509,27.1260062560595));
#4142=CARTESIAN_POINT('Ctrl Pts',(-8.79163240521004,45.9655178115259,27.126104280899));
#4143=CARTESIAN_POINT('Ctrl Pts',(-8.79076537816595,45.9590289426006,27.1263003010498));
#4144=CARTESIAN_POINT('Ctrl Pts',(-8.78989825585893,45.9525400765576,27.1264962653854));
#4145=CARTESIAN_POINT('Ctrl Pts',(-8.78946467227257,45.9492956442148,27.1265942344096));
#4146=CARTESIAN_POINT('Ctrl Pts',(-8.78816385837613,45.9395623490968,27.1268881044894));
#4147=CARTESIAN_POINT('Ctrl Pts',(-8.78686286757768,45.9298290593313,27.127181870921));
#4148=CARTESIAN_POINT('Ctrl Pts',(-8.78599547287581,45.92334020153,27.1273776756583));
#4149=CARTESIAN_POINT('Ctrl Pts',(-8.7848803359461,45.9149985629166,27.1276293466768));
#4150=CARTESIAN_POINT('Ctrl Pts',(-8.78376512439295,45.9066569265611,27.1278809739728));
#4151=CARTESIAN_POINT('Ctrl Pts',(-8.78351741850419,45.9048041446495,27.1279368615455));
#4152=CARTESIAN_POINT('Ctrl Pts',(-8.78264988636666,45.8983152910066,27.128132585758));
#4153=CARTESIAN_POINT('Ctrl Pts',(-8.78178231865261,45.8918264384399,27.1283282891261));
#4154=CARTESIAN_POINT('Ctrl Pts',(-8.78116245606486,45.887190367808,27.1284681044748));
#4155=CARTESIAN_POINT('Ctrl Pts',(-8.77967498205221,45.876065445932,27.1288035975809));
#4156=CARTESIAN_POINT('Ctrl Pts',(-8.77818747390226,45.8649405250888,27.1291390706858));
#4157=CARTESIAN_POINT('Ctrl Pts',(-8.77731985212448,45.8584516741579,27.1293347423774));
#4158=CARTESIAN_POINT('Ctrl Pts',(-8.77561217318608,45.8456799669265,27.1297198863053));
#4159=CARTESIAN_POINT('Ctrl Pts',(-8.7739045786974,45.8329082571399,27.1301050797129));
#4160=CARTESIAN_POINT('Ctrl Pts',(-8.77306458288462,45.8266253989832,27.1302945878933));
#4161=CARTESIAN_POINT('Ctrl Pts',(-8.77219708808737,45.8201365442104,27.1304903339839));
#4162=CARTESIAN_POINT('Ctrl Pts',(-8.7713296471428,45.8136476878082,27.1306861116272));
#4163=CARTESIAN_POINT('Ctrl Pts',(-8.77130210938965,45.8134416923652,27.1306923268224));
#4164=CARTESIAN_POINT('Ctrl Pts',(-8.77127457169148,45.8132356969206,27.1306985420499));
#4165=CARTESIAN_POINT('Ctrl Pts',(-8.77124703404864,45.8130297014743,27.1307047573098));
#4166=CARTESIAN_POINT('',(-13.0892541961154,45.014265248435,19.7349743274516));
#4167=CARTESIAN_POINT('',(-8.80020655223572,45.897912448065,27.0985731987645));
#4168=CARTESIAN_POINT('Ctrl Pts',(-13.0895899151548,45.0142726004321,19.735171260478));
#4169=CARTESIAN_POINT('Ctrl Pts',(-13.0571766170696,45.0224171240145,19.7909526967973));
#4170=CARTESIAN_POINT('Ctrl Pts',(-13.0191731269546,45.0369379666199,19.8562456339168));
#4171=CARTESIAN_POINT('Ctrl Pts',(-12.9756320646453,45.0578526689277,19.9310806774208));
#4172=CARTESIAN_POINT('Ctrl Pts',(-12.9538615334907,45.0683100200816,19.9684981991728));
#4173=CARTESIAN_POINT('Ctrl Pts',(-12.9307069977754,45.080365854757,20.0083014686665));
#4174=CARTESIAN_POINT('Ctrl Pts',(-12.9061752280218,45.094020399526,20.0504943972201));
#4175=CARTESIAN_POINT('Ctrl Pts',(-12.8939093431449,45.1008476719105,20.0715908614969));
#4176=CARTESIAN_POINT('Ctrl Pts',(-12.8812991329709,45.1080746210407,20.0932847301761));
#4177=CARTESIAN_POINT('Ctrl Pts',(-12.8683452548613,45.1157012565881,20.1155763823399));
#4178=CARTESIAN_POINT('Ctrl Pts',(-12.8618683158066,45.1195145743619,20.1267222084218));
#4179=CARTESIAN_POINT('Ctrl Pts',(-12.8553054570941,45.1234278136637,20.1380174788005));
#4180=CARTESIAN_POINT('Ctrl Pts',(-12.8486567421931,45.1274409742173,20.1494622301461));
#4181=CARTESIAN_POINT('Ctrl Pts',(-12.8453323847426,45.1294475544941,20.1551846058188));
#4182=CARTESIAN_POINT('Ctrl Pts',(-12.8419865630302,45.1314791150793,20.160944351608));
#4183=CARTESIAN_POINT('Ctrl Pts',(-12.8386192836236,45.1335356558417,20.1667414713178));
#4184=CARTESIAN_POINT('Ctrl Pts',(-12.8369356439203,45.134563926223,20.1696400311727));
#4185=CARTESIAN_POINT('Ctrl Pts',(-12.8352466397787,45.1355984416483,20.1725479344992));
#4186=CARTESIAN_POINT('Ctrl Pts',(-12.8335522719287,45.1366392020943,20.1754651817212));
#4187=CARTESIAN_POINT('Ctrl Pts',(-12.8318579040786,45.1376799625402,20.1783824289431));
#4188=CARTESIAN_POINT('Ctrl Pts',(-12.8310059781768,45.1382032717278,20.1798492168091));
#4189=CARTESIAN_POINT('Ctrl Pts',(-12.8284530779212,45.1397802184678,20.1842449554617));
#4190=CARTESIAN_POINT('Ctrl Pts',(-12.7950739321651,45.1603987815976,20.241719195151));
#4191=CARTESIAN_POINT('Ctrl Pts',(-12.7680638802301,45.1770899362599,20.2882942804014));
#4192=CARTESIAN_POINT('Ctrl Pts',(-12.7473921985787,45.1898494008552,20.3239498415012));
#4193=CARTESIAN_POINT('Ctrl Pts',(-12.7427677307089,45.1927038243632,20.3319263573681));
#4194=CARTESIAN_POINT('Ctrl Pts',(-12.738460547384,45.1953616142571,20.339356538661));
#4195=CARTESIAN_POINT('Ctrl Pts',(-12.7344704206008,45.1978229417149,20.3462403673275));
#4196=CARTESIAN_POINT('Ctrl Pts',(-12.7235572899922,45.2045547548819,20.3650678696615));
#4197=CARTESIAN_POINT('Ctrl Pts',(-12.7150161887831,45.209815534926,20.3798076063903));
#4198=CARTESIAN_POINT('Ctrl Pts',(-12.7088450112532,45.213605288925,20.3904583577314));
#4199=CARTESIAN_POINT('Ctrl Pts',(-12.7057594224882,45.2155001659244,20.3957837334019));
#4200=CARTESIAN_POINT('Ctrl Pts',(-12.7032663444644,45.2170272869677,20.4000868798703));
#4201=CARTESIAN_POINT('Ctrl Pts',(-12.7013656545137,45.2181866538223,20.4033677258217));
#4202=CARTESIAN_POINT('Ctrl Pts',(-12.7004153095384,45.2187663372496,20.4050081487974));
#4203=CARTESIAN_POINT('Ctrl Pts',(-12.699613062747,45.2192540821508,20.4063929973124));
#4204=CARTESIAN_POINT('Ctrl Pts',(-12.6989589050737,45.2196498886851,20.4075222660915));
#4205=CARTESIAN_POINT('Ctrl Pts',(-12.6984682868186,45.2199467435858,20.4083692176759));
#4206=CARTESIAN_POINT('Ctrl Pts',(-12.6980609688031,45.2201918832277,20.4090724056985));
#4207=CARTESIAN_POINT('Ctrl Pts',(-12.6977438898066,45.2203809975099,20.4096198483545));
#4208=CARTESIAN_POINT('Ctrl Pts',(-12.6976381968078,45.2204440356039,20.4098023292399));
#4209=CARTESIAN_POINT('Ctrl Pts',(-12.6975394430599,45.220502758055,20.4099728304305));
#4210=CARTESIAN_POINT('Ctrl Pts',(-12.6969024150802,45.2208799049875,20.411072745226));
#4211=CARTESIAN_POINT('Ctrl Pts',(-12.6765175197305,45.2329486068273,20.446270018684));
#4212=CARTESIAN_POINT('Ctrl Pts',(-12.6551024789676,45.2450135156512,20.4832711998904));
#4213=CARTESIAN_POINT('Ctrl Pts',(-12.6331911366546,45.2567571037664,20.5211440025006));
#4214=CARTESIAN_POINT('Ctrl Pts',(-12.6222354654981,45.2626288978239,20.5400804038058));
#4215=CARTESIAN_POINT('Ctrl Pts',(-12.6111556800066,45.2684202753231,20.5592347171));
#4216=CARTESIAN_POINT('Ctrl Pts',(-12.5999511525293,45.2741312293139,20.5786065827548));
#4217=CARTESIAN_POINT('Ctrl Pts',(-12.5943488887906,45.2769867063093,20.5882925155823));
#4218=CARTESIAN_POINT('Ctrl Pts',(-12.5887154394089,45.2798220774521,20.5980328364204));
#4219=CARTESIAN_POINT('Ctrl Pts',(-12.5830507256957,45.2826373426902,20.6078275000219));
#4220=CARTESIAN_POINT('Ctrl Pts',(-12.5773860119824,45.2854526079283,20.6176221636235));
#4221=CARTESIAN_POINT('Ctrl Pts',(-12.5708943598627,45.2886332946377,20.6288469968751));
#4222=CARTESIAN_POINT('Ctrl Pts',(-12.5659627131488,45.2910228206793,20.637374474042));
#4223=CARTESIAN_POINT('Ctrl Pts',(-12.5232879425456,45.3116999862572,20.7111648635485));
#4224=CARTESIAN_POINT('Ctrl Pts',(-12.4792206839167,45.3309335229625,20.7873700577436));
#4225=CARTESIAN_POINT('Ctrl Pts',(-12.4337422638528,45.3487136774753,20.8659570909816));
#4226=CARTESIAN_POINT('Ctrl Pts',(-12.3991491685588,45.3622381266216,20.9257342056187));
#4227=CARTESIAN_POINT('Ctrl Pts',(-12.3637394895412,45.3749218451812,20.9868897988692));
#4228=CARTESIAN_POINT('Ctrl Pts',(-12.3275009772149,45.3867694051399,21.0494277516703));
#4229=CARTESIAN_POINT('Ctrl Pts',(-12.3232909965032,45.3881457861144,21.0566930492265));
#4230=CARTESIAN_POINT('Ctrl Pts',(-12.3190698246393,45.389510892495,21.0639770253994));
#4231=CARTESIAN_POINT('Ctrl Pts',(-12.3148374263503,45.390864766496,21.0712797261242));
#4232=CARTESIAN_POINT('Ctrl Pts',(-12.273076454047,45.4042234087587,21.1433352988478));
#4233=CARTESIAN_POINT('Ctrl Pts',(-12.2302286583578,45.4164808606909,21.2172016413404));
#4234=CARTESIAN_POINT('Ctrl Pts',(-12.1862923722882,45.4276373096432,21.2928795914697));
#4235=CARTESIAN_POINT('Ctrl Pts',(-12.1836425726639,45.4283101556411,21.2974437324511));
#4236=CARTESIAN_POINT('Ctrl Pts',(-12.1809888243426,45.4289789968989,21.3020144500238));
#4237=CARTESIAN_POINT('Ctrl Pts',(-12.1783311311349,45.4296438331859,21.3065917389985));
#4238=CARTESIAN_POINT('Ctrl Pts',(-12.1549686998046,45.4354880713597,21.346828361885));
#4239=CARTESIAN_POINT('Ctrl Pts',(-12.1313006932014,45.4410228580397,21.3875740193774));
#4240=CARTESIAN_POINT('Ctrl Pts',(-12.1073276568348,45.446248227743,21.4288290179468));
#4241=CARTESIAN_POINT('Ctrl Pts',(-12.0953411386514,45.4488609125947,21.4494565172315));
#4242=CARTESIAN_POINT('Ctrl Pts',(-12.0832783660496,45.4513962431671,21.4702113536329));
#4243=CARTESIAN_POINT('Ctrl Pts',(-12.0711394105526,45.4538542236968,21.4910935678729));
#4244=CARTESIAN_POINT('Ctrl Pts',(-12.0650699328041,45.4550832139616,21.5015346749929));
#4245=CARTESIAN_POINT('Ctrl Pts',(-12.0589814092459,45.456292866711,21.5120076265276));
#4246=CARTESIAN_POINT('Ctrl Pts',(-12.052873847882,45.4574831824708,21.5225124270472));
#4247=CARTESIAN_POINT('Ctrl Pts',(-12.0498200672001,45.4580783403507,21.527764827307));
#4248=CARTESIAN_POINT('Ctrl Pts',(-12.0467615270536,45.4586686639828,21.5330251898056));
#4249=CARTESIAN_POINT('Ctrl Pts',(-12.0436982283519,45.4592541534326,21.5382935150627));
#4250=CARTESIAN_POINT('Ctrl Pts',(-12.0406349296503,45.4598396428825,21.5435618403198));
#4251=CARTESIAN_POINT('Ctrl Pts',(-12.0366962630962,45.4605834434259,21.5503352956933));
#4252=CARTESIAN_POINT('Ctrl Pts',(-12.034494057421,45.4609961192998,21.554122379589));
#4253=CARTESIAN_POINT('Ctrl Pts',(-11.9995596691803,45.4675425465291,21.6141982665066));
#4254=CARTESIAN_POINT('Ctrl Pts',(-11.962210264255,45.4737425305144,21.678399394726));
#4255=CARTESIAN_POINT('Ctrl Pts',(-11.9224282544847,45.4795951817965,21.7467479091474));
#4256=CARTESIAN_POINT('Ctrl Pts',(-11.8826462447143,45.4854478330785,21.8150964235688));
#4257=CARTESIAN_POINT('Ctrl Pts',(-11.8404316201732,45.4909532625164,21.8875925627877));
#4258=CARTESIAN_POINT('Ctrl Pts',(-11.7957929559708,45.4961123514938,21.9642096307301));
#4259=CARTESIAN_POINT('Ctrl Pts',(-11.7950239779454,45.4962012257047,21.9655294919461));
#4260=CARTESIAN_POINT('Ctrl Pts',(-11.7942542811662,45.496289997161,21.9668505749389));
#4261=CARTESIAN_POINT('Ctrl Pts',(-11.7934838657518,45.4963786658577,21.968172879525));
#4262=CARTESIAN_POINT('Ctrl Pts',(-11.7483765543626,45.5015701592216,22.0455929357736));
#4263=CARTESIAN_POINT('Ctrl Pts',(-11.7007963795642,45.506408920445,22.1272168173436));
#4264=CARTESIAN_POINT('Ctrl Pts',(-11.6507450748024,45.5108951343979,22.213045523999));
#4265=CARTESIAN_POINT('Ctrl Pts',(-11.6257194224214,45.5131382413743,22.2559598773266));
#4266=CARTESIAN_POINT('Ctrl Pts',(-11.6000759824408,45.5152932106048,22.2999254342899));
#4267=CARTESIAN_POINT('Ctrl Pts',(-11.5738146615998,45.5173600659895,22.3449421396761));
#4268=CARTESIAN_POINT('Ctrl Pts',(-11.5606840011792,45.5183934936818,22.3674504923693));
#4269=CARTESIAN_POINT('Ctrl Pts',(-11.5473988649839,45.5194048928206,22.3902216289338));
#4270=CARTESIAN_POINT('Ctrl Pts',(-11.5339591978029,45.5203942662986,22.4132555170657));
#4271=CARTESIAN_POINT('Ctrl Pts',(-11.5272393642123,45.5208889530375,22.4247724611316));
#4272=CARTESIAN_POINT('Ctrl Pts',(-11.5204808973385,45.5213781333578,22.4363550927763));
#4273=CARTESIAN_POINT('Ctrl Pts',(-11.5136837867318,45.5218618076372,22.4480034058903));
#4274=CARTESIAN_POINT('Ctrl Pts',(-11.5102852314284,45.5221036447768,22.4538275624473));
#4275=CARTESIAN_POINT('Ctrl Pts',(-11.5068770151522,45.5223441054061,22.4596681393484));
#4276=CARTESIAN_POINT('Ctrl Pts',(-11.5034591363488,45.5225831895741,22.4655251356852));
#4277=CARTESIAN_POINT('Ctrl Pts',(-11.5000412575453,45.5228222737422,22.471382132022));
#4278=CARTESIAN_POINT('Ctrl Pts',(-11.4960029028871,45.5231019790254,22.4783022088507));
#4279=CARTESIAN_POINT('Ctrl Pts',(-11.4931765106288,45.5232963127438,22.4831453819925));
#4280=CARTESIAN_POINT('Ctrl Pts',(-11.4573143074342,45.5257620834729,22.5445971705074));
#4281=CARTESIAN_POINT('Ctrl Pts',(-11.421442770687,45.5281105156078,22.6060510374062));
#4282=CARTESIAN_POINT('Ctrl Pts',(-11.3855641972109,45.530339166782,22.6674995305421));
#4283=CARTESIAN_POINT('Ctrl Pts',(-11.3761998516121,45.530920847094,22.683537652198));
#4284=CARTESIAN_POINT('Ctrl Pts',(-11.3668349409966,45.5314940253434,22.6995755256665));
#4285=CARTESIAN_POINT('Ctrl Pts',(-11.3574691103021,45.5320596859123,22.7156138890783));
#4286=CARTESIAN_POINT('Ctrl Pts',(-11.3348440632174,45.533426152745,22.7543577804841));
#4287=CARTESIAN_POINT('Ctrl Pts',(-11.31221554251,45.5347455753556,22.7931012996329));
#4288=CARTESIAN_POINT('Ctrl Pts',(-11.289583972038,45.5360179524435,22.8318446947079));
#4289=CARTESIAN_POINT('Ctrl Pts',(-11.2782681868021,45.5366541409875,22.8512163922453));
#4290=CARTESIAN_POINT('Ctrl Pts',(-11.2669516328772,45.5372785681454,22.8705880551189));
#4291=CARTESIAN_POINT('Ctrl Pts',(-11.2556343287203,45.5378912338129,22.8899596942006));
#4292=CARTESIAN_POINT('Ctrl Pts',(-11.2499756766419,45.5381975666467,22.8996455137415));
#4293=CARTESIAN_POINT('Ctrl Pts',(-11.2443168366711,45.5385009591096,22.9093313271392));
#4294=CARTESIAN_POINT('Ctrl Pts',(-11.2386578092545,45.5388014112009,22.9190171346665));
#4295=CARTESIAN_POINT('Ctrl Pts',(-11.232998781838,45.5391018632922,22.9287029421938));
#4296=CARTESIAN_POINT('Ctrl Pts',(-11.2266186509381,45.539436898619,22.939622556884));
#4297=CARTESIAN_POINT('Ctrl Pts',(-11.2216801640006,45.5396939463686,22.9480745392603));
#4298=CARTESIAN_POINT('Ctrl Pts',(-11.1821722685002,45.5417503283654,23.0156903982704));
#4299=CARTESIAN_POINT('Ctrl Pts',(-11.1397862246619,45.5445808652993,23.0882323465634));
#4300=CARTESIAN_POINT('Ctrl Pts',(-11.0945219706602,45.5481856490384,23.1657003388747));
#4301=CARTESIAN_POINT('Ctrl Pts',(-11.0718898436594,45.549988040908,23.2044343350303));
#4302=CARTESIAN_POINT('Ctrl Pts',(-11.0485381221986,45.551983995117,23.2443998176329));
#4303=CARTESIAN_POINT('Ctrl Pts',(-11.0244667576527,45.5541735241455,23.2855967567332));
#4304=CARTESIAN_POINT('Ctrl Pts',(-11.0064132342433,45.5558156709168,23.3164944610585));
#4305=CARTESIAN_POINT('Ctrl Pts',(-10.9879549081268,45.5575667036091,23.3480848576116));
#4306=CARTESIAN_POINT('Ctrl Pts',(-10.9690918620199,45.5594266257804,23.3803679942095));
#4307=CARTESIAN_POINT('Ctrl Pts',(-10.9628041799843,45.5600465998376,23.3911290397422));
#4308=CARTESIAN_POINT('Ctrl Pts',(-10.9553684755707,45.560790086956,23.4038548857471));
#4309=CARTESIAN_POINT('Ctrl Pts',(-10.9500939202678,45.5613228444292,23.412882050594));
#4310=CARTESIAN_POINT('Ctrl Pts',(-10.8890164814025,45.5674919828931,23.5174133480021));
#4311=CARTESIAN_POINT('Ctrl Pts',(-10.8264252134757,45.5744399740926,23.6245315741043));
#4312=CARTESIAN_POINT('Ctrl Pts',(-10.762338408007,45.5821664164051,23.7342537514178));
#4313=CARTESIAN_POINT('Ctrl Pts',(-10.7378741790089,45.5851158761682,23.776138636338));
#4314=CARTESIAN_POINT('Ctrl Pts',(-10.7131925543506,45.5881787501153,23.8184026833959));
#4315=CARTESIAN_POINT('Ctrl Pts',(-10.688295555942,45.591355015712,23.8610466302522));
#4316=CARTESIAN_POINT('Ctrl Pts',(-10.643236809877,45.59710344139,23.9382239164885));
#4317=CARTESIAN_POINT('Ctrl Pts',(-10.5974728331544,45.6032232175664,24.0166472611531));
#4318=CARTESIAN_POINT('Ctrl Pts',(-10.5510096734654,45.6097140666924,24.0963201890519));
#4319=CARTESIAN_POINT('Ctrl Pts',(-10.5277780936209,45.6129594912554,24.1361566530013));
#4320=CARTESIAN_POINT('Ctrl Pts',(-10.5043715653948,45.6162976849449,24.1763054227643));
#4321=CARTESIAN_POINT('Ctrl Pts',(-10.4807887068125,45.6197286654598,24.2167656890288));
#4322=CARTESIAN_POINT('Ctrl Pts',(-10.4754333892503,45.6205077902695,24.2259536156639));
#4323=CARTESIAN_POINT('Ctrl Pts',(-10.470068970308,45.621291737769,24.235157600294));
#4324=CARTESIAN_POINT('Ctrl Pts',(-10.464695414285,45.6220804366383,24.2443776220164));
#4325=CARTESIAN_POINT('Ctrl Pts',(-10.4582373832637,45.6230283083536,24.2554584009354));
#4326=CARTESIAN_POINT('Ctrl Pts',(-10.4517661531176,45.6239830445398,24.2665623447365));
#4327=CARTESIAN_POINT('Ctrl Pts',(-10.4452817280349,45.6249447374485,24.2776894525043));
#4328=CARTESIAN_POINT('Ctrl Pts',(-10.4393417565835,45.6258256834613,24.2878822917514));
#4329=CARTESIAN_POINT('Ctrl Pts',(-10.4333907116449,45.6267124297837,24.2980945688123));
#4330=CARTESIAN_POINT('Ctrl Pts',(-10.4274285920677,45.6276049763143,24.3083262830252));
#4331=CARTESIAN_POINT('Ctrl Pts',(-10.4214664724906,45.6284975228449,24.3185579972381));
#4332=CARTESIAN_POINT('Ctrl Pts',(-10.4145999792695,45.6295308356366,24.330342285055));
#4333=CARTESIAN_POINT('Ctrl Pts',(-10.4095090066114,45.6303000164861,24.3390797354914));
#4334=CARTESIAN_POINT('Ctrl Pts',(-10.3729373238654,45.6358255299565,24.4018463788872));
#4335=CARTESIAN_POINT('Ctrl Pts',(-10.3347078456294,45.6417923749331,24.4674764986984));
#4336=CARTESIAN_POINT('Ctrl Pts',(-10.294817976923,45.6482025613823,24.5359714765148));
#4337=CARTESIAN_POINT('Ctrl Pts',(-10.2902847913598,45.6489310311821,24.5437554190208));
#4338=CARTESIAN_POINT('Ctrl Pts',(-10.2857301812482,45.6496651917481,24.5515763182238));
#4339=CARTESIAN_POINT('Ctrl Pts',(-10.2811541585002,45.6504050133694,24.5594341413085));
#4340=CARTESIAN_POINT('Ctrl Pts',(-10.2587327393851,45.65402996271,24.5979355986696));
#4341=CARTESIAN_POINT('Ctrl Pts',(-10.2357965863882,45.6577919771583,24.637324765236));
#4342=CARTESIAN_POINT('Ctrl Pts',(-10.212344980995,45.6616910852174,24.6776012210852));
#4343=CARTESIAN_POINT('Ctrl Pts',(-10.2006191782984,45.663640639247,24.6977394490098));
#4344=CARTESIAN_POINT('Ctrl Pts',(-10.1887645082156,45.6656244669507,24.7180994967317));
#4345=CARTESIAN_POINT('Ctrl Pts',(-10.1767808604854,45.6676425734962,24.7386812996517));
#4346=CARTESIAN_POINT('Ctrl Pts',(-10.1647972127552,45.6696606800417,24.7592631025717));
#4347=CARTESIAN_POINT('Ctrl Pts',(-10.1515973836237,45.6718983853787,24.7819339399925));
#4348=CARTESIAN_POINT('Ctrl Pts',(-10.1404428654967,45.6737997358474,24.8010919042366));
#4349=CARTESIAN_POINT('Ctrl Pts',(-10.0958247929887,45.6814051377221,24.8777237612131));
#4350=CARTESIAN_POINT('Ctrl Pts',(-10.0512031915213,45.6890327934046,24.9543513485069));
#4351=CARTESIAN_POINT('Ctrl Pts',(-10.0065736075435,45.6966829682975,25.0309720397639));
#4352=CARTESIAN_POINT('Ctrl Pts',(-9.98425881555467,45.7005080557439,25.0692823853924));
#4353=CARTESIAN_POINT('Ctrl Pts',(-9.96194208516945,45.7043387721087,25.1075910401768));
#4354=CARTESIAN_POINT('Ctrl Pts',(-9.93962326558151,45.7081751410689,25.145897912304));
#4355=CARTESIAN_POINT('Ctrl Pts',(-9.92846385578754,45.710093325549,25.1650513483677));
#4356=CARTESIAN_POINT('Ctrl Pts',(-9.91730392840201,45.7120129230244,25.1842043415216));
#4357=CARTESIAN_POINT('Ctrl Pts',(-9.90614349265006,45.7139339355499,25.2033568967439));
#4358=CARTESIAN_POINT('Ctrl Pts',(-9.90056327477408,45.7148944418126,25.212933174355));
#4359=CARTESIAN_POINT('Ctrl Pts',(-9.89498293009675,45.7158553018266,25.2225093426537));
#4360=CARTESIAN_POINT('Ctrl Pts',(-9.88940246146719,45.716816515788,25.2320854032593));
#4361=CARTESIAN_POINT('Ctrl Pts',(-9.88661222715242,45.7172971227686,25.2368734335621));
#4362=CARTESIAN_POINT('Ctrl Pts',(-9.88382196186686,45.7177778182354,25.2416614369518));
#4363=CARTESIAN_POINT('Ctrl Pts',(-9.88103166606827,45.7182586022091,25.2464494136905));
#4364=CARTESIAN_POINT('Ctrl Pts',(-9.87824137026967,45.7187393861828,25.2512373904293));
#4365=CARTESIAN_POINT('Ctrl Pts',(-9.87473766031072,45.7193432213533,25.2572494230829));
#4366=CARTESIAN_POINT('Ctrl Pts',(-9.87266068765701,45.7197012196692,25.2608132642553));
#4367=CARTESIAN_POINT('Ctrl Pts',(-9.85141267118977,45.7233636434848,25.2972723653335));
#4368=CARTESIAN_POINT('Ctrl Pts',(-9.82785805572123,45.7272915342212,25.3376737411986));
#4369=CARTESIAN_POINT('Ctrl Pts',(-9.8020017308583,45.7314806767002,25.3820043963223));
#4370=CARTESIAN_POINT('Ctrl Pts',(-9.7874191716505,45.7338432869533,25.4070061862708));
#4371=CARTESIAN_POINT('Ctrl Pts',(-9.77210422299549,45.736288979433,25.4332582434168));
#4372=CARTESIAN_POINT('Ctrl Pts',(-9.75605414720023,45.7388196169876,25.4607647008523));
#4373=CARTESIAN_POINT('Ctrl Pts',(-9.7337999205874,45.7423284715458,25.4989037691592));
#4374=CARTESIAN_POINT('Ctrl Pts',(-9.71013523802836,45.7459985695652,25.5394494271094));
#4375=CARTESIAN_POINT('Ctrl Pts',(-9.68505944713687,45.749829902299,25.582401296028));
#4376=CARTESIAN_POINT('Ctrl Pts',(-9.67252155169113,45.751745568666,25.6038772304873));
#4377=CARTESIAN_POINT('Ctrl Pts',(-9.65963088215298,45.7537015432979,25.6259547194871));
#4378=CARTESIAN_POINT('Ctrl Pts',(-9.64638735853691,45.7556978252708,25.6486337166108));
#4379=CARTESIAN_POINT('Ctrl Pts',(-9.63976559672887,45.7566959662573,25.6599732151727));
#4380=CARTESIAN_POINT('Ctrl Pts',(-9.63305562127634,45.7577041840679,25.6714630906941));
#4381=CARTESIAN_POINT('Ctrl Pts',(-9.62625742041494,45.7587224792079,25.6831033362721));
#4382=CARTESIAN_POINT('Ctrl Pts',(-9.61945921955353,45.7597407743479,25.6947435818501));
#4383=CARTESIAN_POINT('Ctrl Pts',(-9.61319035450644,45.7606771987203,25.7054769018624));
#4384=CARTESIAN_POINT('Ctrl Pts',(-9.60559812766973,45.7618075975639,25.7184751749558));
#4385=CARTESIAN_POINT('Ctrl Pts',(-9.57721024494322,45.7660342402205,25.7670766538316));
#4386=CARTESIAN_POINT('Ctrl Pts',(-9.55056417208828,45.7700498064438,25.8126943776651));
#4387=CARTESIAN_POINT('Ctrl Pts',(-9.52561232893541,45.7738320142072,25.8554092404458));
#4388=CARTESIAN_POINT('Ctrl Pts',(-9.51128688408168,45.7760034693742,25.8799328560942));
#4389=CARTESIAN_POINT('Ctrl Pts',(-9.49752176831493,45.778101359367,25.9034968852975));
#4390=CARTESIAN_POINT('Ctrl Pts',(-9.48432755339815,45.7801378341729,25.926086028947));
#4391=CARTESIAN_POINT('Ctrl Pts',(-9.47133279713383,45.782143523326,25.9483336895919));
#4392=CARTESIAN_POINT('Ctrl Pts',(-9.45889135942146,45.7840877181856,25.9696362166477));
#4393=CARTESIAN_POINT('Ctrl Pts',(-9.44700221472673,45.7859519210109,25.9899935093944));
#4394=CARTESIAN_POINT('Ctrl Pts',(-9.42660177522537,45.7891506840784,26.0249243416581));
#4395=CARTESIAN_POINT('Ctrl Pts',(-9.40782183595435,45.7921454964343,26.0570849782956));
#4396=CARTESIAN_POINT('Ctrl Pts',(-9.39066372719999,45.794936283351,26.0864734107925));
#4397=CARTESIAN_POINT('Ctrl Pts',(-9.38890334030164,45.7952226123861,26.0894886039162));
#4398=CARTESIAN_POINT('Ctrl Pts',(-9.38716000405681,45.7955067921171,26.0924746523763));
#4399=CARTESIAN_POINT('Ctrl Pts',(-9.38543370762275,45.7957888273382,26.0954315758624));
#4400=CARTESIAN_POINT('Ctrl Pts',(-9.37615764120414,45.7973043129704,26.1113202831034));
#4401=CARTESIAN_POINT('Ctrl Pts',(-9.3673742704604,45.7987577741841,26.1263668528886));
#4402=CARTESIAN_POINT('Ctrl Pts',(-9.35908365747953,45.8001491210527,26.1405713317319));
#4403=CARTESIAN_POINT('Ctrl Pts',(-9.35493835098909,45.800844794487,26.1476735711536));
#4404=CARTESIAN_POINT('Ctrl Pts',(-9.35091623436825,45.8015249390868,26.1545652881208));
#4405=CARTESIAN_POINT('Ctrl Pts',(-9.34701731698514,45.8021895420706,26.1612464895774));
#4406=CARTESIAN_POINT('Ctrl Pts',(-9.34506785829358,45.8025218435625,26.1645870903057));
#4407=CARTESIAN_POINT('Ctrl Pts',(-9.34314919942059,45.8028502596376,26.1678750621633));
#4408=CARTESIAN_POINT('Ctrl Pts',(-9.34126134158455,45.8031747888292,26.1711104060313));
#4409=CARTESIAN_POINT('Ctrl Pts',(-9.33984544820752,45.8034181857229,26.1735369139322));
#4410=CARTESIAN_POINT('Ctrl Pts',(-9.33844688046441,45.8036593966128,26.175933818542));
#4411=CARTESIAN_POINT('Ctrl Pts',(-9.33706707635017,45.8038981937158,26.1782986591604));
#4412=CARTESIAN_POINT('Ctrl Pts',(-9.33660714164542,45.8039777927502,26.1790869393666));
#4413=CARTESIAN_POINT('Ctrl Pts',(-9.33614863584027,45.8040571062749,26.1798727665417));
#4414=CARTESIAN_POINT('Ctrl Pts',(-9.33492304118096,45.80426985554,26.1819733805106));
#4415=CARTESIAN_POINT('Ctrl Pts',(-9.31280864672269,45.8081086623861,26.2198764552006));
#4416=CARTESIAN_POINT('Ctrl Pts',(-9.29136040736717,45.8118914777313,26.256643596902));
#4417=CARTESIAN_POINT('Ctrl Pts',(-9.27057781238458,45.81555217147,26.2922694628297));
#4418=CARTESIAN_POINT('Ctrl Pts',(-9.24909735173364,45.8193357888611,26.3290916215571));
#4419=CARTESIAN_POINT('Ctrl Pts',(-9.22832747864028,45.8229889612541,26.3646954982453));
#4420=CARTESIAN_POINT('Ctrl Pts',(-9.2082686511553,45.8264962061559,26.3990803461801));
#4421=CARTESIAN_POINT('Ctrl Pts',(-9.18223836643877,45.8310475481239,26.4437014678456));
#4422=CARTESIAN_POINT('Ctrl Pts',(-9.15740510119773,45.8353548126647,26.4862708070327));
#4423=CARTESIAN_POINT('Ctrl Pts',(-9.1337814218533,45.8394749290848,26.5267755988906));
#4424=CARTESIAN_POINT('Ctrl Pts',(-9.10870913867396,45.843847691012,26.5697641442724));
#4425=CARTESIAN_POINT('Ctrl Pts',(-9.08500025832676,45.8480168851284,26.6104265223091));
#4426=CARTESIAN_POINT('Ctrl Pts',(-9.06267660566372,45.8520544173418,26.6487315476859));
#4427=CARTESIAN_POINT('Ctrl Pts',(-9.0587929623542,45.8527568263608,26.655395468585));
#4428=CARTESIAN_POINT('Ctrl Pts',(-9.05495123795935,45.8534551202471,26.661988026129));
#4429=CARTESIAN_POINT('Ctrl Pts',(-9.05115153263071,45.8541494863992,26.6685090458108));
#4430=CARTESIAN_POINT('Ctrl Pts',(-9.03677673151636,45.8567763678216,26.6931789485748));
#4431=CARTESIAN_POINT('Ctrl Pts',(-9.02300379276206,45.8593426005419,26.7168233730449));
#4432=CARTESIAN_POINT('Ctrl Pts',(-9.00983348566508,45.8617889384493,26.7394325289683));
#4433=CARTESIAN_POINT('Ctrl Pts',(-8.99352855479026,45.8648175216238,26.7674228196848));
#4434=CARTESIAN_POINT('Ctrl Pts',(-8.97814708286797,45.8676628568794,26.7938270164779));
#4435=CARTESIAN_POINT('Ctrl Pts',(-8.96368239539531,45.8702903647219,26.8186518630883));
#4436=CARTESIAN_POINT('Ctrl Pts',(-8.94535442550125,45.8736196371121,26.8501070218784));
#4437=CARTESIAN_POINT('Ctrl Pts',(-8.92849755183016,45.8766013913832,26.8790282143498));
#4438=CARTESIAN_POINT('Ctrl Pts',(-8.91309489427284,45.8792544230817,26.9054443901413));
#4439=CARTESIAN_POINT('Ctrl Pts',(-8.89300842864598,45.8827142175893,26.9398934847247));
#4440=CARTESIAN_POINT('Ctrl Pts',(-8.87539331613993,45.885620048718,26.9700854086065));
#4441=CARTESIAN_POINT('Ctrl Pts',(-8.86023342547232,45.8880764127324,26.9960586072083));
#4442=CARTESIAN_POINT('Ctrl Pts',(-8.84390888259069,45.8907214858774,27.0240271858507));
#4443=CARTESIAN_POINT('Ctrl Pts',(-8.8304318299878,45.8928480792976,27.0471034270544));
#4444=CARTESIAN_POINT('Ctrl Pts',(-8.81981569637616,45.8945737515082,27.0652860522395));
#4445=CARTESIAN_POINT('Ctrl Pts',(-8.81810904504429,45.8948511708479,27.068209093963));
#4446=CARTESIAN_POINT('Ctrl Pts',(-8.81647638140242,45.8951181732247,27.0710055864905));
#4447=CARTESIAN_POINT('Ctrl Pts',(-8.81491781111778,45.8953751857709,27.0736754438547));
#4448=CARTESIAN_POINT('Ctrl Pts',(-8.80898440818255,45.8963536203085,27.08383946384));
#4449=CARTESIAN_POINT('Ctrl Pts',(-8.80412473431998,45.8971874643338,27.0921683657473));
#4450=CARTESIAN_POINT('Ctrl Pts',(-8.80034551165455,45.8978985869879,27.098655637749));
#4451=CARTESIAN_POINT('Ctrl Pts',(-13.0892529359571,45.0142655011067,19.7349764862435));
#4452=CARTESIAN_POINT('Ctrl Pts',(-12.609488048887,45.1104701053447,20.5568770434164));
#4453=CARTESIAN_POINT('Ctrl Pts',(-11.577182380361,45.3190949182118,22.326262705168));
#4454=CARTESIAN_POINT('Ctrl Pts',(-10.1473369113507,45.6136761497317,24.7806953291571));
#4455=CARTESIAN_POINT('Ctrl Pts',(-9.19802679970921,45.8133912802034,26.4135438171114));
#4456=CARTESIAN_POINT('Ctrl Pts',(-8.80020656623441,45.8979124450908,27.0985731746594));
#4457=CARTESIAN_POINT('Origin',(4.78968400496882E-7,41.6000000000075,18.5000004789786));
#4458=CARTESIAN_POINT('Ctrl Pts',(-11.0498863838754,42.800391258485,18.5003381106811));
#4459=CARTESIAN_POINT('Ctrl Pts',(-10.9958376999501,42.8004031315841,18.5043176361855));
#4460=CARTESIAN_POINT('Ctrl Pts',(-10.9413747528761,42.8003928029761,18.5083033156192));
#4461=CARTESIAN_POINT('Ctrl Pts',(-10.8867290498551,42.8003600835918,18.5122778011812));
#4462=CARTESIAN_POINT('Ctrl Pts',(-10.8296763654087,42.8003259230155,18.5164273510647));
#4463=CARTESIAN_POINT('Ctrl Pts',(-10.7724243937603,42.8002673681747,18.5205647189276));
#4464=CARTESIAN_POINT('Ctrl Pts',(-10.7151790466631,42.8001848844307,18.5246751814019));
#4465=CARTESIAN_POINT('Ctrl Pts',(-10.6564897201419,42.8001003200839,18.528889327818));
#4466=CARTESIAN_POINT('Ctrl Pts',(-10.5978070939797,42.799990618772,18.5330752299272));
#4467=CARTESIAN_POINT('Ctrl Pts',(-10.5392967545222,42.7998567697595,18.5372217319582));
#4468=CARTESIAN_POINT('Ctrl Pts',(-10.478387524746,42.7997174330145,18.5415382381914));
#4469=CARTESIAN_POINT('Ctrl Pts',(-10.4176648590885,42.7995519415597,18.5458120730394));
#4470=CARTESIAN_POINT('Ctrl Pts',(-10.3572582480936,42.7993617155941,18.5500352294733));
#4471=CARTESIAN_POINT('Ctrl Pts',(-10.3149779166276,42.7992285709474,18.5529911386182));
#4472=CARTESIAN_POINT('Ctrl Pts',(-10.2728512025257,42.7990833151385,18.5559223174758));
#4473=CARTESIAN_POINT('Ctrl Pts',(-10.230907493229,42.7989264665077,18.5588271654464));
#4474=CARTESIAN_POINT('Ctrl Pts',(-10.1679405243419,42.7986910013326,18.5631879974962));
#4475=CARTESIAN_POINT('Ctrl Pts',(-10.1053882449836,42.7984295239692,18.5674892671709));
#4476=CARTESIAN_POINT('Ctrl Pts',(-10.0433039273953,42.7981472992083,18.5717266066403));
#4477=CARTESIAN_POINT('Ctrl Pts',(-9.97796856511988,42.7978502957505,18.5761858343498));
#4478=CARTESIAN_POINT('Ctrl Pts',(-9.91315137676959,42.7975303120514,18.580574296055));
#4479=CARTESIAN_POINT('Ctrl Pts',(-9.84885645164791,42.7971919973371,18.5848916542942));
#4480=CARTESIAN_POINT('Ctrl Pts',(-9.78241973395814,42.7968424126828,18.5893528323724));
#4481=CARTESIAN_POINT('Ctrl Pts',(-9.7165403891969,42.7964732475582,18.5937381414379));
#4482=CARTESIAN_POINT('Ctrl Pts',(-9.65116554396464,42.796088176546,18.598051462063));
#4483=CARTESIAN_POINT('Ctrl Pts',(-9.58360955783611,42.7956902581743,18.6025086906389));
#4484=CARTESIAN_POINT('Ctrl Pts',(-9.51659203716833,42.7952753471624,18.6068890973203));
#4485=CARTESIAN_POINT('Ctrl Pts',(-9.4499984650397,42.7948460914307,18.6112006436765));
#4486=CARTESIAN_POINT('Ctrl Pts',(-9.38005959343828,42.7943952722217,18.6157287787108));
#4487=CARTESIAN_POINT('Ctrl Pts',(-9.3105882258962,42.7939286268373,18.620181006016));
#4488=CARTESIAN_POINT('Ctrl Pts',(-9.24139347521275,42.7934477842727,18.6245698033497));
#4489=CARTESIAN_POINT('Ctrl Pts',(-9.17033782561751,42.7929540100998,18.6290766314314));
#4490=CARTESIAN_POINT('Ctrl Pts',(-9.09957357860492,42.7924452561711,18.6335166287508));
#4491=CARTESIAN_POINT('Ctrl Pts',(-9.02883758234672,42.7919219143142,18.637905844996));
#4492=CARTESIAN_POINT('Ctrl Pts',(-8.95545592787972,42.7913789984957,18.6424592261163));
#4493=CARTESIAN_POINT('Ctrl Pts',(-8.88210452236105,42.7908203776041,18.6469580124868));
#4494=CARTESIAN_POINT('Ctrl Pts',(-8.8084330108882,42.7902451399413,18.6514219454822));
#4495=CARTESIAN_POINT('Ctrl Pts',(-8.76543390453323,42.7899093967898,18.6540273641276));
#4496=CARTESIAN_POINT('Ctrl Pts',(-8.7223247174275,42.7895679684745,18.6566209388384));
#4497=CARTESIAN_POINT('Ctrl Pts',(-8.67902767263029,42.7892204838622,18.6592067511106));
#4498=CARTESIAN_POINT('Ctrl Pts',(-8.57661123456734,42.7883985308526,18.6653233275111));
#4499=CARTESIAN_POINT('Ctrl Pts',(-8.47464611028815,42.7875548453148,18.6713061139582));
#4500=CARTESIAN_POINT('Ctrl Pts',(-8.37319686860312,42.7866945283356,18.677151664672));
#4501=CARTESIAN_POINT('Ctrl Pts',(-8.26841146104072,42.7858059197684,18.6831894467569));
#4502=CARTESIAN_POINT('Ctrl Pts',(-8.16417618196893,42.7848995603509,18.6890808768328));
#4503=CARTESIAN_POINT('Ctrl Pts',(-8.06050579041296,42.7839796516491,18.6948261119767));
#4504=CARTESIAN_POINT('Ctrl Pts',(-7.95337922563385,42.783029074945,18.7007628823079));
#4505=CARTESIAN_POINT('Ctrl Pts',(-7.84685559145958,42.7820640226405,18.7065436083982));
#4506=CARTESIAN_POINT('Ctrl Pts',(-7.74089575704149,42.781087759594,18.7121716886691));
#4507=CARTESIAN_POINT('Ctrl Pts',(-7.68105739444422,42.7805364376474,18.7153500166631));
#4508=CARTESIAN_POINT('Ctrl Pts',(-7.62139786656977,42.7799815165568,18.7184797156652));
#4509=CARTESIAN_POINT('Ctrl Pts',(-7.56190317015887,42.7794234151917,18.7215617204086));
#4510=CARTESIAN_POINT('Ctrl Pts',(-7.51236303265676,42.778958694468,18.724128048972));
#4511=CARTESIAN_POINT('Ctrl Pts',(-7.46294555192966,42.7784918451968,18.7266608692076));
#4512=CARTESIAN_POINT('Ctrl Pts',(-7.41365518823934,42.7780231987645,18.7291600945627));
#4513=CARTESIAN_POINT('Ctrl Pts',(-7.24637198934603,42.7764326916457,18.7376420448034));
#4514=CARTESIAN_POINT('Ctrl Pts',(-7.08054982506334,42.7748216652416,18.7457372001516));
#4515=CARTESIAN_POINT('Ctrl Pts',(-6.9161698087682,42.7731993345235,18.7534526348857));
#4516=CARTESIAN_POINT('Ctrl Pts',(-6.87814925200909,42.7728240947678,18.7552371895465));
#4517=CARTESIAN_POINT('Ctrl Pts',(-6.84020632268085,42.7724482439374,18.7570014086947));
#4518=CARTESIAN_POINT('Ctrl Pts',(-6.80234093674559,42.772071879167,18.7587453760752));
#4519=CARTESIAN_POINT('Ctrl Pts',(-6.69519148280017,42.7710068621697,18.7636803621555));
#4520=CARTESIAN_POINT('Ctrl Pts',(-6.58866223606838,42.7699378057844,18.7684533228269));
#4521=CARTESIAN_POINT('Ctrl Pts',(-6.48275224778317,42.7688704416705,18.7730732352137));
#4522=CARTESIAN_POINT('Ctrl Pts',(-6.4799890814105,42.7688425943949,18.7731937676277));
#4523=CARTESIAN_POINT('Ctrl Pts',(-6.47866936591619,42.7688292943546,18.7732513388653));
#4524=CARTESIAN_POINT('Ctrl Pts',(-6.47446401266918,42.7687869028443,18.7734345214849));
#4525=CARTESIAN_POINT('Ctrl Pts',(-6.30929426656691,42.7671219309438,18.7806292147729));
#4526=CARTESIAN_POINT('Ctrl Pts',(-6.14395885976078,42.7654441780798,18.7875264346518));
#4527=CARTESIAN_POINT('Ctrl Pts',(-5.97857376000404,42.7637727020564,18.7941322013762));
#4528=CARTESIAN_POINT('Ctrl Pts',(-5.80746820107133,42.7620434118141,18.800966453127));
#4529=CARTESIAN_POINT('Ctrl Pts',(-5.63630918757969,42.7603208065046,18.8074887798702));
#4530=CARTESIAN_POINT('Ctrl Pts',(-5.46516823093594,42.7586228869757,18.8137055426024));
#4531=CARTESIAN_POINT('Ctrl Pts',(-5.27975902210093,42.7567834096076,18.8204406052215));
#4532=CARTESIAN_POINT('Ctrl Pts',(-5.09437111944864,42.7549728831765,18.8268170905959));
#4533=CARTESIAN_POINT('Ctrl Pts',(-4.90903041820656,42.7532110337576,18.8328419305237));
#4534=CARTESIAN_POINT('Ctrl Pts',(-4.72053105493125,42.7514191580852,18.8389694485627));
#4535=CARTESIAN_POINT('Ctrl Pts',(-4.53207991756008,42.7496775721546,18.8447332893086));
#4536=CARTESIAN_POINT('Ctrl Pts',(-4.34364443815536,42.7480045871601,18.8501386919951));
#4537=CARTESIAN_POINT('Ctrl Pts',(-4.14190148455272,42.746213454539,18.8559258288274));
#4538=CARTESIAN_POINT('Ctrl Pts',(-3.94017627394545,42.744500895453,18.8613022140917));
#4539=CARTESIAN_POINT('Ctrl Pts',(-3.73836654762405,42.7428875234195,18.8662706845704));
#4540=CARTESIAN_POINT('Ctrl Pts',(-3.5726564885995,42.7415627509232,18.8703503964421));
#4541=CARTESIAN_POINT('Ctrl Pts',(-3.40688805155236,42.7403047992527,18.8741550246399));
#4542=CARTESIAN_POINT('Ctrl Pts',(-3.24097870960221,42.739124701895,18.8776838042296));
#4543=CARTESIAN_POINT('Ctrl Pts',(-3.00593334278128,42.7374528465728,18.8826830603496));
#4544=CARTESIAN_POINT('Ctrl Pts',(-2.77086335534818,42.7359368841869,18.8871300141865));
#4545=CARTESIAN_POINT('Ctrl Pts',(-2.53577527757571,42.734608028198,18.8910154457109));
#4546=CARTESIAN_POINT('Ctrl Pts',(-2.48321076218153,42.7343109026622,18.8918842087172));
#4547=CARTESIAN_POINT('Ctrl Pts',(-2.43064513490164,42.7340231295583,18.892724877575));
#4548=CARTESIAN_POINT('Ctrl Pts',(-2.37807813091591,42.7337450564922,18.8935373113051));
#4549=CARTESIAN_POINT('Ctrl Pts',(-2.11092979791171,42.7323318742595,18.8976661430853));
#4550=CARTESIAN_POINT('Ctrl Pts',(-1.84375062051859,42.7311688165314,18.9010668635017));
#4551=CARTESIAN_POINT('Ctrl Pts',(-1.5764676463334,42.7302460029074,18.9037677908234));
#4552=CARTESIAN_POINT('Ctrl Pts',(-1.2702501706707,42.7291887651266,18.9068621560703));
#4553=CARTESIAN_POINT('Ctrl Pts',(-0.963894992117801,42.7284467116339,18.9090384434344));
#4554=CARTESIAN_POINT('Ctrl Pts',(-0.657224824347952,42.7280126431468,18.9103171571738));
#4555=CARTESIAN_POINT('Ctrl Pts',(-0.438335992235818,42.727702822518,18.9112298516137));
#4556=CARTESIAN_POINT('Ctrl Pts',(-0.219285038589458,42.727550075422,18.9116847857784));
#4557=CARTESIAN_POINT('Ctrl Pts',(8.07915347955657E-7,42.7275542825068,
18.9116821708109));
#4558=CARTESIAN_POINT('Ctrl Pts',(0.351572567736997,42.7275610275485,18.9116779783437));
#4559=CARTESIAN_POINT('Ctrl Pts',(0.702838138224458,42.7279709116372,18.9104985703556));
#4560=CARTESIAN_POINT('Ctrl Pts',(1.05389916070732,42.7287864283237,18.9081359673851));
#4561=CARTESIAN_POINT('Ctrl Pts',(1.32940643393083,42.7294264332351,18.9062818330312));
#4562=CARTESIAN_POINT('Ctrl Pts',(1.60478893856258,42.7303164925841,18.9036983083176));
#4563=CARTESIAN_POINT('Ctrl Pts',(1.88006569370808,42.7314629774537,18.9003665441115));
#4564=CARTESIAN_POINT('Ctrl Pts',(2.04611088035397,42.7321545298299,18.8983568451482));
#4565=CARTESIAN_POINT('Ctrl Pts',(2.2121169247212,42.7329394684925,18.8960746504827));
#4566=CARTESIAN_POINT('Ctrl Pts',(2.37807879440904,42.7338200042798,18.8935134770133));
#4567=CARTESIAN_POINT('Ctrl Pts',(2.6191086942515,42.7350988248487,18.8897938311334));
#4568=CARTESIAN_POINT('Ctrl Pts',(2.86004795712821,42.7365794186455,18.8854858762453));
#4569=CARTESIAN_POINT('Ctrl Pts',(3.10084386427834,42.7382276714264,18.8806018627603));
#4570=CARTESIAN_POINT('Ctrl Pts',(3.14848968658825,42.7385538080291,18.87963547242));
#4571=CARTESIAN_POINT('Ctrl Pts',(3.19612973459009,42.7388865069165,18.8786465126118));
#4572=CARTESIAN_POINT('Ctrl Pts',(3.24376334754804,42.7392254998217,18.8776350559092));
#4573=CARTESIAN_POINT('Ctrl Pts',(3.45608203417727,42.740736502745,18.8731266605697));
#4574=CARTESIAN_POINT('Ctrl Pts',(3.6682889930783,42.7423701465426,18.8681792257697));
#4575=CARTESIAN_POINT('Ctrl Pts',(3.88042894856727,42.7441063014558,18.8627846647329));
#4576=CARTESIAN_POINT('Ctrl Pts',(4.07893134762834,42.7457308465096,18.8577368965969));
#4577=CARTESIAN_POINT('Ctrl Pts',(4.27737528962958,42.7474452051593,18.8522975572989));
#4578=CARTESIAN_POINT('Ctrl Pts',(4.47575252537589,42.7492311797451,18.8464570769464));
#4579=CARTESIAN_POINT('Ctrl Pts',(4.60411916005545,42.7503868544188,18.8426777985178));
#4580=CARTESIAN_POINT('Ctrl Pts',(4.73245696076516,42.7515724797509,18.8387304995168));
#4581=CARTESIAN_POINT('Ctrl Pts',(4.86075192294939,42.7527825346018,18.8346120964512));
#4582=CARTESIAN_POINT('Ctrl Pts',(5.03637372831374,42.7544389676673,18.8289744520007));
#4583=CARTESIAN_POINT('Ctrl Pts',(5.21193172698901,42.7561410189798,18.8230170490607));
#4584=CARTESIAN_POINT('Ctrl Pts',(5.38743977093883,42.7578713041561,18.8167363982897));
#4585=CARTESIAN_POINT('Ctrl Pts',(5.48098196145422,42.7587935106942,18.8133889401461));
#4586=CARTESIAN_POINT('Ctrl Pts',(5.5745091453024,42.7597237081557,18.809949625767));
#4587=CARTESIAN_POINT('Ctrl Pts',(5.66801727813509,42.7606590178607,18.8064177406672));
#4588=CARTESIAN_POINT('Ctrl Pts',(5.80249341625214,42.7620041076754,18.8013384576775));
#4589=CARTESIAN_POINT('Ctrl Pts',(5.93693551076238,42.7633597865297,18.79606784799));
#4590=CARTESIAN_POINT('Ctrl Pts',(6.07134356102621,42.7647165057263,18.7906042493526));
#4591=CARTESIAN_POINT('Ctrl Pts',(6.13854758615812,42.7653948653245,18.7878724500339));
#4592=CARTESIAN_POINT('Ctrl Pts',(6.2057431002108,42.7660734689294,18.7850924013216));
#4593=CARTESIAN_POINT('Ctrl Pts',(6.27293010293228,42.7667510142611,18.7822638984098));
#4594=CARTESIAN_POINT('Ctrl Pts',(6.30652360429302,42.767089786927,18.7808496469539));
#4595=CARTESIAN_POINT('Ctrl Pts',(6.34011497781859,42.7674282938588,18.7794232818409));
#4596=CARTESIAN_POINT('Ctrl Pts',(6.37370422346058,42.7677663646678,18.7779847781214));
#4597=CARTESIAN_POINT('Ctrl Pts',(6.40309481339733,42.7680621766257,18.776726087367));
#4598=CARTESIAN_POINT('Ctrl Pts',(6.43248377424418,42.7683576545389,18.7754581029898));
#4599=CARTESIAN_POINT('Ctrl Pts',(6.46187109278099,42.7686526668462,18.7741808693995));
#4600=CARTESIAN_POINT('Ctrl Pts',(6.4660692811434,42.7686948114616,18.7739984074581));
#4601=CARTESIAN_POINT('Ctrl Pts',(6.47172989293856,42.7687516230916,18.7737520552429));
#4602=CARTESIAN_POINT('Ctrl Pts',(6.47446556053156,42.7687790753527,18.7736329021786));
#4603=CARTESIAN_POINT('Ctrl Pts',(6.57447033797503,42.7697826173277,18.7692771552672));
#4604=CARTESIAN_POINT('Ctrl Pts',(6.67273065431954,42.7707645029691,18.7648847039975));
#4605=CARTESIAN_POINT('Ctrl Pts',(6.770016566482,42.7717286481246,18.7604267020659));
#4606=CARTESIAN_POINT('Ctrl Pts',(6.78080321004282,42.7718355483931,18.7599324179834));
#4607=CARTESIAN_POINT('Ctrl Pts',(6.79157782214499,42.7719422298385,18.759437323069));
#4608=CARTESIAN_POINT('Ctrl Pts',(6.80234141237527,42.7720486971787,18.7589413743458));
#4609=CARTESIAN_POINT('Ctrl Pts',(6.89595253206522,42.7729746453718,18.754628100216));
#4610=CARTESIAN_POINT('Ctrl Pts',(6.98873409830043,42.773884482453,18.7502505285675));
#4611=CARTESIAN_POINT('Ctrl Pts',(7.08132278386029,42.774783520681,18.7457838481503));
#4612=CARTESIAN_POINT('Ctrl Pts',(7.17089938562281,42.7756533115073,18.7414624772342));
#4613=CARTESIAN_POINT('Ctrl Pts',(7.26029562818409,42.7765130015114,18.7370576119589));
#4614=CARTESIAN_POINT('Ctrl Pts',(7.35003975264901,42.7773663942168,18.7325443859882));
#4615=CARTESIAN_POINT('Ctrl Pts',(7.43654077254856,42.778188947669,18.7281942555275));
#4616=CARTESIAN_POINT('Ctrl Pts',(7.52336518410023,42.7790056575638,18.7237433815688));
#4617=CARTESIAN_POINT('Ctrl Pts',(7.61093773057656,42.7798188814897,18.7191683850392));
#4618=CARTESIAN_POINT('Ctrl Pts',(7.69514512063402,42.7806008556025,18.7147691922239));
#4619=CARTESIAN_POINT('Ctrl Pts',(7.7800444671691,42.7813796133683,18.7102551699531));
#4620=CARTESIAN_POINT('Ctrl Pts',(7.86596500130205,42.7821561661614,18.705605450004));
#4621=CARTESIAN_POINT('Ctrl Pts',(7.9484892241606,42.7829020229745,18.701139526588));
#4622=CARTESIAN_POINT('Ctrl Pts',(8.03195572109204,42.7836458525464,18.696548364539));
#4623=CARTESIAN_POINT('Ctrl Pts',(8.11660754605563,42.7843874327129,18.6918142469389));
#4624=CARTESIAN_POINT('Ctrl Pts',(8.1961959810881,42.7850846557784,18.6873632972846));
#4625=CARTESIAN_POINT('Ctrl Pts',(8.27683222709086,42.7857798928482,18.6827859381053));
#4626=CARTESIAN_POINT('Ctrl Pts',(8.35867281750125,42.7864718924797,18.6780688413503));
#4627=CARTESIAN_POINT('Ctrl Pts',(8.43755697949855,42.7871388941565,18.6735221460892));
#4628=CARTESIAN_POINT('Ctrl Pts',(8.51756026897903,42.7878028946191,18.6688455798346));
#4629=CARTESIAN_POINT('Ctrl Pts',(8.59877711998547,42.7884616807799,18.6640291978965));
#4630=CARTESIAN_POINT('Ctrl Pts',(8.67712727772725,42.7890972139111,18.6593828187287));
#4631=CARTESIAN_POINT('Ctrl Pts',(8.75660706354589,42.7897279008896,18.6546062733675));
#4632=CARTESIAN_POINT('Ctrl Pts',(8.83725467581151,42.7903506249782,18.6496931897088));
#4633=CARTESIAN_POINT('Ctrl Pts',(8.91513469671728,42.7909519789883,18.6449487087836));
#4634=CARTESIAN_POINT('Ctrl Pts',(8.9941039894352,42.791545913769,18.6400768537202));
#4635=CARTESIAN_POINT('Ctrl Pts',(9.07414949782554,42.7921284557168,18.6350749792632));
#4636=CARTESIAN_POINT('Ctrl Pts',(9.15153274526539,42.7926916227027,18.6302394638602));
#4637=CARTESIAN_POINT('Ctrl Pts',(9.2299220305076,42.7932441485355,18.6252823877703));
#4638=CARTESIAN_POINT('Ctrl Pts',(9.3092572252334,42.7937812397796,18.6202049683518));
#4639=CARTESIAN_POINT('Ctrl Pts',(9.38468355971455,42.7942918684352,18.6153777143608));
#4640=CARTESIAN_POINT('Ctrl Pts',(9.46096494991692,42.7947885483373,18.6104416521683));
#4641=CARTESIAN_POINT('Ctrl Pts',(9.53800352621229,42.7952659970431,18.6054016779975));
#4642=CARTESIAN_POINT('Ctrl Pts',(9.6130366893593,42.7957310171456,18.6004929008315));
#4643=CARTESIAN_POINT('Ctrl Pts',(9.6887883656912,42.7961778010257,18.5954855049752));
#4644=CARTESIAN_POINT('Ctrl Pts',(9.7651207755473,42.7966002634397,18.5903883418112));
#4645=CARTESIAN_POINT('Ctrl Pts',(9.84184696971234,42.7970249052566,18.5852648833569));
#4646=CARTESIAN_POINT('Ctrl Pts',(9.91916045012008,42.7974249888951,18.5800506482451));
#4647=CARTESIAN_POINT('Ctrl Pts',(9.99686664069155,42.7977929307653,18.5747600337098));
#4648=CARTESIAN_POINT('Ctrl Pts',(10.0696708710519,42.798137661661,18.5698031684131));
#4649=CARTESIAN_POINT('Ctrl Pts',(10.1428197225601,42.7984541761404,18.5647792436693));
#4650=CARTESIAN_POINT('Ctrl Pts',(10.2161032519205,42.7987349437041,18.5597053946271));
#4651=CARTESIAN_POINT('Ctrl Pts',(10.2210374836716,42.7987538479823,18.5593637687903));
#4652=CARTESIAN_POINT('Ctrl Pts',(10.2259723063357,42.7987725896932,18.5590219187871));
#4653=CARTESIAN_POINT('Ctrl Pts',(10.2309076471897,42.7987911663128,18.5586798508061));
#4654=CARTESIAN_POINT('Ctrl Pts',(10.3008752873881,42.7990545244639,18.5538304006605));
#4655=CARTESIAN_POINT('Ctrl Pts',(10.3709510815606,42.7992846524736,18.5489367912594));
#4656=CARTESIAN_POINT('Ctrl Pts',(10.4409023370335,42.7994802297166,18.5440147730747));
#4657=CARTESIAN_POINT('Ctrl Pts',(10.509303120288,42.7996714719826,18.5392018516088));
#4658=CARTESIAN_POINT('Ctrl Pts',(10.5775850281942,42.7998296652295,18.5343617374567));
#4659=CARTESIAN_POINT('Ctrl Pts',(10.6454824933529,42.7999542516485,18.5295134496835));
#4660=CARTESIAN_POINT('Ctrl Pts',(10.7141305883368,42.8000802154133,18.5246115624219));
#4661=CARTESIAN_POINT('Ctrl Pts',(10.7823862263852,42.8001718050809,18.5197012582612));
#4662=CARTESIAN_POINT('Ctrl Pts',(10.8499194038756,42.8002293962399,18.514807346402));
#4663=CARTESIAN_POINT('Ctrl Pts',(10.9133842184192,42.8002835179673,18.5102082557021));
#4664=CARTESIAN_POINT('Ctrl Pts',(10.9762108506145,42.8003076073287,18.5056236450291));
#4665=CARTESIAN_POINT('Ctrl Pts',(11.0380749994384,42.8003029852996,18.5010789423767));
#4666=CARTESIAN_POINT('Ctrl Pts',(11.0420407529448,42.800302689008,18.5007876077213));
#4667=CARTESIAN_POINT('Ctrl Pts',(11.0460025334517,42.8003022751169,18.5004964388036));
#4668=CARTESIAN_POINT('Ctrl Pts',(11.0499602481096,42.8003017441372,18.5002054430501));
#4669=CARTESIAN_POINT('Origin',(12.0000004790433,53.3000000000076,18.5000004789786));
#4670=CARTESIAN_POINT('',(7.52394163057054,52.0999999999913,18.4999999905807));
#4671=CARTESIAN_POINT('',(-9.34509511687056,52.1000000000081,18.4999313556658));
#4672=CARTESIAN_POINT('',(12.0000004790433,52.1000000000075,18.5000004789786));
#4673=CARTESIAN_POINT('Ctrl Pts',(7.52394150949295,52.0998083776521,18.499998504584));
#4674=CARTESIAN_POINT('Ctrl Pts',(7.4274094785521,52.0997751896059,18.5074851839604));
#4675=CARTESIAN_POINT('Ctrl Pts',(7.33256103678146,52.099840305256,18.5147661903052));
#4676=CARTESIAN_POINT('Ctrl Pts',(7.23935002167297,52.0999850191127,18.5218854156216));
#4677=CARTESIAN_POINT('Ctrl Pts',(7.13732785033342,52.1001434126446,18.5296776151185));
#4678=CARTESIAN_POINT('Ctrl Pts',(7.03726804128934,52.100396475007,18.537276322296));
#4679=CARTESIAN_POINT('Ctrl Pts',(6.93914860399413,52.1007114667599,18.5446924731837));
#4680=CARTESIAN_POINT('Ctrl Pts',(6.84167680273493,52.101024379414,18.5520596738665));
#4681=CARTESIAN_POINT('Ctrl Pts',(6.74611915902548,52.1013971872685,18.5592450204665));
#4682=CARTESIAN_POINT('Ctrl Pts',(6.65249144057492,52.1018054465906,18.5662283867992));
#4683=CARTESIAN_POINT('Ctrl Pts',(6.55886372212436,52.1022137059127,18.573211753132));
#4684=CARTESIAN_POINT('Ctrl Pts',(6.4671652950127,52.1026563191692,18.5799915455666));
#4685=CARTESIAN_POINT('Ctrl Pts',(6.37746054585035,52.103134185548,18.5865420869463));
#4686=CARTESIAN_POINT('Ctrl Pts',(6.37321035618868,52.1031568267433,18.5868524500376));
#4687=CARTESIAN_POINT('Ctrl Pts',(6.36896466817053,52.1031795618236,18.5871624266431));
#4688=CARTESIAN_POINT('Ctrl Pts',(6.36472353391905,52.1032023928446,18.5874720106348));
#4689=CARTESIAN_POINT('Ctrl Pts',(6.30972276253197,52.1034984749046,18.5914868230264));
#4690=CARTESIAN_POINT('Ctrl Pts',(6.25548355596384,52.1038102371278,18.5954339735648));
#4691=CARTESIAN_POINT('Ctrl Pts',(6.20196096721366,52.1041309902874,18.5992984903348));
#4692=CARTESIAN_POINT('Ctrl Pts',(6.17815044063377,52.1042736833411,18.6010176930382));
#4693=CARTESIAN_POINT('Ctrl Pts',(6.15448241605894,52.1044182270644,18.6027207973218));
#4694=CARTESIAN_POINT('Ctrl Pts',(6.13095597881116,52.1045643325964,18.6044075752355));
#4695=CARTESIAN_POINT('Ctrl Pts',(6.07195058578283,52.1049307720301,18.6086380922791));
#4696=CARTESIAN_POINT('Ctrl Pts',(6.01383194372931,52.1053067415145,18.6127648115663));
#4697=CARTESIAN_POINT('Ctrl Pts',(5.95662863326057,52.1056912523042,18.6167974660704));
#4698=CARTESIAN_POINT('Ctrl Pts',(5.92805485148281,52.1058833203385,18.6188118283309));
#4699=CARTESIAN_POINT('Ctrl Pts',(5.89971035065598,52.1060775891736,18.6208029810766));
#4700=CARTESIAN_POINT('Ctrl Pts',(5.87160320547193,52.1062742413759,18.6227732796296));
#4701=CARTESIAN_POINT('Ctrl Pts',(5.80187984979124,52.1067620622256,18.6276608562906));
#4702=CARTESIAN_POINT('Ctrl Pts',(5.73355969430753,52.1072630543435,18.6324020807432));
#4703=CARTESIAN_POINT('Ctrl Pts',(5.66663896456968,52.1077770987929,18.636996482655));
#4704=CARTESIAN_POINT('Ctrl Pts',(5.65623209894326,52.1078570380215,18.6377109596716));
#4705=CARTESIAN_POINT('Ctrl Pts',(5.64585917687326,52.1079372920752,18.6384218946837));
#4706=CARTESIAN_POINT('Ctrl Pts',(5.63552028009121,52.1080178581474,18.639129289221));
#4707=CARTESIAN_POINT('Ctrl Pts',(5.59710900163452,52.1083171788484,18.6417574157147));
#4708=CARTESIAN_POINT('Ctrl Pts',(5.55916566155177,52.1086208184466,18.6443365739889));
#4709=CARTESIAN_POINT('Ctrl Pts',(5.52169026117612,52.1089284680176,18.6468667299783));
#4710=CARTESIAN_POINT('Ctrl Pts',(5.5029525609883,52.1090822928031,18.648131807973));
#4711=CARTESIAN_POINT('Ctrl Pts',(5.48433184573551,52.1092371159445,18.6493846355931));
#4712=CARTESIAN_POINT('Ctrl Pts',(5.46582811561131,52.1093928726963,18.6506252115154));
#4713=CARTESIAN_POINT('Ctrl Pts',(5.45195031801816,52.1095096902602,18.6515556434572));
#4714=CARTESIAN_POINT('Ctrl Pts',(5.43813832456031,52.1096270326057,18.6524791838434));
#4715=CARTESIAN_POINT('Ctrl Pts',(5.42439213531883,52.1097448657369,18.6533958329145));
#4716=CARTESIAN_POINT('Ctrl Pts',(5.41981007223833,52.1097841434473,18.6537013826049));
#4717=CARTESIAN_POINT('Ctrl Pts',(5.41685791015722,52.1098094839665,18.6538981636653));
#4718=CARTESIAN_POINT('Ctrl Pts',(5.41066788081891,52.1098628609248,18.6543101849358));
#4719=CARTESIAN_POINT('Ctrl Pts',(5.33736342768754,52.1104949691953,18.659189482312));
#4720=CARTESIAN_POINT('Ctrl Pts',(5.26702310803134,52.1111468184296,18.6639363107898));
#4721=CARTESIAN_POINT('Ctrl Pts',(5.1996537422981,52.1118124247802,18.6685572793101));
#4722=CARTESIAN_POINT('Ctrl Pts',(5.17600143988914,52.1120461084808,18.6701796271484));
#4723=CARTESIAN_POINT('Ctrl Pts',(5.15271500495293,52.112281422103,18.6717861322334));
#4724=CARTESIAN_POINT('Ctrl Pts',(5.12979356518745,52.1125179117026,18.6733760796261));
#4725=CARTESIAN_POINT('Ctrl Pts',(5.08568902839434,52.112972955729,18.6764353941368));
#4726=CARTESIAN_POINT('Ctrl Pts',(5.04293841571558,52.1134326235086,18.6794356606018));
#4727=CARTESIAN_POINT('Ctrl Pts',(5.00154172434781,52.1138942588637,18.6823771598953));
#4728=CARTESIAN_POINT('Ctrl Pts',(4.98084337866393,52.1141250765412,18.6838479095421));
#4729=CARTESIAN_POINT('Ctrl Pts',(4.96048351328738,52.1143563859953,18.685303968036));
#4730=CARTESIAN_POINT('Ctrl Pts',(4.94046212781058,52.1145878675428,18.686745373021));
#4731=CARTESIAN_POINT('Ctrl Pts',(4.93045143507218,52.1147036083165,18.6874660755135));
#4732=CARTESIAN_POINT('Ctrl Pts',(4.92052536230874,52.1148193923446,18.6881831146319));
#4733=CARTESIAN_POINT('Ctrl Pts',(4.91068390947082,52.1149351813713,18.6888964951625));
#4734=CARTESIAN_POINT('Ctrl Pts',(4.9008424566329,52.1150509703981,18.6896098756932));
#4735=CARTESIAN_POINT('Ctrl Pts',(4.89260573805508,52.1151485708809,18.6902086298211));
#4736=CARTESIAN_POINT('Ctrl Pts',(4.88141341068686,52.1152825265519,18.6910256657401));
#4737=CARTESIAN_POINT('Ctrl Pts',(4.81905836101437,52.1160288246401,18.6955775621989));
#4738=CARTESIAN_POINT('Ctrl Pts',(4.75718393112302,52.1167993856902,18.7001219847897));
#4739=CARTESIAN_POINT('Ctrl Pts',(4.69579799765924,52.1175912069284,18.7046675046043));
#4740=CARTESIAN_POINT('Ctrl Pts',(4.66903691281563,52.1179363999415,18.7066491156111));
#4741=CARTESIAN_POINT('Ctrl Pts',(4.64236822638267,52.1182855826694,18.7086304663412));
#4742=CARTESIAN_POINT('Ctrl Pts',(4.61579039840305,52.1186382675849,18.7106100123097));
#4743=CARTESIAN_POINT('Ctrl Pts',(4.57201869962512,52.1192191133147,18.7138701767565));
#4744=CARTESIAN_POINT('Ctrl Pts',(4.5284964009161,52.1198098503771,18.7171284935656));
#4745=CARTESIAN_POINT('Ctrl Pts',(4.48522350258248,52.1204100616475,18.7203849979239));
#4746=CARTESIAN_POINT('Ctrl Pts',(4.4446551603947,52.1209727597134,18.7234379707598));
#4747=CARTESIAN_POINT('Ctrl Pts',(4.40430601789543,52.1215437739856,18.7264893547704));
#4748=CARTESIAN_POINT('Ctrl Pts',(4.36417607605645,52.1221237451745,18.729539015344));
#4749=CARTESIAN_POINT('Ctrl Pts',(4.36150074660052,52.1221624099204,18.729742326049));
#4750=CARTESIAN_POINT('Ctrl Pts',(4.35767611868146,52.1222177859028,18.7300331005996));
#4751=CARTESIAN_POINT('Ctrl Pts',(4.3561530103638,52.1222398604576,18.7301489241744));
#4752=CARTESIAN_POINT('Ctrl Pts',(4.32824986968009,52.1226442633494,18.7322707965742));
#4753=CARTESIAN_POINT('Ctrl Pts',(4.29715305435783,52.1230722440144,18.7344725735798));
#4754=CARTESIAN_POINT('Ctrl Pts',(4.26286370799521,52.1235252398185,18.7367514226267));
#4755=CARTESIAN_POINT('Ctrl Pts',(4.24201147831089,52.1238007181683,18.7381372490942));
#4756=CARTESIAN_POINT('Ctrl Pts',(4.21997826817033,52.1240853832743,18.7395510733904));
#4757=CARTESIAN_POINT('Ctrl Pts',(4.1967585467835,52.124378543894,18.7409843459435));
#4758=CARTESIAN_POINT('Ctrl Pts',(4.14960758335199,52.1249738484382,18.7438948107425));
#4759=CARTESIAN_POINT('Ctrl Pts',(4.09756069264578,52.1256032709617,18.7468798022722));
#4760=CARTESIAN_POINT('Ctrl Pts',(4.04063828654302,52.1262750054669,18.7499698541627));
#4761=CARTESIAN_POINT('Ctrl Pts',(4.01065498518046,52.1266288348196,18.7515975077248));
#4762=CARTESIAN_POINT('Ctrl Pts',(3.97931919320675,52.1269945089757,18.7532548737361));
#4763=CARTESIAN_POINT('Ctrl Pts',(3.94663615816039,52.1273743743643,18.7549520625423));
#4764=CARTESIAN_POINT('Ctrl Pts',(3.89474248747605,52.1279775193707,18.7576468354383));
#4765=CARTESIAN_POINT('Ctrl Pts',(3.83944036778159,52.1286129165289,18.7604225882595));
#4766=CARTESIAN_POINT('Ctrl Pts',(3.78072422879919,52.1292781556069,18.763262242261));
#4767=CARTESIAN_POINT('Ctrl Pts',(3.74013560081237,52.1297380145474,18.7652252061391));
#4768=CARTESIAN_POINT('Ctrl Pts',(3.69791585355343,52.1302122355983,18.7672194976565));
#4769=CARTESIAN_POINT('Ctrl Pts',(3.65406773889471,52.1307024805173,18.7692533683737));
#4770=CARTESIAN_POINT('Ctrl Pts',(3.60042800007873,52.13130220093,18.7717414181998));
#4771=CARTESIAN_POINT('Ctrl Pts',(3.54434909183485,52.1319244872391,18.7742816240363));
#4772=CARTESIAN_POINT('Ctrl Pts',(3.48583101106587,52.1325688950447,18.7768739912698));
#4773=CARTESIAN_POINT('Ctrl Pts',(3.45657197068138,52.1328910989475,18.7781701748865));
#4774=CARTESIAN_POINT('Ctrl Pts',(3.42670313716572,52.1332188269924,18.779479401073));
#4775=CARTESIAN_POINT('Ctrl Pts',(3.39622451025941,52.1335520161625,18.7808016758071));
#4776=CARTESIAN_POINT('Ctrl Pts',(3.3695557117164,52.1338435566864,18.7819586661995));
#4777=CARTESIAN_POINT('Ctrl Pts',(3.34242004010764,52.134139277439,18.7831256471731));
#4778=CARTESIAN_POINT('Ctrl Pts',(3.31481749539636,52.1344391548793,18.7843026198963));
#4779=CARTESIAN_POINT('Ctrl Pts',(3.31087427472332,52.1344819945136,18.7844707588568));
#4780=CARTESIAN_POINT('Ctrl Pts',(3.30479282629086,52.1345480254473,18.7847296520385));
#4781=CARTESIAN_POINT('Ctrl Pts',(3.30295924931065,52.1345679283973,18.7848076484714));
#4782=CARTESIAN_POINT('Ctrl Pts',(3.25333121993441,52.135106626361,18.7869187184213));
#4783=CARTESIAN_POINT('Ctrl Pts',(3.19853607874973,52.1357398810815,18.7894098287549));
#4784=CARTESIAN_POINT('Ctrl Pts',(3.13856676704746,52.1364661879762,18.792253626118));
#4785=CARTESIAN_POINT('Ctrl Pts',(3.0567344707943,52.1374572842434,18.7961341853855));
#4786=CARTESIAN_POINT('Ctrl Pts',(2.96526880307881,52.1386216265285,18.8006741754008));
#4787=CARTESIAN_POINT('Ctrl Pts',(2.86417934939253,52.1399829056671,18.8059076512301));
#4788=CARTESIAN_POINT('Ctrl Pts',(2.81008190891781,52.1407113863788,18.8087083157587));
#4789=CARTESIAN_POINT('Ctrl Pts',(2.75322511396834,52.1414938004533,18.8116959694486));
#4790=CARTESIAN_POINT('Ctrl Pts',(2.69361346572712,52.1423367727558,18.8148841078219));
#4791=CARTESIAN_POINT('Ctrl Pts',(2.65671192095922,52.142858599967,18.8168576689358));
#4792=CARTESIAN_POINT('Ctrl Pts',(2.61875459341911,52.1434035786904,18.8189076939778));
#4793=CARTESIAN_POINT('Ctrl Pts',(2.57973947626885,52.143971081238,18.8210274269269));
#4794=CARTESIAN_POINT('Ctrl Pts',(2.52871893559121,52.1447132111849,18.8237994273477));
#4795=CARTESIAN_POINT('Ctrl Pts',(2.47589144414061,52.1454953644715,18.8266970576825));
#4796=CARTESIAN_POINT('Ctrl Pts',(2.42125699462313,52.1463192635518,18.8297197163613));
#4797=CARTESIAN_POINT('Ctrl Pts',(2.39393976986439,52.146731213092,18.8312310457007));
#4798=CARTESIAN_POINT('Ctrl Pts',(2.36617080556926,52.1471535928841,18.8327736338736));
#4799=CARTESIAN_POINT('Ctrl Pts',(2.33795010077161,52.1475865551783,18.8343474190744));
#4800=CARTESIAN_POINT('Ctrl Pts',(2.32383974837279,52.1478030363253,18.8351343116749));
#4801=CARTESIAN_POINT('Ctrl Pts',(2.30961646084883,52.1480221622442,18.8359290037705));
#4802=CARTESIAN_POINT('Ctrl Pts',(2.29528023808236,52.148243946153,18.8367314889018));
#4803=CARTESIAN_POINT('Ctrl Pts',(2.2845280710075,52.1484102840846,18.8373333527502));
#4804=CARTESIAN_POINT('Ctrl Pts',(2.27371237785882,52.1485781170548,18.8379396002038));
#4805=CARTESIAN_POINT('Ctrl Pts',(2.26283315858909,52.1487474490375,18.8385502289098));
#4806=CARTESIAN_POINT('Ctrl Pts',(2.25920675216584,52.1488038930317,18.8387537718117));
#4807=CARTESIAN_POINT('Ctrl Pts',(2.25385476936954,52.1488873053848,18.8390543440036));
#4808=CARTESIAN_POINT('Ctrl Pts',(2.25193276394402,52.1489172807672,18.8391623179583));
#4809=CARTESIAN_POINT('Ctrl Pts',(2.21701209082992,52.1494618996927,18.841124083065));
#4810=CARTESIAN_POINT('Ctrl Pts',(2.17998662654645,52.1500150447835,18.8430869467924));
#4811=CARTESIAN_POINT('Ctrl Pts',(2.14084965029018,52.1505717712497,18.8450297128458));
#4812=CARTESIAN_POINT('Ctrl Pts',(2.10986503516338,52.1510125297582,18.8465677943279));
#4813=CARTESIAN_POINT('Ctrl Pts',(2.07755687517092,52.1514554709912,18.8480929954525));
#4814=CARTESIAN_POINT('Ctrl Pts',(2.04391559251789,52.1518925453346,18.8495728246815));
#4815=CARTESIAN_POINT('Ctrl Pts',(1.98639236607494,52.1526398987185,18.8521031845586));
#4816=CARTESIAN_POINT('Ctrl Pts',(1.92496850637986,52.1533674803691,18.8544905487964));
#4817=CARTESIAN_POINT('Ctrl Pts',(1.85968457713995,52.1541071804807,18.8568713734739));
#4818=CARTESIAN_POINT('Ctrl Pts',(1.84149926723393,52.1543132292881,18.8575345693798));
#4819=CARTESIAN_POINT('Ctrl Pts',(1.82301452028177,52.1545202937386,18.8581975587752));
#4820=CARTESIAN_POINT('Ctrl Pts',(1.80423138140955,52.1547292295032,18.8588639383475));
#4821=CARTESIAN_POINT('Ctrl Pts',(1.72254716245819,52.1556378505199,18.8617618935432));
#4822=CARTESIAN_POINT('Ctrl Pts',(1.63517905387091,52.1565488426075,18.8645863469326));
#4823=CARTESIAN_POINT('Ctrl Pts',(1.5421270228825,52.157457663274,18.8673365353917));
#4824=CARTESIAN_POINT('Ctrl Pts',(1.53524030761855,52.1575249244513,18.8675400749022));
#4825=CARTESIAN_POINT('Ctrl Pts',(1.52832245995066,52.157592177434,18.8677432289722));
#4826=CARTESIAN_POINT('Ctrl Pts',(1.52137347942379,52.1576594216483,18.8679460053567));
#4827=CARTESIAN_POINT('Ctrl Pts',(1.47095231527152,52.158147339488,18.8694173321689));
#4828=CARTESIAN_POINT('Ctrl Pts',(1.4188920595095,52.1586345245283,18.8708675932053));
#4829=CARTESIAN_POINT('Ctrl Pts',(1.36519270880629,52.1591199198838,18.8722970299497));
#4830=CARTESIAN_POINT('Ctrl Pts',(1.33834303345469,52.1593626175616,18.873011748322));
#4831=CARTESIAN_POINT('Ctrl Pts',(1.31108358435171,52.1596048638609,18.8737212616847));
#4832=CARTESIAN_POINT('Ctrl Pts',(1.28341436101231,52.1598465060706,18.8744256062221));
#4833=CARTESIAN_POINT('Ctrl Pts',(1.25574513767291,52.1600881482803,18.8751299507595));
#4834=CARTESIAN_POINT('Ctrl Pts',(1.22584326914364,52.1603445600358,18.8758735354754));
#4835=CARTESIAN_POINT('Ctrl Pts',(1.1991773677818,52.1605694569675,18.8765231729287));
#4836=CARTESIAN_POINT('Ctrl Pts',(1.11390373823896,52.161288644269,18.8786006179316));
#4837=CARTESIAN_POINT('Ctrl Pts',(1.03013650669169,52.1619709847613,18.8805605284296));
#4838=CARTESIAN_POINT('Ctrl Pts',(0.947872728389188,52.1626240071843,18.8824388290429));
#4839=CARTESIAN_POINT('Ctrl Pts',(0.835922285913651,52.1635126868768,18.8849949550694));
#4840=CARTESIAN_POINT('Ctrl Pts',(0.72675442149236,52.1643465545962,18.8873976799566));
#4841=CARTESIAN_POINT('Ctrl Pts',(0.620352551599447,52.1651228983298,18.8896380560884));
#4842=CARTESIAN_POINT('Ctrl Pts',(0.51362559321487,52.1659016140181,18.8918852772174));
#4843=CARTESIAN_POINT('Ctrl Pts',(0.409680107638394,52.1666211895307,18.8939636519136));
#4844=CARTESIAN_POINT('Ctrl Pts',(0.308521181002863,52.1672777585591,18.8958556518573));
#4845=CARTESIAN_POINT('Ctrl Pts',(0.213852107357734,52.1678922053881,18.8976262705063));
#4846=CARTESIAN_POINT('Ctrl Pts',(0.121623897730979,52.1684512448383,18.8992327736156));
#4847=CARTESIAN_POINT('Ctrl Pts',(0.0318653662071703,52.1689604293121,18.9006947390715));
#4848=CARTESIAN_POINT('Ctrl Pts',(-0.0146004995106171,52.1692240220535,
18.9014515639594));
#4849=CARTESIAN_POINT('Ctrl Pts',(-0.060416727327198,52.1694741184289,18.902169146735));
#4850=CARTESIAN_POINT('Ctrl Pts',(-0.105572603494103,52.1697100569244,18.9028456510068));
#4851=CARTESIAN_POINT('Ctrl Pts',(-0.197809993860952,52.1701919953333,18.9042275085613));
#4852=CARTESIAN_POINT('Ctrl Pts',(-0.287296437374984,52.1706154210773,18.9054366457939));
#4853=CARTESIAN_POINT('Ctrl Pts',(-0.374053630211636,52.1709838136015,18.906474087736));
#4854=CARTESIAN_POINT('Ctrl Pts',(-0.405495388797941,52.1711173230943,18.9068500680786));
#4855=CARTESIAN_POINT('Ctrl Pts',(-0.436578191770791,52.1712435725517,18.907203723361));
#4856=CARTESIAN_POINT('Ctrl Pts',(-0.467301649382332,52.1713626741575,18.9075357226555));
#4857=CARTESIAN_POINT('Ctrl Pts',(-0.545802305351902,52.1716669873735,18.9083840048615));
#4858=CARTESIAN_POINT('Ctrl Pts',(-0.62195603887308,52.1719233125044,18.9090863498299));
#4859=CARTESIAN_POINT('Ctrl Pts',(-0.695762852382195,52.1721294349466,18.9096434263642));
#4860=CARTESIAN_POINT('Ctrl Pts',(-0.73266625913675,52.1722324961677,18.9099219646313));
#4861=CARTESIAN_POINT('Ctrl Pts',(-0.768982935879371,52.1723230007923,18.9101641883938));
#4862=CARTESIAN_POINT('Ctrl Pts',(-0.804712882817941,52.1724007172744,18.9103701703332));
#4863=CARTESIAN_POINT('Ctrl Pts',(-0.822577856287226,52.1724395755154,18.9104731613029));
#4864=CARTESIAN_POINT('Ctrl Pts',(-0.84029614730401,52.172475237817,18.9105670915219));
#4865=CARTESIAN_POINT('Ctrl Pts',(-0.85786775588605,52.1725076829701,18.9106519678101));
#4866=CARTESIAN_POINT('Ctrl Pts',(-0.871046462322581,52.1725320168349,18.9107156250264));
#4867=CARTESIAN_POINT('Ctrl Pts',(-0.884142659889438,52.1725545411653,18.9107741893752));
#4868=CARTESIAN_POINT('Ctrl Pts',(-0.897156348592119,52.1725752492291,18.9108276630661));
#4869=CARTESIAN_POINT('Ctrl Pts',(-0.901494244826348,52.172582151917,18.9108454876298));
#4870=CARTESIAN_POINT('Ctrl Pts',(-0.904385932274336,52.1725866907435,18.9108571929745));
#4871=CARTESIAN_POINT('Ctrl Pts',(-0.910142534340207,52.1725953517184,18.9108794399221));
#4872=CARTESIAN_POINT('Ctrl Pts',(-1.04383907212126,52.1727965020409,18.9113961231746));
#4873=CARTESIAN_POINT('Ctrl Pts',(-1.17653966533632,52.1728683810043,18.9115794839407));
#4874=CARTESIAN_POINT('Ctrl Pts',(-1.30822090744152,52.1728213913537,18.9114740601244));
#4875=CARTESIAN_POINT('Ctrl Pts',(-1.42167420359057,52.1727809062348,18.9113832295759));
#4876=CARTESIAN_POINT('Ctrl Pts',(-1.53436954363408,52.172653227143,18.9110794773321));
#4877=CARTESIAN_POINT('Ctrl Pts',(-1.64627039242712,52.1724469222999,18.9105643198058));
#4878=CARTESIAN_POINT('Ctrl Pts',(-1.74154123803179,52.1722712771903,18.910125721764));
#4879=CARTESIAN_POINT('Ctrl Pts',(-1.83623590365253,52.1720391094097,18.9095338750846));
#4880=CARTESIAN_POINT('Ctrl Pts',(-1.93032275052521,52.1717480315771,18.908761900151));
#4881=CARTESIAN_POINT('Ctrl Pts',(-2.02979679433219,52.1714402872957,18.9079457237043));
#4882=CARTESIAN_POINT('Ctrl Pts',(-2.128591299045,52.1710675405451,18.9069290001082));
#4883=CARTESIAN_POINT('Ctrl Pts',(-2.2266597911258,52.170607452252,18.9056391048148));
#4884=CARTESIAN_POINT('Ctrl Pts',(-2.23529757532157,52.1705669280908,18.9055254920025));
#4885=CARTESIAN_POINT('Ctrl Pts',(-2.24392972313155,52.1705257095929,18.9054097309566));
#4886=CARTESIAN_POINT('Ctrl Pts',(-2.25255620093378,52.1704837713363,18.9052917551575));
#4887=CARTESIAN_POINT('Ctrl Pts',(-2.3359546311179,52.1700783237315,18.904151197369));
#4888=CARTESIAN_POINT('Ctrl Pts',(-2.41882399894371,52.1696079067748,18.9028080413676));
#4889=CARTESIAN_POINT('Ctrl Pts',(-2.50121605817672,52.1690974487495,18.901326122483));
#4890=CARTESIAN_POINT('Ctrl Pts',(-2.59203250998101,52.1685347976023,18.8996926809085));
#4891=CARTESIAN_POINT('Ctrl Pts',(-2.68226908977125,52.1679227183878,18.8978898831854));
#4892=CARTESIAN_POINT('Ctrl Pts',(-2.77198225290203,52.1672674665994,18.895944608663));
#4893=CARTESIAN_POINT('Ctrl Pts',(-2.8562934956765,52.1666516696451,18.8941164654251));
#4894=CARTESIAN_POINT('Ctrl Pts',(-2.9401424112069,52.1659968402007,18.892160809258));
#4895=CARTESIAN_POINT('Ctrl Pts',(-3.02356559152369,52.165298984466,18.8900714270745));
#4896=CARTESIAN_POINT('Ctrl Pts',(-3.10757856551955,52.1645961949599,18.8879672731646));
#4897=CARTESIAN_POINT('Ctrl Pts',(-3.19108574868867,52.1638441408554,18.8857080756267));
#4898=CARTESIAN_POINT('Ctrl Pts',(-3.27408713520093,52.1630437206899,18.8832934668978));
#4899=CARTESIAN_POINT('Ctrl Pts',(-3.28446230851496,52.1629436681692,18.8829916408067));
#4900=CARTESIAN_POINT('Ctrl Pts',(-3.29482957875788,52.1628428646646,18.8826873850675));
#4901=CARTESIAN_POINT('Ctrl Pts',(-3.30518894591907,52.1627413160499,18.8823806978491));
#4902=CARTESIAN_POINT('Ctrl Pts',(-3.31554831308026,52.1626397674352,18.8820740106307));
#4903=CARTESIAN_POINT('Ctrl Pts',(-3.32069100264397,52.1625887472496,18.8819197545325));
#4904=CARTESIAN_POINT('Ctrl Pts',(-3.32780726058962,52.1625177540435,18.8817049465493));
#4905=CARTESIAN_POINT('Ctrl Pts',(-3.34203977648093,52.1623757676314,18.881275330583));
#4906=CARTESIAN_POINT('Ctrl Pts',(-3.35648985100875,52.1622291392949,18.8808308355789));
#4907=CARTESIAN_POINT('Ctrl Pts',(-3.37115748409786,52.1620778842971,18.8803714555248));
#4908=CARTESIAN_POINT('Ctrl Pts',(-3.40049275027608,52.1617753743017,18.8794526954165));
#4909=CARTESIAN_POINT('Ctrl Pts',(-3.43069825069094,52.1614543488853,18.8784743975596));
#4910=CARTESIAN_POINT('Ctrl Pts',(-3.46177398496095,52.1611150208969,18.8774364823661));
#4911=CARTESIAN_POINT('Ctrl Pts',(-3.54144449842224,52.1602450676779,18.8747755239581));
#4912=CARTESIAN_POINT('Ctrl Pts',(-3.62683195467769,52.159255635011,18.8717279126612));
#4913=CARTESIAN_POINT('Ctrl Pts',(-3.71794312467323,52.1581521368599,18.8682793603555));
#4914=CARTESIAN_POINT('Ctrl Pts',(-3.76898474796605,52.1575339433175,18.866347437983));
#4915=CARTESIAN_POINT('Ctrl Pts',(-3.82182261298025,52.1568801933795,18.8642899229367));
#4916=CARTESIAN_POINT('Ctrl Pts',(-3.87645399408207,52.1561947911254,18.8621104524197));
#4917=CARTESIAN_POINT('Ctrl Pts',(-3.90264841717399,52.1558661573571,18.8610654491324));
#4918=CARTESIAN_POINT('Ctrl Pts',(-3.92925962042763,52.1555309371439,18.8599949211863));
#4919=CARTESIAN_POINT('Ctrl Pts',(-3.9562870900592,52.1551888130318,18.8588963523695));
#4920=CARTESIAN_POINT('Ctrl Pts',(-4.026835197275,52.1542957879402,18.8560288271541));
#4921=CARTESIAN_POINT('Ctrl Pts',(-4.10022136282889,52.1533549168301,18.8529674535651));
#4922=CARTESIAN_POINT('Ctrl Pts',(-4.17642098955621,52.1523678353315,18.8496904033496));
#4923=CARTESIAN_POINT('Ctrl Pts',(-4.24545594847606,52.1514735641437,18.8467214776906));
#4924=CARTESIAN_POINT('Ctrl Pts',(-4.31680050371612,52.1505415020701,18.8435750126249));
#4925=CARTESIAN_POINT('Ctrl Pts',(-4.39041213803675,52.149581125117,18.8402706309785));
#4926=CARTESIAN_POINT('Ctrl Pts',(-4.39805178778702,52.1494814541394,18.8399276917318));
#4927=CARTESIAN_POINT('Ctrl Pts',(-4.40571583023251,52.1493814848019,18.8395830902117));
#4928=CARTESIAN_POINT('Ctrl Pts',(-4.41340419904685,52.1492812320844,18.8392368765132));
#4929=CARTESIAN_POINT('Ctrl Pts',(-4.49793127292327,52.1481790387507,18.8354305514557));
#4930=CARTESIAN_POINT('Ctrl Pts',(-4.58540143079903,52.1470425079947,18.8314300078834));
#4931=CARTESIAN_POINT('Ctrl Pts',(-4.67589049129506,52.1458693386706,18.8272231794932));
#4932=CARTESIAN_POINT('Ctrl Pts',(-4.75961806085683,52.1447838304814,18.8233306922165));
#4933=CARTESIAN_POINT('Ctrl Pts',(-4.84593139181499,52.1436669001453,18.8192618311609));
#4934=CARTESIAN_POINT('Ctrl Pts',(-4.93484900585094,52.1425185083959,18.8149977451153));
#4935=CARTESIAN_POINT('Ctrl Pts',(-4.94202962323117,52.1424257690456,18.8146533952281));
#4936=CARTESIAN_POINT('Ctrl Pts',(-4.94922719639874,52.1423328256278,18.8143077664829));
#4937=CARTESIAN_POINT('Ctrl Pts',(-4.95644171997909,52.1422396786845,18.8139608461014));
#4938=CARTESIAN_POINT('Ctrl Pts',(-5.05134936499737,52.1410143230624,18.8093970802414));
#4939=CARTESIAN_POINT('Ctrl Pts',(-5.14914916091057,52.1397599617917,18.8046370727957));
#4940=CARTESIAN_POINT('Ctrl Pts',(-5.24986352046381,52.1384787824279,18.7996609861311));
#4941=CARTESIAN_POINT('Ctrl Pts',(-5.30235249645749,52.1378110743358,18.7970676151893));
#4942=CARTESIAN_POINT('Ctrl Pts',(-5.35563198854996,52.1371360887034,18.7944155751662));
#4943=CARTESIAN_POINT('Ctrl Pts',(-5.40970026751385,52.1364541007701,18.7917043847272));
#4944=CARTESIAN_POINT('Ctrl Pts',(-5.47908575091456,52.1355789099311,18.7882251310352));
#4945=CARTESIAN_POINT('Ctrl Pts',(-5.54976983108871,52.1346921753217,18.7846481235229));
#4946=CARTESIAN_POINT('Ctrl Pts',(-5.6217494857067,52.1337950411976,18.7809856940239));
#4947=CARTESIAN_POINT('Ctrl Pts',(-5.6736565359752,52.1331480863556,18.7783445878236));
#4948=CARTESIAN_POINT('Ctrl Pts',(-5.72802205233975,52.1324689508556,18.7755422299497));
#4949=CARTESIAN_POINT('Ctrl Pts',(-5.78218011885607,52.131794745146,18.772736194584));
#4950=CARTESIAN_POINT('Ctrl Pts',(-5.8364001522818,52.1311197680195,18.7699269485914));
#4951=CARTESIAN_POINT('Ctrl Pts',(-5.89041196382801,52.1304495617301,18.7671143695407));
#4952=CARTESIAN_POINT('Ctrl Pts',(-5.94154779157429,52.1298113576109,18.7644013849978));
#4953=CARTESIAN_POINT('Ctrl Pts',(-5.95529740863902,52.1296397545953,18.7636719062701));
#4954=CARTESIAN_POINT('Ctrl Pts',(-5.96883914791297,52.1294704200312,18.7629493271155));
#4955=CARTESIAN_POINT('Ctrl Pts',(-5.9821212673163,52.1293037988656,18.762235066473));
#4956=CARTESIAN_POINT('Ctrl Pts',(-6.06525515279173,52.1282609031896,18.7577644499504));
#4957=CARTESIAN_POINT('Ctrl Pts',(-6.14174502291001,52.1272956173223,18.7535285748945));
#4958=CARTESIAN_POINT('Ctrl Pts',(-6.21159003728349,52.1264081974492,18.7495185167132));
#4959=CARTESIAN_POINT('Ctrl Pts',(-6.23585873789641,52.1260998500688,18.7481251616925));
#4960=CARTESIAN_POINT('Ctrl Pts',(-6.2593252303756,52.1258009292889,18.7467593688618));
#4961=CARTESIAN_POINT('Ctrl Pts',(-6.28198963822364,52.1255116106261,18.7454227310743));
#4962=CARTESIAN_POINT('Ctrl Pts',(-6.3333603093019,52.1248558470181,18.7423931359226));
#4963=CARTESIAN_POINT('Ctrl Pts',(-6.38061042071109,52.1242498122912,18.7395159832044));
#4964=CARTESIAN_POINT('Ctrl Pts',(-6.42373878100817,52.1236894198223,18.7367732952272));
#4965=CARTESIAN_POINT('Ctrl Pts',(-6.45440058500336,52.1232910127434,18.7348234005269));
#4966=CARTESIAN_POINT('Ctrl Pts',(-6.48297920857376,52.1229158349446,18.732942719479));
#4967=CARTESIAN_POINT('Ctrl Pts',(-6.50947518656571,52.1225641805375,18.7311407407361));
#4968=CARTESIAN_POINT('Ctrl Pts',(-6.54135756650357,52.1221410378471,18.7289724353827));
#4969=CARTESIAN_POINT('Ctrl Pts',(-6.57022401001199,52.1217509667242,18.7269104713633));
#4970=CARTESIAN_POINT('Ctrl Pts',(-6.59607451731116,52.1213923666261,18.7249552560125));
#4971=CARTESIAN_POINT('Ctrl Pts',(-6.60177047997595,52.121313351822,18.7245244391813));
#4972=CARTESIAN_POINT('Ctrl Pts',(-6.60732002419342,52.1212358725432,18.7240988665727));
#4973=CARTESIAN_POINT('Ctrl Pts',(-6.61272313336826,52.121159896141,18.7236784070835));
#4974=CARTESIAN_POINT('Ctrl Pts',(-6.61651555803348,52.1211065685527,18.7233832879426));
#4975=CARTESIAN_POINT('Ctrl Pts',(-6.62023584048057,52.1210539816694,18.7230906908265));
#4976=CARTESIAN_POINT('Ctrl Pts',(-6.62388399000712,52.1210021351672,18.7228006922775));
#4977=CARTESIAN_POINT('Ctrl Pts',(-6.62683255944807,52.1209602309056,18.7225663047193));
#4978=CARTESIAN_POINT('Ctrl Pts',(-6.63191299907957,52.1208876787316,18.7221589451049));
#4979=CARTESIAN_POINT('Ctrl Pts',(-6.63785757912185,52.1208029210782,18.7216810361786));
#4980=CARTESIAN_POINT('Ctrl Pts',(-6.661635899291,52.1204638904644,18.7197694004737));
#4981=CARTESIAN_POINT('Ctrl Pts',(-6.68512301387683,52.1201297111556,18.7178569398586));
#4982=CARTESIAN_POINT('Ctrl Pts',(-6.70831891966632,52.1197996099489,18.7159437602958));
#4983=CARTESIAN_POINT('Ctrl Pts',(-6.75093118411244,52.119193194315,18.7124291351632));
#4984=CARTESIAN_POINT('Ctrl Pts',(-6.79255793638816,52.1185987607712,18.7088974347623));
#4985=CARTESIAN_POINT('Ctrl Pts',(-6.83320439679391,52.1180181426183,18.7053767937407));
#4986=CARTESIAN_POINT('Ctrl Pts',(-6.8760612832949,52.1174059494278,18.7016646940604));
#4987=CARTESIAN_POINT('Ctrl Pts',(-6.91782828801445,52.1168091145086,18.6979646351142));
#4988=CARTESIAN_POINT('Ctrl Pts',(-6.95850098679795,52.116226612785,18.6942528248212));
#4989=CARTESIAN_POINT('Ctrl Pts',(-6.96324611531685,52.1161586545323,18.6938197820823));
#4990=CARTESIAN_POINT('Ctrl Pts',(-6.96797633895713,52.1160908881095,18.693386522648));
#4991=CARTESIAN_POINT('Ctrl Pts',(-6.97269164293109,52.1160233094114,18.6929529655876));
#4992=CARTESIAN_POINT('Ctrl Pts',(-7.00399095575841,52.1155747345529,18.6900750942698));
#4993=CARTESIAN_POINT('Ctrl Pts',(-7.03463503826265,52.1151355770179,18.6871956902313));
#4994=CARTESIAN_POINT('Ctrl Pts',(-7.06462389248665,52.1147068809628,18.6843147152717));
#4995=CARTESIAN_POINT('Ctrl Pts',(-7.06962203485732,52.1146354316203,18.6838345527785));
#4996=CARTESIAN_POINT('Ctrl Pts',(-7.07577076622705,52.1145474892459,18.6832400811945));
#4997=CARTESIAN_POINT('Ctrl Pts',(-7.07867497892847,52.1145061278717,18.682960369529));
#4998=CARTESIAN_POINT('Ctrl Pts',(-7.08157919162988,52.1144647664974,18.6826806578636));
#4999=CARTESIAN_POINT('Ctrl Pts',(-7.08457856618429,52.1144224752796,18.6823955502393));
#5000=CARTESIAN_POINT('Ctrl Pts',(-7.08767310257285,52.1143792639832,18.6821050451837));
#5001=CARTESIAN_POINT('Ctrl Pts',(-7.11242939368136,52.114033573612,18.6797810047391));
#5002=CARTESIAN_POINT('Ctrl Pts',(-7.1432760403703,52.1136286635457,18.6771115701362));
#5003=CARTESIAN_POINT('Ctrl Pts',(-7.18021304033136,52.1131715853436,18.6740955146227));
#5004=CARTESIAN_POINT('Ctrl Pts',(-7.21759995873288,52.11270893961,18.6710427214478));
#5005=CARTESIAN_POINT('Ctrl Pts',(-7.2612243194557,52.1121918324244,18.6676246672272));
#5006=CARTESIAN_POINT('Ctrl Pts',(-7.31109028285203,52.111634967602,18.6638581700448));
#5007=CARTESIAN_POINT('Ctrl Pts',(-7.35215092777623,52.1111764338208,18.660756759927));
#5008=CARTESIAN_POINT('Ctrl Pts',(-7.3974439286277,52.1106913613476,18.6574223416292));
#5009=CARTESIAN_POINT('Ctrl Pts',(-7.44696680665415,52.1101890624465,18.6538415089933));
#5010=CARTESIAN_POINT('Ctrl Pts',(-7.45613928991787,52.1100960281067,18.6531782775993));
#5011=CARTESIAN_POINT('Ctrl Pts',(-7.46545685809124,52.1100023974758,18.6525064513086));
#5012=CARTESIAN_POINT('Ctrl Pts',(-7.47491946317197,52.1099082194456,18.6518257217788));
#5013=CARTESIAN_POINT('Ctrl Pts',(-7.49346776976114,52.1097236145759,18.6504913767528));
#5014=CARTESIAN_POINT('Ctrl Pts',(-7.51259273810675,52.1095371086824,18.6491254062176));
#5015=CARTESIAN_POINT('Ctrl Pts',(-7.53140446140477,52.1093570192096,18.6477850705905));
#5016=CARTESIAN_POINT('Ctrl Pts',(-7.54367727346324,52.1092395284185,18.6469106325082));
#5017=CARTESIAN_POINT('Ctrl Pts',(-7.55581672412677,52.1091247255254,18.6460468588081));
#5018=CARTESIAN_POINT('Ctrl Pts',(-7.56757547651253,52.1090145393721,18.6452078240154));
#5019=CARTESIAN_POINT('Ctrl Pts',(-7.59735800333212,52.1087354602693,18.6430827196339));
#5020=CARTESIAN_POINT('Ctrl Pts',(-7.62653971633899,52.1084692954026,18.6409939094852));
#5021=CARTESIAN_POINT('Ctrl Pts',(-7.6551206122131,52.1082150955788,18.6389415452705));
#5022=CARTESIAN_POINT('Ctrl Pts',(-7.71228240396131,52.1077066959313,18.634836816841));
#5023=CARTESIAN_POINT('Ctrl Pts',(-7.76704092648176,52.1072460996237,18.6308778836134));
#5024=CARTESIAN_POINT('Ctrl Pts',(-7.81939615675164,52.1068253467094,18.6270659792831));
#5025=CARTESIAN_POINT('Ctrl Pts',(-7.87865714698533,52.1063490956412,18.6227512771201));
#5026=CARTESIAN_POINT('Ctrl Pts',(-7.93483500116135,52.1059250187939,18.6186469215616));
#5027=CARTESIAN_POINT('Ctrl Pts',(-7.98793498194685,52.10554139495,18.6147204000518));
#5028=CARTESIAN_POINT('Ctrl Pts',(-8.06076720428677,52.1050152144001,18.6093347618013));
#5029=CARTESIAN_POINT('Ctrl Pts',(-8.12781019076588,52.1045652232705,18.6042859291962));
#5030=CARTESIAN_POINT('Ctrl Pts',(-8.18906405229487,52.1041746623121,18.5995865703591));
#5031=CARTESIAN_POINT('Ctrl Pts',(-8.240969276514,52.1038437092325,18.5956044332654));
#5032=CARTESIAN_POINT('Ctrl Pts',(-8.28871677867904,52.1035557920067,18.5918757513978));
#5033=CARTESIAN_POINT('Ctrl Pts',(-8.33230011266597,52.1033038751334,18.5884208723585));
#5034=CARTESIAN_POINT('Ctrl Pts',(-8.36542884533095,52.1031123871038,18.5857947363195));
#5035=CARTESIAN_POINT('Ctrl Pts',(-8.39615425916111,52.1029413593268,18.5833176962922));
#5036=CARTESIAN_POINT('Ctrl Pts',(-8.42447635376931,52.1027879606257,18.5809900056402));
#5037=CARTESIAN_POINT('Ctrl Pts',(-8.43155687742135,52.1027496109504,18.5804080829772));
#5038=CARTESIAN_POINT('Ctrl Pts',(-8.43934997487154,52.1027075801284,18.5797638747335));
#5039=CARTESIAN_POINT('Ctrl Pts',(-8.44950398438352,52.102653696348,18.578922442417));
#5040=CARTESIAN_POINT('Ctrl Pts',(-8.45965799389551,52.1025998125676,18.5780810101006));
#5041=CARTESIAN_POINT('Ctrl Pts',(-8.46984543778717,52.102546507172,18.5772346490001));
#5042=CARTESIAN_POINT('Ctrl Pts',(-8.48006631604925,52.1024938085281,18.5763833595253));
#5043=CARTESIAN_POINT('Ctrl Pts',(-8.50050807257341,52.1023884112402,18.5746807805756));
#5044=CARTESIAN_POINT('Ctrl Pts',(-8.52108356657732,52.10228544058,18.5729584881507));
#5045=CARTESIAN_POINT('Ctrl Pts',(-8.54179279801641,52.102185129668,18.5712164865766));
#5046=CARTESIAN_POINT('Ctrl Pts',(-8.6081994286465,52.1018634707162,18.5656305499168));
#5047=CARTESIAN_POINT('Ctrl Pts',(-8.67597890661076,52.10156920222,18.5598427746703));
#5048=CARTESIAN_POINT('Ctrl Pts',(-8.74513736255852,52.101310025281,18.5538510689597));
#5049=CARTESIAN_POINT('Ctrl Pts',(-8.76224851291984,52.1012458998532,18.5523686041486));
#5050=CARTESIAN_POINT('Ctrl Pts',(-8.77944383894249,52.1011839232597,18.5508737231992));
#5051=CARTESIAN_POINT('Ctrl Pts',(-8.79672297101354,52.1011242117792,18.5493665899177));
#5052=CARTESIAN_POINT('Ctrl Pts',(-8.81269956014387,52.1010690014951,18.5479730680033));
#5053=CARTESIAN_POINT('Ctrl Pts',(-8.82874922752227,52.1010157049779,18.5465679309795));
#5054=CARTESIAN_POINT('Ctrl Pts',(-8.84487069561168,52.1009644279185,18.5451517081122));
#5055=CARTESIAN_POINT('Ctrl Pts',(-8.92471583102913,52.1007104669436,18.538137551213));
#5056=CARTESIAN_POINT('Ctrl Pts',(-9.00632193751576,52.100503631275,18.530854525804));
#5057=CARTESIAN_POINT('Ctrl Pts',(-9.089691101186,52.1003375988038,18.5233213068129));
#5058=CARTESIAN_POINT('Ctrl Pts',(-9.16217191518171,52.1001932508442,18.5167719566642));
#5059=CARTESIAN_POINT('Ctrl Pts',(-9.23598468736344,52.1000798025996,18.5100342520006));
#5060=CARTESIAN_POINT('Ctrl Pts',(-9.31113310284529,52.1000165023938,18.5030805218693));
#5061=CARTESIAN_POINT('Ctrl Pts',(-9.32242218998636,52.1000069931908,18.5020359054938));
#5062=CARTESIAN_POINT('Ctrl Pts',(-9.33374143984354,52.0999986603268,18.5009863304948));
#5063=CARTESIAN_POINT('Ctrl Pts',(-9.34509089613562,52.0999916154495,18.4999316172005));
#5064=CARTESIAN_POINT('Origin',(4.78968400496882E-7,47.4500000000075,28.5000004789786));
#5065=CARTESIAN_POINT('',(6.98127536517437,42.8222331782218,28.0802053697207));
#5066=CARTESIAN_POINT('Ctrl Pts',(6.98127536517437,42.8222331782218,28.0802053697206));
#5067=CARTESIAN_POINT('Ctrl Pts',(6.97474383661276,42.8134182680796,28.081741638354));
#5068=CARTESIAN_POINT('Ctrl Pts',(6.96776244572305,42.8040048821168,28.0833770604981));
#5069=CARTESIAN_POINT('Ctrl Pts',(6.96047236806039,42.7942107097424,28.0850800829759));
#5070=CARTESIAN_POINT('Ctrl Pts',(6.95292010192019,42.7840642888376,28.086844354852));
#5071=CARTESIAN_POINT('Ctrl Pts',(6.94503653387101,42.7735089546208,28.0886811781983));
#5072=CARTESIAN_POINT('Ctrl Pts',(6.93695255244982,42.7627371383848,28.0905612623338));
#5073=CARTESIAN_POINT('Ctrl Pts',(6.92856442080641,42.7515600453265,28.0925120824071));
#5074=CARTESIAN_POINT('Ctrl Pts',(6.91996049036143,42.7401496206816,28.0945094830576));
#5075=CARTESIAN_POINT('Ctrl Pts',(6.91125964940504,42.7286722627426,28.0965268355482));
#5076=CARTESIAN_POINT('Ctrl Pts',(6.90221535642068,42.7167418541295,28.0986238198591));
#5077=CARTESIAN_POINT('Ctrl Pts',(6.89306631884783,42.7047388612367,28.1007423680774));
#5078=CARTESIAN_POINT('Ctrl Pts',(6.88391747226018,42.6928026822142,28.1028589683125));
#5079=CARTESIAN_POINT('Ctrl Pts',(6.87418919049818,42.6801105344577,28.1051096217985));
#5080=CARTESIAN_POINT('Ctrl Pts',(6.86446118035145,42.6674938027847,28.107358058823));
#5081=CARTESIAN_POINT('Ctrl Pts',(6.85482754997286,42.6550703045009,28.1095832045126));
#5082=CARTESIAN_POINT('Ctrl Pts',(6.84477272194838,42.6421036311082,28.1119056371117));
#5083=CARTESIAN_POINT('Ctrl Pts',(6.83482063258443,42.629347138669,28.1142027125349));
#5084=CARTESIAN_POINT('Ctrl Pts',(6.82504469237677,42.61688597872,28.1164580286685));
#5085=CARTESIAN_POINT('Ctrl Pts',(6.81481580175578,42.6038474535837,28.1188178407742));
#5086=CARTESIAN_POINT('Ctrl Pts',(6.80477966618878,42.5911319348551,28.1211319544743));
#5087=CARTESIAN_POINT('Ctrl Pts',(6.79498570247088,42.5787897643405,28.1233894062789));
#5088=CARTESIAN_POINT('Ctrl Pts',(6.78471014805214,42.5658407022018,28.1257578619455));
#5089=CARTESIAN_POINT('Ctrl Pts',(6.77470104870964,42.5533022721921,28.1280639719403));
#5090=CARTESIAN_POINT('Ctrl Pts',(6.76497983005319,42.5411870677285,28.1303031384042));
#5091=CARTESIAN_POINT('Ctrl Pts',(6.75475255613523,42.5284411848305,28.1326588686458));
#5092=CARTESIAN_POINT('Ctrl Pts',(6.74484377290068,42.5161633962813,28.1349405353795));
#5093=CARTESIAN_POINT('Ctrl Pts',(6.7352419688475,42.5043245370565,28.1371510510274));
#5094=CARTESIAN_POINT('Ctrl Pts',(6.72484757165666,42.4915084241275,28.1395440365031));
#5095=CARTESIAN_POINT('Ctrl Pts',(6.71481291303013,42.4792065082566,28.1418536412173));
#5096=CARTESIAN_POINT('Ctrl Pts',(6.70508277146755,42.4673357767949,28.1440927874575));
#5097=CARTESIAN_POINT('Ctrl Pts',(6.69485364870316,42.4548562903821,28.1464467616141));
#5098=CARTESIAN_POINT('Ctrl Pts',(6.6849608513517,42.4428529392382,28.1487229156023));
#5099=CARTESIAN_POINT('Ctrl Pts',(6.67529930301802,42.4311855586981,28.1509455761719));
#5100=CARTESIAN_POINT('Ctrl Pts',(6.66518672201005,42.4189735066763,28.1532719978061));
#5101=CARTESIAN_POINT('Ctrl Pts',(6.65532728384381,42.4071291643908,28.1555398597411));
#5102=CARTESIAN_POINT('Ctrl Pts',(6.64556029975779,42.3954513354022,28.1577862230112));
#5103=CARTESIAN_POINT('Ctrl Pts',(6.63535557868116,42.3832501291179,28.1601332638588));
#5104=CARTESIAN_POINT('Ctrl Pts',(6.62525172313741,42.3712304735442,28.1624568487575));
#5105=CARTESIAN_POINT('Ctrl Pts',(6.61502481269854,42.3591244677991,28.164808532149));
#5106=CARTESIAN_POINT('Ctrl Pts',(6.60473655249571,42.3469458398678,28.1671743229507));
#5107=CARTESIAN_POINT('Ctrl Pts',(6.59432372099934,42.3346796255637,28.1695685574244));
#5108=CARTESIAN_POINT('Ctrl Pts',(6.58351931939345,42.3220186499208,28.1720526535576));
#5109=CARTESIAN_POINT('Ctrl Pts',(6.57297816797555,42.3096661600543,28.1744762244717));
#5110=CARTESIAN_POINT('Ctrl Pts',(6.56206436376525,42.2969378110023,28.1769853146823));
#5111=CARTESIAN_POINT('Ctrl Pts',(6.55049291002155,42.2835180192769,28.1796454535483));
#5112=CARTESIAN_POINT('Ctrl Pts',(6.54306892825826,42.2749081858675,28.1813521381937));
#5113=CARTESIAN_POINT('Ctrl Pts',(6.5353735200423,42.2660131494264,28.1831211636541));
#5114=CARTESIAN_POINT('Ctrl Pts',(6.52732251589423,42.2567427697634,28.1849718802697));
#5115=CARTESIAN_POINT('Ctrl Pts',(6.49756687945287,42.2224804539263,28.1918119277666));
#5116=CARTESIAN_POINT('Ctrl Pts',(6.46726631953511,42.1880493055643,28.1987480613117));
#5117=CARTESIAN_POINT('Ctrl Pts',(6.43656157965446,42.1536237001155,28.2057541993182));
#5118=CARTESIAN_POINT('Ctrl Pts',(6.40501723395035,42.118256743627,28.21295191668));
#5119=CARTESIAN_POINT('Ctrl Pts',(6.37304628232952,42.082895312894,28.2202235210599));
#5120=CARTESIAN_POINT('Ctrl Pts',(6.34077263964295,42.047680534074,28.2275471618837));
#5121=CARTESIAN_POINT('Ctrl Pts',(6.30716328770681,42.0110083212034,28.2351739062302));
#5122=CARTESIAN_POINT('Ctrl Pts',(6.27322571119175,41.9744949088258,28.242857071363));
#5123=CARTESIAN_POINT('Ctrl Pts',(6.23906890437472,41.9382526666061,28.250578960726));
#5124=CARTESIAN_POINT('Ctrl Pts',(6.22553392042596,41.9238913075559,28.2536388383411));
#5125=CARTESIAN_POINT('Ctrl Pts',(6.21196417808737,41.9095720454871,28.2567048721901));
#5126=CARTESIAN_POINT('Ctrl Pts',(6.19836517721297,41.8953000798255,28.2597762519112));
#5127=CARTESIAN_POINT('Ctrl Pts',(6.16324144597679,41.8584382036671,28.2677090638028));
#5128=CARTESIAN_POINT('Ctrl Pts',(6.127924532761,41.8218949074633,28.2756762476291));
#5129=CARTESIAN_POINT('Ctrl Pts',(6.09248481700295,41.7857491815728,28.2836396425442));
#5130=CARTESIAN_POINT('Ctrl Pts',(6.05559552457642,41.7481250013609,28.2919287610499));
#5131=CARTESIAN_POINT('Ctrl Pts',(6.01857322001437,41.7109312452749,28.3002139023237));
#5132=CARTESIAN_POINT('Ctrl Pts',(5.9814657988779,41.6742133471384,28.308468797644));
#5133=CARTESIAN_POINT('Ctrl Pts',(5.94201059184961,41.6351723082236,28.317245980048));
#5134=CARTESIAN_POINT('Ctrl Pts',(5.90245932263531,41.596669007219,28.325989059744));
#5135=CARTESIAN_POINT('Ctrl Pts',(5.86283287692053,41.5587140793752,28.3346833641143));
#5136=CARTESIAN_POINT('Ctrl Pts',(5.82165879826768,41.5192768006561,28.3437172293908));
#5137=CARTESIAN_POINT('Ctrl Pts',(5.78040358392618,41.4804311255428,28.3526986037809));
#5138=CARTESIAN_POINT('Ctrl Pts',(5.73905091509634,41.4421485781358,28.3616265666296));
#5139=CARTESIAN_POINT('Ctrl Pts',(5.69612712151875,41.4024115500546,28.3708937323345));
#5140=CARTESIAN_POINT('Ctrl Pts',(5.65309835586791,41.3632807907706,28.380103528303));
#5141=CARTESIAN_POINT('Ctrl Pts',(5.60990393512164,41.3246888461528,28.3892686240344));
#5142=CARTESIAN_POINT('Ctrl Pts',(5.56438816240579,41.2840228955615,28.398926269791));
#5143=CARTESIAN_POINT('Ctrl Pts',(5.51868861742485,41.2439548012121,28.4085344466674));
#5144=CARTESIAN_POINT('Ctrl Pts',(5.47268638599789,41.2043737768441,28.4181202376359));
#5145=CARTESIAN_POINT('Ctrl Pts',(5.42554737838296,41.1638146528362,28.4279429062205));
#5146=CARTESIAN_POINT('Ctrl Pts',(5.37809052479204,41.1237663938408,28.437742290587));
#5147=CARTESIAN_POINT('Ctrl Pts',(5.33013803176142,41.0840852611781,28.4475569656047));
#5148=CARTESIAN_POINT('Ctrl Pts',(5.28092769255518,41.0433632491407,28.4576290902493));
#5149=CARTESIAN_POINT('Ctrl Pts',(5.23119543250336,41.0030273047157,28.4677175391886));
#5150=CARTESIAN_POINT('Ctrl Pts',(5.1806968948172,40.9629053914684,28.4778704048946));
#5151=CARTESIAN_POINT('Ctrl Pts',(5.14420435412262,40.9339114716639,28.4852073275446));
#5152=CARTESIAN_POINT('Ctrl Pts',(5.10731055940471,40.9050289507524,28.4925780323684));
#5153=CARTESIAN_POINT('Ctrl Pts',(5.06990666632133,40.8761902065036,28.5000016964016));
#5154=CARTESIAN_POINT('',(7.46682668928458,51.1342935099935,28.2499328208574));
#5155=CARTESIAN_POINT('Ctrl Pts',(6.52231195979695,52.5827558425249,28.4999832027718));
#5156=CARTESIAN_POINT('Ctrl Pts',(6.56779486640492,52.5251035828013,28.4903167696607));
#5157=CARTESIAN_POINT('Ctrl Pts',(6.60985712258125,52.470308104957,28.4811918576822));
#5158=CARTESIAN_POINT('Ctrl Pts',(6.64874405009681,52.4185616097919,28.472645443912));
#5159=CARTESIAN_POINT('Ctrl Pts',(6.68909595958462,52.3648656758979,28.4637770622493));
#5160=CARTESIAN_POINT('Ctrl Pts',(6.7260303742257,52.3144530119528,28.4555293895116));
#5161=CARTESIAN_POINT('Ctrl Pts',(6.75979128557407,52.2675177187351,28.4478987276292));
#5162=CARTESIAN_POINT('Ctrl Pts',(6.79251505228134,52.2220242908551,28.4405024818144));
#5163=CARTESIAN_POINT('Ctrl Pts',(6.82225730734733,52.1797985390233,28.4336837766656));
#5164=CARTESIAN_POINT('Ctrl Pts',(6.84920225695405,52.1409895505861,28.427433324533));
#5165=CARTESIAN_POINT('Ctrl Pts',(6.86529847832865,52.1178060568952,28.4236994648419));
#5166=CARTESIAN_POINT('Ctrl Pts',(6.88039571894587,52.095841241214,28.4201685104803));
#5167=CARTESIAN_POINT('Ctrl Pts',(6.89452690095651,52.0751209170778,28.4168406676751));
#5168=CARTESIAN_POINT('Ctrl Pts',(6.91925661664275,52.0388601340499,28.4110169081086));
#5169=CARTESIAN_POINT('Ctrl Pts',(6.94103440428152,52.0064045390484,28.405822717974));
#5170=CARTESIAN_POINT('Ctrl Pts',(6.96000603160421,51.977859739059,28.4012541309511));
#5171=CARTESIAN_POINT('Ctrl Pts',(6.97391142498181,51.9569376185689,28.3979055515882));
#5172=CARTESIAN_POINT('Ctrl Pts',(6.98630843076955,51.9381155283792,28.394893586492));
#5173=CARTESIAN_POINT('Ctrl Pts',(6.99724169832572,51.921423134887,28.392218934241));
#5174=CARTESIAN_POINT('Ctrl Pts',(7.01016665679346,51.9016899223314,28.3890570460788));
#5175=CARTESIAN_POINT('Ctrl Pts',(7.02104610748099,51.8849339974511,28.3863654712423));
#5176=CARTESIAN_POINT('Ctrl Pts',(7.02993417969153,51.8711921616796,28.3841432116211));
#5177=CARTESIAN_POINT('Ctrl Pts',(7.0343782157968,51.8643212437939,28.3830320818105));
#5178=CARTESIAN_POINT('Ctrl Pts',(7.0383240935229,51.8582036259634,28.3820382809868));
#5179=CARTESIAN_POINT('Ctrl Pts',(7.04177671785925,51.8528426113834,28.3811616996341));
#5180=CARTESIAN_POINT('Ctrl Pts',(7.04350303002743,51.8501621040934,28.3807234089577));
#5181=CARTESIAN_POINT('Ctrl Pts',(7.04510600930828,51.8476707356331,28.3803144202107));
#5182=CARTESIAN_POINT('Ctrl Pts',(7.04658615408135,51.8453688383977,28.3799347262256));
#5183=CARTESIAN_POINT('Ctrl Pts',(7.04806629885442,51.8430669411623,28.3795550322405));
#5184=CARTESIAN_POINT('Ctrl Pts',(7.04846131827137,51.8424527532604,28.3794548625389));
#5185=CARTESIAN_POINT('Ctrl Pts',(7.05065850547086,51.8390318451735,28.378883511477));
#5186=CARTESIAN_POINT('Ctrl Pts',(7.06321746156032,51.8194781929135,28.3756177119583));
#5187=CARTESIAN_POINT('Ctrl Pts',(7.07820278685088,51.7960228491558,28.3716323875649));
#5188=CARTESIAN_POINT('Ctrl Pts',(7.09551562119722,51.7686230408974,28.3669095819914));
#5189=CARTESIAN_POINT('Ctrl Pts',(7.1136409009152,51.7399374323501,28.3619651476856));
#5190=CARTESIAN_POINT('Ctrl Pts',(7.13431763006771,51.7069284384648,28.3562124587137));
#5191=CARTESIAN_POINT('Ctrl Pts',(7.15739339543064,51.6695447606908,28.3495839348602));
#5192=CARTESIAN_POINT('Ctrl Pts',(7.17995766950444,51.6329897195941,28.3431023371069));
#5193=CARTESIAN_POINT('Ctrl Pts',(7.20481574503215,51.5922532991546,28.335779991455));
#5194=CARTESIAN_POINT('Ctrl Pts',(7.23178703248155,51.5472759032209,28.3275324581863));
#5195=CARTESIAN_POINT('Ctrl Pts',(7.25036305727798,51.5162984712495,28.3218521070797));
#5196=CARTESIAN_POINT('Ctrl Pts',(7.26994068716001,51.4833095901847,28.315731597433));
#5197=CARTESIAN_POINT('Ctrl Pts',(7.29045040222726,51.4482755917342,28.3091583882213));
#5198=CARTESIAN_POINT('Ctrl Pts',(7.3096913533837,51.4154088526892,28.3029918082873));
#5199=CARTESIAN_POINT('Ctrl Pts',(7.3297525153185,51.3807430644385,28.2964252783553));
#5200=CARTESIAN_POINT('Ctrl Pts',(7.35057002251989,51.3442272743839,28.2894824762775));
#5201=CARTESIAN_POINT('Ctrl Pts',(7.36884317849542,51.3121745064524,28.2833882353078));
#5202=CARTESIAN_POINT('Ctrl Pts',(7.38769895029302,51.2786966036117,28.2770035737786));
#5203=CARTESIAN_POINT('Ctrl Pts',(7.40709090374622,51.2437333465241,28.2703844768571));
#5204=CARTESIAN_POINT('Ctrl Pts',(7.42448862518016,51.2123656450338,28.2644460754132));
#5205=CARTESIAN_POINT('Ctrl Pts',(7.44231782710982,51.1798025265672,28.2583187624769));
#5206=CARTESIAN_POINT('Ctrl Pts',(7.46054364896443,51.145975806941,28.2520816528084));
#5207=CARTESIAN_POINT('Ctrl Pts',(7.46263280286069,51.1420983838174,28.2513667175879));
#5208=CARTESIAN_POINT('Ctrl Pts',(7.46472716727618,51.1382043273554,28.2506503876478));
#5209=CARTESIAN_POINT('Ctrl Pts',(7.46682668928459,51.1342935099936,28.2499328208574));
#5210=CARTESIAN_POINT('',(8.34199390114583,48.9043597456283,27.887947014313));
#5211=CARTESIAN_POINT('Ctrl Pts',(7.46682668970699,51.1342935092067,28.249932820713));
#5212=CARTESIAN_POINT('Ctrl Pts',(7.47672630662217,51.115853314933,28.2465493666183));
#5213=CARTESIAN_POINT('Ctrl Pts',(7.48777896979297,51.0951801934507,28.242642738485));
#5214=CARTESIAN_POINT('Ctrl Pts',(7.49994701319867,51.0722337208122,28.2382584152713));
#5215=CARTESIAN_POINT('Ctrl Pts',(7.51431001901142,51.0451479923265,28.2330832151423));
#5216=CARTESIAN_POINT('Ctrl Pts',(7.53022850840384,51.0148948135667,28.2272413565778));
#5217=CARTESIAN_POINT('Ctrl Pts',(7.54763450774777,50.9814270845447,28.2207203776131));
#5218=CARTESIAN_POINT('Ctrl Pts',(7.56045801966127,50.9567704237376,28.2159161805206));
#5219=CARTESIAN_POINT('Ctrl Pts',(7.57408926444631,50.9303699247224,28.2107395835208));
#5220=CARTESIAN_POINT('Ctrl Pts',(7.58848775643193,50.9022066436965,28.2051872558638));
#5221=CARTESIAN_POINT('Ctrl Pts',(7.60084345117659,50.8780390500546,28.2004226690084));
#5222=CARTESIAN_POINT('Ctrl Pts',(7.61376424148875,50.8525737138357,28.1953802925654));
#5223=CARTESIAN_POINT('Ctrl Pts',(7.62721050512856,50.8257917623683,28.1900852430811));
#5224=CARTESIAN_POINT('Ctrl Pts',(7.64017400309447,50.7999713722086,28.1849803035189));
#5225=CARTESIAN_POINT('Ctrl Pts',(7.6536252813836,50.7729193719324,28.1796526840021));
#5226=CARTESIAN_POINT('Ctrl Pts',(7.66753759896499,50.7446253417575,28.1740632578192));
#5227=CARTESIAN_POINT('Ctrl Pts',(7.68183167345022,50.7155549174776,28.168320456613));
#5228=CARTESIAN_POINT('Ctrl Pts',(7.69661237904893,50.685173573319,28.162300883548));
#5229=CARTESIAN_POINT('Ctrl Pts',(7.71183679413223,50.6534572292041,28.1560177897701));
#5230=CARTESIAN_POINT('Ctrl Pts',(7.72088826732658,50.634600699281,28.152282260057));
#5231=CARTESIAN_POINT('Ctrl Pts',(7.73009628476018,50.6152719997529,28.1484547899974));
#5232=CARTESIAN_POINT('Ctrl Pts',(7.73945023560981,50.5954638853368,28.144546272316));
#5233=CARTESIAN_POINT('Ctrl Pts',(7.756304538853,50.5597728738688,28.1375037569882));
#5234=CARTESIAN_POINT('Ctrl Pts',(7.77363942153821,50.5225332345894,28.1301650181436));
#5235=CARTESIAN_POINT('Ctrl Pts',(7.79141169629403,50.4837216306533,28.1225440166703));
#5236=CARTESIAN_POINT('Ctrl Pts',(7.79493967660872,50.4760171259375,28.1210311690722));
#5237=CARTESIAN_POINT('Ctrl Pts',(7.79848497812618,50.4682506880155,28.1195070784939));
#5238=CARTESIAN_POINT('Ctrl Pts',(7.80204743339004,50.460422179939,28.1179715372466));
#5239=CARTESIAN_POINT('Ctrl Pts',(7.81280163253926,50.4367897891689,28.1133361060194));
#5240=CARTESIAN_POINT('Ctrl Pts',(7.82371119539815,50.4125915889771,28.1085989534233));
#5241=CARTESIAN_POINT('Ctrl Pts',(7.83476950268998,50.3878232572229,28.1037635020393));
#5242=CARTESIAN_POINT('Ctrl Pts',(7.84029865633589,50.3754390913457,28.1013457763474));
#5243=CARTESIAN_POINT('Ctrl Pts',(7.84586501450994,50.3629123963532,28.0989034857696));
#5244=CARTESIAN_POINT('Ctrl Pts',(7.85146776651292,50.3502426199246,28.0964371070098));
#5245=CARTESIAN_POINT('Ctrl Pts',(7.8542691425144,50.3439077317103,28.09520391763));
#5246=CARTESIAN_POINT('Ctrl Pts',(7.85707961648712,50.3375370727482,28.093964706277));
#5247=CARTESIAN_POINT('Ctrl Pts',(7.85989907904247,50.3311305698004,28.0927195334016));
#5248=CARTESIAN_POINT('Ctrl Pts',(7.86130881032015,50.3279273183264,28.0920969469639));
#5249=CARTESIAN_POINT('Ctrl Pts',(7.86272078863003,50.3247151058024,28.0914728701191));
#5250=CARTESIAN_POINT('Ctrl Pts',(7.8641349993997,50.3214939226755,28.0908473103379));
#5251=CARTESIAN_POINT('Ctrl Pts',(7.86554921016937,50.3182727395486,28.0902217505567));
#5252=CARTESIAN_POINT('Ctrl Pts',(7.86759625406697,50.3136027767052,28.089315328717));
#5253=CARTESIAN_POINT('Ctrl Pts',(7.86838431378766,50.3118034516254,28.0889661894904));
#5254=CARTESIAN_POINT('Ctrl Pts',(7.8796233617166,50.2861420705389,28.0839868809449));
#5255=CARTESIAN_POINT('Ctrl Pts',(7.89070580001184,50.2605506210044,28.0790866880654));
#5256=CARTESIAN_POINT('Ctrl Pts',(7.90165539622414,50.235036501492,28.0742049452603));
#5257=CARTESIAN_POINT('Ctrl Pts',(7.91180787288972,50.2113797841145,28.0696785884015));
#5258=CARTESIAN_POINT('Ctrl Pts',(7.92184625218164,50.187789604452,28.0651676823601));
#5259=CARTESIAN_POINT('Ctrl Pts',(7.93179864944061,50.1642796782413,28.0605856235648));
#5260=CARTESIAN_POINT('Ctrl Pts',(7.94866591846357,50.1244351825096,28.0528199751117));
#5261=CARTESIAN_POINT('Ctrl Pts',(7.96529097360178,50.0848258106563,28.0448440930767));
#5262=CARTESIAN_POINT('Ctrl Pts',(7.98162213702164,50.0454287142477,28.0369143992432));
#5263=CARTESIAN_POINT('Ctrl Pts',(7.99189980599441,50.0206349928842,28.0319240157548));
#5264=CARTESIAN_POINT('Ctrl Pts',(8.00206040133132,49.9959246405138,28.0269511727114));
#5265=CARTESIAN_POINT('Ctrl Pts',(8.01208636170121,49.9712868657074,28.0220520744466));
#5266=CARTESIAN_POINT('Ctrl Pts',(8.03080695771386,49.9252829107958,28.0129044181565));
#5267=CARTESIAN_POINT('Ctrl Pts',(8.049148062384,49.8795778351716,28.0037758453452));
#5268=CARTESIAN_POINT('Ctrl Pts',(8.06711568964668,49.8341759460227,27.9946699216662));
#5269=CARTESIAN_POINT('Ctrl Pts',(8.0709807982953,49.824409312296,27.9927110996219));
#5270=CARTESIAN_POINT('Ctrl Pts',(8.07482863496321,49.8146566729728,27.9907531356667));
#5271=CARTESIAN_POINT('Ctrl Pts',(8.07865928241235,49.804918025591,27.98879576937));
#5272=CARTESIAN_POINT('Ctrl Pts',(8.0894783203398,49.7774128070124,27.9832675080296));
#5273=CARTESIAN_POINT('Ctrl Pts',(8.10015947267185,49.7500193918553,27.9777458712842));
#5274=CARTESIAN_POINT('Ctrl Pts',(8.11070129708276,49.7227377684346,27.9722287866074));
#5275=CARTESIAN_POINT('Ctrl Pts',(8.11597220928821,49.7090969567242,27.969470244269));
#5276=CARTESIAN_POINT('Ctrl Pts',(8.12120826559049,49.6954840895543,27.9667128235342));
#5277=CARTESIAN_POINT('Ctrl Pts',(8.12640915828023,49.6818991502089,27.9639561735089));
#5278=CARTESIAN_POINT('Ctrl Pts',(8.1290096046251,49.6751066805363,27.9625778484963));
#5279=CARTESIAN_POINT('Ctrl Pts',(8.1316012588684,49.6683211927734,27.9611997152144));
#5280=CARTESIAN_POINT('Ctrl Pts',(8.13418407579147,49.6615426842422,27.9598217245261));
#5281=CARTESIAN_POINT('Ctrl Pts',(8.13676689271454,49.6547641757111,27.9584437338377));
#5282=CARTESIAN_POINT('Ctrl Pts',(8.13982437005314,49.6467175869523,27.9568061902527));
#5283=CARTESIAN_POINT('Ctrl Pts',(8.14190596519582,49.6412280936957,27.9556881275694));
#5284=CARTESIAN_POINT('Ctrl Pts',(8.16170819582285,49.5890065020597,27.9450519886512));
#5285=CARTESIAN_POINT('Ctrl Pts',(8.18014268210674,49.5380650876275,27.9356336307603));
#5286=CARTESIAN_POINT('Ctrl Pts',(8.19715959743229,49.4884355963935,27.9273809354144));
#5287=CARTESIAN_POINT('Ctrl Pts',(8.20876356140237,49.4545928689005,27.9217533596983));
#5288=CARTESIAN_POINT('Ctrl Pts',(8.21970898272616,49.4213606344848,27.9166665975634));
#5289=CARTESIAN_POINT('Ctrl Pts',(8.22998848842639,49.3887555368803,27.912095880297));
#5290=CARTESIAN_POINT('Ctrl Pts',(8.24266555691021,49.3485457186937,27.9064591018861));
#5291=CARTESIAN_POINT('Ctrl Pts',(8.25432730168141,49.3092871708349,27.9016115895407));
#5292=CARTESIAN_POINT('Ctrl Pts',(8.26496758041913,49.2710093808687,27.8975225650287));
#5293=CARTESIAN_POINT('Ctrl Pts',(8.27028771978799,49.2518704858855,27.8954780527727));
#5294=CARTESIAN_POINT('Ctrl Pts',(8.27535271595854,49.2329768657503,27.893623277643));
#5295=CARTESIAN_POINT('Ctrl Pts',(8.28016350081252,49.2143325186592,27.8919554415329));
#5296=CARTESIAN_POINT('Ctrl Pts',(8.28256889323951,49.2050103451137,27.8911215234779));
#5297=CARTESIAN_POINT('Ctrl Pts',(8.28491075328639,49.1957504955271,27.8903343528361));
#5298=CARTESIAN_POINT('Ctrl Pts',(8.28718933369744,49.1865534914463,27.88959367493));
#5299=CARTESIAN_POINT('Ctrl Pts',(8.28832862390297,49.1819549894059,27.889223335977));
#5300=CARTESIAN_POINT('Ctrl Pts',(8.28945209574537,49.1773721990667,27.8888646212513));
#5301=CARTESIAN_POINT('Ctrl Pts',(8.29055979060366,49.1728051866512,27.8885175059705));
#5302=CARTESIAN_POINT('Ctrl Pts',(8.29111363803281,49.1705216804435,27.8883439483301));
#5303=CARTESIAN_POINT('Ctrl Pts',(8.29166354132205,49.1682421187359,27.8881732906249));
#5304=CARTESIAN_POINT('Ctrl Pts',(8.29220950629556,49.1659665098562,27.8880055302429));
#5305=CARTESIAN_POINT('Ctrl Pts',(8.29275547126908,49.1636909009765,27.8878377698609));
#5306=CARTESIAN_POINT('Ctrl Pts',(8.293685187733,49.1597854018267,27.8875562110598));
#5307=CARTESIAN_POINT('Ctrl Pts',(8.29383559254211,49.1591515500823,27.8875109387828));
#5308=CARTESIAN_POINT('Ctrl Pts',(8.29472343736473,49.1554099011752,27.8872436949562));
#5309=CARTESIAN_POINT('Ctrl Pts',(8.29567240147076,49.1513010271804,27.8869895632143));
#5310=CARTESIAN_POINT('Ctrl Pts',(8.29667838696227,49.1468200142004,27.8867524405484));
#5311=CARTESIAN_POINT('Ctrl Pts',(8.29915351289511,49.1357949332962,27.886169024123));
#5312=CARTESIAN_POINT('Ctrl Pts',(8.30197116788372,49.1225149363549,27.8856887200583));
#5313=CARTESIAN_POINT('Ctrl Pts',(8.30509412734847,49.1069262429009,27.8853680057327));
#5314=CARTESIAN_POINT('Ctrl Pts',(8.30773876934984,49.0937251386534,27.8850964125258));
#5315=CARTESIAN_POINT('Ctrl Pts',(8.31060174129339,49.0788680196989,27.8849391387933));
#5316=CARTESIAN_POINT('Ctrl Pts',(8.31368827284283,49.0623442465855,27.8849296854501));
#5317=CARTESIAN_POINT('Ctrl Pts',(8.31659931206323,49.0467599731602,27.8849207696));
#5318=CARTESIAN_POINT('Ctrl Pts',(8.3197086730674,49.0296928172689,27.8850432822086));
#5319=CARTESIAN_POINT('Ctrl Pts',(8.32305592587875,49.0111604941334,27.8853257715409));
#5320=CARTESIAN_POINT('Ctrl Pts',(8.32635520555713,48.9928937779453,27.8856042122103));
#5321=CARTESIAN_POINT('Ctrl Pts',(8.3298853230203,48.9732033894054,27.8860380545462));
#5322=CARTESIAN_POINT('Ctrl Pts',(8.33372595886894,48.9521375066653,27.8866557053997));
#5323=CARTESIAN_POINT('Ctrl Pts',(8.33649324267133,48.9369589585325,27.8871007398341));
#5324=CARTESIAN_POINT('Ctrl Pts',(8.33942274480257,48.9210670548209,27.8876412348696));
#5325=CARTESIAN_POINT('Ctrl Pts',(8.34255771478503,48.9044898995432,27.8882881348922));
#5326=CARTESIAN_POINT('',(8.34197332175253,45.9956424376997,27.8879818391137));
#5327=CARTESIAN_POINT('Ctrl Pts',(8.34198406237645,48.9043582606974,27.8879637914233));
#5328=CARTESIAN_POINT('Ctrl Pts',(8.38008794787415,48.6659148715147,27.8937238322497));
#5329=CARTESIAN_POINT('Ctrl Pts',(8.40905585635662,48.4250755173568,27.8980379081296));
#5330=CARTESIAN_POINT('Ctrl Pts',(8.43820551014602,48.0611577076274,27.9023188586418));
#5331=CARTESIAN_POINT('Ctrl Pts',(8.44920627223364,47.8785357402985,27.9039123347405));
#5332=CARTESIAN_POINT('Ctrl Pts',(8.45475118081333,47.6951085339778,27.904680973989));
#5333=CARTESIAN_POINT('Ctrl Pts',(8.45722592100727,47.5726666321751,27.9050099367546));
#5334=CARTESIAN_POINT('Ctrl Pts',(8.45785260010579,47.5097356583904,27.9050821660669));
#5335=CARTESIAN_POINT('Ctrl Pts',(8.457947841416,46.9721147329443,27.9049153340383));
#5336=CARTESIAN_POINT('Ctrl Pts',(8.42062049919285,46.4853679441009,27.8991679978492));
#5337=CARTESIAN_POINT('Ctrl Pts',(8.34197332175253,45.9956424376997,27.8879818391137));
#5338=CARTESIAN_POINT('Ctrl Pts',(8.34197332175254,45.9956424376997,27.8879818391137));
#5339=CARTESIAN_POINT('Ctrl Pts',(8.32256431363417,45.8747851427159,27.8852212582073));
#5340=CARTESIAN_POINT('Ctrl Pts',(8.299347522553,45.751610362446,27.8836614198858));
#5341=CARTESIAN_POINT('Ctrl Pts',(8.27197194867012,45.6264062423998,27.8832926303133));
#5342=CARTESIAN_POINT('Ctrl Pts',(8.24457669460467,45.501112113649,27.8829235756195));
#5343=CARTESIAN_POINT('Ctrl Pts',(8.21301640651349,45.3737859543642,27.8837472720661));
#5344=CARTESIAN_POINT('Ctrl Pts',(8.1769706804191,45.2447555645997,27.8857688647484));
#5345=CARTESIAN_POINT('Ctrl Pts',(8.14081412583494,45.1153284497645,27.8877966731486));
#5346=CARTESIAN_POINT('Ctrl Pts',(8.10014422022785,44.9841869024653,27.8910297975452));
#5347=CARTESIAN_POINT('Ctrl Pts',(8.05467336269496,44.8516971216462,27.8954881515954));
#5348=CARTESIAN_POINT('Ctrl Pts',(8.04943784641169,44.8364422431926,27.8960014866521));
#5349=CARTESIAN_POINT('Ctrl Pts',(8.0441387244658,44.8211695263003,27.8965310803208));
#5350=CARTESIAN_POINT('Ctrl Pts',(8.03877559083783,44.8058795569219,27.8970769749054));
#5351=CARTESIAN_POINT('Ctrl Pts',(8.01464527527426,44.7370854876982,27.8995331151966));
#5352=CARTESIAN_POINT('Ctrl Pts',(7.98921889564281,44.6679420046934,27.9023191711915));
#5353=CARTESIAN_POINT('Ctrl Pts',(7.96246127014803,44.5985037672035,27.9054395749771));
#5354=CARTESIAN_POINT('Ctrl Pts',(7.94908245740064,44.5637846484586,27.9069997768699));
#5355=CARTESIAN_POINT('Ctrl Pts',(7.93537086220662,44.5289918305574,27.9086435832605));
#5356=CARTESIAN_POINT('Ctrl Pts',(7.92132238898326,44.4941323763533,27.9103716290715));
#5357=CARTESIAN_POINT('Ctrl Pts',(7.91429815237157,44.4767026492513,27.9112356519769));
#5358=CARTESIAN_POINT('Ctrl Pts',(7.90718969818517,44.4592562623983,27.9121207359124));
#5359=CARTESIAN_POINT('Ctrl Pts',(7.89999652991588,44.4417941022348,27.9130269655662));
#5360=CARTESIAN_POINT('Ctrl Pts',(7.8937855902091,44.4267164035261,27.9138094493799));
#5361=CARTESIAN_POINT('Ctrl Pts',(7.88784746966998,44.4124289802403,27.9145642556621));
#5362=CARTESIAN_POINT('Ctrl Pts',(7.88131181261764,44.3968547364316,27.9154039698253));
#5363=CARTESIAN_POINT('Ctrl Pts',(7.88027823165652,44.3943917488917,27.9155367663544));
#5364=CARTESIAN_POINT('Ctrl Pts',(7.87922961086215,44.3918966215342,27.9156716876093));
#5365=CARTESIAN_POINT('Ctrl Pts',(7.87816239619235,44.3893611900513,27.9158091802992));
#5366=CARTESIAN_POINT('Ctrl Pts',(7.82341516909241,44.2592956586109,27.9228624412145));
#5367=CARTESIAN_POINT('Ctrl Pts',(7.76568132530348,44.1326199082132,27.9309401121867));
#5368=CARTESIAN_POINT('Ctrl Pts',(7.70538382971879,44.009403273032,27.9400771658977));
#5369=CARTESIAN_POINT('Ctrl Pts',(7.64514300048898,43.886302434328,27.9492056327923));
#5370=CARTESIAN_POINT('Ctrl Pts',(7.58234363469237,43.7666542426148,27.9593916437591));
#5371=CARTESIAN_POINT('Ctrl Pts',(7.51740982395194,43.6504761011205,27.9706748908609));
#5372=CARTESIAN_POINT('Ctrl Pts',(7.45252354071533,43.5343829947874,27.9819498793287));
#5373=CARTESIAN_POINT('Ctrl Pts',(7.38550622172167,43.421754862804,27.9943206868649));
#5374=CARTESIAN_POINT('Ctrl Pts',(7.31677896421831,43.3125571410377,28.0078291850516));
#5375=CARTESIAN_POINT('Ctrl Pts',(7.24813051064321,43.2034846273729,28.0213221941476));
#5376=CARTESIAN_POINT('Ctrl Pts',(7.17777631107201,43.0978346285893,28.0359505135324));
#5377=CARTESIAN_POINT('Ctrl Pts',(7.10612976897539,42.9955211062622,28.0517550202672));
#5378=CARTESIAN_POINT('Ctrl Pts',(7.06491370806258,42.9366632710474,28.0608468688508));
#5379=CARTESIAN_POINT('Ctrl Pts',(7.02326982855317,42.8789086411085,28.0703279266737));
#5380=CARTESIAN_POINT('Ctrl Pts',(6.98127536517436,42.8222331782218,28.0802053697207));
#5381=CARTESIAN_POINT('Origin',(4.78968400496882E-7,47.4500000000075,28.5000004789786));
#5382=CARTESIAN_POINT('',(-6.98127453847358,42.8222333716875,28.0802053630447));
#5383=CARTESIAN_POINT('Ctrl Pts',(-5.05973034527021,40.868693762495,28.5000017566826));
#5384=CARTESIAN_POINT('Ctrl Pts',(-5.10054963290944,40.9000588943382,28.4919731551858));
#5385=CARTESIAN_POINT('Ctrl Pts',(-5.13958799141648,40.9305677771487,28.4842097675248));
#5386=CARTESIAN_POINT('Ctrl Pts',(-5.1773128193507,40.9604866176635,28.4766463330201));
#5387=CARTESIAN_POINT('Ctrl Pts',(-5.2159556202842,40.9911334850313,28.4688988545041));
#5388=CARTESIAN_POINT('Ctrl Pts',(-5.25322005737233,41.0211616830164,28.4613610111361));
#5389=CARTESIAN_POINT('Ctrl Pts',(-5.28955430372277,41.0508631529256,28.4539605202479));
#5390=CARTESIAN_POINT('Ctrl Pts',(-5.32797157897052,41.0822673971132,28.4461357619557));
#5391=CARTESIAN_POINT('Ctrl Pts',(-5.36534929972278,41.1133068873528,28.438464359517));
#5392=CARTESIAN_POINT('Ctrl Pts',(-5.40215541202893,41.1443257647793,28.4308613422137));
#5393=CARTESIAN_POINT('Ctrl Pts',(-5.43684331620449,41.1735594920161,28.4236958819372));
#5394=CARTESIAN_POINT('Ctrl Pts',(-5.47102300782688,41.202775282285,28.4165910198877));
#5395=CARTESIAN_POINT('Ctrl Pts',(-5.50503582250853,41.2322540599152,28.4094784672685));
#5396=CARTESIAN_POINT('Ctrl Pts',(-5.53823902267145,41.2610311477092,28.4025352163058));
#5397=CARTESIAN_POINT('Ctrl Pts',(-5.57128317366902,41.2900592332997,28.3955844898016));
#5398=CARTESIAN_POINT('Ctrl Pts',(-5.60443956505566,41.319587228568,28.3885676224975));
#5399=CARTESIAN_POINT('Ctrl Pts',(-5.63652189034498,41.348158695779,28.3817780591599));
#5400=CARTESIAN_POINT('Ctrl Pts',(-5.66870932737187,41.3771985824396,28.374926427259));
#5401=CARTESIAN_POINT('Ctrl Pts',(-5.70120384187377,41.4069152126086,28.3679662638636));
#5402=CARTESIAN_POINT('Ctrl Pts',(-5.73246694329219,41.435505700481,28.3612698630262));
#5403=CARTESIAN_POINT('Ctrl Pts',(-5.76401433886287,41.4647229833113,28.3544728581564));
#5404=CARTESIAN_POINT('Ctrl Pts',(-5.79598414945194,41.494731125105,28.3475421967176));
#5405=CARTESIAN_POINT('Ctrl Pts',(-5.82762671665481,41.5244321031792,28.3406824776171));
#5406=CARTESIAN_POINT('Ctrl Pts',(-5.85968339800181,41.5549084015879,28.3336916055986));
#5407=CARTESIAN_POINT('Ctrl Pts',(-5.89224352793335,41.5862906438802,28.3265485435909));
#5408=CARTESIAN_POINT('Ctrl Pts',(-5.92180693080752,41.6147845680116,28.3200629054705));
#5409=CARTESIAN_POINT('Ctrl Pts',(-5.95178508957286,41.6440254563865,28.3134517625218));
#5410=CARTESIAN_POINT('Ctrl Pts',(-5.98220889708565,41.6740835639674,28.306709996426));
#5411=CARTESIAN_POINT('Ctrl Pts',(-6.01153633799446,41.7030584834787,28.3002111797768));
#5412=CARTESIAN_POINT('Ctrl Pts',(-6.04127795627363,41.7327931531457,28.2935908436052));
#5413=CARTESIAN_POINT('Ctrl Pts',(-6.07142728608685,41.7633199145979,28.2868561976912));
#5414=CARTESIAN_POINT('Ctrl Pts',(-6.09999504648163,41.7922453073744,28.2804748369112));
#5415=CARTESIAN_POINT('Ctrl Pts',(-6.12892882362858,41.82188212596,28.2739907467237));
#5416=CARTESIAN_POINT('Ctrl Pts',(-6.15819186376842,41.852225626222,28.2674224823918));
#5417=CARTESIAN_POINT('Ctrl Pts',(-6.17186355885676,41.8664021123805,28.2643537886821));
#5418=CARTESIAN_POINT('Ctrl Pts',(-6.18560666973573,41.8807323547341,28.261266912454));
#5419=CARTESIAN_POINT('Ctrl Pts',(-6.19941494628601,41.8952129848859,28.2581648556381));
#5420=CARTESIAN_POINT('Ctrl Pts',(-6.22751716179514,41.9246835555074,28.2518516369793));
#5421=CARTESIAN_POINT('Ctrl Pts',(-6.25589127991766,41.9547792599197,28.2454752280134));
#5422=CARTESIAN_POINT('Ctrl Pts',(-6.28446160858956,41.9854553006409,28.2390506589699));
#5423=CARTESIAN_POINT('Ctrl Pts',(-6.31202835307617,42.0150537902534,28.2328517644702));
#5424=CARTESIAN_POINT('Ctrl Pts',(-6.33977778667803,42.0451928343381,28.2266080297747));
#5425=CARTESIAN_POINT('Ctrl Pts',(-6.36761300790764,42.0757969060727,28.2203395218102));
#5426=CARTESIAN_POINT('Ctrl Pts',(-6.39449791364181,42.1053561316623,28.2142850254465));
#5427=CARTESIAN_POINT('Ctrl Pts',(-6.421462861146,42.135349442755,28.208207416465));
#5428=CARTESIAN_POINT('Ctrl Pts',(-6.44839284330945,42.1656713755118,28.2021310564239));
#5429=CARTESIAN_POINT('Ctrl Pts',(-6.47443044288648,42.1949885261408,28.1962560495755));
#5430=CARTESIAN_POINT('Ctrl Pts',(-6.5004353601421,42.2246131433403,28.1903822099866));
#5431=CARTESIAN_POINT('Ctrl Pts',(-6.52627718305796,42.2544104822014,28.1845375484217));
#5432=CARTESIAN_POINT('Ctrl Pts',(-6.55128871192595,42.283250436857,28.1788806749909));
#5433=CARTESIAN_POINT('Ctrl Pts',(-6.57614745621702,42.3122524493964,28.1732511358671));
#5434=CARTESIAN_POINT('Ctrl Pts',(-6.60070994585373,42.3412530364401,28.1676800306859));
#5435=CARTESIAN_POINT('Ctrl Pts',(-6.62411938321981,42.3688922308384,28.16237045337));
#5436=CARTESIAN_POINT('Ctrl Pts',(-6.64725965603543,42.3965302505253,28.1571139692568));
#5437=CARTESIAN_POINT('Ctrl Pts',(-6.66998390660476,42.423984922996,28.1519426145944));
#5438=CARTESIAN_POINT('Ctrl Pts',(-6.69213307638873,42.4507448022739,28.1469021309893));
#5439=CARTESIAN_POINT('Ctrl Pts',(-6.71388702008581,42.4773307566895,28.1419425217151));
#5440=CARTESIAN_POINT('Ctrl Pts',(-6.73508804066154,42.5035315706125,28.1370983442246));
#5441=CARTESIAN_POINT('Ctrl Pts',(-6.75544931208976,42.528694599063,28.1324460392859));
#5442=CARTESIAN_POINT('Ctrl Pts',(-6.77530054320612,42.5535025247693,28.1279002148428));
#5443=CARTESIAN_POINT('Ctrl Pts',(-6.79448217238585,42.577725875735,28.1234959547127));
#5444=CARTESIAN_POINT('Ctrl Pts',(-6.81173815322692,42.5995174387067,28.1195338393098));
#5445=CARTESIAN_POINT('Ctrl Pts',(-6.82845201769874,42.6208356043639,28.1156863387897));
#5446=CARTESIAN_POINT('Ctrl Pts',(-6.84449330692963,42.6414802836169,28.1119822086747));
#5447=CARTESIAN_POINT('Ctrl Pts',(-6.85130144098346,42.6502421569196,28.1104101271535));
#5448=CARTESIAN_POINT('Ctrl Pts',(-6.85791030677176,42.658782327816,28.1088832940395));
#5449=CARTESIAN_POINT('Ctrl Pts',(-6.86444888163933,42.6672639758741,28.107371859263));
#5450=CARTESIAN_POINT('Ctrl Pts',(-6.87078529988677,42.6754833922779,28.1059071543248));
#5451=CARTESIAN_POINT('Ctrl Pts',(-6.8770557235478,42.6836480055379,28.1044569066549));
#5452=CARTESIAN_POINT('Ctrl Pts',(-6.88334703615727,42.6918706707765,28.1030008660303));
#5453=CARTESIAN_POINT('Ctrl Pts',(-6.88937289489666,42.6997463911968,28.1016062611732));
#5454=CARTESIAN_POINT('Ctrl Pts',(-6.89541800864653,42.7076756091183,28.1002063213567));
#5455=CARTESIAN_POINT('Ctrl Pts',(-6.90152952096073,42.7157214429361,28.0987898713604));
#5456=CARTESIAN_POINT('Ctrl Pts',(-6.9073517854946,42.7233864807328,28.0974404596022));
#5457=CARTESIAN_POINT('Ctrl Pts',(-6.91323443612842,42.731157644044,28.0960760356412));
#5458=CARTESIAN_POINT('Ctrl Pts',(-6.91918960668741,42.7390523258037,28.0946934225314));
#5459=CARTESIAN_POINT('Ctrl Pts',(-6.9247133624016,42.7463750872678,28.0934109710903));
#5460=CARTESIAN_POINT('Ctrl Pts',(-6.93029951125738,42.7538042382655,28.0921128706662));
#5461=CARTESIAN_POINT('Ctrl Pts',(-6.93593182888287,42.7613183188028,28.0908024521627));
#5462=CARTESIAN_POINT('Ctrl Pts',(-6.94134243576138,42.7685366148123,28.0895436170188));
#5463=CARTESIAN_POINT('Ctrl Pts',(-6.94679578788788,42.7758336116218,28.0882733830908));
#5464=CARTESIAN_POINT('Ctrl Pts',(-6.95225144659224,42.7831529491896,28.0870005998192));
#5465=CARTESIAN_POINT('Ctrl Pts',(-6.95737663240614,42.7900289227616,28.0858049145461));
#5466=CARTESIAN_POINT('Ctrl Pts',(-6.96250387118307,42.7969247681904,28.0846069757275));
#5467=CARTESIAN_POINT('Ctrl Pts',(-6.96757523715669,42.8037569917578,28.0834196386944));
#5468=CARTESIAN_POINT('Ctrl Pts',(-6.97220991646004,42.8100009042123,28.0823345412273));
#5469=CARTESIAN_POINT('Ctrl Pts',(-6.97679782315155,42.8161916243019,28.0812583229116));
#5470=CARTESIAN_POINT('Ctrl Pts',(-6.98127453847359,42.8222333716875,28.0802053630447));
#5471=CARTESIAN_POINT('',(-8.34169231427561,45.9956737102437,27.8878268722634));
#5472=CARTESIAN_POINT('Ctrl Pts',(-6.98127453847358,42.8222333716875,28.0802053630447));
#5473=CARTESIAN_POINT('Ctrl Pts',(-7.10315999545691,42.9867292253364,28.0515369010987));
#5474=CARTESIAN_POINT('Ctrl Pts',(-7.21968880084259,43.1568461226677,28.0262518421258));
#5475=CARTESIAN_POINT('Ctrl Pts',(-7.32979192327457,43.3324397995233,28.0042053451482));
#5476=CARTESIAN_POINT('Ctrl Pts',(-7.39576894993412,43.4376606910226,27.9909944362592));
#5477=CARTESIAN_POINT('Ctrl Pts',(-7.45943775088835,43.5448478608098,27.978946205175));
#5478=CARTESIAN_POINT('Ctrl Pts',(-7.52055991106776,43.6539677118073,27.968027581331));
#5479=CARTESIAN_POINT('Ctrl Pts',(-7.62227529422246,43.835557619975,27.9498575427632));
#5480=CARTESIAN_POINT('Ctrl Pts',(-7.71693974689662,44.0225021361701,27.9348166948457));
#5481=CARTESIAN_POINT('Ctrl Pts',(-7.8036850793156,44.2142456631027,27.922665720868));
#5482=CARTESIAN_POINT('Ctrl Pts',(-7.81717957126676,44.2440741438835,27.9207754610008));
#5483=CARTESIAN_POINT('Ctrl Pts',(-7.83048234513242,44.2740186965263,27.9189551071543));
#5484=CARTESIAN_POINT('Ctrl Pts',(-7.84359005088327,44.304077156824,27.9172037253047));
#5485=CARTESIAN_POINT('Ctrl Pts',(-7.87949626776929,44.3864169358229,27.9124061277893));
#5486=CARTESIAN_POINT('Ctrl Pts',(-7.91393214508667,44.4696126937628,27.9081379879578));
#5487=CARTESIAN_POINT('Ctrl Pts',(-7.94682820460601,44.5536190413958,27.9043785869195));
#5488=CARTESIAN_POINT('Ctrl Pts',(-8.02446037762628,44.7518675674971,27.8955066893088));
#5489=CARTESIAN_POINT('Ctrl Pts',(-8.09351759408801,44.9546340509695,27.8894681565291));
#5490=CARTESIAN_POINT('Ctrl Pts',(-8.15346466475592,45.1610667166915,27.8862320811623));
#5491=CARTESIAN_POINT('Ctrl Pts',(-8.2133042197659,45.3671291434071,27.8830018097285));
#5492=CARTESIAN_POINT('Ctrl Pts',(-8.26406654692384,45.5768445009263,27.8825639355673));
#5493=CARTESIAN_POINT('Ctrl Pts',(-8.3052034684346,45.7893167085509,27.8848839186945));
#5494=CARTESIAN_POINT('Ctrl Pts',(-8.31846469151235,45.8578109283334,27.8856318067877));
#5495=CARTESIAN_POINT('Ctrl Pts',(-8.33072549105936,45.9265912681877,27.8866662658131));
#5496=CARTESIAN_POINT('Ctrl Pts',(-8.34196706923587,45.9956266340393,27.8879860581524));
#5497=CARTESIAN_POINT('Ctrl Pts',(-8.34169231427561,45.9956737102437,27.8878268722634));
#5498=CARTESIAN_POINT('Ctrl Pts',(-8.3452127428552,46.0238467333681,27.8877819919077));
#5499=CARTESIAN_POINT('Ctrl Pts',(-8.34886293220188,46.0515580758301,27.887889861986));
#5500=CARTESIAN_POINT('Ctrl Pts',(-8.35254151214376,46.0787692812974,27.8881066152167));
#5501=CARTESIAN_POINT('Ctrl Pts',(-8.35697800769928,46.1115869430101,27.8883680271637));
#5502=CARTESIAN_POINT('Ctrl Pts',(-8.36145271210834,46.1436755421223,27.8887868604236));
#5503=CARTESIAN_POINT('Ctrl Pts',(-8.36581906469975,46.174982192252,27.8892956214176));
#5504=CARTESIAN_POINT('Ctrl Pts',(-8.37005675599395,46.2053663437669,27.8897893909862));
#5505=CARTESIAN_POINT('Ctrl Pts',(-8.37419257618223,46.2350141324081,27.8903678747018));
#5506=CARTESIAN_POINT('Ctrl Pts',(-8.37814346101095,46.2639021535312,27.8909852091085));
#5507=CARTESIAN_POINT('Ctrl Pts',(-8.38236283105865,46.2947532808984,27.8916444949187));
#5508=CARTESIAN_POINT('Ctrl Pts',(-8.38637159537075,46.3247381404765,27.8923481314531));
#5509=CARTESIAN_POINT('Ctrl Pts',(-8.39012425652382,46.3538538449418,27.8930584539559));
#5510=CARTESIAN_POINT('Ctrl Pts',(-8.39428676372683,46.3861494145694,27.8938463541723));
#5511=CARTESIAN_POINT('Ctrl Pts',(-8.39813493274624,46.4173761053505,27.8946426499571));
#5512=CARTESIAN_POINT('Ctrl Pts',(-8.40166455388812,46.4475542960525,27.8954160899252));
#5513=CARTESIAN_POINT('Ctrl Pts',(-8.40613198614552,46.4857507531771,27.8963950308719));
#5514=CARTESIAN_POINT('Ctrl Pts',(-8.4100900010099,46.5222681722702,27.8973374897241));
#5515=CARTESIAN_POINT('Ctrl Pts',(-8.41360574979284,46.5571752568926,27.898209066468));
#5516=CARTESIAN_POINT('Ctrl Pts',(-8.419375646095,46.6144632688971,27.8996394608854));
#5517=CARTESIAN_POINT('Ctrl Pts',(-8.42395995676783,46.6674165491782,27.9008803129817));
#5518=CARTESIAN_POINT('Ctrl Pts',(-8.42779947563634,46.7163766172449,27.9018466242845));
#5519=CARTESIAN_POINT('Ctrl Pts',(-8.4297949226232,46.7418217898423,27.9023488286084));
#5520=CARTESIAN_POINT('Ctrl Pts',(-8.43156367847061,46.7660850219745,27.902806810445));
#5521=CARTESIAN_POINT('Ctrl Pts',(-8.43315019327562,46.789164451095,27.9032324192269));
#5522=CARTESIAN_POINT('Ctrl Pts',(-8.43607747943941,46.8317484177364,27.9040177120554));
#5523=CARTESIAN_POINT('Ctrl Pts',(-8.43838703575004,46.8703024609622,27.9046942573995));
#5524=CARTESIAN_POINT('Ctrl Pts',(-8.44026479008317,46.9048193585303,27.9052881910516));
#5525=CARTESIAN_POINT('Ctrl Pts',(-8.44223658429558,46.9410648980318,27.9059118695153));
#5526=CARTESIAN_POINT('Ctrl Pts',(-8.44373176296126,46.9728585560254,27.9064442536806));
#5527=CARTESIAN_POINT('Ctrl Pts',(-8.44491248332408,47.0001885984159,27.9068895829064));
#5528=CARTESIAN_POINT('Ctrl Pts',(-8.44616495281855,47.0291794123755,27.9073619735654));
#5529=CARTESIAN_POINT('Ctrl Pts',(-8.44706321722503,47.0531474613184,27.9077363592671));
#5530=CARTESIAN_POINT('Ctrl Pts',(-8.44775011988962,47.0720787428675,27.9079915241515));
#5531=CARTESIAN_POINT('Ctrl Pts',(-8.44784231682689,47.0746197232238,27.9080257727023));
#5532=CARTESIAN_POINT('Ctrl Pts',(-8.4479306390086,47.077069966363,27.9080578368648));
#5533=CARTESIAN_POINT('Ctrl Pts',(-8.44801537096786,47.0794294403203,27.9080876316909));
#5534=CARTESIAN_POINT('Ctrl Pts',(-8.44856163008858,47.0946407511476,27.9082797161845));
#5535=CARTESIAN_POINT('Ctrl Pts',(-8.44895262300774,47.1060858282118,27.9083927751452));
#5536=CARTESIAN_POINT('Ctrl Pts',(-8.44923392905464,47.1137635500327,27.9084266109429));
#5537=CARTESIAN_POINT('Ctrl Pts',(-8.44935223880155,47.1169925930467,27.9084408413681));
#5538=CARTESIAN_POINT('Ctrl Pts',(-8.4494266797889,47.1190480555099,27.9084538650099));
#5539=CARTESIAN_POINT('Ctrl Pts',(-8.449728700369,47.1262860298098,27.9084036229062));
#5540=CARTESIAN_POINT('Ctrl Pts',(-8.44978573818301,47.1276529506725,27.9083941344807));
#5541=CARTESIAN_POINT('Ctrl Pts',(-8.44985077882732,47.1292047124713,27.9083823214004));
#5542=CARTESIAN_POINT('Ctrl Pts',(-8.44992541234963,47.1309841319034,27.9083676228119));
#5543=CARTESIAN_POINT('Ctrl Pts',(-8.45039523737943,47.1421857442872,27.9082750938173));
#5544=CARTESIAN_POINT('Ctrl Pts',(-8.45109311336142,47.1585655076988,27.9080910886784));
#5545=CARTESIAN_POINT('Ctrl Pts',(-8.45193049790588,47.1801276599351,27.9078166460865));
#5546=CARTESIAN_POINT('Ctrl Pts',(-8.4527712267201,47.2017759251218,27.9075411074509));
#5547=CARTESIAN_POINT('Ctrl Pts',(-8.45377363241781,47.2286407688408,27.9071378424735));
#5548=CARTESIAN_POINT('Ctrl Pts',(-8.45476627283626,47.2607363262035,27.9066520176525));
#5549=CARTESIAN_POINT('Ctrl Pts',(-8.45575353280378,47.2926579146565,27.9061688261684));
#5550=CARTESIAN_POINT('Ctrl Pts',(-8.45673128858633,47.329754055364,27.9056041580002));
#5551=CARTESIAN_POINT('Ctrl Pts',(-8.45748761053526,47.3720319939841,27.9049737585729));
#5552=CARTESIAN_POINT('Ctrl Pts',(-8.45824393248418,47.4143099326041,27.9043433591455));
#5553=CARTESIAN_POINT('Ctrl Pts',(-8.45877868634492,47.4617699917347,27.9036473663905));
#5554=CARTESIAN_POINT('Ctrl Pts',(-8.45883575771298,47.5144070134627,27.9028700665915));
#5555=CARTESIAN_POINT('Ctrl Pts',(-8.45889284914987,47.5670625446978,27.9020924934595));
#5556=CARTESIAN_POINT('Ctrl Pts',(-8.45847143327296,47.6248985976992,27.9012337118746));
#5557=CARTESIAN_POINT('Ctrl Pts',(-8.45727716372193,47.6878958622297,27.9002451721487));
#5558=CARTESIAN_POINT('Ctrl Pts',(-8.45712771606212,47.6957791694363,27.9001214689625));
#5559=CARTESIAN_POINT('Ctrl Pts',(-8.45696574661012,47.7037433863818,27.8999963339884));
#5560=CARTESIAN_POINT('Ctrl Pts',(-8.45679056414892,47.711788473711,27.8998697646379));
#5561=CARTESIAN_POINT('Ctrl Pts',(-8.45670297291831,47.7158110173756,27.8998064799627));
#5562=CARTESIAN_POINT('Ctrl Pts',(-8.45661207827814,47.7198537786297,27.8997428366026));
#5563=CARTESIAN_POINT('Ctrl Pts',(-8.4565177924851,47.723916752081,27.899678834399));
#5564=CARTESIAN_POINT('Ctrl Pts',(-8.45642350669206,47.7279797255323,27.8996148321953));
#5565=CARTESIAN_POINT('Ctrl Pts',(-8.45628783127266,47.7336038548562,27.8995261468099));
#5566=CARTESIAN_POINT('Ctrl Pts',(-8.45622654051692,47.7360905335018,27.8994869463166));
#5567=CARTESIAN_POINT('Ctrl Pts',(-8.45598137749393,47.7460372480841,27.8993301443434));
#5568=CARTESIAN_POINT('Ctrl Pts',(-8.45571200739272,47.756014850459,27.8991828946553));
#5569=CARTESIAN_POINT('Ctrl Pts',(-8.45541810209306,47.7660232098035,27.8990451984433));
#5570=CARTESIAN_POINT('Ctrl Pts',(-8.45483029149373,47.7860399284926,27.8987698060193));
#5571=CARTESIAN_POINT('Ctrl Pts',(-8.45414434020173,47.8061796748758,27.8985326275608));
#5572=CARTESIAN_POINT('Ctrl Pts',(-8.45335762353813,47.8264413615191,27.898333682288));
#5573=CARTESIAN_POINT('Ctrl Pts',(-8.45186845200037,47.8647945939502,27.8979570999027));
#5574=CARTESIAN_POINT('Ctrl Pts',(-8.45001825623124,47.9035847450395,27.8977175150314));
#5575=CARTESIAN_POINT('Ctrl Pts',(-8.44778908472171,47.9428041735444,27.8976150707089));
#5576=CARTESIAN_POINT('Ctrl Pts',(-8.44766295151571,47.9450233263702,27.897609274102));
#5577=CARTESIAN_POINT('Ctrl Pts',(-8.44753560503815,47.9472438541395,27.8976039161905));
#5578=CARTESIAN_POINT('Ctrl Pts',(-8.44740704194433,47.9494657545071,27.8975989973063));
#5579=CARTESIAN_POINT('Ctrl Pts',(-8.44260568517685,48.0324455277058,27.8974152951462));
#5580=CARTESIAN_POINT('Ctrl Pts',(-8.43610776788859,48.1173403183352,27.8978441220141));
#5581=CARTESIAN_POINT('Ctrl Pts',(-8.42774246539098,48.2040660210918,27.8988882204372));
#5582=CARTESIAN_POINT('Ctrl Pts',(-8.4190940607319,48.2937267323449,27.8999676536878));
#5583=CARTESIAN_POINT('Ctrl Pts',(-8.40840658309988,48.3857507733021,27.9017103463301));
#5584=CARTESIAN_POINT('Ctrl Pts',(-8.39549125025575,48.4797309922143,27.9041254461159));
#5585=CARTESIAN_POINT('Ctrl Pts',(-8.38342147420235,48.5675583993286,27.9063824311982));
#5586=CARTESIAN_POINT('Ctrl Pts',(-8.36940517309139,48.6570948265807,27.9092279614072));
#5587=CARTESIAN_POINT('Ctrl Pts',(-8.35331845322941,48.7480369431397,27.9126693398921));
#5588=CARTESIAN_POINT('Ctrl Pts',(-8.33784595226632,48.8355067317677,27.9159793205705));
#5589=CARTESIAN_POINT('Ctrl Pts',(-8.32047165983937,48.9241336885424,27.919860165797));
#5590=CARTESIAN_POINT('Ctrl Pts',(-8.30110688226346,49.0138420753716,27.9242874240897));
#5591=CARTESIAN_POINT('Ctrl Pts',(-8.29838336449972,49.0264589197494,27.9249100863721));
#5592=CARTESIAN_POINT('Ctrl Pts',(-8.29562052316402,49.0390971462065,27.9255434881007));
#5593=CARTESIAN_POINT('Ctrl Pts',(-8.29281816234106,49.0517565293163,27.9261874871832));
#5594=CARTESIAN_POINT('Ctrl Pts',(-8.2833950160267,49.0943246448552,27.9283529819089));
#5595=CARTESIAN_POINT('Ctrl Pts',(-8.27352627834568,49.1371275052646,27.9306379218477));
#5596=CARTESIAN_POINT('Ctrl Pts',(-8.26320621645133,49.1801312184868,27.9330428308145));
#5597=CARTESIAN_POINT('Ctrl Pts',(-8.24881069530484,49.2401173764582,27.9363974539012));
#5598=CARTESIAN_POINT('Ctrl Pts',(-8.23353664228661,49.3004958071325,27.9399851384935));
#5599=CARTESIAN_POINT('Ctrl Pts',(-8.2173376963244,49.3612845900297,27.9438193664545));
#5600=CARTESIAN_POINT('Ctrl Pts',(-8.20554553938981,49.405536288224,27.9466105244684));
#5601=CARTESIAN_POINT('Ctrl Pts',(-8.19326209536519,49.4500096406683,27.9495326798984));
#5602=CARTESIAN_POINT('Ctrl Pts',(-8.18047132919695,49.4947037140001,27.9525941047688));
#5603=CARTESIAN_POINT('Ctrl Pts',(-8.1718763859452,49.5247365532314,27.9546512741897));
#5604=CARTESIAN_POINT('Ctrl Pts',(-8.16305241886569,49.5548688495509,27.9567713809555));
#5605=CARTESIAN_POINT('Ctrl Pts',(-8.15399820065124,49.585086760047,27.9589571782247));
#5606=CARTESIAN_POINT('Ctrl Pts',(-8.14167866890994,49.6262024586854,27.9619312614863));
#5607=CARTESIAN_POINT('Ctrl Pts',(-8.12893435958194,49.66746915652,27.9650281753672));
#5608=CARTESIAN_POINT('Ctrl Pts',(-8.11576305190183,49.7088624829477,27.968245858174));
#5609=CARTESIAN_POINT('Ctrl Pts',(-8.09600877692911,49.7709440296055,27.9730717260745));
#5610=CARTESIAN_POINT('Ctrl Pts',(-8.07529389174272,49.833313029533,27.9781677099825));
#5611=CARTESIAN_POINT('Ctrl Pts',(-8.05358533124171,49.8960312812986,27.9834977014731));
#5612=CARTESIAN_POINT('Ctrl Pts',(-8.04927581310859,49.9084819199879,27.9845557953516));
#5613=CARTESIAN_POINT('Ctrl Pts',(-8.04492710222524,49.9209464296802,27.9856231309326));
#5614=CARTESIAN_POINT('Ctrl Pts',(-8.04053893128711,49.933425176431,27.9866995369598));
#5615=CARTESIAN_POINT('Ctrl Pts',(-8.02692886043342,49.9721284607464,27.9900380491792));
#5616=CARTESIAN_POINT('Ctrl Pts',(-8.01294130966104,50.0109415806408,27.9934766676037));
#5617=CARTESIAN_POINT('Ctrl Pts',(-7.99857089954928,50.0498650252589,27.9970141487562));
#5618=CARTESIAN_POINT('Ctrl Pts',(-7.99387087512207,50.062595430242,27.9981711267198));
#5619=CARTESIAN_POINT('Ctrl Pts',(-7.98912993710845,50.0753372843751,27.9993387988261));
#5620=CARTESIAN_POINT('Ctrl Pts',(-7.98434804975191,50.0880893491925,28.0005175350425));
#5621=CARTESIAN_POINT('Ctrl Pts',(-7.98229172899498,50.0935730282553,28.0010244185318));
#5622=CARTESIAN_POINT('Ctrl Pts',(-7.98022780603171,50.0990587921782,28.0015332744787));
#5623=CARTESIAN_POINT('Ctrl Pts',(-7.97815627529067,50.1045465182663,28.0020441460696));
#5624=CARTESIAN_POINT('Ctrl Pts',(-7.97534127853126,50.112003772387,28.0027383679047));
#5625=CARTESIAN_POINT('Ctrl Pts',(-7.97251223385755,50.1194646453896,28.003436313118));
#5626=CARTESIAN_POINT('Ctrl Pts',(-7.96966907255917,50.1269292375338,28.0041379140489));
#5627=CARTESIAN_POINT('Ctrl Pts',(-7.96720136352429,50.1334080966426,28.0047468654149));
#5628=CARTESIAN_POINT('Ctrl Pts',(-7.9660870997371,50.1363181388789,28.0050220367878));
#5629=CARTESIAN_POINT('Ctrl Pts',(-7.9647682008523,50.139761222782,28.0053489798491));
#5630=CARTESIAN_POINT('Ctrl Pts',(-7.9634493019675,50.1432043066852,28.0056759229103));
#5631=CARTESIAN_POINT('Ctrl Pts',(-7.96211252493446,50.146685670604,28.0060082675597));
#5632=CARTESIAN_POINT('Ctrl Pts',(-7.96075773005397,50.1502052489909,28.0063460165625));
#5633=CARTESIAN_POINT('Ctrl Pts',(-7.95533855053204,50.1642835625384,28.0076970125734));
#5634=CARTESIAN_POINT('Ctrl Pts',(-7.94963113685217,50.178973325186,28.0091345027531));
#5635=CARTESIAN_POINT('Ctrl Pts',(-7.94362603572515,50.1942699105247,28.0106588796367));
#5636=CARTESIAN_POINT('Ctrl Pts',(-7.92646999333869,50.237970900881,28.015013889465));
#5637=CARTESIAN_POINT('Ctrl Pts',(-7.90688874654612,50.2866280158819,28.0200747766702));
#5638=CARTESIAN_POINT('Ctrl Pts',(-7.88462691731927,50.3401092284391,28.0258602902954));
#5639=CARTESIAN_POINT('Ctrl Pts',(-7.87571966156299,50.3615077772083,28.028175151712));
#5640=CARTESIAN_POINT('Ctrl Pts',(-7.86638292009294,50.3836783909306,28.0306056016173));
#5641=CARTESIAN_POINT('Ctrl Pts',(-7.85659897343171,50.4066115024079,28.0331513087786));
#5642=CARTESIAN_POINT('Ctrl Pts',(-7.8323314172657,50.4634935143511,28.0394655389823));
#5643=CARTESIAN_POINT('Ctrl Pts',(-7.80531657073277,50.5250600933153,28.0464928168229));
#5644=CARTESIAN_POINT('Ctrl Pts',(-7.77524456929238,50.5911475208769,28.0542531921038));
#5645=CARTESIAN_POINT('Ctrl Pts',(-7.747024351856,50.6531653941899,28.0615356963379));
#5646=CARTESIAN_POINT('Ctrl Pts',(-7.71611174228287,50.7191649581587,28.0694623972933));
#5647=CARTESIAN_POINT('Ctrl Pts',(-7.6822298432872,50.7889723644238,28.0780448756068));
#5648=CARTESIAN_POINT('Ctrl Pts',(-7.65034187878005,50.8546716362859,28.0861222789389));
#5649=CARTESIAN_POINT('Ctrl Pts',(-7.6158241695196,50.9237432793019,28.0947796399248));
#5650=CARTESIAN_POINT('Ctrl Pts',(-7.57842553117128,50.9960067704798,28.1040385835624));
#5651=CARTESIAN_POINT('Ctrl Pts',(-7.54213670442484,51.0661258290141,28.1130227663124));
#5652=CARTESIAN_POINT('Ctrl Pts',(-7.50310165186,51.1393469797482,28.1225435644184));
#5653=CARTESIAN_POINT('Ctrl Pts',(-7.46110905030749,51.2153730989268,28.1326366028911));
#5654=CARTESIAN_POINT('Ctrl Pts',(-7.42700058579951,51.2771252669709,28.1408346671166));
#5655=CARTESIAN_POINT('Ctrl Pts',(-7.39094107311781,51.3407262705953,28.1494118259933));
#5656=CARTESIAN_POINT('Ctrl Pts',(-7.35279481521892,51.406034961546,28.1583883633255));
#5657=CARTESIAN_POINT('Ctrl Pts',(-7.31803609955674,51.4655439761666,28.1665677477775));
#5658=CARTESIAN_POINT('Ctrl Pts',(-7.28154497952829,51.5264698081643,28.1750802007191));
#5659=CARTESIAN_POINT('Ctrl Pts',(-7.24319508667945,51.5887406165573,28.1839221088823));
#5660=CARTESIAN_POINT('Ctrl Pts',(-7.20874386977463,51.6446809326162,28.1918651427046));
#5661=CARTESIAN_POINT('Ctrl Pts',(-7.17279215595263,51.7017070225696,28.200074822093));
#5662=CARTESIAN_POINT('Ctrl Pts',(-7.13523036615754,51.7598002939106,28.2085175113158));
#5663=CARTESIAN_POINT('Ctrl Pts',(-7.13097968187277,51.7663744256782,28.2094729292178));
#5664=CARTESIAN_POINT('Ctrl Pts',(-7.12670836296516,51.7729622568735,28.2104312891611));
#5665=CARTESIAN_POINT('Ctrl Pts',(-7.1224162400065,51.7795637840401,28.2113925087558));
#5666=CARTESIAN_POINT('Ctrl Pts',(-7.09893873390753,51.8156735124445,28.2166502889067));
#5667=CARTESIAN_POINT('Ctrl Pts',(-7.07484810620222,51.8521700670242,28.2220071588465));
#5668=CARTESIAN_POINT('Ctrl Pts',(-7.05012531150933,51.8890349223112,28.2274639423713));
#5669=CARTESIAN_POINT('Ctrl Pts',(-7.04394461283611,51.898251136133,28.2288281382524));
#5670=CARTESIAN_POINT('Ctrl Pts',(-7.03772440863903,51.9074903722208,28.2301985800173));
#5671=CARTESIAN_POINT('Ctrl Pts',(-7.03146441843347,51.9167523378979,28.2315752849828));
#5672=CARTESIAN_POINT('Ctrl Pts',(-7.02627466872058,51.9244308297381,28.2327166213052));
#5673=CARTESIAN_POINT('Ctrl Pts',(-7.02374650619529,51.9281563205348,28.2332701596416));
#5674=CARTESIAN_POINT('Ctrl Pts',(-7.020855998332,51.9324142302373,28.2339045275935));
#5675=CARTESIAN_POINT('Ctrl Pts',(-7.02025991205986,51.9332923048324,28.2340353482124));
#5676=CARTESIAN_POINT('Ctrl Pts',(-7.01964828427789,51.9341929824687,28.2341695106542));
#5677=CARTESIAN_POINT('Ctrl Pts',(-7.01899441096819,51.9351555463546,28.2343127450613));
#5678=CARTESIAN_POINT('Ctrl Pts',(-7.01134521334875,51.9464158949205,28.2359883422599));
#5679=CARTESIAN_POINT('Ctrl Pts',(-7.00363530813703,51.9577137528381,28.2376705488992));
#5680=CARTESIAN_POINT('Ctrl Pts',(-6.99586412141129,51.9690485643686,28.2393593897404));
#5681=CARTESIAN_POINT('Ctrl Pts',(-6.98038724915225,51.9916226494253,28.2427228366484));
#5682=CARTESIAN_POINT('Ctrl Pts',(-6.96466968571955,52.0143379204404,28.2461163532737));
#5683=CARTESIAN_POINT('Ctrl Pts',(-6.94870227089362,52.0372008387509,28.2495326850179));
#5684=CARTESIAN_POINT('Ctrl Pts',(-6.93259970153597,52.0602572778694,28.2529779339488));
#5685=CARTESIAN_POINT('Ctrl Pts',(-6.91624310052174,52.083463674305,28.2564463339706));
#5686=CARTESIAN_POINT('Ctrl Pts',(-6.89963140030797,52.1068041512118,28.2599453866235));
#5687=CARTESIAN_POINT('Ctrl Pts',(-6.86515863424327,52.1552405418216,28.2672066556085));
#5688=CARTESIAN_POINT('Ctrl Pts',(-6.82957061195258,52.2042892035416,28.274578461575));
#5689=CARTESIAN_POINT('Ctrl Pts',(-6.7928262921463,52.2538720396487,28.2820690075336));
#5690=CARTESIAN_POINT('Ctrl Pts',(-6.75904258604887,52.299459819511,28.2889560149542));
#5691=CARTESIAN_POINT('Ctrl Pts',(-6.724282204634,52.3454976999741,28.2959442886066));
#5692=CARTESIAN_POINT('Ctrl Pts',(-6.68848778629873,52.391964353772,28.3030218800535));
#5693=CARTESIAN_POINT('Ctrl Pts',(-6.65197238834874,52.439366949868,28.3102420300162));
#5694=CARTESIAN_POINT('Ctrl Pts',(-6.61441735160268,52.487156510427,28.3175793871366));
#5695=CARTESIAN_POINT('Ctrl Pts',(-6.57578453694148,52.5352844713508,28.3250463911788));
#5696=CARTESIAN_POINT('Ctrl Pts',(-6.5322950420795,52.5894627839502,28.3334521011115));
#5697=CARTESIAN_POINT('Ctrl Pts',(-6.48743919449848,52.6440714316409,28.3420222142245));
#5698=CARTESIAN_POINT('Ctrl Pts',(-6.44113507055625,52.6990996947174,28.3507379780902));
#5699=CARTESIAN_POINT('Ctrl Pts',(-6.38828335852906,52.7619091740006,28.3606861857812));
#5700=CARTESIAN_POINT('Ctrl Pts',(-6.33354216936174,52.825271804775,28.3708221954892));
#5701=CARTESIAN_POINT('Ctrl Pts',(-6.27678167171653,52.8891797935854,28.3810856404395));
#5702=CARTESIAN_POINT('Ctrl Pts',(-6.23322962739008,52.9382160719296,28.3889607301228));
#5703=CARTESIAN_POINT('Ctrl Pts',(-6.1884884739714,52.9875740913276,28.3969096025034));
#5704=CARTESIAN_POINT('Ctrl Pts',(-6.14251192707013,53.0372145249016,28.4049100556969));
#5705=CARTESIAN_POINT('Ctrl Pts',(-6.09646385479345,53.0869321837324,28.4129229551365));
#5706=CARTESIAN_POINT('Ctrl Pts',(-6.04917672718677,53.1369334016064,28.4209868648525));
#5707=CARTESIAN_POINT('Ctrl Pts',(-6.000618517631,53.1871309790856,28.4290983713911));
#5708=CARTESIAN_POINT('Ctrl Pts',(-5.94800293519857,53.2415229099235,28.4378876501729));
#5709=CARTESIAN_POINT('Ctrl Pts',(-5.89389602819178,53.2961442430891,28.4467320207582));
#5710=CARTESIAN_POINT('Ctrl Pts',(-5.8382649590957,53.3508321991683,28.4556622911461));
#5711=CARTESIAN_POINT('Ctrl Pts',(-5.79607471321387,53.3923071941891,28.4624349509129));
#5712=CARTESIAN_POINT('Ctrl Pts',(-5.75300810006531,53.4338186958666,28.4692578388347));
#5713=CARTESIAN_POINT('Ctrl Pts',(-5.70904689127226,53.4752907770268,28.4761589473569));
#5714=CARTESIAN_POINT('Ctrl Pts',(-5.65918370893441,53.5223306560838,28.4839865581535));
#5715=CARTESIAN_POINT('Ctrl Pts',(-5.60816940608274,53.5693175085655,28.4919143193548));
#5716=CARTESIAN_POINT('Ctrl Pts',(-5.55597047280503,53.6161649178471,28.5000028118096));
#5717=CARTESIAN_POINT('Origin',(12.0000004790432,50.1000000000823,-19.4999995210214));
#5718=CARTESIAN_POINT('',(11.9999865650078,52.1000000049095,18.3378773325075));
#5719=CARTESIAN_POINT('Ctrl Pts',(12.0000155367403,52.0999999999509,18.3380883696594));
#5720=CARTESIAN_POINT('Ctrl Pts',(12.1070109081818,52.0999991943989,18.3232104072829));
#5721=CARTESIAN_POINT('Ctrl Pts',(12.2763804395608,52.0916921961483,18.3079507412821));
#5722=CARTESIAN_POINT('Ctrl Pts',(12.615916762713,52.0080744557832,18.2667847386111));
#5723=CARTESIAN_POINT('Ctrl Pts',(12.7503739168841,51.9594418130198,18.251181616346));
#5724=CARTESIAN_POINT('Ctrl Pts',(13.049530969221,51.8130185954369,18.2228286769632));
#5725=CARTESIAN_POINT('Ctrl Pts',(13.2075186303065,51.7056511430659,18.209877577077));
#5726=CARTESIAN_POINT('Ctrl Pts',(13.5142617008926,51.4257507969062,18.1865911217026));
#5727=CARTESIAN_POINT('Ctrl Pts',(13.6537825760697,51.2470829443734,18.1777764352243));
#5728=CARTESIAN_POINT('Ctrl Pts',(13.8447824247125,50.8925979297208,18.1688754786386));
#5729=CARTESIAN_POINT('Ctrl Pts',(13.9077313561654,50.7262502188908,18.1670012594576));
#5730=CARTESIAN_POINT('Ctrl Pts',(13.9824487509445,50.4049710432681,18.1689850630234));
#5731=CARTESIAN_POINT('Ctrl Pts',(14.000000651381,50.2519539973856,18.1700108823372));
#5732=CARTESIAN_POINT('Ctrl Pts',(14.0000004789672,50.0999977308257,18.1743271353179));
#5733=CARTESIAN_POINT('',(12.0000004790433,52.1000000000075,-19.4999995210214));
#5734=CARTESIAN_POINT('Origin',(12.0000004790433,52.1000000000075,-19.4999995210214));
#5735=CARTESIAN_POINT('Ctrl Pts',(7.52394163057054,52.0999999999914,18.4999999905807));
#5736=CARTESIAN_POINT('Ctrl Pts',(7.71099661084196,52.0998163288129,18.4927341733002));
#5737=CARTESIAN_POINT('Ctrl Pts',(7.89649548653881,52.099885721725,18.4856903861637));
#5738=CARTESIAN_POINT('Ctrl Pts',(8.17328641431084,52.0999575887459,18.4749857180562));
#5739=CARTESIAN_POINT('Ctrl Pts',(8.2653291460137,52.0999757195083,18.4713977368207));
#5740=CARTESIAN_POINT('Ctrl Pts',(8.40342829335904,52.0999902951622,18.4659965367006));
#5741=CARTESIAN_POINT('Ctrl Pts',(8.44946931431469,52.0999932195838,18.4641936201205));
#5742=CARTESIAN_POINT('Ctrl Pts',(8.51860716647843,52.0999962532977,18.461493035166));
#5743=CARTESIAN_POINT('Ctrl Pts',(8.54166665909051,52.0999971180984,18.4605931867888));
#5744=CARTESIAN_POINT('Ctrl Pts',(8.57628171739637,52.0999982360289,18.459246940926));
#5745=CARTESIAN_POINT('Ctrl Pts',(8.59359509471195,52.0999986963736,18.4585750017106));
#5746=CARTESIAN_POINT('Ctrl Pts',(8.61091576923324,52.0999988317116,18.4579063319213));
#5747=CARTESIAN_POINT('Ctrl Pts',(8.62246433811647,52.0999988335249,18.4574614150429));
#5748=CARTESIAN_POINT('Ctrl Pts',(8.63025377540357,52.0999987568008,18.457162124723));
#5749=CARTESIAN_POINT('Ctrl Pts',(8.75437423756499,52.0999967069348,18.4524013998966));
#5750=CARTESIAN_POINT('Ctrl Pts',(8.91058385048992,52.1000328224355,18.4459647878393));
#5751=CARTESIAN_POINT('Ctrl Pts',(9.19670052367787,52.1000184449933,18.4353657267156));
#5752=CARTESIAN_POINT('Ctrl Pts',(9.30061793309929,52.1000069801613,18.4316195738047));
#5753=CARTESIAN_POINT('Ctrl Pts',(9.46899073735602,52.100000902662,18.4254579616943));
#5754=CARTESIAN_POINT('Ctrl Pts',(9.52720089481154,52.1000009904746,18.4233103806953));
#5755=CARTESIAN_POINT('Ctrl Pts',(9.6177269495149,52.1000014296136,18.4199755199395));
#5756=CARTESIAN_POINT('Ctrl Pts',(9.64843980281285,52.100001283754,18.418847976452));
#5757=CARTESIAN_POINT('Ctrl Pts',(9.6953372587748,52.1000006070248,18.4171364099956));
#5758=CARTESIAN_POINT('Ctrl Pts',(9.71899277833007,52.1000002597155,18.4162747363552));
#5759=CARTESIAN_POINT('Ctrl Pts',(9.74296146442698,52.1000001322739,18.415402709785));
#5760=CARTESIAN_POINT('Ctrl Pts',(9.75901047851806,52.1000001111631,18.414818942632));
#5761=CARTESIAN_POINT('Ctrl Pts',(9.76922871593722,52.1000001489723,18.4144473462228));
#5762=CARTESIAN_POINT('Ctrl Pts',(9.96510871852875,52.1000015970914,18.4073243239382));
#5763=CARTESIAN_POINT('Ctrl Pts',(10.1542577910521,52.1000758807702,18.400075704631));
#5764=CARTESIAN_POINT('Ctrl Pts',(10.4359629737972,52.1000927870678,18.3901280944853));
#5765=CARTESIAN_POINT('Ctrl Pts',(10.5294753025942,52.1000803886067,18.3870013915508));
#5766=CARTESIAN_POINT('Ctrl Pts',(10.6689366951278,52.1000542628359,18.3825133603048));
#5767=CARTESIAN_POINT('Ctrl Pts',(10.7152908445856,52.1000463906981,18.3810455296066));
#5768=CARTESIAN_POINT('Ctrl Pts',(10.7846119470629,52.1000366131612,18.3788247323921));
#5769=CARTESIAN_POINT('Ctrl Pts',(10.8192196266162,52.100029973734,18.3777093321383));
#5770=CARTESIAN_POINT('Ctrl Pts',(10.8595025223791,52.1000160266753,18.3763922437707));
#5771=CARTESIAN_POINT('Ctrl Pts',(10.8796212483316,52.100008094407,18.375729522678));
#5772=CARTESIAN_POINT('Ctrl Pts',(10.8896749958464,52.1000039704965,18.3753970971536));
#5773=CARTESIAN_POINT('Ctrl Pts',(10.8939825496299,52.1000021802236,18.3752544001611));
#5774=CARTESIAN_POINT('Ctrl Pts',(10.8968539875334,52.1000009829429,18.3751592179644));
#5775=CARTESIAN_POINT('Ctrl Pts',(10.8969340999534,52.1000009506151,18.3751565888679));
#5776=CARTESIAN_POINT('Ctrl Pts',(11.2569639472893,52.0998500299581,18.3632073973176));
#5777=CARTESIAN_POINT('Ctrl Pts',(11.5271580051312,52.0989166309712,18.3539565903214));
#5778=CARTESIAN_POINT('Ctrl Pts',(11.8948441846577,52.1014546003415,18.3425183570802));
#5779=CARTESIAN_POINT('Ctrl Pts',(11.9913845629789,52.1000755634025,18.3390430062618));
#5780=CARTESIAN_POINT('Ctrl Pts',(11.9999865650078,52.1000000049095,18.3378773325075));
#5781=CARTESIAN_POINT('',(-11.9999995210315,52.1000000000085,18.363915815594));
#5782=CARTESIAN_POINT('Ctrl Pts',(-11.9999995210315,52.1000000000082,18.363915815594));
#5783=CARTESIAN_POINT('Ctrl Pts',(-11.9632533052753,52.1000000000082,18.3709627549733));
#5784=CARTESIAN_POINT('Ctrl Pts',(-11.9145025592919,52.1000000000082,18.3768091036387));
#5785=CARTESIAN_POINT('Ctrl Pts',(-11.8535290184805,52.1000000000082,18.3815233575476));
#5786=CARTESIAN_POINT('Ctrl Pts',(-11.8230422480749,52.1000000000082,18.3838804845021));
#5787=CARTESIAN_POINT('Ctrl Pts',(-11.789496308801,52.1000000000081,18.3859651963827));
#5788=CARTESIAN_POINT('Ctrl Pts',(-11.752910153685,52.1000000000081,18.3878632761675));
#5789=CARTESIAN_POINT('Ctrl Pts',(-11.734617076127,52.1000000000081,18.38881231606));
#5790=CARTESIAN_POINT('Ctrl Pts',(-11.7155650006941,52.1000000000081,18.3897156703676));
#5791=CARTESIAN_POINT('Ctrl Pts',(-11.6957672261863,52.1000000000081,18.3905864238255));
#5792=CARTESIAN_POINT('Ctrl Pts',(-11.6858683389324,52.1000000000081,18.3910218005544));
#5793=CARTESIAN_POINT('Ctrl Pts',(-11.6757830269098,52.1000000000081,18.3914490270709));
#5794=CARTESIAN_POINT('Ctrl Pts',(-11.6655142276951,52.1000000000081,18.391869399108));
#5795=CARTESIAN_POINT('Ctrl Pts',(-11.6603798280878,52.1000000000081,18.3920795851266));
#5796=CARTESIAN_POINT('Ctrl Pts',(-11.6551995566825,52.1000000000081,18.3922880575253));
#5797=CARTESIAN_POINT('Ctrl Pts',(-11.6499738430493,52.1000000000081,18.3924947351151));
#5798=CARTESIAN_POINT('Ctrl Pts',(-11.6473609862327,52.1000000000081,18.3925980739099));
#5799=CARTESIAN_POINT('Ctrl Pts',(-11.6447367688592,52.1000000000081,18.3927009640026));
#5800=CARTESIAN_POINT('Ctrl Pts',(-11.6421012398713,52.1000000000081,18.3928034042235));
#5801=CARTESIAN_POINT('Ctrl Pts',(-11.6394657108834,52.1000000000081,18.3929058444444));
#5802=CARTESIAN_POINT('Ctrl Pts',(-11.6381355167941,52.1000000000081,18.392957541173));
#5803=CARTESIAN_POINT('Ctrl Pts',(-11.6341607688485,52.1000000000081,18.3931093701031));
#5804=CARTESIAN_POINT('Ctrl Pts',(-11.5069688345902,52.1000000000081,18.3979678958651));
#5805=CARTESIAN_POINT('Ctrl Pts',(-11.3817670617198,52.1000000000081,18.4037702288654));
#5806=CARTESIAN_POINT('Ctrl Pts',(-11.2569900156181,52.1000000000081,18.4094064906079));
#5807=CARTESIAN_POINT('Ctrl Pts',(-11.1946014925672,52.1000000000081,18.4122246214791));
#5808=CARTESIAN_POINT('Ctrl Pts',(-11.1321561676821,52.1000000000081,18.4150454695225));
#5809=CARTESIAN_POINT('Ctrl Pts',(-11.0693643437595,52.1000000000081,18.4179372979773));
#5810=CARTESIAN_POINT('Ctrl Pts',(-11.0379684317982,52.1000000000081,18.4193832122047));
#5811=CARTESIAN_POINT('Ctrl Pts',(-11.0065040569409,52.1000000000081,18.4208475863912));
#5812=CARTESIAN_POINT('Ctrl Pts',(-10.9749973539129,52.1000000000081,18.4223379242434));
#5813=CARTESIAN_POINT('Ctrl Pts',(-10.9592440023988,52.1000000000081,18.4230830931695));
#5814=CARTESIAN_POINT('Ctrl Pts',(-10.9434800688421,52.1000000000081,18.4238347530121));
#5815=CARTESIAN_POINT('Ctrl Pts',(-10.9277087503111,52.1000000000081,18.424593733513));
#5816=CARTESIAN_POINT('Ctrl Pts',(-10.9198230910455,52.1000000000081,18.4249732237634));
#5817=CARTESIAN_POINT('Ctrl Pts',(-10.9119355855364,52.1000000000081,18.4253545441785));
#5818=CARTESIAN_POINT('Ctrl Pts',(-10.9040466213737,52.1000000000081,18.4257377930915));
#5819=CARTESIAN_POINT('Ctrl Pts',(-10.9001021392924,52.1000000000081,18.4259294175481));
#5820=CARTESIAN_POINT('Ctrl Pts',(-10.8961572925477,52.1000000000081,18.4261215241291));
#5821=CARTESIAN_POINT('Ctrl Pts',(-10.8922121289434,52.1000000000081,18.4263141246464));
#5822=CARTESIAN_POINT('Ctrl Pts',(-10.8882669653392,52.1000000000081,18.4265067251637));
#5823=CARTESIAN_POINT('Ctrl Pts',(-10.8855470724839,52.1000000000081,18.4266396856702));
#5824=CARTESIAN_POINT('Ctrl Pts',(-10.8803757350797,52.1000000000081,18.426893419655));
#5825=CARTESIAN_POINT('Ctrl Pts',(-10.7148929381437,52.1000000000081,18.4350129071698));
#5826=CARTESIAN_POINT('Ctrl Pts',(-10.5519131832807,52.1000000000081,18.4425549747604));
#5827=CARTESIAN_POINT('Ctrl Pts',(-10.3929688574581,52.1000000000081,18.4494863049319));
#5828=CARTESIAN_POINT('Ctrl Pts',(-10.3134966945469,52.1000000000081,18.4529519700177));
#5829=CARTESIAN_POINT('Ctrl Pts',(-10.2349589600076,52.1000000000081,18.4562377690552));
#5830=CARTESIAN_POINT('Ctrl Pts',(-10.1572582656695,52.1000000000081,18.4592698176349));
#5831=CARTESIAN_POINT('Ctrl Pts',(-10.0795575713315,52.1000000000081,18.4623018662146));
#5832=CARTESIAN_POINT('Ctrl Pts',(-10.0043731744896,52.1000000000081,18.465022976295));
#5833=CARTESIAN_POINT('Ctrl Pts',(-9.92651251925623,52.1000000000081,18.4675524559777));
#5834=CARTESIAN_POINT('Ctrl Pts',(-9.61506989832267,52.1000000000081,18.4776703747084));
#5835=CARTESIAN_POINT('Ctrl Pts',(-9.42123977525653,52.1000000000081,18.4894299361445));
#5836=CARTESIAN_POINT('Ctrl Pts',(-9.34509511687056,52.1000000000081,18.4999313556658));
#5837=CARTESIAN_POINT('',(-11.9999995210315,52.1000000000082,-19.4999995210214));
#5838=CARTESIAN_POINT('Origin',(-11.9999995210316,50.1000000000075,-19.4999995210214));
#5839=CARTESIAN_POINT('',(-13.9999995210316,50.1000000000076,18.1744341269635));
#5840=CARTESIAN_POINT('Ctrl Pts',(-13.9999995210316,50.1000000000076,18.1744341269635));
#5841=CARTESIAN_POINT('Ctrl Pts',(-13.9999995210316,50.2618940509904,18.1621486318193));
#5842=CARTESIAN_POINT('Ctrl Pts',(-13.9796179328764,50.4635782386485,18.1623655050391));
#5843=CARTESIAN_POINT('Ctrl Pts',(-13.8598647869747,50.8588675038243,18.1568302369728));
#5844=CARTESIAN_POINT('Ctrl Pts',(-13.7812118146002,51.0284641075572,18.1582813270606));
#5845=CARTESIAN_POINT('Ctrl Pts',(-13.5904352869888,51.3238466107069,18.1679273315443));
#5846=CARTESIAN_POINT('Ctrl Pts',(-13.4838966402277,51.4510147717112,18.1748204643572));
#5847=CARTESIAN_POINT('Ctrl Pts',(-13.2201125065982,51.6967423988892,18.1974845274229));
#5848=CARTESIAN_POINT('Ctrl Pts',(-13.058859254251,51.8077889494665,18.215669341311));
#5849=CARTESIAN_POINT('Ctrl Pts',(-12.7399243327466,51.9650885303847,18.2551827624876));
#5850=CARTESIAN_POINT('Ctrl Pts',(-12.5869489389506,52.0186988748486,18.2746872747812));
#5851=CARTESIAN_POINT('Ctrl Pts',(-12.2369023856744,52.0957099425816,18.3245255420676));
#5852=CARTESIAN_POINT('Ctrl Pts',(-12.0799580392841,52.1000000000075,18.3485819146858));
#5853=CARTESIAN_POINT('Ctrl Pts',(-11.9999995210315,52.1000000000075,18.3639158155942));
#5854=CARTESIAN_POINT('',(-13.9999995210316,50.1000000000076,-19.4999995210214));
#5855=CARTESIAN_POINT('Origin',(-13.9999995210316,50.1000000000076,-19.4999995210214));
#5856=CARTESIAN_POINT('',(-13.9999993852477,44.8325130024881,18.1752180245866));
#5857=CARTESIAN_POINT('Ctrl Pts',(-13.9999995210316,44.8325115751626,18.1751840103998));
#5858=CARTESIAN_POINT('Ctrl Pts',(-13.9999995210316,45.0099004671757,18.1719522699346));
#5859=CARTESIAN_POINT('Ctrl Pts',(-13.9999995210316,45.1951925909415,18.1794452888402));
#5860=CARTESIAN_POINT('Ctrl Pts',(-13.9999995210316,45.6887212419524,18.1835917974804));
#5861=CARTESIAN_POINT('Ctrl Pts',(-13.9999995211009,45.8307844733564,18.1818204209786));
#5862=CARTESIAN_POINT('Ctrl Pts',(-13.9999995211009,46.5761520016995,18.1777924333023));
#5863=CARTESIAN_POINT('Ctrl Pts',(-13.9999995210316,46.7198758211807,18.1792249242806));
#5864=CARTESIAN_POINT('Ctrl Pts',(-13.9999995210316,48.1039555946259,18.1809732345137));
#5865=CARTESIAN_POINT('Ctrl Pts',(-13.9999995210316,48.4358591707057,18.1796354673903));
#5866=CARTESIAN_POINT('Ctrl Pts',(-13.9999995210316,49.5979359375024,18.1802802674639));
#5867=CARTESIAN_POINT('Ctrl Pts',(-13.9999995210316,49.8848870289934,18.1907581941222));
#5868=CARTESIAN_POINT('Ctrl Pts',(-13.9999995210316,50.1000000000076,18.1744341269635));
#5869=CARTESIAN_POINT('Ctrl Pts',(-13.9999995210316,44.7999985964019,18.1745350854699));
#5870=CARTESIAN_POINT('Ctrl Pts',(-13.9999995210316,44.8054276186623,18.1747240854783));
#5871=CARTESIAN_POINT('Ctrl Pts',(-13.9999995210316,44.8108578850385,18.1748758477278));
#5872=CARTESIAN_POINT('Ctrl Pts',(-13.9999995210316,44.8162889995301,18.1749898801265));
#5873=CARTESIAN_POINT('Ctrl Pts',(-13.9999995210316,44.8216956478556,18.1751033988302));
#5874=CARTESIAN_POINT('Ctrl Pts',(-13.9999995210316,44.8271024701051,18.1751795205311));
#5875=CARTESIAN_POINT('Ctrl Pts',(-13.9999995210316,44.8325118636616,18.1752180164827));
#5876=CARTESIAN_POINT('Ctrl Pts',(-11.9759220201693,42.8003933941786,18.4706969071819));
#5877=CARTESIAN_POINT('Ctrl Pts',(-11.284327495101,42.8825690506222,19.8478740548924));
#5878=CARTESIAN_POINT('Ctrl Pts',(-10.0796179100004,42.9893923966077,22.1237374232258));
#5879=CARTESIAN_POINT('Ctrl Pts',(-8.35111966721995,42.9496372060853,25.3079102541768));
#5880=CARTESIAN_POINT('Ctrl Pts',(-7.42037131179848,42.8610123500589,27.1562189573119));
#5881=CARTESIAN_POINT('Ctrl Pts',(-6.97465267382756,42.818943269348,28.0901272663851));
#5882=CARTESIAN_POINT('Ctrl Pts',(-12.27559905571,42.7941094728644,18.360303089504));
#5883=CARTESIAN_POINT('Ctrl Pts',(-11.5538201002618,42.899153875017,19.7392087273061));
#5884=CARTESIAN_POINT('Ctrl Pts',(-10.3201048543552,43.0389129001486,22.0266973041327));
#5885=CARTESIAN_POINT('Ctrl Pts',(-8.58796987590413,43.0999818830995,25.2441223315526));
#5886=CARTESIAN_POINT('Ctrl Pts',(-7.63462111091239,43.0906585395017,27.1051697185973));
#5887=CARTESIAN_POINT('Ctrl Pts',(-7.1715917787692,43.0850936727555,28.0437721877865));
#5888=CARTESIAN_POINT('Ctrl Pts',(-12.8829925594267,42.8818356053705,18.1476091153659));
#5889=CARTESIAN_POINT('Ctrl Pts',(-12.1170942792053,43.0216466190894,19.5437033275462));
#5890=CARTESIAN_POINT('Ctrl Pts',(-10.8366096028907,43.2331661876809,21.8708936676677));
#5891=CARTESIAN_POINT('Ctrl Pts',(-9.04718923748451,43.4746744528707,25.1432751743361));
#5892=CARTESIAN_POINT('Ctrl Pts',(-8.03554718657468,43.5885756335424,27.0240791740068));
#5893=CARTESIAN_POINT('Ctrl Pts',(-7.53400966382869,43.6418433643427,27.9694803064907));
#5894=CARTESIAN_POINT('Ctrl Pts',(-13.8411338540527,43.5008264473545,17.9360314851663));
#5895=CARTESIAN_POINT('Ctrl Pts',(-13.0140662368759,43.6780134869868,19.357646200065));
#5896=CARTESIAN_POINT('Ctrl Pts',(-11.6352721287788,43.9710604233581,21.7271071996923));
#5897=CARTESIAN_POINT('Ctrl Pts',(-9.69975120176847,44.3696123908819,25.0473358354478));
#5898=CARTESIAN_POINT('Ctrl Pts',(-8.59059598378251,44.5894088120126,26.9458155728102));
#5899=CARTESIAN_POINT('Ctrl Pts',(-8.03432496407971,44.6961755795446,27.8967847858438));
#5900=CARTESIAN_POINT('Ctrl Pts',(-14.1531243112453,44.3195330002535,17.9125820800865));
#5901=CARTESIAN_POINT('Ctrl Pts',(-13.3110831515799,44.4890017300255,19.3364835907777));
#5902=CARTESIAN_POINT('Ctrl Pts',(-11.9106324520775,44.769977303693,21.7101498723424));
#5903=CARTESIAN_POINT('Ctrl Pts',(-9.94365246193781,45.164743299289,25.0351938028688));
#5904=CARTESIAN_POINT('Ctrl Pts',(-8.82005547945426,45.3903338817141,26.936396408432));
#5905=CARTESIAN_POINT('Ctrl Pts',(-8.25602384280543,45.5039250493297,27.8881655149632));
#5906=CARTESIAN_POINT('Ctrl Pts',(-14.1388036589128,44.804959990137,17.9375747498401));
#5907=CARTESIAN_POINT('Ctrl Pts',(-13.308814651992,44.9696033511837,19.358524456873));
#5908=CARTESIAN_POINT('Ctrl Pts',(-11.9263247616568,45.2471635138139,21.7269346871112));
#5909=CARTESIAN_POINT('Ctrl Pts',(-9.99227633807445,45.6456222135727,25.046867959691));
#5910=CARTESIAN_POINT('Ctrl Pts',(-8.8884693748691,45.8786258773519,26.9460816454348));
#5911=CARTESIAN_POINT('Ctrl Pts',(-8.33640234007496,45.9968342512496,27.8975816195892));
#5912=CARTESIAN_POINT('Ctrl Pts',(-11.9729763398588,42.8010607489136,18.4817849830221));
#5913=CARTESIAN_POINT('Ctrl Pts',(-11.5822764056045,42.847473757987,19.2588911913498));
#5914=CARTESIAN_POINT('Ctrl Pts',(-11.1804955568099,42.8870639768987,20.0313196269694));
#5915=CARTESIAN_POINT('Ctrl Pts',(-10.7734174544271,42.9158568650742,20.8019247341524));
#5916=CARTESIAN_POINT('Ctrl Pts',(-10.2907470392873,42.9499964446964,21.7156272517178));
#5917=CARTESIAN_POINT('Ctrl Pts',(-9.80062704498961,42.968959431595,22.6267652717029));
#5918=CARTESIAN_POINT('Ctrl Pts',(-9.31263781001335,42.966104545052,23.540073172954));
#5919=CARTESIAN_POINT('Ctrl Pts',(-9.24421873259978,42.9657042724858,23.6681245304828));
#5920=CARTESIAN_POINT('Ctrl Pts',(-9.17584150065806,42.964875037178,23.7962185308339));
#5921=CARTESIAN_POINT('Ctrl Pts',(-9.10753249703025,42.9635984520082,23.924368218652));
#5922=CARTESIAN_POINT('Ctrl Pts',(-8.3753018793313,42.9499142420546,25.2980542642017));
#5923=CARTESIAN_POINT('Ctrl Pts',(-7.65095880618501,42.8848278168735,26.678049618781));
#5924=CARTESIAN_POINT('Ctrl Pts',(-6.98127453847359,42.8222333716875,28.0802053630447));
#5925=CARTESIAN_POINT('Origin',(-560.003551335571,1909.31855391971,120.783072611813));
#5926=CARTESIAN_POINT('Ctrl Pts',(-8.80020655223572,45.897912448065,27.0985731987645));
#5927=CARTESIAN_POINT('Ctrl Pts',(-8.64740639913167,45.9303764754195,27.3616885003817));
#5928=CARTESIAN_POINT('Ctrl Pts',(-8.49466005169009,45.9629513436375,27.6248239431712));
#5929=CARTESIAN_POINT('Ctrl Pts',(-8.3419691435142,45.9956393723485,27.8879863016877));
#5930=CARTESIAN_POINT('Ctrl Pts',(11.999998158103,42.7978378641457,18.4279973454577));
#5931=CARTESIAN_POINT('Ctrl Pts',(11.0741706937833,42.908707923462,20.2724220052493));
#5932=CARTESIAN_POINT('Ctrl Pts',(9.34109352716962,43.0366960348607,23.4580604811028));
#5933=CARTESIAN_POINT('Ctrl Pts',(7.65095965198907,42.8848276514499,26.678049630454));
#5934=CARTESIAN_POINT('Ctrl Pts',(6.98127536517438,42.8222331782218,28.0802053697206));
#5935=CARTESIAN_POINT('Ctrl Pts',(11.7606386467779,42.7989544851143,18.4465733547322));
#5936=CARTESIAN_POINT('Ctrl Pts',(10.8620239321569,42.8813387784778,20.2934360627007));
#5937=CARTESIAN_POINT('Ctrl Pts',(9.17990731835688,42.9624948557024,23.4829043533848));
#5938=CARTESIAN_POINT('Ctrl Pts',(7.53495006861579,42.7696573906502,26.7011269805344));
#5939=CARTESIAN_POINT('Ctrl Pts',(6.88312780744433,42.6897738474691,28.103290473455));
#5940=CARTESIAN_POINT('Ctrl Pts',(10.5074932517726,42.805425911146,18.5455833739284));
#5941=CARTESIAN_POINT('Ctrl Pts',(9.75570348755669,42.7373531662816,20.4071779836647));
#5942=CARTESIAN_POINT('Ctrl Pts',(8.35389089973531,42.5782759838328,23.6380469041192));
#5943=CARTESIAN_POINT('Ctrl Pts',(6.9302846996183,42.1862759002271,26.8386702739925));
#5944=CARTESIAN_POINT('Ctrl Pts',(6.36537633002014,41.9943496709625,28.2220506463703));
#5945=CARTESIAN_POINT('Ctrl Pts',(6.96829008404018,42.7753281250259,18.7726047654204));
#5946=CARTESIAN_POINT('Ctrl Pts',(6.54519475824536,42.3436071789838,20.6647944680014));
#5947=CARTESIAN_POINT('Ctrl Pts',(5.77447431397584,41.5731344123823,23.9672921429478));
#5948=CARTESIAN_POINT('Ctrl Pts',(4.94340396863289,40.7367109271404,27.2379190738072));
#5949=CARTESIAN_POINT('Ctrl Pts',(4.58455082618558,40.3561619951601,28.6319080259302));
#5950=CARTESIAN_POINT('Ctrl Pts',(2.43339588292345,42.7255547411089,18.9176414176968));
#5951=CARTESIAN_POINT('Ctrl Pts',(2.3057802030245,42.0192213186014,20.8230339127809));
#5952=CARTESIAN_POINT('Ctrl Pts',(2.07633096008331,40.7846954958562,24.1577317317936));
#5953=CARTESIAN_POINT('Ctrl Pts',(1.83089470429721,39.5533008511464,27.4941329394818));
#5954=CARTESIAN_POINT('Ctrl Pts',(1.71815200691458,39.0266599923761,28.924416541639));
#5955=CARTESIAN_POINT('Ctrl Pts',(-2.43339530973727,42.725400177942,18.9178319422764));
#5956=CARTESIAN_POINT('Ctrl Pts',(-2.30582362476536,42.0188674331996,20.8231946907));
#5957=CARTESIAN_POINT('Ctrl Pts',(-2.07779743813344,40.7831541365127,24.1578251722709));
#5958=CARTESIAN_POINT('Ctrl Pts',(-1.8335977677273,39.5507994019075,27.494387000886));
#5959=CARTESIAN_POINT('Ctrl Pts',(-1.7209161999721,39.0241422824414,28.9248506099312));
#5960=CARTESIAN_POINT('Ctrl Pts',(-6.96828945210169,42.7753445133292,18.7721693358989));
#5961=CARTESIAN_POINT('Ctrl Pts',(-6.54514282853116,42.3437335883564,20.6643569917203));
#5962=CARTESIAN_POINT('Ctrl Pts',(-5.77312088685976,41.5737309593928,23.9664963382813));
#5963=CARTESIAN_POINT('Ctrl Pts',(-4.941069952061,40.7372875725141,27.2363493948209));
#5964=CARTESIAN_POINT('Ctrl Pts',(-4.58213008898798,40.3563809881126,28.6300234339608));
#5965=CARTESIAN_POINT('Ctrl Pts',(-10.5074925023295,42.8056530437431,18.5459629705793));
#5966=CARTESIAN_POINT('Ctrl Pts',(-9.75568860738299,42.7375912381252,20.4075477110898));
#5967=CARTESIAN_POINT('Ctrl Pts',(-8.35521056732304,42.5781014731351,23.6383044274511));
#5968=CARTESIAN_POINT('Ctrl Pts',(-6.93197952654071,42.1857785721891,26.8384795182891));
#5969=CARTESIAN_POINT('Ctrl Pts',(-6.36705324293548,41.9938496835328,28.2218768764182));
#5970=CARTESIAN_POINT('Ctrl Pts',(-11.7606377798302,42.7989544836358,18.4465733233063));
#5971=CARTESIAN_POINT('Ctrl Pts',(-10.861989475945,42.8812560613224,20.2934250338224));
#5972=CARTESIAN_POINT('Ctrl Pts',(-9.17951037213104,42.9623067434755,23.4824185589245));
#5973=CARTESIAN_POINT('Ctrl Pts',(-7.53482590486847,42.7692314931421,26.7007592849417));
#5974=CARTESIAN_POINT('Ctrl Pts',(-6.88312701253914,42.6897740760735,28.1032904596867));
#5975=CARTESIAN_POINT('Ctrl Pts',(-11.999997222611,42.7978378625603,18.4279973190815));
#5976=CARTESIAN_POINT('Ctrl Pts',(-11.0741697793711,42.9087079626948,20.2724219798301));
#5977=CARTESIAN_POINT('Ctrl Pts',(-9.3410926439204,43.0366961424204,23.458060458067));
#5978=CARTESIAN_POINT('Ctrl Pts',(-7.6509588063938,42.8848278171444,26.6780496187157));
#5979=CARTESIAN_POINT('Ctrl Pts',(-6.98127453847359,42.8222333716875,28.0802053630447));
#5980=CARTESIAN_POINT('Ctrl Pts',(11.9714872221352,42.8012377198493,18.4847486097792));
#5981=CARTESIAN_POINT('Ctrl Pts',(11.3608340985609,42.8737475834413,19.6992377878849));
#5982=CARTESIAN_POINT('Ctrl Pts',(10.7224691784286,42.9296595731474,20.9035722418957));
#5983=CARTESIAN_POINT('Ctrl Pts',(10.0788245821166,42.9536103674026,22.1078368533388));
#5984=CARTESIAN_POINT('Ctrl Pts',(9.87258791582468,42.961284683307,22.4937074412695));
#5985=CARTESIAN_POINT('Ctrl Pts',(9.6658095082264,42.9656773370388,22.8795709509521));
#5986=CARTESIAN_POINT('Ctrl Pts',(9.45922818330354,42.9662822603189,23.2657593868238));
#5987=CARTESIAN_POINT('Ctrl Pts',(9.3418559195529,42.9666259565111,23.4851781119651));
#5988=CARTESIAN_POINT('Ctrl Pts',(9.2245530289226,42.9657486984102,23.7046981889047));
#5989=CARTESIAN_POINT('Ctrl Pts',(9.10745384994034,42.9635580251659,23.9243802670998));
#5990=CARTESIAN_POINT('Ctrl Pts',(8.65373670409181,42.955069955305,24.7755692026588));
#5991=CARTESIAN_POINT('Ctrl Pts',(8.20307448926563,42.9268665059045,25.6291902435441));
#5992=CARTESIAN_POINT('Ctrl Pts',(7.76655604080007,42.8917527595197,26.4890033399754));
#5993=CARTESIAN_POINT('Ctrl Pts',(7.49860853559796,42.8701989379683,27.0167812035199));
#5994=CARTESIAN_POINT('Ctrl Pts',(7.23599110363085,42.8460407448175,27.5468921310377));
#5995=CARTESIAN_POINT('Ctrl Pts',(6.98127536517438,42.8222331782218,28.0802053697206));
#5996=CARTESIAN_POINT('Ctrl Pts',(14.1387931812617,44.8049361041156,17.9375942959838));
#5997=CARTESIAN_POINT('Ctrl Pts',(13.031950137331,45.0201623784604,19.8325158187103));
#5998=CARTESIAN_POINT('Ctrl Pts',(11.0960049666478,45.4041616856242,23.1485762246864));
#5999=CARTESIAN_POINT('Ctrl Pts',(9.16613508334323,45.8127868148347,26.4656775702665));
#6000=CARTESIAN_POINT('Ctrl Pts',(8.34186115187956,45.9957302228836,27.888193636413));
#6001=CARTESIAN_POINT('Ctrl Pts',(14.1479183290272,44.4816351520902,17.9217258872802));
#6002=CARTESIAN_POINT('Ctrl Pts',(13.032764843876,44.7154503720784,19.818784423684));
#6003=CARTESIAN_POINT('Ctrl Pts',(11.0827440010857,45.1270047527005,23.1391369455957));
#6004=CARTESIAN_POINT('Ctrl Pts',(9.13344620154607,45.5420367202324,26.4592765170028));
#6005=CARTESIAN_POINT('Ctrl Pts',(8.29771168752983,45.720810324936,27.8819129943385));
#6006=CARTESIAN_POINT('Ctrl Pts',(13.9973277867678,43.8251658733462,17.9225098102465));
#6007=CARTESIAN_POINT('Ctrl Pts',(12.8891514816864,44.0792485800997,19.8202779325773));
#6008=CARTESIAN_POINT('Ctrl Pts',(10.9471347156225,44.5180444258013,23.1405161284922));
#6009=CARTESIAN_POINT('Ctrl Pts',(8.9993797356443,44.9394004387111,26.4597473577863));
#6010=CARTESIAN_POINT('Ctrl Pts',(8.16321818043305,45.1146338549148,27.8822968250569));
#6011=CARTESIAN_POINT('Ctrl Pts',(13.3798229396429,43.1538217148347,18.0261575130888));
#6012=CARTESIAN_POINT('Ctrl Pts',(12.3195132709928,43.3775639169334,19.9057884961347));
#6013=CARTESIAN_POINT('Ctrl Pts',(10.4634002601768,43.7514847450267,23.1977045100513));
#6014=CARTESIAN_POINT('Ctrl Pts',(8.61534225596201,44.0872598511285,26.5003464684147));
#6015=CARTESIAN_POINT('Ctrl Pts',(7.82782068607279,44.2247579123175,27.9194167892546));
#6016=CARTESIAN_POINT('Ctrl Pts',(12.6553861364564,42.8434430139077,18.2233821939141));
#6017=CARTESIAN_POINT('Ctrl Pts',(11.6503764789271,43.0125577075019,20.0726970108518));
#6018=CARTESIAN_POINT('Ctrl Pts',(9.87107021468416,43.2501749825372,23.3062461870046));
#6019=CARTESIAN_POINT('Ctrl Pts',(8.13844898170748,43.3901485049074,26.575528629253));
#6020=CARTESIAN_POINT('Ctrl Pts',(7.41511498491259,43.4470832724445,27.9864266404991));
#6021=CARTESIAN_POINT('Ctrl Pts',(12.203001299475,42.7958952726006,18.3870227536474));
#6022=CARTESIAN_POINT('Ctrl Pts',(11.2472012183938,42.9291895516011,20.2237543899564));
#6023=CARTESIAN_POINT('Ctrl Pts',(9.49858094883164,43.0844047518509,23.4112396790611));
#6024=CARTESIAN_POINT('Ctrl Pts',(7.81249806383114,43.0390350564541,26.6437385827919));
#6025=CARTESIAN_POINT('Ctrl Pts',(7.12836736216861,43.0208776450204,28.0457909110688));
#6026=CARTESIAN_POINT('Ctrl Pts',(11.979083462544,42.8003294074886,18.4695397281057));
#6027=CARTESIAN_POINT('Ctrl Pts',(11.0565344316666,42.9102182342576,20.3057993378199));
#6028=CARTESIAN_POINT('Ctrl Pts',(9.33012787209256,43.0359484784779,23.4776446853153));
#6029=CARTESIAN_POINT('Ctrl Pts',(7.64796861432313,42.8845074160392,26.6842093687945));
#6030=CARTESIAN_POINT('Ctrl Pts',(6.98113336899584,42.8221654371384,28.0804220881414));
#6031=CARTESIAN_POINT('Ctrl Pts',(14.0000000420278,44.8318768697068,18.1752138685723));
#6032=CARTESIAN_POINT('Ctrl Pts',(12.9394735021743,45.0384530607488,19.9909216819483));
#6033=CARTESIAN_POINT('Ctrl Pts',(11.8795603750181,45.2490298206662,21.8065831451311));
#6034=CARTESIAN_POINT('Ctrl Pts',(10.8214680273158,45.4669879987015,23.6225568909308));
#6035=CARTESIAN_POINT('Ctrl Pts',(9.99328084037872,45.637587635613,25.0439509605044));
#6036=CARTESIAN_POINT('Ctrl Pts',(9.166209145195,45.8127094518561,26.4655363464897));
#6037=CARTESIAN_POINT('Ctrl Pts',(8.34197332175252,45.9956424376997,27.8879818391137));
#6038=CARTESIAN_POINT('Ctrl Pts',(14.00280269364,50.0690128977974,18.1704148714624));
#6039=CARTESIAN_POINT('Ctrl Pts',(12.1111585233969,49.7024325193471,21.4090605163085));
#6040=CARTESIAN_POINT('Ctrl Pts',(10.2193485989123,49.3260591214145,24.64661209996));
#6041=CARTESIAN_POINT('Ctrl Pts',(8.34195751059564,48.9044564693324,27.8879794580211));
#6042=CARTESIAN_POINT('Ctrl Pts',(13.9993168325363,48.3233653179509,18.1852337746037));
#6043=CARTESIAN_POINT('Ctrl Pts',(12.1663591152055,48.2054009981686,21.4275803174652));
#6044=CARTESIAN_POINT('Ctrl Pts',(10.3336894180923,48.0859636611105,24.6695529425174));
#6045=CARTESIAN_POINT('Ctrl Pts',(8.49579820527607,47.9421070969822,27.9111557455272));
#6046=CARTESIAN_POINT('Ctrl Pts',(13.9993211326699,46.4879189474815,18.1852250283656));
#6047=CARTESIAN_POINT('Ctrl Pts',(12.1664121316237,46.634769623745,21.427461437279));
#6048=CARTESIAN_POINT('Ctrl Pts',(10.3332136395982,46.7828339267208,24.6689860822439));
#6049=CARTESIAN_POINT('Ctrl Pts',(8.49649645633061,46.9577666633934,27.9099599072088));
#6050=CARTESIAN_POINT('Ctrl Pts',(14.0028103606813,44.8311526219933,18.1704025663983));
#6051=CARTESIAN_POINT('Ctrl Pts',(12.1112595218234,45.1996433508776,21.4089081420232));
#6052=CARTESIAN_POINT('Ctrl Pts',(10.2201711320515,45.578659146783,24.646612054386));
#6053=CARTESIAN_POINT('Ctrl Pts',(8.34195673044692,45.995539129647,27.8879794793013));
#6054=CARTESIAN_POINT('Ctrl Pts',(13.9999366741617,50.0682751806785,18.175322665611));
#6055=CARTESIAN_POINT('Ctrl Pts',(13.991504748809,50.0666340090413,18.1897588737534));
#6056=CARTESIAN_POINT('Ctrl Pts',(13.9445773167858,50.0576226320036,18.2701022796587));
#6057=CARTESIAN_POINT('Ctrl Pts',(13.8593459372633,50.0410945703025,18.4160230744158));
#6058=CARTESIAN_POINT('Ctrl Pts',(13.8126480432064,50.0320389187502,18.4959724293651));
#6059=CARTESIAN_POINT('Ctrl Pts',(13.7544516978026,50.0207260025083,18.5956073371026));
#6060=CARTESIAN_POINT('Ctrl Pts',(13.6847897143951,50.0071252193532,18.7148732230371));
#6061=CARTESIAN_POINT('Ctrl Pts',(13.6601878900465,50.0023219671083,18.7569931603833));
#6062=CARTESIAN_POINT('Ctrl Pts',(13.6341442533966,49.9972324098729,18.8015817387799));
#6063=CARTESIAN_POINT('Ctrl Pts',(13.6066627059638,49.9918839577722,18.8486318566211));
#6064=CARTESIAN_POINT('Ctrl Pts',(13.6032275125347,49.9912154012596,18.8545131213513));
#6065=CARTESIAN_POINT('Ctrl Pts',(13.5997698621844,49.9905427339123,18.8604328306426));
#6066=CARTESIAN_POINT('Ctrl Pts',(13.5962897686847,49.989865884045,18.8663909622405));
#6067=CARTESIAN_POINT('Ctrl Pts',(13.5928096751849,49.9891890341776,18.8723490938385));
#6068=CARTESIAN_POINT('Ctrl Pts',(13.5918959073833,49.9890114006624,18.8739135189713));
#6069=CARTESIAN_POINT('Ctrl Pts',(13.5900497992653,49.9886524793567,18.8770741668776));
#6070=CARTESIAN_POINT('Ctrl Pts',(13.5863575830294,49.9879346367454,18.8833954626901));
#6071=CARTESIAN_POINT('Ctrl Pts',(13.5826653535045,49.9872170164681,18.8897167788949));
#6072=CARTESIAN_POINT('Ctrl Pts',(13.5789731233576,49.9864995548024,18.8960380949979));
#6073=CARTESIAN_POINT('Ctrl Pts',(13.5715886630638,49.985064631471,18.9086807272039));
#6074=CARTESIAN_POINT('Ctrl Pts',(13.5642042001902,49.9836303424691,18.9213233589359));
#6075=CARTESIAN_POINT('Ctrl Pts',(13.5568198476268,49.9821956748106,18.9339658180265));
#6076=CARTESIAN_POINT('Ctrl Pts',(13.5272824373734,49.9764570041767,18.9845356543888));
#6077=CARTESIAN_POINT('Ctrl Pts',(13.4977467923654,49.9707122603034,19.0351027270209));
#6078=CARTESIAN_POINT('Ctrl Pts',(13.4682129163202,49.9649560347592,19.0856673090644));
#6079=CARTESIAN_POINT('Ctrl Pts',(13.4091451642299,49.953443583671,19.1867964731515));
#6080=CARTESIAN_POINT('Ctrl Pts',(13.3501001802149,49.941972521927,19.2878867691129));
#6081=CARTESIAN_POINT('Ctrl Pts',(13.2910256539046,49.9304640842133,19.3890301062138));
#6082=CARTESIAN_POINT('Ctrl Pts',(13.2614883907494,49.9247098653565,19.4396017747642));
#6083=CARTESIAN_POINT('Ctrl Pts',(13.2319384745428,49.9189247517676,19.4901963333737));
#6084=CARTESIAN_POINT('Ctrl Pts',(13.2023574021078,49.9130873750652,19.5408464378893));
#6085=CARTESIAN_POINT('Ctrl Pts',(13.1986597680535,49.9123577029775,19.5471777009538));
#6086=CARTESIAN_POINT('Ctrl Pts',(13.1949616499207,49.911627268913,19.5535098258031));
#6087=CARTESIAN_POINT('Ctrl Pts',(13.1912630149078,49.9108960785938,19.5598428691561));
#6088=CARTESIAN_POINT('Ctrl Pts',(13.187564379895,49.9101648882746,19.5661759125091));
#6089=CARTESIAN_POINT('Ctrl Pts',(13.1815256928432,49.9089697111069,19.5765158100281));
#6090=CARTESIAN_POINT('Ctrl Pts',(13.1763660803827,49.907946299773,19.5853505932778));
#6091=CARTESIAN_POINT('Ctrl Pts',(13.1660468554617,49.9058994771053,19.6030201597773));
#6092=CARTESIAN_POINT('Ctrl Pts',(13.1558077911841,49.903861336656,19.6205528108025));
#6093=CARTESIAN_POINT('Ctrl Pts',(13.1456484616898,49.9018328685585,19.637949259799));
#6094=CARTESIAN_POINT('Ctrl Pts',(13.1253298027012,49.8977759323636,19.6727421577922));
#6095=CARTESIAN_POINT('Ctrl Pts',(13.1053300862981,49.8937576834771,19.7069902494772));
#6096=CARTESIAN_POINT('Ctrl Pts',(13.0856482657211,49.8897897754174,19.7406950105245));
#6097=CARTESIAN_POINT('Ctrl Pts',(13.0069209834128,49.8739181431787,19.8755140547138));
#6098=CARTESIAN_POINT('Ctrl Pts',(12.9332522726437,49.8589255411478,20.001685444026));
#6099=CARTESIAN_POINT('Ctrl Pts',(12.8648768757563,49.8452437628961,20.1187880170656));
#6100=CARTESIAN_POINT('Ctrl Pts',(12.7595487488314,49.8241678183041,20.2991773857248));
#6101=CARTESIAN_POINT('Ctrl Pts',(12.6668891936963,49.8061885541183,20.4578593431395));
#6102=CARTESIAN_POINT('Ctrl Pts',(12.5870482084824,49.7908959708972,20.5945803416242));
#6103=CARTESIAN_POINT('Ctrl Pts',(12.5632291512886,49.7863337161429,20.6353684816225));
#6104=CARTESIAN_POINT('Ctrl Pts',(12.5405510467133,49.782010945673,20.6742020627385));
#6105=CARTESIAN_POINT('Ctrl Pts',(12.5190180631382,49.777917571469,20.7110743524417));
#6106=CARTESIAN_POINT('Ctrl Pts',(12.4721625143984,49.7690104316917,20.7913080720889));
#6107=CARTESIAN_POINT('Ctrl Pts',(12.4307172234002,49.7611386128509,20.8622779789853));
#6108=CARTESIAN_POINT('Ctrl Pts',(12.3947353986993,49.754090859721,20.9239070579307));
#6109=CARTESIAN_POINT('Ctrl Pts',(12.3902376706117,49.7532098905797,20.9316106927989));
#6110=CARTESIAN_POINT('Ctrl Pts',(12.385825288376,49.7523418075978,20.9391684163604));
#6111=CARTESIAN_POINT('Ctrl Pts',(12.3814983207715,49.7514862548026,20.946580137613));
#6112=CARTESIAN_POINT('Ctrl Pts',(12.3804165788704,49.7512723666038,20.9484330679261));
#6113=CARTESIAN_POINT('Ctrl Pts',(12.3789488193766,49.7509817051312,20.9509472416305));
#6114=CARTESIAN_POINT('Ctrl Pts',(12.3765081965678,49.7504983596798,20.9551278792691));
#6115=CARTESIAN_POINT('Ctrl Pts',(12.374067573759,49.7500150142284,20.9593085169076));
#6116=CARTESIAN_POINT('Ctrl Pts',(12.3716323867757,49.7495326659399,20.963479857875));
#6117=CARTESIAN_POINT('Ctrl Pts',(12.3692026313562,49.7490512874363,20.9676419111464));
#6118=CARTESIAN_POINT('Ctrl Pts',(12.3643431205172,49.748088530429,20.9759660176891));
#6119=CARTESIAN_POINT('Ctrl Pts',(12.3595053359138,49.7471296525516,20.9842529734354));
#6120=CARTESIAN_POINT('Ctrl Pts',(12.3546892456776,49.746174353284,20.9925028520721));
#6121=CARTESIAN_POINT('Ctrl Pts',(12.3354248847326,49.7423531562136,21.0255023666189));
#6122=CARTESIAN_POINT('Ctrl Pts',(12.3165076315674,49.7385892157087,21.0579086460769));
#6123=CARTESIAN_POINT('Ctrl Pts',(12.2979344882507,49.7348736492306,21.0897274249874));
#6124=CARTESIAN_POINT('Ctrl Pts',(12.2607882016174,49.7274425162745,21.1533649828084));
#6125=CARTESIAN_POINT('Ctrl Pts',(12.2250163252945,49.7201981276896,21.2146565241132));
#6126=CARTESIAN_POINT('Ctrl Pts',(12.1906031735625,49.7131728096015,21.2736268956958));
#6127=CARTESIAN_POINT('Ctrl Pts',(12.0529505666348,49.685071537249,21.5095083820261));
#6128=CARTESIAN_POINT('Ctrl Pts',(11.936762910739,49.6616564980991,21.7086335634415));
#6129=CARTESIAN_POINT('Ctrl Pts',(11.8450530851168,49.6439609687787,21.8657486292702));
#6130=CARTESIAN_POINT('Ctrl Pts',(11.8221256287112,49.6395370864486,21.9050273957274));
#6131=CARTESIAN_POINT('Ctrl Pts',(11.800725300184,49.6353944486402,21.9416916301602));
#6132=CARTESIAN_POINT('Ctrl Pts',(11.7808659882266,49.6314415895943,21.9757260103973));
#6133=CARTESIAN_POINT('Ctrl Pts',(11.7610066762693,49.6274887305483,22.0097603906344));
#6134=CARTESIAN_POINT('Ctrl Pts',(11.739566973622,49.6230898697843,22.0465156937292));
#6135=CARTESIAN_POINT('Ctrl Pts',(11.7146828695018,49.6180063222376,22.0891759270246));
#6136=CARTESIAN_POINT('Ctrl Pts',(11.6649146612613,49.6078392271443,22.1744963936153));
#6137=CARTESIAN_POINT('Ctrl Pts',(11.603966343578,49.5956232949131,22.2789684979012));
#6138=CARTESIAN_POINT('Ctrl Pts',(11.5326510911683,49.581396077652,22.4012164603025));
#6139=CARTESIAN_POINT('Ctrl Pts',(11.5148222780659,49.5778392733367,22.4317784509029));
#6140=CARTESIAN_POINT('Ctrl Pts',(11.4963421996036,49.5741420216759,22.4634585490651));
#6141=CARTESIAN_POINT('Ctrl Pts',(11.4772132251898,49.5702794083485,22.4962556021994));
#6142=CARTESIAN_POINT('Ctrl Pts',(11.4580842507761,49.566416795021,22.5290526553337));
#6143=CARTESIAN_POINT('Ctrl Pts',(11.4425861888294,49.5632801270668,22.5556259642712));
#6144=CARTESIAN_POINT('Ctrl Pts',(11.4262508992465,49.5599875347336,22.5836339619775));
#6145=CARTESIAN_POINT('Ctrl Pts',(11.3935803200806,49.5534023500673,22.6396499573902));
#6146=CARTESIAN_POINT('Ctrl Pts',(11.3622000889263,49.5470766303877,22.6934561907466));
#6147=CARTESIAN_POINT('Ctrl Pts',(11.332048833787,49.5409496765864,22.7451628064237));
#6148=CARTESIAN_POINT('Ctrl Pts',(11.3018975786476,49.5348227227852,22.7968694221009));
#6149=CARTESIAN_POINT('Ctrl Pts',(11.2729762834134,49.5288992352246,22.8464743569297));
#6150=CARTESIAN_POINT('Ctrl Pts',(11.2452490254192,49.5232033753466,22.8940355201091));
#6151=CARTESIAN_POINT('Ctrl Pts',(11.2313853964222,49.5203554454076,22.9178161016988));
#6152=CARTESIAN_POINT('Ctrl Pts',(11.217820580389,49.5175652687575,22.9410851242072));
#6153=CARTESIAN_POINT('Ctrl Pts',(11.2045515056498,49.5148385769158,22.9638470601546));
#6154=CARTESIAN_POINT('Ctrl Pts',(11.1979169682802,49.5134752309949,22.9752280281283));
#6155=CARTESIAN_POINT('Ctrl Pts',(11.1913563659475,49.5121277559487,22.9864822242645));
#6156=CARTESIAN_POINT('Ctrl Pts',(11.1848693884668,49.5107968889372,22.9976100762797));
#6157=CARTESIAN_POINT('Ctrl Pts',(11.1816258997265,49.5101314554314,23.0031740022873));
#6158=CARTESIAN_POINT('Ctrl Pts',(11.1784008171817,49.5094701739183,23.0087063422529));
#6159=CARTESIAN_POINT('Ctrl Pts',(11.1751941028804,49.5088131311025,23.0142071486433));
#6160=CARTESIAN_POINT('Ctrl Pts',(11.1735907457298,49.5084846096946,23.0169575518385));
#6161=CARTESIAN_POINT('Ctrl Pts',(11.171991980639,49.5081571479601,23.0197000716392));
#6162=CARTESIAN_POINT('Ctrl Pts',(11.1703978030747,49.5078307566292,23.0224347142462));
#6163=CARTESIAN_POINT('Ctrl Pts',(11.1696007142925,49.5076675609637,23.0238020355497));
#6164=CARTESIAN_POINT('Ctrl Pts',(11.1688047723929,49.5075046328983,23.0251673875549));
#6165=CARTESIAN_POINT('Ctrl Pts',(11.1680105492488,49.5073421108168,23.0265297867494));
#6166=CARTESIAN_POINT('Ctrl Pts',(11.1672163261046,49.5071795887354,23.027892185944));
#6167=CARTESIAN_POINT('Ctrl Pts',(11.1664226751953,49.5070172044625,23.0292536008337));
#6168=CARTESIAN_POINT('Ctrl Pts',(11.1647455968495,49.5066741215746,23.0321304366865));
#6169=CARTESIAN_POINT('Ctrl Pts',(11.0482668165431,49.482845851162,23.2319364458174));
#6170=CARTESIAN_POINT('Ctrl Pts',(10.9461000895259,49.4615082744128,23.407284975137));
#6171=CARTESIAN_POINT('Ctrl Pts',(10.858049571593,49.4430505829164,23.5584413388719));
#6172=CARTESIAN_POINT('Ctrl Pts',(10.783826283758,49.4274914404959,23.6858604904794));
#6173=CARTESIAN_POINT('Ctrl Pts',(10.7196333659625,49.4139769077125,23.7960889835149));
#6174=CARTESIAN_POINT('Ctrl Pts',(10.6653507379281,49.4027118848012,23.8892855829208));
#6175=CARTESIAN_POINT('Ctrl Pts',(10.6060118909493,49.3903975681413,23.9911630886965));
#6176=CARTESIAN_POINT('Ctrl Pts',(10.5588581785754,49.3808879059537,24.072091749892));
#6177=CARTESIAN_POINT('Ctrl Pts',(10.5242767370727,49.3741320648908,24.1314107103037));
#6178=CARTESIAN_POINT('Ctrl Pts',(10.5069860163213,49.3707541443593,24.1610701905096));
#6179=CARTESIAN_POINT('Ctrl Pts',(10.4928318315513,49.3680238126612,24.1853445892132));
#6180=CARTESIAN_POINT('Ctrl Pts',(10.4818290127284,49.3658824872174,24.20421733714));
#6181=CARTESIAN_POINT('Ctrl Pts',(10.4763276033169,49.3648118244955,24.2136537111033));
#6182=CARTESIAN_POINT('Ctrl Pts',(10.4716138141317,49.3638893687246,24.2217399143253));
#6183=CARTESIAN_POINT('Ctrl Pts',(10.4676886035051,49.3631118947914,24.2284748070295));
#6184=CARTESIAN_POINT('Ctrl Pts',(10.4657259981918,49.3627231578249,24.2318422533816));
#6185=CARTESIAN_POINT('Ctrl Pts',(10.463960537586,49.3623706664296,24.2348718721553));
#6186=CARTESIAN_POINT('Ctrl Pts',(10.4623923009808,49.3620542004853,24.2375635617522));
#6187=CARTESIAN_POINT('Ctrl Pts',(10.4616081826782,49.3618959675132,24.2389094065507));
#6188=CARTESIAN_POINT('Ctrl Pts',(10.4608733703752,49.3617467409094,24.2401707690552));
#6189=CARTESIAN_POINT('Ctrl Pts',(10.4601878732995,49.3616064944707,24.2413476375116));
#6190=CARTESIAN_POINT('Ctrl Pts',(10.4596737504926,49.3615013096417,24.2422302888539));
#6191=CARTESIAN_POINT('Ctrl Pts',(10.4591873675022,49.3614011761466,24.2430654122945));
#6192=CARTESIAN_POINT('Ctrl Pts',(10.4587310396823,49.3613065049814,24.2438490422955));
#6193=CARTESIAN_POINT('Ctrl Pts',(10.4585789304089,49.3612749479263,24.2441102522959));
#6194=CARTESIAN_POINT('Ctrl Pts',(10.4584291321789,49.3612438142068,24.2443675010334));
#6195=CARTESIAN_POINT('Ctrl Pts',(10.4573677343002,49.3610226017997,24.2461903469652));
#6196=CARTESIAN_POINT('Ctrl Pts',(10.3793673314988,49.344766061998,24.3801483280301));
#6197=CARTESIAN_POINT('Ctrl Pts',(10.3042471640439,49.3285414250471,24.5092701023531));
#6198=CARTESIAN_POINT('Ctrl Pts',(10.2319519115935,49.3128870025684,24.6335687840932));
#6199=CARTESIAN_POINT('Ctrl Pts',(10.1783253075112,49.3012749881145,24.7257700831784));
#6200=CARTESIAN_POINT('Ctrl Pts',(10.1262527852173,49.2899754572254,24.8153175755162));
#6201=CARTESIAN_POINT('Ctrl Pts',(10.0757083261219,49.27919008862,24.902216426016));
#6202=CARTESIAN_POINT('Ctrl Pts',(10.0163660254518,49.266527403173,25.0042410159817));
#6203=CARTESIAN_POINT('Ctrl Pts',(9.95936966065145,49.2547577250602,25.1021780998131));
#6204=CARTESIAN_POINT('Ctrl Pts',(9.90529302459274,49.2438162377397,25.1950620084276));
#6205=CARTESIAN_POINT('Ctrl Pts',(9.87825470656338,49.2383454940795,25.2415039627348));
#6206=CARTESIAN_POINT('Ctrl Pts',(9.85194183486688,49.2330678778068,25.2866927222089));
#6207=CARTESIAN_POINT('Ctrl Pts',(9.82636342401524,49.2278848323845,25.3306312419464));
#6208=CARTESIAN_POINT('Ctrl Pts',(9.81357421858941,49.2252933096734,25.3526005018152));
#6209=CARTESIAN_POINT('Ctrl Pts',(9.80096770543895,49.2227244464137,25.3742589648088));
#6210=CARTESIAN_POINT('Ctrl Pts',(9.78853955240125,49.2201611581393,25.3956172630049));
#6211=CARTESIAN_POINT('Ctrl Pts',(9.7823254758824,49.2188795140022,25.406296412103));
#6212=CARTESIAN_POINT('Ctrl Pts',(9.77615599033063,49.21759926384,25.4169005205754));
#6213=CARTESIAN_POINT('Ctrl Pts',(9.77003017593737,49.2163180432974,25.427431609734));
#6214=CARTESIAN_POINT('Ctrl Pts',(9.76696726874074,49.2156774330261,25.4326971543134));
#6215=CARTESIAN_POINT('Ctrl Pts',(9.76391527939613,49.21503658017,25.4379444441018));
#6216=CARTESIAN_POINT('Ctrl Pts',(9.76087408562433,49.2143951906659,25.4431737445847));
#6217=CARTESIAN_POINT('Ctrl Pts',(9.75935348873842,49.2140744959139,25.4457883948261));
#6218=CARTESIAN_POINT('Ctrl Pts',(9.75783559074945,49.2137536670003,25.4483985477434));
#6219=CARTESIAN_POINT('Ctrl Pts',(9.75632037524284,49.2134326667276,25.4510042385546));
#6220=CARTESIAN_POINT('Ctrl Pts',(9.75556276748953,49.2132721665913,25.4523070839603));
#6221=CARTESIAN_POINT('Ctrl Pts',(9.75480583035604,49.2131116236051,25.4536088138395));
#6222=CARTESIAN_POINT('Ctrl Pts',(9.75404989475616,49.2129510115618,25.4549088777723));
#6223=CARTESIAN_POINT('Ctrl Pts',(9.75329395915627,49.2127903995185,25.4562089417051));
#6224=CARTESIAN_POINT('Ctrl Pts',(9.75253835627139,49.2126297668516,25.4575084506171));
#6225=CARTESIAN_POINT('Ctrl Pts',(9.75093101571826,49.2122876319699,25.4602729010066));
#6226=CARTESIAN_POINT('Ctrl Pts',(9.70135777137251,49.2017355830838,25.5455334728087));
#6227=CARTESIAN_POINT('Ctrl Pts',(9.65685475586487,49.1915495377804,25.6222230024218));
#6228=CARTESIAN_POINT('Ctrl Pts',(9.61730110209676,49.1823840667437,25.6904177978744));
#6229=CARTESIAN_POINT('Ctrl Pts',(9.57477668483759,49.1725302030015,25.7637345122728));
#6230=CARTESIAN_POINT('Ctrl Pts',(9.53797271277827,49.1638546138846,25.827232520966));
#6231=CARTESIAN_POINT('Ctrl Pts',(9.50673174415978,49.1571187689204,25.8810065831866));
#6232=CARTESIAN_POINT('Ctrl Pts',(9.47658202540407,49.1506182076307,25.9329023125445));
#6233=CARTESIAN_POINT('Ctrl Pts',(9.45207351055199,49.1461108017083,25.9749285421234));
#6234=CARTESIAN_POINT('Ctrl Pts',(9.4339464527775,49.1429618378587,26.0059705756643));
#6235=CARTESIAN_POINT('Ctrl Pts',(9.42488292389026,49.1413873559339,26.0214915924348));
#6236=CARTESIAN_POINT('Ctrl Pts',(9.41740579443399,49.1401421643132,26.0342841478434));
#6237=CARTESIAN_POINT('Ctrl Pts',(9.41155592024403,49.1391437536779,26.0442976689915));
#6238=CARTESIAN_POINT('Ctrl Pts',(9.40863098314905,49.1386445483603,26.0493044295656));
#6239=CARTESIAN_POINT('Ctrl Pts',(9.40611237719492,49.138207435926,26.0536171640088));
#6240=CARTESIAN_POINT('Ctrl Pts',(9.40400282824867,49.1378250653079,26.0572329260531));
#6241=CARTESIAN_POINT('Ctrl Pts',(9.40294805377554,49.1376338799989,26.0590408070753));
#6242=CARTESIAN_POINT('Ctrl Pts',(9.40199554353799,49.1374563801586,26.0606744449901));
#6243=CARTESIAN_POINT('Ctrl Pts',(9.40114550563318,49.1372919050814,26.0621336373042));
#6244=CARTESIAN_POINT('Ctrl Pts',(9.40072048668078,49.1372096675427,26.0628632334613));
#6245=CARTESIAN_POINT('Ctrl Pts',(9.40032108580389,49.1371306861951,26.0635492182138));
#6246=CARTESIAN_POINT('Ctrl Pts',(9.39994732715294,49.1370548865066,26.064191567519));
#6247=CARTESIAN_POINT('Ctrl Pts',(9.39976044782747,49.1370169866624,26.0645127421716));
#6248=CARTESIAN_POINT('Ctrl Pts',(9.39957997905787,49.1369798822222,26.0648230079622));
#6249=CARTESIAN_POINT('Ctrl Pts',(9.39940913041496,49.1369439571887,26.0651169062405));
#6250=CARTESIAN_POINT('Ctrl Pts',(9.39923828177206,49.1369080321552,26.0654108045187));
#6251=CARTESIAN_POINT('Ctrl Pts',(9.39907063939624,49.1368725016601,26.0656992465139));
#6252=CARTESIAN_POINT('Ctrl Pts',(9.39821369950927,49.1366877944691,26.0671743493558));
#6253=CARTESIAN_POINT('Ctrl Pts',(9.29402509805561,49.1142306954312,26.2465205373862));
#6254=CARTESIAN_POINT('Ctrl Pts',(9.1807238469516,49.0896605944443,26.4416298376679));
#6255=CARTESIAN_POINT('Ctrl Pts',(9.06469049942873,49.0643383372047,26.6415400271375));
#6256=CARTESIAN_POINT('Ctrl Pts',(9.05856555806626,49.0630016754254,26.6520924951512));
#6257=CARTESIAN_POINT('Ctrl Pts',(9.05243299998983,49.0616629295924,26.6626583392534));
#6258=CARTESIAN_POINT('Ctrl Pts',(9.04629376222299,49.0603223039685,26.6732359467701));
#6259=CARTESIAN_POINT('Ctrl Pts',(8.98507205116682,49.0469533162045,26.7787179716806));
#6260=CARTESIAN_POINT('Ctrl Pts',(8.92556651724147,49.0340150407452,26.8812441935031));
#6261=CARTESIAN_POINT('Ctrl Pts',(8.86730753489941,49.0212014983605,26.9816721658432));
#6262=CARTESIAN_POINT('Ctrl Pts',(8.82015644082419,49.0108310367059,27.0629521433029));
#6263=CARTESIAN_POINT('Ctrl Pts',(8.77420779942588,49.0006929902356,27.1421738277961));
#6264=CARTESIAN_POINT('Ctrl Pts',(8.72740703388124,48.9895984530275,27.2230789739752));
#6265=CARTESIAN_POINT('Ctrl Pts',(8.71638167625873,48.9869847940637,27.2421386658359));
#6266=CARTESIAN_POINT('Ctrl Pts',(8.7053090776055,48.9843182692161,27.2612917906169));
#6267=CARTESIAN_POINT('Ctrl Pts',(8.69416246803373,48.9815837561552,27.2805872755305));
#6268=CARTESIAN_POINT('Ctrl Pts',(8.63570039904134,48.9672417008245,27.381788807978));
#6269=CARTESIAN_POINT('Ctrl Pts',(8.5773048069464,48.953684363745,27.4827037611685));
#6270=CARTESIAN_POINT('Ctrl Pts',(8.51861507595978,48.9404652254298,27.5840301473202));
#6271=CARTESIAN_POINT('Ctrl Pts',(8.48674933484713,48.933287860119,27.6390455705418));
#6272=CARTESIAN_POINT('Ctrl Pts',(8.45471468438472,48.9258608845798,27.6944180727792));
#6273=CARTESIAN_POINT('Ctrl Pts',(8.42269716891925,48.9191641430576,27.7495587651875));
#6274=CARTESIAN_POINT('Ctrl Pts',(8.39574871369889,48.9135276395247,27.7959695018915));
#6275=CARTESIAN_POINT('Ctrl Pts',(8.36881235734966,48.9084074898574,27.8422160333287));
#6276=CARTESIAN_POINT('Ctrl Pts',(8.34199390114583,48.9043597456283,27.887947014313));
#6277=CARTESIAN_POINT('Ctrl Pts',(-9.13134460784162,41.9881561583428,27.8651321045855));
#6278=CARTESIAN_POINT('Ctrl Pts',(-9.18314784947756,42.004293976865,27.714805850167));
#6279=CARTESIAN_POINT('Ctrl Pts',(-9.23640775772244,42.0215934233977,27.5645980152315));
#6280=CARTESIAN_POINT('Ctrl Pts',(-9.29115625645947,42.04010489609,27.4145313196626));
#6281=CARTESIAN_POINT('Ctrl Pts',(-9.37552655382474,42.0697443866387,27.1896741800047));
#6282=CARTESIAN_POINT('Ctrl Pts',(-9.46322610184118,42.1022348655728,26.9652214057932));
#6283=CARTESIAN_POINT('Ctrl Pts',(-9.49282688865003,42.1133841775355,26.8904509722601));
#6284=CARTESIAN_POINT('Ctrl Pts',(-9.55275557837299,42.1363237487792,26.7410085252433));
#6285=CARTESIAN_POINT('Ctrl Pts',(-9.61411569096915,42.1605463446591,26.5917705100822));
#6286=CARTESIAN_POINT('Ctrl Pts',(-9.64514790696758,42.1729786830809,26.517204508953));
#6287=CARTESIAN_POINT('Ctrl Pts',(-9.73927898331222,42.2112365611765,26.2936707642971));
#6288=CARTESIAN_POINT('Ctrl Pts',(-9.8364347245762,42.2523615510819,26.0706444976691));
#6289=CARTESIAN_POINT('Ctrl Pts',(-9.90247973993711,42.2810387590517,25.9221988923724));
#6290=CARTESIAN_POINT('Ctrl Pts',(-10.0369343290152,42.3408556813914,25.6258077293718));
#6291=CARTESIAN_POINT('Ctrl Pts',(-10.1757174211106,42.4054332925493,25.3304567309792));
#6292=CARTESIAN_POINT('Ctrl Pts',(-10.2460909338171,42.4388712408936,25.1830512033263));
#6293=CARTESIAN_POINT('Ctrl Pts',(-10.4598352683005,42.5424740786945,24.7416699063583));
#6294=CARTESIAN_POINT('Ctrl Pts',(-10.6805474737704,42.6554105261044,24.302832954577));
#6295=CARTESIAN_POINT('Ctrl Pts',(-10.8299737277129,42.7343782735948,24.011441796113));
#6296=CARTESIAN_POINT('Ctrl Pts',(-11.1320764057,42.8984952089268,23.4309054408027));
#6297=CARTESIAN_POINT('Ctrl Pts',(-11.439132254929,43.0731883714499,22.854021013003));
#6298=CARTESIAN_POINT('Ctrl Pts',(-11.5934997274504,43.1627207191694,22.5662964036211));
#6299=CARTESIAN_POINT('Ctrl Pts',(-11.90361369895,43.3457007999435,21.9914714781079));
#6300=CARTESIAN_POINT('Ctrl Pts',(-12.2155768651857,43.5367517775854,21.4172203173018));
#6301=CARTESIAN_POINT('Ctrl Pts',(-12.3718089363296,43.634367404192,21.1300754428929));
#6302=CARTESIAN_POINT('Ctrl Pts',(-12.6840372255693,43.8339145798488,20.5560060273334));
#6303=CARTESIAN_POINT('Ctrl Pts',(-12.9955862012971,44.0424183956033,19.9837777816508));
#6304=CARTESIAN_POINT('Ctrl Pts',(-13.1511601806524,44.1491568360894,19.698588285697));
#6305=CARTESIAN_POINT('Ctrl Pts',(-13.3849826309884,44.312969320511,19.2733472586633));
#6306=CARTESIAN_POINT('Ctrl Pts',(-13.6197501370406,44.4809402002794,18.8506257678235));
#6307=CARTESIAN_POINT('Ctrl Pts',(-13.6982153128727,44.5375955253841,18.7100933645174));
#6308=CARTESIAN_POINT('Ctrl Pts',(-13.7965229465581,44.608785114586,18.5346203880747));
#6309=CARTESIAN_POINT('Ctrl Pts',(-13.8954648721365,44.680660491853,18.3595485597437));
#6310=CARTESIAN_POINT('Ctrl Pts',(-13.9152863400582,44.6950825036742,18.3245598566994));
#6311=CARTESIAN_POINT('Ctrl Pts',(-13.9550504110166,44.7241957147887,18.2547173075237));
#6312=CARTESIAN_POINT('Ctrl Pts',(-13.9951660927569,44.7542372304688,18.1853288018127));
#6313=CARTESIAN_POINT('Ctrl Pts',(-14.0153412970473,44.7695922534391,18.150796431774));
#6314=CARTESIAN_POINT('Ctrl Pts',(-14.0762147977378,44.8167552832606,18.0477276806511));
#6315=CARTESIAN_POINT('Ctrl Pts',(-14.1377849446703,44.8665571228538,17.9459239398297));
#6316=CARTESIAN_POINT('Ctrl Pts',(-14.1788092489575,44.900294185527,17.8783060782832));
#6317=CARTESIAN_POINT('Ctrl Pts',(-14.3015648529082,45.0023773834352,17.6758644647944));
#6318=CARTESIAN_POINT('Ctrl Pts',(-14.4232497337268,45.1068532159142,17.4745691364125));
#6319=CARTESIAN_POINT('Ctrl Pts',(-14.5037023590731,45.1770944522787,17.3406723667633));
#6320=CARTESIAN_POINT('Ctrl Pts',(-14.6630779120998,45.3184537250966,17.0733638242189));
#6321=CARTESIAN_POINT('Ctrl Pts',(-14.818866194827,45.4606002564441,16.8065901512985));
#6322=CARTESIAN_POINT('Ctrl Pts',(-14.8957402882616,45.5316537237968,16.6732404222204));
#6323=CARTESIAN_POINT('Ctrl Pts',(-14.9714657051153,45.6024915784101,16.5398329990906));
#6324=CARTESIAN_POINT('Ctrl Pts',(-15.0459169564373,45.6729371220508,16.406277751328));
#6325=CARTESIAN_POINT('Ctrl Pts',(-8.97364393157542,42.3001825050087,27.95237173639));
#6326=CARTESIAN_POINT('Ctrl Pts',(-9.02580518541071,42.3164481020898,27.8023287563781));
#6327=CARTESIAN_POINT('Ctrl Pts',(-9.07952237096267,42.3339518366707,27.6524111073195));
#6328=CARTESIAN_POINT('Ctrl Pts',(-9.13483708842646,42.3527511328548,27.5026440365036));
#6329=CARTESIAN_POINT('Ctrl Pts',(-9.22022854146155,42.3829544677076,27.2782532458547));
#6330=CARTESIAN_POINT('Ctrl Pts',(-9.30920407418056,42.4162100575608,27.0542941413086));
#6331=CARTESIAN_POINT('Ctrl Pts',(-9.3392583505182,42.4276369462273,26.9796914118501));
#6332=CARTESIAN_POINT('Ctrl Pts',(-9.40014920377612,42.4511767290158,26.8305907848209));
#6333=CARTESIAN_POINT('Ctrl Pts',(-9.46257796486921,42.4760889425092,26.6817075439613));
#6334=CARTESIAN_POINT('Ctrl Pts',(-9.49417015779393,42.4888882640653,26.607322201666));
#6335=CARTESIAN_POINT('Ctrl Pts',(-9.59005401453329,42.5283125864047,26.3843402748491));
#6336=CARTESIAN_POINT('Ctrl Pts',(-9.6891659462581,42.570796213263,26.1618955850871));
#6337=CARTESIAN_POINT('Ctrl Pts',(-9.75659206657914,42.6004607758596,26.0138511072018));
#6338=CARTESIAN_POINT('Ctrl Pts',(-9.89392585917739,42.6624037549231,25.7182902354068));
#6339=CARTESIAN_POINT('Ctrl Pts',(-10.0357470749987,42.7293810828895,25.423832496493));
#6340=CARTESIAN_POINT('Ctrl Pts',(-10.107660582624,42.7640800405459,25.2768910149962));
#6341=CARTESIAN_POINT('Ctrl Pts',(-10.3260312775648,42.8716234335211,24.8369623205928));
#6342=CARTESIAN_POINT('Ctrl Pts',(-10.5512529557065,42.9888887420353,24.3997849720881));
#6343=CARTESIAN_POINT('Ctrl Pts',(-10.7035106344689,43.0708411947418,24.1096142325095));
#6344=CARTESIAN_POINT('Ctrl Pts',(-11.0108115837718,43.240943928156,23.5317989173038));
#6345=CARTESIAN_POINT('Ctrl Pts',(-11.3222198903635,43.4213599662591,22.9580675919541));
#6346=CARTESIAN_POINT('Ctrl Pts',(-11.4785675507195,43.513610908205,22.6720041042234));
#6347=CARTESIAN_POINT('Ctrl Pts',(-11.7924639918522,43.7016941259771,22.1004040176792));
#6348=CARTESIAN_POINT('Ctrl Pts',(-12.1079912860933,43.8976180741315,21.5289365903117));
#6349=CARTESIAN_POINT('Ctrl Pts',(-12.2659901412728,43.9977444513119,21.2430202181997));
#6350=CARTESIAN_POINT('Ctrl Pts',(-12.5815334600242,44.2025034699326,20.6712493572845));
#6351=CARTESIAN_POINT('Ctrl Pts',(-12.8959779882958,44.4167526412279,20.1010937986854));
#6352=CARTESIAN_POINT('Ctrl Pts',(-13.0528552231966,44.5266245899152,19.8169462739794));
#6353=CARTESIAN_POINT('Ctrl Pts',(-13.2892402751256,44.6962526164727,19.3944535840574));
#6354=CARTESIAN_POINT('Ctrl Pts',(-13.5273428868068,44.8707888055938,18.9750191324235));
#6355=CARTESIAN_POINT('Ctrl Pts',(-13.6068021823131,44.9289317487977,18.8352889376028));
#6356=CARTESIAN_POINT('Ctrl Pts',(-13.7074555640659,45.0052873963946,18.6623367285936));
#6357=CARTESIAN_POINT('Ctrl Pts',(-13.8082548919252,45.0796637407135,18.488524137555));
#6358=CARTESIAN_POINT('Ctrl Pts',(-13.8284129353948,45.0944282879539,18.4537130178624));
#6359=CARTESIAN_POINT('Ctrl Pts',(-13.8687789642617,45.1239464583991,18.384093014614));
#6360=CARTESIAN_POINT('Ctrl Pts',(-13.9093911425393,45.1540581004783,18.3147655468931));
#6361=CARTESIAN_POINT('Ctrl Pts',(-13.9298015656555,45.1694296829267,18.2802535702797));
#6362=CARTESIAN_POINT('Ctrl Pts',(-13.9912866654632,45.2165603838419,18.1771987959134));
#6363=CARTESIAN_POINT('Ctrl Pts',(-14.0529095198465,45.2654821209471,18.0749753439305));
#6364=CARTESIAN_POINT('Ctrl Pts',(-14.0935251027254,45.2978233335505,18.0066755987677));
#6365=CARTESIAN_POINT('Ctrl Pts',(-14.2150660421228,45.3958668917151,17.8022508639432));
#6366=CARTESIAN_POINT('Ctrl Pts',(-14.3355053095757,45.4966267301772,17.5991036779461));
#6367=CARTESIAN_POINT('Ctrl Pts',(-14.4153816907762,45.5650286258676,17.4642787107589));
#6368=CARTESIAN_POINT('Ctrl Pts',(-14.5736211141864,45.7029492856994,17.195238750133));
#6369=CARTESIAN_POINT('Ctrl Pts',(-14.7284515180865,45.8423415519494,16.9270937571394));
#6370=CARTESIAN_POINT('Ctrl Pts',(-14.8048670117071,45.9121219838406,16.7931185758076));
#6371=CARTESIAN_POINT('Ctrl Pts',(-14.8801281374657,45.9817454960231,16.6591225578719));
#6372=CARTESIAN_POINT('Ctrl Pts',(-14.954083580293,46.0509992960361,16.5249955245822));
#6373=CARTESIAN_POINT('Ctrl Pts',(-8.82162039201704,42.6201317494843,28.0421343228024));
#6374=CARTESIAN_POINT('Ctrl Pts',(-8.8741334318702,42.6365383678911,27.892412342291));
#6375=CARTESIAN_POINT('Ctrl Pts',(-8.92831625557217,42.6542700392765,27.7428241235746));
#6376=CARTESIAN_POINT('Ctrl Pts',(-8.98422417154875,42.673393092834,27.5933980942873));
#6377=CARTESIAN_POINT('Ctrl Pts',(-9.07070973414434,42.7042341271407,27.3695394064806));
#6378=CARTESIAN_POINT('Ctrl Pts',(-9.16108364618517,42.7383584875246,27.1461440855566));
#6379=CARTESIAN_POINT('Ctrl Pts',(-9.19163774793596,42.7501008138202,27.071732858351));
#6380=CARTESIAN_POINT('Ctrl Pts',(-9.25359427570157,42.7743230184715,26.9230223047911));
#6381=CARTESIAN_POINT('Ctrl Pts',(-9.31721576758335,42.8000196364244,26.7745429302598));
#6382=CARTESIAN_POINT('Ctrl Pts',(-9.34943484601229,42.8132363786368,26.7003628839859));
#6383=CARTESIAN_POINT('Ctrl Pts',(-9.44728551147943,42.8539871845771,26.4780065463005));
#6384=CARTESIAN_POINT('Ctrl Pts',(-9.5486026618257,42.8980143602096,26.2562156794599));
#6385=CARTESIAN_POINT('Ctrl Pts',(-9.61758710704069,42.9287994290083,26.1086188121019));
#6386=CARTESIAN_POINT('Ctrl Pts',(-9.75816467887008,42.9931519841481,25.8139765732863));
#6387=CARTESIAN_POINT('Ctrl Pts',(-9.9033863782624,43.0628422399395,25.5204925912328));
#6388=CARTESIAN_POINT('Ctrl Pts',(-9.97701484924825,43.0989650429475,25.3740537643249));
#6389=CARTESIAN_POINT('Ctrl Pts',(-10.2005032059366,43.2109526296664,24.9356921745501));
#6390=CARTESIAN_POINT('Ctrl Pts',(-10.4305958468349,43.3330860035303,24.5002993375127));
#6391=CARTESIAN_POINT('Ctrl Pts',(-10.5858426488862,43.4183896535711,24.2114486021291));
#6392=CARTESIAN_POINT('Ctrl Pts',(-10.8984867695969,43.5952141215232,23.6366332261616));
#6393=CARTESIAN_POINT('Ctrl Pts',(-11.2141284046319,43.7820135025722,23.0665242800996));
#6394=CARTESIAN_POINT('Ctrl Pts',(-11.3723463505077,43.8772752610786,22.7824195235088));
#6395=CARTESIAN_POINT('Ctrl Pts',(-11.6898328195581,44.070901143344,22.2146530301723));
#6396=CARTESIAN_POINT('Ctrl Pts',(-12.0089179935147,44.2721681543588,21.646480317356));
#6397=CARTESIAN_POINT('Ctrl Pts',(-12.1687564115453,44.3751534128985,21.3619840313167));
#6398=CARTESIAN_POINT('Ctrl Pts',(-12.4878069741587,44.5860788160689,20.7931409233359));
#6399=CARTESIAN_POINT('Ctrl Pts',(-12.8053926309724,44.8072510181578,20.225626884453));
#6400=CARTESIAN_POINT('Ctrl Pts',(-12.9636108726002,44.9210214518278,19.9426105020082));
#6401=CARTESIAN_POINT('Ctrl Pts',(-13.20300724482,45.0981161216257,19.5239182401726));
#6402=CARTESIAN_POINT('Ctrl Pts',(-13.4464245484735,45.2835763405395,19.11000267441));
#6403=CARTESIAN_POINT('Ctrl Pts',(-13.5268170059023,45.3415230038042,18.9704047093032));
#6404=CARTESIAN_POINT('Ctrl Pts',(-13.6324036461737,45.4291511882269,18.8029855126881));
#6405=CARTESIAN_POINT('Ctrl Pts',(-13.7405171054725,45.5197178295894,18.6370631361528));
#6406=CARTESIAN_POINT('Ctrl Pts',(-13.7621947468379,45.5377858159813,18.6038631860682));
#6407=CARTESIAN_POINT('Ctrl Pts',(-13.8055505574919,45.5736968782042,18.537363975216));
#6408=CARTESIAN_POINT('Ctrl Pts',(-13.8482128514317,45.6079487889695,18.4700662586881));
#6409=CARTESIAN_POINT('Ctrl Pts',(-13.8691951168122,45.6243474133127,18.4360631241203));
#6410=CARTESIAN_POINT('Ctrl Pts',(-13.9304263702854,45.6701423930424,18.3323882711895));
#6411=CARTESIAN_POINT('Ctrl Pts',(-13.9874534413941,45.7081749575687,18.2248910266614));
#6412=CARTESIAN_POINT('Ctrl Pts',(-14.0248654487038,45.7331074094113,18.1529919398618));
#6413=CARTESIAN_POINT('Ctrl Pts',(-14.1396513060631,45.8149975296704,17.9407154127608));
#6414=CARTESIAN_POINT('Ctrl Pts',(-14.257437327877,45.9087373978318,17.7341115522292));
#6415=CARTESIAN_POINT('Ctrl Pts',(-14.3357578195277,45.9731923077057,17.5973190092481));
#6416=CARTESIAN_POINT('Ctrl Pts',(-14.4915003106985,46.1047524836989,17.3251066068399));
#6417=CARTESIAN_POINT('Ctrl Pts',(-14.6445548253974,46.2396668171085,17.0547408415103));
#6418=CARTESIAN_POINT('Ctrl Pts',(-14.720174035588,46.3074496453638,16.9197857696319));
#6419=CARTESIAN_POINT('Ctrl Pts',(-14.794685075748,46.3752400588498,16.7849005782026));
#6420=CARTESIAN_POINT('Ctrl Pts',(-14.8678888582649,46.4427523515434,16.6499358482832));
#6421=CARTESIAN_POINT('Ctrl Pts',(-8.67602068313675,42.9484298074223,28.1344887525949));
#6422=CARTESIAN_POINT('Ctrl Pts',(-8.72886328906683,42.964975763072,27.9851296967647));
#6423=CARTESIAN_POINT('Ctrl Pts',(-8.78350417821053,42.9829447854668,27.8359135642796));
#6424=CARTESIAN_POINT('Ctrl Pts',(-8.84001886830435,43.0024157581502,27.68687274844));
#6425=CARTESIAN_POINT('Ctrl Pts',(-8.92766529582751,43.0339609442579,27.4636173496614));
#6426=CARTESIAN_POINT('Ctrl Pts',(-9.01957819659681,43.0690663784608,27.2408662912829));
#6427=CARTESIAN_POINT('Ctrl Pts',(-9.05068743310733,43.0811667010025,27.1666745205295));
#6428=CARTESIAN_POINT('Ctrl Pts',(-9.11383641830128,43.1061660008138,27.0184122036347));
#6429=CARTESIAN_POINT('Ctrl Pts',(-9.17880636114685,43.1327581842629,26.8703986030912));
#6430=CARTESIAN_POINT('Ctrl Pts',(-9.21173658498258,43.1464514052079,26.7964555559168));
#6431=CARTESIAN_POINT('Ctrl Pts',(-9.31182226130364,43.1887135054106,26.5748210079152));
#6432=CARTESIAN_POINT('Ctrl Pts',(-9.41564901885371,43.2344849951222,26.3537785112116));
#6433=CARTESIAN_POINT('Ctrl Pts',(-9.48640121263642,43.2665246437461,26.2066874528022));
#6434=CARTESIAN_POINT('Ctrl Pts',(-9.63064676697042,43.3335546963755,25.9130546140015));
#6435=CARTESIAN_POINT('Ctrl Pts',(-9.77968149928837,43.4062530318389,25.6205886059516));
#6436=CARTESIAN_POINT('Ctrl Pts',(-9.85522290007944,43.4439622269166,25.4746635723975));
#6437=CARTESIAN_POINT('Ctrl Pts',(-10.084357332802,43.5609223205289,25.037916799687));
#6438=CARTESIAN_POINT('Ctrl Pts',(-10.3196220503783,43.6884703935847,24.6044039372732));
#6439=CARTESIAN_POINT('Ctrl Pts',(-10.4779483603752,43.7775430968815,24.3169343340161));
#6440=CARTESIAN_POINT('Ctrl Pts',(-10.795838424133,43.9615616102335,23.7453969831006));
#6441=CARTESIAN_POINT('Ctrl Pts',(-11.1154624634746,44.1553762851864,23.1791858218529));
#6442=CARTESIAN_POINT('Ctrl Pts',(-11.275057973058,44.2524516948534,22.8979503605485));
#6443=CARTESIAN_POINT('Ctrl Pts',(-11.5960934244117,44.4540526946234,22.3338967710069));
#6444=CARTESIAN_POINT('Ctrl Pts',(-11.9190533804237,44.6573045913854,21.7681679963577));
#6445=CARTESIAN_POINT('Ctrl Pts',(-12.0829029569876,44.7629159085147,21.4847755689121));
#6446=CARTESIAN_POINT('Ctrl Pts',(-12.4044197841774,44.9820500542515,20.9228220183761));
#6447=CARTESIAN_POINT('Ctrl Pts',(-12.7225694092855,45.2140437060932,20.3588698374825));
#6448=CARTESIAN_POINT('Ctrl Pts',(-12.8816988491006,45.3325147866533,20.076709126831));
#6449=CARTESIAN_POINT('Ctrl Pts',(-13.1227266636244,45.5157086600461,19.6598881724862));
#6450=CARTESIAN_POINT('Ctrl Pts',(-13.3664652025813,45.7019029846716,19.2467956905826));
#6451=CARTESIAN_POINT('Ctrl Pts',(-13.4479435154793,45.7641314378866,19.1093279296081));
#6452=CARTESIAN_POINT('Ctrl Pts',(-13.5499180721518,45.8420427958655,18.9375984304605));
#6453=CARTESIAN_POINT('Ctrl Pts',(-13.6519880945657,45.9194956645868,18.7655809703535));
#6454=CARTESIAN_POINT('Ctrl Pts',(-13.6724051043113,45.9349621823033,18.7311619927539));
#6455=CARTESIAN_POINT('Ctrl Pts',(-13.7132436904397,45.9658344374407,18.6622849080576));
#6456=CARTESIAN_POINT('Ctrl Pts',(-13.7540822587458,45.9965742686583,18.5933228374851));
#6457=CARTESIAN_POINT('Ctrl Pts',(-13.7744993082346,46.0119082922669,18.558818786335));
#6458=CARTESIAN_POINT('Ctrl Pts',(-13.8357309638134,46.0578076391176,18.4552415583386));
#6459=CARTESIAN_POINT('Ctrl Pts',(-13.896846735851,46.1034718189494,18.3515102279405));
#6460=CARTESIAN_POINT('Ctrl Pts',(-13.9374788906106,46.1338659984703,18.2823412581241));
#6461=CARTESIAN_POINT('Ctrl Pts',(-14.058904339676,46.2254514329314,18.07484416464));
#6462=CARTESIAN_POINT('Ctrl Pts',(-14.178924741858,46.3197693691329,17.8669883248765));
#6463=CARTESIAN_POINT('Ctrl Pts',(-14.2561325372813,46.3838896223984,17.7318075265375));
#6464=CARTESIAN_POINT('Ctrl Pts',(-14.4112190426856,46.5136253359569,17.4588664584928));
#6465=CARTESIAN_POINT('Ctrl Pts',(-14.5635144790401,46.6456639303379,17.1863406614165));
#6466=CARTESIAN_POINT('Ctrl Pts',(-14.6385485752176,46.7118902989988,17.0506597909608));
#6467=CARTESIAN_POINT('Ctrl Pts',(-14.7124653052485,46.7780902428716,16.9149712914164));
#6468=CARTESIAN_POINT('Ctrl Pts',(-14.7849979955469,46.8439654981973,16.7792039719243));
#6469=CARTESIAN_POINT('Ctrl Pts',(-8.39933298504834,43.6227945588743,28.3244340106439));
#6470=CARTESIAN_POINT('Ctrl Pts',(-8.45270776056527,43.6396186434471,28.1759062839321));
#6471=CARTESIAN_POINT('Ctrl Pts',(-8.50819375888285,43.658102471258,28.0275595485535));
#6472=CARTESIAN_POINT('Ctrl Pts',(-8.56592845506122,43.6783527480261,27.8794411348082));
#6473=CARTESIAN_POINT('Ctrl Pts',(-8.65601359027626,43.7114653095323,27.6576525867131));
#6474=CARTESIAN_POINT('Ctrl Pts',(-8.75127830505355,43.7487242513245,27.4364655855752));
#6475=CARTESIAN_POINT('Ctrl Pts',(-8.78360637394733,43.7616069688734,27.3628045317217));
#6476=CARTESIAN_POINT('Ctrl Pts',(-8.8493934143062,43.7882989917632,27.2156181697924));
#6477=CARTESIAN_POINT('Ctrl Pts',(-8.91738960244468,43.816838502029,27.0687017945604));
#6478=CARTESIAN_POINT('Ctrl Pts',(-8.95192683665581,43.8315686798525,26.9953107280861));
#6479=CARTESIAN_POINT('Ctrl Pts',(-9.05709977434108,43.877131162769,26.7753370658388));
#6480=CARTESIAN_POINT('Ctrl Pts',(-9.16674058150503,43.926762941438,26.5559627322762));
#6481=CARTESIAN_POINT('Ctrl Pts',(-9.24163014853373,43.9616196030749,26.4099789448369));
#6482=CARTESIAN_POINT('Ctrl Pts',(-9.39443612898937,44.0347051516336,26.1185764304285));
#6483=CARTESIAN_POINT('Ctrl Pts',(-9.55221215793665,44.1140854877827,25.8283663282199));
#6484=CARTESIAN_POINT('Ctrl Pts',(-9.63207028279313,44.155234417844,25.6835751141466));
#6485=CARTESIAN_POINT('Ctrl Pts',(-9.87382741317696,44.2827389568635,25.2501495656212));
#6486=CARTESIAN_POINT('Ctrl Pts',(-10.1202722266466,44.421625767329,24.8199122993742));
#6487=CARTESIAN_POINT('Ctrl Pts',(-10.2849775462737,44.5183423788952,24.5348243778152));
#6488=CARTESIAN_POINT('Ctrl Pts',(-10.6132965226314,44.7187906058021,23.9689162289249));
#6489=CARTESIAN_POINT('Ctrl Pts',(-10.9387232647883,44.9274776942248,23.4111281234092));
#6490=CARTESIAN_POINT('Ctrl Pts',(-11.1006921698716,45.034851732496,23.1337331004399));
#6491=CARTESIAN_POINT('Ctrl Pts',(-11.423919506108,45.242992025974,22.5824812495718));
#6492=CARTESIAN_POINT('Ctrl Pts',(-11.7503622642237,45.4611521415683,22.0276306907281));
#6493=CARTESIAN_POINT('Ctrl Pts',(-11.9149973887062,45.5717266446474,21.7436027559154));
#6494=CARTESIAN_POINT('Ctrl Pts',(-12.2403297305443,45.8077123607054,21.1795940876143));
#6495=CARTESIAN_POINT('Ctrl Pts',(-12.5638732496679,46.0509190019094,20.6261336602149));
#6496=CARTESIAN_POINT('Ctrl Pts',(-12.7273593218843,46.172818360997,20.350220946875));
#6497=CARTESIAN_POINT('Ctrl Pts',(-12.9741248483103,46.3561555539123,19.938178930692));
#6498=CARTESIAN_POINT('Ctrl Pts',(-13.2194067500799,46.5394347813877,19.5260356714065));
#6499=CARTESIAN_POINT('Ctrl Pts',(-13.3008400679757,46.6004581069581,19.3885220709489));
#6500=CARTESIAN_POINT('Ctrl Pts',(-13.4021384372376,46.6764674011653,19.2162006341456));
#6501=CARTESIAN_POINT('Ctrl Pts',(-13.5027735960148,46.7521282303593,19.0433174757372));
#6502=CARTESIAN_POINT('Ctrl Pts',(-13.5228734663769,46.7672467158888,19.0087183119166));
#6503=CARTESIAN_POINT('Ctrl Pts',(-13.5630172339935,46.7974594831686,18.9394770994353));
#6504=CARTESIAN_POINT('Ctrl Pts',(-13.603045843169,46.827634902538,18.8701580296607));
#6505=CARTESIAN_POINT('Ctrl Pts',(-13.6230305441472,46.8427160332031,18.8354810271245));
#6506=CARTESIAN_POINT('Ctrl Pts',(-13.6828940693235,46.8879507359719,18.7314053461815));
#6507=CARTESIAN_POINT('Ctrl Pts',(-13.7424830858753,46.9331976977552,18.6272241437882));
#6508=CARTESIAN_POINT('Ctrl Pts',(-13.7820913753413,46.9634040188924,18.5577355915625));
#6509=CARTESIAN_POINT('Ctrl Pts',(-13.9004954327971,47.0542865071903,18.3494067752521));
#6510=CARTESIAN_POINT('Ctrl Pts',(-14.017219938086,47.1459527542053,18.1427106347308));
#6511=CARTESIAN_POINT('Ctrl Pts',(-14.0961753997539,47.2087469964012,18.0027617586152));
#6512=CARTESIAN_POINT('Ctrl Pts',(-14.2511819712796,47.3356329381227,17.7261763994944));
#6513=CARTESIAN_POINT('Ctrl Pts',(-14.4019208429326,47.4637780256477,17.4527141564054));
#6514=CARTESIAN_POINT('Ctrl Pts',(-14.4765017859459,47.5279743875953,17.315866796767));
#6515=CARTESIAN_POINT('Ctrl Pts',(-14.5497667306878,47.5919010576516,17.179086123486));
#6516=CARTESIAN_POINT('Ctrl Pts',(-14.6214336547431,47.655264121106,17.042108860064));
#6517=CARTESIAN_POINT('Ctrl Pts',(-8.16083313718081,44.3368515799175,28.5254465582786));
#6518=CARTESIAN_POINT('Ctrl Pts',(-8.21427463047386,44.3537434720424,28.3778942623178));
#6519=CARTESIAN_POINT('Ctrl Pts',(-8.27014407566081,44.3726312407537,28.2305592381796));
#6520=CARTESIAN_POINT('Ctrl Pts',(-8.32875770620117,44.3937311000958,28.0835419015016));
#6521=CARTESIAN_POINT('Ctrl Pts',(-8.42124073814021,44.4289326808038,27.8636607435075));
#6522=CARTESIAN_POINT('Ctrl Pts',(-8.52060173309517,44.4693971556819,27.6447957155848));
#6523=CARTESIAN_POINT('Ctrl Pts',(-8.5544886784545,44.4834670713748,27.5719563983341));
#6524=CARTESIAN_POINT('Ctrl Pts',(-8.62376577820088,44.5127430022373,27.4265027425927));
#6525=CARTESIAN_POINT('Ctrl Pts',(-8.69592819833203,44.5442140351032,27.2814616784113));
#6526=CARTESIAN_POINT('Ctrl Pts',(-8.73270067325293,44.5604791660948,27.2090351252412));
#6527=CARTESIAN_POINT('Ctrl Pts',(-8.84495810759113,44.6107912331139,26.9919914059912));
#6528=CARTESIAN_POINT('Ctrl Pts',(-8.96258379687328,44.6654733806046,26.7755096213101));
#6529=CARTESIAN_POINT('Ctrl Pts',(-9.04298036258285,44.7036976077356,26.6313045755286));
#6530=CARTESIAN_POINT('Ctrl Pts',(-9.20680298575419,44.7836098464627,26.3428900277457));
#6531=CARTESIAN_POINT('Ctrl Pts',(-9.37497624439393,44.8703384091962,26.054803313507));
#6532=CARTESIAN_POINT('Ctrl Pts',(-9.45972081176046,44.9153885117475,25.9109173537473));
#6533=CARTESIAN_POINT('Ctrl Pts',(-9.71468743147018,45.0550201675611,25.4804747067032));
#6534=CARTESIAN_POINT('Ctrl Pts',(-9.97000098923689,45.2056666931778,25.054134188862));
#6535=CARTESIAN_POINT('Ctrl Pts',(-10.1388893986371,45.3090280431856,24.7719220710262));
#6536=CARTESIAN_POINT('Ctrl Pts',(-10.47469737329,45.5219115803332,24.2103647684117));
#6537=CARTESIAN_POINT('Ctrl Pts',(-10.8039925329387,45.7444362168449,23.6575150706231));
#6538=CARTESIAN_POINT('Ctrl Pts',(-10.9681731764079,45.8555075006166,23.3814460549426));
#6539=CARTESIAN_POINT('Ctrl Pts',(-11.2920116979848,46.0812076550203,22.8381131120853));
#6540=CARTESIAN_POINT('Ctrl Pts',(-11.6184863015348,46.2988444517968,22.2836321076185));
#6541=CARTESIAN_POINT('Ctrl Pts',(-11.7830999320441,46.4189306278149,22.0051888294281));
#6542=CARTESIAN_POINT('Ctrl Pts',(-12.1119688944631,46.6530333014969,21.457668747414));
#6543=CARTESIAN_POINT('Ctrl Pts',(-12.4445276457715,46.8891777081977,20.9108401494576));
#6544=CARTESIAN_POINT('Ctrl Pts',(-12.6102538184841,47.0077960843188,20.6388580468511));
#6545=CARTESIAN_POINT('Ctrl Pts',(-12.8575594824172,47.1858493464517,20.2293283698024));
#6546=CARTESIAN_POINT('Ctrl Pts',(-13.0996364857271,47.3645290374604,19.8162244736345));
#6547=CARTESIAN_POINT('Ctrl Pts',(-13.1795997569422,47.4241772609262,19.6780147851254));
#6548=CARTESIAN_POINT('Ctrl Pts',(-13.27850477811,47.4988752967115,19.504559363914));
#6549=CARTESIAN_POINT('Ctrl Pts',(-13.3760384497927,47.5740029133888,19.3303325505242));
#6550=CARTESIAN_POINT('Ctrl Pts',(-13.3954898663149,47.5890479292449,19.295457157825));
#6551=CARTESIAN_POINT('Ctrl Pts',(-13.4342822600548,47.6191815684883,19.2256482158513));
#6552=CARTESIAN_POINT('Ctrl Pts',(-13.4728571808144,47.6494103154372,19.155727267814));
#6553=CARTESIAN_POINT('Ctrl Pts',(-13.4920911286446,47.6645504386555,19.1207398624843));
#6554=CARTESIAN_POINT('Ctrl Pts',(-13.5496369723693,47.7100533063899,19.0157008829148));
#6555=CARTESIAN_POINT('Ctrl Pts',(-13.6067360319284,47.7558144246984,18.9104463527219));
#6556=CARTESIAN_POINT('Ctrl Pts',(-13.6446187517684,47.7864465217652,18.8402006173569));
#6557=CARTESIAN_POINT('Ctrl Pts',(-13.7578465163868,47.8786892311955,18.6292321122226));
#6558=CARTESIAN_POINT('Ctrl Pts',(-13.8707033707912,47.9723339409087,18.4170075410658));
#6559=CARTESIAN_POINT('Ctrl Pts',(-13.9447856950364,48.0348598661068,18.2779652581491));
#6560=CARTESIAN_POINT('Ctrl Pts',(-14.094344541461,48.1612931762672,18.0019658183598));
#6561=CARTESIAN_POINT('Ctrl Pts',(-14.245002912039,48.2892196659497,17.7260260201598));
#6562=CARTESIAN_POINT('Ctrl Pts',(-14.3196791982822,48.3530449799377,17.5885809731537));
#6563=CARTESIAN_POINT('Ctrl Pts',(-14.3929089165659,48.4162372292858,17.4510868468752));
#6564=CARTESIAN_POINT('Ctrl Pts',(-14.4640128676123,48.4783239922472,17.3132058249428));
#6565=CARTESIAN_POINT('Ctrl Pts',(-8.05160951117471,44.7042701569872,28.6281743300876));
#6566=CARTESIAN_POINT('Ctrl Pts',(-8.10478573841276,44.7212008790892,28.4810320997078));
#6567=CARTESIAN_POINT('Ctrl Pts',(-8.16077926920989,44.7405272206256,28.3341756591045));
#6568=CARTESIAN_POINT('Ctrl Pts',(-8.21957667684492,44.7623854894281,28.1875953266837));
#6569=CARTESIAN_POINT('Ctrl Pts',(-8.31952906465011,44.8025517011066,27.9706016923693));
#6570=CARTESIAN_POINT('Ctrl Pts',(-8.42332197912754,44.8452634838038,27.7544107616013));
#6571=CARTESIAN_POINT('Ctrl Pts',(-8.45648959267672,44.858689614891,27.6819302339031));
#6572=CARTESIAN_POINT('Ctrl Pts',(-8.52521574727575,44.8873424241099,27.5375190563243));
#6573=CARTESIAN_POINT('Ctrl Pts',(-8.60061379469066,44.9211785252412,27.3944510097639));
#6574=CARTESIAN_POINT('Ctrl Pts',(-8.6374120178851,44.9378864566609,27.3225421272358));
#6575=CARTESIAN_POINT('Ctrl Pts',(-8.74668614217248,44.9870122572641,27.1055180190755));
#6576=CARTESIAN_POINT('Ctrl Pts',(-8.86433493317207,45.044056482446,26.8917862388255));
#6577=CARTESIAN_POINT('Ctrl Pts',(-8.95059309886026,45.0808437525178,26.7486747881147));
#6578=CARTESIAN_POINT('Ctrl Pts',(-9.11933891212907,45.1533951146186,26.4597110004227));
#6579=CARTESIAN_POINT('Ctrl Pts',(-9.29584697052426,45.2580403289049,26.1736920655339));
#6580=CARTESIAN_POINT('Ctrl Pts',(-9.38339607038834,45.2895155015666,26.0291212330109));
#6581=CARTESIAN_POINT('Ctrl Pts',(-9.65614036301835,45.4539806531928,25.5871322850891));
#6582=CARTESIAN_POINT('Ctrl Pts',(-9.90336409695386,45.6239368354085,25.1845856202407));
#6583=CARTESIAN_POINT('Ctrl Pts',(-10.0766541171261,45.7222846643683,24.897824392189));
#6584=CARTESIAN_POINT('Ctrl Pts',(-10.4123186057686,45.9423371738126,24.3395014544511));
#6585=CARTESIAN_POINT('Ctrl Pts',(-10.7423992600711,46.1644013801989,23.7883557700555));
#6586=CARTESIAN_POINT('Ctrl Pts',(-10.9091325711605,46.2745713719121,23.515311513491));
#6587=CARTESIAN_POINT('Ctrl Pts',(-11.2402820554571,46.4968961863102,22.9678336715484));
#6588=CARTESIAN_POINT('Ctrl Pts',(-11.5695722454999,46.7231819380835,22.4198199438663));
#6589=CARTESIAN_POINT('Ctrl Pts',(-11.7349622259353,46.8371333873337,22.1466396751224));
#6590=CARTESIAN_POINT('Ctrl Pts',(-12.066899508047,47.0670699863481,21.6027188276631));
#6591=CARTESIAN_POINT('Ctrl Pts',(-12.3979757369579,47.3004845966019,21.0597549849193));
#6592=CARTESIAN_POINT('Ctrl Pts',(-12.5627843883443,47.4178362366747,20.7879208324672));
#6593=CARTESIAN_POINT('Ctrl Pts',(-12.8075574853695,47.594645927985,20.3784547608314));
#6594=CARTESIAN_POINT('Ctrl Pts',(-13.046147712153,47.7729996664011,19.9647675355854));
#6595=CARTESIAN_POINT('Ctrl Pts',(-13.1248571669856,47.8326435322933,19.8263162776954));
#6596=CARTESIAN_POINT('Ctrl Pts',(-13.2220585988318,47.9075072612475,19.6524741230013));
#6597=CARTESIAN_POINT('Ctrl Pts',(-13.3177092978128,47.9828759564796,19.4776856606225));
#6598=CARTESIAN_POINT('Ctrl Pts',(-13.3367767252855,47.9979710538322,19.442690377464));
#6599=CARTESIAN_POINT('Ctrl Pts',(-13.3747854580057,48.0282063761536,19.3726258020993));
#6600=CARTESIAN_POINT('Ctrl Pts',(-13.412542290562,48.0585364389174,19.3024170420137));
#6601=CARTESIAN_POINT('Ctrl Pts',(-13.4313578203229,48.0737262741373,19.267277574527));
#6602=CARTESIAN_POINT('Ctrl Pts',(-13.4876172999776,48.1193732890417,19.1617578930788));
#6603=CARTESIAN_POINT('Ctrl Pts',(-13.5433254954034,48.1652594399528,19.055950159875));
#6604=CARTESIAN_POINT('Ctrl Pts',(-13.5802285311616,48.1959627378663,18.9852979452064));
#6605=CARTESIAN_POINT('Ctrl Pts',(-13.690282165364,48.2884085414606,18.7730594266503));
#6606=CARTESIAN_POINT('Ctrl Pts',(-13.7987414445907,48.3817917364514,18.5602780382614));
#6607=CARTESIAN_POINT('Ctrl Pts',(-13.8704844458284,48.4440692766543,18.4182236515539));
#6608=CARTESIAN_POINT('Ctrl Pts',(-14.0163887390406,48.5717668348934,18.1371692107313));
#6609=CARTESIAN_POINT('Ctrl Pts',(-14.1633477057679,48.6955250353602,17.8571377477169));
#6610=CARTESIAN_POINT('Ctrl Pts',(-14.2466073199264,48.7643332178365,17.7260381207596));
#6611=CARTESIAN_POINT('Ctrl Pts',(-14.3175479430915,48.8285685354041,17.5878071978185));
#6612=CARTESIAN_POINT('Ctrl Pts',(-14.3862685475007,48.8905931423709,17.4488774660336));
#6613=CARTESIAN_POINT('Ctrl Pts',(-7.9189396561723,45.2760087083129,28.7901096398032));
#6614=CARTESIAN_POINT('Ctrl Pts',(-7.97124273986572,45.2917263977083,28.6436918647569));
#6615=CARTESIAN_POINT('Ctrl Pts',(-8.02543134088423,45.3095498104932,28.4971793239061));
#6616=CARTESIAN_POINT('Ctrl Pts',(-8.08189834968079,45.3298446351446,28.3506722779092));
#6617=CARTESIAN_POINT('Ctrl Pts',(-8.17059955009486,45.3653897126143,28.1308046395121));
#6618=CARTESIAN_POINT('Ctrl Pts',(-8.27676665268285,45.4140854483555,27.9145928195861));
#6619=CARTESIAN_POINT('Ctrl Pts',(-8.31551624350647,45.4325319443497,27.8433612817639));
#6620=CARTESIAN_POINT('Ctrl Pts',(-8.39236217093489,45.4690956848198,27.700707171695));
#6621=CARTESIAN_POINT('Ctrl Pts',(-8.4697360019492,45.5059351344361,27.5583743773548));
#6622=CARTESIAN_POINT('Ctrl Pts',(-8.51183029394245,45.5264813337471,27.4882118049858));
#6623=CARTESIAN_POINT('Ctrl Pts',(-8.64517547875534,45.5924874254287,27.2799729177789));
#6624=CARTESIAN_POINT('Ctrl Pts',(-8.77997142174704,45.6578893412747,27.07150739446));
#6625=CARTESIAN_POINT('Ctrl Pts',(-8.86439393937196,45.7080917957529,26.9377287614564));
#6626=CARTESIAN_POINT('Ctrl Pts',(-9.04400449746217,45.7873966680332,26.6547574279391));
#6627=CARTESIAN_POINT('Ctrl Pts',(-9.22589134524325,45.8839796700935,26.3662007696593));
#6628=CARTESIAN_POINT('Ctrl Pts',(-9.31505043019889,45.9368717215474,26.2241278610858));
#6629=CARTESIAN_POINT('Ctrl Pts',(-9.58093866533044,46.0897217422094,25.7955644426974));
#6630=CARTESIAN_POINT('Ctrl Pts',(-9.83858440587088,46.2555317732472,25.3737831935584));
#6631=CARTESIAN_POINT('Ctrl Pts',(-10.0053572014536,46.3617751970931,25.0989020681533));
#6632=CARTESIAN_POINT('Ctrl Pts',(-10.3411235497343,46.5760019355377,24.5439932821234));
#6633=CARTESIAN_POINT('Ctrl Pts',(-10.6739898777277,46.7922934944215,23.9947128354613));
#6634=CARTESIAN_POINT('Ctrl Pts',(-10.8409144012117,46.9010084567729,23.7220469446125));
#6635=CARTESIAN_POINT('Ctrl Pts',(-11.1734069360875,47.1203427255447,23.1772896203348));
#6636=CARTESIAN_POINT('Ctrl Pts',(-11.503513795735,47.3436038761719,22.6340417848899));
#6637=CARTESIAN_POINT('Ctrl Pts',(-11.6683142285552,47.4561315664802,22.3629454065133));
#6638=CARTESIAN_POINT('Ctrl Pts',(-11.9978637645207,47.6830180830554,21.8219596199472));
#6639=CARTESIAN_POINT('Ctrl Pts',(-12.3240181651354,47.9138175032003,21.2802799157295));
#6640=CARTESIAN_POINT('Ctrl Pts',(-12.4854025882528,48.0302235118976,21.0085590468405));
#6641=CARTESIAN_POINT('Ctrl Pts',(-12.7249294900401,48.2061097776654,20.5991598346197));
#6642=CARTESIAN_POINT('Ctrl Pts',(-12.9595656132843,48.3842343302741,20.1859809715248));
#6643=CARTESIAN_POINT('Ctrl Pts',(-13.0371633741637,48.4438745667534,20.0477724678187));
#6644=CARTESIAN_POINT('Ctrl Pts',(-13.1331472218125,48.5187892477875,19.8742759972795));
#6645=CARTESIAN_POINT('Ctrl Pts',(-13.2276896851,48.594303543385,19.6997802509444));
#6646=CARTESIAN_POINT('Ctrl Pts',(-13.2465388773047,48.6094318234782,19.6648403773741));
#6647=CARTESIAN_POINT('Ctrl Pts',(-13.2841163220696,48.639742596792,19.5948782250309));
#6648=CARTESIAN_POINT('Ctrl Pts',(-13.3214502702667,48.6701696389311,19.5247510174722));
#6649=CARTESIAN_POINT('Ctrl Pts',(-13.3400559598302,48.6854141862955,19.4896460872651));
#6650=CARTESIAN_POINT('Ctrl Pts',(-13.3956902761495,48.7312476221472,19.3842083896493));
#6651=CARTESIAN_POINT('Ctrl Pts',(-13.450787604176,48.7774029373447,19.278409858475));
#6652=CARTESIAN_POINT('Ctrl Pts',(-13.4872900921514,48.80833589312,19.2077240791577));
#6653=CARTESIAN_POINT('Ctrl Pts',(-13.5961872436463,48.9016991880138,18.9952529975298));
#6654=CARTESIAN_POINT('Ctrl Pts',(-13.703512341824,48.9969524869664,18.7817583791583));
#6655=CARTESIAN_POINT('Ctrl Pts',(-13.7747929866188,49.0617244952527,18.6393729789736));
#6656=CARTESIAN_POINT('Ctrl Pts',(-13.9152271452715,49.1919552913958,18.3532528419649));
#6657=CARTESIAN_POINT('Ctrl Pts',(-14.0615928603752,49.3254139965368,18.0748790555352));
#6658=CARTESIAN_POINT('Ctrl Pts',(-14.1315589054789,49.3891735344512,17.9350094497303));
#6659=CARTESIAN_POINT('Ctrl Pts',(-14.2058383403192,49.4520527516718,17.7980383522573));
#6660=CARTESIAN_POINT('Ctrl Pts',(-14.2774561170718,49.5132002275215,17.660525935149));
#6661=CARTESIAN_POINT('Ctrl Pts',(-7.83677698700554,45.8886158832269,28.9608927442338));
#6662=CARTESIAN_POINT('Ctrl Pts',(-7.89372258503725,45.905159989436,28.8171851990329));
#6663=CARTESIAN_POINT('Ctrl Pts',(-7.9528621220395,45.9237987001275,28.673491660125));
#6664=CARTESIAN_POINT('Ctrl Pts',(-8.01500465642195,45.9452133332251,28.5299957855401));
#6665=CARTESIAN_POINT('Ctrl Pts',(-8.11116455832947,45.9809181059704,28.3145452945743));
#6666=CARTESIAN_POINT('Ctrl Pts',(-8.21816212497287,46.0272387933192,28.1002134586931));
#6667=CARTESIAN_POINT('Ctrl Pts',(-8.25481909671179,46.0438230911465,28.0288138377402));
#6668=CARTESIAN_POINT('Ctrl Pts',(-8.33947904608323,46.0847943460096,27.8887072091807));
#6669=CARTESIAN_POINT('Ctrl Pts',(-8.43659709733275,46.1345308709612,27.7514955051596));
#6670=CARTESIAN_POINT('Ctrl Pts',(-8.48309527940217,46.158147717102,27.6822864177704));
#6671=CARTESIAN_POINT('Ctrl Pts',(-8.61612278461298,46.2261592894733,27.4730036228025));
#6672=CARTESIAN_POINT('Ctrl Pts',(-8.74935698602334,46.2981120792554,27.2634524265296));
#6673=CARTESIAN_POINT('Ctrl Pts',(-8.83806807096481,46.3437578562295,27.1210143509479));
#6674=CARTESIAN_POINT('Ctrl Pts',(-9.01227281564146,46.4447610735233,26.8404437563409));
#6675=CARTESIAN_POINT('Ctrl Pts',(-9.1832318878347,46.540916152013,26.5574600661975));
#6676=CARTESIAN_POINT('Ctrl Pts',(-9.26867334721228,46.590408090117,26.4153360639938));
#6677=CARTESIAN_POINT('Ctrl Pts',(-9.52328682081458,46.73868528694,25.991431599694));
#6678=CARTESIAN_POINT('Ctrl Pts',(-9.7743459875199,46.8897471733404,25.5717813585908));
#6679=CARTESIAN_POINT('Ctrl Pts',(-9.94051157136146,46.9942099699439,25.2942257649524));
#6680=CARTESIAN_POINT('Ctrl Pts',(-10.2721293347261,47.2022718742151,24.7410138347698));
#6681=CARTESIAN_POINT('Ctrl Pts',(-10.6015375631058,47.4140469045091,24.1930479060512));
#6682=CARTESIAN_POINT('Ctrl Pts',(-10.7658295840929,47.5208876544411,23.9204057228108));
#6683=CARTESIAN_POINT('Ctrl Pts',(-11.0921955701525,47.7367233297181,23.3759783219505));
#6684=CARTESIAN_POINT('Ctrl Pts',(-11.4148530098341,47.9567439727156,22.8331921793097));
#6685=CARTESIAN_POINT('Ctrl Pts',(-11.5755847084627,48.067656874805,22.562244156468));
#6686=CARTESIAN_POINT('Ctrl Pts',(-11.8964850906567,48.2919288266195,22.0209817241728));
#6687=CARTESIAN_POINT('Ctrl Pts',(-12.2127459005173,48.5218634439624,21.4782810998429));
#6688=CARTESIAN_POINT('Ctrl Pts',(-12.3687264562736,48.6383507303176,21.2059027740108));
#6689=CARTESIAN_POINT('Ctrl Pts',(-12.5988671292446,48.8150279300069,20.7954227200849));
#6690=CARTESIAN_POINT('Ctrl Pts',(-12.8275223002533,48.9944931825243,20.3830877557906));
#6691=CARTESIAN_POINT('Ctrl Pts',(-12.9037659932874,49.0546211366468,20.2454786482177));
#6692=CARTESIAN_POINT('Ctrl Pts',(-12.998950411555,49.1301382553981,20.0731585129663));
#6693=CARTESIAN_POINT('Ctrl Pts',(-13.0932476112247,49.2061038636033,19.9001375595499));
#6694=CARTESIAN_POINT('Ctrl Pts',(-13.1120648657814,49.2213150478887,19.8655024578417));
#6695=CARTESIAN_POINT('Ctrl Pts',(-13.1496008603524,49.2517742703222,19.7961645469151));
#6696=CARTESIAN_POINT('Ctrl Pts',(-13.1869160334109,49.282310617804,19.7266816932163));
#6697=CARTESIAN_POINT('Ctrl Pts',(-13.2055124690765,49.2975989265083,19.6919016499128));
#6698=CARTESIAN_POINT('Ctrl Pts',(-13.2611039836547,49.3435283034615,19.587440260255));
#6699=CARTESIAN_POINT('Ctrl Pts',(-13.3160838586688,49.3896696830202,19.4826100274557));
#6700=CARTESIAN_POINT('Ctrl Pts',(-13.3524478497151,49.4205411851265,19.4125543047916));
#6701=CARTESIAN_POINT('Ctrl Pts',(-13.4607700773689,49.513574459434,19.2019323256996));
#6702=CARTESIAN_POINT('Ctrl Pts',(-13.5676787891134,49.6082519797514,18.9903728994018));
#6703=CARTESIAN_POINT('Ctrl Pts',(-13.6389578545257,49.6722332523093,18.8491639971132));
#6704=CARTESIAN_POINT('Ctrl Pts',(-13.7866643291652,49.8047223350199,18.5691884097405));
#6705=CARTESIAN_POINT('Ctrl Pts',(-13.9382192671221,49.9404782753903,18.2911116772859));
#6706=CARTESIAN_POINT('Ctrl Pts',(-14.0201978136347,50.00838688691,18.1557585785499));
#6707=CARTESIAN_POINT('Ctrl Pts',(-14.0942298522905,50.0735864787668,18.0181279406162));
#6708=CARTESIAN_POINT('Ctrl Pts',(-14.1586726272801,50.1340330235939,17.8761452148202));
#6709=CARTESIAN_POINT('Ctrl Pts',(-7.81489406929641,46.097797719453,29.0185210523273));
#6710=CARTESIAN_POINT('Ctrl Pts',(-7.87426634583052,46.115070028312,28.8759971924621));
#6711=CARTESIAN_POINT('Ctrl Pts',(-7.93629581352409,46.134605923945,28.7336416443874));
#6712=CARTESIAN_POINT('Ctrl Pts',(-8.00128606297179,46.1568174956706,28.5914903753117));
#6713=CARTESIAN_POINT('Ctrl Pts',(-8.10670498279193,46.1960407949936,28.3796295897936));
#6714=CARTESIAN_POINT('Ctrl Pts',(-8.22585456233345,46.2468407633282,28.1699710042127));
#6715=CARTESIAN_POINT('Ctrl Pts',(-8.26724713778832,46.265221747983,28.1003571135569));
#6716=CARTESIAN_POINT('Ctrl Pts',(-8.35112165323008,46.3043096435731,27.9608376535976));
#6717=CARTESIAN_POINT('Ctrl Pts',(-8.43688335298677,46.347442606752,27.8207144739856));
#6718=CARTESIAN_POINT('Ctrl Pts',(-8.48053654700589,46.369992205105,27.7506240405189));
#6719=CARTESIAN_POINT('Ctrl Pts',(-8.61090986874911,46.438737517029,27.539666171684));
#6720=CARTESIAN_POINT('Ctrl Pts',(-8.73988287470709,46.5101532700536,27.3272131512854));
#6721=CARTESIAN_POINT('Ctrl Pts',(-8.82643727571323,46.558688241403,27.1856961829946));
#6722=CARTESIAN_POINT('Ctrl Pts',(-8.99834765967458,46.6564599826782,26.9025445143243));
#6723=CARTESIAN_POINT('Ctrl Pts',(-9.1677420640714,46.7548014171874,26.6195008650165));
#6724=CARTESIAN_POINT('Ctrl Pts',(-9.25191926305416,46.8039894635617,26.4780714227753));
#6725=CARTESIAN_POINT('Ctrl Pts',(-9.50372088329756,46.9516614267553,26.0547855336937));
#6726=CARTESIAN_POINT('Ctrl Pts',(-9.75286891265507,47.101510205422,25.6352995935686));
#6727=CARTESIAN_POINT('Ctrl Pts',(-9.91795515269337,47.2037803657466,25.3577560600927));
#6728=CARTESIAN_POINT('Ctrl Pts',(-10.247674631634,47.4098970994772,24.8048483455513));
#6729=CARTESIAN_POINT('Ctrl Pts',(-10.5751773290306,47.6203571530984,24.2571479311708));
#6730=CARTESIAN_POINT('Ctrl Pts',(-10.7383410595514,47.7265766175159,23.9844947425475));
#6731=CARTESIAN_POINT('Ctrl Pts',(-11.0619000741333,47.9412890534488,23.4398854517887));
#6732=CARTESIAN_POINT('Ctrl Pts',(-11.3810965326862,48.1603194725692,22.8967643810034));
#6733=CARTESIAN_POINT('Ctrl Pts',(-11.5400240392684,48.270719763974,22.6256501732536));
#6734=CARTESIAN_POINT('Ctrl Pts',(-11.8572962802888,48.4941872814946,22.0839655561702));
#6735=CARTESIAN_POINT('Ctrl Pts',(-12.1697469082903,48.7240106282099,21.5407153974768));
#6736=CARTESIAN_POINT('Ctrl Pts',(-12.3237816014866,48.8406338464492,21.268064144344));
#6737=CARTESIAN_POINT('Ctrl Pts',(-12.5502505961172,49.0177581258267,20.8570564804338));
#6738=CARTESIAN_POINT('Ctrl Pts',(-12.7764824364581,49.1978471722095,20.4449324484877));
#6739=CARTESIAN_POINT('Ctrl Pts',(-12.8521783253981,49.2581962111631,20.3075242389052));
#6740=CARTESIAN_POINT('Ctrl Pts',(-12.9470925956025,49.3339952291486,20.1356534918947));
#6741=CARTESIAN_POINT('Ctrl Pts',(-13.0413591800845,49.4101684475063,19.9632193891475));
#6742=CARTESIAN_POINT('Ctrl Pts',(-13.0601773861357,49.4254174298853,19.9287061649236));
#6743=CARTESIAN_POINT('Ctrl Pts',(-13.0977233102843,49.4559431520526,19.859618611103));
#6744=CARTESIAN_POINT('Ctrl Pts',(-13.1350521665455,49.4865244816686,19.7903944959176));
#6745=CARTESIAN_POINT('Ctrl Pts',(-13.1536533130226,49.5018290704609,19.755744713603));
#6746=CARTESIAN_POINT('Ctrl Pts',(-13.2092433481412,49.5477861305785,19.6516731840924));
#6747=CARTESIAN_POINT('Ctrl Pts',(-13.2641536267015,49.593884465599,19.5472217936048));
#6748=CARTESIAN_POINT('Ctrl Pts',(-13.3004221192233,49.6246897159194,19.4774064547886));
#6749=CARTESIAN_POINT('Ctrl Pts',(-13.408287358968,49.7173896355584,19.2674602522718));
#6750=CARTESIAN_POINT('Ctrl Pts',(-13.5144873184431,49.8113395067031,19.0565457569333));
#6751=CARTESIAN_POINT('Ctrl Pts',(-13.5850940298964,49.8746649753111,18.9157641122673));
#6752=CARTESIAN_POINT('Ctrl Pts',(-13.734912460094,50.0059395039214,18.637857856588));
#6753=CARTESIAN_POINT('Ctrl Pts',(-13.9010299399724,50.1453818344573,18.3674177996302));
#6754=CARTESIAN_POINT('Ctrl Pts',(-13.9890014339036,50.2175814832801,18.2342762823567));
#6755=CARTESIAN_POINT('Ctrl Pts',(-14.0572490706103,50.2828967426155,18.092983102538));
#6756=CARTESIAN_POINT('Ctrl Pts',(-14.1155856470106,50.3421331672695,17.9473948007588));
#6757=CARTESIAN_POINT('Ctrl Pts',(-7.77416472464981,46.5233320430363,29.1320463534089));
#6758=CARTESIAN_POINT('Ctrl Pts',(-7.83775464818972,46.5420568729502,28.9916014688452));
#6759=CARTESIAN_POINT('Ctrl Pts',(-7.90434480962861,46.5631917018587,28.8514217360344));
#6760=CARTESIAN_POINT('Ctrl Pts',(-7.97446870028408,46.5872309816383,28.7116180920766));
#6761=CARTESIAN_POINT('Ctrl Pts',(-8.08678542479256,46.6291600313684,28.5029186277302));
#6762=CARTESIAN_POINT('Ctrl Pts',(-8.20685090170311,46.6797187620831,28.2944785341815));
#6763=CARTESIAN_POINT('Ctrl Pts',(-8.24747956698197,46.6974873203176,28.2249274717507));
#6764=CARTESIAN_POINT('Ctrl Pts',(-8.33050527631011,46.7350561922606,28.0858563545161));
#6765=CARTESIAN_POINT('Ctrl Pts',(-8.41550754533122,46.7762832600743,27.9462631240135));
#6766=CARTESIAN_POINT('Ctrl Pts',(-8.45755807851246,46.7975531967791,27.8759784015151));
#6767=CARTESIAN_POINT('Ctrl Pts',(-8.58308186210608,46.8633477918098,27.6640544608408));
#6768=CARTESIAN_POINT('Ctrl Pts',(-8.70942409654366,46.9345649771037,27.4506907991006));
#6769=CARTESIAN_POINT('Ctrl Pts',(-8.79381208737539,46.9832116806659,27.3083333488759));
#6770=CARTESIAN_POINT('Ctrl Pts',(-8.96194498320074,47.0813590637327,27.0238706791505));
#6771=CARTESIAN_POINT('Ctrl Pts',(-9.12863147273228,47.1797627365865,26.7405702262162));
#6772=CARTESIAN_POINT('Ctrl Pts',(-9.21148278915373,47.2286279738413,26.5993426288601));
#6773=CARTESIAN_POINT('Ctrl Pts',(-9.45901949082869,47.3746868794955,26.1768755724662));
#6774=CARTESIAN_POINT('Ctrl Pts',(-9.70401527304448,47.5210069550837,25.7578396050165));
#6775=CARTESIAN_POINT('Ctrl Pts',(-9.86680765797012,47.6206853845957,25.4797092060886));
#6776=CARTESIAN_POINT('Ctrl Pts',(-10.1919508508659,47.8231575924139,24.9268247716343));
#6777=CARTESIAN_POINT('Ctrl Pts',(-10.5144665090397,48.031075263855,24.3792495121068));
#6778=CARTESIAN_POINT('Ctrl Pts',(-10.6748742791828,48.1359919552098,24.1064352914806));
#6779=CARTESIAN_POINT('Ctrl Pts',(-10.9913973955344,48.3484554910518,23.5608122976173));
#6780=CARTESIAN_POINT('Ctrl Pts',(-11.3016651591425,48.5658010867914,23.016007674137));
#6781=CARTESIAN_POINT('Ctrl Pts',(-11.4560421878697,48.6753060107051,22.7440937516174));
#6782=CARTESIAN_POINT('Ctrl Pts',(-11.7643209366197,48.8973566299005,22.2007904592493));
#6783=CARTESIAN_POINT('Ctrl Pts',(-12.0677342165794,49.1273001280059,21.6558946729686));
#6784=CARTESIAN_POINT('Ctrl Pts',(-12.217398871138,49.2443562254959,21.3825333348332));
#6785=CARTESIAN_POINT('Ctrl Pts',(-12.4360918070324,49.4227903672677,20.9703584784502));
#6786=CARTESIAN_POINT('Ctrl Pts',(-12.6565228785848,49.6045929870632,20.5583245089495));
#6787=CARTESIAN_POINT('Ctrl Pts',(-12.7306923114019,49.6655354975539,20.4211593022628));
#6788=CARTESIAN_POINT('Ctrl Pts',(-12.8243805214447,49.7420892694678,20.2499254504634));
#6789=CARTESIAN_POINT('Ctrl Pts',(-12.9178743335425,49.8189351852847,20.078380486178));
#6790=CARTESIAN_POINT('Ctrl Pts',(-12.936552493317,49.8343145538339,20.0440536865211));
#6791=CARTESIAN_POINT('Ctrl Pts',(-12.9738381404191,49.8650909816065,19.9753524086311));
#6792=CARTESIAN_POINT('Ctrl Pts',(-13.0109263282115,49.8958996697868,19.9065332181012));
#6793=CARTESIAN_POINT('Ctrl Pts',(-13.029407046786,49.9113112929539,19.8720885123218));
#6794=CARTESIAN_POINT('Ctrl Pts',(-13.0846193073997,49.9575673264236,19.7686334069152));
#6795=CARTESIAN_POINT('Ctrl Pts',(-13.139057970958,50.0038917224853,19.6647834972488));
#6796=CARTESIAN_POINT('Ctrl Pts',(-13.1749300780389,50.0348097222129,19.5953456794099));
#6797=CARTESIAN_POINT('Ctrl Pts',(-13.2812771901368,50.1277130815515,19.386425007057));
#6798=CARTESIAN_POINT('Ctrl Pts',(-13.3849666292476,50.2213940450288,19.1761818875546));
#6799=CARTESIAN_POINT('Ctrl Pts',(-13.4534375084305,50.2841659232273,19.0356611370444));
#6800=CARTESIAN_POINT('Ctrl Pts',(-13.5986173327538,50.4140882212586,18.7579741615086));
#6801=CARTESIAN_POINT('Ctrl Pts',(-13.7599739157516,50.5551523201329,18.4862801717253));
#6802=CARTESIAN_POINT('Ctrl Pts',(-13.8455008293507,50.6301553216847,18.3524206622913));
#6803=CARTESIAN_POINT('Ctrl Pts',(-13.914989867025,50.6947834817147,18.2107493646349));
#6804=CARTESIAN_POINT('Ctrl Pts',(-13.9718710070712,50.751050376629,18.0626655509741));
#6805=CARTESIAN_POINT('Ctrl Pts',(-7.73172387703504,46.9591245150184,29.2391236367824));
#6806=CARTESIAN_POINT('Ctrl Pts',(-7.79785013899549,46.978870229656,29.100090928389));
#6807=CARTESIAN_POINT('Ctrl Pts',(-7.86665688754491,47.0008836068802,28.9611946445635));
#6808=CARTESIAN_POINT('Ctrl Pts',(-7.93848484996689,47.025595158063,28.8224739515991));
#6809=CARTESIAN_POINT('Ctrl Pts',(-8.05060763523873,47.0672069257171,28.6144684044973));
#6810=CARTESIAN_POINT('Ctrl Pts',(-8.16853827718979,47.1160223842352,28.4061230056979));
#6811=CARTESIAN_POINT('Ctrl Pts',(-8.20852799852486,47.1331424562073,28.3366386638104));
#6812=CARTESIAN_POINT('Ctrl Pts',(-8.28913249664089,47.1689111805417,28.1973179272541));
#6813=CARTESIAN_POINT('Ctrl Pts',(-8.37039877791233,47.2076195947794,28.0571004109163));
#6814=CARTESIAN_POINT('Ctrl Pts',(-8.41143807727408,47.2277983468094,27.9868672761181));
#6815=CARTESIAN_POINT('Ctrl Pts',(-8.53551387458874,47.2909103548153,27.7756821230639));
#6816=CARTESIAN_POINT('Ctrl Pts',(-8.65965661510404,47.3597796160153,27.5623799077973));
#6817=CARTESIAN_POINT('Ctrl Pts',(-8.74229278957307,47.4073476832292,27.4196116891673));
#6818=CARTESIAN_POINT('Ctrl Pts',(-8.90768557668403,47.5039255468326,27.1343608192484));
#6819=CARTESIAN_POINT('Ctrl Pts',(-9.07207265560189,47.6010203895319,26.8504051353734));
#6820=CARTESIAN_POINT('Ctrl Pts',(-9.15383726304904,47.6490780926556,26.7090395432276));
#6821=CARTESIAN_POINT('Ctrl Pts',(-9.39772733283669,47.7921625263495,26.2864903696506));
#6822=CARTESIAN_POINT('Ctrl Pts',(-9.63807058168112,47.9353064819379,25.8671189841781));
#6823=CARTESIAN_POINT('Ctrl Pts',(-9.79756051812239,48.0333636721899,25.587838242712));
#6824=CARTESIAN_POINT('Ctrl Pts',(-10.1162014538007,48.2324491039774,25.0337712024283));
#6825=CARTESIAN_POINT('Ctrl Pts',(-10.4311829665275,48.4377019851745,24.485272235857));
#6826=CARTESIAN_POINT('Ctrl Pts',(-10.5878139310691,48.5409708588418,24.2118621945371));
#6827=CARTESIAN_POINT('Ctrl Pts',(-10.8946821174109,48.7507630090126,23.6639364719127));
#6828=CARTESIAN_POINT('Ctrl Pts',(-11.1926297850312,48.9664731255813,23.1156772859754));
#6829=CARTESIAN_POINT('Ctrl Pts',(-11.3408861354268,49.0751084919714,22.8421170801622));
#6830=CARTESIAN_POINT('Ctrl Pts',(-11.6368691691742,49.2956741439707,22.2956040348007));
#6831=CARTESIAN_POINT('Ctrl Pts',(-11.9280108098025,49.5252750790905,21.7477759622075));
#6832=CARTESIAN_POINT('Ctrl Pts',(-12.0716056679666,49.6424836255838,21.473068318263));
#6833=CARTESIAN_POINT('Ctrl Pts',(-12.282031646429,49.8218228154162,21.0594180655617));
#6834=CARTESIAN_POINT('Ctrl Pts',(-12.4946945882579,50.0050124609066,20.6463751973919));
#6835=CARTESIAN_POINT('Ctrl Pts',(-12.5662834517695,50.0664359879415,20.5089043466253));
#6836=CARTESIAN_POINT('Ctrl Pts',(-12.6566833808118,50.1435335314268,20.3372897621693));
#6837=CARTESIAN_POINT('Ctrl Pts',(-12.7469904027612,50.2208936239188,20.1654164377929));
#6838=CARTESIAN_POINT('Ctrl Pts',(-12.765036828198,50.2363750028515,20.1310264704373));
#6839=CARTESIAN_POINT('Ctrl Pts',(-12.8010740022547,50.2673550212365,20.0622048597815));
#6840=CARTESIAN_POINT('Ctrl Pts',(-12.8369510404484,50.2983697536281,19.9932790577669));
#6841=CARTESIAN_POINT('Ctrl Pts',(-12.8548373450794,50.313885839364,19.9587849042337));
#6842=CARTESIAN_POINT('Ctrl Pts',(-12.90830522362,50.3604627359559,19.8551941132939));
#6843=CARTESIAN_POINT('Ctrl Pts',(-12.9611279395589,50.4071412914681,19.7512474051345));
#6844=CARTESIAN_POINT('Ctrl Pts',(-12.9959902150313,50.4383194388471,19.6817630740657));
#6845=CARTESIAN_POINT('Ctrl Pts',(-13.0995204122186,50.5321169177073,19.4727476175529));
#6846=CARTESIAN_POINT('Ctrl Pts',(-13.2008187685711,50.627075277232,19.2624001499138));
#6847=CARTESIAN_POINT('Ctrl Pts',(-13.2679825739602,50.6910363619759,19.1218038397652));
#6848=CARTESIAN_POINT('Ctrl Pts',(-13.4079193733492,50.8230105210202,18.8423950332123));
#6849=CARTESIAN_POINT('Ctrl Pts',(-13.5543032354569,50.9577461503238,18.5638154237149));
#6850=CARTESIAN_POINT('Ctrl Pts',(-13.628755312684,51.0241425025847,18.4247648964806));
#6851=CARTESIAN_POINT('Ctrl Pts',(-13.694040052718,51.0837729960115,18.2800190649254));
#6852=CARTESIAN_POINT('Ctrl Pts',(-13.7482690022061,51.1345617468288,18.1294181313117));
#6853=CARTESIAN_POINT('Ctrl Pts',(-7.70808360441177,47.1785849074468,29.2902780396476));
#6854=CARTESIAN_POINT('Ctrl Pts',(-7.77492470450069,47.1986340869749,29.1517470601317));
#6855=CARTESIAN_POINT('Ctrl Pts',(-7.84419986215206,47.22082651875,29.0132620254754));
#6856=CARTESIAN_POINT('Ctrl Pts',(-7.9160959194522,47.2455164898815,28.8748119907297));
#6857=CARTESIAN_POINT('Ctrl Pts',(-8.0278798505105,47.2868065920492,28.6670619493455));
#6858=CARTESIAN_POINT('Ctrl Pts',(-8.14445108044251,47.3347115753925,28.4586643913379));
#6859=CARTESIAN_POINT('Ctrl Pts',(-8.18378040323682,47.3514287437718,28.3890978842248));
#6860=CARTESIAN_POINT('Ctrl Pts',(-8.26320855934515,47.3863601513471,28.2496897367968));
#6861=CARTESIAN_POINT('Ctrl Pts',(-8.34383512239856,47.4242719644926,28.1095961758479));
#6862=CARTESIAN_POINT('Ctrl Pts',(-8.38436047533008,47.4439614489808,28.0393467463947));
#6863=CARTESIAN_POINT('Ctrl Pts',(-8.50638170272163,47.5053338061534,27.8278792602111));
#6864=CARTESIAN_POINT('Ctrl Pts',(-8.62928084273001,47.5727586029353,27.6144709142367));
#6865=CARTESIAN_POINT('Ctrl Pts',(-8.71129523466322,47.6196347268003,27.4716117407345));
#6866=CARTESIAN_POINT('Ctrl Pts',(-8.87542955750828,47.7152384331136,27.1859171613099));
#6867=CARTESIAN_POINT('Ctrl Pts',(-9.03862290397026,47.8114776307767,26.9015590772881));
#6868=CARTESIAN_POINT('Ctrl Pts',(-9.11973701306619,47.8589227833479,26.7601065583825));
#6869=CARTESIAN_POINT('Ctrl Pts',(-9.36152963572859,47.9998104609904,26.3375230307636));
#6870=CARTESIAN_POINT('Ctrl Pts',(-9.59927241162043,48.141222711743,25.9176981843905));
#6871=CARTESIAN_POINT('Ctrl Pts',(-9.75684138191629,48.23877070796,25.6375482759169));
#6872=CARTESIAN_POINT('Ctrl Pts',(-10.071685110947,48.4361413367012,25.0825699054539));
#6873=CARTESIAN_POINT('Ctrl Pts',(-10.3822439644699,48.63994592724,24.5333086415113));
#6874=CARTESIAN_POINT('Ctrl Pts',(-10.5367517590955,48.7422182027421,24.2594510393711));
#6875=CARTESIAN_POINT('Ctrl Pts',(-10.8381867444157,48.9504637632973,23.7100453732866));
#6876=CARTESIAN_POINT('Ctrl Pts',(-11.1292347480205,49.1652668113125,23.1596599992019));
#6877=CARTESIAN_POINT('Ctrl Pts',(-11.2741361171864,49.2734094332361,22.8850944845082));
#6878=CARTESIAN_POINT('Ctrl Pts',(-11.5631732775164,49.4931256854171,22.3365579739773));
#6879=CARTESIAN_POINT('Ctrl Pts',(-11.8472765274559,49.722149551696,21.7869001478484));
#6880=CARTESIAN_POINT('Ctrl Pts',(-11.9872629079341,49.8392152161888,21.5112998035171));
#6881=CARTESIAN_POINT('Ctrl Pts',(-12.1934881740871,50.0186018359513,21.0968013312922));
#6882=CARTESIAN_POINT('Ctrl Pts',(-12.4016738269523,50.2020721538615,20.682836511805));
#6883=CARTESIAN_POINT('Ctrl Pts',(-12.4716358619859,50.2635983745404,20.5450078833349));
#6884=CARTESIAN_POINT('Ctrl Pts',(-12.559723625478,50.3407752324733,20.3728330662594));
#6885=CARTESIAN_POINT('Ctrl Pts',(-12.6476297654011,50.4181961799742,20.2003453453688));
#6886=CARTESIAN_POINT('Ctrl Pts',(-12.6651948252772,50.4336893476075,20.1658311054098));
#6887=CARTESIAN_POINT('Ctrl Pts',(-12.7002728870303,50.4646932403269,20.0967601604295));
#6888=CARTESIAN_POINT('Ctrl Pts',(-12.7352109546442,50.4957350251933,20.0275876595977));
#6889=CARTESIAN_POINT('Ctrl Pts',(-12.7526360255166,50.511266076992,19.992971865332));
#6890=CARTESIAN_POINT('Ctrl Pts',(-12.8047553041493,50.5578944869516,19.8890245968977));
#6891=CARTESIAN_POINT('Ctrl Pts',(-12.8563613992983,50.6046517060236,19.7847546635083));
#6892=CARTESIAN_POINT('Ctrl Pts',(-12.8904952431523,50.6359004558167,19.7150767818825));
#6893=CARTESIAN_POINT('Ctrl Pts',(-12.9921305752118,50.7299909477316,19.5055545863056));
#6894=CARTESIAN_POINT('Ctrl Pts',(-13.0922361649342,50.8254701488604,19.2948274718435));
#6895=CARTESIAN_POINT('Ctrl Pts',(-13.1588897065213,50.8899913090853,19.1539948932648));
#6896=CARTESIAN_POINT('Ctrl Pts',(-13.2961231921989,51.0220069664301,18.8732284233448));
#6897=CARTESIAN_POINT('Ctrl Pts',(-13.4354321577198,51.1526680114231,18.5910181672314));
#6898=CARTESIAN_POINT('Ctrl Pts',(-13.5056284493496,51.2157587468899,18.4490065671835));
#6899=CARTESIAN_POINT('Ctrl Pts',(-13.5687671146801,51.2702050210662,18.3019659962224));
#6900=CARTESIAN_POINT('Ctrl Pts',(-13.6200489362194,51.3169212565467,18.150013500191));
#6901=CARTESIAN_POINT('Ctrl Pts',(-7.65504853088061,47.6196166516131,29.3873988558739));
#6902=CARTESIAN_POINT('Ctrl Pts',(-7.72269514908669,47.6400142056851,29.2496340640785));
#6903=CARTESIAN_POINT('Ctrl Pts',(-7.79229498544039,47.6622943546533,29.1117404642892));
#6904=CARTESIAN_POINT('Ctrl Pts',(-7.86388780488991,47.6867314425804,28.9736576786326));
#6905=CARTESIAN_POINT('Ctrl Pts',(-7.97405505113381,47.7269688106436,28.7660604880733));
#6906=CARTESIAN_POINT('Ctrl Pts',(-8.08767896100688,47.7728664956444,28.5573963217788));
#6907=CARTESIAN_POINT('Ctrl Pts',(-8.12589947910633,47.7888108790192,28.4877036601458));
#6908=CARTESIAN_POINT('Ctrl Pts',(-8.20294002395005,47.8220132280751,28.3480019096473));
#6909=CARTESIAN_POINT('Ctrl Pts',(-8.28102046209904,47.857868632075,28.2076081613748));
#6910=CARTESIAN_POINT('Ctrl Pts',(-8.32028183908821,47.8764695261214,28.1372234831546));
#6911=CARTESIAN_POINT('Ctrl Pts',(-8.43861423064704,47.9342347876372,27.9254798139182));
#6912=CARTESIAN_POINT('Ctrl Pts',(-8.55843368023434,47.9981556525857,27.7118052409429));
#6913=CARTESIAN_POINT('Ctrl Pts',(-8.63878547031143,48.0435207843461,27.5684603472155));
#6914=CARTESIAN_POINT('Ctrl Pts',(-8.79953593488158,48.1359370152784,27.2818551453731));
#6915=CARTESIAN_POINT('Ctrl Pts',(-8.95948177080534,48.2297328596781,26.9963287619167));
#6916=CARTESIAN_POINT('Ctrl Pts',(-9.0389542058123,48.2760688577366,26.8542654468239));
#6917=CARTESIAN_POINT('Ctrl Pts',(-9.27563942506839,48.4138258445466,26.4298311051313));
#6918=CARTESIAN_POINT('Ctrl Pts',(-9.50763746263113,48.5524559000888,26.0081548053779));
#6919=CARTESIAN_POINT('Ctrl Pts',(-9.66094336972337,48.6481286646073,25.726774690027));
#6920=CARTESIAN_POINT('Ctrl Pts',(-9.96665024297724,48.8417512642795,25.169359438915));
#6921=CARTESIAN_POINT('Ctrl Pts',(-10.2669652241767,49.0416299710891,24.6174786976294));
#6922=CARTESIAN_POINT('Ctrl Pts',(-10.4158837141205,49.1420345189902,24.3421275514006));
#6923=CARTESIAN_POINT('Ctrl Pts',(-10.7054127689329,49.3465178123979,23.7893264647963));
#6924=CARTESIAN_POINT('Ctrl Pts',(-10.9830526611367,49.5578873633975,23.234774779473));
#6925=CARTESIAN_POINT('Ctrl Pts',(-11.1208099462134,49.6645660677308,22.9578962543393));
#6926=CARTESIAN_POINT('Ctrl Pts',(-11.3949571121829,49.8814509860053,22.4047036782175));
#6927=CARTESIAN_POINT('Ctrl Pts',(-11.6636664663815,50.1075207563299,21.8506444631041));
#6928=CARTESIAN_POINT('Ctrl Pts',(-11.7958958748654,50.2231039371546,21.5729054024841));
#6929=CARTESIAN_POINT('Ctrl Pts',(-11.992222650272,50.4006999297645,21.1557569877303));
#6930=CARTESIAN_POINT('Ctrl Pts',(-12.1895015641344,50.5826687929069,20.7385768676603));
#6931=CARTESIAN_POINT('Ctrl Pts',(-12.2555413572083,50.643701395397,20.5995412879202));
#6932=CARTESIAN_POINT('Ctrl Pts',(-12.3382311179446,50.7201218794674,20.4256222095728));
#6933=CARTESIAN_POINT('Ctrl Pts',(-12.4204936207261,50.7965356513632,20.251210065289));
#6934=CARTESIAN_POINT('Ctrl Pts',(-12.4369235222818,50.8118166202228,20.2163047456841));
#6935=CARTESIAN_POINT('Ctrl Pts',(-12.4697269195182,50.842373757002,20.1464418745072));
#6936=CARTESIAN_POINT('Ctrl Pts',(-12.5023992690418,50.8729242705378,20.0764631984105));
#6937=CARTESIAN_POINT('Ctrl Pts',(-12.5186981171086,50.8881986026659,20.0414420708403));
#6938=CARTESIAN_POINT('Ctrl Pts',(-12.5674722471392,50.9340251771778,19.9362760243663));
#6939=CARTESIAN_POINT('Ctrl Pts',(-12.6158663695029,50.9798945016178,19.8307869724027));
#6940=CARTESIAN_POINT('Ctrl Pts',(-12.6479476086776,51.0105204143569,19.7603035575692));
#6941=CARTESIAN_POINT('Ctrl Pts',(-12.7437262902857,51.102703395132,19.5483831340217));
#6942=CARTESIAN_POINT('Ctrl Pts',(-12.8386061963157,51.1962173139442,19.3351443433134));
#6943=CARTESIAN_POINT('Ctrl Pts',(-12.9018894218385,51.2595690011295,19.1924721824371));
#6944=CARTESIAN_POINT('Ctrl Pts',(-13.0301904292762,51.3881348339677,18.9065706268916));
#6945=CARTESIAN_POINT('Ctrl Pts',(-13.1563021958761,51.5107230382261,18.6168253095375));
#6946=CARTESIAN_POINT('Ctrl Pts',(-13.2166483061693,51.5694159986871,18.4707540574553));
#6947=CARTESIAN_POINT('Ctrl Pts',(-13.2711105533756,51.6182593226103,18.3202419927955));
#6948=CARTESIAN_POINT('Ctrl Pts',(-13.3196877673644,51.6562054501455,18.165347833121));
#6949=CARTESIAN_POINT('Ctrl Pts',(-7.58928559743642,48.0632933651446,29.4734551297853));
#6950=CARTESIAN_POINT('Ctrl Pts',(-7.65675921314924,48.0835889691886,29.3360761644919));
#6951=CARTESIAN_POINT('Ctrl Pts',(-7.72573583649657,48.1054850348768,29.1984086636652));
#6952=CARTESIAN_POINT('Ctrl Pts',(-7.79619438539387,48.1292139147146,29.060368702628));
#6953=CARTESIAN_POINT('Ctrl Pts',(-7.90390289882397,48.1678701656459,28.8525595866268));
#6954=CARTESIAN_POINT('Ctrl Pts',(-8.01418128187324,48.2114610255773,28.6433408404869));
#6955=CARTESIAN_POINT('Ctrl Pts',(-8.05120129378806,48.2265587658178,28.5734289815951));
#6956=CARTESIAN_POINT('Ctrl Pts',(-8.12570707421744,48.257919810378,28.4332313035181));
#6957=CARTESIAN_POINT('Ctrl Pts',(-8.20105219381954,48.2916686485643,28.2922413226018));
#6958=CARTESIAN_POINT('Ctrl Pts',(-8.2389098331323,48.3091491130738,28.2215380770603));
#6959=CARTESIAN_POINT('Ctrl Pts',(-8.35300430204789,48.3635195053414,28.0087671307363));
#6960=CARTESIAN_POINT('Ctrl Pts',(-8.46860507809279,48.4235045777498,27.7941774802597));
#6961=CARTESIAN_POINT('Ctrl Pts',(-8.54631643313815,48.4659148537203,27.6504143189097));
#6962=CARTESIAN_POINT('Ctrl Pts',(-8.70187193329169,48.553487874404,27.362360839639));
#6963=CARTESIAN_POINT('Ctrl Pts',(-8.85675365444366,48.6436925257297,27.0747180264849));
#6964=CARTESIAN_POINT('Ctrl Pts',(-8.93375734058944,48.6887790982969,26.93134300772));
#6965=CARTESIAN_POINT('Ctrl Pts',(-9.16312986947945,48.8237952009927,26.5026599368229));
#6966=CARTESIAN_POINT('Ctrl Pts',(-9.38774187073976,48.9597195116267,26.0775352963466));
#6967=CARTESIAN_POINT('Ctrl Pts',(-9.53566576116134,49.0522711668407,25.7949513987377));
#6968=CARTESIAN_POINT('Ctrl Pts',(-9.82937736892559,49.2404806098436,25.2337379913509));
#6969=CARTESIAN_POINT('Ctrl Pts',(-10.1164162518834,49.4343861765761,24.6774241263056));
#6970=CARTESIAN_POINT('Ctrl Pts',(-10.2580397667869,49.532292166145,24.399811145371));
#6971=CARTESIAN_POINT('Ctrl Pts',(-10.5337492669603,49.7308120439888,23.8427524943153));
#6972=CARTESIAN_POINT('Ctrl Pts',(-10.7975792343639,49.9351572132417,23.2835774718872));
#6973=CARTESIAN_POINT('Ctrl Pts',(-10.9276423811388,50.0386543438129,23.003915837706));
#6974=CARTESIAN_POINT('Ctrl Pts',(-11.1855574070385,50.2490713068715,22.4450429447434));
#6975=CARTESIAN_POINT('Ctrl Pts',(-11.4369618429786,50.4672914546354,21.885103156924));
#6976=CARTESIAN_POINT('Ctrl Pts',(-11.5604340082206,50.578351646067,21.6043635762519));
#6977=CARTESIAN_POINT('Ctrl Pts',(-11.7439207470246,50.7487461824376,21.1823650633884));
#6978=CARTESIAN_POINT('Ctrl Pts',(-11.9271488624357,50.9231510621158,20.759141938894));
#6979=CARTESIAN_POINT('Ctrl Pts',(-11.9882907643579,50.9816292499151,20.6179222924961));
#6980=CARTESIAN_POINT('Ctrl Pts',(-12.064531876992,51.0546432742811,20.4410238657735));
#6981=CARTESIAN_POINT('Ctrl Pts',(-12.1400023664849,51.1270031834542,20.2633152476973));
#6982=CARTESIAN_POINT('Ctrl Pts',(-12.1550606722051,51.1414439415346,20.2277378743514));
#6983=CARTESIAN_POINT('Ctrl Pts',(-12.1850959575995,51.1702546552381,20.156505384324));
#6984=CARTESIAN_POINT('Ctrl Pts',(-12.2149533471601,51.1989155305748,20.0851063142885));
#6985=CARTESIAN_POINT('Ctrl Pts',(-12.2298337518172,51.2132064386792,20.0493623569141));
#6986=CARTESIAN_POINT('Ctrl Pts',(-12.2743219238202,51.2559608941651,19.941990287209));
#6987=CARTESIAN_POINT('Ctrl Pts',(-12.3183435803108,51.298389207434,19.8341838250864));
#6988=CARTESIAN_POINT('Ctrl Pts',(-12.3474764647752,51.3265533735572,19.7621070372069));
#6989=CARTESIAN_POINT('Ctrl Pts',(-12.4343132594266,51.4109276467276,19.5452650408257));
#6990=CARTESIAN_POINT('Ctrl Pts',(-12.5199697263027,51.495899038692,19.3266658671282));
#6991=CARTESIAN_POINT('Ctrl Pts',(-12.5769788307883,51.5536527774676,19.180226005636));
#6992=CARTESIAN_POINT('Ctrl Pts',(-12.6926665330158,51.6736441556932,18.8861202684697));
#6993=CARTESIAN_POINT('Ctrl Pts',(-12.8077288676326,51.7891135161637,18.5881477963076));
#6994=CARTESIAN_POINT('Ctrl Pts',(-12.8656078519555,51.8425260454666,18.4383375254915));
#6995=CARTESIAN_POINT('Ctrl Pts',(-12.9161742384745,51.8840361083527,18.2854776104517));
#6996=CARTESIAN_POINT('Ctrl Pts',(-12.9616801759118,51.9145047662032,18.1291424222917));
#6997=CARTESIAN_POINT('Ctrl Pts',(-7.55294573637793,48.285401825729,29.5135573275587));
#6998=CARTESIAN_POINT('Ctrl Pts',(-7.62018092852962,48.3055604682847,29.3763086548183));
#6999=CARTESIAN_POINT('Ctrl Pts',(-7.68871553166689,48.3271801993518,29.238699968285));
#7000=CARTESIAN_POINT('Ctrl Pts',(-7.75851053317742,48.3504792022773,29.1006386464464));
#7001=CARTESIAN_POINT('Ctrl Pts',(-7.86489804295158,48.3882496279723,28.8926736698381));
#7002=CARTESIAN_POINT('Ctrl Pts',(-7.97345197071904,48.4306173317534,28.6831255676062));
#7003=CARTESIAN_POINT('Ctrl Pts',(-8.00985695194884,48.4452709933391,28.6130853136726));
#7004=CARTESIAN_POINT('Ctrl Pts',(-8.08306428284123,48.4756769300772,28.4725951997715));
#7005=CARTESIAN_POINT('Ctrl Pts',(-8.15700364806281,48.5083415529921,28.3312474247605));
#7006=CARTESIAN_POINT('Ctrl Pts',(-8.19413947292814,48.5252529862971,28.2603509683943));
#7007=CARTESIAN_POINT('Ctrl Pts',(-8.30603256358486,48.5777733926085,28.0469596541855));
#7008=CARTESIAN_POINT('Ctrl Pts',(-8.41934288482412,48.6355396804603,27.8316351450626));
#7009=CARTESIAN_POINT('Ctrl Pts',(-8.49541290545333,48.676632094013,27.6875247017943));
#7010=CARTESIAN_POINT('Ctrl Pts',(-8.6478474304196,48.7617246654064,27.3984805606222));
#7011=CARTESIAN_POINT('Ctrl Pts',(-8.79975517088463,48.8499674265327,27.1094346343805));
#7012=CARTESIAN_POINT('Ctrl Pts',(-8.87528698168364,48.8942959618335,26.9652776259776));
#7013=CARTESIAN_POINT('Ctrl Pts',(-9.10033371736708,49.027389645015,26.5342227997974));
#7014=CARTESIAN_POINT('Ctrl Pts',(-9.32066544881907,49.1616391543037,26.1070644628205));
#7015=CARTESIAN_POINT('Ctrl Pts',(-9.46553615323148,49.2524901143377,25.8235989037117));
#7016=CARTESIAN_POINT('Ctrl Pts',(-9.75255624453761,49.4373579461201,25.2601098176143));
#7017=CARTESIAN_POINT('Ctrl Pts',(-10.0322109614402,49.6277215611783,24.7012510108813));
#7018=CARTESIAN_POINT('Ctrl Pts',(-10.1699841727859,49.724001320473,24.4224031044165));
#7019=CARTESIAN_POINT('Ctrl Pts',(-10.4383452246066,49.9187641834625,23.8629929876797));
#7020=CARTESIAN_POINT('Ctrl Pts',(-10.6948786179825,50.118624879666,23.3012414629038));
#7021=CARTESIAN_POINT('Ctrl Pts',(-10.8210362354795,50.2199143056087,23.0201027155247));
#7022=CARTESIAN_POINT('Ctrl Pts',(-11.070663199975,50.4258545925503,22.4581803561762));
#7023=CARTESIAN_POINT('Ctrl Pts',(-11.3131200118866,50.6385898343721,21.8949343154439));
#7024=CARTESIAN_POINT('Ctrl Pts',(-11.4319990463205,50.746448727124,21.6124458056364));
#7025=CARTESIAN_POINT('Ctrl Pts',(-11.6082974420437,50.9114673110533,21.1873814370566));
#7026=CARTESIAN_POINT('Ctrl Pts',(-11.7838624574365,51.0800959821574,20.7603935857247));
#7027=CARTESIAN_POINT('Ctrl Pts',(-11.8423942254417,51.1366217149295,20.6178368896561));
#7028=CARTESIAN_POINT('Ctrl Pts',(-11.915294466226,51.20709524023,20.4391550422274));
#7029=CARTESIAN_POINT('Ctrl Pts',(-11.9872522879919,51.2764999459787,20.2594792197525));
#7030=CARTESIAN_POINT('Ctrl Pts',(-12.0016004673415,51.2903303476231,20.2235006456893));
#7031=CARTESIAN_POINT('Ctrl Pts',(-12.0301986117307,51.3178757284478,20.1514493419266));
#7032=CARTESIAN_POINT('Ctrl Pts',(-12.0585815938979,51.3451714588345,20.0791971833934));
#7033=CARTESIAN_POINT('Ctrl Pts',(-12.0727146085216,51.3587522057576,20.0430177518281));
#7034=CARTESIAN_POINT('Ctrl Pts',(-12.1149273948592,51.399286637574,19.9343116607286));
#7035=CARTESIAN_POINT('Ctrl Pts',(-12.1565676652929,51.4392170792171,19.8250882726532));
#7036=CARTESIAN_POINT('Ctrl Pts',(-12.1840602062,51.4655838645621,19.7520296742213));
#7037=CARTESIAN_POINT('Ctrl Pts',(-12.2658096328549,51.5442104488911,19.5321460101616));
#7038=CARTESIAN_POINT('Ctrl Pts',(-12.3459388734215,51.6228214423334,19.3102974811057));
#7039=CARTESIAN_POINT('Ctrl Pts',(-12.3992000818216,51.6763403256433,19.1618116350543));
#7040=CARTESIAN_POINT('Ctrl Pts',(-12.5071072349074,51.7913634441474,18.8630904715932));
#7041=CARTESIAN_POINT('Ctrl Pts',(-12.6182433423263,51.9027600697758,18.5602125258829));
#7042=CARTESIAN_POINT('Ctrl Pts',(-12.6788450348287,51.9547904105943,18.4098109034201));
#7043=CARTESIAN_POINT('Ctrl Pts',(-12.7254207741262,51.9933052149576,18.2548733844578));
#7044=CARTESIAN_POINT('Ctrl Pts',(-12.7690733165641,52.0202688877332,18.0980508342003));
#7045=CARTESIAN_POINT('Ctrl Pts',(-7.49313584046956,48.6185444724283,29.569171665613));
#7046=CARTESIAN_POINT('Ctrl Pts',(-7.55985502876604,48.6383933414891,29.4320474888074));
#7047=CARTESIAN_POINT('Ctrl Pts',(-7.62759086406595,48.6594932540725,29.29446750194));
#7048=CARTESIAN_POINT('Ctrl Pts',(-7.69628531819527,48.6820455106671,29.1563289059121));
#7049=CARTESIAN_POINT('Ctrl Pts',(-7.80058552293735,48.7183465089729,28.9480828218278));
#7050=CARTESIAN_POINT('Ctrl Pts',(-7.9064870388095,48.7587555797202,28.7380106409364));
#7051=CARTESIAN_POINT('Ctrl Pts',(-7.94194983024788,48.7727037747536,28.6677690259049));
#7052=CARTESIAN_POINT('Ctrl Pts',(-8.01316903823452,48.8016002452692,28.5268237818165));
#7053=CARTESIAN_POINT('Ctrl Pts',(-8.08493096353009,48.8325678043258,28.3849258102471));
#7054=CARTESIAN_POINT('Ctrl Pts',(-8.12093630958325,48.8485889447146,28.3137309134868));
#7055=CARTESIAN_POINT('Ctrl Pts',(-8.22930712255911,48.898281479621,28.0994143875865));
#7056=CARTESIAN_POINT('Ctrl Pts',(-8.33877240652732,48.952844788551,27.8829900203095));
#7057=CARTESIAN_POINT('Ctrl Pts',(-8.41233648555799,48.9921601885891,27.7376947035053));
#7058=CARTESIAN_POINT('Ctrl Pts',(-8.55975120644707,49.0733760238225,27.4462510057881));
#7059=CARTESIAN_POINT('Ctrl Pts',(-8.70655593514228,49.1584430591454,27.1545946534331));
#7060=CARTESIAN_POINT('Ctrl Pts',(-8.77956026923159,49.2013662654022,27.0090992213445));
#7061=CARTESIAN_POINT('Ctrl Pts',(-8.99710188506239,49.3305507282799,26.5741777181607));
#7062=CARTESIAN_POINT('Ctrl Pts',(-9.20997895518889,49.4610581290127,26.143854729404));
#7063=CARTESIAN_POINT('Ctrl Pts',(-9.34969619513175,49.5488996673089,25.8587246885173));
#7064=CARTESIAN_POINT('Ctrl Pts',(-9.62559848912016,49.727589636898,25.2912508914983));
#7065=CARTESIAN_POINT('Ctrl Pts',(-9.89334588755537,49.9113787615054,24.7282033542194));
#7066=CARTESIAN_POINT('Ctrl Pts',(-10.0251119761879,50.0045470262007,24.4474184610474));
#7067=CARTESIAN_POINT('Ctrl Pts',(-10.2818291867382,50.1921835338819,23.8841292818658));
#7068=CARTESIAN_POINT('Ctrl Pts',(-10.5266510111785,50.3834934391288,23.3179602826303));
#7069=CARTESIAN_POINT('Ctrl Pts',(-10.6467150421911,50.4804892608689,23.0343936538521));
#7070=CARTESIAN_POINT('Ctrl Pts',(-10.8836470794827,50.6776045194219,22.4675318249147));
#7071=CARTESIAN_POINT('Ctrl Pts',(-11.1124750478367,50.8794898882932,21.898841621174));
#7072=CARTESIAN_POINT('Ctrl Pts',(-11.2243396282992,50.9811373130172,21.6134259602716));
#7073=CARTESIAN_POINT('Ctrl Pts',(-11.3891608672974,51.1350889310081,21.1829320085041));
#7074=CARTESIAN_POINT('Ctrl Pts',(-11.5525827885595,51.2911820992153,20.7491952686379));
#7075=CARTESIAN_POINT('Ctrl Pts',(-11.6070305332359,51.3434115648228,20.6042475992012));
#7076=CARTESIAN_POINT('Ctrl Pts',(-11.6747901825152,51.4083128252689,20.4223914983318));
#7077=CARTESIAN_POINT('Ctrl Pts',(-11.74144422776,51.4715430555529,20.2392353928295));
#7078=CARTESIAN_POINT('Ctrl Pts',(-11.7547240469574,51.4841111744336,20.2025478284085));
#7079=CARTESIAN_POINT('Ctrl Pts',(-11.7811677536676,51.5090697513489,20.1290511063989));
#7080=CARTESIAN_POINT('Ctrl Pts',(-11.8073558675235,51.5336401952289,20.055295700834));
#7081=CARTESIAN_POINT('Ctrl Pts',(-11.820380094076,51.5458201891293,20.0183494528149));
#7082=CARTESIAN_POINT('Ctrl Pts',(-11.8592287391887,51.5820283299752,19.9072952830395));
#7083=CARTESIAN_POINT('Ctrl Pts',(-11.8973829006331,51.6172431965212,19.7955773085822));
#7084=CARTESIAN_POINT('Ctrl Pts',(-11.9224894549139,51.6402776017465,19.7207872201224));
#7085=CARTESIAN_POINT('Ctrl Pts',(-11.9968864036657,51.7083655023001,19.4955093848501));
#7086=CARTESIAN_POINT('Ctrl Pts',(-12.0691645501586,51.7753006886271,19.2677667530472));
#7087=CARTESIAN_POINT('Ctrl Pts',(-12.1167524355247,51.8202470902009,19.1150147551343));
#7088=CARTESIAN_POINT('Ctrl Pts',(-12.2153569686515,51.9239044803907,18.8088914243393));
#7089=CARTESIAN_POINT('Ctrl Pts',(-12.3157393343908,52.0354798044621,18.5008238241141));
#7090=CARTESIAN_POINT('Ctrl Pts',(-12.3664866460787,52.0833930854651,18.3459051906405));
#7091=CARTESIAN_POINT('Ctrl Pts',(-12.4165617425814,52.1129548995562,18.1917252261881));
#7092=CARTESIAN_POINT('Ctrl Pts',(-12.4622587567837,52.134426308833,18.036296242492));
#7093=CARTESIAN_POINT('Ctrl Pts',(-7.4250611008492,48.9510147755481,29.6176745340306));
#7094=CARTESIAN_POINT('Ctrl Pts',(-7.49108733628568,48.970429463403,29.4805733017712));
#7095=CARTESIAN_POINT('Ctrl Pts',(-7.55787693807219,48.9908846767661,29.3429351806237));
#7096=CARTESIAN_POINT('Ctrl Pts',(-7.62535974095541,49.0125694171954,29.2046493855376));
#7097=CARTESIAN_POINT('Ctrl Pts',(-7.727455866739,49.0472278198448,28.9960446853696));
#7098=CARTESIAN_POINT('Ctrl Pts',(-7.83062508928564,49.0855160849451,28.7853814058044));
#7099=CARTESIAN_POINT('Ctrl Pts',(-7.86512116830022,49.0987062800875,28.7149154110688));
#7100=CARTESIAN_POINT('Ctrl Pts',(-7.9343022161173,49.1259895702249,28.5734623186726));
#7101=CARTESIAN_POINT('Ctrl Pts',(-8.00382744673199,49.1551774768437,28.4309214598533));
#7102=CARTESIAN_POINT('Ctrl Pts',(-8.03866797810732,49.1702708684598,28.3593676024789));
#7103=CARTESIAN_POINT('Ctrl Pts',(-8.1434050694498,49.2171421142043,28.1438374664549));
#7104=CARTESIAN_POINT('Ctrl Pts',(-8.24878992285165,49.2690771906659,27.9257058457117));
#7105=CARTESIAN_POINT('Ctrl Pts',(-8.31957614424399,49.3058792293063,27.779012456006));
#7106=CARTESIAN_POINT('Ctrl Pts',(-8.46115372412141,49.3831870752063,27.484370099467));
#7107=CARTESIAN_POINT('Ctrl Pts',(-8.60198224294266,49.464647770152,27.1893637639033));
#7108=CARTESIAN_POINT('Ctrl Pts',(-8.67201042216077,49.50575596528,27.042297708617));
#7109=CARTESIAN_POINT('Ctrl Pts',(-8.88066397293983,49.6294358538164,26.6032110391136));
#7110=CARTESIAN_POINT('Ctrl Pts',(-9.08470539079966,49.7541573655778,26.1698423714481));
#7111=CARTESIAN_POINT('Ctrl Pts',(-9.21847096214615,49.838105374277,25.8825784398551));
#7112=CARTESIAN_POINT('Ctrl Pts',(-9.48179303899205,50.0085850341013,25.3103142721624));
#7113=CARTESIAN_POINT('Ctrl Pts',(-9.73635835378241,50.1833915307372,24.7423960663293));
#7114=CARTESIAN_POINT('Ctrl Pts',(-9.86172003924448,50.2722114882583,24.4594764124206));
#7115=CARTESIAN_POINT('Ctrl Pts',(-10.1059246784672,50.4502077606898,23.8917900521223));
#7116=CARTESIAN_POINT('Ctrl Pts',(-10.3381398646625,50.6300985864143,23.3205796721613));
#7117=CARTESIAN_POINT('Ctrl Pts',(-10.4518367877706,50.7212976167808,23.0343715480674));
#7118=CARTESIAN_POINT('Ctrl Pts',(-10.6757423889194,50.9062823332001,22.4621089871338));
#7119=CARTESIAN_POINT('Ctrl Pts',(-10.8908602647911,51.0934612207117,21.8873501377348));
#7120=CARTESIAN_POINT('Ctrl Pts',(-10.9957321966299,51.1869215052557,21.5986521511635));
#7121=CARTESIAN_POINT('Ctrl Pts',(-11.1490810893894,51.3263820868131,21.1620852153116));
#7122=CARTESIAN_POINT('Ctrl Pts',(-11.3003649838038,51.4654183241129,20.7207368726563));
#7123=CARTESIAN_POINT('Ctrl Pts',(-11.3507331182952,51.511703365011,20.5730834842746));
#7124=CARTESIAN_POINT('Ctrl Pts',(-11.4133716952069,51.5688166940853,20.387623830534));
#7125=CARTESIAN_POINT('Ctrl Pts',(-11.4748654374729,51.6237485616786,20.200579057484));
#7126=CARTESIAN_POINT('Ctrl Pts',(-11.4871115956177,51.6346360239122,20.1631022982844));
#7127=CARTESIAN_POINT('Ctrl Pts',(-11.5114847835424,51.6561902731033,20.0880042488087));
#7128=CARTESIAN_POINT('Ctrl Pts',(-11.5355961822035,51.6772683984517,20.012601818581));
#7129=CARTESIAN_POINT('Ctrl Pts',(-11.547580548646,51.6876797410311,19.9748206778523));
#7130=CARTESIAN_POINT('Ctrl Pts',(-11.5833053704461,51.7185130476158,19.8612279669469));
#7131=CARTESIAN_POINT('Ctrl Pts',(-11.6183235136701,51.7481412436619,19.7468709392341));
#7132=CARTESIAN_POINT('Ctrl Pts',(-11.6413345472249,51.7673524654209,19.6702779018284));
#7133=CARTESIAN_POINT('Ctrl Pts',(-11.7094288520023,51.8236545638537,19.4394628793221));
#7134=CARTESIAN_POINT('Ctrl Pts',(-11.7753404988467,51.8777449832315,19.2058276681004));
#7135=CARTESIAN_POINT('Ctrl Pts',(-11.8187008176942,51.9140733513215,19.0491307353983));
#7136=CARTESIAN_POINT('Ctrl Pts',(-11.908171169279,51.9957565254975,18.7342227364142));
#7137=CARTESIAN_POINT('Ctrl Pts',(-12.0032003578627,52.0904677140238,18.4226918582928));
#7138=CARTESIAN_POINT('Ctrl Pts',(-12.050356379655,52.1349084498684,18.2687448454033));
#7139=CARTESIAN_POINT('Ctrl Pts',(-12.0982549481589,52.1642220802358,18.1153828132014));
#7140=CARTESIAN_POINT('Ctrl Pts',(-12.1438169692388,52.1868941145426,17.9617266032276));
#7141=CARTESIAN_POINT('Ctrl Pts',(-7.40143479620478,49.0617280521182,29.6330356940297));
#7142=CARTESIAN_POINT('Ctrl Pts',(-7.46721375928759,49.0809859595893,29.4959311238695));
#7143=CARTESIAN_POINT('Ctrl Pts',(-7.53367457370252,49.1012141668682,29.3582641090679));
#7144=CARTESIAN_POINT('Ctrl Pts',(-7.60074346247605,49.1225978981826,29.2199213262818));
#7145=CARTESIAN_POINT('Ctrl Pts',(-7.7020938203542,49.1566914613302,29.0111880778454));
#7146=CARTESIAN_POINT('Ctrl Pts',(-7.80434412565506,49.1942556897193,28.8003196392573));
#7147=CARTESIAN_POINT('Ctrl Pts',(-7.83851546896322,49.2071873133282,28.729776029915));
#7148=CARTESIAN_POINT('Ctrl Pts',(-7.90701190260356,49.2339221762337,28.5881470267187));
#7149=CARTESIAN_POINT('Ctrl Pts',(-7.97578839508186,49.2625002679499,28.4453788818102));
#7150=CARTESIAN_POINT('Ctrl Pts',(-8.01023947428205,49.2772754124569,28.3736963710652));
#7151=CARTESIAN_POINT('Ctrl Pts',(-8.11377736292704,49.3231274801634,28.1577187984202));
#7152=CARTESIAN_POINT('Ctrl Pts',(-8.21792083887655,49.3735897948303,27.9389670613537));
#7153=CARTESIAN_POINT('Ctrl Pts',(-8.2876214145807,49.4100841713588,27.7917771719159));
#7154=CARTESIAN_POINT('Ctrl Pts',(-8.42712102223487,49.4862600298833,27.4960005513257));
#7155=CARTESIAN_POINT('Ctrl Pts',(-8.56587985447924,49.5664029637066,27.1997991973563));
#7156=CARTESIAN_POINT('Ctrl Pts',(-8.63486456925159,49.6068783139866,27.0521841791595));
#7157=CARTESIAN_POINT('Ctrl Pts',(-8.84040924882146,49.7285389138506,26.6116862877306));
#7158=CARTESIAN_POINT('Ctrl Pts',(-9.041358444665,49.8510876908108,26.1773327218203));
#7159=CARTESIAN_POINT('Ctrl Pts',(-9.17305461627537,49.9336305192383,25.8893058834994));
#7160=CARTESIAN_POINT('Ctrl Pts',(-9.43202899310066,50.1011332122079,25.3153583303281));
#7161=CARTESIAN_POINT('Ctrl Pts',(-9.68206135442056,50.2726498794286,24.7457371964671));
#7162=CARTESIAN_POINT('Ctrl Pts',(-9.80524246508568,50.3598699448452,24.4620804678976));
#7163=CARTESIAN_POINT('Ctrl Pts',(-10.0451831928747,50.5343571553777,23.892870554895));
#7164=CARTESIAN_POINT('Ctrl Pts',(-10.2731071890973,50.71011698456,23.3199196868048));
#7165=CARTESIAN_POINT('Ctrl Pts',(-10.384654213237,50.7992156385889,23.0328122073848));
#7166=CARTESIAN_POINT('Ctrl Pts',(-10.6041842349564,50.9797823194714,22.4587026706399));
#7167=CARTESIAN_POINT('Ctrl Pts',(-10.8147359859876,51.1616347352673,21.881857508867));
#7168=CARTESIAN_POINT('Ctrl Pts',(-10.9172898472225,51.2521538536943,21.5920310844271));
#7169=CARTESIAN_POINT('Ctrl Pts',(-11.0668720039629,51.3864593623822,21.1534008616732));
#7170=CARTESIAN_POINT('Ctrl Pts',(-11.2141647710259,51.5193761024948,20.7094623674111));
#7171=CARTESIAN_POINT('Ctrl Pts',(-11.2631878932222,51.5635183263252,20.5608863696904));
#7172=CARTESIAN_POINT('Ctrl Pts',(-11.3241339831052,51.6178146666149,20.3741953887301));
#7173=CARTESIAN_POINT('Ctrl Pts',(-11.383935530462,51.6697745248155,20.1858303418963));
#7174=CARTESIAN_POINT('Ctrl Pts',(-11.3958434234269,51.6800615686438,20.148086060566));
#7175=CARTESIAN_POINT('Ctrl Pts',(-11.4195408339863,51.7004034809865,20.0724462927855));
#7176=CARTESIAN_POINT('Ctrl Pts',(-11.442978831358,51.7202472971352,19.9964894131878));
#7177=CARTESIAN_POINT('Ctrl Pts',(-11.454627307048,51.7300362453343,19.9584280186141));
#7178=CARTESIAN_POINT('Ctrl Pts',(-11.4893475713804,51.7589873639087,19.8439859842687));
#7179=CARTESIAN_POINT('Ctrl Pts',(-11.5233719648234,51.786688476361,19.7287553746274));
#7180=CARTESIAN_POINT('Ctrl Pts',(-11.5457266269653,51.80459516167,19.6515704921763));
#7181=CARTESIAN_POINT('Ctrl Pts',(-11.6118704228286,51.8569127077325,19.4189537599455));
#7182=CARTESIAN_POINT('Ctrl Pts',(-11.6758574305085,51.9066864805478,19.1834444282261));
#7183=CARTESIAN_POINT('Ctrl Pts',(-11.7179482988886,51.9402085123235,19.0255671474675));
#7184=CARTESIAN_POINT('Ctrl Pts',(-11.8043566285568,52.0136617360361,18.7078684763501));
#7185=CARTESIAN_POINT('Ctrl Pts',(-11.8975972866574,52.0970019278815,18.3936406304041));
#7186=CARTESIAN_POINT('Ctrl Pts',(-11.9450563665498,52.1422237603416,18.2414193578424));
#7187=CARTESIAN_POINT('Ctrl Pts',(-11.9920531734324,52.1733660476408,18.0888017419204));
#7188=CARTESIAN_POINT('Ctrl Pts',(-12.0372358234938,52.1976563422257,17.9358940755083));
#7189=CARTESIAN_POINT('Ctrl Pts',(-7.35227710286279,49.2828642746215,29.6621105963499));
#7190=CARTESIAN_POINT('Ctrl Pts',(-7.41753332521884,49.3017877471421,29.5249764027714));
#7191=CARTESIAN_POINT('Ctrl Pts',(-7.48331343077664,49.3215410408433,29.387231051605));
#7192=CARTESIAN_POINT('Ctrl Pts',(-7.54953673945419,49.3423023138362,29.2487565202482));
#7193=CARTESIAN_POINT('Ctrl Pts',(-7.64937528406224,49.3752362537052,29.0397434216578));
#7194=CARTESIAN_POINT('Ctrl Pts',(-7.7497694078234,49.4113215953464,28.8284477406785));
#7195=CARTESIAN_POINT('Ctrl Pts',(-7.78328486008806,49.4237260052398,28.7577438876709));
#7196=CARTESIAN_POINT('Ctrl Pts',(-7.85039822172295,49.4493409731982,28.6157546489398));
#7197=CARTESIAN_POINT('Ctrl Pts',(-7.91765374077874,49.4766865047793,28.4725273958531));
#7198=CARTESIAN_POINT('Ctrl Pts',(-7.95131101594644,49.4908210857153,28.4005864896626));
#7199=CARTESIAN_POINT('Ctrl Pts',(-8.05236988256803,49.5347112378501,28.1837143960092));
#7200=CARTESIAN_POINT('Ctrl Pts',(-8.15369505001606,49.5833525584601,27.9636193780551));
#7201=CARTESIAN_POINT('Ctrl Pts',(-8.22140065638762,49.6183036095211,27.8154029604987));
#7202=CARTESIAN_POINT('Ctrl Pts',(-8.35674702656782,49.6917265300021,27.517142587371));
#7203=CARTESIAN_POINT('Ctrl Pts',(-8.49117469653577,49.7692565985954,27.2183644466259));
#7204=CARTESIAN_POINT('Ctrl Pts',(-8.55799299448864,49.8083329780394,27.0696106101912));
#7205=CARTESIAN_POINT('Ctrl Pts',(-8.75705044988787,49.9255668974596,26.6262782154754));
#7206=CARTESIAN_POINT('Ctrl Pts',(-8.95154045144306,50.0432586010887,26.1900580921757));
#7207=CARTESIAN_POINT('Ctrl Pts',(-9.07893584892985,50.1227792102726,25.9003765939158));
#7208=CARTESIAN_POINT('Ctrl Pts',(-9.32893775219206,50.2838376657594,25.3229018306994));
#7209=CARTESIAN_POINT('Ctrl Pts',(-9.56962530835485,50.4481296348809,24.7497080012368));
#7210=CARTESIAN_POINT('Ctrl Pts',(-9.688341056936,50.5318073866527,24.464503412691));
#7211=CARTESIAN_POINT('Ctrl Pts',(-9.91957007878314,50.6986534582327,23.8921222906437));
#7212=CARTESIAN_POINT('Ctrl Pts',(-10.1387798757923,50.8655437323344,23.3156186572917));
#7213=CARTESIAN_POINT('Ctrl Pts',(-10.2459824840308,50.950105506278,23.0266895212313));
#7214=CARTESIAN_POINT('Ctrl Pts',(-10.4567045809801,51.1210858047772,22.4488101627247));
#7215=CARTESIAN_POINT('Ctrl Pts',(-10.6581534075756,51.2914813215742,21.8676802173152));
#7216=CARTESIAN_POINT('Ctrl Pts',(-10.756102714073,51.375709743827,21.5755330798167));
#7217=CARTESIAN_POINT('Ctrl Pts',(-10.8983835484015,51.4992330679261,21.1327805979171));
#7218=CARTESIAN_POINT('Ctrl Pts',(-11.0379370318236,51.6193195657537,20.6836806065823));
#7219=CARTESIAN_POINT('Ctrl Pts',(-11.084338152562,51.6589516944906,20.5332618430957));
#7220=CARTESIAN_POINT('Ctrl Pts',(-11.1419707955559,51.7073133851686,20.3441092493734));
#7221=CARTESIAN_POINT('Ctrl Pts',(-11.1984823769818,51.7530736374842,20.1531283133772));
#7222=CARTESIAN_POINT('Ctrl Pts',(-11.2097338842471,51.7621111728408,20.1148551079514));
#7223=CARTESIAN_POINT('Ctrl Pts',(-11.2321232663379,51.7799373319354,20.0381470700295));
#7224=CARTESIAN_POINT('Ctrl Pts',(-11.2542657568277,51.7972364134719,19.9611034698501));
#7225=CARTESIAN_POINT('Ctrl Pts',(-11.2652703658996,51.8057468650645,19.9224947002198));
#7226=CARTESIAN_POINT('Ctrl Pts',(-11.2980729310399,51.830847112979,19.8064004588663));
#7227=CARTESIAN_POINT('Ctrl Pts',(-11.3302263292801,51.8546544514305,19.6894931674303));
#7228=CARTESIAN_POINT('Ctrl Pts',(-11.3513588251019,51.8699494945588,19.6111849440989));
#7229=CARTESIAN_POINT('Ctrl Pts',(-11.4139159271603,51.9143565736055,19.3751937452834));
#7230=CARTESIAN_POINT('Ctrl Pts',(-11.4744858719551,51.9557417795608,19.1363598071222));
#7231=CARTESIAN_POINT('Ctrl Pts',(-11.5146055027179,51.983402279669,18.9763272928041));
#7232=CARTESIAN_POINT('Ctrl Pts',(-11.594943840644,52.0423598787794,18.654964662553));
#7233=CARTESIAN_POINT('Ctrl Pts',(-11.6825218881537,52.1083687001834,18.3378287444071));
#7234=CARTESIAN_POINT('Ctrl Pts',(-11.7307960539463,52.1511868865142,18.1864325659116));
#7235=CARTESIAN_POINT('Ctrl Pts',(-11.7774525570643,52.1846673169318,18.0351122872769));
#7236=CARTESIAN_POINT('Ctrl Pts',(-11.8225106897077,52.211672119062,17.8835672979403));
#7237=CARTESIAN_POINT('Ctrl Pts',(-7.29922789223406,49.5032720607004,29.6878243750662));
#7238=CARTESIAN_POINT('Ctrl Pts',(-7.36391124388335,49.521824641946,29.5506114307246));
#7239=CARTESIAN_POINT('Ctrl Pts',(-7.42896940291306,49.5410666830309,29.4127420809376));
#7240=CARTESIAN_POINT('Ctrl Pts',(-7.49431489189855,49.561169957829,29.2740940473756));
#7241=CARTESIAN_POINT('Ctrl Pts',(-7.59260289970353,49.5928927462158,29.0647431794035));
#7242=CARTESIAN_POINT('Ctrl Pts',(-7.69110263534881,49.6274460536703,28.8529720459644));
#7243=CARTESIAN_POINT('Ctrl Pts',(-7.72394874138258,49.6393050764134,28.7820931810278));
#7244=CARTESIAN_POINT('Ctrl Pts',(-7.78964878337052,49.6637621849278,28.6397172204055));
#7245=CARTESIAN_POINT('Ctrl Pts',(-7.85534089697204,49.6898285936503,28.4960179145068));
#7246=CARTESIAN_POINT('Ctrl Pts',(-7.88817915839445,49.7032960699252,28.4238159718903));
#7247=CARTESIAN_POINT('Ctrl Pts',(-7.98666034844356,49.7451246369887,28.2060821873122));
#7248=CARTESIAN_POINT('Ctrl Pts',(-8.08501549795874,49.7917487002176,27.9847605102926));
#7249=CARTESIAN_POINT('Ctrl Pts',(-8.15068473130898,49.8251340806939,27.835270254287));
#7250=CARTESIAN_POINT('Ctrl Pts',(-8.2816756414673,49.8957986207159,27.5340762355542));
#7251=CARTESIAN_POINT('Ctrl Pts',(-8.4114741641013,49.9704193050565,27.2324756002797));
#7252=CARTESIAN_POINT('Ctrl Pts',(-8.47596583934143,50.0079032021441,27.0825010754071));
#7253=CARTESIAN_POINT('Ctrl Pts',(-8.66804194794416,50.1199266954654,26.6363458911553));
#7254=CARTESIAN_POINT('Ctrl Pts',(-8.85556489283501,50.2317774229947,26.1984207917721));
#7255=CARTESIAN_POINT('Ctrl Pts',(-8.97834544700151,50.307851335879,25.9067901789197));
#7256=CARTESIAN_POINT('Ctrl Pts',(-9.21888283954202,50.4614653041023,25.3255266726767));
#7257=CARTESIAN_POINT('Ctrl Pts',(-9.44975013701655,50.6172539234538,24.7484715378902));
#7258=CARTESIAN_POINT('Ctrl Pts',(-9.56377752700653,50.6966584093192,24.4615304308936));
#7259=CARTESIAN_POINT('Ctrl Pts',(-9.78592970127156,50.8545877965229,23.8857099206188));
#7260=CARTESIAN_POINT('Ctrl Pts',(-9.99625198606649,51.0115065033099,23.305598138922));
#7261=CARTESIAN_POINT('Ctrl Pts',(-10.099039325089,51.0908722417942,23.0148211498044));
#7262=CARTESIAN_POINT('Ctrl Pts',(-10.3008758996597,51.2508228948256,22.4330638206835));
#7263=CARTESIAN_POINT('Ctrl Pts',(-10.4933460953663,51.4083384858298,21.8474910078831));
#7264=CARTESIAN_POINT('Ctrl Pts',(-10.5867969432838,51.485573196782,21.5529386749864));
#7265=CARTESIAN_POINT('Ctrl Pts',(-10.7223291878785,51.597638550109,21.1061845657139));
#7266=CARTESIAN_POINT('Ctrl Pts',(-10.854773993981,51.7042091875002,20.6521594086796));
#7267=CARTESIAN_POINT('Ctrl Pts',(-10.8987472490114,51.7390796098346,20.4999806700687));
#7268=CARTESIAN_POINT('Ctrl Pts',(-10.9532970612864,51.7811973757755,20.3084834729528));
#7269=CARTESIAN_POINT('Ctrl Pts',(-11.0067882213697,51.8205517583571,20.1150605766611));
#7270=CARTESIAN_POINT('Ctrl Pts',(-11.017439268414,51.8283035351234,20.0762958831932));
#7271=CARTESIAN_POINT('Ctrl Pts',(-11.0386374116094,51.8435532323129,19.9986005633211));
#7272=CARTESIAN_POINT('Ctrl Pts',(-11.0596125984395,51.8582736526801,19.9205651599825));
#7273=CARTESIAN_POINT('Ctrl Pts',(-11.0700406830097,51.8654961432109,19.8814603816514));
#7274=CARTESIAN_POINT('Ctrl Pts',(-11.1011382452358,51.8867417378015,19.763881078673));
#7275=CARTESIAN_POINT('Ctrl Pts',(-11.1316678165719,51.9067308612977,19.6455076423456));
#7276=CARTESIAN_POINT('Ctrl Pts',(-11.1517606369104,51.9195051092258,19.5662395690702));
#7277=CARTESIAN_POINT('Ctrl Pts',(-11.2113340217925,51.9564026562854,19.3274459547806));
#7278=CARTESIAN_POINT('Ctrl Pts',(-11.2693191917081,51.9902660240173,19.0861656125565));
#7279=CARTESIAN_POINT('Ctrl Pts',(-11.3080640372509,52.0125626148953,18.9246001136865));
#7280=CARTESIAN_POINT('Ctrl Pts',(-11.3852840599705,52.0604074320702,18.6020424907224));
#7281=CARTESIAN_POINT('Ctrl Pts',(-11.4682887059477,52.1208816171465,18.287196135946));
#7282=CARTESIAN_POINT('Ctrl Pts',(-11.5159719096563,52.1563040656907,18.1337904671986));
#7283=CARTESIAN_POINT('Ctrl Pts',(-11.5620278233824,52.1887885052787,17.9825351064157));
#7284=CARTESIAN_POINT('Ctrl Pts',(-11.6066985428712,52.2165407701326,17.8315709486615));
#7285=CARTESIAN_POINT('Ctrl Pts',(-7.27171011067543,49.6132569237654,29.6998244431043));
#7286=CARTESIAN_POINT('Ctrl Pts',(-7.3360960501983,49.6316162668928,29.5625590387185));
#7287=CARTESIAN_POINT('Ctrl Pts',(-7.40078417089813,49.6505949607828,29.4246151414425));
#7288=CARTESIAN_POINT('Ctrl Pts',(-7.46568349304856,49.6703616910433,29.2858683644419));
#7289=CARTESIAN_POINT('Ctrl Pts',(-7.56318697555445,49.70146809904,29.0763311124843));
#7290=CARTESIAN_POINT('Ctrl Pts',(-7.66072957202471,49.7352442557106,28.8643066318283));
#7291=CARTESIAN_POINT('Ctrl Pts',(-7.69323749022504,49.746826544572,28.7933353662427));
#7292=CARTESIAN_POINT('Ctrl Pts',(-7.75822268008486,49.7706974040184,28.6507568665744));
#7293=CARTESIAN_POINT('Ctrl Pts',(-7.82312391976669,49.7961074610894,28.506816009358));
#7294=CARTESIAN_POINT('Ctrl Pts',(-7.85554771937467,49.8092298845905,28.4344820005016));
#7295=CARTESIAN_POINT('Ctrl Pts',(-7.95273376028125,49.8499375728159,28.2163241507211));
#7296=CARTESIAN_POINT('Ctrl Pts',(-8.04969381644237,49.8948955674568,27.9945044525523));
#7297=CARTESIAN_POINT('Ctrl Pts',(-8.11423579624531,49.9279652003778,27.8442613147458));
#7298=CARTESIAN_POINT('Ctrl Pts',(-8.24294443904757,49.9974831304176,27.5414950219996));
#7299=CARTESIAN_POINT('Ctrl Pts',(-8.37037643716731,50.0704831358785,27.2384541761341));
#7300=CARTESIAN_POINT('Ctrl Pts',(-8.43366418151257,50.1071431274221,27.0878479586439));
#7301=CARTESIAN_POINT('Ctrl Pts',(-8.62213745335163,50.2163625076168,26.6402950696469));
#7302=CARTESIAN_POINT('Ctrl Pts',(-8.80606057116572,50.3250542500298,26.2015513073894));
#7303=CARTESIAN_POINT('Ctrl Pts',(-8.92645758832246,50.3992996813853,25.9088609732666));
#7304=CARTESIAN_POINT('Ctrl Pts',(-9.16215697858339,50.5489388662883,25.3256523086473));
#7305=CARTESIAN_POINT('Ctrl Pts',(-9.38801273492252,50.7001554284848,24.7466042312823));
#7306=CARTESIAN_POINT('Ctrl Pts',(-9.4996366636897,50.7772285787863,24.4587372900053));
#7307=CARTESIAN_POINT('Ctrl Pts',(-9.71715995240352,50.9303731578118,23.8811251600022));
#7308=CARTESIAN_POINT('Ctrl Pts',(-9.92301852070583,51.0820600867512,23.2992184727286));
#7309=CARTESIAN_POINT('Ctrl Pts',(-10.0235850447123,51.1586659246029,23.0075159058146));
#7310=CARTESIAN_POINT('Ctrl Pts',(-10.2209682564561,51.3127547329414,22.4238034260337));
#7311=CARTESIAN_POINT('Ctrl Pts',(-10.408996286968,51.4635201918147,21.8359857807484));
#7312=CARTESIAN_POINT('Ctrl Pts',(-10.5002348105966,51.537110011004,21.5402201683723));
#7313=CARTESIAN_POINT('Ctrl Pts',(-10.632554468889,51.6433456859541,21.0915239296456));
#7314=CARTESIAN_POINT('Ctrl Pts',(-10.7616398581599,51.7431124343977,20.6351455474261));
#7315=CARTESIAN_POINT('Ctrl Pts',(-10.8044624047271,51.7755886960531,20.4821271341566));
#7316=CARTESIAN_POINT('Ctrl Pts',(-10.8575503612486,51.8145805200038,20.2895157821371));
#7317=CARTESIAN_POINT('Ctrl Pts',(-10.9096187479657,51.8507570034763,20.0949468140804));
#7318=CARTESIAN_POINT('Ctrl Pts',(-10.9199874258797,51.8578721890562,20.0559520948));
#7319=CARTESIAN_POINT('Ctrl Pts',(-10.9406265131659,51.8718489997737,19.9777961791674));
#7320=CARTESIAN_POINT('Ctrl Pts',(-10.9610564126517,51.8853013474143,19.8993014103763));
#7321=CARTESIAN_POINT('Ctrl Pts',(-10.9712158980929,51.8918920604584,19.8599678369686));
#7322=CARTESIAN_POINT('Ctrl Pts',(-11.0015214249778,51.9112519221656,19.7417066635029));
#7323=CARTESIAN_POINT('Ctrl Pts',(-11.0313041677069,51.9293897216944,19.622670586665));
#7324=CARTESIAN_POINT('Ctrl Pts',(-11.0509229419482,51.9409503529214,19.5429744844461));
#7325=CARTESIAN_POINT('Ctrl Pts',(-11.1091478933918,51.9742646089946,19.302952257853));
#7326=CARTESIAN_POINT('Ctrl Pts',(-11.1660447106989,52.004675923743,19.0606782664949));
#7327=CARTESIAN_POINT('Ctrl Pts',(-11.2040662328272,52.0247409943493,18.8985852102884));
#7328=CARTESIAN_POINT('Ctrl Pts',(-11.2813395205843,52.0679029288039,18.5758664283358));
#7329=CARTESIAN_POINT('Ctrl Pts',(-11.3641117630765,52.1250525548324,18.2616682027938));
#7330=CARTESIAN_POINT('Ctrl Pts',(-11.409379973314,52.1592010505158,18.1082539620379));
#7331=CARTESIAN_POINT('Ctrl Pts',(-11.4546791650556,52.1905589858493,17.9568383880996));
#7332=CARTESIAN_POINT('Ctrl Pts',(-11.498901332712,52.2180881991993,17.8059762390189));
#7333=CARTESIAN_POINT('Ctrl Pts',(-7.12904171105105,50.1618913667099,29.7554622649932));
#7334=CARTESIAN_POINT('Ctrl Pts',(-7.19189033983836,50.1792505068937,29.6178636777015));
#7335=CARTESIAN_POINT('Ctrl Pts',(-7.25468637529772,50.1968789350029,29.4794769117563));
#7336=CARTESIAN_POINT('Ctrl Pts',(-7.31732052612657,50.2149308384766,29.3401661939897));
#7337=CARTESIAN_POINT('Ctrl Pts',(-7.41085605696825,50.242907502539,29.1295904409602));
#7338=CARTESIAN_POINT('Ctrl Pts',(-7.50356425826565,50.2727545537477,28.9161877812492));
#7339=CARTESIAN_POINT('Ctrl Pts',(-7.53436376641096,50.2829407837066,28.84471617652));
#7340=CARTESIAN_POINT('Ctrl Pts',(-7.59573712532562,50.3038515072081,28.7010485212749));
#7341=CARTESIAN_POINT('Ctrl Pts',(-7.65663173287761,50.3260092692682,28.5557960086686));
#7342=CARTESIAN_POINT('Ctrl Pts',(-7.68695251305018,50.337440991149,28.4827406853248));
#7343=CARTESIAN_POINT('Ctrl Pts',(-7.77752240832125,50.3729797971129,28.2621373193126));
#7344=CARTESIAN_POINT('Ctrl Pts',(-7.8668920180706,50.4131148196725,28.0366165752296));
#7345=CARTESIAN_POINT('Ctrl Pts',(-7.92606860486582,50.4417211518207,27.8834897591686));
#7346=CARTESIAN_POINT('Ctrl Pts',(-8.04335196963336,50.5031185057149,27.5737012192808));
#7347=CARTESIAN_POINT('Ctrl Pts',(-8.15857905942221,50.5678923734047,27.2633630523692));
#7348=CARTESIAN_POINT('Ctrl Pts',(-8.21569992014141,50.6000592077727,27.1095668433343));
#7349=CARTESIAN_POINT('Ctrl Pts',(-8.38565273553184,50.6943399093638,26.6550186506166));
#7350=CARTESIAN_POINT('Ctrl Pts',(-8.55104675856609,50.7862940452581,26.2119768594428));
#7351=CARTESIAN_POINT('Ctrl Pts',(-8.65915977468578,50.8508065852853,25.9136509509256));
#7352=CARTESIAN_POINT('Ctrl Pts',(-8.87015190270829,50.9791984560953,25.3205713995541));
#7353=CARTESIAN_POINT('Ctrl Pts',(-9.07073306863806,51.1062155508381,24.7314095376907));
#7354=CARTESIAN_POINT('Ctrl Pts',(-9.17005211115914,51.1707020954017,24.4386105322228));
#7355=CARTESIAN_POINT('Ctrl Pts',(-9.36399390930259,51.2983241202335,23.8516712786128));
#7356=CARTESIAN_POINT('Ctrl Pts',(-9.54748283930607,51.4226725204893,23.2608569235927));
#7357=CARTESIAN_POINT('Ctrl Pts',(-9.6369122990751,51.484732365661,22.9645431622575));
#7358=CARTESIAN_POINT('Ctrl Pts',(-9.81204377303994,51.6079459092177,22.3710358870536));
#7359=CARTESIAN_POINT('Ctrl Pts',(-9.97820425453426,51.7237360390833,21.7720080859685));
#7360=CARTESIAN_POINT('Ctrl Pts',(-10.0586629413318,51.7786138813813,21.4702259870151));
#7361=CARTESIAN_POINT('Ctrl Pts',(-10.1756700529931,51.8554114768944,21.0121842761312));
#7362=CARTESIAN_POINT('Ctrl Pts',(-10.2889708416298,51.9214354935702,20.5447608611141));
#7363=CARTESIAN_POINT('Ctrl Pts',(-10.3263996513625,51.9420968749571,20.3878237399107));
#7364=CARTESIAN_POINT('Ctrl Pts',(-10.3726644520302,51.9657618359801,20.1900489342765));
#7365=CARTESIAN_POINT('Ctrl Pts',(-10.4181398840562,51.9864896078711,19.9902375124724));
#7366=CARTESIAN_POINT('Ctrl Pts',(-10.4272021883593,51.990515562934,19.9501935537986));
#7367=CARTESIAN_POINT('Ctrl Pts',(-10.4452592280349,51.9983265335445,19.8699432233264));
#7368=CARTESIAN_POINT('Ctrl Pts',(-10.4631795886211,52.0056597322487,19.7893740950642));
#7369=CARTESIAN_POINT('Ctrl Pts',(-10.4721052136658,52.0092079086346,19.7490113377446));
#7370=CARTESIAN_POINT('Ctrl Pts',(-10.4987791177188,52.0195059280527,19.6276961310551));
#7371=CARTESIAN_POINT('Ctrl Pts',(-10.5251553153908,52.0288117564911,19.5057354425655));
#7372=CARTESIAN_POINT('Ctrl Pts',(-10.5426179188318,52.0346167617892,19.4241729255858));
#7373=CARTESIAN_POINT('Ctrl Pts',(-10.5947093177159,52.0510723813641,19.1788782775891));
#7374=CARTESIAN_POINT('Ctrl Pts',(-10.6464899368969,52.0657901818412,18.9325307848448));
#7375=CARTESIAN_POINT('Ctrl Pts',(-10.6801930232637,52.0758065792968,18.7680998997638));
#7376=CARTESIAN_POINT('Ctrl Pts',(-10.7593964353502,52.1002729495053,18.4446854950656));
#7377=CARTESIAN_POINT('Ctrl Pts',(-10.8397675438734,52.1423247267747,18.1333641982347));
#7378=CARTESIAN_POINT('Ctrl Pts',(-10.8768207526671,52.1691528595557,17.9807855788039));
#7379=CARTESIAN_POINT('Ctrl Pts',(-10.9183625613161,52.1956041363398,17.8294279219203));
#7380=CARTESIAN_POINT('Ctrl Pts',(-10.9600694154926,52.2214913372541,17.679251143675));
#7381=CARTESIAN_POINT('Ctrl Pts',(-6.96034754453698,50.7030093910074,29.7889831962731));
#7382=CARTESIAN_POINT('Ctrl Pts',(-7.02142127861284,50.7192100394745,29.650679352131));
#7383=CARTESIAN_POINT('Ctrl Pts',(-7.08212464524928,50.7353308962864,29.5114749634529));
#7384=CARTESIAN_POINT('Ctrl Pts',(-7.14232491969909,50.7515135026859,29.371217702663));
#7385=CARTESIAN_POINT('Ctrl Pts',(-7.2316643715317,50.7761295701772,29.1590018964492));
#7386=CARTESIAN_POINT('Ctrl Pts',(-7.31929595795722,50.8018011176572,28.9435736431881));
#7387=CARTESIAN_POINT('Ctrl Pts',(-7.34830192786136,50.8105060697358,28.8713809713611));
#7388=CARTESIAN_POINT('Ctrl Pts',(-7.40587769954526,50.8282803954808,28.7261722984898));
#7389=CARTESIAN_POINT('Ctrl Pts',(-7.46253825710044,50.8469580941516,28.5791741059284));
#7390=CARTESIAN_POINT('Ctrl Pts',(-7.49063045134053,50.8565581225176,28.505195130156));
#7391=CARTESIAN_POINT('Ctrl Pts',(-7.57415190024875,50.8864089735382,28.2816451335603));
#7392=CARTESIAN_POINT('Ctrl Pts',(-7.65534809768934,50.91992806402,28.0526387552817));
#7393=CARTESIAN_POINT('Ctrl Pts',(-7.70863317329112,50.9438092156069,27.8968876923116));
#7394=CARTESIAN_POINT('Ctrl Pts',(-7.81338535269597,50.9940066676152,27.5821681666208));
#7395=CARTESIAN_POINT('Ctrl Pts',(-7.91505868654538,51.0469566180175,27.2663357033546));
#7396=CARTESIAN_POINT('Ctrl Pts',(-7.96529861457907,51.0731769117184,27.1096111944581));
#7397=CARTESIAN_POINT('Ctrl Pts',(-8.11448120731252,51.1490607844333,26.6465804530902));
#7398=CARTESIAN_POINT('Ctrl Pts',(-8.25899053688056,51.2216720294363,26.1950193314116));
#7399=CARTESIAN_POINT('Ctrl Pts',(-8.35328460934075,51.2726196397539,25.8913906033784));
#7400=CARTESIAN_POINT('Ctrl Pts',(-8.5371099467846,51.3726729094647,25.2881462521462));
#7401=CARTESIAN_POINT('Ctrl Pts',(-8.71231085161609,51.4699479954583,24.6886833061705));
#7402=CARTESIAN_POINT('Ctrl Pts',(-8.79827997552031,51.5178648044517,24.3898151613139));
#7403=CARTESIAN_POINT('Ctrl Pts',(-8.96694402151707,51.6126517345114,23.7920460896813));
#7404=CARTESIAN_POINT('Ctrl Pts',(-9.12783278277897,51.7037279985951,23.1924452691618));
#7405=CARTESIAN_POINT('Ctrl Pts',(-9.20613589835892,51.7479619370302,22.891698758093));
#7406=CARTESIAN_POINT('Ctrl Pts',(-9.35949007068336,51.8336213549276,22.2886018952882));
#7407=CARTESIAN_POINT('Ctrl Pts',(-9.50592648168479,51.9097485420259,21.6790411294967));
#7408=CARTESIAN_POINT('Ctrl Pts',(-9.57725716499291,51.9443719239743,21.3718661560884));
#7409=CARTESIAN_POINT('Ctrl Pts',(-9.6824182885017,51.9911683838015,20.9065684798104));
#7410=CARTESIAN_POINT('Ctrl Pts',(-9.78493447434946,52.0264666911112,20.4321941328382));
#7411=CARTESIAN_POINT('Ctrl Pts',(-9.81882032039221,52.0367689585891,20.2729455541071));
#7412=CARTESIAN_POINT('Ctrl Pts',(-9.8608110481953,52.0475209791892,20.0723206381272));
#7413=CARTESIAN_POINT('Ctrl Pts',(-9.90241934838017,52.055814652022,19.8699232040831));
#7414=CARTESIAN_POINT('Ctrl Pts',(-9.91072646226448,52.0573771104138,19.8293746920619));
#7415=CARTESIAN_POINT('Ctrl Pts',(-9.92731352171631,52.0603166140985,19.7481454085013));
#7416=CARTESIAN_POINT('Ctrl Pts',(-9.94385102131315,52.0629075879638,19.6666684355103));
#7417=CARTESIAN_POINT('Ctrl Pts',(-9.95210856780992,52.0641215158065,19.6258722319196));
#7418=CARTESIAN_POINT('Ctrl Pts',(-9.97685192952627,52.0675413695171,19.5033270408058));
#7419=CARTESIAN_POINT('Ctrl Pts',(-10.0015211232258,52.0703860338359,19.3803758129614));
#7420=CARTESIAN_POINT('Ctrl Pts',(-10.017944342757,52.0721072484386,19.2982829580664));
#7421=CARTESIAN_POINT('Ctrl Pts',(-10.0672107994985,52.0771075376477,19.0518915408273));
#7422=CARTESIAN_POINT('Ctrl Pts',(-10.1161992417003,52.0831589933048,18.8060117695291));
#7423=CARTESIAN_POINT('Ctrl Pts',(-10.1464975965676,52.0874168397092,18.6423575750067));
#7424=CARTESIAN_POINT('Ctrl Pts',(-10.2056917333099,52.1124293058363,18.3175872612196));
#7425=CARTESIAN_POINT('Ctrl Pts',(-10.2927858578234,52.1503935404993,18.0118236844091));
#7426=CARTESIAN_POINT('Ctrl Pts',(-10.3398133839857,52.1666335103159,17.8604404476659));
#7427=CARTESIAN_POINT('Ctrl Pts',(-10.3803074922042,52.187716205481,17.710102882477));
#7428=CARTESIAN_POINT('Ctrl Pts',(-10.4200345932688,52.20888368517,17.5604244663974));
#7429=CARTESIAN_POINT('Ctrl Pts',(-6.80716447930632,51.1283795158741,29.8008036291009));
#7430=CARTESIAN_POINT('Ctrl Pts',(-6.8666988163793,51.143582669455,29.661629809439));
#7431=CARTESIAN_POINT('Ctrl Pts',(-6.92561884780428,51.1584271969593,29.5214393026196));
#7432=CARTESIAN_POINT('Ctrl Pts',(-6.98377439658192,51.1730347581423,29.3800500032241));
#7433=CARTESIAN_POINT('Ctrl Pts',(-7.06956509397394,51.1949132730316,29.1658877707602));
#7434=CARTESIAN_POINT('Ctrl Pts',(-7.15312217417424,51.2168956244869,28.9480815774163));
#7435=CARTESIAN_POINT('Ctrl Pts',(-7.18071906492135,51.2242484476678,28.875044652033));
#7436=CARTESIAN_POINT('Ctrl Pts',(-7.23544979561185,51.2389496196204,28.7280113098845));
#7437=CARTESIAN_POINT('Ctrl Pts',(-7.28889364843533,51.2542340392926,28.5785246780006));
#7438=CARTESIAN_POINT('Ctrl Pts',(-7.31516928344279,51.2621947265075,28.5029455990241));
#7439=CARTESIAN_POINT('Ctrl Pts',(-7.39243812585385,51.2877203076528,28.2742235392518));
#7440=CARTESIAN_POINT('Ctrl Pts',(-7.46476703928458,51.3190057624676,28.0426115051362));
#7441=CARTESIAN_POINT('Ctrl Pts',(-7.51403481810028,51.3347422034953,27.8893775975061));
#7442=CARTESIAN_POINT('Ctrl Pts',(-7.60865779686172,51.3721673196631,27.5755368128931));
#7443=CARTESIAN_POINT('Ctrl Pts',(-7.69919791271154,51.4123098650219,27.2589142893354));
#7444=CARTESIAN_POINT('Ctrl Pts',(-7.74375733935102,51.4324598289931,27.1009993452592));
#7445=CARTESIAN_POINT('Ctrl Pts',(-7.87566704774832,51.4924500478599,26.6295282787172));
#7446=CARTESIAN_POINT('Ctrl Pts',(-8.00281552758578,51.5506203428923,26.1652781243557));
#7447=CARTESIAN_POINT('Ctrl Pts',(-8.08586176558498,51.588438168141,25.8588802085744));
#7448=CARTESIAN_POINT('Ctrl Pts',(-8.24797065020928,51.6628291456742,25.2479571336695));
#7449=CARTESIAN_POINT('Ctrl Pts',(-8.40320261597082,51.7334350380048,24.6406620797228));
#7450=CARTESIAN_POINT('Ctrl Pts',(-8.47928234532876,51.7676861677042,24.3376552672182));
#7451=CARTESIAN_POINT('Ctrl Pts',(-8.62834254120367,51.8337462573714,23.7316999008025));
#7452=CARTESIAN_POINT('Ctrl Pts',(-8.77102433349672,51.894439437572,23.1245486278103));
#7453=CARTESIAN_POINT('Ctrl Pts',(-8.8407979077821,51.923407165969,22.8204132613864));
#7454=CARTESIAN_POINT('Ctrl Pts',(-8.97811414748325,51.9780232582887,22.2105652891673));
#7455=CARTESIAN_POINT('Ctrl Pts',(-9.11111092040112,52.0231250675745,21.5946316355626));
#7456=CARTESIAN_POINT('Ctrl Pts',(-9.17652683457044,52.042339067463,21.2842992835954));
#7457=CARTESIAN_POINT('Ctrl Pts',(-9.27369680355289,52.0674683394266,20.8155053289156));
#7458=CARTESIAN_POINT('Ctrl Pts',(-9.37064428959992,52.0851678530735,20.3400139197174));
#7459=CARTESIAN_POINT('Ctrl Pts',(-9.40297280546479,52.0901116251124,20.1806635351353));
#7460=CARTESIAN_POINT('Ctrl Pts',(-9.44342321549416,52.0945822329319,19.980025035651));
#7461=CARTESIAN_POINT('Ctrl Pts',(-9.48403075946646,52.0969002102825,19.7776409631421));
#7462=CARTESIAN_POINT('Ctrl Pts',(-9.49215953544051,52.0972780722078,19.7370953743454));
#7463=CARTESIAN_POINT('Ctrl Pts',(-9.50843402260373,52.0978683371717,19.655873180514));
#7464=CARTESIAN_POINT('Ctrl Pts',(-9.52474355138892,52.0981523224309,19.5744098395763));
#7465=CARTESIAN_POINT('Ctrl Pts',(-9.53290733257911,52.0982238728137,19.5336229683453));
#7466=CARTESIAN_POINT('Ctrl Pts',(-9.55742336161216,52.0982543952476,19.411118380995));
#7467=CARTESIAN_POINT('Ctrl Pts',(-9.5819728240703,52.0978340984522,19.2882272213483));
#7468=CARTESIAN_POINT('Ctrl Pts',(-9.59833741334452,52.0974424537253,19.2061929798454));
#7469=CARTESIAN_POINT('Ctrl Pts',(-9.64683717914372,52.0963297419759,18.9595284590508));
#7470=CARTESIAN_POINT('Ctrl Pts',(-9.69512209665417,52.0969313714427,18.7084879833881));
#7471=CARTESIAN_POINT('Ctrl Pts',(-9.73040681306521,52.0985160702513,18.5521109334482));
#7472=CARTESIAN_POINT('Ctrl Pts',(-9.80136777122106,52.1131529785807,18.2380046408486));
#7473=CARTESIAN_POINT('Ctrl Pts',(-9.87508721845121,52.1420145193584,17.9263534638165));
#7474=CARTESIAN_POINT('Ctrl Pts',(-9.9126899911195,52.1589549459612,17.7739063706484));
#7475=CARTESIAN_POINT('Ctrl Pts',(-9.95054681400299,52.1773880380918,17.6227809088725));
#7476=CARTESIAN_POINT('Ctrl Pts',(-9.98829492859037,52.1964605867396,17.4728823629648));
#7477=CARTESIAN_POINT('Ctrl Pts',(-6.45959711408022,51.9563453654301,29.7955791919075));
#7478=CARTESIAN_POINT('Ctrl Pts',(-6.51571321389358,51.9691462409689,29.6544468048204));
#7479=CARTESIAN_POINT('Ctrl Pts',(-6.57075413156106,51.9809421087203,29.5121407414916));
#7480=CARTESIAN_POINT('Ctrl Pts',(-6.62451018383504,51.9917991761868,29.3684661314619));
#7481=CARTESIAN_POINT('Ctrl Pts',(-6.70282947710967,52.0068937440134,29.1504263126084));
#7482=CARTESIAN_POINT('Ctrl Pts',(-6.77707592179118,52.0206025928164,28.9282485993935));
#7483=CARTESIAN_POINT('Ctrl Pts',(-6.80134163154273,52.0250353555692,28.8537102650762));
#7484=CARTESIAN_POINT('Ctrl Pts',(-6.84886112377527,52.0336427343202,28.7037300128058));
#7485=CARTESIAN_POINT('Ctrl Pts',(-6.89491733392548,52.0407273312624,28.5524833785955));
#7486=CARTESIAN_POINT('Ctrl Pts',(-6.91780136561761,52.0435310899887,28.4768011279417));
#7487=CARTESIAN_POINT('Ctrl Pts',(-6.98593946046934,52.0493376036167,28.2486442739456));
#7488=CARTESIAN_POINT('Ctrl Pts',(-7.04559477469463,52.0611011990951,28.0096004721921));
#7489=CARTESIAN_POINT('Ctrl Pts',(-7.07927283130459,52.0771684237982,27.8445014140937));
#7490=CARTESIAN_POINT('Ctrl Pts',(-7.15032431904642,52.0960891444609,27.521044528265));
#7491=CARTESIAN_POINT('Ctrl Pts',(-7.21872107504952,52.1125390161545,27.1986187983704));
#7492=CARTESIAN_POINT('Ctrl Pts',(-7.25238612983856,52.1207128800538,27.0378757737184));
#7493=CARTESIAN_POINT('Ctrl Pts',(-7.35225897152223,52.1443804836406,26.5579579226946));
#7494=CARTESIAN_POINT('Ctrl Pts',(-7.44856748061437,52.1654102400608,26.0843121132362));
#7495=CARTESIAN_POINT('Ctrl Pts',(-7.51096539614692,52.177799728119,25.770576547369));
#7496=CARTESIAN_POINT('Ctrl Pts',(-7.63222612638379,52.1999354148381,25.1464702847768));
#7497=CARTESIAN_POINT('Ctrl Pts',(-7.74950433619568,52.2157898547807,24.5270785781765));
#7498=CARTESIAN_POINT('Ctrl Pts',(-7.80794609372579,52.2218443158227,24.217640794444));
#7499=CARTESIAN_POINT('Ctrl Pts',(-7.92300628526173,52.2300439161076,23.5979027589078));
#7500=CARTESIAN_POINT('Ctrl Pts',(-8.03385422232749,52.2312435156504,22.9782946539835));
#7501=CARTESIAN_POINT('Ctrl Pts',(-8.08800343498632,52.2301479956273,22.6687587984932));
#7502=CARTESIAN_POINT('Ctrl Pts',(-8.19733560866252,52.2251428940864,22.0485913157071));
#7503=CARTESIAN_POINT('Ctrl Pts',(-8.30830812915729,52.2125404504254,21.4234853086551));
#7504=CARTESIAN_POINT('Ctrl Pts',(-8.36375795670006,52.2034321870604,21.1087392158134));
#7505=CARTESIAN_POINT('Ctrl Pts',(-8.44722669298053,52.1859807618772,20.6335524083234));
#7506=CARTESIAN_POINT('Ctrl Pts',(-8.53473359030982,52.1710781097849,20.1571685625795));
#7507=CARTESIAN_POINT('Ctrl Pts',(-8.56455970556386,52.1668258511294,19.9984233955302));
#7508=CARTESIAN_POINT('Ctrl Pts',(-8.60243612582554,52.161558236913,19.7994113812867));
#7509=CARTESIAN_POINT('Ctrl Pts',(-8.64082115734943,52.1546455974557,19.5982778538991));
#7510=CARTESIAN_POINT('Ctrl Pts',(-8.64851682021244,52.1531819885071,19.5579536047942));
#7511=CARTESIAN_POINT('Ctrl Pts',(-8.66394382858622,52.1500632141392,19.4770847128133));
#7512=CARTESIAN_POINT('Ctrl Pts',(-8.67945084118268,52.1465306988531,19.3957476109813));
#7513=CARTESIAN_POINT('Ctrl Pts',(-8.68722647179947,52.1446532875543,19.3549552285092));
#7514=CARTESIAN_POINT('Ctrl Pts',(-8.71063624939238,52.1386882310822,19.2322047506034));
#7515=CARTESIAN_POINT('Ctrl Pts',(-8.73438968938595,52.1318438674308,19.1084584849886));
#7516=CARTESIAN_POINT('Ctrl Pts',(-8.75044865555132,52.1269921740505,19.025593108493));
#7517=CARTESIAN_POINT('Ctrl Pts',(-8.80002564004381,52.1125323211305,18.7772967357703));
#7518=CARTESIAN_POINT('Ctrl Pts',(-8.85132092487342,52.1014676826972,18.535734699427));
#7519=CARTESIAN_POINT('Ctrl Pts',(-8.88212544587175,52.1005606500866,18.3699997611548));
#7520=CARTESIAN_POINT('Ctrl Pts',(-8.94728635297863,52.106646995566,18.0575040309467));
#7521=CARTESIAN_POINT('Ctrl Pts',(-9.01564282617443,52.1249061282848,17.7561961652026));
#7522=CARTESIAN_POINT('Ctrl Pts',(-9.05022479436223,52.1363587698861,17.6052474610908));
#7523=CARTESIAN_POINT('Ctrl Pts',(-9.08496749397373,52.1495297754272,17.4557620083259));
#7524=CARTESIAN_POINT('Ctrl Pts',(-9.11964715992821,52.1639019677793,17.3071037221952));
#7525=CARTESIAN_POINT('Ctrl Pts',(-6.02198162415788,52.7226701425987,29.7352105479599));
#7526=CARTESIAN_POINT('Ctrl Pts',(-6.07365611831215,52.7322112942437,29.5915174600995));
#7527=CARTESIAN_POINT('Ctrl Pts',(-6.123824213461,52.7400392691648,29.446602004441));
#7528=CARTESIAN_POINT('Ctrl Pts',(-6.17219004438312,52.7461898824848,29.3002182855337));
#7529=CARTESIAN_POINT('Ctrl Pts',(-6.24163636235445,52.7527120122622,29.0781238459738));
#7530=CARTESIAN_POINT('Ctrl Pts',(-6.30534868248671,52.7557108005411,28.8510115141413));
#7531=CARTESIAN_POINT('Ctrl Pts',(-6.32589008150875,52.7563499312642,28.7746844245123));
#7532=CARTESIAN_POINT('Ctrl Pts',(-6.36533757793407,52.7571593793811,28.6204930736678));
#7533=CARTESIAN_POINT('Ctrl Pts',(-6.40045868247552,52.758643533308,28.4623766207843));
#7534=CARTESIAN_POINT('Ctrl Pts',(-6.416535116255,52.7601820358562,28.3819909762988));
#7535=CARTESIAN_POINT('Ctrl Pts',(-6.4609925138974,52.7664806343176,28.1379741818829));
#7536=CARTESIAN_POINT('Ctrl Pts',(-6.50587453571055,52.756475074889,27.8952351496946));
#7537=CARTESIAN_POINT('Ctrl Pts',(-6.53668315832749,52.7434080816424,27.7343247298479));
#7538=CARTESIAN_POINT('Ctrl Pts',(-6.58928355719979,52.7332951347438,27.4056488174495));
#7539=CARTESIAN_POINT('Ctrl Pts',(-6.63961957961473,52.7250937464287,27.0796797407947));
#7540=CARTESIAN_POINT('Ctrl Pts',(-6.66503641871151,52.7206914938051,26.9184390309468));
#7541=CARTESIAN_POINT('Ctrl Pts',(-6.74121868251658,52.7069905900125,26.4384585423869));
#7542=CARTESIAN_POINT('Ctrl Pts',(-6.81567253390708,52.6905879176745,25.9655542800951));
#7543=CARTESIAN_POINT('Ctrl Pts',(-6.86265862057861,52.6777618621748,25.6486761577179));
#7544=CARTESIAN_POINT('Ctrl Pts',(-6.95407922884018,52.6493785930186,25.018997386981));
#7545=CARTESIAN_POINT('Ctrl Pts',(-7.04335918822402,52.6140373622751,24.3952946000848));
#7546=CARTESIAN_POINT('Ctrl Pts',(-7.08907949976031,52.59410325486,24.0830200442049));
#7547=CARTESIAN_POINT('Ctrl Pts',(-7.17969941964275,52.5501576820663,23.4573491581268));
#7548=CARTESIAN_POINT('Ctrl Pts',(-7.26868231626156,52.4993263197888,22.8320036723647));
#7549=CARTESIAN_POINT('Ctrl Pts',(-7.31272142624792,52.4724110796108,22.5197951134072));
#7550=CARTESIAN_POINT('Ctrl Pts',(-7.40308692308036,52.4160650921486,21.8944852915831));
#7551=CARTESIAN_POINT('Ctrl Pts',(-7.49818599674187,52.3542889274956,21.265446964752));
#7552=CARTESIAN_POINT('Ctrl Pts',(-7.54666290005246,52.3214854019834,20.9492122377112));
#7553=CARTESIAN_POINT('Ctrl Pts',(-7.62136315163511,52.2716642706527,20.4731368462977));
#7554=CARTESIAN_POINT('Ctrl Pts',(-7.70063036634123,52.2242513522573,19.9946662410389));
#7555=CARTESIAN_POINT('Ctrl Pts',(-7.72761335412516,52.2088694925054,19.8349158054134));
#7556=CARTESIAN_POINT('Ctrl Pts',(-7.76208690190996,52.1898294237507,19.6345440439174));
#7557=CARTESIAN_POINT('Ctrl Pts',(-7.79727209953076,52.1712277171725,19.4335295956342));
#7558=CARTESIAN_POINT('Ctrl Pts',(-7.80433518972956,52.1675275921438,19.3933035091441));
#7559=CARTESIAN_POINT('Ctrl Pts',(-7.81850656681011,52.1601785414677,19.3128149071918));
#7560=CARTESIAN_POINT('Ctrl Pts',(-7.83274535594603,52.1529644041742,19.2322797202132));
#7561=CARTESIAN_POINT('Ctrl Pts',(-7.83987596890631,52.1493991771164,19.1920069414309));
#7562=CARTESIAN_POINT('Ctrl Pts',(-7.86127583534543,52.1388605012339,19.0711969939574));
#7563=CARTESIAN_POINT('Ctrl Pts',(-7.88260885172589,52.1289016687647,18.9504588875369));
#7564=CARTESIAN_POINT('Ctrl Pts',(-7.89671286283036,52.1226150465788,18.8700744777417));
#7565=CARTESIAN_POINT('Ctrl Pts',(-7.93838842535545,52.1052073473588,18.6288409035247));
#7566=CARTESIAN_POINT('Ctrl Pts',(-7.98215810644237,52.0940982349215,18.3869350287548));
#7567=CARTESIAN_POINT('Ctrl Pts',(-8.01627320719492,52.0908801074516,18.2368457932209));
#7568=CARTESIAN_POINT('Ctrl Pts',(-8.08160872243215,52.0891900415217,17.9255229841483));
#7569=CARTESIAN_POINT('Ctrl Pts',(-8.14612094395194,52.0979525773048,17.6197709821112));
#7570=CARTESIAN_POINT('Ctrl Pts',(-8.17841686109504,52.1046446916365,17.4694623344799));
#7571=CARTESIAN_POINT('Ctrl Pts',(-8.21074826464434,52.1132572371672,17.3198686591887));
#7572=CARTESIAN_POINT('Ctrl Pts',(-8.24298508733717,52.1234062151955,17.1711467873031));
#7573=CARTESIAN_POINT('Ctrl Pts',(-5.77853643632581,53.0866759511209,29.6916318184877));
#7574=CARTESIAN_POINT('Ctrl Pts',(-5.82758332072932,53.0944629716637,29.5464487566186));
#7575=CARTESIAN_POINT('Ctrl Pts',(-5.87489560730078,53.1002262446292,29.4000711555703));
#7576=CARTESIAN_POINT('Ctrl Pts',(-5.92020657224726,53.103836445433,29.2523540917613));
#7577=CARTESIAN_POINT('Ctrl Pts',(-5.98498083262259,53.1060800047832,29.0288161335278));
#7578=CARTESIAN_POINT('Ctrl Pts',(-6.04184833572746,53.1040307190718,28.7991549440116));
#7579=CARTESIAN_POINT('Ctrl Pts',(-6.05986772864774,53.102849965506,28.721869275065));
#7580=CARTESIAN_POINT('Ctrl Pts',(-6.09457526043097,53.098029600781,28.5660971841204));
#7581=CARTESIAN_POINT('Ctrl Pts',(-6.1257322340641,53.0902413138889,28.4067219406151));
#7582=CARTESIAN_POINT('Ctrl Pts',(-6.14031198250938,53.0859813789468,28.3259750771351));
#7583=CARTESIAN_POINT('Ctrl Pts',(-6.18121427467946,53.0716410604539,28.0816433583479));
#7584=CARTESIAN_POINT('Ctrl Pts',(-6.21542507924646,53.054610107881,27.8328296931133));
#7585=CARTESIAN_POINT('Ctrl Pts',(-6.23695621328197,53.0432827906734,27.6667660720993));
#7586=CARTESIAN_POINT('Ctrl Pts',(-6.28028151089186,53.021587282601,27.3366822013946));
#7587=CARTESIAN_POINT('Ctrl Pts',(-6.32430195353478,53.0012475389461,27.0116223334024));
#7588=CARTESIAN_POINT('Ctrl Pts',(-6.34664092346311,52.9912558799494,26.8506220151409));
#7589=CARTESIAN_POINT('Ctrl Pts',(-6.41372430527607,52.9607714777906,26.3710133298765));
#7590=CARTESIAN_POINT('Ctrl Pts',(-6.47964969384678,52.927854873591,25.8984259472961));
#7591=CARTESIAN_POINT('Ctrl Pts',(-6.5215345975848,52.9038542397835,25.5831653086251));
#7592=CARTESIAN_POINT('Ctrl Pts',(-6.60305493996492,52.8524671011915,24.9545075790447));
#7593=CARTESIAN_POINT('Ctrl Pts',(-6.6827136198267,52.7935710276402,24.328660880545));
#7594=CARTESIAN_POINT('Ctrl Pts',(-6.72283456255307,52.7620975636073,24.0159814899482));
#7595=CARTESIAN_POINT('Ctrl Pts',(-6.80314331459258,52.6953019081081,23.3901121775889));
#7596=CARTESIAN_POINT('Ctrl Pts',(-6.88386691251629,52.6218052010887,22.7640404188877));
#7597=CARTESIAN_POINT('Ctrl Pts',(-6.92443357463518,52.5836221244971,22.4510490344582));
#7598=CARTESIAN_POINT('Ctrl Pts',(-7.00755704353858,52.5044997274302,21.8242001190167));
#7599=CARTESIAN_POINT('Ctrl Pts',(-7.09546818707043,52.4203059359992,21.1939985545633));
#7600=CARTESIAN_POINT('Ctrl Pts',(-7.14078292385506,52.3769799862583,20.8775628715621));
#7601=CARTESIAN_POINT('Ctrl Pts',(-7.21109382603545,52.3116018573183,20.4014459975936));
#7602=CARTESIAN_POINT('Ctrl Pts',(-7.2854735076111,52.2488223083719,19.9222266588369));
#7603=CARTESIAN_POINT('Ctrl Pts',(-7.3106768183008,52.2283539215863,19.7620109843498));
#7604=CARTESIAN_POINT('Ctrl Pts',(-7.34302285116032,52.2035236052477,19.5611619689762));
#7605=CARTESIAN_POINT('Ctrl Pts',(-7.37579397177723,52.180126064644,19.3582793932491));
#7606=CARTESIAN_POINT('Ctrl Pts',(-7.38235721723867,52.1755084032325,19.3176048780107));
#7607=CARTESIAN_POINT('Ctrl Pts',(-7.39547017750977,52.166405452381,19.2359998719165));
#7608=CARTESIAN_POINT('Ctrl Pts',(-7.40845699405429,52.1575633155796,19.1535815875735));
#7609=CARTESIAN_POINT('Ctrl Pts',(-7.41489885291011,52.1532086827043,19.1121129359028));
#7610=CARTESIAN_POINT('Ctrl Pts',(-7.43392270250218,52.1402984027999,18.9863483239872));
#7611=CARTESIAN_POINT('Ctrl Pts',(-7.45250309943357,52.1280713035631,18.8580359381187));
#7612=CARTESIAN_POINT('Ctrl Pts',(-7.46593353981503,52.1207273481613,18.7756012751114));
#7613=CARTESIAN_POINT('Ctrl Pts',(-7.5139554513817,52.1031985048047,18.5538828149494));
#7614=CARTESIAN_POINT('Ctrl Pts',(-7.56045703589612,52.0914044599663,18.3327292144119));
#7615=CARTESIAN_POINT('Ctrl Pts',(-7.5881280129462,52.0849454586777,18.1721233234476));
#7616=CARTESIAN_POINT('Ctrl Pts',(-7.64854123809644,52.0787632761712,17.8644166519442));
#7617=CARTESIAN_POINT('Ctrl Pts',(-7.71009231011008,52.0828474713432,17.5606608135106));
#7618=CARTESIAN_POINT('Ctrl Pts',(-7.74102714326476,52.0872598881028,17.4098929542367));
#7619=CARTESIAN_POINT('Ctrl Pts',(-7.77205195549471,52.0937015789322,17.2600628712357));
#7620=CARTESIAN_POINT('Ctrl Pts',(-7.80303787473795,52.1018493606818,17.1110481604315));
#7621=CARTESIAN_POINT('Ctrl Pts',(-5.24217617057638,53.7641239765421,29.5822019293657));
#7622=CARTESIAN_POINT('Ctrl Pts',(-5.28538020083651,53.7669600269152,29.4333593687686));
#7623=CARTESIAN_POINT('Ctrl Pts',(-5.32637936658867,53.7670441835339,29.2831370998017));
#7624=CARTESIAN_POINT('Ctrl Pts',(-5.36459488371078,53.7645005813386,29.131065964469));
#7625=CARTESIAN_POINT('Ctrl Pts',(-5.41726803374136,53.7564285979809,28.900181759333));
#7626=CARTESIAN_POINT('Ctrl Pts',(-5.46347571463755,53.7403154939722,28.6657787131808));
#7627=CARTESIAN_POINT('Ctrl Pts',(-5.47806153217177,53.7341873903081,28.5871201463838));
#7628=CARTESIAN_POINT('Ctrl Pts',(-5.50403765315308,53.7200231779733,28.4277473252084));
#7629=CARTESIAN_POINT('Ctrl Pts',(-5.52542300313359,53.701529551414,28.2660049048378));
#7630=CARTESIAN_POINT('Ctrl Pts',(-5.53535964066875,53.6913046790868,28.1848463244997));
#7631=CARTESIAN_POINT('Ctrl Pts',(-5.56367335764437,53.6593760251772,27.9404613026024));
#7632=CARTESIAN_POINT('Ctrl Pts',(-5.58809308318852,53.6242243885918,27.6940875581613));
#7633=CARTESIAN_POINT('Ctrl Pts',(-5.6034071021547,53.6006019183915,27.5296192150891));
#7634=CARTESIAN_POINT('Ctrl Pts',(-5.63415356763951,53.5543884396337,27.2023799873432));
#7635=CARTESIAN_POINT('Ctrl Pts',(-5.66578629272029,53.510030242492,26.8788921798051));
#7636=CARTESIAN_POINT('Ctrl Pts',(-5.68200693039796,53.4882979153659,26.7182354973754));
#7637=CARTESIAN_POINT('Ctrl Pts',(-5.73115275315157,53.4233842917382,26.238774657616));
#7638=CARTESIAN_POINT('Ctrl Pts',(-5.78100490538801,53.3579180892264,25.7655353570532));
#7639=CARTESIAN_POINT('Ctrl Pts',(-5.81365936998716,53.312637416039,25.4513948396729));
#7640=CARTESIAN_POINT('Ctrl Pts',(-5.87793169353009,53.2184548936878,24.8241735255082));
#7641=CARTESIAN_POINT('Ctrl Pts',(-5.94150124935748,53.1168579630153,24.1984938114935));
#7642=CARTESIAN_POINT('Ctrl Pts',(-5.97342284482137,53.0641934111039,23.8858417445621));
#7643=CARTESIAN_POINT('Ctrl Pts',(-6.03807037726231,52.9556984432755,23.2605573565449));
#7644=CARTESIAN_POINT('Ctrl Pts',(-6.10511729644316,52.84154060644,22.6346979537817));
#7645=CARTESIAN_POINT('Ctrl Pts',(-6.13944563637524,52.7832366126851,22.3214942186692));
#7646=CARTESIAN_POINT('Ctrl Pts',(-6.21026907373863,52.664162015665,21.6940352166552));
#7647=CARTESIAN_POINT('Ctrl Pts',(-6.28621404169014,52.5406885696468,21.0635101660815));
#7648=CARTESIAN_POINT('Ctrl Pts',(-6.3256472380549,52.4780071592364,20.7473121237142));
#7649=CARTESIAN_POINT('Ctrl Pts',(-6.38724758956907,52.3831573865963,20.2711793759188));
#7650=CARTESIAN_POINT('Ctrl Pts',(-6.45299632733561,52.2933049063206,19.7953451181888));
#7651=CARTESIAN_POINT('Ctrl Pts',(-6.47545848735815,52.2642535885815,19.637025570905));
#7652=CARTESIAN_POINT('Ctrl Pts',(-6.50390568418774,52.2296527886653,19.439579178535));
#7653=CARTESIAN_POINT('Ctrl Pts',(-6.53344107978383,52.197935092819,19.2436078153147));
#7654=CARTESIAN_POINT('Ctrl Pts',(-6.53939941602013,52.1917149166995,19.2044867164599));
#7655=CARTESIAN_POINT('Ctrl Pts',(-6.55144766140646,52.1795406148401,19.1264520841273));
#7656=CARTESIAN_POINT('Ctrl Pts',(-6.56384556047056,52.1679683321014,19.0491747919346));
#7657=CARTESIAN_POINT('Ctrl Pts',(-6.57014946281123,52.1623478945993,19.0107918776903));
#7658=CARTESIAN_POINT('Ctrl Pts',(-6.58950237102421,52.1460857362246,18.8970419506613));
#7659=CARTESIAN_POINT('Ctrl Pts',(-6.60979084588583,52.1315509890834,18.7860171172468));
#7660=CARTESIAN_POINT('Ctrl Pts',(-6.62251892772863,52.1222069428805,18.7085393292395));
#7661=CARTESIAN_POINT('Ctrl Pts',(-6.65614813201018,52.0943256142054,18.4568069636002));
#7662=CARTESIAN_POINT('Ctrl Pts',(-6.69529825064587,52.0739695039248,18.2150338486771));
#7663=CARTESIAN_POINT('Ctrl Pts',(-6.72375514750991,52.0643170515856,18.0645556851631));
#7664=CARTESIAN_POINT('Ctrl Pts',(-6.77865070537077,52.0497575730384,17.7561650718978));
#7665=CARTESIAN_POINT('Ctrl Pts',(-6.83488614205946,52.0459401442289,17.4518428291846));
#7666=CARTESIAN_POINT('Ctrl Pts',(-6.86328532042978,52.0465397765052,17.3006595863951));
#7667=CARTESIAN_POINT('Ctrl Pts',(-6.89183304838468,52.0493872116906,17.1503589027383));
#7668=CARTESIAN_POINT('Ctrl Pts',(-6.92043028451038,52.054215505037,17.0008339852922));
#7669=CARTESIAN_POINT('Ctrl Pts',(-4.6131535069608,54.333872489332,29.446663946308));
#7670=CARTESIAN_POINT('Ctrl Pts',(-4.6500861964915,54.3293676023347,29.2951021544933));
#7671=CARTESIAN_POINT('Ctrl Pts',(-4.68463452699117,54.3209685110973,29.1423992989027));
#7672=CARTESIAN_POINT('Ctrl Pts',(-4.71686638307745,54.3082839785232,28.9888482222963));
#7673=CARTESIAN_POINT('Ctrl Pts',(-4.75972445321443,54.2836826138305,28.7550797678813));
#7674=CARTESIAN_POINT('Ctrl Pts',(-4.79282121617033,54.2508747849224,28.5165563753357));
#7675=CARTESIAN_POINT('Ctrl Pts',(-4.8028787018158,54.2386691683752,28.4367977320651));
#7676=CARTESIAN_POINT('Ctrl Pts',(-4.82263058494099,54.2132494669433,28.2778652772357));
#7677=CARTESIAN_POINT('Ctrl Pts',(-4.84052204949672,54.1864500008614,28.1185077175309));
#7678=CARTESIAN_POINT('Ctrl Pts',(-4.84875300714129,54.172602650494,28.038454399722));
#7679=CARTESIAN_POINT('Ctrl Pts',(-4.87152992843508,54.1293219629388,27.7975261154444));
#7680=CARTESIAN_POINT('Ctrl Pts',(-4.89020048515207,54.0824130037154,27.5550649973425));
#7681=CARTESIAN_POINT('Ctrl Pts',(-4.90205264957514,54.0503578403557,27.3933997491729));
#7682=CARTESIAN_POINT('Ctrl Pts',(-4.92505602109746,53.9856452500544,27.0704146225367));
#7683=CARTESIAN_POINT('Ctrl Pts',(-4.94792993990295,53.9208764281475,26.7491137334167));
#7684=CARTESIAN_POINT('Ctrl Pts',(-4.95962788891458,53.8887553883367,26.5891141634119));
#7685=CARTESIAN_POINT('Ctrl Pts',(-4.99563101748605,53.7930796117625,26.1110970042954));
#7686=CARTESIAN_POINT('Ctrl Pts',(-5.03399502553337,53.6985470774939,25.638353870916));
#7687=CARTESIAN_POINT('Ctrl Pts',(-5.06023913443106,53.6351407847957,25.3248971129328));
#7688=CARTESIAN_POINT('Ctrl Pts',(-5.11298612648947,53.5049623752119,24.6998209769821));
#7689=CARTESIAN_POINT('Ctrl Pts',(-5.1667104242325,53.3683283342305,24.0770642610843));
#7690=CARTESIAN_POINT('Ctrl Pts',(-5.19388968148165,53.2984160336862,23.7658670114636));
#7691=CARTESIAN_POINT('Ctrl Pts',(-5.24950092593041,53.1567503228682,23.1435271071088));
#7692=CARTESIAN_POINT('Ctrl Pts',(-5.30820880862101,53.0116516268478,22.5206047710856));
#7693=CARTESIAN_POINT('Ctrl Pts',(-5.33849965653541,52.9383501909581,22.2088331670039));
#7694=CARTESIAN_POINT('Ctrl Pts',(-5.40110765477223,52.7898270427699,21.5841512262429));
#7695=CARTESIAN_POINT('Ctrl Pts',(-5.46822605527791,52.6378682797469,20.9563507422224));
#7696=CARTESIAN_POINT('Ctrl Pts',(-5.50310696418952,52.5614228677436,20.6415591788346));
#7697=CARTESIAN_POINT('Ctrl Pts',(-5.55694072525402,52.4441004184688,20.1671895047923));
#7698=CARTESIAN_POINT('Ctrl Pts',(-5.61412386229677,52.3291227575406,19.6914208307995));
#7699=CARTESIAN_POINT('Ctrl Pts',(-5.63357814688004,52.2914066708007,19.5326350835984));
#7700=CARTESIAN_POINT('Ctrl Pts',(-5.65882702090367,52.2461109724775,19.3348749277681));
#7701=CARTESIAN_POINT('Ctrl Pts',(-5.68482106183024,52.2045963716693,19.1383818564363));
#7702=CARTESIAN_POINT('Ctrl Pts',(-5.69004466187369,52.1964580317493,19.0991298257428));
#7703=CARTESIAN_POINT('Ctrl Pts',(-5.70052229577578,52.1805314651777,19.0206650370911));
#7704=CARTESIAN_POINT('Ctrl Pts',(-5.71100685077063,52.1653038232476,18.9418984558057));
#7705=CARTESIAN_POINT('Ctrl Pts',(-5.71624036287672,52.1578665194295,18.9023622388111));
#7706=CARTESIAN_POINT('Ctrl Pts',(-5.73183047748265,52.1360286433168,18.7826232210721));
#7707=CARTESIAN_POINT('Ctrl Pts',(-5.74736024792511,52.1157888655078,18.6605875899646));
#7708=CARTESIAN_POINT('Ctrl Pts',(-5.75867645923301,52.1035300367669,18.5824335162491));
#7709=CARTESIAN_POINT('Ctrl Pts',(-5.79594243200384,52.0707762457743,18.3607754177279));
#7710=CARTESIAN_POINT('Ctrl Pts',(-5.83024088668977,52.0447405207036,18.1279665046223));
#7711=CARTESIAN_POINT('Ctrl Pts',(-5.85363181368765,52.030577814165,17.9698675232887));
#7712=CARTESIAN_POINT('Ctrl Pts',(-5.90309817401265,52.0094086428599,17.6620899958098));
#7713=CARTESIAN_POINT('Ctrl Pts',(-5.95458925367078,52.0001970728263,17.3583005812188));
#7714=CARTESIAN_POINT('Ctrl Pts',(-5.98068525027378,51.9982895667801,17.207186128124));
#7715=CARTESIAN_POINT('Ctrl Pts',(-6.007026925681,51.998812023812,17.0568139726682));
#7716=CARTESIAN_POINT('Ctrl Pts',(-6.03349871367178,52.0015029818891,16.9071007145023));
#7717=CARTESIAN_POINT('Ctrl Pts',(-4.27667085523366,54.5910656718329,29.3763431802381));
#7718=CARTESIAN_POINT('Ctrl Pts',(-4.31037259494207,54.5827388090774,29.223834987207));
#7719=CARTESIAN_POINT('Ctrl Pts',(-4.34159363007881,54.5700341539688,29.0702576986253));
#7720=CARTESIAN_POINT('Ctrl Pts',(-4.3690585588374,54.5525529853529,28.9134828774952));
#7721=CARTESIAN_POINT('Ctrl Pts',(-4.40460467150418,54.5229931056455,28.6790148620008));
#7722=CARTESIAN_POINT('Ctrl Pts',(-4.43605488389614,54.4831815938793,28.4440400062434));
#7723=CARTESIAN_POINT('Ctrl Pts',(-4.44584809135289,54.4687298834128,28.3652599279365));
#7724=CARTESIAN_POINT('Ctrl Pts',(-4.46361982848986,54.4382447668754,28.2068469594088));
#7725=CARTESIAN_POINT('Ctrl Pts',(-4.47848723493455,54.4050909587543,28.0472212583935));
#7726=CARTESIAN_POINT('Ctrl Pts',(-4.48532268631043,54.3880060874947,27.9672042821582));
#7727=CARTESIAN_POINT('Ctrl Pts',(-4.50452224221134,54.3355465219587,27.7267469749536));
#7728=CARTESIAN_POINT('Ctrl Pts',(-4.52068769591319,54.2804335970725,27.4854894696328));
#7729=CARTESIAN_POINT('Ctrl Pts',(-4.53095181424152,54.2433776258954,27.3246737784222));
#7730=CARTESIAN_POINT('Ctrl Pts',(-4.55134851058914,54.1698253904954,27.0035722928327));
#7731=CARTESIAN_POINT('Ctrl Pts',(-4.5720629731977,54.097232417804,26.6840658775024));
#7732=CARTESIAN_POINT('Ctrl Pts',(-4.5826444860508,54.0611596545675,26.5248444856226));
#7733=CARTESIAN_POINT('Ctrl Pts',(-4.61505455699308,53.9533319160625,26.0487764653362));
#7734=CARTESIAN_POINT('Ctrl Pts',(-4.64952274899909,53.8463175865968,25.5771425183306));
#7735=CARTESIAN_POINT('Ctrl Pts',(-4.67344568655258,53.7750581077104,25.2643240689984));
#7736=CARTESIAN_POINT('Ctrl Pts',(-4.72190689546783,53.6288927992642,24.6406452338125));
#7737=CARTESIAN_POINT('Ctrl Pts',(-4.77181214676355,53.476233063773,24.0194879311693));
#7738=CARTESIAN_POINT('Ctrl Pts',(-4.79717555316239,53.3985845511987,23.7091406980938));
#7739=CARTESIAN_POINT('Ctrl Pts',(-4.84937375233114,53.2423694860289,23.0885294137035));
#7740=CARTESIAN_POINT('Ctrl Pts',(-4.90494708575498,53.0842262544513,22.4674637566841));
#7741=CARTESIAN_POINT('Ctrl Pts',(-4.93371803632042,53.0047657765447,22.156668290964));
#7742=CARTESIAN_POINT('Ctrl Pts',(-4.99287414012393,52.8436380811017,21.5338247145824));
#7743=CARTESIAN_POINT('Ctrl Pts',(-5.05629194720282,52.6808171644892,20.90818359939));
#7744=CARTESIAN_POINT('Ctrl Pts',(-5.08948951616707,52.6005817864647,20.5948523950308));
#7745=CARTESIAN_POINT('Ctrl Pts',(-5.13976940318462,52.4743362578728,20.1216217729915));
#7746=CARTESIAN_POINT('Ctrl Pts',(-5.19173578750544,52.346413562587,19.645515579966));
#7747=CARTESIAN_POINT('Ctrl Pts',(-5.20966101775177,52.3041466318421,19.4865539985541));
#7748=CARTESIAN_POINT('Ctrl Pts',(-5.23130414599744,52.2530014429563,19.2884961230938));
#7749=CARTESIAN_POINT('Ctrl Pts',(-5.25347009390567,52.205675383299,19.0911567279245));
#7750=CARTESIAN_POINT('Ctrl Pts',(-5.25794409186727,52.1963813466856,19.0517171002762));
#7751=CARTESIAN_POINT('Ctrl Pts',(-5.2670823902864,52.1781536370417,18.9728649244293));
#7752=CARTESIAN_POINT('Ctrl Pts',(-5.27676801204837,52.1606859163584,18.8939963469433));
#7753=CARTESIAN_POINT('Ctrl Pts',(-5.28179301950429,52.1521518614656,18.8545370659784));
#7754=CARTESIAN_POINT('Ctrl Pts',(-5.29729290868966,52.1273233021012,18.7362181584678));
#7755=CARTESIAN_POINT('Ctrl Pts',(-5.31363234016779,52.1049744942119,18.6183839742188));
#7756=CARTESIAN_POINT('Ctrl Pts',(-5.32451288361664,52.0913041380594,18.5402816579934));
#7757=CARTESIAN_POINT('Ctrl Pts',(-5.35743411013402,52.0535859330338,18.3067719531733));
#7758=CARTESIAN_POINT('Ctrl Pts',(-5.39148803314065,52.0253759717308,18.0755700862303));
#7759=CARTESIAN_POINT('Ctrl Pts',(-5.41498774801019,52.0103180338161,17.9221787489814));
#7760=CARTESIAN_POINT('Ctrl Pts',(-5.46303245813177,51.986953632208,17.6167771196022));
#7761=CARTESIAN_POINT('Ctrl Pts',(-5.51283288536524,51.9758540080807,17.3139542551391));
#7762=CARTESIAN_POINT('Ctrl Pts',(-5.53805664362601,51.9730589242908,17.1631509827473));
#7763=CARTESIAN_POINT('Ctrl Pts',(-5.56350060695478,51.9727497921026,17.0129425747622));
#7764=CARTESIAN_POINT('Ctrl Pts',(-5.58906937499233,51.9746708790093,16.8632900482472));
#7765=CARTESIAN_POINT('Ctrl Pts',(-3.56470209928327,55.0471248924913,29.233460226748));
#7766=CARTESIAN_POINT('Ctrl Pts',(-3.59182787141378,55.0311174671804,29.0794455324824));
#7767=CARTESIAN_POINT('Ctrl Pts',(-3.61625449841067,55.0093856996208,28.9248918334951));
#7768=CARTESIAN_POINT('Ctrl Pts',(-3.64203236572875,54.980914577356,28.7732293423649));
#7769=CARTESIAN_POINT('Ctrl Pts',(-3.66737655281661,54.9275843567472,28.537447483516));
#7770=CARTESIAN_POINT('Ctrl Pts',(-3.68276052396328,54.8653184568167,28.2978896629256));
#7771=CARTESIAN_POINT('Ctrl Pts',(-3.68773888467276,54.8438629624982,28.2182859860249));
#7772=CARTESIAN_POINT('Ctrl Pts',(-3.69759859723471,54.8001827219436,28.0592369527937));
#7773=CARTESIAN_POINT('Ctrl Pts',(-3.70730505276705,54.7557942533706,27.9003679123162));
#7774=CARTESIAN_POINT('Ctrl Pts',(-3.712136643063,54.7336314651158,27.8209345075256));
#7775=CARTESIAN_POINT('Ctrl Pts',(-3.72661222886418,54.6675916997229,27.5826789163724));
#7776=CARTESIAN_POINT('Ctrl Pts',(-3.74124421687505,54.6032157041059,27.3446954634935));
#7777=CARTESIAN_POINT('Ctrl Pts',(-3.75125480519183,54.5613424768706,27.1862912745057));
#7778=CARTESIAN_POINT('Ctrl Pts',(-3.77091036211173,54.4767977310425,26.8701000300883));
#7779=CARTESIAN_POINT('Ctrl Pts',(-3.79008091408804,54.3908379503184,26.5551844553096));
#7780=CARTESIAN_POINT('Ctrl Pts',(-3.79960204433923,54.3475080506138,26.3980558154967));
#7781=CARTESIAN_POINT('Ctrl Pts',(-3.82862864451145,54.2178468512787,25.9276271795106));
#7782=CARTESIAN_POINT('Ctrl Pts',(-3.85937824960195,54.0895381310904,25.4599350657155));
#7783=CARTESIAN_POINT('Ctrl Pts',(-3.88100275839773,54.0053017938748,25.149208103966));
#7784=CARTESIAN_POINT('Ctrl Pts',(-3.92440836435424,53.8326889200434,24.5293616062415));
#7785=CARTESIAN_POINT('Ctrl Pts',(-3.96905043605068,53.6539622042876,23.9116485551326));
#7786=CARTESIAN_POINT('Ctrl Pts',(-3.99175918145157,53.563444442776,23.6030260288841));
#7787=CARTESIAN_POINT('Ctrl Pts',(-4.03889248973195,53.3830227591444,22.9858228196612));
#7788=CARTESIAN_POINT('Ctrl Pts',(-4.08963789366866,53.2030661733612,22.3683907522073));
#7789=CARTESIAN_POINT('Ctrl Pts',(-4.11610912374527,53.1133933201831,22.059685592753));
#7790=CARTESIAN_POINT('Ctrl Pts',(-4.17009358892077,52.9313526227275,21.4411550062164));
#7791=CARTESIAN_POINT('Ctrl Pts',(-4.22578817159853,52.745135636032,20.8191858615739));
#7792=CARTESIAN_POINT('Ctrl Pts',(-4.25495365928448,52.6538282759649,20.50778209019));
#7793=CARTESIAN_POINT('Ctrl Pts',(-4.30181219416379,52.5243142993552,20.0413394689895));
#7794=CARTESIAN_POINT('Ctrl Pts',(-4.34513511799631,52.3773967274269,19.5675176487566));
#7795=CARTESIAN_POINT('Ctrl Pts',(-4.35855180673278,52.3251961799011,19.408379864765));
#7796=CARTESIAN_POINT('Ctrl Pts',(-4.37669447990645,52.2593188920907,19.2084193070525));
#7797=CARTESIAN_POINT('Ctrl Pts',(-4.39644190531299,52.1992019128335,19.0095270119512));
#7798=CARTESIAN_POINT('Ctrl Pts',(-4.40045103151822,52.1874674413699,18.9698100888578));
#7799=CARTESIAN_POINT('Ctrl Pts',(-4.40853779154313,52.1647156772353,18.8905351428811));
#7800=CARTESIAN_POINT('Ctrl Pts',(-4.41669408067159,52.1436052693872,18.811666272163));
#7801=CARTESIAN_POINT('Ctrl Pts',(-4.42076965046755,52.1335134013754,18.7723581206407));
#7802=CARTESIAN_POINT('Ctrl Pts',(-4.4331211920805,52.1045439894497,18.6547386977357));
#7803=CARTESIAN_POINT('Ctrl Pts',(-4.44618210528972,52.0792654435915,18.5378326499321));
#7804=CARTESIAN_POINT('Ctrl Pts',(-4.45549623807248,52.0638519584477,18.460063235565));
#7805=CARTESIAN_POINT('Ctrl Pts',(-4.48465369991101,52.0214569923624,18.2274116950172));
#7806=CARTESIAN_POINT('Ctrl Pts',(-4.51670053825336,51.9896767368058,17.9964491005247));
#7807=CARTESIAN_POINT('Ctrl Pts',(-4.53859740198528,51.9723906896321,17.8431117282553));
#7808=CARTESIAN_POINT('Ctrl Pts',(-4.58343253264054,51.9449485215268,17.537713578698));
#7809=CARTESIAN_POINT('Ctrl Pts',(-4.62977614439964,51.930346752307,17.2346946723991));
#7810=CARTESIAN_POINT('Ctrl Pts',(-4.65321506735396,51.9259209004335,17.0837439223598));
#7811=CARTESIAN_POINT('Ctrl Pts',(-4.67684598392771,51.9241008191713,16.9333202899442));
#7812=CARTESIAN_POINT('Ctrl Pts',(-4.70059445081565,51.924636337176,16.7833927149403));
#7813=CARTESIAN_POINT('Ctrl Pts',(-2.7857962897828,55.3702272588203,29.0951706830844));
#7814=CARTESIAN_POINT('Ctrl Pts',(-2.8069390182628,55.3452373925092,28.9401262726948));
#7815=CARTESIAN_POINT('Ctrl Pts',(-2.82483629579,55.3133805535741,28.7844237283267));
#7816=CARTESIAN_POINT('Ctrl Pts',(-2.83253704676265,55.2759119921884,28.6240176117035));
#7817=CARTESIAN_POINT('Ctrl Pts',(-2.84815850797115,55.1974540436,28.3908285716563));
#7818=CARTESIAN_POINT('Ctrl Pts',(-2.86220347824535,55.1108064304913,28.1580627498779));
#7819=CARTESIAN_POINT('Ctrl Pts',(-2.86606743800131,55.0820439157735,28.0799112501474));
#7820=CARTESIAN_POINT('Ctrl Pts',(-2.8736741576949,55.025937464817,27.923305294777));
#7821=CARTESIAN_POINT('Ctrl Pts',(-2.8819949144649,54.9739530389345,27.766409585201));
#7822=CARTESIAN_POINT('Ctrl Pts',(-2.88663138189755,54.9493119709352,27.6880064125779));
#7823=CARTESIAN_POINT('Ctrl Pts',(-2.90187272357256,54.8788099066121,27.4529914308194));
#7824=CARTESIAN_POINT('Ctrl Pts',(-2.9196732775343,54.8146119165703,27.2186459379817));
#7825=CARTESIAN_POINT('Ctrl Pts',(-2.93112752387975,54.7704067449674,27.0627835102984));
#7826=CARTESIAN_POINT('Ctrl Pts',(-2.95228054648149,54.6776322988554,26.7515588601048));
#7827=CARTESIAN_POINT('Ctrl Pts',(-2.9716980662833,54.5808216567146,26.4411021354786));
#7828=CARTESIAN_POINT('Ctrl Pts',(-2.98122236257579,54.5321219021069,26.2860093996367));
#7829=CARTESIAN_POINT('Ctrl Pts',(-3.01030447371279,54.3867725745005,25.8212407523519));
#7830=CARTESIAN_POINT('Ctrl Pts',(-3.04110061786207,54.243998932126,25.3579291243293));
#7831=CARTESIAN_POINT('Ctrl Pts',(-3.06205496326256,54.1497332727079,25.0495881704931));
#7832=CARTESIAN_POINT('Ctrl Pts',(-3.10390406734309,53.9587227352795,24.4338052194396));
#7833=CARTESIAN_POINT('Ctrl Pts',(-3.14657168873826,53.7639595757051,23.8192423031895));
#7834=CARTESIAN_POINT('Ctrl Pts',(-3.16820110766382,53.6656071572618,23.5121157330313));
#7835=CARTESIAN_POINT('Ctrl Pts',(-3.21285389317685,53.4693357010112,22.8978662913838));
#7836=CARTESIAN_POINT('Ctrl Pts',(-3.26033917234121,53.2730987719651,22.283309162504));
#7837=CARTESIAN_POINT('Ctrl Pts',(-3.28488902610226,53.1749833762343,21.9759691756577));
#7838=CARTESIAN_POINT('Ctrl Pts',(-3.33467771659499,52.9760875541752,21.360284134877));
#7839=CARTESIAN_POINT('Ctrl Pts',(-3.38551361518618,52.7720278293725,20.7415932646897));
#7840=CARTESIAN_POINT('Ctrl Pts',(-3.41167362773724,52.6707279614858,20.4318152916546));
#7841=CARTESIAN_POINT('Ctrl Pts',(-3.45198488390049,52.5171249999668,19.9657807593416));
#7842=CARTESIAN_POINT('Ctrl Pts',(-3.49035809634258,52.358002469702,19.4958518351387));
#7843=CARTESIAN_POINT('Ctrl Pts',(-3.50293731173861,52.304494880625,19.3388871321684));
#7844=CARTESIAN_POINT('Ctrl Pts',(-3.51766903123632,52.2390712311078,19.1421738271306));
#7845=CARTESIAN_POINT('Ctrl Pts',(-3.53450835113275,52.1801396909773,18.9453907004502));
#7846=CARTESIAN_POINT('Ctrl Pts',(-3.53798937753734,52.1686599564397,18.9060437892166));
#7847=CARTESIAN_POINT('Ctrl Pts',(-3.54522578751733,52.1464031715502,18.8274405523987));
#7848=CARTESIAN_POINT('Ctrl Pts',(-3.55304886053591,52.1255404494665,18.7490255696577));
#7849=CARTESIAN_POINT('Ctrl Pts',(-3.55711930856891,52.1154555083836,18.7098657528682));
#7850=CARTESIAN_POINT('Ctrl Pts',(-3.56970153647176,52.086224956197,18.5925166830596));
#7851=CARTESIAN_POINT('Ctrl Pts',(-3.58309759641326,52.0599833445162,18.4755470913012));
#7852=CARTESIAN_POINT('Ctrl Pts',(-3.59212501491553,52.0437275831824,18.3976950025489));
#7853=CARTESIAN_POINT('Ctrl Pts',(-3.61960338513594,51.9985099142177,18.1645251470081));
#7854=CARTESIAN_POINT('Ctrl Pts',(-3.64830872601415,51.9634648221123,17.9327176519772));
#7855=CARTESIAN_POINT('Ctrl Pts',(-3.66805698625967,51.9441834241616,17.7788909067902));
#7856=CARTESIAN_POINT('Ctrl Pts',(-3.7084866400379,51.9129820160138,17.4724609491035));
#7857=CARTESIAN_POINT('Ctrl Pts',(-3.75046599982499,51.8951944779878,17.1683958757684));
#7858=CARTESIAN_POINT('Ctrl Pts',(-3.77175375841545,51.8893231581078,17.0169204555371));
#7859=CARTESIAN_POINT('Ctrl Pts',(-3.79326170801077,51.8861931169262,16.8659716761375));
#7860=CARTESIAN_POINT('Ctrl Pts',(-3.81492331374295,51.8855500805028,16.7155178556132));
#7861=CARTESIAN_POINT('Ctrl Pts',(-2.38447585010055,55.4938466702203,29.0300255803002));
#7862=CARTESIAN_POINT('Ctrl Pts',(-2.4036966629407,55.4637573395797,28.8748368597895));
#7863=CARTESIAN_POINT('Ctrl Pts',(-2.41991463244622,55.4267302338026,28.7194152666374));
#7864=CARTESIAN_POINT('Ctrl Pts',(-2.4332972519221,55.3817633656389,28.5643897020527));
#7865=CARTESIAN_POINT('Ctrl Pts',(-2.44768998454629,55.3061909287618,28.3312133155333));
#7866=CARTESIAN_POINT('Ctrl Pts',(-2.45961941142323,55.2245707388632,28.097877894916));
#7867=CARTESIAN_POINT('Ctrl Pts',(-2.46350297174764,55.1970191277388,28.0200890360423));
#7868=CARTESIAN_POINT('Ctrl Pts',(-2.47126357163851,55.1418364515861,27.8645001939215));
#7869=CARTESIAN_POINT('Ctrl Pts',(-2.4792811912396,55.0871806113793,27.7089392975725));
#7870=CARTESIAN_POINT('Ctrl Pts',(-2.48341902448793,55.0601610241389,27.6311775300196));
#7871=CARTESIAN_POINT('Ctrl Pts',(-2.49627711644602,54.9801710859003,27.3979850962425));
#7872=CARTESIAN_POINT('Ctrl Pts',(-2.51035416841205,54.9031581528966,27.1651184412699));
#7873=CARTESIAN_POINT('Ctrl Pts',(-2.5201542638186,54.8528774577345,27.0100604217448));
#7874=CARTESIAN_POINT('Ctrl Pts',(-2.53979129976165,54.7526704456084,26.7002426273449));
#7875=CARTESIAN_POINT('Ctrl Pts',(-2.55939588667938,54.6527254212358,26.3910178555927));
#7876=CARTESIAN_POINT('Ctrl Pts',(-2.56913343681026,54.6026411159298,26.2365485878338));
#7877=CARTESIAN_POINT('Ctrl Pts',(-2.59845443254228,54.4525622477121,25.7735618346499));
#7878=CARTESIAN_POINT('Ctrl Pts',(-2.6283427918733,54.3032377467905,25.3117627213831));
#7879=CARTESIAN_POINT('Ctrl Pts',(-2.64875994753236,54.2043397607813,25.0043565384303));
#7880=CARTESIAN_POINT('Ctrl Pts',(-2.68986322332019,54.005391108779,24.3902540508454));
#7881=CARTESIAN_POINT('Ctrl Pts',(-2.73194318883465,53.8041628744128,23.777072873525));
#7882=CARTESIAN_POINT('Ctrl Pts',(-2.75328765834088,53.7029168163024,23.4705802273952));
#7883=CARTESIAN_POINT('Ctrl Pts',(-2.797069314736,53.500337757721,22.8575752170511));
#7884=CARTESIAN_POINT('Ctrl Pts',(-2.84306059460011,53.296887992806,22.2440904678671));
#7885=CARTESIAN_POINT('Ctrl Pts',(-2.86663297952303,53.1948231746648,21.9371284854839));
#7886=CARTESIAN_POINT('Ctrl Pts',(-2.91448038561126,52.988577231095,21.322280984787));
#7887=CARTESIAN_POINT('Ctrl Pts',(-2.96351075386837,52.7768665715763,20.7047301616432));
#7888=CARTESIAN_POINT('Ctrl Pts',(-2.98832455691258,52.6697935677025,20.3951793289506));
#7889=CARTESIAN_POINT('Ctrl Pts',(-3.02567680651284,52.5046236081799,19.9288396487302));
#7890=CARTESIAN_POINT('Ctrl Pts',(-3.06288617958099,52.34333425975,19.45935278791));
#7891=CARTESIAN_POINT('Ctrl Pts',(-3.07472859154543,52.2905548922256,19.3023139644658));
#7892=CARTESIAN_POINT('Ctrl Pts',(-3.09067045088164,52.2278622371883,19.1064132195313));
#7893=CARTESIAN_POINT('Ctrl Pts',(-3.10809545223123,52.1711744424818,18.9108763181931));
#7894=CARTESIAN_POINT('Ctrl Pts',(-3.11164052407617,52.1600954628452,18.871783007847));
#7895=CARTESIAN_POINT('Ctrl Pts',(-3.11902197474658,52.1384886335713,18.7936777713318));
#7896=CARTESIAN_POINT('Ctrl Pts',(-3.12690189876615,52.1180078422621,18.715739501039));
#7897=CARTESIAN_POINT('Ctrl Pts',(-3.13094844799004,52.108055189775,18.6768138321988));
#7898=CARTESIAN_POINT('Ctrl Pts',(-3.14323820876904,52.0790568331605,18.5601333155726));
#7899=CARTESIAN_POINT('Ctrl Pts',(-3.15584610579823,52.0526281728073,18.4437045741226));
#7900=CARTESIAN_POINT('Ctrl Pts',(-3.16426211326377,52.0361410466559,18.3661586339779));
#7901=CARTESIAN_POINT('Ctrl Pts',(-3.18986935082647,51.9900126202745,18.1337920121679));
#7902=CARTESIAN_POINT('Ctrl Pts',(-3.21657662063937,51.9536110680906,17.9023228398294));
#7903=CARTESIAN_POINT('Ctrl Pts',(-3.23500732348816,51.9334211696166,17.7485036497954));
#7904=CARTESIAN_POINT('Ctrl Pts',(-3.27284161469503,51.9004825506325,17.441928602883));
#7905=CARTESIAN_POINT('Ctrl Pts',(-3.3123349088807,51.8811840251755,17.1374708291386));
#7906=CARTESIAN_POINT('Ctrl Pts',(-3.33241107179064,51.8746289420218,16.9857714698232));
#7907=CARTESIAN_POINT('Ctrl Pts',(-3.35273774013422,51.8708797771276,16.834580304211));
#7908=CARTESIAN_POINT('Ctrl Pts',(-3.37324957337679,51.8696806320597,16.6838739890272));
#7909=CARTESIAN_POINT('Ctrl Pts',(-1.55784687731602,55.6924517045915,28.9151562396908));
#7910=CARTESIAN_POINT('Ctrl Pts',(-1.57318385222828,55.654549367505,28.7613667809419));
#7911=CARTESIAN_POINT('Ctrl Pts',(-1.58719067189741,55.6098105841007,28.6080252326172));
#7912=CARTESIAN_POINT('Ctrl Pts',(-1.59889408994276,55.5584520918299,28.4535632350613));
#7913=CARTESIAN_POINT('Ctrl Pts',(-1.6159888053634,55.4749266032637,28.2232070918371));
#7914=CARTESIAN_POINT('Ctrl Pts',(-1.63069205614981,55.3861781419447,27.9932389555076));
#7915=CARTESIAN_POINT('Ctrl Pts',(-1.63536094863247,55.3562408406194,27.9166013610302));
#7916=CARTESIAN_POINT('Ctrl Pts',(-1.64439844797668,55.2960516089847,27.7633125970269));
#7917=CARTESIAN_POINT('Ctrl Pts',(-1.65302248570369,55.2358689830662,27.6099236093457));
#7918=CARTESIAN_POINT('Ctrl Pts',(-1.65728191103778,55.2059379236171,27.5331857648375));
#7919=CARTESIAN_POINT('Ctrl Pts',(-1.67001351624971,55.1169460725165,27.302822053394));
#7920=CARTESIAN_POINT('Ctrl Pts',(-1.68283715120314,55.0307025620162,27.0720701005252));
#7921=CARTESIAN_POINT('Ctrl Pts',(-1.69163902689742,54.9747277609515,26.9181272030277));
#7922=CARTESIAN_POINT('Ctrl Pts',(-1.70971655502379,54.8645515141574,26.6103841920238));
#7923=CARTESIAN_POINT('Ctrl Pts',(-1.72853013100396,54.7569943981254,26.3029797779442));
#7924=CARTESIAN_POINT('Ctrl Pts',(-1.73806720202675,54.7036005415513,26.1493879382557));
#7925=CARTESIAN_POINT('Ctrl Pts',(-1.76692821978402,54.5442164516085,25.6888835764178));
#7926=CARTESIAN_POINT('Ctrl Pts',(-1.79644780392447,54.3863633610852,25.229218234296));
#7927=CARTESIAN_POINT('Ctrl Pts',(-1.81634288312825,54.2810255757859,24.9231768299331));
#7928=CARTESIAN_POINT('Ctrl Pts',(-1.85660265380886,54.0700395055791,24.3116422399566));
#7929=CARTESIAN_POINT('Ctrl Pts',(-1.89782413908706,53.8582007193283,23.7005683682537));
#7930=CARTESIAN_POINT('Ctrl Pts',(-1.91869053207766,53.7519556365796,23.3950023028344));
#7931=CARTESIAN_POINT('Ctrl Pts',(-1.9611304633115,53.5391864198983,22.7837367323578));
#7932=CARTESIAN_POINT('Ctrl Pts',(-2.00495936514922,53.3253541390195,22.1717690734837));
#7933=CARTESIAN_POINT('Ctrl Pts',(-2.02720448508,53.2179407415272,21.865480111547));
#7934=CARTESIAN_POINT('Ctrl Pts',(-2.07226178444694,53.0017874615448,21.2519991339147));
#7935=CARTESIAN_POINT('Ctrl Pts',(-2.11836242890442,52.7819813233958,20.636238235193));
#7936=CARTESIAN_POINT('Ctrl Pts',(-2.14173954069578,52.6710783751408,20.3276925682277));
#7937=CARTESIAN_POINT('Ctrl Pts',(-2.17628159867276,52.4974747000024,19.8628047128098));
#7938=CARTESIAN_POINT('Ctrl Pts',(-2.21249769228263,52.330426168221,19.396840969152));
#7939=CARTESIAN_POINT('Ctrl Pts',(-2.22494279006348,52.2763566867385,19.2416147082886));
#7940=CARTESIAN_POINT('Ctrl Pts',(-2.24218151765738,52.2127881979632,19.0475842994816));
#7941=CARTESIAN_POINT('Ctrl Pts',(-2.25890410685851,52.1555312309318,18.8530690907093));
#7942=CARTESIAN_POINT('Ctrl Pts',(-2.26221325039351,52.1443447857937,18.8141455779706));
#7943=CARTESIAN_POINT('Ctrl Pts',(-2.2687228432002,52.1225179576007,18.7362504945768));
#7944=CARTESIAN_POINT('Ctrl Pts',(-2.27517628549961,52.1018039661883,18.6583081091698));
#7945=CARTESIAN_POINT('Ctrl Pts',(-2.27842745158498,52.0917304996782,18.6193368331383));
#7946=CARTESIAN_POINT('Ctrl Pts',(-2.28837120284787,52.0623680847159,18.5024670937307));
#7947=CARTESIAN_POINT('Ctrl Pts',(-2.29891164105898,52.035575000092,18.3857828832023));
#7948=CARTESIAN_POINT('Ctrl Pts',(-2.30622798047749,52.0188500878704,18.3081255453477));
#7949=CARTESIAN_POINT('Ctrl Pts',(-2.32866410415345,51.9719741381869,18.0755066361829));
#7950=CARTESIAN_POINT('Ctrl Pts',(-2.35245245072196,51.9346852411642,17.8439563483114));
#7951=CARTESIAN_POINT('Ctrl Pts',(-2.36871051313855,51.9137989641636,17.6900451705783));
#7952=CARTESIAN_POINT('Ctrl Pts',(-2.40210322697898,51.8793532168168,17.3831553157597));
#7953=CARTESIAN_POINT('Ctrl Pts',(-2.43697695040225,51.8584347457639,17.0781493463518));
#7954=CARTESIAN_POINT('Ctrl Pts',(-2.45473559911195,51.8510735349677,16.9261219897609));
#7955=CARTESIAN_POINT('Ctrl Pts',(-2.47276060860661,51.8465464441443,16.7745662987109));
#7956=CARTESIAN_POINT('Ctrl Pts',(-2.49100174864438,51.84461309495,16.6234694201481));
#7957=CARTESIAN_POINT('Ctrl Pts',(-0.712979339488869,55.7789977131798,28.8266981217555));
#7958=CARTESIAN_POINT('Ctrl Pts',(-0.725613445468931,55.7309207528668,28.6738260128623));
#7959=CARTESIAN_POINT('Ctrl Pts',(-0.737046560538266,55.6730996413393,28.5225018475056));
#7960=CARTESIAN_POINT('Ctrl Pts',(-0.748886395002117,55.6055088514324,28.3745782771049));
#7961=CARTESIAN_POINT('Ctrl Pts',(-0.764354417865637,55.5048231573301,28.1503307274983));
#7962=CARTESIAN_POINT('Ctrl Pts',(-0.779264985053925,55.4090879686927,27.9234825166566));
#7963=CARTESIAN_POINT('Ctrl Pts',(-0.784206189413582,55.3780389665531,27.8475349553448));
#7964=CARTESIAN_POINT('Ctrl Pts',(-0.794032610472772,55.3176361231237,27.6950680135904));
#7965=CARTESIAN_POINT('Ctrl Pts',(-0.803784610143982,55.2599510966344,27.5417548734306));
#7966=CARTESIAN_POINT('Ctrl Pts',(-0.808649143432981,55.231622024859,27.4649610091334));
#7967=CARTESIAN_POINT('Ctrl Pts',(-0.823215824399072,55.1473849402066,27.234433176864));
#7968=CARTESIAN_POINT('Ctrl Pts',(-0.837720411181176,55.0642442774258,27.0038563615831));
#7969=CARTESIAN_POINT('Ctrl Pts',(-0.847375105980696,55.0081991266931,26.8504809871489));
#7970=CARTESIAN_POINT('Ctrl Pts',(-0.866745408699968,54.8969007229057,26.5437996036361));
#7971=CARTESIAN_POINT('Ctrl Pts',(-0.886314682490224,54.7874265192899,26.237161213031));
#7972=CARTESIAN_POINT('Ctrl Pts',(-0.896168136597046,54.733267505003,26.0838073838456));
#7973=CARTESIAN_POINT('Ctrl Pts',(-0.92588013294478,54.5711915180418,25.6239553374332));
#7974=CARTESIAN_POINT('Ctrl Pts',(-0.95595805573579,54.4089339587175,25.1650370401222));
#7975=CARTESIAN_POINT('Ctrl Pts',(-0.976113404879455,54.2996597672027,24.8597724954252));
#7976=CARTESIAN_POINT('Ctrl Pts',(-1.01677734975648,54.0825344834443,24.2494835167746));
#7977=CARTESIAN_POINT('Ctrl Pts',(-1.05794372891414,53.8650459554787,23.6392817313226));
#7978=CARTESIAN_POINT('Ctrl Pts',(-1.07863367747368,53.7558423380909,23.3339935722346));
#7979=CARTESIAN_POINT('Ctrl Pts',(-1.1203984362517,53.5372966746341,22.7231404966196));
#7980=CARTESIAN_POINT('Ctrl Pts',(-1.16296852263558,53.3186072396643,22.1115413464765));
#7981=CARTESIAN_POINT('Ctrl Pts',(-1.18446273488335,53.2092994300127,21.8055090307133));
#7982=CARTESIAN_POINT('Ctrl Pts',(-1.22753655131109,52.9879551993976,21.1920133435849));
#7983=CARTESIAN_POINT('Ctrl Pts',(-1.27161599094156,52.7671882246884,20.5765900968669));
#7984=CARTESIAN_POINT('Ctrl Pts',(-1.29430606380576,52.6614459499021,20.2690287632829));
#7985=CARTESIAN_POINT('Ctrl Pts',(-1.32819571712338,52.4922257045811,19.8056346220022));
#7986=CARTESIAN_POINT('Ctrl Pts',(-1.36245131908694,52.3190798056103,19.3392358042583));
#7987=CARTESIAN_POINT('Ctrl Pts',(-1.37429424648122,52.261678022379,19.1835078983425));
#7988=CARTESIAN_POINT('Ctrl Pts',(-1.38701093866638,52.1951581339766,18.9884582877632));
#7989=CARTESIAN_POINT('Ctrl Pts',(-1.40202954927929,52.1373937511434,18.7941403627689));
#7990=CARTESIAN_POINT('Ctrl Pts',(-1.40515356590125,52.1262046239415,18.7553135847746));
#7991=CARTESIAN_POINT('Ctrl Pts',(-1.41158239020573,52.104524960869,18.677727018062));
#7992=CARTESIAN_POINT('Ctrl Pts',(-1.41819187047084,52.0841906974185,18.6002356136608));
#7993=CARTESIAN_POINT('Ctrl Pts',(-1.42149689533781,52.074346364844,18.5615041951437));
#7994=CARTESIAN_POINT('Ctrl Pts',(-1.43135573220836,52.0457422899649,18.4453339896812));
#7995=CARTESIAN_POINT('Ctrl Pts',(-1.44109869010113,52.0198349918394,18.3292356181838));
#7996=CARTESIAN_POINT('Ctrl Pts',(-1.44759677947625,52.0036813586512,18.2518685851457));
#7997=CARTESIAN_POINT('Ctrl Pts',(-1.46739658666635,51.9584218397162,18.0199525861343));
#7998=CARTESIAN_POINT('Ctrl Pts',(-1.48810604659172,51.9223516371242,17.788673000184));
#7999=CARTESIAN_POINT('Ctrl Pts',(-1.50238552155083,51.902030231808,17.6348609541312));
#8000=CARTESIAN_POINT('Ctrl Pts',(-1.53163485521431,51.8683379891899,17.3280227515805));
#8001=CARTESIAN_POINT('Ctrl Pts',(-1.56218923683962,51.8475640388332,17.022841196198));
#8002=CARTESIAN_POINT('Ctrl Pts',(-1.57775369870777,51.8401646417271,16.8706825851125));
#8003=CARTESIAN_POINT('Ctrl Pts',(-1.59357328792702,51.8355291705966,16.7189608020476));
#8004=CARTESIAN_POINT('Ctrl Pts',(-1.60961492718109,51.8334448468928,16.5676717187711));
#8005=CARTESIAN_POINT('Ctrl Pts',(-0.284604189687427,55.7931582669,28.7966939876085));
#8006=CARTESIAN_POINT('Ctrl Pts',(-0.296042131582222,55.7380273314068,28.6460340305523));
#8007=CARTESIAN_POINT('Ctrl Pts',(-0.307795945673687,55.6686817710032,28.4976114365637));
#8008=CARTESIAN_POINT('Ctrl Pts',(-0.318847979386771,55.5855117620415,28.3517309897037));
#8009=CARTESIAN_POINT('Ctrl Pts',(-0.334090181728644,55.4699635460029,28.1300250975761));
#8010=CARTESIAN_POINT('Ctrl Pts',(-0.349381837882222,55.3747864556781,27.9024299453985));
#8011=CARTESIAN_POINT('Ctrl Pts',(-0.354531097871356,55.34583638428,27.8258057372381));
#8012=CARTESIAN_POINT('Ctrl Pts',(-0.364928507167485,55.2922922425043,27.6714040643484));
#8013=CARTESIAN_POINT('Ctrl Pts',(-0.375433694029213,55.2436859818275,27.5157724304299));
#8014=CARTESIAN_POINT('Ctrl Pts',(-0.380691028823276,55.2196780589063,27.4379171592668));
#8015=CARTESIAN_POINT('Ctrl Pts',(-0.396395163230394,55.1458171225576,27.2049916468124));
#8016=CARTESIAN_POINT('Ctrl Pts',(-0.411859123699356,55.0651709132361,26.9743156608534));
#8017=CARTESIAN_POINT('Ctrl Pts',(-0.422034935395368,55.0075686315501,26.821730026312));
#8018=CARTESIAN_POINT('Ctrl Pts',(-0.442428683613823,54.8954195762601,26.5158580604827));
#8019=CARTESIAN_POINT('Ctrl Pts',(-0.462884083416706,54.7865521576017,26.2093548162205));
#8020=CARTESIAN_POINT('Ctrl Pts',(-0.473140049909713,54.7328832200833,26.0559517733615));
#8021=CARTESIAN_POINT('Ctrl Pts',(-0.503906208523111,54.5714163374579,25.5960387952655));
#8022=CARTESIAN_POINT('Ctrl Pts',(-0.53461318697225,54.4075066779456,25.1373235927371));
#8023=CARTESIAN_POINT('Ctrl Pts',(-0.555072869811341,54.296554204546,24.8323386949601));
#8024=CARTESIAN_POINT('Ctrl Pts',(-0.596267806208521,54.0774631577673,24.2223293125236));
#8025=CARTESIAN_POINT('Ctrl Pts',(-0.637600062301868,53.8581703675959,23.6122548741142));
#8026=CARTESIAN_POINT('Ctrl Pts',(-0.658276932124188,53.7480150127464,23.3069862013246));
#8027=CARTESIAN_POINT('Ctrl Pts',(-0.699827932587694,53.5275798205364,22.6960923799512));
#8028=CARTESIAN_POINT('Ctrl Pts',(-0.741837721897961,53.3070669083963,22.0843364578894));
#8029=CARTESIAN_POINT('Ctrl Pts',(-0.762964647947108,53.1968317098833,21.7781910944521));
#8030=CARTESIAN_POINT('Ctrl Pts',(-0.805222141812939,52.9740402762655,21.1644914173286));
#8031=CARTESIAN_POINT('Ctrl Pts',(-0.848192358835979,52.7519204002191,20.5488499937242));
#8032=CARTESIAN_POINT('Ctrl Pts',(-0.870246847375929,52.6445456891365,20.2410596858982));
#8033=CARTESIAN_POINT('Ctrl Pts',(-0.902759336583588,52.4745264120263,19.7774882747848));
#8034=CARTESIAN_POINT('Ctrl Pts',(-0.934574913989018,52.3052980170756,19.311974912835));
#8035=CARTESIAN_POINT('Ctrl Pts',(-0.945339857267125,52.2496718224038,19.1567514444618));
#8036=CARTESIAN_POINT('Ctrl Pts',(-0.959131250174417,52.1858099878844,18.9624511325391));
#8037=CARTESIAN_POINT('Ctrl Pts',(-0.97353983417124,52.1298541823826,18.7680893119461));
#8038=CARTESIAN_POINT('Ctrl Pts',(-0.97645655962622,52.1189844015377,18.7292200272209));
#8039=CARTESIAN_POINT('Ctrl Pts',(-0.982361774669183,52.0978760278953,18.6514994043364));
#8040=CARTESIAN_POINT('Ctrl Pts',(-0.988392837925268,52.0780047556205,18.5738279311374));
#8041=CARTESIAN_POINT('Ctrl Pts',(-0.991435766361094,52.0683718193686,18.5350079705142));
#8042=CARTESIAN_POINT('Ctrl Pts',(-1.00063146558265,52.0403576285331,18.4186008187994));
#8043=CARTESIAN_POINT('Ctrl Pts',(-1.01000656852904,52.0149319073489,18.3023614813497));
#8044=CARTESIAN_POINT('Ctrl Pts',(-1.01631644226064,51.9990729038894,18.2249512145498));
#8045=CARTESIAN_POINT('Ctrl Pts',(-1.0354394429178,51.9546163377018,17.9929661902877));
#8046=CARTESIAN_POINT('Ctrl Pts',(-1.05515269745517,51.9191362594398,17.7617402252813));
#8047=CARTESIAN_POINT('Ctrl Pts',(-1.06857554294253,51.899130477943,17.6079425809203));
#8048=CARTESIAN_POINT('Ctrl Pts',(-1.09599305175281,51.8659306146212,17.3011157271747));
#8049=CARTESIAN_POINT('Ctrl Pts',(-1.12450561429295,51.8454215975259,16.9958949477188));
#8050=CARTESIAN_POINT('Ctrl Pts',(-1.13902471507645,51.8381095284322,16.8437041788834));
#8051=CARTESIAN_POINT('Ctrl Pts',(-1.15378555534669,51.8335278742052,16.6919401036904));
#8052=CARTESIAN_POINT('Ctrl Pts',(-1.16876557632181,51.8314733972758,16.5406003714455));
#8053=CARTESIAN_POINT('Ctrl Pts',(0.565254367769686,55.7665500654751,28.7453093762884));
#8054=CARTESIAN_POINT('Ctrl Pts',(0.554904230033661,55.715977791331,28.5930302588043));
#8055=CARTESIAN_POINT('Ctrl Pts',(0.545482913020635,55.6569353896154,28.442972382503));
#8056=CARTESIAN_POINT('Ctrl Pts',(0.535966134564153,55.5921613695289,28.2941455887541));
#8057=CARTESIAN_POINT('Ctrl Pts',(0.520925405774442,55.4945696300699,28.0694452888429));
#8058=CARTESIAN_POINT('Ctrl Pts',(0.505402617127606,55.3990086651815,27.8431605293312));
#8059=CARTESIAN_POINT('Ctrl Pts',(0.500174974794308,55.3675647067101,27.7675378474379));
#8060=CARTESIAN_POINT('Ctrl Pts',(0.489609898562807,55.3057472597395,27.6158950527879));
#8061=CARTESIAN_POINT('Ctrl Pts',(0.478834808500523,55.2462499982309,27.4634886735172));
#8062=CARTESIAN_POINT('Ctrl Pts',(0.473396986117696,55.2171266596264,27.3871026144223));
#8063=CARTESIAN_POINT('Ctrl Pts',(0.456957811070598,55.1313267761954,27.1575130226178));
#8064=CARTESIAN_POINT('Ctrl Pts',(0.440239535734662,55.0486857333981,26.9271213406553));
#8065=CARTESIAN_POINT('Ctrl Pts',(0.429065600713648,54.9933621870673,26.773678429757));
#8066=CARTESIAN_POINT('Ctrl Pts',(0.406759511362888,54.8814780615698,26.4672988438946));
#8067=CARTESIAN_POINT('Ctrl Pts',(0.384562550368408,54.7692538391295,26.1613243517701));
#8068=CARTESIAN_POINT('Ctrl Pts',(0.373503204283493,54.7134254826304,26.0083311565884));
#8069=CARTESIAN_POINT('Ctrl Pts',(0.340470356478313,54.5464416763512,25.549429564992));
#8070=CARTESIAN_POINT('Ctrl Pts',(0.307912354750743,54.3802376468026,25.0909740836759));
#8071=CARTESIAN_POINT('Ctrl Pts',(0.286457365471534,54.2690246547611,24.7857608561901));
#8072=CARTESIAN_POINT('Ctrl Pts',(0.243944339467945,54.0471720612487,24.1755856219284));
#8073=CARTESIAN_POINT('Ctrl Pts',(0.202191611140519,53.8257454832458,23.565245814236));
#8074=CARTESIAN_POINT('Ctrl Pts',(0.181498942629217,53.7149401932247,23.2598660360834));
#8075=CARTESIAN_POINT('Ctrl Pts',(0.140385859379473,53.4930784708166,22.6485928382484));
#8076=CARTESIAN_POINT('Ctrl Pts',(0.0997098245435624,53.2704114974921,22.0359292448397));
#8077=CARTESIAN_POINT('Ctrl Pts',(0.0794631787501195,53.1587160546931,21.7291445419012));
#8078=CARTESIAN_POINT('Ctrl Pts',(0.0390611970360208,52.9345952983481,21.1144282330818));
#8079=CARTESIAN_POINT('Ctrl Pts',(-0.00136853424388919,52.7104032860989,
20.4974132141972));
#8080=CARTESIAN_POINT('Ctrl Pts',(-0.0216228659250686,52.5985785908439,
20.18830623516));
#8081=CARTESIAN_POINT('Ctrl Pts',(-0.0518797105056216,52.4302341742486,
19.723631169292));
#8082=CARTESIAN_POINT('Ctrl Pts',(-0.0833368245172152,52.2756755611086,
19.2583801480539));
#8083=CARTESIAN_POINT('Ctrl Pts',(-0.0938893816841194,52.2264223318949,
19.1033946109096));
#8084=CARTESIAN_POINT('Ctrl Pts',(-0.106887338414682,52.1693013758438,18.9093609694389));
#8085=CARTESIAN_POINT('Ctrl Pts',(-0.119710330590238,52.1180833852505,18.7152752434623));
#8086=CARTESIAN_POINT('Ctrl Pts',(-0.122261356299456,52.1080796029392,18.6764588200937));
#8087=CARTESIAN_POINT('Ctrl Pts',(-0.127348248125861,52.0885576410842,18.5988355088007));
#8088=CARTESIAN_POINT('Ctrl Pts',(-0.132436042514197,52.0700124445349,18.5212425611144));
#8089=CARTESIAN_POINT('Ctrl Pts',(-0.134987825071893,52.060985433723,18.482456558237));
#8090=CARTESIAN_POINT('Ctrl Pts',(-0.142685131965693,52.0346406189905,18.3661354852678));
#8091=CARTESIAN_POINT('Ctrl Pts',(-0.150531492695297,52.0104949623065,18.2499384512577));
#8092=CARTESIAN_POINT('Ctrl Pts',(-0.155849373904853,51.9953665784674,18.1725404261871));
#8093=CARTESIAN_POINT('Ctrl Pts',(-0.172031434513666,51.9528242176693,17.9405685328439));
#8094=CARTESIAN_POINT('Ctrl Pts',(-0.188872348112977,51.9186016445937,17.7093161692326));
#8095=CARTESIAN_POINT('Ctrl Pts',(-0.200355827175588,51.899294322923,17.5555129879958));
#8096=CARTESIAN_POINT('Ctrl Pts',(-0.223819299267516,51.8672536330454,17.2486727201072));
#8097=CARTESIAN_POINT('Ctrl Pts',(-0.248250069015601,51.8475445502471,16.9434268141986));
#8098=CARTESIAN_POINT('Ctrl Pts',(-0.26070093235682,51.8405667542819,16.791217049217));
#8099=CARTESIAN_POINT('Ctrl Pts',(-0.273381120275957,51.8362658991497,16.6394271795685));
#8100=CARTESIAN_POINT('Ctrl Pts',(-0.286281122502941,51.8344503800765,16.4880556323422));
#8101=CARTESIAN_POINT('Ctrl Pts',(1.41417017413844,55.6506298758198,28.7345872498012));
#8102=CARTESIAN_POINT('Ctrl Pts',(1.40512233080764,55.6098972280055,28.580048574989));
#8103=CARTESIAN_POINT('Ctrl Pts',(1.39558176951277,55.5631896215888,28.4258005297435));
#8104=CARTESIAN_POINT('Ctrl Pts',(1.38603902428866,55.5113389780844,28.272094445939));
#8105=CARTESIAN_POINT('Ctrl Pts',(1.3708472428801,55.4282770416684,28.0426788267521));
#8106=CARTESIAN_POINT('Ctrl Pts',(1.35469888001523,55.3403404425738,27.8138752019231));
#8107=CARTESIAN_POINT('Ctrl Pts',(1.34922105598751,55.3106683511158,27.7376372428857));
#8108=CARTESIAN_POINT('Ctrl Pts',(1.33810429054955,55.2508811337488,27.5851704421087));
#8109=CARTESIAN_POINT('Ctrl Pts',(1.32671321312277,55.1906079978064,27.4326663519722));
#8110=CARTESIAN_POINT('Ctrl Pts',(1.320961284653,55.1604511956144,27.3563906993701));
#8111=CARTESIAN_POINT('Ctrl Pts',(1.30356618702738,55.0701737107442,27.1274648859909));
#8112=CARTESIAN_POINT('Ctrl Pts',(1.28583279466488,54.9810269309325,26.8981869651254));
#8113=CARTESIAN_POINT('Ctrl Pts',(1.27392910401258,54.9226468610754,26.7451137307569));
#8114=CARTESIAN_POINT('Ctrl Pts',(1.25010364682396,54.8071702319427,26.4388310149739));
#8115=CARTESIAN_POINT('Ctrl Pts',(1.22641834311923,54.6934396740465,26.1325619137355));
#8116=CARTESIAN_POINT('Ctrl Pts',(1.21465449543235,54.6368277126972,25.9794957557781));
#8117=CARTESIAN_POINT('Ctrl Pts',(1.17964722919583,54.4680253971471,25.5204041526728));
#8118=CARTESIAN_POINT('Ctrl Pts',(1.14558847470125,54.3019224093851,25.0616415646027));
#8119=CARTESIAN_POINT('Ctrl Pts',(1.12337970601783,54.1921056730552,24.7559299970424));
#8120=CARTESIAN_POINT('Ctrl Pts',(1.07990557952486,53.9733544579773,24.1446692654209));
#8121=CARTESIAN_POINT('Ctrl Pts',(1.03823154040034,53.7558658217458,23.5331525839612));
#8122=CARTESIAN_POINT('Ctrl Pts',(1.01781944777201,53.6472633537712,23.227198300919));
#8123=CARTESIAN_POINT('Ctrl Pts',(0.977781113020105,53.4299086886981,22.6146489751414));
#8124=CARTESIAN_POINT('Ctrl Pts',(0.939123021296875,53.2117238809584,22.000318832823));
#8125=CARTESIAN_POINT('Ctrl Pts',(0.920091936594535,53.1023246813773,21.6925876994258));
#8126=CARTESIAN_POINT('Ctrl Pts',(0.882498590962695,52.882621563851,21.075732221139));
#8127=CARTESIAN_POINT('Ctrl Pts',(0.845632292436297,52.6633694801755,20.4558691694539));
#8128=CARTESIAN_POINT('Ctrl Pts',(0.827335800593375,52.5543666188658,20.1450925443821));
#8129=CARTESIAN_POINT('Ctrl Pts',(0.799879562177501,52.3950295091174,19.6779971635322));
#8130=CARTESIAN_POINT('Ctrl Pts',(0.773001752585073,52.2525192461176,19.2100553549301));
#8131=CARTESIAN_POINT('Ctrl Pts',(0.763846310678403,52.2073679792909,19.0537814476608));
#8132=CARTESIAN_POINT('Ctrl Pts',(0.75263143529918,52.1551383932882,18.8591558864227));
#8133=CARTESIAN_POINT('Ctrl Pts',(0.741309514885585,52.1083051511281,18.6651186273784));
#8134=CARTESIAN_POINT('Ctrl Pts',(0.739028984209062,52.0991561305523,18.6263312204929));
#8135=CARTESIAN_POINT('Ctrl Pts',(0.734439391405073,52.081291417955,18.5487852119907));
#8136=CARTESIAN_POINT('Ctrl Pts',(0.729810210240588,52.0642928864433,18.471287974388));
#8137=CARTESIAN_POINT('Ctrl Pts',(0.727489913912849,52.0560099426508,18.4325491480602));
#8138=CARTESIAN_POINT('Ctrl Pts',(0.720521725280321,52.0318104510672,18.3163627004568));
#8139=CARTESIAN_POINT('Ctrl Pts',(0.713536341845306,52.0095583463525,18.2002741158794));
#8140=CARTESIAN_POINT('Ctrl Pts',(0.708876090481151,51.9955888288811,18.1229330016622));
#8141=CARTESIAN_POINT('Ctrl Pts',(0.694836767698641,51.956259986026,17.8911010877783));
#8142=CARTESIAN_POINT('Ctrl Pts',(0.680559739454923,51.9245676917488,17.6599132048147));
#8143=CARTESIAN_POINT('Ctrl Pts',(0.670871445031931,51.9067428608426,17.5061400930548));
#8144=CARTESIAN_POINT('Ctrl Pts',(0.651125666976836,51.8773660860023,17.1993715781704));
#8145=CARTESIAN_POINT('Ctrl Pts',(0.630585126547098,51.8598290996542,16.8942433301615));
#8146=CARTESIAN_POINT('Ctrl Pts',(0.620103456521425,51.8538425241496,16.7421101229476));
#8147=CARTESIAN_POINT('Ctrl Pts',(0.609403766073557,51.8504470938466,16.5904118641901));
#8148=CARTESIAN_POINT('Ctrl Pts',(0.598482466387898,51.849459248529,16.439143942646));
#8149=CARTESIAN_POINT('Ctrl Pts',(1.83650739689182,55.5678385344186,28.7350186436958));
#8150=CARTESIAN_POINT('Ctrl Pts',(1.82798201123766,55.5296042196821,28.5796991339474));
#8151=CARTESIAN_POINT('Ctrl Pts',(1.8191492325738,55.4852135711628,28.4249216827516));
#8152=CARTESIAN_POINT('Ctrl Pts',(1.80986877476593,55.4355456517836,28.2706340328539));
#8153=CARTESIAN_POINT('Ctrl Pts',(1.79416020053137,55.3565402860244,28.0398796189583));
#8154=CARTESIAN_POINT('Ctrl Pts',(1.77728898735123,55.2726441128437,27.8096613788004));
#8155=CARTESIAN_POINT('Ctrl Pts',(1.77156429998711,55.2442734793787,27.7329587964876));
#8156=CARTESIAN_POINT('Ctrl Pts',(1.7599457182591,55.1869565586903,27.5795970121351));
#8157=CARTESIAN_POINT('Ctrl Pts',(1.74804795739376,55.1288417194999,27.4262868018168));
#8158=CARTESIAN_POINT('Ctrl Pts',(1.74204380240515,55.0996737172608,27.3496356613126));
#8159=CARTESIAN_POINT('Ctrl Pts',(1.72390182687293,55.0120228032245,27.1196837857227));
#8160=CARTESIAN_POINT('Ctrl Pts',(1.70547277838127,54.924327658598,26.8897263451481));
#8161=CARTESIAN_POINT('Ctrl Pts',(1.69314918866,54.8661935988241,26.7364114393208));
#8162=CARTESIAN_POINT('Ctrl Pts',(1.66856949889838,54.7507771671651,26.4298073025827));
#8163=CARTESIAN_POINT('Ctrl Pts',(1.64428473052321,54.637182437347,26.1232908242252));
#8164=CARTESIAN_POINT('Ctrl Pts',(1.63225693360924,54.5808660728487,25.9700651254085));
#8165=CARTESIAN_POINT('Ctrl Pts',(1.59655884713,54.4132050227763,25.5104976035013));
#8166=CARTESIAN_POINT('Ctrl Pts',(1.5620841101084,54.2489463770855,25.0512505713989));
#8167=CARTESIAN_POINT('Ctrl Pts',(1.53970073510739,54.1405152882086,24.7452245202016));
#8168=CARTESIAN_POINT('Ctrl Pts',(1.49610603444219,53.9251005741309,24.1332569416638));
#8169=CARTESIAN_POINT('Ctrl Pts',(1.45477397291256,53.7115337424947,23.5209569842067));
#8170=CARTESIAN_POINT('Ctrl Pts',(1.43465428881485,53.6049503711551,23.2146002787827));
#8171=CARTESIAN_POINT('Ctrl Pts',(1.39544537454575,53.3917788406272,22.6012069781224));
#8172=CARTESIAN_POINT('Ctrl Pts',(1.35807399806108,53.1780577755336,21.9858989307877));
#8173=CARTESIAN_POINT('Ctrl Pts',(1.33979504795863,53.0709699413353,21.677636944602));
#8174=CARTESIAN_POINT('Ctrl Pts',(1.30389721127581,52.8559079490048,21.0595358171821));
#8175=CARTESIAN_POINT('Ctrl Pts',(1.26907667065806,52.6418358128155,20.4382239564343));
#8176=CARTESIAN_POINT('Ctrl Pts',(1.25161107784913,52.5355920999823,20.1261481641259));
#8177=CARTESIAN_POINT('Ctrl Pts',(1.22650062247653,52.3811580942758,19.6591240869898));
#8178=CARTESIAN_POINT('Ctrl Pts',(1.20221702850031,52.2438143666483,19.1919804898388));
#8179=CARTESIAN_POINT('Ctrl Pts',(1.18882546479291,52.1977575389503,19.0248185486063));
#8180=CARTESIAN_POINT('Ctrl Pts',(1.18113622240362,52.1488630973154,18.8359354109928));
#8181=CARTESIAN_POINT('Ctrl Pts',(1.17218293238631,52.1045611324506,18.6448169739289));
#8182=CARTESIAN_POINT('Ctrl Pts',(1.17025532193285,52.0958425863336,18.6063176078998));
#8183=CARTESIAN_POINT('Ctrl Pts',(1.16623266263772,52.0787451166812,18.5289913811023));
#8184=CARTESIAN_POINT('Ctrl Pts',(1.16197535336558,52.0623800093505,18.4512230425676));
#8185=CARTESIAN_POINT('Ctrl Pts',(1.15981760546233,52.0543960912329,18.4122911851236));
#8186=CARTESIAN_POINT('Ctrl Pts',(1.1533082263263,52.0310667170964,18.2954663006723));
#8187=CARTESIAN_POINT('Ctrl Pts',(1.14675013863956,52.0096350681024,18.1787026425603));
#8188=CARTESIAN_POINT('Ctrl Pts',(1.1424075704339,51.9962169543871,18.1010165827375));
#8189=CARTESIAN_POINT('Ctrl Pts',(1.12937531132919,51.9585139429148,17.8683085417482));
#8190=CARTESIAN_POINT('Ctrl Pts',(1.11628077675601,51.928358362379,17.6367048372053));
#8191=CARTESIAN_POINT('Ctrl Pts',(1.10744043283418,51.9114946001584,17.4827603925806));
#8192=CARTESIAN_POINT('Ctrl Pts',(1.08947054284087,51.8839157414733,17.1757910303153));
#8193=CARTESIAN_POINT('Ctrl Pts',(1.07081826101512,51.867931840111,16.8706674868452));
#8194=CARTESIAN_POINT('Ctrl Pts',(1.06129605204793,51.8626620046378,16.7185680580276));
#8195=CARTESIAN_POINT('Ctrl Pts',(1.05156221568356,51.859926419388,16.5669265974408));
#8196=CARTESIAN_POINT('Ctrl Pts',(1.04160582578403,51.8595442543942,16.4157315629398));
#8197=CARTESIAN_POINT('Ctrl Pts',(2.67311283126337,55.3492555518084,28.750051756707));
#8198=CARTESIAN_POINT('Ctrl Pts',(2.66620525302314,55.3152483150503,28.5931934417332));
#8199=CARTESIAN_POINT('Ctrl Pts',(2.6569272925177,55.2759554376605,28.4368121208245));
#8200=CARTESIAN_POINT('Ctrl Pts',(2.64561475631324,55.2319329624949,28.2808974928189));
#8201=CARTESIAN_POINT('Ctrl Pts',(2.62866436936335,55.1600226014027,28.0473561310846));
#8202=CARTESIAN_POINT('Ctrl Pts',(2.61041622789873,55.0822347461525,27.8143634093564));
#8203=CARTESIAN_POINT('Ctrl Pts',(2.60420723115812,55.0557913773107,27.7367585792054));
#8204=CARTESIAN_POINT('Ctrl Pts',(2.59160159472174,55.0021240207033,27.5816646853225));
#8205=CARTESIAN_POINT('Ctrl Pts',(2.57873507955058,54.9473135809938,27.426791304522));
#8206=CARTESIAN_POINT('Ctrl Pts',(2.57226557263048,54.9197272101589,27.3494070914559));
#8207=CARTESIAN_POINT('Ctrl Pts',(2.55282319760494,54.8366765396967,27.1174020450646));
#8208=CARTESIAN_POINT('Ctrl Pts',(2.53342596242168,54.753284655799,26.8858079282484));
#8209=CARTESIAN_POINT('Ctrl Pts',(2.52064730823024,54.6980168013545,26.7315659172246));
#8210=CARTESIAN_POINT('Ctrl Pts',(2.49539981072588,54.588293461941,26.4233260064874));
#8211=CARTESIAN_POINT('Ctrl Pts',(2.47079511631694,54.4802874626708,26.1154942085215));
#8212=CARTESIAN_POINT('Ctrl Pts',(2.45865633863182,54.4267307646603,25.9616596785557));
#8213=CARTESIAN_POINT('Ctrl Pts',(2.4227515844803,54.2673091996365,25.5003678929256));
#8214=CARTESIAN_POINT('Ctrl Pts',(2.38845459732755,54.1113653870838,25.039613017672));
#8215=CARTESIAN_POINT('Ctrl Pts',(2.366358472604,54.0086676743675,24.7325959465609));
#8216=CARTESIAN_POINT('Ctrl Pts',(2.32362625458124,53.8048333733434,24.1186413249872));
#8217=CARTESIAN_POINT('Ctrl Pts',(2.28389762807008,53.6032896643703,23.5043532023142));
#8218=CARTESIAN_POINT('Ctrl Pts',(2.26479324198727,53.502848836877,23.1970015617978));
#8219=CARTESIAN_POINT('Ctrl Pts',(2.22805085209909,53.3023620448068,22.5815888186508));
#8220=CARTESIAN_POINT('Ctrl Pts',(2.19399142781311,53.1021821540567,21.9640688790271));
#8221=CARTESIAN_POINT('Ctrl Pts',(2.17757117742642,53.0020229509825,21.6546060937321));
#8222=CARTESIAN_POINT('Ctrl Pts',(2.14576290970755,52.8017943957105,21.0339751161319));
#8223=CARTESIAN_POINT('Ctrl Pts',(2.11552426407933,52.60269737596,20.4093844862788));
#8224=CARTESIAN_POINT('Ctrl Pts',(2.10112054050695,52.5036163408174,20.096669595857));
#8225=CARTESIAN_POINT('Ctrl Pts',(2.07821670192425,52.356752968851,19.6230540089944));
#8226=CARTESIAN_POINT('Ctrl Pts',(2.05667528499241,52.2274494216701,19.1560630437152));
#8227=CARTESIAN_POINT('Ctrl Pts',(2.05667528638984,52.1900733964913,19.0147614462138));
#8228=CARTESIAN_POINT('Ctrl Pts',(2.04458397273984,52.1412263131443,18.8118787302799));
#8229=CARTESIAN_POINT('Ctrl Pts',(2.03353308646536,52.0977278456256,18.6096263476757));
#8230=CARTESIAN_POINT('Ctrl Pts',(2.03148201450207,52.0893004074593,18.5694406025872));
#8231=CARTESIAN_POINT('Ctrl Pts',(2.02760346136121,52.0729623168732,18.4894791622061));
#8232=CARTESIAN_POINT('Ctrl Pts',(2.02405809979877,52.0576300077662,18.4102199060615));
#8233=CARTESIAN_POINT('Ctrl Pts',(2.02233596416145,52.050206407361,18.3707282517074));
#8234=CARTESIAN_POINT('Ctrl Pts',(2.01724728339749,52.0286385524234,18.2525678872149));
#8235=CARTESIAN_POINT('Ctrl Pts',(2.01229075593917,52.0091351660046,18.1351994216698));
#8236=CARTESIAN_POINT('Ctrl Pts',(2.00895483387987,51.9970101563963,18.0571667577249));
#8237=CARTESIAN_POINT('Ctrl Pts',(1.99890231769014,51.9632071274866,17.8236588802848));
#8238=CARTESIAN_POINT('Ctrl Pts',(1.98864901687699,51.9368965783187,17.5917089093337));
#8239=CARTESIAN_POINT('Ctrl Pts',(1.98171204826348,51.9224975754939,17.4376310840034));
#8240=CARTESIAN_POINT('Ctrl Pts',(1.96758112832601,51.8995988442261,17.1306096066316));
#8241=CARTESIAN_POINT('Ctrl Pts',(1.95280955203755,51.887736104314,16.8257335158402));
#8242=CARTESIAN_POINT('Ctrl Pts',(1.94523330139759,51.884373577796,16.6738106263092));
#8243=CARTESIAN_POINT('Ctrl Pts',(1.93743916783435,51.8833943053689,16.5223839557218));
#8244=CARTESIAN_POINT('Ctrl Pts',(1.92940632331133,51.8846224231114,16.3714309308092));
#8245=CARTESIAN_POINT('Ctrl Pts',(3.4713457121698,55.0327423511767,28.7910813294148));
#8246=CARTESIAN_POINT('Ctrl Pts',(3.46525442692448,55.0015163824107,28.632957253925));
#8247=CARTESIAN_POINT('Ctrl Pts',(3.45721930360447,54.9634580469924,28.4747524405422));
#8248=CARTESIAN_POINT('Ctrl Pts',(3.4472653787057,54.9188684369314,28.3166680825363));
#8249=CARTESIAN_POINT('Ctrl Pts',(3.42918979279254,54.8482500411529,28.0797475249226));
#8250=CARTESIAN_POINT('Ctrl Pts',(3.40981064364011,54.7746403161036,27.8435645639611));
#8251=CARTESIAN_POINT('Ctrl Pts',(3.40332103673936,54.7499656174157,27.7649323451725));
#8252=CARTESIAN_POINT('Ctrl Pts',(3.39040506975841,54.7005866827209,27.6078662683516));
#8253=CARTESIAN_POINT('Ctrl Pts',(3.37771089040896,54.6513676375347,27.4511875967389));
#8254=CARTESIAN_POINT('Ctrl Pts',(3.3714437038711,54.6268543275539,27.372942832119));
#8255=CARTESIAN_POINT('Ctrl Pts',(3.35285558415821,54.5535865929946,27.1384679909946));
#8256=CARTESIAN_POINT('Ctrl Pts',(3.33480946509542,54.4810141051298,26.904698629808));
#8257=CARTESIAN_POINT('Ctrl Pts',(3.32291196531916,54.4327966662378,26.7490970639139));
#8258=CARTESIAN_POINT('Ctrl Pts',(3.29929663983787,54.3365682555668,26.4382901952448));
#8259=CARTESIAN_POINT('Ctrl Pts',(3.27622069572156,54.2410852774162,26.1281930093118));
#8260=CARTESIAN_POINT('Ctrl Pts',(3.26485554933928,54.1935999049243,25.973299552001));
#8261=CARTESIAN_POINT('Ctrl Pts',(3.23136690507534,54.0519883394418,25.509033294141));
#8262=CARTESIAN_POINT('Ctrl Pts',(3.19963466530436,53.9125094510627,25.0458003059033));
#8263=CARTESIAN_POINT('Ctrl Pts',(3.17921287328806,53.8201113167959,24.7372609562062));
#8264=CARTESIAN_POINT('Ctrl Pts',(3.13998731524337,53.6365734555176,24.1204085781152));
#8265=CARTESIAN_POINT('Ctrl Pts',(3.10410248411454,53.4549090751111,23.5033452980456));
#8266=CARTESIAN_POINT('Ctrl Pts',(3.08705393684214,53.3643718847124,23.1946077266378));
#8267=CARTESIAN_POINT('Ctrl Pts',(3.05483904466612,53.183995521277,22.5764911954839));
#8268=CARTESIAN_POINT('Ctrl Pts',(3.02580303632961,53.0051972342169,21.9561533333754));
#8269=CARTESIAN_POINT('Ctrl Pts',(3.01194326099696,52.9161751990348,21.6451829548167));
#8270=CARTESIAN_POINT('Ctrl Pts',(2.9856445069183,52.7379269614366,21.0212034838668));
#8271=CARTESIAN_POINT('Ctrl Pts',(2.96143338292327,52.5625426278371,20.3928344170053));
#8272=CARTESIAN_POINT('Ctrl Pts',(2.94909591333251,52.4773576832532,20.0769380541109));
#8273=CARTESIAN_POINT('Ctrl Pts',(2.9325099982843,52.3431118769345,19.6019012520497));
#8274=CARTESIAN_POINT('Ctrl Pts',(2.91396909163661,52.2132874106333,19.1146393876995));
#8275=CARTESIAN_POINT('Ctrl Pts',(2.89964043343557,52.1683748462229,18.9382474051538));
#8276=CARTESIAN_POINT('Ctrl Pts',(2.89668502210694,52.1241460947636,18.7458819445179));
#8277=CARTESIAN_POINT('Ctrl Pts',(2.89367929411562,52.0867389887817,18.5559247861348));
#8278=CARTESIAN_POINT('Ctrl Pts',(2.89293485370514,52.0794735878975,18.5177935240278));
#8279=CARTESIAN_POINT('Ctrl Pts',(2.89121851006935,52.0653762260267,18.4412932030676));
#8280=CARTESIAN_POINT('Ctrl Pts',(2.88914419357858,52.0521384234992,18.3643662489561));
#8281=CARTESIAN_POINT('Ctrl Pts',(2.88804518945141,52.045733932093,18.3258144358485));
#8282=CARTESIAN_POINT('Ctrl Pts',(2.88464180381995,52.0271667897794,18.2099773560479));
#8283=CARTESIAN_POINT('Ctrl Pts',(2.88102764377162,52.0105275870424,18.0937516985212));
#8284=CARTESIAN_POINT('Ctrl Pts',(2.87862424993542,52.0002834261279,18.0162426892592));
#8285=CARTESIAN_POINT('Ctrl Pts',(2.87138718682001,51.9720257488412,17.7838428521183));
#8286=CARTESIAN_POINT('Ctrl Pts',(2.86408359125809,51.9509619557625,17.5521743705656));
#8287=CARTESIAN_POINT('Ctrl Pts',(2.8591512342543,51.9399050747676,17.3983391648449));
#8288=CARTESIAN_POINT('Ctrl Pts',(2.84902727184071,51.9233024079364,17.0917808500062));
#8289=CARTESIAN_POINT('Ctrl Pts',(2.8382283291553,51.9169399765159,16.7874763721864));
#8290=CARTESIAN_POINT('Ctrl Pts',(2.83261662403847,51.9161202333445,16.6358776273869));
#8291=CARTESIAN_POINT('Ctrl Pts',(2.82675603814045,51.917480898376,16.4848033194798));
#8292=CARTESIAN_POINT('Ctrl Pts',(2.82061729194647,51.9208524569885,16.3342234211409));
#8293=CARTESIAN_POINT('Ctrl Pts',(3.86975405274395,54.8473574661958,28.8186516873163));
#8294=CARTESIAN_POINT('Ctrl Pts',(3.8681917799181,54.8151409283147,28.6609244018879));
#8295=CARTESIAN_POINT('Ctrl Pts',(3.86346426728628,54.7740493754335,28.5028777728287));
#8296=CARTESIAN_POINT('Ctrl Pts',(3.83969943875655,54.7301618556657,28.3401315055641));
#8297=CARTESIAN_POINT('Ctrl Pts',(3.81444477619839,54.6550231637564,28.1000353531311));
#8298=CARTESIAN_POINT('Ctrl Pts',(3.79333658413164,54.5819112896141,27.861939016259));
#8299=CARTESIAN_POINT('Ctrl Pts',(3.78682502925076,54.5583818171235,27.7827846409325));
#8300=CARTESIAN_POINT('Ctrl Pts',(3.77487455937268,54.5132328294306,27.6249035819606));
#8301=CARTESIAN_POINT('Ctrl Pts',(3.7643981117129,54.470765247786,27.4677067291966));
#8302=CARTESIAN_POINT('Ctrl Pts',(3.75937097562769,54.449932157895,27.3892398338585));
#8303=CARTESIAN_POINT('Ctrl Pts',(3.74429191789706,54.3873659738163,27.1540789703218));
#8304=CARTESIAN_POINT('Ctrl Pts',(3.72861796899248,54.3234300219736,26.9194558253002));
#8305=CARTESIAN_POINT('Ctrl Pts',(3.71741052349289,54.2792204753781,26.7631256162067));
#8306=CARTESIAN_POINT('Ctrl Pts',(3.69487152426199,54.190382552877,26.4508567510171));
#8307=CARTESIAN_POINT('Ctrl Pts',(3.67264438047203,54.1016505581165,26.1393738747247));
#8308=CARTESIAN_POINT('Ctrl Pts',(3.66189960358348,54.057841892877,25.9838611755658));
#8309=CARTESIAN_POINT('Ctrl Pts',(3.63068829130913,53.9277830079811,25.5179217833342));
#8310=CARTESIAN_POINT('Ctrl Pts',(3.60112162508384,53.7986647388627,25.0532782141107));
#8311=CARTESIAN_POINT('Ctrl Pts',(3.58162118833475,53.7116746993076,24.7438137566646));
#8312=CARTESIAN_POINT('Ctrl Pts',(3.54502486289807,53.5402997733398,24.1253772310342));
#8313=CARTESIAN_POINT('Ctrl Pts',(3.51170482515909,53.3704461590159,23.5067292394471));
#8314=CARTESIAN_POINT('Ctrl Pts',(3.49594837615497,53.2857254878221,23.1971862625291));
#8315=CARTESIAN_POINT('Ctrl Pts',(3.46668209000788,53.1168064444949,22.5775424156984));
#8316=CARTESIAN_POINT('Ctrl Pts',(3.44064703985314,52.9503254001298,21.9556285561746));
#8317=CARTESIAN_POINT('Ctrl Pts',(3.42815297033409,52.8685353904706,21.6439427084163));
#8318=CARTESIAN_POINT('Ctrl Pts',(3.40494092755278,52.7013983556185,21.0177105310203));
#8319=CARTESIAN_POINT('Ctrl Pts',(3.38428054182621,52.5385081578588,20.3873760964067));
#8320=CARTESIAN_POINT('Ctrl Pts',(3.37395557745257,52.466227113197,20.0729717634814));
#8321=CARTESIAN_POINT('Ctrl Pts',(3.35971251199031,52.3420927777799,19.5943197711647));
#8322=CARTESIAN_POINT('Ctrl Pts',(3.34547630454678,52.2124396088895,19.1093706546729));
#8323=CARTESIAN_POINT('Ctrl Pts',(3.3353553628492,52.1688874616197,18.9417221052131));
#8324=CARTESIAN_POINT('Ctrl Pts',(3.3303647498682,52.123418228985,18.7426467940967));
#8325=CARTESIAN_POINT('Ctrl Pts',(3.32771454032471,52.0862586502777,18.5478796649049));
#8326=CARTESIAN_POINT('Ctrl Pts',(3.32712862850974,52.0791176079216,18.5089020268738));
#8327=CARTESIAN_POINT('Ctrl Pts',(3.32573792399022,52.0653822147024,18.4308292090668));
#8328=CARTESIAN_POINT('Ctrl Pts',(3.32398343205412,52.0527029184876,18.3525970072022));
#8329=CARTESIAN_POINT('Ctrl Pts',(3.32302907247179,52.0466175000521,18.3134569388156));
#8330=CARTESIAN_POINT('Ctrl Pts',(3.32004779351893,52.0291030454644,18.1960546909453));
#8331=CARTESIAN_POINT('Ctrl Pts',(3.31686106235086,52.013742808025,18.0788102301176));
#8332=CARTESIAN_POINT('Ctrl Pts',(3.31479108495089,52.0043977950828,18.0008193939455));
#8333=CARTESIAN_POINT('Ctrl Pts',(3.30867037089761,51.9788888999583,17.7673285286988));
#8334=CARTESIAN_POINT('Ctrl Pts',(3.30275945412309,51.9605909281351,17.5353545987417));
#8335=CARTESIAN_POINT('Ctrl Pts',(3.29880426494814,51.9512701348811,17.3813977432219));
#8336=CARTESIAN_POINT('Ctrl Pts',(3.29066739809606,51.9379578528397,17.074796274332));
#8337=CARTESIAN_POINT('Ctrl Pts',(3.28186338469137,51.934479693997,16.7706970389541));
#8338=CARTESIAN_POINT('Ctrl Pts',(3.27723523287183,51.9349970129548,16.6192395188843));
#8339=CARTESIAN_POINT('Ctrl Pts',(3.27233810372566,51.9375915078561,16.4683342955799));
#8340=CARTESIAN_POINT('Ctrl Pts',(3.26713762747427,51.9420955798495,16.3179415297328));
#8341=CARTESIAN_POINT('Ctrl Pts',(4.61356093206648,54.4303589062294,28.8744308602168));
#8342=CARTESIAN_POINT('Ctrl Pts',(4.6099858750208,54.4094556784355,28.714039144747));
#8343=CARTESIAN_POINT('Ctrl Pts',(4.60146641628661,54.3824671999619,28.5525919030452));
#8344=CARTESIAN_POINT('Ctrl Pts',(4.60101245166619,54.3396202582966,28.3957073202784));
#8345=CARTESIAN_POINT('Ctrl Pts',(4.5875977609789,54.277004189402,28.15582834746));
#8346=CARTESIAN_POINT('Ctrl Pts',(4.5705450730135,54.2149293147421,27.915358346019));
#8347=CARTESIAN_POINT('Ctrl Pts',(4.56478064488282,54.1944449800843,27.8352534877196));
#8348=CARTESIAN_POINT('Ctrl Pts',(4.55333859739291,54.1540512122094,27.675219845582));
#8349=CARTESIAN_POINT('Ctrl Pts',(4.54228149327083,54.1149104244282,27.5156018472699));
#8350=CARTESIAN_POINT('Ctrl Pts',(4.53690095049653,54.0956768313994,27.4359120240611));
#8351=CARTESIAN_POINT('Ctrl Pts',(4.52110944835338,54.0387474676047,27.1971771938995));
#8352=CARTESIAN_POINT('Ctrl Pts',(4.50605731520596,53.983319501008,26.9593765955813));
#8353=CARTESIAN_POINT('Ctrl Pts',(4.49599995782761,53.946187602251,26.8011789696022));
#8354=CARTESIAN_POINT('Ctrl Pts',(4.47595902478754,53.8716412254623,26.4854543778493));
#8355=CARTESIAN_POINT('Ctrl Pts',(4.45661517021161,53.7973915756314,26.1710557366529));
#8356=CARTESIAN_POINT('Ctrl Pts',(4.44722404847357,53.7604997790037,26.0141781633875));
#8357=CARTESIAN_POINT('Ctrl Pts',(4.41991096840094,53.6504682301006,25.5443811004947));
#8358=CARTESIAN_POINT('Ctrl Pts',(4.39490325016299,53.5416886069936,25.0766689838168));
#8359=CARTESIAN_POINT('Ctrl Pts',(4.37891420998967,53.4689009246167,24.7653985408619));
#8360=CARTESIAN_POINT('Ctrl Pts',(4.34884443242136,53.3241980699404,24.1434247638188));
#8361=CARTESIAN_POINT('Ctrl Pts',(4.32243784397334,53.1805573121435,23.521525736998));
#8362=CARTESIAN_POINT('Ctrl Pts',(4.31020984699805,53.1089014493946,23.2103617396659));
#8363=CARTESIAN_POINT('Ctrl Pts',(4.28791534224695,52.966278206771,22.5873413439991));
#8364=CARTESIAN_POINT('Ctrl Pts',(4.2689622428966,52.8255177314682,21.9615425544719));
#8365=CARTESIAN_POINT('Ctrl Pts',(4.26010953155805,52.7556679743839,21.6476124765294));
#8366=CARTESIAN_POINT('Ctrl Pts',(4.2437505660377,52.6149923630389,21.0167984318919));
#8367=CARTESIAN_POINT('Ctrl Pts',(4.22926696510521,52.4760124612933,20.3801800891786));
#8368=CARTESIAN_POINT('Ctrl Pts',(4.22277753603208,52.4089819674891,20.0609046023822));
#8369=CARTESIAN_POINT('Ctrl Pts',(4.21118708003915,52.2990406907931,19.575972704755));
#8370=CARTESIAN_POINT('Ctrl Pts',(4.20243156780726,52.1936475620871,19.0961030329153));
#8371=CARTESIAN_POINT('Ctrl Pts',(4.20532297465318,52.1605598511883,18.9423015208322));
#8372=CARTESIAN_POINT('Ctrl Pts',(4.20173781557719,52.1226695355566,18.7415571889628));
#8373=CARTESIAN_POINT('Ctrl Pts',(4.19574054175857,52.090393426902,18.5374075621629));
#8374=CARTESIAN_POINT('Ctrl Pts',(4.19458899244295,52.084187816379,18.4966045828944));
#8375=CARTESIAN_POINT('Ctrl Pts',(4.19253539475946,52.0722896627952,18.415249559423));
#8376=CARTESIAN_POINT('Ctrl Pts',(4.1909430504834,52.0614062359486,18.3344611142039));
#8377=CARTESIAN_POINT('Ctrl Pts',(4.19025851599926,52.0562157076624,18.2942301261502));
#8378=CARTESIAN_POINT('Ctrl Pts',(4.18842765466112,52.0413731312774,18.1739766006301));
#8379=CARTESIAN_POINT('Ctrl Pts',(4.18709038211541,52.0286521565886,18.0549448704562));
#8380=CARTESIAN_POINT('Ctrl Pts',(4.18624666161861,52.0210537339682,17.976031275083));
#8381=CARTESIAN_POINT('Ctrl Pts',(4.18379032165913,52.0007391747741,17.7403798504538));
#8382=CARTESIAN_POINT('Ctrl Pts',(4.18136443288487,51.9874666428971,17.5076134990583));
#8383=CARTESIAN_POINT('Ctrl Pts',(4.17962899500094,51.9813905175167,17.3533715163366));
#8384=CARTESIAN_POINT('Ctrl Pts',(4.17584120568077,51.9742959945129,17.0466212457306));
#8385=CARTESIAN_POINT('Ctrl Pts',(4.17113938464371,51.9764206253183,16.7429357500346));
#8386=CARTESIAN_POINT('Ctrl Pts',(4.16849890977252,51.9795666163695,16.5917706458622));
#8387=CARTESIAN_POINT('Ctrl Pts',(4.16552096593186,51.9846055917004,16.4412159239046));
#8388=CARTESIAN_POINT('Ctrl Pts',(4.16216815901154,51.99136471653,16.291208803126));
#8389=CARTESIAN_POINT('Ctrl Pts',(5.30204683064492,53.8939087407941,28.9459605130732));
#8390=CARTESIAN_POINT('Ctrl Pts',(5.31070501450003,53.8793338709994,28.7886146170353));
#8391=CARTESIAN_POINT('Ctrl Pts',(5.31729175283806,53.8600142253619,28.6306457324929));
#8392=CARTESIAN_POINT('Ctrl Pts',(5.31100895440949,53.8410028916472,28.4664418365544));
#8393=CARTESIAN_POINT('Ctrl Pts',(5.30282182646939,53.8040980440703,28.2226923425668));
#8394=CARTESIAN_POINT('Ctrl Pts',(5.29208299711988,53.7603770639729,27.9792526139488));
#8395=CARTESIAN_POINT('Ctrl Pts',(5.28822041401551,53.7452639757305,27.8981095782627));
#8396=CARTESIAN_POINT('Ctrl Pts',(5.28005890831555,53.7143596941373,27.7358731143051));
#8397=CARTESIAN_POINT('Ctrl Pts',(5.27135080132416,53.6826786230717,27.573869725678));
#8398=CARTESIAN_POINT('Ctrl Pts',(5.26694049137549,53.6667930136607,27.4929591496949));
#8399=CARTESIAN_POINT('Ctrl Pts',(5.25378687244628,53.6193489862744,27.2506057345405));
#8400=CARTESIAN_POINT('Ctrl Pts',(5.24123960849994,53.5730453168162,27.0095307519521));
#8401=CARTESIAN_POINT('Ctrl Pts',(5.23349319875277,53.5431384985544,26.8495182930182));
#8402=CARTESIAN_POINT('Ctrl Pts',(5.21874581149921,53.4842509569727,26.530641156711));
#8403=CARTESIAN_POINT('Ctrl Pts',(5.20519868660961,53.4266079417041,26.2137201899718));
#8404=CARTESIAN_POINT('Ctrl Pts',(5.1986343694462,53.3979112491886,26.0556571749289));
#8405=CARTESIAN_POINT('Ctrl Pts',(5.17958076171155,53.3121596994235,25.5824753216123));
#8406=CARTESIAN_POINT('Ctrl Pts',(5.16254310201622,53.2274023401459,25.1118631396523));
#8407=CARTESIAN_POINT('Ctrl Pts',(5.15212836998507,53.1712453231498,24.7988508694181));
#8408=CARTESIAN_POINT('Ctrl Pts',(5.13276011096356,53.0589281526397,24.1733777215569));
#8409=CARTESIAN_POINT('Ctrl Pts',(5.11693789228348,52.9472921285377,23.5481362080211));
#8410=CARTESIAN_POINT('Ctrl Pts',(5.10999755729893,52.8916634928609,23.2353358708169));
#8411=CARTESIAN_POINT('Ctrl Pts',(5.09796393830973,52.7808762903955,22.6089749219386));
#8412=CARTESIAN_POINT('Ctrl Pts',(5.08896614678237,52.6706343270432,21.9795008938502));
#8413=CARTESIAN_POINT('Ctrl Pts',(5.08506533799271,52.6154428890578,21.6635739814754));
#8414=CARTESIAN_POINT('Ctrl Pts',(5.07803584663875,52.5053335921286,21.028525713806));
#8415=CARTESIAN_POINT('Ctrl Pts',(5.07185116968985,52.3934975742792,20.3853981928858));
#8416=CARTESIAN_POINT('Ctrl Pts',(5.06835847385407,52.3361572766904,20.0609497842152));
#8417=CARTESIAN_POINT('Ctrl Pts',(5.06461542544052,52.2486526373714,19.5720920266909));
#8418=CARTESIAN_POINT('Ctrl Pts',(5.05930602397681,52.1689986094928,19.0765913976113));
#8419=CARTESIAN_POINT('Ctrl Pts',(5.05294974728529,52.1435075188263,18.9082871347902));
#8420=CARTESIAN_POINT('Ctrl Pts',(5.05221380750185,52.1154985267634,18.7042309746486));
#8421=CARTESIAN_POINT('Ctrl Pts',(5.05559049234183,52.0926404829241,18.5067761846635));
#8422=CARTESIAN_POINT('Ctrl Pts',(5.05631579472771,52.0882706044775,18.4674856131178));
#8423=CARTESIAN_POINT('Ctrl Pts',(5.05766651204547,52.0799058758372,18.3890651786296));
#8424=CARTESIAN_POINT('Ctrl Pts',(5.05877372467627,52.0722704129451,18.3108118545619));
#8425=CARTESIAN_POINT('Ctrl Pts',(5.05924926188961,52.0686290841815,18.2716822138713));
#8426=CARTESIAN_POINT('Ctrl Pts',(5.06050886046447,52.058232286763,18.1542848786912));
#8427=CARTESIAN_POINT('Ctrl Pts',(5.06137368111393,52.0494142884486,18.0369080286073));
#8428=CARTESIAN_POINT('Ctrl Pts',(5.06188617819617,52.0442370288057,17.9587229550078));
#8429=CARTESIAN_POINT('Ctrl Pts',(5.06329547147775,52.0307967328012,17.7246519100073));
#8430=CARTESIAN_POINT('Ctrl Pts',(5.06433880608618,52.0234569162711,17.492264557561));
#8431=CARTESIAN_POINT('Ctrl Pts',(5.06487336005791,52.0211237432825,17.3383341984329));
#8432=CARTESIAN_POINT('Ctrl Pts',(5.06539363875889,52.0210587188241,17.0321853965393));
#8433=CARTESIAN_POINT('Ctrl Pts',(5.06462268981184,52.029333883154,16.7292001453337));
#8434=CARTESIAN_POINT('Ctrl Pts',(5.06385499574894,52.0353351564943,16.5784153869318));
#8435=CARTESIAN_POINT('Ctrl Pts',(5.06265754716875,52.042998940911,16.4282495974313));
#8436=CARTESIAN_POINT('Ctrl Pts',(5.06099270934846,52.0521506971592,16.2786290446057));
#8437=CARTESIAN_POINT('Ctrl Pts',(5.62117625609721,53.6039841414648,28.9799801975327));
#8438=CARTESIAN_POINT('Ctrl Pts',(5.63043362284535,53.5948540264852,28.8212840109124));
#8439=CARTESIAN_POINT('Ctrl Pts',(5.63599229558546,53.5819830479401,28.660410667836));
#8440=CARTESIAN_POINT('Ctrl Pts',(5.63532467942548,53.5662357948012,28.4951114821294));
#8441=CARTESIAN_POINT('Ctrl Pts',(5.63330709144965,53.5334458658966,28.2520142426422));
#8442=CARTESIAN_POINT('Ctrl Pts',(5.62673569503169,53.4957037526838,28.0089826157661));
#8443=CARTESIAN_POINT('Ctrl Pts',(5.62412842898016,53.4829871122989,27.9274226701665));
#8444=CARTESIAN_POINT('Ctrl Pts',(5.61848788516285,53.457384343486,27.7641617913068));
#8445=CARTESIAN_POINT('Ctrl Pts',(5.61225701089016,53.4316246742516,27.6008912248885));
#8446=CARTESIAN_POINT('Ctrl Pts',(5.60906303150484,53.4187364484394,27.5193609190851));
#8447=CARTESIAN_POINT('Ctrl Pts',(5.59938907421756,53.3801154384261,27.2751668574208));
#8448=CARTESIAN_POINT('Ctrl Pts',(5.59025903509659,53.342198285091,27.0327400946295));
#8449=CARTESIAN_POINT('Ctrl Pts',(5.58524763057746,53.3178425596387,26.872460977794));
#8450=CARTESIAN_POINT('Ctrl Pts',(5.57597361350146,53.2698556445929,26.5533009965057));
#8451=CARTESIAN_POINT('Ctrl Pts',(5.56712860939478,53.2222400388496,26.2359366054948));
#8452=CARTESIAN_POINT('Ctrl Pts',(5.56266416084027,53.198370112295,26.0775195505634));
#8453=CARTESIAN_POINT('Ctrl Pts',(5.54962639025212,53.1268700000468,25.6031855616152));
#8454=CARTESIAN_POINT('Ctrl Pts',(5.53771686041251,53.0554881481562,25.1311522489621));
#8455=CARTESIAN_POINT('Ctrl Pts',(5.53073279671634,53.00827667348,24.817344857811));
#8456=CARTESIAN_POINT('Ctrl Pts',(5.51808165960962,52.9136442174733,24.1903495745783));
#8457=CARTESIAN_POINT('Ctrl Pts',(5.50856441910333,52.8194992712767,23.5634950942685));
#8458=CARTESIAN_POINT('Ctrl Pts',(5.50470132046434,52.7725887581825,23.2498601616565));
#8459=CARTESIAN_POINT('Ctrl Pts',(5.49884846864045,52.6790119396937,22.6220220772302));
#8460=CARTESIAN_POINT('Ctrl Pts',(5.49571844456843,52.5858209322124,21.9911680386657));
#8461=CARTESIAN_POINT('Ctrl Pts',(5.49468422648739,52.539158035993,21.6745410572908));
#8462=CARTESIAN_POINT('Ctrl Pts',(5.49329889161115,52.4453429170632,21.0378641285887));
#8463=CARTESIAN_POINT('Ctrl Pts',(5.49231399235359,52.3510719253736,20.3931336599298));
#8464=CARTESIAN_POINT('Ctrl Pts',(5.49221082811905,52.3035149102631,20.0683273873875));
#8465=CARTESIAN_POINT('Ctrl Pts',(5.49098150105515,52.2276602823745,19.5748494532628));
#8466=CARTESIAN_POINT('Ctrl Pts',(5.49343124490774,52.1596891920196,19.0819333656283));
#8467=CARTESIAN_POINT('Ctrl Pts',(5.49553488277008,52.1386141892233,18.9183847887668));
#8468=CARTESIAN_POINT('Ctrl Pts',(5.50265343388554,52.1153154544823,18.7143024317658));
#8469=CARTESIAN_POINT('Ctrl Pts',(5.5035297191647,52.0959742544848,18.5128469952818));
#8470=CARTESIAN_POINT('Ctrl Pts',(5.50342776081132,52.0922686397729,18.4726838447365));
#8471=CARTESIAN_POINT('Ctrl Pts',(5.50288871924193,52.0851825970758,18.3926361135092));
#8472=CARTESIAN_POINT('Ctrl Pts',(5.50215174974278,52.0787652635552,18.313003740403));
#8473=CARTESIAN_POINT('Ctrl Pts',(5.50185242473921,52.0757279929378,18.2732580969661));
#8474=CARTESIAN_POINT('Ctrl Pts',(5.50131095111644,52.0671399427368,18.1541653783989));
#8475=CARTESIAN_POINT('Ctrl Pts',(5.50176993766554,52.0601285671458,18.0355547098835));
#8476=CARTESIAN_POINT('Ctrl Pts',(5.50244050985278,52.0561608910779,17.9567432141952));
#8477=CARTESIAN_POINT('Ctrl Pts',(5.50473041349653,52.0463137796099,17.7213382667267));
#8478=CARTESIAN_POINT('Ctrl Pts',(5.50747209632088,52.0424024927618,17.488809161132));
#8479=CARTESIAN_POINT('Ctrl Pts',(5.50896888251472,52.0422181340816,17.3349553188878));
#8480=CARTESIAN_POINT('Ctrl Pts',(5.51145363767978,52.0461641850009,17.0290919191167));
#8481=CARTESIAN_POINT('Ctrl Pts',(5.51249576669002,52.0578602322281,16.72651849151));
#8482=CARTESIAN_POINT('Ctrl Pts',(5.51259153340018,52.0654213974259,16.5759330892213));
#8483=CARTESIAN_POINT('Ctrl Pts',(5.51221422289265,52.0744978940916,16.4259593127661));
#8484=CARTESIAN_POINT('Ctrl Pts',(5.51132413931581,52.0849188808209,16.2765171567258));
#8485=CARTESIAN_POINT('Ctrl Pts',(6.2208279547879,52.9705649236099,29.0447482106118));
#8486=CARTESIAN_POINT('Ctrl Pts',(6.23749160178594,52.9696183321409,28.8888521524233));
#8487=CARTESIAN_POINT('Ctrl Pts',(6.25066104940571,52.965961727171,28.7311655032745));
#8488=CARTESIAN_POINT('Ctrl Pts',(6.25976067263581,52.9590937827707,28.5708098338532));
#8489=CARTESIAN_POINT('Ctrl Pts',(6.26407442682547,52.938188965062,28.3239533668998));
#8490=CARTESIAN_POINT('Ctrl Pts',(6.26056154155003,52.9153145175753,28.0696707539949));
#8491=CARTESIAN_POINT('Ctrl Pts',(6.2588655179452,52.9075076882406,27.9851015814993));
#8492=CARTESIAN_POINT('Ctrl Pts',(6.25537162851456,52.8918869885001,27.8166078187871));
#8493=CARTESIAN_POINT('Ctrl Pts',(6.25304209890457,52.8772458393221,27.6502012829564));
#8494=CARTESIAN_POINT('Ctrl Pts',(6.25253548470184,52.8704146753728,27.567725168616));
#8495=CARTESIAN_POINT('Ctrl Pts',(6.25324007370234,52.8516003773525,27.3226150057051));
#8496=CARTESIAN_POINT('Ctrl Pts',(6.25830146104329,52.8359876108033,27.0825809318901));
#8497=CARTESIAN_POINT('Ctrl Pts',(6.26105530035096,52.8249651703691,26.9228160894954));
#8498=CARTESIAN_POINT('Ctrl Pts',(6.26345209081319,52.8002281544496,26.6022808173432));
#8499=CARTESIAN_POINT('Ctrl Pts',(6.26354827084076,52.7734534333467,26.2820271189438));
#8500=CARTESIAN_POINT('Ctrl Pts',(6.26351446160158,52.7599795384165,26.1222153911447));
#8501=CARTESIAN_POINT('Ctrl Pts',(6.26388958700703,52.7196740713147,25.6441934503936));
#8502=CARTESIAN_POINT('Ctrl Pts',(6.26604450314416,52.6794778465858,25.170238277588));
#8503=CARTESIAN_POINT('Ctrl Pts',(6.26790939976086,52.6514141831799,24.8555600868396));
#8504=CARTESIAN_POINT('Ctrl Pts',(6.27097011601697,52.595577665514,24.225251290614));
#8505=CARTESIAN_POINT('Ctrl Pts',(6.2758778824079,52.5402355197645,23.5948199172208));
#8506=CARTESIAN_POINT('Ctrl Pts',(6.27937250327418,52.512674832573,23.279785330712));
#8507=CARTESIAN_POINT('Ctrl Pts',(6.28800431284972,52.4567597626974,22.6494676353168));
#8508=CARTESIAN_POINT('Ctrl Pts',(6.2987932243075,52.4007198345212,22.0169558082349));
#8509=CARTESIAN_POINT('Ctrl Pts',(6.30416204157664,52.3735645152338,21.6997877469353));
#8510=CARTESIAN_POINT('Ctrl Pts',(6.31579879313529,52.3175251971359,21.0616379779533));
#8511=CARTESIAN_POINT('Ctrl Pts',(6.32872986556119,52.260174739012,20.4159538223535));
#8512=CARTESIAN_POINT('Ctrl Pts',(6.33419634023048,52.2351759662925,20.0930026933838));
#8513=CARTESIAN_POINT('Ctrl Pts',(6.34333585365788,52.1961873510554,19.6019080863862));
#8514=CARTESIAN_POINT('Ctrl Pts',(6.35255804838111,52.1490393591871,19.1020489143679));
#8515=CARTESIAN_POINT('Ctrl Pts',(6.35479955909695,52.1321905498982,18.9347700185923));
#8516=CARTESIAN_POINT('Ctrl Pts',(6.354421096955,52.1133695490986,18.7276832522743));
#8517=CARTESIAN_POINT('Ctrl Pts',(6.36014549163887,52.0997348543917,18.5232697155997));
#8518=CARTESIAN_POINT('Ctrl Pts',(6.36155673918611,52.0972269366512,18.4824872737654));
#8519=CARTESIAN_POINT('Ctrl Pts',(6.36480845152862,52.0926454692772,18.4010313314033));
#8520=CARTESIAN_POINT('Ctrl Pts',(6.36847462377317,52.0889107034128,18.319953621184));
#8521=CARTESIAN_POINT('Ctrl Pts',(6.37030109919451,52.0872491400097,18.2795454138344));
#8522=CARTESIAN_POINT('Ctrl Pts',(6.37552868547353,52.0828564301072,18.1588331672986));
#8523=CARTESIAN_POINT('Ctrl Pts',(6.37992551112861,52.080169587222,18.039612713774));
#8524=CARTESIAN_POINT('Ctrl Pts',(6.3824280887238,52.0790721620836,17.9607551255292));
#8525=CARTESIAN_POINT('Ctrl Pts',(6.38942632018605,52.0776892043153,17.7254124323349));
#8526=CARTESIAN_POINT('Ctrl Pts',(6.39508740352022,52.0816359316778,17.493364702139));
#8527=CARTESIAN_POINT('Ctrl Pts',(6.39865877103098,52.0862802428878,17.3396469696333));
#8528=CARTESIAN_POINT('Ctrl Pts',(6.40496477886206,52.0991191815818,17.0341585471048));
#8529=CARTESIAN_POINT('Ctrl Pts',(6.40948716696049,52.1181865749298,16.7319503105484));
#8530=CARTESIAN_POINT('Ctrl Pts',(6.41123624271247,52.1290630270463,16.5815456656169));
#8531=CARTESIAN_POINT('Ctrl Pts',(6.41241292815932,52.1411028762521,16.4317371606973));
#8532=CARTESIAN_POINT('Ctrl Pts',(6.41297502900111,52.1541512052285,16.2824363004967));
#8533=CARTESIAN_POINT('Ctrl Pts',(6.71465594193606,52.2447335102266,29.0747314997468));
#8534=CARTESIAN_POINT('Ctrl Pts',(6.73980994235767,52.2497571933892,28.9209412178124));
#8535=CARTESIAN_POINT('Ctrl Pts',(6.76328626415659,52.2526566872174,28.7654666371337));
#8536=CARTESIAN_POINT('Ctrl Pts',(6.78538275441334,52.2515051985493,28.6113783748136));
#8537=CARTESIAN_POINT('Ctrl Pts',(6.80401581400186,52.2574225627276,28.3643475986308));
#8538=CARTESIAN_POINT('Ctrl Pts',(6.81780315175665,52.2570533315837,28.1195451279216));
#8539=CARTESIAN_POINT('Ctrl Pts',(6.82219128134277,52.256453975978,28.0376306347234));
#8540=CARTESIAN_POINT('Ctrl Pts',(6.83052325686951,52.2551097326526,27.8731869276898));
#8541=CARTESIAN_POINT('Ctrl Pts',(6.8381807445153,52.2536229492211,27.7081126296909));
#8542=CARTESIAN_POINT('Ctrl Pts',(6.84186607815584,52.2529201194325,27.6255215672373));
#8543=CARTESIAN_POINT('Ctrl Pts',(6.85261329511503,52.2509190662694,27.377867696139));
#8544=CARTESIAN_POINT('Ctrl Pts',(6.86313110623033,52.2495384961363,27.1313786439903));
#8545=CARTESIAN_POINT('Ctrl Pts',(6.870705281793,52.2491639097205,26.9683236844434));
#8546=CARTESIAN_POINT('Ctrl Pts',(6.8857685851868,52.2482413943453,26.6437378407798));
#8547=CARTESIAN_POINT('Ctrl Pts',(6.90031386484178,52.2465662988761,26.3217003870354));
#8548=CARTESIAN_POINT('Ctrl Pts',(6.90741127089372,52.2454733546582,26.1612045989494));
#8549=CARTESIAN_POINT('Ctrl Pts',(6.92867444423829,52.241950869278,25.6813357480884));
#8550=CARTESIAN_POINT('Ctrl Pts',(6.94960668344757,52.237552399893,25.2055118055328));
#8551=CARTESIAN_POINT('Ctrl Pts',(6.9631821409361,52.2339057650567,24.889434060945));
#8552=CARTESIAN_POINT('Ctrl Pts',(6.98869767473314,52.2259404288888,24.2571326071407));
#8553=CARTESIAN_POINT('Ctrl Pts',(7.013694869942,52.2163571373721,23.6252973057486));
#8554=CARTESIAN_POINT('Ctrl Pts',(7.02659428997933,52.211063523427,23.3095456750879));
#8555=CARTESIAN_POINT('Ctrl Pts',(7.05282692703095,52.1988886522109,22.6777763957639));
#8556=CARTESIAN_POINT('Ctrl Pts',(7.07950643938753,52.1856486021498,22.044066010494));
#8557=CARTESIAN_POINT('Ctrl Pts',(7.09251132276476,52.1798964978321,21.7264454771362));
#8558=CARTESIAN_POINT('Ctrl Pts',(7.11955360213103,52.166832583287,21.0880291740929));
#8559=CARTESIAN_POINT('Ctrl Pts',(7.14902360256268,52.1512273885816,20.44313282533));
#8560=CARTESIAN_POINT('Ctrl Pts',(7.16354597991206,52.1473412491574,20.120684455137));
#8561=CARTESIAN_POINT('Ctrl Pts',(7.18364894818264,52.1442839423015,19.6352290302055));
#8562=CARTESIAN_POINT('Ctrl Pts',(7.20821499406395,52.125440200714,19.1360422429867));
#8563=CARTESIAN_POINT('Ctrl Pts',(7.21801256696514,52.1169561954313,18.9671080214494));
#8564=CARTESIAN_POINT('Ctrl Pts',(7.23127987861346,52.107002542657,18.756970471245));
#8565=CARTESIAN_POINT('Ctrl Pts',(7.24164871163914,52.1017290929689,18.5512221068286));
#8566=CARTESIAN_POINT('Ctrl Pts',(7.24360465929536,52.1008992046907,18.5102814414929));
#8567=CARTESIAN_POINT('Ctrl Pts',(7.24713327191356,52.0996941675503,18.4290034698368));
#8568=CARTESIAN_POINT('Ctrl Pts',(7.25011242009242,52.0993485453136,18.3487241751437));
#8569=CARTESIAN_POINT('Ctrl Pts',(7.25151625370101,52.0993790095007,18.3087878682475));
#8570=CARTESIAN_POINT('Ctrl Pts',(7.25572448345031,52.1000286611382,18.1893271017099));
#8571=CARTESIAN_POINT('Ctrl Pts',(7.26008970648441,52.1022428859935,18.070689486986));
#8572=CARTESIAN_POINT('Ctrl Pts',(7.26322998952849,52.1043133268566,17.9917526636324));
#8573=CARTESIAN_POINT('Ctrl Pts',(7.27270794987444,52.1121386182301,17.7558785923236));
#8574=CARTESIAN_POINT('Ctrl Pts',(7.28208430933283,52.124363200186,17.5227083771777));
#8575=CARTESIAN_POINT('Ctrl Pts',(7.28785152190749,52.1340872532728,17.3685511151211));
#8576=CARTESIAN_POINT('Ctrl Pts',(7.29836262488561,52.156217070089,17.0622452037866));
#8577=CARTESIAN_POINT('Ctrl Pts',(7.30644106602144,52.1828597990626,16.7594195558036));
#8578=CARTESIAN_POINT('Ctrl Pts',(7.30979721227185,52.1971014498215,16.6087188021657));
#8579=CARTESIAN_POINT('Ctrl Pts',(7.31242627916538,52.2120950291079,16.458603737858));
#8580=CARTESIAN_POINT('Ctrl Pts',(7.3142920084542,52.227701193098,16.3089715814814));
#8581=CARTESIAN_POINT('Ctrl Pts',(6.93162859694101,51.8611961808862,29.080286497172));
#8582=CARTESIAN_POINT('Ctrl Pts',(6.95971411623824,51.8696457606517,28.9280411363139));
#8583=CARTESIAN_POINT('Ctrl Pts',(6.98631137671344,51.8774011364117,28.77388848148));
#8584=CARTESIAN_POINT('Ctrl Pts',(7.01136307747285,51.8903461705876,28.6074600000443));
#8585=CARTESIAN_POINT('Ctrl Pts',(7.04365673047947,51.8771128328079,28.403854749368));
#8586=CARTESIAN_POINT('Ctrl Pts',(7.06900533698646,51.8905709512586,28.1528891752248));
#8587=CARTESIAN_POINT('Ctrl Pts',(7.07693696199603,51.8993044425956,28.0617568171284));
#8588=CARTESIAN_POINT('Ctrl Pts',(7.09147909394822,51.9101585528171,27.8903061594429));
#8589=CARTESIAN_POINT('Ctrl Pts',(7.10431378975061,51.916789463811,27.7252457249343));
#8590=CARTESIAN_POINT('Ctrl Pts',(7.11050268572571,51.9196528564564,27.643224778825));
#8591=CARTESIAN_POINT('Ctrl Pts',(7.12870994430566,51.9281389920354,27.3969428074007));
#8592=CARTESIAN_POINT('Ctrl Pts',(7.14623720555576,51.9366096018233,27.1505751984696));
#8593=CARTESIAN_POINT('Ctrl Pts',(7.1580349782071,51.9428201417952,26.9863064617958));
#8594=CARTESIAN_POINT('Ctrl Pts',(7.18130487935229,51.9547503542297,26.6598694758176));
#8595=CARTESIAN_POINT('Ctrl Pts',(7.20382083696629,51.965721029495,26.3370883224202));
#8596=CARTESIAN_POINT('Ctrl Pts',(7.21487242929178,51.9709067194615,26.1765921688444));
#8597=CARTESIAN_POINT('Ctrl Pts',(7.24804147584264,51.9862717907435,25.696816440416));
#8598=CARTESIAN_POINT('Ctrl Pts',(7.28037177414958,52.0010516120115,25.2209856208765));
#8599=CARTESIAN_POINT('Ctrl Pts',(7.30069578911198,52.010711433939,24.9042615371571));
#8600=CARTESIAN_POINT('Ctrl Pts',(7.33932514624047,52.0288616902907,24.2716067872385));
#8601=CARTESIAN_POINT('Ctrl Pts',(7.37577029450217,52.0438498958981,23.6397697741331));
#8602=CARTESIAN_POINT('Ctrl Pts',(7.39383023865034,52.0502847840851,23.3238940241282));
#8603=CARTESIAN_POINT('Ctrl Pts',(7.42936388271092,52.0614793831352,22.6916559798229));
#8604=CARTESIAN_POINT('Ctrl Pts',(7.46402320997362,52.0708320034943,22.0571232665514));
#8605=CARTESIAN_POINT('Ctrl Pts',(7.48114691038676,52.0754886009236,21.7389520602457));
#8606=CARTESIAN_POINT('Ctrl Pts',(7.51629414475392,52.0839116338764,21.1000598059623));
#8607=CARTESIAN_POINT('Ctrl Pts',(7.55342992290531,52.091304500905,20.4554513654276));
#8608=CARTESIAN_POINT('Ctrl Pts',(7.57254428017095,52.0958925478591,20.1320446127438));
#8609=CARTESIAN_POINT('Ctrl Pts',(7.60134043014584,52.099069331345,19.641855205503));
#8610=CARTESIAN_POINT('Ctrl Pts',(7.63162208764796,52.098294086079,19.1472083697155));
#8611=CARTESIAN_POINT('Ctrl Pts',(7.64090764592388,52.0977662426179,18.9817711184138));
#8612=CARTESIAN_POINT('Ctrl Pts',(7.65682432119152,52.0979593882191,18.7764842538793));
#8613=CARTESIAN_POINT('Ctrl Pts',(7.67410591730495,52.1005138887958,18.5736937455097));
#8614=CARTESIAN_POINT('Ctrl Pts',(7.67755745951155,52.1011317278139,18.5332347515494));
#8615=CARTESIAN_POINT('Ctrl Pts',(7.68389935884504,52.1026061439359,18.4524450562491));
#8616=CARTESIAN_POINT('Ctrl Pts',(7.68855305134965,52.1045774930573,18.3718813469665));
#8617=CARTESIAN_POINT('Ctrl Pts',(7.69030887634122,52.1056922857355,18.331648382789));
#8618=CARTESIAN_POINT('Ctrl Pts',(7.69478175284221,52.1094179036926,18.2112108599311));
#8619=CARTESIAN_POINT('Ctrl Pts',(7.69845008073122,52.1142683546535,18.0916694916368));
#8620=CARTESIAN_POINT('Ctrl Pts',(7.70184973653141,52.1179840605793,18.012467657102));
#8621=CARTESIAN_POINT('Ctrl Pts',(7.71255576505482,52.130472842493,17.776019479408));
#8622=CARTESIAN_POINT('Ctrl Pts',(7.72436520957302,52.1466746774298,17.5428333379933));
#8623=CARTESIAN_POINT('Ctrl Pts',(7.73146495885485,52.1588458357836,17.3885339854661));
#8624=CARTESIAN_POINT('Ctrl Pts',(7.74440703575167,52.1854399737731,17.0819306019595));
#8625=CARTESIAN_POINT('Ctrl Pts',(7.75434946257142,52.2157156161091,16.778685731335));
#8626=CARTESIAN_POINT('Ctrl Pts',(7.75851339513235,52.2315673964421,16.6277504831258));
#8627=CARTESIAN_POINT('Ctrl Pts',(7.76185026215511,52.2479623457119,16.4773779909417));
#8628=CARTESIAN_POINT('Ctrl Pts',(7.76433261704735,52.2647660260091,16.3274638527464));
#8629=CARTESIAN_POINT('Ctrl Pts',(7.21987499039854,51.2640092139551,29.0662614473747));
#8630=CARTESIAN_POINT('Ctrl Pts',(7.25309773814909,51.2759303944764,28.9166551229601));
#8631=CARTESIAN_POINT('Ctrl Pts',(7.2859620065969,51.2882187074317,28.7656375463792));
#8632=CARTESIAN_POINT('Ctrl Pts',(7.3180137833919,51.2982236653988,28.617647154852));
#8633=CARTESIAN_POINT('Ctrl Pts',(7.36462293238266,51.3277831507036,28.3670581557889));
#8634=CARTESIAN_POINT('Ctrl Pts',(7.40447883901799,51.3508600344737,28.1280291635614));
#8635=CARTESIAN_POINT('Ctrl Pts',(7.41685284417262,51.3567833226925,28.0516653248875));
#8636=CARTESIAN_POINT('Ctrl Pts',(7.44107188587446,51.3710666421817,27.8934574282193));
#8637=CARTESIAN_POINT('Ctrl Pts',(7.46411892706438,51.3875337809556,27.7300217069243));
#8638=CARTESIAN_POINT('Ctrl Pts',(7.47538580518066,51.3961193374191,27.6475118628965));
#8639=CARTESIAN_POINT('Ctrl Pts',(7.50834805083339,51.4219251722992,27.3999356500506));
#8640=CARTESIAN_POINT('Ctrl Pts',(7.5392171856312,51.4472993095276,27.1534824141889));
#8641=CARTESIAN_POINT('Ctrl Pts',(7.55917556782426,51.4632672931906,26.991302943734));
#8642=CARTESIAN_POINT('Ctrl Pts',(7.59907875567035,51.4943591673007,26.6695251362772));
#8643=CARTESIAN_POINT('Ctrl Pts',(7.63895491702452,51.5246556114767,26.3513692760613));
#8644=CARTESIAN_POINT('Ctrl Pts',(7.65895791754024,51.5398750725931,26.1927207116961));
#8645=CARTESIAN_POINT('Ctrl Pts',(7.71761131991454,51.5856308863344,25.7172751270353));
#8646=CARTESIAN_POINT('Ctrl Pts',(7.77036897650732,51.6314098138129,25.2425760929022));
#8647=CARTESIAN_POINT('Ctrl Pts',(7.80140722246483,51.6619031750006,24.9258106558146));
#8648=CARTESIAN_POINT('Ctrl Pts',(7.86072155080278,51.7211388576707,24.2935630040528));
#8649=CARTESIAN_POINT('Ctrl Pts',(7.91603977586599,51.7745941565057,23.6628488474073));
#8650=CARTESIAN_POINT('Ctrl Pts',(7.94328179288791,51.799282779191,23.3477007294511));
#8651=CARTESIAN_POINT('Ctrl Pts',(7.99492004731094,51.8459235767333,22.7161643929029));
#8652=CARTESIAN_POINT('Ctrl Pts',(8.04211581830201,51.8896780812604,22.0813811744621));
#8653=CARTESIAN_POINT('Ctrl Pts',(8.06488797228645,51.9114813052605,21.762974570346));
#8654=CARTESIAN_POINT('Ctrl Pts',(8.11119544986953,51.9540975215858,21.1240905997713));
#8655=CARTESIAN_POINT('Ctrl Pts',(8.16048066034538,51.9936151229164,20.480016090323));
#8656=CARTESIAN_POINT('Ctrl Pts',(8.18614514434526,52.0125517448807,20.1566175250897));
#8657=CARTESIAN_POINT('Ctrl Pts',(8.22659501675614,52.0377390056621,19.6675225174846));
#8658=CARTESIAN_POINT('Ctrl Pts',(8.26809706392507,52.0617855670494,19.1773317532278));
#8659=CARTESIAN_POINT('Ctrl Pts',(8.28235272610193,52.0698895495319,19.0140603982231));
#8660=CARTESIAN_POINT('Ctrl Pts',(8.29854826285229,52.0806712674087,18.8111081355414));
#8661=CARTESIAN_POINT('Ctrl Pts',(8.31273198553668,52.0928944442483,18.6095092896855));
#8662=CARTESIAN_POINT('Ctrl Pts',(8.31549873995652,52.0954029205473,18.5692434847756));
#8663=CARTESIAN_POINT('Ctrl Pts',(8.32112360064213,52.1005591605378,18.4888250335753));
#8664=CARTESIAN_POINT('Ctrl Pts',(8.32723398096986,52.10600931864,18.4086425273055));
#8665=CARTESIAN_POINT('Ctrl Pts',(8.33048959070672,52.1088118607641,18.3686119522827));
#8666=CARTESIAN_POINT('Ctrl Pts',(8.34048917336755,52.1174542484603,18.2487028240039));
#8667=CARTESIAN_POINT('Ctrl Pts',(8.35046177830075,52.1267915076189,18.1294221693399));
#8668=CARTESIAN_POINT('Ctrl Pts',(8.35649711926886,52.1333158584776,18.0502627344727));
#8669=CARTESIAN_POINT('Ctrl Pts',(8.37368537583644,52.1537499185558,17.8138936081143));
#8670=CARTESIAN_POINT('Ctrl Pts',(8.38814022824353,52.1766349196039,17.5805367693116));
#8671=CARTESIAN_POINT('Ctrl Pts',(8.3969425207559,52.1928582915804,17.426051791709));
#8672=CARTESIAN_POINT('Ctrl Pts',(8.41272086448767,52.2267863531472,17.1189029342876));
#8673=CARTESIAN_POINT('Ctrl Pts',(8.42490055691239,52.2628835021823,16.8148673164458));
#8674=CARTESIAN_POINT('Ctrl Pts',(8.43008016859731,52.2812732921931,16.6634886298612));
#8675=CARTESIAN_POINT('Ctrl Pts',(8.43431539248853,52.2998285920173,16.5126208976871));
#8676=CARTESIAN_POINT('Ctrl Pts',(8.43758067456476,52.3184272616097,16.3621563205996));
#8677=CARTESIAN_POINT('Ctrl Pts',(7.45692315941559,50.6479127374182,29.0167047694795));
#8678=CARTESIAN_POINT('Ctrl Pts',(7.49367990167062,50.6626684626333,28.8680258377851));
#8679=CARTESIAN_POINT('Ctrl Pts',(7.53148678759253,50.6789374394302,28.7183691427588));
#8680=CARTESIAN_POINT('Ctrl Pts',(7.57017584836372,50.6975563094698,28.5664504374672));
#8681=CARTESIAN_POINT('Ctrl Pts',(7.62732749689765,50.7262669150829,28.3434952732325));
#8682=CARTESIAN_POINT('Ctrl Pts',(7.68497400437098,50.7610694380728,28.1091425893789));
#8683=CARTESIAN_POINT('Ctrl Pts',(7.70430977353209,50.7738717435093,28.0284697042167));
#8684=CARTESIAN_POINT('Ctrl Pts',(7.7424987679135,50.800615171178,27.8663669029583));
#8685=CARTESIAN_POINT('Ctrl Pts',(7.77969805184111,50.8285242081383,27.7042213928073));
#8686=CARTESIAN_POINT('Ctrl Pts',(7.79802378415438,50.8425534651586,27.6234940644115));
#8687=CARTESIAN_POINT('Ctrl Pts',(7.85227979510204,50.8847742879009,27.3818366737038));
#8688=CARTESIAN_POINT('Ctrl Pts',(7.90425334092531,50.9265074429614,27.1426666052997));
#8689=CARTESIAN_POINT('Ctrl Pts',(7.93768888198697,50.9532681042274,26.9850187429089));
#8690=CARTESIAN_POINT('Ctrl Pts',(8.00344405877658,51.0061047542351,26.6716932907409));
#8691=CARTESIAN_POINT('Ctrl Pts',(8.06715558901184,51.0587224920991,26.3597946746351));
#8692=CARTESIAN_POINT('Ctrl Pts',(8.09836028991396,51.0851675749707,26.2036465351224));
#8693=CARTESIAN_POINT('Ctrl Pts',(8.18664682275845,51.1639573955753,25.7340847031854));
#8694=CARTESIAN_POINT('Ctrl Pts',(8.25913350526276,51.2417425394362,25.2611779643336));
#8695=CARTESIAN_POINT('Ctrl Pts',(8.29980128122593,51.293704776555,24.944431690163));
#8696=CARTESIAN_POINT('Ctrl Pts',(8.38126684147804,51.3970683462953,24.31504278449));
#8697=CARTESIAN_POINT('Ctrl Pts',(8.46187761969972,51.4925286520474,23.690506555486));
#8698=CARTESIAN_POINT('Ctrl Pts',(8.50194557653848,51.5365457589641,23.378648089685));
#8699=CARTESIAN_POINT('Ctrl Pts',(8.57451554537052,51.6199098133021,22.7514554856892));
#8700=CARTESIAN_POINT('Ctrl Pts',(8.63544017695743,51.6997524467264,22.1184919018057));
#8701=CARTESIAN_POINT('Ctrl Pts',(8.6634698823381,51.7399975421952,21.8006017263605));
#8702=CARTESIAN_POINT('Ctrl Pts',(8.71981944605616,51.8179354277128,21.1629573668972));
#8703=CARTESIAN_POINT('Ctrl Pts',(8.77829282730446,51.8900373174116,20.5203872385978));
#8704=CARTESIAN_POINT('Ctrl Pts',(8.80843618164211,51.9244489660397,20.1976373610106));
#8705=CARTESIAN_POINT('Ctrl Pts',(8.85572851233101,51.9736657110986,19.7111774168852));
#8706=CARTESIAN_POINT('Ctrl Pts',(8.90502009643387,52.0212076409369,19.2235600980276));
#8707=CARTESIAN_POINT('Ctrl Pts',(8.92157756404581,52.0369781155543,19.0610848965651));
#8708=CARTESIAN_POINT('Ctrl Pts',(8.94202231912799,52.0569948181931,18.8580336695058));
#8709=CARTESIAN_POINT('Ctrl Pts',(8.96208884221672,52.0778346143905,18.6561586526778));
#8710=CARTESIAN_POINT('Ctrl Pts',(8.96608512785135,52.0820396025974,18.615842609062));
#8711=CARTESIAN_POINT('Ctrl Pts',(8.97399237704356,52.0905305333754,18.5353616975084));
#8712=CARTESIAN_POINT('Ctrl Pts',(8.98161894939051,52.0991946169003,18.4552258034603));
#8713=CARTESIAN_POINT('Ctrl Pts',(8.98533414128522,52.1035727196772,18.4152554343547));
#8714=CARTESIAN_POINT('Ctrl Pts',(8.99622972004833,52.1168527877002,18.2956370008234));
#8715=CARTESIAN_POINT('Ctrl Pts',(9.0064664948784,52.1305849633824,18.1768200058877));
#8716=CARTESIAN_POINT('Ctrl Pts',(9.013063204067,52.1399545311665,18.0978886586563));
#8717=CARTESIAN_POINT('Ctrl Pts',(9.03200409842339,52.1686750612516,17.861845016545));
#8718=CARTESIAN_POINT('Ctrl Pts',(9.04856258893649,52.1990292747874,17.628073374266));
#8719=CARTESIAN_POINT('Ctrl Pts',(9.05862470012321,52.2198089079864,17.4732308692437));
#8720=CARTESIAN_POINT('Ctrl Pts',(9.07686108539708,52.2618596449606,17.1653027510265));
#8721=CARTESIAN_POINT('Ctrl Pts',(9.09113577821034,52.3040240892259,16.860242160465));
#8722=CARTESIAN_POINT('Ctrl Pts',(9.09724670995741,52.3249107978917,16.7082726255143));
#8723=CARTESIAN_POINT('Ctrl Pts',(9.102276368331,52.3454444204634,16.5567134228143));
#8724=CARTESIAN_POINT('Ctrl Pts',(9.10619126477289,52.3655444190353,16.4054566621381));
#8725=CARTESIAN_POINT('Ctrl Pts',(7.53084796191388,50.4411384220463,28.99594230642));
#8726=CARTESIAN_POINT('Ctrl Pts',(7.56866994183146,50.4568242608245,28.8469695673792));
#8727=CARTESIAN_POINT('Ctrl Pts',(7.60819097805884,50.4745171844082,28.6966540003261));
#8728=CARTESIAN_POINT('Ctrl Pts',(7.64872312539246,50.4945360143969,28.5458763247433));
#8729=CARTESIAN_POINT('Ctrl Pts',(7.71472599178637,50.5298274702078,28.3079993591881));
#8730=CARTESIAN_POINT('Ctrl Pts',(7.77933281937599,50.5694026921541,28.0726535472976));
#8731=CARTESIAN_POINT('Ctrl Pts',(7.79966486286299,50.5828902379273,27.9967609671403));
#8732=CARTESIAN_POINT('Ctrl Pts',(7.84024621878361,50.6107476754275,27.844413321803));
#8733=CARTESIAN_POINT('Ctrl Pts',(7.88117666872704,50.6403302635513,27.6894270327018));
#8734=CARTESIAN_POINT('Ctrl Pts',(7.9017861966769,50.6555301285324,27.6111083811519));
#8735=CARTESIAN_POINT('Ctrl Pts',(7.96336836089655,50.7017733559413,27.3754997617645));
#8736=CARTESIAN_POINT('Ctrl Pts',(8.02370634716392,50.748918242408,27.1392021035371));
#8737=CARTESIAN_POINT('Ctrl Pts',(8.06265244369288,50.7796942810789,26.9830933199073));
#8738=CARTESIAN_POINT('Ctrl Pts',(8.13876761066071,50.8406836499851,26.6722512395526));
#8739=CARTESIAN_POINT('Ctrl Pts',(8.21078715290324,50.901147031485,26.3621853435642));
#8740=CARTESIAN_POINT('Ctrl Pts',(8.24556509744305,50.9313513260462,26.2068318729594));
#8741=CARTESIAN_POINT('Ctrl Pts',(8.34345970274368,51.0212784273366,25.7391627607551));
#8742=CARTESIAN_POINT('Ctrl Pts',(8.42229779507265,51.109799665002,25.2669581588722));
#8743=CARTESIAN_POINT('Ctrl Pts',(8.46603702966576,51.1689356801812,24.9502339364922));
#8744=CARTESIAN_POINT('Ctrl Pts',(8.55504058641349,51.2872914232814,24.3221171546409));
#8745=CARTESIAN_POINT('Ctrl Pts',(8.6449476778806,51.3972005539554,23.7003403282107));
#8746=CARTESIAN_POINT('Ctrl Pts',(8.68975993939152,51.447806933742,23.389921611724));
#8747=CARTESIAN_POINT('Ctrl Pts',(8.76992757523167,51.5435556549869,22.7646550435801));
#8748=CARTESIAN_POINT('Ctrl Pts',(8.8356092513017,51.6356469943256,22.1325814593552));
#8749=CARTESIAN_POINT('Ctrl Pts',(8.86535283413047,51.6821885599304,21.8149587642524));
#8750=CARTESIAN_POINT('Ctrl Pts',(8.92492313666467,51.7720034786885,21.1778973498219));
#8751=CARTESIAN_POINT('Ctrl Pts',(8.98603908538873,51.8550153171792,20.5359280403826));
#8752=CARTESIAN_POINT('Ctrl Pts',(9.01738191332495,51.8946565108763,20.2134652755349));
#8753=CARTESIAN_POINT('Ctrl Pts',(9.06613258205174,51.9519951670374,19.7277820407778));
#8754=CARTESIAN_POINT('Ctrl Pts',(9.11764916505524,52.0071787019103,19.2409928349156));
#8755=CARTESIAN_POINT('Ctrl Pts',(9.13508645396927,52.0254078273698,19.078705749713));
#8756=CARTESIAN_POINT('Ctrl Pts',(9.15726016285163,52.0482765953398,18.8762156662096));
#8757=CARTESIAN_POINT('Ctrl Pts',(9.17871429253079,52.0717531217606,18.6749825343174));
#8758=CARTESIAN_POINT('Ctrl Pts',(9.18296404654822,52.0764776008117,18.6347929618143));
#8759=CARTESIAN_POINT('Ctrl Pts',(9.19134440972483,52.0859954809929,18.5545358216193));
#8760=CARTESIAN_POINT('Ctrl Pts',(9.19940331983254,52.0956735204723,18.4744920522821));
#8761=CARTESIAN_POINT('Ctrl Pts',(9.2033312557944,52.1005581865819,18.4345159761104));
#8762=CARTESIAN_POINT('Ctrl Pts',(9.21476290641385,52.1153640796902,18.3146757434579));
#8763=CARTESIAN_POINT('Ctrl Pts',(9.22521849392829,52.1306199141686,18.1952308238524));
#8764=CARTESIAN_POINT('Ctrl Pts',(9.23184960037192,52.14097924137,18.1159408292663));
#8765=CARTESIAN_POINT('Ctrl Pts',(9.25103251076135,52.1725688997805,17.8791021347242));
#8766=CARTESIAN_POINT('Ctrl Pts',(9.26807161630299,52.2055069479089,17.6449912037997));
#8767=CARTESIAN_POINT('Ctrl Pts',(9.27857424350189,52.2278670572769,17.4899632455354));
#8768=CARTESIAN_POINT('Ctrl Pts',(9.29762813783709,52.2727107340241,17.1817084044629));
#8769=CARTESIAN_POINT('Ctrl Pts',(9.31261668527399,52.3169050849377,16.8762867862897));
#8770=CARTESIAN_POINT('Ctrl Pts',(9.31903746388962,52.3386059004703,16.7241033026901));
#8771=CARTESIAN_POINT('Ctrl Pts',(9.32432573136997,52.3597628681195,16.5722907334547));
#8772=CARTESIAN_POINT('Ctrl Pts',(9.32844476939258,52.380313934775,16.4207407931938));
#8773=CARTESIAN_POINT('Ctrl Pts',(7.66910691834046,50.0244421954535,28.9504427896113));
#8774=CARTESIAN_POINT('Ctrl Pts',(7.7080041877208,50.0411768630241,28.8023910505336));
#8775=CARTESIAN_POINT('Ctrl Pts',(7.74958238225641,50.0606574563733,28.6537002973947));
#8776=CARTESIAN_POINT('Ctrl Pts',(7.79475644346304,50.0835609282552,28.5021480452281));
#8777=CARTESIAN_POINT('Ctrl Pts',(7.86340546752702,50.1216679256968,28.2840598709767));
#8778=CARTESIAN_POINT('Ctrl Pts',(7.93752612680814,50.1675611940719,28.0607703396752));
#8779=CARTESIAN_POINT('Ctrl Pts',(7.96367697826826,50.1839034202927,27.9830386767783));
#8780=CARTESIAN_POINT('Ctrl Pts',(8.01702679810349,50.2181052406683,27.8260805679035));
#8781=CARTESIAN_POINT('Ctrl Pts',(8.07103088431046,50.2544931332058,27.6697125901942));
#8782=CARTESIAN_POINT('Ctrl Pts',(8.09796509131667,50.2730453897781,27.5921293807385));
#8783=CARTESIAN_POINT('Ctrl Pts',(8.17857907442179,50.3295376811442,27.3598751456192));
#8784=CARTESIAN_POINT('Ctrl Pts',(8.2576377190209,50.3877681795888,27.129401457012));
#8785=CARTESIAN_POINT('Ctrl Pts',(8.30891034765377,50.4266923928332,26.9762827083462));
#8786=CARTESIAN_POINT('Ctrl Pts',(8.40765680296142,50.5042050182844,26.6708291674));
#8787=CARTESIAN_POINT('Ctrl Pts',(8.49747479008712,50.5807119966335,26.3648610860883));
#8788=CARTESIAN_POINT('Ctrl Pts',(8.53982695234255,50.6186272820376,26.2112917442433));
#8789=CARTESIAN_POINT('Ctrl Pts',(8.65795440169978,50.7312149493824,25.7480004690469));
#8790=CARTESIAN_POINT('Ctrl Pts',(8.74989402456045,50.8412425358074,25.2776098829592));
#8791=CARTESIAN_POINT('Ctrl Pts',(8.79916647450269,50.9144867136644,24.9607732682239));
#8792=CARTESIAN_POINT('Ctrl Pts',(8.90409693055067,51.0639203634625,24.3362648187821));
#8793=CARTESIAN_POINT('Ctrl Pts',(9.01479483426834,51.204008096821,23.7217250815313));
#8794=CARTESIAN_POINT('Ctrl Pts',(9.07009279058579,51.2680815430001,23.4149018639369));
#8795=CARTESIAN_POINT('Ctrl Pts',(9.16679965315856,51.3895811769504,22.7946375637522));
#8796=CARTESIAN_POINT('Ctrl Pts',(9.24273077386534,51.5067371475866,22.1651242628313));
#8797=CARTESIAN_POINT('Ctrl Pts',(9.27608277047839,51.5658841981233,21.848289916642));
#8798=CARTESIAN_POINT('Ctrl Pts',(9.34209794194243,51.6794842071293,21.212811126507));
#8799=CARTESIAN_POINT('Ctrl Pts',(9.40707101042572,51.7841471860629,20.5717886296236));
#8800=CARTESIAN_POINT('Ctrl Pts',(9.43992352650607,51.8340881646056,20.2494747179897));
#8801=CARTESIAN_POINT('Ctrl Pts',(9.49003184546381,51.9079538118978,19.7653135818292));
#8802=CARTESIAN_POINT('Ctrl Pts',(9.54306302354211,51.9784556171819,19.2796836246021));
#8803=CARTESIAN_POINT('Ctrl Pts',(9.56116194179585,52.0015107800473,19.1176003944098));
#8804=CARTESIAN_POINT('Ctrl Pts',(9.58426709025754,52.0298294000621,18.915131093142));
#8805=CARTESIAN_POINT('Ctrl Pts',(9.60673179386367,52.058360013833,18.7131914016745));
#8806=CARTESIAN_POINT('Ctrl Pts',(9.61118758289338,52.0640824689789,18.6728280425706));
#8807=CARTESIAN_POINT('Ctrl Pts',(9.61999891693383,52.0755785735931,18.5921549134694));
#8808=CARTESIAN_POINT('Ctrl Pts',(9.62858125761898,52.0872030418521,18.511654711724));
#8809=CARTESIAN_POINT('Ctrl Pts',(9.63280802571178,52.0930539725895,18.4714635800875));
#8810=CARTESIAN_POINT('Ctrl Pts',(9.64528989070428,52.1107310602259,18.3511708337011));
#8811=CARTESIAN_POINT('Ctrl Pts',(9.65711591652077,52.128801657231,18.2316798113927));
#8812=CARTESIAN_POINT('Ctrl Pts',(9.66464273540091,52.1410497270737,18.1522742184292));
#8813=CARTESIAN_POINT('Ctrl Pts',(9.68625886880179,52.1782882725623,17.914818474526));
#8814=CARTESIAN_POINT('Ctrl Pts',(9.70517957060397,52.2165581062669,17.6800553577702));
#8815=CARTESIAN_POINT('Ctrl Pts',(9.7167500698104,52.2421457203939,17.5248463665082));
#8816=CARTESIAN_POINT('Ctrl Pts',(9.73773663855279,52.292656197181,17.2161114993513));
#8817=CARTESIAN_POINT('Ctrl Pts',(9.75421276144782,52.3408122323501,16.9099936310123));
#8818=CARTESIAN_POINT('Ctrl Pts',(9.76126779836512,52.3640393584196,16.7573600241125));
#8819=CARTESIAN_POINT('Ctrl Pts',(9.76706293481473,52.3863013357326,16.6049915581429));
#8820=CARTESIAN_POINT('Ctrl Pts',(9.77156112869045,52.4075870197683,16.4527861231441));
#8821=CARTESIAN_POINT('Ctrl Pts',(7.79496891281258,49.6053706921402,28.8937425321611));
#8822=CARTESIAN_POINT('Ctrl Pts',(7.83325573407811,49.6215875619051,28.7463549678176));
#8823=CARTESIAN_POINT('Ctrl Pts',(7.87522135986844,49.641187220687,28.5988316625606));
#8824=CARTESIAN_POINT('Ctrl Pts',(7.92138605568029,49.6648591866183,28.4523575543746));
#8825=CARTESIAN_POINT('Ctrl Pts',(7.99834750267785,49.7075114108204,28.2300898836804));
#8826=CARTESIAN_POINT('Ctrl Pts',(8.08633150902284,49.7599088532042,28.0049641544911));
#8827=CARTESIAN_POINT('Ctrl Pts',(8.11664314137495,49.7784406237863,27.9304772150141));
#8828=CARTESIAN_POINT('Ctrl Pts',(8.17898681330324,49.8172912680846,27.7814453165489));
#8829=CARTESIAN_POINT('Ctrl Pts',(8.24379349388099,49.8588135233516,27.6314871460406));
#8830=CARTESIAN_POINT('Ctrl Pts',(8.27653845714894,49.8800445558613,27.5563038784702));
#8831=CARTESIAN_POINT('Ctrl Pts',(8.37512097763578,49.9448568217741,27.3309443261321));
#8832=CARTESIAN_POINT('Ctrl Pts',(8.47324745072197,50.0124445800638,27.1062047715836));
#8833=CARTESIAN_POINT('Ctrl Pts',(8.53709380759592,50.0582864513599,26.957001653172));
#8834=CARTESIAN_POINT('Ctrl Pts',(8.65962355356897,50.1509432543969,26.6582574225834));
#8835=CARTESIAN_POINT('Ctrl Pts',(8.76973206337965,50.2432739253263,26.3567309200258));
#8836=CARTESIAN_POINT('Ctrl Pts',(8.8211099793852,50.2887747910346,26.2047055645368));
#8837=CARTESIAN_POINT('Ctrl Pts',(8.96414214137833,50.4241780081725,25.7462721775247));
#8838=CARTESIAN_POINT('Ctrl Pts',(9.07590532121286,50.558372688853,25.2824094363257));
#8839=CARTESIAN_POINT('Ctrl Pts',(9.13521034574773,50.6474848147422,24.969125986589));
#8840=CARTESIAN_POINT('Ctrl Pts',(9.26016098894077,50.8300619215922,24.3513122575833));
#8841=CARTESIAN_POINT('Ctrl Pts',(9.39131428600497,51.0010347070559,23.7444025475391));
#8842=CARTESIAN_POINT('Ctrl Pts',(9.45706804865466,51.0789439295334,23.4415190030652));
#8843=CARTESIAN_POINT('Ctrl Pts',(9.57124968144407,51.2288308124236,22.8277649826631));
#8844=CARTESIAN_POINT('Ctrl Pts',(9.66057549072793,51.3730249235539,22.2034209650779));
#8845=CARTESIAN_POINT('Ctrl Pts',(9.69937770787482,51.4449810901227,21.8887004023831));
#8846=CARTESIAN_POINT('Ctrl Pts',(9.77335604673705,51.582978359438,21.2563601282501));
#8847=CARTESIAN_POINT('Ctrl Pts',(9.84076788356024,51.7099733181187,20.6163894810178));
#8848=CARTESIAN_POINT('Ctrl Pts',(9.87407918182265,51.7705114609087,20.293924341917));
#8849=CARTESIAN_POINT('Ctrl Pts',(9.92288037813742,51.8614515505684,19.810722653902));
#8850=CARTESIAN_POINT('Ctrl Pts',(9.9732034548048,51.9475420902902,19.3248868985913));
#8851=CARTESIAN_POINT('Ctrl Pts',(9.9903583481926,51.9754304534537,19.162479946918));
#8852=CARTESIAN_POINT('Ctrl Pts',(10.0127330954492,52.0090320381484,18.9585826651795));
#8853=CARTESIAN_POINT('Ctrl Pts',(10.0352700338205,52.0421904695758,18.7551429235612));
#8854=CARTESIAN_POINT('Ctrl Pts',(10.039775172889,52.0488150109821,18.7144880020012));
#8855=CARTESIAN_POINT('Ctrl Pts',(10.0487616015319,52.0620761652223,18.6332841134663));
#8856=CARTESIAN_POINT('Ctrl Pts',(10.057654066948,52.0754226964894,18.5523218045448));
#8857=CARTESIAN_POINT('Ctrl Pts',(10.0620652825558,52.0821323360159,18.5119094128164));
#8858=CARTESIAN_POINT('Ctrl Pts',(10.075150808656,52.1024246100743,18.3908400943748));
#8859=CARTESIAN_POINT('Ctrl Pts',(10.0877250356629,52.1232546236031,18.2703873251305));
#8860=CARTESIAN_POINT('Ctrl Pts',(10.0958258531951,52.1374140177517,18.1905205388294));
#8861=CARTESIAN_POINT('Ctrl Pts',(10.1192008100962,52.1803500753982,17.9523885642146));
#8862=CARTESIAN_POINT('Ctrl Pts',(10.139803853609,52.2240604448466,17.7178559522946));
#8863=CARTESIAN_POINT('Ctrl Pts',(10.1523678844519,52.252915662356,17.5626074465335));
#8864=CARTESIAN_POINT('Ctrl Pts',(10.1752425712386,52.3088812883506,17.253608647933));
#8865=CARTESIAN_POINT('Ctrl Pts',(10.1931520696454,52.3602859747322,16.946622756333));
#8866=CARTESIAN_POINT('Ctrl Pts',(10.2007738912367,52.3845661295292,16.793383140676));
#8867=CARTESIAN_POINT('Ctrl Pts',(10.2069658976705,52.4074046886393,16.6402557888407));
#8868=CARTESIAN_POINT('Ctrl Pts',(10.2116977638325,52.4288788060742,16.4871633498983));
#8869=CARTESIAN_POINT('Ctrl Pts',(7.8562757318543,49.3960780479083,28.8621096511278));
#8870=CARTESIAN_POINT('Ctrl Pts',(7.89388651021261,49.4116445252178,28.714557224053));
#8871=CARTESIAN_POINT('Ctrl Pts',(7.93582955622766,49.4310092163425,28.5668410015698));
#8872=CARTESIAN_POINT('Ctrl Pts',(7.98400045054827,49.4556587145024,28.4191418247873));
#8873=CARTESIAN_POINT('Ctrl Pts',(8.0680204312028,49.5030351772598,28.197769242588));
#8874=CARTESIAN_POINT('Ctrl Pts',(8.15801847692935,49.5563323216693,27.9757319262498));
#8875=CARTESIAN_POINT('Ctrl Pts',(8.18982272992263,49.5754336210927,27.9017919057755));
#8876=CARTESIAN_POINT('Ctrl Pts',(8.25693833098101,49.6162280133636,27.7541352995719));
#8877=CARTESIAN_POINT('Ctrl Pts',(8.32663944703906,49.6595174542264,27.6064551727299));
#8878=CARTESIAN_POINT('Ctrl Pts',(8.36206925338138,49.6817933394929,27.5326324997372));
#8879=CARTESIAN_POINT('Ctrl Pts',(8.46921671504486,49.7498029216789,27.3110832653371));
#8880=CARTESIAN_POINT('Ctrl Pts',(8.57637073009572,49.8210764425533,27.0891974119349));
#8881=CARTESIAN_POINT('Ctrl Pts',(8.64679009411363,49.870356194138,26.9422685388328));
#8882=CARTESIAN_POINT('Ctrl Pts',(8.7796381486836,49.9691919461483,26.6467378518742));
#8883=CARTESIAN_POINT('Ctrl Pts',(8.89829345225296,50.0679806301431,26.3482802697683));
#8884=CARTESIAN_POINT('Ctrl Pts',(8.95595305256574,50.1183741714039,26.1970351883186));
#8885=CARTESIAN_POINT('Ctrl Pts',(9.11334344584326,50.2660811776096,25.7417569418506));
#8886=CARTESIAN_POINT('Ctrl Pts',(9.23706408210719,50.4108548951749,25.2821000764495));
#8887=CARTESIAN_POINT('Ctrl Pts',(9.30538520943978,50.5106016883454,24.9734229247639));
#8888=CARTESIAN_POINT('Ctrl Pts',(9.44141110567449,50.7099554881942,24.3596326526534));
#8889=CARTESIAN_POINT('Ctrl Pts',(9.58110953871179,50.8959131926736,23.7555531454314));
#8890=CARTESIAN_POINT('Ctrl Pts',(9.65165247567315,50.9808473925341,23.4545177272433));
#8891=CARTESIAN_POINT('Ctrl Pts',(9.77430630935559,51.1457110361962,22.8441552706834));
#8892=CARTESIAN_POINT('Ctrl Pts',(9.87152635306998,51.3041216720075,22.2232995202985));
#8893=CARTESIAN_POINT('Ctrl Pts',(9.91390337635964,51.3826075943185,21.9101874113616));
#8894=CARTESIAN_POINT('Ctrl Pts',(9.99260263392231,51.5330921619126,21.2799721022045));
#8895=CARTESIAN_POINT('Ctrl Pts',(10.0614077200135,51.6717594131849,20.6407848461384));
#8896=CARTESIAN_POINT('Ctrl Pts',(10.0947646811878,51.7379264918683,20.3183950245862));
#8897=CARTESIAN_POINT('Ctrl Pts',(10.1424167807384,51.8374477431015,19.8353220423847));
#8898=CARTESIAN_POINT('Ctrl Pts',(10.1905657331542,51.9313168489856,19.3488877540805));
#8899=CARTESIAN_POINT('Ctrl Pts',(10.2068740428682,51.96166238557,19.1861609647788));
#8900=CARTESIAN_POINT('Ctrl Pts',(10.2287927192478,51.9979214892748,18.9814565278338));
#8901=CARTESIAN_POINT('Ctrl Pts',(10.2514441580988,52.0334460440556,18.7766965476219));
#8902=CARTESIAN_POINT('Ctrl Pts',(10.2559928450107,52.0405341180766,18.7357574763774));
#8903=CARTESIAN_POINT('Ctrl Pts',(10.2650967726301,52.054707760571,18.6539448447578));
#8904=CARTESIAN_POINT('Ctrl Pts',(10.274141933288,52.0689406713036,18.5723607566946));
#8905=CARTESIAN_POINT('Ctrl Pts',(10.2786322342283,52.0760878221134,18.5316496071647));
#8906=CARTESIAN_POINT('Ctrl Pts',(10.2919384829566,52.0976728193387,18.4098523597135));
#8907=CARTESIAN_POINT('Ctrl Pts',(10.3046170532298,52.1197709695555,18.289237142181));
#8908=CARTESIAN_POINT('Ctrl Pts',(10.3126672984648,52.1348141044098,18.2095191535862));
#8909=CARTESIAN_POINT('Ctrl Pts',(10.3359836659769,52.1805484920997,17.9717727506564));
#8910=CARTESIAN_POINT('Ctrl Pts',(10.3568227096165,52.2270095392607,17.7375133311853));
#8911=CARTESIAN_POINT('Ctrl Pts',(10.3697612782297,52.2574405083405,17.582246096817));
#8912=CARTESIAN_POINT('Ctrl Pts',(10.3933986141318,52.3159745371273,17.273103750215));
#8913=CARTESIAN_POINT('Ctrl Pts',(10.4119642628586,52.3687032055127,16.9655796330356));
#8914=CARTESIAN_POINT('Ctrl Pts',(10.419829112474,52.3933312277998,16.8119712030268));
#8915=CARTESIAN_POINT('Ctrl Pts',(10.4261706834997,52.4162707012308,16.6583887764113));
#8916=CARTESIAN_POINT('Ctrl Pts',(10.4309623855997,52.437654690723,16.5047730632664));
#8917=CARTESIAN_POINT('Ctrl Pts',(7.94923668510016,49.0851130810967,28.811358437861));
#8918=CARTESIAN_POINT('Ctrl Pts',(7.98427191075132,49.0984397254553,28.663524220241));
#8919=CARTESIAN_POINT('Ctrl Pts',(8.02351220099111,49.1153608514624,28.5155929188385));
#8920=CARTESIAN_POINT('Ctrl Pts',(8.06557726744273,49.1350677051987,28.367433898788));
#8921=CARTESIAN_POINT('Ctrl Pts',(8.15144075363232,49.1820270531642,28.1467466539647));
#8922=CARTESIAN_POINT('Ctrl Pts',(8.25932154444499,49.246481317544,27.9285681594735));
#8923=CARTESIAN_POINT('Ctrl Pts',(8.29463865215871,49.2677560855302,27.8559032576219));
#8924=CARTESIAN_POINT('Ctrl Pts',(8.36511144054144,49.3105013426954,27.7107905332831));
#8925=CARTESIAN_POINT('Ctrl Pts',(8.43914515643301,49.3560768578876,27.5660361244309));
#8926=CARTESIAN_POINT('Ctrl Pts',(8.47662817393537,49.379253137145,27.4935749842584));
#8927=CARTESIAN_POINT('Ctrl Pts',(8.58945225651988,49.4492399437964,27.2761275252904));
#8928=CARTESIAN_POINT('Ctrl Pts',(8.70580070380889,49.5223670504807,27.0590562180605));
#8929=CARTESIAN_POINT('Ctrl Pts',(8.7836526480147,49.5736023148279,26.9140995173213));
#8930=CARTESIAN_POINT('Ctrl Pts',(8.93591769779486,49.6838245269761,26.6260220728995));
#8931=CARTESIAN_POINT('Ctrl Pts',(9.07688664743798,49.7954697149474,26.3261838220692));
#8932=CARTESIAN_POINT('Ctrl Pts',(9.13981962913121,49.848010408838,26.173606657901));
#8933=CARTESIAN_POINT('Ctrl Pts',(9.31948242971625,50.0074752343041,25.717002704622));
#8934=CARTESIAN_POINT('Ctrl Pts',(9.47250481323119,50.1839381362562,25.2742956198967));
#8935=CARTESIAN_POINT('Ctrl Pts',(9.55791356999564,50.2970702498212,24.9757597206764));
#8936=CARTESIAN_POINT('Ctrl Pts',(9.71620269193327,50.5211885436084,24.3706321786741));
#8937=CARTESIAN_POINT('Ctrl Pts',(9.86636686916305,50.7287700191876,23.769880235464));
#8938=CARTESIAN_POINT('Ctrl Pts',(9.94025031362404,50.8243883543474,23.4696765118045));
#8939=CARTESIAN_POINT('Ctrl Pts',(10.0744991458841,51.012343785443,22.8641622951911));
#8940=CARTESIAN_POINT('Ctrl Pts',(10.186129997311,51.1936622169354,22.2504546677884));
#8941=CARTESIAN_POINT('Ctrl Pts',(10.2350926883363,51.2826025538997,21.9406484588147));
#8942=CARTESIAN_POINT('Ctrl Pts',(10.3228529675114,51.452749853906,21.3150242334362));
#8943=CARTESIAN_POINT('Ctrl Pts',(10.395313746613,51.6100973987287,20.6781597737552));
#8944=CARTESIAN_POINT('Ctrl Pts',(10.429281651235,51.6857736078478,20.3567768729224));
#8945=CARTESIAN_POINT('Ctrl Pts',(10.4760228596791,51.7987034493358,19.8736830822626));
#8946=CARTESIAN_POINT('Ctrl Pts',(10.5215405013693,51.904076766629,19.3855179056826));
#8947=CARTESIAN_POINT('Ctrl Pts',(10.5368565163848,51.938023927863,19.2220555784598));
#8948=CARTESIAN_POINT('Ctrl Pts',(10.5572399430687,51.9784851672273,19.016469955317));
#8949=CARTESIAN_POINT('Ctrl Pts',(10.5784322639088,52.0178678231615,18.8110276691201));
#8950=CARTESIAN_POINT('Ctrl Pts',(10.5826962136247,52.0257142224035,18.7699612408521));
#8951=CARTESIAN_POINT('Ctrl Pts',(10.5912531652342,52.0413798157976,18.6879130902174));
#8952=CARTESIAN_POINT('Ctrl Pts',(10.5998128261457,52.0570626769173,18.6061181615192));
#8953=CARTESIAN_POINT('Ctrl Pts',(10.604079685504,52.0649260401701,18.5653048230319));
#8954=CARTESIAN_POINT('Ctrl Pts',(10.6167899321202,52.0886431783292,18.4431815029054));
#8955=CARTESIAN_POINT('Ctrl Pts',(10.6291099318298,52.1128867165834,18.322145413515));
#8956=CARTESIAN_POINT('Ctrl Pts',(10.637030075261,52.1294401803144,18.2420771044409));
#8957=CARTESIAN_POINT('Ctrl Pts',(10.6601083822024,52.1795926227109,18.0034035462879));
#8958=CARTESIAN_POINT('Ctrl Pts',(10.6814039232348,52.2302090408183,17.7686686545005));
#8959=CARTESIAN_POINT('Ctrl Pts',(10.6949963078672,52.2630832972796,17.6132809371017));
#8960=CARTESIAN_POINT('Ctrl Pts',(10.7198647515403,52.3251305952752,17.3035627077098));
#8961=CARTESIAN_POINT('Ctrl Pts',(10.7393172858643,52.3790421381705,16.9948990445969));
#8962=CARTESIAN_POINT('Ctrl Pts',(10.7474481658174,52.4037282693818,16.8405456392412));
#8963=CARTESIAN_POINT('Ctrl Pts',(10.7538875984266,52.4263743695524,16.6860908306486));
#8964=CARTESIAN_POINT('Ctrl Pts',(10.7586266697686,52.4472169690538,16.5315075798628));
#8965=CARTESIAN_POINT('Ctrl Pts',(8.05340878267694,48.786162136596,28.7568287323799));
#8966=CARTESIAN_POINT('Ctrl Pts',(8.0863481823116,48.7975183717938,28.6087243965676));
#8967=CARTESIAN_POINT('Ctrl Pts',(8.12308530410717,48.8120887763802,28.4606029774001));
#8968=CARTESIAN_POINT('Ctrl Pts',(8.16515245755761,48.8311083270856,28.3126752866178));
#8969=CARTESIAN_POINT('Ctrl Pts',(8.23603665980963,48.8661678898146,28.0912240500998));
#8970=CARTESIAN_POINT('Ctrl Pts',(8.34002668832545,48.9269608406825,27.8742349484466));
#8971=CARTESIAN_POINT('Ctrl Pts',(8.38065787827363,48.9517789583693,27.8027647698734));
#8972=CARTESIAN_POINT('Ctrl Pts',(8.46144361627247,49.0013322720059,27.6597564261331));
#8973=CARTESIAN_POINT('Ctrl Pts',(8.53832098253882,49.0481350802516,27.5161881637773));
#8974=CARTESIAN_POINT('Ctrl Pts',(8.5758969983655,49.0707606798625,27.4443259201214));
#8975=CARTESIAN_POINT('Ctrl Pts',(8.69134942775976,49.1410993406632,27.229055653172));
#8976=CARTESIAN_POINT('Ctrl Pts',(8.80826592216679,49.2144411671189,27.0143946293015));
#8977=CARTESIAN_POINT('Ctrl Pts',(8.88557579663334,49.2572443685909,26.8727664317887));
#8978=CARTESIAN_POINT('Ctrl Pts',(9.05212954678997,49.3615252392714,26.5764370433171));
#8979=CARTESIAN_POINT('Ctrl Pts',(9.21252768868576,49.4861192009085,26.2749598440124));
#8980=CARTESIAN_POINT('Ctrl Pts',(9.28474178705559,49.5402787734367,26.115012257289));
#8981=CARTESIAN_POINT('Ctrl Pts',(9.48875285896682,49.7291942565794,25.6577498245849));
#8982=CARTESIAN_POINT('Ctrl Pts',(9.67043536957904,49.9340187842668,25.2434604354036));
#8983=CARTESIAN_POINT('Ctrl Pts',(9.77843150509583,50.059241700553,24.9503900184217));
#8984=CARTESIAN_POINT('Ctrl Pts',(9.96852857794095,50.3106407772961,24.3610388966898));
#8985=CARTESIAN_POINT('Ctrl Pts',(10.1338437263941,50.5416134614159,23.7686205263932));
#8986=CARTESIAN_POINT('Ctrl Pts',(10.2082639445574,50.6466397543281,23.4678119785095));
#8987=CARTESIAN_POINT('Ctrl Pts',(10.3572689304907,50.8594230605913,22.8699975024927));
#8988=CARTESIAN_POINT('Ctrl Pts',(10.4889984002515,51.06645849903,22.2672640298197));
#8989=CARTESIAN_POINT('Ctrl Pts',(10.5461303468583,51.1664758257983,21.9617998696023));
#8990=CARTESIAN_POINT('Ctrl Pts',(10.6462209757934,51.3577141814881,21.3430246443929));
#8991=CARTESIAN_POINT('Ctrl Pts',(10.7255768112421,51.5354139263987,20.7106491843057));
#8992=CARTESIAN_POINT('Ctrl Pts',(10.7617604902833,51.6214862407283,20.3913113400455));
#8993=CARTESIAN_POINT('Ctrl Pts',(10.810194573498,51.7494505620262,19.9094006211358));
#8994=CARTESIAN_POINT('Ctrl Pts',(10.8545321066532,51.8689573285335,19.4208170024163));
#8995=CARTESIAN_POINT('Ctrl Pts',(10.8691260667326,51.9075316026197,19.2571098981268));
#8996=CARTESIAN_POINT('Ctrl Pts',(10.8877378735592,51.9535751865242,19.0513707015787));
#8997=CARTESIAN_POINT('Ctrl Pts',(10.9066819880116,51.9980192504674,18.8457941432103));
#8998=CARTESIAN_POINT('Ctrl Pts',(10.9104832837812,52.0068550338242,18.8047001416961));
#8999=CARTESIAN_POINT('Ctrl Pts',(10.9181067075246,52.024451682186,18.7225906767774));
#9000=CARTESIAN_POINT('Ctrl Pts',(10.9257614240375,52.0419747234847,18.6407135113296));
#9001=CARTESIAN_POINT('Ctrl Pts',(10.9295940426196,52.0507365996769,18.5998516950118));
#9002=CARTESIAN_POINT('Ctrl Pts',(10.9410974913744,52.0770921678169,18.4775553717409));
#9003=CARTESIAN_POINT('Ctrl Pts',(10.952584650561,52.1037966997184,18.3562520607561));
#9004=CARTESIAN_POINT('Ctrl Pts',(10.9601957547918,52.1218943190167,18.2759407032795));
#9005=CARTESIAN_POINT('Ctrl Pts',(10.9829906751674,52.1768479634505,18.0366928954348));
#9006=CARTESIAN_POINT('Ctrl Pts',(11.0053144311872,52.2317167957867,17.8016062284573));
#9007=CARTESIAN_POINT('Ctrl Pts',(11.0196010602033,52.2664210364156,17.6459067802905));
#9008=CARTESIAN_POINT('Ctrl Pts',(11.0455604855648,52.3302971244896,17.3350719101768));
#9009=CARTESIAN_POINT('Ctrl Pts',(11.065345042563,52.3833756328121,17.0245065114306));
#9010=CARTESIAN_POINT('Ctrl Pts',(11.0734107343915,52.4072217384394,16.8690327369973));
#9011=CARTESIAN_POINT('Ctrl Pts',(11.0796050084281,52.4288223408842,16.7133623898008));
#9012=CARTESIAN_POINT('Ctrl Pts',(11.0839543399783,52.4485107453093,16.5575063057278));
#9013=CARTESIAN_POINT('Ctrl Pts',(8.08988445977762,48.6882392399939,28.7383008094226));
#9014=CARTESIAN_POINT('Ctrl Pts',(8.12233022188473,48.6990834946311,28.5901217789467));
#9015=CARTESIAN_POINT('Ctrl Pts',(8.15849934793035,48.7130640187162,28.4419612125196));
#9016=CARTESIAN_POINT('Ctrl Pts',(8.19971337223114,48.731237451306,28.2940001924695));
#9017=CARTESIAN_POINT('Ctrl Pts',(8.26913221038781,48.7649800566626,28.0727311175518));
#9018=CARTESIAN_POINT('Ctrl Pts',(8.37230228227369,48.8248517857362,27.8560043774756));
#9019=CARTESIAN_POINT('Ctrl Pts',(8.41246961967851,48.8491961540187,27.7845729400105));
#9020=CARTESIAN_POINT('Ctrl Pts',(8.49304505857209,48.8983032391473,27.6416717322822));
#9021=CARTESIAN_POINT('Ctrl Pts',(8.57013464486877,48.944934085119,27.498280349315));
#9022=CARTESIAN_POINT('Ctrl Pts',(8.60791154762592,48.967469819013,27.4265985958437));
#9023=CARTESIAN_POINT('Ctrl Pts',(8.72436288419687,49.0378458397236,27.211892888776));
#9024=CARTESIAN_POINT('Ctrl Pts',(8.84023130513307,49.1115091104859,26.9969177575613));
#9025=CARTESIAN_POINT('Ctrl Pts',(8.91675011163846,49.1491103836245,26.8574111545673));
#9026=CARTESIAN_POINT('Ctrl Pts',(9.08693272965592,49.2474945712681,26.5533026322442));
#9027=CARTESIAN_POINT('Ctrl Pts',(9.24846066705848,49.3758446102677,26.2545249688083));
#9028=CARTESIAN_POINT('Ctrl Pts',(9.32787311476541,49.4320446075254,26.0905846381555));
#9029=CARTESIAN_POINT('Ctrl Pts',(9.54094276238427,49.6353357903653,25.6338493088774));
#9030=CARTESIAN_POINT('Ctrl Pts',(9.73058510912885,49.8474635768738,25.2298886548482));
#9031=CARTESIAN_POINT('Ctrl Pts',(9.84700882692577,49.9767044511032,24.9377966598938));
#9032=CARTESIAN_POINT('Ctrl Pts',(10.0488283119848,50.2375814400458,24.3546583035847));
#9033=CARTESIAN_POINT('Ctrl Pts',(10.2200394789355,50.4766524172873,23.7658110467995));
#9034=CARTESIAN_POINT('Ctrl Pts',(10.2944856070541,50.5846289634082,23.4647410010092));
#9035=CARTESIAN_POINT('Ctrl Pts',(10.44899583124,50.8059132647055,22.8699673278369));
#9036=CARTESIAN_POINT('Ctrl Pts',(10.5881549861086,51.021855406068,22.2713668757994));
#9037=CARTESIAN_POINT('Ctrl Pts',(10.648172368337,51.1256174977132,21.9674487050424));
#9038=CARTESIAN_POINT('Ctrl Pts',(10.7527593164909,51.3240515295399,21.3512191106447));
#9039=CARTESIAN_POINT('Ctrl Pts',(10.8348390373796,51.5087258758202,20.7206142442674));
#9040=CARTESIAN_POINT('Ctrl Pts',(10.8719864490382,51.5983427775574,20.4020753327618));
#9041=CARTESIAN_POINT('Ctrl Pts',(10.9213443810308,51.7315353574371,19.9207658665864));
#9042=CARTESIAN_POINT('Ctrl Pts',(10.9654963879436,51.8561704909422,19.4323031031177));
#9043=CARTESIAN_POINT('Ctrl Pts',(10.9798865392459,51.8964455740034,19.2686072500739));
#9044=CARTESIAN_POINT('Ctrl Pts',(10.9979387686118,51.9445700029422,19.0629153091204));
#9045=CARTESIAN_POINT('Ctrl Pts',(11.0161134973071,51.9908624374289,18.8573300099696));
#9046=CARTESIAN_POINT('Ctrl Pts',(11.019754226366,52.0000569150067,18.8162311314295));
#9047=CARTESIAN_POINT('Ctrl Pts',(11.0270478855915,52.0183442896578,18.7341028223061));
#9048=CARTESIAN_POINT('Ctrl Pts',(11.0343691981263,52.0364955097821,18.6521839606337));
#9049=CARTESIAN_POINT('Ctrl Pts',(11.0380375712602,52.0455537662314,18.611294505492));
#9050=CARTESIAN_POINT('Ctrl Pts',(11.049069969234,52.0727380838784,18.4888922413369));
#9051=CARTESIAN_POINT('Ctrl Pts',(11.0602109952679,52.1001758193798,18.367456735069));
#9052=CARTESIAN_POINT('Ctrl Pts',(11.0677257948587,52.1188796380556,18.2871218033641));
#9053=CARTESIAN_POINT('Ctrl Pts',(11.0905173000629,52.1758039110664,18.0479121012266));
#9054=CARTESIAN_POINT('Ctrl Pts',(11.1132616911162,52.2320743295352,17.8127714135659));
#9055=CARTESIAN_POINT('Ctrl Pts',(11.1277695066172,52.2672341846317,17.6569212577222));
#9056=CARTESIAN_POINT('Ctrl Pts',(11.1540591193989,52.3314703969285,17.3456477356802));
#9057=CARTESIAN_POINT('Ctrl Pts',(11.1738703528012,52.3840072399645,17.0343496506183));
#9058=CARTESIAN_POINT('Ctrl Pts',(11.1818676171532,52.4074634542193,16.8784558087211));
#9059=CARTESIAN_POINT('Ctrl Pts',(11.1879338391165,52.4286282101851,16.7223390665348));
#9060=CARTESIAN_POINT('Ctrl Pts',(11.1921092014599,52.4478641999625,16.5660231798315));
#9061=CARTESIAN_POINT('Ctrl Pts',(8.16697244016233,48.4963543180683,28.7005826916559));
#9062=CARTESIAN_POINT('Ctrl Pts',(8.19901898515512,48.5065902779165,28.5522744582724));
#9063=CARTESIAN_POINT('Ctrl Pts',(8.23486648721173,48.5199696870887,28.4040673025399));
#9064=CARTESIAN_POINT('Ctrl Pts',(8.27466409606734,48.5366813676903,28.2560171818331));
#9065=CARTESIAN_POINT('Ctrl Pts',(8.34787514016497,48.5725185058477,28.0355746925076));
#9066=CARTESIAN_POINT('Ctrl Pts',(8.44814557917382,48.6292882668113,27.8186398544026));
#9067=CARTESIAN_POINT('Ctrl Pts',(8.48470965828547,48.6506267402377,27.7467404612035));
#9068=CARTESIAN_POINT('Ctrl Pts',(8.56016506386826,48.6951307698358,27.6032066267374));
#9069=CARTESIAN_POINT('Ctrl Pts',(8.63724671085343,48.7408959995814,27.4598872407837));
#9070=CARTESIAN_POINT('Ctrl Pts',(8.67549970458755,48.7634836022609,27.388236730072));
#9071=CARTESIAN_POINT('Ctrl Pts',(8.79088743111073,48.8324542132543,27.1731335859989));
#9072=CARTESIAN_POINT('Ctrl Pts',(8.90538919048479,48.9018321470732,26.9584549796757));
#9073=CARTESIAN_POINT('Ctrl Pts',(8.98449404576829,48.9355357367954,26.8148473550328));
#9074=CARTESIAN_POINT('Ctrl Pts',(9.15155934578307,49.025953950538,26.5054625264071));
#9075=CARTESIAN_POINT('Ctrl Pts',(9.31377317177786,49.1480043308307,26.2031187182966));
#9076=CARTESIAN_POINT('Ctrl Pts',(9.40857017372886,49.2142073666376,26.0320649683597));
#9077=CARTESIAN_POINT('Ctrl Pts',(9.63351109426797,49.4488972813272,25.5802904197998));
#9078=CARTESIAN_POINT('Ctrl Pts',(9.83426236146765,49.6577364806253,25.1927452957698));
#9079=CARTESIAN_POINT('Ctrl Pts',(9.97111950148278,49.8037015152408,24.901765480973));
#9080=CARTESIAN_POINT('Ctrl Pts',(10.1983056070385,50.0845621283613,24.3331720773847));
#9081=CARTESIAN_POINT('Ctrl Pts',(10.3848278200084,50.3410486894233,23.7544280912512));
#9082=CARTESIAN_POINT('Ctrl Pts',(10.4587087373679,50.4542063748392,23.4523993505048));
#9083=CARTESIAN_POINT('Ctrl Pts',(10.626144674887,50.6931205339287,22.8651571310449));
#9084=CARTESIAN_POINT('Ctrl Pts',(10.7818315039086,50.9275578546443,22.2758549252481));
#9085=CARTESIAN_POINT('Ctrl Pts',(10.8478823789109,51.0388284260045,21.9751614281998));
#9086=CARTESIAN_POINT('Ctrl Pts',(10.962260724271,51.251977241868,21.3645474975163));
#9087=CARTESIAN_POINT('Ctrl Pts',(11.0507946527003,51.451011555364,20.7381155138031));
#9088=CARTESIAN_POINT('Ctrl Pts',(11.0904103455032,51.5478639695021,20.4214481556235));
#9089=CARTESIAN_POINT('Ctrl Pts',(11.1424004270768,51.6919687375665,19.9418948980227));
#9090=CARTESIAN_POINT('Ctrl Pts',(11.1867834911098,51.8278800288268,19.4543727705332));
#9091=CARTESIAN_POINT('Ctrl Pts',(11.200940608999,51.8719865749577,19.2909522612062));
#9092=CARTESIAN_POINT('Ctrl Pts',(11.2180975430551,51.9248117768212,19.0855960170127));
#9093=CARTESIAN_POINT('Ctrl Pts',(11.2349357146267,51.9753340993329,18.8801904169612));
#9094=CARTESIAN_POINT('Ctrl Pts',(11.2382946575501,51.9853528816935,18.8391201911505));
#9095=CARTESIAN_POINT('Ctrl Pts',(11.2450049062908,52.0052426603955,18.7570331760498));
#9096=CARTESIAN_POINT('Ctrl Pts',(11.2517297653005,52.0249080570248,18.6751258714912));
#9097=CARTESIAN_POINT('Ctrl Pts',(11.2551031838326,52.0347021961527,18.6342352427083));
#9098=CARTESIAN_POINT('Ctrl Pts',(11.2652887770299,52.0640408678751,18.5118146502937));
#9099=CARTESIAN_POINT('Ctrl Pts',(11.2757944068808,52.0934595582628,18.3903278674853));
#9100=CARTESIAN_POINT('Ctrl Pts',(11.2830883818847,52.1133803671319,18.3099534583722));
#9101=CARTESIAN_POINT('Ctrl Pts',(11.3057578635018,52.1734644167935,18.0705591765479));
#9102=CARTESIAN_POINT('Ctrl Pts',(11.3292789535676,52.2320356499521,17.8352134881448));
#9103=CARTESIAN_POINT('Ctrl Pts',(11.3441921556876,52.2681577142085,17.679155606589));
#9104=CARTESIAN_POINT('Ctrl Pts',(11.3709706025266,52.3323874900883,17.3668181985992));
#9105=CARTESIAN_POINT('Ctrl Pts',(11.3905958361253,52.3832032774877,17.0538143545372));
#9106=CARTESIAN_POINT('Ctrl Pts',(11.3983352423512,52.4056562674174,16.8969794435351));
#9107=CARTESIAN_POINT('Ctrl Pts',(11.4040325585504,52.425782152615,16.7398844493506));
#9108=CARTESIAN_POINT('Ctrl Pts',(11.4077572587412,52.4439943066837,16.5825787297473));
#9109=CARTESIAN_POINT('Ctrl Pts',(8.25200001965573,48.3122696634872,28.6614881310468));
#9110=CARTESIAN_POINT('Ctrl Pts',(8.28448598173123,48.3224926841894,28.5130219966254));
#9111=CARTESIAN_POINT('Ctrl Pts',(8.32101973499124,48.3359848235098,28.3647198458323));
#9112=CARTESIAN_POINT('Ctrl Pts',(8.36216332827097,48.3532326499944,28.2167066654039));
#9113=CARTESIAN_POINT('Ctrl Pts',(8.43790325547888,48.3900729306679,27.9962950537725));
#9114=CARTESIAN_POINT('Ctrl Pts',(8.53355806760465,48.4422611708419,27.7781734007853));
#9115=CARTESIAN_POINT('Ctrl Pts',(8.5675413726928,48.4612645296724,27.705705857644));
#9116=CARTESIAN_POINT('Ctrl Pts',(8.63824925560051,48.5013381465752,27.5610540600732));
#9117=CARTESIAN_POINT('Ctrl Pts',(8.71248743055708,48.5440498776031,27.4166638918634));
#9118=CARTESIAN_POINT('Ctrl Pts',(8.74998067666693,48.5656781572099,27.3444403866469));
#9119=CARTESIAN_POINT('Ctrl Pts',(8.86288403136832,48.6309625684582,27.1276580166094));
#9120=CARTESIAN_POINT('Ctrl Pts',(8.97735994824056,48.6955505736094,26.9101720739923));
#9121=CARTESIAN_POINT('Ctrl Pts',(9.05655272099466,48.7341423454016,26.7616660769319));
#9122=CARTESIAN_POINT('Ctrl Pts',(9.21857134183243,48.8221624004657,26.4544137491424));
#9123=CARTESIAN_POINT('Ctrl Pts',(9.38854258496669,48.9353623976536,26.1377604574261));
#9124=CARTESIAN_POINT('Ctrl Pts',(9.47978450614159,49.0095482333073,25.9710672461458));
#9125=CARTESIAN_POINT('Ctrl Pts',(9.70881333113965,49.2524547881925,25.5202496686495));
#9126=CARTESIAN_POINT('Ctrl Pts',(9.91155719667151,49.4521388741704,25.1318380088099));
#9127=CARTESIAN_POINT('Ctrl Pts',(10.0663556200348,49.6151795814507,24.8425327350683));
#9128=CARTESIAN_POINT('Ctrl Pts',(10.3201185682069,49.9159576645247,24.2912496775558));
#9129=CARTESIAN_POINT('Ctrl Pts',(10.5307663462576,50.1923371093555,23.7286030769725));
#9130=CARTESIAN_POINT('Ctrl Pts',(10.6037327319705,50.309871208582,23.4259475575048));
#9131=CARTESIAN_POINT('Ctrl Pts',(10.7884485745764,50.5675353242812,22.8495476975726));
#9132=CARTESIAN_POINT('Ctrl Pts',(10.9640648770704,50.8215829750442,22.271456764676));
#9133=CARTESIAN_POINT('Ctrl Pts',(11.0364744753569,50.9401745194003,21.9740133193304));
#9134=CARTESIAN_POINT('Ctrl Pts',(11.162466608314,51.1688674317118,21.3701611164676));
#9135=CARTESIAN_POINT('Ctrl Pts',(11.259781670577,51.3831549091968,20.749351495268));
#9136=CARTESIAN_POINT('Ctrl Pts',(11.3030730000354,51.4875215144598,20.4352026069237));
#9137=CARTESIAN_POINT('Ctrl Pts',(11.3594249426746,51.6433280534505,19.9586728937457));
#9138=CARTESIAN_POINT('Ctrl Pts',(11.405640138462,51.7924875741522,19.4736806730919));
#9139=CARTESIAN_POINT('Ctrl Pts',(11.4200868765911,51.8412262143648,19.3110897967161));
#9140=CARTESIAN_POINT('Ctrl Pts',(11.4370723029928,51.9000859050004,19.1067539532188));
#9141=CARTESIAN_POINT('Ctrl Pts',(11.4532951436415,51.9561742251345,18.9021045059217));
#9142=CARTESIAN_POINT('Ctrl Pts',(11.4565155713042,51.9672803171206,18.8611729021614));
#9143=CARTESIAN_POINT('Ctrl Pts',(11.4629249200421,51.9892766454534,18.7793340206139));
#9144=CARTESIAN_POINT('Ctrl Pts',(11.4693199962038,52.0108955271815,18.6976168151068));
#9145=CARTESIAN_POINT('Ctrl Pts',(11.4725259590163,52.0216232592188,18.6568064981564));
#9146=CARTESIAN_POINT('Ctrl Pts',(11.4822191398418,52.053641972979,18.5345921763678));
#9147=CARTESIAN_POINT('Ctrl Pts',(11.4923019173001,52.0853544765719,18.4132091612513));
#9148=CARTESIAN_POINT('Ctrl Pts',(11.4993689236214,52.106463540211,18.3327975163826));
#9149=CARTESIAN_POINT('Ctrl Pts',(11.5217524414059,52.1699293890485,18.0933568451592));
#9150=CARTESIAN_POINT('Ctrl Pts',(11.5457578068039,52.2309940865056,17.8581033314815));
#9151=CARTESIAN_POINT('Ctrl Pts',(11.560897030202,52.2665825690211,17.7014709140264));
#9152=CARTESIAN_POINT('Ctrl Pts',(11.5876022899291,52.3289350851942,17.3875011833409));
#9153=CARTESIAN_POINT('Ctrl Pts',(11.6064365038722,52.3769090248608,17.0723034267326));
#9154=CARTESIAN_POINT('Ctrl Pts',(11.6136401738489,52.3980134962105,16.914340501346));
#9155=CARTESIAN_POINT('Ctrl Pts',(11.6187201837633,52.4168699358395,16.7561173834905));
#9156=CARTESIAN_POINT('Ctrl Pts',(11.6217761569515,52.4339193308098,16.5977055859994));
#9157=CARTESIAN_POINT('Ctrl Pts',(8.29643208453458,48.2221589568844,28.6415849480612));
#9158=CARTESIAN_POINT('Ctrl Pts',(8.3292729864069,48.2324723658443,28.4930160796851));
#9159=CARTESIAN_POINT('Ctrl Pts',(8.36626710794727,48.2461029085129,28.344627930201));
#9160=CARTESIAN_POINT('Ctrl Pts',(8.40824287933136,48.2637262215066,28.1965751012413));
#9161=CARTESIAN_POINT('Ctrl Pts',(8.48398838115716,48.3001251525774,27.9758786763714));
#9162=CARTESIAN_POINT('Ctrl Pts',(8.57773940677438,48.3503274824995,27.7570652783096));
#9163=CARTESIAN_POINT('Ctrl Pts',(8.61089852596209,48.3685120784576,27.6843219412121));
#9164=CARTESIAN_POINT('Ctrl Pts',(8.67988022024793,48.4068797504066,27.5390535278242));
#9165=CARTESIAN_POINT('Ctrl Pts',(8.75258206990803,48.4479494351916,27.3939320735343));
#9166=CARTESIAN_POINT('Ctrl Pts',(8.78946218338426,48.468836132882,27.3213307466544));
#9167=CARTESIAN_POINT('Ctrl Pts',(8.90114441279703,48.5320680051181,27.1032852190226));
#9168=CARTESIAN_POINT('Ctrl Pts',(9.0157509246215,48.5956763312768,26.8833773172213));
#9169=CARTESIAN_POINT('Ctrl Pts',(9.09422130962279,48.635651983834,26.733865101918));
#9170=CARTESIAN_POINT('Ctrl Pts',(9.25662757742507,48.7239914658678,26.4251221850959));
#9171=CARTESIAN_POINT('Ctrl Pts',(9.42561136078013,48.8401146799492,26.1077371923493));
#9172=CARTESIAN_POINT('Ctrl Pts',(9.51310343109561,48.9128348728961,25.9442791902477));
#9173=CARTESIAN_POINT('Ctrl Pts',(9.74372046754227,49.1464216557614,25.4918130973574));
#9174=CARTESIAN_POINT('Ctrl Pts',(9.94787055014763,49.3548833936141,25.0885143460763));
#9175=CARTESIAN_POINT('Ctrl Pts',(10.105403593024,49.5163876946375,24.8060255309361));
#9176=CARTESIAN_POINT('Ctrl Pts',(10.3728896010302,49.8276903143355,24.2644789400725));
#9177=CARTESIAN_POINT('Ctrl Pts',(10.5984030596186,50.1142782547959,23.7117843959097));
#9178=CARTESIAN_POINT('Ctrl Pts',(10.6707517875476,50.2339488206829,23.4087617588796));
#9179=CARTESIAN_POINT('Ctrl Pts',(10.8653357010876,50.5012393925496,22.8387208494956));
#9180=CARTESIAN_POINT('Ctrl Pts',(11.051767906746,50.765293869497,22.2666670211634));
#9181=CARTESIAN_POINT('Ctrl Pts',(11.1274037967886,50.8874566443055,21.9708040184706));
#9182=CARTESIAN_POINT('Ctrl Pts',(11.2597097621052,51.1241695714275,21.370641048491));
#9183=CARTESIAN_POINT('Ctrl Pts',(11.3620737177672,51.3463233084585,20.7530500860609));
#9184=CARTESIAN_POINT('Ctrl Pts',(11.4075372930325,51.4545145846993,20.4403476715002));
#9185=CARTESIAN_POINT('Ctrl Pts',(11.4665413729558,51.6163398636079,19.9656875830196));
#9186=CARTESIAN_POINT('Ctrl Pts',(11.5141707490599,51.7726056618764,19.4824072399892));
#9187=CARTESIAN_POINT('Ctrl Pts',(11.5289356174571,51.8238350940499,19.3203773702297));
#9188=CARTESIAN_POINT('Ctrl Pts',(11.546088241796,51.8861401520393,19.11678324603));
#9189=CARTESIAN_POINT('Ctrl Pts',(11.5622565558144,51.9453913679743,18.9126898825078));
#9190=CARTESIAN_POINT('Ctrl Pts',(11.5654579035866,51.957111067049,18.8718595713997));
#9191=CARTESIAN_POINT('Ctrl Pts',(11.5718148497671,51.9802721898162,18.7901957353423));
#9192=CARTESIAN_POINT('Ctrl Pts',(11.5781351009352,52.0028625332981,18.708578398614));
#9193=CARTESIAN_POINT('Ctrl Pts',(11.5812995344064,52.0140124199803,18.6677948158196));
#9194=CARTESIAN_POINT('Ctrl Pts',(11.5908619071331,52.0470239589985,18.5455669414235));
#9195=CARTESIAN_POINT('Ctrl Pts',(11.6008127054725,52.0790325841057,18.4239461585434));
#9196=CARTESIAN_POINT('Ctrl Pts',(11.6078052226257,52.1003300209878,18.3433942559724));
#9197=CARTESIAN_POINT('Ctrl Pts',(11.6300262711199,52.1674804255802,18.1046510502252));
#9198=CARTESIAN_POINT('Ctrl Pts',(11.6541363160539,52.23100322146,17.8699187602396));
#9199=CARTESIAN_POINT('Ctrl Pts',(11.6693445817412,52.264923722127,17.7125702578371));
#9200=CARTESIAN_POINT('Ctrl Pts',(11.6958218208566,52.3257487929211,17.3975915690316));
#9201=CARTESIAN_POINT('Ctrl Pts',(11.7140774307427,52.3720558197558,17.0811722792818));
#9202=CARTESIAN_POINT('Ctrl Pts',(11.7209348864587,52.3924235308395,16.9226020636896));
#9203=CARTESIAN_POINT('Ctrl Pts',(11.7256384069128,52.410612524601,16.7637824671676));
#9204=CARTESIAN_POINT('Ctrl Pts',(11.7283023006743,52.427069871095,16.6047944596354));
#9205=CARTESIAN_POINT('Ctrl Pts',(8.43460367839749,47.9571016251694,28.5807450567713));
#9206=CARTESIAN_POINT('Ctrl Pts',(8.46859538422555,47.9677642804717,28.4317610624542));
#9207=CARTESIAN_POINT('Ctrl Pts',(8.50690684398817,47.9817825570509,28.2829607580111));
#9208=CARTESIAN_POINT('Ctrl Pts',(8.5505907714664,47.9999778297396,28.1345015776251));
#9209=CARTESIAN_POINT('Ctrl Pts',(8.62617734248555,48.0349992363544,27.9126220485838));
#9210=CARTESIAN_POINT('Ctrl Pts',(8.71483897846579,48.0798826827079,27.6914467872436));
#9211=CARTESIAN_POINT('Ctrl Pts',(8.74575236329984,48.095857218994,27.6177736724051));
#9212=CARTESIAN_POINT('Ctrl Pts',(8.81006186916127,48.1296263536938,27.4704585457885));
#9213=CARTESIAN_POINT('Ctrl Pts',(8.87864415650347,48.1664160531911,27.3229289596829));
#9214=CARTESIAN_POINT('Ctrl Pts',(8.91382389895892,48.1854119221384,27.2490423852449));
#9215=CARTESIAN_POINT('Ctrl Pts',(9.02145668893594,48.2435754609524,27.0266989292902));
#9216=CARTESIAN_POINT('Ctrl Pts',(9.13485478890194,48.3051630772491,26.8010398310677));
#9217=CARTESIAN_POINT('Ctrl Pts',(9.21215991234359,48.3478849644926,26.6482245490825));
#9218=CARTESIAN_POINT('Ctrl Pts',(9.37177271302821,48.4404976925629,26.336743081692));
#9219=CARTESIAN_POINT('Ctrl Pts',(9.53551967309981,48.5584251808669,26.0191829855648));
#9220=CARTESIAN_POINT('Ctrl Pts',(9.615933738671,48.6264735453977,25.8621067688292));
#9221=CARTESIAN_POINT('Ctrl Pts',(9.84786123968045,48.8382647425922,25.4027989773166));
#9222=CARTESIAN_POINT('Ctrl Pts',(10.0613684030035,49.0625098429339,24.964860161863));
#9223=CARTESIAN_POINT('Ctrl Pts',(10.2077443475239,49.2207493524507,24.6876387545209));
#9224=CARTESIAN_POINT('Ctrl Pts',(10.5046467277302,49.5460945047883,24.1675386316812));
#9225=CARTESIAN_POINT('Ctrl Pts',(10.7750272986723,49.8652078772897,23.6380661503766));
#9226=CARTESIAN_POINT('Ctrl Pts',(10.8544690558207,49.9947274100539,23.3449385588304));
#9227=CARTESIAN_POINT('Ctrl Pts',(11.0815705351937,50.2908952084988,22.7963339991852));
#9228=CARTESIAN_POINT('Ctrl Pts',(11.3030066043691,50.5853736932489,22.2434712220619));
#9229=CARTESIAN_POINT('Ctrl Pts',(11.3880956467168,50.717630213068,21.9518503607768));
#9230=CARTESIAN_POINT('Ctrl Pts',(11.5412458909864,50.9795215248195,21.3638799422685));
#9231=CARTESIAN_POINT('Ctrl Pts',(11.6609686185435,51.2260446211172,20.7573173103218));
#9232=CARTESIAN_POINT('Ctrl Pts',(11.7140100771889,51.3458794533729,20.4495848173681));
#9233=CARTESIAN_POINT('Ctrl Pts',(11.782504323919,51.5260896561315,19.9816616257882));
#9234=CARTESIAN_POINT('Ctrl Pts',(11.8361174170607,51.7046923938193,19.5048769979303));
#9235=CARTESIAN_POINT('Ctrl Pts',(11.8524510306374,51.7639319758046,19.3450347370238));
#9236=CARTESIAN_POINT('Ctrl Pts',(11.8710334268399,51.8372408103814,19.1442891163191));
#9237=CARTESIAN_POINT('Ctrl Pts',(11.887958355147,51.9081479488532,18.9428817163004));
#9238=CARTESIAN_POINT('Ctrl Pts',(11.891283880558,51.9222184941422,18.9025790723554));
#9239=CARTESIAN_POINT('Ctrl Pts',(11.8978335102746,51.9501011043089,18.8219430661921));
#9240=CARTESIAN_POINT('Ctrl Pts',(11.9042325544867,51.977392123096,18.7412801448793));
#9241=CARTESIAN_POINT('Ctrl Pts',(11.9074074882988,51.9908714615696,18.700950693406));
#9242=CARTESIAN_POINT('Ctrl Pts',(11.9169117098851,52.0307548812898,18.5800038369669));
#9243=CARTESIAN_POINT('Ctrl Pts',(11.9265863776559,52.0689818123726,18.4593884903758));
#9244=CARTESIAN_POINT('Ctrl Pts',(11.9333332427469,52.0939444707701,18.3793875201049));
#9245=CARTESIAN_POINT('Ctrl Pts',(11.9554815845685,52.1664937555609,18.1411016074672));
#9246=CARTESIAN_POINT('Ctrl Pts',(11.9802113265631,52.224610941217,17.9042340239856));
#9247=CARTESIAN_POINT('Ctrl Pts',(11.9949136504852,52.2552679519534,17.7451548117939));
#9248=CARTESIAN_POINT('Ctrl Pts',(12.0199198149315,52.3098700576015,17.4264473289079));
#9249=CARTESIAN_POINT('Ctrl Pts',(12.0358314658912,52.350991423082,17.1060979192406));
#9250=CARTESIAN_POINT('Ctrl Pts',(12.0414062654577,52.3691193781321,16.9456103894774));
#9251=CARTESIAN_POINT('Ctrl Pts',(12.0447761886866,52.385361803693,16.7849442834312));
#9252=CARTESIAN_POINT('Ctrl Pts',(12.0460959631368,52.4001396227986,16.6241954554432));
#9253=CARTESIAN_POINT('Ctrl Pts',(8.58555016696312,47.7068767781423,28.5165991399577));
#9254=CARTESIAN_POINT('Ctrl Pts',(8.62066511916916,47.7179714736566,28.3668924745646));
#9255=CARTESIAN_POINT('Ctrl Pts',(8.65991110066357,47.7322281893018,28.2172669523479));
#9256=CARTESIAN_POINT('Ctrl Pts',(8.70396558456462,47.7501848339868,28.0677892772226));
#9257=CARTESIAN_POINT('Ctrl Pts',(8.77796186279812,47.7831759443686,27.8438371828554));
#9258=CARTESIAN_POINT('Ctrl Pts',(8.86323865291598,47.8247559797283,27.6198272340755));
#9259=CARTESIAN_POINT('Ctrl Pts',(8.89288505204532,47.839544162066,27.5451253180192));
#9260=CARTESIAN_POINT('Ctrl Pts',(8.95434714268411,47.8707626331505,27.3955587890852));
#9261=CARTESIAN_POINT('Ctrl Pts',(9.01973477953708,47.9050001193238,27.2454361271881));
#9262=CARTESIAN_POINT('Ctrl Pts',(9.05331014706625,47.9228080520661,27.1701801418967));
#9263=CARTESIAN_POINT('Ctrl Pts',(9.15645363937474,47.978273643459,26.9436062379859));
#9264=CARTESIAN_POINT('Ctrl Pts',(9.26592999757962,48.0399950634891,26.7143023485457));
#9265=CARTESIAN_POINT('Ctrl Pts',(9.34112884944443,48.0835787976944,26.5598188359269));
#9266=CARTESIAN_POINT('Ctrl Pts',(9.49475509630193,48.1803766899366,26.2472428382016));
#9267=CARTESIAN_POINT('Ctrl Pts',(9.64994540343179,48.2957025757825,25.9334313302507));
#9268=CARTESIAN_POINT('Ctrl Pts',(9.72723005147762,48.3578595477943,25.7769129980333));
#9269=CARTESIAN_POINT('Ctrl Pts',(9.95476339474576,48.5555317291374,25.3111060420178));
#9270=CARTESIAN_POINT('Ctrl Pts',(10.1711465104531,48.7788041397898,24.8666809673391));
#9271=CARTESIAN_POINT('Ctrl Pts',(10.3029997977617,48.938512919691,24.586081498191));
#9272=CARTESIAN_POINT('Ctrl Pts',(10.5896110603955,49.234531102734,24.0307058317578));
#9273=CARTESIAN_POINT('Ctrl Pts',(10.8774236676447,49.5796277240663,23.5114576884405));
#9274=CARTESIAN_POINT('Ctrl Pts',(10.9922748237731,49.7256626383239,23.248650634943));
#9275=CARTESIAN_POINT('Ctrl Pts',(11.2502261166982,50.0440146688121,22.7223893033942));
#9276=CARTESIAN_POINT('Ctrl Pts',(11.5113910818188,50.3665515062728,22.1894220958013));
#9277=CARTESIAN_POINT('Ctrl Pts',(11.6068125576927,50.5085586980871,21.9005857931013));
#9278=CARTESIAN_POINT('Ctrl Pts',(11.7881259092382,50.8006053251002,21.329228973884));
#9279=CARTESIAN_POINT('Ctrl Pts',(11.931720785689,51.0732709580556,20.7377572122197));
#9280=CARTESIAN_POINT('Ctrl Pts',(11.9958473863354,51.2053740220606,20.4372003774834));
#9281=CARTESIAN_POINT('Ctrl Pts',(12.078649019589,51.4045744813736,19.9795196093378));
#9282=CARTESIAN_POINT('Ctrl Pts',(12.1436584364474,51.6065973797123,19.5129844275317));
#9283=CARTESIAN_POINT('Ctrl Pts',(12.1634943204183,51.6743849810541,19.3566282885715));
#9284=CARTESIAN_POINT('Ctrl Pts',(12.1862841462575,51.7594192299524,19.1603885131145));
#9285=CARTESIAN_POINT('Ctrl Pts',(12.2070507230606,51.8442658561613,18.963855486214));
#9286=CARTESIAN_POINT('Ctrl Pts',(12.2111280792785,51.8612221037905,18.9245443038067));
#9287=CARTESIAN_POINT('Ctrl Pts',(12.2191416426377,51.8951019350219,18.8459310592868));
#9288=CARTESIAN_POINT('Ctrl Pts',(12.2268986560342,51.9288766852146,18.7673738553764));
#9289=CARTESIAN_POINT('Ctrl Pts',(12.2307196832645,51.9457239472411,18.7281175512552));
#9290=CARTESIAN_POINT('Ctrl Pts',(12.2420307625203,51.9961268225569,18.6104545218026));
#9291=CARTESIAN_POINT('Ctrl Pts',(12.2530057066333,52.0450489084182,18.4929572718651));
#9292=CARTESIAN_POINT('Ctrl Pts',(12.2602409052683,52.07608272906,18.414544342537));
#9293=CARTESIAN_POINT('Ctrl Pts',(12.2834147101544,52.1483743566122,18.1753487577335));
#9294=CARTESIAN_POINT('Ctrl Pts',(12.3065216858972,52.1907004246816,17.9324359539947));
#9295=CARTESIAN_POINT('Ctrl Pts',(12.319155866049,52.2206540266533,17.7718596180383));
#9296=CARTESIAN_POINT('Ctrl Pts',(12.3404189041187,52.2689175583799,17.4484921008543));
#9297=CARTESIAN_POINT('Ctrl Pts',(12.3524144631428,52.3060307428258,17.1239423033289));
#9298=CARTESIAN_POINT('Ctrl Pts',(12.356070991355,52.3225620850955,16.9614863209766));
#9299=CARTESIAN_POINT('Ctrl Pts',(12.3575954577036,52.337558063423,16.7989900820076));
#9300=CARTESIAN_POINT('Ctrl Pts',(12.3571627099052,52.3513704426898,16.6365433616832));
#9301=CARTESIAN_POINT('Ctrl Pts',(8.69011463519621,47.5457092190411,28.472430146693));
#9302=CARTESIAN_POINT('Ctrl Pts',(8.72569453301853,47.5569849128538,28.3221175648745));
#9303=CARTESIAN_POINT('Ctrl Pts',(8.76519981968915,47.5712634410723,28.1718045996439));
#9304=CARTESIAN_POINT('Ctrl Pts',(8.80916456471376,47.5889867954822,28.0215247912941));
#9305=CARTESIAN_POINT('Ctrl Pts',(8.88235976834767,47.6211692836863,27.7961327308727));
#9306=CARTESIAN_POINT('Ctrl Pts',(8.96572601419736,47.6613455425346,27.570336328501));
#9307=CARTESIAN_POINT('Ctrl Pts',(8.99460894639321,47.675606375455,27.495001767302));
#9308=CARTESIAN_POINT('Ctrl Pts',(9.05441961561857,47.7057802205789,27.3441241582192));
#9309=CARTESIAN_POINT('Ctrl Pts',(9.1179914378077,47.7391177490959,27.1926688419577));
#9310=CARTESIAN_POINT('Ctrl Pts',(9.1506352046159,47.7565421390139,27.1167570146725));
#9311=CARTESIAN_POINT('Ctrl Pts',(9.25087391376351,47.8110110363246,26.888333678336));
#9312=CARTESIAN_POINT('Ctrl Pts',(9.35730724217754,47.8722065430098,26.657567506339));
#9313=CARTESIAN_POINT('Ctrl Pts',(9.43037487151218,47.9160597378315,26.502403944285));
#9314=CARTESIAN_POINT('Ctrl Pts',(9.57953434065644,48.0118284205286,26.1897046673376));
#9315=CARTESIAN_POINT('Ctrl Pts',(9.73128913830508,48.124697967133,25.8756204438203));
#9316=CARTESIAN_POINT('Ctrl Pts',(9.80694428916701,48.185715513609,25.7190678530051));
#9317=CARTESIAN_POINT('Ctrl Pts',(10.0308090717707,48.3790498301622,25.2541631673601));
#9318=CARTESIAN_POINT('Ctrl Pts',(10.2461429135995,48.5962690952696,24.8067295600117));
#9319=CARTESIAN_POINT('Ctrl Pts',(10.3869336729015,48.7469194275592,24.5204943031416));
#9320=CARTESIAN_POINT('Ctrl Pts',(10.6659099432262,49.0575070867714,23.9615810419525));
#9321=CARTESIAN_POINT('Ctrl Pts',(10.9409229760108,49.3830287901907,23.4389566580032));
#9322=CARTESIAN_POINT('Ctrl Pts',(11.0702361011555,49.5414996027072,23.1744947323035));
#9323=CARTESIAN_POINT('Ctrl Pts',(11.3294091633333,49.8565802001532,22.6551115511516));
#9324=CARTESIAN_POINT('Ctrl Pts',(11.6232410144071,50.1931889054926,22.1330218594009));
#9325=CARTESIAN_POINT('Ctrl Pts',(11.7283905136873,50.3473678292992,21.8481294343451));
#9326=CARTESIAN_POINT('Ctrl Pts',(11.9351445524575,50.6656331729143,21.2925050309778));
#9327=CARTESIAN_POINT('Ctrl Pts',(12.0959205925833,50.9539670642163,20.7108829412764));
#9328=CARTESIAN_POINT('Ctrl Pts',(12.1694710330985,51.0949123840863,20.41675665078));
#9329=CARTESIAN_POINT('Ctrl Pts',(12.2640818516125,51.3066937877226,19.9675132128818));
#9330=CARTESIAN_POINT('Ctrl Pts',(12.3392575952715,51.5227650624038,19.5090996715145));
#9331=CARTESIAN_POINT('Ctrl Pts',(12.3623575898169,51.5953962828024,19.355421418177));
#9332=CARTESIAN_POINT('Ctrl Pts',(12.3892249067478,51.687051159277,19.1626595247493));
#9333=CARTESIAN_POINT('Ctrl Pts',(12.4140013558135,51.7771084790489,18.9691575417497));
#9334=CARTESIAN_POINT('Ctrl Pts',(12.4188770473037,51.7950282250146,18.9304280599777));
#9335=CARTESIAN_POINT('Ctrl Pts',(12.4284764602386,51.8306108380368,18.8529085933039));
#9336=CARTESIAN_POINT('Ctrl Pts',(12.4377776108797,51.8654871171055,18.7752505991444));
#9337=CARTESIAN_POINT('Ctrl Pts',(12.4423550601526,51.8827007414447,18.7363826251871));
#9338=CARTESIAN_POINT('Ctrl Pts',(12.4558644238694,51.9334886317866,18.6196384223225));
#9339=CARTESIAN_POINT('Ctrl Pts',(12.4686501060195,51.9811105875538,18.5023650404719));
#9340=CARTESIAN_POINT('Ctrl Pts',(12.4767418169769,52.0109898036244,18.4238460361385));
#9341=CARTESIAN_POINT('Ctrl Pts',(12.4998817288089,52.0922502986576,18.1867883167692));
#9342=CARTESIAN_POINT('Ctrl Pts',(12.5211591836692,52.1472089192018,17.9457346080903));
#9343=CARTESIAN_POINT('Ctrl Pts',(12.5327104667614,52.175352713315,17.783399969844));
#9344=CARTESIAN_POINT('Ctrl Pts',(12.550843608588,52.2245882815715,17.4578164917099));
#9345=CARTESIAN_POINT('Ctrl Pts',(12.5597130951809,52.2613287414719,17.1308493542029));
#9346=CARTESIAN_POINT('Ctrl Pts',(12.5619019232076,52.2778008288357,16.9672811633905));
#9347=CARTESIAN_POINT('Ctrl Pts',(12.5620541523898,52.2927921683237,16.8037451373015));
#9348=CARTESIAN_POINT('Ctrl Pts',(12.560352512522,52.3066822241252,16.6403398375465));
#9349=CARTESIAN_POINT('Ctrl Pts',(8.90551055092379,47.233959325511,28.3821162190542));
#9350=CARTESIAN_POINT('Ctrl Pts',(8.94177155828134,47.2456422754981,28.2305353370225));
#9351=CARTESIAN_POINT('Ctrl Pts',(8.98156343420031,47.2600630481737,28.0788166126339));
#9352=CARTESIAN_POINT('Ctrl Pts',(9.02519487548484,47.2775210240373,27.9269480222279));
#9353=CARTESIAN_POINT('Ctrl Pts',(9.09659293765272,47.308503374843,27.6988193608328));
#9354=CARTESIAN_POINT('Ctrl Pts',(9.1764874534189,47.3467080835472,27.4698954189766));
#9355=CARTESIAN_POINT('Ctrl Pts',(9.20404019372692,47.3602481975311,27.3934825140278));
#9356=CARTESIAN_POINT('Ctrl Pts',(9.26090801105318,47.3889317744921,27.2404064692596));
#9357=CARTESIAN_POINT('Ctrl Pts',(9.3210937530265,47.4208223494578,27.0867582558089));
#9358=CARTESIAN_POINT('Ctrl Pts',(9.35196442704699,47.4375692632552,27.0097733008707));
#9359=CARTESIAN_POINT('Ctrl Pts',(9.44672128242352,47.4902290035324,26.7782904053429));
#9360=CARTESIAN_POINT('Ctrl Pts',(9.54729801207477,47.5502681245209,26.5452008090175));
#9361=CARTESIAN_POINT('Ctrl Pts',(9.61639266963524,47.5936753652854,26.3890605410144));
#9362=CARTESIAN_POINT('Ctrl Pts',(9.75736694811784,47.6877824418565,26.0757712141737));
#9363=CARTESIAN_POINT('Ctrl Pts',(9.9015794156453,47.7962930365356,25.7623968472213));
#9364=CARTESIAN_POINT('Ctrl Pts',(9.97390939919314,47.8541149484637,25.6061604751431));
#9365=CARTESIAN_POINT('Ctrl Pts',(10.1902586414957,48.0371590109349,25.1406490521866));
#9366=CARTESIAN_POINT('Ctrl Pts',(10.4032507672036,48.2449655497472,24.6884600978594));
#9367=CARTESIAN_POINT('Ctrl Pts',(10.5424886492838,48.3903975721419,24.3957631095625));
#9368=CARTESIAN_POINT('Ctrl Pts',(10.8195558368954,48.6936790013521,23.830205146392));
#9369=CARTESIAN_POINT('Ctrl Pts',(11.0938819193636,49.0083666137006,23.2955545193759));
#9370=CARTESIAN_POINT('Ctrl Pts',(11.2300221638709,49.1727108577564,23.0329460335361));
#9371=CARTESIAN_POINT('Ctrl Pts',(11.4808746192809,49.4655920612402,22.5013038692475));
#9372=CARTESIAN_POINT('Ctrl Pts',(11.7579101662175,49.7906048103703,21.9757382198817));
#9373=CARTESIAN_POINT('Ctrl Pts',(11.9198735529088,49.980654312665,21.6991391149705));
#9374=CARTESIAN_POINT('Ctrl Pts',(12.1788829240213,50.3491111438276,21.1750636703254));
#9375=CARTESIAN_POINT('Ctrl Pts',(12.3830183029371,50.6748821514829,20.623436287653));
#9376=CARTESIAN_POINT('Ctrl Pts',(12.4806284897656,50.836088050736,20.3453847155122));
#9377=CARTESIAN_POINT('Ctrl Pts',(12.6036548836641,51.0720800318648,19.9165165180924));
#9378=CARTESIAN_POINT('Ctrl Pts',(12.702947533331,51.3115413247698,19.4761290899759));
#9379=CARTESIAN_POINT('Ctrl Pts',(12.7336707178812,51.3919809688931,19.3281646719109));
#9380=CARTESIAN_POINT('Ctrl Pts',(12.7700369207524,51.4931848571301,19.1423031339277));
#9381=CARTESIAN_POINT('Ctrl Pts',(12.8036893488591,51.5918815764305,18.9549882998339));
#9382=CARTESIAN_POINT('Ctrl Pts',(12.8103097112807,51.6114876303353,18.9174639488764));
#9383=CARTESIAN_POINT('Ctrl Pts',(12.8233208170556,51.6503521311956,18.8422809583041));
#9384=CARTESIAN_POINT('Ctrl Pts',(12.8358421270992,51.6883334859172,18.7667959677341));
#9385=CARTESIAN_POINT('Ctrl Pts',(12.8419727385923,51.707056460904,18.7289696319258));
#9386=CARTESIAN_POINT('Ctrl Pts',(12.8599428100359,51.7622621804146,18.6152064258069));
#9387=CARTESIAN_POINT('Ctrl Pts',(12.8765416994769,51.8140663424776,18.5004736778026));
#9388=CARTESIAN_POINT('Ctrl Pts',(12.8869237193227,51.8466499289653,18.4234689192905));
#9389=CARTESIAN_POINT('Ctrl Pts',(12.9155154553268,51.9367551296247,18.190273621785));
#9390=CARTESIAN_POINT('Ctrl Pts',(12.9353088341749,52.0034268826182,17.9501063088394));
#9391=CARTESIAN_POINT('Ctrl Pts',(12.9446385503876,52.0373386292878,17.7872833614828));
#9392=CARTESIAN_POINT('Ctrl Pts',(12.957962702234,52.0953046713337,17.4600553827568));
#9393=CARTESIAN_POINT('Ctrl Pts',(12.9612665353262,52.1375894441647,17.1304632062711));
#9394=CARTESIAN_POINT('Ctrl Pts',(12.9607987109439,52.1564684200294,16.9655749918406));
#9395=CARTESIAN_POINT('Ctrl Pts',(12.9584744523357,52.1736773945165,16.8007709244553));
#9396=CARTESIAN_POINT('Ctrl Pts',(12.9544992218293,52.1896657771171,16.63617490818));
#9397=CARTESIAN_POINT('Ctrl Pts',(9.13137376699633,46.9419838659871,28.2891678390879));
#9398=CARTESIAN_POINT('Ctrl Pts',(9.16785137179317,46.9541175336603,28.136329290361));
#9399=CARTESIAN_POINT('Ctrl Pts',(9.20748916511435,46.9687892256291,27.9832689593049));
#9400=CARTESIAN_POINT('Ctrl Pts',(9.25048223667441,46.9862387790187,27.8299664263708));
#9401=CARTESIAN_POINT('Ctrl Pts',(9.32010235004281,47.0168196379222,27.5995672551749));
#9402=CARTESIAN_POINT('Ctrl Pts',(9.39707639207113,47.0541816896677,27.3683417326455));
#9403=CARTESIAN_POINT('Ctrl Pts',(9.42353305718865,47.0673991361137,27.2911662236445));
#9404=CARTESIAN_POINT('Ctrl Pts',(9.47798204622801,47.0953728183754,27.1365966571994));
#9405=CARTESIAN_POINT('Ctrl Pts',(9.53534311318282,47.1264476973199,26.9815675936879));
#9406=CARTESIAN_POINT('Ctrl Pts',(9.56471188916525,47.1427662512765,26.9039326137661));
#9407=CARTESIAN_POINT('Ctrl Pts',(9.65473754157587,47.1940838176361,26.6706601754838));
#9408=CARTESIAN_POINT('Ctrl Pts',(9.75004463855098,47.2525561526326,26.4363400005016));
#9409=CARTESIAN_POINT('Ctrl Pts',(9.81550727723648,47.2947753974294,26.2797035686656));
#9410=CARTESIAN_POINT('Ctrl Pts',(9.94928049004269,47.385876215618,25.9659951322228));
#9411=CARTESIAN_POINT('Ctrl Pts',(10.08696295265,47.4900259685731,25.6528105296558));
#9412=CARTESIAN_POINT('Ctrl Pts',(10.1563316502011,47.545303387896,25.4966936493993));
#9413=CARTESIAN_POINT('Ctrl Pts',(10.3649213346139,47.7199045875248,25.0311049954564));
#9414=CARTESIAN_POINT('Ctrl Pts',(10.5734107617329,47.9179105837096,24.5766174159558));
#9415=CARTESIAN_POINT('Ctrl Pts',(10.7108426714213,48.057745038182,24.2811312768468));
#9416=CARTESIAN_POINT('Ctrl Pts',(10.9851851848476,48.3482664515429,23.7068905209283));
#9417=CARTESIAN_POINT('Ctrl Pts',(11.2548097150614,48.6507060564652,23.1578714662515));
#9418=CARTESIAN_POINT('Ctrl Pts',(11.3876037493211,48.7981401021766,22.8849684186118));
#9419=CARTESIAN_POINT('Ctrl Pts',(11.6418908565813,49.1004708515758,22.3473521940303));
#9420=CARTESIAN_POINT('Ctrl Pts',(11.9133428249684,49.3957558265721,21.7893953693549));
#9421=CARTESIAN_POINT('Ctrl Pts',(12.0630994030418,49.5850931468859,21.5086959794165));
#9422=CARTESIAN_POINT('Ctrl Pts',(12.3390914005791,49.9605276077475,20.9911441629833));
#9423=CARTESIAN_POINT('Ctrl Pts',(12.5923902125624,50.3279413782662,20.471976534456));
#9424=CARTESIAN_POINT('Ctrl Pts',(12.7123336231622,50.5064824900871,20.2093918064394));
#9425=CARTESIAN_POINT('Ctrl Pts',(12.8701562172317,50.765052257487,19.8060058015209));
#9426=CARTESIAN_POINT('Ctrl Pts',(12.9991336295957,51.0207059559983,19.3867510937975));
#9427=CARTESIAN_POINT('Ctrl Pts',(13.0392319132206,51.1059076778631,19.2452704324328));
#9428=CARTESIAN_POINT('Ctrl Pts',(13.0878420839465,51.2130848136486,19.0674361401301));
#9429=CARTESIAN_POINT('Ctrl Pts',(13.1334977177767,51.3183017266966,18.8876068144283));
#9430=CARTESIAN_POINT('Ctrl Pts',(13.1425018764302,51.3392391854058,18.8515548537676));
#9431=CARTESIAN_POINT('Ctrl Pts',(13.1602258023214,51.3808305432183,18.7792590782228));
#9432=CARTESIAN_POINT('Ctrl Pts',(13.1773018323839,51.4216796671635,18.7065295132059));
#9433=CARTESIAN_POINT('Ctrl Pts',(13.1856581068676,51.4418750100028,18.6700437923456));
#9434=CARTESIAN_POINT('Ctrl Pts',(13.2101097557123,51.5016178633261,18.5601782439225));
#9435=CARTESIAN_POINT('Ctrl Pts',(13.232480627642,51.5583224036931,18.4489421362649));
#9436=CARTESIAN_POINT('Ctrl Pts',(13.246316599757,51.5943174580217,18.3740609866716));
#9437=CARTESIAN_POINT('Ctrl Pts',(13.2833809658228,51.6953083697223,18.1466716546634));
#9438=CARTESIAN_POINT('Ctrl Pts',(13.305547214321,51.7748527357286,17.9106553726483));
#9439=CARTESIAN_POINT('Ctrl Pts',(13.3149842891724,51.8178799302708,17.7501007231711));
#9440=CARTESIAN_POINT('Ctrl Pts',(13.3273271307841,51.8927598567863,17.4261834854912));
#9441=CARTESIAN_POINT('Ctrl Pts',(13.3282195600463,51.9495112237108,17.09845057712));
#9442=CARTESIAN_POINT('Ctrl Pts',(13.3265483029368,51.9748990498236,16.9342839551596));
#9443=CARTESIAN_POINT('Ctrl Pts',(13.3230934664934,51.9980692091542,16.7700727991428));
#9444=CARTESIAN_POINT('Ctrl Pts',(13.3180955664224,52.0195451408127,16.6059800595765));
#9445=CARTESIAN_POINT('Ctrl Pts',(9.24640921243345,46.800602582046,28.2423754542732));
#9446=CARTESIAN_POINT('Ctrl Pts',(9.28291493438842,46.812982659076,28.0889486619219));
#9447=CARTESIAN_POINT('Ctrl Pts',(9.32241302241043,46.8278169954925,27.9352746759065));
#9448=CARTESIAN_POINT('Ctrl Pts',(9.36505788796007,46.845324352507,27.7813343209208));
#9449=CARTESIAN_POINT('Ctrl Pts',(9.4338025548308,46.8758257538991,27.5499580631476));
#9450=CARTESIAN_POINT('Ctrl Pts',(9.50940582465061,46.912889400253,27.3177826097955));
#9451=CARTESIAN_POINT('Ctrl Pts',(9.53535229104242,46.9259845730628,27.2402966046794));
#9452=CARTESIAN_POINT('Ctrl Pts',(9.5886824782365,46.9536727389832,27.085126219538));
#9453=CARTESIAN_POINT('Ctrl Pts',(9.64474883800339,46.9843858468652,26.9295523571066));
#9454=CARTESIAN_POINT('Ctrl Pts',(9.67343151646094,47.0005058981019,26.8516628839051));
#9455=CARTESIAN_POINT('Ctrl Pts',(9.76130130823277,47.0511762104599,26.6176922310504));
#9456=CARTESIAN_POINT('Ctrl Pts',(9.85421710645062,47.1088320190885,26.3828918728032));
#9457=CARTESIAN_POINT('Ctrl Pts',(9.91803158411799,47.1504212650178,26.2260536667075));
#9458=CARTESIAN_POINT('Ctrl Pts',(10.0485132478459,47.2399909224977,25.9121575752224));
#9459=CARTESIAN_POINT('Ctrl Pts',(10.1831310994928,47.3420091973841,25.5990112067526));
#9460=CARTESIAN_POINT('Ctrl Pts',(10.251079342348,47.3960517580899,25.4429189759767));
#9461=CARTESIAN_POINT('Ctrl Pts',(10.455873527274,47.5666038867994,24.9771929043608));
#9462=CARTESIAN_POINT('Ctrl Pts',(10.6618771807081,47.7598976249042,24.5216412231755));
#9463=CARTESIAN_POINT('Ctrl Pts',(10.7982464660196,47.896543454691,24.2247199884348));
#9464=CARTESIAN_POINT('Ctrl Pts',(11.0702385540995,48.1807712195674,23.6461452965856));
#9465=CARTESIAN_POINT('Ctrl Pts',(11.3379472224602,48.4768699469655,23.0902380744757));
#9466=CARTESIAN_POINT('Ctrl Pts',(11.4692426654985,48.6257346407098,22.8158804280355));
#9467=CARTESIAN_POINT('Ctrl Pts',(11.7279954433551,48.9165195110818,22.265839524952));
#9468=CARTESIAN_POINT('Ctrl Pts',(12.000476535558,49.226583081098,21.7072578658779));
#9469=CARTESIAN_POINT('Ctrl Pts',(12.1389682354276,49.4026736478159,21.4289277353707));
#9470=CARTESIAN_POINT('Ctrl Pts',(12.4105988197376,49.7579664380528,20.888441712868));
#9471=CARTESIAN_POINT('Ctrl Pts',(12.6711853656259,50.1361853697041,20.3768561764179));
#9472=CARTESIAN_POINT('Ctrl Pts',(12.8055825526431,50.3247935598126,20.1233132829706));
#9473=CARTESIAN_POINT('Ctrl Pts',(12.9821343058243,50.5942642819741,19.7341614948846));
#9474=CARTESIAN_POINT('Ctrl Pts',(13.1267652092126,50.8566832350785,19.3260914524312));
#9475=CARTESIAN_POINT('Ctrl Pts',(13.1718122449756,50.9435561210176,19.1880971784239));
#9476=CARTESIAN_POINT('Ctrl Pts',(13.2272134830963,51.0532475621614,19.0147583650783));
#9477=CARTESIAN_POINT('Ctrl Pts',(13.2798069014437,51.1617240222691,18.8392576758215));
#9478=CARTESIAN_POINT('Ctrl Pts',(13.2901992310884,51.1833455616477,18.8040620174049));
#9479=CARTESIAN_POINT('Ctrl Pts',(13.3106839229508,51.2263711687166,18.7334519133896));
#9480=CARTESIAN_POINT('Ctrl Pts',(13.3304522667352,51.2687894447239,18.6623367929021));
#9481=CARTESIAN_POINT('Ctrl Pts',(13.3401281447868,51.2898036887867,18.6266362174049));
#9482=CARTESIAN_POINT('Ctrl Pts',(13.3684298923742,51.352107155154,18.5190455090689));
#9483=CARTESIAN_POINT('Ctrl Pts',(13.3942212083335,51.4116764654939,18.4098172035789));
#9484=CARTESIAN_POINT('Ctrl Pts',(13.4100336688479,51.4497548885947,18.336097185592));
#9485=CARTESIAN_POINT('Ctrl Pts',(13.4518645655407,51.5569864633684,18.1122817168848));
#9486=CARTESIAN_POINT('Ctrl Pts',(13.4766708709823,51.6425047954408,17.8795496630412));
#9487=CARTESIAN_POINT('Ctrl Pts',(13.4868369505485,51.6904367966405,17.7204230626147));
#9488=CARTESIAN_POINT('Ctrl Pts',(13.4999766684068,51.7747628835,17.3992947892624));
#9489=CARTESIAN_POINT('Ctrl Pts',(13.5009067705429,51.8402896050714,17.0736858859394));
#9490=CARTESIAN_POINT('Ctrl Pts',(13.4992223116204,51.8697519715012,16.9104533863533));
#9491=CARTESIAN_POINT('Ctrl Pts',(13.4957420353851,51.8966932547854,16.7470706668186));
#9492=CARTESIAN_POINT('Ctrl Pts',(13.4907267728361,51.9216587754506,16.5837186809731));
#9493=CARTESIAN_POINT('Ctrl Pts',(9.4217353485107,46.5950124626644,28.1721190227347));
#9494=CARTESIAN_POINT('Ctrl Pts',(9.45819909872345,46.6077784913249,28.0178833583014));
#9495=CARTESIAN_POINT('Ctrl Pts',(9.49742447838816,46.6228849421777,27.8633789954094));
#9496=CARTESIAN_POINT('Ctrl Pts',(9.53951955194758,46.6405249653398,27.7085917744002));
#9497=CARTESIAN_POINT('Ctrl Pts',(9.60698589207998,46.6710053270368,27.4759457226041));
#9498=CARTESIAN_POINT('Ctrl Pts',(9.68067109567109,46.7077361653597,27.2425693786203));
#9499=CARTESIAN_POINT('Ctrl Pts',(9.7059092425421,46.7206866278725,27.164694435808));
#9500=CARTESIAN_POINT('Ctrl Pts',(9.75769384137881,46.7480206516822,27.0087776957907));
#9501=CARTESIAN_POINT('Ctrl Pts',(9.81198099988706,46.7782523185859,26.8525369927848));
#9502=CARTESIAN_POINT('Ctrl Pts',(9.83972174256383,46.7941003912185,26.7743380815903));
#9503=CARTESIAN_POINT('Ctrl Pts',(9.92463145368369,46.8438595998403,26.539522354122));
#9504=CARTESIAN_POINT('Ctrl Pts',(10.0142584599408,46.9003009598725,26.3041442530188));
#9505=CARTESIAN_POINT('Ctrl Pts',(10.0757998487975,46.9409310026022,26.1470571202242));
#9506=CARTESIAN_POINT('Ctrl Pts',(10.2017311474291,47.0281983178707,25.8328929802433));
#9507=CARTESIAN_POINT('Ctrl Pts',(10.3320535519566,47.1271258193275,25.5197023885518));
#9508=CARTESIAN_POINT('Ctrl Pts',(10.3979842269464,47.1794185406457,25.3635863224104));
#9509=CARTESIAN_POINT('Ctrl Pts',(10.5972486912435,47.3442316819818,24.8975384962856));
#9510=CARTESIAN_POINT('Ctrl Pts',(10.7992919227912,47.5307230104368,24.4404332044369));
#9511=CARTESIAN_POINT('Ctrl Pts',(10.9337503344624,47.6627770011988,24.1415340576906));
#9512=CARTESIAN_POINT('Ctrl Pts',(11.2021181327701,47.9375734589431,23.556725779972));
#9513=CARTESIAN_POINT('Ctrl Pts',(11.467180606005,48.2252756735337,22.9911312208615));
#9514=CARTESIAN_POINT('Ctrl Pts',(11.5977633644337,48.3701835045063,22.7116613580462));
#9515=CARTESIAN_POINT('Ctrl Pts',(11.8584662535848,48.6589171229224,22.1510778288866));
#9516=CARTESIAN_POINT('Ctrl Pts',(12.1269579240451,48.9686371768804,21.5873442702204));
#9517=CARTESIAN_POINT('Ctrl Pts',(12.2632920713766,49.1363026003728,21.3061056046619));
#9518=CARTESIAN_POINT('Ctrl Pts',(12.529346374673,49.4849083113813,20.759377447649));
#9519=CARTESIAN_POINT('Ctrl Pts',(12.7884288216748,49.8508844824733,20.2371822996457));
#9520=CARTESIAN_POINT('Ctrl Pts',(12.9239617826448,50.0426353726172,19.9810183447965));
#9521=CARTESIAN_POINT('Ctrl Pts',(13.1171378375211,50.3225216655015,19.603073851628));
#9522=CARTESIAN_POINT('Ctrl Pts',(13.2869150526502,50.5928784753435,19.2122965708186));
#9523=CARTESIAN_POINT('Ctrl Pts',(13.3409796362754,50.6822108216118,19.0804183698396));
#9524=CARTESIAN_POINT('Ctrl Pts',(13.4080127331867,50.7949863382098,18.9148747946596));
#9525=CARTESIAN_POINT('Ctrl Pts',(13.472350075467,50.907964967372,18.746934345265));
#9526=CARTESIAN_POINT('Ctrl Pts',(13.4850903274935,50.9305542598784,18.7132375669539));
#9527=CARTESIAN_POINT('Ctrl Pts',(13.5102498718496,50.975656388688,18.6455913135555));
#9528=CARTESIAN_POINT('Ctrl Pts',(13.5345781507492,51.0204047409296,18.5773527764045));
#9529=CARTESIAN_POINT('Ctrl Pts',(13.5464875665023,51.0426407085135,18.5430638053327));
#9530=CARTESIAN_POINT('Ctrl Pts',(13.581268971341,51.1087340652641,18.439610477897));
#9531=CARTESIAN_POINT('Ctrl Pts',(13.6126655980682,51.1723598908406,18.3341624747348));
#9532=CARTESIAN_POINT('Ctrl Pts',(13.631624134052,51.2131353086585,18.2627705904639));
#9533=CARTESIAN_POINT('Ctrl Pts',(13.6808952455938,51.3284866567478,18.0445279270122));
#9534=CARTESIAN_POINT('Ctrl Pts',(13.7094505829623,51.4236259510508,17.8157572042876));
#9535=CARTESIAN_POINT('Ctrl Pts',(13.7216641440525,51.4790473576859,17.6599054198921));
#9536=CARTESIAN_POINT('Ctrl Pts',(13.7381853266717,51.5784036291819,17.3444151020888));
#9537=CARTESIAN_POINT('Ctrl Pts',(13.7416042369356,51.6583725911406,17.0236806343833));
#9538=CARTESIAN_POINT('Ctrl Pts',(13.7410304431449,51.694636683962,16.8626650830857));
#9539=CARTESIAN_POINT('Ctrl Pts',(13.7385473829789,51.7279405289409,16.7012894602468));
#9540=CARTESIAN_POINT('Ctrl Pts',(13.7344439155816,51.7588378253457,16.5397551877265));
#9541=CARTESIAN_POINT('Ctrl Pts',(9.60076760764335,46.3985741130618,28.1021752692796));
#9542=CARTESIAN_POINT('Ctrl Pts',(9.6370988964426,46.4117409658346,27.9472432664441));
#9543=CARTESIAN_POINT('Ctrl Pts',(9.67599168178921,46.4271481012478,27.7920395710476));
#9544=CARTESIAN_POINT('Ctrl Pts',(9.71752350070649,46.4449688332532,27.6365570457717));
#9545=CARTESIAN_POINT('Ctrl Pts',(9.78377733172361,46.4755261435506,27.402896687159));
#9546=CARTESIAN_POINT('Ctrl Pts',(9.85573019008595,46.512037123882,27.1685935750057));
#9547=CARTESIAN_POINT('Ctrl Pts',(9.88033481040408,46.5248809476926,27.0904218626515));
#9548=CARTESIAN_POINT('Ctrl Pts',(9.93074678839982,46.5519347373648,26.9339411321851));
#9549=CARTESIAN_POINT('Ctrl Pts',(9.98346829793019,46.5817505091865,26.7772042234515));
#9550=CARTESIAN_POINT('Ctrl Pts',(10.0103824786188,46.5973562979149,26.6987763240096));
#9551=CARTESIAN_POINT('Ctrl Pts',(10.0926984743832,46.6462832846911,26.4633360289283));
#9552=CARTESIAN_POINT('Ctrl Pts',(10.1794467947878,46.7015653191572,26.2275244745451));
#9553=CARTESIAN_POINT('Ctrl Pts',(10.2389930523964,46.7412676632099,26.0702376847736));
#9554=CARTESIAN_POINT('Ctrl Pts',(10.3609043160811,46.8263359432077,25.7558122970319));
#9555=CARTESIAN_POINT('Ctrl Pts',(10.487344022919,46.9223870769561,25.4424683015439));
#9556=CARTESIAN_POINT('Ctrl Pts',(10.5514173859899,46.9730738097098,25.286261167684));
#9557=CARTESIAN_POINT('Ctrl Pts',(10.7454637017024,47.1326404440655,24.8197243675335));
#9558=CARTESIAN_POINT('Ctrl Pts',(10.9434147180674,47.3128862292403,24.3610880787733));
#9559=CARTESIAN_POINT('Ctrl Pts',(11.0757149820086,47.4406129396723,24.060360312347));
#9560=CARTESIAN_POINT('Ctrl Pts',(11.340203693245,47.70670865771,23.4699094629116));
#9561=CARTESIAN_POINT('Ctrl Pts',(11.6027400538177,47.9871962114581,22.8959570982795));
#9562=CARTESIAN_POINT('Ctrl Pts',(11.7327536224805,48.1291510207546,22.6119068550404));
#9563=CARTESIAN_POINT('Ctrl Pts',(11.9931766422741,48.4158759926337,22.0432318058612));
#9564=CARTESIAN_POINT('Ctrl Pts',(12.2580195865222,48.7232859054579,21.4752751543045));
#9565=CARTESIAN_POINT('Ctrl Pts',(12.3917588133624,48.8866659126121,21.1922900535265));
#9566=CARTESIAN_POINT('Ctrl Pts',(12.6537870195291,49.2263032738635,20.6396772209981));
#9567=CARTESIAN_POINT('Ctrl Pts',(12.9112524267251,49.5837387822198,20.1054107416741));
#9568=CARTESIAN_POINT('Ctrl Pts',(13.0388373984895,49.7700295533614,19.8428765425063));
#9569=CARTESIAN_POINT('Ctrl Pts',(13.233190259364,50.0469130934606,19.4625599116312));
#9570=CARTESIAN_POINT('Ctrl Pts',(13.4187454345838,50.3199869622881,19.0800766357695));
#9571=CARTESIAN_POINT('Ctrl Pts',(13.4791282387181,50.4106234414013,18.9518632296641));
#9572=CARTESIAN_POINT('Ctrl Pts',(13.5561654023239,50.5254400433898,18.7923779764086));
#9573=CARTESIAN_POINT('Ctrl Pts',(13.6313835810344,50.641360737093,18.6313500793841));
#9574=CARTESIAN_POINT('Ctrl Pts',(13.6463154099067,50.6645748156548,18.5990585786581));
#9575=CARTESIAN_POINT('Ctrl Pts',(13.6758321320859,50.7109980552024,18.5342361634092));
#9576=CARTESIAN_POINT('Ctrl Pts',(13.7043531929043,50.7572073247646,18.4687866731963));
#9577=CARTESIAN_POINT('Ctrl Pts',(13.7182898074395,50.7802079634439,18.4358681820253));
#9578=CARTESIAN_POINT('Ctrl Pts',(13.7588650858131,50.8486922312348,18.3364124984134));
#9579=CARTESIAN_POINT('Ctrl Pts',(13.7950169463641,50.9149814181508,18.2345483786343));
#9580=CARTESIAN_POINT('Ctrl Pts',(13.816431101317,50.9575799834173,18.1652670713894));
#9581=CARTESIAN_POINT('Ctrl Pts',(13.8720527021754,51.0793624571548,17.9530165536184));
#9582=CARTESIAN_POINT('Ctrl Pts',(13.9060681448246,51.1841964318264,17.7299264572297));
#9583=CARTESIAN_POINT('Ctrl Pts',(13.9224357593216,51.2471851345762,17.5782585755633));
#9584=CARTESIAN_POINT('Ctrl Pts',(13.9462217824122,51.3617895403811,17.2706875518345));
#9585=CARTESIAN_POINT('Ctrl Pts',(13.9557379703145,51.4567813223824,16.9569922920217));
#9586=CARTESIAN_POINT('Ctrl Pts',(13.9578964289997,51.5002292307712,16.7991923344717));
#9587=CARTESIAN_POINT('Ctrl Pts',(13.9578780759783,51.5403393955667,16.6407480551863));
#9588=CARTESIAN_POINT('Ctrl Pts',(13.9560080948623,51.5776508096384,16.4818820189703));
#9589=CARTESIAN_POINT('Ctrl Pts',(9.66083222281786,46.3340799959622,28.0789188108642));
#9590=CARTESIAN_POINT('Ctrl Pts',(9.69711131265024,46.3473814801561,27.9237673131857));
#9591=CARTESIAN_POINT('Ctrl Pts',(9.7358884428075,46.3628910618047,27.7683447799773));
#9592=CARTESIAN_POINT('Ctrl Pts',(9.7772323514955,46.3807758754444,27.6126464663028));
#9593=CARTESIAN_POINT('Ctrl Pts',(9.84309006198167,46.4113666861485,27.3786739807598));
#9594=CARTESIAN_POINT('Ctrl Pts',(9.91448524040744,46.4478137963434,27.1440886087462));
#9595=CARTESIAN_POINT('Ctrl Pts',(9.93888654197655,46.4606253055899,27.0658268113869));
#9596=CARTESIAN_POINT('Ctrl Pts',(9.98885902990543,46.4875921476823,26.9091753374433));
#9597=CARTESIAN_POINT('Ctrl Pts',(10.0410808224607,46.5172755580989,26.7522887730607));
#9598=CARTESIAN_POINT('Ctrl Pts',(10.0677314550794,46.5328036224369,26.6737918759107));
#9599=CARTESIAN_POINT('Ctrl Pts',(10.1492209327684,46.5814620180918,26.4381632656702));
#9600=CARTESIAN_POINT('Ctrl Pts',(10.235052415056,46.6363661507357,26.2022197181977));
#9601=CARTESIAN_POINT('Ctrl Pts',(10.2939626552974,46.6757653356632,26.0448704548839));
#9602=CARTESIAN_POINT('Ctrl Pts',(10.4145893057804,46.7601168670855,25.7303580753562));
#9603=CARTESIAN_POINT('Ctrl Pts',(10.5397788854796,46.8552357465549,25.4169525347752));
#9604=CARTESIAN_POINT('Ctrl Pts',(10.6032508631283,46.9054035775498,25.2607085825796));
#9605=CARTESIAN_POINT('Ctrl Pts',(10.795595452269,47.0632772781792,24.7939918692991));
#9606=CARTESIAN_POINT('Ctrl Pts',(10.9921782498907,47.2415089392022,24.3348463820197));
#9607=CARTESIAN_POINT('Ctrl Pts',(11.1237398095681,47.3678334357466,24.0335254562109));
#9608=CARTESIAN_POINT('Ctrl Pts',(11.3869217446012,47.6311323912485,23.4412706183704));
#9609=CARTESIAN_POINT('Ctrl Pts',(11.6486145457387,47.9093442427028,22.8646943534817));
#9610=CARTESIAN_POINT('Ctrl Pts',(11.7784173652733,48.0504074771111,22.5792106737986));
#9611=CARTESIAN_POINT('Ctrl Pts',(12.0385606705175,48.3363884887295,22.008079966592));
#9612=CARTESIAN_POINT('Ctrl Pts',(12.3022410462399,48.6428884135409,21.438746173992));
#9613=CARTESIAN_POINT('Ctrl Pts',(12.4350471314927,48.8050532731826,21.1553782052834));
#9614=CARTESIAN_POINT('Ctrl Pts',(12.6961391464391,49.1416915178004,20.6003320235864));
#9615=CARTESIAN_POINT('Ctrl Pts',(12.9524491238796,49.4969766097379,20.0632908299475));
#9616=CARTESIAN_POINT('Ctrl Pts',(13.0787627205903,49.6820913438357,19.7989069772636));
#9617=CARTESIAN_POINT('Ctrl Pts',(13.271107064697,49.9552148892329,19.4159180879615));
#9618=CARTESIAN_POINT('Ctrl Pts',(13.460451023369,50.2290149687778,19.0346970610961));
#9619=CARTESIAN_POINT('Ctrl Pts',(13.5224193953315,50.3198619787312,18.9073503976219));
#9620=CARTESIAN_POINT('Ctrl Pts',(13.6024254275125,50.4351894695442,18.7495179993214));
#9621=CARTESIAN_POINT('Ctrl Pts',(13.6809757583538,50.5518229142278,18.5905684401037));
#9622=CARTESIAN_POINT('Ctrl Pts',(13.6965804978783,50.5751873580554,18.5587063027644));
#9623=CARTESIAN_POINT('Ctrl Pts',(13.7274317180538,50.621929184621,18.4947585991373));
#9624=CARTESIAN_POINT('Ctrl Pts',(13.7572179240404,50.6684915701803,18.4301821852073));
#9625=CARTESIAN_POINT('Ctrl Pts',(13.7717578773241,50.6916770313136,18.3976913773502));
#9626=CARTESIAN_POINT('Ctrl Pts',(13.8140407422469,50.7607429415012,18.2994749371272));
#9627=CARTESIAN_POINT('Ctrl Pts',(13.8515889941229,50.8277207211449,18.1987132222197));
#9628=CARTESIAN_POINT('Ctrl Pts',(13.8737562307501,50.8708311236168,18.1300817242667));
#9629=CARTESIAN_POINT('Ctrl Pts',(13.9315017126522,50.9946147097842,17.9198790749676));
#9630=CARTESIAN_POINT('Ctrl Pts',(13.9676622773579,51.1026905654505,17.6990311625089));
#9631=CARTESIAN_POINT('Ctrl Pts',(13.985612820194,51.1681723873593,17.5488599643444));
#9632=CARTESIAN_POINT('Ctrl Pts',(14.0122678282793,51.2878277727906,17.2441857238496));
#9633=CARTESIAN_POINT('Ctrl Pts',(14.0242132148647,51.387815161498,16.9330529714407));
#9634=CARTESIAN_POINT('Ctrl Pts',(14.0274580770607,51.4336624610719,16.7764230139209));
#9635=CARTESIAN_POINT('Ctrl Pts',(14.0284196563637,51.4760556503669,16.6190458793785));
#9636=CARTESIAN_POINT('Ctrl Pts',(14.0274365301014,51.5155267709963,16.4611520257264));
#9637=CARTESIAN_POINT('Ctrl Pts',(9.75148019543926,46.2387732201136,28.0441494788386));
#9638=CARTESIAN_POINT('Ctrl Pts',(9.787671252491,46.2522774337484,27.8886871192478));
#9639=CARTESIAN_POINT('Ctrl Pts',(9.82626976092017,46.2679429728938,27.7329566651665));
#9640=CARTESIAN_POINT('Ctrl Pts',(9.86733296043814,46.2859282328416,27.5769569003852));
#9641=CARTESIAN_POINT('Ctrl Pts',(9.93260927827757,46.3165785143807,27.3425514965656));
#9642=CARTESIAN_POINT('Ctrl Pts',(10.0031963823853,46.3529416749608,27.1075779335534));
#9643=CARTESIAN_POINT('Ctrl Pts',(10.0273038812951,46.3657088814634,27.0291925726637));
#9644=CARTESIAN_POINT('Ctrl Pts',(10.0766426192368,46.3925539028335,26.8723073772556));
#9645=CARTESIAN_POINT('Ctrl Pts',(10.1281458656227,46.4220477414198,26.7152164744333));
#9646=CARTESIAN_POINT('Ctrl Pts',(10.1544178959545,46.4374637565633,26.6366253965559));
#9647=CARTESIAN_POINT('Ctrl Pts',(10.2347206721822,46.4857330724701,26.4007394243185));
#9648=CARTESIAN_POINT('Ctrl Pts',(10.3192364210453,46.5400854773617,26.1646133736667));
#9649=CARTESIAN_POINT('Ctrl Pts',(10.3772331513549,46.5790412072658,26.0071753896378));
#9650=CARTESIAN_POINT('Ctrl Pts',(10.4960106284772,46.6623462061497,25.692532545096));
#9651=CARTESIAN_POINT('Ctrl Pts',(10.6193885099383,46.7561096040568,25.3790219131277));
#9652=CARTESIAN_POINT('Ctrl Pts',(10.6819846493752,46.8055247613951,25.2227148812366));
#9653=CARTESIAN_POINT('Ctrl Pts',(10.8718356716148,46.9609458033725,24.7557082797639));
#9654=CARTESIAN_POINT('Ctrl Pts',(11.0663713245296,47.1362633044353,24.2958053019805));
#9655=CARTESIAN_POINT('Ctrl Pts',(11.1968071890056,47.2605537431735,23.9936229132872));
#9656=CARTESIAN_POINT('Ctrl Pts',(11.458016888542,47.5198247956765,23.3987869424197));
#9657=CARTESIAN_POINT('Ctrl Pts',(11.7184248552781,47.794795374575,22.8185208488369));
#9658=CARTESIAN_POINT('Ctrl Pts',(11.8478675955021,47.9346124793116,22.5310344374845));
#9659=CARTESIAN_POINT('Ctrl Pts',(12.107392296641,48.2193792484649,21.9565169654947));
#9660=CARTESIAN_POINT('Ctrl Pts',(12.3693902296235,48.52438315474,21.3851739277725));
#9661=CARTESIAN_POINT('Ctrl Pts',(12.5009842264811,48.6847978893406,21.1010776500133));
#9662=CARTESIAN_POINT('Ctrl Pts',(12.7605083797356,49.0175336550961,20.5428865298245));
#9663=CARTESIAN_POINT('Ctrl Pts',(13.0151607136178,49.3691669025217,20.0019293501119));
#9664=CARTESIAN_POINT('Ctrl Pts',(13.1406991773327,49.5513933311111,19.7361722175675));
#9665=CARTESIAN_POINT('Ctrl Pts',(13.3300297054157,49.8209431685332,19.3482339584069));
#9666=CARTESIAN_POINT('Ctrl Pts',(13.5209908262147,50.0935535262724,18.9660549907566));
#9667=CARTESIAN_POINT('Ctrl Pts',(13.5838888922381,50.1839029804477,18.8387804970558));
#9668=CARTESIAN_POINT('Ctrl Pts',(13.6669183572454,50.2993797803034,18.6824799793401));
#9669=CARTESIAN_POINT('Ctrl Pts',(13.7500444739208,50.4167056882941,18.5263861483119));
#9670=CARTESIAN_POINT('Ctrl Pts',(13.7666086131635,50.4402221226806,18.4951341069677));
#9671=CARTESIAN_POINT('Ctrl Pts',(13.7993946750466,50.4872759345302,18.4324364325654));
#9672=CARTESIAN_POINT('Ctrl Pts',(13.8310229799038,50.5341805555363,18.369112136094));
#9673=CARTESIAN_POINT('Ctrl Pts',(13.8464298144181,50.5575481982548,18.3372335664048));
#9674=CARTESIAN_POINT('Ctrl Pts',(13.8910595959745,50.6272150986714,18.2407709709636));
#9675=CARTESIAN_POINT('Ctrl Pts',(13.9302302962512,50.6950169216039,18.1414983164211));
#9676=CARTESIAN_POINT('Ctrl Pts',(13.9532588881305,50.7388566849162,18.0737524236295));
#9677=CARTESIAN_POINT('Ctrl Pts',(14.0142580759688,50.8657749982337,17.8666499098123));
#9678=CARTESIAN_POINT('Ctrl Pts',(14.0544389895578,50.9788442278082,17.6495541537112));
#9679=CARTESIAN_POINT('Ctrl Pts',(14.0750756755004,51.0479481610331,17.5018838835924));
#9680=CARTESIAN_POINT('Ctrl Pts',(14.1067010556082,51.1750276417784,17.2019231915656));
#9681=CARTESIAN_POINT('Ctrl Pts',(14.1228184124991,51.28236872751,16.8948933261514));
#9682=CARTESIAN_POINT('Ctrl Pts',(14.1279273571209,51.3317658293045,16.7401340198746));
#9683=CARTESIAN_POINT('Ctrl Pts',(14.1305695532426,51.3775523592177,16.584463457671));
#9684=CARTESIAN_POINT('Ctrl Pts',(14.1311068695387,51.4202476411376,16.4281257973168));
#9685=CARTESIAN_POINT('Ctrl Pts',(9.84291590804843,46.1455578614152,28.0095879852491));
#9686=CARTESIAN_POINT('Ctrl Pts',(9.87900714564786,46.1592652387871,27.8538412444574));
#9687=CARTESIAN_POINT('Ctrl Pts',(9.91742171771811,46.175089154736,27.6978316639096));
#9688=CARTESIAN_POINT('Ctrl Pts',(9.95820749058999,46.1931799427539,27.5415613456839));
#9689=CARTESIAN_POINT('Ctrl Pts',(10.0229221792218,46.2239010525671,27.3067711305607));
#9690=CARTESIAN_POINT('Ctrl Pts',(10.0927420173218,46.2601958970911,27.0714563322032));
#9691=CARTESIAN_POINT('Ctrl Pts',(10.1165715930065,46.2729244195631,26.9929627254989));
#9692=CARTESIAN_POINT('Ctrl Pts',(10.1653125674303,46.2996595216714,26.835873285823));
#9693=CARTESIAN_POINT('Ctrl Pts',(10.2161407643777,46.3289769229289,26.6786042730108));
#9694=CARTESIAN_POINT('Ctrl Pts',(10.2420575825015,46.3442877391166,26.5999310838984));
#9695=CARTESIAN_POINT('Ctrl Pts',(10.321247831508,46.3921894709388,26.3638201710281));
#9696=CARTESIAN_POINT('Ctrl Pts',(10.4045309724825,46.4460153936855,26.1275314657115));
#9697=CARTESIAN_POINT('Ctrl Pts',(10.4616708801842,46.4845469439298,25.9700112539968));
#9698=CARTESIAN_POINT('Ctrl Pts',(10.5787084812316,46.5668527817119,25.6552386156344));
#9699=CARTESIAN_POINT('Ctrl Pts',(10.7003658449244,46.6593281579905,25.341608083524));
#9700=CARTESIAN_POINT('Ctrl Pts',(10.76212468499,46.7080300951082,25.1852289307262));
#9701=CARTESIAN_POINT('Ctrl Pts',(10.9495725110088,46.8611308964224,24.7179106419259));
#9702=CARTESIAN_POINT('Ctrl Pts',(11.1420811060652,47.0336984584293,24.2572667628565));
#9703=CARTESIAN_POINT('Ctrl Pts',(11.2713765757108,47.15606567955,23.9542694257235));
#9704=CARTESIAN_POINT('Ctrl Pts',(11.5306043751703,47.4115635431335,23.3570469183368));
#9705=CARTESIAN_POINT('Ctrl Pts',(11.7896882014914,47.6835250555958,22.7734520350742));
#9706=CARTESIAN_POINT('Ctrl Pts',(11.9187023206815,47.8221989826579,22.484179504403));
#9707=CARTESIAN_POINT('Ctrl Pts',(12.1773800007234,48.1056183755609,21.9066672908626));
#9708=CARTESIAN_POINT('Ctrl Pts',(12.4377786483018,48.4089958378066,21.3334039430564));
#9709=CARTESIAN_POINT('Ctrl Pts',(12.5683098836932,48.5678501086362,21.0485302599943));
#9710=CARTESIAN_POINT('Ctrl Pts',(12.8262706195154,48.8971453437665,20.487599604465));
#9711=CARTESIAN_POINT('Ctrl Pts',(13.0792590942555,49.2450633890524,19.9432925119877));
#9712=CARTESIAN_POINT('Ctrl Pts',(13.20409742371,49.4242215507646,19.6760899747506));
#9713=CARTESIAN_POINT('Ctrl Pts',(13.3913499464403,49.6911540230843,19.28382490288));
#9714=CARTESIAN_POINT('Ctrl Pts',(13.5806292703853,49.9607254509299,18.8984891956043));
#9715=CARTESIAN_POINT('Ctrl Pts',(13.6431134261911,50.0498767329056,18.7700155401348));
#9716=CARTESIAN_POINT('Ctrl Pts',(13.7256599494757,50.16431978288,18.6129939385912));
#9717=CARTESIAN_POINT('Ctrl Pts',(13.8112254659269,50.2810450003244,18.4580605979799));
#9718=CARTESIAN_POINT('Ctrl Pts',(13.8284138335171,50.3044688707273,18.4271294200305));
#9719=CARTESIAN_POINT('Ctrl Pts',(13.8626858231113,50.3514581998813,18.3652743295265));
#9720=CARTESIAN_POINT('Ctrl Pts',(13.8960093498182,50.3985404959072,18.3030597913928));
#9721=CARTESIAN_POINT('Ctrl Pts',(13.9122511071034,50.4220588206428,18.2717706291368));
#9722=CARTESIAN_POINT('Ctrl Pts',(13.9591144116236,50.4923060576942,18.1770235953601));
#9723=CARTESIAN_POINT('Ctrl Pts',(13.9998465817982,50.5610952624669,18.079333640785));
#9724=CARTESIAN_POINT('Ctrl Pts',(14.0238654907179,50.6058223556713,18.0126685352336));
#9725=CARTESIAN_POINT('Ctrl Pts',(14.0887433512674,50.7361201677338,17.8092994868887));
#9726=CARTESIAN_POINT('Ctrl Pts',(14.1338788375111,50.8539979584337,17.5965069717518));
#9727=CARTESIAN_POINT('Ctrl Pts',(14.1575989564993,50.9264801397809,17.4515268672133));
#9728=CARTESIAN_POINT('Ctrl Pts',(14.1949519914663,51.060527251816,17.1566192967028));
#9729=CARTESIAN_POINT('Ctrl Pts',(14.2158378643732,51.1748395564431,16.8539214505516));
#9730=CARTESIAN_POINT('Ctrl Pts',(14.223084469768,51.2276359812626,16.7011408186276));
#9731=CARTESIAN_POINT('Ctrl Pts',(14.2276578213134,51.2766998679227,16.5472794757952));
#9732=CARTESIAN_POINT('Ctrl Pts',(14.2299461180763,51.3225337061426,16.392596811192));
#9733=CARTESIAN_POINT('Ctrl Pts',(9.87347985115166,46.1147151106317,27.998092514032));
#9734=CARTESIAN_POINT('Ctrl Pts',(9.90953666223964,46.1284902160058,27.8422538606679));
#9735=CARTESIAN_POINT('Ctrl Pts',(9.94788946442261,46.1443671363367,27.6861543416158));
#9736=CARTESIAN_POINT('Ctrl Pts',(9.9885832122774,46.162493586834,27.5297971349958));
#9737=CARTESIAN_POINT('Ctrl Pts',(10.0531129196312,46.193239431448,27.2948837266664));
#9738=CARTESIAN_POINT('Ctrl Pts',(10.1226814338044,46.2295131235285,27.0594600751844));
#9739=CARTESIAN_POINT('Ctrl Pts',(10.146420083863,46.2422293410993,26.980931975671));
#9740=CARTESIAN_POINT('Ctrl Pts',(10.1949656779961,46.2689290718655,26.8237775011684));
#9741=CARTESIAN_POINT('Ctrl Pts',(10.2455735220345,46.2981891036,26.66645181126));
#9742=CARTESIAN_POINT('Ctrl Pts',(10.2713744409418,46.3134656176127,26.5877524872094));
#9743=CARTESIAN_POINT('Ctrl Pts',(10.3502017860302,46.3612472544808,26.3515699059455));
#9744=CARTESIAN_POINT('Ctrl Pts',(10.4330829498721,46.4149006294122,26.1152290009701));
#9745=CARTESIAN_POINT('Ctrl Pts',(10.4899433202843,46.4532930569245,25.9576820468098));
#9746=CARTESIAN_POINT('Ctrl Pts',(10.6064126986843,46.5352713507938,25.6428662534764));
#9747=CARTESIAN_POINT('Ctrl Pts',(10.7275064624195,46.6273250554005,25.3291943503417));
#9748=CARTESIAN_POINT('Ctrl Pts',(10.7889904394365,46.6757936898585,25.1727903048157));
#9749=CARTESIAN_POINT('Ctrl Pts',(10.975647342793,46.8281359241506,24.705366158402));
#9750=CARTESIAN_POINT('Ctrl Pts',(11.1674831684529,46.999805293,24.2444775614103));
#9751=CARTESIAN_POINT('Ctrl Pts',(11.2963975376959,47.1215441430969,23.9412139823729));
#9752=CARTESIAN_POINT('Ctrl Pts',(11.5549640895387,47.3758127907193,23.3432179886925));
#9753=CARTESIAN_POINT('Ctrl Pts',(11.8136015701259,47.6467955825244,22.7585531810175));
#9754=CARTESIAN_POINT('Ctrl Pts',(11.9424650627263,47.7850978198414,22.4687090820887));
#9755=CARTESIAN_POINT('Ctrl Pts',(12.2008391010243,48.0680543820602,21.8902389951548));
#9756=CARTESIAN_POINT('Ctrl Pts',(12.4607132163316,48.3708790338617,21.3163459667139));
#9757=CARTESIAN_POINT('Ctrl Pts',(12.590905618268,48.5292329586957,21.0312086936432));
#9758=CARTESIAN_POINT('Ctrl Pts',(12.8483451428474,48.8574249577936,20.4694121144865));
#9759=CARTESIAN_POINT('Ctrl Pts',(13.1007866877313,49.204101288079,19.9240372063106));
#9760=CARTESIAN_POINT('Ctrl Pts',(13.2253804242692,49.382288963715,19.6563032428108));
#9761=CARTESIAN_POINT('Ctrl Pts',(13.4120277986195,49.6483664383204,19.2627253404914));
#9762=CARTESIAN_POINT('Ctrl Pts',(13.6005190920273,49.9168048477869,18.8761771777445));
#9763=CARTESIAN_POINT('Ctrl Pts',(13.6627443324648,50.0054949273537,18.74718911823));
#9764=CARTESIAN_POINT('Ctrl Pts',(13.744697091176,50.1194658982108,18.5896607546599));
#9765=CARTESIAN_POINT('Ctrl Pts',(13.8307631800739,50.2358152007187,18.4348636933047));
#9766=CARTESIAN_POINT('Ctrl Pts',(13.8480970032088,50.2591689331362,18.4039857267851));
#9767=CARTESIAN_POINT('Ctrl Pts',(13.8827702412582,50.3060725457852,18.3423273652728));
#9768=CARTESIAN_POINT('Ctrl Pts',(13.916654964918,50.3532117991936,18.2804792696112));
#9769=CARTESIAN_POINT('Ctrl Pts',(13.9331611134265,50.376778366926,18.2493771072017));
#9770=CARTESIAN_POINT('Ctrl Pts',(13.980769946705,50.4472399440623,18.1552112693986));
#9771=CARTESIAN_POINT('Ctrl Pts',(14.0220480968953,50.5164010389123,18.0580839137088));
#9772=CARTESIAN_POINT('Ctrl Pts',(14.0464354135817,50.5614462774163,17.9918128392817));
#9773=CARTESIAN_POINT('Ctrl Pts',(14.1127297360882,50.6929081602512,17.7897933413482));
#9774=CARTESIAN_POINT('Ctrl Pts',(14.1596045879003,50.8123491202139,17.578486733579));
#9775=CARTESIAN_POINT('Ctrl Pts',(14.1843914441092,50.8859252473356,17.43441696589));
#9776=CARTESIAN_POINT('Ctrl Pts',(14.2237245798661,51.0222317595825,17.1412200083115));
#9777=CARTESIAN_POINT('Ctrl Pts',(14.2462555027082,51.1388157930394,16.8399828908401));
#9778=CARTESIAN_POINT('Ctrl Pts',(14.2542407683488,51.192724368892,16.6878702170355));
#9779=CARTESIAN_POINT('Ctrl Pts',(14.2594820673975,51.2428639863777,16.5346202570193));
#9780=CARTESIAN_POINT('Ctrl Pts',(14.2623766238429,51.2897310299111,16.3804975801459));
#9781=CARTESIAN_POINT('Ctrl Pts',(9.91945084358049,46.0687897360273,27.980889437402));
#9782=CARTESIAN_POINT('Ctrl Pts',(9.95545449036378,46.0826663959335,27.8249171319922));
#9783=CARTESIAN_POINT('Ctrl Pts',(9.99371412119294,46.0986230770527,27.6686872103645));
#9784=CARTESIAN_POINT('Ctrl Pts',(10.0342706126954,46.1168036645788,27.5122044132533));
#9785=CARTESIAN_POINT('Ctrl Pts',(10.0985262200692,46.1475881539116,27.2771134551439));
#9786=CARTESIAN_POINT('Ctrl Pts',(10.1677242409829,46.1838324293078,27.0415334276051));
#9787=CARTESIAN_POINT('Ctrl Pts',(10.1913290042845,46.1965310409339,26.9629558240139));
#9788=CARTESIAN_POINT('Ctrl Pts',(10.2395871597711,46.2231795685639,26.8057080701234));
#9789=CARTESIAN_POINT('Ctrl Pts',(10.2898712271167,46.2523557043115,26.6483011235248));
#9790=CARTESIAN_POINT('Ctrl Pts',(10.3155019198369,46.2675819207129,26.5695643183478));
#9791=CARTESIAN_POINT('Ctrl Pts',(10.3937963825541,46.3151871317847,26.33327884433));
#9792=CARTESIAN_POINT('Ctrl Pts',(10.4760874249503,46.3685862746509,26.0968624531917));
#9793=CARTESIAN_POINT('Ctrl Pts',(10.5325372662483,46.4067735727546,25.9392763341455));
#9794=CARTESIAN_POINT('Ctrl Pts',(10.6481713272419,46.4882690990514,25.6243960575829));
#9795=CARTESIAN_POINT('Ctrl Pts',(10.7684342106778,46.579701997253,25.3106603540488));
#9796=CARTESIAN_POINT('Ctrl Pts',(10.8295121680821,46.627827394756,25.1542179180698));
#9797=CARTESIAN_POINT('Ctrl Pts',(11.0149979700631,46.7790541828177,24.6866327507986));
#9798=CARTESIAN_POINT('Ctrl Pts',(11.2058298467213,46.9494040716054,24.2253811027413));
#9799=CARTESIAN_POINT('Ctrl Pts',(11.3341719324525,47.0702197282115,23.9217266122317));
#9800=CARTESIAN_POINT('Ctrl Pts',(11.5917461703173,47.3226870523328,23.322603731501));
#9801=CARTESIAN_POINT('Ctrl Pts',(11.8497062901752,47.5922360670896,22.7363923736856));
#9802=CARTESIAN_POINT('Ctrl Pts',(11.9783326843371,47.7299925830785,22.4457255621243));
#9803=CARTESIAN_POINT('Ctrl Pts',(12.2362240192351,48.012236815683,21.8658754268973));
#9804=CARTESIAN_POINT('Ctrl Pts',(12.4953233017892,48.314220436821,21.29105496684));
#9805=CARTESIAN_POINT('Ctrl Pts',(12.6250272989968,48.4718519285657,21.0055200100228));
#9806=CARTESIAN_POINT('Ctrl Pts',(12.8816891326018,48.7984432811604,20.4424896880211));
#9807=CARTESIAN_POINT('Ctrl Pts',(13.1333261338847,49.1432671870515,19.895577468756));
#9808=CARTESIAN_POINT('Ctrl Pts',(13.2575462866829,49.3200774679941,19.6270065932976));
#9809=CARTESIAN_POINT('Ctrl Pts',(13.4433654399286,49.5848780738823,19.2316202032513));
#9810=CARTESIAN_POINT('Ctrl Pts',(13.6304693332618,49.8515199725036,18.8430810498232));
#9811=CARTESIAN_POINT('Ctrl Pts',(13.6925791839328,49.9398110985047,18.7136591562079));
#9812=CARTESIAN_POINT('Ctrl Pts',(13.7727447498945,50.0526146113176,18.5546380037164));
#9813=CARTESIAN_POINT('Ctrl Pts',(13.8587991124096,50.1679217961479,18.3993826372248));
#9814=CARTESIAN_POINT('Ctrl Pts',(13.8762753536348,50.1911148724226,18.3685164211023));
#9815=CARTESIAN_POINT('Ctrl Pts',(13.9114549325743,50.237861288597,18.3070954913788));
#9816=CARTESIAN_POINT('Ctrl Pts',(13.9459872843322,50.2850540842241,18.2456851801166));
#9817=CARTESIAN_POINT('Ctrl Pts',(13.9628779256772,50.3087319111267,18.2148842292762));
#9818=CARTESIAN_POINT('Ctrl Pts',(14.0114675428966,50.3795797711115,18.1215580696533));
#9819=CARTESIAN_POINT('Ctrl Pts',(14.053675818632,50.4493896805755,18.0253720060943));
#9820=CARTESIAN_POINT('Ctrl Pts',(14.0788722832135,50.4949923494933,17.9598706098862));
#9821=CARTESIAN_POINT('Ctrl Pts',(14.1476291214359,50.6282610325687,17.7601045106057));
#9822=CARTESIAN_POINT('Ctrl Pts',(14.1971757941958,50.7499413750436,17.5510456398711));
#9823=CARTESIAN_POINT('Ctrl Pts',(14.2236124391555,50.8251020412119,17.4083558830438));
#9824=CARTESIAN_POINT('Ctrl Pts',(14.2659921966823,50.9646819345647,17.1177395872264));
#9825=CARTESIAN_POINT('Ctrl Pts',(14.291054358668,51.0845820659488,16.8187034530468));
#9826=CARTESIAN_POINT('Ctrl Pts',(14.300179033008,51.1401214737476,16.6675992267807));
#9827=CARTESIAN_POINT('Ctrl Pts',(14.3064522322366,51.1918442976739,16.5152737215089));
#9828=CARTESIAN_POINT('Ctrl Pts',(14.3102848113637,51.2402368862003,16.3619992135701));
#9829=CARTESIAN_POINT('Ctrl Pts',(9.96560526354504,46.023365583168,27.9637500588669));
#9830=CARTESIAN_POINT('Ctrl Pts',(10.0015537322895,46.0373436882529,27.8076502626326));
#9831=CARTESIAN_POINT('Ctrl Pts',(10.0397196381435,46.0533804397158,27.6512964729585));
#9832=CARTESIAN_POINT('Ctrl Pts',(10.0801401761184,46.0716160319278,27.494694909853));
#9833=CARTESIAN_POINT('Ctrl Pts',(10.1441267621841,46.1024413176738,27.2594367418535));
#9834=CARTESIAN_POINT('Ctrl Pts',(10.2129637979065,46.1386595185422,27.0237101116255));
#9835=CARTESIAN_POINT('Ctrl Pts',(10.236438322595,46.1513417666079,26.9450861594768));
#9836=CARTESIAN_POINT('Ctrl Pts',(10.2844172280203,46.1779418237365,26.7877511448077));
#9837=CARTESIAN_POINT('Ctrl Pts',(10.3343873012243,46.2070373030386,26.6302682178519));
#9838=CARTESIAN_POINT('Ctrl Pts',(10.359853009978,46.2222149708947,26.5514963448385));
#9839=CARTESIAN_POINT('Ctrl Pts',(10.4376311829189,46.2696494224639,26.3151144406515));
#9840=CARTESIAN_POINT('Ctrl Pts',(10.5193506681472,46.3228014263276,26.0786265291883));
#9841=CARTESIAN_POINT('Ctrl Pts',(10.575402677747,46.3607891045966,25.9210026215662));
#9842=CARTESIAN_POINT('Ctrl Pts',(10.6902261052203,46.4418150171163,25.6060583911777));
#9843=CARTESIAN_POINT('Ctrl Pts',(10.8096793796847,46.532644872257,25.2922568002443));
#9844=CARTESIAN_POINT('Ctrl Pts',(10.8703605953,46.5804371636727,25.1357747241721));
#9845=CARTESIAN_POINT('Ctrl Pts',(11.0546982243904,46.7305821954374,24.6680262086832));
#9846=CARTESIAN_POINT('Ctrl Pts',(11.2445349752858,46.8996542977656,24.2064184731513));
#9847=CARTESIAN_POINT('Ctrl Pts',(11.3723048435972,47.0195759966549,23.902386177587));
#9848=CARTESIAN_POINT('Ctrl Pts',(11.6288867261886,47.2703048935875,23.302186528625));
#9849=CARTESIAN_POINT('Ctrl Pts',(11.8861576127661,47.5384687434815,22.7145140041955));
#9850=CARTESIAN_POINT('Ctrl Pts',(12.0145311267933,47.6756948236905,22.423074612862));
#9851=CARTESIAN_POINT('Ctrl Pts',(12.2719046371485,47.9572032247927,21.8419248590981));
#9852=CARTESIAN_POINT('Ctrl Pts',(12.5302459978168,48.2583331384458,21.2662046011392));
#9853=CARTESIAN_POINT('Ctrl Pts',(12.6594880165001,48.4152807723328,20.9802730906702));
#9854=CARTESIAN_POINT('Ctrl Pts',(12.9153824943841,48.7403436369121,20.4160995400708));
#9855=CARTESIAN_POINT('Ctrl Pts',(13.1662434277513,49.0833460347244,19.867739733571));
#9856=CARTESIAN_POINT('Ctrl Pts',(13.2900930462316,49.2589065060842,19.5983258737434));
#9857=CARTESIAN_POINT('Ctrl Pts',(13.475160070275,49.5224119846277,19.2012890506441));
#9858=CARTESIAN_POINT('Ctrl Pts',(13.66075320212,49.7872585413421,18.8106870641436));
#9859=CARTESIAN_POINT('Ctrl Pts',(13.7227043887019,49.8753093442197,18.6809510728131));
#9860=CARTESIAN_POINT('Ctrl Pts',(13.8010455578588,49.9867909662718,18.5202556905282));
#9861=CARTESIAN_POINT('Ctrl Pts',(13.8855815947497,50.1002994339287,18.3633244177576));
#9862=CARTESIAN_POINT('Ctrl Pts',(13.902758622073,50.1231050317672,18.332113348168));
#9863=CARTESIAN_POINT('Ctrl Pts',(13.9380400219799,50.1695081270945,18.2706328737567));
#9864=CARTESIAN_POINT('Ctrl Pts',(13.9734117821776,50.2170208639397,18.2099385463263));
#9865=CARTESIAN_POINT('Ctrl Pts',(13.990538779934,50.2408538707879,18.1793912472927));
#9866=CARTESIAN_POINT('Ctrl Pts',(14.0399226539937,50.3122327396321,18.0869018403508));
#9867=CARTESIAN_POINT('Ctrl Pts',(14.083458904121,50.3828775714619,17.9919737746591));
#9868=CARTESIAN_POINT('Ctrl Pts',(14.1096378610792,50.4290419851277,17.9273361950052));
#9869=CARTESIAN_POINT('Ctrl Pts',(14.1811878397477,50.5640780559479,17.730004677246));
#9870=CARTESIAN_POINT('Ctrl Pts',(14.2334317518069,50.6877964550816,17.5231559334147));
#9871=CARTESIAN_POINT('Ctrl Pts',(14.2615566355904,50.7644389758858,17.381842061156));
#9872=CARTESIAN_POINT('Ctrl Pts',(14.3070434192963,50.9070901174294,17.0937861412189));
#9873=CARTESIAN_POINT('Ctrl Pts',(14.3347013384926,51.0301521596012,16.7969429239417));
#9874=CARTESIAN_POINT('Ctrl Pts',(14.3450000809996,51.087258648543,16.6468475626024));
#9875=CARTESIAN_POINT('Ctrl Pts',(14.3523400832743,51.1405122720083,16.4954499515994));
#9876=CARTESIAN_POINT('Ctrl Pts',(14.3571453174956,51.1903877912714,16.343029472574));
#9877=CARTESIAN_POINT('Ctrl Pts',(9.98101021833827,46.0082795065349,27.958044204843));
#9878=CARTESIAN_POINT('Ctrl Pts',(10.0169400858241,46.0222914115748,27.8019025871302));
#9879=CARTESIAN_POINT('Ctrl Pts',(10.0550747007909,46.0383548835597,27.6455082217567));
#9880=CARTESIAN_POINT('Ctrl Pts',(10.0954500729612,46.0566089016697,27.4888678122203));
#9881=CARTESIAN_POINT('Ctrl Pts',(10.1593475507082,46.087448016304,27.2535550275618));
#9882=CARTESIAN_POINT('Ctrl Pts',(10.2280653016602,46.1236578900412,27.0177805833604));
#9883=CARTESIAN_POINT('Ctrl Pts',(10.2514968130286,46.1363348197062,26.9391415213512));
#9884=CARTESIAN_POINT('Ctrl Pts',(10.2993835305487,46.1629190209621,26.7817780667879));
#9885=CARTESIAN_POINT('Ctrl Pts',(10.3492500067399,46.191987974857,26.624270379193));
#9886=CARTESIAN_POINT('Ctrl Pts',(10.3746612926537,46.207149655075,26.5454870756783));
#9887=CARTESIAN_POINT('Ctrl Pts',(10.4522691783039,46.2545278214785,26.3090737210547));
#9888=CARTESIAN_POINT('Ctrl Pts',(10.5338001681589,46.3075982453735,26.0725623960215));
#9889=CARTESIAN_POINT('Ctrl Pts',(10.5897209520205,46.3455200057249,25.9149260425311));
#9890=CARTESIAN_POINT('Ctrl Pts',(10.7042768642475,46.4263908602441,25.5999605616676));
#9891=CARTESIAN_POINT('Ctrl Pts',(10.8234626043069,46.5170216865018,25.286136805759));
#9892=CARTESIAN_POINT('Ctrl Pts',(10.8840125960507,46.564704071291,25.1296413956669));
#9893=CARTESIAN_POINT('Ctrl Pts',(11.0679700487057,46.7144922656241,24.6618382291168));
#9894=CARTESIAN_POINT('Ctrl Pts',(11.2574761277938,46.8831430706055,24.2001126229578));
#9895=CARTESIAN_POINT('Ctrl Pts',(11.3850553207538,47.0027700426099,23.8959558725505));
#9896=CARTESIAN_POINT('Ctrl Pts',(11.6413064480788,47.2529264046678,23.2954028754572));
#9897=CARTESIAN_POINT('Ctrl Pts',(11.8983462649576,47.5206337759865,22.7072526645617));
#9898=CARTESIAN_POINT('Ctrl Pts',(12.0266337857987,47.6576846072081,22.4155612148581));
#9899=CARTESIAN_POINT('Ctrl Pts',(12.2838311042956,47.9389453225877,21.8339869296368));
#9900=CARTESIAN_POINT('Ctrl Pts',(12.5419216452907,48.2397895382201,21.257969921807));
#9901=CARTESIAN_POINT('Ctrl Pts',(12.6710124138225,48.3965133166688,20.9719066177929));
#9902=CARTESIAN_POINT('Ctrl Pts',(12.9266525010909,48.7210741680262,20.4073616280072));
#9903=CARTESIAN_POINT('Ctrl Pts',(13.1772581590683,49.0634737428429,19.858528883114));
#9904=CARTESIAN_POINT('Ctrl Pts',(13.3009854015851,49.2386320507155,19.5888360790943));
#9905=CARTESIAN_POINT('Ctrl Pts',(13.4858075543337,49.5017025953401,19.1912626408145));
#9906=CARTESIAN_POINT('Ctrl Pts',(13.6708935266041,49.7659585399841,18.799974512393));
#9907=CARTESIAN_POINT('Ctrl Pts',(13.7327617351983,49.8539311075039,18.6701256113826));
#9908=CARTESIAN_POINT('Ctrl Pts',(13.8105620643027,49.9649855349692,18.5089032136874));
#9909=CARTESIAN_POINT('Ctrl Pts',(13.8944056821735,50.0778085265963,18.3512664373485));
#9910=CARTESIAN_POINT('Ctrl Pts',(13.911396910499,50.1004387057248,18.3198691875102));
#9911=CARTESIAN_POINT('Ctrl Pts',(13.9467717973552,50.1467734867716,18.2584304427121));
#9912=CARTESIAN_POINT('Ctrl Pts',(13.9822587823073,50.1943151215015,18.1978449311399));
#9913=CARTESIAN_POINT('Ctrl Pts',(13.9995646010907,50.2182729977456,18.1674785569425));
#9914=CARTESIAN_POINT('Ctrl Pts',(14.0491736594858,50.2898359980158,18.0752528925411));
#9915=CARTESIAN_POINT('Ctrl Pts',(14.0932229878864,50.3607906995246,17.9808006165126));
#9916=CARTESIAN_POINT('Ctrl Pts',(14.1197317866198,50.4071329643759,17.9164469961603));
#9917=CARTESIAN_POINT('Ctrl Pts',(14.192240651368,50.5427468215982,17.7199386328246));
#9918=CARTESIAN_POINT('Ctrl Pts',(14.2453826458488,50.667119857472,17.5138188344337));
#9919=CARTESIAN_POINT('Ctrl Pts',(14.274072526429,50.7442438793413,17.3729616687399));
#9920=CARTESIAN_POINT('Ctrl Pts',(14.320598696109,50.887894729542,17.0857546101435));
#9921=CARTESIAN_POINT('Ctrl Pts',(14.3491273168128,51.0119926683857,16.7896401973221));
#9922=CARTESIAN_POINT('Ctrl Pts',(14.359820574729,51.0696140089374,16.6398806521287));
#9923=CARTESIAN_POINT('Ctrl Pts',(14.3675194973224,51.1233716968668,16.4887922977012));
#9924=CARTESIAN_POINT('Ctrl Pts',(14.3726523361356,51.1737364458493,16.3366567895282));
#9925=CARTESIAN_POINT('Ctrl Pts',(10.0118599745841,45.9782172177292,27.946647408984));
#9926=CARTESIAN_POINT('Ctrl Pts',(10.0477522507727,45.9922966875673,27.7904234806118));
#9927=CARTESIAN_POINT('Ctrl Pts',(10.0858242081769,46.008413654775,27.6339493664111));
#9928=CARTESIAN_POINT('Ctrl Pts',(10.126109565866,46.0267046976818,27.4772327171623));
#9929=CARTESIAN_POINT('Ctrl Pts',(10.1898299589024,46.0575719154454,27.2418128836997));
#9930=CARTESIAN_POINT('Ctrl Pts',(10.2583112019691,46.0937658525964,27.005944857897));
#9931=CARTESIAN_POINT('Ctrl Pts',(10.281657474363,46.1064324147209,26.9272762349992));
#9932=CARTESIAN_POINT('Ctrl Pts',(10.3293615787493,46.1329855022596,26.7698571543613));
#9933=CARTESIAN_POINT('Ctrl Pts',(10.3790229587889,46.1620021264041,26.6123010408232));
#9934=CARTESIAN_POINT('Ctrl Pts',(10.4043265219102,46.1771322236004,26.5334953767657));
#9935=CARTESIAN_POINT('Ctrl Pts',(10.4815973847861,46.224399098687,26.2970204616911));
#9936=CARTESIAN_POINT('Ctrl Pts',(10.5627553553477,46.2773079825664,26.0604631381693));
#9937=CARTESIAN_POINT('Ctrl Pts',(10.6184164067571,46.3150991682454,25.9028021900858));
#9938=CARTESIAN_POINT('Ctrl Pts',(10.7324425890995,46.395662898099,25.5877943620773));
#9939=CARTESIAN_POINT('Ctrl Pts',(10.8510978744443,46.485899656364,25.2739259291299));
#9940=CARTESIAN_POINT('Ctrl Pts',(10.9113874494777,46.5333644895865,25.1174036453415));
#9941=CARTESIAN_POINT('Ctrl Pts',(11.0945896400306,46.6824465080038,24.6494908852656));
#9942=CARTESIAN_POINT('Ctrl Pts',(11.2834365491405,46.8502639670162,24.1875312885913));
#9943=CARTESIAN_POINT('Ctrl Pts',(11.4106346200856,46.9693080091427,23.8831286324239));
#9944=CARTESIAN_POINT('Ctrl Pts',(11.666224359278,47.2183330623068,23.2818800806005));
#9945=CARTESIAN_POINT('Ctrl Pts',(11.922799400546,47.4851376655066,22.6927929781771));
#9946=CARTESIAN_POINT('Ctrl Pts',(12.0509116593782,47.6218409040091,22.4006081287321));
#9947=CARTESIAN_POINT('Ctrl Pts',(12.3077499896334,47.9026018382872,21.8182016603048));
#9948=CARTESIAN_POINT('Ctrl Pts',(12.5653424307907,48.202872888865,21.2415977386213));
#9949=CARTESIAN_POINT('Ctrl Pts',(12.694135845972,48.3591567563247,20.9552721041718));
#9950=CARTESIAN_POINT('Ctrl Pts',(12.949270389246,48.6827277653406,20.3900026514393));
#9951=CARTESIAN_POINT('Ctrl Pts',(13.1993726742986,49.0239320177762,19.8402428217785));
#9952=CARTESIAN_POINT('Ctrl Pts',(13.3228589828657,49.1983137235668,19.5699999784166));
#9953=CARTESIAN_POINT('Ctrl Pts',(13.5071992354223,49.4605086671977,19.1713746877746));
#9954=CARTESIAN_POINT('Ctrl Pts',(13.6912816637907,49.7236120933436,18.7787346187488));
#9955=CARTESIAN_POINT('Ctrl Pts',(13.7527929267377,49.811344906879,18.6485207355038));
#9956=CARTESIAN_POINT('Ctrl Pts',(13.829868963812,49.9216861695282,18.4864893442412));
#9957=CARTESIAN_POINT('Ctrl Pts',(13.9119933830605,50.0330333404272,18.3272044392963));
#9958=CARTESIAN_POINT('Ctrl Pts',(13.9284244331937,50.0552399216753,18.2952935109982));
#9959=CARTESIAN_POINT('Ctrl Pts',(13.9631854600867,50.1009422795319,18.2332340996384));
#9960=CARTESIAN_POINT('Ctrl Pts',(14.0002951524391,50.1493906297791,18.1741042038036));
#9961=CARTESIAN_POINT('Ctrl Pts',(14.0171347091237,50.1731824660862,18.1434194423262));
#9962=CARTESIAN_POINT('Ctrl Pts',(14.0673579812012,50.245250539182,18.0518923840986));
#9963=CARTESIAN_POINT('Ctrl Pts',(14.1125434078428,50.3168433671684,17.9584660074163));
#9964=CARTESIAN_POINT('Ctrl Pts',(14.13966528596,50.3635054646516,17.8946356520455));
#9965=CARTESIAN_POINT('Ctrl Pts',(14.2141105953862,50.5002311499869,17.6997662099719));
#9966=CARTESIAN_POINT('Ctrl Pts',(14.2690414605246,50.6258617131841,17.4950838795373));
#9967=CARTESIAN_POINT('Ctrl Pts',(14.298860198507,50.7039209539916,17.3551319720601));
#9968=CARTESIAN_POINT('Ctrl Pts',(14.3474661011747,50.8495201693292,17.0696085089857));
#9969=CARTESIAN_POINT('Ctrl Pts',(14.3777435092494,50.9756520526157,16.7749448247937));
#9970=CARTESIAN_POINT('Ctrl Pts',(14.3892306901756,51.0342873004249,16.6258549225122));
#9971=CARTESIAN_POINT('Ctrl Pts',(14.3976529476517,51.089040018413,16.4753841520051));
#9972=CARTESIAN_POINT('Ctrl Pts',(14.4034468225359,51.1403724283112,16.3238184636954));
#9973=CARTESIAN_POINT('Ctrl Pts',(10.0427885523326,45.9483731874306,27.9352811347607));
#9974=CARTESIAN_POINT('Ctrl Pts',(10.0786425128982,45.9625201437957,27.7789775227842));
#9975=CARTESIAN_POINT('Ctrl Pts',(10.116651703145,45.9786907035722,27.6224264160524));
#9976=CARTESIAN_POINT('Ctrl Pts',(10.1568477040764,45.9970191021945,27.4656363725436));
#9977=CARTESIAN_POINT('Ctrl Pts',(10.2203932760793,46.0279152891182,27.2301137531704));
#9978=CARTESIAN_POINT('Ctrl Pts',(10.288642083579,46.0640947071147,26.9941561238059));
#9979=CARTESIAN_POINT('Ctrl Pts',(10.3119046697884,46.076751435515,26.9154592192673));
#9980=CARTESIAN_POINT('Ctrl Pts',(10.3594296310833,46.1032745995979,26.7579869446786));
#9981=CARTESIAN_POINT('Ctrl Pts',(10.4088900375732,46.1322403386733,26.6003845275862));
#9982=CARTESIAN_POINT('Ctrl Pts',(10.4340880832993,46.1473396410077,26.5215574725092));
#9983=CARTESIAN_POINT('Ctrl Pts',(10.5110288970924,46.1944978008891,26.285023594876));
#9984=CARTESIAN_POINT('Ctrl Pts',(10.5918216436929,46.2472484209786,26.0484218875294));
#9985=CARTESIAN_POINT('Ctrl Pts',(10.6472283021693,46.2849115840939,25.8907369348019));
#9986=CARTESIAN_POINT('Ctrl Pts',(10.760735177724,46.3651742256994,25.5756871071638));
#9987=CARTESIAN_POINT('Ctrl Pts',(10.8788691240128,46.455024924426,25.2617734164182));
#9988=CARTESIAN_POINT('Ctrl Pts',(10.9389023115475,46.5022767339872,25.1052239169777));
#9989=CARTESIAN_POINT('Ctrl Pts',(11.121359402186,46.6506675676528,24.6372011981318));
#9990=CARTESIAN_POINT('Ctrl Pts',(11.3095516666772,46.8176701291953,24.175011304393));
#9991=CARTESIAN_POINT('Ctrl Pts',(11.4363692551716,46.9361442763771,23.8703688279364));
#9992=CARTESIAN_POINT('Ctrl Pts',(11.6912979703997,47.1840652670212,23.2684469562378));
#9993=CARTESIAN_POINT('Ctrl Pts',(11.9474030305784,47.4499869269204,22.6784593862671));
#9994=CARTESIAN_POINT('Ctrl Pts',(12.0753337355767,47.586348018623,22.3858021237017));
#9995=CARTESIAN_POINT('Ctrl Pts',(12.3318008780881,47.8666011429727,21.8025963741768));
#9996=CARTESIAN_POINT('Ctrl Pts',(12.5889021146974,48.1662963648515,21.2254191190964));
#9997=CARTESIAN_POINT('Ctrl Pts',(12.7174078907977,48.3221551687836,20.9388344724337));
#9998=CARTESIAN_POINT('Ctrl Pts',(12.972044097438,48.6447635167422,20.372875825167));
#9999=CARTESIAN_POINT('Ctrl Pts',(13.221657946012,48.9847958787943,19.8222260547194));
#10000=CARTESIAN_POINT('Ctrl Pts',(13.3449130321761,49.1584528727194,19.5514526570722));
#10001=CARTESIAN_POINT('Ctrl Pts',(13.5287828369052,49.4197660340094,19.1518137972499));
#10002=CARTESIAN_POINT('Ctrl Pts',(13.7119116382863,49.6817925434978,18.757888522055));
#10003=CARTESIAN_POINT('Ctrl Pts',(13.7729083441171,49.7692374235926,18.627207009145));
#10004=CARTESIAN_POINT('Ctrl Pts',(13.8496171107729,49.8789443867593,18.4645647303365));
#10005=CARTESIAN_POINT('Ctrl Pts',(13.9299082561837,49.989000937444,18.3036748625393));
#10006=CARTESIAN_POINT('Ctrl Pts',(13.9463277442444,50.0111978902732,18.2717817119202));
#10007=CARTESIAN_POINT('Ctrl Pts',(13.9785356809964,50.0552424867746,18.2074811444326));
#10008=CARTESIAN_POINT('Ctrl Pts',(14.0161389334766,50.1039076925093,18.1488197795171));
#10009=CARTESIAN_POINT('Ctrl Pts',(14.0339973161819,50.1284913203055,18.1191614909));
#10010=CARTESIAN_POINT('Ctrl Pts',(14.0853892827977,50.2013351071884,18.0288004875173));
#10011=CARTESIAN_POINT('Ctrl Pts',(14.1314312476848,50.2733412711891,17.9361313307266));
#10012=CARTESIAN_POINT('Ctrl Pts',(14.1592344892357,50.3203363370796,17.8728723435085));
#10013=CARTESIAN_POINT('Ctrl Pts',(14.2355715800602,50.4580449696493,17.6795611941441));
#10014=CARTESIAN_POINT('Ctrl Pts',(14.2922670786926,50.5848281095294,17.4762684417667));
#10015=CARTESIAN_POINT('Ctrl Pts',(14.323200278129,50.6637609545054,17.3371957801219));
#10016=CARTESIAN_POINT('Ctrl Pts',(14.373874917576,50.8112013571925,17.0533180647405));
#10017=CARTESIAN_POINT('Ctrl Pts',(14.4059089395677,50.9392885350295,16.7600864283316));
#10018=CARTESIAN_POINT('Ctrl Pts',(14.4181969879698,50.9989047256447,16.6116601584887));
#10019=CARTESIAN_POINT('Ctrl Pts',(14.4273512894977,51.0546250350483,16.4618034676838));
#10020=CARTESIAN_POINT('Ctrl Pts',(14.4338159655931,51.1069023569843,16.3108059699504));
#10021=CARTESIAN_POINT('Ctrl Pts',(10.0582723286336,45.9335053693035,27.9296058023698));
#10022=CARTESIAN_POINT('Ctrl Pts',(10.0941069636144,45.9476860473523,27.7732629959687));
#10023=CARTESIAN_POINT('Ctrl Pts',(10.1320847533788,45.9638834249969,27.6166740698324));
#10024=CARTESIAN_POINT('Ctrl Pts',(10.1722362462288,45.9822305804372,27.4598480253443));
#10025=CARTESIAN_POINT('Ctrl Pts',(10.23569497359,46.0131414622819,27.2242750522046));
#10026=CARTESIAN_POINT('Ctrl Pts',(10.3038285686375,46.0493139705814,26.988273586906));
#10027=CARTESIAN_POINT('Ctrl Pts',(10.327049694317,46.0619659143982,26.909562851755));
#10028=CARTESIAN_POINT('Ctrl Pts',(10.3744859377488,46.0884744128712,26.7520645693962));
#10029=CARTESIAN_POINT('Ctrl Pts',(10.4238468698276,46.117415071222,26.5944395140546));
#10030=CARTESIAN_POINT('Ctrl Pts',(10.4489926981111,46.1324991740788,26.5156019979999));
#10031=CARTESIAN_POINT('Ctrl Pts',(10.5257701983042,46.1796036249073,26.2790392678241));
#10032=CARTESIAN_POINT('Ctrl Pts',(10.6063822448628,46.2322759412526,26.0424157615729));
#10033=CARTESIAN_POINT('Ctrl Pts',(10.6616630171195,46.2698757385579,25.8847189529269));
#10034=CARTESIAN_POINT('Ctrl Pts',(10.7749128005242,46.3499893585783,25.5696482223299));
#10035=CARTESIAN_POINT('Ctrl Pts',(10.8927883280663,46.4396490368769,25.2557117858509));
#10036=CARTESIAN_POINT('Ctrl Pts',(10.9526943209415,46.4867954677182,25.0991486104356));
#10037=CARTESIAN_POINT('Ctrl Pts',(11.1347813973317,46.6348444551209,24.6310708752902));
#10038=CARTESIAN_POINT('Ctrl Pts',(11.3226475153732,46.8014441678156,24.1687668043868));
#10039=CARTESIAN_POINT('Ctrl Pts',(11.4492750680792,46.9196366230399,23.8640059585646));
#10040=CARTESIAN_POINT('Ctrl Pts',(11.7038733921859,47.1670123251496,23.2617529735882));
#10041=CARTESIAN_POINT('Ctrl Pts',(11.9597421772038,47.4324973312591,22.6713241411011));
#10042=CARTESIAN_POINT('Ctrl Pts',(12.0875805972634,47.5686886199182,22.3784358067106));
#10043=CARTESIAN_POINT('Ctrl Pts',(12.3438593483529,47.8486860298461,21.7948384278729));
#10044=CARTESIAN_POINT('Ctrl Pts',(12.6007166605691,48.1480928899591,21.2173780034907));
#10045=CARTESIAN_POINT('Ctrl Pts',(12.7290809005486,48.3037426856264,20.9306648819713));
#10046=CARTESIAN_POINT('Ctrl Pts',(12.9834699247062,48.6258762018162,20.3643700625692));
#10047=CARTESIAN_POINT('Ctrl Pts',(13.2328434331977,48.9653291741588,19.8132844990723));
#10048=CARTESIAN_POINT('Ctrl Pts',(13.3559858645692,49.1386358951725,19.5422516711592));
#10049=CARTESIAN_POINT('Ctrl Pts',(13.5396222356741,49.3995079240429,19.1421144185303));
#10050=CARTESIAN_POINT('Ctrl Pts',(13.7222938116566,49.6610194696107,18.7475697955917));
#10051=CARTESIAN_POINT('Ctrl Pts',(13.7830584619845,49.7483439976469,18.6166807414965));
#10052=CARTESIAN_POINT('Ctrl Pts',(13.85957159729,49.8576934939599,18.4536979113336));
#10053=CARTESIAN_POINT('Ctrl Pts',(13.9390612755271,49.9672539687616,18.2921507695599));
#10054=CARTESIAN_POINT('Ctrl Pts',(13.9553099210425,49.9893551234748,18.2601265311671));
#10055=CARTESIAN_POINT('Ctrl Pts',(13.9870348684945,50.0331453256356,18.1954561611041));
#10056=CARTESIAN_POINT('Ctrl Pts',(14.0228604277692,50.0808151093304,18.1353097268734));
#10057=CARTESIAN_POINT('Ctrl Pts',(14.0423253841032,50.1063190371768,18.1070602099666));
#10058=CARTESIAN_POINT('Ctrl Pts',(14.0944759657634,50.1795991142229,18.017408863288));
#10059=CARTESIAN_POINT('Ctrl Pts',(14.1407718073276,50.2517076948653,17.9249674141));
#10060=CARTESIAN_POINT('Ctrl Pts',(14.1689640735758,50.2988856883476,17.8620311502056));
#10061=CARTESIAN_POINT('Ctrl Pts',(14.2462154309061,50.4370432415271,17.6694625696233));
#10062=CARTESIAN_POINT('Ctrl Pts',(14.3037847638704,50.5643760447596,17.4668508446189));
#10063=CARTESIAN_POINT('Ctrl Pts',(14.335268575812,50.6437287855562,17.3282088925906));
#10064=CARTESIAN_POINT('Ctrl Pts',(14.3869716058663,50.7920617180727,17.0451421908306));
#10065=CARTESIAN_POINT('Ctrl Pts',(14.4198841557644,50.9211061424203,16.7526206778826));
#10066=CARTESIAN_POINT('Ctrl Pts',(14.432573664076,50.9812042200959,16.6045242137043));
#10067=CARTESIAN_POINT('Ctrl Pts',(14.4420955950833,51.037401155257,16.4549732752372));
#10068=CARTESIAN_POINT('Ctrl Pts',(14.4488976409033,51.0901449579881,16.3042591190545));
#10069=CARTESIAN_POINT('Ctrl Pts',(10.073775381269,45.9186913884126,27.9239384393861));
#10070=CARTESIAN_POINT('Ctrl Pts',(10.1095905353191,45.9329057649922,27.7675570764804));
#10071=CARTESIAN_POINT('Ctrl Pts',(10.1475369173531,45.949129979901,27.6109309957391));
#10072=CARTESIAN_POINT('Ctrl Pts',(10.1876440776265,45.9674959680815,27.4540696316571));
#10073=CARTESIAN_POINT('Ctrl Pts',(10.2510165256203,45.9984217502607,27.2184473185844));
#10074=CARTESIAN_POINT('Ctrl Pts',(10.3190359008494,46.0345876953268,26.9824029562893));
#10075=CARTESIAN_POINT('Ctrl Pts',(10.3422159430087,46.0472349859769,26.9036786917677));
#10076=CARTESIAN_POINT('Ctrl Pts',(10.3895643087149,46.0737291140102,26.7461549733678));
#10077=CARTESIAN_POINT('Ctrl Pts',(10.4388267609373,46.1026450542675,26.5885077776445));
#10078=CARTESIAN_POINT('Ctrl Pts',(10.4639209032166,46.1177141565086,26.5096600279944));
#10079=CARTESIAN_POINT('Ctrl Pts',(10.5405367691857,46.1647655510385,26.2730690552805));
#10080=CARTESIAN_POINT('Ctrl Pts',(10.620969991808,46.2173603997169,26.0364241340273));
#10081=CARTESIAN_POINT('Ctrl Pts',(10.6761261641418,46.2548974830198,25.8787156154504));
#10082=CARTESIAN_POINT('Ctrl Pts',(10.7891213732029,46.3348636151209,25.5636240892677));
#10083=CARTESIAN_POINT('Ctrl Pts',(10.9067407047176,46.424334287372,25.2496648179658));
#10084=CARTESIAN_POINT('Ctrl Pts',(10.9665204934716,46.4713764727662,25.0930879152798));
#10085=CARTESIAN_POINT('Ctrl Pts',(11.1482400841247,46.6190873551895,24.6249551797562));
#10086=CARTESIAN_POINT('Ctrl Pts',(11.3357812705811,46.7852888015623,24.1625379488902));
#10087=CARTESIAN_POINT('Ctrl Pts',(11.4622190334796,46.9032028109891,23.857660291515));
#10088=CARTESIAN_POINT('Ctrl Pts',(11.7164871155918,47.1500398900057,23.2550817196653));
#10089=CARTESIAN_POINT('Ctrl Pts',(11.9721183671461,47.4150929320204,22.6642204548371));
#10090=CARTESIAN_POINT('Ctrl Pts',(12.0998630621188,47.5511156159973,22.3711060692458));
#10091=CARTESIAN_POINT('Ctrl Pts',(12.3559508475142,47.830855693853,21.7871248785611));
#10092=CARTESIAN_POINT('Ctrl Pts',(12.6125658724988,48.1299739374539,21.2093848766855));
#10093=CARTESIAN_POINT('Ctrl Pts',(12.7407907380865,48.2854180693509,20.9225444784599));
#10094=CARTESIAN_POINT('Ctrl Pts',(12.9949347107891,48.6070830481776,20.3559215560504));
#10095=CARTESIAN_POINT('Ctrl Pts',(13.244071869583,48.9459637686476,19.8044093542554));
#10096=CARTESIAN_POINT('Ctrl Pts',(13.3671049126019,49.1189312264115,19.5331232265908));
#10097=CARTESIAN_POINT('Ctrl Pts',(13.5505093775963,49.3793638858853,19.1324961141379));
#10098=CARTESIAN_POINT('Ctrl Pts',(13.7327485371041,49.6403868072077,18.7373600047404));
#10099=CARTESIAN_POINT('Ctrl Pts',(13.793388668398,49.7276514483874,18.6063527989771));
#10100=CARTESIAN_POINT('Ctrl Pts',(13.8695636003759,49.8365529948749,18.4429002725014));
#10101=CARTESIAN_POINT('Ctrl Pts',(13.9485070238223,49.9458431271422,18.2809593297821));
#10102=CARTESIAN_POINT('Ctrl Pts',(13.9645132409385,49.9678129818137,18.2487453007922));
#10103=CARTESIAN_POINT('Ctrl Pts',(13.9963690046929,50.0118054784579,18.1842915066504));
#10104=CARTESIAN_POINT('Ctrl Pts',(14.0319933763911,50.0594253163536,18.1240464771985));
#10105=CARTESIAN_POINT('Ctrl Pts',(14.0510422190708,50.0846001117304,18.0954100011543));
#10106=CARTESIAN_POINT('Ctrl Pts',(14.1035087174302,50.1580087488082,18.0060591832737));
#10107=CARTESIAN_POINT('Ctrl Pts',(14.1502205794369,50.2303075934685,17.9139851688542));
#10108=CARTESIAN_POINT('Ctrl Pts',(14.178675658633,50.2775862090779,17.8512585986259));
#10109=CARTESIAN_POINT('Ctrl Pts',(14.2567884559073,50.416140717846,17.6593794918163));
#10110=CARTESIAN_POINT('Ctrl Pts',(14.3152205906483,50.5439966176022,17.457433536876));
#10111=CARTESIAN_POINT('Ctrl Pts',(14.3472453155082,50.6237509317986,17.3192108748978));
#10112=CARTESIAN_POINT('Ctrl Pts',(14.3999675377681,50.7729472813518,17.0369410024788));
#10113=CARTESIAN_POINT('Ctrl Pts',(14.4337571222411,50.9029279260175,16.745122524557));
#10114=CARTESIAN_POINT('Ctrl Pts',(14.4468484104943,50.9634990094812,16.5973533625803));
#10115=CARTESIAN_POINT('Ctrl Pts',(14.4567390111003,51.0201651273829,16.4481064892619));
#10116=CARTESIAN_POINT('Ctrl Pts',(14.4638799243213,51.0733691784957,16.2976745836195));
#10117=CARTESIAN_POINT('Ctrl Pts',(10.0892975051194,45.9039308923581,27.9182792018074));
#10118=CARTESIAN_POINT('Ctrl Pts',(10.1250930345311,45.918178943116,27.7618599108831));
#10119=CARTESIAN_POINT('Ctrl Pts',(10.1630080105017,45.9344300129636,27.6051973284994));
#10120=CARTESIAN_POINT('Ctrl Pts',(10.2030710183362,45.9528149073538,27.4483013119253));
#10121=CARTESIAN_POINT('Ctrl Pts',(10.2663577511588,45.9837557913053,27.2126306485367));
#10122=CARTESIAN_POINT('Ctrl Pts',(10.3342638865802,46.01991551695,26.9765443028564));
#10123=CARTESIAN_POINT('Ctrl Pts',(10.3574032167619,46.0325582852068,26.897806801808));
#10124=CARTESIAN_POINT('Ctrl Pts',(10.4046645316138,46.0590383373515,26.740258202803));
#10125=CARTESIAN_POINT('Ctrl Pts',(10.4538294811892,46.0879299230367,26.5825893501149));
#10126=CARTESIAN_POINT('Ctrl Pts',(10.478872459356,46.1029842243911,26.5037315876946));
#10127=CARTESIAN_POINT('Ctrl Pts',(10.5553283398036,46.1499832192135,26.2671129653995));
#10128=CARTESIAN_POINT('Ctrl Pts',(10.6355845797982,46.2025014431848,26.0304470051975));
#10129=CARTESIAN_POINT('Ctrl Pts',(10.6906174152233,46.239976469672,25.8727269227714));
#10130=CARTESIAN_POINT('Ctrl Pts',(10.8033605253717,46.319796656624,25.5576147192076));
#10131=CARTESIAN_POINT('Ctrl Pts',(10.920725855633,46.4090803402395,25.2436325509672));
#10132=CARTESIAN_POINT('Ctrl Pts',(10.9803804219753,46.4560194126907,25.087041885988));
#10133=CARTESIAN_POINT('Ctrl Pts',(11.1617350461978,46.6033959236161,24.6188542168808));
#10134=CARTESIAN_POINT('Ctrl Pts',(11.348952550227,46.7692036645376,24.1563248863851));
#10135=CARTESIAN_POINT('Ctrl Pts',(11.4752008056862,46.8868424601963,23.8513319898515));
#10136=CARTESIAN_POINT('Ctrl Pts',(11.729138822453,47.1331474992487,23.248433330531));
#10137=CARTESIAN_POINT('Ctrl Pts',(11.9845313149179,47.3977731483427,22.6571483192249));
#10138=CARTESIAN_POINT('Ctrl Pts',(12.1121809122292,47.5336283679179,22.3638127899834));
#10139=CARTESIAN_POINT('Ctrl Pts',(12.3680753582603,47.8131096786324,21.7794554262657));
#10140=CARTESIAN_POINT('Ctrl Pts',(12.6244496958456,48.1119392243692,21.2014395227341));
#10141=CARTESIAN_POINT('Ctrl Pts',(12.7525372438958,48.2671808754165,20.9144731833293));
#10142=CARTESIAN_POINT('Ctrl Pts',(13.0064384061956,48.5883834562708,20.3475299151929));
#10143=CARTESIAN_POINT('Ctrl Pts',(13.255343297564,48.9266995422197,19.7956002348445));
#10144=CARTESIAN_POINT('Ctrl Pts',(13.378270318139,49.0993379618002,19.5240671049576));
#10145=CARTESIAN_POINT('Ctrl Pts',(13.561444729956,49.3593347044915,19.1229591165723));
#10146=CARTESIAN_POINT('Ctrl Pts',(13.7432794736735,49.6198970749294,18.727262365975));
#10147=CARTESIAN_POINT('Ctrl Pts',(13.8038381010167,49.7071142071701,18.5961646381594));
#10148=CARTESIAN_POINT('Ctrl Pts',(13.8796413370874,49.8155684160838,18.4322251041791));
#10149=CARTESIAN_POINT('Ctrl Pts',(13.9582294237793,49.9247526302186,18.2700849077743));
#10150=CARTESIAN_POINT('Ctrl Pts',(13.9741025005082,49.946673917088,18.2377861364672));
#10151=CARTESIAN_POINT('Ctrl Pts',(14.0061320487163,49.9909022635996,18.1735909401761));
#10152=CARTESIAN_POINT('Ctrl Pts',(14.041458831159,50.0383984385677,18.1131547475974));
#10153=CARTESIAN_POINT('Ctrl Pts',(14.060113453146,50.0632790810183,18.0841622030977));
#10154=CARTESIAN_POINT('Ctrl Pts',(14.1126204531715,50.1366389177199,17.9948646739684));
#10155=CARTESIAN_POINT('Ctrl Pts',(14.1597268728122,50.2090996954505,17.9031330574817));
#10156=CARTESIAN_POINT('Ctrl Pts',(14.1883981131926,50.2564490161113,17.8405755137896));
#10157=CARTESIAN_POINT('Ctrl Pts',(14.2673067526207,50.3953446055867,17.6493235809373));
#10158=CARTESIAN_POINT('Ctrl Pts',(14.3265863344772,50.5236960856177,17.4480251684831));
#10159=CARTESIAN_POINT('Ctrl Pts',(14.359140296097,50.6038331272822,17.3102089143293));
#10160=CARTESIAN_POINT('Ctrl Pts',(14.4128695558983,50.7538630418353,17.0287196319169));
#10161=CARTESIAN_POINT('Ctrl Pts',(14.4475330428194,50.8847583819148,16.7375959931704));
#10162=CARTESIAN_POINT('Ctrl Pts',(14.4610257546704,50.9457933462427,16.5901511704211));
#10163=CARTESIAN_POINT('Ctrl Pts',(14.4712855156535,51.0029209715984,16.441206297667));
#10164=CARTESIAN_POINT('Ctrl Pts',(14.4787663345981,51.0565788148129,16.2910552309581));
#10165=CARTESIAN_POINT('Ctrl Pts',(-15.2248128293472,44.7956528213306,18.457520447356));
#10166=CARTESIAN_POINT('Ctrl Pts',(-13.2693997861468,45.1365652345804,21.8051598202737));
#10167=CARTESIAN_POINT('Ctrl Pts',(-11.3139869111652,45.4774776736442,25.1527991931911));
#10168=CARTESIAN_POINT('Ctrl Pts',(-9.35857386936746,45.8183900871093,28.5004385661087));
#10169=CARTESIAN_POINT('Ctrl Pts',(-15.2247443383439,44.9085106744864,18.457520447356));
#10170=CARTESIAN_POINT('Ctrl Pts',(-13.2747303323764,45.2407562820858,21.8051598202737));
#10171=CARTESIAN_POINT('Ctrl Pts',(-11.3237128896497,45.5728479215114,25.1527991931911));
#10172=CARTESIAN_POINT('Ctrl Pts',(-9.37369051747508,45.9050922453931,28.5004385661087));
#10173=CARTESIAN_POINT('Ctrl Pts',(-15.2250501241246,46.681093231469,18.457520447356));
#10174=CARTESIAN_POINT('Ctrl Pts',(-13.2979887481055,46.5580869074528,21.8051598202737));
#10175=CARTESIAN_POINT('Ctrl Pts',(-11.3735572979143,46.4349963394168,25.1527991931911));
#10176=CARTESIAN_POINT('Ctrl Pts',(-9.44651784904108,46.3119893130115,28.5004385661087));
#10177=CARTESIAN_POINT('Ctrl Pts',(-15.2239063892818,49.2255811892118,18.457520447356));
#10178=CARTESIAN_POINT('Ctrl Pts',(-13.3193253619995,48.5284530190249,21.8051598202737));
#10179=CARTESIAN_POINT('Ctrl Pts',(-11.4124419391336,47.8312532621542,25.1527991931911));
#10180=CARTESIAN_POINT('Ctrl Pts',(-9.50784171550616,47.1341244951096,28.5004385661087));
#10181=CARTESIAN_POINT('Ctrl Pts',(-15.228482436241,50.950414683449,18.457520447356));
#10182=CARTESIAN_POINT('Ctrl Pts',(-13.3151430751718,50.0019177480957,21.8051598202737));
#10183=CARTESIAN_POINT('Ctrl Pts',(-11.4024342308379,49.0526288644933,25.1527991931911));
#10184=CARTESIAN_POINT('Ctrl Pts',(-9.48910012673562,48.1041253262295,28.5004385661087));
#10185=CARTESIAN_POINT('Ctrl Pts',(-14.527048482913,52.6201434821029,18.457520447356));
#10186=CARTESIAN_POINT('Ctrl Pts',(-12.8169691050371,51.4816072419269,21.8051598202737));
#10187=CARTESIAN_POINT('Ctrl Pts',(-11.1076957875426,50.3435735571836,25.1527991931911));
#10188=CARTESIAN_POINT('Ctrl Pts',(-9.39762313023775,49.2050415070901,28.5004385661087));
#10189=CARTESIAN_POINT('Ctrl Pts',(-12.8539185032442,53.3150197435465,18.457520447356));
#10190=CARTESIAN_POINT('Ctrl Pts',(-11.5761669304613,52.3816768406159,21.8051598202737));
#10191=CARTESIAN_POINT('Ctrl Pts',(-10.2989987220672,51.4494045991803,25.1527991931911));
#10192=CARTESIAN_POINT('Ctrl Pts',(-9.0212520131158,50.5160706229466,28.5004385661087));
#10193=CARTESIAN_POINT('Ctrl Pts',(-11.0108463983597,53.3047072899053,18.457520447356));
#10194=CARTESIAN_POINT('Ctrl Pts',(-10.137984436229,52.8656953247017,21.8051598202737));
#10195=CARTESIAN_POINT('Ctrl Pts',(-9.26517305184948,52.4250481456671,25.1527991931911));
#10196=CARTESIAN_POINT('Ctrl Pts',(-8.39231151141353,51.9860225467816,28.5004385661087));
#10197=CARTESIAN_POINT('Ctrl Pts',(-9.00660500074617,53.2991001430898,18.457520447356));
#10198=CARTESIAN_POINT('Ctrl Pts',(-8.47947665998602,53.4078420905655,21.8051598202737));
#10199=CARTESIAN_POINT('Ctrl Pts',(-7.95248953828103,53.517738404733,25.1527991931911));
#10200=CARTESIAN_POINT('Ctrl Pts',(-7.42536237494223,53.626489976802,28.5004385661087));
#10201=CARTESIAN_POINT('Ctrl Pts',(-6.00394984243086,53.2895691960273,18.457520447356));
#10202=CARTESIAN_POINT('Ctrl Pts',(-5.68648519185078,54.0971527103188,21.8051598202737));
#10203=CARTESIAN_POINT('Ctrl Pts',(-5.36943902553819,54.9048336416534,25.1527991931911));
#10204=CARTESIAN_POINT('Ctrl Pts',(-5.05197786409287,55.7124179681647,28.5004385661087));
#10205=CARTESIAN_POINT('Ctrl Pts',(-3.00433141281155,53.2845942998204,18.457520447356));
#10206=CARTESIAN_POINT('Ctrl Pts',(-2.65941867754414,54.5033384348965,21.8051598202737));
#10207=CARTESIAN_POINT('Ctrl Pts',(-2.31438697294943,55.7220093332015,25.1527991931911));
#10208=CARTESIAN_POINT('Ctrl Pts',(-1.96947324576895,56.9407528576622,28.5004385661087));
#10209=CARTESIAN_POINT('Ctrl Pts',(-0.00573088583811028,53.2840399306674,
18.457520447356));
#10210=CARTESIAN_POINT('Ctrl Pts',(0.449646028982204,54.5363213396082,21.8051598202737));
#10211=CARTESIAN_POINT('Ctrl Pts',(0.904885561324715,55.7882228787768,25.1527991931911));
#10212=CARTESIAN_POINT('Ctrl Pts',(1.36026133071134,57.0405011205333,28.5004385661087));
#10213=CARTESIAN_POINT('Ctrl Pts',(2.99409417778933,53.2882958457347,18.457520447356));
#10214=CARTESIAN_POINT('Ctrl Pts',(3.46366370299396,54.2098672276568,21.8051598202737));
#10215=CARTESIAN_POINT('Ctrl Pts',(3.93286162910394,55.131265452661,25.1527991931911));
#10216=CARTESIAN_POINT('Ctrl Pts',(4.40242805608143,56.0528353908781,28.5004385661087));
#10217=CARTESIAN_POINT('Ctrl Pts',(5.99686744201543,53.2956416100708,18.457520447356));
#10218=CARTESIAN_POINT('Ctrl Pts',(6.2485403927874,53.6356332602006,21.8051598202737));
#10219=CARTESIAN_POINT('Ctrl Pts',(6.50085089177304,53.9758622211679,25.1527991931911));
#10220=CARTESIAN_POINT('Ctrl Pts',(6.75252915813703,54.3158558498894,28.5004385661087));
#10221=CARTESIAN_POINT('Ctrl Pts',(9.00329080699863,53.3041103377506,18.457520447356));
#10222=CARTESIAN_POINT('Ctrl Pts',(8.75530124147169,52.975293617774,21.8051598202737));
#10223=CARTESIAN_POINT('Ctrl Pts',(8.50717839759752,52.6460853173004,25.1527991931911));
#10224=CARTESIAN_POINT('Ctrl Pts',(8.2591877208553,52.3172653325006,28.5004385661088));
#10225=CARTESIAN_POINT('Ctrl Pts',(11.0095956985555,53.3091424953643,18.457520447356));
#10226=CARTESIAN_POINT('Ctrl Pts',(10.2649223213349,52.5816516260054,21.8051598202737));
#10227=CARTESIAN_POINT('Ctrl Pts',(9.52010498163596,51.854593577793,25.1527991931911));
#10228=CARTESIAN_POINT('Ctrl Pts',(8.77543040412067,51.1271063171031,28.5004385661088));
#10229=CARTESIAN_POINT('Ctrl Pts',(12.2233305217351,53.3116989767571,18.4575204473561));
#10230=CARTESIAN_POINT('Ctrl Pts',(11.1456772589359,52.381685532416,21.8051598202737));
#10231=CARTESIAN_POINT('Ctrl Pts',(10.0678819579279,51.4516962687194,25.1527991931911));
#10232=CARTESIAN_POINT('Ctrl Pts',(8.99022751087768,50.5216830259856,28.5004385661088));
#10233=CARTESIAN_POINT('Ctrl Pts',(12.6898591735719,53.2701524913242,18.457520447356));
#10234=CARTESIAN_POINT('Ctrl Pts',(11.479264093001,52.28662664766,21.8051598202737));
#10235=CARTESIAN_POINT('Ctrl Pts',(10.2681853599345,51.30361531097,25.1527991931911));
#10236=CARTESIAN_POINT('Ctrl Pts',(9.0575862468854,50.320093757035,28.5004385661088));
#10237=CARTESIAN_POINT('Ctrl Pts',(13.439054560562,53.0182101744616,18.457520447356));
#10238=CARTESIAN_POINT('Ctrl Pts',(12.0059780493145,52.0271080094891,21.8051598202737));
#10239=CARTESIAN_POINT('Ctrl Pts',(10.572996001318,51.0357920120239,25.1527991931911));
#10240=CARTESIAN_POINT('Ctrl Pts',(9.1399202776628,50.0446880642115,28.5004385661088));
#10241=CARTESIAN_POINT('Ctrl Pts',(14.1273261142217,52.5663338992053,18.457520447356));
#10242=CARTESIAN_POINT('Ctrl Pts',(12.4870340460265,51.643669962706,21.8051598202737));
#10243=CARTESIAN_POINT('Ctrl Pts',(10.8462131148143,50.7212248974607,25.1527991931911));
#10244=CARTESIAN_POINT('Ctrl Pts',(9.20591663719585,49.7985627858121,28.5004385661088));
#10245=CARTESIAN_POINT('Ctrl Pts',(14.8511347708806,51.7651308258905,18.457520447356));
#10246=CARTESIAN_POINT('Ctrl Pts',(12.9922684495479,51.0142481660629,21.8051598202737));
#10247=CARTESIAN_POINT('Ctrl Pts',(11.1338714409419,50.2631144121274,25.1527991931911));
#10248=CARTESIAN_POINT('Ctrl Pts',(9.27500903252888,49.5122296587894,28.5004385661088));
#10249=CARTESIAN_POINT('Ctrl Pts',(15.1689359884889,50.8672897642439,18.457520447356));
#10250=CARTESIAN_POINT('Ctrl Pts',(13.2189728537745,50.3424907106777,21.8051598202737));
#10251=CARTESIAN_POINT('Ctrl Pts',(11.2699109945942,49.8173715821179,25.1527991931911));
#10252=CARTESIAN_POINT('Ctrl Pts',(9.31995537431229,49.2925698599096,28.5004385661087));
#10253=CARTESIAN_POINT('Ctrl Pts',(15.2250763711667,50.2682956091727,18.457520447356));
#10254=CARTESIAN_POINT('Ctrl Pts',(13.2663550702368,49.8931754865513,21.8051598202737));
#10255=CARTESIAN_POINT('Ctrl Pts',(11.3065169478074,49.5184211708712,25.1527991931911));
#10256=CARTESIAN_POINT('Ctrl Pts',(9.34778633531901,49.1433040981846,28.5004385661087));
#10257=CARTESIAN_POINT('Ctrl Pts',(15.2248627279761,50.1202907675921,18.457520447356));
#10258=CARTESIAN_POINT('Ctrl Pts',(13.268124738603,49.7786695687659,21.8051598202737));
#10259=CARTESIAN_POINT('Ctrl Pts',(11.3130038244505,49.4364269693346,25.1527991931911));
#10260=CARTESIAN_POINT('Ctrl Pts',(9.3562793175278,49.0948005895478,28.5004385661087));
#10261=CARTESIAN_POINT('Ctrl Pts',(15.2248024734234,50.098138084569,18.457520447356));
#10262=CARTESIAN_POINT('Ctrl Pts',(13.26977908119,49.7578272307427,21.8051598202737));
#10263=CARTESIAN_POINT('Ctrl Pts',(11.3143408208886,49.4176765313936,25.1527991931911));
#10264=CARTESIAN_POINT('Ctrl Pts',(9.35931396967072,49.0773670128638,28.5004385661087));
#10265=CARTESIAN_POINT('',(-15.1999995210316,50.1000000000076,18.5035626776403));
#10266=CARTESIAN_POINT('',(-15.1999995210316,44.7999977542386,18.5000004789786));
#10267=CARTESIAN_POINT('Ctrl Pts',(-15.1999995210316,50.1000000000076,18.5035626776403));
#10268=CARTESIAN_POINT('Ctrl Pts',(-15.1999995210316,50.0741294833221,18.5034531182013));
#10269=CARTESIAN_POINT('Ctrl Pts',(-15.1999995210316,49.9357425434943,18.5027685508527));
#10270=CARTESIAN_POINT('Ctrl Pts',(-15.1999995210316,49.5296056028452,18.5016462259845));
#10271=CARTESIAN_POINT('Ctrl Pts',(-15.1999995210316,49.3742018911196,18.5013318420539));
#10272=CARTESIAN_POINT('Ctrl Pts',(-15.1999995210316,48.8945168189463,18.5005839974533));
#10273=CARTESIAN_POINT('Ctrl Pts',(-15.1999995210316,48.5512321391361,18.5003831407664));
#10274=CARTESIAN_POINT('Ctrl Pts',(-15.1999995210316,47.5679841221542,18.5001691149572));
#10275=CARTESIAN_POINT('Ctrl Pts',(-15.1999995210316,47.0438488032812,18.5005582700663));
#10276=CARTESIAN_POINT('Ctrl Pts',(-15.1999995210316,45.3348030863308,18.5002522613947));
#10277=CARTESIAN_POINT('Ctrl Pts',(-15.1999995210316,44.8932977788818,18.5000004789786));
#10278=CARTESIAN_POINT('Ctrl Pts',(-15.1999995210316,44.7999977542386,18.5000004789787));
#10279=CARTESIAN_POINT('',(-15.1999995210316,44.7999977542386,18.5000004789786));
#10280=CARTESIAN_POINT('',(15.2000004789684,50.0999977308257,18.5000004789786));
#10281=CARTESIAN_POINT('',(15.2000004789684,50.0999977308257,18.5000004789786));
#10282=CARTESIAN_POINT('Ctrl Pts',(15.2000004789676,50.0999977308257,18.5000004789785));
#10283=CARTESIAN_POINT('Ctrl Pts',(15.2000004947837,50.1223007740106,18.5000004789784));
#10284=CARTESIAN_POINT('Ctrl Pts',(15.1997668835889,50.1438898197527,18.4998413988137));
#10285=CARTESIAN_POINT('Ctrl Pts',(15.1985793874142,50.2026513066265,18.4993946266613));
#10286=CARTESIAN_POINT('Ctrl Pts',(15.1971260501611,50.240943612564,18.4990928348175));
#10287=CARTESIAN_POINT('Ctrl Pts',(15.1882936570702,50.3983158933985,18.4989821394217));
#10288=CARTESIAN_POINT('Ctrl Pts',(15.1751084302376,50.5165015110732,18.5011286360743));
#10289=CARTESIAN_POINT('Ctrl Pts',(15.1365861017421,50.7430750820449,18.5016432391559));
#10290=CARTESIAN_POINT('Ctrl Pts',(15.1131054179349,50.8484176527112,18.500641518565));
#10291=CARTESIAN_POINT('Ctrl Pts',(14.9857232241057,51.309570142843,18.496564037914));
#10292=CARTESIAN_POINT('Ctrl Pts',(14.8260123021422,51.6458856284199,18.500360147716));
#10293=CARTESIAN_POINT('Ctrl Pts',(14.3822209155831,52.2736945038508,18.5016493505369));
#10294=CARTESIAN_POINT('Ctrl Pts',(14.0771819291976,52.574846988374,18.499510226528));
#10295=CARTESIAN_POINT('Ctrl Pts',(13.5623281281979,52.8973178270853,18.5002121774463));
#10296=CARTESIAN_POINT('Ctrl Pts',(13.4198582172113,52.9722634393063,18.5006037247973));
#10297=CARTESIAN_POINT('Ctrl Pts',(13.1644905163749,53.0829086832701,18.4999450513264));
#10298=CARTESIAN_POINT('Ctrl Pts',(13.0542960208574,53.1236161164345,18.4996055718572));
#10299=CARTESIAN_POINT('Ctrl Pts',(12.8605431459902,53.1833003341525,18.4995421318685));
#10300=CARTESIAN_POINT('Ctrl Pts',(12.778116208375,53.2051247244387,18.4996754895123));
#10301=CARTESIAN_POINT('Ctrl Pts',(12.5763225919753,53.2500182690137,18.4997409999866));
#10302=CARTESIAN_POINT('Ctrl Pts',(12.456338685889,53.2696242056639,18.4994301985417));
#10303=CARTESIAN_POINT('Ctrl Pts',(12.2784583190882,53.2883776678327,18.4993729526595));
#10304=CARTESIAN_POINT('Ctrl Pts',(12.2212619815403,53.292856697813,18.4994107910749));
#10305=CARTESIAN_POINT('Ctrl Pts',(12.136295427664,53.2972162596501,18.4995139676499));
#10306=CARTESIAN_POINT('Ctrl Pts',(12.1086012489183,53.2982767048311,18.4995535817222));
#10307=CARTESIAN_POINT('Ctrl Pts',(12.0369103839668,53.3000896443718,18.4996336919129));
#10308=CARTESIAN_POINT('Ctrl Pts',(12.0047144735443,53.2999999999972,18.4996260123749));
#10309=CARTESIAN_POINT('Ctrl Pts',(12.0000004860905,53.3000000000076,18.4996258781691));
#10310=CARTESIAN_POINT('Ctrl Pts',(-11.99996994883,53.2999999998708,18.5063242325254));
#10311=CARTESIAN_POINT('Ctrl Pts',(-12.3304515233518,53.3000030539545,18.507824181981));
#10312=CARTESIAN_POINT('Ctrl Pts',(-12.7685579353738,53.2478971834993,18.4958991209922));
#10313=CARTESIAN_POINT('Ctrl Pts',(-13.6217065951093,52.8897406801151,18.495184797021));
#10314=CARTESIAN_POINT('Ctrl Pts',(-13.9693739313244,52.656117342531,18.5009465025982));
#10315=CARTESIAN_POINT('Ctrl Pts',(-14.5560521352554,52.0694224337037,18.5013045989328));
#10316=CARTESIAN_POINT('Ctrl Pts',(-14.7897372452672,51.7217768111382,18.4971861924155));
#10317=CARTESIAN_POINT('Ctrl Pts',(-15.0329061751733,51.1424401457829,18.4985848300153));
#10318=CARTESIAN_POINT('Ctrl Pts',(-15.0954429026979,50.9386993039606,18.5000071789038));
#10319=CARTESIAN_POINT('Ctrl Pts',(-15.1582255232815,50.6261958634237,18.5022052285421));
#10320=CARTESIAN_POINT('Ctrl Pts',(-15.1739444878723,50.5211244556873,18.5029255605422));
#10321=CARTESIAN_POINT('Ctrl Pts',(-15.1896428033829,50.3626626939477,18.5036024985971));
#10322=CARTESIAN_POINT('Ctrl Pts',(-15.1935599372845,50.3097326965464,18.5037591474195));
#10323=CARTESIAN_POINT('Ctrl Pts',(-15.2000837100761,50.1766957104509,18.5038717865182));
#10324=CARTESIAN_POINT('Ctrl Pts',(-15.1999995210316,50.1169225711652,18.5036343432906));
#10325=CARTESIAN_POINT('Ctrl Pts',(-15.1999995210316,50.1000000000076,18.5035626776403));
#10326=CARTESIAN_POINT('Ctrl Pts',(15.2000004789684,50.0999977308258,18.5000004789786));
#10327=CARTESIAN_POINT('Ctrl Pts',(13.2529448945646,49.7605442518486,21.833333812312));
#10328=CARTESIAN_POINT('Ctrl Pts',(11.3058893101609,49.4210907728715,25.1666671456453));
#10329=CARTESIAN_POINT('Ctrl Pts',(9.35883372575709,49.0816372938944,28.5000004789786));
#10330=CARTESIAN_POINT('Ctrl Pts',(15.2000004789684,48.3333315442927,18.5000004789786));
#10331=CARTESIAN_POINT('Ctrl Pts',(13.3156636127934,48.2237922085514,21.833333812312));
#10332=CARTESIAN_POINT('Ctrl Pts',(11.4309254925724,48.1142419377506,25.1666671456453));
#10333=CARTESIAN_POINT('Ctrl Pts',(9.54658862639742,48.0047026020094,28.5000004789786));
#10334=CARTESIAN_POINT('Ctrl Pts',(15.2000004789684,46.4755157505026,18.5000004789786));
#10335=CARTESIAN_POINT('Ctrl Pts',(13.3156635762189,46.6154386918476,21.833333812312));
#10336=CARTESIAN_POINT('Ctrl Pts',(11.4309254194257,46.7553725683314,25.1666671456453));
#10337=CARTESIAN_POINT('Ctrl Pts',(9.54658851667623,46.8952955096763,28.5000004789786));
#10338=CARTESIAN_POINT('Ctrl Pts',(15.2000004789684,44.7999991712266,18.5000004789786));
#10339=CARTESIAN_POINT('Ctrl Pts',(13.2529447869845,45.1394530657942,21.833333812312));
#10340=CARTESIAN_POINT('Ctrl Pts',(11.3058890950005,45.4789069603618,25.1666671456453));
#10341=CARTESIAN_POINT('Ctrl Pts',(9.3588334030166,45.8183608549295,28.5000004789786));
#10342=CARTESIAN_POINT('',(15.2000004789684,44.7999991712266,18.5000004789786));
#10343=CARTESIAN_POINT('',(15.2000004789684,44.7999991712266,18.5000004789786));
#10344=CARTESIAN_POINT('',(15.2000004789684,44.7999991712266,18.5000004789786));
#10345=CARTESIAN_POINT('Ctrl Pts',(15.2007171054911,44.8004909961619,18.4987735001335));
#10346=CARTESIAN_POINT('Ctrl Pts',(13.2532817198737,45.1399410502852,21.8327986798901));
#10347=CARTESIAN_POINT('Ctrl Pts',(11.3058422353678,45.4793935910384,25.1668238596467));
#10348=CARTESIAN_POINT('Ctrl Pts',(9.35840684944022,45.8188436453498,28.5008490394032));
#10349=CARTESIAN_POINT('Ctrl Pts',(15.2009279980944,43.8428005724322,18.4987735001335));
#10350=CARTESIAN_POINT('Ctrl Pts',(13.215539520441,44.297621945229,21.8327986798901));
#10351=CARTESIAN_POINT('Ctrl Pts',(11.2365136886213,44.7485832936986,25.1668238596467));
#10352=CARTESIAN_POINT('Ctrl Pts',(9.25112569239818,45.2034043744264,28.5008490394032));
#10353=CARTESIAN_POINT('Ctrl Pts',(14.3974946209452,42.1844383369501,18.4987735001335));
#10354=CARTESIAN_POINT('Ctrl Pts',(12.5652073484533,42.7569920550785,21.8327986798901));
#10355=CARTESIAN_POINT('Ctrl Pts',(10.7319643766968,43.3306494991638,25.1668238596467));
#10356=CARTESIAN_POINT('Ctrl Pts',(8.89967703189184,43.9032033008057,28.5008490394032));
#10357=CARTESIAN_POINT('Ctrl Pts',(12.7182153758355,41.599724789275,18.4987735001335));
#10358=CARTESIAN_POINT('Ctrl Pts',(11.2220164362533,41.9562387909982,21.8327986798901));
#10359=CARTESIAN_POINT('Ctrl Pts',(9.72344590485338,42.3113024993924,25.1668238596467));
#10360=CARTESIAN_POINT('Ctrl Pts',(8.22724678582434,42.6678163913789,28.5008490394032));
#10361=CARTESIAN_POINT('Ctrl Pts',(11.9998821868361,41.5999263566227,18.4987735001335));
#10362=CARTESIAN_POINT('Ctrl Pts',(10.6391432745115,41.800203535067,21.8327986798901));
#10363=CARTESIAN_POINT('Ctrl Pts',(9.27840639954592,42.0004819592342,25.1668238596467));
#10364=CARTESIAN_POINT('Ctrl Pts',(7.91766748737546,42.2007591377729,28.5008490394032));
#10365=CARTESIAN_POINT('',(11.999998158103,41.6000000000075,18.5000004789786));
#10366=CARTESIAN_POINT('Origin',(12.0000004789684,44.8000000000075,18.5000004789786));
#10367=CARTESIAN_POINT('',(11.999998158103,41.6000000000075,18.5000004789786));
#10368=CARTESIAN_POINT('Ctrl Pts',(-11.9998617807315,41.599914024697,18.4985676194448));
#10369=CARTESIAN_POINT('Ctrl Pts',(-10.63922645788,41.800154796903,21.8323911347301));
#10370=CARTESIAN_POINT('Ctrl Pts',(-9.27858833302251,42.0004025777709,25.1662146500153));
#10371=CARTESIAN_POINT('Ctrl Pts',(-7.91795300938944,42.2006433519321,28.5000381653005));
#10372=CARTESIAN_POINT('Ctrl Pts',(-12.9576232967039,41.5995924772834,18.4985676194448));
#10373=CARTESIAN_POINT('Ctrl Pts',(-11.414098718931,42.0106134149814,21.8323911347301));
#10374=CARTESIAN_POINT('Ctrl Pts',(-9.8742987432104,42.4123182099617,25.1662146500153));
#10375=CARTESIAN_POINT('Ctrl Pts',(-8.33077520443274,42.8233365488779,28.5000381653005));
#10376=CARTESIAN_POINT('Ctrl Pts',(-14.616184813496,42.4029307141456,18.4985676194448));
#10377=CARTESIAN_POINT('Ctrl Pts',(-12.7192016227856,42.9343171947055,21.8323911347301));
#10378=CARTESIAN_POINT('Ctrl Pts',(-10.8209967607809,43.4672923780796,25.1662146500153));
#10379=CARTESIAN_POINT('Ctrl Pts',(-8.9240132292795,43.9986793018156,28.5000381653005));
#10380=CARTESIAN_POINT('Ctrl Pts',(-15.2010176495328,44.0822311190595,18.4985676194448));
#10381=CARTESIAN_POINT('Ctrl Pts',(-13.2208344561191,44.4763129385987,21.8323911347301));
#10382=CARTESIAN_POINT('Ctrl Pts',(-11.2428761423691,44.8727803554447,25.1662146500153));
#10383=CARTESIAN_POINT('Ctrl Pts',(-9.26269356959611,45.2668628404574,28.5000381653005));
#10384=CARTESIAN_POINT('Ctrl Pts',(-15.2008363805502,44.800572094087,18.4985676194448));
#10385=CARTESIAN_POINT('Ctrl Pts',(-13.2535272547411,45.1400213178999,21.8323911347301));
#10386=CARTESIAN_POINT('Ctrl Pts',(-11.3062158971231,45.4794681482693,25.1662146500153));
#10387=CARTESIAN_POINT('Ctrl Pts',(-9.35890677069136,45.8189173714147,28.5000381653005));
#10388=CARTESIAN_POINT('',(-11.999997222611,41.6000000000075,18.5000004789786));
#10389=CARTESIAN_POINT('Origin',(-11.9999995210316,44.8000000000075,18.5000004789786));
#10390=CARTESIAN_POINT('',(-11.999997222611,41.6000000000075,18.5000004789786));
#10391=CARTESIAN_POINT('Origin',(12.0000004790432,50.1000000000823,-19.4999995210214));
#10392=CARTESIAN_POINT('',(15.2000004789684,50.0999977308257,5.11050416019749));
#10393=CARTESIAN_POINT('Origin',(12.0000004790432,50.1000000000823,5.11050416019749));
#10394=CARTESIAN_POINT('',(15.2000004789684,50.0999977308257,-19.4999995210214));
#10395=CARTESIAN_POINT('Origin',(15.2000004789684,44.7999991712266,-19.4999995210214));
#10396=CARTESIAN_POINT('',(15.2000004789684,44.7999991712266,5.11050416019749));
#10397=CARTESIAN_POINT('',(15.2000004789684,46.124999585617,5.11050416019749));
#10398=CARTESIAN_POINT('',(15.2000004789684,44.7999991712266,-19.4999995210214));
#10399=CARTESIAN_POINT('Origin',(12.0000004789684,44.8000000000075,-19.4999995210214));
#10400=CARTESIAN_POINT('',(11.9999993184767,41.6000000000075,5.11050416019749));
#10401=CARTESIAN_POINT('Origin',(12.0000004789684,44.8000000000075,5.11050416019749));
#10402=CARTESIAN_POINT('',(11.999998158103,41.6000000000075,-19.4999995210214));
#10403=CARTESIAN_POINT('Origin',(-11.9999995210316,44.8000000000075,-19.4999995210214));
#10404=CARTESIAN_POINT('',(-11.9999979907574,41.6000000057817,5.11050416019749));
#10405=CARTESIAN_POINT('',(-15.1999995210316,44.7999977542386,5.11050416019749));
#10406=CARTESIAN_POINT('Origin',(-11.9999995210316,44.8000000000075,5.11050416019749));
#10407=CARTESIAN_POINT('',(-11.999997222611,41.6000000000075,-19.4999995210214));
#10408=CARTESIAN_POINT('',(-15.1999995210316,44.7999977542386,-19.4999995210214));
#10409=CARTESIAN_POINT('Origin',(-15.1999995210316,50.1000000000076,-19.4999995210214));
#10410=CARTESIAN_POINT('',(-15.1999995210316,50.1000000000076,5.11050416019749));
#10411=CARTESIAN_POINT('',(-15.1999995210316,48.7750000096312,5.11050416019749));
#10412=CARTESIAN_POINT('',(-15.1999995210316,50.1000000000076,-19.4999995210214));
#10413=CARTESIAN_POINT('Origin',(-11.9999995210316,50.1000000000075,-19.4999995210214));
#10414=CARTESIAN_POINT('Origin',(-11.9999995210316,50.1000000000075,5.11050416019749));
#10415=CARTESIAN_POINT('Origin',(-19.9999972226109,41.6000000385029,0.110504160197489));
#10416=CARTESIAN_POINT('',(-19.44947883537,41.6000000374432,4.11050416019749));
#10417=CARTESIAN_POINT('',(-14.7202936561094,41.6000000283407,4.11050416019749));
#10418=CARTESIAN_POINT('',(-11.9999972226109,41.6000000231047,4.11050416019749));
#10419=CARTESIAN_POINT('',(-19.44947883537,41.6000000374433,0.110504160197489));
#10420=CARTESIAN_POINT('',(-11.999997222611,41.6000000000075,-19.4999995210214));
#10421=CARTESIAN_POINT('Ctrl Pts',(-11.9999995271909,41.6000000231047,5.11050416019749));
#10422=CARTESIAN_POINT('Ctrl Pts',(-12.8130900548595,41.6000000246698,4.65597273562502));
#10423=CARTESIAN_POINT('Ctrl Pts',(-13.7887814328358,41.6000000265477,4.11050416019749));
#10424=CARTESIAN_POINT('Ctrl Pts',(-14.7202936561095,41.6000000283407,4.11050416019749));
#10425=CARTESIAN_POINT('Origin',(-11.9999972000911,53.3000000231047,0.110504160197489));
#10426=CARTESIAN_POINT('',(-13.8573550553993,53.3000000266797,4.11050416019749));
#10427=CARTESIAN_POINT('',(-13.8573550553993,53.3000000266797,4.11050416019749));
#10428=CARTESIAN_POINT('',(-14.6857788774254,53.3000039998671,4.11050423226687));
#10429=CARTESIAN_POINT('',(-11.9999972000911,53.3000000231047,4.11050416019749));
#10430=CARTESIAN_POINT('Ctrl Pts',(-11.9999995196348,53.3000000231047,5.1105041575352));
#10431=CARTESIAN_POINT('Ctrl Pts',(-12.8030540106525,53.3000000246504,4.66158305126716));
#10432=CARTESIAN_POINT('Ctrl Pts',(-13.7647199346382,53.3000000265014,4.12394277107243));
#10433=CARTESIAN_POINT('Ctrl Pts',(-14.6857806531724,53.3000000282742,4.11075218734919));
#10434=CARTESIAN_POINT('Origin',(17.499998158103,47.4500000000075,4.11050416019749));
#10435=CARTESIAN_POINT('',(14.7202945807156,41.6000000000075,4.11050416019749));
#10436=CARTESIAN_POINT('',(19.4494797314315,41.6000000000075,4.11050416019749));
#10437=CARTESIAN_POINT('',(11.999998158103,41.6000000000075,4.11050416019749));
#10438=CARTESIAN_POINT('',(20.5337291971117,41.9194039461706,4.11050416019749));
#10439=CARTESIAN_POINT('Origin',(19.4494797314315,43.6000000000074,4.11050416019749));
#10440=CARTESIAN_POINT('',(21.9179853803547,46.0677977882569,4.11050416019749));
#10441=CARTESIAN_POINT('Ctrl Pts',(21.9179853803547,46.0677977882568,4.11050416019749));
#10442=CARTESIAN_POINT('Ctrl Pts',(23.3931323045308,43.7641698460037,4.11050416019749));
#10443=CARTESIAN_POINT('Ctrl Pts',(20.5337291972465,41.9194039462575,4.11050416019749));
#10444=CARTESIAN_POINT('',(15.3421292628156,52.643653905796,4.11050416019749));
#10445=CARTESIAN_POINT('',(14.685783168604,53.3000000000075,4.11050416019749));
#10446=CARTESIAN_POINT('',(16.2000004789684,50.0999977308257,4.11050416019749));
#10447=CARTESIAN_POINT('Origin',(12.0000004790432,50.1000000000823,4.11050416019749));
#10448=CARTESIAN_POINT('',(16.2000004789684,44.7999989122325,4.11050416019749));
#10449=CARTESIAN_POINT('',(16.2000004789684,46.124999585617,4.11050416019749));
#10450=CARTESIAN_POINT('Origin',(12.0000004789684,44.8000000000075,4.11050416019749));
#10451=CARTESIAN_POINT('',(17.7551422269753,44.8388182900565,4.11050416019749));
#10452=CARTESIAN_POINT('Origin',(18.9051422269753,44.8388182900565,4.11050416019749));
#10453=CARTESIAN_POINT('Origin',(12.0000004790432,50.1000000000823,5.11050416019749));
#10454=CARTESIAN_POINT('',(14.7202945807629,53.3000000000075,4.11050416019749));
#10455=CARTESIAN_POINT('',(14.7202945807629,53.3000000000075,4.11050416019749));
#10456=CARTESIAN_POINT('Origin',(16.2000004789684,50.0999977308257,5.11050416019749));
#10457=CARTESIAN_POINT('Origin',(12.0000004790432,50.1000000000823,4.11050416019749));
#10458=CARTESIAN_POINT('Origin',(16.2000004789684,46.124999585617,5.11050416019749));
#10459=CARTESIAN_POINT('Origin',(16.2000004789684,44.7999989122325,5.11050416019749));
#10460=CARTESIAN_POINT('Origin',(12.0000004789684,44.8000000000075,5.11050416019749));
#10461=CARTESIAN_POINT('Ctrl Pts',(12.0000004789684,41.6000000000075,5.11050416019749));
#10462=CARTESIAN_POINT('Ctrl Pts',(12.8130910005988,41.6000000000075,4.6559727406409));
#10463=CARTESIAN_POINT('Ctrl Pts',(13.78878236516,41.6000000000075,4.11050416019749));
#10464=CARTESIAN_POINT('Ctrl Pts',(14.7202945807157,41.6000000000075,4.11050416019749));
#10465=CARTESIAN_POINT('Origin',(-17.4999972084639,47.4500000192548,4.11050416019749));
#10466=CARTESIAN_POINT('',(-20.5337283151483,41.9194039951854,4.11050416019749));
#10467=CARTESIAN_POINT('',(-21.9179844224179,46.0677977882568,4.11050416019749));
#10468=CARTESIAN_POINT('Ctrl Pts',(-20.5337283151483,41.9194039951854,4.11050416019749));
#10469=CARTESIAN_POINT('Ctrl Pts',(-23.3931313270317,43.7641698765527,4.11050416019749));
#10470=CARTESIAN_POINT('Ctrl Pts',(-21.9179844224179,46.0677977882568,4.11050416019749));
#10471=CARTESIAN_POINT('Origin',(-19.4494788315205,43.6000000374432,4.11050416019749));
#10472=CARTESIAN_POINT('',(-16.1999995210316,44.7999977542386,4.11050416019749));
#10473=CARTESIAN_POINT('Origin',(-11.9999995210316,44.8000000000075,4.11050416019749));
#10474=CARTESIAN_POINT('',(-16.1999995210316,50.1000000000076,4.11050416019749));
#10475=CARTESIAN_POINT('',(-16.1999995210316,48.7750000096312,4.11050416019749));
#10476=CARTESIAN_POINT('',(-15.3421283047207,52.643653905954,4.11050416019749));
#10477=CARTESIAN_POINT('Origin',(-11.9999995210316,50.1000000000075,4.11050416019749));
#10478=CARTESIAN_POINT('',(-14.6857822106672,53.3000000000075,4.11050416019749));
#10479=CARTESIAN_POINT('',(-20.0551422269753,44.8388182900565,4.11050416019749));
#10480=CARTESIAN_POINT('Origin',(-18.9051422269753,44.8388182900565,4.11050416019749));
#10481=CARTESIAN_POINT('Origin',(-11.9999995210316,44.8000000000075,5.11050416019749));
#10482=CARTESIAN_POINT('Origin',(-16.1999995210316,44.7999977542386,5.11050416019749));
#10483=CARTESIAN_POINT('Origin',(-16.1999995210316,48.7750000096312,5.11050416019749));
#10484=CARTESIAN_POINT('Origin',(-16.1999995210316,50.1000000000076,5.11050416019749));
#10485=CARTESIAN_POINT('Origin',(-11.9999995210316,50.1000000000075,5.11050416019749));
#10486=CARTESIAN_POINT('',(-14.7202936227787,53.3000000000075,4.11050416019749));
#10487=CARTESIAN_POINT('',(-14.685774468042,53.300002677371,4.11050416019749));
#10488=CARTESIAN_POINT('Origin',(-11.9999995210316,50.1000000000075,4.11050416019749));
#10489=CARTESIAN_POINT('Origin',(-7.49999722261095,40.9000000000075,16.8000004789786));
#10490=CARTESIAN_POINT('',(4.50000277738897,41.1707666691197,17.4455122224027));
#10491=CARTESIAN_POINT('Origin',(4.50000277738905,40.9000000000075,16.8000004789786));
#10492=CARTESIAN_POINT('',(-4.49999722306648,41.1707748400919,17.4455087949415));
#10493=CARTESIAN_POINT('Origin',(-4.49999722261095,40.9000000000075,16.8000004789786));
#10494=CARTESIAN_POINT('',(-4.54052990287558,41.6000000000075,16.8000004789786));
#10495=CARTESIAN_POINT('Ctrl Pts',(-4.49999722329425,41.1707748400919,17.4455087949415));
#10496=CARTESIAN_POINT('Ctrl Pts',(-4.50000158766261,41.2195312617149,17.4250566769105));
#10497=CARTESIAN_POINT('Ctrl Pts',(-4.50376251617655,41.2657490387886,17.3991679989769));
#10498=CARTESIAN_POINT('Ctrl Pts',(-4.51759086665299,41.3765722050221,17.3195216323733));
#10499=CARTESIAN_POINT('Ctrl Pts',(-4.5298812126508,41.4353240635752,17.2588144658657));
#10500=CARTESIAN_POINT('Ctrl Pts',(-4.54309147120719,41.5053702775996,17.1539583891149));
#10501=CARTESIAN_POINT('Ctrl Pts',(-4.54661628391028,41.5255244981942,17.1170114978195));
#10502=CARTESIAN_POINT('Ctrl Pts',(-4.55030375837932,41.554933101654,17.0491478681964));
#10503=CARTESIAN_POINT('Ctrl Pts',(-4.55107453407102,41.5655718963018,17.0191547062891));
#10504=CARTESIAN_POINT('Ctrl Pts',(-4.55083965204434,41.5830511740364,16.9566351386623));
#10505=CARTESIAN_POINT('Ctrl Pts',(-4.54976524026882,41.5896703307198,16.9242747796925));
#10506=CARTESIAN_POINT('Ctrl Pts',(-4.54605500982561,41.5979991273132,16.861141643003));
#10507=CARTESIAN_POINT('Ctrl Pts',(-4.54354653233728,41.6000000000094,16.8305713513767));
#10508=CARTESIAN_POINT('Ctrl Pts',(-4.54052990331631,41.6000000000075,16.8000004789351));
#10509=CARTESIAN_POINT('',(4.54155022508716,41.6000000000075,16.8000004789786));
#10510=CARTESIAN_POINT('',(-7.49999722261095,41.6000000000075,16.8000004789786));
#10511=CARTESIAN_POINT('Ctrl Pts',(4.50000277738905,41.1707666691196,17.4455122224023));
#10512=CARTESIAN_POINT('Ctrl Pts',(4.50001105350286,41.2191314993264,17.4252250872562));
#10513=CARTESIAN_POINT('Ctrl Pts',(4.50383109227028,41.2650024239075,17.3995848799821));
#10514=CARTESIAN_POINT('Ctrl Pts',(4.51796998913033,41.3758953452267,17.3201971093104));
#10515=CARTESIAN_POINT('Ctrl Pts',(4.53062328114627,41.4349680568296,17.259303293126));
#10516=CARTESIAN_POINT('Ctrl Pts',(4.54414163745985,41.5052411346432,17.1541734757491));
#10517=CARTESIAN_POINT('Ctrl Pts',(4.54772997076702,41.5253877405699,17.1172757189067));
#10518=CARTESIAN_POINT('Ctrl Pts',(4.55148733587759,41.5547724067416,17.0495570021484));
#10519=CARTESIAN_POINT('Ctrl Pts',(4.55227737438937,41.5653985019931,17.0196661677937));
#10520=CARTESIAN_POINT('Ctrl Pts',(4.55206392611727,41.5828593854877,16.9574315347127));
#10521=CARTESIAN_POINT('Ctrl Pts',(4.55099541171604,41.5894841505059,16.9252563867575));
#10522=CARTESIAN_POINT('Ctrl Pts',(4.54724585394656,41.5979478815434,16.8619220902104));
#10523=CARTESIAN_POINT('Ctrl Pts',(4.5446658562756,41.60000000001,16.8309613915143));
#10524=CARTESIAN_POINT('Ctrl Pts',(4.54155022564865,41.6000000000075,16.8000004789221));
#10525=CARTESIAN_POINT('Origin',(-11.999997222611,41.6000000000075,-19.4999995210214));
#10526=CARTESIAN_POINT('',(19.4494797314315,41.6000000000075,4.11050416019749));
#10527=CARTESIAN_POINT('',(11.0502708367392,41.6000000000075,18.5000004789786));
#10528=CARTESIAN_POINT('',(4.78968400496882E-7,41.6000000000075,18.5000004789786));
#10529=CARTESIAN_POINT('',(5.20000559117902,41.5999861261575,18.5000015097936));
#10530=CARTESIAN_POINT('',(4.78968400496882E-7,41.6000000000075,18.5000004789786));
#10531=CARTESIAN_POINT('Ctrl Pts',(5.2000055897888,41.6000000000075,18.4999519063942));
#10532=CARTESIAN_POINT('Ctrl Pts',(5.17920038553501,41.6000000000075,18.4999524329629));
#10533=CARTESIAN_POINT('Ctrl Pts',(5.15887490974572,41.6000000000075,18.4963795655319));
#10534=CARTESIAN_POINT('Ctrl Pts',(5.11815526490064,41.6000000000075,18.4828644866061));
#10535=CARTESIAN_POINT('Ctrl Pts',(5.09834530281244,41.6000000000075,18.4727109736375));
#10536=CARTESIAN_POINT('Ctrl Pts',(5.02806539788528,41.6000000000075,18.4266923670818));
#10537=CARTESIAN_POINT('Ctrl Pts',(4.98358540540447,41.6000000000075,18.3754886038821));
#10538=CARTESIAN_POINT('Ctrl Pts',(4.80103453617679,41.6000000000075,18.1158067546377));
#10539=CARTESIAN_POINT('Ctrl Pts',(4.71234407858975,41.600000000007,17.784722397331));
#10540=CARTESIAN_POINT('Ctrl Pts',(4.61010806264257,41.600000000007,17.3463478459168));
#10541=CARTESIAN_POINT('Ctrl Pts',(4.56835502372384,41.6000000000075,17.0663674234854));
#10542=CARTESIAN_POINT('Ctrl Pts',(4.54155022564865,41.6000000000075,16.8000004789221));
#10543=CARTESIAN_POINT('',(-5.20000002095733,41.5999861530035,18.5000015711447));
#10544=CARTESIAN_POINT('Ctrl Pts',(-4.54052990331631,41.6000000000075,16.8000004789351));
#10545=CARTESIAN_POINT('Ctrl Pts',(-4.56727973929438,41.6000000000075,17.0710864553717));
#10546=CARTESIAN_POINT('Ctrl Pts',(-4.61030543080726,41.600000000015,17.3641674751217));
#10547=CARTESIAN_POINT('Ctrl Pts',(-4.75207340786647,41.600000000015,17.942653725077));
#10548=CARTESIAN_POINT('Ctrl Pts',(-4.85081079618638,41.6000000000075,18.1877077570294));
#10549=CARTESIAN_POINT('Ctrl Pts',(-4.99389046800983,41.6000000000075,18.3843095205565));
#10550=CARTESIAN_POINT('Ctrl Pts',(-5.03656483006187,41.6000000000075,18.4319635983245));
#10551=CARTESIAN_POINT('Ctrl Pts',(-5.10346878782168,41.6000000000075,18.4746869107249));
#10552=CARTESIAN_POINT('Ctrl Pts',(-5.12228434685502,41.6000000000075,18.4840962020122));
#10553=CARTESIAN_POINT('Ctrl Pts',(-5.16094512810006,41.6000000000075,18.496641757891));
#10554=CARTESIAN_POINT('Ctrl Pts',(-5.18025130583174,41.6000000000075,18.4999553485834));
#10555=CARTESIAN_POINT('Ctrl Pts',(-5.20000001184529,41.6000000000075,18.4999520639065));
#10556=CARTESIAN_POINT('',(-11.050228542631,41.6000000000075,18.5000004789786));
#10557=CARTESIAN_POINT('',(4.78968400496882E-7,41.6000000000075,18.5000004789786));
#10558=CARTESIAN_POINT('',(4.78968400496882E-7,41.6000000000075,18.5000004789786));
#10559=CARTESIAN_POINT('Ctrl Pts',(12.0001312528486,41.6000000000066,18.5000004789632));
#10560=CARTESIAN_POINT('Ctrl Pts',(10.6393043499029,41.8004320588338,21.8338961547368));
#10561=CARTESIAN_POINT('Ctrl Pts',(9.2784753184156,42.0008650862555,25.1677918305104));
#10562=CARTESIAN_POINT('Ctrl Pts',(7.91764841618829,42.201297144756,28.501687506284));
#10563=CARTESIAN_POINT('Ctrl Pts',(11.7608709755123,41.6000000000069,18.5000004789632));
#10564=CARTESIAN_POINT('Ctrl Pts',(10.444152657429,41.7491459544199,21.8338961547368));
#10565=CARTESIAN_POINT('Ctrl Pts',(9.13126087929614,41.8965506278313,25.1677918305104));
#10566=CARTESIAN_POINT('Ctrl Pts',(7.8145412701174,42.0456971697621,28.501687506284));
#10567=CARTESIAN_POINT('Ctrl Pts',(10.5077119793152,41.6000000000081,18.5000004789632));
#10568=CARTESIAN_POINT('Ctrl Pts',(9.43240993914132,41.4744526091504,21.8338961547367));
#10569=CARTESIAN_POINT('Ctrl Pts',(8.3566533501958,41.3492352372884,25.1677918305105));
#10570=CARTESIAN_POINT('Ctrl Pts',(7.28135146338912,41.2236877350806,28.501687506284));
#10571=CARTESIAN_POINT('Ctrl Pts',(6.96829008404283,41.6000000000111,18.5000004789632));
#10572=CARTESIAN_POINT('Ctrl Pts',(6.39512719744786,40.8371264432366,21.8338961547368));
#10573=CARTESIAN_POINT('Ctrl Pts',(5.823313566335,40.0739512698198,25.1677918305104));
#10574=CARTESIAN_POINT('Ctrl Pts',(5.25015022449386,39.3110778148125,28.501687506284));
#10575=CARTESIAN_POINT('Ctrl Pts',(2.43339588292421,41.6000000000133,18.5000004789632));
#10576=CARTESIAN_POINT('Ctrl Pts',(2.26853372485686,40.3639290145973,21.8338961547367));
#10577=CARTESIAN_POINT('Ctrl Pts',(2.10370390865088,39.1277560122336,25.1677918305105));
#10578=CARTESIAN_POINT('Ctrl Pts',(1.9388417396712,37.8916850612387,28.501687506284));
#10579=CARTESIAN_POINT('Ctrl Pts',(-2.43339530973803,41.6000000000133,18.5000004789632));
#10580=CARTESIAN_POINT('Ctrl Pts',(-2.26852037905837,40.363947055328,21.8338961547368));
#10581=CARTESIAN_POINT('Ctrl Pts',(-2.10322934753711,39.1278721941495,25.1677918305104));
#10582=CARTESIAN_POINT('Ctrl Pts',(-1.93835455725215,37.891819256859,28.501687506284));
#10583=CARTESIAN_POINT('Ctrl Pts',(-6.96828945210435,41.6000000000111,18.5000004789632));
#10584=CARTESIAN_POINT('Ctrl Pts',(-6.39517911235156,40.8370963958579,21.8338961547367));
#10585=CARTESIAN_POINT('Ctrl Pts',(-5.82188148257821,40.0733962862934,25.1677918305104));
#10586=CARTESIAN_POINT('Ctrl Pts',(-5.24877120601811,39.3104929508855,28.501687506284));
#10587=CARTESIAN_POINT('Ctrl Pts',(-10.5076655261586,41.6000000000081,18.5000004789632));
#10588=CARTESIAN_POINT('Ctrl Pts',(-9.43217529037191,41.4745340228418,21.8338961547368));
#10589=CARTESIAN_POINT('Ctrl Pts',(-8.35721341562541,41.3494772005365,25.1677918305104));
#10590=CARTESIAN_POINT('Ctrl Pts',(-7.28172300156686,41.2240110853189,28.501687506284));
#10591=CARTESIAN_POINT('Ctrl Pts',(-11.7608215644056,41.6000000000069,18.5000004789632));
#10592=CARTESIAN_POINT('Ctrl Pts',(-10.4442164201633,41.7490873067209,21.8338961547367));
#10593=CARTESIAN_POINT('Ctrl Pts',(-9.13112616232053,41.8965776691918,25.1677918305105));
#10594=CARTESIAN_POINT('Ctrl Pts',(-7.81451983213636,42.0456655147235,28.501687506284));
#10595=CARTESIAN_POINT('Ctrl Pts',(-12.0001025134227,41.6000000000066,18.5000004789632));
#10596=CARTESIAN_POINT('Ctrl Pts',(-10.6392807319578,41.8004261938071,21.8338961547368));
#10597=CARTESIAN_POINT('Ctrl Pts',(-9.27845740384729,42.0008530902856,25.1677918305104));
#10598=CARTESIAN_POINT('Ctrl Pts',(-7.91763562290433,42.201279283849,28.5016875062839));
#10599=CARTESIAN_POINT('',(5.16524604888028,41.1936412480375,19.9808222014951));
#10600=CARTESIAN_POINT('Ctrl Pts',(5.20000559117902,41.5999861261575,18.5000015097936));
#10601=CARTESIAN_POINT('Ctrl Pts',(5.18926453746099,41.4620577300578,18.9931397289955));
#10602=CARTESIAN_POINT('Ctrl Pts',(5.17771985320286,41.3264805685212,19.4867316632845));
#10603=CARTESIAN_POINT('Ctrl Pts',(5.16524604888028,41.1936412480375,19.9808222014951));
#10604=CARTESIAN_POINT('',(-5.16524422456345,41.1935684082542,19.9808028770295));
#10605=CARTESIAN_POINT('Ctrl Pts',(-5.16524422456345,41.1935684082542,19.9808028770295));
#10606=CARTESIAN_POINT('Ctrl Pts',(-5.17771424122265,41.3264796198687,19.486734661955));
#10607=CARTESIAN_POINT('Ctrl Pts',(-5.1892589402643,41.462057228457,18.9931414337831));
#10608=CARTESIAN_POINT('Ctrl Pts',(-5.20000002095733,41.5999861530035,18.5000015711447));
#10609=CARTESIAN_POINT('',(-3.74694141646787,40.6888934737129,21.4043732051269));
#10610=CARTESIAN_POINT('Ctrl Pts',(-3.74694141686826,40.6888934737471,21.4043732051191));
#10611=CARTESIAN_POINT('Ctrl Pts',(-3.95830611216103,40.706960888845,21.4002435494423));
#10612=CARTESIAN_POINT('Ctrl Pts',(-4.37876586185158,40.7765793245414,21.2908519017611));
#10613=CARTESIAN_POINT('Ctrl Pts',(-4.96555971621523,40.9625495818362,20.8071822156221));
#10614=CARTESIAN_POINT('Ctrl Pts',(-5.15742618570731,41.1102401436924,20.2905573846035));
#10615=CARTESIAN_POINT('Ctrl Pts',(-5.16524422456345,41.1935684082542,19.9808028770295));
#10616=CARTESIAN_POINT('',(3.74694690183386,40.688893841922,21.4043731195757));
#10617=CARTESIAN_POINT('Origin',(5.86837259342055E-7,82.3526085327865,11.8813277268699));
#10618=CARTESIAN_POINT('Ctrl Pts',(5.16524604888028,41.1936412480375,19.9808222014951));
#10619=CARTESIAN_POINT('Ctrl Pts',(5.15482570320244,41.0824643713996,20.3938087834838));
#10620=CARTESIAN_POINT('Ctrl Pts',(4.79680256182509,40.8683522934188,21.1147018333595));
#10621=CARTESIAN_POINT('Ctrl Pts',(4.06399393614397,40.7159949896125,21.3981786408488));
#10622=CARTESIAN_POINT('Ctrl Pts',(3.74694690255531,40.6888938419836,21.4043731195616));
#10623=CARTESIAN_POINT('Origin',(-4.49999722261095,41.6000000000075,20.5000004789786));
#10624=CARTESIAN_POINT('',(-4.49999722261095,34.1000000000075,19.8000004789786));
#10625=CARTESIAN_POINT('',(-4.49999722261095,34.1000000000075,19.7500004789786));
#10626=CARTESIAN_POINT('',(-4.49999722261095,40.5182146328255,19.8000004789786));
#10627=CARTESIAN_POINT('',(-4.49999722261095,41.6000000000075,19.8000004789786));
#10628=CARTESIAN_POINT('Ctrl Pts',(-4.49999722329425,41.1707748400919,17.4455087949415));
#10629=CARTESIAN_POINT('Ctrl Pts',(-4.4999972224271,40.946902005725,18.2285655246202));
#10630=CARTESIAN_POINT('Ctrl Pts',(-4.49999722261095,40.7288303586569,19.013284555195));
#10631=CARTESIAN_POINT('Ctrl Pts',(-4.49999722261095,40.5182146328255,19.8000004789786));
#10632=CARTESIAN_POINT('Origin',(2.77738904930214E-6,33.6000000000075,19.0000004789786));
#10633=CARTESIAN_POINT('',(-3.99999722261095,33.6000000000075,19.8000004789786));
#10634=CARTESIAN_POINT('',(-3.99999722261095,33.6000000000075,19.7500004789786));
#10635=CARTESIAN_POINT('',(4.00000277738905,33.6000000000075,19.8000004789786));
#10636=CARTESIAN_POINT('',(4.00000277738905,33.6000000000075,18.2500004789786));
#10637=CARTESIAN_POINT('',(3.80000277738905,33.6000000000075,20.0000004789786));
#10638=CARTESIAN_POINT('Origin',(3.80000277738905,33.6000000000075,19.8000004789786));
#10639=CARTESIAN_POINT('',(-3.79999722261095,33.6000000000075,20.0000004789786));
#10640=CARTESIAN_POINT('',(1.50000277738905,33.6000000000075,20.0000004789786));
#10641=CARTESIAN_POINT('Origin',(-3.79999722261095,33.6000000000075,19.8000004789786));
#10642=CARTESIAN_POINT('Ctrl Pts',(-5.23165630988787,42.0471382843926,16.9299095748225));
#10643=CARTESIAN_POINT('Ctrl Pts',(-5.21274279635351,41.7531169241272,17.9449802639629));
#10644=CARTESIAN_POINT('Ctrl Pts',(-5.19096125469959,41.4676724144659,18.9618814826076));
#10645=CARTESIAN_POINT('Ctrl Pts',(-5.16524422377583,41.1935684082164,19.9808028770194));
#10646=CARTESIAN_POINT('Ctrl Pts',(-5.0164049268614,42.0564965230359,16.9326284659649));
#10647=CARTESIAN_POINT('Ctrl Pts',(-5.00084189363895,41.7565660492879,17.9459060713782));
#10648=CARTESIAN_POINT('Ctrl Pts',(-4.98309396205287,41.4651304459894,18.9611308944181));
#10649=CARTESIAN_POINT('Ctrl Pts',(-4.96267716477664,41.1838416493884,19.9781988768859));
#10650=CARTESIAN_POINT('Ctrl Pts',(-4.63586323982127,41.8934890094776,16.885269160261));
#10651=CARTESIAN_POINT('Ctrl Pts',(-4.63109382068606,41.5897375465259,17.8985105230015));
#10652=CARTESIAN_POINT('Ctrl Pts',(-4.62577850748219,41.2935969595612,18.9136240737216));
#10653=CARTESIAN_POINT('Ctrl Pts',(-4.61973948443677,41.0084836721498,19.9312528998949));
#10654=CARTESIAN_POINT('Ctrl Pts',(-4.49999722261096,41.5308088205933,16.7798980545788));
#10655=CARTESIAN_POINT('Ctrl Pts',(-4.50005205474757,41.2324971540075,17.7970629877601));
#10656=CARTESIAN_POINT('Ctrl Pts',(-4.49993899063023,40.9427249715802,18.8166308256447));
#10657=CARTESIAN_POINT('Ctrl Pts',(-4.49999722261095,40.6651529850789,19.8393380934552));
#10658=CARTESIAN_POINT('Ctrl Pts',(-4.49999722261096,41.375621930815,16.7348109098588));
#10659=CARTESIAN_POINT('Ctrl Pts',(-4.49999722261096,41.079615014715,17.753646610094));
#10660=CARTESIAN_POINT('Ctrl Pts',(-4.49999722261095,40.792588168581,18.7751290986883));
#10661=CARTESIAN_POINT('Ctrl Pts',(-4.49999722261095,40.5182146328255,19.8000004789787));
#10662=CARTESIAN_POINT('Ctrl Pts',(-4.49999722261095,40.5182146328255,19.8000004789786));
#10663=CARTESIAN_POINT('Ctrl Pts',(-4.49999722260969,40.6651529910642,19.8393380714023));
#10664=CARTESIAN_POINT('Ctrl Pts',(-4.61973948456699,41.0084836782978,19.9312528779516));
#10665=CARTESIAN_POINT('Ctrl Pts',(-4.96267716521689,41.1838416554539,19.9781988549546));
#10666=CARTESIAN_POINT('Ctrl Pts',(-5.16524422456345,41.1935684082542,19.9808028770295));
#10667=CARTESIAN_POINT('Ctrl Pts',(3.8000027773673,40.0214982337202,20.5000004789786));
#10668=CARTESIAN_POINT('Ctrl Pts',(1.27199436512804,39.8205294617313,20.5000004789786));
#10669=CARTESIAN_POINT('Ctrl Pts',(-1.27199195194411,39.8205295879262,20.5000004789786));
#10670=CARTESIAN_POINT('Ctrl Pts',(-3.79999722261095,40.0214978861928,20.5000004789786));
#10671=CARTESIAN_POINT('Ctrl Pts',(3.7901388003701,40.1455782914341,20.5000004789786));
#10672=CARTESIAN_POINT('Ctrl Pts',(1.26806994101089,39.9499565895893,20.4999742225354));
#10673=CARTESIAN_POINT('Ctrl Pts',(-1.26806753291167,39.9499567120455,20.4999742225973));
#10674=CARTESIAN_POINT('Ctrl Pts',(-3.79013325586126,40.1455779532878,20.5000004789786));
#10675=CARTESIAN_POINT('Ctrl Pts',(3.77047181799615,40.3929714381039,20.5681236229608));
#10676=CARTESIAN_POINT('Ctrl Pts',(1.26026042224756,40.2079558477557,20.5735406172243));
#10677=CARTESIAN_POINT('Ctrl Pts',(-1.26025802426833,40.2079559627086,20.5735406136496));
#10678=CARTESIAN_POINT('Ctrl Pts',(-3.77046629393268,40.39297111849,20.5681236324846));
#10679=CARTESIAN_POINT('Ctrl Pts',(3.74546140353045,40.7075802080992,20.8918587390821));
#10680=CARTESIAN_POINT('Ctrl Pts',(1.25100099530181,40.5269440423155,20.9206096602705));
#10681=CARTESIAN_POINT('Ctrl Pts',(-1.25099860822131,40.5269441527636,20.9206096407674));
#10682=CARTESIAN_POINT('Ctrl Pts',(-3.74545590671787,40.707579896321,20.8918587897413));
#10683=CARTESIAN_POINT('Ctrl Pts',(3.74262706758429,40.7432336334752,21.2258006318359));
#10684=CARTESIAN_POINT('Ctrl Pts',(1.25142707895757,40.545695365799,21.2716141641331));
#10685=CARTESIAN_POINT('Ctrl Pts',(-1.25142468917336,40.5456954848323,21.2716141308035));
#10686=CARTESIAN_POINT('Ctrl Pts',(-3.74262157633644,40.7432332914329,21.2258007123255));
#10687=CARTESIAN_POINT('Ctrl Pts',(3.74694691120694,40.688893842723,21.4043731193926));
#10688=CARTESIAN_POINT('Ctrl Pts',(1.25411449679908,40.4758067550814,21.4530782869137));
#10689=CARTESIAN_POINT('Ctrl Pts',(-1.25411210183259,40.4758068843636,21.4530782493829));
#10690=CARTESIAN_POINT('Ctrl Pts',(-3.74694141728396,40.6888934737704,21.4043732051509));
#10691=CARTESIAN_POINT('',(-3.79999722261095,40.0214978861928,20.5000004789786));
#10692=CARTESIAN_POINT('Ctrl Pts',(-3.74694141686826,40.6888934737471,21.4043732051191));
#10693=CARTESIAN_POINT('Ctrl Pts',(-3.74262157633644,40.7432332914329,21.2258007123255));
#10694=CARTESIAN_POINT('Ctrl Pts',(-3.74545590671787,40.707579896321,20.8918587897413));
#10695=CARTESIAN_POINT('Ctrl Pts',(-3.77046629393268,40.39297111849,20.5681236324846));
#10696=CARTESIAN_POINT('Ctrl Pts',(-3.79013325586126,40.1455779532878,20.5000004789786));
#10697=CARTESIAN_POINT('Ctrl Pts',(-3.79999722261095,40.0214978861928,20.5000004789786));
#10698=CARTESIAN_POINT('',(3.80000277738361,40.0214982337202,20.5000004789786));
#10699=CARTESIAN_POINT('Origin',(1.0214006300191E-5,75.7755166660539,20.5000004789786));
#10700=CARTESIAN_POINT('Ctrl Pts',(3.74694690255531,40.6888938419836,21.4043731195616));
#10701=CARTESIAN_POINT('Ctrl Pts',(3.74262708638325,40.7432336349376,21.2258006316804));
#10702=CARTESIAN_POINT('Ctrl Pts',(3.74546754173973,40.7075031687538,20.8918852560803));
#10703=CARTESIAN_POINT('Ctrl Pts',(3.77047629353541,40.3929152700825,20.5680642221441));
#10704=CARTESIAN_POINT('Ctrl Pts',(3.79013881083425,40.1455782930208,20.5000004791357));
#10705=CARTESIAN_POINT('Ctrl Pts',(3.80000277738361,40.0214982337202,20.5000004789786));
#10706=CARTESIAN_POINT('Ctrl Pts',(4.49999569699471,40.5198547587893,19.7969361675296));
#10707=CARTESIAN_POINT('Ctrl Pts',(4.50096061206846,40.408191475627,20.0056936956113));
#10708=CARTESIAN_POINT('Ctrl Pts',(4.32984244968481,40.1951315761814,20.3666998259931));
#10709=CARTESIAN_POINT('Ctrl Pts',(3.95869062259824,40.0462254918552,20.5007513816365));
#10710=CARTESIAN_POINT('Ctrl Pts',(3.79684038743924,40.0210003947357,20.4999930721498));
#10711=CARTESIAN_POINT('Ctrl Pts',(4.50011052389916,40.6177590950579,19.8231298124581));
#10712=CARTESIAN_POINT('Ctrl Pts',(4.49326842837556,40.5098091951267,20.0340540663366));
#10713=CARTESIAN_POINT('Ctrl Pts',(4.3030330827641,40.3045969407014,20.389318263593));
#10714=CARTESIAN_POINT('Ctrl Pts',(3.93948680159506,40.1677907289055,20.502913180785));
#10715=CARTESIAN_POINT('Ctrl Pts',(3.7871617463694,40.145130914151,20.499949135965));
#10716=CARTESIAN_POINT('Ctrl Pts',(4.54517011274546,40.8132435156626,19.8752331910547));
#10717=CARTESIAN_POINT('Ctrl Pts',(4.52654128428762,40.7126773044064,20.103888372853));
#10718=CARTESIAN_POINT('Ctrl Pts',(4.29556510894535,40.5229655572121,20.477535442424));
#10719=CARTESIAN_POINT('Ctrl Pts',(3.91676613850594,40.4101351310357,20.5733505850248));
#10720=CARTESIAN_POINT('Ctrl Pts',(3.76755892713759,40.3925680686758,20.5679648979104));
#10721=CARTESIAN_POINT('Ctrl Pts',(4.76570133940909,41.0928520731608,19.9490753108973));
#10722=CARTESIAN_POINT('Ctrl Pts',(4.74222091868923,40.9977732673046,20.2482213342722));
#10723=CARTESIAN_POINT('Ctrl Pts',(4.4436795681672,40.8191913061681,20.7468456183989));
#10724=CARTESIAN_POINT('Ctrl Pts',(3.94156102635191,40.7219275939921,20.89458939011));
#10725=CARTESIAN_POINT('Ctrl Pts',(3.74154110663614,40.7074157041498,20.8920494453162));
#10726=CARTESIAN_POINT('Ctrl Pts',(5.01399622569093,41.1879492662044,19.9734318213352));
#10727=CARTESIAN_POINT('Ctrl Pts',(4.99913439401461,41.0853359143774,20.3456114118755));
#10728=CARTESIAN_POINT('Ctrl Pts',(4.66118076361308,40.8888069020219,20.9880787615644));
#10729=CARTESIAN_POINT('Ctrl Pts',(4.01134584491796,40.7635873075506,21.2236226006871));
#10730=CARTESIAN_POINT('Ctrl Pts',(3.73726562049196,40.742888274043,21.2264618304167));
#10731=CARTESIAN_POINT('Ctrl Pts',(5.16606371981633,41.1952394933087,19.9747158588707));
#10732=CARTESIAN_POINT('Ctrl Pts',(5.15753711550119,41.0836610488206,20.3899507777643));
#10733=CARTESIAN_POINT('Ctrl Pts',(4.79846733942986,40.8680868151475,21.1165039457258));
#10734=CARTESIAN_POINT('Ctrl Pts',(4.06008885570512,40.7149239643252,21.4005529411052));
#10735=CARTESIAN_POINT('Ctrl Pts',(3.7407257739084,40.6881233739387,21.4052731200156));
#10736=CARTESIAN_POINT('',(4.50000277738905,40.5182148554846,19.8000004789303));
#10737=CARTESIAN_POINT('Ctrl Pts',(3.80000277738361,40.0214982337202,20.5000004789786));
#10738=CARTESIAN_POINT('Ctrl Pts',(3.96076319739057,40.0470581361604,20.5000004789811));
#10739=CARTESIAN_POINT('Ctrl Pts',(4.32928507962126,40.1953103331725,20.3660674440091));
#10740=CARTESIAN_POINT('Ctrl Pts',(4.50000277740337,40.4070013173398,20.0077093622347));
#10741=CARTESIAN_POINT('Ctrl Pts',(4.50000277738905,40.5182148554846,19.8000004789303));
#10742=CARTESIAN_POINT('Ctrl Pts',(5.16524604888028,41.1936412480375,19.9808222014951));
#10743=CARTESIAN_POINT('Ctrl Pts',(5.01332446175819,41.1862735821496,19.9788497738663));
#10744=CARTESIAN_POINT('Ctrl Pts',(4.66428634638573,41.0537019138484,19.9433583590188));
#10745=CARTESIAN_POINT('Ctrl Pts',(4.50000277738905,40.714132661524,19.8524506005352));
#10746=CARTESIAN_POINT('Ctrl Pts',(4.50000277738905,40.5182148554846,19.8000004789303));
#10747=CARTESIAN_POINT('Ctrl Pts',(4.50000277738905,41.3756217399674,16.7348108803999));
#10748=CARTESIAN_POINT('Ctrl Pts',(4.50000277738905,41.0796135883445,17.7536512393976));
#10749=CARTESIAN_POINT('Ctrl Pts',(4.50000277738905,40.7925900039245,18.7751224534395));
#10750=CARTESIAN_POINT('Ctrl Pts',(4.50000277738905,40.5182148554846,19.800000478882));
#10751=CARTESIAN_POINT('Ctrl Pts',(4.50000277738905,41.582537604265,16.794927052665));
#10752=CARTESIAN_POINT('Ctrl Pts',(4.50016351257825,41.2833424729992,17.8114971069168));
#10753=CARTESIAN_POINT('Ctrl Pts',(4.49981794213567,40.9928977531061,18.830501502327));
#10754=CARTESIAN_POINT('Ctrl Pts',(4.50000277738905,40.714132661524,19.8524506005352));
#10755=CARTESIAN_POINT('Ctrl Pts',(4.68678785941403,41.9402223332614,16.8988467634999));
#10756=CARTESIAN_POINT('Ctrl Pts',(4.68009938277824,41.6360633818378,17.9116705838673));
#10757=CARTESIAN_POINT('Ctrl Pts',(4.67273535773534,41.3394880056576,18.9263079602605));
#10758=CARTESIAN_POINT('Ctrl Pts',(4.66428634638573,41.0537019138484,19.9433583590188));
#10759=CARTESIAN_POINT('Ctrl Pts',(5.07022335032406,42.0541567984578,16.9319486426619));
#10760=CARTESIAN_POINT('Ctrl Pts',(5.05376894809562,41.7557955657658,17.945714092581));
#10761=CARTESIAN_POINT('Ctrl Pts',(5.03513449159367,41.4656648076581,18.9612760623988));
#10762=CARTESIAN_POINT('Ctrl Pts',(5.01332446175819,41.1862735821496,19.9788497738663));
#10763=CARTESIAN_POINT('Ctrl Pts',(5.23166189109299,42.0471381132346,16.9299094733049));
#10764=CARTESIAN_POINT('Ctrl Pts',(5.21274827740996,41.7531155297554,17.944984796063));
#10765=CARTESIAN_POINT('Ctrl Pts',(5.19096697143023,41.467674273793,18.9618747861075));
#10766=CARTESIAN_POINT('Ctrl Pts',(5.16524975191414,41.1935686569756,19.9808027743099));
#10767=CARTESIAN_POINT('Ctrl Pts',(4.50000277738905,40.5182148554846,19.8000004789303));
#10768=CARTESIAN_POINT('Ctrl Pts',(4.50000277738905,40.7288315107162,19.0132806065961));
#10769=CARTESIAN_POINT('Ctrl Pts',(4.50000277738905,40.9469011931252,18.2285681807643));
#10770=CARTESIAN_POINT('Ctrl Pts',(4.50000277738897,41.1707666691197,17.4455122224027));
#10771=CARTESIAN_POINT('Ctrl Pts',(-5.16524422377583,41.1935684082164,19.9808028770194));
#10772=CARTESIAN_POINT('Ctrl Pts',(-5.15742618570731,41.1102401436924,20.2905573846035));
#10773=CARTESIAN_POINT('Ctrl Pts',(-4.96555971621523,40.9625495818362,20.8071822156221));
#10774=CARTESIAN_POINT('Ctrl Pts',(-4.37876586185158,40.7765793245414,21.2908519017611));
#10775=CARTESIAN_POINT('Ctrl Pts',(-3.95830611216103,40.706960888845,21.4002435494423));
#10776=CARTESIAN_POINT('Ctrl Pts',(-3.74694141728395,40.6888934737704,21.4043732051509));
#10777=CARTESIAN_POINT('Ctrl Pts',(-5.06396069427623,41.1887050288024,19.9795008769527));
#10778=CARTESIAN_POINT('Ctrl Pts',(-5.05310477987902,41.1097875661033,20.2678441629072));
#10779=CARTESIAN_POINT('Ctrl Pts',(-4.86782827748171,40.9704393382188,20.7460190919201));
#10780=CARTESIAN_POINT('Ctrl Pts',(-4.31962700279871,40.8011428100883,21.1857289918643));
#10781=CARTESIAN_POINT('Ctrl Pts',(-3.93554157506935,40.7405058968798,21.2821376112298));
#10782=CARTESIAN_POINT('Ctrl Pts',(-3.74406152331894,40.7251200188788,21.2853248766006));
#10783=CARTESIAN_POINT('Ctrl Pts',(-4.86395800130041,41.1356890334024,19.9653076948723));
#10784=CARTESIAN_POINT('Ctrl Pts',(-4.84770336105697,41.0628736000946,20.2102764745132));
#10785=CARTESIAN_POINT('Ctrl Pts',(-4.67682490545969,40.935376228103,20.6104842902084));
#10786=CARTESIAN_POINT('Ctrl Pts',(-4.20696143353073,40.7906087201232,20.9591053513144));
#10787=CARTESIAN_POINT('Ctrl Pts',(-3.8954746825885,40.7436940789075,21.0276295673255));
#10788=CARTESIAN_POINT('Ctrl Pts',(-3.74347966514757,40.7324392853338,21.028146016946));
#10789=CARTESIAN_POINT('Ctrl Pts',(-4.58589795508164,40.9092513898661,19.9046869203243));
#10790=CARTESIAN_POINT('Ctrl Pts',(-4.56803052229052,40.83681562391,20.0859443518689));
#10791=CARTESIAN_POINT('Ctrl Pts',(-4.43011403465285,40.710700742944,20.3742890210068));
#10792=CARTESIAN_POINT('Ctrl Pts',(-4.07951496282786,40.5699536642922,20.6016988426808));
#10793=CARTESIAN_POINT('Ctrl Pts',(-3.86330200286551,40.5258310280404,20.635064176619));
#10794=CARTESIAN_POINT('Ctrl Pts',(-3.76072178809708,40.5155484718582,20.6317722564921));
#10795=CARTESIAN_POINT('Ctrl Pts',(-4.49999722261095,40.6651529850789,19.8393380934552));
#10796=CARTESIAN_POINT('Ctrl Pts',(-4.49115001414244,40.5859258575652,19.997372735377));
#10797=CARTESIAN_POINT('Ctrl Pts',(-4.38305080639796,40.4470527474792,20.2529653307894));
#10798=CARTESIAN_POINT('Ctrl Pts',(-4.08245828111512,40.2806144779557,20.4652488769173));
#10799=CARTESIAN_POINT('Ctrl Pts',(-3.88278568948984,40.2220547721196,20.5023314922353));
#10800=CARTESIAN_POINT('Ctrl Pts',(-3.78520127248642,40.2076179868354,20.5000004789786));
#10801=CARTESIAN_POINT('Ctrl Pts',(-4.49999722261095,40.5182146328255,19.8000004789787));
#10802=CARTESIAN_POINT('Ctrl Pts',(-4.49999722261094,40.4348044306959,19.9557821376424));
#10803=CARTESIAN_POINT('Ctrl Pts',(-4.41025493367302,40.2883328482973,20.2134908361951));
#10804=CARTESIAN_POINT('Ctrl Pts',(-4.11927749662028,40.1059460890809,20.4496153234622));
#10805=CARTESIAN_POINT('Ctrl Pts',(-3.90717083842375,40.038537802556,20.5000004789786));
#10806=CARTESIAN_POINT('Ctrl Pts',(-3.79999722261095,40.0214978861928,20.5000004789786));
#10807=CARTESIAN_POINT('Ctrl Pts',(-3.79999722261095,40.0214978861928,20.5000004789786));
#10808=CARTESIAN_POINT('Ctrl Pts',(-3.82319727688082,40.0251865457699,20.5000004789786));
#10809=CARTESIAN_POINT('Ctrl Pts',(-3.84719982363662,40.0299050370844,20.4988472364021));
#10810=CARTESIAN_POINT('Ctrl Pts',(-3.87186547896688,40.0356533601364,20.4963013864377));
#10811=CARTESIAN_POINT('Ctrl Pts',(-3.89585738144336,40.0412446653022,20.4938250774466));
#10812=CARTESIAN_POINT('Ctrl Pts',(-3.92047680063436,40.0478103100135,20.4900305987806));
#10813=CARTESIAN_POINT('Ctrl Pts',(-3.94554659940519,40.0553502942704,20.4847014202039));
#10814=CARTESIAN_POINT('Ctrl Pts',(-3.96962489029379,40.0625920729496,20.4795830100746));
#10815=CARTESIAN_POINT('Ctrl Pts',(-3.994118555024,40.0707326451792,20.4730483352312));
#10816=CARTESIAN_POINT('Ctrl Pts',(-4.01882475626607,40.079772010959,20.4649173989877));
#10817=CARTESIAN_POINT('Ctrl Pts',(-4.04300829941509,40.0886201495391,20.4569584721758));
#10818=CARTESIAN_POINT('Ctrl Pts',(-4.06739542649201,40.0983294560687,20.4474695173941));
#10819=CARTESIAN_POINT('Ctrl Pts',(-4.0917518418646,40.1088999305477,20.4363016986412));
#10820=CARTESIAN_POINT('Ctrl Pts',(-4.11682157810418,40.1197799801388,20.4248068104887));
#10821=CARTESIAN_POINT('Ctrl Pts',(-4.14185898001084,40.1315723779809,20.4115323141982));
#10822=CARTESIAN_POINT('Ctrl Pts',(-4.16655967110171,40.1442771240739,20.3963493461331));
#10823=CARTESIAN_POINT('Ctrl Pts',(-4.18942637484797,40.1560385628131,20.3822936894935));
#10824=CARTESIAN_POINT('Ctrl Pts',(-4.21200386041978,40.1685818985859,20.3666022117135));
#10825=CARTESIAN_POINT('Ctrl Pts',(-4.2340140735623,40.1819071313923,20.3492084296587));
#10826=CARTESIAN_POINT('Ctrl Pts',(-4.23577936745,40.1829758603443,20.3478133892315));
#10827=CARTESIAN_POINT('Ctrl Pts',(-4.2375409944567,40.1840496189155,20.3464074200675));
#10828=CARTESIAN_POINT('Ctrl Pts',(-4.2392988019197,40.1851284071059,20.3449904994531));
#10829=CARTESIAN_POINT('Ctrl Pts',(-4.24954645639182,40.1914175194555,20.3367301449059));
#10830=CARTESIAN_POINT('Ctrl Pts',(-4.25966441661574,40.1978775709169,20.3280974071048));
#10831=CARTESIAN_POINT('Ctrl Pts',(-4.26962156506613,40.2045085614901,20.3190890812167));
#10832=CARTESIAN_POINT('Ctrl Pts',(-4.27334042225545,40.2069851447296,20.3157245961275));
#10833=CARTESIAN_POINT('Ctrl Pts',(-4.27734569276383,40.2097008518408,20.3120225674687));
#10834=CARTESIAN_POINT('Ctrl Pts',(-4.28120103477499,40.212356935521,20.3083732665654));
#10835=CARTESIAN_POINT('Ctrl Pts',(-4.28524191232319,40.2151408413012,20.3045483457039));
#10836=CARTESIAN_POINT('Ctrl Pts',(-4.28911803151068,40.2178592468972,20.3007816115702));
#10837=CARTESIAN_POINT('Ctrl Pts',(-4.29236825071349,40.2201681650709,20.297565319663));
#10838=CARTESIAN_POINT('Ctrl Pts',(-4.29431985988551,40.2215545656809,20.2956340822927));
#10839=CARTESIAN_POINT('Ctrl Pts',(-4.29604670725974,40.2227933273354,20.2939021991908));
#10840=CARTESIAN_POINT('Ctrl Pts',(-4.29745387288243,40.2238099797647,20.2924808147289));
#10841=CARTESIAN_POINT('Ctrl Pts',(-4.3083899381696,40.2317110947171,20.281434244927));
#10842=CARTESIAN_POINT('Ctrl Pts',(-4.319822814932,40.2403500673403,20.2691539835231));
#10843=CARTESIAN_POINT('Ctrl Pts',(-4.33152928938452,40.2497268976342,20.2554932472982));
#10844=CARTESIAN_POINT('Ctrl Pts',(-4.34280371145443,40.2587576560269,20.2423366896505));
#10845=CARTESIAN_POINT('Ctrl Pts',(-4.35433190571975,40.2684728127341,20.2278988802635));
#10846=CARTESIAN_POINT('Ctrl Pts',(-4.36586685906576,40.2788723677559,20.2120581867557));
#10847=CARTESIAN_POINT('Ctrl Pts',(-4.36858044713938,40.2813188543286,20.2083316769302));
#10848=CARTESIAN_POINT('Ctrl Pts',(-4.37129419562454,40.283803216987,20.2045276011102));
#10849=CARTESIAN_POINT('Ctrl Pts',(-4.3740044894551,40.2863254557311,20.2006445324851));
#10850=CARTESIAN_POINT('Ctrl Pts',(-4.3850165199095,40.2965734109712,20.1848674719042));
#10851=CARTESIAN_POINT('Ctrl Pts',(-4.39597487446443,40.3074466355675,20.1677842243873));
#10852=CARTESIAN_POINT('Ctrl Pts',(-4.40661050117328,40.31894512952,20.1493145643972));
#10853=CARTESIAN_POINT('Ctrl Pts',(-4.40862405622011,40.3211220440699,20.145817856765));
#10854=CARTESIAN_POINT('Ctrl Pts',(-4.41062592028599,40.3233213699681,20.1422715412501));
#10855=CARTESIAN_POINT('Ctrl Pts',(-4.41261409466973,40.3255431072147,20.1386752020816));
#10856=CARTESIAN_POINT('Ctrl Pts',(-4.41885896470235,40.3325215998786,20.1273790748988));
#10857=CARTESIAN_POINT('Ctrl Pts',(-4.42496916602736,40.3397212012509,20.1155890245853));
#10858=CARTESIAN_POINT('Ctrl Pts',(-4.43087925389122,40.3471419113316,20.103295488182));
#10859=CARTESIAN_POINT('Ctrl Pts',(-4.43383429782315,40.3508522663719,20.0971487199803));
#10860=CARTESIAN_POINT('Ctrl Pts',(-4.4367392765493,40.3546178985893,20.0908760631105));
#10861=CARTESIAN_POINT('Ctrl Pts',(-4.43958545504947,40.3584388079838,20.0844770033636));
#10862=CARTESIAN_POINT('Ctrl Pts',(-4.44103001611841,40.3603780879548,20.0812291984253));
#10863=CARTESIAN_POINT('Ctrl Pts',(-4.44230632539203,40.362121462617,20.0783019386661));
#10864=CARTESIAN_POINT('Ctrl Pts',(-4.44370571274252,40.3640674350078,20.0750266227041));
#10865=CARTESIAN_POINT('Ctrl Pts',(-4.44506349937104,40.3659555579001,20.0718486747144));
#10866=CARTESIAN_POINT('Ctrl Pts',(-4.44653823715528,40.3680344119914,20.0683433780124));
#10867=CARTESIAN_POINT('Ctrl Pts',(-4.44835378881844,40.3706680065038,20.0638825796517));
#10868=CARTESIAN_POINT('Ctrl Pts',(-4.45612542877057,40.3819413559467,20.0447877119804));
#10869=CARTESIAN_POINT('Ctrl Pts',(-4.46262054719822,40.3925831498687,20.0264198999793));
#10870=CARTESIAN_POINT('Ctrl Pts',(-4.46808718537578,40.4025933882699,20.0089401871551));
#10871=CARTESIAN_POINT('Ctrl Pts',(-4.47369735051516,40.4128664461697,19.991001543267));
#10872=CARTESIAN_POINT('Ctrl Pts',(-4.47822506432231,40.422474350132,19.9739976927078));
#10873=CARTESIAN_POINT('Ctrl Pts',(-4.48192153904963,40.4314171001567,19.9580486572334));
#10874=CARTESIAN_POINT('Ctrl Pts',(-4.48575224281652,40.4406845857296,19.941520468952));
#10875=CARTESIAN_POINT('Ctrl Pts',(-4.48869094414278,40.4492377331911,19.9261244895393));
#10876=CARTESIAN_POINT('Ctrl Pts',(-4.49098797345809,40.4570765425412,19.911945922136));
#10877=CARTESIAN_POINT('Ctrl Pts',(-4.49251126792236,40.4622749154177,19.902543284959));
#10878=CARTESIAN_POINT('Ctrl Pts',(-4.49375172282435,40.4671591372749,19.8936750589321));
#10879=CARTESIAN_POINT('Ctrl Pts',(-4.49477362914203,40.4717292081127,19.8853570541662));
#10880=CARTESIAN_POINT('Ctrl Pts',(-4.49636617852495,40.4788512538098,19.8723941894419));
#10881=CARTESIAN_POINT('Ctrl Pts',(-4.49743031353955,40.4852103388888,19.8607686283849));
#10882=CARTESIAN_POINT('Ctrl Pts',(-4.49817217820173,40.4908064633498,19.8505151440355));
#10883=CARTESIAN_POINT('Ctrl Pts',(-4.49891912182366,40.4964409000426,19.8401914622));
#10884=CARTESIAN_POINT('Ctrl Pts',(-4.49933956031596,40.501301893583,19.8312579944332));
#10885=CARTESIAN_POINT('Ctrl Pts',(-4.4995949035132,40.5053894439708,19.8237298884992));
#10886=CARTESIAN_POINT('Ctrl Pts',(-4.49985135623322,40.5094947556709,19.8161690712765));
#10887=CARTESIAN_POINT('Ctrl Pts',(-4.49994136591566,40.5128198880515,19.8100253079208));
#10888=CARTESIAN_POINT('Ctrl Pts',(-4.49997713851983,40.5153648411123,19.805303056106));
#10889=CARTESIAN_POINT('Ctrl Pts',(-4.49999251798922,40.5164589752572,19.8032728509007));
#10890=CARTESIAN_POINT('Ctrl Pts',(-4.49999722261095,40.5174089058283,19.8015053007493));
#10891=CARTESIAN_POINT('Ctrl Pts',(-4.49999722261095,40.5182146328255,19.8000004789786));
#10892=CARTESIAN_POINT('Origin',(4.50000277738905,41.6000000000075,17.5000004789786));
#10893=CARTESIAN_POINT('',(4.50000277738905,34.1000000000075,19.8000004789786));
#10894=CARTESIAN_POINT('',(4.50000277738905,34.1000000000075,18.2500004789786));
#10895=CARTESIAN_POINT('',(4.50000277738905,41.6000000000075,19.8000004789786));
#10896=CARTESIAN_POINT('Origin',(3.80000277738905,41.6000000000075,19.8000004789786));
#10897=CARTESIAN_POINT('',(3.80000277738905,34.1000000000075,20.5000004789786));
#10898=CARTESIAN_POINT('Origin',(3.80000277738905,34.1000000000075,19.8000004789786));
#10899=CARTESIAN_POINT('',(3.80000277738905,41.6000000000075,20.5000004789786));
#10900=CARTESIAN_POINT('Origin',(3.00000277738905,41.6000000000075,20.5000004789786));
#10901=CARTESIAN_POINT('',(-3.79999722261095,34.1000000000075,20.5000004789786));
#10902=CARTESIAN_POINT('',(1.50000277738905,34.1000000000075,20.5000004789786));
#10903=CARTESIAN_POINT('',(-3.79999722261095,41.6000000000075,20.5000004789786));
#10904=CARTESIAN_POINT('Origin',(-3.79999722261095,41.6000000000075,19.8000004789786));
#10905=CARTESIAN_POINT('Origin',(-3.79999722261095,34.1000000000075,19.8000004789786));
#10906=CARTESIAN_POINT('Origin',(-3.99999722261095,34.1000000000075,19.7500004789786));
#10907=CARTESIAN_POINT('Origin',(-3.99999722261095,34.1000000000075,19.8000004789786));
#10908=CARTESIAN_POINT('Ctrl Pts',(-3.99999722261095,33.6000000000075,19.8000004789784));
#10909=CARTESIAN_POINT('Ctrl Pts',(-3.99999722261094,33.6000000000074,20.0000004789786));
#10910=CARTESIAN_POINT('Ctrl Pts',(-3.79999722261074,33.6000000000075,20.0000004789786));
#10911=CARTESIAN_POINT('Ctrl Pts',(-4.49999722261103,33.6000000000075,19.8000004789784));
#10912=CARTESIAN_POINT('Ctrl Pts',(-4.49999722261101,33.6000000000073,20.5000004789787));
#10913=CARTESIAN_POINT('Ctrl Pts',(-3.79999722261074,33.6000000000075,20.5000004789787));
#10914=CARTESIAN_POINT('Ctrl Pts',(-4.49999722261096,34.1000000000076,19.8000004789786));
#10915=CARTESIAN_POINT('Ctrl Pts',(-4.49999722261094,34.1000000000073,20.5000004789786));
#10916=CARTESIAN_POINT('Ctrl Pts',(-3.79999722261093,34.1000000000076,20.5000004789786));
#10917=CARTESIAN_POINT('Origin',(-3.79999722261095,34.1000000000075,20.0000004789786));
#10918=CARTESIAN_POINT('Origin',(1.50000277738905,34.1000000000075,20.0000004789786));
#10919=CARTESIAN_POINT('Origin',(3.80000277738905,34.1000000000075,20.0000004789786));
#10920=CARTESIAN_POINT('Ctrl Pts',(3.80000277738942,33.6000000000075,20.0000004789784));
#10921=CARTESIAN_POINT('Ctrl Pts',(4.00000277738928,33.6000000000075,20.0000004789788));
#10922=CARTESIAN_POINT('Ctrl Pts',(4.00000277738893,33.6000000000075,19.8000004789789));
#10923=CARTESIAN_POINT('Ctrl Pts',(3.80000277738942,33.6000000000074,20.5000004789786));
#10924=CARTESIAN_POINT('Ctrl Pts',(4.50000277739028,33.6000000000075,20.5000004789798));
#10925=CARTESIAN_POINT('Ctrl Pts',(4.50000277738907,33.6000000000074,19.8000004789789));
#10926=CARTESIAN_POINT('Ctrl Pts',(3.80000277738934,34.1000000000075,20.5000004789786));
#10927=CARTESIAN_POINT('Ctrl Pts',(4.50000277739024,34.1000000000076,20.5000004789798));
#10928=CARTESIAN_POINT('Ctrl Pts',(4.50000277738903,34.1000000000076,19.8000004789789));
#10929=CARTESIAN_POINT('Origin',(4.00000277738905,34.1000000000075,19.8000004789786));
#10930=CARTESIAN_POINT('Origin',(4.00000277738905,34.1000000000075,18.2500004789786));
#10931=CARTESIAN_POINT('Ctrl Pts',(21.9179853803547,46.0677977882568,0.110504160197489));
#10932=CARTESIAN_POINT('Ctrl Pts',(21.9179853803547,46.0677977882568,4.91050416019749));
#10933=CARTESIAN_POINT('Ctrl Pts',(23.3931323045308,43.7641698460037,0.110504160197489));
#10934=CARTESIAN_POINT('Ctrl Pts',(23.3931323045308,43.7641698460037,4.91050416019749));
#10935=CARTESIAN_POINT('Ctrl Pts',(20.5337291972465,41.9194039462575,0.110504160197489));
#10936=CARTESIAN_POINT('Ctrl Pts',(20.5337291972465,41.9194039462575,4.91050416019749));
#10937=CARTESIAN_POINT('',(20.5337291971118,41.9194039461706,4.11050416019749));
#10938=CARTESIAN_POINT('',(21.9179853803547,46.0677977882569,-5.88949583980251));
#10939=CARTESIAN_POINT('Origin',(14.685783168604,53.3000000000075,-5.88949583980251));
#10940=CARTESIAN_POINT('',(15.2715696062309,52.7142135623806,4.11050416019749));
#10941=CARTESIAN_POINT('',(15.2715696062309,52.7142135623806,4.11075593318601));
#10942=CARTESIAN_POINT('',(14.685783168604,53.3000000000075,4.11050416019749));
#10943=CARTESIAN_POINT('Origin',(22.2406166921299,43.6982241353725,4.11050416019749));
#10944=CARTESIAN_POINT('Origin',(13.8573560438578,51.3000000000076,4.11050416019749));
#10945=CARTESIAN_POINT('Origin',(-22.2406157341931,43.6982241353725,4.11050416019749));
#10946=CARTESIAN_POINT('',(-15.2715686216219,52.7142135890528,4.11050416019749));
#10947=CARTESIAN_POINT('Origin',(-13.8573550592488,51.3000000266797,4.11050416019749));
#10948=CARTESIAN_POINT('',(-14.6857822106672,53.3000000000075,4.11050416019749));
#10949=CARTESIAN_POINT('Ctrl Pts',(-20.5337283151483,41.9194039951854,0.110504160197489));
#10950=CARTESIAN_POINT('Ctrl Pts',(-20.5337283151483,41.9194039951854,4.91050416019749));
#10951=CARTESIAN_POINT('Ctrl Pts',(-23.3931313270317,43.7641698765527,0.110504160197489));
#10952=CARTESIAN_POINT('Ctrl Pts',(-23.3931313270317,43.7641698765527,4.91050416019749));
#10953=CARTESIAN_POINT('Ctrl Pts',(-21.9179844224179,46.0677977882568,0.110504160197489));
#10954=CARTESIAN_POINT('Ctrl Pts',(-21.9179844224179,46.0677977882568,4.91050416019749));
#10955=CARTESIAN_POINT('',(-20.5337283151483,41.9194039951854,0.110504160197488));
#10956=CARTESIAN_POINT('',(-21.9179844224179,46.0677977882568,-5.88949583980251));
#10957=CARTESIAN_POINT('Origin',(-14.6857822106672,53.3000000000075,-5.88949583980251));
#10958=CARTESIAN_POINT('',(-15.2715686216219,52.7142135890528,0.110504160197489));
#10959=CARTESIAN_POINT('Origin',(-18.9051422269753,44.8388182900565,-5.88949583980251));
#10960=CARTESIAN_POINT('',(-20.0551422269753,44.8388182900565,-5.88949583980251));
#10961=CARTESIAN_POINT('Origin',(18.9051422269753,44.8388182900565,-5.88949583980251));
#10962=CARTESIAN_POINT('',(17.7551422269753,44.8388182900565,-5.88949583980251));
#10963=CARTESIAN_POINT('Origin',(-19.4494788315205,43.6000000374432,2.11050416019749));
#10964=CARTESIAN_POINT('Origin',(19.4494797314315,43.6000000000074,2.11050416019749));
#10965=CARTESIAN_POINT('Origin',(13.8573560438578,51.3000000000076,-5.88949583980251));
#10966=CARTESIAN_POINT('Origin',(-13.8573550592488,51.3000000266797,0.110504160197489));
#10967=UNCERTAINTY_MEASURE_WITH_UNIT(LENGTH_MEASURE(0.01),#10971,
'DISTANCE_ACCURACY_VALUE',
'Maximum model space distance between geometric entities at asserted c
onnectivities');
#10968=UNCERTAINTY_MEASURE_WITH_UNIT(LENGTH_MEASURE(0.01),#10971,
'DISTANCE_ACCURACY_VALUE',
'Maximum model space distance between geometric entities at asserted c
onnectivities');
#10969=(
GEOMETRIC_REPRESENTATION_CONTEXT(3)
GLOBAL_UNCERTAINTY_ASSIGNED_CONTEXT((#10967))
GLOBAL_UNIT_ASSIGNED_CONTEXT((#10971,#10973,#10974))
REPRESENTATION_CONTEXT('','3D')
);
#10970=(
GEOMETRIC_REPRESENTATION_CONTEXT(3)
GLOBAL_UNCERTAINTY_ASSIGNED_CONTEXT((#10968))
GLOBAL_UNIT_ASSIGNED_CONTEXT((#10971,#10973,#10974))
REPRESENTATION_CONTEXT('','3D')
);
#10971=(
LENGTH_UNIT()
NAMED_UNIT(*)
SI_UNIT(.MILLI.,.METRE.)
);
#10972=(
LENGTH_UNIT()
NAMED_UNIT(*)
SI_UNIT($,.METRE.)
);
#10973=(
NAMED_UNIT(*)
PLANE_ANGLE_UNIT()
SI_UNIT($,.RADIAN.)
);
#10974=(
NAMED_UNIT(*)
SI_UNIT($,.STERADIAN.)
SOLID_ANGLE_UNIT()
);
#10975=SHAPE_DEFINITION_REPRESENTATION(#10976,#10977);
#10976=PRODUCT_DEFINITION_SHAPE('',$,#10979);
#10977=SHAPE_REPRESENTATION('',(#1523),#10969);
#10978=PRODUCT_DEFINITION_CONTEXT('part definition',#10983,'design');
#10979=PRODUCT_DEFINITION(
'\X2\4E0A98CE9053\X0\^\X2\98CE905390E85206\X0\_CNC \X2\59349002914D70ED6838\X0\4
\X2\7248\X0\_CNC \X2\59349002914D70ED6838\X0\4\X2\70ED7AEF\X0\_CNC\X2\5934\X0\ 
\X2\70ED6838\X0\4\X2\70ED7AEF7248\X0\',
'\X2\041004340430043F044204350440\X0\ CPAP 15 \X2\043C043C\X0\ \X2\04420440044304310430\X0\',
#10980,#10978);
#10980=PRODUCT_DEFINITION_FORMATION('',$,#10985);
#10981=PRODUCT_RELATED_PRODUCT_CATEGORY(
'\X2\041004340430043F044204350440\X0\ CPAP 15 \X2\043C043C\X0\ \X2\04420440044304310430\X0\',
'\X2\041004340430043F044204350440\X0\ CPAP 15 \X2\043C043C\X0\ \X2\04420440044304310430\X0\',
(#10985));
#10982=APPLICATION_PROTOCOL_DEFINITION('international standard',
'automotive_design',2009,#10983);
#10983=APPLICATION_CONTEXT(
'Core Data for Automotive Mechanical Design Process');
#10984=PRODUCT_CONTEXT('part definition',#10983,'mechanical');
#10985=PRODUCT(
'\X2\4E0A98CE9053\X0\^\X2\98CE905390E85206\X0\_CNC \X2\59349002914D70ED6838\X0\4
\X2\7248\X0\_CNC \X2\59349002914D70ED6838\X0\4\X2\70ED7AEF\X0\_CNC\X2\5934\X0\ 
\X2\70ED6838\X0\4\X2\70ED7AEF7248\X0\',
'\X2\041004340430043F044204350440\X0\ CPAP 15 \X2\043C043C\X0\ \X2\04420440044304310430\X0\',
$,(#10984));
#10986=PRESENTATION_STYLE_ASSIGNMENT((#10988));
#10987=PRESENTATION_STYLE_ASSIGNMENT((#10989));
#10988=SURFACE_STYLE_USAGE(.BOTH.,#10990);
#10989=SURFACE_STYLE_USAGE(.BOTH.,#10991);
#10990=SURFACE_SIDE_STYLE('',(#10992));
#10991=SURFACE_SIDE_STYLE('',(#10993));
#10992=SURFACE_STYLE_FILL_AREA(#10994);
#10993=SURFACE_STYLE_FILL_AREA(#10995);
#10994=FILL_AREA_STYLE('Steel - Satin',(#10996));
#10995=FILL_AREA_STYLE('Opaque(85,85,85)',(#10997));
#10996=FILL_AREA_STYLE_COLOUR('Steel - Satin',#10998);
#10997=FILL_AREA_STYLE_COLOUR('Opaque(85,85,85)',#10999);
#10998=COLOUR_RGB('Steel - Satin',0.627450980392157,0.627450980392157,0.627450980392157);
#10999=COLOUR_RGB('Opaque(85,85,85)',0.333333333333333,0.333333333333333,
0.333333333333333);
ENDSEC;
END-ISO-10303-21;
