ISO-10303-21;
HEADER;
/* Generated by software containing ST-Developer
 * from STEP Tools, Inc. (www.steptools.com) 
 */

FILE_DESCRIPTION(
/* description */ (''),
/* implementation_level */ '2;1');

FILE_NAME(
/* name */ '',
/* time_stamp */ '2026-06-08T12:16:57+03:00',
/* author */ (''),
/* organization */ (''),
/* preprocessor_version */ 'ST-DEVELOPER v20.1',
/* originating_system */ 'Autodesk Translation Framework v15.8.0.0',
/* authorisation */ '');

FILE_SCHEMA (('AUTOMOTIVE_DESIGN { 1 0 10303 214 3 1 1 }'));
ENDSEC;

DATA;
#10=MECHANICAL_DESIGN_GEOMETRIC_PRESENTATION_REPRESENTATION('',(#13),#9898);
#11=SHAPE_REPRESENTATION_RELATIONSHIP('SRR','None',#9905,#12);
#12=ADVANCED_BREP_SHAPE_REPRESENTATION('',(#14),#9897);
#13=STYLED_ITEM('',(#9915),#14);
#14=MANIFOLD_SOLID_BREP('Body1',#3869);
#15=(
BOUNDED_SURFACE()
B_SPLINE_SURFACE(1,2,((#6824,#6825,#6826),(#6827,#6828,#6829)),
 .UNSPECIFIED.,.F.,.F.,.F.)
B_SPLINE_SURFACE_WITH_KNOTS((2,2),(3,3),(-1.47706211742901E-7,0.102930797113828),
(-3.14159232597972,-2.58545121475367),.UNSPECIFIED.)
GEOMETRIC_REPRESENTATION_ITEM()
RATIONAL_B_SPLINE_SURFACE(((1.,0.961586861948143,1.),(1.,0.961586861948143,
1.)))
REPRESENTATION_ITEM('')
SURFACE()
);
#16=(
BOUNDED_SURFACE()
B_SPLINE_SURFACE(1,2,((#6868,#6869,#6870),(#6871,#6872,#6873)),
 .UNSPECIFIED.,.F.,.F.,.F.)
B_SPLINE_SURFACE_WITH_KNOTS((2,2),(3,3),(-4.03173295854481E-7,0.417833766325759),
(0.617330214698393,1.15948669045329),.UNSPECIFIED.)
GEOMETRIC_REPRESENTATION_ITEM()
RATIONAL_B_SPLINE_SURFACE(((1.,0.96348273624499,1.),(1.,0.96348273624499,
1.)))
REPRESENTATION_ITEM('')
SURFACE()
);
#17=(
BOUNDED_SURFACE()
B_SPLINE_SURFACE(1,2,((#6928,#6929,#6930),(#6931,#6932,#6933)),
 .UNSPECIFIED.,.F.,.F.,.F.)
B_SPLINE_SURFACE_WITH_KNOTS((2,2),(3,3),(-1.53377105361687E-7,0.416029991316243),
(-1.15948529095976,-0.617328608961552),.UNSPECIFIED.)
GEOMETRIC_REPRESENTATION_ITEM()
RATIONAL_B_SPLINE_SURFACE(((1.,0.963482708632052,1.),(1.,0.963482708632052,
1.)))
REPRESENTATION_ITEM('')
SURFACE()
);
#18=(
BOUNDED_SURFACE()
B_SPLINE_SURFACE(1,2,((#6997,#6998,#6999),(#7000,#7001,#7002)),
 .UNSPECIFIED.,.F.,.F.,.F.)
B_SPLINE_SURFACE_WITH_KNOTS((2,2),(3,3),(-8.27341070903826E-8,0.102931259876438),
(2.58545052625384,3.14159299758882),.UNSPECIFIED.)
GEOMETRIC_REPRESENTATION_ITEM()
RATIONAL_B_SPLINE_SURFACE(((1.,0.961586675272403,1.),(1.,0.961586675272403,
1.)))
REPRESENTATION_ITEM('')
SURFACE()
);
#19=(
BOUNDED_SURFACE()
B_SPLINE_SURFACE(2,2,((#7106,#7107,#7108,#7109,#7110,#7111,#7112,#7113,
#7114,#7115,#7116),(#7117,#7118,#7119,#7120,#7121,#7122,#7123,#7124,#7125,
#7126,#7127),(#7128,#7129,#7130,#7131,#7132,#7133,#7134,#7135,#7136,#7137,
#7138)),.UNSPECIFIED.,.F.,.T.,.F.)
B_SPLINE_SURFACE_WITH_KNOTS((3,3),(3,2,2,2,2,3),(1.57079702860611,3.14159265358979),
(-1.43381666904328,0.,1.5707963267949,3.14159265358979,4.71238898038469,
4.8493686381363),.UNSPECIFIED.)
GEOMETRIC_REPRESENTATION_ITEM()
RATIONAL_B_SPLINE_SURFACE(((0.953371734545509,0.732648229295672,1.,0.707106781186548,
1.,0.707106781186548,1.,0.707106781186548,1.,0.974458551890876,0.953371734545509),
(0.674135855046634,0.518060712949597,0.707107029314235,0.500000175452771,
0.707107029314235,0.500000175452771,0.707107029314235,0.500000175452771,
0.707107029314235,0.689046491817409,0.674135855046634),(0.953371734545509,
0.732648229295672,1.,0.707106781186548,1.,0.707106781186548,1.,0.707106781186548,
1.,0.974458551890876,0.953371734545509)))
REPRESENTATION_ITEM('')
SURFACE()
);
#20=(
BOUNDED_SURFACE()
B_SPLINE_SURFACE(2,2,((#7150,#7151,#7152),(#7153,#7154,#7155),(#7156,#7157,
#7158)),.UNSPECIFIED.,.F.,.F.,.F.)
B_SPLINE_SURFACE_WITH_KNOTS((3,3),(3,3),(-3.14159265358979,-1.57079658579402),
(1.57079632679424,1.83259571459526),.UNSPECIFIED.)
GEOMETRIC_REPRESENTATION_ITEM()
RATIONAL_B_SPLINE_SURFACE(((1.,0.991444861373688,1.),(0.707106872756558,
0.701057475436509,0.707106872756558),(1.,0.991444861373688,1.)))
REPRESENTATION_ITEM('')
SURFACE()
);
#21=(
BOUNDED_SURFACE()
B_SPLINE_SURFACE(2,2,((#7180,#7181,#7182),(#7183,#7184,#7185),(#7186,#7187,
#7188)),.UNSPECIFIED.,.F.,.F.,.F.)
B_SPLINE_SURFACE_WITH_KNOTS((3,3),(3,3),(1.57079702860005,3.14159265358979),
(1.83259571459405,2.0943951023932),.UNSPECIFIED.)
GEOMETRIC_REPRESENTATION_ITEM()
RATIONAL_B_SPLINE_SURFACE(((1.,0.99144486137381,1.),(0.707107029312099,
0.701057630652781,0.707107029312099),(1.,0.99144486137381,1.)))
REPRESENTATION_ITEM('')
SURFACE()
);
#22=(
BOUNDED_SURFACE()
B_SPLINE_SURFACE(2,2,((#7200,#7201,#7202),(#7203,#7204,#7205),(#7206,#7207,
#7208)),.UNSPECIFIED.,.F.,.F.,.F.)
B_SPLINE_SURFACE_WITH_KNOTS((3,3),(3,3),(-3.14159265358979,-1.57079658579308),
(1.83259571458989,2.09439510239423),.UNSPECIFIED.)
GEOMETRIC_REPRESENTATION_ITEM()
RATIONAL_B_SPLINE_SURFACE(((1.,0.991444861373472,1.),(0.707106872756227,
0.701057475436027,0.707106872756227),(1.,0.991444861373472,1.)))
REPRESENTATION_ITEM('')
SURFACE()
);
#23=(
BOUNDED_SURFACE()
B_SPLINE_SURFACE(2,2,((#7233,#7234,#7235),(#7236,#7237,#7238),(#7239,#7240,
#7241)),.UNSPECIFIED.,.F.,.F.,.F.)
B_SPLINE_SURFACE_WITH_KNOTS((3,3),(3,3),(-2.58545015700832,-1.57079658579312),
(2.09439497079891,2.35619449019826),.UNSPECIFIED.)
GEOMETRIC_REPRESENTATION_ITEM()
RATIONAL_B_SPLINE_SURFACE(((1.,0.991444852785171,1.),(0.874046390186805,
0.866568794646168,0.874046390186805),(1.,0.991444852785171,1.)))
REPRESENTATION_ITEM('')
SURFACE()
);
#24=(
BOUNDED_SURFACE()
B_SPLINE_SURFACE(2,2,((#9347,#9348,#9349),(#9350,#9351,#9352),(#9353,#9354,
#9355)),.UNSPECIFIED.,.F.,.F.,.F.)
B_SPLINE_SURFACE_WITH_KNOTS((3,3),(3,3),(1.57079702860231,2.5854502479856),
(2.09439462501208,2.35619449019111),.UNSPECIFIED.)
GEOMETRIC_REPRESENTATION_ITEM()
RATIONAL_B_SPLINE_SURFACE(((1.,0.991444830218493,1.),(0.874046475654237,
0.866568859658087,0.874046475654237),(1.,0.991444830218493,1.)))
REPRESENTATION_ITEM('')
SURFACE()
);
#25=(
BOUNDED_SURFACE()
B_SPLINE_SURFACE(2,2,((#9357,#9358,#9359),(#9360,#9361,#9362),(#9363,#9364,
#9365)),.UNSPECIFIED.,.F.,.F.,.F.)
B_SPLINE_SURFACE_WITH_KNOTS((3,3),(3,3),(-2.14934269426339,-1.57079658578888),
(2.35619449019249,2.88019377847677),.UNSPECIFIED.)
GEOMETRIC_REPRESENTATION_ITEM()
RATIONAL_B_SPLINE_SURFACE(((1.,0.965873976765876,1.),(0.958451494060722,
0.925743356105625,0.958451494060722),(1.,0.965873976765876,1.)))
REPRESENTATION_ITEM('')
SURFACE()
);
#26=(
BOUNDED_SURFACE()
B_SPLINE_SURFACE(2,2,((#9433,#9434,#9435),(#9436,#9437,#9438),(#9439,#9440,
#9441)),.UNSPECIFIED.,.F.,.F.,.F.)
B_SPLINE_SURFACE_WITH_KNOTS((3,3),(3,3),(1.57079702859775,2.14850198647374),
(2.35619449019229,2.88014784397632),.UNSPECIFIED.)
GEOMETRIC_REPRESENTATION_ITEM()
RATIONAL_B_SPLINE_SURFACE(((1.,0.965879925315375,1.),(0.958571380731804,
0.92586485363069,0.958571380731804),(1.,0.965879925315375,1.)))
REPRESENTATION_ITEM('')
SURFACE()
);
#27=TOROIDAL_SURFACE('',#3958,5.69999999992524,2.5);
#28=TOROIDAL_SURFACE('',#3965,5.70000000000011,2.5);
#29=TOROIDAL_SURFACE('',#3969,5.70000000000084,2.5);
#30=TOROIDAL_SURFACE('',#3976,5.7,2.5);
#31=TOROIDAL_SURFACE('',#4073,8.5,3.2);
#32=TOROIDAL_SURFACE('',#4078,8.50000000007478,3.19999999992524);
#33=TOROIDAL_SURFACE('',#4092,8.5,3.2);
#34=TOROIDAL_SURFACE('',#4097,8.50000000007478,3.19999999992524);
#35=TOROIDAL_SURFACE('',#4107,8.5,3.2);
#36=TOROIDAL_SURFACE('',#4112,8.50000000007478,3.19999999992524);
#37=TOROIDAL_SURFACE('',#4120,8.5,3.2);
#38=TOROIDAL_SURFACE('',#4124,8.5000000000748,3.19999999992524);
#39=TOROIDAL_SURFACE('',#4130,3.2,2.00000000000011);
#40=TOROIDAL_SURFACE('',#4134,8.5000000000748,1.99999999992524);
#41=TOROIDAL_SURFACE('',#4139,8.5,2.);
#42=TOROIDAL_SURFACE('',#4141,3.2,2.00000000000084);
#43=TOROIDAL_SURFACE('',#4155,3.2,2.00000000000011);
#44=TOROIDAL_SURFACE('',#4158,8.50000000007478,1.99999999992524);
#45=TOROIDAL_SURFACE('',#4163,8.5,2.);
#46=TOROIDAL_SURFACE('',#4165,3.2,2.00000000000084);
#47=TOROIDAL_SURFACE('',#4178,3.2,2.00000000000011);
#48=TOROIDAL_SURFACE('',#4181,8.50000000007478,1.99999999992524);
#49=TOROIDAL_SURFACE('',#4186,8.5,2.);
#50=TOROIDAL_SURFACE('',#4188,3.2,2.00000000000084);
#51=TOROIDAL_SURFACE('',#4201,3.2,2.00000000000011);
#52=TOROIDAL_SURFACE('',#4203,8.50000000007478,1.99999999992524);
#53=TOROIDAL_SURFACE('',#4207,8.5,2.);
#54=TOROIDAL_SURFACE('',#4208,3.2,2.00000000000084);
#55=TOROIDAL_SURFACE('',#4213,3.,1.2);
#56=TOROIDAL_SURFACE('',#4215,3.,1.2);
#57=TOROIDAL_SURFACE('',#4221,3.20000000000084,1.2);
#58=TOROIDAL_SURFACE('',#4225,3.20000000000011,1.2);
#59=CYLINDRICAL_SURFACE('',#3893,0.5);
#60=CYLINDRICAL_SURFACE('',#3904,1.49999999999992);
#61=CYLINDRICAL_SURFACE('',#3908,1.5);
#62=CYLINDRICAL_SURFACE('',#3912,1.5);
#63=CYLINDRICAL_SURFACE('',#3916,1.65);
#64=CYLINDRICAL_SURFACE('',#3921,1.65);
#65=CYLINDRICAL_SURFACE('',#3930,1.5);
#66=CYLINDRICAL_SURFACE('',#3932,1.5);
#67=CYLINDRICAL_SURFACE('',#3934,1.5);
#68=CYLINDRICAL_SURFACE('',#3935,2.);
#69=CYLINDRICAL_SURFACE('',#3937,2.);
#70=CYLINDRICAL_SURFACE('',#3939,2.);
#71=CYLINDRICAL_SURFACE('',#3942,2.);
#72=CYLINDRICAL_SURFACE('',#3945,0.85);
#73=CYLINDRICAL_SURFACE('',#3949,0.85);
#74=CYLINDRICAL_SURFACE('',#3962,2.5);
#75=CYLINDRICAL_SURFACE('',#3973,2.5);
#76=CYLINDRICAL_SURFACE('',#3982,3.19999999992524);
#77=CYLINDRICAL_SURFACE('',#3994,3.20000000000011);
#78=CYLINDRICAL_SURFACE('',#3996,3.20000000000084);
#79=CYLINDRICAL_SURFACE('',#3997,2.00000000000084);
#80=CYLINDRICAL_SURFACE('',#4000,2.00000000000011);
#81=CYLINDRICAL_SURFACE('',#4002,3.2);
#82=CYLINDRICAL_SURFACE('',#4010,2.);
#83=CYLINDRICAL_SURFACE('',#4014,2.);
#84=CYLINDRICAL_SURFACE('',#4025,1.99999999992524);
#85=CYLINDRICAL_SURFACE('',#4028,2.);
#86=CYLINDRICAL_SURFACE('',#4039,3.20000000000011);
#87=CYLINDRICAL_SURFACE('',#4041,3.20000000000084);
#88=CYLINDRICAL_SURFACE('',#4056,1.15000000000003);
#89=CYLINDRICAL_SURFACE('',#4069,5.99081564125626);
#90=CYLINDRICAL_SURFACE('',#4076,11.7000000000003);
#91=CYLINDRICAL_SURFACE('',#4081,3.20000000000084);
#92=CYLINDRICAL_SURFACE('',#4083,3.2);
#93=CYLINDRICAL_SURFACE('',#4086,3.19999999992524);
#94=CYLINDRICAL_SURFACE('',#4088,3.20000000000011);
#95=CYLINDRICAL_SURFACE('',#4095,11.7000000000003);
#96=CYLINDRICAL_SURFACE('',#4100,3.2);
#97=CYLINDRICAL_SURFACE('',#4103,3.19999999992524);
#98=CYLINDRICAL_SURFACE('',#4105,3.20000000000011);
#99=CYLINDRICAL_SURFACE('',#4110,11.7000000000003);
#100=CYLINDRICAL_SURFACE('',#4115,3.2);
#101=CYLINDRICAL_SURFACE('',#4118,3.19999999992524);
#102=CYLINDRICAL_SURFACE('',#4122,11.7000000000004);
#103=CYLINDRICAL_SURFACE('',#4137,10.5000000000004);
#104=CYLINDRICAL_SURFACE('',#4146,2.00000000000011);
#105=CYLINDRICAL_SURFACE('',#4148,1.99999999992524);
#106=CYLINDRICAL_SURFACE('',#4151,2.);
#107=CYLINDRICAL_SURFACE('',#4153,2.00000000000084);
#108=CYLINDRICAL_SURFACE('',#4161,10.5000000000003);
#109=CYLINDRICAL_SURFACE('',#4169,2.00000000000011);
#110=CYLINDRICAL_SURFACE('',#4171,1.99999999992524);
#111=CYLINDRICAL_SURFACE('',#4174,2.);
#112=CYLINDRICAL_SURFACE('',#4176,2.00000000000084);
#113=CYLINDRICAL_SURFACE('',#4184,10.5000000000003);
#114=CYLINDRICAL_SURFACE('',#4192,2.00000000000011);
#115=CYLINDRICAL_SURFACE('',#4194,1.99999999992524);
#116=CYLINDRICAL_SURFACE('',#4197,2.);
#117=CYLINDRICAL_SURFACE('',#4199,2.00000000000084);
#118=CYLINDRICAL_SURFACE('',#4205,10.5000000000003);
#119=CYLINDRICAL_SURFACE('',#4210,1.2);
#120=CYLINDRICAL_SURFACE('',#4218,1.2);
#121=CYLINDRICAL_SURFACE('',#4223,1.2);
#122=CYLINDRICAL_SURFACE('',#4228,1.2);
#123=CYLINDRICAL_SURFACE('',#4229,1.2);
#124=CYLINDRICAL_SURFACE('',#4230,1.2);
#125=CYLINDRICAL_SURFACE('',#4232,3.20000000000084);
#126=CYLINDRICAL_SURFACE('',#4236,3.20000000000011);
#127=CYLINDRICAL_SURFACE('',#4237,3.20000000000084);
#128=CYLINDRICAL_SURFACE('',#4241,0.5);
#129=CYLINDRICAL_SURFACE('',#4246,1.49999999927545);
#130=CYLINDRICAL_SURFACE('',#4248,1.49999999927458);
#131=CYLINDRICAL_SURFACE('',#4262,5.99507251139983);
#132=ELLIPSE('',#3888,1.63434238952848,1.30850560925912);
#133=ELLIPSE('',#3890,1.55135741685366,1.28064875285574);
#134=ELLIPSE('',#3891,2.62137870852584,2.26000160169645);
#135=ELLIPSE('',#4054,2.95215166699174,2.50601446532046);
#136=ELLIPSE('',#4057,7.39012664547206,3.20000920173325);
#137=ELLIPSE('',#4058,6.40003707315862,3.2000092017327);
#138=ELLIPSE('',#4059,9.05101881514564,3.20000920173435);
#139=ELLIPSE('',#4060,6.39999968381847,3.19999980776042);
#140=ELLIPSE('',#4061,4.52548338272646,3.19999980775227);
#141=ELLIPSE('',#4063,7.39009981470539,3.20000343442487);
#142=ELLIPSE('',#4065,6.39999946498633,3.19999989344984);
#143=ELLIPSE('',#4066,9.05098595430603,3.20000343442502);
#144=ELLIPSE('',#4067,4.52548322798349,3.1999998934487);
#145=ELLIPSE('',#4068,6.40001383703354,3.2000034344248);
#146=ELLIPSE('',#4125,8.10346123721398,2.09252827854453);
#147=ELLIPSE('',#4126,0.681321996291025,0.596173907859009);
#148=ELLIPSE('',#4127,1.26364829695275,0.847017876893487);
#149=ELLIPSE('',#4129,95.0221593636996,1.63298674605244);
#150=ELLIPSE('',#4220,1.32557326050813,0.866327434259018);
#151=ELLIPSE('',#4226,1.32864191248033,0.869616742456402);
#152=ELLIPSE('',#4227,1.44750442112004,0.977268900619194);
#153=ELLIPSE('',#4243,2.85319161708471,2.61562992553373);
#154=ELLIPSE('',#4251,2.85318987192789,2.61562781086903);
#155=ELLIPSE('',#4254,2.62036748801602,2.25823664458997);
#156=B_SPLINE_SURFACE_WITH_KNOTS('',3,1,((#5457,#5458),(#5459,#5460),(#5461,
#5462),(#5463,#5464),(#5465,#5466)),.UNSPECIFIED.,.F.,.F.,.F.,(4,1,4),(2,
2),(-1.,-0.5,-5.1554779356136E-16),(0.,1.15200000000008),.UNSPECIFIED.);
#157=B_SPLINE_SURFACE_WITH_KNOTS('',3,1,((#5481,#5482),(#5483,#5484),(#5485,
#5486),(#5487,#5488),(#5489,#5490)),.UNSPECIFIED.,.F.,.F.,.F.,(4,1,4),(2,
2),(0.,0.5,1.),(0.,1.15200000002708),.UNSPECIFIED.);
#158=B_SPLINE_SURFACE_WITH_KNOTS('',3,1,((#5514,#5515),(#5516,#5517),(#5518,
#5519),(#5520,#5521),(#5522,#5523)),.UNSPECIFIED.,.F.,.F.,.F.,(4,1,4),(2,
2),(-0.861605241422122,-0.5,0.),(0.,1.152),.UNSPECIFIED.);
#159=B_SPLINE_SURFACE_WITH_KNOTS('',3,1,((#5554,#5555),(#5556,#5557),(#5558,
#5559),(#5560,#5561),(#5562,#5563),(#5564,#5565),(#5566,#5567),(#5568,#5569),
(#5570,#5571),(#5572,#5573),(#5574,#5575),(#5576,#5577),(#5578,#5579),(#5580,
#5581)),.UNSPECIFIED.,.F.,.F.,.F.,(4,2,2,2,2,2,4),(2,2),(0.,0.0864020727545831,
0.178372508360889,0.3170054272711,0.466079752565947,0.573962903506119,0.675129364359838),
(0.,1.15206349054639),.UNSPECIFIED.);
#160=B_SPLINE_SURFACE_WITH_KNOTS('',3,1,((#5603,#5604),(#5605,#5606),(#5607,
#5608),(#5609,#5610),(#5611,#5612),(#5613,#5614),(#5615,#5616),(#5617,#5618),
(#5619,#5620),(#5621,#5622),(#5623,#5624),(#5625,#5626),(#5627,#5628),(#5629,
#5630),(#5631,#5632),(#5633,#5634),(#5635,#5636)),.UNSPECIFIED.,.F.,.F.,
 .F.,(4,2,2,2,2,3,2,4),(2,2),(0.,0.13397553839721,0.269017138823256,0.409154088338951,
0.494289795857316,0.571178327519388,2.65209657452046,3.16142511991205),
(0.,1.61280000000132),.UNSPECIFIED.);
#161=B_SPLINE_SURFACE_WITH_KNOTS('',3,1,((#5702,#5703),(#5704,#5705),(#5706,
#5707),(#5708,#5709),(#5710,#5711),(#5712,#5713),(#5714,#5715),(#5716,#5717),
(#5718,#5719),(#5720,#5721),(#5722,#5723),(#5724,#5725)),.UNSPECIFIED.,
 .F.,.F.,.F.,(4,2,2,2,2,4),(2,2),(8.84967366099691E-8,0.0667325559243702,
0.140606062238061,0.262389486199103,0.380206240984615,0.496760844333406),
(0.,1.15202085810392),.UNSPECIFIED.);
#162=B_SPLINE_SURFACE_WITH_KNOTS('',2,1,((#5946,#5947),(#5948,#5949),(#5950,
#5951)),.UNSPECIFIED.,.F.,.F.,.F.,(3,3),(2,2),(0.499590600713961,0.500634484136027),
(0.,0.984),.UNSPECIFIED.);
#163=B_SPLINE_SURFACE_WITH_KNOTS('',2,1,((#5979,#5980),(#5981,#5982),(#5983,
#5984)),.UNSPECIFIED.,.F.,.F.,.F.,(3,3),(2,2),(0.499365515891719,0.500409399286039),
(0.,0.984),.UNSPECIFIED.);
#164=B_SPLINE_SURFACE_WITH_KNOTS('',3,3,((#6378,#6379,#6380,#6381,#6382,
#6383,#6384,#6385),(#6386,#6387,#6388,#6389,#6390,#6391,#6392,#6393),(#6394,
#6395,#6396,#6397,#6398,#6399,#6400,#6401),(#6402,#6403,#6404,#6405,#6406,
#6407,#6408,#6409),(#6410,#6411,#6412,#6413,#6414,#6415,#6416,#6417)),
 .UNSPECIFIED.,.F.,.F.,.F.,(4,1,4),(4,2,2,4),(0.,0.571428571428571,1.),
(-0.377860910456515,0.00741982274948893,0.819657644484987,0.92737954239115),
 .UNSPECIFIED.);
#165=B_SPLINE_SURFACE_WITH_KNOTS('',3,3,((#6487,#6488,#6489,#6490,#6491,
#6492,#6493,#6494,#6495,#6496,#6497,#6498,#6499,#6500,#6501),(#6502,#6503,
#6504,#6505,#6506,#6507,#6508,#6509,#6510,#6511,#6512,#6513,#6514,#6515,
#6516),(#6517,#6518,#6519,#6520,#6521,#6522,#6523,#6524,#6525,#6526,#6527,
#6528,#6529,#6530,#6531),(#6532,#6533,#6534,#6535,#6536,#6537,#6538,#6539,
#6540,#6541,#6542,#6543,#6544,#6545,#6546),(#6547,#6548,#6549,#6550,#6551,
#6552,#6553,#6554,#6555,#6556,#6557,#6558,#6559,#6560,#6561)),
 .UNSPECIFIED.,.F.,.F.,.F.,(4,1,4),(4,1,1,1,1,1,1,2,2,1,4),(0.,0.571428571428571,
1.),(-0.870485784725477,-0.865661263111451,-0.860836741497426,-0.851187698269375,
-0.831889611813274,-0.812591525357172,-0.793293438901071,-0.677504920164463,
-0.663036949646459,-0.546901536388807,-0.469477927550373),.UNSPECIFIED.);
#166=B_SPLINE_SURFACE_WITH_KNOTS('',3,3,((#6610,#6611,#6612,#6613),(#6614,
#6615,#6616,#6617),(#6618,#6619,#6620,#6621),(#6622,#6623,#6624,#6625),
(#6626,#6627,#6628,#6629)),.UNSPECIFIED.,.F.,.F.,.F.,(4,1,4),(4,4),(-5.04016827770046E-6,
0.580313134439245,1.00000000006386),(-7.15990367122916E-6,1.),
 .UNSPECIFIED.);
#167=B_SPLINE_SURFACE_WITH_KNOTS('',3,3,((#6653,#6654,#6655,#6656,#6657,
#6658,#6659,#6660,#6661,#6662,#6663,#6664,#6665,#6666,#6667),(#6668,#6669,
#6670,#6671,#6672,#6673,#6674,#6675,#6676,#6677,#6678,#6679,#6680,#6681,
#6682),(#6683,#6684,#6685,#6686,#6687,#6688,#6689,#6690,#6691,#6692,#6693,
#6694,#6695,#6696,#6697),(#6698,#6699,#6700,#6701,#6702,#6703,#6704,#6705,
#6706,#6707,#6708,#6709,#6710,#6711,#6712),(#6713,#6714,#6715,#6716,#6717,
#6718,#6719,#6720,#6721,#6722,#6723,#6724,#6725,#6726,#6727)),
 .UNSPECIFIED.,.F.,.F.,.F.,(4,1,4),(4,2,2,1,1,1,1,1,1,1,4),(0.,0.571428571428571,
1.),(-0.196341179341302,0.000180703157435761,0.014994380146801,0.12897479697264,
0.14797153311028,0.166968269247919,0.185965005385559,0.195463373454379,
0.200212557488789,0.202587149505994,0.204961741523199),.UNSPECIFIED.);
#168=B_SPLINE_SURFACE_WITH_KNOTS('',3,3,((#6763,#6764,#6765,#6766,#6767,
#6768,#6769,#6770),(#6771,#6772,#6773,#6774,#6775,#6776,#6777,#6778),(#6779,
#6780,#6781,#6782,#6783,#6784,#6785,#6786),(#6787,#6788,#6789,#6790,#6791,
#6792,#6793,#6794),(#6795,#6796,#6797,#6798,#6799,#6800,#6801,#6802)),
 .UNSPECIFIED.,.F.,.F.,.F.,(4,1,4),(4,2,2,4),(0.,0.571428571428571,1.),
(-1.50363555193614,-1.39344009887041,-0.57960330183552,-0.195412347086593),
 .UNSPECIFIED.);
#169=B_SPLINE_SURFACE_WITH_KNOTS('',3,1,((#6838,#6839),(#6840,#6841),(#6842,
#6843),(#6844,#6845),(#6846,#6847),(#6848,#6849)),.UNSPECIFIED.,.F.,.F.,
 .F.,(4,2,4),(2,2),(-1.69013494230421,-1.68141490219309,-1.66771027970875),
(0.,0.7),.UNSPECIFIED.);
#170=B_SPLINE_SURFACE_WITH_KNOTS('',3,1,((#6976,#6977),(#6978,#6979),(#6980,
#6981),(#6982,#6983),(#6984,#6985),(#6986,#6987)),.UNSPECIFIED.,.F.,.F.,
 .F.,(4,2,4),(2,2),(-3.25885643047695,-3.24515183116956,-3.23643177916655),
(0.,0.7),.UNSPECIFIED.);
#171=B_SPLINE_SURFACE_WITH_KNOTS('',3,1,((#7011,#7012),(#7013,#7014),(#7015,
#7016),(#7017,#7018),(#7019,#7020),(#7021,#7022),(#7023,#7024)),
 .UNSPECIFIED.,.F.,.F.,.F.,(4,3,4),(2,2),(2.8281159380779,2.93153061251117,
2.95252100459143),(0.,1.44),.UNSPECIFIED.);
#172=B_SPLINE_SURFACE_WITH_KNOTS('',3,1,((#7066,#7067),(#7068,#7069),(#7070,
#7071),(#7072,#7073),(#7074,#7075),(#7076,#7077),(#7078,#7079)),
 .UNSPECIFIED.,.F.,.F.,.F.,(4,3,4),(2,2),(-0.620564224716492,-0.05142012366275,
-0.0388275264406185),(0.,1.95384961441212),.UNSPECIFIED.);
#173=B_SPLINE_SURFACE_WITH_KNOTS('',3,1,((#7089,#7090),(#7091,#7092),(#7093,
#7094),(#7095,#7096),(#7097,#7098),(#7099,#7100),(#7101,#7102)),
 .UNSPECIFIED.,.F.,.F.,.F.,(4,3,4),(2,2),(-0.579844735506044,-0.567737994408253,
0.),(0.,1.87229925251317),.UNSPECIFIED.);
#174=B_SPLINE_SURFACE_WITH_KNOTS('',3,3,((#7425,#7426,#7427,#7428),(#7429,
#7430,#7431,#7432),(#7433,#7434,#7435,#7436),(#7437,#7438,#7439,#7440)),
 .UNSPECIFIED.,.F.,.F.,.F.,(4,4),(4,4),(0.,1.),(0.,1.),.UNSPECIFIED.);
#175=B_SPLINE_SURFACE_WITH_KNOTS('',3,3,((#7445,#7446,#7447,#7448),(#7449,
#7450,#7451,#7452),(#7453,#7454,#7455,#7456),(#7457,#7458,#7459,#7460)),
 .UNSPECIFIED.,.F.,.F.,.F.,(4,4),(4,4),(0.,1.),(0.0101021138799615,1.),
 .UNSPECIFIED.);
#176=B_SPLINE_SURFACE_WITH_KNOTS('',3,3,((#7480,#7481,#7482,#7483,#7484,
#7485,#7486),(#7487,#7488,#7489,#7490,#7491,#7492,#7493),(#7494,#7495,#7496,
#7497,#7498,#7499,#7500),(#7501,#7502,#7503,#7504,#7505,#7506,#7507),(#7508,
#7509,#7510,#7511,#7512,#7513,#7514),(#7515,#7516,#7517,#7518,#7519,#7520,
#7521),(#7522,#7523,#7524,#7525,#7526,#7527,#7528),(#7529,#7530,#7531,#7532,
#7533,#7534,#7535),(#7536,#7537,#7538,#7539,#7540,#7541,#7542),(#7543,#7544,
#7545,#7546,#7547,#7548,#7549),(#7550,#7551,#7552,#7553,#7554,#7555,#7556),
(#7557,#7558,#7559,#7560,#7561,#7562,#7563),(#7564,#7565,#7566,#7567,#7568,
#7569,#7570),(#7571,#7572,#7573,#7574,#7575,#7576,#7577),(#7578,#7579,#7580,
#7581,#7582,#7583,#7584),(#7585,#7586,#7587,#7588,#7589,#7590,#7591),(#7592,
#7593,#7594,#7595,#7596,#7597,#7598),(#7599,#7600,#7601,#7602,#7603,#7604,
#7605),(#7606,#7607,#7608,#7609,#7610,#7611,#7612),(#7613,#7614,#7615,#7616,
#7617,#7618,#7619),(#7620,#7621,#7622,#7623,#7624,#7625,#7626),(#7627,#7628,
#7629,#7630,#7631,#7632,#7633),(#7634,#7635,#7636,#7637,#7638,#7639,#7640),
(#7641,#7642,#7643,#7644,#7645,#7646,#7647),(#7648,#7649,#7650,#7651,#7652,
#7653,#7654),(#7655,#7656,#7657,#7658,#7659,#7660,#7661),(#7662,#7663,#7664,
#7665,#7666,#7667,#7668),(#7669,#7670,#7671,#7672,#7673,#7674,#7675),(#7676,
#7677,#7678,#7679,#7680,#7681,#7682),(#7683,#7684,#7685,#7686,#7687,#7688,
#7689),(#7690,#7691,#7692,#7693,#7694,#7695,#7696),(#7697,#7698,#7699,#7700,
#7701,#7702,#7703),(#7704,#7705,#7706,#7707,#7708,#7709,#7710),(#7711,#7712,
#7713,#7714,#7715,#7716,#7717),(#7718,#7719,#7720,#7721,#7722,#7723,#7724),
(#7725,#7726,#7727,#7728,#7729,#7730,#7731),(#7732,#7733,#7734,#7735,#7736,
#7737,#7738),(#7739,#7740,#7741,#7742,#7743,#7744,#7745),(#7746,#7747,#7748,
#7749,#7750,#7751,#7752),(#7753,#7754,#7755,#7756,#7757,#7758,#7759),(#7760,
#7761,#7762,#7763,#7764,#7765,#7766),(#7767,#7768,#7769,#7770,#7771,#7772,
#7773),(#7774,#7775,#7776,#7777,#7778,#7779,#7780),(#7781,#7782,#7783,#7784,
#7785,#7786,#7787),(#7788,#7789,#7790,#7791,#7792,#7793,#7794),(#7795,#7796,
#7797,#7798,#7799,#7800,#7801),(#7802,#7803,#7804,#7805,#7806,#7807,#7808),
(#7809,#7810,#7811,#7812,#7813,#7814,#7815),(#7816,#7817,#7818,#7819,#7820,
#7821,#7822),(#7823,#7824,#7825,#7826,#7827,#7828,#7829),(#7830,#7831,#7832,
#7833,#7834,#7835,#7836),(#7837,#7838,#7839,#7840,#7841,#7842,#7843),(#7844,
#7845,#7846,#7847,#7848,#7849,#7850),(#7851,#7852,#7853,#7854,#7855,#7856,
#7857),(#7858,#7859,#7860,#7861,#7862,#7863,#7864),(#7865,#7866,#7867,#7868,
#7869,#7870,#7871),(#7872,#7873,#7874,#7875,#7876,#7877,#7878),(#7879,#7880,
#7881,#7882,#7883,#7884,#7885),(#7886,#7887,#7888,#7889,#7890,#7891,#7892),
(#7893,#7894,#7895,#7896,#7897,#7898,#7899),(#7900,#7901,#7902,#7903,#7904,
#7905,#7906),(#7907,#7908,#7909,#7910,#7911,#7912,#7913),(#7914,#7915,#7916,
#7917,#7918,#7919,#7920),(#7921,#7922,#7923,#7924,#7925,#7926,#7927),(#7928,
#7929,#7930,#7931,#7932,#7933,#7934),(#7935,#7936,#7937,#7938,#7939,#7940,
#7941),(#7942,#7943,#7944,#7945,#7946,#7947,#7948),(#7949,#7950,#7951,#7952,
#7953,#7954,#7955),(#7956,#7957,#7958,#7959,#7960,#7961,#7962),(#7963,#7964,
#7965,#7966,#7967,#7968,#7969),(#7970,#7971,#7972,#7973,#7974,#7975,#7976),
(#7977,#7978,#7979,#7980,#7981,#7982,#7983),(#7984,#7985,#7986,#7987,#7988,
#7989,#7990),(#7991,#7992,#7993,#7994,#7995,#7996,#7997),(#7998,#7999,#8000,
#8001,#8002,#8003,#8004)),.UNSPECIFIED.,.F.,.F.,.F.,(4,1,1,1,1,2,1,1,1,
1,2,1,1,1,1,1,1,2,1,1,1,1,1,1,1,1,1,1,1,1,1,1,1,1,1,1,2,1,1,1,1,1,1,1,1,
1,2,2,1,1,1,1,1,1,1,1,1,2,1,1,1,1,1,1,1,4),(4,1,1,1,4),(-0.00181465905499729,
0.0303064436105116,0.0606128872210232,0.0909193308315348,0.106072552636791,
0.121225774442046,0.121632255065764,0.122038735689481,0.122851696936916,
0.124477619431786,0.127729464421526,0.130952128286629,0.134174792151732,
0.140620119881938,0.153510775342351,0.166401430802764,0.179292086263176,
0.230854708104826,0.234007930736208,0.237161153367589,0.243467598630351,
0.256080489155876,0.281306270206926,0.306532051257976,0.319144941783501,
0.331757832309026,0.432660956513226,0.508338299666375,0.533564080717425,
0.54617697124295,0.558789861768475,0.584015642819525,0.59662853334505,0.602934978607813,
0.609241423870575,0.6218543143961,0.634467204921625,0.637689869091182,0.640912533260738,
0.647357861599852,0.653803189938965,0.660248518278078,0.686029831634532,
0.698920488312758,0.711811144990985,0.724701801669212,0.737592458347438,
0.744096149023592,0.747884452651228,0.751672756278865,0.759249363534139,
0.766825970789413,0.774402578044687,0.781979185299961,0.785767488927597,
0.804709007065782,0.835015436086877,0.865321865107972,0.869530556823348,
0.873739248538724,0.882156631969476,0.890574015400227,0.898991398830979,
0.915826165692483,0.932660932553986,1.0000291890966),(0.00209889245306872,
0.287213494609335,0.429770795687468,0.714885397843734,1.001814659055),
 .UNSPECIFIED.);
#177=B_SPLINE_SURFACE_WITH_KNOTS('',3,3,((#8810,#8811,#8812,#8813),(#8814,
#8815,#8816,#8817),(#8818,#8819,#8820,#8821),(#8822,#8823,#8824,#8825),
(#8826,#8827,#8828,#8829),(#8830,#8831,#8832,#8833)),.UNSPECIFIED.,.F.,
 .F.,.F.,(4,2,4),(4,4),(-2.11436556367474E-5,0.580313134439245,1.00007417351656),
(-7.41737148130324E-5,1.00002121686736),.UNSPECIFIED.);
#178=B_SPLINE_SURFACE_WITH_KNOTS('',3,3,((#8941,#8942,#8943,#8944),(#8945,
#8946,#8947,#8948),(#8949,#8950,#8951,#8952),(#8953,#8954,#8955,#8956),
(#8957,#8958,#8959,#8960),(#8961,#8962,#8963,#8964)),.UNSPECIFIED.,.F.,
 .F.,.F.,(4,2,4),(4,4),(-7.65451389298889E-5,0.419687838510911,1.00001916041518),
(-7.65451389302415E-5,1.00001923174628),.UNSPECIFIED.);
#179=B_SPLINE_SURFACE_WITH_KNOTS('',3,3,((#9270,#9271,#9272,#9273,#9274,
#9275),(#9276,#9277,#9278,#9279,#9280,#9281),(#9282,#9283,#9284,#9285,#9286,
#9287),(#9288,#9289,#9290,#9291,#9292,#9293)),.UNSPECIFIED.,.F.,.F.,.F.,
(4,4),(4,2,4),(0.211074606267331,0.250001450347115),(-1.,-0.5,-0.400858578797385),
 .UNSPECIFIED.);
#180=B_SPLINE_SURFACE_WITH_KNOTS('',3,3,((#9306,#9307,#9308,#9309,#9310,
#9311),(#9312,#9313,#9314,#9315,#9316,#9317),(#9318,#9319,#9320,#9321,#9322,
#9323),(#9324,#9325,#9326,#9327,#9328,#9329)),.UNSPECIFIED.,.F.,.F.,.F.,
(4,4),(4,2,4),(0.709687179381578,0.750009793341079),(-0.610093706101987,
-0.5,1.94242436772078E-7),.UNSPECIFIED.);
#181=B_SPLINE_SURFACE_WITH_KNOTS('',3,3,((#9380,#9381,#9382,#9383),(#9384,
#9385,#9386,#9387),(#9388,#9389,#9390,#9391),(#9392,#9393,#9394,#9395),
(#9396,#9397,#9398,#9399)),.UNSPECIFIED.,.F.,.F.,.F.,(4,1,4),(4,4),(-2.96828688348671E-16,
0.419687838510911,1.00000497950945),(-6.43425201988435E-6,1.),
 .UNSPECIFIED.);
#182=B_SPLINE_SURFACE_WITH_KNOTS('',3,1,((#9464,#9465),(#9466,#9467),(#9468,
#9469),(#9470,#9471),(#9472,#9473)),.UNSPECIFIED.,.F.,.F.,.F.,(4,1,4),(2,
2),(-1.,-0.500000000000006,0.),(0.,1.15199999999998),.UNSPECIFIED.);
#183=B_SPLINE_SURFACE_WITH_KNOTS('',3,1,((#9483,#9484),(#9485,#9486),(#9487,
#9488),(#9489,#9490)),.UNSPECIFIED.,.F.,.F.,.F.,(4,4),(2,2),(-0.499543061105442,
-0.18079631740565),(0.,1.00800000000005),.UNSPECIFIED.);
#184=B_SPLINE_SURFACE_WITH_KNOTS('',3,1,((#9491,#9492),(#9493,#9494),(#9495,
#9496),(#9497,#9498),(#9499,#9500),(#9501,#9502),(#9503,#9504),(#9505,#9506),
(#9507,#9508),(#9509,#9510),(#9511,#9512),(#9513,#9514),(#9515,#9516),(#9517,
#9518)),.UNSPECIFIED.,.F.,.F.,.F.,(4,2,2,2,2,2,4),(2,2),(-0.674311016542121,
-0.573484731066423,-0.465864424745616,-0.316901719091541,-0.178258271088292,
-0.0863476152919766,0.),(0.,1.1520623729784),.UNSPECIFIED.);
#185=B_SPLINE_SURFACE_WITH_KNOTS('',3,1,((#9553,#9554),(#9555,#9556),(#9557,
#9558),(#9559,#9560)),.UNSPECIFIED.,.F.,.F.,.F.,(4,4),(2,2),(-1.,0.),(0.,
1.152),.UNSPECIFIED.);
#186=B_SPLINE_SURFACE_WITH_KNOTS('',3,1,((#9569,#9570),(#9571,#9572),(#9573,
#9574),(#9575,#9576)),.UNSPECIFIED.,.F.,.F.,.F.,(4,4),(2,2),(-1.,0.),(0.,
1.15200000000002),.UNSPECIFIED.);
#187=B_SPLINE_SURFACE_WITH_KNOTS('',3,1,((#9583,#9584),(#9585,#9586),(#9587,
#9588),(#9589,#9590),(#9591,#9592)),.UNSPECIFIED.,.F.,.F.,.F.,(4,1,4),(2,
2),(-1.,-0.5,0.),(0.,1.15200000004552),.UNSPECIFIED.);
#188=B_SPLINE_SURFACE_WITH_KNOTS('',3,1,((#9604,#9605),(#9606,#9607),(#9608,
#9609),(#9610,#9611),(#9612,#9613)),.UNSPECIFIED.,.F.,.F.,.F.,(4,1,4),(2,
2),(-7.62045173193803E-16,0.5,1.),(0.,1.152),.UNSPECIFIED.);
#189=B_SPLINE_SURFACE_WITH_KNOTS('',3,1,((#9632,#9633),(#9634,#9635),(#9636,
#9637),(#9638,#9639),(#9640,#9641)),.UNSPECIFIED.,.F.,.F.,.F.,(4,1,4),(2,
2),(-1.,-0.5,0.),(0.,1.15200000002424),.UNSPECIFIED.);
#190=B_SPLINE_SURFACE_WITH_KNOTS('',3,1,((#9646,#9647),(#9648,#9649),(#9650,
#9651),(#9652,#9653)),.UNSPECIFIED.,.F.,.F.,.F.,(4,4),(2,2),(-0.819205521441325,
-0.500456938894713),(0.,1.00800000000001),.UNSPECIFIED.);
#191=B_SPLINE_SURFACE_WITH_KNOTS('',3,1,((#9657,#9658),(#9659,#9660),(#9661,
#9662),(#9663,#9664),(#9665,#9666)),.UNSPECIFIED.,.F.,.F.,.F.,(4,1,4),(2,
2),(-1.,-0.5,-0.138396203141001),(0.,1.15200000000005),.UNSPECIFIED.);
#192=B_SPLINE_SURFACE_WITH_KNOTS('',3,3,((#9771,#9772,#9773,#9774),(#9775,
#9776,#9777,#9778),(#9779,#9780,#9781,#9782),(#9783,#9784,#9785,#9786),
(#9787,#9788,#9789,#9790),(#9791,#9792,#9793,#9794),(#9795,#9796,#9797,
#9798),(#9799,#9800,#9801,#9802),(#9803,#9804,#9805,#9806),(#9807,#9808,
#9809,#9810),(#9811,#9812,#9813,#9814),(#9815,#9816,#9817,#9818),(#9819,
#9820,#9821,#9822),(#9823,#9824,#9825,#9826),(#9827,#9828,#9829,#9830),
(#9831,#9832,#9833,#9834),(#9835,#9836,#9837,#9838),(#9839,#9840,#9841,
#9842),(#9843,#9844,#9845,#9846),(#9847,#9848,#9849,#9850),(#9851,#9852,
#9853,#9854),(#9855,#9856,#9857,#9858),(#9859,#9860,#9861,#9862),(#9863,
#9864,#9865,#9866),(#9867,#9868,#9869,#9870),(#9871,#9872,#9873,#9874),
(#9875,#9876,#9877,#9878)),.UNSPECIFIED.,.F.,.F.,.F.,(4,1,1,1,2,1,2,1,1,
2,1,2,1,2,2,1,2,4),(4,4),(-0.000403159660289859,0.0303064436105116,0.0606128872210232,
0.0909193308315348,0.121225774442046,0.124477619431786,0.127729464421526,
0.153510775342351,0.205073397184001,0.230854708104826,0.432660956513226,
0.634467204921625,0.686029831634532,0.737592458347438,0.744096149023592,
0.804709007065782,0.865321865107972,1.00000071626986),(-0.000403159660291599,
1.00000000729781),.UNSPECIFIED.);
#193=B_SPLINE_SURFACE_WITH_KNOTS('',3,1,((#9879,#9880),(#9881,#9882),(#9883,
#9884),(#9885,#9886),(#9887,#9888),(#9889,#9890),(#9891,#9892)),
 .UNSPECIFIED.,.F.,.F.,.F.,(4,3,4),(2,2),(1.54548742596367,1.65465024291235,
1.6698924924772),(0.,1.44),.UNSPECIFIED.);
#194=FACE_BOUND('',#429,.T.);
#195=FACE_BOUND('',#430,.T.);
#196=FACE_BOUND('',#431,.T.);
#197=FACE_BOUND('',#444,.T.);
#198=FACE_BOUND('',#456,.T.);
#199=FACE_BOUND('',#474,.T.);
#200=FACE_BOUND('',#475,.T.);
#201=FACE_BOUND('',#476,.T.);
#202=FACE_BOUND('',#481,.T.);
#203=FACE_BOUND('',#486,.T.);
#204=FACE_BOUND('',#501,.T.);
#205=FACE_BOUND('',#506,.T.);
#206=FACE_BOUND('',#656,.T.);
#207=FACE_BOUND('',#658,.T.);
#208=FACE_OUTER_BOUND('',#428,.T.);
#209=FACE_OUTER_BOUND('',#432,.T.);
#210=FACE_OUTER_BOUND('',#433,.T.);
#211=FACE_OUTER_BOUND('',#434,.T.);
#212=FACE_OUTER_BOUND('',#435,.T.);
#213=FACE_OUTER_BOUND('',#436,.T.);
#214=FACE_OUTER_BOUND('',#437,.T.);
#215=FACE_OUTER_BOUND('',#438,.T.);
#216=FACE_OUTER_BOUND('',#439,.T.);
#217=FACE_OUTER_BOUND('',#440,.T.);
#218=FACE_OUTER_BOUND('',#441,.T.);
#219=FACE_OUTER_BOUND('',#442,.T.);
#220=FACE_OUTER_BOUND('',#443,.T.);
#221=FACE_OUTER_BOUND('',#445,.T.);
#222=FACE_OUTER_BOUND('',#446,.T.);
#223=FACE_OUTER_BOUND('',#447,.T.);
#224=FACE_OUTER_BOUND('',#448,.T.);
#225=FACE_OUTER_BOUND('',#449,.T.);
#226=FACE_OUTER_BOUND('',#450,.T.);
#227=FACE_OUTER_BOUND('',#451,.T.);
#228=FACE_OUTER_BOUND('',#452,.T.);
#229=FACE_OUTER_BOUND('',#453,.T.);
#230=FACE_OUTER_BOUND('',#454,.T.);
#231=FACE_OUTER_BOUND('',#455,.T.);
#232=FACE_OUTER_BOUND('',#457,.T.);
#233=FACE_OUTER_BOUND('',#458,.T.);
#234=FACE_OUTER_BOUND('',#459,.T.);
#235=FACE_OUTER_BOUND('',#460,.T.);
#236=FACE_OUTER_BOUND('',#461,.T.);
#237=FACE_OUTER_BOUND('',#462,.T.);
#238=FACE_OUTER_BOUND('',#463,.T.);
#239=FACE_OUTER_BOUND('',#464,.T.);
#240=FACE_OUTER_BOUND('',#465,.T.);
#241=FACE_OUTER_BOUND('',#466,.T.);
#242=FACE_OUTER_BOUND('',#467,.T.);
#243=FACE_OUTER_BOUND('',#468,.T.);
#244=FACE_OUTER_BOUND('',#469,.T.);
#245=FACE_OUTER_BOUND('',#470,.T.);
#246=FACE_OUTER_BOUND('',#471,.T.);
#247=FACE_OUTER_BOUND('',#472,.T.);
#248=FACE_OUTER_BOUND('',#473,.T.);
#249=FACE_OUTER_BOUND('',#477,.T.);
#250=FACE_OUTER_BOUND('',#478,.T.);
#251=FACE_OUTER_BOUND('',#479,.T.);
#252=FACE_OUTER_BOUND('',#480,.T.);
#253=FACE_OUTER_BOUND('',#482,.T.);
#254=FACE_OUTER_BOUND('',#483,.T.);
#255=FACE_OUTER_BOUND('',#484,.T.);
#256=FACE_OUTER_BOUND('',#485,.T.);
#257=FACE_OUTER_BOUND('',#487,.T.);
#258=FACE_OUTER_BOUND('',#488,.T.);
#259=FACE_OUTER_BOUND('',#489,.T.);
#260=FACE_OUTER_BOUND('',#490,.T.);
#261=FACE_OUTER_BOUND('',#491,.T.);
#262=FACE_OUTER_BOUND('',#492,.T.);
#263=FACE_OUTER_BOUND('',#493,.T.);
#264=FACE_OUTER_BOUND('',#494,.T.);
#265=FACE_OUTER_BOUND('',#495,.T.);
#266=FACE_OUTER_BOUND('',#496,.T.);
#267=FACE_OUTER_BOUND('',#497,.T.);
#268=FACE_OUTER_BOUND('',#498,.T.);
#269=FACE_OUTER_BOUND('',#499,.T.);
#270=FACE_OUTER_BOUND('',#500,.T.);
#271=FACE_OUTER_BOUND('',#502,.T.);
#272=FACE_OUTER_BOUND('',#503,.T.);
#273=FACE_OUTER_BOUND('',#504,.T.);
#274=FACE_OUTER_BOUND('',#505,.T.);
#275=FACE_OUTER_BOUND('',#507,.T.);
#276=FACE_OUTER_BOUND('',#508,.T.);
#277=FACE_OUTER_BOUND('',#509,.T.);
#278=FACE_OUTER_BOUND('',#510,.T.);
#279=FACE_OUTER_BOUND('',#511,.T.);
#280=FACE_OUTER_BOUND('',#512,.T.);
#281=FACE_OUTER_BOUND('',#513,.T.);
#282=FACE_OUTER_BOUND('',#514,.T.);
#283=FACE_OUTER_BOUND('',#515,.T.);
#284=FACE_OUTER_BOUND('',#516,.T.);
#285=FACE_OUTER_BOUND('',#517,.T.);
#286=FACE_OUTER_BOUND('',#518,.T.);
#287=FACE_OUTER_BOUND('',#519,.T.);
#288=FACE_OUTER_BOUND('',#520,.T.);
#289=FACE_OUTER_BOUND('',#521,.T.);
#290=FACE_OUTER_BOUND('',#522,.T.);
#291=FACE_OUTER_BOUND('',#523,.T.);
#292=FACE_OUTER_BOUND('',#524,.T.);
#293=FACE_OUTER_BOUND('',#525,.T.);
#294=FACE_OUTER_BOUND('',#526,.T.);
#295=FACE_OUTER_BOUND('',#527,.T.);
#296=FACE_OUTER_BOUND('',#528,.T.);
#297=FACE_OUTER_BOUND('',#529,.T.);
#298=FACE_OUTER_BOUND('',#530,.T.);
#299=FACE_OUTER_BOUND('',#531,.T.);
#300=FACE_OUTER_BOUND('',#532,.T.);
#301=FACE_OUTER_BOUND('',#533,.T.);
#302=FACE_OUTER_BOUND('',#534,.T.);
#303=FACE_OUTER_BOUND('',#535,.T.);
#304=FACE_OUTER_BOUND('',#536,.T.);
#305=FACE_OUTER_BOUND('',#537,.T.);
#306=FACE_OUTER_BOUND('',#538,.T.);
#307=FACE_OUTER_BOUND('',#539,.T.);
#308=FACE_OUTER_BOUND('',#540,.T.);
#309=FACE_OUTER_BOUND('',#541,.T.);
#310=FACE_OUTER_BOUND('',#542,.T.);
#311=FACE_OUTER_BOUND('',#543,.T.);
#312=FACE_OUTER_BOUND('',#544,.T.);
#313=FACE_OUTER_BOUND('',#545,.T.);
#314=FACE_OUTER_BOUND('',#546,.T.);
#315=FACE_OUTER_BOUND('',#547,.T.);
#316=FACE_OUTER_BOUND('',#548,.T.);
#317=FACE_OUTER_BOUND('',#549,.T.);
#318=FACE_OUTER_BOUND('',#550,.T.);
#319=FACE_OUTER_BOUND('',#551,.T.);
#320=FACE_OUTER_BOUND('',#552,.T.);
#321=FACE_OUTER_BOUND('',#553,.T.);
#322=FACE_OUTER_BOUND('',#554,.T.);
#323=FACE_OUTER_BOUND('',#555,.T.);
#324=FACE_OUTER_BOUND('',#556,.T.);
#325=FACE_OUTER_BOUND('',#557,.T.);
#326=FACE_OUTER_BOUND('',#558,.T.);
#327=FACE_OUTER_BOUND('',#559,.T.);
#328=FACE_OUTER_BOUND('',#560,.T.);
#329=FACE_OUTER_BOUND('',#561,.T.);
#330=FACE_OUTER_BOUND('',#562,.T.);
#331=FACE_OUTER_BOUND('',#563,.T.);
#332=FACE_OUTER_BOUND('',#564,.T.);
#333=FACE_OUTER_BOUND('',#565,.T.);
#334=FACE_OUTER_BOUND('',#566,.T.);
#335=FACE_OUTER_BOUND('',#567,.T.);
#336=FACE_OUTER_BOUND('',#568,.T.);
#337=FACE_OUTER_BOUND('',#569,.T.);
#338=FACE_OUTER_BOUND('',#570,.T.);
#339=FACE_OUTER_BOUND('',#571,.T.);
#340=FACE_OUTER_BOUND('',#572,.T.);
#341=FACE_OUTER_BOUND('',#573,.T.);
#342=FACE_OUTER_BOUND('',#574,.T.);
#343=FACE_OUTER_BOUND('',#575,.T.);
#344=FACE_OUTER_BOUND('',#576,.T.);
#345=FACE_OUTER_BOUND('',#577,.T.);
#346=FACE_OUTER_BOUND('',#578,.T.);
#347=FACE_OUTER_BOUND('',#579,.T.);
#348=FACE_OUTER_BOUND('',#580,.T.);
#349=FACE_OUTER_BOUND('',#581,.T.);
#350=FACE_OUTER_BOUND('',#582,.T.);
#351=FACE_OUTER_BOUND('',#583,.T.);
#352=FACE_OUTER_BOUND('',#584,.T.);
#353=FACE_OUTER_BOUND('',#585,.T.);
#354=FACE_OUTER_BOUND('',#586,.T.);
#355=FACE_OUTER_BOUND('',#587,.T.);
#356=FACE_OUTER_BOUND('',#588,.T.);
#357=FACE_OUTER_BOUND('',#589,.T.);
#358=FACE_OUTER_BOUND('',#590,.T.);
#359=FACE_OUTER_BOUND('',#591,.T.);
#360=FACE_OUTER_BOUND('',#592,.T.);
#361=FACE_OUTER_BOUND('',#593,.T.);
#362=FACE_OUTER_BOUND('',#594,.T.);
#363=FACE_OUTER_BOUND('',#595,.T.);
#364=FACE_OUTER_BOUND('',#596,.T.);
#365=FACE_OUTER_BOUND('',#597,.T.);
#366=FACE_OUTER_BOUND('',#598,.T.);
#367=FACE_OUTER_BOUND('',#599,.T.);
#368=FACE_OUTER_BOUND('',#600,.T.);
#369=FACE_OUTER_BOUND('',#601,.T.);
#370=FACE_OUTER_BOUND('',#602,.T.);
#371=FACE_OUTER_BOUND('',#603,.T.);
#372=FACE_OUTER_BOUND('',#604,.T.);
#373=FACE_OUTER_BOUND('',#605,.T.);
#374=FACE_OUTER_BOUND('',#606,.T.);
#375=FACE_OUTER_BOUND('',#607,.T.);
#376=FACE_OUTER_BOUND('',#608,.T.);
#377=FACE_OUTER_BOUND('',#609,.T.);
#378=FACE_OUTER_BOUND('',#610,.T.);
#379=FACE_OUTER_BOUND('',#611,.T.);
#380=FACE_OUTER_BOUND('',#612,.T.);
#381=FACE_OUTER_BOUND('',#613,.T.);
#382=FACE_OUTER_BOUND('',#614,.T.);
#383=FACE_OUTER_BOUND('',#615,.T.);
#384=FACE_OUTER_BOUND('',#616,.T.);
#385=FACE_OUTER_BOUND('',#617,.T.);
#386=FACE_OUTER_BOUND('',#618,.T.);
#387=FACE_OUTER_BOUND('',#619,.T.);
#388=FACE_OUTER_BOUND('',#620,.T.);
#389=FACE_OUTER_BOUND('',#621,.T.);
#390=FACE_OUTER_BOUND('',#622,.T.);
#391=FACE_OUTER_BOUND('',#623,.T.);
#392=FACE_OUTER_BOUND('',#624,.T.);
#393=FACE_OUTER_BOUND('',#625,.T.);
#394=FACE_OUTER_BOUND('',#626,.T.);
#395=FACE_OUTER_BOUND('',#627,.T.);
#396=FACE_OUTER_BOUND('',#628,.T.);
#397=FACE_OUTER_BOUND('',#629,.T.);
#398=FACE_OUTER_BOUND('',#630,.T.);
#399=FACE_OUTER_BOUND('',#631,.T.);
#400=FACE_OUTER_BOUND('',#632,.T.);
#401=FACE_OUTER_BOUND('',#633,.T.);
#402=FACE_OUTER_BOUND('',#634,.T.);
#403=FACE_OUTER_BOUND('',#635,.T.);
#404=FACE_OUTER_BOUND('',#636,.T.);
#405=FACE_OUTER_BOUND('',#637,.T.);
#406=FACE_OUTER_BOUND('',#638,.T.);
#407=FACE_OUTER_BOUND('',#639,.T.);
#408=FACE_OUTER_BOUND('',#640,.T.);
#409=FACE_OUTER_BOUND('',#641,.T.);
#410=FACE_OUTER_BOUND('',#642,.T.);
#411=FACE_OUTER_BOUND('',#643,.T.);
#412=FACE_OUTER_BOUND('',#644,.T.);
#413=FACE_OUTER_BOUND('',#645,.T.);
#414=FACE_OUTER_BOUND('',#646,.T.);
#415=FACE_OUTER_BOUND('',#647,.T.);
#416=FACE_OUTER_BOUND('',#648,.T.);
#417=FACE_OUTER_BOUND('',#649,.T.);
#418=FACE_OUTER_BOUND('',#650,.T.);
#419=FACE_OUTER_BOUND('',#651,.T.);
#420=FACE_OUTER_BOUND('',#652,.T.);
#421=FACE_OUTER_BOUND('',#653,.T.);
#422=FACE_OUTER_BOUND('',#654,.T.);
#423=FACE_OUTER_BOUND('',#655,.T.);
#424=FACE_OUTER_BOUND('',#657,.T.);
#425=FACE_OUTER_BOUND('',#659,.T.);
#426=FACE_OUTER_BOUND('',#660,.T.);
#427=FACE_OUTER_BOUND('',#661,.T.);
#428=EDGE_LOOP('',(#2420,#2421,#2422,#2423,#2424,#2425,#2426,#2427,#2428,
#2429,#2430,#2431,#2432,#2433,#2434,#2435,#2436));
#429=EDGE_LOOP('',(#2437));
#430=EDGE_LOOP('',(#2438));
#431=EDGE_LOOP('',(#2439,#2440,#2441,#2442,#2443,#2444,#2445,#2446,#2447,
#2448,#2449,#2450));
#432=EDGE_LOOP('',(#2451,#2452,#2453,#2454,#2455));
#433=EDGE_LOOP('',(#2456,#2457,#2458,#2459));
#434=EDGE_LOOP('',(#2460,#2461,#2462,#2463,#2464));
#435=EDGE_LOOP('',(#2465,#2466,#2467,#2468,#2469,#2470));
#436=EDGE_LOOP('',(#2471,#2472,#2473,#2474));
#437=EDGE_LOOP('',(#2475,#2476,#2477,#2478));
#438=EDGE_LOOP('',(#2479,#2480,#2481,#2482));
#439=EDGE_LOOP('',(#2483,#2484,#2485,#2486));
#440=EDGE_LOOP('',(#2487,#2488,#2489,#2490));
#441=EDGE_LOOP('',(#2491,#2492,#2493,#2494,#2495,#2496));
#442=EDGE_LOOP('',(#2497,#2498,#2499,#2500));
#443=EDGE_LOOP('',(#2501,#2502,#2503,#2504,#2505,#2506,#2507,#2508,#2509,
#2510,#2511,#2512,#2513));
#444=EDGE_LOOP('',(#2514));
#445=EDGE_LOOP('',(#2515,#2516,#2517,#2518));
#446=EDGE_LOOP('',(#2519,#2520,#2521,#2522));
#447=EDGE_LOOP('',(#2523,#2524,#2525,#2526));
#448=EDGE_LOOP('',(#2527,#2528,#2529,#2530));
#449=EDGE_LOOP('',(#2531,#2532,#2533,#2534));
#450=EDGE_LOOP('',(#2535,#2536,#2537,#2538));
#451=EDGE_LOOP('',(#2539,#2540,#2541,#2542));
#452=EDGE_LOOP('',(#2543,#2544,#2545,#2546));
#453=EDGE_LOOP('',(#2547,#2548,#2549,#2550));
#454=EDGE_LOOP('',(#2551,#2552,#2553,#2554));
#455=EDGE_LOOP('',(#2555,#2556,#2557,#2558,#2559,#2560,#2561,#2562,#2563,
#2564,#2565,#2566,#2567));
#456=EDGE_LOOP('',(#2568));
#457=EDGE_LOOP('',(#2569,#2570,#2571,#2572));
#458=EDGE_LOOP('',(#2573,#2574,#2575,#2576));
#459=EDGE_LOOP('',(#2577,#2578,#2579,#2580));
#460=EDGE_LOOP('',(#2581,#2582,#2583,#2584));
#461=EDGE_LOOP('',(#2585,#2586,#2587,#2588));
#462=EDGE_LOOP('',(#2589,#2590,#2591,#2592));
#463=EDGE_LOOP('',(#2593,#2594,#2595,#2596));
#464=EDGE_LOOP('',(#2597,#2598,#2599,#2600));
#465=EDGE_LOOP('',(#2601,#2602,#2603,#2604));
#466=EDGE_LOOP('',(#2605,#2606,#2607,#2608));
#467=EDGE_LOOP('',(#2609,#2610,#2611,#2612));
#468=EDGE_LOOP('',(#2613,#2614,#2615,#2616,#2617));
#469=EDGE_LOOP('',(#2618,#2619,#2620,#2621));
#470=EDGE_LOOP('',(#2622,#2623,#2624,#2625));
#471=EDGE_LOOP('',(#2626,#2627,#2628,#2629,#2630));
#472=EDGE_LOOP('',(#2631,#2632,#2633,#2634));
#473=EDGE_LOOP('',(#2635,#2636,#2637,#2638,#2639,#2640,#2641,#2642,#2643,
#2644));
#474=EDGE_LOOP('',(#2645));
#475=EDGE_LOOP('',(#2646,#2647,#2648,#2649,#2650,#2651,#2652,#2653));
#476=EDGE_LOOP('',(#2654));
#477=EDGE_LOOP('',(#2655,#2656,#2657,#2658,#2659,#2660));
#478=EDGE_LOOP('',(#2661,#2662,#2663,#2664,#2665,#2666));
#479=EDGE_LOOP('',(#2667,#2668,#2669,#2670));
#480=EDGE_LOOP('',(#2671,#2672,#2673,#2674,#2675,#2676,#2677,#2678,#2679));
#481=EDGE_LOOP('',(#2680));
#482=EDGE_LOOP('',(#2681,#2682,#2683,#2684));
#483=EDGE_LOOP('',(#2685,#2686,#2687,#2688,#2689,#2690));
#484=EDGE_LOOP('',(#2691,#2692,#2693,#2694,#2695,#2696));
#485=EDGE_LOOP('',(#2697,#2698,#2699,#2700,#2701,#2702,#2703,#2704,#2705));
#486=EDGE_LOOP('',(#2706));
#487=EDGE_LOOP('',(#2707,#2708,#2709,#2710,#2711,#2712,#2713,#2714));
#488=EDGE_LOOP('',(#2715,#2716,#2717,#2718));
#489=EDGE_LOOP('',(#2719,#2720,#2721,#2722,#2723,#2724));
#490=EDGE_LOOP('',(#2725,#2726,#2727,#2728));
#491=EDGE_LOOP('',(#2729,#2730,#2731,#2732,#2733,#2734,#2735,#2736,#2737,
#2738,#2739,#2740,#2741,#2742,#2743,#2744,#2745,#2746));
#492=EDGE_LOOP('',(#2747,#2748,#2749,#2750));
#493=EDGE_LOOP('',(#2751,#2752,#2753,#2754));
#494=EDGE_LOOP('',(#2755,#2756,#2757,#2758));
#495=EDGE_LOOP('',(#2759,#2760,#2761,#2762));
#496=EDGE_LOOP('',(#2763,#2764,#2765,#2766));
#497=EDGE_LOOP('',(#2767,#2768,#2769,#2770,#2771,#2772));
#498=EDGE_LOOP('',(#2773,#2774,#2775,#2776));
#499=EDGE_LOOP('',(#2777,#2778,#2779,#2780));
#500=EDGE_LOOP('',(#2781,#2782,#2783,#2784,#2785,#2786,#2787,#2788,#2789,
#2790,#2791,#2792,#2793));
#501=EDGE_LOOP('',(#2794));
#502=EDGE_LOOP('',(#2795,#2796,#2797,#2798));
#503=EDGE_LOOP('',(#2799,#2800,#2801,#2802));
#504=EDGE_LOOP('',(#2803,#2804,#2805,#2806));
#505=EDGE_LOOP('',(#2807,#2808,#2809,#2810,#2811,#2812,#2813,#2814,#2815,
#2816,#2817,#2818,#2819));
#506=EDGE_LOOP('',(#2820));
#507=EDGE_LOOP('',(#2821,#2822,#2823,#2824));
#508=EDGE_LOOP('',(#2825,#2826,#2827,#2828,#2829,#2830,#2831,#2832,#2833,
#2834,#2835,#2836,#2837,#2838,#2839,#2840,#2841,#2842,#2843,#2844));
#509=EDGE_LOOP('',(#2845,#2846,#2847,#2848,#2849,#2850,#2851,#2852,#2853,
#2854,#2855,#2856,#2857,#2858,#2859,#2860,#2861,#2862,#2863));
#510=EDGE_LOOP('',(#2864,#2865,#2866,#2867));
#511=EDGE_LOOP('',(#2868,#2869,#2870,#2871));
#512=EDGE_LOOP('',(#2872,#2873,#2874,#2875));
#513=EDGE_LOOP('',(#2876,#2877,#2878,#2879,#2880,#2881,#2882,#2883,#2884,
#2885,#2886,#2887,#2888,#2889,#2890,#2891,#2892,#2893));
#514=EDGE_LOOP('',(#2894,#2895,#2896,#2897,#2898));
#515=EDGE_LOOP('',(#2899,#2900,#2901,#2902,#2903));
#516=EDGE_LOOP('',(#2904,#2905,#2906,#2907,#2908,#2909,#2910,#2911,#2912,
#2913,#2914,#2915,#2916,#2917,#2918,#2919,#2920,#2921));
#517=EDGE_LOOP('',(#2922,#2923,#2924,#2925,#2926));
#518=EDGE_LOOP('',(#2927,#2928,#2929,#2930));
#519=EDGE_LOOP('',(#2931,#2932,#2933,#2934));
#520=EDGE_LOOP('',(#2935,#2936,#2937,#2938,#2939,#2940,#2941,#2942));
#521=EDGE_LOOP('',(#2943,#2944,#2945,#2946));
#522=EDGE_LOOP('',(#2947,#2948,#2949,#2950,#2951));
#523=EDGE_LOOP('',(#2952,#2953,#2954,#2955));
#524=EDGE_LOOP('',(#2956,#2957,#2958,#2959));
#525=EDGE_LOOP('',(#2960,#2961,#2962,#2963));
#526=EDGE_LOOP('',(#2964,#2965,#2966,#2967,#2968,#2969));
#527=EDGE_LOOP('',(#2970,#2971,#2972,#2973));
#528=EDGE_LOOP('',(#2974,#2975,#2976,#2977,#2978,#2979,#2980,#2981,#2982,
#2983,#2984,#2985));
#529=EDGE_LOOP('',(#2986,#2987,#2988,#2989,#2990,#2991));
#530=EDGE_LOOP('',(#2992,#2993,#2994,#2995));
#531=EDGE_LOOP('',(#2996,#2997,#2998,#2999));
#532=EDGE_LOOP('',(#3000,#3001,#3002));
#533=EDGE_LOOP('',(#3003,#3004,#3005,#3006,#3007));
#534=EDGE_LOOP('',(#3008,#3009,#3010,#3011,#3012));
#535=EDGE_LOOP('',(#3013,#3014,#3015,#3016,#3017));
#536=EDGE_LOOP('',(#3018,#3019,#3020));
#537=EDGE_LOOP('',(#3021,#3022,#3023,#3024));
#538=EDGE_LOOP('',(#3025,#3026,#3027,#3028));
#539=EDGE_LOOP('',(#3029,#3030,#3031,#3032));
#540=EDGE_LOOP('',(#3033,#3034,#3035));
#541=EDGE_LOOP('',(#3036,#3037,#3038,#3039));
#542=EDGE_LOOP('',(#3040,#3041,#3042,#3043));
#543=EDGE_LOOP('',(#3044,#3045,#3046,#3047));
#544=EDGE_LOOP('',(#3048,#3049,#3050,#3051));
#545=EDGE_LOOP('',(#3052,#3053,#3054,#3055));
#546=EDGE_LOOP('',(#3056,#3057,#3058,#3059));
#547=EDGE_LOOP('',(#3060,#3061,#3062));
#548=EDGE_LOOP('',(#3063,#3064,#3065,#3066));
#549=EDGE_LOOP('',(#3067,#3068,#3069,#3070));
#550=EDGE_LOOP('',(#3071,#3072,#3073,#3074));
#551=EDGE_LOOP('',(#3075,#3076,#3077));
#552=EDGE_LOOP('',(#3078,#3079,#3080,#3081));
#553=EDGE_LOOP('',(#3082,#3083,#3084,#3085));
#554=EDGE_LOOP('',(#3086,#3087,#3088,#3089));
#555=EDGE_LOOP('',(#3090,#3091,#3092,#3093,#3094));
#556=EDGE_LOOP('',(#3095,#3096,#3097,#3098));
#557=EDGE_LOOP('',(#3099,#3100,#3101,#3102));
#558=EDGE_LOOP('',(#3103,#3104,#3105,#3106));
#559=EDGE_LOOP('',(#3107,#3108,#3109,#3110));
#560=EDGE_LOOP('',(#3111,#3112,#3113,#3114));
#561=EDGE_LOOP('',(#3115,#3116,#3117,#3118));
#562=EDGE_LOOP('',(#3119,#3120,#3121,#3122));
#563=EDGE_LOOP('',(#3123,#3124,#3125,#3126));
#564=EDGE_LOOP('',(#3127,#3128,#3129,#3130));
#565=EDGE_LOOP('',(#3131,#3132,#3133,#3134));
#566=EDGE_LOOP('',(#3135,#3136,#3137,#3138,#3139));
#567=EDGE_LOOP('',(#3140,#3141,#3142,#3143,#3144));
#568=EDGE_LOOP('',(#3145,#3146,#3147,#3148,#3149,#3150,#3151,#3152,#3153,
#3154,#3155,#3156,#3157,#3158,#3159));
#569=EDGE_LOOP('',(#3160,#3161,#3162,#3163,#3164,#3165));
#570=EDGE_LOOP('',(#3166,#3167,#3168,#3169,#3170,#3171));
#571=EDGE_LOOP('',(#3172,#3173,#3174,#3175,#3176,#3177));
#572=EDGE_LOOP('',(#3178,#3179,#3180,#3181,#3182,#3183));
#573=EDGE_LOOP('',(#3184,#3185,#3186,#3187));
#574=EDGE_LOOP('',(#3188,#3189,#3190,#3191));
#575=EDGE_LOOP('',(#3192,#3193,#3194,#3195));
#576=EDGE_LOOP('',(#3196,#3197,#3198,#3199,#3200,#3201));
#577=EDGE_LOOP('',(#3202,#3203,#3204,#3205));
#578=EDGE_LOOP('',(#3206,#3207,#3208,#3209));
#579=EDGE_LOOP('',(#3210,#3211,#3212,#3213));
#580=EDGE_LOOP('',(#3214,#3215,#3216,#3217));
#581=EDGE_LOOP('',(#3218,#3219,#3220,#3221));
#582=EDGE_LOOP('',(#3222,#3223,#3224,#3225));
#583=EDGE_LOOP('',(#3226,#3227,#3228,#3229));
#584=EDGE_LOOP('',(#3230,#3231,#3232,#3233));
#585=EDGE_LOOP('',(#3234,#3235,#3236,#3237));
#586=EDGE_LOOP('',(#3238,#3239,#3240,#3241));
#587=EDGE_LOOP('',(#3242,#3243,#3244,#3245));
#588=EDGE_LOOP('',(#3246,#3247,#3248,#3249));
#589=EDGE_LOOP('',(#3250,#3251,#3252,#3253));
#590=EDGE_LOOP('',(#3254,#3255,#3256,#3257));
#591=EDGE_LOOP('',(#3258,#3259,#3260,#3261));
#592=EDGE_LOOP('',(#3262,#3263,#3264,#3265));
#593=EDGE_LOOP('',(#3266,#3267,#3268,#3269));
#594=EDGE_LOOP('',(#3270,#3271,#3272,#3273));
#595=EDGE_LOOP('',(#3274,#3275,#3276,#3277));
#596=EDGE_LOOP('',(#3278,#3279,#3280,#3281));
#597=EDGE_LOOP('',(#3282,#3283,#3284,#3285));
#598=EDGE_LOOP('',(#3286,#3287,#3288,#3289));
#599=EDGE_LOOP('',(#3290,#3291,#3292,#3293));
#600=EDGE_LOOP('',(#3294,#3295,#3296,#3297));
#601=EDGE_LOOP('',(#3298,#3299,#3300,#3301));
#602=EDGE_LOOP('',(#3302,#3303,#3304,#3305));
#603=EDGE_LOOP('',(#3306,#3307,#3308,#3309));
#604=EDGE_LOOP('',(#3310,#3311,#3312,#3313));
#605=EDGE_LOOP('',(#3314,#3315,#3316,#3317));
#606=EDGE_LOOP('',(#3318,#3319,#3320,#3321));
#607=EDGE_LOOP('',(#3322,#3323,#3324,#3325));
#608=EDGE_LOOP('',(#3326,#3327,#3328,#3329));
#609=EDGE_LOOP('',(#3330,#3331,#3332,#3333));
#610=EDGE_LOOP('',(#3334,#3335,#3336,#3337,#3338,#3339));
#611=EDGE_LOOP('',(#3340,#3341,#3342,#3343));
#612=EDGE_LOOP('',(#3344,#3345,#3346));
#613=EDGE_LOOP('',(#3347,#3348,#3349,#3350,#3351));
#614=EDGE_LOOP('',(#3352,#3353,#3354,#3355,#3356));
#615=EDGE_LOOP('',(#3357,#3358,#3359));
#616=EDGE_LOOP('',(#3360,#3361,#3362,#3363,#3364,#3365));
#617=EDGE_LOOP('',(#3366,#3367,#3368));
#618=EDGE_LOOP('',(#3369,#3370,#3371,#3372,#3373));
#619=EDGE_LOOP('',(#3374,#3375,#3376,#3377));
#620=EDGE_LOOP('',(#3378,#3379,#3380,#3381));
#621=EDGE_LOOP('',(#3382,#3383,#3384,#3385));
#622=EDGE_LOOP('',(#3386,#3387,#3388,#3389));
#623=EDGE_LOOP('',(#3390,#3391,#3392,#3393,#3394));
#624=EDGE_LOOP('',(#3395,#3396,#3397,#3398));
#625=EDGE_LOOP('',(#3399,#3400,#3401,#3402,#3403,#3404));
#626=EDGE_LOOP('',(#3405,#3406,#3407,#3408,#3409,#3410));
#627=EDGE_LOOP('',(#3411,#3412,#3413,#3414,#3415,#3416,#3417,#3418));
#628=EDGE_LOOP('',(#3419,#3420,#3421,#3422,#3423,#3424));
#629=EDGE_LOOP('',(#3425,#3426,#3427,#3428,#3429,#3430));
#630=EDGE_LOOP('',(#3431,#3432,#3433,#3434,#3435));
#631=EDGE_LOOP('',(#3436,#3437,#3438,#3439));
#632=EDGE_LOOP('',(#3440,#3441,#3442,#3443,#3444,#3445));
#633=EDGE_LOOP('',(#3446,#3447,#3448,#3449));
#634=EDGE_LOOP('',(#3450,#3451,#3452,#3453));
#635=EDGE_LOOP('',(#3454,#3455,#3456,#3457,#3458));
#636=EDGE_LOOP('',(#3459,#3460,#3461,#3462));
#637=EDGE_LOOP('',(#3463,#3464,#3465,#3466));
#638=EDGE_LOOP('',(#3467,#3468,#3469,#3470));
#639=EDGE_LOOP('',(#3471,#3472,#3473,#3474));
#640=EDGE_LOOP('',(#3475,#3476,#3477,#3478));
#641=EDGE_LOOP('',(#3479,#3480,#3481,#3482));
#642=EDGE_LOOP('',(#3483,#3484,#3485,#3486));
#643=EDGE_LOOP('',(#3487,#3488,#3489,#3490));
#644=EDGE_LOOP('',(#3491,#3492,#3493,#3494));
#645=EDGE_LOOP('',(#3495,#3496,#3497,#3498));
#646=EDGE_LOOP('',(#3499,#3500,#3501,#3502));
#647=EDGE_LOOP('',(#3503,#3504,#3505,#3506,#3507,#3508));
#648=EDGE_LOOP('',(#3509,#3510,#3511,#3512));
#649=EDGE_LOOP('',(#3513,#3514,#3515,#3516,#3517,#3518));
#650=EDGE_LOOP('',(#3519,#3520,#3521,#3522,#3523,#3524,#3525,#3526,#3527,
#3528,#3529));
#651=EDGE_LOOP('',(#3530,#3531));
#652=EDGE_LOOP('',(#3532,#3533));
#653=EDGE_LOOP('',(#3534,#3535,#3536,#3537,#3538,#3539,#3540,#3541));
#654=EDGE_LOOP('',(#3542,#3543,#3544,#3545));
#655=EDGE_LOOP('',(#3546,#3547,#3548,#3549,#3550,#3551,#3552));
#656=EDGE_LOOP('',(#3553));
#657=EDGE_LOOP('',(#3554,#3555,#3556,#3557,#3558,#3559,#3560,#3561));
#658=EDGE_LOOP('',(#3562));
#659=EDGE_LOOP('',(#3563,#3564,#3565,#3566,#3567,#3568,#3569,#3570,#3571,
#3572,#3573,#3574,#3575));
#660=EDGE_LOOP('',(#3576,#3577,#3578,#3579,#3580));
#661=EDGE_LOOP('',(#3581,#3582,#3583));
#662=CIRCLE('',#3884,0.5);
#663=CIRCLE('',#3885,0.5);
#664=CIRCLE('',#3886,1.49999999927458);
#665=CIRCLE('',#3887,1.49999999927545);
#666=CIRCLE('',#3894,0.5);
#667=CIRCLE('',#3898,2.);
#668=CIRCLE('',#3899,1.49999999999998);
#669=CIRCLE('',#3900,1.50000000000003);
#670=CIRCLE('',#3901,1.50000000000002);
#671=CIRCLE('',#3902,3.20000000000084);
#672=CIRCLE('',#3903,1.65);
#673=CIRCLE('',#3905,1.49999999999997);
#674=CIRCLE('',#3906,1.5);
#675=CIRCLE('',#3909,1.49999999999998);
#676=CIRCLE('',#3910,1.49999999999999);
#677=CIRCLE('',#3913,1.49999999999998);
#678=CIRCLE('',#3914,1.49999999999999);
#679=CIRCLE('',#3917,1.65);
#680=CIRCLE('',#3918,1.65);
#681=CIRCLE('',#3922,1.65);
#682=CIRCLE('',#3924,2.);
#683=CIRCLE('',#3925,3.20000000000084);
#684=CIRCLE('',#3926,1.49999999999998);
#685=CIRCLE('',#3927,1.50000000000002);
#686=CIRCLE('',#3928,1.49999999999997);
#687=CIRCLE('',#3936,2.);
#688=CIRCLE('',#3938,2.);
#689=CIRCLE('',#3940,2.);
#690=CIRCLE('',#3941,2.);
#691=CIRCLE('',#3943,2.);
#692=CIRCLE('',#3944,2.);
#693=CIRCLE('',#3946,0.85);
#694=CIRCLE('',#3947,0.85);
#695=CIRCLE('',#3950,0.85);
#696=CIRCLE('',#3951,0.85);
#697=CIRCLE('',#3954,2.00000000000075);
#698=CIRCLE('',#3955,2.00000000000053);
#699=CIRCLE('',#3956,1.99999999992617);
#700=CIRCLE('',#3957,2.00000000000103);
#701=CIRCLE('',#3959,5.69999999992524);
#702=CIRCLE('',#3960,2.5);
#703=CIRCLE('',#3961,3.19999999992524);
#704=CIRCLE('',#3963,1.35);
#705=CIRCLE('',#3964,2.5);
#706=CIRCLE('',#3966,3.20000000000011);
#707=CIRCLE('',#3967,5.70000000000011);
#708=CIRCLE('',#3970,5.70000000000084);
#709=CIRCLE('',#3971,2.5);
#710=CIRCLE('',#3972,3.20000000000084);
#711=CIRCLE('',#3974,1.35);
#712=CIRCLE('',#3975,2.5);
#713=CIRCLE('',#3977,3.2);
#714=CIRCLE('',#3978,5.7);
#715=CIRCLE('',#3983,3.19999999992524);
#716=CIRCLE('',#3986,3.19999775423113);
#717=CIRCLE('',#3987,3.19999775423065);
#718=CIRCLE('',#3988,3.19999775423069);
#719=CIRCLE('',#3989,3.19999775423107);
#720=CIRCLE('',#3990,8.5);
#721=CIRCLE('',#3991,8.49999999999976);
#722=CIRCLE('',#3992,8.49999999999949);
#723=CIRCLE('',#3993,8.49999999999986);
#724=CIRCLE('',#3995,3.20000000000011);
#725=CIRCLE('',#3998,2.00000000000084);
#726=CIRCLE('',#4001,2.00000000000011);
#727=CIRCLE('',#4003,3.2);
#728=CIRCLE('',#4007,2.);
#729=CIRCLE('',#4008,3.20000000000011);
#730=CIRCLE('',#4013,2.);
#731=CIRCLE('',#4017,8.49999773081823);
#732=CIRCLE('',#4018,8.49999773081759);
#733=CIRCLE('',#4019,8.49999773081808);
#734=CIRCLE('',#4020,8.49999773081817);
#735=CIRCLE('',#4021,3.199999171219);
#736=CIRCLE('',#4022,3.19999917121849);
#737=CIRCLE('',#4023,3.19999917121809);
#738=CIRCLE('',#4024,3.19999917121882);
#739=CIRCLE('',#4026,1.99999999992524);
#740=CIRCLE('',#4029,2.);
#741=CIRCLE('',#4031,3.19999917121882);
#742=CIRCLE('',#4032,3.19999917121809);
#743=CIRCLE('',#4033,3.19999917121849);
#744=CIRCLE('',#4034,3.199999171219);
#745=CIRCLE('',#4035,8.49999773081817);
#746=CIRCLE('',#4036,8.49999773081808);
#747=CIRCLE('',#4037,8.49999773081759);
#748=CIRCLE('',#4038,8.49999773081823);
#749=CIRCLE('',#4040,3.20000000000011);
#750=CIRCLE('',#4042,3.20000000000084);
#751=CIRCLE('',#4044,8.49999999999986);
#752=CIRCLE('',#4045,8.49999999999949);
#753=CIRCLE('',#4046,8.49999999999976);
#754=CIRCLE('',#4047,8.5);
#755=CIRCLE('',#4048,3.19999775423107);
#756=CIRCLE('',#4049,3.19999775423069);
#757=CIRCLE('',#4050,3.19999775423065);
#758=CIRCLE('',#4051,3.19999775423113);
#759=CIRCLE('',#4052,3.);
#760=CIRCLE('',#4055,3.);
#761=CIRCLE('',#4070,1.70418014781938);
#762=CIRCLE('',#4071,1.66232968189122);
#763=CIRCLE('',#4072,3.20000000000084);
#764=CIRCLE('',#4074,11.7000000000002);
#765=CIRCLE('',#4075,3.2);
#766=CIRCLE('',#4077,11.7);
#767=CIRCLE('',#4079,3.19999999992524);
#768=CIRCLE('',#4080,3.20000000000011);
#769=CIRCLE('',#4082,3.20000000000084);
#770=CIRCLE('',#4084,3.2);
#771=CIRCLE('',#4087,3.19999999992524);
#772=CIRCLE('',#4089,3.20000000000011);
#773=CIRCLE('',#4091,3.20000000000084);
#774=CIRCLE('',#4093,11.7);
#775=CIRCLE('',#4094,3.2);
#776=CIRCLE('',#4096,11.6999999999995);
#777=CIRCLE('',#4098,3.19999999992524);
#778=CIRCLE('',#4099,3.20000000000011);
#779=CIRCLE('',#4101,3.2);
#780=CIRCLE('',#4104,3.19999999992524);
#781=CIRCLE('',#4106,3.20000000000011);
#782=CIRCLE('',#4108,11.7);
#783=CIRCLE('',#4109,3.2);
#784=CIRCLE('',#4111,11.6999999999996);
#785=CIRCLE('',#4113,3.19999999992524);
#786=CIRCLE('',#4114,3.20000000000011);
#787=CIRCLE('',#4116,3.2);
#788=CIRCLE('',#4119,3.19999999992524);
#789=CIRCLE('',#4121,11.7000000000006);
#790=CIRCLE('',#4123,11.7);
#791=CIRCLE('',#4131,2.00000000000011);
#792=CIRCLE('',#4132,1.20000000000042);
#793=CIRCLE('',#4133,2.00000000000011);
#794=CIRCLE('',#4135,1.99999999992524);
#795=CIRCLE('',#4136,10.5);
#796=CIRCLE('',#4138,10.5000000000006);
#797=CIRCLE('',#4140,2.);
#798=CIRCLE('',#4142,2.00000000000084);
#799=CIRCLE('',#4143,1.19999999999969);
#800=CIRCLE('',#4144,2.00000000000084);
#801=CIRCLE('',#4147,2.00000000000011);
#802=CIRCLE('',#4149,1.99999999992524);
#803=CIRCLE('',#4152,2.);
#804=CIRCLE('',#4154,2.00000000000084);
#805=CIRCLE('',#4156,1.20000000000041);
#806=CIRCLE('',#4157,2.00000000000011);
#807=CIRCLE('',#4159,10.4999999999996);
#808=CIRCLE('',#4160,1.99999999992524);
#809=CIRCLE('',#4162,10.5);
#810=CIRCLE('',#4164,2.);
#811=CIRCLE('',#4166,1.19999999999968);
#812=CIRCLE('',#4167,2.00000000000084);
#813=CIRCLE('',#4170,2.00000000000011);
#814=CIRCLE('',#4172,1.99999999992524);
#815=CIRCLE('',#4175,2.);
#816=CIRCLE('',#4177,2.00000000000084);
#817=CIRCLE('',#4179,1.20000000000041);
#818=CIRCLE('',#4180,2.00000000000011);
#819=CIRCLE('',#4182,10.4999999999995);
#820=CIRCLE('',#4183,1.99999999992524);
#821=CIRCLE('',#4185,10.5);
#822=CIRCLE('',#4187,2.);
#823=CIRCLE('',#4189,1.19999999999968);
#824=CIRCLE('',#4190,2.00000000000084);
#825=CIRCLE('',#4193,2.00000000000011);
#826=CIRCLE('',#4195,1.99999999992524);
#827=CIRCLE('',#4198,2.);
#828=CIRCLE('',#4200,2.00000000000084);
#829=CIRCLE('',#4202,1.20000000000042);
#830=CIRCLE('',#4204,10.5);
#831=CIRCLE('',#4206,10.5000000000002);
#832=CIRCLE('',#4209,1.19999999999969);
#833=CIRCLE('',#4211,1.2015936232875);
#834=CIRCLE('',#4212,1.2);
#835=CIRCLE('',#4214,1.8);
#836=CIRCLE('',#4216,1.2);
#837=CIRCLE('',#4217,1.8);
#838=CIRCLE('',#4219,1.19999999999981);
#839=CIRCLE('',#4222,1.2);
#840=CIRCLE('',#4224,1.2);
#841=CIRCLE('',#4233,3.20000000000084);
#842=CIRCLE('',#4234,3.20000000000084);
#843=CIRCLE('',#4235,3.20000000000011);
#844=CIRCLE('',#4238,3.20000000000084);
#845=CIRCLE('',#4242,0.5);
#846=CIRCLE('',#4247,1.49999999927545);
#847=CIRCLE('',#4249,1.49999999927458);
#848=B_SPLINE_CURVE_WITH_KNOTS('',3,(#5285,#5286,#5287,#5288,#5289,#5290,
#5291,#5292,#5293,#5294,#5295,#5296,#5297,#5298,#5299,#5300),
 .UNSPECIFIED.,.F.,.F.,(4,3,3,3,3,4),(0.000485149970150041,0.133975463501687,
0.269016956732276,0.409153795007847,0.494289434945844,0.558223460963694),
 .UNSPECIFIED.);
#849=B_SPLINE_CURVE_WITH_KNOTS('',3,(#5302,#5303,#5304,#5305,#5306,#5307,
#5308,#5309,#5310,#5311,#5312,#5313,#5314,#5315,#5316,#5317,#5318,#5319,
#5320),.UNSPECIFIED.,.F.,.F.,(4,3,3,3,3,3,4),(-0.631655872791348,-0.550817474170475,
-0.46476927535011,-0.335063322662251,-0.195588315314312,-0.0946520659612552,
0.),.UNSPECIFIED.);
#850=B_SPLINE_CURVE_WITH_KNOTS('',3,(#5328,#5329,#5330,#5331,#5332,#5333,
#5334),.UNSPECIFIED.,.F.,.F.,(4,3,4),(-0.409865348111658,-0.237849846082154,
0.),.UNSPECIFIED.);
#851=B_SPLINE_CURVE_WITH_KNOTS('',3,(#5336,#5337,#5338,#5339),
 .UNSPECIFIED.,.F.,.F.,(4,4),(-0.0662984149217127,0.),.UNSPECIFIED.);
#852=B_SPLINE_CURVE_WITH_KNOTS('',3,(#5341,#5342,#5343,#5344,#5345,#5346),
 .UNSPECIFIED.,.F.,.F.,(4,2,4),(-0.868545836553025,-0.434272962322998,0.),
 .UNSPECIFIED.);
#853=B_SPLINE_CURVE_WITH_KNOTS('',3,(#5348,#5349,#5350,#5351,#5352,#5353),
 .UNSPECIFIED.,.F.,.F.,(4,2,4),(-0.868543972799491,-0.434271942351681,0.),
 .UNSPECIFIED.);
#854=B_SPLINE_CURVE_WITH_KNOTS('',3,(#5355,#5356,#5357,#5358),
 .UNSPECIFIED.,.F.,.F.,(4,4),(-0.0663010007045957,0.),.UNSPECIFIED.);
#855=B_SPLINE_CURVE_WITH_KNOTS('',3,(#5360,#5361,#5362,#5363,#5364,#5365,
#5366),.UNSPECIFIED.,.F.,.F.,(4,3,4),(-0.411579858474063,-0.172734660730919,
0.),.UNSPECIFIED.);
#856=B_SPLINE_CURVE_WITH_KNOTS('',3,(#5374,#5375,#5376,#5377,#5378,#5379,
#5380,#5381,#5382,#5383,#5384,#5385,#5386,#5387,#5388,#5389,#5390,#5391,
#5392),.UNSPECIFIED.,.F.,.F.,(4,3,3,3,3,3,4),(-0.64156969297156,-0.545639050539196,
-0.443244272476969,-0.301514484610262,-0.169602900510543,-0.0821549873466132,
0.),.UNSPECIFIED.);
#857=B_SPLINE_CURVE_WITH_KNOTS('',3,(#5393,#5394,#5395,#5396,#5397,#5398,
#5399,#5400,#5401,#5402),.UNSPECIFIED.,.F.,.F.,(4,2,2,2,4),(-0.531662478286554,
-0.445842062556448,-0.359440090113473,-0.210764752892302,-9.08896530755048E-5),
 .UNSPECIFIED.);
#858=B_SPLINE_CURVE_WITH_KNOTS('',3,(#5411,#5412,#5413,#5414,#5415,#5416),
 .UNSPECIFIED.,.F.,.F.,(4,2,4),(-0.146341379313197,-0.0725919391684091,
0.),.UNSPECIFIED.);
#859=B_SPLINE_CURVE_WITH_KNOTS('',3,(#5418,#5419,#5420,#5421),
 .UNSPECIFIED.,.F.,.F.,(4,4),(-0.0902149266226413,0.),.UNSPECIFIED.);
#860=B_SPLINE_CURVE_WITH_KNOTS('',3,(#5425,#5426,#5427,#5428),
 .UNSPECIFIED.,.F.,.F.,(4,4),(-0.0903607033157247,0.),.UNSPECIFIED.);
#861=B_SPLINE_CURVE_WITH_KNOTS('',3,(#5430,#5431,#5432,#5433),
 .UNSPECIFIED.,.F.,.F.,(4,4),(-0.290084719789212,-0.142243342531227),
 .UNSPECIFIED.);
#862=B_SPLINE_CURVE_WITH_KNOTS('',3,(#5437,#5438,#5439,#5440,#5441,#5442,
#5443),.UNSPECIFIED.,.F.,.F.,(4,3,4),(-0.28365407392536,-0.14182703696268,
0.),.UNSPECIFIED.);
#863=B_SPLINE_CURVE_WITH_KNOTS('',3,(#5450,#5451,#5452,#5453,#5454,#5455,
#5456),.UNSPECIFIED.,.F.,.F.,(4,3,4),(-0.283637266334437,-0.141818633167218,
0.),.UNSPECIFIED.);
#864=B_SPLINE_CURVE_WITH_KNOTS('',3,(#5470,#5471,#5472,#5473),
 .UNSPECIFIED.,.F.,.F.,(4,4),(-0.0996523734891013,-1.04021315588954E-8),
 .UNSPECIFIED.);
#865=B_SPLINE_CURVE_WITH_KNOTS('',3,(#5494,#5495,#5496,#5497,#5498,#5499,
#5500,#5501,#5502,#5503,#5504,#5505,#5506,#5507,#5508,#5509,#5510,#5511,
#5512),.UNSPECIFIED.,.F.,.F.,(4,3,3,3,3,3,4),(0.124968611661525,0.208633866219896,
0.295440987560031,0.382219852650538,0.466342482689002,0.500000000000005,
1.),.UNSPECIFIED.);
#866=B_SPLINE_CURVE_WITH_KNOTS('',3,(#5527,#5528,#5529,#5530),
 .UNSPECIFIED.,.F.,.F.,(4,4),(-0.217641727142431,0.),.UNSPECIFIED.);
#867=B_SPLINE_CURVE_WITH_KNOTS('',3,(#5532,#5533,#5534,#5535,#5536,#5537,
#5538),.UNSPECIFIED.,.F.,.F.,(4,3,4),(-0.610093448999798,-0.499999999996431,
-0.217641727142431),.UNSPECIFIED.);
#868=B_SPLINE_CURVE_WITH_KNOTS('',3,(#5584,#5585,#5586,#5587,#5588,#5589,
#5590,#5591,#5592,#5593,#5594,#5595,#5596,#5597,#5598,#5599,#5600,#5601,
#5602),.UNSPECIFIED.,.F.,.F.,(4,3,3,3,3,3,4),(0.,0.0762132692743714,0.157338262583899,
0.279623152776374,0.411118165955779,0.506279397285559,0.595438558713187),
 .UNSPECIFIED.);
#869=B_SPLINE_CURVE_WITH_KNOTS('',3,(#5639,#5640,#5641,#5642,#5643,#5644,
#5645,#5646,#5647,#5648,#5649,#5650,#5651,#5652,#5653,#5654),
 .UNSPECIFIED.,.F.,.F.,(4,3,3,3,3,4),(0.000360587349231009,0.137073270787068,
0.275245679498497,0.418631568017047,0.505741064187498,0.571157772953169),
 .UNSPECIFIED.);
#870=B_SPLINE_CURVE_WITH_KNOTS('',3,(#5661,#5662,#5663,#5664,#5665,#5666,
#5667,#5668,#5669,#5670,#5671,#5672,#5673,#5674,#5675,#5676,#5677,#5678,
#5679,#5680,#5681,#5682,#5683,#5684,#5685,#5686,#5687,#5688,#5689,#5690,
#5691,#5692,#5693,#5694,#5695,#5696,#5697,#5698,#5699,#5700),
 .UNSPECIFIED.,.F.,.F.,(4,2,2,2,2,2,2,2,2,2,2,2,2,2,2,2,2,2,2,4),(0.,0.0628795135693766,
0.099655797213191,0.115118349756874,0.129838461310189,0.145812967091444,
0.178683816180789,0.311132825102445,0.505196930705217,0.893171412169219,
1.6591421444803,2.32435631826676,2.95162158051091,2.97086701425786,2.97575283698196,
2.98204182822029,2.98829080310083,3.0032664365213,3.02438088947989,3.03232771624865),
 .UNSPECIFIED.);
#871=B_SPLINE_CURVE_WITH_KNOTS('',3,(#5728,#5729,#5730,#5731,#5732,#5733,
#5734,#5735,#5736,#5737,#5738,#5739,#5740,#5741,#5742,#5743),
 .UNSPECIFIED.,.F.,.F.,(4,3,3,3,3,4),(1.00061038504034E-6,0.0530305956841051,
0.123664118633399,0.240106300688074,0.352755785844724,0.464198475670818),
 .UNSPECIFIED.);
#872=B_SPLINE_CURVE_WITH_KNOTS('',3,(#5876,#5877,#5878,#5879,#5880,#5881,
#5882,#5883,#5884,#5885),.UNSPECIFIED.,.F.,.F.,(4,2,2,2,4),(-0.993727389388318,
-0.977768078125361,-0.910812188691581,-0.841953123497923,-0.816528923686808),
 .UNSPECIFIED.);
#873=B_SPLINE_CURVE_WITH_KNOTS('',3,(#5894,#5895,#5896,#5897,#5898,#5899,
#5900,#5901),.UNSPECIFIED.,.F.,.F.,(4,2,2,4),(-0.750722674448673,-0.693890016249029,
-0.62064283144855,-0.573239901275941),.UNSPECIFIED.);
#874=B_SPLINE_CURVE_WITH_KNOTS('',3,(#5933,#5934,#5935,#5936,#5937,#5938,
#5939,#5940),.UNSPECIFIED.,.F.,.F.,(4,2,2,4),(0.0547325460067003,0.122159362406264,
0.244318724812528,0.370333982040995),.UNSPECIFIED.);
#875=B_SPLINE_CURVE_WITH_KNOTS('',2,(#5952,#5953,#5954),.UNSPECIFIED.,.F.,
 .F.,(3,3),(0.499590600713961,0.500634484136024),.UNSPECIFIED.);
#876=B_SPLINE_CURVE_WITH_KNOTS('',2,(#5955,#5956,#5957),.UNSPECIFIED.,.F.,
 .F.,(3,3),(0.499590600713961,0.500634484136027),.UNSPECIFIED.);
#877=B_SPLINE_CURVE_WITH_KNOTS('',3,(#5970,#5971,#5972,#5973,#5974,#5975,
#5976,#5977),.UNSPECIFIED.,.F.,.F.,(4,2,2,4),(2.80877996982003,2.93479518798884,
3.05695453118371,3.12438126532563),.UNSPECIFIED.);
#878=B_SPLINE_CURVE_WITH_KNOTS('',2,(#5985,#5986,#5987),.UNSPECIFIED.,.F.,
 .F.,(3,3),(0.499365515891719,0.500409399286039),.UNSPECIFIED.);
#879=B_SPLINE_CURVE_WITH_KNOTS('',2,(#5988,#5989,#5990),.UNSPECIFIED.,.F.,
 .F.,(3,3),(0.499365515891709,0.500409399286039),.UNSPECIFIED.);
#880=B_SPLINE_CURVE_WITH_KNOTS('',3,(#6012,#6013,#6014,#6015,#6016,#6017),
 .UNSPECIFIED.,.F.,.F.,(4,2,4),(0.,0.157636734863132,0.223475464080438),
 .UNSPECIFIED.);
#881=B_SPLINE_CURVE_WITH_KNOTS('',3,(#6036,#6037,#6038,#6039,#6040,#6041,
#6042,#6043,#6044,#6045),.UNSPECIFIED.,.F.,.F.,(4,2,2,2,4),(1.30842135633857,
1.40832027099404,1.50821918564951,1.66585592035945,1.82349265506939),
 .UNSPECIFIED.);
#882=B_SPLINE_CURVE_WITH_KNOTS('',3,(#6053,#6054,#6055,#6056,#6057,#6058,
#6059,#6060,#6061,#6062),.UNSPECIFIED.,.F.,.F.,(4,2,2,2,4),(0.,0.157636735350958,
0.315273470701917,0.415172385010367,0.515071299318818),.UNSPECIFIED.);
#883=B_SPLINE_CURVE_WITH_KNOTS('',3,(#6080,#6081,#6082,#6083,#6084,#6085),
 .UNSPECIFIED.,.F.,.F.,(4,2,4),(1.60001708490903,1.66585592138961,1.82349265625383),
 .UNSPECIFIED.);
#884=B_SPLINE_CURVE_WITH_KNOTS('',3,(#6131,#6132,#6133,#6134,#6135,#6136,
#6137,#6138,#6139,#6140,#6141,#6142,#6143,#6144,#6145,#6146,#6147,#6148,
#6149,#6150,#6151,#6152,#6153,#6154,#6155,#6156,#6157,#6158,#6159,#6160,
#6161),.UNSPECIFIED.,.F.,.F.,(4,3,3,3,3,3,3,3,3,3,4),(3.2999595418018E-5,
0.012409868245132,0.0263274228391544,0.0779700153743251,0.67038511690524,
1.2122725294815,1.94704130783556,2.79641493341495,7.58433609965444,11.3674220370006,
14.4337618994218),.UNSPECIFIED.);
#885=B_SPLINE_CURVE_WITH_KNOTS('',3,(#6251,#6252,#6253,#6254,#6255,#6256),
 .UNSPECIFIED.,.F.,.F.,(4,2,4),(0.,0.00193068342298997,0.00306947086042311),
 .UNSPECIFIED.);
#886=B_SPLINE_CURVE_WITH_KNOTS('',3,(#6258,#6259,#6260,#6261,#6262,#6263,
#6264,#6265),.UNSPECIFIED.,.F.,.F.,(4,2,2,4),(1.00242650828229E-6,0.107110616453038,
0.217816776125887,0.292990724525435),.UNSPECIFIED.);
#887=B_SPLINE_CURVE_WITH_KNOTS('',3,(#6343,#6344,#6345,#6346,#6347,#6348,
#6349,#6350,#6351,#6352,#6353,#6354,#6355,#6356,#6357,#6358,#6359,#6360,
#6361,#6362,#6363,#6364),.UNSPECIFIED.,.F.,.F.,(4,3,3,3,3,3,3,4),(0.,0.173971592827392,
0.382752738778901,0.641006685615522,0.82042415284463,0.986026580264665,
0.999841620073737,0.999999997404301),.UNSPECIFIED.);
#888=B_SPLINE_CURVE_WITH_KNOTS('',3,(#6420,#6421,#6422,#6423,#6424,#6425,
#6426,#6427),.UNSPECIFIED.,.F.,.F.,(4,2,2,4),(-0.000124252565605799,0.00741982274948893,
0.819657644484987,0.819660946248846),.UNSPECIFIED.);
#889=B_SPLINE_CURVE_WITH_KNOTS('',3,(#6429,#6430,#6431,#6432,#6433,#6434,
#6435,#6436,#6437,#6438,#6439,#6440,#6441,#6442,#6443,#6444,#6445,#6446,
#6447,#6448,#6449,#6450,#6451,#6452,#6453,#6454,#6455,#6456,#6457,#6458,
#6459,#6460,#6461,#6462,#6463,#6464,#6465,#6466,#6467,#6468,#6469,#6470,
#6471),.UNSPECIFIED.,.F.,.F.,(4,3,3,3,3,3,3,3,3,3,3,3,3,3,4),(0.,0.0307734301846224,
0.0617556831234279,0.0931166038136956,0.12309372073849,0.154885360204512,
0.163564625190453,0.195083188634807,0.226860059613341,0.250535030415181,
0.28310387503815,0.315672719661118,0.347977675145547,0.378160355541398,
0.380282630629975),.UNSPECIFIED.);
#890=B_SPLINE_CURVE_WITH_KNOTS('',3,(#6473,#6474,#6475,#6476,#6477,#6478,
#6479,#6480),.UNSPECIFIED.,.F.,.F.,(4,2,2,4),(-0.927379514810282,-0.819657644484987,
-0.00741982274948893,0.377860910456515),.UNSPECIFIED.);
#891=B_SPLINE_CURVE_WITH_KNOTS('',3,(#6483,#6484,#6485,#6486),
 .UNSPECIFIED.,.F.,.F.,(4,4),(-0.567898203117242,-0.192678855286244),
 .UNSPECIFIED.);
#892=B_SPLINE_CURVE_WITH_KNOTS('',3,(#6564,#6565,#6566,#6567,#6568,#6569,
#6570,#6571,#6572,#6573,#6574,#6575,#6576,#6577),.UNSPECIFIED.,.F.,.F.,
(4,2,2,2,2,2,4),(1.08306526452709E-6,0.0774200046948558,0.146480328533665,
0.207256030995436,0.336373479654817,0.363834169205313,0.365144435937276),
 .UNSPECIFIED.);
#893=B_SPLINE_CURVE_WITH_KNOTS('',3,(#6578,#6579,#6580,#6581),
 .UNSPECIFIED.,.F.,.F.,(4,4),(-0.192678855286244,-0.17013495990815),
 .UNSPECIFIED.);
#894=B_SPLINE_CURVE_WITH_KNOTS('',3,(#6582,#6583,#6584,#6585,#6586,#6587,
#6588,#6589,#6590,#6591,#6592,#6593,#6594,#6595,#6596),.UNSPECIFIED.,.F.,
 .F.,(4,1,2,2,1,1,1,1,1,1,4),(0.469477927550373,0.546901536388807,0.663036949646459,
0.677504920164463,0.793293438901071,0.812591525357172,0.831889611813274,
0.851187698269375,0.860836741497426,0.865661263111451,0.870485784725477),
 .UNSPECIFIED.);
#895=B_SPLINE_CURVE_WITH_KNOTS('',3,(#6601,#6602,#6603,#6604,#6605,#6606,
#6607,#6608),.UNSPECIFIED.,.F.,.F.,(4,2,2,4),(0.195412347086593,0.57960330183552,
1.39344009887041,1.50363555051017),.UNSPECIFIED.);
#896=B_SPLINE_CURVE_WITH_KNOTS('',3,(#6631,#6632,#6633,#6634,#6635,#6636,
#6637),.UNSPECIFIED.,.F.,.F.,(4,3,4),(-0.17013495990815,-0.0580823246136944,
-0.000165133776791428),.UNSPECIFIED.);
#897=B_SPLINE_CURVE_WITH_KNOTS('',3,(#6639,#6640,#6641,#6642,#6643,#6644,
#6645),.UNSPECIFIED.,.F.,.F.,(4,3,4),(0.,0.767050542563564,1.),
 .UNSPECIFIED.);
#898=B_SPLINE_CURVE_WITH_KNOTS('',3,(#6649,#6650,#6651,#6652),
 .UNSPECIFIED.,.F.,.F.,(4,4),(-1.,-0.784262243951002),.UNSPECIFIED.);
#899=B_SPLINE_CURVE_WITH_KNOTS('',3,(#6730,#6731,#6732,#6733,#6734,#6735,
#6736,#6737,#6738,#6739,#6740,#6741),.UNSPECIFIED.,.F.,.F.,(4,2,2,2,2,4),
(-0.000633043749256211,0.,0.0724516624206093,0.130431207163751,0.183858953703949,
0.277128243968083),.UNSPECIFIED.);
#900=B_SPLINE_CURVE_WITH_KNOTS('',3,(#6742,#6743,#6744,#6745,#6746,#6747,
#6748,#6749,#6750,#6751,#6752,#6753,#6754,#6755,#6756),.UNSPECIFIED.,.F.,
 .F.,(4,1,1,1,1,1,1,1,2,2,4),(-0.204961741523199,-0.202587149505994,-0.200212557488789,
-0.195463373454379,-0.185965005385559,-0.166968269247919,-0.14797153311028,
-0.12897479697264,-0.014994380146801,-0.000180703157435761,0.196341179341302),
 .UNSPECIFIED.);
#901=B_SPLINE_CURVE_WITH_KNOTS('',3,(#6759,#6760,#6761,#6762),
 .UNSPECIFIED.,.F.,.F.,(4,4),(-0.403368055006095,-0.377938935013153),
 .UNSPECIFIED.);
#902=B_SPLINE_CURVE_WITH_KNOTS('',3,(#6804,#6805,#6806,#6807,#6808,#6809),
 .UNSPECIFIED.,.F.,.F.,(4,2,4),(-1.39343967177501,-0.57960330183552,-0.571759795547652),
 .UNSPECIFIED.);
#903=B_SPLINE_CURVE_WITH_KNOTS('',3,(#6810,#6811,#6812,#6813),
 .UNSPECIFIED.,.F.,.F.,(4,4),(-0.377938935013153,-0.000175231962347422),
 .UNSPECIFIED.);
#904=B_SPLINE_CURVE_WITH_KNOTS('',3,(#6814,#6815,#6816,#6817,#6818,#6819,
#6820,#6821),.UNSPECIFIED.,.F.,.F.,(4,2,2,4),(0.,0.124867372258447,0.253930510056557,
0.380407190582874),.UNSPECIFIED.);
#905=B_SPLINE_CURVE_WITH_KNOTS('',3,(#6851,#6852,#6853,#6854,#6855,#6856,
#6857,#6858),.UNSPECIFIED.,.F.,.F.,(4,2,2,4),(8.90018184542518E-9,0.0150730947233791,
0.0222394987210702,0.0297800566551084),.UNSPECIFIED.);
#906=B_SPLINE_CURVE_WITH_KNOTS('',3,(#6860,#6861,#6862,#6863,#6864,#6865,
#6866),.UNSPECIFIED.,.F.,.F.,(4,3,4),(-1.69013494230421,-1.68141490219309,
-1.66771027970875),.UNSPECIFIED.);
#907=B_SPLINE_CURVE_WITH_KNOTS('',3,(#6879,#6880,#6881,#6882),
 .UNSPECIFIED.,.F.,.F.,(4,4),(5.12613877517256,5.12785890046064),
 .UNSPECIFIED.);
#908=B_SPLINE_CURVE_WITH_KNOTS('',3,(#6884,#6885,#6886,#6887,#6888,#6889),
 .UNSPECIFIED.,.F.,.F.,(4,2,4),(-0.153335975619689,-0.0169104666345592,
0.),.UNSPECIFIED.);
#909=B_SPLINE_CURVE_WITH_KNOTS('',3,(#6890,#6891,#6892,#6893),
 .UNSPECIFIED.,.F.,.F.,(4,4),(-0.0612629765790106,0.),.UNSPECIFIED.);
#910=B_SPLINE_CURVE_WITH_KNOTS('',3,(#6901,#6902,#6903,#6904,#6905,#6906,
#6907),.UNSPECIFIED.,.F.,.F.,(4,3,4),(-0.192782094157511,-0.0430545785377086,
-0.0164690337668253),.UNSPECIFIED.);
#911=B_SPLINE_CURVE_WITH_KNOTS('',3,(#6909,#6910,#6911,#6912,#6913,#6914,
#6915),.UNSPECIFIED.,.F.,.F.,(4,3,4),(-0.257073299238852,-0.107691706635493,
-0.0798255848855529),.UNSPECIFIED.);
#912=B_SPLINE_CURVE_WITH_KNOTS('',3,(#6919,#6920,#6921,#6922,#6923,#6924,
#6925,#6926),.UNSPECIFIED.,.F.,.F.,(4,2,2,4),(0.,0.0074490353027079,0.0181706918809024,
0.0295122474038513),.UNSPECIFIED.);
#913=B_SPLINE_CURVE_WITH_KNOTS('',3,(#6935,#6936,#6937,#6938),
 .UNSPECIFIED.,.F.,.F.,(4,4),(-0.404101333885838,-0.342335575924393),
 .UNSPECIFIED.);
#914=B_SPLINE_CURVE_WITH_KNOTS('',3,(#6940,#6941,#6942,#6943,#6944,#6945,
#6946,#6947,#6948,#6949,#6950,#6951,#6952,#6953,#6954,#6955,#6956,#6957,
#6958,#6959,#6960,#6961,#6962,#6963,#6964,#6965,#6966,#6967),
 .UNSPECIFIED.,.F.,.F.,(4,3,3,3,3,3,3,3,3,4),(-0.132242010028726,-0.111127388898625,
-0.0920437124320348,-0.0749534591091335,-0.0658206675388812,-0.0497856187619741,
-0.0311877650264479,-0.0232332515418131,-0.00405121911532132,0.),
 .UNSPECIFIED.);
#915=B_SPLINE_CURVE_WITH_KNOTS('',3,(#6969,#6970,#6971,#6972),
 .UNSPECIFIED.,.F.,.F.,(4,4),(2.71329931197,2.71501966099523),
 .UNSPECIFIED.);
#916=B_SPLINE_CURVE_WITH_KNOTS('',3,(#6989,#6990,#6991,#6992,#6993,#6994,
#6995),.UNSPECIFIED.,.F.,.F.,(4,3,4),(-3.25885643047695,-3.24515183116956,
-3.23643177916655),.UNSPECIFIED.);
#917=B_SPLINE_CURVE_WITH_KNOTS('',3,(#7007,#7008,#7009,#7010),
 .UNSPECIFIED.,.F.,.F.,(4,4),(0.112265119808271,0.113875163611671),
 .UNSPECIFIED.);
#918=B_SPLINE_CURVE_WITH_KNOTS('',3,(#7028,#7029,#7030,#7031,#7032,#7033,
#7034,#7035,#7036,#7037,#7038,#7039,#7040,#7041,#7042,#7043,#7044,#7045,
#7046,#7047,#7048,#7049,#7050,#7051,#7052),.UNSPECIFIED.,.F.,.F.,(4,3,3,
3,3,3,3,3,4),(0.000219977804255121,0.0142551576868238,0.0163636975550726,
0.0295966997225517,0.0360631198082435,0.0491211125129981,0.0542368410965212,
0.0658426119056179,0.0726078363609967),.UNSPECIFIED.);
#919=B_SPLINE_CURVE_WITH_KNOTS('',3,(#7053,#7054,#7055,#7056,#7057,#7058,
#7059,#7060,#7061,#7062,#7063,#7064,#7065),.UNSPECIFIED.,.F.,.F.,(4,3,3,
3,4),(-0.0747071196895431,-0.0459779697239337,-0.0373529037257624,-0.0171146389422261,
-1.00000158722842E-6),.UNSPECIFIED.);
#920=B_SPLINE_CURVE_WITH_KNOTS('',3,(#7081,#7082,#7083,#7084,#7085,#7086,
#7087),.UNSPECIFIED.,.F.,.F.,(4,3,4),(-0.57515555937011,-0.463150549850673,
-0.403368055006095),.UNSPECIFIED.);
#921=B_SPLINE_CURVE_WITH_KNOTS('',3,(#7256,#7257,#7258,#7259,#7260,#7261,
#7262,#7263,#7264,#7265,#7266,#7267,#7268,#7269,#7270,#7271,#7272,#7273,
#7274,#7275,#7276,#7277,#7278,#7279,#7280,#7281,#7282,#7283,#7284,#7285,
#7286,#7287,#7288,#7289,#7290,#7291,#7292,#7293,#7294,#7295,#7296,#7297,
#7298,#7299,#7300,#7301,#7302,#7303,#7304),.UNSPECIFIED.,.F.,.F.,(4,3,3,
3,3,3,3,3,3,3,3,3,3,3,3,3,4),(0.,0.0624999999999999,0.124974273500293,0.187438707549965,
0.249899288515358,0.312424466386518,0.37490897676047,0.437454488380235,
0.5,0.5625,0.623413618240402,0.686706809120201,0.75,0.817391660165433,0.88485059145608,
0.952320921092059,0.999999942487335),.UNSPECIFIED.);
#922=B_SPLINE_CURVE_WITH_KNOTS('',3,(#7308,#7309,#7310,#7311,#7312,#7313,
#7314,#7315,#7316,#7317,#7318,#7319,#7320,#7321,#7322,#7323,#7324,#7325,
#7326,#7327,#7328,#7329,#7330,#7331,#7332),.UNSPECIFIED.,.F.,.F.,(4,3,3,
3,3,3,3,3,4),(0.,1.08241578059949E-5,0.0845350306862292,0.169068063776859,
0.499974786822793,0.830920299849826,0.873198377359204,0.957752025223166,
1.),.UNSPECIFIED.);
#923=B_SPLINE_CURVE_WITH_KNOTS('',3,(#7334,#7335,#7336,#7337,#7338,#7339,
#7340,#7341,#7342,#7343,#7344,#7345,#7346,#7347,#7348,#7349,#7350,#7351,
#7352,#7353,#7354,#7355,#7356,#7357,#7358,#7359,#7360,#7361,#7362,#7363,
#7364,#7365,#7366,#7367,#7368,#7369,#7370,#7371,#7372,#7373,#7374,#7375,
#7376,#7377,#7378,#7379,#7380,#7381,#7382,#7383,#7384,#7385,#7386,#7387,
#7388,#7389,#7390,#7391,#7392,#7393,#7394,#7395,#7396,#7397,#7398,#7399,
#7400,#7401,#7402,#7403,#7404,#7405,#7406,#7407,#7408,#7409,#7410,#7411,
#7412,#7413,#7414,#7415,#7416,#7417,#7418,#7419,#7420,#7421,#7422,#7423,
#7424),.UNSPECIFIED.,.F.,.F.,(4,3,3,3,3,3,3,3,3,3,3,3,3,3,3,3,3,3,3,3,3,
3,3,3,3,3,3,3,3,3,4),(1.18035412832694E-9,0.0368518899394928,0.0730516670966353,
0.108509949497024,0.125,0.158032123931154,0.190837125595648,0.223400186085032,
0.25,0.28452027175954,0.318983022995004,0.353422366923637,0.375,0.406516983534453,
0.438122239595273,0.469988995654005,0.5,0.534361193542103,0.569123269001478,
0.604392653678296,0.640794490258722,0.677963810779788,0.716855627266299,
0.75,0.791528477369317,0.833534250330324,0.875150687747743,0.913153985902159,
0.949525452742506,0.983885672229772,1.),.UNSPECIFIED.);
#924=B_SPLINE_CURVE_WITH_KNOTS('',3,(#7464,#7465,#7466,#7467,#7468,#7469,
#7470),.UNSPECIFIED.,.F.,.F.,(4,1,1,1,4),(0.0101021184154405,0.287213494609335,
0.429770795687468,0.714885397843734,1.),.UNSPECIFIED.);
#925=B_SPLINE_CURVE_WITH_KNOTS('',3,(#7472,#7473,#7474,#7475),
 .UNSPECIFIED.,.F.,.F.,(4,4),(1.40105051700485E-7,1.),.UNSPECIFIED.);
#926=B_SPLINE_CURVE_WITH_KNOTS('',3,(#7476,#7477,#7478,#7479),
 .UNSPECIFIED.,.F.,.F.,(4,4),(0.0128309542883987,0.999999999429016),
 .UNSPECIFIED.);
#927=B_SPLINE_CURVE_WITH_KNOTS('',3,(#8006,#8007,#8008,#8009,#8010,#8011,
#8012,#8013,#8014,#8015,#8016,#8017,#8018,#8019,#8020,#8021,#8022,#8023,
#8024,#8025,#8026,#8027,#8028,#8029,#8030,#8031,#8032,#8033,#8034,#8035,
#8036,#8037,#8038,#8039),.UNSPECIFIED.,.F.,.F.,(4,2,2,2,2,2,2,2,2,2,2,2,
2,2,2,2,4),(0.000625862686786124,0.056880004242237,0.113999803958908,0.187500570528513,
0.307805862098199,0.456181393845842,0.627454147874388,0.856985704341736,
1.03689578063305,1.23226090966308,1.44109538399917,1.61731042755659,1.67665640688839,
1.91558148318321,2.09967696148207,2.24391500200049,2.38791947123669),
 .UNSPECIFIED.);
#928=B_SPLINE_CURVE_WITH_KNOTS('',3,(#8041,#8042,#8043,#8044,#8045,#8046,
#8047,#8048,#8049),.UNSPECIFIED.,.F.,.F.,(4,1,1,2,1,4),(0.000211089325978467,
0.0418764453232772,0.323770114797134,0.605663784270991,0.890109992466733,
0.999798968363096),.UNSPECIFIED.);
#929=B_SPLINE_CURVE_WITH_KNOTS('',3,(#8051,#8052,#8053,#8054,#8055,#8056,
#8057,#8058,#8059,#8060,#8061,#8062,#8063),.UNSPECIFIED.,.F.,.F.,(4,3,3,
3,4),(0.,0.188658758487148,0.603588829130045,0.811053864451246,1.),
 .UNSPECIFIED.);
#930=B_SPLINE_CURVE_WITH_KNOTS('',3,(#8064,#8065,#8066,#8067,#8068,#8069,
#8070,#8071,#8072,#8073,#8074,#8075,#8076,#8077,#8078,#8079,#8080,#8081,
#8082,#8083,#8084,#8085,#8086,#8087,#8088,#8089,#8090,#8091,#8092,#8093,
#8094,#8095,#8096,#8097,#8098,#8099,#8100,#8101,#8102,#8103,#8104,#8105,
#8106,#8107,#8108,#8109,#8110,#8111,#8112,#8113,#8114,#8115,#8116,#8117,
#8118,#8119,#8120,#8121,#8122,#8123,#8124,#8125,#8126,#8127,#8128,#8129,
#8130,#8131,#8132,#8133,#8134,#8135,#8136,#8137,#8138,#8139,#8140,#8141,
#8142,#8143,#8144,#8145,#8146,#8147,#8148,#8149,#8150,#8151,#8152,#8153,
#8154,#8155,#8156,#8157,#8158,#8159,#8160,#8161,#8162,#8163,#8164,#8165,
#8166,#8167,#8168,#8169,#8170,#8171,#8172,#8173,#8174,#8175,#8176,#8177,
#8178,#8179,#8180,#8181,#8182,#8183,#8184,#8185,#8186,#8187,#8188,#8189,
#8190,#8191,#8192,#8193,#8194,#8195,#8196,#8197,#8198,#8199,#8200,#8201,
#8202,#8203,#8204,#8205,#8206,#8207,#8208,#8209,#8210,#8211,#8212,#8213,
#8214,#8215,#8216,#8217,#8218,#8219,#8220,#8221,#8222,#8223,#8224,#8225,
#8226),.UNSPECIFIED.,.F.,.F.,(4,3,3,3,3,3,3,3,3,3,3,3,3,3,3,3,3,3,3,3,3,
3,3,3,3,3,3,3,3,3,3,3,3,3,3,3,3,3,3,3,3,3,3,3,3,3,3,3,3,3,3,3,3,3,4),(0.,
0.00228629526461107,0.00469084021160955,0.00723122783079558,0.010023378425457,
0.0130048594181876,0.0162052928102078,0.0197585682004305,0.0234728968756916,
0.0271929934006823,0.028979869565292,0.0400891220366001,0.0516157092092378,
0.0635967701874384,0.0763385035371978,0.0896128037067756,0.103468843665916,
0.118318289165006,0.133793168900609,0.150274182619176,0.158125604203188,
0.175950888575653,0.194979672067957,0.214551459717458,0.234582057027746,
0.250000000000026,0.284115324795773,0.319549972303095,0.357190051207964,
0.375000000000039,0.419588561137393,0.437500000000045,0.468750000000048,
0.484375000000047,0.498046875000044,0.499840833572684,0.500000000000041,
0.548998116433611,0.62500000000003,0.670433108249911,0.687500000000022,
0.718750000000019,0.734375000000017,0.742187500000017,0.746093750000016,
0.74982102003872,0.750000000000015,0.780105084285064,0.812269646275643,
0.84866229283195,0.860946724175054,0.899068572769201,0.952051560073415,
0.999633514015307,0.99999994729023),.UNSPECIFIED.);
#931=B_SPLINE_CURVE_WITH_KNOTS('',3,(#8228,#8229,#8230,#8231,#8232,#8233,
#8234,#8235,#8236,#8237,#8238,#8239,#8240,#8241,#8242,#8243,#8244,#8245,
#8246,#8247,#8248,#8249,#8250,#8251,#8252,#8253,#8254,#8255,#8256,#8257,
#8258,#8259,#8260,#8261,#8262,#8263,#8264,#8265,#8266,#8267,#8268,#8269,
#8270,#8271,#8272,#8273,#8274,#8275,#8276,#8277,#8278,#8279,#8280,#8281,
#8282,#8283,#8284,#8285,#8286,#8287,#8288,#8289,#8290,#8291,#8292,#8293,
#8294,#8295,#8296,#8297,#8298,#8299,#8300,#8301,#8302,#8303,#8304,#8305,
#8306,#8307,#8308,#8309,#8310,#8311,#8312,#8313,#8314,#8315,#8316,#8317,
#8318,#8319,#8320,#8321,#8322,#8323,#8324,#8325,#8326,#8327,#8328,#8329,
#8330,#8331,#8332,#8333,#8334,#8335,#8336,#8337,#8338,#8339,#8340,#8341,
#8342,#8343,#8344,#8345,#8346,#8347,#8348,#8349,#8350,#8351,#8352,#8353,
#8354,#8355,#8356,#8357,#8358,#8359,#8360,#8361,#8362,#8363,#8364,#8365,
#8366,#8367,#8368,#8369,#8370,#8371,#8372,#8373,#8374,#8375,#8376,#8377,
#8378,#8379,#8380,#8381,#8382,#8383,#8384,#8385,#8386,#8387,#8388,#8389,
#8390,#8391,#8392,#8393,#8394,#8395,#8396,#8397,#8398,#8399,#8400,#8401,
#8402,#8403,#8404,#8405,#8406,#8407,#8408,#8409,#8410,#8411,#8412,#8413,
#8414,#8415,#8416,#8417,#8418,#8419,#8420),.UNSPECIFIED.,.F.,.F.,(4,3,3,
3,3,3,3,3,3,3,3,3,3,3,3,3,3,3,3,3,3,3,3,3,3,3,3,3,3,3,3,3,3,3,3,3,3,3,3,
3,3,3,3,3,3,3,3,3,3,3,3,3,3,3,3,3,3,3,3,3,3,3,3,3,4),(0.,0.0189282288095444,
0.031249999999971,0.0468749999999573,0.0546874999999497,0.0585937499999466,
0.0614849855208393,0.0624999999999436,0.0788624614969674,0.0937499999999355,
0.109374999999934,0.117486241134583,0.124999999999932,0.165451415359517,
0.187499999999912,0.2187499999999,0.234374999999895,0.242187499999892,0.246093749999892,
0.248889037824836,0.249999999999891,0.276864340622372,0.302862416014287,
0.3124999999999,0.337368079444055,0.343749999999902,0.359374999999902,0.367187499999901,
0.371093749999904,0.374185836252936,0.374999999999907,0.420467974698316,
0.437499999999921,0.468749999999928,0.485084141242578,0.499999999999934,
0.547968308585198,0.56249999999994,0.593749999999945,0.609374999999948,
0.617187499999947,0.621093749999945,0.624235609562189,0.624999999999943,
0.650464092904484,0.676210405421859,0.687499999999872,0.714454056626623,
0.718749999999836,0.734374999999818,0.742187499999811,0.746093749999807,
0.748046874999806,0.749023437499805,0.749999999999805,0.777450671973871,
0.806004831601733,0.835200508184576,0.865167036480387,0.874999999999903,
0.906247830028246,0.934741698835048,0.961990912451531,0.988095549628935,
0.999991320113277),.UNSPECIFIED.);
#932=B_SPLINE_CURVE_WITH_KNOTS('',3,(#8422,#8423,#8424,#8425,#8426,#8427,
#8428,#8429,#8430,#8431,#8432,#8433,#8434,#8435,#8436,#8437,#8438,#8439,
#8440,#8441,#8442,#8443,#8444,#8445,#8446,#8447,#8448,#8449,#8450,#8451,
#8452,#8453,#8454,#8455,#8456,#8457,#8458,#8459,#8460,#8461,#8462,#8463,
#8464,#8465,#8466,#8467,#8468,#8469,#8470,#8471,#8472,#8473,#8474,#8475,
#8476,#8477,#8478,#8479,#8480,#8481,#8482,#8483,#8484,#8485,#8486,#8487,
#8488,#8489,#8490,#8491,#8492,#8493,#8494,#8495,#8496,#8497,#8498,#8499,
#8500,#8501,#8502,#8503,#8504,#8505,#8506,#8507,#8508,#8509,#8510,#8511,
#8512,#8513,#8514,#8515,#8516,#8517,#8518,#8519,#8520,#8521,#8522,#8523,
#8524,#8525,#8526,#8527,#8528,#8529,#8530,#8531,#8532,#8533,#8534,#8535,
#8536,#8537,#8538,#8539,#8540,#8541,#8542,#8543,#8544,#8545,#8546,#8547,
#8548,#8549,#8550,#8551,#8552,#8553,#8554,#8555,#8556,#8557,#8558,#8559,
#8560,#8561,#8562,#8563,#8564,#8565,#8566,#8567,#8568,#8569,#8570,#8571,
#8572,#8573,#8574,#8575,#8576,#8577,#8578,#8579,#8580,#8581,#8582,#8583,
#8584,#8585,#8586,#8587,#8588,#8589,#8590,#8591,#8592,#8593,#8594,#8595,
#8596,#8597,#8598,#8599,#8600,#8601,#8602,#8603,#8604,#8605,#8606,#8607,
#8608,#8609,#8610,#8611,#8612,#8613,#8614,#8615,#8616,#8617,#8618,#8619,
#8620),.UNSPECIFIED.,.F.,.F.,(4,3,3,3,3,3,3,3,3,3,3,3,3,3,3,3,3,3,3,3,3,
3,3,3,3,3,3,3,3,3,3,3,3,3,3,3,3,3,3,3,3,3,3,3,3,3,3,3,3,3,3,3,3,3,3,3,3,
3,3,3,3,3,3,3,3,3,4),(0.,0.00195312500000603,0.00390625000001205,0.00781250000002411,
0.0156250000000484,0.031250000000097,0.0625000000001943,0.0937500000002915,
0.10937500000034,0.117187500000364,0.121093750000376,0.123046875000382,
0.124755859375387,0.125000000000388,0.187500000000362,0.21875000000035,
0.234375000000343,0.24218750000034,0.246093750000338,0.248046875000338,
0.249755859375337,0.250000000000337,0.375000000000289,0.437500000000265,
0.468750000000253,0.484375000000247,0.492187500000244,0.498046875000241,
0.500000000000241,0.625000000000193,0.687500000000169,0.718750000000157,
0.734375000000152,0.742187500000149,0.746093750000147,0.748046875000147,
0.749023437500146,0.750000000000146,0.812500000000125,0.843750000000115,
0.85937500000011,0.867187500000107,0.871093750000106,0.873046875000105,
0.874511718750105,0.875000000000105,0.906250000000096,0.921875000000092,
0.92968750000009,0.93359375000009,0.935546875000089,0.936523437500089,0.937255859375089,
0.937500000000088,0.953125000000063,0.960937500000051,0.964843750000045,
0.966796875000042,0.96777343750004,0.968627929687539,0.968750000000039,
0.984375000000019,0.99218750000001,0.996093750000005,0.998046875000003,
0.999023437500001,1.),.UNSPECIFIED.);
#933=B_SPLINE_CURVE_WITH_KNOTS('',3,(#8621,#8622,#8623,#8624,#8625,#8626,
#8627,#8628,#8629,#8630,#8631,#8632,#8633,#8634,#8635,#8636,#8637,#8638,
#8639,#8640,#8641,#8642,#8643,#8644,#8645,#8646,#8647,#8648,#8649,#8650,
#8651,#8652,#8653,#8654,#8655,#8656,#8657,#8658,#8659,#8660,#8661,#8662,
#8663,#8664,#8665,#8666,#8667,#8668,#8669,#8670,#8671,#8672,#8673,#8674,
#8675,#8676,#8677,#8678,#8679,#8680,#8681,#8682,#8683,#8684,#8685,#8686,
#8687,#8688,#8689,#8690,#8691,#8692,#8693,#8694,#8695,#8696,#8697,#8698,
#8699,#8700,#8701,#8702,#8703,#8704,#8705,#8706,#8707,#8708,#8709,#8710,
#8711,#8712,#8713,#8714,#8715,#8716,#8717,#8718,#8719,#8720,#8721,#8722,
#8723,#8724,#8725,#8726,#8727,#8728,#8729,#8730,#8731,#8732,#8733,#8734,
#8735,#8736,#8737,#8738,#8739,#8740,#8741,#8742,#8743,#8744,#8745,#8746,
#8747),.UNSPECIFIED.,.F.,.F.,(4,3,3,3,3,3,3,3,3,3,3,3,3,3,3,3,3,3,3,3,3,
3,3,3,3,3,3,3,3,3,3,3,3,3,3,3,3,3,3,3,3,3,4),(3.53222280719613E-6,0.0263025940289949,
0.0312500000000135,0.0448259709711308,0.0572810406530905,0.0625000000000271,
0.0799156165448087,0.0937500000000406,0.109375000000047,0.11718750000005,
0.121093750000052,0.124266865722901,0.125000000000054,0.146902439775266,
0.169344104994503,0.187500000000104,0.210604081696091,0.218750000000127,
0.234375000000138,0.242187500000142,0.246093750000146,0.248046875000148,
0.250000000000149,0.306484858148927,0.363723423788552,0.375000000000209,
0.431327482562169,0.437500000000237,0.46875000000025,0.484375000000254,
0.492187500000253,0.497501910620672,0.500000000000251,0.550889863653109,
0.602252902829968,0.653897991633569,0.706121675848665,0.750000000000126,
0.806076876272337,0.863367535850512,0.921409712655187,0.980660922632773,
1.),.UNSPECIFIED.);
#934=B_SPLINE_CURVE_WITH_KNOTS('',3,(#8751,#8752,#8753,#8754,#8755,#8756,
#8757,#8758,#8759,#8760,#8761,#8762,#8763),.UNSPECIFIED.,.F.,.F.,(4,3,3,
3,4),(0.0124237211824787,0.287213473170459,0.429770777067654,0.714885384862043,
0.999999999098779),.UNSPECIFIED.);
#935=B_SPLINE_CURVE_WITH_KNOTS('',3,(#8765,#8766,#8767,#8768,#8769,#8770,
#8771,#8772,#8773,#8774,#8775,#8776,#8777,#8778,#8779,#8780,#8781,#8782,
#8783,#8784,#8785,#8786,#8787,#8788,#8789,#8790,#8791,#8792,#8793,#8794,
#8795,#8796,#8797,#8798),.UNSPECIFIED.,.F.,.F.,(4,2,2,1,1,1,2,2,2,1,1,2,
2,2,2,1,1,1,2,2,4),(0.,0.0624999999998677,0.0937499999998025,0.109374999999769,
0.117187499999752,0.121093749999743,0.124511718749737,0.124999999999736,
0.187499999999706,0.218749999999692,0.234374999999685,0.242187499999683,
0.24999999999968,0.374999999999649,0.437499999999634,0.468749999999627,
0.484374999999622,0.492187499999619,0.499511718749618,0.499999999999618,
1.),.UNSPECIFIED.);
#936=B_SPLINE_CURVE_WITH_KNOTS('',3,(#8800,#8801,#8802,#8803),
 .UNSPECIFIED.,.F.,.F.,(4,4),(7.74061643233422E-5,1.),.UNSPECIFIED.);
#937=B_SPLINE_CURVE_WITH_KNOTS('',3,(#8804,#8805,#8806,#8807,#8808,#8809),
 .UNSPECIFIED.,.F.,.F.,(4,2,4),(-0.012389037370198,-0.00700564391050862,
-0.00153219105991481),.UNSPECIFIED.);
#938=B_SPLINE_CURVE_WITH_KNOTS('',3,(#8835,#8836,#8837,#8838,#8839,#8840),
 .UNSPECIFIED.,.F.,.F.,(4,2,4),(0.,0.5,0.999957461628267),.UNSPECIFIED.);
#939=B_SPLINE_CURVE_WITH_KNOTS('',3,(#8842,#8843,#8844,#8845,#8846,#8847,
#8848,#8849,#8850,#8851,#8852,#8853,#8854,#8855,#8856,#8857,#8858,#8859,
#8860,#8861,#8862,#8863,#8864,#8865,#8866,#8867,#8868,#8869,#8870,#8871,
#8872,#8873,#8874,#8875,#8876,#8877,#8878,#8879,#8880,#8881,#8882,#8883,
#8884,#8885,#8886,#8887,#8888,#8889,#8890,#8891,#8892,#8893,#8894,#8895,
#8896,#8897,#8898,#8899,#8900,#8901,#8902,#8903,#8904,#8905),
 .UNSPECIFIED.,.F.,.F.,(4,3,3,3,3,3,3,3,3,3,3,3,3,3,3,3,3,3,3,3,3,4),(1.42224222601279E-10,
0.0899139564215558,0.18264614079548,0.249999999999788,0.366131551650679,
0.374999999999681,0.437499999999626,0.468749999999597,0.484374999999583,
0.492187499999577,0.496093749999576,0.499999999999576,0.562742023772278,
0.622868404378063,0.678785090535535,0.742318941879741,0.749999999999788,
0.812499999999841,0.871013048033355,0.927904521256737,0.982674874437269,
1.),.UNSPECIFIED.);
#940=B_SPLINE_CURVE_WITH_KNOTS('',3,(#8907,#8908,#8909,#8910),
 .UNSPECIFIED.,.F.,.F.,(4,4),(0.,1.),.UNSPECIFIED.);
#941=B_SPLINE_CURVE_WITH_KNOTS('',3,(#8913,#8914,#8915,#8916,#8917,#8918,
#8919,#8920),.UNSPECIFIED.,.F.,.F.,(4,2,2,4),(0.,0.5,0.75,0.999999522826421),
 .UNSPECIFIED.);
#942=B_SPLINE_CURVE_WITH_KNOTS('',3,(#8923,#8924,#8925,#8926,#8927,#8928),
 .UNSPECIFIED.,.F.,.F.,(4,2,4),(-0.00509606662916826,-0.00255357438645429,
-1.17621951045075E-5),.UNSPECIFIED.);
#943=B_SPLINE_CURVE_WITH_KNOTS('',3,(#8934,#8935,#8936,#8937,#8938,#8939),
 .UNSPECIFIED.,.F.,.F.,(4,2,4),(-0.00530598005416714,-0.00265273384594329,
0.),.UNSPECIFIED.);
#944=B_SPLINE_CURVE_WITH_KNOTS('',3,(#8966,#8967,#8968,#8969,#8970,#8971),
 .UNSPECIFIED.,.F.,.F.,(4,2,4),(0.000103412825989468,0.5,1.),
 .UNSPECIFIED.);
#945=B_SPLINE_CURVE_WITH_KNOTS('',3,(#8973,#8974,#8975,#8976,#8977,#8978,
#8979,#8980,#8981,#8982,#8983,#8984,#8985,#8986,#8987,#8988,#8989,#8990,
#8991,#8992,#8993,#8994,#8995,#8996,#8997,#8998,#8999,#9000,#9001,#9002,
#9003,#9004,#9005,#9006,#9007,#9008,#9009,#9010,#9011,#9012,#9013,#9014,
#9015,#9016,#9017,#9018,#9019,#9020,#9021,#9022,#9023,#9024,#9025,#9026,
#9027,#9028,#9029,#9030),.UNSPECIFIED.,.F.,.F.,(4,3,3,3,3,3,3,3,3,3,3,3,
3,3,3,3,3,3,3,4),(2.32244213946856E-5,0.109424245453073,0.125000000000005,
0.180294360712013,0.18750000000001,0.218750000000014,0.234375000000018,
0.244225732834471,0.250000000000021,0.314605128462389,0.375000000000025,
0.437500000000026,0.468750000000028,0.48437500000003,0.493955127997012,
0.500000000000031,0.651239426045091,0.809855787493997,0.981036818256894,
1.),.UNSPECIFIED.);
#946=B_SPLINE_CURVE_WITH_KNOTS('',3,(#9031,#9032,#9033,#9034,#9035,#9036,
#9037,#9038,#9039,#9040,#9041,#9042,#9043,#9044,#9045,#9046,#9047,#9048,
#9049,#9050,#9051,#9052,#9053,#9054,#9055,#9056,#9057,#9058,#9059,#9060,
#9061),.UNSPECIFIED.,.F.,.F.,(4,3,3,3,3,3,3,3,3,3,4),(0.,0.24999999999998,
0.374999999999966,0.437499999999962,0.48437499999995,0.499999999999949,
0.624999999999962,0.743156811925467,0.857857215725987,0.967339042148495,
1.),.UNSPECIFIED.);
#947=B_SPLINE_CURVE_WITH_KNOTS('',3,(#9062,#9063,#9064,#9065,#9066,#9067,
#9068,#9069,#9070,#9071,#9072,#9073,#9074,#9075,#9076,#9077,#9078,#9079,
#9080,#9081,#9082,#9083,#9084,#9085,#9086,#9087,#9088,#9089,#9090,#9091,
#9092,#9093,#9094,#9095,#9096,#9097,#9098,#9099,#9100,#9101,#9102,#9103,
#9104,#9105,#9106,#9107,#9108,#9109,#9110,#9111,#9112,#9113,#9114,#9115,
#9116,#9117,#9118,#9119,#9120,#9121,#9122),.UNSPECIFIED.,.F.,.F.,(4,3,3,
3,3,3,3,3,3,3,3,3,3,3,3,3,3,3,3,3,4),(0.,0.0542059190225495,0.11096086732747,
0.16933249777606,0.230211985084475,0.249999999999875,0.308086956035387,
0.369620565390136,0.37499999999981,0.433854789454386,0.437499999999779,
0.468749999999762,0.484374999999751,0.49218749999975,0.496093749999749,
0.499999999999747,0.611078266841809,0.719172798265992,0.825894669261349,
0.930896291290304,1.),.UNSPECIFIED.);
#948=B_SPLINE_CURVE_WITH_KNOTS('',3,(#9294,#9295,#9296,#9297,#9298,#9299),
 .UNSPECIFIED.,.F.,.F.,(4,2,4),(1.04021409081181E-8,0.0492451592016795,
0.0993736924099449),.UNSPECIFIED.);
#949=B_SPLINE_CURVE_WITH_KNOTS('',3,(#9333,#9334,#9335,#9336,#9337,#9338),
 .UNSPECIFIED.,.F.,.F.,(4,2,4),(9.99999779902932E-7,0.0500958382200214,
0.0993076088725048),.UNSPECIFIED.);
#950=B_SPLINE_CURVE_WITH_KNOTS('',3,(#9368,#9369,#9370,#9371,#9372,#9373,
#9374),.UNSPECIFIED.,.F.,.F.,(4,3,4),(0.,0.894188505958017,1.),
 .UNSPECIFIED.);
#951=B_SPLINE_CURVE_WITH_KNOTS('',3,(#9375,#9376,#9377,#9378),
 .UNSPECIFIED.,.F.,.F.,(4,4),(0.,0.999968893466456),.UNSPECIFIED.);
#952=B_SPLINE_CURVE_WITH_KNOTS('',3,(#9404,#9405,#9406,#9407,#9408,#9409,
#9410,#9411,#9412,#9413,#9414,#9415,#9416,#9417,#9418,#9419,#9420,#9421,
#9422,#9423,#9424,#9425,#9426,#9427,#9428),.UNSPECIFIED.,.F.,.F.,(4,3,3,
3,3,3,3,3,4),(0.,0.00635865381626798,0.0142414669852431,0.0175752221128142,
0.0262206259437389,0.0313962355536296,0.04503915970826,0.0587462972438674,
0.0626232845455193),.UNSPECIFIED.);
#953=B_SPLINE_CURVE_WITH_KNOTS('',3,(#9429,#9430,#9431,#9432),
 .UNSPECIFIED.,.F.,.F.,(4,4),(-2.98102340804034,-2.97941347761547),
 .UNSPECIFIED.);
#954=B_SPLINE_CURVE_WITH_KNOTS('',3,(#9442,#9443,#9444,#9445,#9446,#9447,
#9448,#9449,#9450,#9451,#9452,#9453,#9454,#9455,#9456,#9457,#9458,#9459,
#9460,#9461,#9462,#9463),.UNSPECIFIED.,.F.,.F.,(4,3,3,3,3,3,3,4),(1.00040634049836E-6,
0.0143891668192529,0.0304763693419338,0.0363356659094761,0.049488401660876,
0.0544344489250141,0.06837745722349,0.0724382349313135),.UNSPECIFIED.);
#955=B_SPLINE_CURVE_WITH_KNOTS('',3,(#9475,#9476,#9477,#9478),
 .UNSPECIFIED.,.F.,.F.,(4,4),(-0.0996009932533776,-9.99999927739359E-7),
 .UNSPECIFIED.);
#956=B_SPLINE_CURVE_WITH_KNOTS('',3,(#9521,#9522,#9523,#9524,#9525,#9526,
#9527,#9528,#9529,#9530,#9531,#9532,#9533,#9534,#9535,#9536,#9537,#9538,
#9539),.UNSPECIFIED.,.F.,.F.,(4,3,3,3,3,3,4),(1.35503753952841E-5,0.0934139880281949,
0.19312364070478,0.331136810805379,0.459589242496846,0.544743985872223,
0.624744601225884),.UNSPECIFIED.);
#957=B_SPLINE_CURVE_WITH_KNOTS('',3,(#9548,#9549,#9550,#9551),
 .UNSPECIFIED.,.F.,.F.,(4,4),(0.,0.999996926581112),.UNSPECIFIED.);
#958=B_SPLINE_CURVE_WITH_KNOTS('',3,(#9564,#9565,#9566,#9567),
 .UNSPECIFIED.,.F.,.F.,(4,4),(-1.,0.),.UNSPECIFIED.);
#959=B_SPLINE_CURVE_WITH_KNOTS('',3,(#9579,#9580,#9581,#9582),
 .UNSPECIFIED.,.F.,.F.,(4,4),(-1.,0.),.UNSPECIFIED.);
#960=B_SPLINE_CURVE_WITH_KNOTS('',3,(#9615,#9616,#9617,#9618,#9619,#9620,
#9621),.UNSPECIFIED.,.F.,.F.,(4,3,4),(-7.62045173193803E-16,0.499999999946619,
0.999999999493152),.UNSPECIFIED.);
#961=B_SPLINE_CURVE_WITH_KNOTS('',3,(#9669,#9670,#9671,#9672,#9673,#9674,
#9675),.UNSPECIFIED.,.F.,.F.,(4,3,4),(-0.784262243951002,-0.500000000052033,
-0.400858578797385),.UNSPECIFIED.);
#962=B_SPLINE_CURVE_WITH_KNOTS('',3,(#9683,#9684,#9685,#9686,#9687,#9688,
#9689,#9690,#9691,#9692,#9693,#9694,#9695,#9696,#9697,#9698,#9699,#9700,
#9701,#9702,#9703,#9704,#9705,#9706,#9707,#9708,#9709,#9710,#9711,#9712,
#9713,#9714,#9715,#9716,#9717,#9718,#9719,#9720,#9721,#9722,#9723,#9724,
#9725,#9726,#9727,#9728,#9729,#9730,#9731,#9732,#9733,#9734,#9735,#9736,
#9737,#9738,#9739,#9740),.UNSPECIFIED.,.F.,.F.,(4,3,3,3,3,3,3,3,3,3,3,3,
3,3,3,3,3,3,3,4),(-0.562191486976035,-0.538369838547249,-0.513620428823747,
-0.487852914928888,-0.460278723401014,-0.436151305814123,-0.423022238778193,
-0.387411023151529,-0.349518984288319,-0.308389183497106,-0.292416585608168,
-0.288214362662877,-0.284736159682222,-0.267259382705893,-0.228654658007182,
-0.185831743792675,-0.130942509693321,-0.0743099265109722,-0.0329370199338878,
-0.00224000674940039),.UNSPECIFIED.);
#963=B_SPLINE_CURVE_WITH_KNOTS('',3,(#9741,#9742,#9743,#9744,#9745,#9746,
#9747,#9748,#9749,#9750),.UNSPECIFIED.,.F.,.F.,(4,2,2,2,4),(9.99928330661864E-7,
0.0264797467712795,0.0441612586387025,0.0722259151886755,0.0980733482072967),
 .UNSPECIFIED.);
#964=B_SPLINE_CURVE_WITH_KNOTS('',3,(#9753,#9754,#9755,#9756,#9757,#9758,
#9759,#9760,#9761,#9762),.UNSPECIFIED.,.F.,.F.,(4,2,2,2,4),(0.000109490655235321,
0.0972455699378882,0.192773066483547,0.282517545866885,0.371467227752963),
 .UNSPECIFIED.);
#965=B_SPLINE_CURVE_WITH_KNOTS('',3,(#9763,#9764,#9765,#9766,#9767,#9768,
#9769,#9770),.UNSPECIFIED.,.F.,.F.,(4,2,2,4),(-0.0354936959039466,-0.0263919315262428,
-0.00227131579086985,-9.4158579753284E-7),.UNSPECIFIED.);
#966=LINE('',#5283,#1220);
#967=LINE('',#5322,#1221);
#968=LINE('',#5326,#1222);
#969=LINE('',#5368,#1223);
#970=LINE('',#5372,#1224);
#971=LINE('',#5409,#1225);
#972=LINE('',#5423,#1226);
#973=LINE('',#5435,#1227);
#974=LINE('',#5445,#1228);
#975=LINE('',#5447,#1229);
#976=LINE('',#5449,#1230);
#977=LINE('',#5468,#1231);
#978=LINE('',#5476,#1232);
#979=LINE('',#5479,#1233);
#980=LINE('',#5480,#1234);
#981=LINE('',#5492,#1235);
#982=LINE('',#5525,#1236);
#983=LINE('',#5541,#1237);
#984=LINE('',#5544,#1238);
#985=LINE('',#5545,#1239);
#986=LINE('',#5548,#1240);
#987=LINE('',#5552,#1241);
#988=LINE('',#5553,#1242);
#989=LINE('',#5583,#1243);
#990=LINE('',#5638,#1244);
#991=LINE('',#5657,#1245);
#992=LINE('',#5659,#1246);
#993=LINE('',#5701,#1247);
#994=LINE('',#5727,#1248);
#995=LINE('',#5747,#1249);
#996=LINE('',#5749,#1250);
#997=LINE('',#5753,#1251);
#998=LINE('',#5757,#1252);
#999=LINE('',#5761,#1253);
#1000=LINE('',#5765,#1254);
#1001=LINE('',#5767,#1255);
#1002=LINE('',#5769,#1256);
#1003=LINE('',#5778,#1257);
#1004=LINE('',#5781,#1258);
#1005=LINE('',#5784,#1259);
#1006=LINE('',#5786,#1260);
#1007=LINE('',#5787,#1261);
#1008=LINE('',#5793,#1262);
#1009=LINE('',#5797,#1263);
#1010=LINE('',#5799,#1264);
#1011=LINE('',#5801,#1265);
#1012=LINE('',#5802,#1266);
#1013=LINE('',#5808,#1267);
#1014=LINE('',#5810,#1268);
#1015=LINE('',#5811,#1269);
#1016=LINE('',#5816,#1270);
#1017=LINE('',#5821,#1271);
#1018=LINE('',#5823,#1272);
#1019=LINE('',#5825,#1273);
#1020=LINE('',#5826,#1274);
#1021=LINE('',#5829,#1275);
#1022=LINE('',#5831,#1276);
#1023=LINE('',#5832,#1277);
#1024=LINE('',#5835,#1278);
#1025=LINE('',#5841,#1279);
#1026=LINE('',#5843,#1280);
#1027=LINE('',#5847,#1281);
#1028=LINE('',#5849,#1282);
#1029=LINE('',#5851,#1283);
#1030=LINE('',#5855,#1284);
#1031=LINE('',#5859,#1285);
#1032=LINE('',#5862,#1286);
#1033=LINE('',#5863,#1287);
#1034=LINE('',#5865,#1288);
#1035=LINE('',#5867,#1289);
#1036=LINE('',#5869,#1290);
#1037=LINE('',#5871,#1291);
#1038=LINE('',#5887,#1292);
#1039=LINE('',#5890,#1293);
#1040=LINE('',#5903,#1294);
#1041=LINE('',#5906,#1295);
#1042=LINE('',#5912,#1296);
#1043=LINE('',#5915,#1297);
#1044=LINE('',#5921,#1298);
#1045=LINE('',#5924,#1299);
#1046=LINE('',#5929,#1300);
#1047=LINE('',#5942,#1301);
#1048=LINE('',#5944,#1302);
#1049=LINE('',#5945,#1303);
#1050=LINE('',#5962,#1304);
#1051=LINE('',#5967,#1305);
#1052=LINE('',#5968,#1306);
#1053=LINE('',#5978,#1307);
#1054=LINE('',#5992,#1308);
#1055=LINE('',#5993,#1309);
#1056=LINE('',#5996,#1310);
#1057=LINE('',#6000,#1311);
#1058=LINE('',#6004,#1312);
#1059=LINE('',#6008,#1313);
#1060=LINE('',#6025,#1314);
#1061=LINE('',#6029,#1315);
#1062=LINE('',#6032,#1316);
#1063=LINE('',#6049,#1317);
#1064=LINE('',#6070,#1318);
#1065=LINE('',#6074,#1319);
#1066=LINE('',#6077,#1320);
#1067=LINE('',#6089,#1321);
#1068=LINE('',#6092,#1322);
#1069=LINE('',#6094,#1323);
#1070=LINE('',#6095,#1324);
#1071=LINE('',#6099,#1325);
#1072=LINE('',#6100,#1326);
#1073=LINE('',#6101,#1327);
#1074=LINE('',#6104,#1328);
#1075=LINE('',#6106,#1329);
#1076=LINE('',#6109,#1330);
#1077=LINE('',#6110,#1331);
#1078=LINE('',#6113,#1332);
#1079=LINE('',#6115,#1333);
#1080=LINE('',#6119,#1334);
#1081=LINE('',#6123,#1335);
#1082=LINE('',#6127,#1336);
#1083=LINE('',#6165,#1337);
#1084=LINE('',#6169,#1338);
#1085=LINE('',#6173,#1339);
#1086=LINE('',#6178,#1340);
#1087=LINE('',#6180,#1341);
#1088=LINE('',#6183,#1342);
#1089=LINE('',#6187,#1343);
#1090=LINE('',#6188,#1344);
#1091=LINE('',#6191,#1345);
#1092=LINE('',#6194,#1346);
#1093=LINE('',#6197,#1347);
#1094=LINE('',#6200,#1348);
#1095=LINE('',#6201,#1349);
#1096=LINE('',#6204,#1350);
#1097=LINE('',#6206,#1351);
#1098=LINE('',#6209,#1352);
#1099=LINE('',#6212,#1353);
#1100=LINE('',#6213,#1354);
#1101=LINE('',#6217,#1355);
#1102=LINE('',#6218,#1356);
#1103=LINE('',#6221,#1357);
#1104=LINE('',#6225,#1358);
#1105=LINE('',#6227,#1359);
#1106=LINE('',#6229,#1360);
#1107=LINE('',#6231,#1361);
#1108=LINE('',#6232,#1362);
#1109=LINE('',#6235,#1363);
#1110=LINE('',#6239,#1364);
#1111=LINE('',#6243,#1365);
#1112=LINE('',#6247,#1366);
#1113=LINE('',#6269,#1367);
#1114=LINE('',#6273,#1368);
#1115=LINE('',#6277,#1369);
#1116=LINE('',#6281,#1370);
#1117=LINE('',#6285,#1371);
#1118=LINE('',#6286,#1372);
#1119=LINE('',#6291,#1373);
#1120=LINE('',#6295,#1374);
#1121=LINE('',#6299,#1375);
#1122=LINE('',#6303,#1376);
#1123=LINE('',#6307,#1377);
#1124=LINE('',#6311,#1378);
#1125=LINE('',#6315,#1379);
#1126=LINE('',#6319,#1380);
#1127=LINE('',#6325,#1381);
#1128=LINE('',#6331,#1382);
#1129=LINE('',#6335,#1383);
#1130=LINE('',#6339,#1384);
#1131=LINE('',#6368,#1385);
#1132=LINE('',#6372,#1386);
#1133=LINE('',#6376,#1387);
#1134=LINE('',#6599,#1388);
#1135=LINE('',#6609,#1389);
#1136=LINE('',#6648,#1390);
#1137=LINE('',#6823,#1391);
#1138=LINE('',#6836,#1392);
#1139=LINE('',#6867,#1393);
#1140=LINE('',#6896,#1394);
#1141=LINE('',#6899,#1395);
#1142=LINE('',#6975,#1396);
#1143=LINE('',#6996,#1397);
#1144=LINE('',#7006,#1398);
#1145=LINE('',#7026,#1399);
#1146=LINE('',#7104,#1400);
#1147=LINE('',#7147,#1401);
#1148=LINE('',#7163,#1402);
#1149=LINE('',#7166,#1403);
#1150=LINE('',#7170,#1404);
#1151=LINE('',#7171,#1405);
#1152=LINE('',#7176,#1406);
#1153=LINE('',#7179,#1407);
#1154=LINE('',#7197,#1408);
#1155=LINE('',#7212,#1409);
#1156=LINE('',#7216,#1410);
#1157=LINE('',#7217,#1411);
#1158=LINE('',#7222,#1412);
#1159=LINE('',#7230,#1413);
#1160=LINE('',#7245,#1414);
#1161=LINE('',#7249,#1415);
#1162=LINE('',#7250,#1416);
#1163=LINE('',#7441,#1417);
#1164=LINE('',#7443,#1418);
#1165=LINE('',#7444,#1419);
#1166=LINE('',#8930,#1420);
#1167=LINE('',#8940,#1421);
#1168=LINE('',#9135,#1422);
#1169=LINE('',#9148,#1423);
#1170=LINE('',#9149,#1424);
#1171=LINE('',#9150,#1425);
#1172=LINE('',#9151,#1426);
#1173=LINE('',#9156,#1427);
#1174=LINE('',#9160,#1428);
#1175=LINE('',#9161,#1429);
#1176=LINE('',#9176,#1430);
#1177=LINE('',#9187,#1431);
#1178=LINE('',#9188,#1432);
#1179=LINE('',#9189,#1433);
#1180=LINE('',#9190,#1434);
#1181=LINE('',#9195,#1435);
#1182=LINE('',#9199,#1436);
#1183=LINE('',#9200,#1437);
#1184=LINE('',#9215,#1438);
#1185=LINE('',#9225,#1439);
#1186=LINE('',#9227,#1440);
#1187=LINE('',#9228,#1441);
#1188=LINE('',#9229,#1442);
#1189=LINE('',#9234,#1443);
#1190=LINE('',#9238,#1444);
#1191=LINE('',#9239,#1445);
#1192=LINE('',#9256,#1446);
#1193=LINE('',#9260,#1447);
#1194=LINE('',#9269,#1448);
#1195=LINE('',#9344,#1449);
#1196=LINE('',#9474,#1450);
#1197=LINE('',#9479,#1451);
#1198=LINE('',#9481,#1452);
#1199=LINE('',#9482,#1453);
#1200=LINE('',#9520,#1454);
#1201=LINE('',#9542,#1455);
#1202=LINE('',#9543,#1456);
#1203=LINE('',#9546,#1457);
#1204=LINE('',#9562,#1458);
#1205=LINE('',#9568,#1459);
#1206=LINE('',#9578,#1460);
#1207=LINE('',#9596,#1461);
#1208=LINE('',#9597,#1462);
#1209=LINE('',#9600,#1463);
#1210=LINE('',#9602,#1464);
#1211=LINE('',#9603,#1465);
#1212=LINE('',#9614,#1466);
#1213=LINE('',#9624,#1467);
#1214=LINE('',#9628,#1468);
#1215=LINE('',#9631,#1469);
#1216=LINE('',#9644,#1470);
#1217=LINE('',#9655,#1471);
#1218=LINE('',#9656,#1472);
#1219=LINE('',#9893,#1473);
#1220=VECTOR('',#4267,10.);
#1221=VECTOR('',#4268,10.);
#1222=VECTOR('',#4271,10.);
#1223=VECTOR('',#4272,10.);
#1224=VECTOR('',#4275,10.);
#1225=VECTOR('',#4280,10.);
#1226=VECTOR('',#4281,10.);
#1227=VECTOR('',#4282,10.);
#1228=VECTOR('',#4283,10.);
#1229=VECTOR('',#4284,10.);
#1230=VECTOR('',#4285,10.);
#1231=VECTOR('',#4286,1000.);
#1232=VECTOR('',#4289,1000.);
#1233=VECTOR('',#4292,1000.);
#1234=VECTOR('',#4293,1000.);
#1235=VECTOR('',#4294,1000.);
#1236=VECTOR('',#4297,1000.);
#1237=VECTOR('',#4300,1000.);
#1238=VECTOR('',#4303,1000.);
#1239=VECTOR('',#4304,1000.);
#1240=VECTOR('',#4307,1000.);
#1241=VECTOR('',#4312,1000.);
#1242=VECTOR('',#4313,1000.);
#1243=VECTOR('',#4314,10.);
#1244=VECTOR('',#4315,1000.);
#1245=VECTOR('',#4318,1000.);
#1246=VECTOR('',#4319,1000.);
#1247=VECTOR('',#4320,1000.);
#1248=VECTOR('',#4321,10.);
#1249=VECTOR('',#4324,10.);
#1250=VECTOR('',#4325,10.);
#1251=VECTOR('',#4328,1000.);
#1252=VECTOR('',#4331,1000.);
#1253=VECTOR('',#4334,1000.);
#1254=VECTOR('',#4337,1000.);
#1255=VECTOR('',#4338,10.);
#1256=VECTOR('',#4339,10.);
#1257=VECTOR('',#4348,1000.);
#1258=VECTOR('',#4351,1000.);
#1259=VECTOR('',#4354,1000.);
#1260=VECTOR('',#4355,1000.);
#1261=VECTOR('',#4356,1000.);
#1262=VECTOR('',#4363,1000.);
#1263=VECTOR('',#4366,1000.);
#1264=VECTOR('',#4367,1000.);
#1265=VECTOR('',#4368,1000.);
#1266=VECTOR('',#4369,1000.);
#1267=VECTOR('',#4376,1000.);
#1268=VECTOR('',#4379,1000.);
#1269=VECTOR('',#4380,1000.);
#1270=VECTOR('',#4385,1.65);
#1271=VECTOR('',#4390,10.);
#1272=VECTOR('',#4391,10.);
#1273=VECTOR('',#4392,10.);
#1274=VECTOR('',#4393,10.);
#1275=VECTOR('',#4396,10.);
#1276=VECTOR('',#4397,1000.);
#1277=VECTOR('',#4398,1000.);
#1278=VECTOR('',#4401,1.65);
#1279=VECTOR('',#4408,10.);
#1280=VECTOR('',#4409,10.);
#1281=VECTOR('',#4412,10.);
#1282=VECTOR('',#4413,10.);
#1283=VECTOR('',#4414,1000.);
#1284=VECTOR('',#4417,1000.);
#1285=VECTOR('',#4420,1000.);
#1286=VECTOR('',#4425,1000.);
#1287=VECTOR('',#4426,1000.);
#1288=VECTOR('',#4429,1000.);
#1289=VECTOR('',#4432,1000.);
#1290=VECTOR('',#4435,1000.);
#1291=VECTOR('',#4438,1000.);
#1292=VECTOR('',#4443,1000.);
#1293=VECTOR('',#4446,1000.);
#1294=VECTOR('',#4449,1000.);
#1295=VECTOR('',#4452,1000.);
#1296=VECTOR('',#4457,1000.);
#1297=VECTOR('',#4460,1000.);
#1298=VECTOR('',#4465,1000.);
#1299=VECTOR('',#4468,1000.);
#1300=VECTOR('',#4473,0.85);
#1301=VECTOR('',#4478,1000.);
#1302=VECTOR('',#4479,1000.);
#1303=VECTOR('',#4480,1000.);
#1304=VECTOR('',#4485,0.85);
#1305=VECTOR('',#4490,1000.);
#1306=VECTOR('',#4491,1000.);
#1307=VECTOR('',#4492,1000.);
#1308=VECTOR('',#4495,1000.);
#1309=VECTOR('',#4496,1000.);
#1310=VECTOR('',#4497,1000.);
#1311=VECTOR('',#4500,1000.);
#1312=VECTOR('',#4503,1000.);
#1313=VECTOR('',#4506,1000.);
#1314=VECTOR('',#4519,1000.);
#1315=VECTOR('',#4522,1000.);
#1316=VECTOR('',#4525,1000.);
#1317=VECTOR('',#4534,1000.);
#1318=VECTOR('',#4545,1000.);
#1319=VECTOR('',#4548,1000.);
#1320=VECTOR('',#4551,1000.);
#1321=VECTOR('',#4560,1000.);
#1322=VECTOR('',#4563,1000.);
#1323=VECTOR('',#4564,1000.);
#1324=VECTOR('',#4565,1000.);
#1325=VECTOR('',#4568,10.);
#1326=VECTOR('',#4569,1000.);
#1327=VECTOR('',#4570,1000.);
#1328=VECTOR('',#4573,1000.);
#1329=VECTOR('',#4574,1000.);
#1330=VECTOR('',#4579,1000.);
#1331=VECTOR('',#4580,1000.);
#1332=VECTOR('',#4583,1000.);
#1333=VECTOR('',#4584,1000.);
#1334=VECTOR('',#4587,1000.);
#1335=VECTOR('',#4590,1000.);
#1336=VECTOR('',#4593,1000.);
#1337=VECTOR('',#4598,1000.);
#1338=VECTOR('',#4601,1000.);
#1339=VECTOR('',#4604,1000.);
#1340=VECTOR('',#4611,1000.);
#1341=VECTOR('',#4614,1000.);
#1342=VECTOR('',#4617,1000.);
#1343=VECTOR('',#4622,1000.);
#1344=VECTOR('',#4623,1000.);
#1345=VECTOR('',#4626,1000.);
#1346=VECTOR('',#4631,1000.);
#1347=VECTOR('',#4634,10.);
#1348=VECTOR('',#4639,10.);
#1349=VECTOR('',#4640,10.);
#1350=VECTOR('',#4643,10.);
#1351=VECTOR('',#4644,1000.);
#1352=VECTOR('',#4647,10.);
#1353=VECTOR('',#4652,10.);
#1354=VECTOR('',#4653,10.);
#1355=VECTOR('',#4658,10.);
#1356=VECTOR('',#4659,1000.);
#1357=VECTOR('',#4664,10.);
#1358=VECTOR('',#4669,10.);
#1359=VECTOR('',#4670,1000.);
#1360=VECTOR('',#4671,1000.);
#1361=VECTOR('',#4672,1000.);
#1362=VECTOR('',#4673,10.);
#1363=VECTOR('',#4676,1000.);
#1364=VECTOR('',#4679,1000.);
#1365=VECTOR('',#4682,1000.);
#1366=VECTOR('',#4685,1000.);
#1367=VECTOR('',#4690,1000.);
#1368=VECTOR('',#4693,1000.);
#1369=VECTOR('',#4696,1000.);
#1370=VECTOR('',#4701,1000.);
#1371=VECTOR('',#4706,1000.);
#1372=VECTOR('',#4707,1000.);
#1373=VECTOR('',#4714,1000.);
#1374=VECTOR('',#4717,1000.);
#1375=VECTOR('',#4720,1000.);
#1376=VECTOR('',#4723,1000.);
#1377=VECTOR('',#4726,1000.);
#1378=VECTOR('',#4729,1000.);
#1379=VECTOR('',#4732,1000.);
#1380=VECTOR('',#4735,1000.);
#1381=VECTOR('',#4744,1000.);
#1382=VECTOR('',#4751,1000.);
#1383=VECTOR('',#4754,1000.);
#1384=VECTOR('',#4757,1000.);
#1385=VECTOR('',#4762,1000.);
#1386=VECTOR('',#4765,1000.);
#1387=VECTOR('',#4768,1000.);
#1388=VECTOR('',#4775,1000.);
#1389=VECTOR('',#4776,10.);
#1390=VECTOR('',#4779,1000.);
#1391=VECTOR('',#4784,10.);
#1392=VECTOR('',#4789,10.);
#1393=VECTOR('',#4792,10.);
#1394=VECTOR('',#4799,10.);
#1395=VECTOR('',#4802,1000.);
#1396=VECTOR('',#4811,10.);
#1397=VECTOR('',#4812,10.);
#1398=VECTOR('',#4817,1000.);
#1399=VECTOR('',#4818,1000.);
#1400=VECTOR('',#4821,1000.);
#1401=VECTOR('',#4836,1000.);
#1402=VECTOR('',#4847,1000.);
#1403=VECTOR('',#4850,1000.);
#1404=VECTOR('',#4855,1000.);
#1405=VECTOR('',#4856,1000.);
#1406=VECTOR('',#4863,1000.);
#1407=VECTOR('',#4868,1000.);
#1408=VECTOR('',#4881,1000.);
#1409=VECTOR('',#4890,1000.);
#1410=VECTOR('',#4895,1000.);
#1411=VECTOR('',#4896,1000.);
#1412=VECTOR('',#4905,1000.);
#1413=VECTOR('',#4916,1000.);
#1414=VECTOR('',#4925,1000.);
#1415=VECTOR('',#4930,1000.);
#1416=VECTOR('',#4931,1000.);
#1417=VECTOR('',#4946,1000.);
#1418=VECTOR('',#4947,1000.);
#1419=VECTOR('',#4948,1000.);
#1420=VECTOR('',#4957,1000.);
#1421=VECTOR('',#4960,1000.);
#1422=VECTOR('',#4977,1000.);
#1423=VECTOR('',#4994,1000.);
#1424=VECTOR('',#4995,1000.);
#1425=VECTOR('',#4996,1000.);
#1426=VECTOR('',#4997,1000.);
#1427=VECTOR('',#5004,1000.);
#1428=VECTOR('',#5009,1000.);
#1429=VECTOR('',#5010,1000.);
#1430=VECTOR('',#5033,1000.);
#1431=VECTOR('',#5048,1000.);
#1432=VECTOR('',#5049,1000.);
#1433=VECTOR('',#5050,1000.);
#1434=VECTOR('',#5051,1000.);
#1435=VECTOR('',#5058,1000.);
#1436=VECTOR('',#5063,1000.);
#1437=VECTOR('',#5064,1000.);
#1438=VECTOR('',#5087,1000.);
#1439=VECTOR('',#5102,1000.);
#1440=VECTOR('',#5103,1000.);
#1441=VECTOR('',#5104,1000.);
#1442=VECTOR('',#5105,1000.);
#1443=VECTOR('',#5112,1000.);
#1444=VECTOR('',#5117,1000.);
#1445=VECTOR('',#5118,1000.);
#1446=VECTOR('',#5147,1000.);
#1447=VECTOR('',#5152,1000.);
#1448=VECTOR('',#5167,1000.);
#1449=VECTOR('',#5192,1000.);
#1450=VECTOR('',#5207,1000.);
#1451=VECTOR('',#5208,1000.);
#1452=VECTOR('',#5211,1000.);
#1453=VECTOR('',#5212,1000.);
#1454=VECTOR('',#5213,1000.);
#1455=VECTOR('',#5216,1000.);
#1456=VECTOR('',#5217,1000.);
#1457=VECTOR('',#5220,1000.);
#1458=VECTOR('',#5223,1000.);
#1459=VECTOR('',#5224,1000.);
#1460=VECTOR('',#5225,1000.);
#1461=VECTOR('',#5230,1000.);
#1462=VECTOR('',#5231,1000.);
#1463=VECTOR('',#5234,1000.);
#1464=VECTOR('',#5235,1000.);
#1465=VECTOR('',#5236,1000.);
#1466=VECTOR('',#5237,1000.);
#1467=VECTOR('',#5240,1.49999999927545);
#1468=VECTOR('',#5245,1.49999999927458);
#1469=VECTOR('',#5250,1000.);
#1470=VECTOR('',#5253,1000.);
#1471=VECTOR('',#5258,1000.);
#1472=VECTOR('',#5259,10.);
#1473=VECTOR('',#5276,1000.);
#1474=VERTEX_POINT('',#5281);
#1475=VERTEX_POINT('',#5282);
#1476=VERTEX_POINT('',#5284);
#1477=VERTEX_POINT('',#5301);
#1478=VERTEX_POINT('',#5321);
#1479=VERTEX_POINT('',#5323);
#1480=VERTEX_POINT('',#5325);
#1481=VERTEX_POINT('',#5327);
#1482=VERTEX_POINT('',#5335);
#1483=VERTEX_POINT('',#5340);
#1484=VERTEX_POINT('',#5347);
#1485=VERTEX_POINT('',#5354);
#1486=VERTEX_POINT('',#5359);
#1487=VERTEX_POINT('',#5367);
#1488=VERTEX_POINT('',#5369);
#1489=VERTEX_POINT('',#5371);
#1490=VERTEX_POINT('',#5373);
#1491=VERTEX_POINT('',#5403);
#1492=VERTEX_POINT('',#5405);
#1493=VERTEX_POINT('',#5407);
#1494=VERTEX_POINT('',#5408);
#1495=VERTEX_POINT('',#5410);
#1496=VERTEX_POINT('',#5417);
#1497=VERTEX_POINT('',#5422);
#1498=VERTEX_POINT('',#5424);
#1499=VERTEX_POINT('',#5429);
#1500=VERTEX_POINT('',#5434);
#1501=VERTEX_POINT('',#5436);
#1502=VERTEX_POINT('',#5444);
#1503=VERTEX_POINT('',#5446);
#1504=VERTEX_POINT('',#5448);
#1505=VERTEX_POINT('',#5467);
#1506=VERTEX_POINT('',#5469);
#1507=VERTEX_POINT('',#5474);
#1508=VERTEX_POINT('',#5478);
#1509=VERTEX_POINT('',#5491);
#1510=VERTEX_POINT('',#5493);
#1511=VERTEX_POINT('',#5524);
#1512=VERTEX_POINT('',#5526);
#1513=VERTEX_POINT('',#5531);
#1514=VERTEX_POINT('',#5539);
#1515=VERTEX_POINT('',#5543);
#1516=VERTEX_POINT('',#5547);
#1517=VERTEX_POINT('',#5551);
#1518=VERTEX_POINT('',#5582);
#1519=VERTEX_POINT('',#5637);
#1520=VERTEX_POINT('',#5656);
#1521=VERTEX_POINT('',#5658);
#1522=VERTEX_POINT('',#5660);
#1523=VERTEX_POINT('',#5726);
#1524=VERTEX_POINT('',#5745);
#1525=VERTEX_POINT('',#5746);
#1526=VERTEX_POINT('',#5748);
#1527=VERTEX_POINT('',#5750);
#1528=VERTEX_POINT('',#5752);
#1529=VERTEX_POINT('',#5754);
#1530=VERTEX_POINT('',#5756);
#1531=VERTEX_POINT('',#5758);
#1532=VERTEX_POINT('',#5760);
#1533=VERTEX_POINT('',#5762);
#1534=VERTEX_POINT('',#5764);
#1535=VERTEX_POINT('',#5766);
#1536=VERTEX_POINT('',#5768);
#1537=VERTEX_POINT('',#5771);
#1538=VERTEX_POINT('',#5774);
#1539=VERTEX_POINT('',#5775);
#1540=VERTEX_POINT('',#5777);
#1541=VERTEX_POINT('',#5779);
#1542=VERTEX_POINT('',#5783);
#1543=VERTEX_POINT('',#5785);
#1544=VERTEX_POINT('',#5789);
#1545=VERTEX_POINT('',#5791);
#1546=VERTEX_POINT('',#5795);
#1547=VERTEX_POINT('',#5796);
#1548=VERTEX_POINT('',#5798);
#1549=VERTEX_POINT('',#5800);
#1550=VERTEX_POINT('',#5804);
#1551=VERTEX_POINT('',#5806);
#1552=VERTEX_POINT('',#5813);
#1553=VERTEX_POINT('',#5815);
#1554=VERTEX_POINT('',#5819);
#1555=VERTEX_POINT('',#5820);
#1556=VERTEX_POINT('',#5822);
#1557=VERTEX_POINT('',#5824);
#1558=VERTEX_POINT('',#5828);
#1559=VERTEX_POINT('',#5830);
#1560=VERTEX_POINT('',#5834);
#1561=VERTEX_POINT('',#5838);
#1562=VERTEX_POINT('',#5840);
#1563=VERTEX_POINT('',#5842);
#1564=VERTEX_POINT('',#5844);
#1565=VERTEX_POINT('',#5846);
#1566=VERTEX_POINT('',#5848);
#1567=VERTEX_POINT('',#5850);
#1568=VERTEX_POINT('',#5852);
#1569=VERTEX_POINT('',#5854);
#1570=VERTEX_POINT('',#5856);
#1571=VERTEX_POINT('',#5858);
#1572=VERTEX_POINT('',#5874);
#1573=VERTEX_POINT('',#5875);
#1574=VERTEX_POINT('',#5886);
#1575=VERTEX_POINT('',#5888);
#1576=VERTEX_POINT('',#5892);
#1577=VERTEX_POINT('',#5893);
#1578=VERTEX_POINT('',#5902);
#1579=VERTEX_POINT('',#5904);
#1580=VERTEX_POINT('',#5908);
#1581=VERTEX_POINT('',#5909);
#1582=VERTEX_POINT('',#5911);
#1583=VERTEX_POINT('',#5913);
#1584=VERTEX_POINT('',#5917);
#1585=VERTEX_POINT('',#5918);
#1586=VERTEX_POINT('',#5920);
#1587=VERTEX_POINT('',#5922);
#1588=VERTEX_POINT('',#5926);
#1589=VERTEX_POINT('',#5928);
#1590=VERTEX_POINT('',#5932);
#1591=VERTEX_POINT('',#5941);
#1592=VERTEX_POINT('',#5943);
#1593=VERTEX_POINT('',#5959);
#1594=VERTEX_POINT('',#5961);
#1595=VERTEX_POINT('',#5965);
#1596=VERTEX_POINT('',#5966);
#1597=VERTEX_POINT('',#5969);
#1598=VERTEX_POINT('',#5994);
#1599=VERTEX_POINT('',#5995);
#1600=VERTEX_POINT('',#5997);
#1601=VERTEX_POINT('',#5999);
#1602=VERTEX_POINT('',#6001);
#1603=VERTEX_POINT('',#6003);
#1604=VERTEX_POINT('',#6005);
#1605=VERTEX_POINT('',#6007);
#1606=VERTEX_POINT('',#6011);
#1607=VERTEX_POINT('',#6018);
#1608=VERTEX_POINT('',#6020);
#1609=VERTEX_POINT('',#6024);
#1610=VERTEX_POINT('',#6026);
#1611=VERTEX_POINT('',#6028);
#1612=VERTEX_POINT('',#6030);
#1613=VERTEX_POINT('',#6034);
#1614=VERTEX_POINT('',#6035);
#1615=VERTEX_POINT('',#6051);
#1616=VERTEX_POINT('',#6052);
#1617=VERTEX_POINT('',#6063);
#1618=VERTEX_POINT('',#6065);
#1619=VERTEX_POINT('',#6069);
#1620=VERTEX_POINT('',#6071);
#1621=VERTEX_POINT('',#6073);
#1622=VERTEX_POINT('',#6075);
#1623=VERTEX_POINT('',#6079);
#1624=VERTEX_POINT('',#6091);
#1625=VERTEX_POINT('',#6093);
#1626=VERTEX_POINT('',#6097);
#1627=VERTEX_POINT('',#6098);
#1628=VERTEX_POINT('',#6103);
#1629=VERTEX_POINT('',#6105);
#1630=VERTEX_POINT('',#6112);
#1631=VERTEX_POINT('',#6114);
#1632=VERTEX_POINT('',#6116);
#1633=VERTEX_POINT('',#6118);
#1634=VERTEX_POINT('',#6120);
#1635=VERTEX_POINT('',#6122);
#1636=VERTEX_POINT('',#6124);
#1637=VERTEX_POINT('',#6126);
#1638=VERTEX_POINT('',#6128);
#1639=VERTEX_POINT('',#6130);
#1640=VERTEX_POINT('',#6162);
#1641=VERTEX_POINT('',#6164);
#1642=VERTEX_POINT('',#6166);
#1643=VERTEX_POINT('',#6168);
#1644=VERTEX_POINT('',#6170);
#1645=VERTEX_POINT('',#6172);
#1646=VERTEX_POINT('',#6176);
#1647=VERTEX_POINT('',#6182);
#1648=VERTEX_POINT('',#6186);
#1649=VERTEX_POINT('',#6190);
#1650=VERTEX_POINT('',#6195);
#1651=VERTEX_POINT('',#6203);
#1652=VERTEX_POINT('',#6205);
#1653=VERTEX_POINT('',#6208);
#1654=VERTEX_POINT('',#6216);
#1655=VERTEX_POINT('',#6224);
#1656=VERTEX_POINT('',#6226);
#1657=VERTEX_POINT('',#6228);
#1658=VERTEX_POINT('',#6230);
#1659=VERTEX_POINT('',#6234);
#1660=VERTEX_POINT('',#6236);
#1661=VERTEX_POINT('',#6238);
#1662=VERTEX_POINT('',#6240);
#1663=VERTEX_POINT('',#6242);
#1664=VERTEX_POINT('',#6244);
#1665=VERTEX_POINT('',#6246);
#1666=VERTEX_POINT('',#6248);
#1667=VERTEX_POINT('',#6250);
#1668=VERTEX_POINT('',#6257);
#1669=VERTEX_POINT('',#6266);
#1670=VERTEX_POINT('',#6268);
#1671=VERTEX_POINT('',#6270);
#1672=VERTEX_POINT('',#6272);
#1673=VERTEX_POINT('',#6274);
#1674=VERTEX_POINT('',#6276);
#1675=VERTEX_POINT('',#6280);
#1676=VERTEX_POINT('',#6284);
#1677=VERTEX_POINT('',#6290);
#1678=VERTEX_POINT('',#6292);
#1679=VERTEX_POINT('',#6294);
#1680=VERTEX_POINT('',#6296);
#1681=VERTEX_POINT('',#6298);
#1682=VERTEX_POINT('',#6300);
#1683=VERTEX_POINT('',#6302);
#1684=VERTEX_POINT('',#6304);
#1685=VERTEX_POINT('',#6306);
#1686=VERTEX_POINT('',#6308);
#1687=VERTEX_POINT('',#6310);
#1688=VERTEX_POINT('',#6312);
#1689=VERTEX_POINT('',#6314);
#1690=VERTEX_POINT('',#6316);
#1691=VERTEX_POINT('',#6318);
#1692=VERTEX_POINT('',#6324);
#1693=VERTEX_POINT('',#6328);
#1694=VERTEX_POINT('',#6330);
#1695=VERTEX_POINT('',#6332);
#1696=VERTEX_POINT('',#6334);
#1697=VERTEX_POINT('',#6336);
#1698=VERTEX_POINT('',#6338);
#1699=VERTEX_POINT('',#6340);
#1700=VERTEX_POINT('',#6342);
#1701=VERTEX_POINT('',#6365);
#1702=VERTEX_POINT('',#6367);
#1703=VERTEX_POINT('',#6369);
#1704=VERTEX_POINT('',#6371);
#1705=VERTEX_POINT('',#6373);
#1706=VERTEX_POINT('',#6375);
#1707=VERTEX_POINT('',#6418);
#1708=VERTEX_POINT('',#6419);
#1709=VERTEX_POINT('',#6428);
#1710=VERTEX_POINT('',#6472);
#1711=VERTEX_POINT('',#6481);
#1712=VERTEX_POINT('',#6562);
#1713=VERTEX_POINT('',#6563);
#1714=VERTEX_POINT('',#6598);
#1715=VERTEX_POINT('',#6600);
#1716=VERTEX_POINT('',#6630);
#1717=VERTEX_POINT('',#6638);
#1718=VERTEX_POINT('',#6647);
#1719=VERTEX_POINT('',#6728);
#1720=VERTEX_POINT('',#6729);
#1721=VERTEX_POINT('',#6757);
#1722=VERTEX_POINT('',#6803);
#1723=VERTEX_POINT('',#6830);
#1724=VERTEX_POINT('',#6831);
#1725=VERTEX_POINT('',#6833);
#1726=VERTEX_POINT('',#6835);
#1727=VERTEX_POINT('',#6850);
#1728=VERTEX_POINT('',#6859);
#1729=VERTEX_POINT('',#6874);
#1730=VERTEX_POINT('',#6876);
#1731=VERTEX_POINT('',#6878);
#1732=VERTEX_POINT('',#6883);
#1733=VERTEX_POINT('',#6895);
#1734=VERTEX_POINT('',#6897);
#1735=VERTEX_POINT('',#6908);
#1736=VERTEX_POINT('',#6916);
#1737=VERTEX_POINT('',#6918);
#1738=VERTEX_POINT('',#6934);
#1739=VERTEX_POINT('',#6939);
#1740=VERTEX_POINT('',#6968);
#1741=VERTEX_POINT('',#6973);
#1742=VERTEX_POINT('',#6988);
#1743=VERTEX_POINT('',#7005);
#1744=VERTEX_POINT('',#7025);
#1745=VERTEX_POINT('',#7027);
#1746=VERTEX_POINT('',#7080);
#1747=VERTEX_POINT('',#7103);
#1748=VERTEX_POINT('',#7141);
#1749=VERTEX_POINT('',#7145);
#1750=VERTEX_POINT('',#7161);
#1751=VERTEX_POINT('',#7165);
#1752=VERTEX_POINT('',#7169);
#1753=VERTEX_POINT('',#7175);
#1754=VERTEX_POINT('',#7191);
#1755=VERTEX_POINT('',#7195);
#1756=VERTEX_POINT('',#7211);
#1757=VERTEX_POINT('',#7215);
#1758=VERTEX_POINT('',#7224);
#1759=VERTEX_POINT('',#7228);
#1760=VERTEX_POINT('',#7244);
#1761=VERTEX_POINT('',#7248);
#1762=VERTEX_POINT('',#7254);
#1763=VERTEX_POINT('',#7306);
#1764=VERTEX_POINT('',#7442);
#1765=VERTEX_POINT('',#7461);
#1766=VERTEX_POINT('',#7463);
#1767=VERTEX_POINT('',#7471);
#1768=VERTEX_POINT('',#8005);
#1769=VERTEX_POINT('',#8040);
#1770=VERTEX_POINT('',#8050);
#1771=VERTEX_POINT('',#8227);
#1772=VERTEX_POINT('',#8421);
#1773=VERTEX_POINT('',#8748);
#1774=VERTEX_POINT('',#8750);
#1775=VERTEX_POINT('',#8764);
#1776=VERTEX_POINT('',#8799);
#1777=VERTEX_POINT('',#8834);
#1778=VERTEX_POINT('',#8841);
#1779=VERTEX_POINT('',#8906);
#1780=VERTEX_POINT('',#8911);
#1781=VERTEX_POINT('',#8922);
#1782=VERTEX_POINT('',#8929);
#1783=VERTEX_POINT('',#8931);
#1784=VERTEX_POINT('',#8933);
#1785=VERTEX_POINT('',#8965);
#1786=VERTEX_POINT('',#8972);
#1787=VERTEX_POINT('',#9124);
#1788=VERTEX_POINT('',#9126);
#1789=VERTEX_POINT('',#9130);
#1790=VERTEX_POINT('',#9134);
#1791=VERTEX_POINT('',#9140);
#1792=VERTEX_POINT('',#9142);
#1793=VERTEX_POINT('',#9146);
#1794=VERTEX_POINT('',#9147);
#1795=VERTEX_POINT('',#9155);
#1796=VERTEX_POINT('',#9159);
#1797=VERTEX_POINT('',#9167);
#1798=VERTEX_POINT('',#9171);
#1799=VERTEX_POINT('',#9175);
#1800=VERTEX_POINT('',#9181);
#1801=VERTEX_POINT('',#9185);
#1802=VERTEX_POINT('',#9186);
#1803=VERTEX_POINT('',#9194);
#1804=VERTEX_POINT('',#9198);
#1805=VERTEX_POINT('',#9206);
#1806=VERTEX_POINT('',#9210);
#1807=VERTEX_POINT('',#9214);
#1808=VERTEX_POINT('',#9220);
#1809=VERTEX_POINT('',#9224);
#1810=VERTEX_POINT('',#9226);
#1811=VERTEX_POINT('',#9233);
#1812=VERTEX_POINT('',#9237);
#1813=VERTEX_POINT('',#9254);
#1814=VERTEX_POINT('',#9255);
#1815=VERTEX_POINT('',#9258);
#1816=VERTEX_POINT('',#9264);
#1817=VERTEX_POINT('',#9330);
#1818=VERTEX_POINT('',#9332);
#1819=VERTEX_POINT('',#9367);
#1820=VERTEX_POINT('',#9401);
#1821=VERTEX_POINT('',#9403);
#1822=VERTEX_POINT('',#9519);
#1823=VERTEX_POINT('',#9541);
#1824=VERTEX_POINT('',#9545);
#1825=VERTEX_POINT('',#9547);
#1826=VERTEX_POINT('',#9561);
#1827=VERTEX_POINT('',#9563);
#1828=VERTEX_POINT('',#9577);
#1829=VERTEX_POINT('',#9595);
#1830=VERTEX_POINT('',#9599);
#1831=VERTEX_POINT('',#9601);
#1832=VERTEX_POINT('',#9623);
#1833=VERTEX_POINT('',#9627);
#1834=VERTEX_POINT('',#9642);
#1835=VERTEX_POINT('',#9667);
#1836=VERTEX_POINT('',#9682);
#1837=VERTEX_POINT('',#9752);
#1838=EDGE_CURVE('',#1474,#1475,#966,.T.);
#1839=EDGE_CURVE('',#1476,#1474,#848,.T.);
#1840=EDGE_CURVE('',#1477,#1476,#849,.T.);
#1841=EDGE_CURVE('',#1478,#1477,#967,.T.);
#1842=EDGE_CURVE('',#1479,#1478,#662,.T.);
#1843=EDGE_CURVE('',#1480,#1479,#968,.T.);
#1844=EDGE_CURVE('',#1481,#1480,#850,.T.);
#1845=EDGE_CURVE('',#1482,#1481,#851,.T.);
#1846=EDGE_CURVE('',#1483,#1482,#852,.T.);
#1847=EDGE_CURVE('',#1484,#1483,#853,.T.);
#1848=EDGE_CURVE('',#1485,#1484,#854,.T.);
#1849=EDGE_CURVE('',#1486,#1485,#855,.T.);
#1850=EDGE_CURVE('',#1487,#1486,#969,.T.);
#1851=EDGE_CURVE('',#1488,#1487,#663,.T.);
#1852=EDGE_CURVE('',#1489,#1488,#970,.T.);
#1853=EDGE_CURVE('',#1490,#1489,#856,.T.);
#1854=EDGE_CURVE('',#1475,#1490,#857,.T.);
#1855=EDGE_CURVE('',#1491,#1491,#664,.T.);
#1856=EDGE_CURVE('',#1492,#1492,#665,.T.);
#1857=EDGE_CURVE('',#1493,#1494,#971,.T.);
#1858=EDGE_CURVE('',#1495,#1493,#858,.T.);
#1859=EDGE_CURVE('',#1496,#1495,#859,.T.);
#1860=EDGE_CURVE('',#1497,#1496,#972,.T.);
#1861=EDGE_CURVE('',#1498,#1497,#860,.T.);
#1862=EDGE_CURVE('',#1499,#1498,#861,.T.);
#1863=EDGE_CURVE('',#1500,#1499,#973,.T.);
#1864=EDGE_CURVE('',#1501,#1500,#862,.T.);
#1865=EDGE_CURVE('',#1502,#1501,#974,.T.);
#1866=EDGE_CURVE('',#1503,#1502,#975,.T.);
#1867=EDGE_CURVE('',#1504,#1503,#976,.T.);
#1868=EDGE_CURVE('',#1494,#1504,#863,.T.);
#1869=EDGE_CURVE('',#1493,#1505,#977,.T.);
#1870=EDGE_CURVE('',#1506,#1505,#864,.T.);
#1871=EDGE_CURVE('',#1506,#1507,#132,.T.);
#1872=EDGE_CURVE('',#1495,#1507,#978,.T.);
#1873=EDGE_CURVE('',#1494,#1508,#979,.T.);
#1874=EDGE_CURVE('',#1508,#1505,#980,.T.);
#1875=EDGE_CURVE('',#1504,#1509,#981,.T.);
#1876=EDGE_CURVE('',#1510,#1509,#865,.T.);
#1877=EDGE_CURVE('',#1508,#1510,#133,.T.);
#1878=EDGE_CURVE('',#1480,#1511,#982,.T.);
#1879=EDGE_CURVE('',#1512,#1511,#866,.T.);
#1880=EDGE_CURVE('',#1513,#1512,#867,.T.);
#1881=EDGE_CURVE('',#1514,#1513,#134,.T.);
#1882=EDGE_CURVE('',#1481,#1514,#983,.T.);
#1883=EDGE_CURVE('',#1515,#1479,#984,.T.);
#1884=EDGE_CURVE('',#1511,#1515,#985,.T.);
#1885=EDGE_CURVE('',#1478,#1516,#986,.T.);
#1886=EDGE_CURVE('',#1515,#1516,#666,.T.);
#1887=EDGE_CURVE('',#1477,#1517,#987,.T.);
#1888=EDGE_CURVE('',#1516,#1517,#988,.T.);
#1889=EDGE_CURVE('',#1476,#1518,#989,.T.);
#1890=EDGE_CURVE('',#1517,#1518,#868,.T.);
#1891=EDGE_CURVE('',#1474,#1519,#990,.T.);
#1892=EDGE_CURVE('',#1518,#1519,#869,.T.);
#1893=EDGE_CURVE('',#1520,#1475,#991,.T.);
#1894=EDGE_CURVE('',#1521,#1520,#992,.T.);
#1895=EDGE_CURVE('',#1522,#1521,#870,.T.);
#1896=EDGE_CURVE('',#1519,#1522,#993,.T.);
#1897=EDGE_CURVE('',#1490,#1523,#994,.T.);
#1898=EDGE_CURVE('',#1520,#1523,#871,.T.);
#1899=EDGE_CURVE('',#1524,#1525,#995,.T.);
#1900=EDGE_CURVE('',#1525,#1526,#996,.T.);
#1901=EDGE_CURVE('',#1527,#1526,#667,.T.);
#1902=EDGE_CURVE('',#1527,#1528,#997,.T.);
#1903=EDGE_CURVE('',#1528,#1529,#668,.T.);
#1904=EDGE_CURVE('',#1529,#1530,#998,.T.);
#1905=EDGE_CURVE('',#1530,#1531,#669,.T.);
#1906=EDGE_CURVE('',#1531,#1532,#999,.T.);
#1907=EDGE_CURVE('',#1532,#1533,#670,.T.);
#1908=EDGE_CURVE('',#1533,#1534,#1000,.T.);
#1909=EDGE_CURVE('',#1534,#1535,#1001,.T.);
#1910=EDGE_CURVE('',#1535,#1536,#1002,.T.);
#1911=EDGE_CURVE('',#1536,#1524,#671,.T.);
#1912=EDGE_CURVE('',#1537,#1537,#672,.T.);
#1913=EDGE_CURVE('',#1538,#1539,#673,.T.);
#1914=EDGE_CURVE('',#1540,#1538,#1003,.T.);
#1915=EDGE_CURVE('',#1541,#1540,#674,.T.);
#1916=EDGE_CURVE('',#1541,#1539,#1004,.T.);
#1917=EDGE_CURVE('',#1539,#1542,#1005,.T.);
#1918=EDGE_CURVE('',#1543,#1541,#1006,.T.);
#1919=EDGE_CURVE('',#1543,#1542,#1007,.T.);
#1920=EDGE_CURVE('',#1542,#1544,#675,.T.);
#1921=EDGE_CURVE('',#1545,#1543,#676,.T.);
#1922=EDGE_CURVE('',#1544,#1545,#1008,.T.);
#1923=EDGE_CURVE('',#1546,#1547,#1009,.T.);
#1924=EDGE_CURVE('',#1548,#1546,#1010,.T.);
#1925=EDGE_CURVE('',#1549,#1548,#1011,.T.);
#1926=EDGE_CURVE('',#1549,#1547,#1012,.T.);
#1927=EDGE_CURVE('',#1547,#1550,#677,.T.);
#1928=EDGE_CURVE('',#1551,#1549,#678,.T.);
#1929=EDGE_CURVE('',#1551,#1550,#1013,.T.);
#1930=EDGE_CURVE('',#1550,#1538,#1014,.T.);
#1931=EDGE_CURVE('',#1540,#1551,#1015,.T.);
#1932=EDGE_CURVE('',#1552,#1552,#679,.T.);
#1933=EDGE_CURVE('',#1552,#1553,#1016,.T.);
#1934=EDGE_CURVE('',#1553,#1553,#680,.T.);
#1935=EDGE_CURVE('',#1554,#1555,#1017,.T.);
#1936=EDGE_CURVE('',#1556,#1554,#1018,.T.);
#1937=EDGE_CURVE('',#1557,#1556,#1019,.T.);
#1938=EDGE_CURVE('',#1555,#1557,#1020,.T.);
#1939=EDGE_CURVE('',#1558,#1527,#1021,.T.);
#1940=EDGE_CURVE('',#1559,#1558,#1022,.T.);
#1941=EDGE_CURVE('',#1559,#1528,#1023,.T.);
#1942=EDGE_CURVE('',#1537,#1560,#1024,.T.);
#1943=EDGE_CURVE('',#1560,#1560,#681,.T.);
#1944=EDGE_CURVE('',#1561,#1558,#682,.T.);
#1945=EDGE_CURVE('',#1561,#1562,#1025,.T.);
#1946=EDGE_CURVE('',#1563,#1562,#1026,.T.);
#1947=EDGE_CURVE('',#1564,#1563,#683,.T.);
#1948=EDGE_CURVE('',#1565,#1564,#1027,.T.);
#1949=EDGE_CURVE('',#1565,#1566,#1028,.T.);
#1950=EDGE_CURVE('',#1566,#1567,#1029,.T.);
#1951=EDGE_CURVE('',#1567,#1568,#684,.T.);
#1952=EDGE_CURVE('',#1568,#1569,#1030,.T.);
#1953=EDGE_CURVE('',#1569,#1570,#685,.T.);
#1954=EDGE_CURVE('',#1570,#1571,#1031,.T.);
#1955=EDGE_CURVE('',#1571,#1559,#686,.T.);
#1956=EDGE_CURVE('',#1567,#1533,#1032,.T.);
#1957=EDGE_CURVE('',#1566,#1534,#1033,.T.);
#1958=EDGE_CURVE('',#1568,#1532,#1034,.T.);
#1959=EDGE_CURVE('',#1569,#1531,#1035,.T.);
#1960=EDGE_CURVE('',#1570,#1530,#1036,.T.);
#1961=EDGE_CURVE('',#1571,#1529,#1037,.T.);
#1962=EDGE_CURVE('',#1572,#1573,#872,.T.);
#1963=EDGE_CURVE('',#1574,#1572,#1038,.T.);
#1964=EDGE_CURVE('',#1575,#1574,#687,.T.);
#1965=EDGE_CURVE('',#1573,#1575,#1039,.T.);
#1966=EDGE_CURVE('',#1576,#1577,#873,.T.);
#1967=EDGE_CURVE('',#1576,#1578,#1040,.T.);
#1968=EDGE_CURVE('',#1579,#1578,#688,.T.);
#1969=EDGE_CURVE('',#1577,#1579,#1041,.T.);
#1970=EDGE_CURVE('',#1580,#1581,#689,.T.);
#1971=EDGE_CURVE('',#1582,#1580,#1042,.T.);
#1972=EDGE_CURVE('',#1583,#1582,#690,.T.);
#1973=EDGE_CURVE('',#1581,#1583,#1043,.T.);
#1974=EDGE_CURVE('',#1584,#1585,#691,.T.);
#1975=EDGE_CURVE('',#1586,#1584,#1044,.T.);
#1976=EDGE_CURVE('',#1587,#1586,#692,.T.);
#1977=EDGE_CURVE('',#1585,#1587,#1045,.T.);
#1978=EDGE_CURVE('',#1588,#1588,#693,.T.);
#1979=EDGE_CURVE('',#1588,#1589,#1046,.T.);
#1980=EDGE_CURVE('',#1589,#1589,#694,.T.);
#1981=EDGE_CURVE('',#1573,#1590,#874,.T.);
#1982=EDGE_CURVE('',#1575,#1591,#1047,.T.);
#1983=EDGE_CURVE('',#1592,#1591,#1048,.T.);
#1984=EDGE_CURVE('',#1590,#1592,#1049,.T.);
#1985=EDGE_CURVE('',#1591,#1582,#875,.T.);
#1986=EDGE_CURVE('',#1592,#1580,#876,.T.);
#1987=EDGE_CURVE('',#1593,#1593,#695,.T.);
#1988=EDGE_CURVE('',#1593,#1594,#1050,.T.);
#1989=EDGE_CURVE('',#1594,#1594,#696,.T.);
#1990=EDGE_CURVE('',#1595,#1596,#1051,.T.);
#1991=EDGE_CURVE('',#1596,#1578,#1052,.T.);
#1992=EDGE_CURVE('',#1597,#1576,#877,.T.);
#1993=EDGE_CURVE('',#1595,#1597,#1053,.T.);
#1994=EDGE_CURVE('',#1585,#1595,#878,.T.);
#1995=EDGE_CURVE('',#1587,#1596,#879,.T.);
#1996=EDGE_CURVE('',#1586,#1583,#1054,.T.);
#1997=EDGE_CURVE('',#1574,#1579,#1055,.T.);
#1998=EDGE_CURVE('',#1598,#1599,#1056,.T.);
#1999=EDGE_CURVE('',#1600,#1598,#697,.T.);
#2000=EDGE_CURVE('',#1601,#1600,#1057,.T.);
#2001=EDGE_CURVE('',#1602,#1601,#698,.T.);
#2002=EDGE_CURVE('',#1603,#1602,#1058,.T.);
#2003=EDGE_CURVE('',#1604,#1603,#699,.T.);
#2004=EDGE_CURVE('',#1605,#1604,#1059,.T.);
#2005=EDGE_CURVE('',#1599,#1605,#700,.T.);
#2006=EDGE_CURVE('',#1606,#1572,#880,.T.);
#2007=EDGE_CURVE('',#1590,#1607,#701,.T.);
#2008=EDGE_CURVE('',#1607,#1608,#702,.T.);
#2009=EDGE_CURVE('',#1608,#1606,#703,.T.);
#2010=EDGE_CURVE('',#1607,#1609,#1060,.T.);
#2011=EDGE_CURVE('',#1610,#1609,#704,.T.);
#2012=EDGE_CURVE('',#1610,#1611,#1061,.T.);
#2013=EDGE_CURVE('',#1611,#1612,#705,.T.);
#2014=EDGE_CURVE('',#1612,#1608,#1062,.T.);
#2015=EDGE_CURVE('',#1613,#1614,#881,.T.);
#2016=EDGE_CURVE('',#1614,#1612,#706,.T.);
#2017=EDGE_CURVE('',#1611,#1613,#707,.T.);
#2018=EDGE_CURVE('',#1613,#1581,#1063,.T.);
#2019=EDGE_CURVE('',#1615,#1616,#882,.T.);
#2020=EDGE_CURVE('',#1616,#1617,#708,.T.);
#2021=EDGE_CURVE('',#1617,#1618,#709,.T.);
#2022=EDGE_CURVE('',#1618,#1615,#710,.T.);
#2023=EDGE_CURVE('',#1617,#1619,#1064,.T.);
#2024=EDGE_CURVE('',#1620,#1619,#711,.T.);
#2025=EDGE_CURVE('',#1620,#1621,#1065,.T.);
#2026=EDGE_CURVE('',#1621,#1622,#712,.T.);
#2027=EDGE_CURVE('',#1622,#1618,#1066,.T.);
#2028=EDGE_CURVE('',#1577,#1623,#883,.T.);
#2029=EDGE_CURVE('',#1623,#1622,#713,.T.);
#2030=EDGE_CURVE('',#1621,#1597,#714,.T.);
#2031=EDGE_CURVE('',#1584,#1616,#1067,.T.);
#2032=EDGE_CURVE('',#1624,#1623,#1068,.T.);
#2033=EDGE_CURVE('',#1606,#1625,#1069,.T.);
#2034=EDGE_CURVE('',#1625,#1624,#1070,.T.);
#2035=EDGE_CURVE('',#1626,#1627,#1071,.T.);
#2036=EDGE_CURVE('',#1627,#1608,#1072,.T.);
#2037=EDGE_CURVE('',#1626,#1612,#1073,.T.);
#2038=EDGE_CURVE('',#1628,#1627,#1074,.T.);
#2039=EDGE_CURVE('',#1629,#1628,#1075,.T.);
#2040=EDGE_CURVE('',#1625,#1629,#715,.T.);
#2041=EDGE_CURVE('',#1564,#1618,#1076,.T.);
#2042=EDGE_CURVE('',#1565,#1622,#1077,.T.);
#2043=EDGE_CURVE('',#1630,#1601,#1078,.T.);
#2044=EDGE_CURVE('',#1631,#1600,#1079,.T.);
#2045=EDGE_CURVE('',#1631,#1632,#716,.T.);
#2046=EDGE_CURVE('',#1632,#1633,#1080,.T.);
#2047=EDGE_CURVE('',#1633,#1634,#717,.T.);
#2048=EDGE_CURVE('',#1634,#1635,#1081,.T.);
#2049=EDGE_CURVE('',#1635,#1636,#718,.T.);
#2050=EDGE_CURVE('',#1636,#1637,#1082,.T.);
#2051=EDGE_CURVE('',#1637,#1638,#719,.T.);
#2052=EDGE_CURVE('',#1639,#1638,#884,.T.);
#2053=EDGE_CURVE('',#1640,#1639,#720,.T.);
#2054=EDGE_CURVE('',#1641,#1640,#1083,.T.);
#2055=EDGE_CURVE('',#1642,#1641,#721,.T.);
#2056=EDGE_CURVE('',#1643,#1642,#1084,.T.);
#2057=EDGE_CURVE('',#1644,#1643,#722,.T.);
#2058=EDGE_CURVE('',#1645,#1644,#1085,.T.);
#2059=EDGE_CURVE('',#1630,#1645,#723,.T.);
#2060=EDGE_CURVE('',#1646,#1626,#724,.T.);
#2061=EDGE_CURVE('',#1614,#1646,#1086,.T.);
#2062=EDGE_CURVE('',#1563,#1615,#1087,.T.);
#2063=EDGE_CURVE('',#1647,#1598,#1088,.T.);
#2064=EDGE_CURVE('',#1647,#1631,#725,.T.);
#2065=EDGE_CURVE('',#1648,#1599,#1089,.T.);
#2066=EDGE_CURVE('',#1647,#1648,#1090,.T.);
#2067=EDGE_CURVE('',#1649,#1605,#1091,.T.);
#2068=EDGE_CURVE('',#1649,#1648,#726,.T.);
#2069=EDGE_CURVE('',#1535,#1565,#1092,.T.);
#2070=EDGE_CURVE('',#1650,#1624,#727,.T.);
#2071=EDGE_CURVE('',#1650,#1535,#1093,.T.);
#2072=EDGE_CURVE('',#1627,#1548,#1094,.T.);
#2073=EDGE_CURVE('',#1628,#1546,#1095,.T.);
#2074=EDGE_CURVE('',#1651,#1628,#1096,.T.);
#2075=EDGE_CURVE('',#1544,#1652,#1097,.T.);
#2076=EDGE_CURVE('',#1555,#1652,#728,.T.);
#2077=EDGE_CURVE('',#1557,#1653,#1098,.T.);
#2078=EDGE_CURVE('',#1653,#1651,#729,.T.);
#2079=EDGE_CURVE('',#1526,#1561,#1099,.T.);
#2080=EDGE_CURVE('',#1562,#1525,#1100,.T.);
#2081=EDGE_CURVE('',#1652,#1654,#1101,.T.);
#2082=EDGE_CURVE('',#1654,#1545,#1102,.T.);
#2083=EDGE_CURVE('',#1654,#1554,#730,.T.);
#2084=EDGE_CURVE('',#1556,#1646,#1103,.T.);
#2085=EDGE_CURVE('',#1655,#1524,#1104,.T.);
#2086=EDGE_CURVE('',#1656,#1655,#1105,.T.);
#2087=EDGE_CURVE('',#1656,#1657,#1106,.T.);
#2088=EDGE_CURVE('',#1658,#1657,#1107,.T.);
#2089=EDGE_CURVE('',#1658,#1653,#1108,.T.);
#2090=EDGE_CURVE('',#1659,#1604,#1109,.T.);
#2091=EDGE_CURVE('',#1659,#1660,#731,.T.);
#2092=EDGE_CURVE('',#1660,#1661,#1110,.T.);
#2093=EDGE_CURVE('',#1661,#1662,#732,.T.);
#2094=EDGE_CURVE('',#1662,#1663,#1111,.T.);
#2095=EDGE_CURVE('',#1663,#1664,#733,.T.);
#2096=EDGE_CURVE('',#1664,#1665,#1112,.T.);
#2097=EDGE_CURVE('',#1665,#1666,#734,.T.);
#2098=EDGE_CURVE('',#1667,#1666,#885,.T.);
#2099=EDGE_CURVE('',#1668,#1667,#886,.T.);
#2100=EDGE_CURVE('',#1669,#1668,#735,.T.);
#2101=EDGE_CURVE('',#1670,#1669,#1113,.T.);
#2102=EDGE_CURVE('',#1671,#1670,#736,.T.);
#2103=EDGE_CURVE('',#1672,#1671,#1114,.T.);
#2104=EDGE_CURVE('',#1673,#1672,#737,.T.);
#2105=EDGE_CURVE('',#1674,#1673,#1115,.T.);
#2106=EDGE_CURVE('',#1649,#1674,#738,.T.);
#2107=EDGE_CURVE('',#1675,#1603,#1116,.T.);
#2108=EDGE_CURVE('',#1675,#1659,#739,.T.);
#2109=EDGE_CURVE('',#1676,#1602,#1117,.T.);
#2110=EDGE_CURVE('',#1675,#1676,#1118,.T.);
#2111=EDGE_CURVE('',#1630,#1676,#740,.T.);
#2112=EDGE_CURVE('',#1677,#1651,#1119,.T.);
#2113=EDGE_CURVE('',#1677,#1678,#741,.T.);
#2114=EDGE_CURVE('',#1678,#1679,#1120,.T.);
#2115=EDGE_CURVE('',#1679,#1680,#742,.T.);
#2116=EDGE_CURVE('',#1680,#1681,#1121,.T.);
#2117=EDGE_CURVE('',#1681,#1682,#743,.T.);
#2118=EDGE_CURVE('',#1682,#1683,#1122,.T.);
#2119=EDGE_CURVE('',#1683,#1684,#744,.T.);
#2120=EDGE_CURVE('',#1685,#1684,#1123,.T.);
#2121=EDGE_CURVE('',#1686,#1685,#745,.T.);
#2122=EDGE_CURVE('',#1687,#1686,#1124,.T.);
#2123=EDGE_CURVE('',#1688,#1687,#746,.T.);
#2124=EDGE_CURVE('',#1689,#1688,#1125,.T.);
#2125=EDGE_CURVE('',#1690,#1689,#747,.T.);
#2126=EDGE_CURVE('',#1691,#1690,#1126,.T.);
#2127=EDGE_CURVE('',#1629,#1691,#748,.T.);
#2128=EDGE_CURVE('',#1677,#1657,#749,.T.);
#2129=EDGE_CURVE('',#1692,#1536,#1127,.T.);
#2130=EDGE_CURVE('',#1656,#1692,#750,.T.);
#2131=EDGE_CURVE('',#1650,#1693,#751,.T.);
#2132=EDGE_CURVE('',#1693,#1694,#1128,.T.);
#2133=EDGE_CURVE('',#1694,#1695,#752,.T.);
#2134=EDGE_CURVE('',#1695,#1696,#1129,.T.);
#2135=EDGE_CURVE('',#1696,#1697,#753,.T.);
#2136=EDGE_CURVE('',#1697,#1698,#1130,.T.);
#2137=EDGE_CURVE('',#1698,#1699,#754,.T.);
#2138=EDGE_CURVE('',#1700,#1699,#887,.T.);
#2139=EDGE_CURVE('',#1701,#1700,#755,.T.);
#2140=EDGE_CURVE('',#1702,#1701,#1131,.T.);
#2141=EDGE_CURVE('',#1703,#1702,#756,.T.);
#2142=EDGE_CURVE('',#1704,#1703,#1132,.T.);
#2143=EDGE_CURVE('',#1705,#1704,#757,.T.);
#2144=EDGE_CURVE('',#1706,#1705,#1133,.T.);
#2145=EDGE_CURVE('',#1692,#1706,#758,.T.);
#2146=EDGE_CURVE('',#1707,#1708,#888,.T.);
#2147=EDGE_CURVE('',#1709,#1708,#889,.T.);
#2148=EDGE_CURVE('',#1709,#1710,#890,.T.);
#2149=EDGE_CURVE('',#1710,#1711,#759,.T.);
#2150=EDGE_CURVE('',#1707,#1711,#891,.T.);
#2151=EDGE_CURVE('',#1712,#1713,#892,.T.);
#2152=EDGE_CURVE('',#1711,#1712,#893,.T.);
#2153=EDGE_CURVE('',#1710,#1713,#894,.T.);
#2154=EDGE_CURVE('',#1709,#1714,#1134,.T.);
#2155=EDGE_CURVE('',#1715,#1714,#895,.T.);
#2156=EDGE_CURVE('',#1710,#1715,#1135,.T.);
#2157=EDGE_CURVE('',#1712,#1716,#896,.T.);
#2158=EDGE_CURVE('',#1716,#1717,#897,.T.);
#2159=EDGE_CURVE('',#1717,#1700,#135,.T.);
#2160=EDGE_CURVE('',#1700,#1718,#1136,.T.);
#2161=EDGE_CURVE('',#1718,#1708,#898,.T.);
#2162=EDGE_CURVE('',#1719,#1720,#899,.F.);
#2163=EDGE_CURVE('',#1720,#1715,#900,.T.);
#2164=EDGE_CURVE('',#1715,#1721,#760,.T.);
#2165=EDGE_CURVE('',#1719,#1721,#901,.T.);
#2166=EDGE_CURVE('',#1512,#1722,#902,.T.);
#2167=EDGE_CURVE('',#1721,#1722,#903,.T.);
#2168=EDGE_CURVE('',#1714,#1512,#904,.F.);
#2169=EDGE_CURVE('',#1713,#1720,#1137,.T.);
#2170=EDGE_CURVE('',#1723,#1724,#136,.T.);
#2171=EDGE_CURVE('',#1723,#1725,#137,.T.);
#2172=EDGE_CURVE('',#1725,#1726,#1138,.T.);
#2173=EDGE_CURVE('',#1724,#1726,#138,.T.);
#2174=EDGE_CURVE('',#1726,#1727,#905,.T.);
#2175=EDGE_CURVE('',#1728,#1725,#906,.T.);
#2176=EDGE_CURVE('',#1728,#1727,#1139,.T.);
#2177=EDGE_CURVE('',#1727,#1729,#139,.T.);
#2178=EDGE_CURVE('',#1730,#1728,#140,.T.);
#2179=EDGE_CURVE('',#1731,#1730,#907,.T.);
#2180=EDGE_CURVE('',#1732,#1731,#908,.T.);
#2181=EDGE_CURVE('',#1729,#1732,#909,.T.);
#2182=EDGE_CURVE('',#1724,#1733,#1140,.T.);
#2183=EDGE_CURVE('',#1733,#1734,#141,.T.);
#2184=EDGE_CURVE('',#1734,#1723,#1141,.T.);
#2185=EDGE_CURVE('',#1729,#1712,#910,.T.);
#2186=EDGE_CURVE('',#1719,#1735,#911,.T.);
#2187=EDGE_CURVE('',#1735,#1736,#142,.T.);
#2188=EDGE_CURVE('',#1736,#1737,#912,.T.);
#2189=EDGE_CURVE('',#1737,#1733,#143,.T.);
#2190=EDGE_CURVE('',#1738,#1735,#913,.T.);
#2191=EDGE_CURVE('',#1739,#1738,#914,.T.);
#2192=EDGE_CURVE('',#1740,#1739,#915,.T.);
#2193=EDGE_CURVE('',#1741,#1740,#144,.T.);
#2194=EDGE_CURVE('',#1741,#1736,#1142,.T.);
#2195=EDGE_CURVE('',#1742,#1741,#916,.T.);
#2196=EDGE_CURVE('',#1742,#1737,#1143,.T.);
#2197=EDGE_CURVE('',#1742,#1734,#145,.T.);
#2198=EDGE_CURVE('',#1743,#1739,#1144,.T.);
#2199=EDGE_CURVE('',#1740,#1743,#917,.T.);
#2200=EDGE_CURVE('',#1744,#1738,#1145,.T.);
#2201=EDGE_CURVE('',#1745,#1744,#918,.T.);
#2202=EDGE_CURVE('',#1743,#1745,#919,.T.);
#2203=EDGE_CURVE('',#1746,#1719,#920,.T.);
#2204=EDGE_CURVE('',#1744,#1746,#761,.T.);
#2205=EDGE_CURVE('',#1747,#1732,#1146,.T.);
#2206=EDGE_CURVE('',#1747,#1716,#762,.T.);
#2207=EDGE_CURVE('',#1656,#1706,#763,.T.);
#2208=EDGE_CURVE('',#1624,#1748,#764,.T.);
#2209=EDGE_CURVE('',#1693,#1748,#765,.T.);
#2210=EDGE_CURVE('',#1625,#1749,#766,.T.);
#2211=EDGE_CURVE('',#1748,#1749,#1147,.T.);
#2212=EDGE_CURVE('',#1749,#1691,#767,.T.);
#2213=EDGE_CURVE('',#1678,#1657,#768,.T.);
#2214=EDGE_CURVE('',#1750,#1705,#769,.T.);
#2215=EDGE_CURVE('',#1656,#1750,#1148,.T.);
#2216=EDGE_CURVE('',#1748,#1751,#1149,.T.);
#2217=EDGE_CURVE('',#1694,#1751,#770,.T.);
#2218=EDGE_CURVE('',#1749,#1752,#1150,.T.);
#2219=EDGE_CURVE('',#1751,#1752,#1151,.T.);
#2220=EDGE_CURVE('',#1752,#1690,#771,.T.);
#2221=EDGE_CURVE('',#1657,#1753,#1152,.T.);
#2222=EDGE_CURVE('',#1679,#1753,#772,.T.);
#2223=EDGE_CURVE('',#1753,#1750,#1153,.T.);
#2224=EDGE_CURVE('',#1750,#1704,#773,.T.);
#2225=EDGE_CURVE('',#1751,#1754,#774,.T.);
#2226=EDGE_CURVE('',#1695,#1754,#775,.T.);
#2227=EDGE_CURVE('',#1752,#1755,#776,.T.);
#2228=EDGE_CURVE('',#1754,#1755,#1154,.T.);
#2229=EDGE_CURVE('',#1755,#1689,#777,.T.);
#2230=EDGE_CURVE('',#1680,#1753,#778,.T.);
#2231=EDGE_CURVE('',#1754,#1756,#1155,.T.);
#2232=EDGE_CURVE('',#1696,#1756,#779,.T.);
#2233=EDGE_CURVE('',#1755,#1757,#1156,.T.);
#2234=EDGE_CURVE('',#1756,#1757,#1157,.T.);
#2235=EDGE_CURVE('',#1757,#1688,#780,.T.);
#2236=EDGE_CURVE('',#1681,#1742,#781,.T.);
#2237=EDGE_CURVE('',#1753,#1734,#1158,.T.);
#2238=EDGE_CURVE('',#1756,#1758,#782,.T.);
#2239=EDGE_CURVE('',#1697,#1758,#783,.T.);
#2240=EDGE_CURVE('',#1757,#1759,#784,.T.);
#2241=EDGE_CURVE('',#1758,#1759,#1159,.T.);
#2242=EDGE_CURVE('',#1759,#1687,#785,.T.);
#2243=EDGE_CURVE('',#1682,#1741,#786,.T.);
#2244=EDGE_CURVE('',#1758,#1760,#1160,.T.);
#2245=EDGE_CURVE('',#1698,#1760,#787,.T.);
#2246=EDGE_CURVE('',#1759,#1761,#1161,.T.);
#2247=EDGE_CURVE('',#1760,#1761,#1162,.T.);
#2248=EDGE_CURVE('',#1761,#1686,#788,.T.);
#2249=EDGE_CURVE('',#1760,#1762,#789,.T.);
#2250=EDGE_CURVE('',#1699,#1762,#921,.T.);
#2251=EDGE_CURVE('',#1761,#1763,#790,.T.);
#2252=EDGE_CURVE('',#1762,#1763,#922,.T.);
#2253=EDGE_CURVE('',#1763,#1685,#923,.T.);
#2254=EDGE_CURVE('',#1684,#1511,#1163,.T.);
#2255=EDGE_CURVE('',#1515,#1764,#1164,.T.);
#2256=EDGE_CURVE('',#1685,#1764,#1165,.T.);
#2257=EDGE_CURVE('',#1765,#1668,#146,.T.);
#2258=EDGE_CURVE('',#1667,#1766,#924,.T.);
#2259=EDGE_CURVE('',#1767,#1766,#925,.T.);
#2260=EDGE_CURVE('',#1765,#1767,#926,.T.);
#2261=EDGE_CURVE('',#1510,#1768,#927,.T.);
#2262=EDGE_CURVE('',#1768,#1769,#928,.T.);
#2263=EDGE_CURVE('',#1769,#1770,#929,.T.);
#2264=EDGE_CURVE('',#1766,#1770,#930,.T.);
#2265=EDGE_CURVE('',#1666,#1771,#931,.T.);
#2266=EDGE_CURVE('',#1771,#1772,#932,.T.);
#2267=EDGE_CURVE('',#1772,#1639,#933,.T.);
#2268=EDGE_CURVE('',#1638,#1773,#147,.T.);
#2269=EDGE_CURVE('',#1773,#1774,#934,.T.);
#2270=EDGE_CURVE('',#1775,#1774,#935,.T.);
#2271=EDGE_CURVE('',#1775,#1776,#936,.T.);
#2272=EDGE_CURVE('',#1510,#1776,#937,.T.);
#2273=EDGE_CURVE('',#1773,#1777,#938,.T.);
#2274=EDGE_CURVE('',#1778,#1777,#939,.T.);
#2275=EDGE_CURVE('',#1779,#1778,#940,.T.);
#2276=EDGE_CURVE('',#1779,#1780,#148,.T.);
#2277=EDGE_CURVE('',#1774,#1780,#941,.T.);
#2278=EDGE_CURVE('',#1781,#1779,#942,.T.);
#2279=EDGE_CURVE('',#1782,#1778,#1166,.T.);
#2280=EDGE_CURVE('',#1783,#1782,#149,.T.);
#2281=EDGE_CURVE('',#1783,#1784,#943,.T.);
#2282=EDGE_CURVE('',#1784,#1781,#1167,.T.);
#2283=EDGE_CURVE('',#1785,#1765,#944,.T.);
#2284=EDGE_CURVE('',#1786,#1767,#945,.T.);
#2285=EDGE_CURVE('',#1786,#1783,#946,.T.);
#2286=EDGE_CURVE('',#1785,#1782,#947,.T.);
#2287=EDGE_CURVE('',#1785,#1787,#791,.T.);
#2288=EDGE_CURVE('',#1788,#1787,#792,.T.);
#2289=EDGE_CURVE('',#1669,#1788,#793,.T.);
#2290=EDGE_CURVE('',#1789,#1665,#794,.T.);
#2291=EDGE_CURVE('',#1789,#1771,#795,.T.);
#2292=EDGE_CURVE('',#1790,#1789,#1168,.T.);
#2293=EDGE_CURVE('',#1790,#1772,#796,.T.);
#2294=EDGE_CURVE('',#1640,#1790,#797,.T.);
#2295=EDGE_CURVE('',#1791,#1637,#798,.T.);
#2296=EDGE_CURVE('',#1791,#1792,#799,.T.);
#2297=EDGE_CURVE('',#1792,#1777,#800,.T.);
#2298=EDGE_CURVE('',#1793,#1794,#1169,.T.);
#2299=EDGE_CURVE('',#1793,#1788,#1170,.T.);
#2300=EDGE_CURVE('',#1788,#1791,#1171,.T.);
#2301=EDGE_CURVE('',#1794,#1791,#1172,.T.);
#2302=EDGE_CURVE('',#1670,#1793,#801,.T.);
#2303=EDGE_CURVE('',#1795,#1789,#1173,.T.);
#2304=EDGE_CURVE('',#1795,#1664,#802,.T.);
#2305=EDGE_CURVE('',#1796,#1790,#1174,.T.);
#2306=EDGE_CURVE('',#1796,#1795,#1175,.T.);
#2307=EDGE_CURVE('',#1641,#1796,#803,.T.);
#2308=EDGE_CURVE('',#1794,#1636,#804,.T.);
#2309=EDGE_CURVE('',#1797,#1793,#805,.T.);
#2310=EDGE_CURVE('',#1671,#1797,#806,.T.);
#2311=EDGE_CURVE('',#1798,#1795,#807,.T.);
#2312=EDGE_CURVE('',#1798,#1663,#808,.T.);
#2313=EDGE_CURVE('',#1799,#1798,#1176,.T.);
#2314=EDGE_CURVE('',#1799,#1796,#809,.T.);
#2315=EDGE_CURVE('',#1642,#1799,#810,.T.);
#2316=EDGE_CURVE('',#1800,#1794,#811,.T.);
#2317=EDGE_CURVE('',#1800,#1635,#812,.T.);
#2318=EDGE_CURVE('',#1801,#1802,#1177,.T.);
#2319=EDGE_CURVE('',#1801,#1797,#1178,.T.);
#2320=EDGE_CURVE('',#1797,#1800,#1179,.T.);
#2321=EDGE_CURVE('',#1802,#1800,#1180,.T.);
#2322=EDGE_CURVE('',#1672,#1801,#813,.T.);
#2323=EDGE_CURVE('',#1803,#1798,#1181,.T.);
#2324=EDGE_CURVE('',#1803,#1662,#814,.T.);
#2325=EDGE_CURVE('',#1804,#1799,#1182,.T.);
#2326=EDGE_CURVE('',#1804,#1803,#1183,.T.);
#2327=EDGE_CURVE('',#1643,#1804,#815,.T.);
#2328=EDGE_CURVE('',#1802,#1634,#816,.T.);
#2329=EDGE_CURVE('',#1805,#1801,#817,.T.);
#2330=EDGE_CURVE('',#1673,#1805,#818,.T.);
#2331=EDGE_CURVE('',#1806,#1803,#819,.T.);
#2332=EDGE_CURVE('',#1806,#1661,#820,.T.);
#2333=EDGE_CURVE('',#1807,#1806,#1184,.T.);
#2334=EDGE_CURVE('',#1807,#1804,#821,.T.);
#2335=EDGE_CURVE('',#1644,#1807,#822,.T.);
#2336=EDGE_CURVE('',#1808,#1802,#823,.T.);
#2337=EDGE_CURVE('',#1808,#1633,#824,.T.);
#2338=EDGE_CURVE('',#1809,#1808,#1185,.T.);
#2339=EDGE_CURVE('',#1809,#1810,#1186,.T.);
#2340=EDGE_CURVE('',#1810,#1805,#1187,.T.);
#2341=EDGE_CURVE('',#1805,#1808,#1188,.T.);
#2342=EDGE_CURVE('',#1674,#1810,#825,.T.);
#2343=EDGE_CURVE('',#1811,#1806,#1189,.T.);
#2344=EDGE_CURVE('',#1811,#1660,#826,.T.);
#2345=EDGE_CURVE('',#1812,#1807,#1190,.T.);
#2346=EDGE_CURVE('',#1812,#1811,#1191,.T.);
#2347=EDGE_CURVE('',#1645,#1812,#827,.T.);
#2348=EDGE_CURVE('',#1809,#1632,#828,.T.);
#2349=EDGE_CURVE('',#1648,#1810,#829,.T.);
#2350=EDGE_CURVE('',#1675,#1811,#830,.T.);
#2351=EDGE_CURVE('',#1676,#1812,#831,.T.);
#2352=EDGE_CURVE('',#1647,#1809,#832,.T.);
#2353=EDGE_CURVE('',#1813,#1814,#1192,.T.);
#2354=EDGE_CURVE('',#1813,#1767,#833,.T.);
#2355=EDGE_CURVE('',#1770,#1815,#834,.T.);
#2356=EDGE_CURVE('',#1814,#1815,#1193,.T.);
#2357=EDGE_CURVE('',#1768,#1815,#835,.T.);
#2358=EDGE_CURVE('',#1775,#1816,#836,.T.);
#2359=EDGE_CURVE('',#1816,#1776,#837,.T.);
#2360=EDGE_CURVE('',#1774,#1505,#838,.T.);
#2361=EDGE_CURVE('',#1816,#1508,#1194,.T.);
#2362=EDGE_CURVE('',#1505,#1506,#948,.T.);
#2363=EDGE_CURVE('',#1507,#1780,#150,.T.);
#2364=EDGE_CURVE('',#1792,#1778,#839,.T.);
#2365=EDGE_CURVE('',#1787,#1782,#840,.T.);
#2366=EDGE_CURVE('',#1786,#1817,#151,.T.);
#2367=EDGE_CURVE('',#1818,#1813,#949,.T.);
#2368=EDGE_CURVE('',#1818,#1817,#152,.T.);
#2369=EDGE_CURVE('',#1750,#1723,#1195,.T.);
#2370=EDGE_CURVE('',#1725,#1703,#841,.T.);
#2371=EDGE_CURVE('',#1728,#1702,#842,.T.);
#2372=EDGE_CURVE('',#1683,#1745,#843,.T.);
#2373=EDGE_CURVE('',#1819,#1746,#950,.T.);
#2374=EDGE_CURVE('',#1684,#1819,#951,.T.);
#2375=EDGE_CURVE('',#1820,#1701,#844,.T.);
#2376=EDGE_CURVE('',#1821,#1820,#952,.T.);
#2377=EDGE_CURVE('',#1821,#1730,#953,.T.);
#2378=EDGE_CURVE('',#1747,#1820,#954,.T.);
#2379=EDGE_CURVE('',#1817,#1498,#1196,.T.);
#2380=EDGE_CURVE('',#1813,#1818,#955,.T.);
#2381=EDGE_CURVE('',#1499,#1813,#1197,.T.);
#2382=EDGE_CURVE('',#1781,#1496,#1198,.T.);
#2383=EDGE_CURVE('',#1784,#1497,#1199,.T.);
#2384=EDGE_CURVE('',#1489,#1822,#1200,.T.);
#2385=EDGE_CURVE('',#1523,#1822,#956,.T.);
#2386=EDGE_CURVE('',#1488,#1823,#1201,.T.);
#2387=EDGE_CURVE('',#1822,#1823,#1202,.T.);
#2388=EDGE_CURVE('',#1824,#1487,#1203,.T.);
#2389=EDGE_CURVE('',#1825,#1824,#957,.T.);
#2390=EDGE_CURVE('',#1823,#1825,#845,.T.);
#2391=EDGE_CURVE('',#1483,#1826,#1204,.T.);
#2392=EDGE_CURVE('',#1827,#1826,#958,.T.);
#2393=EDGE_CURVE('',#1484,#1827,#1205,.T.);
#2394=EDGE_CURVE('',#1482,#1828,#1206,.T.);
#2395=EDGE_CURVE('',#1826,#1828,#959,.T.);
#2396=EDGE_CURVE('',#1828,#1514,#153,.T.);
#2397=EDGE_CURVE('',#1503,#1829,#1207,.T.);
#2398=EDGE_CURVE('',#1509,#1829,#1208,.T.);
#2399=EDGE_CURVE('',#1501,#1830,#1209,.T.);
#2400=EDGE_CURVE('',#1831,#1830,#1210,.T.);
#2401=EDGE_CURVE('',#1502,#1831,#1211,.T.);
#2402=EDGE_CURVE('',#1500,#1814,#1212,.T.);
#2403=EDGE_CURVE('',#1830,#1814,#960,.T.);
#2404=EDGE_CURVE('',#1492,#1832,#1213,.T.);
#2405=EDGE_CURVE('',#1832,#1832,#846,.T.);
#2406=EDGE_CURVE('',#1491,#1833,#1214,.T.);
#2407=EDGE_CURVE('',#1833,#1833,#847,.T.);
#2408=EDGE_CURVE('',#1829,#1831,#1215,.T.);
#2409=EDGE_CURVE('',#1834,#1827,#154,.T.);
#2410=EDGE_CURVE('',#1485,#1834,#1216,.T.);
#2411=EDGE_CURVE('',#1486,#1718,#1217,.T.);
#2412=EDGE_CURVE('',#1824,#1718,#1218,.T.);
#2413=EDGE_CURVE('',#1835,#1834,#155,.T.);
#2414=EDGE_CURVE('',#1708,#1835,#961,.T.);
#2415=EDGE_CURVE('',#1836,#1825,#962,.T.);
#2416=EDGE_CURVE('',#1836,#1521,#963,.T.);
#2417=EDGE_CURVE('',#1522,#1837,#964,.T.);
#2418=EDGE_CURVE('',#1764,#1837,#965,.T.);
#2419=EDGE_CURVE('',#1821,#1731,#1219,.T.);
#2420=ORIENTED_EDGE('',*,*,#1838,.F.);
#2421=ORIENTED_EDGE('',*,*,#1839,.F.);
#2422=ORIENTED_EDGE('',*,*,#1840,.F.);
#2423=ORIENTED_EDGE('',*,*,#1841,.F.);
#2424=ORIENTED_EDGE('',*,*,#1842,.F.);
#2425=ORIENTED_EDGE('',*,*,#1843,.F.);
#2426=ORIENTED_EDGE('',*,*,#1844,.F.);
#2427=ORIENTED_EDGE('',*,*,#1845,.F.);
#2428=ORIENTED_EDGE('',*,*,#1846,.F.);
#2429=ORIENTED_EDGE('',*,*,#1847,.F.);
#2430=ORIENTED_EDGE('',*,*,#1848,.F.);
#2431=ORIENTED_EDGE('',*,*,#1849,.F.);
#2432=ORIENTED_EDGE('',*,*,#1850,.F.);
#2433=ORIENTED_EDGE('',*,*,#1851,.F.);
#2434=ORIENTED_EDGE('',*,*,#1852,.F.);
#2435=ORIENTED_EDGE('',*,*,#1853,.F.);
#2436=ORIENTED_EDGE('',*,*,#1854,.F.);
#2437=ORIENTED_EDGE('',*,*,#1855,.F.);
#2438=ORIENTED_EDGE('',*,*,#1856,.F.);
#2439=ORIENTED_EDGE('',*,*,#1857,.F.);
#2440=ORIENTED_EDGE('',*,*,#1858,.F.);
#2441=ORIENTED_EDGE('',*,*,#1859,.F.);
#2442=ORIENTED_EDGE('',*,*,#1860,.F.);
#2443=ORIENTED_EDGE('',*,*,#1861,.F.);
#2444=ORIENTED_EDGE('',*,*,#1862,.F.);
#2445=ORIENTED_EDGE('',*,*,#1863,.F.);
#2446=ORIENTED_EDGE('',*,*,#1864,.F.);
#2447=ORIENTED_EDGE('',*,*,#1865,.F.);
#2448=ORIENTED_EDGE('',*,*,#1866,.F.);
#2449=ORIENTED_EDGE('',*,*,#1867,.F.);
#2450=ORIENTED_EDGE('',*,*,#1868,.F.);
#2451=ORIENTED_EDGE('',*,*,#1858,.T.);
#2452=ORIENTED_EDGE('',*,*,#1869,.T.);
#2453=ORIENTED_EDGE('',*,*,#1870,.F.);
#2454=ORIENTED_EDGE('',*,*,#1871,.T.);
#2455=ORIENTED_EDGE('',*,*,#1872,.F.);
#2456=ORIENTED_EDGE('',*,*,#1857,.T.);
#2457=ORIENTED_EDGE('',*,*,#1873,.T.);
#2458=ORIENTED_EDGE('',*,*,#1874,.T.);
#2459=ORIENTED_EDGE('',*,*,#1869,.F.);
#2460=ORIENTED_EDGE('',*,*,#1868,.T.);
#2461=ORIENTED_EDGE('',*,*,#1875,.T.);
#2462=ORIENTED_EDGE('',*,*,#1876,.F.);
#2463=ORIENTED_EDGE('',*,*,#1877,.F.);
#2464=ORIENTED_EDGE('',*,*,#1873,.F.);
#2465=ORIENTED_EDGE('',*,*,#1844,.T.);
#2466=ORIENTED_EDGE('',*,*,#1878,.T.);
#2467=ORIENTED_EDGE('',*,*,#1879,.F.);
#2468=ORIENTED_EDGE('',*,*,#1880,.F.);
#2469=ORIENTED_EDGE('',*,*,#1881,.F.);
#2470=ORIENTED_EDGE('',*,*,#1882,.F.);
#2471=ORIENTED_EDGE('',*,*,#1843,.T.);
#2472=ORIENTED_EDGE('',*,*,#1883,.F.);
#2473=ORIENTED_EDGE('',*,*,#1884,.F.);
#2474=ORIENTED_EDGE('',*,*,#1878,.F.);
#2475=ORIENTED_EDGE('',*,*,#1842,.T.);
#2476=ORIENTED_EDGE('',*,*,#1885,.T.);
#2477=ORIENTED_EDGE('',*,*,#1886,.F.);
#2478=ORIENTED_EDGE('',*,*,#1883,.T.);
#2479=ORIENTED_EDGE('',*,*,#1841,.T.);
#2480=ORIENTED_EDGE('',*,*,#1887,.T.);
#2481=ORIENTED_EDGE('',*,*,#1888,.F.);
#2482=ORIENTED_EDGE('',*,*,#1885,.F.);
#2483=ORIENTED_EDGE('',*,*,#1840,.T.);
#2484=ORIENTED_EDGE('',*,*,#1889,.T.);
#2485=ORIENTED_EDGE('',*,*,#1890,.F.);
#2486=ORIENTED_EDGE('',*,*,#1887,.F.);
#2487=ORIENTED_EDGE('',*,*,#1839,.T.);
#2488=ORIENTED_EDGE('',*,*,#1891,.T.);
#2489=ORIENTED_EDGE('',*,*,#1892,.F.);
#2490=ORIENTED_EDGE('',*,*,#1889,.F.);
#2491=ORIENTED_EDGE('',*,*,#1838,.T.);
#2492=ORIENTED_EDGE('',*,*,#1893,.F.);
#2493=ORIENTED_EDGE('',*,*,#1894,.F.);
#2494=ORIENTED_EDGE('',*,*,#1895,.F.);
#2495=ORIENTED_EDGE('',*,*,#1896,.F.);
#2496=ORIENTED_EDGE('',*,*,#1891,.F.);
#2497=ORIENTED_EDGE('',*,*,#1854,.T.);
#2498=ORIENTED_EDGE('',*,*,#1897,.T.);
#2499=ORIENTED_EDGE('',*,*,#1898,.F.);
#2500=ORIENTED_EDGE('',*,*,#1893,.T.);
#2501=ORIENTED_EDGE('',*,*,#1899,.T.);
#2502=ORIENTED_EDGE('',*,*,#1900,.T.);
#2503=ORIENTED_EDGE('',*,*,#1901,.F.);
#2504=ORIENTED_EDGE('',*,*,#1902,.T.);
#2505=ORIENTED_EDGE('',*,*,#1903,.T.);
#2506=ORIENTED_EDGE('',*,*,#1904,.T.);
#2507=ORIENTED_EDGE('',*,*,#1905,.T.);
#2508=ORIENTED_EDGE('',*,*,#1906,.T.);
#2509=ORIENTED_EDGE('',*,*,#1907,.T.);
#2510=ORIENTED_EDGE('',*,*,#1908,.T.);
#2511=ORIENTED_EDGE('',*,*,#1909,.T.);
#2512=ORIENTED_EDGE('',*,*,#1910,.T.);
#2513=ORIENTED_EDGE('',*,*,#1911,.T.);
#2514=ORIENTED_EDGE('',*,*,#1912,.F.);
#2515=ORIENTED_EDGE('',*,*,#1913,.F.);
#2516=ORIENTED_EDGE('',*,*,#1914,.F.);
#2517=ORIENTED_EDGE('',*,*,#1915,.F.);
#2518=ORIENTED_EDGE('',*,*,#1916,.T.);
#2519=ORIENTED_EDGE('',*,*,#1917,.F.);
#2520=ORIENTED_EDGE('',*,*,#1916,.F.);
#2521=ORIENTED_EDGE('',*,*,#1918,.F.);
#2522=ORIENTED_EDGE('',*,*,#1919,.T.);
#2523=ORIENTED_EDGE('',*,*,#1920,.F.);
#2524=ORIENTED_EDGE('',*,*,#1919,.F.);
#2525=ORIENTED_EDGE('',*,*,#1921,.F.);
#2526=ORIENTED_EDGE('',*,*,#1922,.F.);
#2527=ORIENTED_EDGE('',*,*,#1923,.F.);
#2528=ORIENTED_EDGE('',*,*,#1924,.F.);
#2529=ORIENTED_EDGE('',*,*,#1925,.F.);
#2530=ORIENTED_EDGE('',*,*,#1926,.T.);
#2531=ORIENTED_EDGE('',*,*,#1927,.F.);
#2532=ORIENTED_EDGE('',*,*,#1926,.F.);
#2533=ORIENTED_EDGE('',*,*,#1928,.F.);
#2534=ORIENTED_EDGE('',*,*,#1929,.T.);
#2535=ORIENTED_EDGE('',*,*,#1930,.F.);
#2536=ORIENTED_EDGE('',*,*,#1929,.F.);
#2537=ORIENTED_EDGE('',*,*,#1931,.F.);
#2538=ORIENTED_EDGE('',*,*,#1914,.T.);
#2539=ORIENTED_EDGE('',*,*,#1932,.T.);
#2540=ORIENTED_EDGE('',*,*,#1933,.T.);
#2541=ORIENTED_EDGE('',*,*,#1934,.T.);
#2542=ORIENTED_EDGE('',*,*,#1933,.F.);
#2543=ORIENTED_EDGE('',*,*,#1935,.F.);
#2544=ORIENTED_EDGE('',*,*,#1936,.F.);
#2545=ORIENTED_EDGE('',*,*,#1937,.F.);
#2546=ORIENTED_EDGE('',*,*,#1938,.F.);
#2547=ORIENTED_EDGE('',*,*,#1939,.F.);
#2548=ORIENTED_EDGE('',*,*,#1940,.F.);
#2549=ORIENTED_EDGE('',*,*,#1941,.T.);
#2550=ORIENTED_EDGE('',*,*,#1902,.F.);
#2551=ORIENTED_EDGE('',*,*,#1912,.T.);
#2552=ORIENTED_EDGE('',*,*,#1942,.T.);
#2553=ORIENTED_EDGE('',*,*,#1943,.T.);
#2554=ORIENTED_EDGE('',*,*,#1942,.F.);
#2555=ORIENTED_EDGE('',*,*,#1944,.F.);
#2556=ORIENTED_EDGE('',*,*,#1945,.T.);
#2557=ORIENTED_EDGE('',*,*,#1946,.F.);
#2558=ORIENTED_EDGE('',*,*,#1947,.F.);
#2559=ORIENTED_EDGE('',*,*,#1948,.F.);
#2560=ORIENTED_EDGE('',*,*,#1949,.T.);
#2561=ORIENTED_EDGE('',*,*,#1950,.T.);
#2562=ORIENTED_EDGE('',*,*,#1951,.T.);
#2563=ORIENTED_EDGE('',*,*,#1952,.T.);
#2564=ORIENTED_EDGE('',*,*,#1953,.T.);
#2565=ORIENTED_EDGE('',*,*,#1954,.T.);
#2566=ORIENTED_EDGE('',*,*,#1955,.T.);
#2567=ORIENTED_EDGE('',*,*,#1940,.T.);
#2568=ORIENTED_EDGE('',*,*,#1943,.F.);
#2569=ORIENTED_EDGE('',*,*,#1908,.F.);
#2570=ORIENTED_EDGE('',*,*,#1956,.F.);
#2571=ORIENTED_EDGE('',*,*,#1950,.F.);
#2572=ORIENTED_EDGE('',*,*,#1957,.T.);
#2573=ORIENTED_EDGE('',*,*,#1907,.F.);
#2574=ORIENTED_EDGE('',*,*,#1958,.F.);
#2575=ORIENTED_EDGE('',*,*,#1951,.F.);
#2576=ORIENTED_EDGE('',*,*,#1956,.T.);
#2577=ORIENTED_EDGE('',*,*,#1906,.F.);
#2578=ORIENTED_EDGE('',*,*,#1959,.F.);
#2579=ORIENTED_EDGE('',*,*,#1952,.F.);
#2580=ORIENTED_EDGE('',*,*,#1958,.T.);
#2581=ORIENTED_EDGE('',*,*,#1905,.F.);
#2582=ORIENTED_EDGE('',*,*,#1960,.F.);
#2583=ORIENTED_EDGE('',*,*,#1953,.F.);
#2584=ORIENTED_EDGE('',*,*,#1959,.T.);
#2585=ORIENTED_EDGE('',*,*,#1904,.F.);
#2586=ORIENTED_EDGE('',*,*,#1961,.F.);
#2587=ORIENTED_EDGE('',*,*,#1954,.F.);
#2588=ORIENTED_EDGE('',*,*,#1960,.T.);
#2589=ORIENTED_EDGE('',*,*,#1903,.F.);
#2590=ORIENTED_EDGE('',*,*,#1941,.F.);
#2591=ORIENTED_EDGE('',*,*,#1955,.F.);
#2592=ORIENTED_EDGE('',*,*,#1961,.T.);
#2593=ORIENTED_EDGE('',*,*,#1962,.F.);
#2594=ORIENTED_EDGE('',*,*,#1963,.F.);
#2595=ORIENTED_EDGE('',*,*,#1964,.F.);
#2596=ORIENTED_EDGE('',*,*,#1965,.F.);
#2597=ORIENTED_EDGE('',*,*,#1966,.F.);
#2598=ORIENTED_EDGE('',*,*,#1967,.T.);
#2599=ORIENTED_EDGE('',*,*,#1968,.F.);
#2600=ORIENTED_EDGE('',*,*,#1969,.F.);
#2601=ORIENTED_EDGE('',*,*,#1970,.F.);
#2602=ORIENTED_EDGE('',*,*,#1971,.F.);
#2603=ORIENTED_EDGE('',*,*,#1972,.F.);
#2604=ORIENTED_EDGE('',*,*,#1973,.F.);
#2605=ORIENTED_EDGE('',*,*,#1974,.F.);
#2606=ORIENTED_EDGE('',*,*,#1975,.F.);
#2607=ORIENTED_EDGE('',*,*,#1976,.F.);
#2608=ORIENTED_EDGE('',*,*,#1977,.F.);
#2609=ORIENTED_EDGE('',*,*,#1978,.F.);
#2610=ORIENTED_EDGE('',*,*,#1979,.T.);
#2611=ORIENTED_EDGE('',*,*,#1980,.T.);
#2612=ORIENTED_EDGE('',*,*,#1979,.F.);
#2613=ORIENTED_EDGE('',*,*,#1981,.F.);
#2614=ORIENTED_EDGE('',*,*,#1965,.T.);
#2615=ORIENTED_EDGE('',*,*,#1982,.T.);
#2616=ORIENTED_EDGE('',*,*,#1983,.F.);
#2617=ORIENTED_EDGE('',*,*,#1984,.F.);
#2618=ORIENTED_EDGE('',*,*,#1985,.T.);
#2619=ORIENTED_EDGE('',*,*,#1971,.T.);
#2620=ORIENTED_EDGE('',*,*,#1986,.F.);
#2621=ORIENTED_EDGE('',*,*,#1983,.T.);
#2622=ORIENTED_EDGE('',*,*,#1987,.F.);
#2623=ORIENTED_EDGE('',*,*,#1988,.T.);
#2624=ORIENTED_EDGE('',*,*,#1989,.T.);
#2625=ORIENTED_EDGE('',*,*,#1988,.F.);
#2626=ORIENTED_EDGE('',*,*,#1990,.T.);
#2627=ORIENTED_EDGE('',*,*,#1991,.T.);
#2628=ORIENTED_EDGE('',*,*,#1967,.F.);
#2629=ORIENTED_EDGE('',*,*,#1992,.F.);
#2630=ORIENTED_EDGE('',*,*,#1993,.F.);
#2631=ORIENTED_EDGE('',*,*,#1994,.F.);
#2632=ORIENTED_EDGE('',*,*,#1977,.T.);
#2633=ORIENTED_EDGE('',*,*,#1995,.T.);
#2634=ORIENTED_EDGE('',*,*,#1990,.F.);
#2635=ORIENTED_EDGE('',*,*,#1995,.F.);
#2636=ORIENTED_EDGE('',*,*,#1976,.T.);
#2637=ORIENTED_EDGE('',*,*,#1996,.T.);
#2638=ORIENTED_EDGE('',*,*,#1972,.T.);
#2639=ORIENTED_EDGE('',*,*,#1985,.F.);
#2640=ORIENTED_EDGE('',*,*,#1982,.F.);
#2641=ORIENTED_EDGE('',*,*,#1964,.T.);
#2642=ORIENTED_EDGE('',*,*,#1997,.T.);
#2643=ORIENTED_EDGE('',*,*,#1968,.T.);
#2644=ORIENTED_EDGE('',*,*,#1991,.F.);
#2645=ORIENTED_EDGE('',*,*,#1989,.F.);
#2646=ORIENTED_EDGE('',*,*,#1998,.F.);
#2647=ORIENTED_EDGE('',*,*,#1999,.F.);
#2648=ORIENTED_EDGE('',*,*,#2000,.F.);
#2649=ORIENTED_EDGE('',*,*,#2001,.F.);
#2650=ORIENTED_EDGE('',*,*,#2002,.F.);
#2651=ORIENTED_EDGE('',*,*,#2003,.F.);
#2652=ORIENTED_EDGE('',*,*,#2004,.F.);
#2653=ORIENTED_EDGE('',*,*,#2005,.F.);
#2654=ORIENTED_EDGE('',*,*,#1980,.F.);
#2655=ORIENTED_EDGE('',*,*,#2006,.T.);
#2656=ORIENTED_EDGE('',*,*,#1962,.T.);
#2657=ORIENTED_EDGE('',*,*,#1981,.T.);
#2658=ORIENTED_EDGE('',*,*,#2007,.T.);
#2659=ORIENTED_EDGE('',*,*,#2008,.T.);
#2660=ORIENTED_EDGE('',*,*,#2009,.T.);
#2661=ORIENTED_EDGE('',*,*,#2010,.T.);
#2662=ORIENTED_EDGE('',*,*,#2011,.F.);
#2663=ORIENTED_EDGE('',*,*,#2012,.T.);
#2664=ORIENTED_EDGE('',*,*,#2013,.T.);
#2665=ORIENTED_EDGE('',*,*,#2014,.T.);
#2666=ORIENTED_EDGE('',*,*,#2008,.F.);
#2667=ORIENTED_EDGE('',*,*,#2015,.T.);
#2668=ORIENTED_EDGE('',*,*,#2016,.T.);
#2669=ORIENTED_EDGE('',*,*,#2013,.F.);
#2670=ORIENTED_EDGE('',*,*,#2017,.T.);
#2671=ORIENTED_EDGE('',*,*,#1986,.T.);
#2672=ORIENTED_EDGE('',*,*,#1970,.T.);
#2673=ORIENTED_EDGE('',*,*,#2018,.F.);
#2674=ORIENTED_EDGE('',*,*,#2017,.F.);
#2675=ORIENTED_EDGE('',*,*,#2012,.F.);
#2676=ORIENTED_EDGE('',*,*,#2011,.T.);
#2677=ORIENTED_EDGE('',*,*,#2010,.F.);
#2678=ORIENTED_EDGE('',*,*,#2007,.F.);
#2679=ORIENTED_EDGE('',*,*,#1984,.T.);
#2680=ORIENTED_EDGE('',*,*,#1987,.T.);
#2681=ORIENTED_EDGE('',*,*,#2019,.T.);
#2682=ORIENTED_EDGE('',*,*,#2020,.T.);
#2683=ORIENTED_EDGE('',*,*,#2021,.T.);
#2684=ORIENTED_EDGE('',*,*,#2022,.T.);
#2685=ORIENTED_EDGE('',*,*,#2023,.T.);
#2686=ORIENTED_EDGE('',*,*,#2024,.F.);
#2687=ORIENTED_EDGE('',*,*,#2025,.T.);
#2688=ORIENTED_EDGE('',*,*,#2026,.T.);
#2689=ORIENTED_EDGE('',*,*,#2027,.T.);
#2690=ORIENTED_EDGE('',*,*,#2021,.F.);
#2691=ORIENTED_EDGE('',*,*,#1992,.T.);
#2692=ORIENTED_EDGE('',*,*,#1966,.T.);
#2693=ORIENTED_EDGE('',*,*,#2028,.T.);
#2694=ORIENTED_EDGE('',*,*,#2029,.T.);
#2695=ORIENTED_EDGE('',*,*,#2026,.F.);
#2696=ORIENTED_EDGE('',*,*,#2030,.T.);
#2697=ORIENTED_EDGE('',*,*,#2031,.F.);
#2698=ORIENTED_EDGE('',*,*,#1974,.T.);
#2699=ORIENTED_EDGE('',*,*,#1994,.T.);
#2700=ORIENTED_EDGE('',*,*,#1993,.T.);
#2701=ORIENTED_EDGE('',*,*,#2030,.F.);
#2702=ORIENTED_EDGE('',*,*,#2025,.F.);
#2703=ORIENTED_EDGE('',*,*,#2024,.T.);
#2704=ORIENTED_EDGE('',*,*,#2023,.F.);
#2705=ORIENTED_EDGE('',*,*,#2020,.F.);
#2706=ORIENTED_EDGE('',*,*,#1978,.T.);
#2707=ORIENTED_EDGE('',*,*,#2032,.T.);
#2708=ORIENTED_EDGE('',*,*,#2028,.F.);
#2709=ORIENTED_EDGE('',*,*,#1969,.T.);
#2710=ORIENTED_EDGE('',*,*,#1997,.F.);
#2711=ORIENTED_EDGE('',*,*,#1963,.T.);
#2712=ORIENTED_EDGE('',*,*,#2006,.F.);
#2713=ORIENTED_EDGE('',*,*,#2033,.T.);
#2714=ORIENTED_EDGE('',*,*,#2034,.T.);
#2715=ORIENTED_EDGE('',*,*,#2035,.T.);
#2716=ORIENTED_EDGE('',*,*,#2036,.T.);
#2717=ORIENTED_EDGE('',*,*,#2014,.F.);
#2718=ORIENTED_EDGE('',*,*,#2037,.F.);
#2719=ORIENTED_EDGE('',*,*,#2033,.F.);
#2720=ORIENTED_EDGE('',*,*,#2009,.F.);
#2721=ORIENTED_EDGE('',*,*,#2036,.F.);
#2722=ORIENTED_EDGE('',*,*,#2038,.F.);
#2723=ORIENTED_EDGE('',*,*,#2039,.F.);
#2724=ORIENTED_EDGE('',*,*,#2040,.F.);
#2725=ORIENTED_EDGE('',*,*,#1948,.T.);
#2726=ORIENTED_EDGE('',*,*,#2041,.T.);
#2727=ORIENTED_EDGE('',*,*,#2027,.F.);
#2728=ORIENTED_EDGE('',*,*,#2042,.F.);
#2729=ORIENTED_EDGE('',*,*,#2043,.T.);
#2730=ORIENTED_EDGE('',*,*,#2000,.T.);
#2731=ORIENTED_EDGE('',*,*,#2044,.F.);
#2732=ORIENTED_EDGE('',*,*,#2045,.T.);
#2733=ORIENTED_EDGE('',*,*,#2046,.T.);
#2734=ORIENTED_EDGE('',*,*,#2047,.T.);
#2735=ORIENTED_EDGE('',*,*,#2048,.T.);
#2736=ORIENTED_EDGE('',*,*,#2049,.T.);
#2737=ORIENTED_EDGE('',*,*,#2050,.T.);
#2738=ORIENTED_EDGE('',*,*,#2051,.T.);
#2739=ORIENTED_EDGE('',*,*,#2052,.F.);
#2740=ORIENTED_EDGE('',*,*,#2053,.F.);
#2741=ORIENTED_EDGE('',*,*,#2054,.F.);
#2742=ORIENTED_EDGE('',*,*,#2055,.F.);
#2743=ORIENTED_EDGE('',*,*,#2056,.F.);
#2744=ORIENTED_EDGE('',*,*,#2057,.F.);
#2745=ORIENTED_EDGE('',*,*,#2058,.F.);
#2746=ORIENTED_EDGE('',*,*,#2059,.F.);
#2747=ORIENTED_EDGE('',*,*,#2060,.T.);
#2748=ORIENTED_EDGE('',*,*,#2037,.T.);
#2749=ORIENTED_EDGE('',*,*,#2016,.F.);
#2750=ORIENTED_EDGE('',*,*,#2061,.T.);
#2751=ORIENTED_EDGE('',*,*,#1947,.T.);
#2752=ORIENTED_EDGE('',*,*,#2062,.T.);
#2753=ORIENTED_EDGE('',*,*,#2022,.F.);
#2754=ORIENTED_EDGE('',*,*,#2041,.F.);
#2755=ORIENTED_EDGE('',*,*,#2044,.T.);
#2756=ORIENTED_EDGE('',*,*,#1999,.T.);
#2757=ORIENTED_EDGE('',*,*,#2063,.F.);
#2758=ORIENTED_EDGE('',*,*,#2064,.T.);
#2759=ORIENTED_EDGE('',*,*,#2063,.T.);
#2760=ORIENTED_EDGE('',*,*,#1998,.T.);
#2761=ORIENTED_EDGE('',*,*,#2065,.F.);
#2762=ORIENTED_EDGE('',*,*,#2066,.F.);
#2763=ORIENTED_EDGE('',*,*,#2065,.T.);
#2764=ORIENTED_EDGE('',*,*,#2005,.T.);
#2765=ORIENTED_EDGE('',*,*,#2067,.F.);
#2766=ORIENTED_EDGE('',*,*,#2068,.T.);
#2767=ORIENTED_EDGE('',*,*,#2069,.T.);
#2768=ORIENTED_EDGE('',*,*,#2042,.T.);
#2769=ORIENTED_EDGE('',*,*,#2029,.F.);
#2770=ORIENTED_EDGE('',*,*,#2032,.F.);
#2771=ORIENTED_EDGE('',*,*,#2070,.F.);
#2772=ORIENTED_EDGE('',*,*,#2071,.T.);
#2773=ORIENTED_EDGE('',*,*,#1949,.F.);
#2774=ORIENTED_EDGE('',*,*,#2069,.F.);
#2775=ORIENTED_EDGE('',*,*,#1909,.F.);
#2776=ORIENTED_EDGE('',*,*,#1957,.F.);
#2777=ORIENTED_EDGE('',*,*,#2072,.T.);
#2778=ORIENTED_EDGE('',*,*,#1924,.T.);
#2779=ORIENTED_EDGE('',*,*,#2073,.F.);
#2780=ORIENTED_EDGE('',*,*,#2038,.T.);
#2781=ORIENTED_EDGE('',*,*,#2074,.T.);
#2782=ORIENTED_EDGE('',*,*,#2073,.T.);
#2783=ORIENTED_EDGE('',*,*,#1923,.T.);
#2784=ORIENTED_EDGE('',*,*,#1927,.T.);
#2785=ORIENTED_EDGE('',*,*,#1930,.T.);
#2786=ORIENTED_EDGE('',*,*,#1913,.T.);
#2787=ORIENTED_EDGE('',*,*,#1917,.T.);
#2788=ORIENTED_EDGE('',*,*,#1920,.T.);
#2789=ORIENTED_EDGE('',*,*,#2075,.T.);
#2790=ORIENTED_EDGE('',*,*,#2076,.F.);
#2791=ORIENTED_EDGE('',*,*,#1938,.T.);
#2792=ORIENTED_EDGE('',*,*,#2077,.T.);
#2793=ORIENTED_EDGE('',*,*,#2078,.T.);
#2794=ORIENTED_EDGE('',*,*,#1932,.F.);
#2795=ORIENTED_EDGE('',*,*,#2079,.F.);
#2796=ORIENTED_EDGE('',*,*,#1900,.F.);
#2797=ORIENTED_EDGE('',*,*,#2080,.F.);
#2798=ORIENTED_EDGE('',*,*,#1945,.F.);
#2799=ORIENTED_EDGE('',*,*,#1944,.T.);
#2800=ORIENTED_EDGE('',*,*,#1939,.T.);
#2801=ORIENTED_EDGE('',*,*,#1901,.T.);
#2802=ORIENTED_EDGE('',*,*,#2079,.T.);
#2803=ORIENTED_EDGE('',*,*,#2081,.F.);
#2804=ORIENTED_EDGE('',*,*,#2075,.F.);
#2805=ORIENTED_EDGE('',*,*,#1922,.T.);
#2806=ORIENTED_EDGE('',*,*,#2082,.F.);
#2807=ORIENTED_EDGE('',*,*,#2083,.F.);
#2808=ORIENTED_EDGE('',*,*,#2082,.T.);
#2809=ORIENTED_EDGE('',*,*,#1921,.T.);
#2810=ORIENTED_EDGE('',*,*,#1918,.T.);
#2811=ORIENTED_EDGE('',*,*,#1915,.T.);
#2812=ORIENTED_EDGE('',*,*,#1931,.T.);
#2813=ORIENTED_EDGE('',*,*,#1928,.T.);
#2814=ORIENTED_EDGE('',*,*,#1925,.T.);
#2815=ORIENTED_EDGE('',*,*,#2072,.F.);
#2816=ORIENTED_EDGE('',*,*,#2035,.F.);
#2817=ORIENTED_EDGE('',*,*,#2060,.F.);
#2818=ORIENTED_EDGE('',*,*,#2084,.F.);
#2819=ORIENTED_EDGE('',*,*,#1936,.T.);
#2820=ORIENTED_EDGE('',*,*,#1934,.F.);
#2821=ORIENTED_EDGE('',*,*,#2076,.T.);
#2822=ORIENTED_EDGE('',*,*,#2081,.T.);
#2823=ORIENTED_EDGE('',*,*,#2083,.T.);
#2824=ORIENTED_EDGE('',*,*,#1935,.T.);
#2825=ORIENTED_EDGE('',*,*,#1937,.T.);
#2826=ORIENTED_EDGE('',*,*,#2084,.T.);
#2827=ORIENTED_EDGE('',*,*,#2061,.F.);
#2828=ORIENTED_EDGE('',*,*,#2015,.F.);
#2829=ORIENTED_EDGE('',*,*,#2018,.T.);
#2830=ORIENTED_EDGE('',*,*,#1973,.T.);
#2831=ORIENTED_EDGE('',*,*,#1996,.F.);
#2832=ORIENTED_EDGE('',*,*,#1975,.T.);
#2833=ORIENTED_EDGE('',*,*,#2031,.T.);
#2834=ORIENTED_EDGE('',*,*,#2019,.F.);
#2835=ORIENTED_EDGE('',*,*,#2062,.F.);
#2836=ORIENTED_EDGE('',*,*,#1946,.T.);
#2837=ORIENTED_EDGE('',*,*,#2080,.T.);
#2838=ORIENTED_EDGE('',*,*,#1899,.F.);
#2839=ORIENTED_EDGE('',*,*,#2085,.F.);
#2840=ORIENTED_EDGE('',*,*,#2086,.F.);
#2841=ORIENTED_EDGE('',*,*,#2087,.T.);
#2842=ORIENTED_EDGE('',*,*,#2088,.F.);
#2843=ORIENTED_EDGE('',*,*,#2089,.T.);
#2844=ORIENTED_EDGE('',*,*,#2077,.F.);
#2845=ORIENTED_EDGE('',*,*,#2067,.T.);
#2846=ORIENTED_EDGE('',*,*,#2004,.T.);
#2847=ORIENTED_EDGE('',*,*,#2090,.F.);
#2848=ORIENTED_EDGE('',*,*,#2091,.T.);
#2849=ORIENTED_EDGE('',*,*,#2092,.T.);
#2850=ORIENTED_EDGE('',*,*,#2093,.T.);
#2851=ORIENTED_EDGE('',*,*,#2094,.T.);
#2852=ORIENTED_EDGE('',*,*,#2095,.T.);
#2853=ORIENTED_EDGE('',*,*,#2096,.T.);
#2854=ORIENTED_EDGE('',*,*,#2097,.T.);
#2855=ORIENTED_EDGE('',*,*,#2098,.F.);
#2856=ORIENTED_EDGE('',*,*,#2099,.F.);
#2857=ORIENTED_EDGE('',*,*,#2100,.F.);
#2858=ORIENTED_EDGE('',*,*,#2101,.F.);
#2859=ORIENTED_EDGE('',*,*,#2102,.F.);
#2860=ORIENTED_EDGE('',*,*,#2103,.F.);
#2861=ORIENTED_EDGE('',*,*,#2104,.F.);
#2862=ORIENTED_EDGE('',*,*,#2105,.F.);
#2863=ORIENTED_EDGE('',*,*,#2106,.F.);
#2864=ORIENTED_EDGE('',*,*,#2090,.T.);
#2865=ORIENTED_EDGE('',*,*,#2003,.T.);
#2866=ORIENTED_EDGE('',*,*,#2107,.F.);
#2867=ORIENTED_EDGE('',*,*,#2108,.T.);
#2868=ORIENTED_EDGE('',*,*,#2107,.T.);
#2869=ORIENTED_EDGE('',*,*,#2002,.T.);
#2870=ORIENTED_EDGE('',*,*,#2109,.F.);
#2871=ORIENTED_EDGE('',*,*,#2110,.F.);
#2872=ORIENTED_EDGE('',*,*,#2109,.T.);
#2873=ORIENTED_EDGE('',*,*,#2001,.T.);
#2874=ORIENTED_EDGE('',*,*,#2043,.F.);
#2875=ORIENTED_EDGE('',*,*,#2111,.T.);
#2876=ORIENTED_EDGE('',*,*,#2112,.F.);
#2877=ORIENTED_EDGE('',*,*,#2113,.T.);
#2878=ORIENTED_EDGE('',*,*,#2114,.T.);
#2879=ORIENTED_EDGE('',*,*,#2115,.T.);
#2880=ORIENTED_EDGE('',*,*,#2116,.T.);
#2881=ORIENTED_EDGE('',*,*,#2117,.T.);
#2882=ORIENTED_EDGE('',*,*,#2118,.T.);
#2883=ORIENTED_EDGE('',*,*,#2119,.T.);
#2884=ORIENTED_EDGE('',*,*,#2120,.F.);
#2885=ORIENTED_EDGE('',*,*,#2121,.F.);
#2886=ORIENTED_EDGE('',*,*,#2122,.F.);
#2887=ORIENTED_EDGE('',*,*,#2123,.F.);
#2888=ORIENTED_EDGE('',*,*,#2124,.F.);
#2889=ORIENTED_EDGE('',*,*,#2125,.F.);
#2890=ORIENTED_EDGE('',*,*,#2126,.F.);
#2891=ORIENTED_EDGE('',*,*,#2127,.F.);
#2892=ORIENTED_EDGE('',*,*,#2039,.T.);
#2893=ORIENTED_EDGE('',*,*,#2074,.F.);
#2894=ORIENTED_EDGE('',*,*,#2088,.T.);
#2895=ORIENTED_EDGE('',*,*,#2128,.F.);
#2896=ORIENTED_EDGE('',*,*,#2112,.T.);
#2897=ORIENTED_EDGE('',*,*,#2078,.F.);
#2898=ORIENTED_EDGE('',*,*,#2089,.F.);
#2899=ORIENTED_EDGE('',*,*,#2129,.F.);
#2900=ORIENTED_EDGE('',*,*,#2130,.F.);
#2901=ORIENTED_EDGE('',*,*,#2086,.T.);
#2902=ORIENTED_EDGE('',*,*,#2085,.T.);
#2903=ORIENTED_EDGE('',*,*,#1911,.F.);
#2904=ORIENTED_EDGE('',*,*,#2071,.F.);
#2905=ORIENTED_EDGE('',*,*,#2131,.T.);
#2906=ORIENTED_EDGE('',*,*,#2132,.T.);
#2907=ORIENTED_EDGE('',*,*,#2133,.T.);
#2908=ORIENTED_EDGE('',*,*,#2134,.T.);
#2909=ORIENTED_EDGE('',*,*,#2135,.T.);
#2910=ORIENTED_EDGE('',*,*,#2136,.T.);
#2911=ORIENTED_EDGE('',*,*,#2137,.T.);
#2912=ORIENTED_EDGE('',*,*,#2138,.F.);
#2913=ORIENTED_EDGE('',*,*,#2139,.F.);
#2914=ORIENTED_EDGE('',*,*,#2140,.F.);
#2915=ORIENTED_EDGE('',*,*,#2141,.F.);
#2916=ORIENTED_EDGE('',*,*,#2142,.F.);
#2917=ORIENTED_EDGE('',*,*,#2143,.F.);
#2918=ORIENTED_EDGE('',*,*,#2144,.F.);
#2919=ORIENTED_EDGE('',*,*,#2145,.F.);
#2920=ORIENTED_EDGE('',*,*,#2129,.T.);
#2921=ORIENTED_EDGE('',*,*,#1910,.F.);
#2922=ORIENTED_EDGE('',*,*,#2146,.T.);
#2923=ORIENTED_EDGE('',*,*,#2147,.F.);
#2924=ORIENTED_EDGE('',*,*,#2148,.T.);
#2925=ORIENTED_EDGE('',*,*,#2149,.T.);
#2926=ORIENTED_EDGE('',*,*,#2150,.F.);
#2927=ORIENTED_EDGE('',*,*,#2151,.F.);
#2928=ORIENTED_EDGE('',*,*,#2152,.F.);
#2929=ORIENTED_EDGE('',*,*,#2149,.F.);
#2930=ORIENTED_EDGE('',*,*,#2153,.T.);
#2931=ORIENTED_EDGE('',*,*,#2148,.F.);
#2932=ORIENTED_EDGE('',*,*,#2154,.T.);
#2933=ORIENTED_EDGE('',*,*,#2155,.F.);
#2934=ORIENTED_EDGE('',*,*,#2156,.F.);
#2935=ORIENTED_EDGE('',*,*,#2146,.F.);
#2936=ORIENTED_EDGE('',*,*,#2150,.T.);
#2937=ORIENTED_EDGE('',*,*,#2152,.T.);
#2938=ORIENTED_EDGE('',*,*,#2157,.T.);
#2939=ORIENTED_EDGE('',*,*,#2158,.T.);
#2940=ORIENTED_EDGE('',*,*,#2159,.T.);
#2941=ORIENTED_EDGE('',*,*,#2160,.T.);
#2942=ORIENTED_EDGE('',*,*,#2161,.T.);
#2943=ORIENTED_EDGE('',*,*,#2162,.T.);
#2944=ORIENTED_EDGE('',*,*,#2163,.T.);
#2945=ORIENTED_EDGE('',*,*,#2164,.T.);
#2946=ORIENTED_EDGE('',*,*,#2165,.F.);
#2947=ORIENTED_EDGE('',*,*,#2166,.T.);
#2948=ORIENTED_EDGE('',*,*,#2167,.F.);
#2949=ORIENTED_EDGE('',*,*,#2164,.F.);
#2950=ORIENTED_EDGE('',*,*,#2155,.T.);
#2951=ORIENTED_EDGE('',*,*,#2168,.T.);
#2952=ORIENTED_EDGE('',*,*,#2153,.F.);
#2953=ORIENTED_EDGE('',*,*,#2156,.T.);
#2954=ORIENTED_EDGE('',*,*,#2163,.F.);
#2955=ORIENTED_EDGE('',*,*,#2169,.F.);
#2956=ORIENTED_EDGE('',*,*,#2170,.F.);
#2957=ORIENTED_EDGE('',*,*,#2171,.T.);
#2958=ORIENTED_EDGE('',*,*,#2172,.T.);
#2959=ORIENTED_EDGE('',*,*,#2173,.F.);
#2960=ORIENTED_EDGE('',*,*,#2174,.F.);
#2961=ORIENTED_EDGE('',*,*,#2172,.F.);
#2962=ORIENTED_EDGE('',*,*,#2175,.F.);
#2963=ORIENTED_EDGE('',*,*,#2176,.T.);
#2964=ORIENTED_EDGE('',*,*,#2177,.F.);
#2965=ORIENTED_EDGE('',*,*,#2176,.F.);
#2966=ORIENTED_EDGE('',*,*,#2178,.F.);
#2967=ORIENTED_EDGE('',*,*,#2179,.F.);
#2968=ORIENTED_EDGE('',*,*,#2180,.F.);
#2969=ORIENTED_EDGE('',*,*,#2181,.F.);
#2970=ORIENTED_EDGE('',*,*,#2170,.T.);
#2971=ORIENTED_EDGE('',*,*,#2182,.T.);
#2972=ORIENTED_EDGE('',*,*,#2183,.T.);
#2973=ORIENTED_EDGE('',*,*,#2184,.T.);
#2974=ORIENTED_EDGE('',*,*,#2173,.T.);
#2975=ORIENTED_EDGE('',*,*,#2174,.T.);
#2976=ORIENTED_EDGE('',*,*,#2177,.T.);
#2977=ORIENTED_EDGE('',*,*,#2185,.T.);
#2978=ORIENTED_EDGE('',*,*,#2151,.T.);
#2979=ORIENTED_EDGE('',*,*,#2169,.T.);
#2980=ORIENTED_EDGE('',*,*,#2162,.F.);
#2981=ORIENTED_EDGE('',*,*,#2186,.T.);
#2982=ORIENTED_EDGE('',*,*,#2187,.T.);
#2983=ORIENTED_EDGE('',*,*,#2188,.T.);
#2984=ORIENTED_EDGE('',*,*,#2189,.T.);
#2985=ORIENTED_EDGE('',*,*,#2182,.F.);
#2986=ORIENTED_EDGE('',*,*,#2187,.F.);
#2987=ORIENTED_EDGE('',*,*,#2190,.F.);
#2988=ORIENTED_EDGE('',*,*,#2191,.F.);
#2989=ORIENTED_EDGE('',*,*,#2192,.F.);
#2990=ORIENTED_EDGE('',*,*,#2193,.F.);
#2991=ORIENTED_EDGE('',*,*,#2194,.T.);
#2992=ORIENTED_EDGE('',*,*,#2188,.F.);
#2993=ORIENTED_EDGE('',*,*,#2194,.F.);
#2994=ORIENTED_EDGE('',*,*,#2195,.F.);
#2995=ORIENTED_EDGE('',*,*,#2196,.T.);
#2996=ORIENTED_EDGE('',*,*,#2183,.F.);
#2997=ORIENTED_EDGE('',*,*,#2189,.F.);
#2998=ORIENTED_EDGE('',*,*,#2196,.F.);
#2999=ORIENTED_EDGE('',*,*,#2197,.T.);
#3000=ORIENTED_EDGE('',*,*,#2192,.T.);
#3001=ORIENTED_EDGE('',*,*,#2198,.F.);
#3002=ORIENTED_EDGE('',*,*,#2199,.F.);
#3003=ORIENTED_EDGE('',*,*,#2191,.T.);
#3004=ORIENTED_EDGE('',*,*,#2200,.F.);
#3005=ORIENTED_EDGE('',*,*,#2201,.F.);
#3006=ORIENTED_EDGE('',*,*,#2202,.F.);
#3007=ORIENTED_EDGE('',*,*,#2198,.T.);
#3008=ORIENTED_EDGE('',*,*,#2186,.F.);
#3009=ORIENTED_EDGE('',*,*,#2203,.F.);
#3010=ORIENTED_EDGE('',*,*,#2204,.F.);
#3011=ORIENTED_EDGE('',*,*,#2200,.T.);
#3012=ORIENTED_EDGE('',*,*,#2190,.T.);
#3013=ORIENTED_EDGE('',*,*,#2185,.F.);
#3014=ORIENTED_EDGE('',*,*,#2181,.T.);
#3015=ORIENTED_EDGE('',*,*,#2205,.F.);
#3016=ORIENTED_EDGE('',*,*,#2206,.T.);
#3017=ORIENTED_EDGE('',*,*,#2157,.F.);
#3018=ORIENTED_EDGE('',*,*,#2130,.T.);
#3019=ORIENTED_EDGE('',*,*,#2145,.T.);
#3020=ORIENTED_EDGE('',*,*,#2207,.F.);
#3021=ORIENTED_EDGE('',*,*,#2070,.T.);
#3022=ORIENTED_EDGE('',*,*,#2208,.T.);
#3023=ORIENTED_EDGE('',*,*,#2209,.F.);
#3024=ORIENTED_EDGE('',*,*,#2131,.F.);
#3025=ORIENTED_EDGE('',*,*,#2034,.F.);
#3026=ORIENTED_EDGE('',*,*,#2210,.T.);
#3027=ORIENTED_EDGE('',*,*,#2211,.F.);
#3028=ORIENTED_EDGE('',*,*,#2208,.F.);
#3029=ORIENTED_EDGE('',*,*,#2040,.T.);
#3030=ORIENTED_EDGE('',*,*,#2127,.T.);
#3031=ORIENTED_EDGE('',*,*,#2212,.F.);
#3032=ORIENTED_EDGE('',*,*,#2210,.F.);
#3033=ORIENTED_EDGE('',*,*,#2128,.T.);
#3034=ORIENTED_EDGE('',*,*,#2213,.F.);
#3035=ORIENTED_EDGE('',*,*,#2113,.F.);
#3036=ORIENTED_EDGE('',*,*,#2207,.T.);
#3037=ORIENTED_EDGE('',*,*,#2144,.T.);
#3038=ORIENTED_EDGE('',*,*,#2214,.F.);
#3039=ORIENTED_EDGE('',*,*,#2215,.F.);
#3040=ORIENTED_EDGE('',*,*,#2209,.T.);
#3041=ORIENTED_EDGE('',*,*,#2216,.T.);
#3042=ORIENTED_EDGE('',*,*,#2217,.F.);
#3043=ORIENTED_EDGE('',*,*,#2132,.F.);
#3044=ORIENTED_EDGE('',*,*,#2211,.T.);
#3045=ORIENTED_EDGE('',*,*,#2218,.T.);
#3046=ORIENTED_EDGE('',*,*,#2219,.F.);
#3047=ORIENTED_EDGE('',*,*,#2216,.F.);
#3048=ORIENTED_EDGE('',*,*,#2212,.T.);
#3049=ORIENTED_EDGE('',*,*,#2126,.T.);
#3050=ORIENTED_EDGE('',*,*,#2220,.F.);
#3051=ORIENTED_EDGE('',*,*,#2218,.F.);
#3052=ORIENTED_EDGE('',*,*,#2213,.T.);
#3053=ORIENTED_EDGE('',*,*,#2221,.T.);
#3054=ORIENTED_EDGE('',*,*,#2222,.F.);
#3055=ORIENTED_EDGE('',*,*,#2114,.F.);
#3056=ORIENTED_EDGE('',*,*,#2087,.F.);
#3057=ORIENTED_EDGE('',*,*,#2215,.T.);
#3058=ORIENTED_EDGE('',*,*,#2223,.F.);
#3059=ORIENTED_EDGE('',*,*,#2221,.F.);
#3060=ORIENTED_EDGE('',*,*,#2214,.T.);
#3061=ORIENTED_EDGE('',*,*,#2143,.T.);
#3062=ORIENTED_EDGE('',*,*,#2224,.F.);
#3063=ORIENTED_EDGE('',*,*,#2217,.T.);
#3064=ORIENTED_EDGE('',*,*,#2225,.T.);
#3065=ORIENTED_EDGE('',*,*,#2226,.F.);
#3066=ORIENTED_EDGE('',*,*,#2133,.F.);
#3067=ORIENTED_EDGE('',*,*,#2219,.T.);
#3068=ORIENTED_EDGE('',*,*,#2227,.T.);
#3069=ORIENTED_EDGE('',*,*,#2228,.F.);
#3070=ORIENTED_EDGE('',*,*,#2225,.F.);
#3071=ORIENTED_EDGE('',*,*,#2220,.T.);
#3072=ORIENTED_EDGE('',*,*,#2125,.T.);
#3073=ORIENTED_EDGE('',*,*,#2229,.F.);
#3074=ORIENTED_EDGE('',*,*,#2227,.F.);
#3075=ORIENTED_EDGE('',*,*,#2222,.T.);
#3076=ORIENTED_EDGE('',*,*,#2230,.F.);
#3077=ORIENTED_EDGE('',*,*,#2115,.F.);
#3078=ORIENTED_EDGE('',*,*,#2226,.T.);
#3079=ORIENTED_EDGE('',*,*,#2231,.T.);
#3080=ORIENTED_EDGE('',*,*,#2232,.F.);
#3081=ORIENTED_EDGE('',*,*,#2134,.F.);
#3082=ORIENTED_EDGE('',*,*,#2228,.T.);
#3083=ORIENTED_EDGE('',*,*,#2233,.T.);
#3084=ORIENTED_EDGE('',*,*,#2234,.F.);
#3085=ORIENTED_EDGE('',*,*,#2231,.F.);
#3086=ORIENTED_EDGE('',*,*,#2229,.T.);
#3087=ORIENTED_EDGE('',*,*,#2124,.T.);
#3088=ORIENTED_EDGE('',*,*,#2235,.F.);
#3089=ORIENTED_EDGE('',*,*,#2233,.F.);
#3090=ORIENTED_EDGE('',*,*,#2197,.F.);
#3091=ORIENTED_EDGE('',*,*,#2236,.F.);
#3092=ORIENTED_EDGE('',*,*,#2116,.F.);
#3093=ORIENTED_EDGE('',*,*,#2230,.T.);
#3094=ORIENTED_EDGE('',*,*,#2237,.T.);
#3095=ORIENTED_EDGE('',*,*,#2232,.T.);
#3096=ORIENTED_EDGE('',*,*,#2238,.T.);
#3097=ORIENTED_EDGE('',*,*,#2239,.F.);
#3098=ORIENTED_EDGE('',*,*,#2135,.F.);
#3099=ORIENTED_EDGE('',*,*,#2234,.T.);
#3100=ORIENTED_EDGE('',*,*,#2240,.T.);
#3101=ORIENTED_EDGE('',*,*,#2241,.F.);
#3102=ORIENTED_EDGE('',*,*,#2238,.F.);
#3103=ORIENTED_EDGE('',*,*,#2235,.T.);
#3104=ORIENTED_EDGE('',*,*,#2123,.T.);
#3105=ORIENTED_EDGE('',*,*,#2242,.F.);
#3106=ORIENTED_EDGE('',*,*,#2240,.F.);
#3107=ORIENTED_EDGE('',*,*,#2195,.T.);
#3108=ORIENTED_EDGE('',*,*,#2243,.F.);
#3109=ORIENTED_EDGE('',*,*,#2117,.F.);
#3110=ORIENTED_EDGE('',*,*,#2236,.T.);
#3111=ORIENTED_EDGE('',*,*,#2239,.T.);
#3112=ORIENTED_EDGE('',*,*,#2244,.T.);
#3113=ORIENTED_EDGE('',*,*,#2245,.F.);
#3114=ORIENTED_EDGE('',*,*,#2136,.F.);
#3115=ORIENTED_EDGE('',*,*,#2241,.T.);
#3116=ORIENTED_EDGE('',*,*,#2246,.T.);
#3117=ORIENTED_EDGE('',*,*,#2247,.F.);
#3118=ORIENTED_EDGE('',*,*,#2244,.F.);
#3119=ORIENTED_EDGE('',*,*,#2242,.T.);
#3120=ORIENTED_EDGE('',*,*,#2122,.T.);
#3121=ORIENTED_EDGE('',*,*,#2248,.F.);
#3122=ORIENTED_EDGE('',*,*,#2246,.F.);
#3123=ORIENTED_EDGE('',*,*,#2245,.T.);
#3124=ORIENTED_EDGE('',*,*,#2249,.T.);
#3125=ORIENTED_EDGE('',*,*,#2250,.F.);
#3126=ORIENTED_EDGE('',*,*,#2137,.F.);
#3127=ORIENTED_EDGE('',*,*,#2247,.T.);
#3128=ORIENTED_EDGE('',*,*,#2251,.T.);
#3129=ORIENTED_EDGE('',*,*,#2252,.F.);
#3130=ORIENTED_EDGE('',*,*,#2249,.F.);
#3131=ORIENTED_EDGE('',*,*,#2248,.T.);
#3132=ORIENTED_EDGE('',*,*,#2121,.T.);
#3133=ORIENTED_EDGE('',*,*,#2253,.F.);
#3134=ORIENTED_EDGE('',*,*,#2251,.F.);
#3135=ORIENTED_EDGE('',*,*,#2120,.T.);
#3136=ORIENTED_EDGE('',*,*,#2254,.T.);
#3137=ORIENTED_EDGE('',*,*,#1884,.T.);
#3138=ORIENTED_EDGE('',*,*,#2255,.T.);
#3139=ORIENTED_EDGE('',*,*,#2256,.F.);
#3140=ORIENTED_EDGE('',*,*,#2257,.T.);
#3141=ORIENTED_EDGE('',*,*,#2099,.T.);
#3142=ORIENTED_EDGE('',*,*,#2258,.T.);
#3143=ORIENTED_EDGE('',*,*,#2259,.F.);
#3144=ORIENTED_EDGE('',*,*,#2260,.F.);
#3145=ORIENTED_EDGE('',*,*,#2261,.T.);
#3146=ORIENTED_EDGE('',*,*,#2262,.T.);
#3147=ORIENTED_EDGE('',*,*,#2263,.T.);
#3148=ORIENTED_EDGE('',*,*,#2264,.F.);
#3149=ORIENTED_EDGE('',*,*,#2258,.F.);
#3150=ORIENTED_EDGE('',*,*,#2098,.T.);
#3151=ORIENTED_EDGE('',*,*,#2265,.T.);
#3152=ORIENTED_EDGE('',*,*,#2266,.T.);
#3153=ORIENTED_EDGE('',*,*,#2267,.T.);
#3154=ORIENTED_EDGE('',*,*,#2052,.T.);
#3155=ORIENTED_EDGE('',*,*,#2268,.T.);
#3156=ORIENTED_EDGE('',*,*,#2269,.T.);
#3157=ORIENTED_EDGE('',*,*,#2270,.F.);
#3158=ORIENTED_EDGE('',*,*,#2271,.T.);
#3159=ORIENTED_EDGE('',*,*,#2272,.F.);
#3160=ORIENTED_EDGE('',*,*,#2269,.F.);
#3161=ORIENTED_EDGE('',*,*,#2273,.T.);
#3162=ORIENTED_EDGE('',*,*,#2274,.F.);
#3163=ORIENTED_EDGE('',*,*,#2275,.F.);
#3164=ORIENTED_EDGE('',*,*,#2276,.T.);
#3165=ORIENTED_EDGE('',*,*,#2277,.F.);
#3166=ORIENTED_EDGE('',*,*,#2278,.T.);
#3167=ORIENTED_EDGE('',*,*,#2275,.T.);
#3168=ORIENTED_EDGE('',*,*,#2279,.F.);
#3169=ORIENTED_EDGE('',*,*,#2280,.F.);
#3170=ORIENTED_EDGE('',*,*,#2281,.T.);
#3171=ORIENTED_EDGE('',*,*,#2282,.T.);
#3172=ORIENTED_EDGE('',*,*,#2283,.T.);
#3173=ORIENTED_EDGE('',*,*,#2260,.T.);
#3174=ORIENTED_EDGE('',*,*,#2284,.F.);
#3175=ORIENTED_EDGE('',*,*,#2285,.T.);
#3176=ORIENTED_EDGE('',*,*,#2280,.T.);
#3177=ORIENTED_EDGE('',*,*,#2286,.F.);
#3178=ORIENTED_EDGE('',*,*,#2283,.F.);
#3179=ORIENTED_EDGE('',*,*,#2287,.T.);
#3180=ORIENTED_EDGE('',*,*,#2288,.F.);
#3181=ORIENTED_EDGE('',*,*,#2289,.F.);
#3182=ORIENTED_EDGE('',*,*,#2100,.T.);
#3183=ORIENTED_EDGE('',*,*,#2257,.F.);
#3184=ORIENTED_EDGE('',*,*,#2265,.F.);
#3185=ORIENTED_EDGE('',*,*,#2097,.F.);
#3186=ORIENTED_EDGE('',*,*,#2290,.F.);
#3187=ORIENTED_EDGE('',*,*,#2291,.T.);
#3188=ORIENTED_EDGE('',*,*,#2291,.F.);
#3189=ORIENTED_EDGE('',*,*,#2292,.F.);
#3190=ORIENTED_EDGE('',*,*,#2293,.T.);
#3191=ORIENTED_EDGE('',*,*,#2266,.F.);
#3192=ORIENTED_EDGE('',*,*,#2293,.F.);
#3193=ORIENTED_EDGE('',*,*,#2294,.F.);
#3194=ORIENTED_EDGE('',*,*,#2053,.T.);
#3195=ORIENTED_EDGE('',*,*,#2267,.F.);
#3196=ORIENTED_EDGE('',*,*,#2273,.F.);
#3197=ORIENTED_EDGE('',*,*,#2268,.F.);
#3198=ORIENTED_EDGE('',*,*,#2051,.F.);
#3199=ORIENTED_EDGE('',*,*,#2295,.F.);
#3200=ORIENTED_EDGE('',*,*,#2296,.T.);
#3201=ORIENTED_EDGE('',*,*,#2297,.T.);
#3202=ORIENTED_EDGE('',*,*,#2298,.F.);
#3203=ORIENTED_EDGE('',*,*,#2299,.T.);
#3204=ORIENTED_EDGE('',*,*,#2300,.T.);
#3205=ORIENTED_EDGE('',*,*,#2301,.F.);
#3206=ORIENTED_EDGE('',*,*,#2101,.T.);
#3207=ORIENTED_EDGE('',*,*,#2289,.T.);
#3208=ORIENTED_EDGE('',*,*,#2299,.F.);
#3209=ORIENTED_EDGE('',*,*,#2302,.F.);
#3210=ORIENTED_EDGE('',*,*,#2303,.T.);
#3211=ORIENTED_EDGE('',*,*,#2290,.T.);
#3212=ORIENTED_EDGE('',*,*,#2096,.F.);
#3213=ORIENTED_EDGE('',*,*,#2304,.F.);
#3214=ORIENTED_EDGE('',*,*,#2305,.T.);
#3215=ORIENTED_EDGE('',*,*,#2292,.T.);
#3216=ORIENTED_EDGE('',*,*,#2303,.F.);
#3217=ORIENTED_EDGE('',*,*,#2306,.F.);
#3218=ORIENTED_EDGE('',*,*,#2054,.T.);
#3219=ORIENTED_EDGE('',*,*,#2294,.T.);
#3220=ORIENTED_EDGE('',*,*,#2305,.F.);
#3221=ORIENTED_EDGE('',*,*,#2307,.F.);
#3222=ORIENTED_EDGE('',*,*,#2301,.T.);
#3223=ORIENTED_EDGE('',*,*,#2295,.T.);
#3224=ORIENTED_EDGE('',*,*,#2050,.F.);
#3225=ORIENTED_EDGE('',*,*,#2308,.F.);
#3226=ORIENTED_EDGE('',*,*,#2102,.T.);
#3227=ORIENTED_EDGE('',*,*,#2302,.T.);
#3228=ORIENTED_EDGE('',*,*,#2309,.F.);
#3229=ORIENTED_EDGE('',*,*,#2310,.F.);
#3230=ORIENTED_EDGE('',*,*,#2311,.T.);
#3231=ORIENTED_EDGE('',*,*,#2304,.T.);
#3232=ORIENTED_EDGE('',*,*,#2095,.F.);
#3233=ORIENTED_EDGE('',*,*,#2312,.F.);
#3234=ORIENTED_EDGE('',*,*,#2311,.F.);
#3235=ORIENTED_EDGE('',*,*,#2313,.F.);
#3236=ORIENTED_EDGE('',*,*,#2314,.T.);
#3237=ORIENTED_EDGE('',*,*,#2306,.T.);
#3238=ORIENTED_EDGE('',*,*,#2314,.F.);
#3239=ORIENTED_EDGE('',*,*,#2315,.F.);
#3240=ORIENTED_EDGE('',*,*,#2055,.T.);
#3241=ORIENTED_EDGE('',*,*,#2307,.T.);
#3242=ORIENTED_EDGE('',*,*,#2316,.T.);
#3243=ORIENTED_EDGE('',*,*,#2308,.T.);
#3244=ORIENTED_EDGE('',*,*,#2049,.F.);
#3245=ORIENTED_EDGE('',*,*,#2317,.F.);
#3246=ORIENTED_EDGE('',*,*,#2318,.F.);
#3247=ORIENTED_EDGE('',*,*,#2319,.T.);
#3248=ORIENTED_EDGE('',*,*,#2320,.T.);
#3249=ORIENTED_EDGE('',*,*,#2321,.F.);
#3250=ORIENTED_EDGE('',*,*,#2103,.T.);
#3251=ORIENTED_EDGE('',*,*,#2310,.T.);
#3252=ORIENTED_EDGE('',*,*,#2319,.F.);
#3253=ORIENTED_EDGE('',*,*,#2322,.F.);
#3254=ORIENTED_EDGE('',*,*,#2323,.T.);
#3255=ORIENTED_EDGE('',*,*,#2312,.T.);
#3256=ORIENTED_EDGE('',*,*,#2094,.F.);
#3257=ORIENTED_EDGE('',*,*,#2324,.F.);
#3258=ORIENTED_EDGE('',*,*,#2325,.T.);
#3259=ORIENTED_EDGE('',*,*,#2313,.T.);
#3260=ORIENTED_EDGE('',*,*,#2323,.F.);
#3261=ORIENTED_EDGE('',*,*,#2326,.F.);
#3262=ORIENTED_EDGE('',*,*,#2056,.T.);
#3263=ORIENTED_EDGE('',*,*,#2315,.T.);
#3264=ORIENTED_EDGE('',*,*,#2325,.F.);
#3265=ORIENTED_EDGE('',*,*,#2327,.F.);
#3266=ORIENTED_EDGE('',*,*,#2321,.T.);
#3267=ORIENTED_EDGE('',*,*,#2317,.T.);
#3268=ORIENTED_EDGE('',*,*,#2048,.F.);
#3269=ORIENTED_EDGE('',*,*,#2328,.F.);
#3270=ORIENTED_EDGE('',*,*,#2104,.T.);
#3271=ORIENTED_EDGE('',*,*,#2322,.T.);
#3272=ORIENTED_EDGE('',*,*,#2329,.F.);
#3273=ORIENTED_EDGE('',*,*,#2330,.F.);
#3274=ORIENTED_EDGE('',*,*,#2331,.T.);
#3275=ORIENTED_EDGE('',*,*,#2324,.T.);
#3276=ORIENTED_EDGE('',*,*,#2093,.F.);
#3277=ORIENTED_EDGE('',*,*,#2332,.F.);
#3278=ORIENTED_EDGE('',*,*,#2331,.F.);
#3279=ORIENTED_EDGE('',*,*,#2333,.F.);
#3280=ORIENTED_EDGE('',*,*,#2334,.T.);
#3281=ORIENTED_EDGE('',*,*,#2326,.T.);
#3282=ORIENTED_EDGE('',*,*,#2334,.F.);
#3283=ORIENTED_EDGE('',*,*,#2335,.F.);
#3284=ORIENTED_EDGE('',*,*,#2057,.T.);
#3285=ORIENTED_EDGE('',*,*,#2327,.T.);
#3286=ORIENTED_EDGE('',*,*,#2336,.T.);
#3287=ORIENTED_EDGE('',*,*,#2328,.T.);
#3288=ORIENTED_EDGE('',*,*,#2047,.F.);
#3289=ORIENTED_EDGE('',*,*,#2337,.F.);
#3290=ORIENTED_EDGE('',*,*,#2338,.F.);
#3291=ORIENTED_EDGE('',*,*,#2339,.T.);
#3292=ORIENTED_EDGE('',*,*,#2340,.T.);
#3293=ORIENTED_EDGE('',*,*,#2341,.T.);
#3294=ORIENTED_EDGE('',*,*,#2105,.T.);
#3295=ORIENTED_EDGE('',*,*,#2330,.T.);
#3296=ORIENTED_EDGE('',*,*,#2340,.F.);
#3297=ORIENTED_EDGE('',*,*,#2342,.F.);
#3298=ORIENTED_EDGE('',*,*,#2343,.T.);
#3299=ORIENTED_EDGE('',*,*,#2332,.T.);
#3300=ORIENTED_EDGE('',*,*,#2092,.F.);
#3301=ORIENTED_EDGE('',*,*,#2344,.F.);
#3302=ORIENTED_EDGE('',*,*,#2345,.T.);
#3303=ORIENTED_EDGE('',*,*,#2333,.T.);
#3304=ORIENTED_EDGE('',*,*,#2343,.F.);
#3305=ORIENTED_EDGE('',*,*,#2346,.F.);
#3306=ORIENTED_EDGE('',*,*,#2058,.T.);
#3307=ORIENTED_EDGE('',*,*,#2335,.T.);
#3308=ORIENTED_EDGE('',*,*,#2345,.F.);
#3309=ORIENTED_EDGE('',*,*,#2347,.F.);
#3310=ORIENTED_EDGE('',*,*,#2338,.T.);
#3311=ORIENTED_EDGE('',*,*,#2337,.T.);
#3312=ORIENTED_EDGE('',*,*,#2046,.F.);
#3313=ORIENTED_EDGE('',*,*,#2348,.F.);
#3314=ORIENTED_EDGE('',*,*,#2106,.T.);
#3315=ORIENTED_EDGE('',*,*,#2342,.T.);
#3316=ORIENTED_EDGE('',*,*,#2349,.F.);
#3317=ORIENTED_EDGE('',*,*,#2068,.F.);
#3318=ORIENTED_EDGE('',*,*,#2350,.T.);
#3319=ORIENTED_EDGE('',*,*,#2344,.T.);
#3320=ORIENTED_EDGE('',*,*,#2091,.F.);
#3321=ORIENTED_EDGE('',*,*,#2108,.F.);
#3322=ORIENTED_EDGE('',*,*,#2350,.F.);
#3323=ORIENTED_EDGE('',*,*,#2110,.T.);
#3324=ORIENTED_EDGE('',*,*,#2351,.T.);
#3325=ORIENTED_EDGE('',*,*,#2346,.T.);
#3326=ORIENTED_EDGE('',*,*,#2351,.F.);
#3327=ORIENTED_EDGE('',*,*,#2111,.F.);
#3328=ORIENTED_EDGE('',*,*,#2059,.T.);
#3329=ORIENTED_EDGE('',*,*,#2347,.T.);
#3330=ORIENTED_EDGE('',*,*,#2352,.T.);
#3331=ORIENTED_EDGE('',*,*,#2348,.T.);
#3332=ORIENTED_EDGE('',*,*,#2045,.F.);
#3333=ORIENTED_EDGE('',*,*,#2064,.F.);
#3334=ORIENTED_EDGE('',*,*,#2353,.F.);
#3335=ORIENTED_EDGE('',*,*,#2354,.T.);
#3336=ORIENTED_EDGE('',*,*,#2259,.T.);
#3337=ORIENTED_EDGE('',*,*,#2264,.T.);
#3338=ORIENTED_EDGE('',*,*,#2355,.T.);
#3339=ORIENTED_EDGE('',*,*,#2356,.F.);
#3340=ORIENTED_EDGE('',*,*,#2355,.F.);
#3341=ORIENTED_EDGE('',*,*,#2263,.F.);
#3342=ORIENTED_EDGE('',*,*,#2262,.F.);
#3343=ORIENTED_EDGE('',*,*,#2357,.T.);
#3344=ORIENTED_EDGE('',*,*,#2271,.F.);
#3345=ORIENTED_EDGE('',*,*,#2358,.T.);
#3346=ORIENTED_EDGE('',*,*,#2359,.T.);
#3347=ORIENTED_EDGE('',*,*,#2358,.F.);
#3348=ORIENTED_EDGE('',*,*,#2270,.T.);
#3349=ORIENTED_EDGE('',*,*,#2360,.T.);
#3350=ORIENTED_EDGE('',*,*,#1874,.F.);
#3351=ORIENTED_EDGE('',*,*,#2361,.F.);
#3352=ORIENTED_EDGE('',*,*,#1871,.F.);
#3353=ORIENTED_EDGE('',*,*,#2362,.F.);
#3354=ORIENTED_EDGE('',*,*,#2360,.F.);
#3355=ORIENTED_EDGE('',*,*,#2277,.T.);
#3356=ORIENTED_EDGE('',*,*,#2363,.F.);
#3357=ORIENTED_EDGE('',*,*,#2364,.T.);
#3358=ORIENTED_EDGE('',*,*,#2274,.T.);
#3359=ORIENTED_EDGE('',*,*,#2297,.F.);
#3360=ORIENTED_EDGE('',*,*,#2300,.F.);
#3361=ORIENTED_EDGE('',*,*,#2288,.T.);
#3362=ORIENTED_EDGE('',*,*,#2365,.T.);
#3363=ORIENTED_EDGE('',*,*,#2279,.T.);
#3364=ORIENTED_EDGE('',*,*,#2364,.F.);
#3365=ORIENTED_EDGE('',*,*,#2296,.F.);
#3366=ORIENTED_EDGE('',*,*,#2287,.F.);
#3367=ORIENTED_EDGE('',*,*,#2286,.T.);
#3368=ORIENTED_EDGE('',*,*,#2365,.F.);
#3369=ORIENTED_EDGE('',*,*,#2366,.F.);
#3370=ORIENTED_EDGE('',*,*,#2284,.T.);
#3371=ORIENTED_EDGE('',*,*,#2354,.F.);
#3372=ORIENTED_EDGE('',*,*,#2367,.F.);
#3373=ORIENTED_EDGE('',*,*,#2368,.T.);
#3374=ORIENTED_EDGE('',*,*,#2320,.F.);
#3375=ORIENTED_EDGE('',*,*,#2309,.T.);
#3376=ORIENTED_EDGE('',*,*,#2298,.T.);
#3377=ORIENTED_EDGE('',*,*,#2316,.F.);
#3378=ORIENTED_EDGE('',*,*,#2341,.F.);
#3379=ORIENTED_EDGE('',*,*,#2329,.T.);
#3380=ORIENTED_EDGE('',*,*,#2318,.T.);
#3381=ORIENTED_EDGE('',*,*,#2336,.F.);
#3382=ORIENTED_EDGE('',*,*,#2352,.F.);
#3383=ORIENTED_EDGE('',*,*,#2066,.T.);
#3384=ORIENTED_EDGE('',*,*,#2349,.T.);
#3385=ORIENTED_EDGE('',*,*,#2339,.F.);
#3386=ORIENTED_EDGE('',*,*,#2184,.F.);
#3387=ORIENTED_EDGE('',*,*,#2237,.F.);
#3388=ORIENTED_EDGE('',*,*,#2223,.T.);
#3389=ORIENTED_EDGE('',*,*,#2369,.T.);
#3390=ORIENTED_EDGE('',*,*,#2171,.F.);
#3391=ORIENTED_EDGE('',*,*,#2369,.F.);
#3392=ORIENTED_EDGE('',*,*,#2224,.T.);
#3393=ORIENTED_EDGE('',*,*,#2142,.T.);
#3394=ORIENTED_EDGE('',*,*,#2370,.F.);
#3395=ORIENTED_EDGE('',*,*,#2175,.T.);
#3396=ORIENTED_EDGE('',*,*,#2370,.T.);
#3397=ORIENTED_EDGE('',*,*,#2141,.T.);
#3398=ORIENTED_EDGE('',*,*,#2371,.F.);
#3399=ORIENTED_EDGE('',*,*,#2119,.F.);
#3400=ORIENTED_EDGE('',*,*,#2372,.T.);
#3401=ORIENTED_EDGE('',*,*,#2201,.T.);
#3402=ORIENTED_EDGE('',*,*,#2204,.T.);
#3403=ORIENTED_EDGE('',*,*,#2373,.F.);
#3404=ORIENTED_EDGE('',*,*,#2374,.F.);
#3405=ORIENTED_EDGE('',*,*,#2199,.T.);
#3406=ORIENTED_EDGE('',*,*,#2202,.T.);
#3407=ORIENTED_EDGE('',*,*,#2372,.F.);
#3408=ORIENTED_EDGE('',*,*,#2118,.F.);
#3409=ORIENTED_EDGE('',*,*,#2243,.T.);
#3410=ORIENTED_EDGE('',*,*,#2193,.T.);
#3411=ORIENTED_EDGE('',*,*,#2166,.F.);
#3412=ORIENTED_EDGE('',*,*,#1879,.T.);
#3413=ORIENTED_EDGE('',*,*,#2254,.F.);
#3414=ORIENTED_EDGE('',*,*,#2374,.T.);
#3415=ORIENTED_EDGE('',*,*,#2373,.T.);
#3416=ORIENTED_EDGE('',*,*,#2203,.T.);
#3417=ORIENTED_EDGE('',*,*,#2165,.T.);
#3418=ORIENTED_EDGE('',*,*,#2167,.T.);
#3419=ORIENTED_EDGE('',*,*,#2178,.T.);
#3420=ORIENTED_EDGE('',*,*,#2371,.T.);
#3421=ORIENTED_EDGE('',*,*,#2140,.T.);
#3422=ORIENTED_EDGE('',*,*,#2375,.F.);
#3423=ORIENTED_EDGE('',*,*,#2376,.F.);
#3424=ORIENTED_EDGE('',*,*,#2377,.T.);
#3425=ORIENTED_EDGE('',*,*,#2139,.T.);
#3426=ORIENTED_EDGE('',*,*,#2159,.F.);
#3427=ORIENTED_EDGE('',*,*,#2158,.F.);
#3428=ORIENTED_EDGE('',*,*,#2206,.F.);
#3429=ORIENTED_EDGE('',*,*,#2378,.T.);
#3430=ORIENTED_EDGE('',*,*,#2375,.T.);
#3431=ORIENTED_EDGE('',*,*,#1862,.T.);
#3432=ORIENTED_EDGE('',*,*,#2379,.F.);
#3433=ORIENTED_EDGE('',*,*,#2368,.F.);
#3434=ORIENTED_EDGE('',*,*,#2380,.F.);
#3435=ORIENTED_EDGE('',*,*,#2381,.F.);
#3436=ORIENTED_EDGE('',*,*,#1860,.T.);
#3437=ORIENTED_EDGE('',*,*,#2382,.F.);
#3438=ORIENTED_EDGE('',*,*,#2282,.F.);
#3439=ORIENTED_EDGE('',*,*,#2383,.T.);
#3440=ORIENTED_EDGE('',*,*,#1859,.T.);
#3441=ORIENTED_EDGE('',*,*,#1872,.T.);
#3442=ORIENTED_EDGE('',*,*,#2363,.T.);
#3443=ORIENTED_EDGE('',*,*,#2276,.F.);
#3444=ORIENTED_EDGE('',*,*,#2278,.F.);
#3445=ORIENTED_EDGE('',*,*,#2382,.T.);
#3446=ORIENTED_EDGE('',*,*,#1853,.T.);
#3447=ORIENTED_EDGE('',*,*,#2384,.T.);
#3448=ORIENTED_EDGE('',*,*,#2385,.F.);
#3449=ORIENTED_EDGE('',*,*,#1897,.F.);
#3450=ORIENTED_EDGE('',*,*,#1852,.T.);
#3451=ORIENTED_EDGE('',*,*,#2386,.T.);
#3452=ORIENTED_EDGE('',*,*,#2387,.F.);
#3453=ORIENTED_EDGE('',*,*,#2384,.F.);
#3454=ORIENTED_EDGE('',*,*,#1851,.T.);
#3455=ORIENTED_EDGE('',*,*,#2388,.F.);
#3456=ORIENTED_EDGE('',*,*,#2389,.F.);
#3457=ORIENTED_EDGE('',*,*,#2390,.F.);
#3458=ORIENTED_EDGE('',*,*,#2386,.F.);
#3459=ORIENTED_EDGE('',*,*,#1847,.T.);
#3460=ORIENTED_EDGE('',*,*,#2391,.T.);
#3461=ORIENTED_EDGE('',*,*,#2392,.F.);
#3462=ORIENTED_EDGE('',*,*,#2393,.F.);
#3463=ORIENTED_EDGE('',*,*,#1846,.T.);
#3464=ORIENTED_EDGE('',*,*,#2394,.T.);
#3465=ORIENTED_EDGE('',*,*,#2395,.F.);
#3466=ORIENTED_EDGE('',*,*,#2391,.F.);
#3467=ORIENTED_EDGE('',*,*,#1845,.T.);
#3468=ORIENTED_EDGE('',*,*,#1882,.T.);
#3469=ORIENTED_EDGE('',*,*,#2396,.F.);
#3470=ORIENTED_EDGE('',*,*,#2394,.F.);
#3471=ORIENTED_EDGE('',*,*,#1867,.T.);
#3472=ORIENTED_EDGE('',*,*,#2397,.T.);
#3473=ORIENTED_EDGE('',*,*,#2398,.F.);
#3474=ORIENTED_EDGE('',*,*,#1875,.F.);
#3475=ORIENTED_EDGE('',*,*,#1865,.T.);
#3476=ORIENTED_EDGE('',*,*,#2399,.T.);
#3477=ORIENTED_EDGE('',*,*,#2400,.F.);
#3478=ORIENTED_EDGE('',*,*,#2401,.F.);
#3479=ORIENTED_EDGE('',*,*,#1864,.T.);
#3480=ORIENTED_EDGE('',*,*,#2402,.T.);
#3481=ORIENTED_EDGE('',*,*,#2403,.F.);
#3482=ORIENTED_EDGE('',*,*,#2399,.F.);
#3483=ORIENTED_EDGE('',*,*,#1856,.T.);
#3484=ORIENTED_EDGE('',*,*,#2404,.T.);
#3485=ORIENTED_EDGE('',*,*,#2405,.F.);
#3486=ORIENTED_EDGE('',*,*,#2404,.F.);
#3487=ORIENTED_EDGE('',*,*,#1855,.T.);
#3488=ORIENTED_EDGE('',*,*,#2406,.T.);
#3489=ORIENTED_EDGE('',*,*,#2407,.F.);
#3490=ORIENTED_EDGE('',*,*,#2406,.F.);
#3491=ORIENTED_EDGE('',*,*,#1866,.T.);
#3492=ORIENTED_EDGE('',*,*,#2401,.T.);
#3493=ORIENTED_EDGE('',*,*,#2408,.F.);
#3494=ORIENTED_EDGE('',*,*,#2397,.F.);
#3495=ORIENTED_EDGE('',*,*,#1848,.T.);
#3496=ORIENTED_EDGE('',*,*,#2393,.T.);
#3497=ORIENTED_EDGE('',*,*,#2409,.F.);
#3498=ORIENTED_EDGE('',*,*,#2410,.F.);
#3499=ORIENTED_EDGE('',*,*,#1863,.T.);
#3500=ORIENTED_EDGE('',*,*,#2381,.T.);
#3501=ORIENTED_EDGE('',*,*,#2353,.T.);
#3502=ORIENTED_EDGE('',*,*,#2402,.F.);
#3503=ORIENTED_EDGE('',*,*,#1861,.T.);
#3504=ORIENTED_EDGE('',*,*,#2383,.F.);
#3505=ORIENTED_EDGE('',*,*,#2281,.F.);
#3506=ORIENTED_EDGE('',*,*,#2285,.F.);
#3507=ORIENTED_EDGE('',*,*,#2366,.T.);
#3508=ORIENTED_EDGE('',*,*,#2379,.T.);
#3509=ORIENTED_EDGE('',*,*,#1850,.T.);
#3510=ORIENTED_EDGE('',*,*,#2411,.T.);
#3511=ORIENTED_EDGE('',*,*,#2412,.F.);
#3512=ORIENTED_EDGE('',*,*,#2388,.T.);
#3513=ORIENTED_EDGE('',*,*,#1849,.T.);
#3514=ORIENTED_EDGE('',*,*,#2410,.T.);
#3515=ORIENTED_EDGE('',*,*,#2413,.F.);
#3516=ORIENTED_EDGE('',*,*,#2414,.F.);
#3517=ORIENTED_EDGE('',*,*,#2161,.F.);
#3518=ORIENTED_EDGE('',*,*,#2411,.F.);
#3519=ORIENTED_EDGE('',*,*,#2409,.T.);
#3520=ORIENTED_EDGE('',*,*,#2392,.T.);
#3521=ORIENTED_EDGE('',*,*,#2395,.T.);
#3522=ORIENTED_EDGE('',*,*,#2396,.T.);
#3523=ORIENTED_EDGE('',*,*,#1881,.T.);
#3524=ORIENTED_EDGE('',*,*,#1880,.T.);
#3525=ORIENTED_EDGE('',*,*,#2168,.F.);
#3526=ORIENTED_EDGE('',*,*,#2154,.F.);
#3527=ORIENTED_EDGE('',*,*,#2147,.T.);
#3528=ORIENTED_EDGE('',*,*,#2414,.T.);
#3529=ORIENTED_EDGE('',*,*,#2413,.T.);
#3530=ORIENTED_EDGE('',*,*,#2380,.T.);
#3531=ORIENTED_EDGE('',*,*,#2367,.T.);
#3532=ORIENTED_EDGE('',*,*,#2362,.T.);
#3533=ORIENTED_EDGE('',*,*,#1870,.T.);
#3534=ORIENTED_EDGE('',*,*,#1876,.T.);
#3535=ORIENTED_EDGE('',*,*,#2398,.T.);
#3536=ORIENTED_EDGE('',*,*,#2408,.T.);
#3537=ORIENTED_EDGE('',*,*,#2400,.T.);
#3538=ORIENTED_EDGE('',*,*,#2403,.T.);
#3539=ORIENTED_EDGE('',*,*,#2356,.T.);
#3540=ORIENTED_EDGE('',*,*,#2357,.F.);
#3541=ORIENTED_EDGE('',*,*,#2261,.F.);
#3542=ORIENTED_EDGE('',*,*,#2272,.T.);
#3543=ORIENTED_EDGE('',*,*,#2359,.F.);
#3544=ORIENTED_EDGE('',*,*,#2361,.T.);
#3545=ORIENTED_EDGE('',*,*,#1877,.T.);
#3546=ORIENTED_EDGE('',*,*,#2390,.T.);
#3547=ORIENTED_EDGE('',*,*,#2415,.F.);
#3548=ORIENTED_EDGE('',*,*,#2416,.T.);
#3549=ORIENTED_EDGE('',*,*,#1894,.T.);
#3550=ORIENTED_EDGE('',*,*,#1898,.T.);
#3551=ORIENTED_EDGE('',*,*,#2385,.T.);
#3552=ORIENTED_EDGE('',*,*,#2387,.T.);
#3553=ORIENTED_EDGE('',*,*,#2407,.T.);
#3554=ORIENTED_EDGE('',*,*,#1896,.T.);
#3555=ORIENTED_EDGE('',*,*,#2417,.T.);
#3556=ORIENTED_EDGE('',*,*,#2418,.F.);
#3557=ORIENTED_EDGE('',*,*,#2255,.F.);
#3558=ORIENTED_EDGE('',*,*,#1886,.T.);
#3559=ORIENTED_EDGE('',*,*,#1888,.T.);
#3560=ORIENTED_EDGE('',*,*,#1890,.T.);
#3561=ORIENTED_EDGE('',*,*,#1892,.T.);
#3562=ORIENTED_EDGE('',*,*,#2405,.T.);
#3563=ORIENTED_EDGE('',*,*,#1895,.T.);
#3564=ORIENTED_EDGE('',*,*,#2416,.F.);
#3565=ORIENTED_EDGE('',*,*,#2415,.T.);
#3566=ORIENTED_EDGE('',*,*,#2389,.T.);
#3567=ORIENTED_EDGE('',*,*,#2412,.T.);
#3568=ORIENTED_EDGE('',*,*,#2160,.F.);
#3569=ORIENTED_EDGE('',*,*,#2138,.T.);
#3570=ORIENTED_EDGE('',*,*,#2250,.T.);
#3571=ORIENTED_EDGE('',*,*,#2252,.T.);
#3572=ORIENTED_EDGE('',*,*,#2253,.T.);
#3573=ORIENTED_EDGE('',*,*,#2256,.T.);
#3574=ORIENTED_EDGE('',*,*,#2418,.T.);
#3575=ORIENTED_EDGE('',*,*,#2417,.F.);
#3576=ORIENTED_EDGE('',*,*,#2180,.T.);
#3577=ORIENTED_EDGE('',*,*,#2419,.F.);
#3578=ORIENTED_EDGE('',*,*,#2376,.T.);
#3579=ORIENTED_EDGE('',*,*,#2378,.F.);
#3580=ORIENTED_EDGE('',*,*,#2205,.T.);
#3581=ORIENTED_EDGE('',*,*,#2179,.T.);
#3582=ORIENTED_EDGE('',*,*,#2377,.F.);
#3583=ORIENTED_EDGE('',*,*,#2419,.T.);
#3584=PLANE('',#3883);
#3585=PLANE('',#3889);
#3586=PLANE('',#3892);
#3587=PLANE('',#3895);
#3588=PLANE('',#3896);
#3589=PLANE('',#3897);
#3590=PLANE('',#3907);
#3591=PLANE('',#3911);
#3592=PLANE('',#3915);
#3593=PLANE('',#3919);
#3594=PLANE('',#3920);
#3595=PLANE('',#3923);
#3596=PLANE('',#3929);
#3597=PLANE('',#3931);
#3598=PLANE('',#3933);
#3599=PLANE('',#3948);
#3600=PLANE('',#3952);
#3601=PLANE('',#3953);
#3602=PLANE('',#3968);
#3603=PLANE('',#3979);
#3604=PLANE('',#3980);
#3605=PLANE('',#3981);
#3606=PLANE('',#3984);
#3607=PLANE('',#3985);
#3608=PLANE('',#3999);
#3609=PLANE('',#4004);
#3610=PLANE('',#4005);
#3611=PLANE('',#4006);
#3612=PLANE('',#4009);
#3613=PLANE('',#4011);
#3614=PLANE('',#4012);
#3615=PLANE('',#4015);
#3616=PLANE('',#4016);
#3617=PLANE('',#4027);
#3618=PLANE('',#4030);
#3619=PLANE('',#4043);
#3620=PLANE('',#4053);
#3621=PLANE('',#4062);
#3622=PLANE('',#4064);
#3623=PLANE('',#4085);
#3624=PLANE('',#4090);
#3625=PLANE('',#4102);
#3626=PLANE('',#4117);
#3627=PLANE('',#4128);
#3628=PLANE('',#4145);
#3629=PLANE('',#4150);
#3630=PLANE('',#4168);
#3631=PLANE('',#4173);
#3632=PLANE('',#4191);
#3633=PLANE('',#4196);
#3634=PLANE('',#4231);
#3635=PLANE('',#4239);
#3636=PLANE('',#4240);
#3637=PLANE('',#4244);
#3638=PLANE('',#4245);
#3639=PLANE('',#4250);
#3640=PLANE('',#4252);
#3641=PLANE('',#4253);
#3642=PLANE('',#4255);
#3643=PLANE('',#4256);
#3644=PLANE('',#4257);
#3645=PLANE('',#4258);
#3646=PLANE('',#4259);
#3647=PLANE('',#4260);
#3648=PLANE('',#4261);
#3649=ADVANCED_FACE('',(#208,#194,#195,#196),#3584,.F.);
#3650=ADVANCED_FACE('',(#209),#156,.F.);
#3651=ADVANCED_FACE('',(#210),#3585,.F.);
#3652=ADVANCED_FACE('',(#211),#157,.T.);
#3653=ADVANCED_FACE('',(#212),#158,.T.);
#3654=ADVANCED_FACE('',(#213),#3586,.T.);
#3655=ADVANCED_FACE('',(#214),#59,.F.);
#3656=ADVANCED_FACE('',(#215),#3587,.T.);
#3657=ADVANCED_FACE('',(#216),#159,.T.);
#3658=ADVANCED_FACE('',(#217),#160,.T.);
#3659=ADVANCED_FACE('',(#218),#3588,.F.);
#3660=ADVANCED_FACE('',(#219),#161,.T.);
#3661=ADVANCED_FACE('',(#220,#197),#3589,.T.);
#3662=ADVANCED_FACE('',(#221),#60,.T.);
#3663=ADVANCED_FACE('',(#222),#3590,.T.);
#3664=ADVANCED_FACE('',(#223),#61,.T.);
#3665=ADVANCED_FACE('',(#224),#3591,.T.);
#3666=ADVANCED_FACE('',(#225),#62,.T.);
#3667=ADVANCED_FACE('',(#226),#3592,.T.);
#3668=ADVANCED_FACE('',(#227),#63,.F.);
#3669=ADVANCED_FACE('',(#228),#3593,.F.);
#3670=ADVANCED_FACE('',(#229),#3594,.T.);
#3671=ADVANCED_FACE('',(#230),#64,.F.);
#3672=ADVANCED_FACE('',(#231,#198),#3595,.T.);
#3673=ADVANCED_FACE('',(#232),#3596,.T.);
#3674=ADVANCED_FACE('',(#233),#65,.T.);
#3675=ADVANCED_FACE('',(#234),#3597,.T.);
#3676=ADVANCED_FACE('',(#235),#66,.T.);
#3677=ADVANCED_FACE('',(#236),#3598,.T.);
#3678=ADVANCED_FACE('',(#237),#67,.T.);
#3679=ADVANCED_FACE('',(#238),#68,.T.);
#3680=ADVANCED_FACE('',(#239),#69,.T.);
#3681=ADVANCED_FACE('',(#240),#70,.T.);
#3682=ADVANCED_FACE('',(#241),#71,.T.);
#3683=ADVANCED_FACE('',(#242),#72,.F.);
#3684=ADVANCED_FACE('',(#243),#3599,.F.);
#3685=ADVANCED_FACE('',(#244),#162,.F.);
#3686=ADVANCED_FACE('',(#245),#73,.F.);
#3687=ADVANCED_FACE('',(#246),#3600,.F.);
#3688=ADVANCED_FACE('',(#247),#163,.F.);
#3689=ADVANCED_FACE('',(#248,#199,#200,#201),#3601,.T.);
#3690=ADVANCED_FACE('',(#249),#27,.F.);
#3691=ADVANCED_FACE('',(#250),#74,.F.);
#3692=ADVANCED_FACE('',(#251),#28,.F.);
#3693=ADVANCED_FACE('',(#252,#202),#3602,.F.);
#3694=ADVANCED_FACE('',(#253),#29,.F.);
#3695=ADVANCED_FACE('',(#254),#75,.F.);
#3696=ADVANCED_FACE('',(#255),#30,.F.);
#3697=ADVANCED_FACE('',(#256,#203),#3603,.F.);
#3698=ADVANCED_FACE('',(#257),#3604,.T.);
#3699=ADVANCED_FACE('',(#258),#3605,.T.);
#3700=ADVANCED_FACE('',(#259),#76,.T.);
#3701=ADVANCED_FACE('',(#260),#3606,.T.);
#3702=ADVANCED_FACE('',(#261),#3607,.F.);
#3703=ADVANCED_FACE('',(#262),#77,.T.);
#3704=ADVANCED_FACE('',(#263),#78,.T.);
#3705=ADVANCED_FACE('',(#264),#79,.F.);
#3706=ADVANCED_FACE('',(#265),#3608,.F.);
#3707=ADVANCED_FACE('',(#266),#80,.F.);
#3708=ADVANCED_FACE('',(#267),#81,.T.);
#3709=ADVANCED_FACE('',(#268),#3609,.T.);
#3710=ADVANCED_FACE('',(#269),#3610,.T.);
#3711=ADVANCED_FACE('',(#270,#204),#3611,.T.);
#3712=ADVANCED_FACE('',(#271),#3612,.F.);
#3713=ADVANCED_FACE('',(#272),#82,.T.);
#3714=ADVANCED_FACE('',(#273),#3613,.T.);
#3715=ADVANCED_FACE('',(#274,#205),#3614,.T.);
#3716=ADVANCED_FACE('',(#275),#83,.T.);
#3717=ADVANCED_FACE('',(#276),#3615,.T.);
#3718=ADVANCED_FACE('',(#277),#3616,.F.);
#3719=ADVANCED_FACE('',(#278),#84,.F.);
#3720=ADVANCED_FACE('',(#279),#3617,.F.);
#3721=ADVANCED_FACE('',(#280),#85,.F.);
#3722=ADVANCED_FACE('',(#281),#3618,.T.);
#3723=ADVANCED_FACE('',(#282),#86,.T.);
#3724=ADVANCED_FACE('',(#283),#87,.T.);
#3725=ADVANCED_FACE('',(#284),#3619,.T.);
#3726=ADVANCED_FACE('',(#285),#164,.F.);
#3727=ADVANCED_FACE('',(#286),#165,.F.);
#3728=ADVANCED_FACE('',(#287),#3620,.F.);
#3729=ADVANCED_FACE('',(#288),#166,.F.);
#3730=ADVANCED_FACE('',(#289),#167,.F.);
#3731=ADVANCED_FACE('',(#290),#168,.F.);
#3732=ADVANCED_FACE('',(#291),#88,.F.);
#3733=ADVANCED_FACE('',(#292),#15,.F.);
#3734=ADVANCED_FACE('',(#293),#169,.F.);
#3735=ADVANCED_FACE('',(#294),#16,.F.);
#3736=ADVANCED_FACE('',(#295),#3621,.F.);
#3737=ADVANCED_FACE('',(#296),#3622,.F.);
#3738=ADVANCED_FACE('',(#297),#17,.F.);
#3739=ADVANCED_FACE('',(#298),#170,.F.);
#3740=ADVANCED_FACE('',(#299),#18,.F.);
#3741=ADVANCED_FACE('',(#300),#89,.T.);
#3742=ADVANCED_FACE('',(#301),#171,.F.);
#3743=ADVANCED_FACE('',(#302),#172,.F.);
#3744=ADVANCED_FACE('',(#303),#173,.F.);
#3745=ADVANCED_FACE('',(#304),#19,.F.);
#3746=ADVANCED_FACE('',(#305),#31,.T.);
#3747=ADVANCED_FACE('',(#306),#90,.T.);
#3748=ADVANCED_FACE('',(#307),#32,.T.);
#3749=ADVANCED_FACE('',(#308),#20,.F.);
#3750=ADVANCED_FACE('',(#309),#91,.T.);
#3751=ADVANCED_FACE('',(#310),#92,.T.);
#3752=ADVANCED_FACE('',(#311),#3623,.T.);
#3753=ADVANCED_FACE('',(#312),#93,.T.);
#3754=ADVANCED_FACE('',(#313),#94,.T.);
#3755=ADVANCED_FACE('',(#314),#3624,.T.);
#3756=ADVANCED_FACE('',(#315),#21,.F.);
#3757=ADVANCED_FACE('',(#316),#33,.T.);
#3758=ADVANCED_FACE('',(#317),#95,.T.);
#3759=ADVANCED_FACE('',(#318),#34,.T.);
#3760=ADVANCED_FACE('',(#319),#22,.F.);
#3761=ADVANCED_FACE('',(#320),#96,.T.);
#3762=ADVANCED_FACE('',(#321),#3625,.T.);
#3763=ADVANCED_FACE('',(#322),#97,.T.);
#3764=ADVANCED_FACE('',(#323),#98,.T.);
#3765=ADVANCED_FACE('',(#324),#35,.T.);
#3766=ADVANCED_FACE('',(#325),#99,.T.);
#3767=ADVANCED_FACE('',(#326),#36,.T.);
#3768=ADVANCED_FACE('',(#327),#23,.F.);
#3769=ADVANCED_FACE('',(#328),#100,.T.);
#3770=ADVANCED_FACE('',(#329),#3626,.T.);
#3771=ADVANCED_FACE('',(#330),#101,.T.);
#3772=ADVANCED_FACE('',(#331),#37,.T.);
#3773=ADVANCED_FACE('',(#332),#102,.T.);
#3774=ADVANCED_FACE('',(#333),#38,.T.);
#3775=ADVANCED_FACE('',(#334),#174,.F.);
#3776=ADVANCED_FACE('',(#335),#175,.T.);
#3777=ADVANCED_FACE('',(#336),#176,.T.);
#3778=ADVANCED_FACE('',(#337),#177,.T.);
#3779=ADVANCED_FACE('',(#338),#3627,.T.);
#3780=ADVANCED_FACE('',(#339),#178,.T.);
#3781=ADVANCED_FACE('',(#340),#39,.F.);
#3782=ADVANCED_FACE('',(#341),#40,.F.);
#3783=ADVANCED_FACE('',(#342),#103,.F.);
#3784=ADVANCED_FACE('',(#343),#41,.F.);
#3785=ADVANCED_FACE('',(#344),#42,.F.);
#3786=ADVANCED_FACE('',(#345),#3628,.F.);
#3787=ADVANCED_FACE('',(#346),#104,.F.);
#3788=ADVANCED_FACE('',(#347),#105,.F.);
#3789=ADVANCED_FACE('',(#348),#3629,.F.);
#3790=ADVANCED_FACE('',(#349),#106,.F.);
#3791=ADVANCED_FACE('',(#350),#107,.F.);
#3792=ADVANCED_FACE('',(#351),#43,.F.);
#3793=ADVANCED_FACE('',(#352),#44,.F.);
#3794=ADVANCED_FACE('',(#353),#108,.F.);
#3795=ADVANCED_FACE('',(#354),#45,.F.);
#3796=ADVANCED_FACE('',(#355),#46,.F.);
#3797=ADVANCED_FACE('',(#356),#3630,.F.);
#3798=ADVANCED_FACE('',(#357),#109,.F.);
#3799=ADVANCED_FACE('',(#358),#110,.F.);
#3800=ADVANCED_FACE('',(#359),#3631,.F.);
#3801=ADVANCED_FACE('',(#360),#111,.F.);
#3802=ADVANCED_FACE('',(#361),#112,.F.);
#3803=ADVANCED_FACE('',(#362),#47,.F.);
#3804=ADVANCED_FACE('',(#363),#48,.F.);
#3805=ADVANCED_FACE('',(#364),#113,.F.);
#3806=ADVANCED_FACE('',(#365),#49,.F.);
#3807=ADVANCED_FACE('',(#366),#50,.F.);
#3808=ADVANCED_FACE('',(#367),#3632,.F.);
#3809=ADVANCED_FACE('',(#368),#114,.F.);
#3810=ADVANCED_FACE('',(#369),#115,.F.);
#3811=ADVANCED_FACE('',(#370),#3633,.F.);
#3812=ADVANCED_FACE('',(#371),#116,.F.);
#3813=ADVANCED_FACE('',(#372),#117,.F.);
#3814=ADVANCED_FACE('',(#373),#51,.F.);
#3815=ADVANCED_FACE('',(#374),#52,.F.);
#3816=ADVANCED_FACE('',(#375),#118,.F.);
#3817=ADVANCED_FACE('',(#376),#53,.F.);
#3818=ADVANCED_FACE('',(#377),#54,.F.);
#3819=ADVANCED_FACE('',(#378),#119,.T.);
#3820=ADVANCED_FACE('',(#379),#55,.T.);
#3821=ADVANCED_FACE('',(#380),#56,.T.);
#3822=ADVANCED_FACE('',(#381),#120,.T.);
#3823=ADVANCED_FACE('',(#382),#179,.F.);
#3824=ADVANCED_FACE('',(#383),#57,.T.);
#3825=ADVANCED_FACE('',(#384),#121,.T.);
#3826=ADVANCED_FACE('',(#385),#58,.T.);
#3827=ADVANCED_FACE('',(#386),#180,.F.);
#3828=ADVANCED_FACE('',(#387),#122,.T.);
#3829=ADVANCED_FACE('',(#388),#123,.T.);
#3830=ADVANCED_FACE('',(#389),#124,.T.);
#3831=ADVANCED_FACE('',(#390),#3634,.T.);
#3832=ADVANCED_FACE('',(#391),#125,.T.);
#3833=ADVANCED_FACE('',(#392),#24,.F.);
#3834=ADVANCED_FACE('',(#393),#25,.F.);
#3835=ADVANCED_FACE('',(#394),#126,.T.);
#3836=ADVANCED_FACE('',(#395),#181,.F.);
#3837=ADVANCED_FACE('',(#396),#127,.T.);
#3838=ADVANCED_FACE('',(#397),#26,.F.);
#3839=ADVANCED_FACE('',(#398),#182,.F.);
#3840=ADVANCED_FACE('',(#399),#3635,.F.);
#3841=ADVANCED_FACE('',(#400),#183,.F.);
#3842=ADVANCED_FACE('',(#401),#184,.T.);
#3843=ADVANCED_FACE('',(#402),#3636,.T.);
#3844=ADVANCED_FACE('',(#403),#128,.F.);
#3845=ADVANCED_FACE('',(#404),#185,.T.);
#3846=ADVANCED_FACE('',(#405),#186,.T.);
#3847=ADVANCED_FACE('',(#406),#187,.T.);
#3848=ADVANCED_FACE('',(#407),#3637,.T.);
#3849=ADVANCED_FACE('',(#408),#3638,.T.);
#3850=ADVANCED_FACE('',(#409),#188,.T.);
#3851=ADVANCED_FACE('',(#410),#129,.F.);
#3852=ADVANCED_FACE('',(#411),#130,.F.);
#3853=ADVANCED_FACE('',(#412),#3639,.F.);
#3854=ADVANCED_FACE('',(#413),#189,.T.);
#3855=ADVANCED_FACE('',(#414),#3640,.F.);
#3856=ADVANCED_FACE('',(#415),#190,.F.);
#3857=ADVANCED_FACE('',(#416),#3641,.T.);
#3858=ADVANCED_FACE('',(#417),#191,.T.);
#3859=ADVANCED_FACE('',(#418),#3642,.F.);
#3860=ADVANCED_FACE('',(#419),#3643,.T.);
#3861=ADVANCED_FACE('',(#420),#3644,.T.);
#3862=ADVANCED_FACE('',(#421),#3645,.F.);
#3863=ADVANCED_FACE('',(#422),#3646,.F.);
#3864=ADVANCED_FACE('',(#423,#206),#3647,.F.);
#3865=ADVANCED_FACE('',(#424,#207),#3648,.F.);
#3866=ADVANCED_FACE('',(#425),#192,.F.);
#3867=ADVANCED_FACE('',(#426),#193,.F.);
#3868=ADVANCED_FACE('',(#427),#131,.T.);
#3869=CLOSED_SHELL('',(#3649,#3650,#3651,#3652,#3653,#3654,#3655,#3656,
#3657,#3658,#3659,#3660,#3661,#3662,#3663,#3664,#3665,#3666,#3667,#3668,
#3669,#3670,#3671,#3672,#3673,#3674,#3675,#3676,#3677,#3678,#3679,#3680,
#3681,#3682,#3683,#3684,#3685,#3686,#3687,#3688,#3689,#3690,#3691,#3692,
#3693,#3694,#3695,#3696,#3697,#3698,#3699,#3700,#3701,#3702,#3703,#3704,
#3705,#3706,#3707,#3708,#3709,#3710,#3711,#3712,#3713,#3714,#3715,#3716,
#3717,#3718,#3719,#3720,#3721,#3722,#3723,#3724,#3725,#3726,#3727,#3728,
#3729,#3730,#3731,#3732,#3733,#3734,#3735,#3736,#3737,#3738,#3739,#3740,
#3741,#3742,#3743,#3744,#3745,#3746,#3747,#3748,#3749,#3750,#3751,#3752,
#3753,#3754,#3755,#3756,#3757,#3758,#3759,#3760,#3761,#3762,#3763,#3764,
#3765,#3766,#3767,#3768,#3769,#3770,#3771,#3772,#3773,#3774,#3775,#3776,
#3777,#3778,#3779,#3780,#3781,#3782,#3783,#3784,#3785,#3786,#3787,#3788,
#3789,#3790,#3791,#3792,#3793,#3794,#3795,#3796,#3797,#3798,#3799,#3800,
#3801,#3802,#3803,#3804,#3805,#3806,#3807,#3808,#3809,#3810,#3811,#3812,
#3813,#3814,#3815,#3816,#3817,#3818,#3819,#3820,#3821,#3822,#3823,#3824,
#3825,#3826,#3827,#3828,#3829,#3830,#3831,#3832,#3833,#3834,#3835,#3836,
#3837,#3838,#3839,#3840,#3841,#3842,#3843,#3844,#3845,#3846,#3847,#3848,
#3849,#3850,#3851,#3852,#3853,#3854,#3855,#3856,#3857,#3858,#3859,#3860,
#3861,#3862,#3863,#3864,#3865,#3866,#3867,#3868));
#3870=DERIVED_UNIT_ELEMENT(#3872,1.);
#3871=DERIVED_UNIT_ELEMENT(#9900,-3.);
#3872=(
MASS_UNIT()
NAMED_UNIT(*)
SI_UNIT(.KILO.,.GRAM.)
);
#3873=DERIVED_UNIT((#3870,#3871));
#3874=MEASURE_REPRESENTATION_ITEM('density measure',
POSITIVE_RATIO_MEASURE(7850.),#3873);
#3875=PROPERTY_DEFINITION_REPRESENTATION(#3880,#3877);
#3876=PROPERTY_DEFINITION_REPRESENTATION(#3881,#3878);
#3877=REPRESENTATION('material name',(#3879),#9897);
#3878=REPRESENTATION('density',(#3874),#9897);
#3879=DESCRIPTIVE_REPRESENTATION_ITEM('Steel','Steel');
#3880=PROPERTY_DEFINITION('material property','material name',#9907);
#3881=PROPERTY_DEFINITION('material property','density of part',#9907);
#3882=AXIS2_PLACEMENT_3D('',#5279,#4263,#4264);
#3883=AXIS2_PLACEMENT_3D('',#5280,#4265,#4266);
#3884=AXIS2_PLACEMENT_3D('',#5324,#4269,#4270);
#3885=AXIS2_PLACEMENT_3D('',#5370,#4273,#4274);
#3886=AXIS2_PLACEMENT_3D('',#5404,#4276,#4277);
#3887=AXIS2_PLACEMENT_3D('',#5406,#4278,#4279);
#3888=AXIS2_PLACEMENT_3D('',#5475,#4287,#4288);
#3889=AXIS2_PLACEMENT_3D('',#5477,#4290,#4291);
#3890=AXIS2_PLACEMENT_3D('',#5513,#4295,#4296);
#3891=AXIS2_PLACEMENT_3D('',#5540,#4298,#4299);
#3892=AXIS2_PLACEMENT_3D('',#5542,#4301,#4302);
#3893=AXIS2_PLACEMENT_3D('',#5546,#4305,#4306);
#3894=AXIS2_PLACEMENT_3D('',#5549,#4308,#4309);
#3895=AXIS2_PLACEMENT_3D('',#5550,#4310,#4311);
#3896=AXIS2_PLACEMENT_3D('',#5655,#4316,#4317);
#3897=AXIS2_PLACEMENT_3D('',#5744,#4322,#4323);
#3898=AXIS2_PLACEMENT_3D('',#5751,#4326,#4327);
#3899=AXIS2_PLACEMENT_3D('',#5755,#4329,#4330);
#3900=AXIS2_PLACEMENT_3D('',#5759,#4332,#4333);
#3901=AXIS2_PLACEMENT_3D('',#5763,#4335,#4336);
#3902=AXIS2_PLACEMENT_3D('',#5770,#4340,#4341);
#3903=AXIS2_PLACEMENT_3D('',#5772,#4342,#4343);
#3904=AXIS2_PLACEMENT_3D('',#5773,#4344,#4345);
#3905=AXIS2_PLACEMENT_3D('',#5776,#4346,#4347);
#3906=AXIS2_PLACEMENT_3D('',#5780,#4349,#4350);
#3907=AXIS2_PLACEMENT_3D('',#5782,#4352,#4353);
#3908=AXIS2_PLACEMENT_3D('',#5788,#4357,#4358);
#3909=AXIS2_PLACEMENT_3D('',#5790,#4359,#4360);
#3910=AXIS2_PLACEMENT_3D('',#5792,#4361,#4362);
#3911=AXIS2_PLACEMENT_3D('',#5794,#4364,#4365);
#3912=AXIS2_PLACEMENT_3D('',#5803,#4370,#4371);
#3913=AXIS2_PLACEMENT_3D('',#5805,#4372,#4373);
#3914=AXIS2_PLACEMENT_3D('',#5807,#4374,#4375);
#3915=AXIS2_PLACEMENT_3D('',#5809,#4377,#4378);
#3916=AXIS2_PLACEMENT_3D('',#5812,#4381,#4382);
#3917=AXIS2_PLACEMENT_3D('',#5814,#4383,#4384);
#3918=AXIS2_PLACEMENT_3D('',#5817,#4386,#4387);
#3919=AXIS2_PLACEMENT_3D('',#5818,#4388,#4389);
#3920=AXIS2_PLACEMENT_3D('',#5827,#4394,#4395);
#3921=AXIS2_PLACEMENT_3D('',#5833,#4399,#4400);
#3922=AXIS2_PLACEMENT_3D('',#5836,#4402,#4403);
#3923=AXIS2_PLACEMENT_3D('',#5837,#4404,#4405);
#3924=AXIS2_PLACEMENT_3D('',#5839,#4406,#4407);
#3925=AXIS2_PLACEMENT_3D('',#5845,#4410,#4411);
#3926=AXIS2_PLACEMENT_3D('',#5853,#4415,#4416);
#3927=AXIS2_PLACEMENT_3D('',#5857,#4418,#4419);
#3928=AXIS2_PLACEMENT_3D('',#5860,#4421,#4422);
#3929=AXIS2_PLACEMENT_3D('',#5861,#4423,#4424);
#3930=AXIS2_PLACEMENT_3D('',#5864,#4427,#4428);
#3931=AXIS2_PLACEMENT_3D('',#5866,#4430,#4431);
#3932=AXIS2_PLACEMENT_3D('',#5868,#4433,#4434);
#3933=AXIS2_PLACEMENT_3D('',#5870,#4436,#4437);
#3934=AXIS2_PLACEMENT_3D('',#5872,#4439,#4440);
#3935=AXIS2_PLACEMENT_3D('',#5873,#4441,#4442);
#3936=AXIS2_PLACEMENT_3D('',#5889,#4444,#4445);
#3937=AXIS2_PLACEMENT_3D('',#5891,#4447,#4448);
#3938=AXIS2_PLACEMENT_3D('',#5905,#4450,#4451);
#3939=AXIS2_PLACEMENT_3D('',#5907,#4453,#4454);
#3940=AXIS2_PLACEMENT_3D('',#5910,#4455,#4456);
#3941=AXIS2_PLACEMENT_3D('',#5914,#4458,#4459);
#3942=AXIS2_PLACEMENT_3D('',#5916,#4461,#4462);
#3943=AXIS2_PLACEMENT_3D('',#5919,#4463,#4464);
#3944=AXIS2_PLACEMENT_3D('',#5923,#4466,#4467);
#3945=AXIS2_PLACEMENT_3D('',#5925,#4469,#4470);
#3946=AXIS2_PLACEMENT_3D('',#5927,#4471,#4472);
#3947=AXIS2_PLACEMENT_3D('',#5930,#4474,#4475);
#3948=AXIS2_PLACEMENT_3D('',#5931,#4476,#4477);
#3949=AXIS2_PLACEMENT_3D('',#5958,#4481,#4482);
#3950=AXIS2_PLACEMENT_3D('',#5960,#4483,#4484);
#3951=AXIS2_PLACEMENT_3D('',#5963,#4486,#4487);
#3952=AXIS2_PLACEMENT_3D('',#5964,#4488,#4489);
#3953=AXIS2_PLACEMENT_3D('',#5991,#4493,#4494);
#3954=AXIS2_PLACEMENT_3D('',#5998,#4498,#4499);
#3955=AXIS2_PLACEMENT_3D('',#6002,#4501,#4502);
#3956=AXIS2_PLACEMENT_3D('',#6006,#4504,#4505);
#3957=AXIS2_PLACEMENT_3D('',#6009,#4507,#4508);
#3958=AXIS2_PLACEMENT_3D('',#6010,#4509,#4510);
#3959=AXIS2_PLACEMENT_3D('',#6019,#4511,#4512);
#3960=AXIS2_PLACEMENT_3D('',#6021,#4513,#4514);
#3961=AXIS2_PLACEMENT_3D('',#6022,#4515,#4516);
#3962=AXIS2_PLACEMENT_3D('',#6023,#4517,#4518);
#3963=AXIS2_PLACEMENT_3D('',#6027,#4520,#4521);
#3964=AXIS2_PLACEMENT_3D('',#6031,#4523,#4524);
#3965=AXIS2_PLACEMENT_3D('',#6033,#4526,#4527);
#3966=AXIS2_PLACEMENT_3D('',#6046,#4528,#4529);
#3967=AXIS2_PLACEMENT_3D('',#6047,#4530,#4531);
#3968=AXIS2_PLACEMENT_3D('',#6048,#4532,#4533);
#3969=AXIS2_PLACEMENT_3D('',#6050,#4535,#4536);
#3970=AXIS2_PLACEMENT_3D('',#6064,#4537,#4538);
#3971=AXIS2_PLACEMENT_3D('',#6066,#4539,#4540);
#3972=AXIS2_PLACEMENT_3D('',#6067,#4541,#4542);
#3973=AXIS2_PLACEMENT_3D('',#6068,#4543,#4544);
#3974=AXIS2_PLACEMENT_3D('',#6072,#4546,#4547);
#3975=AXIS2_PLACEMENT_3D('',#6076,#4549,#4550);
#3976=AXIS2_PLACEMENT_3D('',#6078,#4552,#4553);
#3977=AXIS2_PLACEMENT_3D('',#6086,#4554,#4555);
#3978=AXIS2_PLACEMENT_3D('',#6087,#4556,#4557);
#3979=AXIS2_PLACEMENT_3D('',#6088,#4558,#4559);
#3980=AXIS2_PLACEMENT_3D('',#6090,#4561,#4562);
#3981=AXIS2_PLACEMENT_3D('',#6096,#4566,#4567);
#3982=AXIS2_PLACEMENT_3D('',#6102,#4571,#4572);
#3983=AXIS2_PLACEMENT_3D('',#6107,#4575,#4576);
#3984=AXIS2_PLACEMENT_3D('',#6108,#4577,#4578);
#3985=AXIS2_PLACEMENT_3D('',#6111,#4581,#4582);
#3986=AXIS2_PLACEMENT_3D('',#6117,#4585,#4586);
#3987=AXIS2_PLACEMENT_3D('',#6121,#4588,#4589);
#3988=AXIS2_PLACEMENT_3D('',#6125,#4591,#4592);
#3989=AXIS2_PLACEMENT_3D('',#6129,#4594,#4595);
#3990=AXIS2_PLACEMENT_3D('',#6163,#4596,#4597);
#3991=AXIS2_PLACEMENT_3D('',#6167,#4599,#4600);
#3992=AXIS2_PLACEMENT_3D('',#6171,#4602,#4603);
#3993=AXIS2_PLACEMENT_3D('',#6174,#4605,#4606);
#3994=AXIS2_PLACEMENT_3D('',#6175,#4607,#4608);
#3995=AXIS2_PLACEMENT_3D('',#6177,#4609,#4610);
#3996=AXIS2_PLACEMENT_3D('',#6179,#4612,#4613);
#3997=AXIS2_PLACEMENT_3D('',#6181,#4615,#4616);
#3998=AXIS2_PLACEMENT_3D('',#6184,#4618,#4619);
#3999=AXIS2_PLACEMENT_3D('',#6185,#4620,#4621);
#4000=AXIS2_PLACEMENT_3D('',#6189,#4624,#4625);
#4001=AXIS2_PLACEMENT_3D('',#6192,#4627,#4628);
#4002=AXIS2_PLACEMENT_3D('',#6193,#4629,#4630);
#4003=AXIS2_PLACEMENT_3D('',#6196,#4632,#4633);
#4004=AXIS2_PLACEMENT_3D('',#6198,#4635,#4636);
#4005=AXIS2_PLACEMENT_3D('',#6199,#4637,#4638);
#4006=AXIS2_PLACEMENT_3D('',#6202,#4641,#4642);
#4007=AXIS2_PLACEMENT_3D('',#6207,#4645,#4646);
#4008=AXIS2_PLACEMENT_3D('',#6210,#4648,#4649);
#4009=AXIS2_PLACEMENT_3D('',#6211,#4650,#4651);
#4010=AXIS2_PLACEMENT_3D('',#6214,#4654,#4655);
#4011=AXIS2_PLACEMENT_3D('',#6215,#4656,#4657);
#4012=AXIS2_PLACEMENT_3D('',#6219,#4660,#4661);
#4013=AXIS2_PLACEMENT_3D('',#6220,#4662,#4663);
#4014=AXIS2_PLACEMENT_3D('',#6222,#4665,#4666);
#4015=AXIS2_PLACEMENT_3D('',#6223,#4667,#4668);
#4016=AXIS2_PLACEMENT_3D('',#6233,#4674,#4675);
#4017=AXIS2_PLACEMENT_3D('',#6237,#4677,#4678);
#4018=AXIS2_PLACEMENT_3D('',#6241,#4680,#4681);
#4019=AXIS2_PLACEMENT_3D('',#6245,#4683,#4684);
#4020=AXIS2_PLACEMENT_3D('',#6249,#4686,#4687);
#4021=AXIS2_PLACEMENT_3D('',#6267,#4688,#4689);
#4022=AXIS2_PLACEMENT_3D('',#6271,#4691,#4692);
#4023=AXIS2_PLACEMENT_3D('',#6275,#4694,#4695);
#4024=AXIS2_PLACEMENT_3D('',#6278,#4697,#4698);
#4025=AXIS2_PLACEMENT_3D('',#6279,#4699,#4700);
#4026=AXIS2_PLACEMENT_3D('',#6282,#4702,#4703);
#4027=AXIS2_PLACEMENT_3D('',#6283,#4704,#4705);
#4028=AXIS2_PLACEMENT_3D('',#6287,#4708,#4709);
#4029=AXIS2_PLACEMENT_3D('',#6288,#4710,#4711);
#4030=AXIS2_PLACEMENT_3D('',#6289,#4712,#4713);
#4031=AXIS2_PLACEMENT_3D('',#6293,#4715,#4716);
#4032=AXIS2_PLACEMENT_3D('',#6297,#4718,#4719);
#4033=AXIS2_PLACEMENT_3D('',#6301,#4721,#4722);
#4034=AXIS2_PLACEMENT_3D('',#6305,#4724,#4725);
#4035=AXIS2_PLACEMENT_3D('',#6309,#4727,#4728);
#4036=AXIS2_PLACEMENT_3D('',#6313,#4730,#4731);
#4037=AXIS2_PLACEMENT_3D('',#6317,#4733,#4734);
#4038=AXIS2_PLACEMENT_3D('',#6320,#4736,#4737);
#4039=AXIS2_PLACEMENT_3D('',#6321,#4738,#4739);
#4040=AXIS2_PLACEMENT_3D('',#6322,#4740,#4741);
#4041=AXIS2_PLACEMENT_3D('',#6323,#4742,#4743);
#4042=AXIS2_PLACEMENT_3D('',#6326,#4745,#4746);
#4043=AXIS2_PLACEMENT_3D('',#6327,#4747,#4748);
#4044=AXIS2_PLACEMENT_3D('',#6329,#4749,#4750);
#4045=AXIS2_PLACEMENT_3D('',#6333,#4752,#4753);
#4046=AXIS2_PLACEMENT_3D('',#6337,#4755,#4756);
#4047=AXIS2_PLACEMENT_3D('',#6341,#4758,#4759);
#4048=AXIS2_PLACEMENT_3D('',#6366,#4760,#4761);
#4049=AXIS2_PLACEMENT_3D('',#6370,#4763,#4764);
#4050=AXIS2_PLACEMENT_3D('',#6374,#4766,#4767);
#4051=AXIS2_PLACEMENT_3D('',#6377,#4769,#4770);
#4052=AXIS2_PLACEMENT_3D('',#6482,#4771,#4772);
#4053=AXIS2_PLACEMENT_3D('',#6597,#4773,#4774);
#4054=AXIS2_PLACEMENT_3D('',#6646,#4777,#4778);
#4055=AXIS2_PLACEMENT_3D('',#6758,#4780,#4781);
#4056=AXIS2_PLACEMENT_3D('',#6822,#4782,#4783);
#4057=AXIS2_PLACEMENT_3D('',#6832,#4785,#4786);
#4058=AXIS2_PLACEMENT_3D('',#6834,#4787,#4788);
#4059=AXIS2_PLACEMENT_3D('',#6837,#4790,#4791);
#4060=AXIS2_PLACEMENT_3D('',#6875,#4793,#4794);
#4061=AXIS2_PLACEMENT_3D('',#6877,#4795,#4796);
#4062=AXIS2_PLACEMENT_3D('',#6894,#4797,#4798);
#4063=AXIS2_PLACEMENT_3D('',#6898,#4800,#4801);
#4064=AXIS2_PLACEMENT_3D('',#6900,#4803,#4804);
#4065=AXIS2_PLACEMENT_3D('',#6917,#4805,#4806);
#4066=AXIS2_PLACEMENT_3D('',#6927,#4807,#4808);
#4067=AXIS2_PLACEMENT_3D('',#6974,#4809,#4810);
#4068=AXIS2_PLACEMENT_3D('',#7003,#4813,#4814);
#4069=AXIS2_PLACEMENT_3D('',#7004,#4815,#4816);
#4070=AXIS2_PLACEMENT_3D('',#7088,#4819,#4820);
#4071=AXIS2_PLACEMENT_3D('',#7105,#4822,#4823);
#4072=AXIS2_PLACEMENT_3D('',#7139,#4824,#4825);
#4073=AXIS2_PLACEMENT_3D('',#7140,#4826,#4827);
#4074=AXIS2_PLACEMENT_3D('',#7142,#4828,#4829);
#4075=AXIS2_PLACEMENT_3D('',#7143,#4830,#4831);
#4076=AXIS2_PLACEMENT_3D('',#7144,#4832,#4833);
#4077=AXIS2_PLACEMENT_3D('',#7146,#4834,#4835);
#4078=AXIS2_PLACEMENT_3D('',#7148,#4837,#4838);
#4079=AXIS2_PLACEMENT_3D('',#7149,#4839,#4840);
#4080=AXIS2_PLACEMENT_3D('',#7159,#4841,#4842);
#4081=AXIS2_PLACEMENT_3D('',#7160,#4843,#4844);
#4082=AXIS2_PLACEMENT_3D('',#7162,#4845,#4846);
#4083=AXIS2_PLACEMENT_3D('',#7164,#4848,#4849);
#4084=AXIS2_PLACEMENT_3D('',#7167,#4851,#4852);
#4085=AXIS2_PLACEMENT_3D('',#7168,#4853,#4854);
#4086=AXIS2_PLACEMENT_3D('',#7172,#4857,#4858);
#4087=AXIS2_PLACEMENT_3D('',#7173,#4859,#4860);
#4088=AXIS2_PLACEMENT_3D('',#7174,#4861,#4862);
#4089=AXIS2_PLACEMENT_3D('',#7177,#4864,#4865);
#4090=AXIS2_PLACEMENT_3D('',#7178,#4866,#4867);
#4091=AXIS2_PLACEMENT_3D('',#7189,#4869,#4870);
#4092=AXIS2_PLACEMENT_3D('',#7190,#4871,#4872);
#4093=AXIS2_PLACEMENT_3D('',#7192,#4873,#4874);
#4094=AXIS2_PLACEMENT_3D('',#7193,#4875,#4876);
#4095=AXIS2_PLACEMENT_3D('',#7194,#4877,#4878);
#4096=AXIS2_PLACEMENT_3D('',#7196,#4879,#4880);
#4097=AXIS2_PLACEMENT_3D('',#7198,#4882,#4883);
#4098=AXIS2_PLACEMENT_3D('',#7199,#4884,#4885);
#4099=AXIS2_PLACEMENT_3D('',#7209,#4886,#4887);
#4100=AXIS2_PLACEMENT_3D('',#7210,#4888,#4889);
#4101=AXIS2_PLACEMENT_3D('',#7213,#4891,#4892);
#4102=AXIS2_PLACEMENT_3D('',#7214,#4893,#4894);
#4103=AXIS2_PLACEMENT_3D('',#7218,#4897,#4898);
#4104=AXIS2_PLACEMENT_3D('',#7219,#4899,#4900);
#4105=AXIS2_PLACEMENT_3D('',#7220,#4901,#4902);
#4106=AXIS2_PLACEMENT_3D('',#7221,#4903,#4904);
#4107=AXIS2_PLACEMENT_3D('',#7223,#4906,#4907);
#4108=AXIS2_PLACEMENT_3D('',#7225,#4908,#4909);
#4109=AXIS2_PLACEMENT_3D('',#7226,#4910,#4911);
#4110=AXIS2_PLACEMENT_3D('',#7227,#4912,#4913);
#4111=AXIS2_PLACEMENT_3D('',#7229,#4914,#4915);
#4112=AXIS2_PLACEMENT_3D('',#7231,#4917,#4918);
#4113=AXIS2_PLACEMENT_3D('',#7232,#4919,#4920);
#4114=AXIS2_PLACEMENT_3D('',#7242,#4921,#4922);
#4115=AXIS2_PLACEMENT_3D('',#7243,#4923,#4924);
#4116=AXIS2_PLACEMENT_3D('',#7246,#4926,#4927);
#4117=AXIS2_PLACEMENT_3D('',#7247,#4928,#4929);
#4118=AXIS2_PLACEMENT_3D('',#7251,#4932,#4933);
#4119=AXIS2_PLACEMENT_3D('',#7252,#4934,#4935);
#4120=AXIS2_PLACEMENT_3D('',#7253,#4936,#4937);
#4121=AXIS2_PLACEMENT_3D('',#7255,#4938,#4939);
#4122=AXIS2_PLACEMENT_3D('',#7305,#4940,#4941);
#4123=AXIS2_PLACEMENT_3D('',#7307,#4942,#4943);
#4124=AXIS2_PLACEMENT_3D('',#7333,#4944,#4945);
#4125=AXIS2_PLACEMENT_3D('',#7462,#4949,#4950);
#4126=AXIS2_PLACEMENT_3D('',#8749,#4951,#4952);
#4127=AXIS2_PLACEMENT_3D('',#8912,#4953,#4954);
#4128=AXIS2_PLACEMENT_3D('',#8921,#4955,#4956);
#4129=AXIS2_PLACEMENT_3D('',#8932,#4958,#4959);
#4130=AXIS2_PLACEMENT_3D('',#9123,#4961,#4962);
#4131=AXIS2_PLACEMENT_3D('',#9125,#4963,#4964);
#4132=AXIS2_PLACEMENT_3D('',#9127,#4965,#4966);
#4133=AXIS2_PLACEMENT_3D('',#9128,#4967,#4968);
#4134=AXIS2_PLACEMENT_3D('',#9129,#4969,#4970);
#4135=AXIS2_PLACEMENT_3D('',#9131,#4971,#4972);
#4136=AXIS2_PLACEMENT_3D('',#9132,#4973,#4974);
#4137=AXIS2_PLACEMENT_3D('',#9133,#4975,#4976);
#4138=AXIS2_PLACEMENT_3D('',#9136,#4978,#4979);
#4139=AXIS2_PLACEMENT_3D('',#9137,#4980,#4981);
#4140=AXIS2_PLACEMENT_3D('',#9138,#4982,#4983);
#4141=AXIS2_PLACEMENT_3D('',#9139,#4984,#4985);
#4142=AXIS2_PLACEMENT_3D('',#9141,#4986,#4987);
#4143=AXIS2_PLACEMENT_3D('',#9143,#4988,#4989);
#4144=AXIS2_PLACEMENT_3D('',#9144,#4990,#4991);
#4145=AXIS2_PLACEMENT_3D('',#9145,#4992,#4993);
#4146=AXIS2_PLACEMENT_3D('',#9152,#4998,#4999);
#4147=AXIS2_PLACEMENT_3D('',#9153,#5000,#5001);
#4148=AXIS2_PLACEMENT_3D('',#9154,#5002,#5003);
#4149=AXIS2_PLACEMENT_3D('',#9157,#5005,#5006);
#4150=AXIS2_PLACEMENT_3D('',#9158,#5007,#5008);
#4151=AXIS2_PLACEMENT_3D('',#9162,#5011,#5012);
#4152=AXIS2_PLACEMENT_3D('',#9163,#5013,#5014);
#4153=AXIS2_PLACEMENT_3D('',#9164,#5015,#5016);
#4154=AXIS2_PLACEMENT_3D('',#9165,#5017,#5018);
#4155=AXIS2_PLACEMENT_3D('',#9166,#5019,#5020);
#4156=AXIS2_PLACEMENT_3D('',#9168,#5021,#5022);
#4157=AXIS2_PLACEMENT_3D('',#9169,#5023,#5024);
#4158=AXIS2_PLACEMENT_3D('',#9170,#5025,#5026);
#4159=AXIS2_PLACEMENT_3D('',#9172,#5027,#5028);
#4160=AXIS2_PLACEMENT_3D('',#9173,#5029,#5030);
#4161=AXIS2_PLACEMENT_3D('',#9174,#5031,#5032);
#4162=AXIS2_PLACEMENT_3D('',#9177,#5034,#5035);
#4163=AXIS2_PLACEMENT_3D('',#9178,#5036,#5037);
#4164=AXIS2_PLACEMENT_3D('',#9179,#5038,#5039);
#4165=AXIS2_PLACEMENT_3D('',#9180,#5040,#5041);
#4166=AXIS2_PLACEMENT_3D('',#9182,#5042,#5043);
#4167=AXIS2_PLACEMENT_3D('',#9183,#5044,#5045);
#4168=AXIS2_PLACEMENT_3D('',#9184,#5046,#5047);
#4169=AXIS2_PLACEMENT_3D('',#9191,#5052,#5053);
#4170=AXIS2_PLACEMENT_3D('',#9192,#5054,#5055);
#4171=AXIS2_PLACEMENT_3D('',#9193,#5056,#5057);
#4172=AXIS2_PLACEMENT_3D('',#9196,#5059,#5060);
#4173=AXIS2_PLACEMENT_3D('',#9197,#5061,#5062);
#4174=AXIS2_PLACEMENT_3D('',#9201,#5065,#5066);
#4175=AXIS2_PLACEMENT_3D('',#9202,#5067,#5068);
#4176=AXIS2_PLACEMENT_3D('',#9203,#5069,#5070);
#4177=AXIS2_PLACEMENT_3D('',#9204,#5071,#5072);
#4178=AXIS2_PLACEMENT_3D('',#9205,#5073,#5074);
#4179=AXIS2_PLACEMENT_3D('',#9207,#5075,#5076);
#4180=AXIS2_PLACEMENT_3D('',#9208,#5077,#5078);
#4181=AXIS2_PLACEMENT_3D('',#9209,#5079,#5080);
#4182=AXIS2_PLACEMENT_3D('',#9211,#5081,#5082);
#4183=AXIS2_PLACEMENT_3D('',#9212,#5083,#5084);
#4184=AXIS2_PLACEMENT_3D('',#9213,#5085,#5086);
#4185=AXIS2_PLACEMENT_3D('',#9216,#5088,#5089);
#4186=AXIS2_PLACEMENT_3D('',#9217,#5090,#5091);
#4187=AXIS2_PLACEMENT_3D('',#9218,#5092,#5093);
#4188=AXIS2_PLACEMENT_3D('',#9219,#5094,#5095);
#4189=AXIS2_PLACEMENT_3D('',#9221,#5096,#5097);
#4190=AXIS2_PLACEMENT_3D('',#9222,#5098,#5099);
#4191=AXIS2_PLACEMENT_3D('',#9223,#5100,#5101);
#4192=AXIS2_PLACEMENT_3D('',#9230,#5106,#5107);
#4193=AXIS2_PLACEMENT_3D('',#9231,#5108,#5109);
#4194=AXIS2_PLACEMENT_3D('',#9232,#5110,#5111);
#4195=AXIS2_PLACEMENT_3D('',#9235,#5113,#5114);
#4196=AXIS2_PLACEMENT_3D('',#9236,#5115,#5116);
#4197=AXIS2_PLACEMENT_3D('',#9240,#5119,#5120);
#4198=AXIS2_PLACEMENT_3D('',#9241,#5121,#5122);
#4199=AXIS2_PLACEMENT_3D('',#9242,#5123,#5124);
#4200=AXIS2_PLACEMENT_3D('',#9243,#5125,#5126);
#4201=AXIS2_PLACEMENT_3D('',#9244,#5127,#5128);
#4202=AXIS2_PLACEMENT_3D('',#9245,#5129,#5130);
#4203=AXIS2_PLACEMENT_3D('',#9246,#5131,#5132);
#4204=AXIS2_PLACEMENT_3D('',#9247,#5133,#5134);
#4205=AXIS2_PLACEMENT_3D('',#9248,#5135,#5136);
#4206=AXIS2_PLACEMENT_3D('',#9249,#5137,#5138);
#4207=AXIS2_PLACEMENT_3D('',#9250,#5139,#5140);
#4208=AXIS2_PLACEMENT_3D('',#9251,#5141,#5142);
#4209=AXIS2_PLACEMENT_3D('',#9252,#5143,#5144);
#4210=AXIS2_PLACEMENT_3D('',#9253,#5145,#5146);
#4211=AXIS2_PLACEMENT_3D('',#9257,#5148,#5149);
#4212=AXIS2_PLACEMENT_3D('',#9259,#5150,#5151);
#4213=AXIS2_PLACEMENT_3D('',#9261,#5153,#5154);
#4214=AXIS2_PLACEMENT_3D('',#9262,#5155,#5156);
#4215=AXIS2_PLACEMENT_3D('',#9263,#5157,#5158);
#4216=AXIS2_PLACEMENT_3D('',#9265,#5159,#5160);
#4217=AXIS2_PLACEMENT_3D('',#9266,#5161,#5162);
#4218=AXIS2_PLACEMENT_3D('',#9267,#5163,#5164);
#4219=AXIS2_PLACEMENT_3D('',#9268,#5165,#5166);
#4220=AXIS2_PLACEMENT_3D('',#9300,#5168,#5169);
#4221=AXIS2_PLACEMENT_3D('',#9301,#5170,#5171);
#4222=AXIS2_PLACEMENT_3D('',#9302,#5172,#5173);
#4223=AXIS2_PLACEMENT_3D('',#9303,#5174,#5175);
#4224=AXIS2_PLACEMENT_3D('',#9304,#5176,#5177);
#4225=AXIS2_PLACEMENT_3D('',#9305,#5178,#5179);
#4226=AXIS2_PLACEMENT_3D('',#9331,#5180,#5181);
#4227=AXIS2_PLACEMENT_3D('',#9339,#5182,#5183);
#4228=AXIS2_PLACEMENT_3D('',#9340,#5184,#5185);
#4229=AXIS2_PLACEMENT_3D('',#9341,#5186,#5187);
#4230=AXIS2_PLACEMENT_3D('',#9342,#5188,#5189);
#4231=AXIS2_PLACEMENT_3D('',#9343,#5190,#5191);
#4232=AXIS2_PLACEMENT_3D('',#9345,#5193,#5194);
#4233=AXIS2_PLACEMENT_3D('',#9346,#5195,#5196);
#4234=AXIS2_PLACEMENT_3D('',#9356,#5197,#5198);
#4235=AXIS2_PLACEMENT_3D('',#9366,#5199,#5200);
#4236=AXIS2_PLACEMENT_3D('',#9379,#5201,#5202);
#4237=AXIS2_PLACEMENT_3D('',#9400,#5203,#5204);
#4238=AXIS2_PLACEMENT_3D('',#9402,#5205,#5206);
#4239=AXIS2_PLACEMENT_3D('',#9480,#5209,#5210);
#4240=AXIS2_PLACEMENT_3D('',#9540,#5214,#5215);
#4241=AXIS2_PLACEMENT_3D('',#9544,#5218,#5219);
#4242=AXIS2_PLACEMENT_3D('',#9552,#5221,#5222);
#4243=AXIS2_PLACEMENT_3D('',#9593,#5226,#5227);
#4244=AXIS2_PLACEMENT_3D('',#9594,#5228,#5229);
#4245=AXIS2_PLACEMENT_3D('',#9598,#5232,#5233);
#4246=AXIS2_PLACEMENT_3D('',#9622,#5238,#5239);
#4247=AXIS2_PLACEMENT_3D('',#9625,#5241,#5242);
#4248=AXIS2_PLACEMENT_3D('',#9626,#5243,#5244);
#4249=AXIS2_PLACEMENT_3D('',#9629,#5246,#5247);
#4250=AXIS2_PLACEMENT_3D('',#9630,#5248,#5249);
#4251=AXIS2_PLACEMENT_3D('',#9643,#5251,#5252);
#4252=AXIS2_PLACEMENT_3D('',#9645,#5254,#5255);
#4253=AXIS2_PLACEMENT_3D('',#9654,#5256,#5257);
#4254=AXIS2_PLACEMENT_3D('',#9668,#5260,#5261);
#4255=AXIS2_PLACEMENT_3D('',#9676,#5262,#5263);
#4256=AXIS2_PLACEMENT_3D('',#9677,#5264,#5265);
#4257=AXIS2_PLACEMENT_3D('',#9678,#5266,#5267);
#4258=AXIS2_PLACEMENT_3D('',#9679,#5268,#5269);
#4259=AXIS2_PLACEMENT_3D('',#9680,#5270,#5271);
#4260=AXIS2_PLACEMENT_3D('',#9681,#5272,#5273);
#4261=AXIS2_PLACEMENT_3D('',#9751,#5274,#5275);
#4262=AXIS2_PLACEMENT_3D('',#9894,#5277,#5278);
#4263=DIRECTION('axis',(0.,0.,1.));
#4264=DIRECTION('refdir',(1.,0.,0.));
#4265=DIRECTION('center_axis',(2.92651553698231E-15,1.,-3.76149429332815E-15));
#4266=DIRECTION('ref_axis',(1.61054924849403E-59,-3.76149429332815E-15,
-1.));
#4267=DIRECTION('',(-1.,2.92651556410221E-15,7.2098739306721E-9));
#4268=DIRECTION('',(1.,-2.92651553698001E-15,6.1140038857554E-13));
#4269=DIRECTION('center_axis',(-2.92651553698231E-15,-1.,3.76149429332815E-15));
#4270=DIRECTION('ref_axis',(3.20474742762566E-29,-5.61228841178263E-11,
-1.));
#4271=DIRECTION('',(3.80024316776988E-8,-3.76149440454285E-15,-0.999999999999999));
#4272=DIRECTION('',(1.91285545573174E-8,3.76149423734814E-15,1.));
#4273=DIRECTION('center_axis',(-2.92651553698231E-15,-1.,3.76149429332815E-15));
#4274=DIRECTION('ref_axis',(3.20474742762566E-29,-5.61228841178263E-11,
-1.));
#4275=DIRECTION('',(1.,-2.92651553698483E-15,-6.70314103314008E-13));
#4276=DIRECTION('center_axis',(-2.92651553698231E-15,-1.,3.76149429332815E-15));
#4277=DIRECTION('ref_axis',(-1.15648231787713E-15,-5.61228841178263E-11,
-1.));
#4278=DIRECTION('center_axis',(-2.92651553698231E-15,-1.,3.76149429332815E-15));
#4279=DIRECTION('ref_axis',(-1.15648231787646E-15,-5.61228841178263E-11,
-1.));
#4280=DIRECTION('',(-1.91285545573174E-8,-3.76149423734814E-15,-1.));
#4281=DIRECTION('',(-0.999999999999996,-2.77556130187645E-17,-8.42248049914687E-8));
#4282=DIRECTION('',(-3.80024316776988E-8,3.76149440454285E-15,0.999999999999999));
#4283=DIRECTION('',(1.,-2.92651553698231E-15,-7.77156115447318E-16));
#4284=DIRECTION('',(0.99999999999998,-2.92651629751538E-15,-2.02189095096135E-7));
#4285=DIRECTION('',(1.,-2.92651553698231E-15,-7.77156115447318E-16));
#4286=DIRECTION('',(-5.60519385729927E-45,1.,-2.14608146744135E-93));
#4287=DIRECTION('center_axis',(2.78255874026553E-8,0.999999999999988,1.53923717289889E-7));
#4288=DIRECTION('ref_axis',(0.267279220037916,-1.55761039107259E-7,0.963619125243942));
#4289=DIRECTION('',(3.99075724873326E-9,1.,4.14335740347799E-9));
#4290=DIRECTION('center_axis',(-1.,3.05311339204855E-15,1.91285545573174E-8));
#4291=DIRECTION('ref_axis',(3.05311339204855E-15,1.,-1.51996570270085E-74));
#4292=DIRECTION('',(-2.88657986402541E-14,1.,-5.61228841178263E-11));
#4293=DIRECTION('',(1.91285545573174E-8,4.44089191745981E-16,1.));
#4294=DIRECTION('',(-2.88657986402541E-14,1.,-5.61228841178263E-11));
#4295=DIRECTION('center_axis',(6.88221928110318E-8,-0.999999999999998,5.08425486135538E-9));
#4296=DIRECTION('ref_axis',(0.41612391751686,2.40154072945553E-8,-0.909307915543696));
#4297=DIRECTION('',(3.05311331771918E-15,1.,-3.88578058618805E-15));
#4298=DIRECTION('center_axis',(3.08069639762088E-9,1.,4.91579234227466E-9));
#4299=DIRECTION('ref_axis',(0.906214033390832,-7.13278633139013E-10,-0.422819258886726));
#4300=DIRECTION('',(3.05311331771918E-15,1.,-3.88578058618805E-15));
#4301=DIRECTION('center_axis',(0.999999999999999,-3.05311317005006E-15,
3.80024316776988E-8));
#4302=DIRECTION('ref_axis',(5.60519385729925E-45,-0.999999999999997,-8.03399423474717E-8));
#4303=DIRECTION('',(2.88657986402541E-14,-1.,5.61228841178263E-11));
#4304=DIRECTION('',(3.80024316776988E-8,-4.44089190160277E-16,-0.999999999999999));
#4305=DIRECTION('center_axis',(-2.88657986402541E-14,1.,-5.61228841178263E-11));
#4306=DIRECTION('ref_axis',(3.20474742762566E-29,-5.61228841178263E-11,
-1.));
#4307=DIRECTION('',(-2.88657986402541E-14,1.,-5.61228841178263E-11));
#4308=DIRECTION('center_axis',(2.89731861408095E-14,-1.,5.61223831031709E-11));
#4309=DIRECTION('ref_axis',(1.76507074820248E-29,-5.61223831031709E-11,
-1.));
#4310=DIRECTION('center_axis',(-6.11400388575376E-13,5.61228841178263E-11,
1.));
#4311=DIRECTION('ref_axis',(5.60519385729927E-45,-1.,5.61228841178263E-11));
#4312=DIRECTION('',(-2.88657986402541E-14,1.,-5.61228841178263E-11));
#4313=DIRECTION('',(1.,-7.92597843219362E-14,6.11400388579824E-13));
#4314=DIRECTION('',(5.70323364256525E-6,0.999999999983599,5.25193230237014E-7));
#4315=DIRECTION('',(1.05840086694897E-9,1.,-6.66133814775094E-15));
#4316=DIRECTION('center_axis',(7.2098739306721E-9,4.04127410681054E-53,
1.));
#4317=DIRECTION('ref_axis',(5.60519385729927E-45,-1.,2.14608146744135E-93));
#4318=DIRECTION('',(1.0584380594203E-9,-1.,8.88178419700125E-15));
#4319=DIRECTION('',(-1.,-2.89727815055027E-14,7.20987393067209E-9));
#4320=DIRECTION('',(-1.,-2.89727815055027E-14,7.20987393067209E-9));
#4321=DIRECTION('',(-4.10655783862773E-6,0.999999999991524,2.97374551130158E-7));
#4322=DIRECTION('center_axis',(0.,0.,-1.));
#4323=DIRECTION('ref_axis',(-1.,0.,0.));
#4324=DIRECTION('',(1.,-1.92477034310912E-9,0.));
#4325=DIRECTION('',(-0.555609712462774,-0.831443231626209,0.));
#4326=DIRECTION('center_axis',(0.,0.,1.));
#4327=DIRECTION('ref_axis',(0.471375798878786,-0.88193245559475,0.));
#4328=DIRECTION('',(-1.,0.,0.));
#4329=DIRECTION('center_axis',(-8.92494232791579E-30,2.13011521468383E-44,
-1.));
#4330=DIRECTION('ref_axis',(-1.,-1.90111554428691E-73,8.92494232791579E-30));
#4331=DIRECTION('',(-0.707106781186547,0.707106781186547,0.));
#4332=DIRECTION('center_axis',(-8.92494232791579E-30,2.13011521468383E-44,
-1.));
#4333=DIRECTION('ref_axis',(-1.,-1.90111554428691E-73,8.92494232791579E-30));
#4334=DIRECTION('',(0.,1.,0.));
#4335=DIRECTION('center_axis',(-8.92494232791579E-30,2.13011521468383E-44,
-1.));
#4336=DIRECTION('ref_axis',(-1.,-1.90111554428691E-73,8.92494232791579E-30));
#4337=DIRECTION('',(0.707106781186546,0.707106781186549,0.));
#4338=DIRECTION('',(0.528542476848021,0.848906856002094,0.));
#4339=DIRECTION('',(7.96008623759267E-15,-1.,0.));
#4340=DIRECTION('center_axis',(0.,0.,1.));
#4341=DIRECTION('ref_axis',(7.18256449325374E-7,-0.999999999999742,0.));
#4342=DIRECTION('center_axis',(0.,0.,-1.));
#4343=DIRECTION('ref_axis',(-1.,0.,0.));
#4344=DIRECTION('center_axis',(5.24347751725527E-95,7.49068216750752E-96,
-1.));
#4345=DIRECTION('ref_axis',(1.,-1.0639637319325E-13,5.24347751725519E-95));
#4346=DIRECTION('center_axis',(-8.92494232791579E-30,2.13011521468383E-44,
-1.));
#4347=DIRECTION('ref_axis',(-1.,-1.90111554428691E-73,8.92494232791579E-30));
#4348=DIRECTION('',(5.24347751725527E-95,7.49068216750752E-96,-1.));
#4349=DIRECTION('center_axis',(0.,0.,1.));
#4350=DIRECTION('ref_axis',(1.,0.,0.));
#4351=DIRECTION('',(5.24347751725527E-95,7.49068216750752E-96,-1.));
#4352=DIRECTION('center_axis',(0.707106781186514,-0.707106781186581,3.17802729381443E-95));
#4353=DIRECTION('ref_axis',(-3.32653112500637E-111,-4.49440930050402E-95,
-1.));
#4354=DIRECTION('',(-0.707106781186612,-0.707106781186483,0.));
#4355=DIRECTION('',(0.707106781186604,0.707106781186491,0.));
#4356=DIRECTION('',(5.24347751725527E-95,7.49068216750752E-96,-1.));
#4357=DIRECTION('center_axis',(5.24347751725527E-95,7.49068216750754E-96,
-1.));
#4358=DIRECTION('ref_axis',(0.707106781186516,-0.707106781186579,3.17802729381444E-95));
#4359=DIRECTION('center_axis',(-8.92494232791579E-30,2.13011521468383E-44,
-1.));
#4360=DIRECTION('ref_axis',(-1.,-1.90111554428691E-73,8.92494232791579E-30));
#4361=DIRECTION('center_axis',(0.,0.,1.));
#4362=DIRECTION('ref_axis',(1.,0.,0.));
#4363=DIRECTION('',(-5.24347751725527E-95,-7.49068216750752E-96,1.));
#4364=DIRECTION('center_axis',(0.707106781186487,0.707106781186608,4.2373697250859E-95));
#4365=DIRECTION('ref_axis',(5.99254573400614E-95,0.,-1.));
#4366=DIRECTION('',(0.707106781186642,-0.707106781186453,0.));
#4367=DIRECTION('',(5.24347751725527E-95,7.49068216750752E-96,-1.));
#4368=DIRECTION('',(-0.707106781186648,0.707106781186447,0.));
#4369=DIRECTION('',(5.24347751725527E-95,7.49068216750752E-96,-1.));
#4370=DIRECTION('center_axis',(5.24347751725527E-95,7.4906821675075E-96,
-1.));
#4371=DIRECTION('ref_axis',(0.707106781186486,0.707106781186609,4.2373697250859E-95));
#4372=DIRECTION('center_axis',(-8.92494232791579E-30,2.13011521468383E-44,
-1.));
#4373=DIRECTION('ref_axis',(-1.,-1.90111554428691E-73,8.92494232791579E-30));
#4374=DIRECTION('center_axis',(0.,0.,1.));
#4375=DIRECTION('ref_axis',(1.,0.,0.));
#4376=DIRECTION('',(5.24347751725527E-95,7.49068216750752E-96,-1.));
#4377=DIRECTION('center_axis',(1.,-1.61729643005346E-13,5.24347751725515E-95));
#4378=DIRECTION('ref_axis',(-1.61729643005346E-13,-1.,0.));
#4379=DIRECTION('',(-1.69784537334713E-13,-1.,0.));
#4380=DIRECTION('',(1.30299761210376E-13,1.,0.));
#4381=DIRECTION('center_axis',(0.,0.,1.));
#4382=DIRECTION('ref_axis',(1.,0.,0.));
#4383=DIRECTION('center_axis',(0.,0.,-1.));
#4384=DIRECTION('ref_axis',(-1.,0.,0.));
#4385=DIRECTION('',(0.,0.,1.));
#4386=DIRECTION('center_axis',(0.,0.,1.));
#4387=DIRECTION('ref_axis',(-1.,0.,0.));
#4388=DIRECTION('center_axis',(0.831443230943684,0.55560971348414,0.));
#4389=DIRECTION('ref_axis',(0.55560971348414,-0.831443230943684,0.));
#4390=DIRECTION('',(-5.00562830749838E-96,7.49068216750753E-96,-1.));
#4391=DIRECTION('',(0.55560971348414,-0.831443230943684,0.));
#4392=DIRECTION('',(5.00562838137952E-96,-7.49068227806711E-96,1.));
#4393=DIRECTION('',(-0.55560971348414,0.831443230943684,0.));
#4394=DIRECTION('center_axis',(-1.10587254104535E-16,-1.,-7.49068216750753E-96));
#4395=DIRECTION('ref_axis',(-1.,1.10587254104535E-16,0.));
#4396=DIRECTION('',(5.00562829418755E-96,7.49068216750753E-96,-1.));
#4397=DIRECTION('',(1.,-3.45585169076671E-16,0.));
#4398=DIRECTION('',(5.24347751725527E-95,7.49068216750752E-96,-1.));
#4399=DIRECTION('center_axis',(0.,0.,1.));
#4400=DIRECTION('ref_axis',(1.,0.,0.));
#4401=DIRECTION('',(0.,0.,1.));
#4402=DIRECTION('center_axis',(0.,0.,1.));
#4403=DIRECTION('ref_axis',(1.,0.,0.));
#4404=DIRECTION('center_axis',(0.,0.,1.));
#4405=DIRECTION('ref_axis',(1.,0.,0.));
#4406=DIRECTION('center_axis',(0.,0.,-1.));
#4407=DIRECTION('ref_axis',(0.471375798878786,-0.88193245559475,0.));
#4408=DIRECTION('',(0.555609712462774,0.831443231626209,0.));
#4409=DIRECTION('',(1.,-1.92477034310912E-9,0.));
#4410=DIRECTION('center_axis',(0.,0.,1.));
#4411=DIRECTION('ref_axis',(7.18256449325374E-7,-0.999999999999742,-7.49064450589014E-96));
#4412=DIRECTION('',(7.96008623759267E-15,-1.,0.));
#4413=DIRECTION('',(-0.528542476848021,-0.848906856002094,0.));
#4414=DIRECTION('',(-0.707106781186523,-0.707106781186572,0.));
#4415=DIRECTION('center_axis',(0.,0.,1.));
#4416=DIRECTION('ref_axis',(1.,0.,0.));
#4417=DIRECTION('',(-9.87119403108744E-15,-1.,0.));
#4418=DIRECTION('center_axis',(0.,0.,1.));
#4419=DIRECTION('ref_axis',(1.,0.,0.));
#4420=DIRECTION('',(0.707106781186539,-0.707106781186556,0.));
#4421=DIRECTION('center_axis',(0.,0.,1.));
#4422=DIRECTION('ref_axis',(1.,0.,0.));
#4423=DIRECTION('center_axis',(-0.707106781186548,0.707106781186548,-3.17802729381463E-95));
#4424=DIRECTION('ref_axis',(-4.49440930050451E-95,0.,1.));
#4425=DIRECTION('',(5.24347751725527E-95,7.49068216750752E-96,-1.));
#4426=DIRECTION('',(5.24347751725527E-95,7.49068216750752E-96,-1.));
#4427=DIRECTION('center_axis',(5.24347751725527E-95,7.49068216750752E-96,
-1.));
#4428=DIRECTION('ref_axis',(-1.,-4.62592926927148E-15,-5.24347751725527E-95));
#4429=DIRECTION('',(5.24347751725527E-95,7.49068216750752E-96,-1.));
#4430=DIRECTION('center_axis',(-1.,-2.52702567195836E-15,-5.24347751725527E-95));
#4431=DIRECTION('ref_axis',(-2.52702567195836E-15,1.,0.));
#4432=DIRECTION('',(5.24347751725527E-95,7.49068216750752E-96,-1.));
#4433=DIRECTION('center_axis',(5.24347751725527E-95,7.49068216750754E-96,
-1.));
#4434=DIRECTION('ref_axis',(-0.707106781186545,-0.70710678118655,-4.23736972508617E-95));
#4435=DIRECTION('',(5.24347751725527E-95,7.49068216750752E-96,-1.));
#4436=DIRECTION('center_axis',(-0.707106781186546,-0.707106781186549,-4.23736972508617E-95));
#4437=DIRECTION('ref_axis',(-0.707106781186549,0.707106781186546,3.32653112500637E-111));
#4438=DIRECTION('',(5.24347751725527E-95,7.49068216750752E-96,-1.));
#4439=DIRECTION('center_axis',(5.24347751725527E-95,7.49068216750752E-96,
-1.));
#4440=DIRECTION('ref_axis',(2.31296463463574E-15,-1.,-7.4906821675074E-96));
#4441=DIRECTION('center_axis',(0.,0.,1.));
#4442=DIRECTION('ref_axis',(1.,0.,0.));
#4443=DIRECTION('',(2.02363976770629E-109,7.49068216750894E-96,-1.));
#4444=DIRECTION('center_axis',(0.,0.,1.));
#4445=DIRECTION('ref_axis',(1.,0.,0.));
#4446=DIRECTION('',(0.,0.,1.));
#4447=DIRECTION('center_axis',(0.,0.,1.));
#4448=DIRECTION('ref_axis',(1.,0.,0.));
#4449=DIRECTION('',(0.,0.,1.));
#4450=DIRECTION('center_axis',(0.,0.,1.));
#4451=DIRECTION('ref_axis',(1.,0.,0.));
#4452=DIRECTION('',(-2.02363976770629E-109,-7.49068216750894E-96,1.));
#4453=DIRECTION('center_axis',(0.,0.,1.));
#4454=DIRECTION('ref_axis',(1.,0.,0.));
#4455=DIRECTION('center_axis',(7.77158274878905E-95,-2.99627286700301E-95,
-1.));
#4456=DIRECTION('ref_axis',(1.,-3.46944695195362E-15,7.77158274878906E-95));
#4457=DIRECTION('',(0.,0.,-1.));
#4458=DIRECTION('center_axis',(0.,0.,1.));
#4459=DIRECTION('ref_axis',(1.,0.,0.));
#4460=DIRECTION('',(-1.44178430799321E-104,-7.49068226843242E-96,1.));
#4461=DIRECTION('center_axis',(0.,0.,1.));
#4462=DIRECTION('ref_axis',(1.,0.,0.));
#4463=DIRECTION('center_axis',(7.77158274878905E-95,-2.99627286700301E-95,
-1.));
#4464=DIRECTION('ref_axis',(1.,-3.46944695195361E-15,7.77158274878906E-95));
#4465=DIRECTION('',(1.44178430799321E-104,7.49068226843242E-96,-1.));
#4466=DIRECTION('center_axis',(0.,0.,1.));
#4467=DIRECTION('ref_axis',(1.,0.,0.));
#4468=DIRECTION('',(0.,0.,1.));
#4469=DIRECTION('center_axis',(0.,0.,1.));
#4470=DIRECTION('ref_axis',(1.,0.,0.));
#4471=DIRECTION('center_axis',(-7.77158274878905E-95,2.99627286700301E-95,
1.));
#4472=DIRECTION('ref_axis',(1.,2.32857825238653E-189,7.77158274878905E-95));
#4473=DIRECTION('',(0.,0.,1.));
#4474=DIRECTION('center_axis',(0.,0.,1.));
#4475=DIRECTION('ref_axis',(1.,0.,0.));
#4476=DIRECTION('center_axis',(-0.707106781186547,-0.707106781186548,0.));
#4477=DIRECTION('ref_axis',(0.707106781186548,-0.707106781186547,0.));
#4478=DIRECTION('',(0.707106781186548,-0.707106781186547,0.));
#4479=DIRECTION('',(0.,0.,1.));
#4480=DIRECTION('',(0.707106781186548,-0.707106781186547,7.61402372476421E-95));
#4481=DIRECTION('center_axis',(0.,0.,1.));
#4482=DIRECTION('ref_axis',(1.,0.,0.));
#4483=DIRECTION('center_axis',(-7.77158274878905E-95,2.99627286700301E-95,
1.));
#4484=DIRECTION('ref_axis',(1.,2.32857825238653E-189,7.77158274878905E-95));
#4485=DIRECTION('',(0.,0.,1.));
#4486=DIRECTION('center_axis',(0.,0.,1.));
#4487=DIRECTION('ref_axis',(-1.,0.,0.));
#4488=DIRECTION('center_axis',(0.707106781186547,-0.707106781186548,0.));
#4489=DIRECTION('ref_axis',(0.707106781186548,0.707106781186547,0.));
#4490=DIRECTION('',(0.,0.,1.));
#4491=DIRECTION('',(0.707106781186548,0.707106781186547,0.));
#4492=DIRECTION('',(0.707106781186548,0.707106781186547,3.37665399967804E-95));
#4493=DIRECTION('center_axis',(0.,0.,1.));
#4494=DIRECTION('ref_axis',(1.,0.,0.));
#4495=DIRECTION('',(1.,-3.42181318002677E-9,0.));
#4496=DIRECTION('',(-1.,3.47539080032302E-10,0.));
#4497=DIRECTION('',(1.,9.83010123617724E-15,0.));
#4498=DIRECTION('center_axis',(0.,0.,1.));
#4499=DIRECTION('ref_axis',(1.,0.,0.));
#4500=DIRECTION('',(1.70199239361384E-14,-1.,0.));
#4501=DIRECTION('center_axis',(0.,0.,1.));
#4502=DIRECTION('ref_axis',(1.,0.,0.));
#4503=DIRECTION('',(-1.,2.31296463462853E-15,0.));
#4504=DIRECTION('center_axis',(0.,0.,1.));
#4505=DIRECTION('ref_axis',(1.,0.,0.));
#4506=DIRECTION('',(-1.20776070592025E-13,1.,0.));
#4507=DIRECTION('center_axis',(0.,0.,1.));
#4508=DIRECTION('ref_axis',(1.,0.,0.));
#4509=DIRECTION('center_axis',(5.38392505231504E-95,-5.38392887028758E-95,
-1.));
#4510=DIRECTION('ref_axis',(0.707107031906311,0.707106530466695,0.));
#4511=DIRECTION('center_axis',(7.77158274878905E-95,-2.996272867003E-95,
-1.));
#4512=DIRECTION('ref_axis',(0.707107031906319,0.707106530466687,3.37665669939261E-95));
#4513=DIRECTION('center_axis',(-7.09142675248132E-7,-0.999999999999749,
0.));
#4514=DIRECTION('ref_axis',(0.,0.,1.));
#4515=DIRECTION('center_axis',(-7.77158274878905E-95,2.996272867003E-95,
1.));
#4516=DIRECTION('ref_axis',(0.707107031906319,0.707106530466687,3.37665669939261E-95));
#4517=DIRECTION('center_axis',(-1.25685659587325E-15,-1.,-7.57306469012171E-31));
#4518=DIRECTION('ref_axis',(-0.707106781186547,8.88731821921015E-16,0.707106781186548));
#4519=DIRECTION('',(-1.25685659587325E-15,-1.,2.996272867003E-95));
#4520=DIRECTION('center_axis',(0.,0.,-1.));
#4521=DIRECTION('ref_axis',(1.,0.,0.));
#4522=DIRECTION('',(-1.25685659587325E-15,-1.,2.996272867003E-95));
#4523=DIRECTION('center_axis',(0.,-1.,0.));
#4524=DIRECTION('ref_axis',(0.,0.,1.));
#4525=DIRECTION('',(1.25685659587325E-15,1.,-2.996272867003E-95));
#4526=DIRECTION('center_axis',(0.,-2.99627286700301E-95,-1.));
#4527=DIRECTION('ref_axis',(-1.,0.,0.));
#4528=DIRECTION('center_axis',(-7.77158274878905E-95,2.99627286700301E-95,
1.));
#4529=DIRECTION('ref_axis',(0.707106689626594,-0.70710687274649,7.61402328753703E-95));
#4530=DIRECTION('center_axis',(7.77158274878905E-95,-2.99627286700301E-95,
-1.));
#4531=DIRECTION('ref_axis',(0.707106689626593,-0.70710687274649,7.61402328753703E-95));
#4532=DIRECTION('center_axis',(-7.77158274878905E-95,2.99627286700301E-95,
1.));
#4533=DIRECTION('ref_axis',(1.,0.,7.77158274878905E-95));
#4534=DIRECTION('',(1.,7.68799908550312E-144,7.77158274878905E-95));
#4535=DIRECTION('center_axis',(0.,-2.99627286700301E-95,-1.));
#4536=DIRECTION('ref_axis',(-1.,0.,0.));
#4537=DIRECTION('center_axis',(7.77158274878905E-95,-2.99627286700301E-95,
-1.));
#4538=DIRECTION('ref_axis',(-0.707106279119605,-0.707107283253134,-3.37664859349476E-95));
#4539=DIRECTION('center_axis',(-7.01802804314842E-7,0.999999999999754,0.));
#4540=DIRECTION('ref_axis',(0.,0.,1.));
#4541=DIRECTION('center_axis',(-7.77158274878905E-95,2.99627286700301E-95,
1.));
#4542=DIRECTION('ref_axis',(-0.707106279119605,-0.707107283253134,-3.37664859349476E-95));
#4543=DIRECTION('center_axis',(-7.96008623759267E-15,1.,2.01948391736579E-30));
#4544=DIRECTION('ref_axis',(0.707106781186547,5.62863095743149E-15,0.707106781186548));
#4545=DIRECTION('',(-7.96008623759267E-15,1.,-2.99627286700307E-95));
#4546=DIRECTION('center_axis',(0.,0.,-1.));
#4547=DIRECTION('ref_axis',(1.,0.,0.));
#4548=DIRECTION('',(-7.96008623759267E-15,1.,-2.99627286700307E-95));
#4549=DIRECTION('center_axis',(-7.105427357601E-15,1.,0.));
#4550=DIRECTION('ref_axis',(0.,0.,1.));
#4551=DIRECTION('',(7.96008623759267E-15,-1.,2.99627286700307E-95));
#4552=DIRECTION('center_axis',(0.,-2.99627286700301E-95,-1.));
#4553=DIRECTION('ref_axis',(-1.,0.,0.));
#4554=DIRECTION('center_axis',(-7.77158274878905E-95,2.99627286700301E-95,
1.));
#4555=DIRECTION('ref_axis',(-0.707106527244497,0.707107035128507,-7.61402251211196E-95));
#4556=DIRECTION('center_axis',(7.77158274878905E-95,-2.99627286700301E-95,
-1.));
#4557=DIRECTION('ref_axis',(-0.707106527244497,0.707107035128507,-7.61402251211196E-95));
#4558=DIRECTION('center_axis',(-7.77158274878905E-95,2.99627286700301E-95,
1.));
#4559=DIRECTION('ref_axis',(1.,0.,7.77158274878905E-95));
#4560=DIRECTION('',(1.,-1.92477034310912E-9,7.77158275455619E-95));
#4561=DIRECTION('center_axis',(2.70154269324613E-14,1.,7.49068216750894E-96));
#4562=DIRECTION('ref_axis',(1.,-2.70154269324613E-14,0.));
#4563=DIRECTION('',(4.97841222228891E-60,2.13859078530175E-93,1.));
#4564=DIRECTION('',(-4.97841222228891E-60,-2.14608146746925E-93,-1.));
#4565=DIRECTION('',(-1.,2.70154269324613E-14,-6.21472399655525E-31));
#4566=DIRECTION('center_axis',(1.,-1.25685659587325E-15,5.24347751725527E-95));
#4567=DIRECTION('ref_axis',(-1.25685659587325E-15,-1.,0.));
#4568=DIRECTION('',(1.25685659587325E-15,1.,0.));
#4569=DIRECTION('',(0.,0.,1.));
#4570=DIRECTION('',(-5.24347751725527E-95,-7.49068216750752E-96,1.));
#4571=DIRECTION('center_axis',(-5.24347751725527E-95,-7.49068216750752E-96,
1.));
#4572=DIRECTION('ref_axis',(5.04154010217538E-14,1.,7.49068216751016E-96));
#4573=DIRECTION('',(0.,0.,1.));
#4574=DIRECTION('',(4.97841222228891E-60,2.14608146746925E-93,1.));
#4575=DIRECTION('center_axis',(-1.60993703083023E-59,2.05268329739876E-45,
-1.));
#4576=DIRECTION('ref_axis',(5.04154010217538E-14,1.,2.05268329739876E-45));
#4577=DIRECTION('center_axis',(-1.,-7.96008623759267E-15,-5.24347751725527E-95));
#4578=DIRECTION('ref_axis',(-7.96008623759267E-15,1.,0.));
#4579=DIRECTION('',(-5.24347751725527E-95,-7.49068216750752E-96,1.));
#4580=DIRECTION('',(-5.24347751725527E-95,-7.49068216750752E-96,1.));
#4581=DIRECTION('center_axis',(-1.,-7.96008623759267E-15,-5.24347751725527E-95));
#4582=DIRECTION('ref_axis',(-7.96008623759267E-15,1.,0.));
#4583=DIRECTION('',(-5.24347751725527E-95,-7.49068216750752E-96,1.));
#4584=DIRECTION('',(4.97841222228891E-60,2.13859078530175E-93,1.));
#4585=DIRECTION('center_axis',(-1.,-5.60519385729927E-45,4.97841222228891E-60));
#4586=DIRECTION('ref_axis',(-5.60519385729927E-45,1.,-9.75782640043915E-15));
#4587=DIRECTION('',(1.45073092176073E-45,-0.258819045102525,-0.965925826289067));
#4588=DIRECTION('center_axis',(-1.,-5.60519385729927E-45,4.97841222228891E-60));
#4589=DIRECTION('ref_axis',(-5.41420150812222E-45,0.965925826289071,-0.258819045102511));
#4590=DIRECTION('',(2.80259692864963E-45,-0.5,-0.866025403784439));
#4591=DIRECTION('center_axis',(-1.,-5.60519385729927E-45,4.97841222228891E-60));
#4592=DIRECTION('ref_axis',(-4.85424027355769E-45,0.866025403784445,-0.499999999999989));
#4593=DIRECTION('',(3.96347058636151E-45,-0.70710678118655,-0.707106781186545));
#4594=DIRECTION('center_axis',(-1.,-5.60519385729927E-45,4.97841222228891E-60));
#4595=DIRECTION('ref_axis',(-3.96347058636144E-45,0.707106781186537,-0.707106781186558));
#4596=DIRECTION('center_axis',(-1.,-5.60519385729927E-45,4.97841222228891E-60));
#4597=DIRECTION('ref_axis',(-3.96347058636147E-45,0.707106781186543,-0.707106781186552));
#4598=DIRECTION('',(3.96347058636151E-45,-0.70710678118655,-0.707106781186545));
#4599=DIRECTION('center_axis',(-1.,-5.60519385729927E-45,4.97841222228891E-60));
#4600=DIRECTION('ref_axis',(-4.85424027355766E-45,0.866025403784439,-0.5));
#4601=DIRECTION('',(2.80259692864963E-45,-0.5,-0.866025403784439));
#4602=DIRECTION('center_axis',(-1.,-5.60519385729927E-45,4.97841222228891E-60));
#4603=DIRECTION('ref_axis',(-5.41420150812222E-45,0.96592582628907,-0.258819045102515));
#4604=DIRECTION('',(1.45073092176073E-45,-0.258819045102525,-0.965925826289067));
#4605=DIRECTION('center_axis',(-1.,-5.60519385729927E-45,4.97841222228891E-60));
#4606=DIRECTION('ref_axis',(-5.60519385729927E-45,1.,-4.08170229641608E-16));
#4607=DIRECTION('center_axis',(-5.24347751725527E-95,-7.49068216750752E-96,
1.));
#4608=DIRECTION('ref_axis',(0.999999999999966,-2.58994056669811E-7,5.24347732325088E-95));
#4609=DIRECTION('center_axis',(0.,0.,1.));
#4610=DIRECTION('ref_axis',(0.999999999999966,-2.58994056669811E-7,5.24347732325088E-95));
#4611=DIRECTION('',(0.,0.,-1.));
#4612=DIRECTION('center_axis',(-5.24347751725527E-95,-7.49068216750751E-96,
1.));
#4613=DIRECTION('ref_axis',(7.18256449325374E-7,-0.999999999999742,-7.49064450589014E-96));
#4614=DIRECTION('',(-5.24347751725527E-95,-7.49068216750752E-96,1.));
#4615=DIRECTION('center_axis',(-5.24347751725527E-95,-7.49068216750753E-96,
1.));
#4616=DIRECTION('ref_axis',(7.18256449108422E-7,-0.999999999999742,-7.49064450589017E-96));
#4617=DIRECTION('',(4.97841222228891E-60,2.13859078530175E-93,1.));
#4618=DIRECTION('center_axis',(-4.97841222228891E-60,-2.13859078530175E-93,
-1.));
#4619=DIRECTION('ref_axis',(7.18256449108422E-7,-0.999999999999742,-3.5757766849792E-66));
#4620=DIRECTION('center_axis',(7.68799908550312E-144,-1.,-7.49068216750752E-96));
#4621=DIRECTION('ref_axis',(0.,7.49068216750752E-96,-1.));
#4622=DIRECTION('',(4.97841222228891E-60,2.13859078530175E-93,1.));
#4623=DIRECTION('',(1.,5.60519385729927E-45,6.18793758992194E-31));
#4624=DIRECTION('center_axis',(-5.24347751725527E-95,-7.49068216750752E-96,
1.));
#4625=DIRECTION('ref_axis',(0.999999999999966,-2.58994055368763E-7,5.24347732325088E-95));
#4626=DIRECTION('',(4.97841222228891E-60,2.13859078530175E-93,1.));
#4627=DIRECTION('center_axis',(3.31496592489708E-31,1.22650900664872E-38,
-1.));
#4628=DIRECTION('ref_axis',(0.999999999999966,-2.58994055368763E-7,3.31496592489693E-31));
#4629=DIRECTION('center_axis',(-5.24347751725527E-95,-7.49068216750752E-96,
1.));
#4630=DIRECTION('ref_axis',(-1.,2.16840434497101E-15,-5.24347751725527E-95));
#4631=DIRECTION('',(-5.24347751725527E-95,-7.49068216750752E-96,1.));
#4632=DIRECTION('center_axis',(3.21451241202136E-31,1.27458060456056E-46,
-1.));
#4633=DIRECTION('ref_axis',(-1.,2.16840434497101E-15,-3.21451241202136E-31));
#4634=DIRECTION('',(0.,0.,1.));
#4635=DIRECTION('center_axis',(-0.848906856002094,0.528542476848021,0.));
#4636=DIRECTION('ref_axis',(0.528542476848021,0.848906856002094,0.));
#4637=DIRECTION('center_axis',(0.848906799590141,0.528542567452826,0.));
#4638=DIRECTION('ref_axis',(0.528542567452826,-0.848906799590141,0.));
#4639=DIRECTION('',(0.528542567452826,-0.848906799590141,0.));
#4640=DIRECTION('',(0.528542567452826,-0.848906799590141,0.));
#4641=DIRECTION('center_axis',(0.,0.,-1.));
#4642=DIRECTION('ref_axis',(-1.,0.,0.));
#4643=DIRECTION('',(1.25685659587325E-15,1.,0.));
#4644=DIRECTION('',(-1.,0.,0.));
#4645=DIRECTION('center_axis',(0.,0.,1.));
#4646=DIRECTION('ref_axis',(-0.471375798337089,-0.881932455884277,0.));
#4647=DIRECTION('',(1.,-1.92477034310912E-9,0.));
#4648=DIRECTION('center_axis',(0.,0.,1.));
#4649=DIRECTION('ref_axis',(0.999999999999966,-2.58994056669811E-7,0.));
#4650=DIRECTION('center_axis',(-0.831443231626209,0.555609712462774,0.));
#4651=DIRECTION('ref_axis',(0.555609712462774,0.831443231626209,0.));
#4652=DIRECTION('',(-5.00562829418755E-96,-7.49068216750753E-96,1.));
#4653=DIRECTION('',(5.00562835519198E-96,7.49068225879774E-96,-1.));
#4654=DIRECTION('center_axis',(-5.00562829418755E-96,-7.49068216750753E-96,
1.));
#4655=DIRECTION('ref_axis',(0.471375798878786,-0.88193245559475,0.));
#4656=DIRECTION('center_axis',(-1.10587254104535E-16,-1.,-7.49068216750753E-96));
#4657=DIRECTION('ref_axis',(-1.,1.10587254104535E-16,0.));
#4658=DIRECTION('',(5.00562830749838E-96,-7.49068216750753E-96,1.));
#4659=DIRECTION('',(1.,-3.45585169076671E-16,0.));
#4660=DIRECTION('center_axis',(0.,0.,1.));
#4661=DIRECTION('ref_axis',(1.,0.,0.));
#4662=DIRECTION('center_axis',(0.,0.,-1.));
#4663=DIRECTION('ref_axis',(-0.471375798337089,-0.881932455884277,0.));
#4664=DIRECTION('',(1.,-1.92477034310912E-9,0.));
#4665=DIRECTION('center_axis',(-5.00562830749838E-96,7.49068216750753E-96,
-1.));
#4666=DIRECTION('ref_axis',(-0.471375798337089,-0.881932455884277,0.));
#4667=DIRECTION('center_axis',(-1.92477034310912E-9,-1.,-7.49068226843242E-96));
#4668=DIRECTION('ref_axis',(-1.,1.92477034310912E-9,0.));
#4669=DIRECTION('',(0.,0.,1.));
#4670=DIRECTION('',(4.97841222228891E-60,2.13859078530175E-93,1.));
#4671=DIRECTION('',(1.,5.60519385729927E-45,6.18793758992194E-31));
#4672=DIRECTION('',(-4.97841222228891E-60,-2.14608146746925E-93,-1.));
#4673=DIRECTION('',(0.,0.,1.));
#4674=DIRECTION('center_axis',(1.,-1.25685659587325E-15,5.24347751725527E-95));
#4675=DIRECTION('ref_axis',(-1.25685659587325E-15,-1.,0.));
#4676=DIRECTION('',(4.97841222228891E-60,2.14608146746925E-93,1.));
#4677=DIRECTION('center_axis',(-1.,-5.60519385729927E-45,4.97841222228891E-60));
#4678=DIRECTION('ref_axis',(-5.60519385729927E-45,1.,-1.2245110158234E-15));
#4679=DIRECTION('',(1.45073092176073E-45,-0.258819045102525,-0.965925826289067));
#4680=DIRECTION('center_axis',(-1.,5.64208605800154E-14,-2.33702856530041E-14));
#4681=DIRECTION('ref_axis',(6.05470413921753E-14,0.96592582628907,-0.258819045102516));
#4682=DIRECTION('',(2.80259692864963E-45,-0.5,-0.866025403784439));
#4683=DIRECTION('center_axis',(-1.,-4.84496913592091E-14,3.71767557391723E-14));
#4684=DIRECTION('ref_axis',(-6.05470413921766E-14,0.866025403784439,-0.5));
#4685=DIRECTION('',(3.96347058636151E-45,-0.70710678118655,-0.707106781186545));
#4686=DIRECTION('center_axis',(-1.,-3.22775432229167E-15,2.56270023477542E-15));
#4687=DIRECTION('ref_axis',(-4.09446968345468E-15,0.707106781186544,-0.707106781186551));
#4688=DIRECTION('center_axis',(-1.,-1.64339680366321E-14,2.57834841839859E-14));
#4689=DIRECTION('ref_axis',(-2.98522467496181E-14,0.707106781186542,-0.707106781186553));
#4690=DIRECTION('',(3.9634705863615E-45,-0.70710678118655,-0.707106781186545));
#4691=DIRECTION('center_axis',(-1.,-1.28694491647374E-13,9.87507566452642E-14));
#4692=DIRECTION('ref_axis',(-1.60828077416382E-13,0.866025403784449,-0.499999999999982));
#4693=DIRECTION('',(2.80259692864963E-45,-0.5,-0.866025403784439));
#4694=DIRECTION('center_axis',(-1.,1.49867909721409E-13,-6.2077320771115E-14));
#4695=DIRECTION('ref_axis',(1.6082807741637E-13,0.965925826289077,-0.258819045102488));
#4696=DIRECTION('',(1.45073092176073E-45,-0.258819045102525,-0.965925826289067));
#4697=DIRECTION('center_axis',(-1.,3.98600745690479E-14,-7.92866179645946E-15));
#4698=DIRECTION('ref_axis',(3.98600745690479E-14,1.,6.50521471972538E-15));
#4699=DIRECTION('center_axis',(-5.24347751725527E-95,-7.49068216750752E-96,
1.));
#4700=DIRECTION('ref_axis',(5.03069808052078E-14,1.,7.49068216751016E-96));
#4701=DIRECTION('',(-5.24347751725527E-95,-7.49068216750752E-96,1.));
#4702=DIRECTION('center_axis',(-1.60993703083023E-59,2.05268329739876E-45,
-1.));
#4703=DIRECTION('ref_axis',(5.03069808052078E-14,1.,2.05268329739876E-45));
#4704=DIRECTION('center_axis',(2.70154269324613E-14,1.,7.49068216750894E-96));
#4705=DIRECTION('ref_axis',(1.,-2.70154269324613E-14,0.));
#4706=DIRECTION('',(-5.24347751725527E-95,-7.49068216750752E-96,1.));
#4707=DIRECTION('',(-1.,2.70154269324613E-14,-6.21472399655525E-31));
#4708=DIRECTION('center_axis',(-5.24347751725527E-95,-7.49068216750752E-96,
1.));
#4709=DIRECTION('ref_axis',(-1.,3.46944695195361E-15,-5.24347751725527E-95));
#4710=DIRECTION('center_axis',(3.21451241202136E-31,1.27458060456056E-46,
-1.));
#4711=DIRECTION('ref_axis',(-1.,3.46944695195361E-15,-3.21451241202136E-31));
#4712=DIRECTION('center_axis',(1.,-1.25685659587325E-15,-4.97841222228891E-60));
#4713=DIRECTION('ref_axis',(-1.25685659587325E-15,-1.,6.25715023855983E-75));
#4714=DIRECTION('',(4.97841222228891E-60,2.13859078530175E-93,1.));
#4715=DIRECTION('center_axis',(-1.,3.98600745690479E-14,-7.92866179645946E-15));
#4716=DIRECTION('ref_axis',(3.98600745690479E-14,1.,6.50521471972538E-15));
#4717=DIRECTION('',(1.45073092176073E-45,-0.258819045102525,-0.965925826289067));
#4718=DIRECTION('center_axis',(-1.,1.49867909721409E-13,-6.2077320771115E-14));
#4719=DIRECTION('ref_axis',(1.6082807741637E-13,0.965925826289077,-0.258819045102488));
#4720=DIRECTION('',(2.80259692864963E-45,-0.5,-0.866025403784439));
#4721=DIRECTION('center_axis',(-1.,-1.28694491647374E-13,9.87507566452642E-14));
#4722=DIRECTION('ref_axis',(-1.60828077416382E-13,0.866025403784449,-0.499999999999982));
#4723=DIRECTION('',(3.96347058636151E-45,-0.70710678118655,-0.707106781186545));
#4724=DIRECTION('center_axis',(-1.,-1.64339680366321E-14,2.57834841839859E-14));
#4725=DIRECTION('ref_axis',(-2.98522467496181E-14,0.707106781186542,-0.707106781186553));
#4726=DIRECTION('',(-1.25685659587325E-15,-0.258819045102524,0.965925826289067));
#4727=DIRECTION('center_axis',(-1.,-3.22775432229167E-15,2.56270023477542E-15));
#4728=DIRECTION('ref_axis',(-4.09446968345468E-15,0.707106781186544,-0.707106781186551));
#4729=DIRECTION('',(3.96347058636151E-45,-0.70710678118655,-0.707106781186545));
#4730=DIRECTION('center_axis',(-1.,-4.84496913592091E-14,3.71767557391723E-14));
#4731=DIRECTION('ref_axis',(-6.05470413921766E-14,0.866025403784439,-0.5));
#4732=DIRECTION('',(2.80259692864963E-45,-0.5,-0.866025403784439));
#4733=DIRECTION('center_axis',(-1.,5.64208605800154E-14,-2.33702856530041E-14));
#4734=DIRECTION('ref_axis',(6.05470413921753E-14,0.96592582628907,-0.258819045102516));
#4735=DIRECTION('',(1.45073092176073E-45,-0.258819045102525,-0.965925826289067));
#4736=DIRECTION('center_axis',(-1.,-5.60519385729927E-45,4.97841222228891E-60));
#4737=DIRECTION('ref_axis',(-5.60519385729927E-45,1.,-1.2245110158234E-15));
#4738=DIRECTION('center_axis',(4.97841222228891E-60,2.13859078530175E-93,
1.));
#4739=DIRECTION('ref_axis',(0.999999999999966,-2.58994056669811E-7,-4.97841222228875E-60));
#4740=DIRECTION('center_axis',(3.31496592489708E-31,1.22650900664872E-38,
-1.));
#4741=DIRECTION('ref_axis',(0.999999999999966,-2.58994056669811E-7,3.31496592489693E-31));
#4742=DIRECTION('center_axis',(4.97841222228891E-60,2.13859078530175E-93,
1.));
#4743=DIRECTION('ref_axis',(7.18256449325374E-7,-0.999999999999742,-3.57577668605928E-66));
#4744=DIRECTION('',(4.97841222228891E-60,2.13859078530175E-93,1.));
#4745=DIRECTION('center_axis',(-4.97841222228891E-60,-2.13859078530175E-93,
-1.));
#4746=DIRECTION('ref_axis',(7.18256449325374E-7,-0.999999999999742,-3.57577668605928E-66));
#4747=DIRECTION('center_axis',(-1.,-7.96008623759267E-15,4.97841222228891E-60));
#4748=DIRECTION('ref_axis',(-7.96008623759267E-15,1.,3.96285906157051E-74));
#4749=DIRECTION('center_axis',(-1.,-5.60519385729927E-45,4.97841222228891E-60));
#4750=DIRECTION('ref_axis',(-5.60519385729927E-45,1.,-4.08170229641608E-16));
#4751=DIRECTION('',(1.45073092176073E-45,-0.258819045102525,-0.965925826289067));
#4752=DIRECTION('center_axis',(-1.,-5.60519385729927E-45,4.97841222228891E-60));
#4753=DIRECTION('ref_axis',(-5.41420150812222E-45,0.96592582628907,-0.258819045102515));
#4754=DIRECTION('',(2.80259692864963E-45,-0.5,-0.866025403784439));
#4755=DIRECTION('center_axis',(-1.,-5.60519385729927E-45,4.97841222228891E-60));
#4756=DIRECTION('ref_axis',(-4.85424027355766E-45,0.866025403784439,-0.5));
#4757=DIRECTION('',(3.96347058636151E-45,-0.70710678118655,-0.707106781186545));
#4758=DIRECTION('center_axis',(-1.,-5.60519385729927E-45,4.97841222228891E-60));
#4759=DIRECTION('ref_axis',(-3.96347058636147E-45,0.707106781186543,-0.707106781186552));
#4760=DIRECTION('center_axis',(-1.,-5.60519385729927E-45,4.97841222228891E-60));
#4761=DIRECTION('ref_axis',(-3.96347058636144E-45,0.707106781186537,-0.707106781186558));
#4762=DIRECTION('',(3.96347058636151E-45,-0.70710678118655,-0.707106781186545));
#4763=DIRECTION('center_axis',(-1.,-5.60519385729927E-45,4.97841222228891E-60));
#4764=DIRECTION('ref_axis',(-4.85424027355769E-45,0.866025403784445,-0.499999999999989));
#4765=DIRECTION('',(2.80259692864963E-45,-0.5,-0.866025403784439));
#4766=DIRECTION('center_axis',(-1.,-5.60519385729927E-45,4.97841222228891E-60));
#4767=DIRECTION('ref_axis',(-5.41420150812222E-45,0.965925826289071,-0.258819045102511));
#4768=DIRECTION('',(1.45073092176073E-45,-0.258819045102525,-0.965925826289067));
#4769=DIRECTION('center_axis',(-1.,-5.60519385729927E-45,4.97841222228891E-60));
#4770=DIRECTION('ref_axis',(-5.60519385729927E-45,1.,-9.75782640043915E-15));
#4771=DIRECTION('center_axis',(0.252492418427442,-0.951782047848048,0.174236942210422));
#4772=DIRECTION('ref_axis',(-1.00933544431491E-45,0.180071460508102,0.983653531031368));
#4773=DIRECTION('center_axis',(1.00933544431491E-45,-0.180071460508101,
-0.983653531031369));
#4774=DIRECTION('ref_axis',(5.51356872984776E-45,-0.983653531031369,0.180071460508101));
#4775=DIRECTION('',(0.999999999999996,2.77556130189552E-17,8.42248049914686E-8));
#4776=DIRECTION('',(1.,5.60519385729927E-45,-4.97841222228891E-60));
#4777=DIRECTION('center_axis',(-5.75107974718911E-5,-0.965929865968352,
-0.25880396195358));
#4778=DIRECTION('ref_axis',(-0.530621770771144,0.219393971032672,-0.818722677014757));
#4779=DIRECTION('',(0.238585411841484,-0.955979174134325,0.170823944100008));
#4780=DIRECTION('center_axis',(0.261334235189355,0.949469968369907,-0.173813683815868));
#4781=DIRECTION('ref_axis',(6.92113033551323E-12,0.180071460418718,0.983653531047731));
#4782=DIRECTION('center_axis',(1.,5.60519385729927E-45,-4.97841222228891E-60));
#4783=DIRECTION('ref_axis',(1.0093354441476E-45,-0.180071460478251,-0.983653531036833));
#4784=DIRECTION('',(1.,5.60519385729927E-45,-4.97841222228891E-60));
#4785=DIRECTION('center_axis',(4.85424001643206E-45,-0.8660253579117,0.500000079453907));
#4786=DIRECTION('ref_axis',(-8.80859403912128E-7,-0.500000079453712,-0.866025357911363));
#4787=DIRECTION('center_axis',(-2.69647958385839E-8,-0.999999999999989,
1.45461425764145E-7));
#4788=DIRECTION('ref_axis',(-1.0171288818102E-6,-1.45461398337397E-7,-0.999999999999472));
#4789=DIRECTION('',(5.60519385729927E-45,-1.,2.14608146744135E-93));
#4790=DIRECTION('center_axis',(3.96347076739221E-45,-0.707106813483506,
0.707106748889587));
#4791=DIRECTION('ref_axis',(-7.19218762519046E-7,-0.707106748889404,-0.707106813483323));
#4792=DIRECTION('',(5.60519385729927E-45,-1.,2.14608146744135E-93));
#4793=DIRECTION('center_axis',(3.96347076739221E-45,-0.707106813483506,
0.707106748889587));
#4794=DIRECTION('ref_axis',(1.61958417955463E-6,0.70710674888866,0.707106813482579));
#4795=DIRECTION('center_axis',(3.94854587655446E-7,0.99999999999988,-2.90577086455065E-7));
#4796=DIRECTION('ref_axis',(2.29043780751268E-6,2.90576182064449E-7,0.999999999997335));
#4797=DIRECTION('center_axis',(-4.85424001643206E-45,0.8660253579117,-0.500000079453907));
#4798=DIRECTION('ref_axis',(-2.80259737400418E-45,0.500000079453907,0.8660253579117));
#4799=DIRECTION('',(1.,5.60519385729927E-45,-4.97841222228891E-60));
#4800=DIRECTION('center_axis',(4.85424001643206E-45,-0.8660253579117,0.500000079453907));
#4801=DIRECTION('ref_axis',(3.24834486590418E-7,-0.50000007945388,-0.866025357911654));
#4802=DIRECTION('',(-1.,-5.60519385729927E-45,-6.18793758992194E-31));
#4803=DIRECTION('center_axis',(-3.96347076739221E-45,0.707106813483506,
-0.707106748889587));
#4804=DIRECTION('ref_axis',(-3.96347040533077E-45,0.707106748889587,0.707106813483506));
#4805=DIRECTION('center_axis',(3.96347076739221E-45,-0.707106813483506,
0.707106748889587));
#4806=DIRECTION('ref_axis',(-6.05359560020671E-7,0.707106748889458,0.707106813483377));
#4807=DIRECTION('center_axis',(3.96347076739221E-45,-0.707106813483506,
0.707106748889587));
#4808=DIRECTION('ref_axis',(2.65226273831493E-7,-0.707106748889562,-0.707106813483481));
#4809=DIRECTION('center_axis',(-1.44480701380075E-7,0.999999999999983,-1.14239191228704E-7));
#4810=DIRECTION('ref_axis',(-8.56107660790736E-7,1.14239067537628E-7,0.999999999999627));
#4811=DIRECTION('',(5.60519385729927E-45,-1.,2.14608146744135E-93));
#4812=DIRECTION('',(5.60519385729927E-45,-1.,2.14608146744135E-93));
#4813=DIRECTION('center_axis',(7.54206564079221E-9,-0.999999999999999,4.06857063198595E-8));
#4814=DIRECTION('ref_axis',(3.75086576418161E-7,-4.06857034909291E-8,-0.999999999999929));
#4815=DIRECTION('center_axis',(4.97841222228891E-60,2.14608146746925E-93,
1.));
#4816=DIRECTION('ref_axis',(0.988678978847668,-0.150046248819265,-4.92205151221535E-60));
#4817=DIRECTION('',(4.97841222228891E-60,2.14608146746925E-93,1.));
#4818=DIRECTION('',(6.45478865302436E-59,-1.06275493452169E-14,1.));
#4819=DIRECTION('center_axis',(-0.982696489447479,0.183526787191998,-0.0250105579822524));
#4820=DIRECTION('ref_axis',(0.0193239403488625,-0.0327087648638121,-0.999278100445756));
#4821=DIRECTION('',(4.97841222228891E-60,2.14608146746925E-93,1.));
#4822=DIRECTION('center_axis',(-0.98437038473498,-0.17438270477977,0.0246093057683164));
#4823=DIRECTION('ref_axis',(-0.0218576451921932,-0.0176827123671988,-0.999604704385684));
#4824=DIRECTION('center_axis',(-2.06795153138148E-22,-0.258819045102523,
-0.965925826289068));
#4825=DIRECTION('ref_axis',(7.18256449325374E-7,-0.965925826288819,0.258819045102456));
#4826=DIRECTION('center_axis',(-1.,-5.60519385729927E-45,4.97841222228891E-60));
#4827=DIRECTION('ref_axis',(0.,0.,1.));
#4828=DIRECTION('center_axis',(-1.,-5.60519385729927E-45,4.97841222228891E-60));
#4829=DIRECTION('ref_axis',(-5.60519385729927E-45,1.,2.37227142013918E-15));
#4830=DIRECTION('center_axis',(1.5407439555098E-31,-0.258819045102523,-0.965925826289068));
#4831=DIRECTION('ref_axis',(-1.,2.2941993398176E-15,-6.14728860380148E-16));
#4832=DIRECTION('center_axis',(-1.,-5.60519385729927E-45,4.97841222228891E-60));
#4833=DIRECTION('ref_axis',(-5.60519385729927E-45,1.,-2.14608146744135E-93));
#4834=DIRECTION('center_axis',(-1.,-5.60519385729927E-45,4.97841222228891E-60));
#4835=DIRECTION('ref_axis',(-5.60519385729927E-45,1.,1.18613571006961E-15));
#4836=DIRECTION('',(1.,-2.60948985822896E-14,6.99210700169663E-15));
#4837=DIRECTION('center_axis',(-1.,-5.60519385729927E-45,4.97841222228891E-60));
#4838=DIRECTION('ref_axis',(0.,0.,1.));
#4839=DIRECTION('center_axis',(1.45073092176072E-45,-0.258819045102523,
-0.965925826289068));
#4840=DIRECTION('ref_axis',(5.04154010217537E-14,0.965925826289068,-0.258819045102523));
#4841=DIRECTION('center_axis',(-4.13590306276485E-23,-0.258819045102523,
-0.965925826289068));
#4842=DIRECTION('ref_axis',(0.999999999999966,-2.50169047909381E-7,6.70325943585821E-8));
#4843=DIRECTION('center_axis',(-1.44756607196704E-22,-0.258819045102525,
-0.965925826289067));
#4844=DIRECTION('ref_axis',(7.18256449325375E-7,-0.965925826288818,0.258819045102458));
#4845=DIRECTION('center_axis',(-2.06795153138148E-22,-0.258819045102523,
-0.965925826289068));
#4846=DIRECTION('ref_axis',(7.18256449325374E-7,-0.965925826288819,0.258819045102456));
#4847=DIRECTION('',(1.45073092176073E-45,-0.258819045102525,-0.965925826289067));
#4848=DIRECTION('center_axis',(-1.54074395550978E-31,-0.258819045102525,
-0.965925826289067));
#4849=DIRECTION('ref_axis',(-1.,2.2941993398176E-15,-6.14728860380153E-16));
#4850=DIRECTION('',(1.45073092176073E-45,-0.258819045102525,-0.965925826289067));
#4851=DIRECTION('center_axis',(1.5407439555098E-31,-0.258819045102523,-0.965925826289068));
#4852=DIRECTION('ref_axis',(-1.,2.2941993398176E-15,-6.14728860380148E-16));
#4853=DIRECTION('center_axis',(2.70154269324613E-14,0.965925826289067,-0.258819045102525));
#4854=DIRECTION('ref_axis',(-1.,-3.15544362088405E-30,-1.04379594329157E-13));
#4855=DIRECTION('',(1.45073092176073E-45,-0.258819045102525,-0.965925826289067));
#4856=DIRECTION('',(1.,-2.60948985822896E-14,6.99210700169663E-15));
#4857=DIRECTION('center_axis',(1.45073092176073E-45,-0.258819045102525,
-0.965925826289067));
#4858=DIRECTION('ref_axis',(5.04154010217538E-14,0.965925826289067,-0.258819045102525));
#4859=DIRECTION('center_axis',(1.45073092176072E-45,-0.258819045102523,
-0.965925826289068));
#4860=DIRECTION('ref_axis',(5.04154010217537E-14,0.965925826289068,-0.258819045102523));
#4861=DIRECTION('center_axis',(-1.03397576569121E-23,-0.258819045102525,
-0.965925826289067));
#4862=DIRECTION('ref_axis',(0.999999999999966,-2.50169047909381E-7,6.70325943585827E-8));
#4863=DIRECTION('',(1.45073092176073E-45,-0.258819045102525,-0.965925826289067));
#4864=DIRECTION('center_axis',(-4.13590306276485E-23,-0.258819045102523,
-0.965925826289068));
#4865=DIRECTION('ref_axis',(0.999999999999966,-2.50169047909381E-7,6.70325943585821E-8));
#4866=DIRECTION('center_axis',(-1.60155609817757E-31,-0.965925826289067,
0.258819045102525));
#4867=DIRECTION('ref_axis',(-1.,1.65805288003375E-31,4.97841222228891E-60));
#4868=DIRECTION('',(-1.,-5.60519385729927E-45,-6.18793758992194E-31));
#4869=DIRECTION('center_axis',(-1.65436122510519E-22,-0.5,-0.866025403784438));
#4870=DIRECTION('ref_axis',(7.18256449325374E-7,-0.866025403784215,0.499999999999871));
#4871=DIRECTION('center_axis',(-1.,-5.60519385729927E-45,4.97841222228891E-60));
#4872=DIRECTION('ref_axis',(0.,0.,1.));
#4873=DIRECTION('center_axis',(-1.,-5.60519385729927E-45,4.97841222228891E-60));
#4874=DIRECTION('ref_axis',(-5.41420150812221E-45,0.96592582628907,-0.258819045102516));
#4875=DIRECTION('center_axis',(-1.84889274661174E-30,-0.5,-0.866025403784438));
#4876=DIRECTION('ref_axis',(-1.,2.56524988293898E-15,-1.48104771045348E-15));
#4877=DIRECTION('center_axis',(-1.,-5.60519385729927E-45,4.97841222228891E-60));
#4878=DIRECTION('ref_axis',(-5.4142015081222E-45,0.965925826289067,-0.258819045102524));
#4879=DIRECTION('center_axis',(-1.,4.09895031539275E-14,-1.69784081212916E-14));
#4880=DIRECTION('ref_axis',(4.39871550804494E-14,0.96592582628907,-0.258819045102516));
#4881=DIRECTION('',(1.,-2.33960460175938E-14,1.35077134662307E-14));
#4882=DIRECTION('center_axis',(-1.,-5.60519385729927E-45,4.97841222228891E-60));
#4883=DIRECTION('ref_axis',(0.,0.,1.));
#4884=DIRECTION('center_axis',(2.46519032893085E-30,-0.5,-0.866025403784438));
#4885=DIRECTION('ref_axis',(5.04154010217538E-14,0.866025403784438,-0.5));
#4886=DIRECTION('center_axis',(3.10192729707364E-22,-0.5,-0.866025403784438));
#4887=DIRECTION('ref_axis',(0.999999999999966,-2.24295432491974E-7,1.29497028327245E-7));
#4888=DIRECTION('center_axis',(-4.46815747097838E-30,-0.5,-0.866025403784439));
#4889=DIRECTION('ref_axis',(-1.,2.56524988293898E-15,-1.48104771045347E-15));
#4890=DIRECTION('',(2.80259692864963E-45,-0.5,-0.866025403784439));
#4891=DIRECTION('center_axis',(-1.84889274661174E-30,-0.5,-0.866025403784438));
#4892=DIRECTION('ref_axis',(-1.,2.56524988293898E-15,-1.48104771045348E-15));
#4893=DIRECTION('center_axis',(2.70154269324613E-14,0.866025403784439,-0.5));
#4894=DIRECTION('ref_axis',(-1.,-5.60519385729927E-45,-5.40308538649227E-14));
#4895=DIRECTION('',(2.80259692864963E-45,-0.5,-0.866025403784439));
#4896=DIRECTION('',(1.,-2.33960460175938E-14,1.35077134662307E-14));
#4897=DIRECTION('center_axis',(2.46519032893085E-30,-0.5,-0.866025403784439));
#4898=DIRECTION('ref_axis',(5.04154010217538E-14,0.866025403784439,-0.5));
#4899=DIRECTION('center_axis',(2.46519032893085E-30,-0.5,-0.866025403784438));
#4900=DIRECTION('ref_axis',(5.04154010217538E-14,0.866025403784438,-0.5));
#4901=DIRECTION('center_axis',(-4.54949336904134E-22,-0.5,-0.866025403784439));
#4902=DIRECTION('ref_axis',(0.999999999999966,-2.24295432491975E-7,1.29497028327244E-7));
#4903=DIRECTION('center_axis',(3.10192729707364E-22,-0.5,-0.866025403784438));
#4904=DIRECTION('ref_axis',(0.999999999999966,-2.24295432491974E-7,1.29497028327245E-7));
#4905=DIRECTION('',(2.80259692864963E-45,-0.5,-0.866025403784439));
#4906=DIRECTION('center_axis',(-1.,-5.60519385729927E-45,4.97841222228891E-60));
#4907=DIRECTION('ref_axis',(0.,0.,1.));
#4908=DIRECTION('center_axis',(-1.,-5.60519385729927E-45,4.97841222228891E-60));
#4909=DIRECTION('ref_axis',(-4.85424027355767E-45,0.866025403784442,-0.499999999999994));
#4910=DIRECTION('center_axis',(4.62223186652937E-30,-0.70710678118655,-0.707106781186545));
#4911=DIRECTION('ref_axis',(-1.,2.168404344971E-15,-2.16840434497102E-15));
#4912=DIRECTION('center_axis',(-1.,-5.60519385729927E-45,4.97841222228891E-60));
#4913=DIRECTION('ref_axis',(-4.85424027355765E-45,0.866025403784438,-0.500000000000001));
#4914=DIRECTION('center_axis',(-1.,-3.51984843258213E-14,2.70087469591572E-14));
#4915=DIRECTION('ref_axis',(-4.39871550804482E-14,0.866025403784439,-0.499999999999999));
#4916=DIRECTION('',(1.,-1.9102791580593E-14,1.91027915805932E-14));
#4917=DIRECTION('center_axis',(-1.,-5.60519385729927E-45,4.97841222228891E-60));
#4918=DIRECTION('ref_axis',(0.,0.,1.));
#4919=DIRECTION('center_axis',(3.9634705863615E-45,-0.70710678118655,-0.707106781186545));
#4920=DIRECTION('ref_axis',(5.04154010217538E-14,0.707106781186545,-0.70710678118655));
#4921=DIRECTION('center_axis',(4.75628852217958E-22,-0.70710678118655,-0.707106781186545));
#4922=DIRECTION('ref_axis',(0.999999999999967,-1.83136453051062E-7,1.83136453051064E-7));
#4923=DIRECTION('center_axis',(4.62223186652937E-30,-0.70710678118655,-0.707106781186545));
#4924=DIRECTION('ref_axis',(-1.,2.168404344971E-15,-2.16840434497102E-15));
#4925=DIRECTION('',(3.96347058636151E-45,-0.70710678118655,-0.707106781186545));
#4926=DIRECTION('center_axis',(4.62223186652937E-30,-0.70710678118655,-0.707106781186545));
#4927=DIRECTION('ref_axis',(-1.,2.168404344971E-15,-2.16840434497102E-15));
#4928=DIRECTION('center_axis',(2.70154269324613E-14,0.707106781186545,-0.70710678118655));
#4929=DIRECTION('ref_axis',(-1.,-5.60519385729927E-45,-3.8205583161186E-14));
#4930=DIRECTION('',(3.96347058636151E-45,-0.70710678118655,-0.707106781186545));
#4931=DIRECTION('',(1.,-1.9102791580593E-14,1.91027915805932E-14));
#4932=DIRECTION('center_axis',(3.9634705863615E-45,-0.70710678118655,-0.707106781186545));
#4933=DIRECTION('ref_axis',(5.04154010217538E-14,0.707106781186545,-0.70710678118655));
#4934=DIRECTION('center_axis',(3.9634705863615E-45,-0.70710678118655,-0.707106781186545));
#4935=DIRECTION('ref_axis',(5.04154010217538E-14,0.707106781186545,-0.70710678118655));
#4936=DIRECTION('center_axis',(-1.,-5.60519385729927E-45,4.97841222228891E-60));
#4937=DIRECTION('ref_axis',(0.,0.,1.));
#4938=DIRECTION('center_axis',(-1.,-5.60519385729927E-45,4.97841222228891E-60));
#4939=DIRECTION('ref_axis',(-3.96347058636149E-45,0.707106781186546,-0.707106781186549));
#4940=DIRECTION('center_axis',(-1.,-5.60519385729927E-45,4.97841222228891E-60));
#4941=DIRECTION('ref_axis',(-3.96347058636143E-45,0.707106781186535,-0.70710678118656));
#4942=DIRECTION('center_axis',(-1.,-2.34494909530922E-15,1.86179027182549E-15));
#4943=DIRECTION('ref_axis',(-2.97461393318536E-15,0.707106781186544,-0.707106781186551));
#4944=DIRECTION('center_axis',(-1.,-5.60519385729927E-45,4.97841222228891E-60));
#4945=DIRECTION('ref_axis',(0.,0.,1.));
#4946=DIRECTION('',(-0.24692433593111,-0.953924942578308,0.170456963049188));
#4947=DIRECTION('',(3.80024316776988E-8,-4.44089190160277E-16,-0.999999999999999));
#4948=DIRECTION('',(-0.227762447867699,-0.966933185095806,0.114736580486758));
#4949=DIRECTION('center_axis',(-0.962672761593288,0.261631868496033,0.0693535829905462));
#4950=DIRECTION('ref_axis',(0.270363901571728,0.917346838134597,0.292195378627675));
#4951=DIRECTION('center_axis',(0.96535245496541,0.252268993391907,0.0667457314387196));
#4952=DIRECTION('ref_axis',(0.260277352405875,-0.912489632504607,-0.315623779833198));
#4953=DIRECTION('center_axis',(-0.0666023335999635,-0.992122956990639,-0.106095086461109));
#4954=DIRECTION('ref_axis',(0.870475272914539,-0.109746841893016,0.479821247902662));
#4955=DIRECTION('center_axis',(1.00933544431491E-45,-0.180071460508101,
-0.983653531031369));
#4956=DIRECTION('ref_axis',(5.51356872984776E-45,-0.983653531031369,0.180071460508101));
#4957=DIRECTION('',(-1.,-5.60519385729927E-45,-6.18793758992194E-31));
#4958=DIRECTION('center_axis',(-0.00258729225105807,0.180614685514409,0.98355052808452));
#4959=DIRECTION('ref_axis',(-0.198122615560357,-0.964149524543709,0.176530800501395));
#4960=DIRECTION('',(-0.999999999999891,4.60084161013137E-7,-8.42248049914617E-8));
#4961=DIRECTION('center_axis',(-1.,-5.60519385729927E-45,4.97841222228891E-60));
#4962=DIRECTION('ref_axis',(0.,0.,1.));
#4963=DIRECTION('center_axis',(-1.05879118406776E-22,-0.965925826289068,
-0.258819045102524));
#4964=DIRECTION('ref_axis',(0.999999999999966,-6.70325945754216E-8,2.50169048718636E-7));
#4965=DIRECTION('center_axis',(-1.,-5.60519385729927E-45,4.97841222228891E-60));
#4966=DIRECTION('ref_axis',(4.97841222228891E-60,2.14608146746925E-93,1.));
#4967=DIRECTION('center_axis',(5.02925812432186E-22,-0.70710678118655,-0.707106781186545));
#4968=DIRECTION('ref_axis',(0.999999999999966,-1.8313645391842E-7,1.83136453918422E-7));
#4969=DIRECTION('center_axis',(-1.,-5.60519385729927E-45,4.97841222228891E-60));
#4970=DIRECTION('ref_axis',(0.,0.,1.));
#4971=DIRECTION('center_axis',(3.9634705863615E-45,-0.70710678118655,-0.707106781186545));
#4972=DIRECTION('ref_axis',(5.03069808052078E-14,0.707106781186545,-0.70710678118655));
#4973=DIRECTION('center_axis',(-1.,-2.34494909530922E-15,1.8617902718255E-15));
#4974=DIRECTION('ref_axis',(-2.97461393318536E-15,0.707106781186544,-0.707106781186551));
#4975=DIRECTION('center_axis',(-1.,-5.60519385729927E-45,4.97841222228891E-60));
#4976=DIRECTION('ref_axis',(-3.96347058636143E-45,0.707106781186535,-0.70710678118656));
#4977=DIRECTION('',(1.,-1.9102791580593E-14,1.91027915805932E-14));
#4978=DIRECTION('center_axis',(-1.,-5.60519385729927E-45,4.97841222228891E-60));
#4979=DIRECTION('ref_axis',(-3.96347058636149E-45,0.707106781186546,-0.707106781186549));
#4980=DIRECTION('center_axis',(-1.,-5.60519385729927E-45,4.97841222228891E-60));
#4981=DIRECTION('ref_axis',(0.,0.,1.));
#4982=DIRECTION('center_axis',(4.33873497871557E-30,-0.70710678118655,-0.707106781186545));
#4983=DIRECTION('ref_axis',(-1.,3.4694469519536E-15,-3.46944695195363E-15));
#4984=DIRECTION('center_axis',(-1.,-5.60519385729927E-45,4.97841222228891E-60));
#4985=DIRECTION('ref_axis',(0.,0.,1.));
#4986=DIRECTION('center_axis',(5.29395592033493E-23,-0.70710678118655,-0.707106781186545));
#4987=DIRECTION('ref_axis',(7.1825644910842E-7,-0.707106781186363,0.707106781186368));
#4988=DIRECTION('center_axis',(-1.,-5.60519385729927E-45,4.97841222228891E-60));
#4989=DIRECTION('ref_axis',(4.97841222228891E-60,2.14608146746925E-93,1.));
#4990=DIRECTION('center_axis',(5.4142015081222E-45,-0.965925826289067,-0.258819045102524));
#4991=DIRECTION('ref_axis',(7.18256449108422E-7,-0.258819045102457,0.965925826288818));
#4992=DIRECTION('center_axis',(-4.37553263139292E-31,-0.707106781186545,
0.70710678118655));
#4993=DIRECTION('ref_axis',(-1.,6.18793758992192E-31,4.37905770101555E-47));
#4994=DIRECTION('',(-1.,-5.60519385729927E-45,-6.18793758992194E-31));
#4995=DIRECTION('',(3.96347058636151E-45,-0.70710678118655,-0.707106781186545));
#4996=DIRECTION('',(-1.,-5.60519385729927E-45,-6.18793758992194E-31));
#4997=DIRECTION('',(3.96347058636151E-45,-0.70710678118655,-0.707106781186545));
#4998=DIRECTION('center_axis',(5.02925812432186E-22,-0.70710678118655,-0.707106781186545));
#4999=DIRECTION('ref_axis',(0.999999999999966,-1.8313645391842E-7,1.83136453918422E-7));
#5000=DIRECTION('center_axis',(5.02925812432186E-22,-0.70710678118655,-0.707106781186545));
#5001=DIRECTION('ref_axis',(0.999999999999966,-1.8313645391842E-7,1.83136453918422E-7));
#5002=DIRECTION('center_axis',(3.9634705863615E-45,-0.70710678118655,-0.707106781186545));
#5003=DIRECTION('ref_axis',(5.03069808052078E-14,0.707106781186545,-0.70710678118655));
#5004=DIRECTION('',(3.96347058636151E-45,-0.70710678118655,-0.707106781186545));
#5005=DIRECTION('center_axis',(3.9634705863615E-45,-0.70710678118655,-0.707106781186545));
#5006=DIRECTION('ref_axis',(5.03069808052078E-14,0.707106781186545,-0.70710678118655));
#5007=DIRECTION('center_axis',(2.70154269324613E-14,0.707106781186545,-0.70710678118655));
#5008=DIRECTION('ref_axis',(-1.,-5.60519385729927E-45,-3.8205583161186E-14));
#5009=DIRECTION('',(3.96347058636151E-45,-0.70710678118655,-0.707106781186545));
#5010=DIRECTION('',(1.,-1.92438657601094E-14,1.90588285893391E-14));
#5011=DIRECTION('center_axis',(4.33873497871557E-30,-0.70710678118655,-0.707106781186545));
#5012=DIRECTION('ref_axis',(-1.,3.4694469519536E-15,-3.46944695195363E-15));
#5013=DIRECTION('center_axis',(4.33873497871557E-30,-0.70710678118655,-0.707106781186545));
#5014=DIRECTION('ref_axis',(-1.,3.4694469519536E-15,-3.46944695195363E-15));
#5015=DIRECTION('center_axis',(5.29395592033493E-23,-0.70710678118655,-0.707106781186545));
#5016=DIRECTION('ref_axis',(7.18256449108421E-7,-0.707106781186362,0.707106781186368));
#5017=DIRECTION('center_axis',(3.9634705863615E-45,-0.70710678118655,-0.707106781186545));
#5018=DIRECTION('ref_axis',(7.18256449108421E-7,-0.707106781186362,0.707106781186368));
#5019=DIRECTION('center_axis',(-1.,-5.60519385729927E-45,4.97841222228891E-60));
#5020=DIRECTION('ref_axis',(0.,0.,1.));
#5021=DIRECTION('center_axis',(-1.,-5.60519385729927E-45,4.97841222228891E-60));
#5022=DIRECTION('ref_axis',(4.97841222228891E-60,2.14608146746925E-93,1.));
#5023=DIRECTION('center_axis',(3.17637355220328E-22,-0.5,-0.866025403784438));
#5024=DIRECTION('ref_axis',(0.999999999999966,-2.24295432535546E-7,1.29497028352402E-7));
#5025=DIRECTION('center_axis',(-1.,-5.60519385729927E-45,4.97841222228891E-60));
#5026=DIRECTION('ref_axis',(0.,0.,1.));
#5027=DIRECTION('center_axis',(-1.,-3.51984843258213E-14,2.70087469591572E-14));
#5028=DIRECTION('ref_axis',(-4.39871550804482E-14,0.866025403784439,-0.499999999999999));
#5029=DIRECTION('center_axis',(3.15544362111996E-30,-0.5,-0.866025403784438));
#5030=DIRECTION('ref_axis',(5.03069808052079E-14,0.866025403784438,-0.5));
#5031=DIRECTION('center_axis',(-1.,-5.60519385729927E-45,4.97841222228891E-60));
#5032=DIRECTION('ref_axis',(-4.85424027355765E-45,0.866025403784438,-0.500000000000001));
#5033=DIRECTION('',(1.,-2.33960460175938E-14,1.35077134662307E-14));
#5034=DIRECTION('center_axis',(-1.,-5.60519385729927E-45,4.97841222228891E-60));
#5035=DIRECTION('ref_axis',(-4.85424027355768E-45,0.866025403784442,-0.499999999999994));
#5036=DIRECTION('center_axis',(-1.,-5.60519385729927E-45,4.97841222228891E-60));
#5037=DIRECTION('ref_axis',(0.,0.,1.));
#5038=DIRECTION('center_axis',(-1.97215226305253E-30,-0.5,-0.866025403784438));
#5039=DIRECTION('ref_axis',(-1.,2.60208521396521E-15,-1.50231459873716E-15));
#5040=DIRECTION('center_axis',(-1.,-5.60519385729927E-45,4.97841222228891E-60));
#5041=DIRECTION('ref_axis',(0.,0.,1.));
#5042=DIRECTION('center_axis',(-1.,-5.60519385729927E-45,4.97841222228891E-60));
#5043=DIRECTION('ref_axis',(4.97841222228891E-60,2.14608146746925E-93,1.));
#5044=DIRECTION('center_axis',(-1.05879118406699E-22,-0.5,-0.866025403784438));
#5045=DIRECTION('ref_axis',(7.18256449108421E-7,-0.866025403784215,0.499999999999871));
#5046=DIRECTION('center_axis',(-3.09396879496091E-31,-0.866025403784439,
0.5));
#5047=DIRECTION('ref_axis',(-1.,3.57260743326997E-31,2.18952885050802E-47));
#5048=DIRECTION('',(-1.,-5.60519385729927E-45,-6.18793758992194E-31));
#5049=DIRECTION('',(2.80259692864963E-45,-0.5,-0.866025403784439));
#5050=DIRECTION('',(-1.,-5.60519385729927E-45,-6.18793758992194E-31));
#5051=DIRECTION('',(2.80259692864963E-45,-0.5,-0.866025403784439));
#5052=DIRECTION('center_axis',(-4.49986253228797E-22,-0.5,-0.866025403784439));
#5053=DIRECTION('ref_axis',(0.999999999999966,-2.24295432535547E-7,1.29497028352401E-7));
#5054=DIRECTION('center_axis',(3.17637355220328E-22,-0.5,-0.866025403784438));
#5055=DIRECTION('ref_axis',(0.999999999999966,-2.24295432535546E-7,1.29497028352402E-7));
#5056=DIRECTION('center_axis',(2.80259692864963E-45,-0.5,-0.866025403784439));
#5057=DIRECTION('ref_axis',(5.03069808052079E-14,0.866025403784439,-0.5));
#5058=DIRECTION('',(2.80259692864963E-45,-0.5,-0.866025403784439));
#5059=DIRECTION('center_axis',(3.15544362111996E-30,-0.5,-0.866025403784438));
#5060=DIRECTION('ref_axis',(5.03069808052079E-14,0.866025403784438,-0.5));
#5061=DIRECTION('center_axis',(2.70154269324613E-14,0.866025403784439,-0.5));
#5062=DIRECTION('ref_axis',(-1.,-5.60519385729927E-45,-5.40308538649227E-14));
#5063=DIRECTION('',(2.80259692864963E-45,-0.5,-0.866025403784439));
#5064=DIRECTION('',(1.,-2.33146835170557E-14,1.35077134662307E-14));
#5065=DIRECTION('center_axis',(-4.53595020502082E-30,-0.5,-0.866025403784439));
#5066=DIRECTION('ref_axis',(-1.,2.60208521396521E-15,-1.50231459873716E-15));
#5067=DIRECTION('center_axis',(-1.97215226305253E-30,-0.5,-0.866025403784438));
#5068=DIRECTION('ref_axis',(-1.,2.60208521396521E-15,-1.50231459873716E-15));
#5069=DIRECTION('center_axis',(-1.05879118406699E-22,-0.5,-0.866025403784439));
#5070=DIRECTION('ref_axis',(7.18256449108422E-7,-0.866025403784215,0.499999999999871));
#5071=DIRECTION('center_axis',(-1.05879118406699E-22,-0.5,-0.866025403784438));
#5072=DIRECTION('ref_axis',(7.18256449108421E-7,-0.866025403784215,0.499999999999871));
#5073=DIRECTION('center_axis',(-1.,-5.60519385729927E-45,4.97841222228891E-60));
#5074=DIRECTION('ref_axis',(0.,0.,1.));
#5075=DIRECTION('center_axis',(-1.,-5.60519385729927E-45,4.97841222228891E-60));
#5076=DIRECTION('ref_axis',(4.97841222228891E-60,2.14608146746925E-93,1.));
#5077=DIRECTION('center_axis',(6.61744490042349E-23,-0.258819045102523,
-0.965925826289068));
#5078=DIRECTION('ref_axis',(0.999999999999966,-2.50169048718636E-7,6.70325945754213E-8));
#5079=DIRECTION('center_axis',(-1.,-5.60519385729927E-45,4.97841222228891E-60));
#5080=DIRECTION('ref_axis',(0.,0.,1.));
#5081=DIRECTION('center_axis',(-1.,4.09895031539275E-14,-1.69784081212916E-14));
#5082=DIRECTION('ref_axis',(4.39871550804494E-14,0.965925826289069,-0.258819045102516));
#5083=DIRECTION('center_axis',(-1.57772181055997E-30,-0.258819045102523,
-0.965925826289068));
#5084=DIRECTION('ref_axis',(5.03069808052079E-14,0.965925826289068,-0.258819045102523));
#5085=DIRECTION('center_axis',(-1.,-5.60519385729927E-45,4.97841222228891E-60));
#5086=DIRECTION('ref_axis',(-5.4142015081222E-45,0.965925826289067,-0.258819045102524));
#5087=DIRECTION('',(1.,-2.60948985822896E-14,6.99210700169663E-15));
#5088=DIRECTION('center_axis',(-1.,-5.60519385729927E-45,4.97841222228891E-60));
#5089=DIRECTION('ref_axis',(-5.41420150812221E-45,0.96592582628907,-0.258819045102516));
#5090=DIRECTION('center_axis',(-1.,-5.60519385729927E-45,4.97841222228891E-60));
#5091=DIRECTION('ref_axis',(0.,0.,1.));
#5092=DIRECTION('center_axis',(9.86076131526279E-32,-0.258819045102523,
-0.965925826289068));
#5093=DIRECTION('ref_axis',(-1.,3.23703807471396E-15,-8.67361737988411E-16));
#5094=DIRECTION('center_axis',(-1.,-5.60519385729927E-45,4.97841222228891E-60));
#5095=DIRECTION('ref_axis',(0.,0.,1.));
#5096=DIRECTION('center_axis',(-1.,-5.60519385729927E-45,4.97841222228891E-60));
#5097=DIRECTION('ref_axis',(4.97841222228891E-60,2.14608146746925E-93,1.));
#5098=DIRECTION('center_axis',(-1.58818677610048E-22,-0.258819045102523,
-0.965925826289068));
#5099=DIRECTION('ref_axis',(7.18256449108422E-7,-0.965925826288819,0.258819045102456));
#5100=DIRECTION('center_axis',(-1.60155609817757E-31,-0.965925826289067,
0.258819045102525));
#5101=DIRECTION('ref_axis',(-1.,1.65805288003375E-31,4.97841222228891E-60));
#5102=DIRECTION('',(1.45073092176073E-45,-0.258819045102525,-0.965925826289067));
#5103=DIRECTION('',(1.,5.60519385729927E-45,6.18793758992194E-31));
#5104=DIRECTION('',(1.45073092176073E-45,-0.258819045102525,-0.965925826289067));
#5105=DIRECTION('',(-1.,-5.60519385729927E-45,-6.18793758992194E-31));
#5106=DIRECTION('center_axis',(-1.3234889800847E-23,-0.258819045102525,
-0.965925826289067));
#5107=DIRECTION('ref_axis',(0.999999999999966,-2.50169048718636E-7,6.70325945754218E-8));
#5108=DIRECTION('center_axis',(6.61744490042349E-23,-0.258819045102523,
-0.965925826289068));
#5109=DIRECTION('ref_axis',(0.999999999999966,-2.50169048718636E-7,6.70325945754213E-8));
#5110=DIRECTION('center_axis',(1.45073092176073E-45,-0.258819045102525,
-0.965925826289067));
#5111=DIRECTION('ref_axis',(5.03069808052079E-14,0.965925826289067,-0.258819045102525));
#5112=DIRECTION('',(1.45073092176073E-45,-0.258819045102525,-0.965925826289067));
#5113=DIRECTION('center_axis',(-1.57772181055997E-30,-0.258819045102523,
-0.965925826289068));
#5114=DIRECTION('ref_axis',(5.03069808052079E-14,0.965925826289068,-0.258819045102523));
#5115=DIRECTION('center_axis',(2.70154269324613E-14,0.965925826289067,-0.258819045102525));
#5116=DIRECTION('ref_axis',(-1.,-3.15544362088405E-30,-1.04379594329157E-13));
#5117=DIRECTION('',(1.45073092176073E-45,-0.258819045102525,-0.965925826289067));
#5118=DIRECTION('',(1.,-2.66453525909208E-14,7.03141248927075E-15));
#5119=DIRECTION('center_axis',(-9.86076131526251E-32,-0.258819045102525,
-0.965925826289067));
#5120=DIRECTION('ref_axis',(-1.,3.23703807471396E-15,-8.67361737988417E-16));
#5121=DIRECTION('center_axis',(9.86076131526279E-32,-0.258819045102523,
-0.965925826289068));
#5122=DIRECTION('ref_axis',(-1.,3.23703807471396E-15,-8.67361737988411E-16));
#5123=DIRECTION('center_axis',(-1.58818677610048E-22,-0.258819045102525,
-0.965925826289067));
#5124=DIRECTION('ref_axis',(7.18256449108421E-7,-0.965925826288818,0.258819045102458));
#5125=DIRECTION('center_axis',(-1.58818677610048E-22,-0.258819045102523,
-0.965925826289068));
#5126=DIRECTION('ref_axis',(7.18256449108422E-7,-0.965925826288819,0.258819045102456));
#5127=DIRECTION('center_axis',(-1.,-5.60519385729927E-45,4.97841222228891E-60));
#5128=DIRECTION('ref_axis',(0.,0.,1.));
#5129=DIRECTION('center_axis',(-1.,-5.60519385729927E-45,4.97841222228891E-60));
#5130=DIRECTION('ref_axis',(4.97841222228891E-60,2.14608146746925E-93,1.));
#5131=DIRECTION('center_axis',(-1.,-5.60519385729927E-45,4.97841222228891E-60));
#5132=DIRECTION('ref_axis',(0.,0.,1.));
#5133=DIRECTION('center_axis',(-1.,-5.60519385729927E-45,4.97841222228891E-60));
#5134=DIRECTION('ref_axis',(-5.60519385729927E-45,1.,9.91270557701032E-16));
#5135=DIRECTION('center_axis',(-1.,-5.60519385729927E-45,4.97841222228891E-60));
#5136=DIRECTION('ref_axis',(-5.60519385729927E-45,1.,-2.14608146744135E-93));
#5137=DIRECTION('center_axis',(-1.,-5.60519385729927E-45,4.97841222228891E-60));
#5138=DIRECTION('ref_axis',(-5.60519385729927E-45,1.,2.3129646346357E-15));
#5139=DIRECTION('center_axis',(-1.,-5.60519385729927E-45,4.97841222228891E-60));
#5140=DIRECTION('ref_axis',(0.,0.,1.));
#5141=DIRECTION('center_axis',(-1.,-5.60519385729927E-45,4.97841222228891E-60));
#5142=DIRECTION('ref_axis',(0.,0.,1.));
#5143=DIRECTION('center_axis',(-1.,-5.60519385729927E-45,4.97841222228891E-60));
#5144=DIRECTION('ref_axis',(4.97841222228891E-60,2.14608146746925E-93,1.));
#5145=DIRECTION('center_axis',(3.80024316776988E-8,-4.44089190160276E-16,
-0.999999999999999));
#5146=DIRECTION('ref_axis',(-1.68764691078705E-23,-1.,4.44089190160276E-16));
#5147=DIRECTION('',(3.80024316776988E-8,-4.44089190160277E-16,-0.999999999999999));
#5148=DIRECTION('center_axis',(-5.79548403377912E-6,-2.56033411475783E-8,
-0.999999999983206));
#5149=DIRECTION('ref_axis',(-0.968135186230566,0.250428155667244,5.60440021585364E-6));
#5150=DIRECTION('center_axis',(-3.80024320411647E-8,1.91108668891706E-15,
0.999999999999999));
#5151=DIRECTION('ref_axis',(0.999999999999999,-2.89120579329468E-15,3.80024320411647E-8));
#5152=DIRECTION('',(3.80024316776988E-8,-4.44089190160277E-16,-0.999999999999999));
#5153=DIRECTION('center_axis',(-3.17129342500641E-15,-1.,4.00627215143372E-15));
#5154=DIRECTION('ref_axis',(0.707106824400413,-5.07530525542928E-15,-0.70710673797268));
#5155=DIRECTION('center_axis',(-2.92651553698231E-15,-1.,3.76149429332815E-15));
#5156=DIRECTION('ref_axis',(0.707106824400413,-4.72913706757215E-15,-0.70710673797268));
#5157=DIRECTION('center_axis',(-3.34400501040788E-15,-1.,3.34400479272557E-15));
#5158=DIRECTION('ref_axis',(-0.707106758171534,0.,-0.70710680420156));
#5159=DIRECTION('center_axis',(-1.91285555831852E-8,-1.89404696025278E-15,
-1.));
#5160=DIRECTION('ref_axis',(-1.,2.89120579329468E-15,1.91285555831852E-8));
#5161=DIRECTION('center_axis',(-2.92651553698231E-15,-1.,3.76149429332815E-15));
#5162=DIRECTION('ref_axis',(-0.707106758171535,-5.90419294683479E-16,-0.707106804201559));
#5163=DIRECTION('center_axis',(1.91285545573174E-8,4.44089191745981E-16,
1.));
#5164=DIRECTION('ref_axis',(-8.49478433262798E-24,1.,-4.44089191745981E-16));
#5165=DIRECTION('center_axis',(-2.47991180094769E-8,4.61384053869785E-8,
-0.999999999999999));
#5166=DIRECTION('ref_axis',(1.,-7.00439706236123E-10,-2.47991183144376E-8));
#5167=DIRECTION('',(1.91285545573174E-8,4.44089191745981E-16,1.));
#5168=DIRECTION('center_axis',(0.00114236828848435,0.999998668231789,-0.00116555966920633));
#5169=DIRECTION('ref_axis',(0.904646953745864,-0.000536724081614388,0.42616147292498));
#5170=DIRECTION('center_axis',(2.06795153138148E-23,-0.965925826289068,
-0.258819045102524));
#5171=DIRECTION('ref_axis',(7.18256449468147E-7,-0.258819045102457,0.965925826288818));
#5172=DIRECTION('center_axis',(-0.999999999999742,-1.85898448386797E-7,
6.93782454427737E-7));
#5173=DIRECTION('ref_axis',(7.18256449455481E-7,-0.258819045102458,0.965925826288818));
#5174=DIRECTION('center_axis',(-1.,-5.60519385729927E-45,-6.18793758992194E-31));
#5175=DIRECTION('ref_axis',(6.18793758992194E-31,3.46845897683817E-75,-1.));
#5176=DIRECTION('center_axis',(-1.,-5.6660141031467E-45,-6.18793758992194E-31));
#5177=DIRECTION('ref_axis',(-4.37553263139293E-31,-0.707106781186543,0.707106781186552));
#5178=DIRECTION('center_axis',(-9.50294979940239E-16,-0.965925826289068,
-0.258819045102524));
#5179=DIRECTION('ref_axis',(0.999999999999966,-6.70325952321267E-8,2.50169047497835E-7));
#5180=DIRECTION('center_axis',(0.00132510175838312,0.999998198830967,0.00135883779450723));
#5181=DIRECTION('ref_axis',(0.908915612042144,-0.000637799157485887,-0.416979619883621));
#5182=DIRECTION('center_axis',(0.000512623424220938,-0.999999799190097,
0.000372608360674073));
#5183=DIRECTION('ref_axis',(0.26489158946052,-0.000223508520705553,-0.96427817349405));
#5184=DIRECTION('center_axis',(-1.,-5.60519385729927E-45,-6.18793758992194E-31));
#5185=DIRECTION('ref_axis',(6.18793758992194E-31,3.46845897683817E-75,-1.));
#5186=DIRECTION('center_axis',(-1.,-5.60519385729927E-45,-6.18793758992194E-31));
#5187=DIRECTION('ref_axis',(6.18793758992194E-31,3.46845897683817E-75,-1.));
#5188=DIRECTION('center_axis',(1.,5.60519385729927E-45,6.18793758992194E-31));
#5189=DIRECTION('ref_axis',(-6.18793758992194E-31,-3.46845897683817E-75,
1.));
#5190=DIRECTION('center_axis',(-3.09396879496091E-31,-0.866025403784439,
0.5));
#5191=DIRECTION('ref_axis',(-1.,3.57260743326997E-31,2.18952885050802E-47));
#5192=DIRECTION('',(2.80259692864963E-45,-0.5,-0.866025403784439));
#5193=DIRECTION('center_axis',(-1.65436122510518E-22,-0.5,-0.866025403784439));
#5194=DIRECTION('ref_axis',(7.18256449325375E-7,-0.866025403784215,0.499999999999871));
#5195=DIRECTION('center_axis',(-1.65436122510519E-22,-0.5,-0.866025403784438));
#5196=DIRECTION('ref_axis',(7.18256449325374E-7,-0.866025403784215,0.499999999999871));
#5197=DIRECTION('center_axis',(4.13590306276297E-23,-0.70710678118655,-0.707106781186545));
#5198=DIRECTION('ref_axis',(7.18256449325374E-7,-0.707106781186363,0.707106781186368));
#5199=DIRECTION('center_axis',(4.75628852217958E-22,-0.70710678118655,-0.707106781186545));
#5200=DIRECTION('ref_axis',(0.999999999999967,-1.83136453051062E-7,1.83136453051064E-7));
#5201=DIRECTION('center_axis',(4.75628852217958E-22,-0.70710678118655,-0.707106781186545));
#5202=DIRECTION('ref_axis',(0.999999999999967,-1.83136453051062E-7,1.83136453051064E-7));
#5203=DIRECTION('center_axis',(4.13590306276297E-23,-0.70710678118655,-0.707106781186545));
#5204=DIRECTION('ref_axis',(7.18256449325374E-7,-0.707106781186363,0.707106781186368));
#5205=DIRECTION('center_axis',(4.13590306276297E-23,-0.70710678118655,-0.707106781186545));
#5206=DIRECTION('ref_axis',(7.18256449325374E-7,-0.707106781186363,0.707106781186368));
#5207=DIRECTION('',(3.99551582316045E-9,-1.,-4.14828552481909E-9));
#5208=DIRECTION('',(-5.60519385729927E-45,1.,-2.14608146744135E-93));
#5209=DIRECTION('center_axis',(-8.42248049914687E-8,3.88578084333589E-15,
0.999999999999997));
#5210=DIRECTION('ref_axis',(4.61358247576766E-8,0.999999999999999,-2.29683153858997E-67));
#5211=DIRECTION('',(-3.06109518681762E-15,-1.,1.52393936916426E-74));
#5212=DIRECTION('',(-3.06109894145179E-15,-1.,1.52394123837592E-74));
#5213=DIRECTION('',(-2.88657986402541E-14,1.,-5.61228841178263E-11));
#5214=DIRECTION('center_axis',(6.70314103314172E-13,5.61228841178263E-11,
1.));
#5215=DIRECTION('ref_axis',(5.60519385729927E-45,-1.,5.61228841178263E-11));
#5216=DIRECTION('',(-2.88657986402541E-14,1.,-5.61228841178263E-11));
#5217=DIRECTION('',(1.,5.42304069383157E-14,-6.70314103317216E-13));
#5218=DIRECTION('center_axis',(-2.88657986402541E-14,1.,-5.61228841178263E-11));
#5219=DIRECTION('ref_axis',(3.20474742762566E-29,-5.61228841178263E-11,
-1.));
#5220=DIRECTION('',(2.88657986402541E-14,-1.,5.61228841178263E-11));
#5221=DIRECTION('center_axis',(2.89731861408095E-14,-1.,5.61223831031709E-11));
#5222=DIRECTION('ref_axis',(1.76507074820248E-29,-5.61223831031709E-11,
-1.));
#5223=DIRECTION('',(-2.88657986402541E-14,1.,-5.61228841178263E-11));
#5224=DIRECTION('',(-2.88657986402541E-14,1.,-5.61228841178263E-11));
#5225=DIRECTION('',(-2.88657986402541E-14,1.,-5.61228841178263E-11));
#5226=DIRECTION('center_axis',(7.16422210872651E-10,1.,1.77945247040415E-8));
#5227=DIRECTION('ref_axis',(0.804448680518332,9.99401700639185E-9,-0.59402215481606));
#5228=DIRECTION('center_axis',(7.77156115611563E-16,5.61228841178263E-11,
1.));
#5229=DIRECTION('ref_axis',(5.60519385729927E-45,-1.,5.61228841178263E-11));
#5230=DIRECTION('',(-2.88657986402541E-14,1.,-5.61228841178263E-11));
#5231=DIRECTION('',(1.,2.89731861407659E-14,-7.77156117237621E-16));
#5232=DIRECTION('center_axis',(7.77156115611563E-16,5.61228841178263E-11,
1.));
#5233=DIRECTION('ref_axis',(5.60519385729927E-45,-1.,5.61228841178263E-11));
#5234=DIRECTION('',(-2.88657986402541E-14,1.,-5.61228841178263E-11));
#5235=DIRECTION('',(1.,2.89731861407659E-14,-7.77156117237621E-16));
#5236=DIRECTION('',(-2.88657986402541E-14,1.,-5.61228841178263E-11));
#5237=DIRECTION('',(-2.88657986402541E-14,1.,-5.61228841178263E-11));
#5238=DIRECTION('center_axis',(-2.88657986402541E-14,1.,-5.61228841178263E-11));
#5239=DIRECTION('ref_axis',(-1.15648231787646E-15,-5.61228841178263E-11,
-1.));
#5240=DIRECTION('',(-2.88657986402541E-14,1.,-5.61228841178263E-11));
#5241=DIRECTION('center_axis',(2.89731861408095E-14,-1.,5.61223831031709E-11));
#5242=DIRECTION('ref_axis',(-1.15648231787647E-15,-5.61223831031709E-11,
-1.));
#5243=DIRECTION('center_axis',(-2.88657986402541E-14,1.,-5.61228841178263E-11));
#5244=DIRECTION('ref_axis',(-1.15648231787713E-15,-5.61228841178263E-11,
-1.));
#5245=DIRECTION('',(-2.88657986402541E-14,1.,-5.61228841178263E-11));
#5246=DIRECTION('center_axis',(2.89731861408095E-14,-1.,5.61223831031709E-11));
#5247=DIRECTION('ref_axis',(-1.15648231787714E-15,-5.61223831031709E-11,
-1.));
#5248=DIRECTION('center_axis',(-2.02189095096135E-7,-5.61228841236615E-11,
-0.99999999999998));
#5249=DIRECTION('ref_axis',(-0.99999999999998,-5.60519385729915E-45,2.02189095096135E-7));
#5250=DIRECTION('',(0.99999999999998,2.89618388069547E-14,-2.02189095096135E-7));
#5251=DIRECTION('center_axis',(-4.52128654660896E-10,1.,1.12323048196682E-8));
#5252=DIRECTION('ref_axis',(0.80445015663834,-6.30850049179532E-9,0.59402015578981));
#5253=DIRECTION('',(3.05311331771918E-15,1.,-3.88578058618805E-15));
#5254=DIRECTION('center_axis',(0.999999999999999,-3.05311317005006E-15,
3.80024316776988E-8));
#5255=DIRECTION('ref_axis',(5.60519385729925E-45,-0.999999999999997,-8.03399423474717E-8));
#5256=DIRECTION('center_axis',(-1.,3.05311339204855E-15,1.91285545573174E-8));
#5257=DIRECTION('ref_axis',(3.05311339204855E-15,1.,-1.51996570270085E-74));
#5258=DIRECTION('',(3.05311331771918E-15,1.,-3.88578058618805E-15));
#5259=DIRECTION('',(1.91285548710138E-8,7.08949637703148E-10,1.));
#5260=DIRECTION('center_axis',(-1.85810315624208E-9,1.,2.87228463393136E-9));
#5261=DIRECTION('ref_axis',(0.906236953815393,4.69565593660382E-10,0.422770130850557));
#5262=DIRECTION('center_axis',(2.89731861408095E-14,-1.,5.61223831031709E-11));
#5263=DIRECTION('ref_axis',(-1.,-2.89731861408095E-14,4.97841222228891E-60));
#5264=DIRECTION('center_axis',(2.89731861408095E-14,-1.,5.61223831031709E-11));
#5265=DIRECTION('ref_axis',(-1.,-2.89731861408095E-14,4.97841222228891E-60));
#5266=DIRECTION('center_axis',(2.89731861408095E-14,-1.,5.61223831031709E-11));
#5267=DIRECTION('ref_axis',(-1.,-2.89731861408095E-14,4.97841222228891E-60));
#5268=DIRECTION('center_axis',(2.89731861408095E-14,-1.,5.61223831031709E-11));
#5269=DIRECTION('ref_axis',(-1.,-2.89731861408095E-14,4.97841222228891E-60));
#5270=DIRECTION('center_axis',(2.89731861408095E-14,-1.,5.61223831031709E-11));
#5271=DIRECTION('ref_axis',(-1.,-2.89731861408095E-14,4.97841222228891E-60));
#5272=DIRECTION('center_axis',(2.89731861408095E-14,-1.,5.61223831031709E-11));
#5273=DIRECTION('ref_axis',(-1.,-2.89731861408095E-14,4.97841222228891E-60));
#5274=DIRECTION('center_axis',(2.89731861408095E-14,-1.,5.61223831031709E-11));
#5275=DIRECTION('ref_axis',(-1.,-2.89731861408095E-14,4.97841222228891E-60));
#5276=DIRECTION('',(4.97841222228891E-60,2.14608146746925E-93,1.));
#5277=DIRECTION('center_axis',(4.97841222228891E-60,2.14608146746925E-93,
1.));
#5278=DIRECTION('ref_axis',(-0.989028996275214,-0.147721510034398,4.92379404325466E-60));
#5279=CARTESIAN_POINT('',(0.,0.,0.));
#5280=CARTESIAN_POINT('Origin',(-0.0643405762064786,21.1284635035206,-46.2469953449687));
#5281=CARTESIAN_POINT('',(16.0480332777933,21.1284635029992,-54.5966594518858));
#5282=CARTESIAN_POINT('',(-16.1767782629889,21.1284635034392,-54.5966591690684));
#5283=CARTESIAN_POINT('',(-9.64468117061726,21.1284635035206,-54.5966588704897));
#5284=CARTESIAN_POINT('',(18.9263310293154,21.1284635439356,-50.6928097093761));
#5285=CARTESIAN_POINT('Ctrl Pts',(18.9262169971193,21.1284635043346,-50.6928033071748));
#5286=CARTESIAN_POINT('Ctrl Pts',(18.901272889192,21.1284635043097,-51.1370928968628));
#5287=CARTESIAN_POINT('Ctrl Pts',(18.8265074614204,21.1284635042847,-51.5814937527322));
#5288=CARTESIAN_POINT('Ctrl Pts',(18.6993346256543,21.1284635042608,-52.0074093192182));
#5289=CARTESIAN_POINT('Ctrl Pts',(18.5706840203341,21.1284635042366,-52.4382740955963));
#5290=CARTESIAN_POINT('Ctrl Pts',(18.38637590016,21.1284635042131,-52.8567312295372));
#5291=CARTESIAN_POINT('Ctrl Pts',(18.1415480939836,21.128463504192,-53.2323819879362));
#5292=CARTESIAN_POINT('Ctrl Pts',(17.8874825185911,21.1284635041702,-53.6222066878745));
#5293=CARTESIAN_POINT('Ctrl Pts',(17.5857677910288,21.1284635041574,-53.9391530052153));
#5294=CARTESIAN_POINT('Ctrl Pts',(17.2508222165644,21.1284635041444,-54.1702019037802));
#5295=CARTESIAN_POINT('Ctrl Pts',(17.0473367792068,21.1284635041365,-54.3105682491205));
#5296=CARTESIAN_POINT('Ctrl Pts',(16.8264078767915,21.1284635041252,-54.4226408450313));
#5297=CARTESIAN_POINT('Ctrl Pts',(16.5909524253787,21.128463504121,-54.4971785084925));
#5298=CARTESIAN_POINT('Ctrl Pts',(16.4141332346422,21.1284635041178,-54.5531538076564));
#5299=CARTESIAN_POINT('Ctrl Pts',(16.2324373679012,21.1284635041159,-54.586882910379));
#5300=CARTESIAN_POINT('Ctrl Pts',(16.0480350675281,21.1284635041154,-54.5966595552302));
#5301=CARTESIAN_POINT('',(14.9370319491303,21.1284635027631,-46.5872927491919));
#5302=CARTESIAN_POINT('Ctrl Pts',(14.9370319491303,21.1284635035205,-46.5872927493603));
#5303=CARTESIAN_POINT('Ctrl Pts',(15.2250388583122,21.1284635035205,-46.5872927493603));
#5304=CARTESIAN_POINT('Ctrl Pts',(15.5166580177356,21.1284635035187,-46.6247698401069));
#5305=CARTESIAN_POINT('Ctrl Pts',(15.7977945469174,21.128463503515,-46.6906068076006));
#5306=CARTESIAN_POINT('Ctrl Pts',(16.0970495095518,21.1284635035111,-46.7606867765916));
#5307=CARTESIAN_POINT('Ctrl Pts',(16.3909965269687,21.1284635035052,-46.8643804751424));
#5308=CARTESIAN_POINT('Ctrl Pts',(16.6687636694971,21.1284635034978,-46.9968602007715));
#5309=CARTESIAN_POINT('Ctrl Pts',(17.0874598460697,21.1284635034866,-47.1965553630192));
#5310=CARTESIAN_POINT('Ctrl Pts',(17.4770769687871,21.1284635034714,-47.4653214240814));
#5311=CARTESIAN_POINT('Ctrl Pts',(17.8024883669784,21.1284635034528,-47.7965514142704));
#5312=CARTESIAN_POINT('Ctrl Pts',(18.1524087539252,21.1284635034329,-48.1527286317237));
#5313=CARTESIAN_POINT('Ctrl Pts',(18.4102874588482,21.128463503407,-48.5621869927607));
#5314=CARTESIAN_POINT('Ctrl Pts',(18.5864095767994,21.1284635033851,-48.952126794513));
#5315=CARTESIAN_POINT('Ctrl Pts',(18.7138668636076,21.1284635033693,-49.2343211590142));
#5316=CARTESIAN_POINT('Ctrl Pts',(18.8072525171979,21.1284635033521,-49.5261874726842));
#5317=CARTESIAN_POINT('Ctrl Pts',(18.8656971914437,21.1284635033351,-49.8296419084784));
#5318=CARTESIAN_POINT('Ctrl Pts',(18.9205031625122,21.1284635033191,-50.1142035942665));
#5319=CARTESIAN_POINT('Ctrl Pts',(18.9433602123747,21.1284635033065,-50.4031362789983));
#5320=CARTESIAN_POINT('Ctrl Pts',(18.9356478095128,21.1284635032902,-50.6927000338594));
#5321=CARTESIAN_POINT('',(12.1102801026087,21.1284635027633,-46.5872927491936));
#5322=CARTESIAN_POINT('',(6.02296976320122,21.1284635035206,-46.5872927493657));
#5323=CARTESIAN_POINT('',(11.6102804288242,21.1284635034362,-46.0872927070811));
#5324=CARTESIAN_POINT('Origin',(12.1102801026083,21.1284635035299,-46.087292749362));
#5325=CARTESIAN_POINT('',(11.610280552394,21.128463503142,-40.7469942634582));
#5326=CARTESIAN_POINT('',(11.6102806569007,21.1284635035206,-43.4969945823815));
#5327=CARTESIAN_POINT('',(9.27802400789564,21.1284635027635,-37.746994459893));
#5328=CARTESIAN_POINT('Ctrl Pts',(9.27802400789564,21.1284635035206,-37.746994459893));
#5329=CARTESIAN_POINT('Ctrl Pts',(9.83842589999516,21.1284635035205,-37.8783056576465));
#5330=CARTESIAN_POINT('Ctrl Pts',(10.3576350382598,21.1284635035204,-38.1713610070413));
#5331=CARTESIAN_POINT('Ctrl Pts',(10.7531232810113,21.1284635035204,-38.5825940295531));
#5332=CARTESIAN_POINT('Ctrl Pts',(11.2999740971058,21.1284635035203,-39.1512155197925));
#5333=CARTESIAN_POINT('Ctrl Pts',(11.6102799909777,21.1284635035204,-39.9457837135369));
#5334=CARTESIAN_POINT('Ctrl Pts',(11.6102805523939,21.1284635035204,-40.7469942634582));
#5335=CARTESIAN_POINT('',(8.62111254488927,21.1284635027634,-37.6697446955422));
#5336=CARTESIAN_POINT('Ctrl Pts',(8.62111254488917,21.1284635035206,-37.6697446957106));
#5337=CARTESIAN_POINT('Ctrl Pts',(8.84303246561759,21.1284635035206,-37.6701745656179));
#5338=CARTESIAN_POINT('Ctrl Pts',(9.06354513513728,21.1284635035206,-37.6967386024853));
#5339=CARTESIAN_POINT('Ctrl Pts',(9.27802400789556,21.1284635035206,-37.7469944600613));
#5340=CARTESIAN_POINT('',(-0.0643406796211909,21.1284635027633,-37.6660118945801));
#5341=CARTESIAN_POINT('Ctrl Pts',(-0.0643406796212864,21.1284635035206,
-37.6660118947485));
#5342=CARTESIAN_POINT('Ctrl Pts',(1.38323246154874,21.1284635035206,-37.6660118947485));
#5343=CARTESIAN_POINT('Ctrl Pts',(2.83080927355009,21.1284635035205,-37.6655430838656));
#5344=CARTESIAN_POINT('Ctrl Pts',(5.7259620090291,21.1284635035205,-37.6660074731125));
#5345=CARTESIAN_POINT('Ctrl Pts',(7.1735387195753,21.1284635035206,-37.6669406733223));
#5346=CARTESIAN_POINT('Ctrl Pts',(8.6211125448892,21.1284635035206,-37.6697446957105));
#5347=CARTESIAN_POINT('',(-8.74979390415099,21.1284635027635,-37.6697446955423));
#5348=CARTESIAN_POINT('Ctrl Pts',(-8.74979390415109,21.1284635035207,-37.6697446957107));
#5349=CARTESIAN_POINT('Ctrl Pts',(-7.30222007883534,21.1284635035206,-37.6669406733224));
#5350=CARTESIAN_POINT('Ctrl Pts',(-5.85464336829166,21.1284635035206,-37.6660074731126));
#5351=CARTESIAN_POINT('Ctrl Pts',(-2.95949063280322,21.1284635035205,-37.6655430838656));
#5352=CARTESIAN_POINT('Ctrl Pts',(-1.51191382079356,21.1284635035206,-37.6660118947485));
#5353=CARTESIAN_POINT('Ctrl Pts',(-0.0643406796212869,21.1284635035206,
-37.6660118947485));
#5354=CARTESIAN_POINT('',(-9.40671208334044,21.1284635027635,-37.7469960336112));
#5355=CARTESIAN_POINT('Ctrl Pts',(-9.40671208334051,21.1284635035207,-37.7469960337796));
#5356=CARTESIAN_POINT('Ctrl Pts',(-9.19223109781712,21.1284635035207,-37.6967391570385));
#5357=CARTESIAN_POINT('Ctrl Pts',(-8.9717161412774,21.1284635035207,-37.670174570105));
#5358=CARTESIAN_POINT('Ctrl Pts',(-8.74979390415106,21.1284635035207,-37.6697446957107));
#5359=CARTESIAN_POINT('',(-11.7389619404665,21.1284635035207,-40.7469942634583));
#5360=CARTESIAN_POINT('Ctrl Pts',(-11.7389619116556,21.1284635035206,-40.7469942634583));
#5361=CARTESIAN_POINT('Ctrl Pts',(-11.7389613502394,21.1284635035206,-39.945783713537));
#5362=CARTESIAN_POINT('Ctrl Pts',(-11.4286554563676,21.1284635035206,-39.1512155197926));
#5363=CARTESIAN_POINT('Ctrl Pts',(-10.8818046402731,21.1284635035206,-38.5825940295531));
#5364=CARTESIAN_POINT('Ctrl Pts',(-10.4863179774427,21.1284635035207,-38.1713626498606));
#5365=CARTESIAN_POINT('Ctrl Pts',(-9.9671114075929,21.1284635035208,-37.8783079990799));
#5366=CARTESIAN_POINT('Ctrl Pts',(-9.40671208334046,21.1284635035209,-37.7469960336112));
#5367=CARTESIAN_POINT('',(-11.7389617663924,21.1284635034362,-46.0872927070813));
#5368=CARTESIAN_POINT('',(-11.7389621555446,21.1284635035206,-50.4969956758473));
#5369=CARTESIAN_POINT('',(-12.2389614618703,21.1284635027633,-46.5872927491938));
#5370=CARTESIAN_POINT('Origin',(-12.2389614618701,21.1284635035292,-46.0872927493622));
#5371=CARTESIAN_POINT('',(-15.0657108488212,21.1284635027632,-46.587292749192));
#5372=CARTESIAN_POINT('',(-7.56502571251395,21.1284635035206,-46.5872927493654));
#5373=CARTESIAN_POINT('',(-19.0551672322534,21.1284635319348,-50.690367821761));
#5374=CARTESIAN_POINT('Ctrl Pts',(-19.0644012234118,21.1284635035206,-50.6898337890217));
#5375=CARTESIAN_POINT('Ctrl Pts',(-19.0718926789779,21.1284635035368,-50.4007380031834));
#5376=CARTESIAN_POINT('Ctrl Pts',(-19.0488930868124,21.1284635035494,-50.1122439038965));
#5377=CARTESIAN_POINT('Ctrl Pts',(-18.9940708496065,21.1284635035654,-49.828161942545));
#5378=CARTESIAN_POINT('Ctrl Pts',(-18.9355545020743,21.1284635035824,-49.5249375645308));
#5379=CARTESIAN_POINT('Ctrl Pts',(-18.8421738484685,21.1284635035995,-49.2332997551595));
#5380=CARTESIAN_POINT('Ctrl Pts',(-18.7147223444546,21.1284635036154,-48.9512783603886));
#5381=CARTESIAN_POINT('Ctrl Pts',(-18.5383102757044,21.1284635036373,-48.5609182930964));
#5382=CARTESIAN_POINT('Ctrl Pts',(-18.2801747974328,21.1284635036631,-48.1515998158928));
#5383=CARTESIAN_POINT('Ctrl Pts',(-17.9304219234017,21.1284635036831,-47.7957846273804));
#5384=CARTESIAN_POINT('Ctrl Pts',(-17.6048978656062,21.1284635037016,-47.4646182164947));
#5385=CARTESIAN_POINT('Ctrl Pts',(-17.2151794250516,21.1284635037169,-47.1959346096193));
#5386=CARTESIAN_POINT('Ctrl Pts',(-16.7963985476735,21.1284635037281,-46.9963413154233));
#5387=CARTESIAN_POINT('Ctrl Pts',(-16.5187768812399,21.1284635037355,-46.8640252858792));
#5388=CARTESIAN_POINT('Ctrl Pts',(-16.2250050174017,21.1284635037414,-46.760462659832));
#5389=CARTESIAN_POINT('Ctrl Pts',(-15.9259355157427,21.1284635037454,-46.6904725690916));
#5390=CARTESIAN_POINT('Ctrl Pts',(-15.6449676774538,21.1284635037491,-46.624718741343));
#5391=CARTESIAN_POINT('Ctrl Pts',(-15.3535362331279,21.1284635037509,-46.5872927493604));
#5392=CARTESIAN_POINT('Ctrl Pts',(-15.0657108488213,21.1284635037509,-46.5872927493604));
#5393=CARTESIAN_POINT('Ctrl Pts',(-16.1767782469812,21.1284635035206,-54.5966595163385));
#5394=CARTESIAN_POINT('Ctrl Pts',(-16.4589971084699,21.1284635035206,-54.5816967383001));
#5395=CARTESIAN_POINT('Ctrl Pts',(-16.7321447614737,21.1284635035269,-54.510822314721));
#5396=CARTESIAN_POINT('Ctrl Pts',(-17.2480534782545,21.1284635035269,-54.274379539477));
#5397=CARTESIAN_POINT('Ctrl Pts',(-17.4841969914693,21.1284635035307,-54.1111507667154));
#5398=CARTESIAN_POINT('Ctrl Pts',(-18.0560520289798,21.1284635035307,-53.5878875562659));
#5399=CARTESIAN_POINT('Ctrl Pts',(-18.341017056271,21.1284635035243,-53.1714816119639));
#5400=CARTESIAN_POINT('Ctrl Pts',(-18.8526396338236,21.1284635035243,-52.0971000658354));
#5401=CARTESIAN_POINT('Ctrl Pts',(-19.0160171978962,21.1284635035206,-51.3915316662689));
#5402=CARTESIAN_POINT('Ctrl Pts',(-19.055095666757,21.1284635035206,-50.6903638331724));
#5403=CARTESIAN_POINT('',(-15.0657108488213,21.1284635033607,-49.0872927500016));
#5404=CARTESIAN_POINT('Origin',(-15.0657108488213,21.1284635032766,-50.5872927492762));
#5405=CARTESIAN_POINT('',(14.9370319491302,21.1284635033616,-49.0872927500006));
#5406=CARTESIAN_POINT('Origin',(14.9370319491302,21.1284635032774,-50.5872927492761));
#5407=CARTESIAN_POINT('',(-10.5389619307843,21.128463503238,-40.7469950526945));
#5408=CARTESIAN_POINT('',(-10.5389613867121,21.1284635033738,-51.6779108368007));
#5409=CARTESIAN_POINT('',(-10.5389621555446,21.1284635035206,-50.4969956988015));
#5410=CARTESIAN_POINT('',(-10.0160112139106,21.1284635028589,-39.4134998330415));
#5411=CARTESIAN_POINT('Ctrl Pts',(-10.0160112139106,21.1284635035206,-39.4134998330415));
#5412=CARTESIAN_POINT('Ctrl Pts',(-10.1851925034613,21.1284635035206,-39.5918671021591));
#5413=CARTESIAN_POINT('Ctrl Pts',(-10.3163305525946,21.1284635035207,-39.8070019901759));
#5414=CARTESIAN_POINT('Ctrl Pts',(-10.4918822412557,21.1284635035207,-40.262068934635));
#5415=CARTESIAN_POINT('Ctrl Pts',(-10.5389617421029,21.1284635035206,-40.5050219737489));
#5416=CARTESIAN_POINT('Ctrl Pts',(-10.5389619116559,21.1284635035206,-40.7469951043102));
#5417=CARTESIAN_POINT('',(-9.24999491875563,21.1284635035207,-38.9469960204118));
#5418=CARTESIAN_POINT('Ctrl Pts',(-9.24999491875562,21.1284635035207,-38.9469960204118));
#5419=CARTESIAN_POINT('Ctrl Pts',(-9.54136279574651,21.1284635035206,-39.0364008501783));
#5420=CARTESIAN_POINT('Ctrl Pts',(-9.81378732946958,21.1284635035205,-39.2035438911193));
#5421=CARTESIAN_POINT('Ctrl Pts',(-10.0160112139106,21.1284635035205,-39.4134998330415));
#5422=CARTESIAN_POINT('',(9.12130851679644,21.1284635035207,-38.9469944730923));
#5423=CARTESIAN_POINT('',(-2.0418800634794,21.1284635035207,-38.9469954133097));
#5424=CARTESIAN_POINT('',(9.88732985464856,21.128463502858,-39.4134998330412));
#5425=CARTESIAN_POINT('Ctrl Pts',(9.88732985464853,21.1284635035207,-39.4134998330412));
#5426=CARTESIAN_POINT('Ctrl Pts',(9.68510480357973,21.1284635035207,-39.2035426798852));
#5427=CARTESIAN_POINT('Ctrl Pts',(9.41267827246338,21.1284635035208,-39.0363989506138));
#5428=CARTESIAN_POINT('Ctrl Pts',(9.12130851679644,21.1284635035208,-38.9469944730923));
#5429=CARTESIAN_POINT('',(10.4102805523941,21.1284635032355,-40.7469950541237));
#5430=CARTESIAN_POINT('Ctrl Pts',(10.4102805523942,21.1284635035206,-40.7469951043101));
#5431=CARTESIAN_POINT('Ctrl Pts',(10.4102802075158,21.1284635035206,-40.2548107575468));
#5432=CARTESIAN_POINT('Ctrl Pts',(10.2155220203575,21.1284635035205,-39.7595117383686));
#5433=CARTESIAN_POINT('Ctrl Pts',(9.88732985464839,21.1284635035206,-39.413499833041));
#5434=CARTESIAN_POINT('',(10.4102802996659,21.1284635034685,-51.6779104257138));
#5435=CARTESIAN_POINT('',(10.4102806569007,21.1284635035206,-43.4969946279844));
#5436=CARTESIAN_POINT('',(8.60787983823976,21.1284635021963,-53.4779088889722));
#5437=CARTESIAN_POINT('Ctrl Pts',(8.60787983823966,21.1284635035205,-53.4779088891406));
#5438=CARTESIAN_POINT('Ctrl Pts',(9.07148951968477,21.1284635035205,-53.4779088891406));
#5439=CARTESIAN_POINT('Ctrl Pts',(9.54795472622579,21.128463503521,-53.2840082069128));
#5440=CARTESIAN_POINT('Ctrl Pts',(9.88265215494678,21.1284635035206,-52.9499653644218));
#5441=CARTESIAN_POINT('Ctrl Pts',(10.2173495836678,21.1284635035202,-52.6159225219308));
#5442=CARTESIAN_POINT('Ctrl Pts',(10.4102792345687,21.1284635035189,-52.1417375191766));
#5443=CARTESIAN_POINT('Ctrl Pts',(10.4102796317399,21.1284635035189,-51.6779104258272));
#5444=CARTESIAN_POINT('',(0.235624375130938,21.1284635034191,-53.4779089495424));
#5445=CARTESIAN_POINT('',(0.0856418994622429,21.1284635035206,-53.4779088891406));
#5446=CARTESIAN_POINT('',(-0.364342727758704,21.1284635024501,-53.4779088889722));
#5447=CARTESIAN_POINT('',(-0.214342382988531,21.1284635035206,-53.477908919469));
#5448=CARTESIAN_POINT('',(-8.7365611975013,21.1284635021966,-53.4779088889723));
#5449=CARTESIAN_POINT('',(-4.40045088685389,21.1284635035206,-53.4779088891406));
#5450=CARTESIAN_POINT('Ctrl Pts',(-10.5389609910017,21.1284635035206,-51.6779104258273));
#5451=CARTESIAN_POINT('Ctrl Pts',(-10.5389605938304,21.1284635035206,-52.1417375191768));
#5452=CARTESIAN_POINT('Ctrl Pts',(-10.3460309429295,21.1284635035219,-52.6159225219309));
#5453=CARTESIAN_POINT('Ctrl Pts',(-10.0113335142085,21.1284635035223,-52.9499653644219));
#5454=CARTESIAN_POINT('Ctrl Pts',(-9.67663608548752,21.1284635035227,-53.2840082069129));
#5455=CARTESIAN_POINT('Ctrl Pts',(-9.20017087894647,21.1284635035222,-53.4779088891407));
#5456=CARTESIAN_POINT('Ctrl Pts',(-8.73656119750137,21.1284635035222,-53.4779088891407));
#5457=CARTESIAN_POINT('Ctrl Pts',(-10.5389619116559,18.1284635023847,-40.7469951043102));
#5458=CARTESIAN_POINT('Ctrl Pts',(-10.5389619116559,29.6484635023855,-40.7469951043102));
#5459=CARTESIAN_POINT('Ctrl Pts',(-10.5389615667299,18.1284635023847,-40.2547428764705));
#5460=CARTESIAN_POINT('Ctrl Pts',(-10.5389615667299,29.6484635023855,-40.2547428764705));
#5461=CARTESIAN_POINT('Ctrl Pts',(-10.1493377424661,18.1284635023847,-39.2640073575629));
#5462=CARTESIAN_POINT('Ctrl Pts',(-10.1493377424661,29.6484635023855,-39.2640073575629));
#5463=CARTESIAN_POINT('Ctrl Pts',(-9.2258646102668,18.1284635023849,-38.8706691194371));
#5464=CARTESIAN_POINT('Ctrl Pts',(-9.2258646102668,29.6484635023857,-38.8706691194371));
#5465=CARTESIAN_POINT('Ctrl Pts',(-8.7474694489181,18.1284635023849,-38.8697424442518));
#5466=CARTESIAN_POINT('Ctrl Pts',(-8.7474694489181,29.6484635023857,-38.8697424442518));
#5467=CARTESIAN_POINT('',(-10.53896193461,26.1284635026478,-40.7469950002889));
#5468=CARTESIAN_POINT('',(-10.5389619116559,18.1284635023847,-40.7469951043102));
#5469=CARTESIAN_POINT('',(-10.2908763697981,26.128463524233,-39.7916005768157));
#5470=CARTESIAN_POINT('Ctrl Pts',(-10.290876369797,26.1284635022651,-39.7916005768163));
#5471=CARTESIAN_POINT('Ctrl Pts',(-10.4499506629688,26.1284635022651,-40.0800968115871));
#5472=CARTESIAN_POINT('Ctrl Pts',(-10.5389616599523,26.1284635022651,-40.4142576574144));
#5473=CARTESIAN_POINT('Ctrl Pts',(-10.5389619116558,26.1284635022651,-40.7469950002889));
#5474=CARTESIAN_POINT('',(-10.0160680059176,26.1284635023148,-39.4134446498144));
#5475=CARTESIAN_POINT('Origin',(-9.20643035731823,26.128463658588,-40.575070620294));
#5476=CARTESIAN_POINT('',(-10.0160111859753,26.1284635023044,-39.413499804038));
#5477=CARTESIAN_POINT('Origin',(-10.538962236841,18.1284635035206,-54.7469962529987));
#5478=CARTESIAN_POINT('',(-10.5389615845674,26.1284635031874,-51.6779104609063));
#5479=CARTESIAN_POINT('',(-10.5389609910016,18.1284635023839,-51.6779104256589));
#5480=CARTESIAN_POINT('',(-10.5389619116555,26.1284635035207,-37.7469962529988));
#5481=CARTESIAN_POINT('Ctrl Pts',(-10.5389609910016,18.1284635023839,-51.6779104256589));
#5482=CARTESIAN_POINT('Ctrl Pts',(-10.5389609910018,29.6484635026547,-51.6779104263055));
#5483=CARTESIAN_POINT('Ctrl Pts',(-10.5389605938303,18.1284635023839,-52.1417375190084));
#5484=CARTESIAN_POINT('Ctrl Pts',(-10.5389605938305,29.6484635026547,-52.141737519655));
#5485=CARTESIAN_POINT('Ctrl Pts',(-10.1531012920285,18.1284635023864,-53.0901075245167));
#5486=CARTESIAN_POINT('Ctrl Pts',(-10.1531012920287,29.6484635026572,-53.0901075251633));
#5487=CARTESIAN_POINT('Ctrl Pts',(-9.20017087894641,18.1284635023855,-53.4779088889723));
#5488=CARTESIAN_POINT('Ctrl Pts',(-9.20017087894665,29.6484635026563,-53.4779088896189));
#5489=CARTESIAN_POINT('Ctrl Pts',(-8.73656119750131,18.1284635023855,-53.4779088889723));
#5490=CARTESIAN_POINT('Ctrl Pts',(-8.73656119750155,29.6484635026563,-53.4779088896189));
#5491=CARTESIAN_POINT('',(-8.73656119750154,26.1284635023847,-53.4779088894212));
#5492=CARTESIAN_POINT('',(-8.73656119750131,18.1284635023847,-53.4779088889722));
#5493=CARTESIAN_POINT('',(-10.5104882271047,26.1284635025499,-52.0262394295406));
#5494=CARTESIAN_POINT('Ctrl Pts',(-10.5036034190387,26.1284635035214,-52.0252847337791));
#5495=CARTESIAN_POINT('Ctrl Pts',(-10.4881165757937,26.1284635032678,-52.101619305353));
#5496=CARTESIAN_POINT('Ctrl Pts',(-10.4676045007017,26.1284635030708,-52.1774580101021));
#5497=CARTESIAN_POINT('Ctrl Pts',(-10.442245269456,26.1284635029178,-52.2520027740846));
#5498=CARTESIAN_POINT('Ctrl Pts',(-10.4159337274011,26.128463502759,-52.3293469046494));
#5499=CARTESIAN_POINT('Ctrl Pts',(-10.384404172861,26.1284635026476,-52.4052969485011));
#5500=CARTESIAN_POINT('Ctrl Pts',(-10.3479106899133,26.1284635025694,-52.4789552463136));
#5501=CARTESIAN_POINT('Ctrl Pts',(-10.3114290858178,26.1284635024912,-52.552589567899));
#5502=CARTESIAN_POINT('Ctrl Pts',(-10.2699871952416,26.1284635024463,-52.6239323767886));
#5503=CARTESIAN_POINT('Ctrl Pts',(-10.223889131544,26.1284635024204,-52.6920990935211));
#5504=CARTESIAN_POINT('Ctrl Pts',(-10.1792020945117,26.1284635023954,-52.7581792789055));
#5505=CARTESIAN_POINT('Ctrl Pts',(-10.1301401580217,26.1284635023883,-52.8212738512367));
#5506=CARTESIAN_POINT('Ctrl Pts',(-10.0770198664056,26.1284635023863,-52.8806047211423));
#5507=CARTESIAN_POINT('Ctrl Pts',(-10.0557664042419,26.1284635023855,-52.9043430395949));
#5508=CARTESIAN_POINT('Ctrl Pts',(-10.0338636832109,26.1284635023855,-52.927479259195));
#5509=CARTESIAN_POINT('Ctrl Pts',(-10.0113335142086,26.1284635023856,-52.9499653647025));
#5510=CARTESIAN_POINT('Ctrl Pts',(-9.67663608548763,26.128463502386,-53.2840082071935));
#5511=CARTESIAN_POINT('Ctrl Pts',(-9.20017087894663,26.1284635023855,-53.4779088894213));
#5512=CARTESIAN_POINT('Ctrl Pts',(-8.73656119750151,26.1284635023847,-53.4779088894213));
#5513=CARTESIAN_POINT('Origin',(-9.2074905924515,26.1284635933811,-51.895785016122));
#5514=CARTESIAN_POINT('Ctrl Pts',(9.27802400789563,18.1284635023849,-37.746994459893));
#5515=CARTESIAN_POINT('Ctrl Pts',(9.27802400789567,29.6484635023849,-37.746994459893));
#5516=CARTESIAN_POINT('Ctrl Pts',(9.83842589999515,18.1284635023848,-37.8783056576465));
#5517=CARTESIAN_POINT('Ctrl Pts',(9.83842589999519,29.6484635023848,-37.8783056576465));
#5518=CARTESIAN_POINT('Ctrl Pts',(11.0755576217692,18.1284635023846,-38.576575472742));
#5519=CARTESIAN_POINT('Ctrl Pts',(11.0755576217692,29.6484635023846,-38.576575472742));
#5520=CARTESIAN_POINT('Ctrl Pts',(11.6102799909777,18.1284635023847,-39.9457837135369));
#5521=CARTESIAN_POINT('Ctrl Pts',(11.6102799909777,29.6484635023847,-39.9457837135369));
#5522=CARTESIAN_POINT('Ctrl Pts',(11.6102805523939,18.1284635023847,-40.7469942634582));
#5523=CARTESIAN_POINT('Ctrl Pts',(11.6102805523939,29.6484635023847,-40.7469942634582));
#5524=CARTESIAN_POINT('',(11.6102805524609,26.1284635032111,-40.7469942635044));
#5525=CARTESIAN_POINT('',(11.610280552394,18.1284635035207,-40.7469942634582));
#5526=CARTESIAN_POINT('',(11.4399809040831,26.1284635022696,-39.7225956740129));
#5527=CARTESIAN_POINT('Ctrl Pts',(11.4399809041726,26.1284635028816,-39.7225956739819));
#5528=CARTESIAN_POINT('Ctrl Pts',(11.5514859893981,26.1284635029772,-40.0507454103524));
#5529=CARTESIAN_POINT('Ctrl Pts',(11.6102803081887,26.1284635030751,-40.3982405677164));
#5530=CARTESIAN_POINT('Ctrl Pts',(11.6102805525987,26.1284635031754,-40.7469942635044));
#5531=CARTESIAN_POINT('',(10.3598194909848,26.1284635023847,-38.2410777625346));
#5532=CARTESIAN_POINT('Ctrl Pts',(10.3598194909848,26.1284635023847,-38.2410777625346));
#5533=CARTESIAN_POINT('Ctrl Pts',(10.5008362764947,26.1284635024297,-38.3431424345136));
#5534=CARTESIAN_POINT('Ctrl Pts',(10.6327138961684,26.128463502475,-38.4573910274965));
#5535=CARTESIAN_POINT('Ctrl Pts',(10.7531232810443,26.1284635025206,-38.5825940295758));
#5536=CARTESIAN_POINT('Ctrl Pts',(11.0619389849463,26.1284635026377,-38.9037039933681));
#5537=CARTESIAN_POINT('Ctrl Pts',(11.2953193831855,26.1284635027576,-39.2968694402508));
#5538=CARTESIAN_POINT('Ctrl Pts',(11.4399809041726,26.1284635028816,-39.7225956739819));
#5539=CARTESIAN_POINT('',(9.27802400794211,26.1284635032888,-37.7469944600236));
#5540=CARTESIAN_POINT('Origin',(8.91009612143953,26.1284635154913,-39.998770159912));
#5541=CARTESIAN_POINT('',(9.27802400789562,18.1284635035207,-37.746994459893));
#5542=CARTESIAN_POINT('Origin',(11.610280552394,18.1284635035207,-40.7469942634582));
#5543=CARTESIAN_POINT('',(11.6102804289732,26.1284635023977,-46.0872927075302));
#5544=CARTESIAN_POINT('',(11.6102807553383,18.1284635019124,-46.0872927681948));
#5545=CARTESIAN_POINT('',(11.610280552394,26.1284635035207,-40.7469942634582));
#5546=CARTESIAN_POINT('Origin',(12.1102801026084,18.1284635019124,-46.0872927491936));
#5547=CARTESIAN_POINT('',(12.1102801026085,26.1284635023846,-46.5872927496426));
#5548=CARTESIAN_POINT('',(12.1102801026087,18.1284635023846,-46.5872927491936));
#5549=CARTESIAN_POINT('Origin',(12.1102801026081,26.1284635019124,-46.0872927496426));
#5550=CARTESIAN_POINT('Origin',(12.1102801026087,18.1284635023846,-46.5872927491936));
#5551=CARTESIAN_POINT('',(14.9370319491301,26.1284635023844,-46.5872927496409));
#5552=CARTESIAN_POINT('',(14.9370319491303,18.1284635023844,-46.5872927491919));
#5553=CARTESIAN_POINT('',(11.6102758823022,26.1284635023846,-46.5872927496429));
#5554=CARTESIAN_POINT('Ctrl Pts',(14.9370319491304,18.1284635018844,-46.5872927491919));
#5555=CARTESIAN_POINT('Ctrl Pts',(14.9370319491299,29.6490984073483,-46.5872927498385));
#5556=CARTESIAN_POINT('Ctrl Pts',(15.2250388583123,18.1284635018844,-46.5872927491919));
#5557=CARTESIAN_POINT('Ctrl Pts',(15.2250388583118,29.6490984073483,-46.5872927498385));
#5558=CARTESIAN_POINT('Ctrl Pts',(15.5166580177357,18.1284635018825,-46.6247698399385));
#5559=CARTESIAN_POINT('Ctrl Pts',(15.5166580177352,29.6490984073464,-46.6247698405851));
#5560=CARTESIAN_POINT('Ctrl Pts',(16.0970495095519,18.1284635018749,-46.7606867764232));
#5561=CARTESIAN_POINT('Ctrl Pts',(16.0970495095514,29.6490984073388,-46.7606867770698));
#5562=CARTESIAN_POINT('Ctrl Pts',(16.3909965269688,18.1284635018691,-46.864380474974));
#5563=CARTESIAN_POINT('Ctrl Pts',(16.3909965269683,29.649098407333,-46.8643804756206));
#5564=CARTESIAN_POINT('Ctrl Pts',(17.0874598460698,18.1284635018505,-47.1965553628508));
#5565=CARTESIAN_POINT('Ctrl Pts',(17.0874598460693,29.6490984073144,-47.1965553634974));
#5566=CARTESIAN_POINT('Ctrl Pts',(17.4770769687872,18.1284635018352,-47.465321423913));
#5567=CARTESIAN_POINT('Ctrl Pts',(17.4770769687867,29.6490984072991,-47.4653214245596));
#5568=CARTESIAN_POINT('Ctrl Pts',(18.1524087539253,18.1284635017967,-48.1527286315553));
#5569=CARTESIAN_POINT('Ctrl Pts',(18.1524087539248,29.6490984072606,-48.1527286322019));
#5570=CARTESIAN_POINT('Ctrl Pts',(18.4102874588483,18.1284635017709,-48.5621869925923));
#5571=CARTESIAN_POINT('Ctrl Pts',(18.4102874588478,29.6490984072348,-48.5621869932389));
#5572=CARTESIAN_POINT('Ctrl Pts',(18.7138668636077,18.1284635017331,-49.2343211588458));
#5573=CARTESIAN_POINT('Ctrl Pts',(18.7138668636072,29.649098407197,-49.2343211594924));
#5574=CARTESIAN_POINT('Ctrl Pts',(18.807252517198,18.128463501716,-49.5261874725158));
#5575=CARTESIAN_POINT('Ctrl Pts',(18.8072525171975,29.6490984071799,-49.5261874731624));
#5576=CARTESIAN_POINT('Ctrl Pts',(18.9205031625123,18.128463501683,-50.1142035940981));
#5577=CARTESIAN_POINT('Ctrl Pts',(18.9205031625118,29.6490984071469,-50.1142035947447));
#5578=CARTESIAN_POINT('Ctrl Pts',(18.9433602123748,18.1284635016704,-50.4031362788299));
#5579=CARTESIAN_POINT('Ctrl Pts',(18.9433602123743,29.6490984071343,-50.4031362794765));
#5580=CARTESIAN_POINT('Ctrl Pts',(18.9356478095129,18.1284635016541,-50.692700033691));
#5581=CARTESIAN_POINT('Ctrl Pts',(18.9356478095124,29.649098407118,-50.6927000343376));
#5582=CARTESIAN_POINT('',(18.9264349149651,26.1272829070242,-50.6930531486876));
#5583=CARTESIAN_POINT('',(18.9263012593652,18.1284635043346,-50.6928062019352));
#5584=CARTESIAN_POINT('Ctrl Pts',(14.9370319491301,26.1284635018844,-46.5872927496409));
#5585=CARTESIAN_POINT('Ctrl Pts',(15.225038858312,26.1284635018844,-46.5872927496409));
#5586=CARTESIAN_POINT('Ctrl Pts',(15.5166580177354,26.1284635018825,-46.6247698403875));
#5587=CARTESIAN_POINT('Ctrl Pts',(15.7977945469172,26.1284635018788,-46.6906068078812));
#5588=CARTESIAN_POINT('Ctrl Pts',(16.0970495095516,26.1284635018749,-46.7606867768722));
#5589=CARTESIAN_POINT('Ctrl Pts',(16.3909965269685,26.1284635018691,-46.864380475423));
#5590=CARTESIAN_POINT('Ctrl Pts',(16.6687636694969,26.1284635018617,-46.9968602010521));
#5591=CARTESIAN_POINT('Ctrl Pts',(17.0874598460695,26.1284635018505,-47.1965553632998));
#5592=CARTESIAN_POINT('Ctrl Pts',(17.4770769687869,26.1284635018352,-47.465321424362));
#5593=CARTESIAN_POINT('Ctrl Pts',(17.8024883669782,26.1284635018167,-47.7965514145511));
#5594=CARTESIAN_POINT('Ctrl Pts',(18.152408753925,26.1284635017967,-48.1527286320043));
#5595=CARTESIAN_POINT('Ctrl Pts',(18.410287458848,26.1284635017709,-48.5621869930413));
#5596=CARTESIAN_POINT('Ctrl Pts',(18.5864095767992,26.128463501749,-48.9521267947936));
#5597=CARTESIAN_POINT('Ctrl Pts',(18.7138668636074,26.1284635017331,-49.2343211592948));
#5598=CARTESIAN_POINT('Ctrl Pts',(18.8072525171977,26.128463501716,-49.5261874729648));
#5599=CARTESIAN_POINT('Ctrl Pts',(18.8656971914435,26.128463501699,-49.829641908759));
#5600=CARTESIAN_POINT('Ctrl Pts',(18.9204556059034,26.128463501683,-50.113956672753));
#5601=CARTESIAN_POINT('Ctrl Pts',(18.9433205209702,26.1284635016704,-50.4026348533163));
#5602=CARTESIAN_POINT('Ctrl Pts',(18.9356678172353,26.1284635016542,-50.691946248898));
#5603=CARTESIAN_POINT('Ctrl Pts',(18.9264869722241,16.5284635016544,-50.6879595201643));
#5604=CARTESIAN_POINT('Ctrl Pts',(18.9264869722236,32.6564635016676,-50.6879595210693));
#5605=CARTESIAN_POINT('Ctrl Pts',(18.9018156086748,16.5284635016294,-51.1338626490646));
#5606=CARTESIAN_POINT('Ctrl Pts',(18.9018156086743,32.6564635016426,-51.1338626499697));
#5607=CARTESIAN_POINT('Ctrl Pts',(18.8269696215263,16.5284635016043,-51.579945928349));
#5608=CARTESIAN_POINT('Ctrl Pts',(18.8269696215258,32.6564635016175,-51.579945929254));
#5609=CARTESIAN_POINT('Ctrl Pts',(18.5706840203342,16.5284635015561,-52.4382740953382));
#5610=CARTESIAN_POINT('Ctrl Pts',(18.5706840203337,32.6564635015693,-52.4382740962432));
#5611=CARTESIAN_POINT('Ctrl Pts',(18.3863759001601,16.5284635015326,-52.8567312292791));
#5612=CARTESIAN_POINT('Ctrl Pts',(18.3863759001596,32.6564635015458,-52.8567312301841));
#5613=CARTESIAN_POINT('Ctrl Pts',(17.8874825185912,16.5284635014897,-53.6222066876164));
#5614=CARTESIAN_POINT('Ctrl Pts',(17.8874825185907,32.6564635015029,-53.6222066885214));
#5615=CARTESIAN_POINT('Ctrl Pts',(17.5857677910289,16.5284635014769,-53.9391530049572));
#5616=CARTESIAN_POINT('Ctrl Pts',(17.5857677910284,32.6564635014901,-53.9391530058622));
#5617=CARTESIAN_POINT('Ctrl Pts',(17.0473367792069,16.528463501456,-54.3105682488624));
#5618=CARTESIAN_POINT('Ctrl Pts',(17.0473367792064,32.6564635014692,-54.3105682497674));
#5619=CARTESIAN_POINT('Ctrl Pts',(16.8264078767916,16.5284635014447,-54.4226408447732));
#5620=CARTESIAN_POINT('Ctrl Pts',(16.8264078767911,32.6564635014579,-54.4226408456782));
#5621=CARTESIAN_POINT('Ctrl Pts',(16.3783057644339,16.5284635014367,-54.5644956383095));
#5622=CARTESIAN_POINT('Ctrl Pts',(16.3783057644334,32.6564635014499,-54.5644956392145));
#5623=CARTESIAN_POINT('Ctrl Pts',(16.1586059677637,16.5284635014348,-54.5996380980297));
#5624=CARTESIAN_POINT('Ctrl Pts',(16.1586059677632,32.656463501448,-54.5996380989347));
#5625=CARTESIAN_POINT('Ctrl Pts',(15.9356278510082,16.5284635014348,-54.5996380979836));
#5626=CARTESIAN_POINT('Ctrl Pts',(15.9356278510077,32.656463501448,-54.5996380988886));
#5627=CARTESIAN_POINT('Ctrl Pts',(9.90092772332434,16.5284635014346,-54.5996380967378));
#5628=CARTESIAN_POINT('Ctrl Pts',(9.90092772332386,32.6564635014478,-54.5996380976428));
#5629=CARTESIAN_POINT('Ctrl Pts',(3.86622759564052,16.5284635014344,-54.5996380954919));
#5630=CARTESIAN_POINT('Ctrl Pts',(3.86622759564004,32.6564635014476,-54.5996380963969));
#5631=CARTESIAN_POINT('Ctrl Pts',(-3.64553442159002,16.5284635014342,-54.5996380939411));
#5632=CARTESIAN_POINT('Ctrl Pts',(-3.6455344215905,32.6564635014474,-54.5996380948461));
#5633=CARTESIAN_POINT('Ctrl Pts',(-5.12259631113673,16.5284635014342,-54.5996380936362));
#5634=CARTESIAN_POINT('Ctrl Pts',(-5.12259631113721,32.6564635014474,-54.5996380945412));
#5635=CARTESIAN_POINT('Ctrl Pts',(-6.59965820068344,16.5284635014341,-54.5996380933312));
#5636=CARTESIAN_POINT('Ctrl Pts',(-6.59965820068392,32.6564635014473,-54.5996380942362));
#5637=CARTESIAN_POINT('',(16.0480318206987,26.1284635014349,-54.596659506444));
#5638=CARTESIAN_POINT('',(16.0480314875148,18.128463501435,-54.5966597448641));
#5639=CARTESIAN_POINT('Ctrl Pts',(18.9262866769631,26.1284635016542,-50.6915598951207));
#5640=CARTESIAN_POINT('Ctrl Pts',(18.9014123386033,26.1284635016293,-51.136263731699));
#5641=CARTESIAN_POINT('Ctrl Pts',(18.82662609899,26.1284635016042,-51.5810964229745));
#5642=CARTESIAN_POINT('Ctrl Pts',(18.6993346256542,26.1284635015803,-52.0074093194987));
#5643=CARTESIAN_POINT('Ctrl Pts',(18.5706840203339,26.1284635015561,-52.4382740958769));
#5644=CARTESIAN_POINT('Ctrl Pts',(18.3863759001598,26.1284635015326,-52.8567312298178));
#5645=CARTESIAN_POINT('Ctrl Pts',(18.1415480939835,26.1284635015115,-53.2323819882167));
#5646=CARTESIAN_POINT('Ctrl Pts',(17.8874825185909,26.1284635014897,-53.6222066881551));
#5647=CARTESIAN_POINT('Ctrl Pts',(17.5857677910286,26.1284635014769,-53.9391530054959));
#5648=CARTESIAN_POINT('Ctrl Pts',(17.2508222165643,26.1284635014639,-54.1702019040608));
#5649=CARTESIAN_POINT('Ctrl Pts',(17.0473367792066,26.128463501456,-54.3105682494011));
#5650=CARTESIAN_POINT('Ctrl Pts',(16.8264078767913,26.1284635014447,-54.4226408453119));
#5651=CARTESIAN_POINT('Ctrl Pts',(16.5909524253785,26.1284635014405,-54.4971785087731));
#5652=CARTESIAN_POINT('Ctrl Pts',(16.4141322006096,26.1284635014373,-54.5531541352785));
#5653=CARTESIAN_POINT('Ctrl Pts',(16.2324352427989,26.1284635014355,-54.5868833051521));
#5654=CARTESIAN_POINT('Ctrl Pts',(16.0480318323933,26.128463501435,-54.5966597270288));
#5655=CARTESIAN_POINT('Origin',(-19.225021704828,26.1284635034086,-54.5966588014166));
#5656=CARTESIAN_POINT('',(-16.1767782714575,26.128463501434,-54.5966591690684));
#5657=CARTESIAN_POINT('',(-16.1767782554486,26.128463501434,-54.5966595161702));
#5658=CARTESIAN_POINT('',(-9.67259685294248,26.128463443847,-54.5965099364005));
#5659=CARTESIAN_POINT('',(-11.8160443842537,26.1284635014341,-54.5966588548344));
#5660=CARTESIAN_POINT('',(9.5517844692099,26.1285762916991,-54.5966811112761));
#5661=CARTESIAN_POINT('Ctrl Pts',(9.55177905368553,26.1286890819635,-54.5966590088937));
#5662=CARTESIAN_POINT('Ctrl Pts',(9.4383380154479,26.3049349645834,-54.5966590080758));
#5663=CARTESIAN_POINT('Ctrl Pts',(9.30103890758375,26.4817102094845,-54.5966590070859));
#5664=CARTESIAN_POINT('Ctrl Pts',(9.04888009045797,26.697135263071,-54.5966590052679));
#5665=CARTESIAN_POINT('Ctrl Pts',(8.94423916973414,26.7661486862785,-54.5966590045125));
#5666=CARTESIAN_POINT('Ctrl Pts',(8.78186274940637,26.8277680335793,-54.5966590033418));
#5667=CARTESIAN_POINT('Ctrl Pts',(8.73234162241567,26.8413739108663,-54.5966590029857));
#5668=CARTESIAN_POINT('Ctrl Pts',(8.63321718180455,26.856920412264,-54.596659002271));
#5669=CARTESIAN_POINT('Ctrl Pts',(8.60756673974068,26.8573894618547,-54.5966590020861));
#5670=CARTESIAN_POINT('Ctrl Pts',(8.547355354035,26.8575001750945,-54.596659001652));
#5671=CARTESIAN_POINT('Ctrl Pts',(8.51601933209435,26.8575568657849,-54.596659001426));
#5672=CARTESIAN_POINT('Ctrl Pts',(8.42020296073008,26.857727410764,-54.5966590007352));
#5673=CARTESIAN_POINT('Ctrl Pts',(8.35572259892929,26.8578383050424,-54.5966590002703));
#5674=CARTESIAN_POINT('Ctrl Pts',(8.03142662802837,26.8583771111626,-54.5966589979322));
#5675=CARTESIAN_POINT('Ctrl Pts',(7.77161027200855,26.8587476997004,-54.5966589960589));
#5676=CARTESIAN_POINT('Ctrl Pts',(7.1311129841789,26.8595288694177,-54.596658991441));
#5677=CARTESIAN_POINT('Ctrl Pts',(6.75042798929613,26.8598778618326,-54.5966589886964));
#5678=CARTESIAN_POINT('Ctrl Pts',(5.60868563668876,26.8606483152829,-54.5966589804646));
#5679=CARTESIAN_POINT('Ctrl Pts',(4.84757660772347,26.8607937817689,-54.5966589749772));
#5680=CARTESIAN_POINT('Ctrl Pts',(2.58400711487743,26.8606823401627,-54.5966589586571));
#5681=CARTESIAN_POINT('Ctrl Pts',(1.15671799542487,26.8598991359522,-54.5966589483664));
#5682=CARTESIAN_POINT('Ctrl Pts',(-1.83479710084405,26.8597454237413,-54.596658926798));
#5683=CARTESIAN_POINT('Ctrl Pts',(-3.22524179865207,26.8602093749133,-54.5966589167732));
#5684=CARTESIAN_POINT('Ctrl Pts',(-5.92701532001006,26.8626692750018,-54.5966588972938));
#5685=CARTESIAN_POINT('Ctrl Pts',(-7.23771871464529,26.8645756944638,-54.5966588878452));
#5686=CARTESIAN_POINT('Ctrl Pts',(-8.58921267931549,26.8675039090169,-54.5966588781011));
#5687=CARTESIAN_POINT('Ctrl Pts',(-8.62944359685406,26.867591953977,-54.5966588778094));
#5688=CARTESIAN_POINT('Ctrl Pts',(-8.67988793391051,26.8677034604028,-54.5966588774457));
#5689=CARTESIAN_POINT('Ctrl Pts',(-8.69010132607524,26.8677260939779,-54.5966588773721));
#5690=CARTESIAN_POINT('Ctrl Pts',(-8.71346131407551,26.86777799198,-54.5966588772036));
#5691=CARTESIAN_POINT('Ctrl Pts',(-8.7487762970685,26.8678565443622,-54.596658876949));
#5692=CARTESIAN_POINT('Ctrl Pts',(-8.8444215167046,26.8532924975813,-54.5966588762594));
#5693=CARTESIAN_POINT('Ctrl Pts',(-8.89096407040249,26.8407682761637,-54.5966588759231));
#5694=CARTESIAN_POINT('Ctrl Pts',(-9.04451374805753,26.7837628769486,-54.5966588748161));
#5695=CARTESIAN_POINT('Ctrl Pts',(-9.14436088521802,26.7194119831512,-54.5966588740969));
#5696=CARTESIAN_POINT('Ctrl Pts',(-9.35895059585059,26.5415593747909,-54.5966588725497));
#5697=CARTESIAN_POINT('Ctrl Pts',(-9.47108708663067,26.4120743896035,-54.5966588717413));
#5698=CARTESIAN_POINT('Ctrl Pts',(-9.60388310017587,26.2309163829157,-54.5966588707838));
#5699=CARTESIAN_POINT('Ctrl Pts',(-9.63875529696918,26.1800170430216,-54.5966588705324));
#5700=CARTESIAN_POINT('Ctrl Pts',(-9.67214737419549,26.1284633862598,-54.5966588702916));
#5701=CARTESIAN_POINT('',(-11.8160443842537,26.1284635014341,-54.5966588548344));
#5702=CARTESIAN_POINT('Ctrl Pts',(-16.0643711042638,18.1284635014338,-54.5996380985889));
#5703=CARTESIAN_POINT('Ctrl Pts',(-16.0643711042643,29.648672082473,-54.5996380992355));
#5704=CARTESIAN_POINT('Ctrl Pts',(-16.2868127019834,18.1284635014338,-54.5996380058178));
#5705=CARTESIAN_POINT('Ctrl Pts',(-16.2868127019839,29.648672082473,-54.5996380064644));
#5706=CARTESIAN_POINT('Ctrl Pts',(-16.5059978982155,18.1284635014358,-54.564664422677));
#5707=CARTESIAN_POINT('Ctrl Pts',(-16.505997898216,29.648672082475,-54.5646644233236));
#5708=CARTESIAN_POINT('Ctrl Pts',(-16.9530659660682,18.1284635014437,-54.4234806337159));
#5709=CARTESIAN_POINT('Ctrl Pts',(-16.9530659660687,29.6486720824829,-54.4234806343625));
#5710=CARTESIAN_POINT('Ctrl Pts',(-17.1735244298786,18.1284635014547,-54.3119438328268));
#5711=CARTESIAN_POINT('Ctrl Pts',(-17.1735244298791,29.6486720824939,-54.3119438334734));
#5712=CARTESIAN_POINT('Ctrl Pts',(-17.7115138963606,18.1284635014755,-53.9418499957925));
#5713=CARTESIAN_POINT('Ctrl Pts',(-17.7115138963611,29.6486720825147,-53.9418499964391));
#5714=CARTESIAN_POINT('Ctrl Pts',(-18.0132662231501,18.1284635014885,-53.6256729842704));
#5715=CARTESIAN_POINT('Ctrl Pts',(-18.0132662231506,29.6486720825277,-53.625672984917));
#5716=CARTESIAN_POINT('Ctrl Pts',(-18.5134761910473,18.1284635015314,-52.8602774113264));
#5717=CARTESIAN_POINT('Ctrl Pts',(-18.5134761910478,29.6486720825706,-52.860277411973));
#5718=CARTESIAN_POINT('Ctrl Pts',(-18.6985656472327,18.1284635015549,-52.4407470341325));
#5719=CARTESIAN_POINT('Ctrl Pts',(-18.6985656472332,29.6486720825941,-52.4407470347791));
#5720=CARTESIAN_POINT('Ctrl Pts',(-18.9554132350422,18.1284635016032,-51.5813497755888));
#5721=CARTESIAN_POINT('Ctrl Pts',(-18.9554132350427,29.6486720826424,-51.5813497762354));
#5722=CARTESIAN_POINT('Ctrl Pts',(-19.03036438176,18.1284635016282,-51.1353264473037));
#5723=CARTESIAN_POINT('Ctrl Pts',(-19.0303643817605,29.6486720826674,-51.1353264479503));
#5724=CARTESIAN_POINT('Ctrl Pts',(-19.0551461754597,18.1284635016532,-50.6894563346493));
#5725=CARTESIAN_POINT('Ctrl Pts',(-19.0551461754602,29.6486720826924,-50.6894563352959));
#5726=CARTESIAN_POINT('',(-19.0552398175429,26.1274578277766,-50.6905575131688));
#5727=CARTESIAN_POINT('',(-19.0551608241102,18.1284635044572,-50.690364109527));
#5728=CARTESIAN_POINT('Ctrl Pts',(-16.1767782897638,26.128463501434,-54.5966595143508));
#5729=CARTESIAN_POINT('Ctrl Pts',(-16.3606489111307,26.1284635014346,-54.5869109938956));
#5730=CARTESIAN_POINT('Ctrl Pts',(-16.5418330055916,26.1284635014365,-54.5533477208139));
#5731=CARTESIAN_POINT('Ctrl Pts',(-16.7181791767353,26.1284635014396,-54.4976577210104));
#5732=CARTESIAN_POINT('Ctrl Pts',(-16.9530659660685,26.1284635014437,-54.4234806341649));
#5733=CARTESIAN_POINT('Ctrl Pts',(-17.1735244298789,26.1284635014547,-54.3119438332758));
#5734=CARTESIAN_POINT('Ctrl Pts',(-17.3766512406341,26.1284635014626,-54.1722087910853));
#5735=CARTESIAN_POINT('Ctrl Pts',(-17.7115138963609,26.1284635014755,-53.9418499962415));
#5736=CARTESIAN_POINT('Ctrl Pts',(-18.0132662231504,26.1284635014885,-53.6256729847194));
#5737=CARTESIAN_POINT('Ctrl Pts',(-18.2675117871924,26.1284635015103,-53.2366394954901));
#5738=CARTESIAN_POINT('Ctrl Pts',(-18.5134761910476,26.1284635015314,-52.8602774117754));
#5739=CARTESIAN_POINT('Ctrl Pts',(-18.698565647233,26.1284635015549,-52.4407470345815));
#5740=CARTESIAN_POINT('Ctrl Pts',(-18.8276810370618,26.1284635015792,-52.0087343651189));
#5741=CARTESIAN_POINT('Ctrl Pts',(-18.9554132350425,26.1284635016032,-51.5813497760378));
#5742=CARTESIAN_POINT('Ctrl Pts',(-19.0303643817603,26.1284635016282,-51.1353264477527));
#5743=CARTESIAN_POINT('Ctrl Pts',(-19.05514617546,26.1284635016532,-50.6894563350983));
#5744=CARTESIAN_POINT('Origin',(14.1198918532403,36.8344993362513,-19.4999995210214));
#5745=CARTESIAN_POINT('',(-11.9999995271909,41.6000000231047,-19.4999995210214));
#5746=CARTESIAN_POINT('',(-8.9999995210316,41.6000000202175,-19.4999995210214));
#5747=CARTESIAN_POINT('',(1.05994616761096,41.5999999979673,-19.4999995210214));
#5748=CARTESIAN_POINT('',(-13.4847539388315,34.8887805750836,-19.4999995210214));
#5749=CARTESIAN_POINT('',(-14.078679177472,34.0000000000091,-19.4999995210214));
#5750=CARTESIAN_POINT('',(-15.1476404020839,34.0000000000091,-19.4999995210214));
#5751=CARTESIAN_POINT('Origin',(-15.1476404020839,36.0000000000091,-19.4999995210214));
#5752=CARTESIAN_POINT('',(-20.078679177472,34.0000000000091,-19.4999995210214));
#5753=CARTESIAN_POINT('',(20.0786801354086,34.0000000000091,-19.4999995210214));
#5754=CARTESIAN_POINT('',(-21.1393393492518,34.4393398282293,-19.4999995210214));
#5755=CARTESIAN_POINT('Origin',(-20.078679177472,35.5000000000091,-19.4999995210214));
#5756=CARTESIAN_POINT('',(-22.2606596928114,35.5606601717889,-19.4999995210214));
#5757=CARTESIAN_POINT('',(-21.1393393492518,34.4393398282293,-19.4999995210214));
#5758=CARTESIAN_POINT('',(-22.6999995210316,36.6213203435688,-19.4999995210214));
#5759=CARTESIAN_POINT('Origin',(-21.1999995210316,36.6213203435688,-19.4999995210214));
#5760=CARTESIAN_POINT('',(-22.6999995210316,38.3786796564479,-19.4999995210214));
#5761=CARTESIAN_POINT('',(-22.6999995210316,36.6213203435688,-19.4999995210214));
#5762=CARTESIAN_POINT('',(-22.2606596928114,39.4393398282277,-19.4999995210214));
#5763=CARTESIAN_POINT('Origin',(-21.1999995210316,38.3786796564479,-19.4999995210214));
#5764=CARTESIAN_POINT('',(-21.1393393492518,40.5606601717874,-19.4999995210214));
#5765=CARTESIAN_POINT('',(-22.2606596928115,39.4393398282277,-19.4999995210214));
#5766=CARTESIAN_POINT('',(-15.1999995210316,50.1000000000075,-19.4999995210214));
#5767=CARTESIAN_POINT('',(-15.1999995210316,50.1000000000075,-19.4999995210214));
#5768=CARTESIAN_POINT('',(-15.1999995210317,44.7999977542386,-19.4999995210214));
#5769=CARTESIAN_POINT('',(-15.1999995210315,43.4672496681293,-19.4999995210214));
#5770=CARTESIAN_POINT('Origin',(-11.9999995210316,44.8000000000075,-19.4999995210214));
#5771=CARTESIAN_POINT('',(-18.8499995210316,37.0000000000091,-19.4999995210214));
#5772=CARTESIAN_POINT('Origin',(-17.1999995210316,37.0000000000091,-19.4999995210214));
#5773=CARTESIAN_POINT('Origin',(21.2000004789685,36.6213203435689,-26.4999995210214));
#5774=CARTESIAN_POINT('',(22.7000004789685,36.6213203435687,-19.4999995210214));
#5775=CARTESIAN_POINT('',(22.2606606507483,35.560660171789,-19.4999995210214));
#5776=CARTESIAN_POINT('Origin',(21.2000004789685,36.6213203435689,-19.4999995210214));
#5777=CARTESIAN_POINT('',(22.7000004789685,36.6213203435689,-14.2999995210214));
#5778=CARTESIAN_POINT('',(22.7000004789684,36.6213203435687,-26.4999995210214));
#5779=CARTESIAN_POINT('',(22.2606606507483,35.560660171789,-14.2999995210214));
#5780=CARTESIAN_POINT('Origin',(21.2000004789685,36.6213203435689,-14.2999995210214));
#5781=CARTESIAN_POINT('',(22.2606606507483,35.560660171789,-26.4999995210214));
#5782=CARTESIAN_POINT('Origin',(22.2606606507483,35.560660171789,-26.4999995210214));
#5783=CARTESIAN_POINT('',(21.1393403071884,34.4393398282293,-19.4999995210214));
#5784=CARTESIAN_POINT('',(22.2606606507483,35.560660171789,-19.4999995210214));
#5785=CARTESIAN_POINT('',(21.1393403071884,34.4393398282293,-14.2999995210214));
#5786=CARTESIAN_POINT('',(21.1393403071884,34.4393398282293,-14.2999995210214));
#5787=CARTESIAN_POINT('',(21.1393403071884,34.4393398282293,-26.4999995210214));
#5788=CARTESIAN_POINT('Origin',(20.0786801354086,35.5000000000091,-26.4999995210214));
#5789=CARTESIAN_POINT('',(20.0786801354086,34.0000000000091,-19.4999995210214));
#5790=CARTESIAN_POINT('Origin',(20.0786801354086,35.5000000000091,-19.4999995210214));
#5791=CARTESIAN_POINT('',(20.0786801354086,34.0000000000091,-14.2999995210214));
#5792=CARTESIAN_POINT('Origin',(20.0786801354086,35.5000000000091,-14.2999995210214));
#5793=CARTESIAN_POINT('',(20.0786801354086,34.0000000000091,-26.4999995210214));
#5794=CARTESIAN_POINT('Origin',(21.1393403071885,40.5606601717874,-26.4999995210214));
#5795=CARTESIAN_POINT('',(21.1393403071885,40.5606601717874,-19.4999995210214));
#5796=CARTESIAN_POINT('',(22.2606606507484,39.4393398282278,-19.4999995210214));
#5797=CARTESIAN_POINT('',(21.1393403071885,40.5606601717874,-19.4999995210214));
#5798=CARTESIAN_POINT('',(21.1393403071885,40.5606601717874,-14.2999995210214));
#5799=CARTESIAN_POINT('',(21.1393403071885,40.5606601717874,-26.4999995210214));
#5800=CARTESIAN_POINT('',(22.2606606507484,39.4393398282278,-14.2999995210214));
#5801=CARTESIAN_POINT('',(22.2606606507484,39.4393398282278,-14.2999995210214));
#5802=CARTESIAN_POINT('',(22.2606606507484,39.4393398282278,-26.4999995210214));
#5803=CARTESIAN_POINT('Origin',(21.2000004789687,38.3786796564479,-26.4999995210214));
#5804=CARTESIAN_POINT('',(22.7000004789687,38.3786796564477,-19.4999995210214));
#5805=CARTESIAN_POINT('Origin',(21.2000004789687,38.3786796564479,-19.4999995210214));
#5806=CARTESIAN_POINT('',(22.7000004789687,38.3786796564477,-14.2999995210214));
#5807=CARTESIAN_POINT('Origin',(21.2000004789687,38.3786796564479,-14.2999995210214));
#5808=CARTESIAN_POINT('',(22.7000004789687,38.3786796564477,-26.4999995210214));
#5809=CARTESIAN_POINT('Origin',(22.7000004789687,38.3786796564477,-26.4999995210214));
#5810=CARTESIAN_POINT('',(22.7000004789687,38.3786796564477,-19.4999995210214));
#5811=CARTESIAN_POINT('',(22.7000004789685,36.6213203435689,-14.2999995210214));
#5812=CARTESIAN_POINT('Origin',(17.1999995210316,37.0000000000091,-22.2999995210214));
#5813=CARTESIAN_POINT('',(15.5499995210316,37.0000000000091,-19.4999995210214));
#5814=CARTESIAN_POINT('Origin',(17.1999995210316,37.0000000000091,-19.4999995210214));
#5815=CARTESIAN_POINT('',(15.5499995210316,37.0000000000091,-14.2999995210214));
#5816=CARTESIAN_POINT('',(15.5499995210316,37.0000000000091,-22.2999995210214));
#5817=CARTESIAN_POINT('Origin',(17.1999995210316,37.0000000000091,-14.2999995210214));
#5818=CARTESIAN_POINT('Origin',(9.400948872898,41.0000000000075,-14.2999995210214));
#5819=CARTESIAN_POINT('',(13.4847548965538,34.8887805730408,-14.2999995210214));
#5820=CARTESIAN_POINT('',(13.4847548965538,34.8887805730408,-19.4999995210214));
#5821=CARTESIAN_POINT('',(13.4847548965538,34.8887805730408,-20.3999995210214));
#5822=CARTESIAN_POINT('',(9.0000004789684,41.6000000000075,-14.2999995210214));
#5823=CARTESIAN_POINT('',(11.3955366431694,38.0151952713146,-14.2999995210214));
#5824=CARTESIAN_POINT('',(9.0000004789684,41.6000000000075,-19.4999995210214));
#5825=CARTESIAN_POINT('',(9.00000049054446,41.5999999826845,-10.594747680412));
#5826=CARTESIAN_POINT('',(14.0786801354086,34.0000000000091,-19.4999995210214));
#5827=CARTESIAN_POINT('Origin',(20.0786801354086,34.0000000000091,-26.4999995210214));
#5828=CARTESIAN_POINT('',(-15.1476404020839,34.0000000000091,-14.2999995210214));
#5829=CARTESIAN_POINT('',(-15.1476404020839,34.0000000000091,-20.3999995210214));
#5830=CARTESIAN_POINT('',(-20.078679177472,34.0000000000091,-14.2999995210214));
#5831=CARTESIAN_POINT('',(-20.078679177472,34.0000000000091,-14.2999995210214));
#5832=CARTESIAN_POINT('',(-20.078679177472,34.0000000000091,-26.4999995210214));
#5833=CARTESIAN_POINT('Origin',(-17.1999995210316,37.0000000000091,-22.2999995210214));
#5834=CARTESIAN_POINT('',(-18.8499995210316,37.0000000000091,-14.2999995210214));
#5835=CARTESIAN_POINT('',(-18.8499995210316,37.0000000000091,-22.2999995210214));
#5836=CARTESIAN_POINT('Origin',(-17.1999995210316,37.0000000000091,-14.2999995210214));
#5837=CARTESIAN_POINT('Origin',(20.0786801354088,39.5000000000075,-14.2999995210214));
#5838=CARTESIAN_POINT('',(-13.4847539388315,34.8887805750836,-14.2999995210214));
#5839=CARTESIAN_POINT('Origin',(-15.1476404020839,36.0000000000091,-14.2999995210214));
#5840=CARTESIAN_POINT('',(-8.9999995210316,41.6000000202175,-14.2999995210214));
#5841=CARTESIAN_POINT('',(-14.078679177472,34.0000000000091,-14.2999995210214));
#5842=CARTESIAN_POINT('',(-11.9999995271909,41.6000000231047,-14.2999995210214));
#5843=CARTESIAN_POINT('',(-13.5348333324663,41.6000000260589,-14.2999995210214));
#5844=CARTESIAN_POINT('',(-15.1999995210317,44.7999977542386,-14.2999995210214));
#5845=CARTESIAN_POINT('Origin',(-11.9999995210316,44.8000000000075,-14.2999995210214));
#5846=CARTESIAN_POINT('',(-15.1999995210316,50.1000000000075,-14.2999995210214));
#5847=CARTESIAN_POINT('',(-15.1999995210316,47.7151650429525,-14.2999995210214));
#5848=CARTESIAN_POINT('',(-21.1393393492518,40.5606601717874,-14.2999995210214));
#5849=CARTESIAN_POINT('',(-15.1999995210316,50.1000000000075,-14.2999995210214));
#5850=CARTESIAN_POINT('',(-22.2606596928114,39.4393398282277,-14.2999995210214));
#5851=CARTESIAN_POINT('',(-21.1393393492518,40.5606601717874,-14.2999995210214));
#5852=CARTESIAN_POINT('',(-22.6999995210316,38.3786796564479,-14.2999995210214));
#5853=CARTESIAN_POINT('Origin',(-21.1999995210316,38.3786796564479,-14.2999995210214));
#5854=CARTESIAN_POINT('',(-22.6999995210316,36.6213203435688,-14.2999995210214));
#5855=CARTESIAN_POINT('',(-22.6999995210316,38.3786796564479,-14.2999995210214));
#5856=CARTESIAN_POINT('',(-22.2606596928114,35.5606601717889,-14.2999995210214));
#5857=CARTESIAN_POINT('Origin',(-21.1999995210316,36.6213203435688,-14.2999995210214));
#5858=CARTESIAN_POINT('',(-21.1393393492518,34.4393398282293,-14.2999995210214));
#5859=CARTESIAN_POINT('',(-22.2606596928114,35.5606601717889,-14.2999995210214));
#5860=CARTESIAN_POINT('Origin',(-20.078679177472,35.5000000000091,-14.2999995210214));
#5861=CARTESIAN_POINT('Origin',(-22.2606596928114,39.4393398282277,-26.4999995210214));
#5862=CARTESIAN_POINT('',(-22.2606596928114,39.4393398282277,-26.4999995210214));
#5863=CARTESIAN_POINT('',(-21.1393393492518,40.5606601717874,-26.4999995210214));
#5864=CARTESIAN_POINT('Origin',(-21.1999995210316,38.3786796564479,-26.4999995210214));
#5865=CARTESIAN_POINT('',(-22.6999995210316,38.3786796564479,-26.4999995210214));
#5866=CARTESIAN_POINT('Origin',(-22.6999995210316,36.6213203435688,-26.4999995210214));
#5867=CARTESIAN_POINT('',(-22.6999995210316,36.6213203435688,-26.4999995210214));
#5868=CARTESIAN_POINT('Origin',(-21.1999995210316,36.6213203435688,-26.4999995210214));
#5869=CARTESIAN_POINT('',(-22.2606596928114,35.5606601717889,-26.4999995210214));
#5870=CARTESIAN_POINT('Origin',(-21.1393393492518,34.4393398282293,-26.4999995210214));
#5871=CARTESIAN_POINT('',(-21.1393393492518,34.4393398282293,-26.4999995210214));
#5872=CARTESIAN_POINT('Origin',(-20.078679177472,35.5000000000091,-26.4999995210214));
#5873=CARTESIAN_POINT('Origin',(13.8607120293158,51.3000000000075,-6.68949583980251));
#5874=CARTESIAN_POINT('',(13.8607120293159,53.300000000024,-5.8872921126026));
#5875=CARTESIAN_POINT('',(15.3421283060458,52.6436539045628,-5.38949641121321));
#5876=CARTESIAN_POINT('Ctrl Pts',(13.860712029338,53.3000000000075,-5.88729211263576));
#5877=CARTESIAN_POINT('Ctrl Pts',(13.9043549248358,53.300000000007,-5.85810854343373));
#5878=CARTESIAN_POINT('Ctrl Pts',(13.9491582286128,53.2985714910858,-5.83035489406258));
#5879=CARTESIAN_POINT('Ctrl Pts',(14.1873110536632,53.2825451185474,-5.69317687292923));
#5880=CARTESIAN_POINT('Ctrl Pts',(14.3894200731911,53.2406424729317,-5.61045678260097));
#5881=CARTESIAN_POINT('Ctrl Pts',(14.7929985574173,53.0830024783826,-5.48196576424946));
#5882=CARTESIAN_POINT('Ctrl Pts',(14.9880529337617,52.9676417342351,-5.43916827432628));
#5883=CARTESIAN_POINT('Ctrl Pts',(15.2250976357234,52.7647630324672,-5.40249370116485));
#5884=CARTESIAN_POINT('Ctrl Pts',(15.2855633989652,52.7060183078249,-5.39492743312021));
#5885=CARTESIAN_POINT('Ctrl Pts',(15.3421283060194,52.6436539045222,-5.38949641140556));
#5886=CARTESIAN_POINT('',(13.8607120293159,53.3000000007187,3.31050416019749));
#5887=CARTESIAN_POINT('',(13.8607120293159,53.3000000000075,-5.38965327558519));
#5888=CARTESIAN_POINT('',(15.3421283047207,52.643653905954,3.31050416019749));
#5889=CARTESIAN_POINT('Origin',(13.8607120293158,51.3000000000075,3.31050416019749));
#5890=CARTESIAN_POINT('',(15.3421283047207,52.643653905954,-6.68949583980251));
#5891=CARTESIAN_POINT('Origin',(-13.8607120293152,51.3000000000082,-6.68949583980251));
#5892=CARTESIAN_POINT('',(-15.3421283047207,52.643653905954,-5.38949583980249));
#5893=CARTESIAN_POINT('',(-13.8607120293151,53.3000000000253,-5.88729147200129));
#5894=CARTESIAN_POINT('Ctrl Pts',(-15.3421283047207,52.643653905954,-5.38949583980248));
#5895=CARTESIAN_POINT('Ctrl Pts',(-15.2156097914107,52.7831441302805,-5.40164339534774));
#5896=CARTESIAN_POINT('Ctrl Pts',(-15.0703382441381,52.9035518782274,-5.42419244017269));
#5897=CARTESIAN_POINT('Ctrl Pts',(-14.7083114894181,53.1272944663867,-5.5053537702671));
#5898=CARTESIAN_POINT('Ctrl Pts',(-14.4885533705967,53.212058960016,-5.57097940041328));
#5899=CARTESIAN_POINT('Ctrl Pts',(-14.1274496939336,53.2874246299807,-5.72816887289226));
#5900=CARTESIAN_POINT('Ctrl Pts',(-13.9899144121743,53.3000000000067,-5.80089515089918));
#5901=CARTESIAN_POINT('Ctrl Pts',(-13.8607120293381,53.3000000000082,-5.8872914720356));
#5902=CARTESIAN_POINT('',(-15.3421283047207,52.643653905954,3.31050416019749));
#5903=CARTESIAN_POINT('',(-15.3421283047207,52.643653905954,-6.68949583980251));
#5904=CARTESIAN_POINT('',(-13.8607120288517,53.3000000039306,3.31050416019749));
#5905=CARTESIAN_POINT('Origin',(-13.8607120293152,51.3000000000082,3.31050416019749));
#5906=CARTESIAN_POINT('',(-13.8607120293151,53.3000000000082,3.31050416019749));
#5907=CARTESIAN_POINT('Origin',(19.4494787154435,43.5999999625771,-0.78949583980251));
#5908=CARTESIAN_POINT('',(20.5337281631842,41.9194038971587,-4.88949583980251));
#5909=CARTESIAN_POINT('',(19.4494787115939,41.5999999750521,-4.88949583980251));
#5910=CARTESIAN_POINT('Origin',(19.4494787154435,43.5999999625771,-4.88949583980251));
#5911=CARTESIAN_POINT('',(20.5337281631842,41.9194038971587,3.31050416019749));
#5912=CARTESIAN_POINT('',(20.5337281631726,41.9194038971541,3.31050416019749));
#5913=CARTESIAN_POINT('',(19.4494787115939,41.5999999428876,3.31050416019749));
#5914=CARTESIAN_POINT('Origin',(19.4494787154435,43.5999999625771,3.31050416019749));
#5915=CARTESIAN_POINT('',(19.4494787115939,41.5999999625717,3.31050416019749));
#5916=CARTESIAN_POINT('Origin',(-19.4494788314901,43.600000037445,-0.78949583980251));
#5917=CARTESIAN_POINT('',(-19.4494788353396,41.6000000374432,-4.88949583980251));
#5918=CARTESIAN_POINT('',(-20.5337283151323,41.9194039951926,-4.88949583980251));
#5919=CARTESIAN_POINT('Origin',(-19.4494788314901,43.600000037445,-4.88949583980251));
#5920=CARTESIAN_POINT('',(-19.4494788353396,41.6000000366191,3.31050416019749));
#5921=CARTESIAN_POINT('',(-19.4494788353396,41.6000000374432,-4.88949583980251));
#5922=CARTESIAN_POINT('',(-20.5337283151302,41.9194039951956,3.31050416019749));
#5923=CARTESIAN_POINT('Origin',(-19.4494788314901,43.600000037445,3.31050416019749));
#5924=CARTESIAN_POINT('',(-20.533728315141,41.9194039952008,-4.88949583980251));
#5925=CARTESIAN_POINT('Origin',(-18.9051422269753,44.8388182900566,-6.68949583980251));
#5926=CARTESIAN_POINT('',(-19.7551422269753,44.8388182900566,-4.88949583980251));
#5927=CARTESIAN_POINT('Origin',(-18.9051422269753,44.8388182900566,-4.88949583980251));
#5928=CARTESIAN_POINT('',(-19.7551422269753,44.8388182900566,3.31050416019749));
#5929=CARTESIAN_POINT('',(-19.7551422269753,44.8388182900566,-6.68949583980251));
#5930=CARTESIAN_POINT('Origin',(-18.9051422269753,44.8388182900566,3.31050416019749));
#5931=CARTESIAN_POINT('Origin',(15.3421283047207,52.643653905954,-6.68949583980251));
#5932=CARTESIAN_POINT('',(17.6968690774283,50.2889131332465,-4.88949583980251));
#5933=CARTESIAN_POINT('Ctrl Pts',(15.3421283060876,52.6436539045872,-5.38949641133536));
#5934=CARTESIAN_POINT('Ctrl Pts',(15.5100412949383,52.4757409157365,-5.36555457676231));
#5935=CARTESIAN_POINT('Ctrl Pts',(15.6815525487127,52.3042296619621,-5.32691280980252));
#5936=CARTESIAN_POINT('Ctrl Pts',(16.1620530881548,51.8237291225199,-5.1989966625916));
#5937=CARTESIAN_POINT('Ctrl Pts',(16.4704113522272,51.5153708584476,-5.09773912567919));
#5938=CARTESIAN_POINT('Ctrl Pts',(17.0460825001299,50.9396997105448,-4.95095382760157));
#5939=CARTESIAN_POINT('Ctrl Pts',(17.3998482676975,50.5859339429772,-4.88949583980251));
#5940=CARTESIAN_POINT('Ctrl Pts',(17.6968690774283,50.2889131332465,-4.88949583980251));
#5941=CARTESIAN_POINT('',(21.9179844224179,46.0677977882569,3.31050416019749));
#5942=CARTESIAN_POINT('',(15.3421283047207,52.643653905954,3.31050416019749));
#5943=CARTESIAN_POINT('',(21.9179844224179,46.0677977882569,-4.88949583980251));
#5944=CARTESIAN_POINT('',(21.9179844224179,46.0677977882569,-6.68949583980251));
#5945=CARTESIAN_POINT('',(19.0178901843851,48.9678920262896,-4.88949583980251));
#5946=CARTESIAN_POINT('Ctrl Pts',(21.917984422374,46.0677977882401,-4.88949583980251));
#5947=CARTESIAN_POINT('Ctrl Pts',(21.917984422374,46.0677977882401,4.95050416019749));
#5948=CARTESIAN_POINT('Ctrl Pts',(23.3931313661678,43.7641698153412,-4.88949583980251));
#5949=CARTESIAN_POINT('Ctrl Pts',(23.3931313661678,43.7641698153412,4.95050416019749));
#5950=CARTESIAN_POINT('Ctrl Pts',(20.533728163171,41.9194038971582,-4.88949583980251));
#5951=CARTESIAN_POINT('Ctrl Pts',(20.533728163171,41.9194038971582,4.95050416019749));
#5952=CARTESIAN_POINT('Ctrl Pts',(21.9179844224179,46.0677977882569,3.31050416019749));
#5953=CARTESIAN_POINT('Ctrl Pts',(23.3931313661641,43.7641698153466,3.31050416019749));
#5954=CARTESIAN_POINT('Ctrl Pts',(20.5337281631842,41.9194038971587,3.31050416019749));
#5955=CARTESIAN_POINT('Ctrl Pts',(21.9179844223743,46.0677977882396,-4.88949583980251));
#5956=CARTESIAN_POINT('Ctrl Pts',(23.3931313661678,43.7641698153412,-4.88949583980251));
#5957=CARTESIAN_POINT('Ctrl Pts',(20.5337281631844,41.9194038971669,-4.88949583980251));
#5958=CARTESIAN_POINT('Origin',(18.9051422269753,44.8388182900566,-6.68949583980251));
#5959=CARTESIAN_POINT('',(18.0551422269753,44.8388182900566,-4.88949583980251));
#5960=CARTESIAN_POINT('Origin',(18.9051422269753,44.8388182900566,-4.88949583980251));
#5961=CARTESIAN_POINT('',(18.0551422269753,44.8388182900566,3.31050416019749));
#5962=CARTESIAN_POINT('',(18.0551422269753,44.8388182900566,-6.68949583980251));
#5963=CARTESIAN_POINT('Origin',(18.9051422269753,44.8388182900566,3.31050416019749));
#5964=CARTESIAN_POINT('Origin',(-15.3421283047207,52.643653905954,-6.68949583980251));
#5965=CARTESIAN_POINT('',(-21.9179844224179,46.0677977882569,-4.88949583980251));
#5966=CARTESIAN_POINT('',(-21.9179844224179,46.0677977882569,3.31050416019749));
#5967=CARTESIAN_POINT('',(-21.9179844224179,46.0677977882569,-6.68949583980251));
#5968=CARTESIAN_POINT('',(-15.3421283047207,52.643653905954,3.31050416019749));
#5969=CARTESIAN_POINT('',(-17.6968680866333,50.2889141240415,-4.88949583980251));
#5970=CARTESIAN_POINT('Ctrl Pts',(-17.6968680866333,50.2889141240415,-4.88949583980251));
#5971=CARTESIAN_POINT('Ctrl Pts',(-17.399847368967,50.5859348417077,-4.88949583980251));
#5972=CARTESIAN_POINT('Ctrl Pts',(-17.0460817073947,50.93970050328,-4.95095376644106));
#5973=CARTESIAN_POINT('Ctrl Pts',(-16.4704106807219,51.5153715299528,-5.09773892073733));
#5974=CARTESIAN_POINT('Ctrl Pts',(-16.1620524518979,51.8237297587768,-5.19899636561288));
#5975=CARTESIAN_POINT('Ctrl Pts',(-15.6815521502985,52.3042300603763,-5.32691233509088));
#5976=CARTESIAN_POINT('Ctrl Pts',(-15.5100411004374,52.4757411102373,-5.36555402747547));
#5977=CARTESIAN_POINT('Ctrl Pts',(-15.3421283047207,52.643653905954,-5.38949583980248));
#5978=CARTESIAN_POINT('',(-19.0178896999419,48.9678925107328,-4.88949583980251));
#5979=CARTESIAN_POINT('Ctrl Pts',(-20.5337283151793,41.9194039952273,-4.88949583980251));
#5980=CARTESIAN_POINT('Ctrl Pts',(-20.5337283151793,41.9194039952273,4.95050416019749));
#5981=CARTESIAN_POINT('Ctrl Pts',(-23.393131326962,43.7641698765732,-4.88949583980251));
#5982=CARTESIAN_POINT('Ctrl Pts',(-23.393131326962,43.7641698765732,4.95050416019749));
#5983=CARTESIAN_POINT('Ctrl Pts',(-21.9179844223773,46.067797788242,-4.88949583980251));
#5984=CARTESIAN_POINT('Ctrl Pts',(-21.9179844223773,46.067797788242,4.95050416019749));
#5985=CARTESIAN_POINT('Ctrl Pts',(-20.5337283151407,41.9194039952024,-4.88949583980251));
#5986=CARTESIAN_POINT('Ctrl Pts',(-23.393131326962,43.7641698765732,-4.88949583980251));
#5987=CARTESIAN_POINT('Ctrl Pts',(-21.9179844223773,46.067797788242,-4.88949583980251));
#5988=CARTESIAN_POINT('Ctrl Pts',(-20.5337283151302,41.9194039951956,3.31050416019749));
#5989=CARTESIAN_POINT('Ctrl Pts',(-23.3931313269795,43.7641698765464,3.31050416019749));
#5990=CARTESIAN_POINT('Ctrl Pts',(-21.9179844224179,46.0677977882569,3.31050416019749));
#5991=CARTESIAN_POINT('Origin',(-19.9999972168366,44.6000000385029,3.31050416019749));
#5992=CARTESIAN_POINT('',(-19.9999972226109,41.6000000385029,3.31050416019749));
#5993=CARTESIAN_POINT('',(19.999998158103,53.3000000000076,3.31050416019749));
#5994=CARTESIAN_POINT('',(-11.9999980845187,42.8000000000073,3.31050416019749));
#5995=CARTESIAN_POINT('',(11.9999981581031,42.8000000000078,3.31050416019749));
#5996=CARTESIAN_POINT('',(-11.9999980845187,42.8000000000073,3.31050416019749));
#5997=CARTESIAN_POINT('',(-13.9999995210319,44.7999985964019,3.31050416019749));
#5998=CARTESIAN_POINT('Origin',(-11.9999995210316,44.8000000000075,3.31050416019749));
#5999=CARTESIAN_POINT('',(-13.999999521032,50.1000000000075,3.31050416019749));
#6000=CARTESIAN_POINT('',(-13.999999521032,50.1000000000075,3.31050416019749));
#6001=CARTESIAN_POINT('',(-11.9999995210315,52.100000000008,3.31050416019749));
#6002=CARTESIAN_POINT('Origin',(-11.9999995210316,50.1000000000075,3.31050416019749));
#6003=CARTESIAN_POINT('',(12.0000004790433,52.1000000000081,3.31050416019749));
#6004=CARTESIAN_POINT('',(12.0000004790433,52.1000000000081,3.31050416019749));
#6005=CARTESIAN_POINT('',(14.0000004789681,50.0999977308257,3.31050416019749));
#6006=CARTESIAN_POINT('Origin',(12.0000004790432,50.1000000000823,3.31050416019749));
#6007=CARTESIAN_POINT('',(14.000000478969,44.7999994820194,3.31050416019749));
#6008=CARTESIAN_POINT('',(14.000000478969,44.7999994820194,3.31050416019749));
#6009=CARTESIAN_POINT('Origin',(12.0000004789684,44.8000000000075,3.31050416019749));
#6010=CARTESIAN_POINT('Origin',(12.0000004790432,50.1000000000823,-7.38949583980251));
#6011=CARTESIAN_POINT('',(12.0000004790433,53.3000000000075,-7.38949583980251));
#6012=CARTESIAN_POINT('Ctrl Pts',(12.0000004790433,53.3000000000075,-7.38949583980251));
#6013=CARTESIAN_POINT('Ctrl Pts',(12.3937080237263,53.3000000000075,-7.04150424648639));
#6014=CARTESIAN_POINT('Ctrl Pts',(12.8263100803726,53.3000000000075,-6.65771799943958));
#6015=CARTESIAN_POINT('Ctrl Pts',(13.4708857958016,53.3000000000075,-6.15946193542513));
#6016=CARTESIAN_POINT('Ctrl Pts',(13.6647210889191,53.3000000000075,-6.0183493009263));
#6017=CARTESIAN_POINT('Ctrl Pts',(13.860712029338,53.3000000000075,-5.88729211263576));
#6018=CARTESIAN_POINT('',(17.700000478967,50.099995957969,-4.88949583980251));
#6019=CARTESIAN_POINT('Origin',(12.0000004790432,50.1000000000823,-4.88949583980251));
#6020=CARTESIAN_POINT('',(15.2000004789676,50.0999977308257,-7.38949583980251));
#6021=CARTESIAN_POINT('Origin',(17.700000478967,50.099995957969,-7.38949583980251));
#6022=CARTESIAN_POINT('Origin',(12.0000004790432,50.1000000000823,-7.38949583980251));
#6023=CARTESIAN_POINT('Origin',(17.7000004789684,46.124999585617,-7.38949583980251));
#6024=CARTESIAN_POINT('',(17.7000004789684,47.4736429494451,-4.88949583980251));
#6025=CARTESIAN_POINT('',(17.7000004789684,46.124999585617,-4.88949583980251));
#6026=CARTESIAN_POINT('',(17.7000004789684,47.4263539526071,-4.88949583980251));
#6027=CARTESIAN_POINT('Origin',(19.0497934029736,47.4499984510261,-4.88949583980251));
#6028=CARTESIAN_POINT('',(17.7000004789684,44.7999991712266,-4.88949583980251));
#6029=CARTESIAN_POINT('',(17.7000004789684,46.124999585617,-4.88949583980251));
#6030=CARTESIAN_POINT('',(15.2000004789684,44.7999991712266,-7.38949583980251));
#6031=CARTESIAN_POINT('Origin',(17.7000004789684,44.7999991712266,-7.38949583980251));
#6032=CARTESIAN_POINT('',(15.2000004789684,46.124999585617,-7.38949583980251));
#6033=CARTESIAN_POINT('Origin',(12.0000004789684,44.8000000000075,-7.38949583980251));
#6034=CARTESIAN_POINT('',(16.7169910386446,41.5999999845286,-4.88949583980251));
#6035=CARTESIAN_POINT('',(12.0000004780679,41.5999999923084,-7.38949583878374));
#6036=CARTESIAN_POINT('Ctrl Pts',(16.7169910231684,41.5999999678311,-4.88949583980251));
#6037=CARTESIAN_POINT('Ctrl Pts',(16.3839946416857,41.599999968472,-4.88949583839081));
#6038=CARTESIAN_POINT('Ctrl Pts',(16.0237035042544,41.5999999691655,-4.93798191518282));
#6039=CARTESIAN_POINT('Ctrl Pts',(15.3241461476936,41.599999970512,-5.12311062040866));
#6040=CARTESIAN_POINT('Ctrl Pts',(14.9846593353238,41.5999999711654,-5.25891867455543));
#6041=CARTESIAN_POINT('Ctrl Pts',(14.2148244060738,41.5999999726472,-5.63877956675374));
#6042=CARTESIAN_POINT('Ctrl Pts',(13.735660990423,41.5999999735695,-5.95479107468644));
#6043=CARTESIAN_POINT('Ctrl Pts',(12.8263100409495,41.5999999753198,-6.65771796238365));
#6044=CARTESIAN_POINT('Ctrl Pts',(12.3937080203582,41.5999999761524,-7.04150424520474));
#6045=CARTESIAN_POINT('Ctrl Pts',(12.000000476267,41.5999999769102,-7.38949583674619));
#6046=CARTESIAN_POINT('Origin',(12.0000004789684,44.8000000000075,-7.38949583980251));
#6047=CARTESIAN_POINT('Origin',(12.0000004789684,44.8000000000075,-4.88949583980251));
#6048=CARTESIAN_POINT('Origin',(17.499998158103,47.4500000000075,-4.88949583980251));
#6049=CARTESIAN_POINT('',(2.75000046774605,41.6000000000075,-4.88949583980251));
#6050=CARTESIAN_POINT('Origin',(-11.9999995210316,44.8000000000075,-7.38949583980251));
#6051=CARTESIAN_POINT('',(-11.9999983747252,41.6000000077064,-7.38949583980251));
#6052=CARTESIAN_POINT('',(-16.7169901088893,41.6000000321838,-4.88949583980251));
#6053=CARTESIAN_POINT('Ctrl Pts',(-11.9999995271909,41.6000000231047,-7.38949583980251));
#6054=CARTESIAN_POINT('Ctrl Pts',(-12.3937070724711,41.6000000238625,-7.04150424470672));
#6055=CARTESIAN_POINT('Ctrl Pts',(-12.8263091617304,41.6000000246952,-6.65771803649614));
#6056=CARTESIAN_POINT('Ctrl Pts',(-13.7356600831132,41.6000000264454,-5.95479109804252));
#6057=CARTESIAN_POINT('Ctrl Pts',(-14.2148234982396,41.6000000273677,-5.638779581813));
#6058=CARTESIAN_POINT('Ctrl Pts',(-14.9846584257472,41.6000000288495,-5.25891867977805));
#6059=CARTESIAN_POINT('Ctrl Pts',(-15.3241452366134,41.6000000295029,-5.12311062349708));
#6060=CARTESIAN_POINT('Ctrl Pts',(-16.0237025910516,41.6000000308494,-4.93798191567215));
#6061=CARTESIAN_POINT('Ctrl Pts',(-16.3839937278611,41.6000000315429,-4.88949583980251));
#6062=CARTESIAN_POINT('Ctrl Pts',(-16.7169901088893,41.6000000321838,-4.88949583980251));
#6063=CARTESIAN_POINT('',(-17.699999521031,44.7999959997316,-4.88949583980251));
#6064=CARTESIAN_POINT('Origin',(-11.9999995210316,44.8000000000075,-4.88949583980251));
#6065=CARTESIAN_POINT('',(-15.1999995210315,44.7999977542386,-7.38949583980251));
#6066=CARTESIAN_POINT('Origin',(-17.699999521031,44.7999959997316,-7.38949583980251));
#6067=CARTESIAN_POINT('Origin',(-11.9999995210316,44.8000000000075,-7.38949583980251));
#6068=CARTESIAN_POINT('Origin',(-17.6999995210316,48.7750000096312,-7.38949583980251));
#6069=CARTESIAN_POINT('',(-17.6999995210316,47.4263546277834,-4.88949583980251));
#6070=CARTESIAN_POINT('',(-17.6999995210316,48.7750000096312,-4.88949583980251));
#6071=CARTESIAN_POINT('',(-17.6999995210316,47.4736423476019,-4.88949583980251));
#6072=CARTESIAN_POINT('Origin',(-19.0497924562215,47.4499984876926,-4.88949583980251));
#6073=CARTESIAN_POINT('',(-17.6999995210316,50.1000000000075,-4.88949583980251));
#6074=CARTESIAN_POINT('',(-17.6999995210316,48.7750000096312,-4.88949583980251));
#6075=CARTESIAN_POINT('',(-15.1999995210316,50.1000000000075,-7.38949583980251));
#6076=CARTESIAN_POINT('Origin',(-17.6999995210316,50.1000000000075,-7.38949583980251));
#6077=CARTESIAN_POINT('',(-15.1999995210316,48.7750000096312,-7.38949583980251));
#6078=CARTESIAN_POINT('Origin',(-11.9999995210316,50.1000000000075,-7.38949583980251));
#6079=CARTESIAN_POINT('',(-11.9999995208063,53.3000000000079,-7.38949583954783));
#6080=CARTESIAN_POINT('Ctrl Pts',(-13.860712029338,53.3000000000082,-5.8872914720356));
#6081=CARTESIAN_POINT('Ctrl Pts',(-13.6647207627643,53.3000000000082,-6.01834884137712));
#6082=CARTESIAN_POINT('Ctrl Pts',(-13.470885147187,53.3000000000082,-6.15946169627314));
#6083=CARTESIAN_POINT('Ctrl Pts',(-12.8263091223698,53.3000000000082,-6.65771799943815));
#6084=CARTESIAN_POINT('Ctrl Pts',(-12.3937070657192,53.3000000000082,-7.0415042464863));
#6085=CARTESIAN_POINT('Ctrl Pts',(-11.9999995210315,53.3000000000082,-7.38949583980251));
#6086=CARTESIAN_POINT('Origin',(-11.9999995210316,50.1000000000075,-7.38949583980251));
#6087=CARTESIAN_POINT('Origin',(-11.9999995210316,50.1000000000075,-4.88949583980251));
#6088=CARTESIAN_POINT('Origin',(-17.4999972084639,47.4500000192548,-4.88949583980251));
#6089=CARTESIAN_POINT('',(-14.7499972211674,41.6000000283978,-4.88949583980251));
#6090=CARTESIAN_POINT('Origin',(12.0000004790433,53.3000000000075,-26.4999995210214));
#6091=CARTESIAN_POINT('',(-11.9999995210314,53.3000000000082,-35.9219995210214));
#6092=CARTESIAN_POINT('',(-11.9999995210314,53.3000000000082,-35.9219995210214));
#6093=CARTESIAN_POINT('',(12.0000004790433,53.3000000000075,-35.9219995210214));
#6094=CARTESIAN_POINT('',(12.0000004790433,53.3000000000075,-21.3114958398025));
#6095=CARTESIAN_POINT('',(12.0000004790433,53.3000000000075,-35.9219995210214));
#6096=CARTESIAN_POINT('Origin',(15.2000004789684,44.7999991712266,-26.4999995210214));
#6097=CARTESIAN_POINT('',(15.2000004789684,44.7999991712266,-14.2999995210214));
#6098=CARTESIAN_POINT('',(15.2000004789676,50.0999977308257,-14.2999995210214));
#6099=CARTESIAN_POINT('',(15.2000004789684,45.0651640612666,-14.2999995210214));
#6100=CARTESIAN_POINT('',(15.2000004789676,50.0999977308257,-11.8894958398025));
#6101=CARTESIAN_POINT('',(15.2000004789684,44.7999991712266,-26.4999995210214));
#6102=CARTESIAN_POINT('Origin',(12.0000004790432,50.1000000000823,-26.4999995210214));
#6103=CARTESIAN_POINT('',(15.2000004789676,50.0999977308257,-19.4999995210214));
#6104=CARTESIAN_POINT('',(15.2000004789676,50.0999977308257,-11.8894958398025));
#6105=CARTESIAN_POINT('',(15.2000004789684,50.0999977308257,-35.9219995210214));
#6106=CARTESIAN_POINT('',(15.2000004789676,50.0999977308257,-21.3114958398025));
#6107=CARTESIAN_POINT('Origin',(12.0000004790432,50.1000000000823,-35.9219995210214));
#6108=CARTESIAN_POINT('Origin',(-15.1999995210316,50.1000000000075,-26.4999995210214));
#6109=CARTESIAN_POINT('',(-15.1999995210315,44.7999977542386,-26.4999995210214));
#6110=CARTESIAN_POINT('',(-15.1999995210316,50.1000000000075,-26.4999995210214));
#6111=CARTESIAN_POINT('Origin',(-13.9999995210316,50.1000000000076,-26.4999995210214));
#6112=CARTESIAN_POINT('',(-13.9999995210316,50.1000000000075,-35.9219995210214));
#6113=CARTESIAN_POINT('',(-13.9999995210316,50.1000000000075,-26.4999995210214));
#6114=CARTESIAN_POINT('',(-13.9999995210316,44.7999981753274,-35.9219995210214));
#6115=CARTESIAN_POINT('',(-13.9999995210318,44.7999985964019,-35.9219995210214));
#6116=CARTESIAN_POINT('',(-13.9999995210314,44.6909604752583,-36.7502198842013));
#6117=CARTESIAN_POINT('Origin',(-13.9999995210315,41.6000000000074,-35.9219995210213));
#6118=CARTESIAN_POINT('',(-13.9999995210314,44.1733223850532,-38.6820715367795));
#6119=CARTESIAN_POINT('',(-13.9999995210315,44.6909604748863,-36.7502198841017));
#6120=CARTESIAN_POINT('',(-13.9999995210314,43.8536412573532,-39.4538500509076));
#6121=CARTESIAN_POINT('Origin',(-13.9999995210315,41.0823619098028,-37.8538511735997));
#6122=CARTESIAN_POINT('',(-13.9999995210314,43.3536412573532,-40.319875454692));
#6123=CARTESIAN_POINT('',(-13.9999995210315,43.8536412570197,-39.453850050715));
#6124=CARTESIAN_POINT('',(-13.9999995210314,42.8451020218732,-40.9826166894547));
#6125=CARTESIAN_POINT('Origin',(-13.9999995210315,40.5823619098028,-38.7198765773842));
#6126=CARTESIAN_POINT('',(-13.9999995210314,41.4308884595001,-42.3968302518278));
#6127=CARTESIAN_POINT('',(-13.9999995210315,42.845102021601,-40.9826166891824));
#6128=CARTESIAN_POINT('',(-13.9999995210314,40.1496205402897,-43.1798573602986));
#6129=CARTESIAN_POINT('Origin',(-13.9999995210315,39.1681483474294,-40.134090139757));
#6130=CARTESIAN_POINT('',(-13.9999995210102,41.5135263633869,-48.3041182448874));
#6131=CARTESIAN_POINT('Ctrl Pts',(-13.9999995210315,41.5135244301465,-48.3041140438553));
#6132=CARTESIAN_POINT('Ctrl Pts',(-13.9999995210315,41.4962908145936,-48.2666599685774));
#6133=CARTESIAN_POINT('Ctrl Pts',(-13.9999995210315,41.4891537896337,-48.2394134152082));
#6134=CARTESIAN_POINT('Ctrl Pts',(-13.9999995210315,41.4791058951816,-48.2012821717762));
#6135=CARTESIAN_POINT('Ctrl Pts',(-13.9999995210315,41.4678072280025,-48.1584043100793));
#6136=CARTESIAN_POINT('Ctrl Pts',(-13.9999995210315,41.4370073428845,-48.0417991351359));
#6137=CARTESIAN_POINT('Ctrl Pts',(-13.9999995210315,41.4339986856804,-48.0304079168294));
#6138=CARTESIAN_POINT('Ctrl Pts',(-13.9999995210315,41.4228347375154,-47.9881395684995));
#6139=CARTESIAN_POINT('Ctrl Pts',(-13.9999995210315,41.4046843804505,-47.9194485136005));
#6140=CARTESIAN_POINT('Ctrl Pts',(-13.9999995210315,41.4025901782037,-47.9115229273618));
#6141=CARTESIAN_POINT('Ctrl Pts',(-13.9999995210315,41.3785666546782,-47.8206050096929));
#6142=CARTESIAN_POINT('Ctrl Pts',(-13.9999995210315,41.3733163879645,-47.8007298497256));
#6143=CARTESIAN_POINT('Ctrl Pts',(-13.9999995210315,41.3590899087393,-47.7468858944086));
#6144=CARTESIAN_POINT('Ctrl Pts',(-13.9999995210315,41.3460768204546,-47.6976343450234));
#6145=CARTESIAN_POINT('Ctrl Pts',(-13.9999995210315,41.3191085991218,-47.5955679746131));
#6146=CARTESIAN_POINT('Ctrl Pts',(-13.9999995210315,41.2983896264003,-47.5172031496614));
#6147=CARTESIAN_POINT('Ctrl Pts',(-13.9999995210315,41.2702958675825,-47.4109448654507));
#6148=CARTESIAN_POINT('Ctrl Pts',(-13.9999995210315,41.2433926362417,-47.3092727058597));
#6149=CARTESIAN_POINT('Ctrl Pts',(-13.9999995210315,41.2148333376178,-47.2013721951677));
#6150=CARTESIAN_POINT('Ctrl Pts',(-13.9999995210315,41.1818195301033,-47.076642007021));
#6151=CARTESIAN_POINT('Ctrl Pts',(-13.9999995210315,41.1393690965523,-46.9162884671615));
#6152=CARTESIAN_POINT('Ctrl Pts',(-13.9999995210315,41.0990699963972,-46.7640997199479));
#6153=CARTESIAN_POINT('Ctrl Pts',(-13.9999995210315,40.8719038720886,-45.9062113865886));
#6154=CARTESIAN_POINT('Ctrl Pts',(-13.9999995210315,40.758639962139,-45.4797538516087));
#6155=CARTESIAN_POINT('Ctrl Pts',(-13.9999995210315,40.6305637280406,-44.996568953374));
#6156=CARTESIAN_POINT('Ctrl Pts',(-13.9999995210315,40.5293666984107,-44.6147894857965));
#6157=CARTESIAN_POINT('Ctrl Pts',(-13.9999995210315,40.4287922935665,-44.2349949609008));
#6158=CARTESIAN_POINT('Ctrl Pts',(-13.9999995210315,40.3265409109257,-43.8486000844677));
#6159=CARTESIAN_POINT('Ctrl Pts',(-13.9999995210315,40.243662145872,-43.5354118482329));
#6160=CARTESIAN_POINT('Ctrl Pts',(-13.9999995210315,40.1785945291766,-43.2893566975025));
#6161=CARTESIAN_POINT('Ctrl Pts',(-13.9999995210315,40.1496205402897,-43.1798573602986));
#6162=CARTESIAN_POINT('',(-13.9999995210316,45.178555987515,-46.1444977798427));
#6163=CARTESIAN_POINT('Origin',(-13.9999995210316,39.1681483474294,-40.134090139757));
#6164=CARTESIAN_POINT('',(-13.9999995210316,46.5927695498881,-44.7302842174696));
#6165=CARTESIAN_POINT('',(-13.9999995210316,46.5927695498881,-44.7302842174696));
#6166=CARTESIAN_POINT('',(-13.9999995210316,47.9435778419702,-42.969876577384));
#6167=CARTESIAN_POINT('Origin',(-13.9999995210316,40.5823619098027,-38.7198765773841));
#6168=CARTESIAN_POINT('',(-13.9999995210316,48.4435778419702,-42.1038511735995));
#6169=CARTESIAN_POINT('',(-13.9999995210316,48.4435778419702,-42.1038511735995));
#6170=CARTESIAN_POINT('',(-13.9999995210316,49.2927314332596,-40.053813056971));
#6171=CARTESIAN_POINT('Origin',(-13.9999995210316,41.082361909803,-37.8538511735997));
#6172=CARTESIAN_POINT('',(-13.9999995210316,49.8103695234646,-38.1219614043928));
#6173=CARTESIAN_POINT('',(-13.9999995210316,49.8103695234646,-38.1219614043928));
#6174=CARTESIAN_POINT('Origin',(-13.9999995210316,41.6000000000077,-35.9219995210214));
#6175=CARTESIAN_POINT('Origin',(12.0000004789684,44.8000000000075,-26.4999995210214));
#6176=CARTESIAN_POINT('',(11.9999993194451,41.6000000000075,-14.2999995210214));
#6177=CARTESIAN_POINT('Origin',(12.0000004789684,44.8000000000075,-14.2999995210214));
#6178=CARTESIAN_POINT('',(12.0000004789684,41.6000000000075,-11.8894958398025));
#6179=CARTESIAN_POINT('Origin',(-11.9999995210316,44.8000000000075,-26.4999995210214));
#6180=CARTESIAN_POINT('',(-11.9999972226109,41.6000000000075,-26.4999995210214));
#6181=CARTESIAN_POINT('Origin',(-11.9999995210316,44.8000000000075,-26.4999995210214));
#6182=CARTESIAN_POINT('',(-11.999998083677,42.8000000000073,-35.9219995210214));
#6183=CARTESIAN_POINT('',(-11.9999980845187,42.8000000000072,-35.9219995210214));
#6184=CARTESIAN_POINT('Origin',(-11.9999995210316,44.8000000000075,-35.9219995210214));
#6185=CARTESIAN_POINT('Origin',(-11.9999972226109,42.8000000000075,-26.4999995210214));
#6186=CARTESIAN_POINT('',(11.9999985931591,42.8000000000078,-35.9219995210214));
#6187=CARTESIAN_POINT('',(11.9999981581031,42.8000000000075,-35.9219995210214));
#6188=CARTESIAN_POINT('',(4.78968411593238E-7,42.8000000000075,-35.9219995210214));
#6189=CARTESIAN_POINT('Origin',(12.0000004789684,44.8000000000075,-26.4999995210214));
#6190=CARTESIAN_POINT('',(14.0000004789684,44.7999993266308,-35.9219995210214));
#6191=CARTESIAN_POINT('',(14.0000004789684,44.7999994820194,-35.9219995210214));
#6192=CARTESIAN_POINT('Origin',(12.0000004789684,44.8000000000075,-35.9219995210214));
#6193=CARTESIAN_POINT('Origin',(-11.9999995210316,50.1000000000075,-26.4999995210214));
#6194=CARTESIAN_POINT('',(-15.1999995210316,50.1000000000075,-26.4999995210214));
#6195=CARTESIAN_POINT('',(-15.1999995210316,50.1000000000075,-35.9219995210214));
#6196=CARTESIAN_POINT('Origin',(-11.9999995210316,50.1000000000075,-35.9219995210214));
#6197=CARTESIAN_POINT('',(-15.1999995210316,50.1000000000075,-28.9219995210214));
#6198=CARTESIAN_POINT('Origin',(-21.1393393492518,40.5606601717874,-14.2999995210214));
#6199=CARTESIAN_POINT('Origin',(15.2000004789676,50.0999977308257,-14.2999995210214));
#6200=CARTESIAN_POINT('',(15.2000004789676,50.0999977308257,-14.2999995210214));
#6201=CARTESIAN_POINT('',(15.2000004789676,50.0999977308257,-19.4999995210214));
#6202=CARTESIAN_POINT('Origin',(14.1198918532403,36.8344993362513,-19.4999995210214));
#6203=CARTESIAN_POINT('',(15.2000004789684,44.7999991712266,-19.4999995210214));
#6204=CARTESIAN_POINT('',(15.2000004789684,40.817249253739,-19.4999995210214));
#6205=CARTESIAN_POINT('',(15.1476413584412,34.0000000000091,-19.4999995210214));
#6206=CARTESIAN_POINT('',(20.0786801354086,34.0000000000091,-19.4999995210214));
#6207=CARTESIAN_POINT('Origin',(15.1476413584412,36.0000000000091,-19.4999995210214));
#6208=CARTESIAN_POINT('',(11.9999993194451,41.6000000000075,-19.4999995210214));
#6209=CARTESIAN_POINT('',(1.05994616761096,41.5999999979673,-19.4999995210214));
#6210=CARTESIAN_POINT('Origin',(12.0000004789684,44.8000000000075,-19.4999995210214));
#6211=CARTESIAN_POINT('Origin',(-14.078679177472,34.0000000000091,-14.2999995210214));
#6212=CARTESIAN_POINT('',(-13.4847539388315,34.8887805750836,-20.3999995210214));
#6213=CARTESIAN_POINT('',(-8.99999952296093,41.6000000173304,-10.594747680412));
#6214=CARTESIAN_POINT('Origin',(-15.1476404020839,36.0000000000091,-20.3999995210214));
#6215=CARTESIAN_POINT('Origin',(20.0786801354086,34.0000000000091,-26.4999995210214));
#6216=CARTESIAN_POINT('',(15.1476413584412,34.0000000000091,-14.2999995210214));
#6217=CARTESIAN_POINT('',(15.1476413584412,34.0000000000091,-20.3999995210214));
#6218=CARTESIAN_POINT('',(-20.078679177472,34.0000000000091,-14.2999995210214));
#6219=CARTESIAN_POINT('Origin',(20.0786801354088,39.5000000000075,-14.2999995210214));
#6220=CARTESIAN_POINT('Origin',(15.1476413584412,36.0000000000091,-14.2999995210214));
#6221=CARTESIAN_POINT('',(1.53483658164377,41.5999999970533,-14.2999995210214));
#6222=CARTESIAN_POINT('Origin',(15.1476413584412,36.0000000000091,-20.3999995210214));
#6223=CARTESIAN_POINT('Origin',(-11.9999972226109,41.6000000231047,-6.88949583980251));
#6224=CARTESIAN_POINT('',(-11.9999995271909,41.6000000231047,-28.9219995210214));
#6225=CARTESIAN_POINT('',(-11.9999995271909,41.6000000231047,-28.9219995210214));
#6226=CARTESIAN_POINT('',(-11.9999972236916,41.6000000000075,-35.9219995210214));
#6227=CARTESIAN_POINT('',(-11.9999972226109,41.6000000000075,-35.9219995210214));
#6228=CARTESIAN_POINT('',(11.9999993194451,41.6000000000075,-35.9219995210214));
#6229=CARTESIAN_POINT('',(4.78968411593238E-7,41.6000000000075,-35.9219995210214));
#6230=CARTESIAN_POINT('',(11.9999993194451,41.6000000000075,-28.9219995210214));
#6231=CARTESIAN_POINT('',(12.0000004789684,41.6000000000075,-21.3114958398025));
#6232=CARTESIAN_POINT('',(11.9999993194451,41.6000000000075,-28.9219995210214));
#6233=CARTESIAN_POINT('Origin',(14.0000004789684,44.7999991712266,-26.4999995210214));
#6234=CARTESIAN_POINT('',(14.000000478968,50.0999977312148,-35.9219995210214));
#6235=CARTESIAN_POINT('',(14.0000004789684,50.0999977308257,-16.3114958398025));
#6236=CARTESIAN_POINT('',(14.000000478968,49.8103673319791,-38.1219608171861));
#6237=CARTESIAN_POINT('Origin',(14.0000004789684,41.6000000000075,-35.9219995210214));
#6238=CARTESIAN_POINT('',(14.000000478968,49.2927292417741,-40.0538124697642));
#6239=CARTESIAN_POINT('',(14.0000004789684,49.8103673316033,-38.1219608170854));
#6240=CARTESIAN_POINT('',(14.000000478968,48.4435758771381,-42.1038500392032));
#6241=CARTESIAN_POINT('Origin',(14.0000004789679,41.0823619098031,-37.8538511735997));
#6242=CARTESIAN_POINT('',(14.000000478968,47.9435758771381,-42.9698754429876));
#6243=CARTESIAN_POINT('',(14.0000004789684,48.4435758768011,-42.1038500390086));
#6244=CARTESIAN_POINT('',(14.000000478968,46.5927679456094,-44.7302826131909));
#6245=CARTESIAN_POINT('Origin',(14.0000004789689,40.5823619098026,-38.719876577384));
#6246=CARTESIAN_POINT('',(14.000000478968,45.1785543832363,-46.144496175564));
#6247=CARTESIAN_POINT('',(14.0000004789684,46.5927679453343,-44.7302826129158));
#6248=CARTESIAN_POINT('',(14.000000478968,41.5114732168633,-48.3046953792853));
#6249=CARTESIAN_POINT('Origin',(14.0000004789684,39.1681483474294,-40.1340901397571));
#6250=CARTESIAN_POINT('',(14.0000004733534,41.497172368956,-48.2512210950686));
#6251=CARTESIAN_POINT('Ctrl Pts',(14.0000004785001,41.4971724264381,-48.2512212297068));
#6252=CARTESIAN_POINT('Ctrl Pts',(14.0000004789684,41.4988203978825,-48.2574427497536));
#6253=CARTESIAN_POINT('Ctrl Pts',(14.000000478976,41.5006579374736,-48.2673753300234));
#6254=CARTESIAN_POINT('Ctrl Pts',(14.000000478976,41.5064424644465,-48.2890356362617));
#6255=CARTESIAN_POINT('Ctrl Pts',(14.0000004789684,41.5088243744205,-48.2968821657994));
#6256=CARTESIAN_POINT('Ctrl Pts',(14.000000478968,41.5114732168633,-48.3046953792853));
#6257=CARTESIAN_POINT('',(14.0000005014816,40.1550913694743,-43.1780904860606));
#6258=CARTESIAN_POINT('Ctrl Pts',(14.0000004789684,40.1550912512668,-43.1780905173905));
#6259=CARTESIAN_POINT('Ctrl Pts',(14.0000004789684,40.2465611992394,-43.5232068113784));
#6260=CARTESIAN_POINT('Ctrl Pts',(14.0000004789684,40.3403073058047,-43.8774218724398));
#6261=CARTESIAN_POINT('Ctrl Pts',(14.0000004789684,40.5245123270418,-44.5738395114978));
#6262=CARTESIAN_POINT('Ctrl Pts',(14.00000047896,40.6383002403471,-45.0042953997834));
#6263=CARTESIAN_POINT('Ctrl Pts',(14.00000047896,40.7671404572589,-45.4917042934037));
#6264=CARTESIAN_POINT('Ctrl Pts',(14.0000004789684,41.2251741441299,-47.224395166179));
#6265=CARTESIAN_POINT('Ctrl Pts',(14.0000004789684,41.497172321421,-48.2512208334005));
#6266=CARTESIAN_POINT('',(14.0000004789684,41.4308894614911,-42.3968312538188));
#6267=CARTESIAN_POINT('Origin',(14.0000004789685,39.1681483474294,-40.1340901397571));
#6268=CARTESIAN_POINT('',(14.0000004789684,42.8451030238642,-40.9826176914457));
#6269=CARTESIAN_POINT('',(14.0000004789684,42.8451030235628,-40.9826176911443));
#6270=CARTESIAN_POINT('',(14.0000004789684,43.3536424845365,-40.3198761632066));
#6271=CARTESIAN_POINT('Origin',(14.0000004789689,40.5823619098029,-38.7198765773843));
#6272=CARTESIAN_POINT('',(14.0000004789684,43.8536424845365,-39.4538507594222));
#6273=CARTESIAN_POINT('',(14.0000004789684,43.8536424841673,-39.453850759209));
#6274=CARTESIAN_POINT('',(14.0000004789684,44.1733237537983,-38.6820719035336));
#6275=CARTESIAN_POINT('Origin',(14.0000004789679,41.0823619098033,-37.8538511735999));
#6276=CARTESIAN_POINT('',(14.0000004789684,44.6909618440034,-36.7502202509555));
#6277=CARTESIAN_POINT('',(14.0000004789684,44.6909618435916,-36.7502202508452));
#6278=CARTESIAN_POINT('Origin',(14.0000004789683,41.6000000000077,-35.9219995210214));
#6279=CARTESIAN_POINT('Origin',(12.0000004790432,50.1000000000823,-26.4999995210214));
#6280=CARTESIAN_POINT('',(12.0000004790433,52.1000000000075,-35.9219995210214));
#6281=CARTESIAN_POINT('',(12.0000004790433,52.1000000000075,-26.4999995210214));
#6282=CARTESIAN_POINT('Origin',(12.0000004790432,50.1000000000823,-35.9219995210214));
#6283=CARTESIAN_POINT('Origin',(12.0000004790433,52.1000000000075,-26.4999995210214));
#6284=CARTESIAN_POINT('',(-11.9999995210314,52.1000000000082,-35.9219995210214));
#6285=CARTESIAN_POINT('',(-11.9999995210315,52.1000000000082,-26.4999995210214));
#6286=CARTESIAN_POINT('',(12.0000004790433,52.1000000000075,-35.9219995210214));
#6287=CARTESIAN_POINT('Origin',(-11.9999995210316,50.1000000000075,-26.4999995210214));
#6288=CARTESIAN_POINT('Origin',(-11.9999995210316,50.1000000000075,-35.9219995210214));
#6289=CARTESIAN_POINT('Origin',(15.2000004789684,44.7999991712266,-35.9219995210214));
#6290=CARTESIAN_POINT('',(15.2000004789684,44.7999991712266,-35.9219995210214));
#6291=CARTESIAN_POINT('',(15.2000004789684,44.7999991712266,-35.9219995210214));
#6292=CARTESIAN_POINT('',(15.2000004789684,44.6909618435916,-36.7502202508452));
#6293=CARTESIAN_POINT('Origin',(15.2000004789683,41.6000000000077,-35.9219995210214));
#6294=CARTESIAN_POINT('',(15.2000004789684,44.1733237533865,-38.6820719034233));
#6295=CARTESIAN_POINT('',(15.2000004789684,44.6909618435916,-36.7502202508452));
#6296=CARTESIAN_POINT('',(15.2000004789684,43.8536424841673,-39.453850759209));
#6297=CARTESIAN_POINT('Origin',(15.2000004789679,41.0823619098033,-37.8538511735999));
#6298=CARTESIAN_POINT('',(15.2000004789684,43.3536424841673,-40.3198761629935));
#6299=CARTESIAN_POINT('',(15.2000004789684,43.8536424841673,-39.453850759209));
#6300=CARTESIAN_POINT('',(15.2000004789684,42.8451030235628,-40.9826176911443));
#6301=CARTESIAN_POINT('Origin',(15.2000004789689,40.5823619098029,-38.7198765773843));
#6302=CARTESIAN_POINT('',(15.2000004789684,41.4308894611897,-42.3968312535174));
#6303=CARTESIAN_POINT('',(15.2000004789684,42.8451030235628,-40.9826176911443));
#6304=CARTESIAN_POINT('',(15.2000004789684,39.9963690772531,-43.2250519833411));
#6305=CARTESIAN_POINT('Origin',(15.2000004789685,39.1681483474294,-40.1340901397571));
#6306=CARTESIAN_POINT('',(15.2000004789684,41.3681096434934,-48.3444574713528));
#6307=CARTESIAN_POINT('',(15.2000004789684,39.9963690772532,-43.2250519833411));
#6308=CARTESIAN_POINT('',(15.2000004789684,45.1785543829612,-46.1444961752889));
#6309=CARTESIAN_POINT('Origin',(15.2000004789684,39.1681483474294,-40.1340901397571));
#6310=CARTESIAN_POINT('',(15.2000004789684,46.5927679453343,-44.7302826129158));
#6311=CARTESIAN_POINT('',(15.2000004789684,46.5927679453343,-44.7302826129158));
#6312=CARTESIAN_POINT('',(15.2000004789684,47.9435758768011,-42.9698754427931));
#6313=CARTESIAN_POINT('Origin',(15.2000004789689,40.5823619098026,-38.719876577384));
#6314=CARTESIAN_POINT('',(15.2000004789684,48.4435758768011,-42.1038500390086));
#6315=CARTESIAN_POINT('',(15.2000004789684,48.4435758768011,-42.1038500390086));
#6316=CARTESIAN_POINT('',(15.2000004789684,49.2927292413982,-40.0538124696635));
#6317=CARTESIAN_POINT('Origin',(15.2000004789679,41.0823619098031,-37.8538511735997));
#6318=CARTESIAN_POINT('',(15.2000004789684,49.8103673316033,-38.1219608170854));
#6319=CARTESIAN_POINT('',(15.2000004789684,49.8103673316033,-38.1219608170854));
#6320=CARTESIAN_POINT('Origin',(15.2000004789684,41.6000000000075,-35.9219995210214));
#6321=CARTESIAN_POINT('Origin',(12.0000004789684,44.8000000000075,-35.9219995210214));
#6322=CARTESIAN_POINT('Origin',(12.0000004789684,44.8000000000075,-35.9219995210214));
#6323=CARTESIAN_POINT('Origin',(-11.9999995210316,44.8000000000075,-35.9219995210214));
#6324=CARTESIAN_POINT('',(-15.1999995210315,44.7999977542386,-35.9219995210214));
#6325=CARTESIAN_POINT('',(-15.1999995210315,44.7999977542386,-35.9219995210214));
#6326=CARTESIAN_POINT('Origin',(-11.9999995210316,44.8000000000075,-35.9219995210214));
#6327=CARTESIAN_POINT('Origin',(-15.1999995210316,50.1000000000075,-35.9219995210214));
#6328=CARTESIAN_POINT('',(-15.1999995210316,49.8103695234646,-38.1219614043928));
#6329=CARTESIAN_POINT('Origin',(-15.1999995210316,41.6000000000077,-35.9219995210214));
#6330=CARTESIAN_POINT('',(-15.1999995210316,49.2927314332596,-40.053813056971));
#6331=CARTESIAN_POINT('',(-15.1999995210316,49.8103695234646,-38.1219614043928));
#6332=CARTESIAN_POINT('',(-15.1999995210316,48.4435778419702,-42.1038511735995));
#6333=CARTESIAN_POINT('Origin',(-15.1999995210316,41.082361909803,-37.8538511735997));
#6334=CARTESIAN_POINT('',(-15.1999995210316,47.9435778419702,-42.969876577384));
#6335=CARTESIAN_POINT('',(-15.1999995210316,48.4435778419702,-42.1038511735995));
#6336=CARTESIAN_POINT('',(-15.1999995210316,46.5927695498881,-44.7302842174696));
#6337=CARTESIAN_POINT('Origin',(-15.1999995210316,40.5823619098027,-38.7198765773841));
#6338=CARTESIAN_POINT('',(-15.1999995210316,45.178555987515,-46.1444977798427));
#6339=CARTESIAN_POINT('',(-15.1999995210316,46.5927695498881,-44.7302842174696));
#6340=CARTESIAN_POINT('',(-15.200115616338,41.3682324130565,-48.344426850863));
#6341=CARTESIAN_POINT('Origin',(-15.1999995210316,39.1681483474294,-40.134090139757));
#6342=CARTESIAN_POINT('',(-15.1999995210315,39.9963687105097,-43.2250506146358));
#6343=CARTESIAN_POINT('Ctrl Pts',(-15.1999995210315,39.9963687105097,-43.2250506146358));
#6344=CARTESIAN_POINT('Ctrl Pts',(-15.1999942364279,40.0065097676676,-43.2629727964897));
#6345=CARTESIAN_POINT('Ctrl Pts',(-15.2000069773598,40.0408078690139,-43.3910094969795));
#6346=CARTESIAN_POINT('Ctrl Pts',(-15.2000366077051,40.092947844463,-43.5856135558783));
#6347=CARTESIAN_POINT('Ctrl Pts',(-15.2000721667141,40.1555203808595,-43.8191554678846));
#6348=CARTESIAN_POINT('Ctrl Pts',(-15.200132049133,40.2437893292751,-44.1485695408998));
#6349=CARTESIAN_POINT('Ctrl Pts',(-15.2002142998052,40.3468607135883,-44.5332359376709));
#6350=CARTESIAN_POINT('Ctrl Pts',(-15.2003160406048,40.4743559032687,-45.0090529216654));
#6351=CARTESIAN_POINT('Ctrl Pts',(-15.2004520053724,40.6245020373791,-45.5694174394153));
#6352=CARTESIAN_POINT('Ctrl Pts',(-15.2006185265158,40.7766905884498,-46.1374939155409));
#6353=CARTESIAN_POINT('Ctrl Pts',(-15.2007342142028,40.8824209546604,-46.5321552316112));
#6354=CARTESIAN_POINT('Ctrl Pts',(-15.2008646511992,40.9891373894302,-46.9305400027714));
#6355=CARTESIAN_POINT('Ctrl Pts',(-15.2010086134266,41.0899207508,-47.3068544775257));
#6356=CARTESIAN_POINT('Ctrl Pts',(-15.2011414906468,41.1829438524197,-47.6541929583048));
#6357=CARTESIAN_POINT('Ctrl Pts',(-15.2012858909651,41.2709125945237,-47.9827298839198));
#6358=CARTESIAN_POINT('Ctrl Pts',(-15.2014408479288,41.34837449774,-48.272141179177));
#6359=CARTESIAN_POINT('Ctrl Pts',(-15.2014537748928,41.3548365967158,-48.2962847175747));
#6360=CARTESIAN_POINT('Ctrl Pts',(-15.2014667753193,41.3612255663353,-48.3201559361437));
#6361=CARTESIAN_POINT('Ctrl Pts',(-15.2014798486439,41.3675382363639,-48.3437430184671));
#6362=CARTESIAN_POINT('Ctrl Pts',(-15.2014799985181,41.3676106055964,-48.3440134237056));
#6363=CARTESIAN_POINT('Ctrl Pts',(-15.2014801095271,41.3676829747178,-48.3442838286106));
#6364=CARTESIAN_POINT('Ctrl Pts',(-15.2014801816747,41.3677553437258,-48.3445542331735));
#6365=CARTESIAN_POINT('',(-15.1999995210315,41.4308884592278,-42.3968302515555));
#6366=CARTESIAN_POINT('Origin',(-15.1999995210315,39.1681483474294,-40.134090139757));
#6367=CARTESIAN_POINT('',(-15.1999995210315,42.845102021601,-40.9826166891824));
#6368=CARTESIAN_POINT('',(-15.1999995210315,42.845102021601,-40.9826166891824));
#6369=CARTESIAN_POINT('',(-15.1999995210315,43.3536412570197,-40.3198754544995));
#6370=CARTESIAN_POINT('Origin',(-15.1999995210315,40.5823619098027,-38.7198765773842));
#6371=CARTESIAN_POINT('',(-15.1999995210315,43.8536412570197,-39.453850050715));
#6372=CARTESIAN_POINT('',(-15.1999995210315,43.8536412570197,-39.453850050715));
#6373=CARTESIAN_POINT('',(-15.1999995210315,44.1733223846812,-38.6820715366798));
#6374=CARTESIAN_POINT('Origin',(-15.1999995210315,41.0823619098028,-37.8538511735997));
#6375=CARTESIAN_POINT('',(-15.1999995210315,44.6909604748863,-36.7502198841017));
#6376=CARTESIAN_POINT('',(-15.1999995210315,44.6909604748863,-36.7502198841017));
#6377=CARTESIAN_POINT('Origin',(-15.1999995210315,41.6000000000074,-35.9219995210213));
#6378=CARTESIAN_POINT('Ctrl Pts',(-14.3182644945484,37.6489990708237,-41.4131895023295));
#6379=CARTESIAN_POINT('Ctrl Pts',(-14.0622974474257,36.3935682005113,-41.3081831210535));
#6380=CARTESIAN_POINT('Ctrl Pts',(-13.7804146976409,35.1546393445397,-41.1658334097306));
#6381=CARTESIAN_POINT('Ctrl Pts',(-12.8473182119114,31.3411024022065,-40.5531955858168));
#6382=CARTESIAN_POINT('Ctrl Pts',(-12.2080799117334,28.7294466833326,-40.1361802594271));
#6383=CARTESIAN_POINT('Ctrl Pts',(-11.4871698623352,25.7835471345291,-39.6775127707181));
#6384=CARTESIAN_POINT('Ctrl Pts',(-11.402744258042,25.4385642674153,-39.6239230651186));
#6385=CARTESIAN_POINT('Ctrl Pts',(-11.3183217338877,25.0935886080322,-39.5704355789544));
#6386=CARTESIAN_POINT('Ctrl Pts',(-14.0315916299473,37.8176426651998,-40.9073884958782));
#6387=CARTESIAN_POINT('Ctrl Pts',(-13.7870269238555,36.565298893244,-40.7648248558388));
#6388=CARTESIAN_POINT('Ctrl Pts',(-13.5159547504419,35.3270514016096,-40.5982417728536));
#6389=CARTESIAN_POINT('Ctrl Pts',(-12.5930171523774,31.5134665573139,-39.9608949424121));
#6390=CARTESIAN_POINT('Ctrl Pts',(-11.9620350123764,28.9040414025531,-39.5272062864493));
#6391=CARTESIAN_POINT('Ctrl Pts',(-11.2535313733148,25.9589729831568,-39.0463322807717));
#6392=CARTESIAN_POINT('Ctrl Pts',(-11.1706212654599,25.6140835517506,-38.9901064272384));
#6393=CARTESIAN_POINT('Ctrl Pts',(-11.0877499498742,25.2691921707718,-38.9339609512555));
#6394=CARTESIAN_POINT('Ctrl Pts',(-13.2516898521143,38.1546258110211,-40.1967744261614));
#6395=CARTESIAN_POINT('Ctrl Pts',(-12.9932438970792,36.9152045330657,-39.9923052015636));
#6396=CARTESIAN_POINT('Ctrl Pts',(-12.7169605780363,35.6833577919778,-39.7826149970932));
#6397=CARTESIAN_POINT('Ctrl Pts',(-11.7876146785497,31.8733919989297,-39.101084545751));
#6398=CARTESIAN_POINT('Ctrl Pts',(-11.1556007404002,29.2738776910652,-38.6366921718269));
#6399=CARTESIAN_POINT('Ctrl Pts',(-10.4450692873201,26.3367462447127,-38.1146064431418));
#6400=CARTESIAN_POINT('Ctrl Pts',(-10.3619221484172,25.9928023418689,-38.0535017367673));
#6401=CARTESIAN_POINT('Ctrl Pts',(-10.2788296227744,25.6488540256705,-37.9924211660137));
#6402=CARTESIAN_POINT('Ctrl Pts',(-12.2261894470012,38.4618204885964,-40.004787000872));
#6403=CARTESIAN_POINT('Ctrl Pts',(-11.9216174591572,37.2355686595775,-39.7802281384408));
#6404=CARTESIAN_POINT('Ctrl Pts',(-11.6151169531085,36.010348225643,-39.5559208954362));
#6405=CARTESIAN_POINT('Ctrl Pts',(-10.6538253039919,32.2029111952216,-38.8589339725722));
#6406=CARTESIAN_POINT('Ctrl Pts',(-10.00200163808,29.6157005110854,-38.3854303315633));
#6407=CARTESIAN_POINT('Ctrl Pts',(-9.26400370548861,26.6879966810096,-37.8494433106263));
#6408=CARTESIAN_POINT('Ctrl Pts',(-9.17760842656903,26.345174406257,-37.7866760765392));
#6409=CARTESIAN_POINT('Ctrl Pts',(-9.09123683467867,26.0023504529459,-37.7239077118768));
#6410=CARTESIAN_POINT('Ctrl Pts',(-11.7868826512625,38.5745825652027,-40.0254296674044));
#6411=CARTESIAN_POINT('Ctrl Pts',(-11.4626137759216,37.3522357868418,-39.8016620879844));
#6412=CARTESIAN_POINT('Ctrl Pts',(-11.1432005966639,36.1286429064927,-39.5776663922634));
#6413=CARTESIAN_POINT('Ctrl Pts',(-10.1682428463371,32.3210814162549,-38.8806393020413));
#6414=CARTESIAN_POINT('Ctrl Pts',(-9.50790208760854,29.7383062752362,-38.4078263886167));
#6415=CARTESIAN_POINT('Ctrl Pts',(-8.75817834843231,26.8134398496832,-37.8723889074051));
#6416=CARTESIAN_POINT('Ctrl Pts',(-8.67039861616215,26.4709530378526,-37.8096919328449));
#6417=CARTESIAN_POINT('Ctrl Pts',(-8.58262972111628,26.1284635198247,-37.7469944628776));
#6418=CARTESIAN_POINT('',(-13.497652349804,33.999913043539,-40.9797163311959));
#6419=CARTESIAN_POINT('',(-11.5715765603882,26.1284635022684,-39.7312122524857));
#6420=CARTESIAN_POINT('Ctrl Pts',(-13.4978208663031,33.9997871558266,-40.980243419734));
#6421=CARTESIAN_POINT('Ctrl Pts',(-13.4919566942491,33.975753573888,-40.9764258071825));
#6422=CARTESIAN_POINT('Ctrl Pts',(-13.4860854393971,33.9517246227625,-40.9725873317072));
#6423=CARTESIAN_POINT('Ctrl Pts',(-12.8473182119114,31.3411024022065,-40.5531955858168));
#6424=CARTESIAN_POINT('Ctrl Pts',(-12.2080799117334,28.7294466833326,-40.1361802594271));
#6425=CARTESIAN_POINT('Ctrl Pts',(-11.5715816216852,26.128484154051,-39.7312184025245));
#6426=CARTESIAN_POINT('Ctrl Pts',(-11.5715790343167,26.1284735811264,-39.7312167563529));
#6427=CARTESIAN_POINT('Ctrl Pts',(-11.5715764469483,26.1284630082019,-39.7312151101813));
#6428=CARTESIAN_POINT('',(-8.58262979147021,26.128463782167,-37.7469945109031));
#6429=CARTESIAN_POINT('Ctrl Pts',(-8.58262979147021,26.128463782167,-37.746994510903));
#6430=CARTESIAN_POINT('Ctrl Pts',(-8.68520788563328,26.1284637588849,-37.7469945067466));
#6431=CARTESIAN_POINT('Ctrl Pts',(-8.78760606243265,26.1284379884919,-37.752121168242));
#6432=CARTESIAN_POINT('Ctrl Pts',(-8.88944814493399,26.1284101107806,-37.7621555591547));
#6433=CARTESIAN_POINT('Ctrl Pts',(-8.99198130880105,26.1283820438964,-37.7722580415716));
#6434=CARTESIAN_POINT('Ctrl Pts',(-9.0939515934806,26.1283516163013,-37.787335210992));
#6435=CARTESIAN_POINT('Ctrl Pts',(-9.19498768452357,26.1283300798635,-37.807216445449));
#6436=CARTESIAN_POINT('Ctrl Pts',(-9.29725864733287,26.1283082802054,-37.8273406700578));
#6437=CARTESIAN_POINT('Ctrl Pts',(-9.39857327201476,26.1282953652489,-37.8523871768684));
#6438=CARTESIAN_POINT('Ctrl Pts',(-9.49854704035858,26.1282932556767,-37.8822315242541));
#6439=CARTESIAN_POINT('Ctrl Pts',(-9.59410945616435,26.1282912391895,-37.9107589868232));
#6440=CARTESIAN_POINT('Ctrl Pts',(-9.68844738185197,26.1282988450435,-37.9436706865384));
#6441=CARTESIAN_POINT('Ctrl Pts',(-9.78121482295094,26.1283124877404,-37.9809009583914));
#6442=CARTESIAN_POINT('Ctrl Pts',(-9.87959750218149,26.1283269562333,-38.0203847886015));
#6443=CARTESIAN_POINT('Ctrl Pts',(-9.97585881953287,26.1283494557224,-38.0645833470051));
#6444=CARTESIAN_POINT('Ctrl Pts',(-10.0696059955448,26.128377615594,-38.1133620092484));
#6445=CARTESIAN_POINT('Ctrl Pts',(-10.0951994092837,26.1283853033695,-38.1266788102181));
#6446=CARTESIAN_POINT('Ctrl Pts',(-10.120605384852,26.1283933737436,-38.140337265465));
#6447=CARTESIAN_POINT('Ctrl Pts',(-10.145815768688,26.1284017008373,-38.1543352860121));
#6448=CARTESIAN_POINT('Ctrl Pts',(-10.2373667333928,26.1284319404985,-38.2051687954651));
#6449=CARTESIAN_POINT('Ctrl Pts',(-10.3263402170802,26.1284657431413,-38.2604767251483));
#6450=CARTESIAN_POINT('Ctrl Pts',(-10.4125017869368,26.1284985126455,-38.3199327293804));
#6451=CARTESIAN_POINT('Ctrl Pts',(-10.4993694861413,26.1285315507091,-38.3798759999142));
#6452=CARTESIAN_POINT('Ctrl Pts',(-10.5833795985712,26.1285632872014,-38.4440361403048));
#6453=CARTESIAN_POINT('Ctrl Pts',(-10.664261899826,26.1285887488134,-38.5121220924225));
#6454=CARTESIAN_POINT('Ctrl Pts',(-10.7245222735388,26.1286077186774,-38.5628487020214));
#6455=CARTESIAN_POINT('Ctrl Pts',(-10.783045891238,26.1286231775249,-38.6157554013191));
#6456=CARTESIAN_POINT('Ctrl Pts',(-10.8397072392997,26.1286342525321,-38.6707346048882));
#6457=CARTESIAN_POINT('Ctrl Pts',(-10.91765431077,26.1286494880393,-38.7463676079244));
#6458=CARTESIAN_POINT('Ctrl Pts',(-10.9918740225254,26.1286563127041,-38.8257224406558));
#6459=CARTESIAN_POINT('Ctrl Pts',(-11.0620589634783,26.1286527031205,-38.9084919138466));
#6460=CARTESIAN_POINT('Ctrl Pts',(-11.1322439044313,26.1286490935369,-38.9912613870373));
#6461=CARTESIAN_POINT('Ctrl Pts',(-11.1983947591164,26.1286347483816,-39.0774461872787));
#6462=CARTESIAN_POINT('Ctrl Pts',(-11.2601550475622,26.1286141612604,-39.1667721885308));
#6463=CARTESIAN_POINT('Ctrl Pts',(-11.3214149231288,26.1285937409463,-39.2553744256522));
#6464=CARTESIAN_POINT('Ctrl Pts',(-11.3782352140717,26.1285673359421,-39.3468938021361));
#6465=CARTESIAN_POINT('Ctrl Pts',(-11.4302662530581,26.1285429857954,-39.4410560379802));
#6466=CARTESIAN_POINT('Ctrl Pts',(-11.4788791112665,26.1285202353324,-39.5290322827149));
#6467=CARTESIAN_POINT('Ctrl Pts',(-11.5233113071495,26.1284991433405,-39.6193162861886));
#6468=CARTESIAN_POINT('Ctrl Pts',(-11.5632306301037,26.1284952682454,-39.7117010302044));
#6469=CARTESIAN_POINT('Ctrl Pts',(-11.566037530735,26.1284949957706,-39.7181970020073));
#6470=CARTESIAN_POINT('Ctrl Pts',(-11.5688220987059,26.128494812817,-39.7247033648289));
#6471=CARTESIAN_POINT('Ctrl Pts',(-11.571584209027,26.1284947268664,-39.7312200486794));
#6472=CARTESIAN_POINT('',(-11.7868826512625,38.5745825652027,-40.0254296674044));
#6473=CARTESIAN_POINT('Ctrl Pts',(-8.58262978853272,26.1284637828954,-37.7469945110364));
#6474=CARTESIAN_POINT('Ctrl Pts',(-8.67039866111199,26.4709532132317,-37.8096919649505));
#6475=CARTESIAN_POINT('Ctrl Pts',(-8.75817837090941,26.8134399373723,-37.8723889234577));
#6476=CARTESIAN_POINT('Ctrl Pts',(-9.50790208760854,29.7383062752362,-38.4078263886167));
#6477=CARTESIAN_POINT('Ctrl Pts',(-10.1682428463371,32.3210814162549,-38.8806393020413));
#6478=CARTESIAN_POINT('Ctrl Pts',(-11.1432005966639,36.1286429064927,-39.5776663922634));
#6479=CARTESIAN_POINT('Ctrl Pts',(-11.4626137759216,37.3522357868418,-39.8016620879844));
#6480=CARTESIAN_POINT('Ctrl Pts',(-11.7868826512625,38.5745825652027,-40.0254296674044));
#6481=CARTESIAN_POINT('',(-14.3182644945484,37.6489990708237,-41.4131895023295));
#6482=CARTESIAN_POINT('Origin',(-11.7868826512625,38.0343681836784,-42.9763902604985));
#6483=CARTESIAN_POINT('Ctrl Pts',(-13.4975311079617,33.9985996445882,-40.9800547720213));
#6484=CARTESIAN_POINT('Ctrl Pts',(-13.7912622084467,35.2023646042068,-41.1713023651842));
#6485=CARTESIAN_POINT('Ctrl Pts',(-14.0672269182133,36.4177455697103,-41.3102053574891));
#6486=CARTESIAN_POINT('Ctrl Pts',(-14.3182644945484,37.6489990708237,-41.4131895023295));
#6487=CARTESIAN_POINT('Ctrl Pts',(-14.973001887226,41.2115090693183,-41.65770394941));
#6488=CARTESIAN_POINT('Ctrl Pts',(-14.9711871959537,41.2011603597361,-41.6569142635323));
#6489=CARTESIAN_POINT('Ctrl Pts',(-14.9675345727759,41.1803301832079,-41.655328106254));
#6490=CARTESIAN_POINT('Ctrl Pts',(-14.9601375820227,41.1381467499322,-41.6521299887647));
#6491=CARTESIAN_POINT('Ctrl Pts',(-14.9469512843825,41.06294780681,-41.6464665817455));
#6492=CARTESIAN_POINT('Ctrl Pts',(-14.9274658438468,40.9518247826232,-41.638213450048));
#6493=CARTESIAN_POINT('Ctrl Pts',(-14.9030749311906,40.81272644984,-41.6280905443251));
#6494=CARTESIAN_POINT('Ctrl Pts',(-14.8350934940847,40.4250418630778,-41.6005072863528));
#6495=CARTESIAN_POINT('Ctrl Pts',(-14.767133037777,40.0374269219965,-41.5750511497009));
#6496=CARTESIAN_POINT('Ctrl Pts',(-14.6970482196856,39.6377262992748,-41.5520997703239));
#6497=CARTESIAN_POINT('Ctrl Pts',(-14.689046359745,39.5923702867088,-41.5494648226354));
#6498=CARTESIAN_POINT('Ctrl Pts',(-14.6168399669681,39.185394137206,-41.5255412514615));
#6499=CARTESIAN_POINT('Ctrl Pts',(-14.498785729223,38.5495611980271,-41.4846285161658));
#6500=CARTESIAN_POINT('Ctrl Pts',(-14.3697019280493,37.9012820995673,-41.4342908855535));
#6501=CARTESIAN_POINT('Ctrl Pts',(-14.3182644945484,37.6489990708235,-41.4131895023294));
#6502=CARTESIAN_POINT('Ctrl Pts',(-14.8450167889886,40.6559430915562,-41.0876747655451));
#6503=CARTESIAN_POINT('Ctrl Pts',(-14.8414799433927,40.6488476530045,-41.0860045935873));
#6504=CARTESIAN_POINT('Ctrl Pts',(-14.8343853773544,40.6345325725785,-41.0827418738504));
#6505=CARTESIAN_POINT('Ctrl Pts',(-14.8200900451742,40.6054235225137,-41.0765271433209));
#6506=CARTESIAN_POINT('Ctrl Pts',(-14.7948514090688,40.5531840805409,-41.0664512619777));
#6507=CARTESIAN_POINT('Ctrl Pts',(-14.7583528635286,40.4749378957272,-41.0542998735136));
#6508=CARTESIAN_POINT('Ctrl Pts',(-14.7143300130538,40.3750841131449,-41.0429609133041));
#6509=CARTESIAN_POINT('Ctrl Pts',(-14.5961074279089,40.0918286892281,-41.0202957294029));
#6510=CARTESIAN_POINT('Ctrl Pts',(-14.4978781034386,39.7900207296259,-41.0200088374387));
#6511=CARTESIAN_POINT('Ctrl Pts',(-14.4105974726047,39.4678854804474,-41.0178769385726));
#6512=CARTESIAN_POINT('Ctrl Pts',(-14.4006789290118,39.4312379145211,-41.0175753369814));
#6513=CARTESIAN_POINT('Ctrl Pts',(-14.3140445358173,39.1009034983994,-41.013967330569));
#6514=CARTESIAN_POINT('Ctrl Pts',(-14.1906699693633,38.5721362904726,-40.995610602385));
#6515=CARTESIAN_POINT('Ctrl Pts',(-14.0745525151993,38.0283869959314,-40.9363389030515));
#6516=CARTESIAN_POINT('Ctrl Pts',(-14.0315916299448,37.8176426651936,-40.9073884958838));
#6517=CARTESIAN_POINT('Ctrl Pts',(-14.0317721728646,39.7914209531995,-40.131250086797));
#6518=CARTESIAN_POINT('Ctrl Pts',(-14.0275409810805,39.7892903156824,-40.1303584941647));
#6519=CARTESIAN_POINT('Ctrl Pts',(-14.0190875200285,39.7849341299308,-40.1287206065661));
#6520=CARTESIAN_POINT('Ctrl Pts',(-14.0022350118672,39.7758226404626,-40.1260146563666));
#6521=CARTESIAN_POINT('Ctrl Pts',(-13.9729221256915,39.75877424611,-40.1227368242441));
#6522=CARTESIAN_POINT('Ctrl Pts',(-13.9317435162029,39.7311618071332,-40.1220460469979));
#6523=CARTESIAN_POINT('Ctrl Pts',(-13.8840253742868,39.6921116628601,-40.1267212567828));
#6524=CARTESIAN_POINT('Ctrl Pts',(-13.7608654432907,39.5714282259463,-40.1518416181787));
#6525=CARTESIAN_POINT('Ctrl Pts',(-13.6712127884795,39.4096621317103,-40.2037613131281));
#6526=CARTESIAN_POINT('Ctrl Pts',(-13.5960078327544,39.2163649406728,-40.2400684615268));
#6527=CARTESIAN_POINT('Ctrl Pts',(-13.587612466633,39.1940941637658,-40.2439542682773));
#6528=CARTESIAN_POINT('Ctrl Pts',(-13.5134514212314,38.9922456433826,-40.2767520097032));
#6529=CARTESIAN_POINT('Ctrl Pts',(-13.4084058172997,38.6475732261589,-40.2961567390064));
#6530=CARTESIAN_POINT('Ctrl Pts',(-13.2952067162467,38.2902076037284,-40.2330533544117));
#6531=CARTESIAN_POINT('Ctrl Pts',(-13.2517952838136,38.1546267639713,-40.1966164360144));
#6532=CARTESIAN_POINT('Ctrl Pts',(-12.623433380143,39.5607809661027,-39.741457485217));
#6533=CARTESIAN_POINT('Ctrl Pts',(-12.6212738311173,39.5586321498781,-39.7433593263778));
#6534=CARTESIAN_POINT('Ctrl Pts',(-12.6170409377984,39.5542770180957,-39.7471965976566));
#6535=CARTESIAN_POINT('Ctrl Pts',(-12.6089164100835,39.5453401511067,-39.7550027507759));
#6536=CARTESIAN_POINT('Ctrl Pts',(-12.5955745596971,39.5290743194182,-39.7689871021156));
#6537=CARTESIAN_POINT('Ctrl Pts',(-12.5789136614713,39.5040405768679,-39.7897611204966));
#6538=CARTESIAN_POINT('Ctrl Pts',(-12.5623653202797,39.4708626496328,-39.8155507019309));
#6539=CARTESIAN_POINT('Ctrl Pts',(-12.5257928546448,39.3736671628437,-39.8860436279964));
#6540=CARTESIAN_POINT('Ctrl Pts',(-12.5140883048064,39.2590696901764,-39.9479432292673));
#6541=CARTESIAN_POINT('Ctrl Pts',(-12.4942968215958,39.1313405093001,-39.9903928604925));
#6542=CARTESIAN_POINT('Ctrl Pts',(-12.4919043180397,39.1168627986093,-39.9949194922589));
#6543=CARTESIAN_POINT('Ctrl Pts',(-12.4691933226035,38.9851210890443,-40.0331821175388));
#6544=CARTESIAN_POINT('Ctrl Pts',(-12.4124548765849,38.7662387192801,-40.0613506690925));
#6545=CARTESIAN_POINT('Ctrl Pts',(-12.2848576586254,38.5451326417167,-40.0270831641036));
#6546=CARTESIAN_POINT('Ctrl Pts',(-12.2261894470083,38.4618204885704,-40.004787000887));
#6547=CARTESIAN_POINT('Ctrl Pts',(-12.0207006551248,39.5948375802554,-39.7074008679532));
#6548=CARTESIAN_POINT('Ctrl Pts',(-12.0194180457806,39.5916924588763,-39.7105459896196));
#6549=CARTESIAN_POINT('Ctrl Pts',(-12.0169729875585,39.5853631643827,-39.7168025697172));
#6550=CARTESIAN_POINT('Ctrl Pts',(-12.0125462837221,39.5725521806312,-39.7291758891483));
#6551=CARTESIAN_POINT('Ctrl Pts',(-12.0059754561677,39.549733237079,-39.7504578202229));
#6552=CARTESIAN_POINT('Ctrl Pts',(-11.9997217820736,39.5160843770837,-39.7797208114143));
#6553=CARTESIAN_POINT('Ctrl Pts',(-11.9964160785155,39.47411515862,-39.8129078157985));
#6554=CARTESIAN_POINT('Ctrl Pts',(-11.9966339403558,39.3576930614532,-39.8965557572452));
#6555=CARTESIAN_POINT('Ctrl Pts',(-12.018334580525,39.2431415242181,-39.9531290815039));
#6556=CARTESIAN_POINT('Ctrl Pts',(-12.0222272184535,39.1285316821101,-39.9908280819267));
#6557=CARTESIAN_POINT('Ctrl Pts',(-12.0223857090164,39.1157292839055,-39.9947911089781));
#6558=CARTESIAN_POINT('Ctrl Pts',(-12.0216869035756,39.000031376736,-40.0284665191393));
#6559=CARTESIAN_POINT('Ctrl Pts',(-11.9857189693796,38.8203443879614,-40.0541981854291));
#6560=CARTESIAN_POINT('Ctrl Pts',(-11.8520455654021,38.6426500038234,-40.0378903588131));
#6561=CARTESIAN_POINT('Ctrl Pts',(-11.7868826512731,38.5745825651744,-40.0254296674179));
#6562=CARTESIAN_POINT('',(-14.3631926346012,37.8708883607696,-41.4313608325871));
#6563=CARTESIAN_POINT('',(-12.0207006551248,39.5948375802554,-39.7074008679532));
#6564=CARTESIAN_POINT('Ctrl Pts',(-14.363185244376,37.8708813114263,-41.431357294265));
#6565=CARTESIAN_POINT('Ctrl Pts',(-14.2810050585342,38.0438595569506,-41.2583790329392));
#6566=CARTESIAN_POINT('Ctrl Pts',(-14.172155189742,38.2097835327722,-41.0924550419605));
#6567=CARTESIAN_POINT('Ctrl Pts',(-13.9190333108174,38.5051615687397,-40.7970769790104));
#6568=CARTESIAN_POINT('Ctrl Pts',(-13.7810749852583,38.6352593229675,-40.6669792128981));
#6569=CARTESIAN_POINT('Ctrl Pts',(-13.4890642542611,38.8617818298681,-40.4404566853048));
#6570=CARTESIAN_POINT('Ctrl Pts',(-13.3416784988889,38.9583309790582,-40.3439075272951));
#6571=CARTESIAN_POINT('Ctrl Pts',(-12.8440653753605,39.2388530405929,-40.0633854401347));
#6572=CARTESIAN_POINT('Ctrl Pts',(-12.4966660067828,39.3697440707609,-39.9324943980097));
#6573=CARTESIAN_POINT('Ctrl Pts',(-12.1477508191232,39.5307938956564,-39.7714445584024));
#6574=CARTESIAN_POINT('Ctrl Pts',(-12.087896301143,39.5597536418874,-39.7424848095261));
#6575=CARTESIAN_POINT('Ctrl Pts',(-12.0263003290772,39.5918995650999,-39.7103388833771));
#6576=CARTESIAN_POINT('Ctrl Pts',(-12.023498736859,39.5933668552627,-39.7088715930803));
#6577=CARTESIAN_POINT('Ctrl Pts',(-12.0207006551248,39.5948375802554,-39.7074008679532));
#6578=CARTESIAN_POINT('Ctrl Pts',(-14.3182644945484,37.6489990708237,-41.4131895023295));
#6579=CARTESIAN_POINT('Ctrl Pts',(-14.3332483453825,37.7224897373166,-41.4193363871389));
#6580=CARTESIAN_POINT('Ctrl Pts',(-14.3482488355924,37.7965768314821,-41.4254012718822));
#6581=CARTESIAN_POINT('Ctrl Pts',(-14.3632174955667,37.8710373872392,-41.4313707674091));
#6582=CARTESIAN_POINT('Ctrl Pts',(-11.7868826512731,38.5745825651744,-40.0254296674179));
#6583=CARTESIAN_POINT('Ctrl Pts',(-11.8520455654021,38.6426500038234,-40.0378903588131));
#6584=CARTESIAN_POINT('Ctrl Pts',(-11.9857189693796,38.8203443879614,-40.0541981854291));
#6585=CARTESIAN_POINT('Ctrl Pts',(-12.0216869035756,39.000031376736,-40.0284665191393));
#6586=CARTESIAN_POINT('Ctrl Pts',(-12.0223857090164,39.1157292839055,-39.9947911089781));
#6587=CARTESIAN_POINT('Ctrl Pts',(-12.0222272184535,39.1285316821101,-39.9908280819267));
#6588=CARTESIAN_POINT('Ctrl Pts',(-12.018334580525,39.2431415242181,-39.9531290815039));
#6589=CARTESIAN_POINT('Ctrl Pts',(-11.9966339403558,39.3576930614532,-39.8965557572452));
#6590=CARTESIAN_POINT('Ctrl Pts',(-11.9964160785155,39.47411515862,-39.8129078157985));
#6591=CARTESIAN_POINT('Ctrl Pts',(-11.9997217820736,39.5160843770837,-39.7797208114143));
#6592=CARTESIAN_POINT('Ctrl Pts',(-12.0059754561677,39.549733237079,-39.7504578202229));
#6593=CARTESIAN_POINT('Ctrl Pts',(-12.0125462837221,39.5725521806312,-39.7291758891483));
#6594=CARTESIAN_POINT('Ctrl Pts',(-12.0169729875585,39.5853631643827,-39.7168025697172));
#6595=CARTESIAN_POINT('Ctrl Pts',(-12.0194180457806,39.5916924588763,-39.7105459896196));
#6596=CARTESIAN_POINT('Ctrl Pts',(-12.0207006551248,39.5948375802554,-39.7074008679532));
#6597=CARTESIAN_POINT('Origin',(-11.9999972226109,39.1681483474294,-40.134090139757));
#6598=CARTESIAN_POINT('',(8.44482727898041,26.1284635159508,-37.7469944621685));
#6599=CARTESIAN_POINT('',(11.6102808050684,26.1284635035207,-37.7469942634591));
#6600=CARTESIAN_POINT('',(11.7684880972832,38.5745825652403,-40.02542966743));
#6601=CARTESIAN_POINT('Ctrl Pts',(11.7684880972519,38.5745825655124,-40.0254296674611));
#6602=CARTESIAN_POINT('Ctrl Pts',(11.4338139327734,37.3586566533696,-39.8028375169102));
#6603=CARTESIAN_POINT('Ctrl Pts',(11.104232411837,36.1413671103541,-39.5799957347614));
#6604=CARTESIAN_POINT('Ctrl Pts',(10.0947250690776,32.3408049355538,-38.8842499665837));
#6605=CARTESIAN_POINT('Ctrl Pts',(9.40992405578338,29.758779248925,-38.4115742512094));
#6606=CARTESIAN_POINT('Ctrl Pts',(8.63065766586528,26.8275897887522,-37.8749792505633));
#6607=CARTESIAN_POINT('Ctrl Pts',(8.53773627173264,26.4780282412811,-37.8109871472416));
#6608=CARTESIAN_POINT('Ctrl Pts',(8.44482727898042,26.1284635159508,-37.7469944621685));
#6609=CARTESIAN_POINT('',(2.21457207428445E-15,38.5745825651994,-40.0254296674225));
#6610=CARTESIAN_POINT('Ctrl Pts',(-15.2000243016363,39.9964745605126,-43.2250928287015));
#6611=CARTESIAN_POINT('Ctrl Pts',(-14.0463369240467,35.3738041984853,-42.3990668975647));
#6612=CARTESIAN_POINT('Ctrl Pts',(-12.8926492891932,30.7511338644116,-41.5730410707518));
#6613=CARTESIAN_POINT('Ctrl Pts',(-11.7389619116,26.1284635023847,-40.7470151396166));
#6614=CARTESIAN_POINT('Ctrl Pts',(-15.200031917891,39.7448145494752,-42.2858906179178));
#6615=CARTESIAN_POINT('Ctrl Pts',(-14.0430522898117,35.2063884832903,-41.5071942255636));
#6616=CARTESIAN_POINT('Ctrl Pts',(-12.8959462270889,30.666889583932,-40.7244939652983));
#6617=CARTESIAN_POINT('Ctrl Pts',(-11.738966740394,26.1284635023847,-39.9457975156108));
#6618=CARTESIAN_POINT('Ctrl Pts',(-14.3838020521595,39.3157892431252,-40.6847561803428));
#6619=CARTESIAN_POINT('Ctrl Pts',(-13.3248158551,34.9198208089036,-39.9813102312659));
#6620=CARTESIAN_POINT('Ctrl Pts',(-12.2632323470973,30.5244319283072,-39.2800272057645));
#6621=CARTESIAN_POINT('Ctrl Pts',(-11.2042461128456,26.1284635023846,-38.5765812876595));
#6622=CARTESIAN_POINT('Ctrl Pts',(-12.7032088973281,39.1682415761327,-40.1341057901576));
#6623=CARTESIAN_POINT('Ctrl Pts',(-11.7918796078976,34.8218091657248,-39.3827713693458));
#6624=CARTESIAN_POINT('Ctrl Pts',(-10.8784407270737,30.4748959196778,-38.6296424454988));
#6625=CARTESIAN_POINT('Ctrl Pts',(-9.96711140743487,26.1284635023848,-37.8783079989908));
#6626=CARTESIAN_POINT('Ctrl Pts',(-12.0000157899617,39.1682417103167,-40.1341072311209));
#6627=CARTESIAN_POINT('Ctrl Pts',(-11.1355812210027,34.8216489743395,-39.3384034985977));
#6628=CARTESIAN_POINT('Ctrl Pts',(-10.2711466520437,30.4750562383621,-38.5426997660745));
#6629=CARTESIAN_POINT('Ctrl Pts',(-9.40671208308463,26.1284635023848,-37.7469960335513));
#6630=CARTESIAN_POINT('',(-14.6785175165611,39.5456667596316,-41.5430325222606));
#6631=CARTESIAN_POINT('Ctrl Pts',(-14.3631886816383,37.8708739932859,-41.4313645493109));
#6632=CARTESIAN_POINT('Ctrl Pts',(-14.4371251186159,38.2386201120285,-41.4608573602454));
#6633=CARTESIAN_POINT('Ctrl Pts',(-14.5085857053449,38.6070750880207,-41.4873466089527));
#6634=CARTESIAN_POINT('Ctrl Pts',(-14.5770226135525,38.9750488111911,-41.5113588881173));
#6635=CARTESIAN_POINT('Ctrl Pts',(-14.612395931302,39.1652451799942,-41.5237702316894));
#6636=CARTESIAN_POINT('Ctrl Pts',(-14.6469611513135,39.3553121539453,-41.5355198290025));
#6637=CARTESIAN_POINT('Ctrl Pts',(-14.6806408223804,39.5450802799138,-41.5466803962379));
#6638=CARTESIAN_POINT('',(-14.7581145313978,39.5779021538456,-41.6633121446916));
#6639=CARTESIAN_POINT('Ctrl Pts',(-14.679199581162,39.5454754339763,-41.5442939178829));
#6640=CARTESIAN_POINT('Ctrl Pts',(-14.6993827313648,39.5539633500719,-41.5745391919154));
#6641=CARTESIAN_POINT('Ctrl Pts',(-14.7191214235208,39.5622696923964,-41.6053106771686));
#6642=CARTESIAN_POINT('Ctrl Pts',(-14.7382752075048,39.5706327471204,-41.6363378987109));
#6643=CARTESIAN_POINT('Ctrl Pts',(-14.7440921170034,39.5731725654927,-41.6457607124931));
#6644=CARTESIAN_POINT('Ctrl Pts',(-14.7498553938252,39.575717580347,-41.655206931049));
#6645=CARTESIAN_POINT('Ctrl Pts',(-14.7555619340924,39.5782743821354,-41.6646685204611));
#6646=CARTESIAN_POINT('Origin',(-12.560732368297,39.8886813513764,-42.8237173072497));
#6647=CARTESIAN_POINT('',(-11.7389619417681,26.1284635105256,-40.7469942642007));
#6648=CARTESIAN_POINT('',(-15.1999995210316,39.9963687105097,-43.2250506146358));
#6649=CARTESIAN_POINT('Ctrl Pts',(-11.7389619145398,26.1284635139412,-40.7469942640117));
#6650=CARTESIAN_POINT('Ctrl Pts',(-11.7389616717914,26.1284635124632,-40.4012915315722));
#6651=CARTESIAN_POINT('Ctrl Pts',(-11.6811915385618,26.1284635110194,-40.0568254140497));
#6652=CARTESIAN_POINT('Ctrl Pts',(-11.5715765616344,26.1284635096107,-39.7312122520595));
#6653=CARTESIAN_POINT('Ctrl Pts',(14.2932569060489,37.62652330055,-41.4082049994399));
#6654=CARTESIAN_POINT('Ctrl Pts',(14.4311245590353,38.2706611577164,-41.4626473047427));
#6655=CARTESIAN_POINT('Ctrl Pts',(14.5647589813649,38.9339698167229,-41.5083372990901));
#6656=CARTESIAN_POINT('Ctrl Pts',(14.6878837392141,39.591085538665,-41.547220748688));
#6657=CARTESIAN_POINT('Ctrl Pts',(14.6964313981306,39.6369290498756,-41.5499050857608));
#6658=CARTESIAN_POINT('Ctrl Pts',(14.7698774009007,40.0332494009916,-41.5728226992963));
#6659=CARTESIAN_POINT('Ctrl Pts',(14.8398757686148,40.4109109168515,-41.5977138992163));
#6660=CARTESIAN_POINT('Ctrl Pts',(14.9104145726057,40.7915320580127,-41.6248142378764));
#6661=CARTESIAN_POINT('Ctrl Pts',(14.9356907634482,40.9279161272035,-41.6347460462947));
#6662=CARTESIAN_POINT('Ctrl Pts',(14.9559285067611,41.0371158628672,-41.6428561880205));
#6663=CARTESIAN_POINT('Ctrl Pts',(14.9696366121512,41.1110825398257,-41.6484260252789));
#6664=CARTESIAN_POINT('Ctrl Pts',(14.9763701271567,41.1474156338122,-41.6511797692763));
#6665=CARTESIAN_POINT('Ctrl Pts',(14.9801833612984,41.1679913560228,-41.6527442734608));
#6666=CARTESIAN_POINT('Ctrl Pts',(14.9820782142281,41.1782157261998,-41.6535233515263));
#6667=CARTESIAN_POINT('Ctrl Pts',(14.9830227339459,41.1833122412851,-41.6539120988681));
#6668=CARTESIAN_POINT('Ctrl Pts',(14.0072021111068,37.797717709913,-40.9031352175493));
#6669=CARTESIAN_POINT('Ctrl Pts',(14.1230075880314,38.3360538009546,-40.978189813832));
#6670=CARTESIAN_POINT('Ctrl Pts',(14.2520644311122,38.8964791385746,-41.0107046052424));
#6671=CARTESIAN_POINT('Ctrl Pts',(14.3986007486461,39.4289656986895,-41.016391451255));
#6672=CARTESIAN_POINT('Ctrl Pts',(14.4090713934955,39.4659549489566,-41.0167671132229));
#6673=CARTESIAN_POINT('Ctrl Pts',(14.4997549683095,39.785000402594,-41.0190984469366));
#6674=CARTESIAN_POINT('Ctrl Pts',(14.5995694778125,40.0781399374918,-41.0202235230495));
#6675=CARTESIAN_POINT('Ctrl Pts',(14.7186052771501,40.3561944886077,-41.042886901428));
#6676=CARTESIAN_POINT('Ctrl Pts',(14.7627628411147,40.4541276023368,-41.0541142928537));
#6677=CARTESIAN_POINT('Ctrl Pts',(14.7994206141106,40.5310782654872,-41.0660436119842));
#6678=CARTESIAN_POINT('Ctrl Pts',(14.8247462933286,40.5825349953142,-41.0758982609887));
#6679=CARTESIAN_POINT('Ctrl Pts',(14.8373001716018,40.6076509715803,-41.0812070034682));
#6680=CARTESIAN_POINT('Ctrl Pts',(14.844439449939,40.6218300311035,-41.0843516682562));
#6681=CARTESIAN_POINT('Ctrl Pts',(14.8479951003385,40.6288621887335,-41.0859611524513));
#6682=CARTESIAN_POINT('Ctrl Pts',(14.8497701892832,40.6323636937771,-41.0867751529955));
#6683=CARTESIAN_POINT('Ctrl Pts',(13.2293902792811,38.1416072848898,-40.1940773288864));
#6684=CARTESIAN_POINT('Ctrl Pts',(13.3461163122972,38.4880785127799,-40.2887000844217));
#6685=CARTESIAN_POINT('Ctrl Pts',(13.4615711120751,38.8670322684814,-40.2973385003143));
#6686=CARTESIAN_POINT('Ctrl Pts',(13.5863226500938,39.1920935211121,-40.2436561670443));
#6687=CARTESIAN_POINT('Ctrl Pts',(13.5952827420777,39.2145007103522,-40.2397919327015));
#6688=CARTESIAN_POINT('Ctrl Pts',(13.6734998059159,39.4055951770141,-40.2038589667698));
#6689=CARTESIAN_POINT('Ctrl Pts',(13.7644890671677,39.5623341204694,-40.1546190795869));
#6690=CARTESIAN_POINT('Ctrl Pts',(13.8878235389428,39.6813765483065,-40.130897987629));
#6691=CARTESIAN_POINT('Ctrl Pts',(13.9354521086566,39.7199201707576,-40.1265826852545));
#6692=CARTESIAN_POINT('Ctrl Pts',(13.9764790031994,39.7474113471256,-40.1273418324943));
#6693=CARTESIAN_POINT('Ctrl Pts',(14.0056629677341,39.7644720766503,-40.1305367422052));
#6694=CARTESIAN_POINT('Ctrl Pts',(14.0203414295968,39.7724792019473,-40.1328262353481));
#6695=CARTESIAN_POINT('Ctrl Pts',(14.0287475668182,39.7769133058715,-40.1343381675261));
#6696=CARTESIAN_POINT('Ctrl Pts',(14.0329566172871,39.7790829932855,-40.1351623971557));
#6697=CARTESIAN_POINT('Ctrl Pts',(14.0350621518768,39.7801566104163,-40.1355917317071));
#6698=CARTESIAN_POINT('Ctrl Pts',(12.2065923917214,38.4579078109435,-40.0040707308338));
#6699=CARTESIAN_POINT('Ctrl Pts',(12.3625353033638,38.6707003065678,-40.0616362389564));
#6700=CARTESIAN_POINT('Ctrl Pts',(12.4508830072946,38.9083715416133,-40.056790619622));
#6701=CARTESIAN_POINT('Ctrl Pts',(12.4913784499859,39.1209672159486,-39.993584769004));
#6702=CARTESIAN_POINT('Ctrl Pts',(12.4942178256497,39.1356431299338,-39.9889544107048));
#6703=CARTESIAN_POINT('Ctrl Pts',(12.5169236610666,39.2616935228781,-39.9463595838134));
#6704=CARTESIAN_POINT('Ctrl Pts',(12.5321938371177,39.3735453993249,-39.8857925027256));
#6705=CARTESIAN_POINT('Ctrl Pts',(12.5716204469298,39.4693680014781,-39.8166543120064));
#6706=CARTESIAN_POINT('Ctrl Pts',(12.589124181534,39.502118727081,-39.7913710153517));
#6707=CARTESIAN_POINT('Ctrl Pts',(12.6064537639506,39.526913824221,-39.7709468227296));
#6708=CARTESIAN_POINT('Ctrl Pts',(12.6202003503091,39.5430732541733,-39.7571681815642));
#6709=CARTESIAN_POINT('Ctrl Pts',(12.6274942191004,39.550853128442,-39.7504290837673));
#6710=CARTESIAN_POINT('Ctrl Pts',(12.6317844156653,39.5552167251639,-39.746623285142));
#6711=CARTESIAN_POINT('Ctrl Pts',(12.6339710690005,39.5573713107165,-39.7447362916815));
#6712=CARTESIAN_POINT('Ctrl Pts',(12.6350746566134,39.5584417786037,-39.7437966729296));
#6713=CARTESIAN_POINT('Ctrl Pts',(11.7684880972511,38.5745825652488,-40.0254296674315));
#6714=CARTESIAN_POINT('Ctrl Pts',(11.9411246046377,38.7483895841582,-40.0572474597142));
#6715=CARTESIAN_POINT('Ctrl Pts',(12.0176057643213,38.9355076312852,-40.0484298866614));
#6716=CARTESIAN_POINT('Ctrl Pts',(12.0221123017757,39.1228754329053,-39.992529119104));
#6717=CARTESIAN_POINT('Ctrl Pts',(12.0223467708393,39.1359272585355,-39.9883938804716));
#6718=CARTESIAN_POINT('Ctrl Pts',(12.021347826979,39.24906304373,-39.9502796844807));
#6719=CARTESIAN_POINT('Ctrl Pts',(12.0042195533628,39.3616278516815,-39.8940418954087));
#6720=CARTESIAN_POINT('Ctrl Pts',(12.0080026085675,39.4760528553417,-39.8114121437183));
#6721=CARTESIAN_POINT('Ctrl Pts',(12.0127046271589,39.5173082532679,-39.7786801494021));
#6722=CARTESIAN_POINT('Ctrl Pts',(12.019978953471,39.5504100862832,-39.7498369503914));
#6723=CARTESIAN_POINT('Ctrl Pts',(12.0271807444241,39.5728812362086,-39.7288605580905));
#6724=CARTESIAN_POINT('Ctrl Pts',(12.0313458258455,39.583923593888,-39.7181905976512));
#6725=CARTESIAN_POINT('Ctrl Pts',(12.0338929396971,39.5901789717694,-39.71204174068));
#6726=CARTESIAN_POINT('Ctrl Pts',(12.0352231627746,39.5932878413564,-39.7089506069938));
#6727=CARTESIAN_POINT('Ctrl Pts',(12.0359025831267,39.5948375802554,-39.7074008679532));
#6728=CARTESIAN_POINT('',(14.3457592050537,37.8736258732519,-41.4286127321874));
#6729=CARTESIAN_POINT('',(12.0359025831256,39.5948375802542,-39.7074008679544));
#6730=CARTESIAN_POINT('Ctrl Pts',(12.0359025831267,39.5948375802554,-39.7074008679531));
#6731=CARTESIAN_POINT('Ctrl Pts',(12.0375875735776,39.5939393813742,-39.7082990669164));
#6732=CARTESIAN_POINT('Ctrl Pts',(12.0392738654471,39.593042423663,-39.7091960247096));
#6733=CARTESIAN_POINT('Ctrl Pts',(12.2341073796023,39.4896294097961,-39.8126090480232));
#6734=CARTESIAN_POINT('Ctrl Pts',(12.438873170087,39.4060032555991,-39.8962352098594));
#6735=CARTESIAN_POINT('Ctrl Pts',(12.8406831348409,39.2261983759251,-40.0760401059585));
#6736=CARTESIAN_POINT('Ctrl Pts',(13.0366155786344,39.133612547672,-40.1686259426693));
#6737=CARTESIAN_POINT('Ctrl Pts',(13.4248429748387,38.9034124912826,-40.3988260200874));
#6738=CARTESIAN_POINT('Ctrl Pts',(13.5934256982254,38.7832641860433,-40.5189743363022));
#6739=CARTESIAN_POINT('Ctrl Pts',(14.0104603113391,38.4179471024577,-40.8842914532594));
#6740=CARTESIAN_POINT('Ctrl Pts',(14.2130101023898,38.1560832731653,-41.1461553064729));
#6741=CARTESIAN_POINT('Ctrl Pts',(14.3457592050542,37.8736258732537,-41.4286127321869));
#6742=CARTESIAN_POINT('Ctrl Pts',(12.0359025831267,39.5948375802554,-39.7074008679532));
#6743=CARTESIAN_POINT('Ctrl Pts',(12.0352231627746,39.5932878413564,-39.7089506069938));
#6744=CARTESIAN_POINT('Ctrl Pts',(12.0338929396971,39.5901789717694,-39.71204174068));
#6745=CARTESIAN_POINT('Ctrl Pts',(12.0313458258455,39.583923593888,-39.7181905976512));
#6746=CARTESIAN_POINT('Ctrl Pts',(12.0271807444241,39.5728812362086,-39.7288605580905));
#6747=CARTESIAN_POINT('Ctrl Pts',(12.019978953471,39.5504100862832,-39.7498369503914));
#6748=CARTESIAN_POINT('Ctrl Pts',(12.0127046271589,39.5173082532679,-39.7786801494021));
#6749=CARTESIAN_POINT('Ctrl Pts',(12.0080026085675,39.4760528553417,-39.8114121437183));
#6750=CARTESIAN_POINT('Ctrl Pts',(12.0042195533628,39.3616278516815,-39.8940418954087));
#6751=CARTESIAN_POINT('Ctrl Pts',(12.021347826979,39.24906304373,-39.9502796844807));
#6752=CARTESIAN_POINT('Ctrl Pts',(12.0223467708393,39.1359272585355,-39.9883938804716));
#6753=CARTESIAN_POINT('Ctrl Pts',(12.0221123017757,39.1228754329053,-39.992529119104));
#6754=CARTESIAN_POINT('Ctrl Pts',(12.0176057643213,38.9355076312852,-40.0484298866614));
#6755=CARTESIAN_POINT('Ctrl Pts',(11.9411246046377,38.7483895841582,-40.0572474597142));
#6756=CARTESIAN_POINT('Ctrl Pts',(11.7684880972511,38.5745825652488,-40.0254296674315));
#6757=CARTESIAN_POINT('',(14.2932569060579,37.6265233005923,-41.4082049994435));
#6758=CARTESIAN_POINT('Origin',(11.7684880972624,38.0343681839841,-42.9763902605732));
#6759=CARTESIAN_POINT('Ctrl Pts',(14.3456932456372,37.8734049701798,-41.4285775246933));
#6760=CARTESIAN_POINT('Ctrl Pts',(14.3283036487859,37.7908985083611,-41.4219297059742));
#6761=CARTESIAN_POINT('Ctrl Pts',(14.3108146057304,37.7085554437299,-41.4151383273509));
#6762=CARTESIAN_POINT('Ctrl Pts',(14.2932569060579,37.6265233005923,-41.4082049994435));
#6763=CARTESIAN_POINT('Ctrl Pts',(11.1713393351377,25.0723031306661,-39.5578095694438));
#6764=CARTESIAN_POINT('Ctrl Pts',(11.2608906463436,25.4243727917437,-39.6126392389763));
#6765=CARTESIAN_POINT('Ctrl Pts',(11.3504403812753,25.776431014989,-39.6675616841019));
#6766=CARTESIAN_POINT('Ctrl Pts',(12.1012633084815,28.7283237970689,-40.1290603990438));
#6767=CARTESIAN_POINT('Ctrl Pts',(12.7631255214397,31.3299862453999,-40.5455975320423));
#6768=CARTESIAN_POINT('Ctrl Pts',(13.7345133133354,35.1495755173311,-41.160587770666));
#6769=CARTESIAN_POINT('Ctrl Pts',(14.0259858504561,36.37779380307,-41.302662821185));
#6770=CARTESIAN_POINT('Ctrl Pts',(14.293256906058,37.6265233005925,-41.4082049994435));
#6771=CARTESIAN_POINT('Ctrl Pts',(10.9399275128741,25.2498207179692,-38.924086398066));
#6772=CARTESIAN_POINT('Ctrl Pts',(11.0279498999034,25.601816418422,-38.9815695964714));
#6773=CARTESIAN_POINT('Ctrl Pts',(11.116006229602,25.953794374989,-39.0391255203171));
#6774=CARTESIAN_POINT('Ctrl Pts',(11.854814383036,28.9049511184576,-39.5224122677181));
#6775=CARTESIAN_POINT('Ctrl Pts',(12.508886121219,31.505362681111,-39.9554415477356));
#6776=CARTESIAN_POINT('Ctrl Pts',(13.4700301973314,35.3238199356886,-40.5945926420772));
#6777=CARTESIAN_POINT('Ctrl Pts',(13.7511076534081,36.551887353514,-40.7605333895482));
#6778=CARTESIAN_POINT('Ctrl Pts',(14.0072021111249,37.7977177100059,-40.9031352175479));
#6779=CARTESIAN_POINT('Ctrl Pts',(10.1329889515595,25.6356015074936,-37.9882996481431));
#6780=CARTESIAN_POINT('Ctrl Pts',(10.2212465440189,25.9866552066774,-38.0506925185595));
#6781=CARTESIAN_POINT('Ctrl Pts',(10.3095547548246,26.3376945750719,-38.1131064845859));
#6782=CARTESIAN_POINT('Ctrl Pts',(11.0504775948025,29.2810918190276,-38.6366996191589));
#6783=CARTESIAN_POINT('Ctrl Pts',(11.7062869445274,31.8744660799732,-39.1002326117644));
#6784=CARTESIAN_POINT('Ctrl Pts',(12.6728388460792,35.6854236305708,-39.7821906008119));
#6785=CARTESIAN_POINT('Ctrl Pts',(12.9594620909002,36.908511564115,-39.9906041187665));
#6786=CARTESIAN_POINT('Ctrl Pts',(13.229285271489,38.1416072706024,-40.1942352904148));
#6787=CARTESIAN_POINT('Ctrl Pts',(8.95102609193491,25.99828610441,-37.7231636763462));
#6788=CARTESIAN_POINT('Ctrl Pts',(9.04254520161136,26.3481949257392,-37.7872288967734));
#6789=CARTESIAN_POINT('Ctrl Pts',(9.13408787311593,26.6980987198696,-37.8512922913488));
#6790=CARTESIAN_POINT('Ctrl Pts',(9.90188201619168,29.6321278550384,-38.3884358348341));
#6791=CARTESIAN_POINT('Ctrl Pts',(10.5779670741493,32.2169867927546,-38.8615114543483));
#6792=CARTESIAN_POINT('Ctrl Pts',(11.574604516031,36.0198329553378,-39.5576585221497));
#6793=CARTESIAN_POINT('Ctrl Pts',(11.8913243823401,37.2380312731298,-39.7806801094197));
#6794=CARTESIAN_POINT('Ctrl Pts',(12.2065923917278,38.457907811189,-40.0040707308511));
#6795=CARTESIAN_POINT('Ctrl Pts',(8.4448272753736,26.1284635023804,-37.7469944596842));
#6796=CARTESIAN_POINT('Ctrl Pts',(8.53773626932777,26.4780282322342,-37.8109871455854));
#6797=CARTESIAN_POINT('Ctrl Pts',(8.63065766466272,26.8275897842288,-37.8749792497353));
#6798=CARTESIAN_POINT('Ctrl Pts',(9.40992405578338,29.758779248925,-38.4115742512094));
#6799=CARTESIAN_POINT('Ctrl Pts',(10.0947250690776,32.3408049355538,-38.8842499665837));
#6800=CARTESIAN_POINT('Ctrl Pts',(11.104232411837,36.1413671103541,-39.5799957347614));
#6801=CARTESIAN_POINT('Ctrl Pts',(11.4338139327734,37.3586566533696,-39.8028375169102));
#6802=CARTESIAN_POINT('Ctrl Pts',(11.7684880972519,38.5745825655124,-40.0254296674611));
#6803=CARTESIAN_POINT('',(13.441826303254,33.9998820192436,-40.9746780372627));
#6804=CARTESIAN_POINT('Ctrl Pts',(11.4399808000709,26.1284630406102,-39.7225983468252));
#6805=CARTESIAN_POINT('Ctrl Pts',(12.1012640031621,28.7283265277345,-40.1290608362349));
#6806=CARTESIAN_POINT('Ctrl Pts',(12.7631258677382,31.3299876070788,-40.5455977512855));
#6807=CARTESIAN_POINT('Ctrl Pts',(13.4293623546854,33.9496928981512,-40.9673952450422));
#6808=CARTESIAN_POINT('Ctrl Pts',(13.435713693781,33.9747011958268,-40.9713986118129));
#6809=CARTESIAN_POINT('Ctrl Pts',(13.4420566455928,33.9997110271324,-40.9753791530801));
#6810=CARTESIAN_POINT('Ctrl Pts',(14.2932569060579,37.6265233005923,-41.4082049994435));
#6811=CARTESIAN_POINT('Ctrl Pts',(14.031349178962,36.4028520589859,-41.3047807361681));
#6812=CARTESIAN_POINT('Ctrl Pts',(13.7462015270867,35.1988770917013,-41.1662750997691));
#6813=CARTESIAN_POINT('Ctrl Pts',(13.4417316764088,33.9984297258254,-40.9751752021828));
#6814=CARTESIAN_POINT('Ctrl Pts',(11.4399809040572,26.1284635022696,-39.7225956740047));
#6815=CARTESIAN_POINT('Ctrl Pts',(11.2756453251177,26.128463502291,-39.3401865819864));
#6816=CARTESIAN_POINT('Ctrl Pts',(11.0373536684376,26.1284635023109,-38.9931000341032));
#6817=CARTESIAN_POINT('Ctrl Pts',(10.4355989917803,26.1284635023443,-38.3971185017496));
#6818=CARTESIAN_POINT('Ctrl Pts',(10.072461937984,26.1284635023581,-38.1561368150921));
#6819=CARTESIAN_POINT('Ctrl Pts',(9.28444224141906,26.1284635023763,-37.8314794366295));
#6820=CARTESIAN_POINT('Ctrl Pts',(8.86638667726642,26.1284635023804,-37.7469944596842));
#6821=CARTESIAN_POINT('Ctrl Pts',(8.4448272753736,26.1284635023804,-37.7469944596842));
#6822=CARTESIAN_POINT('Origin',(2.21457207428445E-15,38.7816647447494,-38.8942281067301));
#6823=CARTESIAN_POINT('',(2.21457207428445E-15,39.5948375802554,-39.7074008679532));
#6824=CARTESIAN_POINT('Ctrl Pts',(-11.9999972226109,41.0000000143744,-37.9965061859728));
#6825=CARTESIAN_POINT('Ctrl Pts',(-12.9134926373013,41.0000000143744,-37.9965058553726));
#6826=CARTESIAN_POINT('Ctrl Pts',(-13.6893238244723,41.0000000143744,-38.961000210259));
#6827=CARTESIAN_POINT('Ctrl Pts',(-11.9999972226109,40.3412381515509,-37.9965061859728));
#6828=CARTESIAN_POINT('Ctrl Pts',(-12.9134926373013,40.3412381515509,-37.9965058553726));
#6829=CARTESIAN_POINT('Ctrl Pts',(-13.6893238244723,40.3412381515509,-38.961000210259));
#6830=CARTESIAN_POINT('',(-11.9999972226109,41.0000000000075,-37.9965061859728));
#6831=CARTESIAN_POINT('',(-13.477824318384,40.5823618356238,-38.7198765223748));
#6832=CARTESIAN_POINT('Origin',(-12.0000026839182,37.3049360726478,-44.3965432591288));
#6833=CARTESIAN_POINT('',(-13.6893239146337,40.9999999039545,-38.9609999201566));
#6834=CARTESIAN_POINT('Origin',(-12.0000026839182,40.9999990690491,-44.3965432591288));
#6835=CARTESIAN_POINT('',(-13.6893239146337,40.3412384598685,-38.9609999201566));
#6836=CARTESIAN_POINT('',(-13.6893239146337,40.9999999039545,-38.9609999201566));
#6837=CARTESIAN_POINT('Origin',(-12.0000026839182,34.9056956174311,-44.3965432591288));
#6838=CARTESIAN_POINT('Ctrl Pts',(-13.8523453190076,41.0000000000075,-39.1375145634034));
#6839=CARTESIAN_POINT('Ctrl Pts',(-13.8523453190076,34.0000000000075,-39.1375145634034));
#6840=CARTESIAN_POINT('Ctrl Pts',(-13.8297918184691,41.0000000000075,-39.1148725362746));
#6841=CARTESIAN_POINT('Ctrl Pts',(-13.8297918184691,34.0000000000075,-39.1148725362746));
#6842=CARTESIAN_POINT('Ctrl Pts',(-13.8072520185097,41.0000000000075,-39.0919180154443));
#6843=CARTESIAN_POINT('Ctrl Pts',(-13.8072520185097,34.0000000000075,-39.0919180154443));
#6844=CARTESIAN_POINT('Ctrl Pts',(-13.7556084322727,41.0000000000075,-39.037877897366));
#6845=CARTESIAN_POINT('Ctrl Pts',(-13.7556084322727,34.0000000000075,-39.037877897366));
#6846=CARTESIAN_POINT('Ctrl Pts',(-13.7198499600738,41.0000000000075,-38.9989488703105));
#6847=CARTESIAN_POINT('Ctrl Pts',(-13.7198499600738,34.0000000000075,-38.9989488703105));
#6848=CARTESIAN_POINT('Ctrl Pts',(-13.6893240946504,41.0000000000075,-38.960999775353));
#6849=CARTESIAN_POINT('Ctrl Pts',(-13.6893240946504,34.0000000000075,-38.960999775353));
#6850=CARTESIAN_POINT('',(-13.8523452504256,40.1647237644325,-39.1375146317172));
#6851=CARTESIAN_POINT('Ctrl Pts',(-13.6893241386537,40.3412385499683,-38.9609998300569));
#6852=CARTESIAN_POINT('Ctrl Pts',(-13.7141650298403,40.3103568988529,-38.9918814839932));
#6853=CARTESIAN_POINT('Ctrl Pts',(-13.7419661485009,40.2793327920746,-39.0229055936057));
#6854=CARTESIAN_POINT('Ctrl Pts',(-13.7826397185853,40.2359855216511,-39.0662528679888));
#6855=CARTESIAN_POINT('Ctrl Pts',(-13.7960568378001,40.2220023263881,-39.0802360645293));
#6856=CARTESIAN_POINT('Ctrl Pts',(-13.8236062723957,40.1936960531668,-39.1085423403363));
#6857=CARTESIAN_POINT('Ctrl Pts',(-13.8380290280243,40.1790963164618,-39.123142078375));
#6858=CARTESIAN_POINT('Ctrl Pts',(-13.8523453190076,40.1647238327463,-39.1375145634034));
#6859=CARTESIAN_POINT('',(-13.8523452504256,40.9999999673731,-39.1375146317172));
#6860=CARTESIAN_POINT('Ctrl Pts',(-13.8523453190076,41.0000000000075,-39.1375145634034));
#6861=CARTESIAN_POINT('Ctrl Pts',(-13.8297918184691,41.0000000000075,-39.1148725362746));
#6862=CARTESIAN_POINT('Ctrl Pts',(-13.8072520185097,41.0000000000075,-39.0919180154443));
#6863=CARTESIAN_POINT('Ctrl Pts',(-13.7871699262351,41.0000000000075,-39.070904009314));
#6864=CARTESIAN_POINT('Ctrl Pts',(-13.7556084322727,41.0000000000075,-39.037877897366));
#6865=CARTESIAN_POINT('Ctrl Pts',(-13.7198499600738,41.0000000000075,-38.9989488703105));
#6866=CARTESIAN_POINT('Ctrl Pts',(-13.6893240946504,41.0000000000075,-38.960999775353));
#6867=CARTESIAN_POINT('',(-13.8523452504256,40.9999999673731,-39.1375146317172));
#6868=CARTESIAN_POINT('Ctrl Pts',(-13.8523447620931,40.9999999920887,-39.1375143466717));
#6869=CARTESIAN_POINT('Ctrl Pts',(-14.5775395075926,40.9999999920887,-39.8655562948747));
#6870=CARTESIAN_POINT('Ctrl Pts',(-14.9331099381735,40.9999999920887,-41.018378398732));
#6871=CARTESIAN_POINT('Ctrl Pts',(-13.8523447620931,39.1090984012855,-39.1375143466717));
#6872=CARTESIAN_POINT('Ctrl Pts',(-14.5775395075926,39.1090984012855,-39.8655562948747));
#6873=CARTESIAN_POINT('Ctrl Pts',(-14.9331099381735,39.1090984012855,-41.018378398732));
#6874=CARTESIAN_POINT('',(-14.6018233159152,39.1090991651592,-40.1931400206429));
#6875=CARTESIAN_POINT('Origin',(-12.0000006483053,36.4745197405708,-42.8277189926776));
#6876=CARTESIAN_POINT('',(-14.933109923994,40.999999899799,-41.018377972387));
#6877=CARTESIAN_POINT('Origin',(-12.0000006483053,40.9999981675347,-42.8277189926776));
#6878=CARTESIAN_POINT('',(-14.9310124474513,40.9860670079852,-41.0115931178799));
#6879=CARTESIAN_POINT('Ctrl Pts',(-14.9310122588902,40.986067334742,-41.0115925092512));
#6880=CARTESIAN_POINT('Ctrl Pts',(-14.9317164459054,40.9907073595283,-41.0138654504855));
#6881=CARTESIAN_POINT('Ctrl Pts',(-14.9324156048739,40.9953509740426,-41.0161272476059));
#6882=CARTESIAN_POINT('Ctrl Pts',(-14.9331099381735,40.9999996912228,-41.018378398732));
#6883=CARTESIAN_POINT('',(-14.7038334304785,39.6765130082391,-40.4072758943662));
#6884=CARTESIAN_POINT('Ctrl Pts',(-14.7038333077803,39.6765130974435,-40.4072756202389));
#6885=CARTESIAN_POINT('Ctrl Pts',(-14.7531704647678,40.0831054105631,-40.5175027202684));
#6886=CARTESIAN_POINT('Ctrl Pts',(-14.8399763477507,40.4393742243313,-40.7298271695146));
#6887=CARTESIAN_POINT('Ctrl Pts',(-14.915760733996,40.8885519756536,-40.9629241479115));
#6888=CARTESIAN_POINT('Ctrl Pts',(-14.9234003579119,40.9359096904321,-40.9870231691737));
#6889=CARTESIAN_POINT('Ctrl Pts',(-14.9310124403453,40.9860669611632,-41.0115930949435));
#6890=CARTESIAN_POINT('Ctrl Pts',(-14.6018232413235,39.10909910645,-40.1931402199253));
#6891=CARTESIAN_POINT('Ctrl Pts',(-14.6368593491817,39.299479832785,-40.2623377030545));
#6892=CARTESIAN_POINT('Ctrl Pts',(-14.6709136973289,39.488868318464,-40.3337279334303));
#6893=CARTESIAN_POINT('Ctrl Pts',(-14.7038334305527,39.6765130082391,-40.407275894532));
#6894=CARTESIAN_POINT('Origin',(2.21457207428445E-15,40.5823618356238,-38.7198765223748));
#6895=CARTESIAN_POINT('',(13.4778258860087,40.5823618356238,-38.7198765223748));
#6896=CARTESIAN_POINT('',(2.21457207428445E-15,40.5823618356238,-38.7198765223748));
#6897=CARTESIAN_POINT('',(11.9999981581031,41.0000000000075,-37.9965061859728));
#6898=CARTESIAN_POINT('Origin',(12.0000016594605,37.3049494880329,-44.3965200230051));
#6899=CARTESIAN_POINT('',(-4.03934050968446,41.0000000000075,-37.9965061859728));
#6900=CARTESIAN_POINT('Origin',(2.21457207428445E-15,39.5948375802554,-39.7074008679532));
#6901=CARTESIAN_POINT('Ctrl Pts',(-14.6018231904647,39.1090988300916,-40.1931396624888));
#6902=CARTESIAN_POINT('Ctrl Pts',(-14.5372616433458,38.7582814957901,-40.5439513241823));
#6903=CARTESIAN_POINT('Ctrl Pts',(-14.4699540133623,38.4072529882576,-40.8949803342864));
#6904=CARTESIAN_POINT('Ctrl Pts',(-14.4004307833045,38.0572310165103,-41.245005939104));
#6905=CARTESIAN_POINT('Ctrl Pts',(-14.3880862724264,37.9950812856332,-41.3071563150674));
#6906=CARTESIAN_POINT('Ctrl Pts',(-14.3756718831325,37.9329631582918,-41.3692750562904));
#6907=CARTESIAN_POINT('Ctrl Pts',(-14.3631905480915,37.8708832766808,-41.4313553290103));
#6908=CARTESIAN_POINT('',(14.5976812658476,39.1172626859581,-40.1849758058768));
#6909=CARTESIAN_POINT('Ctrl Pts',(14.3457592050538,37.8736258732519,-41.4286127321874));
#6910=CARTESIAN_POINT('Ctrl Pts',(14.4192531541662,38.2221088320693,-41.0801270769384));
#6911=CARTESIAN_POINT('Ctrl Pts',(14.4906658718468,38.5718189511589,-40.73041216791));
#6912=CARTESIAN_POINT('Ctrl Pts',(14.5594594129521,38.9215494567568,-40.3806861199394));
#6913=CARTESIAN_POINT('Ctrl Pts',(14.5722923809145,38.9867893077907,-40.3154471004455));
#6914=CARTESIAN_POINT('Ctrl Pts',(14.5850341753438,39.0520297251457,-40.2502076933347));
#6915=CARTESIAN_POINT('Ctrl Pts',(14.5976812658475,39.1172626859579,-40.1849758058768));
#6916=CARTESIAN_POINT('',(13.8523463475792,40.1647237185352,-39.1375146776145));
#6917=CARTESIAN_POINT('Origin',(12.0000009004651,36.4745180937181,-42.8277206395305));
#6918=CARTESIAN_POINT('',(13.6893251488104,40.3412383649197,-38.9610000151055));
#6919=CARTESIAN_POINT('Ctrl Pts',(13.8523463692283,40.1647237400996,-39.1375146560501));
#6920=CARTESIAN_POINT('Ctrl Pts',(13.8380481317928,40.1790780988887,-39.1231602959498));
#6921=CARTESIAN_POINT('Ctrl Pts',(13.8236439632275,40.1936588714771,-39.1085795220294));
#6922=CARTESIAN_POINT('Ctrl Pts',(13.7892307916299,40.2290160782067,-39.0732223120699));
#6923=CARTESIAN_POINT('Ctrl Pts',(13.7687675912885,40.2504921338894,-39.0517462544254));
#6924=CARTESIAN_POINT('Ctrl Pts',(13.7286116035167,40.2944268660317,-39.0078115182696));
#6925=CARTESIAN_POINT('Ctrl Pts',(13.7081855322328,40.3177916789656,-38.9844467032014));
#6926=CARTESIAN_POINT('Ctrl Pts',(13.6893252218205,40.341238394284,-38.9609999857412));
#6927=CARTESIAN_POINT('Origin',(12.0000016594605,34.9057188535526,-44.3965200230051));
#6928=CARTESIAN_POINT('Ctrl Pts',(14.9331110735626,41.0000000007252,-41.0183785093372));
#6929=CARTESIAN_POINT('Ctrl Pts',(14.5775410040405,41.0000000007252,-39.8655561778381));
#6930=CARTESIAN_POINT('Ctrl Pts',(13.8523461668688,41.0000000007252,-39.1375145701672));
#6931=CARTESIAN_POINT('Ctrl Pts',(14.9331110735626,39.1172625585799,-41.0183785093372));
#6932=CARTESIAN_POINT('Ctrl Pts',(14.5775410040405,39.1172625585799,-39.8655561778381));
#6933=CARTESIAN_POINT('Ctrl Pts',(13.8523461668688,39.1172625585799,-39.1375145701672));
#6934=CARTESIAN_POINT('',(14.7039521931473,39.677482689669,-40.4075383755772));
#6935=CARTESIAN_POINT('Ctrl Pts',(14.7039521936042,39.6774826917003,-40.4075383765982));
#6936=CARTESIAN_POINT('Ctrl Pts',(14.6697584853981,39.4930734268157,-40.3311325049654));
#6937=CARTESIAN_POINT('Ctrl Pts',(14.6343046292572,39.3061638746855,-40.2569669940826));
#6938=CARTESIAN_POINT('Ctrl Pts',(14.5976812658473,39.1172626859564,-40.1849758058768));
#6939=CARTESIAN_POINT('',(14.9310134008437,40.9860669780466,-41.01159263286));
#6940=CARTESIAN_POINT('Ctrl Pts',(14.9310133982814,40.9860669611632,-41.0115926245895));
#6941=CARTESIAN_POINT('Ctrl Pts',(14.9215193655058,40.9235092082196,-40.9809482017661));
#6942=CARTESIAN_POINT('Ctrl Pts',(14.9108880568536,40.8595517018813,-40.9476053468189));
#6943=CARTESIAN_POINT('Ctrl Pts',(14.8993108824402,40.7937918124516,-40.9125642695989));
#6944=CARTESIAN_POINT('Ctrl Pts',(14.8888472776452,40.7343571464625,-40.8808936761941));
#6945=CARTESIAN_POINT('Ctrl Pts',(14.87760990662,40.6734500805965,-40.8478358414034));
#6946=CARTESIAN_POINT('Ctrl Pts',(14.8657721770012,40.610748157369,-40.8141292259203));
#6947=CARTESIAN_POINT('Ctrl Pts',(14.8551709808268,40.5545958874608,-40.7839435015777));
#6948=CARTESIAN_POINT('Ctrl Pts',(14.8440878429605,40.4970040239732,-40.7532374568671));
#6949=CARTESIAN_POINT('Ctrl Pts',(14.8326840532337,40.4377210902404,-40.7225414713118));
#6950=CARTESIAN_POINT('Ctrl Pts',(14.8265900280183,40.4060411222946,-40.7061379673482));
#6951=CARTESIAN_POINT('Ctrl Pts',(14.8204051190657,40.3738778975729,-40.6897373359612));
#6952=CARTESIAN_POINT('Ctrl Pts',(14.8141596723258,40.3411904654311,-40.6734205150423));
#6953=CARTESIAN_POINT('Ctrl Pts',(14.8031941266505,40.2837989696596,-40.6447719887615));
#6954=CARTESIAN_POINT('Ctrl Pts',(14.7925804290161,40.2275796169302,-40.6176929701301));
#6955=CARTESIAN_POINT('Ctrl Pts',(14.7824257093208,40.1722752772397,-40.5922929338691));
#6956=CARTESIAN_POINT('Ctrl Pts',(14.770648009468,40.1081319101185,-40.5628333316047));
#6957=CARTESIAN_POINT('Ctrl Pts',(14.7594865439995,40.0452202162886,-40.535632287201));
#6958=CARTESIAN_POINT('Ctrl Pts',(14.7490410796244,39.9831106641949,-40.5108606020769));
#6959=CARTESIAN_POINT('Ctrl Pts',(14.744573435755,39.9565457026311,-40.5002654707161));
#6960=CARTESIAN_POINT('Ctrl Pts',(14.7402361419749,39.9301270883698,-40.490114759091));
#6961=CARTESIAN_POINT('Ctrl Pts',(14.7360349924686,39.9038193978206,-40.4804218314291));
#6962=CARTESIAN_POINT('Ctrl Pts',(14.7259040666471,39.8403793176504,-40.4570476737162));
#6963=CARTESIAN_POINT('Ctrl Pts',(14.7167851039441,39.7780047732527,-40.4363356050069));
#6964=CARTESIAN_POINT('Ctrl Pts',(14.7088329030145,39.716408892636,-40.4184730327517));
#6965=CARTESIAN_POINT('Ctrl Pts',(14.7071534090121,39.7033999265665,-40.4147004818269));
#6966=CARTESIAN_POINT('Ctrl Pts',(14.7055259927307,39.6904255076866,-40.4110550323055));
#6967=CARTESIAN_POINT('Ctrl Pts',(14.7039522263,39.6774826856377,-40.4075384496568));
#6968=CARTESIAN_POINT('',(14.933111069984,40.9999999567934,-41.0183783577005));
#6969=CARTESIAN_POINT('Ctrl Pts',(14.9331110735626,40.9999998828289,-41.0183785093372));
#6970=CARTESIAN_POINT('Ctrl Pts',(14.9324167229488,40.9953510168656,-41.016127299345));
#6971=CARTESIAN_POINT('Ctrl Pts',(14.9317175419991,40.9907072514477,-41.0138654284963));
#6972=CARTESIAN_POINT('Ctrl Pts',(14.9310133319922,40.9860670973599,-41.0115924106242));
#6973=CARTESIAN_POINT('',(13.8523463475792,40.9999999944017,-39.1375146776145));
#6974=CARTESIAN_POINT('Origin',(12.0000009004651,40.9999993066197,-42.8277206395305));
#6975=CARTESIAN_POINT('',(13.8523463475792,40.9999999944017,-39.1375146776145));
#6976=CARTESIAN_POINT('Ctrl Pts',(13.6893252074795,41.0000000000075,-38.9609999679127));
#6977=CARTESIAN_POINT('Ctrl Pts',(13.6893252074795,34.0000000000075,-38.9609999679127));
#6978=CARTESIAN_POINT('Ctrl Pts',(13.7198510386056,41.0000000000075,-38.9989490023281));
#6979=CARTESIAN_POINT('Ctrl Pts',(13.7198510386056,34.0000000000075,-38.9989490023281));
#6980=CARTESIAN_POINT('Ctrl Pts',(13.7556094435968,41.0000000000075,-39.0378779532328));
#6981=CARTESIAN_POINT('Ctrl Pts',(13.7556094435968,34.0000000000075,-39.0378779532328));
#6982=CARTESIAN_POINT('Ctrl Pts',(13.8072530038451,41.0000000000075,-39.0919180441153));
#6983=CARTESIAN_POINT('Ctrl Pts',(13.8072530038451,34.0000000000075,-39.0919180441153));
#6984=CARTESIAN_POINT('Ctrl Pts',(13.8297928379327,41.0000000000075,-39.1148725988587));
#6985=CARTESIAN_POINT('Ctrl Pts',(13.8297928379327,34.0000000000075,-39.1148725988587));
#6986=CARTESIAN_POINT('Ctrl Pts',(13.8523463692283,41.0000000000075,-39.1375146560501));
#6987=CARTESIAN_POINT('Ctrl Pts',(13.8523463692283,34.0000000000075,-39.1375146560501));
#6988=CARTESIAN_POINT('',(13.6893251488104,40.999999972752,-38.9610000151055));
#6989=CARTESIAN_POINT('Ctrl Pts',(13.6893252074795,41.0000000000075,-38.9609999679127));
#6990=CARTESIAN_POINT('Ctrl Pts',(13.7198510386056,41.0000000000075,-38.9989490023281));
#6991=CARTESIAN_POINT('Ctrl Pts',(13.7556094435968,41.0000000000075,-39.0378779532328));
#6992=CARTESIAN_POINT('Ctrl Pts',(13.7871708841835,41.0000000000075,-39.0709040093274));
#6993=CARTESIAN_POINT('Ctrl Pts',(13.8072530038451,41.0000000000075,-39.0919180441153));
#6994=CARTESIAN_POINT('Ctrl Pts',(13.8297928379327,41.0000000000075,-39.1148725988587));
#6995=CARTESIAN_POINT('Ctrl Pts',(13.8523463692283,41.0000000000075,-39.1375146560501));
#6996=CARTESIAN_POINT('',(13.6893251488104,40.999999972752,-38.9610000151055));
#6997=CARTESIAN_POINT('Ctrl Pts',(13.6893251164093,41.0000002691179,-38.9610001193585));
#6998=CARTESIAN_POINT('Ctrl Pts',(12.913494279936,41.0000002691179,-37.9965052148484));
#6999=CARTESIAN_POINT('Ctrl Pts',(11.9999981581031,41.0000002691179,-37.9965061859728));
#7000=CARTESIAN_POINT('Ctrl Pts',(13.6893251164093,40.3412382521459,-38.9610001193585));
#7001=CARTESIAN_POINT('Ctrl Pts',(12.913494279936,40.3412382521459,-37.9965052148484));
#7002=CARTESIAN_POINT('Ctrl Pts',(11.9999981581031,40.3412382521459,-37.9965061859728));
#7003=CARTESIAN_POINT('Origin',(12.0000016594605,40.9999997396184,-44.3965200230051));
#7004=CARTESIAN_POINT('Origin',(9.00801982518062,41.8849664052851,-36.4737623015844));
#7005=CARTESIAN_POINT('',(14.9310133689525,40.986066958906,-41.0255252386722));
#7006=CARTESIAN_POINT('',(14.9310134008437,40.9860669780466,-41.9219995210214));
#7007=CARTESIAN_POINT('Ctrl Pts',(14.9331110812572,40.9999999343465,-41.0183783174425));
#7008=CARTESIAN_POINT('Ctrl Pts',(14.9324182018038,40.9953609179256,-41.0207708926331));
#7009=CARTESIAN_POINT('Ctrl Pts',(14.9317188232218,40.990715692641,-41.0231535867583));
#7010=CARTESIAN_POINT('Ctrl Pts',(14.9310133035632,40.9860669100364,-41.025525123423));
#7011=CARTESIAN_POINT('Ctrl Pts',(14.9310133982814,40.9860669611632,-41.9219995210214));
#7012=CARTESIAN_POINT('Ctrl Pts',(14.9310133982814,40.9860669611632,-27.5219995210214));
#7013=CARTESIAN_POINT('Ctrl Pts',(14.878974449178,40.6431737145927,-41.9219995210214));
#7014=CARTESIAN_POINT('Ctrl Pts',(14.878974449178,40.6431737145927,-27.5219995210214));
#7015=CARTESIAN_POINT('Ctrl Pts',(14.7969244601834,40.2851105829941,-41.9219995210214));
#7016=CARTESIAN_POINT('Ctrl Pts',(14.7969244601834,40.2851105829941,-27.5219995210214));
#7017=CARTESIAN_POINT('Ctrl Pts',(14.7360349924686,39.9038193978206,-41.9219995210214));
#7018=CARTESIAN_POINT('Ctrl Pts',(14.7360349924686,39.9038193978206,-27.5219995210214));
#7019=CARTESIAN_POINT('Ctrl Pts',(14.7236760713783,39.826427562306,-41.9219995210214));
#7020=CARTESIAN_POINT('Ctrl Pts',(14.7236760713783,39.826427562306,-27.5219995210214));
#7021=CARTESIAN_POINT('Ctrl Pts',(14.7125171191803,39.7486978366375,-41.9219995210214));
#7022=CARTESIAN_POINT('Ctrl Pts',(14.7125171191803,39.7486978366375,-27.5219995210214));
#7023=CARTESIAN_POINT('Ctrl Pts',(14.7031813642351,39.6711098274189,-41.9219995210214));
#7024=CARTESIAN_POINT('Ctrl Pts',(14.7031813642351,39.6711098274189,-27.5219995210214));
#7025=CARTESIAN_POINT('',(14.7039521984519,39.6774826910536,-41.5329187553508));
#7026=CARTESIAN_POINT('',(14.7039521931473,39.677482689669,-41.5329187412163));
#7027=CARTESIAN_POINT('',(14.8173618603043,40.3579327211981,-41.3238745135258));
#7028=CARTESIAN_POINT('Ctrl Pts',(14.8173618603046,40.357932721198,-41.3238745135257));
#7029=CARTESIAN_POINT('Ctrl Pts',(14.8094563260853,40.316639982662,-41.3444089737331));
#7030=CARTESIAN_POINT('Ctrl Pts',(14.8014360235603,40.2744619519564,-41.3635081368085));
#7031=CARTESIAN_POINT('Ctrl Pts',(14.7934308955332,40.231642507758,-41.3811965460829));
#7032=CARTESIAN_POINT('Ctrl Pts',(14.7922282653043,40.2252096365028,-41.3838539196594));
#7033=CARTESIAN_POINT('Ctrl Pts',(14.7910260012816,40.2187622330597,-41.3864795272778));
#7034=CARTESIAN_POINT('Ctrl Pts',(14.7898245688313,40.2123010628555,-41.3890735300948));
#7035=CARTESIAN_POINT('Ctrl Pts',(14.7822844893393,40.171751353266,-41.4053532530523));
#7036=CARTESIAN_POINT('Ctrl Pts',(14.7747779846999,40.1306592593281,-41.420389069878));
#7037=CARTESIAN_POINT('Ctrl Pts',(14.7674171339193,40.0892457907167,-41.4341915040714));
#7038=CARTESIAN_POINT('Ctrl Pts',(14.7638201910084,40.0690087438351,-41.4409361820039));
#7039=CARTESIAN_POINT('Ctrl Pts',(14.7602581536663,40.0486946813969,-41.4473870610046));
#7040=CARTESIAN_POINT('Ctrl Pts',(14.7567447577649,40.0283274433928,-41.4535494346536));
#7041=CARTESIAN_POINT('Ctrl Pts',(14.749649966916,39.9871987753278,-41.4659934499027));
#7042=CARTESIAN_POINT('Ctrl Pts',(14.7427109702244,39.9456245172648,-41.4773212859164));
#7043=CARTESIAN_POINT('Ctrl Pts',(14.7360349924686,39.9038193978206,-41.4875176447138));
#7044=CARTESIAN_POINT('Ctrl Pts',(14.7334195452861,39.8874414100767,-41.4915122712484));
#7045=CARTESIAN_POINT('Ctrl Pts',(14.7308544797932,39.871030684241,-41.495350949509));
#7046=CARTESIAN_POINT('Ctrl Pts',(14.7283479708345,39.8546006624978,-41.4990360962752));
#7047=CARTESIAN_POINT('Ctrl Pts',(14.7226615924369,39.8173267798776,-41.5073963851507));
#7048=CARTESIAN_POINT('Ctrl Pts',(14.7172801919428,39.7799508310067,-41.5149715224202));
#7049=CARTESIAN_POINT('Ctrl Pts',(14.7122831571338,39.7426386384527,-41.521779958438));
#7050=CARTESIAN_POINT('Ctrl Pts',(14.7093702905392,39.7208886520276,-41.5257487252359));
#7051=CARTESIAN_POINT('Ctrl Pts',(14.7065880496377,39.6991600709855,-41.5294579077549));
#7052=CARTESIAN_POINT('Ctrl Pts',(14.7039522085787,39.6774826915963,-41.5329187664627));
#7053=CARTESIAN_POINT('Ctrl Pts',(14.9310133982814,40.9860669611632,-41.0255253441943));
#7054=CARTESIAN_POINT('Ctrl Pts',(14.9191941448725,40.9081879447105,-41.0652546755406));
#7055=CARTESIAN_POINT('Ctrl Pts',(14.9057740266853,40.82920871624,-41.1024424367787));
#7056=CARTESIAN_POINT('Ctrl Pts',(14.8913903549143,40.7493187126191,-41.1394145621332));
#7057=CARTESIAN_POINT('Ctrl Pts',(14.8870720886771,40.7253341340761,-41.1505143343734));
#7058=CARTESIAN_POINT('Ctrl Pts',(14.8826673246479,40.7012676214966,-41.1615946709071));
#7059=CARTESIAN_POINT('Ctrl Pts',(14.8781940155894,40.6771247334585,-41.1727185102331));
#7060=CARTESIAN_POINT('Ctrl Pts',(14.8676976306105,40.6204747135214,-41.1988200155128));
#7061=CARTESIAN_POINT('Ctrl Pts',(14.856890907473,40.5637541687561,-41.2249707946671));
#7062=CARTESIAN_POINT('Ctrl Pts',(14.8458477516053,40.5062028176153,-41.2521464154993));
#7063=CARTESIAN_POINT('Ctrl Pts',(14.8365095704762,40.4575369337314,-41.2751263383278));
#7064=CARTESIAN_POINT('Ctrl Pts',(14.8270002190494,40.4082764698477,-41.2988390771882));
#7065=CARTESIAN_POINT('Ctrl Pts',(14.817361860303,40.3579327211966,-41.3238745135225));
#7066=CARTESIAN_POINT('Ctrl Pts',(14.7050976736178,39.6836619577993,-41.9219995210214));
#7067=CARTESIAN_POINT('Ctrl Pts',(14.7050976736178,39.6836619577993,-22.3835033769002));
#7068=CARTESIAN_POINT('Ctrl Pts',(14.360618388258,37.824893060403,-41.9219995210214));
#7069=CARTESIAN_POINT('Ctrl Pts',(14.360618388258,37.824893060403,-22.3835033769002));
#7070=CARTESIAN_POINT('Ctrl Pts',(13.922694359892,35.8981442414118,-41.9219995210214));
#7071=CARTESIAN_POINT('Ctrl Pts',(13.922694359892,35.8981442414118,-22.3835033769002));
#7072=CARTESIAN_POINT('Ctrl Pts',(13.4545719341885,34.049084980112,-41.9219995210214));
#7073=CARTESIAN_POINT('Ctrl Pts',(13.4545719341885,34.049084980112,-22.3835033769002));
#7074=CARTESIAN_POINT('Ctrl Pts',(13.4442144919404,34.008173621329,-41.9219995210214));
#7075=CARTESIAN_POINT('Ctrl Pts',(13.4442144919404,34.008173621329,-22.3835033769002));
#7076=CARTESIAN_POINT('Ctrl Pts',(13.4338337818565,33.9672667254949,-41.9219995210214));
#7077=CARTESIAN_POINT('Ctrl Pts',(13.4338337818565,33.9672667254949,-22.3835033769002));
#7078=CARTESIAN_POINT('Ctrl Pts',(13.4234302799666,33.9263655110395,-41.9219995210214));
#7079=CARTESIAN_POINT('Ctrl Pts',(13.4234302799666,33.9263655110395,-22.3835033769002));
#7080=CARTESIAN_POINT('',(14.6772790462954,39.5450352648841,-41.540921867504));
#7081=CARTESIAN_POINT('Ctrl Pts',(14.6791537534932,39.5444824541296,-41.5444665516965));
#7082=CARTESIAN_POINT('Ctrl Pts',(14.6112078469301,39.1820653477517,-41.5229936040657));
#7083=CARTESIAN_POINT('Ctrl Pts',(14.540042447385,38.8185961601981,-41.4993623120814));
#7084=CARTESIAN_POINT('Ctrl Pts',(14.4662021522862,38.4552240695116,-41.4730683036862));
#7085=CARTESIAN_POINT('Ctrl Pts',(14.4267900127757,38.2612747967841,-41.4590339187236));
#7086=CARTESIAN_POINT('Ctrl Pts',(14.3866155086886,38.0673523738541,-41.4442409595214));
#7087=CARTESIAN_POINT('Ctrl Pts',(14.3457592050531,37.8736258732483,-41.4286127321867));
#7088=CARTESIAN_POINT('Origin',(14.6460157890476,39.5991227389022,-39.8315272320877));
#7089=CARTESIAN_POINT('Ctrl Pts',(-13.4805291133657,33.9290140342504,-41.9219995210214));
#7090=CARTESIAN_POINT('Ctrl Pts',(-13.4805291133657,33.9290140342504,-23.1990069958897));
#7091=CARTESIAN_POINT('Ctrl Pts',(-13.4901793394424,33.9684477415146,-41.9219995210214));
#7092=CARTESIAN_POINT('Ctrl Pts',(-13.4901793394424,33.9684477415146,-23.1990069958897));
#7093=CARTESIAN_POINT('Ctrl Pts',(-13.4998081297623,34.0078865872763,-41.9219995210214));
#7094=CARTESIAN_POINT('Ctrl Pts',(-13.4998081297623,34.0078865872763,-23.1990069958897));
#7095=CARTESIAN_POINT('Ctrl Pts',(-13.509415070806,34.0473294881441,-41.9219995210214));
#7096=CARTESIAN_POINT('Ctrl Pts',(-13.509415070806,34.0473294881441,-23.1990069958897));
#7097=CARTESIAN_POINT('Ctrl Pts',(-13.9599265169929,35.896979468387,-41.9219995210214));
#7098=CARTESIAN_POINT('Ctrl Pts',(-13.9599265169929,35.896979468387,-23.1990069958897));
#7099=CARTESIAN_POINT('Ctrl Pts',(-14.3788660654581,37.8233079104065,-41.9219995210214));
#7100=CARTESIAN_POINT('Ctrl Pts',(-14.3788660654581,37.8233079104065,-23.1990069958897));
#7101=CARTESIAN_POINT('Ctrl Pts',(-14.7047539075291,39.6817610178031,-41.9219995210214));
#7102=CARTESIAN_POINT('Ctrl Pts',(-14.7047539075291,39.6817610178031,-23.1990069958897));
#7103=CARTESIAN_POINT('',(-14.7038334099079,39.676513005462,-41.5330733527363));
#7104=CARTESIAN_POINT('',(-14.7038334304785,39.6765130082391,-31.9219995210214));
#7105=CARTESIAN_POINT('Origin',(-14.6441100834495,39.5733697553888,-39.8750219740425));
#7106=CARTESIAN_POINT('Ctrl Pts',(-15.1999995210855,38.4255268960813,-35.5186310298725));
#7107=CARTESIAN_POINT('Ctrl Pts',(-15.1999995210853,38.7808841756126,-32.7220017667799));
#7108=CARTESIAN_POINT('Ctrl Pts',(-15.1999995210617,41.5999999999983,-32.7220017667799));
#7109=CARTESIAN_POINT('Ctrl Pts',(-15.1999995210349,44.7999977542386,-32.7220017667799));
#7110=CARTESIAN_POINT('Ctrl Pts',(-15.1999995210317,44.7999977542386,-35.9219995210202));
#7111=CARTESIAN_POINT('Ctrl Pts',(-15.1999995210285,44.7999977542386,-39.1219972752605));
#7112=CARTESIAN_POINT('Ctrl Pts',(-15.1999995210553,41.5999999999983,-39.1219972752605));
#7113=CARTESIAN_POINT('Ctrl Pts',(-15.1999995210821,38.400002245758,-39.1219972752605));
#7114=CARTESIAN_POINT('Ctrl Pts',(-15.1999995210853,38.400002245758,-35.9219995210202));
#7115=CARTESIAN_POINT('Ctrl Pts',(-15.1999995210855,38.400002245758,-35.7195076915765));
#7116=CARTESIAN_POINT('Ctrl Pts',(-15.1999995210855,38.4255268960813,-35.5186310298725));
#7117=CARTESIAN_POINT('Ctrl Pts',(-15.1999972752642,41.5999999999634,-35.9219995210157));
#7118=CARTESIAN_POINT('Ctrl Pts',(-15.1999972752642,41.5999999999673,-35.921999520985));
#7119=CARTESIAN_POINT('Ctrl Pts',(-15.1999972752642,41.5999999999983,-35.921999520985));
#7120=CARTESIAN_POINT('Ctrl Pts',(-15.1999972752642,41.6000000000335,-35.921999520985));
#7121=CARTESIAN_POINT('Ctrl Pts',(-15.1999972752642,41.6000000000335,-35.9219995210202));
#7122=CARTESIAN_POINT('Ctrl Pts',(-15.1999972752642,41.6000000000335,-35.9219995210553));
#7123=CARTESIAN_POINT('Ctrl Pts',(-15.1999972752642,41.5999999999983,-35.9219995210553));
#7124=CARTESIAN_POINT('Ctrl Pts',(-15.1999972752642,41.5999999999631,-35.9219995210553));
#7125=CARTESIAN_POINT('Ctrl Pts',(-15.1999972752642,41.5999999999631,-35.9219995210202));
#7126=CARTESIAN_POINT('Ctrl Pts',(-15.1999972752642,41.5999999999631,-35.921999521018));
#7127=CARTESIAN_POINT('Ctrl Pts',(-15.1999972752642,41.5999999999634,-35.9219995210157));
#7128=CARTESIAN_POINT('Ctrl Pts',(-11.9999995210583,41.5999999999366,-35.9219995210125));
#7129=CARTESIAN_POINT('Ctrl Pts',(-11.9999995210583,41.5999999999405,-35.9219995209818));
#7130=CARTESIAN_POINT('Ctrl Pts',(-11.9999995210583,41.5999999999715,-35.9219995209818));
#7131=CARTESIAN_POINT('Ctrl Pts',(-11.9999995210583,41.6000000000067,-35.9219995209818));
#7132=CARTESIAN_POINT('Ctrl Pts',(-11.9999995210583,41.6000000000067,-35.921999521017));
#7133=CARTESIAN_POINT('Ctrl Pts',(-11.9999995210583,41.6000000000067,-35.9219995210521));
#7134=CARTESIAN_POINT('Ctrl Pts',(-11.9999995210583,41.5999999999715,-35.9219995210521));
#7135=CARTESIAN_POINT('Ctrl Pts',(-11.9999995210583,41.5999999999363,-35.9219995210521));
#7136=CARTESIAN_POINT('Ctrl Pts',(-11.9999995210583,41.5999999999363,-35.921999521017));
#7137=CARTESIAN_POINT('Ctrl Pts',(-11.9999995210583,41.5999999999363,-35.9219995210147));
#7138=CARTESIAN_POINT('Ctrl Pts',(-11.9999995210583,41.5999999999366,-35.9219995210125));
#7139=CARTESIAN_POINT('Origin',(-11.9999995210316,44.6909626441325,-36.7502204653495));
#7140=CARTESIAN_POINT('Origin',(-11.9999995210316,41.6000000000075,-35.9219995210214));
#7141=CARTESIAN_POINT('',(-11.9999995210314,52.9013321675903,-38.9501823487211));
#7142=CARTESIAN_POINT('Origin',(-11.9999995210314,41.6000000000079,-35.9219995210214));
#7143=CARTESIAN_POINT('Origin',(-11.9999995210316,49.8103695234646,-38.1219614043928));
#7144=CARTESIAN_POINT('Origin',(4.79005959335931E-7,41.6000000000075,-35.9219995210214));
#7145=CARTESIAN_POINT('',(12.0000004790433,52.9013321675896,-38.9501823487209));
#7146=CARTESIAN_POINT('Origin',(12.0000004790433,41.6000000000076,-35.9219995210214));
#7147=CARTESIAN_POINT('',(12.0000004790433,52.9013321675896,-38.9501823487209));
#7148=CARTESIAN_POINT('Origin',(12.0000004790432,41.6000000000075,-35.9219995210214));
#7149=CARTESIAN_POINT('Origin',(12.0000004790432,49.8103695235368,-38.1219614044122));
#7150=CARTESIAN_POINT('Ctrl Pts',(12.0000004789848,41.6000000000076,-35.9219995210202));
#7151=CARTESIAN_POINT('Ctrl Pts',(12.0000004789848,41.6000000000076,-35.9219995210211));
#7152=CARTESIAN_POINT('Ctrl Pts',(12.0000004789848,41.6000000000073,-35.921999521022));
#7153=CARTESIAN_POINT('Ctrl Pts',(15.1999996501877,41.6000000000238,-35.9219995210225));
#7154=CARTESIAN_POINT('Ctrl Pts',(15.1999996501877,41.6000000000238,-35.9219995210234));
#7155=CARTESIAN_POINT('Ctrl Pts',(15.1999996501877,41.6000000000236,-35.9219995210243));
#7156=CARTESIAN_POINT('Ctrl Pts',(15.2000004789685,44.7999991712266,-35.9219995210225));
#7157=CARTESIAN_POINT('Ctrl Pts',(15.2000004789682,44.7999991712267,-36.3432874041918));
#7158=CARTESIAN_POINT('Ctrl Pts',(15.2000004789684,44.690961843591,-36.7502202508476));
#7159=CARTESIAN_POINT('Origin',(12.0000004789684,44.6909626441325,-36.7502204653495));
#7160=CARTESIAN_POINT('Origin',(-11.9999995210316,44.6909626441325,-36.7502204653495));
#7161=CARTESIAN_POINT('',(-11.9999972236916,41.0823619098025,-37.8538511735995));
#7162=CARTESIAN_POINT('Origin',(-11.9999995210316,44.1733245539275,-38.6820721179276));
#7163=CARTESIAN_POINT('',(-11.9999972226109,41.6000000000075,-35.9219995210214));
#7164=CARTESIAN_POINT('Origin',(-11.9999995210316,49.8103695234646,-38.1219614043928));
#7165=CARTESIAN_POINT('',(-11.9999995210314,52.3836940773852,-40.8820340012992));
#7166=CARTESIAN_POINT('',(-11.9999995210314,52.9013321675903,-38.9501823487211));
#7167=CARTESIAN_POINT('Origin',(-11.9999995210316,49.2927314332596,-40.053813056971));
#7168=CARTESIAN_POINT('Origin',(-11.9999995210314,52.9013321675903,-38.9501823487211));
#7169=CARTESIAN_POINT('',(12.0000004790433,52.3836940773846,-40.882034001299));
#7170=CARTESIAN_POINT('',(12.0000004790433,52.9013321675896,-38.9501823487209));
#7171=CARTESIAN_POINT('',(12.0000004790433,52.3836940773846,-40.882034001299));
#7172=CARTESIAN_POINT('Origin',(12.0000004790432,49.8103695235368,-38.1219614044122));
#7173=CARTESIAN_POINT('Origin',(12.0000004790432,49.2927314333318,-40.0538130569903));
#7174=CARTESIAN_POINT('Origin',(12.0000004789684,44.6909626441325,-36.7502204653495));
#7175=CARTESIAN_POINT('',(11.9999981591943,41.0823619098028,-37.8538511735996));
#7176=CARTESIAN_POINT('',(11.9999981581031,41.6000000000075,-35.9219995210214));
#7177=CARTESIAN_POINT('Origin',(12.0000004789684,44.1733245539275,-38.6820721179276));
#7178=CARTESIAN_POINT('Origin',(11.9999981581031,41.6000000000075,-35.9219995210214));
#7179=CARTESIAN_POINT('',(4.78968411593238E-7,41.0823619098025,-37.8538511735995));
#7180=CARTESIAN_POINT('Ctrl Pts',(-15.1999995210316,44.1733223846817,-38.6820715366784));
#7181=CARTESIAN_POINT('Ctrl Pts',(-15.1999995210315,44.0642851053291,-39.0890042031415));
#7182=CARTESIAN_POINT('Ctrl Pts',(-15.1999995210316,43.8536412570191,-39.4538500507163));
#7183=CARTESIAN_POINT('Ctrl Pts',(-15.1999972752642,41.0823619098094,-37.8538511735999));
#7184=CARTESIAN_POINT('Ctrl Pts',(-15.1999972752642,41.0823619098088,-37.8538511736021));
#7185=CARTESIAN_POINT('Ctrl Pts',(-15.1999972752642,41.0823619098077,-37.8538511736041));
#7186=CARTESIAN_POINT('Ctrl Pts',(-11.9999995210391,41.0823619098024,-37.853851173597));
#7187=CARTESIAN_POINT('Ctrl Pts',(-11.9999995210391,41.0823619098018,-37.8538511735992));
#7188=CARTESIAN_POINT('Ctrl Pts',(-11.9999995210391,41.0823619098007,-37.8538511736012));
#7189=CARTESIAN_POINT('Origin',(-11.9999995210316,43.8536432019127,-39.4538511735995));
#7190=CARTESIAN_POINT('Origin',(-11.9999995210316,41.0823619098025,-37.8538511735995));
#7191=CARTESIAN_POINT('',(-11.9999995210314,51.214859134081,-43.7038511735999));
#7192=CARTESIAN_POINT('Origin',(-11.9999995210314,41.082361909803,-37.8538511735998));
#7193=CARTESIAN_POINT('Origin',(-11.9999995210316,48.4435778419702,-42.1038511735995));
#7194=CARTESIAN_POINT('Origin',(4.79005959335931E-7,41.0823619098025,-37.8538511735995));
#7195=CARTESIAN_POINT('',(12.0000004790433,51.2148591340804,-43.7038511735995));
#7196=CARTESIAN_POINT('Origin',(12.0000004790428,41.082361909803,-37.8538511735997));
#7197=CARTESIAN_POINT('',(12.0000004790433,51.2148591340804,-43.7038511735995));
#7198=CARTESIAN_POINT('Origin',(12.0000004790432,41.0823619098025,-37.8538511735995));
#7199=CARTESIAN_POINT('Origin',(12.0000004790432,48.443577842035,-42.1038511736369));
#7200=CARTESIAN_POINT('Ctrl Pts',(12.0000004789816,41.0823619098023,-37.8538511735995));
#7201=CARTESIAN_POINT('Ctrl Pts',(12.0000004789816,41.0823619098023,-37.8538511735997));
#7202=CARTESIAN_POINT('Ctrl Pts',(12.0000004789816,41.0823619098021,-37.8538511735999));
#7203=CARTESIAN_POINT('Ctrl Pts',(15.1999996501877,41.0823619098146,-37.8538511736045));
#7204=CARTESIAN_POINT('Ctrl Pts',(15.1999996501877,41.0823619098145,-37.8538511736048));
#7205=CARTESIAN_POINT('Ctrl Pts',(15.1999996501877,41.0823619098144,-37.853851173605));
#7206=CARTESIAN_POINT('Ctrl Pts',(15.2000004789685,44.1733237533895,-38.6820719034121));
#7207=CARTESIAN_POINT('Ctrl Pts',(15.2000004789683,44.0642864257544,-39.0890047500745));
#7208=CARTESIAN_POINT('Ctrl Pts',(15.2000004789685,43.8536424841663,-39.4538507592109));
#7209=CARTESIAN_POINT('Origin',(12.0000004789684,43.8536432019127,-39.4538511735995));
#7210=CARTESIAN_POINT('Origin',(-11.9999995210316,48.4435778419702,-42.1038511735995));
#7211=CARTESIAN_POINT('',(-11.9999995210314,50.714859134081,-44.5698765773843));
#7212=CARTESIAN_POINT('',(-11.9999995210314,51.214859134081,-43.7038511735999));
#7213=CARTESIAN_POINT('Origin',(-11.9999995210316,47.9435778419702,-42.969876577384));
#7214=CARTESIAN_POINT('Origin',(-11.9999995210314,51.214859134081,-43.7038511735998));
#7215=CARTESIAN_POINT('',(12.0000004790433,50.7148591340804,-44.569876577384));
#7216=CARTESIAN_POINT('',(12.0000004790433,51.2148591340804,-43.7038511735995));
#7217=CARTESIAN_POINT('',(12.0000004790433,50.7148591340804,-44.569876577384));
#7218=CARTESIAN_POINT('Origin',(12.0000004790432,48.443577842035,-42.1038511736369));
#7219=CARTESIAN_POINT('Origin',(12.0000004790432,47.943577842035,-42.9698765774213));
#7220=CARTESIAN_POINT('Origin',(12.0000004789684,43.8536432019127,-39.4538511735995));
#7221=CARTESIAN_POINT('Origin',(12.0000004789684,43.3536432019127,-40.319876577384));
#7222=CARTESIAN_POINT('',(11.9999981581031,41.0823619098025,-37.8538511735995));
#7223=CARTESIAN_POINT('Origin',(-11.9999995210316,40.5823619098025,-38.7198765773839));
#7224=CARTESIAN_POINT('',(-11.9999995210314,48.8555112496855,-46.9930259172671));
#7225=CARTESIAN_POINT('Origin',(-11.9999995210314,40.5823619098029,-38.7198765773843));
#7226=CARTESIAN_POINT('Origin',(-11.9999995210316,46.5927695498881,-44.7302842174696));
#7227=CARTESIAN_POINT('Origin',(4.79005959335931E-7,40.5823619098025,-38.7198765773839));
#7228=CARTESIAN_POINT('',(12.0000004790433,48.8555112496851,-46.9930259172666));
#7229=CARTESIAN_POINT('Origin',(12.0000004790439,40.5823619098028,-38.7198765773842));
#7230=CARTESIAN_POINT('',(12.0000004790433,48.8555112496851,-46.9930259172666));
#7231=CARTESIAN_POINT('Origin',(12.0000004790432,40.5823619098025,-38.7198765773839));
#7232=CARTESIAN_POINT('Origin',(12.0000004790432,46.592769549941,-44.7302842175225));
#7233=CARTESIAN_POINT('Ctrl Pts',(13.6893251651577,40.9999999772252,-38.9609999547593));
#7234=CARTESIAN_POINT('Ctrl Pts',(13.6893251651577,40.968255466228,-39.0159830773775));
#7235=CARTESIAN_POINT('Ctrl Pts',(13.6893251651577,40.9233619380121,-39.0608766055929));
#7236=CARTESIAN_POINT('Ctrl Pts',(15.200000018287,41.8132138667338,-39.430509070091));
#7237=CARTESIAN_POINT('Ctrl Pts',(15.2000000182869,41.7196572766344,-39.592553886772));
#7238=CARTESIAN_POINT('Ctrl Pts',(15.2000000182871,41.5873482479088,-39.7248629154961));
#7239=CARTESIAN_POINT('Ctrl Pts',(15.2000004789684,43.3536426947164,-40.319875798312));
#7240=CARTESIAN_POINT('Ctrl Pts',(15.2000004789682,43.1429986940408,-40.6847220206698));
#7241=CARTESIAN_POINT('Ctrl Pts',(15.2000004789685,42.8451030235525,-40.9826176911546));
#7242=CARTESIAN_POINT('Origin',(12.0000004789684,42.8451036095994,-40.9826182771809));
#7243=CARTESIAN_POINT('Origin',(-11.9999995210316,46.5927695498881,-44.7302842174696));
#7244=CARTESIAN_POINT('',(-11.9999995210314,47.4412976873124,-48.4072394796401));
#7245=CARTESIAN_POINT('',(-11.9999995210314,48.8555112496855,-46.9930259172671));
#7246=CARTESIAN_POINT('Origin',(-11.9999995210316,45.178555987515,-46.1444977798427));
#7247=CARTESIAN_POINT('Origin',(-11.9999995210314,48.8555112496855,-46.9930259172671));
#7248=CARTESIAN_POINT('',(12.0000004790433,47.441297687312,-48.4072394796397));
#7249=CARTESIAN_POINT('',(12.0000004790433,48.8555112496851,-46.9930259172666));
#7250=CARTESIAN_POINT('',(12.0000004790433,47.441297687312,-48.4072394796397));
#7251=CARTESIAN_POINT('Origin',(12.0000004790432,46.592769549941,-44.7302842175225));
#7252=CARTESIAN_POINT('Origin',(12.0000004790432,45.1785559875679,-46.1444977798956));
#7253=CARTESIAN_POINT('Origin',(-11.9999995210316,39.1681483474294,-40.134090139757));
#7254=CARTESIAN_POINT('',(-11.9999998100469,42.1963311743142,-51.4354223075574));
#7255=CARTESIAN_POINT('Origin',(-11.9999995210314,39.1681483474294,-40.1340901397571));
#7256=CARTESIAN_POINT('Ctrl Pts',(-15.1999995210316,41.3681102298944,-48.3444596634559));
#7257=CARTESIAN_POINT('Ctrl Pts',(-15.1999995210316,41.3951607616522,-48.4455834220373));
#7258=CARTESIAN_POINT('Ctrl Pts',(-15.1948587315011,41.4222219537945,-48.5467275509701));
#7259=CARTESIAN_POINT('Ctrl Pts',(-15.1845966067657,41.4491613953498,-48.6473988047303));
#7260=CARTESIAN_POINT('Ctrl Pts',(-15.174338706167,41.4760897479846,-48.7480286197867));
#7261=CARTESIAN_POINT('Ctrl Pts',(-15.1589637152064,41.5028963566102,-48.8481855949226));
#7262=CARTESIAN_POINT('Ctrl Pts',(-15.1385430006861,41.5294499424646,-48.9473811863442));
#7263=CARTESIAN_POINT('Ctrl Pts',(-15.1181255023475,41.5559993462343,-49.0465611548531));
#7264=CARTESIAN_POINT('Ctrl Pts',(-15.0926639370932,41.582295714198,-49.1447796935534));
#7265=CARTESIAN_POINT('Ctrl Pts',(-15.062280844308,41.6082101967316,-49.2415578562252));
#7266=CARTESIAN_POINT('Ctrl Pts',(-15.0318996256871,41.6341230807445,-49.3383300491892));
#7267=CARTESIAN_POINT('Ctrl Pts',(-14.9965975924982,41.6596540356946,-49.4336617040635));
#7268=CARTESIAN_POINT('Ctrl Pts',(-14.9565471665946,41.684677979869,-49.5270884982932));
#7269=CARTESIAN_POINT('Ctrl Pts',(-14.9164553204295,41.7097278038758,-49.6206119147722));
#7270=CARTESIAN_POINT('Ctrl Pts',(-14.8716053903493,41.7342694790061,-49.7122261974815));
#7271=CARTESIAN_POINT('Ctrl Pts',(-14.8222185450906,41.7581826372247,-49.8014851906713));
#7272=CARTESIAN_POINT('Ctrl Pts',(-14.772863821922,41.7820802418962,-49.8906861282108));
#7273=CARTESIAN_POINT('Ctrl Pts',(-14.7189782683151,41.8053500640094,-49.9775345317901));
#7274=CARTESIAN_POINT('Ctrl Pts',(-14.6608283205256,41.8278783507024,-50.061609471856));
#7275=CARTESIAN_POINT('Ctrl Pts',(-14.6026216031585,41.8504286309029,-50.1457664910813));
#7276=CARTESIAN_POINT('Ctrl Pts',(-14.5401423686142,41.8722358473193,-50.2271443349479));
#7277=CARTESIAN_POINT('Ctrl Pts',(-14.4737007100543,41.8931935336093,-50.3053497767529));
#7278=CARTESIAN_POINT('Ctrl Pts',(-14.4072590514944,41.9141512198993,-50.3835552185578));
#7279=CARTESIAN_POINT('Ctrl Pts',(-14.3368552148652,41.9342593037253,-50.4585879936875));
#7280=CARTESIAN_POINT('Ctrl Pts',(-14.2628387334049,41.9534200755958,-50.5300879855884));
#7281=CARTESIAN_POINT('Ctrl Pts',(-14.1888761104849,41.9725669050148,-50.6015359500878));
#7282=CARTESIAN_POINT('Ctrl Pts',(-14.1112344445846,41.9907868654479,-50.6695246819336));
#7283=CARTESIAN_POINT('Ctrl Pts',(-14.0302907416732,42.0079854985015,-50.7337016508046));
#7284=CARTESIAN_POINT('Ctrl Pts',(-13.9514015605834,42.0247475939909,-50.7962496729108));
#7285=CARTESIAN_POINT('Ctrl Pts',(-13.8693762981431,42.0405395204713,-50.8551768635789));
#7286=CARTESIAN_POINT('Ctrl Pts',(-13.7845993809381,42.0552839403468,-50.9101945876608));
#7287=CARTESIAN_POINT('Ctrl Pts',(-13.6965106783153,42.0706043466624,-50.9673615630052));
#7288=CARTESIAN_POINT('Ctrl Pts',(-13.6054512928362,42.0847936575742,-51.0203071046821));
#7289=CARTESIAN_POINT('Ctrl Pts',(-13.5118870477061,42.0977776918899,-51.0687543550797));
#7290=CARTESIAN_POINT('Ctrl Pts',(-13.418322802576,42.1107617262056,-51.1172016054774));
#7291=CARTESIAN_POINT('Ctrl Pts',(-13.3222541263152,42.1225404230416,-51.1611503373712));
#7292=CARTESIAN_POINT('Ctrl Pts',(-13.2241759535721,42.1330534253027,-51.2003752838681));
#7293=CARTESIAN_POINT('Ctrl Pts',(-13.1197468547184,42.1442471835229,-51.2421401913974));
#7294=CARTESIAN_POINT('Ctrl Pts',(-13.0131036005151,42.153999547905,-51.2785256319667));
#7295=CARTESIAN_POINT('Ctrl Pts',(-12.9048170432623,42.1622689202574,-51.3093571795549));
#7296=CARTESIAN_POINT('Ctrl Pts',(-12.7964223931307,42.1705465471918,-51.3402195035462));
#7297=CARTESIAN_POINT('Ctrl Pts',(-12.686381367021,42.1773382212136,-51.3655168070811));
#7298=CARTESIAN_POINT('Ctrl Pts',(-12.5752781161109,42.1826154873034,-51.3851233677006));
#7299=CARTESIAN_POINT('Ctrl Pts',(-12.4641560923979,42.1878936450779,-51.4047332411853));
#7300=CARTESIAN_POINT('Ctrl Pts',(-12.3519716924885,42.1916568855793,-51.4186504178534));
#7301=CARTESIAN_POINT('Ctrl Pts',(-12.2393178211375,42.1938899736482,-51.4267988040448));
#7302=CARTESIAN_POINT('Ctrl Pts',(-12.1597091046634,42.1954680221681,-51.4325569955588));
#7303=CARTESIAN_POINT('Ctrl Pts',(-12.0798661261664,42.196282222564,-51.4354354166716));
#7304=CARTESIAN_POINT('Ctrl Pts',(-11.9999998100469,42.1963311743142,-51.4354223075574));
#7305=CARTESIAN_POINT('Origin',(4.79005959335931E-7,39.1681483474294,-40.134090139757));
#7306=CARTESIAN_POINT('',(12.0000004846368,42.1963311751299,-51.4354223073389));
#7307=CARTESIAN_POINT('Origin',(12.0000004790434,39.1681483474294,-40.134090139757));
#7308=CARTESIAN_POINT('Ctrl Pts',(-11.9999994778095,42.1963730384148,-51.4365616457746));
#7309=CARTESIAN_POINT('Ctrl Pts',(-11.9999128588498,42.1963730453987,-51.436561642232));
#7310=CARTESIAN_POINT('Ctrl Pts',(-11.9998262398977,42.196373051459,-51.4365616352429));
#7311=CARTESIAN_POINT('Ctrl Pts',(-11.9997396209534,42.1963730565956,-51.436561624807));
#7312=CARTESIAN_POINT('Ctrl Pts',(-11.3233454232844,42.1964131675766,-51.4364801325356));
#7313=CARTESIAN_POINT('Ctrl Pts',(-10.6469845133108,42.1964408118584,-51.4363805023833));
#7314=CARTESIAN_POINT('Ctrl Pts',(-9.97064677648511,42.1964735723255,-51.4363281793449));
#7315=CARTESIAN_POINT('Ctrl Pts',(-9.29423841211549,42.1965063362136,-51.4362758508426));
#7316=CARTESIAN_POINT('Ctrl Pts',(-8.61785308832755,42.1965442146365,-51.4362713560076));
#7317=CARTESIAN_POINT('Ctrl Pts',(-7.94150660176807,42.1965553100992,-51.4361965190496));
#7318=CARTESIAN_POINT('Ctrl Pts',(-5.29393095792387,42.1965987435722,-51.4359035678605));
#7319=CARTESIAN_POINT('Ctrl Pts',(-2.64688590294998,42.1965349537268,-51.4356563610833));
#7320=CARTESIAN_POINT('Ctrl Pts',(0.000134018248956378,42.1964710416803,
-51.4355330824419));
#7321=CARTESIAN_POINT('Ctrl Pts',(2.64746423188247,42.1964071221419,-51.4354097893493));
#7322=CARTESIAN_POINT('Ctrl Pts',(5.29476928336463,42.1963430778773,-51.4354104544473));
#7323=CARTESIAN_POINT('Ctrl Pts',(7.9421699261152,42.1963096382953,-51.4353281384564));
#7324=CARTESIAN_POINT('Ctrl Pts',(8.28037366409259,42.1963053664101,-51.4353176226413));
#7325=CARTESIAN_POINT('Ctrl Pts',(8.61857176597105,42.196304356765,-51.4353160665032));
#7326=CARTESIAN_POINT('Ctrl Pts',(8.95677484804247,42.1963040140508,-51.4353131294799));
#7327=CARTESIAN_POINT('Ctrl Pts',(9.63316095622419,42.196303328643,-51.4353072556073));
#7328=CARTESIAN_POINT('Ctrl Pts',(10.3095668031049,42.1963053106969,-51.4352957288891));
#7329=CARTESIAN_POINT('Ctrl Pts',(10.9860106402855,42.1963121700794,-51.4352832734175));
#7330=CARTESIAN_POINT('Ctrl Pts',(11.3240017606346,42.1963155974303,-51.4352770499315));
#7331=CARTESIAN_POINT('Ctrl Pts',(11.6620024078031,42.1963202424724,-51.4352706366775));
#7332=CARTESIAN_POINT('Ctrl Pts',(12.0000004738618,42.1963252138671,-51.4352603510109));
#7333=CARTESIAN_POINT('Origin',(12.0000004790432,39.1681483474294,-40.134090139757));
#7334=CARTESIAN_POINT('Ctrl Pts',(12.0000004846368,42.1963311751299,-51.4354223073389));
#7335=CARTESIAN_POINT('Ctrl Pts',(12.0617580767166,42.1963410045788,-51.4354196734342));
#7336=CARTESIAN_POINT('Ctrl Pts',(12.1254613211512,42.1958844075313,-51.4336884314918));
#7337=CARTESIAN_POINT('Ctrl Pts',(12.1908039500046,42.1948788759127,-51.4299171079508));
#7338=CARTESIAN_POINT('Ctrl Pts',(12.2549903101343,42.1938911376517,-51.4262125197637));
#7339=CARTESIAN_POINT('Ctrl Pts',(12.3207582793847,42.1923735864746,-51.420538910728));
#7340=CARTESIAN_POINT('Ctrl Pts',(12.3877823838018,42.1902571138488,-51.412634967482));
#7341=CARTESIAN_POINT('Ctrl Pts',(12.4534336062316,42.1881839937925,-51.4048929239198));
#7342=CARTESIAN_POINT('Ctrl Pts',(12.5202896561686,42.1855361400042,-51.395010616343));
#7343=CARTESIAN_POINT('Ctrl Pts',(12.5880153791041,42.1822590889099,-51.3827815873817));
#7344=CARTESIAN_POINT('Ctrl Pts',(12.619511563238,42.1807350800073,-51.3770944166695));
#7345=CARTESIAN_POINT('Ctrl Pts',(12.6511954525188,42.179075149553,-51.3709002989424));
#7346=CARTESIAN_POINT('Ctrl Pts',(12.6830314906167,42.1772746992115,-51.3641817532407));
#7347=CARTESIAN_POINT('Ctrl Pts',(12.7468040033654,42.1736681184554,-51.3507234661229));
#7348=CARTESIAN_POINT('Ctrl Pts',(12.8111050873634,42.1695014556704,-51.3351749226731));
#7349=CARTESIAN_POINT('Ctrl Pts',(12.8756008163837,42.1647522642756,-51.3174523507921));
#7350=CARTESIAN_POINT('Ctrl Pts',(12.9396530856921,42.1600357273693,-51.2998516357649));
#7351=CARTESIAN_POINT('Ctrl Pts',(13.0038968503088,42.1547446144255,-51.2801065717344));
#7352=CARTESIAN_POINT('Ctrl Pts',(13.0680002589256,42.1488700871057,-51.2581841727611));
#7353=CARTESIAN_POINT('Ctrl Pts',(13.1316308965251,42.1430388851928,-51.2364234543457));
#7354=CARTESIAN_POINT('Ctrl Pts',(13.1951227472262,42.1366328405714,-51.2125173909226));
#7355=CARTESIAN_POINT('Ctrl Pts',(13.2581538129952,42.1296565486426,-51.1864831315494));
#7356=CARTESIAN_POINT('Ctrl Pts',(13.3096420513586,42.123957819336,-51.1652165047542));
#7357=CARTESIAN_POINT('Ctrl Pts',(13.3608227437764,42.1178788254637,-51.1425307085842));
#7358=CARTESIAN_POINT('Ctrl Pts',(13.4115251558549,42.1114286473807,-51.1184596305533));
#7359=CARTESIAN_POINT('Ctrl Pts',(13.4773249035303,42.1030578406889,-51.0872210603202));
#7360=CARTESIAN_POINT('Ctrl Pts',(13.5423780270279,42.0940541004512,-51.0536203427635));
#7361=CARTESIAN_POINT('Ctrl Pts',(13.6063703921729,42.0844404858758,-51.0177435367051));
#7362=CARTESIAN_POINT('Ctrl Pts',(13.670256127961,42.0748428902979,-50.9819265115401));
#7363=CARTESIAN_POINT('Ctrl Pts',(13.73308415408,42.0646374964714,-50.9438411459612));
#7364=CARTESIAN_POINT('Ctrl Pts',(13.7945611253891,42.0538597236857,-50.9036196269414));
#7365=CARTESIAN_POINT('Ctrl Pts',(13.8559963411716,42.0430892712277,-50.8634254266179));
#7366=CARTESIAN_POINT('Ctrl Pts',(13.9160818863128,42.0317472826978,-50.8210982185557));
#7367=CARTESIAN_POINT('Ctrl Pts',(13.974551242064,42.0198807436165,-50.7768133552513));
#7368=CARTESIAN_POINT('Ctrl Pts',(14.011184643305,42.0124458799701,-50.7490671085981));
#7369=CARTESIAN_POINT('Ctrl Pts',(14.0471841543685,42.0048053318582,-50.7205532347359));
#7370=CARTESIAN_POINT('Ctrl Pts',(14.082490623624,41.9969727881254,-50.6913228211273));
#7371=CARTESIAN_POINT('Ctrl Pts',(14.1340603859908,41.985532323317,-50.6486279406857));
#7372=CARTESIAN_POINT('Ctrl Pts',(14.184124608435,41.9736872328067,-50.60442297199));
#7373=CARTESIAN_POINT('Ctrl Pts',(14.2324821970518,41.9614992041616,-50.5589381357326));
#7374=CARTESIAN_POINT('Ctrl Pts',(14.2809752252328,41.9492770393792,-50.5133259058937));
#7375=CARTESIAN_POINT('Ctrl Pts',(14.3277517563392,41.9367101188542,-50.4664270250553));
#7376=CARTESIAN_POINT('Ctrl Pts',(14.3726505723401,41.9238690257471,-50.4185049126626));
#7377=CARTESIAN_POINT('Ctrl Pts',(14.4179208784586,41.9109216862039,-50.3701862955789));
#7378=CARTESIAN_POINT('Ctrl Pts',(14.4612820230238,41.8976957329739,-50.320827872415));
#7379=CARTESIAN_POINT('Ctrl Pts',(14.5026150803523,41.8842703577906,-50.270725190266));
#7380=CARTESIAN_POINT('Ctrl Pts',(14.5415411185355,41.8716268056126,-50.2235402239347));
#7381=CARTESIAN_POINT('Ctrl Pts',(14.5786687422465,41.8588065290133,-50.1756957076503));
#7382=CARTESIAN_POINT('Ctrl Pts',(14.6139379230421,41.8458797179699,-50.127453593666));
#7383=CARTESIAN_POINT('Ctrl Pts',(14.6543194822002,41.8310791251267,-50.0722186339698));
#7384=CARTESIAN_POINT('Ctrl Pts',(14.6923134213031,41.816121153864,-50.016396324186));
#7385=CARTESIAN_POINT('Ctrl Pts',(14.7279043266583,41.8010997671819,-49.9603373378952));
#7386=CARTESIAN_POINT('Ctrl Pts',(14.7639104606161,41.7859031304088,-49.9036243279345));
#7387=CARTESIAN_POINT('Ctrl Pts',(14.7974572173836,41.770641727628,-49.8466696008344));
#7388=CARTESIAN_POINT('Ctrl Pts',(14.82858266616,41.7554133697764,-49.7898381912102));
#7389=CARTESIAN_POINT('Ctrl Pts',(14.8601623521145,41.7399627729991,-49.7321773979097));
#7390=CARTESIAN_POINT('Ctrl Pts',(14.8892497021184,41.7245463285264,-49.6746440546288));
#7391=CARTESIAN_POINT('Ctrl Pts',(14.9159381944291,41.7092646315532,-49.617613587416));
#7392=CARTESIAN_POINT('Ctrl Pts',(14.9434836178771,41.6934922601045,-49.5587519495788));
#7393=CARTESIAN_POINT('Ctrl Pts',(14.9684738312493,41.6778635736495,-49.5004265424341));
#7394=CARTESIAN_POINT('Ctrl Pts',(14.9910661434972,41.6624853278847,-49.4430357839093));
#7395=CARTESIAN_POINT('Ctrl Pts',(15.0141347843719,41.646782852417,-49.3844350181528));
#7396=CARTESIAN_POINT('Ctrl Pts',(15.034703796818,41.6313416172097,-49.3268092051812));
#7397=CARTESIAN_POINT('Ctrl Pts',(15.0529917196407,41.6162692119856,-49.2705598762915));
#7398=CARTESIAN_POINT('Ctrl Pts',(15.0721271390772,41.6004983232589,-49.2117038480941));
#7399=CARTESIAN_POINT('Ctrl Pts',(15.0887656700517,41.5851313879358,-49.1543553855845));
#7400=CARTESIAN_POINT('Ctrl Pts',(15.1032057655333,41.5702828808765,-49.0989417167988));
#7401=CARTESIAN_POINT('Ctrl Pts',(15.1155118995788,41.5576286904331,-49.0517170958194));
#7402=CARTESIAN_POINT('Ctrl Pts',(15.1262225331685,41.5453508813465,-49.0058971441921));
#7403=CARTESIAN_POINT('Ctrl Pts',(15.1355426388148,41.5335146548465,-48.9617251980391));
#7404=CARTESIAN_POINT('Ctrl Pts',(15.147220331421,41.5186843707348,-48.9063796441827));
#7405=CARTESIAN_POINT('Ctrl Pts',(15.1566813563183,41.5045918540699,-48.8537874715649));
#7406=CARTESIAN_POINT('Ctrl Pts',(15.164378782014,41.491351193016,-48.8043744602774));
#7407=CARTESIAN_POINT('Ctrl Pts',(15.1721646758547,41.4779583542385,-48.7543935347788));
#7408=CARTESIAN_POINT('Ctrl Pts',(15.1781478573944,41.4654369725507,-48.7076649241697));
#7409=CARTESIAN_POINT('Ctrl Pts',(15.1827925760019,41.4538915018481,-48.6645784547195));
#7410=CARTESIAN_POINT('Ctrl Pts',(15.1873942444781,41.4424530417252,-48.6218913373779));
#7411=CARTESIAN_POINT('Ctrl Pts',(15.1906837331142,41.4319723014587,-48.5827784711459));
#7412=CARTESIAN_POINT('Ctrl Pts',(15.1930837227436,41.4225397337992,-48.5475774309564));
#7413=CARTESIAN_POINT('Ctrl Pts',(15.1952753452638,41.4139261017017,-48.5154325452168));
#7414=CARTESIAN_POINT('Ctrl Pts',(15.1967257911917,41.4061863004391,-48.4865488344208));
#7415=CARTESIAN_POINT('Ctrl Pts',(15.1977188751792,41.3993830643225,-48.4611604277565));
#7416=CARTESIAN_POINT('Ctrl Pts',(15.1986693169322,41.3928719537389,-48.4368621790264));
#7417=CARTESIAN_POINT('Ctrl Pts',(15.1992013856276,41.3872185721027,-48.4157650141262));
#7418=CARTESIAN_POINT('Ctrl Pts',(15.1995192732005,41.3824745070756,-48.3980614629433));
#7419=CARTESIAN_POINT('Ctrl Pts',(15.1998195824187,41.3779927764841,-48.3813368720156));
#7420=CARTESIAN_POINT('Ctrl Pts',(15.1999289902713,41.3743224887998,-48.3676406254085));
#7421=CARTESIAN_POINT('Ctrl Pts',(15.1999735966569,41.3715055769181,-48.3571292211352));
#7422=CARTESIAN_POINT('Ctrl Pts',(15.1999945162532,41.3701844956783,-48.3521995607223));
#7423=CARTESIAN_POINT('Ctrl Pts',(15.2000004815467,41.3690510944289,-48.3479703316819));
#7424=CARTESIAN_POINT('Ctrl Pts',(15.2000004789676,41.3681096434934,-48.3444574713528));
#7425=CARTESIAN_POINT('Ctrl Pts',(15.2000004789684,39.9963690772532,-43.2250519833411));
#7426=CARTESIAN_POINT('Ctrl Pts',(14.0034271701103,35.373733886009,-42.3990327433801));
#7427=CARTESIAN_POINT('Ctrl Pts',(12.8068538612521,30.7510986947648,-41.5730135034192));
#7428=CARTESIAN_POINT('Ctrl Pts',(11.610280552394,26.1284635035207,-40.7469942634582));
#7429=CARTESIAN_POINT('Ctrl Pts',(15.2000004789684,40.4300246783548,-44.8434767196394));
#7430=CARTESIAN_POINT('Ctrl Pts',(14.0034271875997,35.6628376200768,-43.938200707109));
#7431=CARTESIAN_POINT('Ctrl Pts',(12.8068538962309,30.8956505617987,-43.0329246945787));
#7432=CARTESIAN_POINT('Ctrl Pts',(11.6102806048622,26.1284635035207,-42.1276486820483));
#7433=CARTESIAN_POINT('Ctrl Pts',(15.2000004789684,40.91086278808,-46.6379889753489));
#7434=CARTESIAN_POINT('Ctrl Pts',(14.0034272189993,35.9833963598935,-45.9607956816295));
#7435=CARTESIAN_POINT('Ctrl Pts',(12.8068539590302,31.0559299317071,-45.28360238791));
#7436=CARTESIAN_POINT('Ctrl Pts',(11.6102806990611,26.1284635035206,-44.6064090941906));
#7437=CARTESIAN_POINT('Ctrl Pts',(15.2000004789684,41.3681096434934,-48.3444574713528));
#7438=CARTESIAN_POINT('Ctrl Pts',(14.0034272434438,36.2882275968358,-47.7416771507541));
#7439=CARTESIAN_POINT('Ctrl Pts',(12.8068540079193,31.2083455501782,-47.1388968301554));
#7440=CARTESIAN_POINT('Ctrl Pts',(11.6102807723947,26.1284635035206,-46.5361165095567));
#7441=CARTESIAN_POINT('',(15.2000004789684,39.9963690772531,-43.2250519833411));
#7442=CARTESIAN_POINT('',(11.6102807722265,26.1284635028065,-46.5361165095366));
#7443=CARTESIAN_POINT('',(11.610280552394,26.1284635035207,-40.7469942634582));
#7444=CARTESIAN_POINT('',(15.2000004789676,41.3681096434934,-48.3444574713528));
#7445=CARTESIAN_POINT('Ctrl Pts',(14.0085327907802,40.1702005396102,-43.1166279666825));
#7446=CARTESIAN_POINT('Ctrl Pts',(12.821257563319,35.5905668210657,-42.3236836026587));
#7447=CARTESIAN_POINT('Ctrl Pts',(11.6344055215338,31.0103296540724,-41.5335032775827));
#7448=CARTESIAN_POINT('Ctrl Pts',(10.4485691143079,26.4291735542672,-40.7469943076061));
#7449=CARTESIAN_POINT('Ctrl Pts',(14.006120226658,40.5912643140785,-44.7351612767721));
#7450=CARTESIAN_POINT('Ctrl Pts',(12.8176636244211,35.8665633696162,-43.8740469181038));
#7451=CARTESIAN_POINT('Ctrl Pts',(11.6315847440988,31.1426839088622,-43.0052082615554));
#7452=CARTESIAN_POINT('Ctrl Pts',(10.4462879530119,26.4203607057572,-42.1276487262829));
#7453=CARTESIAN_POINT('Ctrl Pts',(14.0024119150396,41.0538429901337,-46.5401669052848));
#7454=CARTESIAN_POINT('Ctrl Pts',(12.8147352116283,36.1723615406877,-45.9039736918163));
#7455=CARTESIAN_POINT('Ctrl Pts',(11.6292097638792,31.2917210113709,-45.2567045215103));
#7456=CARTESIAN_POINT('Ctrl Pts',(10.4440893856414,26.411416473639,-44.6064091385087));
#7457=CARTESIAN_POINT('Ctrl Pts',(14.0000005178309,41.4971724711756,-48.25122079548));
#7458=CARTESIAN_POINT('Ctrl Pts',(12.8129591170748,36.4657721690148,-47.6835023819661));
#7459=CARTESIAN_POINT('Ctrl Pts',(11.6273021658072,31.4345782930729,-47.1112960713615));
#7460=CARTESIAN_POINT('Ctrl Pts',(10.4422471991218,26.403595420439,-46.5361165539448));
#7461=CARTESIAN_POINT('',(13.9987139157524,40.1323266046069,-43.1100706489451));
#7462=CARTESIAN_POINT('Origin',(11.8089527577003,32.7142696255803,-45.5212412018055));
#7463=CARTESIAN_POINT('',(10.4422471991218,26.403595420439,-46.5361165539448));
#7464=CARTESIAN_POINT('Ctrl Pts',(14.0000004621838,41.4971723572798,-48.2512212219033));
#7465=CARTESIAN_POINT('Ctrl Pts',(13.6677007989255,40.0886853715078,-48.0922948702153));
#7466=CARTESIAN_POINT('Ctrl Pts',(13.1646231919991,37.9556396278146,-47.8510704035998));
#7467=CARTESIAN_POINT('Ctrl Pts',(12.3201114682552,34.3735080267546,-47.4447412241971));
#7468=CARTESIAN_POINT('Ctrl Pts',(11.4663284151677,30.7507649585657,-47.0326115631654));
#7469=CARTESIAN_POINT('Ctrl Pts',(10.7835717723006,27.852640511128,-46.701782278579));
#7470=CARTESIAN_POINT('Ctrl Pts',(10.4422471991218,26.403595420439,-46.5361165539448));
#7471=CARTESIAN_POINT('',(10.448569092432,26.4291734689389,-40.7469948884265));
#7472=CARTESIAN_POINT('Ctrl Pts',(10.4485690922764,26.4291734684439,-40.7469948884265));
#7473=CARTESIAN_POINT('Ctrl Pts',(10.4462879523958,26.420360703251,-42.1276494208566));
#7474=CARTESIAN_POINT('Ctrl Pts',(10.4440893853833,26.4114164725432,-44.6064094088704));
#7475=CARTESIAN_POINT('Ctrl Pts',(10.4422471991218,26.403595420439,-46.5361165539448));
#7476=CARTESIAN_POINT('Ctrl Pts',(13.9987139139121,40.1323266051069,-43.1100706488126));
#7477=CARTESIAN_POINT('Ctrl Pts',(12.8147133360159,35.5653144011725,-42.3193271369231));
#7478=CARTESIAN_POINT('Ctrl Pts',(11.6311364948341,30.9977007406371,-41.531335723531));
#7479=CARTESIAN_POINT('Ctrl Pts',(10.4485690922764,26.4291734684439,-40.7469948884265));
#7480=CARTESIAN_POINT('Ctrl Pts',(14.0286002097429,41.6169448423713,-48.2604104919705));
#7481=CARTESIAN_POINT('Ctrl Pts',(13.6867577846051,40.1680126158986,-48.0963351039956));
#7482=CARTESIAN_POINT('Ctrl Pts',(13.1741459189014,37.9946329101647,-47.8497656378572));
#7483=CARTESIAN_POINT('Ctrl Pts',(12.3201085316165,34.3723823047365,-47.4377863337141));
#7484=CARTESIAN_POINT('Ctrl Pts',(11.4641759923762,30.7409599121904,-47.023776661169));
#7485=CARTESIAN_POINT('Ctrl Pts',(10.7792372529482,27.8340328516354,-46.6914065046634));
#7486=CARTESIAN_POINT('Ctrl Pts',(10.4357385743936,26.3759724428841,-46.5244796578927));
#7487=CARTESIAN_POINT('Ctrl Pts',(14.0289326415618,41.6271096832366,-48.2813779103577));
#7488=CARTESIAN_POINT('Ctrl Pts',(13.6868189043257,40.1771035836046,-48.1201091677357));
#7489=CARTESIAN_POINT('Ctrl Pts',(13.1739599072778,38.0021468871262,-47.8771267851702));
#7490=CARTESIAN_POINT('Ctrl Pts',(12.3197182137259,34.3773621734961,-47.4698212295144));
#7491=CARTESIAN_POINT('Ctrl Pts',(11.4638312280479,30.7434922189296,-47.059296923524));
#7492=CARTESIAN_POINT('Ctrl Pts',(10.7791297188112,27.8346932090381,-46.7286675755325));
#7493=CARTESIAN_POINT('Ctrl Pts',(10.4356953808814,26.3757142528281,-46.5623664969618));
#7494=CARTESIAN_POINT('Ctrl Pts',(14.0594104395105,41.7578772167003,-48.531718506718));
#7495=CARTESIAN_POINT('Ctrl Pts',(13.7136179017856,40.2950687662971,-48.3973119707206));
#7496=CARTESIAN_POINT('Ctrl Pts',(13.1956548675645,38.1011263124059,-48.1922490141654));
#7497=CARTESIAN_POINT('Ctrl Pts',(12.3345436659175,34.4449888161168,-47.8439526683116));
#7498=CARTESIAN_POINT('Ctrl Pts',(11.4716805028215,30.7799331868786,-47.489303633375));
#7499=CARTESIAN_POINT('Ctrl Pts',(10.7807288687578,27.8464626893433,-47.2008140807505));
#7500=CARTESIAN_POINT('Ctrl Pts',(10.4353886186943,26.3751612430157,-47.0556857178924));
#7501=CARTESIAN_POINT('Ctrl Pts',(13.8336617918825,42.0532688961706,-49.3200504963657));
#7502=CARTESIAN_POINT('Ctrl Pts',(13.4886031833829,40.564370409438,-49.2471081736374));
#7503=CARTESIAN_POINT('Ctrl Pts',(12.9822468989267,38.3280840600659,-49.1406064119884));
#7504=CARTESIAN_POINT('Ctrl Pts',(12.1623486126915,34.5955334154503,-48.9598860823992));
#7505=CARTESIAN_POINT('Ctrl Pts',(11.3606199273157,30.8491973385346,-48.77313740861));
#7506=CARTESIAN_POINT('Ctrl Pts',(10.7360989518009,27.8471693323747,-48.6123271547694));
#7507=CARTESIAN_POINT('Ctrl Pts',(10.4280468878801,26.3408675566075,-48.5290598608099));
#7508=CARTESIAN_POINT('Ctrl Pts',(13.201727310534,42.1811494804873,-49.9185632382518));
#7509=CARTESIAN_POINT('Ctrl Pts',(12.8975163532813,40.6768609529409,-49.8881725932119));
#7510=CARTESIAN_POINT('Ctrl Pts',(12.442533691227,38.4186383415036,-49.8748167346777));
#7511=CARTESIAN_POINT('Ctrl Pts',(11.7344669861864,34.6437221493941,-49.902601718441));
#7512=CARTESIAN_POINT('Ctrl Pts',(11.0870975451281,30.8466625022781,-49.9540496123719));
#7513=CARTESIAN_POINT('Ctrl Pts',(10.6322629963379,27.7980393723839,-49.9713757618752));
#7514=CARTESIAN_POINT('Ctrl Pts',(10.4166273771502,26.2683975413485,-49.9686573762598));
#7515=CARTESIAN_POINT('Ctrl Pts',(12.5925758193206,42.1789003364973,-50.1647484660321));
#7516=CARTESIAN_POINT('Ctrl Pts',(12.354252253407,40.6637218489494,-50.171458139662));
#7517=CARTESIAN_POINT('Ctrl Pts',(11.9657782523881,38.3933418720377,-50.2227694273576));
#7518=CARTESIAN_POINT('Ctrl Pts',(11.3375994342982,34.6053273053423,-50.445167262643));
#7519=CARTESIAN_POINT('Ctrl Pts',(10.8160286247781,30.7955122840516,-50.7649322090466));
#7520=CARTESIAN_POINT('Ctrl Pts',(10.5379071083901,27.7341895665214,-50.9713648377979));
#7521=CARTESIAN_POINT('Ctrl Pts',(10.4109316440278,26.1985217813135,-51.0494691084128));
#7522=CARTESIAN_POINT('Ctrl Pts',(12.2982486725465,42.1547179513678,-50.217524211182));
#7523=CARTESIAN_POINT('Ctrl Pts',(12.1007149892,40.6347882732832,-50.2464153266545));
#7524=CARTESIAN_POINT('Ctrl Pts',(11.7593722384839,38.3577499348895,-50.3224277188708));
#7525=CARTESIAN_POINT('Ctrl Pts',(11.1579862580299,34.5661383606951,-50.6313689215792));
#7526=CARTESIAN_POINT('Ctrl Pts',(10.6805449031629,30.7587307186219,-51.1019302336648));
#7527=CARTESIAN_POINT('Ctrl Pts',(10.494180374871,27.6993634895455,-51.4113757868194));
#7528=CARTESIAN_POINT('Ctrl Pts',(10.4095338836756,26.1643319625475,-51.5323902122659));
#7529=CARTESIAN_POINT('Ctrl Pts',(12.1583318601996,42.1394391331347,-50.2293718903026));
#7530=CARTESIAN_POINT('Ctrl Pts',(11.9818975685617,40.6174542873235,-50.2704051172423));
#7531=CARTESIAN_POINT('Ctrl Pts',(11.669148268671,38.3370158927985,-50.3585164136262));
#7532=CARTESIAN_POINT('Ctrl Pts',(11.0798171919482,34.5430890849656,-50.702951485329));
#7533=CARTESIAN_POINT('Ctrl Pts',(10.6156769726648,30.7384400602331,-51.2490613248863));
#7534=CARTESIAN_POINT('Ctrl Pts',(10.4744227441772,27.6819687128007,-51.6117704118223));
#7535=CARTESIAN_POINT('Ctrl Pts',(10.4092157801644,26.1479101058116,-51.7540093506329));
#7536=CARTESIAN_POINT('Ctrl Pts',(12.151032871204,42.1386364004676,-50.2299744267832));
#7537=CARTESIAN_POINT('Ctrl Pts',(11.9752484280349,40.6165634309722,-50.271673703243));
#7538=CARTESIAN_POINT('Ctrl Pts',(11.6631080904891,38.3359918408788,-50.3608279587523));
#7539=CARTESIAN_POINT('Ctrl Pts',(11.0756467865678,34.5418971282932,-50.7072363556193));
#7540=CARTESIAN_POINT('Ctrl Pts',(10.6141309230518,30.7372444726063,-51.2537959875337));
#7541=CARTESIAN_POINT('Ctrl Pts',(10.4738121048564,27.6809321210159,-51.6168048012015));
#7542=CARTESIAN_POINT('Ctrl Pts',(10.409166848983,26.1469337554871,-51.7597058801176));
#7543=CARTESIAN_POINT('Ctrl Pts',(12.1364961949759,42.1370068124399,-50.2310991717766));
#7544=CARTESIAN_POINT('Ctrl Pts',(11.9622338877887,40.6147493105339,-50.2741225523632));
#7545=CARTESIAN_POINT('Ctrl Pts',(11.6517499504167,38.3338901539037,-50.3651577512385));
#7546=CARTESIAN_POINT('Ctrl Pts',(11.0672965745254,34.5394958992936,-50.7155005169513));
#7547=CARTESIAN_POINT('Ctrl Pts',(10.6099529717014,30.7349254557253,-51.2649326732359));
#7548=CARTESIAN_POINT('Ctrl Pts',(10.4722781555274,27.6789254100187,-51.6299296042836));
#7549=CARTESIAN_POINT('Ctrl Pts',(10.4089964140485,26.1450430386662,-51.7744071178872));
#7550=CARTESIAN_POINT('Ctrl Pts',(12.1112343277142,42.1340948070099,-50.2328654974223));
#7551=CARTESIAN_POINT('Ctrl Pts',(11.9394322988142,40.6115254038374,-50.2782340751006));
#7552=CARTESIAN_POINT('Ctrl Pts',(11.6314548290357,38.330184077215,-50.3727321687476));
#7553=CARTESIAN_POINT('Ctrl Pts',(11.0525274026016,34.5352751599881,-50.7301201163465));
#7554=CARTESIAN_POINT('Ctrl Pts',(10.6030501264549,30.7308211851682,-51.2836073290252));
#7555=CARTESIAN_POINT('Ctrl Pts',(10.469543365068,27.6753661433252,-51.6513587152874));
#7556=CARTESIAN_POINT('Ctrl Pts',(10.4084853203174,26.1416910441202,-51.7984687312098));
#7557=CARTESIAN_POINT('Ctrl Pts',(12.0613333929209,42.1280379893838,-50.2356046861879));
#7558=CARTESIAN_POINT('Ctrl Pts',(11.8942495521422,40.604862460709,-50.2857385340642));
#7559=CARTESIAN_POINT('Ctrl Pts',(11.5909257294874,38.3225810555478,-50.3873160689392));
#7560=CARTESIAN_POINT('Ctrl Pts',(11.02247944017,34.5267466866617,-50.7592552517664));
#7561=CARTESIAN_POINT('Ctrl Pts',(10.5883753360215,30.7226167949028,-51.321678150022));
#7562=CARTESIAN_POINT('Ctrl Pts',(10.4632762817497,27.66823377569,-51.6954440908796));
#7563=CARTESIAN_POINT('Ctrl Pts',(10.4066317233461,26.1349769146471,-51.8479258458551));
#7564=CARTESIAN_POINT('Ctrl Pts',(12.0199749009873,42.1224677406643,-50.2366678794695));
#7565=CARTESIAN_POINT('Ctrl Pts',(11.8562961404338,40.5988090368933,-50.2909766815283));
#7566=CARTESIAN_POINT('Ctrl Pts',(11.5557430142908,38.3157846671222,-50.3990510633073));
#7567=CARTESIAN_POINT('Ctrl Pts',(10.9957864435492,34.5193231949055,-50.784361698731));
#7568=CARTESIAN_POINT('Ctrl Pts',(10.5752278307436,30.7155506502803,-51.3541044395494));
#7569=CARTESIAN_POINT('Ctrl Pts',(10.456762131229,27.662047230004,-51.7325608849781));
#7570=CARTESIAN_POINT('Ctrl Pts',(10.403609604846,26.1291559119047,-51.8895659675094));
#7571=CARTESIAN_POINT('Ctrl Pts',(11.9655461353977,42.1148089186257,-50.2370763844786));
#7572=CARTESIAN_POINT('Ctrl Pts',(11.80594244039,40.5905308042433,-50.297029565271));
#7573=CARTESIAN_POINT('Ctrl Pts',(11.5083470751237,38.3065649453604,-50.4142055060227));
#7574=CARTESIAN_POINT('Ctrl Pts',(10.9596513774096,34.509415465504,-50.8177668841678));
#7575=CARTESIAN_POINT('Ctrl Pts',(10.5570919686324,30.7061925201407,-51.3971515304696));
#7576=CARTESIAN_POINT('Ctrl Pts',(10.4470184439267,27.6538172018474,-51.7820740203689));
#7577=CARTESIAN_POINT('Ctrl Pts',(10.3983422121678,26.1214109450433,-51.9451233123238));
#7578=CARTESIAN_POINT('Ctrl Pts',(11.8724546431105,42.1081805313139,-50.2375655286283));
#7579=CARTESIAN_POINT('Ctrl Pts',(11.7214086012297,40.5833196300894,-50.3067901045788));
#7580=CARTESIAN_POINT('Ctrl Pts',(11.4404991353602,38.29834874359,-50.4391227649719));
#7581=CARTESIAN_POINT('Ctrl Pts',(10.926962385129,34.4995804517407,-50.850842655479));
#7582=CARTESIAN_POINT('Ctrl Pts',(10.5429313809437,30.6963127337973,-51.4284070916641));
#7583=CARTESIAN_POINT('Ctrl Pts',(10.4358441008318,27.6454097652805,-51.8286582182003));
#7584=CARTESIAN_POINT('Ctrl Pts',(10.3918592913484,26.1135493878214,-52.0003111620152));
#7585=CARTESIAN_POINT('Ctrl Pts',(11.7082013379254,42.0944771311903,-50.2386216156738));
#7586=CARTESIAN_POINT('Ctrl Pts',(11.5711589858216,40.5685164655934,-50.3244055374261));
#7587=CARTESIAN_POINT('Ctrl Pts',(11.3153549665066,38.2817874213871,-50.4827208369437));
#7588=CARTESIAN_POINT('Ctrl Pts',(10.8554708628665,34.4805551889518,-50.9172292609668));
#7589=CARTESIAN_POINT('Ctrl Pts',(10.5078150497854,30.6769876042195,-51.4996862232785));
#7590=CARTESIAN_POINT('Ctrl Pts',(10.4097304877213,27.628232782504,-51.9232119642961));
#7591=CARTESIAN_POINT('Ctrl Pts',(10.3739659907353,26.0972988524926,-52.1099759776464));
#7592=CARTESIAN_POINT('Ctrl Pts',(11.409537627397,42.0711429691668,-50.2407617798426));
#7593=CARTESIAN_POINT('Ctrl Pts',(11.2970667631188,40.5434736526994,-50.3565282841109));
#7594=CARTESIAN_POINT('Ctrl Pts',(11.0877302441381,38.2541069746909,-50.5601365893291));
#7595=CARTESIAN_POINT('Ctrl Pts',(10.721832235341,34.448777570189,-51.0330773242942));
#7596=CARTESIAN_POINT('Ctrl Pts',(10.436801907899,30.6435316857698,-51.6249846508302));
#7597=CARTESIAN_POINT('Ctrl Pts',(10.3531658578751,27.597358274453,-52.0870583929272));
#7598=CARTESIAN_POINT('Ctrl Pts',(10.3297974204084,26.0677497575834,-52.2993996339168));
#7599=CARTESIAN_POINT('Ctrl Pts',(10.9891080306711,42.0391334397664,-50.2445413340593));
#7600=CARTESIAN_POINT('Ctrl Pts',(10.9076425758823,40.5097064830014,-50.4015090795957));
#7601=CARTESIAN_POINT('Ctrl Pts',(10.7572428915384,38.2178398920637,-50.6634418893687));
#7602=CARTESIAN_POINT('Ctrl Pts',(10.5029433425565,34.4079643228003,-51.1954900986784));
#7603=CARTESIAN_POINT('Ctrl Pts',(10.3019260246386,30.5984809004741,-51.8130405594766));
#7604=CARTESIAN_POINT('Ctrl Pts',(10.2415488537611,27.5524742671005,-52.3172682123693));
#7605=CARTESIAN_POINT('Ctrl Pts',(10.2309130637999,26.0236491237282,-52.5601171700425));
#7606=CARTESIAN_POINT('Ctrl Pts',(10.4814739517508,42.0045804858844,-50.2496646522514));
#7607=CARTESIAN_POINT('Ctrl Pts',(10.4327434879161,40.4741336382713,-50.45209775994));
#7608=CARTESIAN_POINT('Ctrl Pts',(10.343909408479,38.180761755175,-50.7758229634247));
#7609=CARTESIAN_POINT('Ctrl Pts',(10.1997322209547,34.3667064576884,-51.3764664570456));
#7610=CARTESIAN_POINT('Ctrl Pts',(10.087148351537,30.5513138041115,-52.0326566576344));
#7611=CARTESIAN_POINT('Ctrl Pts',(10.0569527639106,27.5020722519283,-52.576283389559));
#7612=CARTESIAN_POINT('Ctrl Pts',(10.0583051506606,25.9725270145664,-52.8469454621054));
#7613=CARTESIAN_POINT('Ctrl Pts',(9.46837162105681,41.9449679425548,-50.2602583477271));
#7614=CARTESIAN_POINT('Ctrl Pts',(9.47620697536129,40.4143865953373,-50.541619421061));
#7615=CARTESIAN_POINT('Ctrl Pts',(9.48943276692481,38.1202013846049,-50.9700192372348));
#7616=CARTESIAN_POINT('Ctrl Pts',(9.52017139497202,34.3002034133588,-51.6975473140914));
#7617=CARTESIAN_POINT('Ctrl Pts',(9.55787669200665,30.4737863443611,-52.4378805284999));
#7618=CARTESIAN_POINT('Ctrl Pts',(9.59238852029844,27.414478325577,-53.0430685134617));
#7619=CARTESIAN_POINT('Ctrl Pts',(9.61564540107208,25.8809013280648,-53.3527892119316));
#7620=CARTESIAN_POINT('Ctrl Pts',(8.62127519983441,41.9201791833019,-50.266893466988));
#7621=CARTESIAN_POINT('Ctrl Pts',(8.66025133479535,40.3919447470093,-50.581908966155));
#7622=CARTESIAN_POINT('Ctrl Pts',(8.71948559095307,38.099635813463,-51.0540425966787));
#7623=CARTESIAN_POINT('Ctrl Pts',(8.82143835279307,34.279218957517,-51.8423832732166));
#7624=CARTESIAN_POINT('Ctrl Pts',(8.92763534348818,30.4491109172157,-52.6332472037253));
#7625=CARTESIAN_POINT('Ctrl Pts',(9.01462073281643,27.383037651866,-53.264112640773));
#7626=CARTESIAN_POINT('Ctrl Pts',(9.05982712144491,25.8451308125989,-53.5813004697084));
#7627=CARTESIAN_POINT('Ctrl Pts',(7.90356836363771,41.9202586936486,-50.2669213522282));
#7628=CARTESIAN_POINT('Ctrl Pts',(7.96749153247161,40.3932571170811,-50.5816507707978));
#7629=CARTESIAN_POINT('Ctrl Pts',(8.0630018054316,38.1027507847065,-51.05346628766));
#7630=CARTESIAN_POINT('Ctrl Pts',(8.22247393078812,34.2852353333841,-51.8409367417624));
#7631=CARTESIAN_POINT('Ctrl Pts',(8.38327048038001,30.4579515286202,-52.6307958345704));
#7632=CARTESIAN_POINT('Ctrl Pts',(8.51139702314556,27.3940808404064,-53.2614596030352));
#7633=CARTESIAN_POINT('Ctrl Pts',(8.57641590762574,25.8572624677994,-53.5783976924053));
#7634=CARTESIAN_POINT('Ctrl Pts',(7.82080838240833,41.9202568884472,-50.2669214038567));
#7635=CARTESIAN_POINT('Ctrl Pts',(7.88297363104394,40.3932143659227,-50.5816602419699));
#7636=CARTESIAN_POINT('Ctrl Pts',(7.97588712608463,38.1026481763983,-51.0534880845438));
#7637=CARTESIAN_POINT('Ctrl Pts',(8.13112586662708,34.2850363720085,-51.8409827512146));
#7638=CARTESIAN_POINT('Ctrl Pts',(8.28777306616982,30.4576590766082,-52.6308677516544));
#7639=CARTESIAN_POINT('Ctrl Pts',(8.41266660395611,27.3937161365724,-53.2615433472499));
#7640=CARTESIAN_POINT('Ctrl Pts',(8.47608579092853,25.8568622130015,-53.5784882800574));
#7641=CARTESIAN_POINT('Ctrl Pts',(7.65531730334044,41.9202589566604,-50.2669226902188));
#7642=CARTESIAN_POINT('Ctrl Pts',(7.71657325290658,40.3932376407821,-50.5816565462979));
#7643=CARTESIAN_POINT('Ctrl Pts',(7.80810485215149,38.1027024674188,-51.0534803981087));
#7644=CARTESIAN_POINT('Ctrl Pts',(7.96098722411914,34.2851405761292,-51.8409561677309));
#7645=CARTESIAN_POINT('Ctrl Pts',(8.1152134568163,30.4578121162481,-52.6308176012666));
#7646=CARTESIAN_POINT('Ctrl Pts',(8.23812770014817,27.3939078156107,-53.2614940020039));
#7647=CARTESIAN_POINT('Ctrl Pts',(8.3005353858522,25.8570731153025,-53.5784334307601));
#7648=CARTESIAN_POINT('Ctrl Pts',(7.36567340288609,41.9202611335176,-50.26692592447));
#7649=CARTESIAN_POINT('Ctrl Pts',(7.4240323957777,40.3932249244443,-50.5816629790968));
#7650=CARTESIAN_POINT('Ctrl Pts',(7.51124013637049,38.1026680166439,-51.0534973062742));
#7651=CARTESIAN_POINT('Ctrl Pts',(7.65693975000816,34.2850710949725,-51.8409660144419));
#7652=CARTESIAN_POINT('Ctrl Pts',(7.80397587469874,30.4577096508525,-52.6308114059582));
#7653=CARTESIAN_POINT('Ctrl Pts',(7.92117824309975,27.3937821013,-53.2615092777438));
#7654=CARTESIAN_POINT('Ctrl Pts',(7.98071047298637,25.8569364841092,-53.5784463369587));
#7655=CARTESIAN_POINT('Ctrl Pts',(6.78635449495978,41.9202706740333,-50.2669360479222));
#7656=CARTESIAN_POINT('Ctrl Pts',(6.83991640730804,40.3932433212329,-50.5816704540299));
#7657=CARTESIAN_POINT('Ctrl Pts',(6.91994218415836,38.1026994790689,-51.0535215203937));
#7658=CARTESIAN_POINT('Ctrl Pts',(7.05361611817952,34.2851234138712,-51.8409338349181));
#7659=CARTESIAN_POINT('Ctrl Pts',(7.18850006654477,30.4577854261978,-52.6306910184487));
#7660=CARTESIAN_POINT('Ctrl Pts',(7.29599364169297,27.3938832355095,-53.2614412169214));
#7661=CARTESIAN_POINT('Ctrl Pts',(7.35059158899747,25.8570517651685,-53.5783612595166));
#7662=CARTESIAN_POINT('Ctrl Pts',(5.95861817705713,41.9202924398859,-50.2669599457422));
#7663=CARTESIAN_POINT('Ctrl Pts',(6.00470067004719,40.3932504616431,-50.5816966914538));
#7664=CARTESIAN_POINT('Ctrl Pts',(6.07357542230499,38.1026855254342,-51.0535999023683));
#7665=CARTESIAN_POINT('Ctrl Pts',(6.18860924862691,34.2850749492787,-51.8408958953674));
#7666=CARTESIAN_POINT('Ctrl Pts',(6.304657434599,30.4577112580666,-52.6304586052576));
#7667=CARTESIAN_POINT('Ctrl Pts',(6.39720081520419,27.3938068800607,-53.261345345575));
#7668=CARTESIAN_POINT('Ctrl Pts',(6.44416066815801,25.8569783525567,-53.578230362645));
#7669=CARTESIAN_POINT('Ctrl Pts',(5.13097649413819,41.9203089515008,-50.2669762243475));
#7670=CARTESIAN_POINT('Ctrl Pts',(5.1699156441122,40.3932671145464,-50.5817128523982));
#7671=CARTESIAN_POINT('Ctrl Pts',(5.22811359334592,38.1027025884538,-51.0536515135418));
#7672=CARTESIAN_POINT('Ctrl Pts',(5.32528355399428,34.2850920874239,-51.8408558203569));
#7673=CARTESIAN_POINT('Ctrl Pts',(5.42329147082776,30.4577340588258,-52.6302663813115));
#7674=CARTESIAN_POINT('Ctrl Pts',(5.50146777086141,27.3938470347876,-53.2612476490868));
#7675=CARTESIAN_POINT('Ctrl Pts',(5.5411117069218,25.8570299108123,-53.5781058581556));
#7676=CARTESIAN_POINT('Ctrl Pts',(4.4689854546339,41.9203132069634,-50.266979580797));
#7677=CARTESIAN_POINT('Ctrl Pts',(4.50209536410145,40.393269197835,-50.5817171695544));
#7678=CARTESIAN_POINT('Ctrl Pts',(4.55156078978669,38.102701544805,-51.0536660863063));
#7679=CARTESIAN_POINT('Ctrl Pts',(4.63416093592896,34.2850857296229,-51.8408478393922));
#7680=CARTESIAN_POINT('Ctrl Pts',(4.71753504344743,30.457723917022,-52.6302182306882));
#7681=CARTESIAN_POINT('Ctrl Pts',(4.78402385943946,27.3938373615565,-53.2612229997813));
#7682=CARTESIAN_POINT('Ctrl Pts',(4.81777696388188,25.857021155086,-53.5780750938272));
#7683=CARTESIAN_POINT('Ctrl Pts',(2.81402354415326,41.9203219907869,-50.2669884911478));
#7684=CARTESIAN_POINT('Ctrl Pts',(2.83263740382857,40.3932762850882,-50.5817263525859));
#7685=CARTESIAN_POINT('Ctrl Pts',(2.86038117197848,38.1027062621689,-51.0536948218885));
#7686=CARTESIAN_POINT('Ctrl Pts',(2.90674589976235,34.2850863395701,-51.8408283428291));
#7687=CARTESIAN_POINT('Ctrl Pts',(2.953725677019,30.4577235618499,-52.6301183978368));
#7688=CARTESIAN_POINT('Ctrl Pts',(2.99112383846277,27.3938432372012,-53.2611748359958));
#7689=CARTESIAN_POINT('Ctrl Pts',(3.01022769610102,25.8570316471999,-53.5780127358519));
#7690=CARTESIAN_POINT('Ctrl Pts',(0.331397340402637,41.9203759756547,-50.2669698725667));
#7691=CARTESIAN_POINT('Ctrl Pts',(0.328345926117563,40.3933156683324,-50.58174775889));
#7692=CARTESIAN_POINT('Ctrl Pts',(0.323663139638863,38.1027245707208,-51.0538560460569));
#7693=CARTESIAN_POINT('Ctrl Pts',(0.315599951989906,34.2850590547821,-51.8407194190947));
#7694=CARTESIAN_POINT('Ctrl Pts',(0.307808893927803,30.4576626592766,-52.6294044388749));
#7695=CARTESIAN_POINT('Ctrl Pts',(0.301842611428941,27.393796952366,-53.2606177874665));
#7696=CARTESIAN_POINT('Ctrl Pts',(0.298777181263912,25.8569967404955,-53.577414446963));
#7697=CARTESIAN_POINT('Ctrl Pts',(-2.31633214478644,41.9204134107866,-50.2669048669064));
#7698=CARTESIAN_POINT('Ctrl Pts',(-2.34242477653805,40.3933440525978,-50.5817367933334));
#7699=CARTESIAN_POINT('Ctrl Pts',(-2.38167124391449,38.1027396219304,-51.0539545255699));
#7700=CARTESIAN_POINT('Ctrl Pts',(-2.44774499282902,34.285037566775,-51.8406476947477));
#7701=CARTESIAN_POINT('Ctrl Pts',(-2.51369892604348,30.4576074128859,-52.628833196757));
#7702=CARTESIAN_POINT('Ctrl Pts',(-2.56575007377941,27.3937420474646,-53.2600397577156));
#7703=CARTESIAN_POINT('Ctrl Pts',(-2.59226709922129,25.8569410976202,-53.5768399966758));
#7704=CARTESIAN_POINT('Ctrl Pts',(-3.80560188059101,41.9204201531593,-50.2668767159677));
#7705=CARTESIAN_POINT('Ctrl Pts',(-3.8446996345936,40.3933491137771,-50.5817267802483));
#7706=CARTESIAN_POINT('Ctrl Pts',(-3.90346988759506,38.1027421157519,-51.0539683471301));
#7707=CARTESIAN_POINT('Ctrl Pts',(-4.00219899429932,34.2850310036606,-51.8406363999075));
#7708=CARTESIAN_POINT('Ctrl Pts',(-4.10084814153329,30.4575905824474,-52.6287067204336));
#7709=CARTESIAN_POINT('Ctrl Pts',(-4.17894060586219,27.3937215154693,-53.2598757726499));
#7710=CARTESIAN_POINT('Ctrl Pts',(-4.21859459116655,25.8569173811417,-53.5766868624045));
#7711=CARTESIAN_POINT('Ctrl Pts',(-4.46749874868298,41.9204248611652,-50.2668612379809));
#7712=CARTESIAN_POINT('Ctrl Pts',(-4.51236741709001,40.3933526796321,-50.581721824509));
#7713=CARTESIAN_POINT('Ctrl Pts',(-4.57980132164114,38.102743958558,-51.0539789747132));
#7714=CARTESIAN_POINT('Ctrl Pts',(-4.69303983509043,34.2850271962425,-51.8406280764187));
#7715=CARTESIAN_POINT('Ctrl Pts',(-4.80621640510716,30.4575807129797,-52.6286243813154));
#7716=CARTESIAN_POINT('Ctrl Pts',(-4.89585816599523,27.3937100499671,-53.2597764515114));
#7717=CARTESIAN_POINT('Ctrl Pts',(-4.94135381704588,25.8569044833081,-53.5765925219242));
#7718=CARTESIAN_POINT('Ctrl Pts',(-5.12940570686959,41.9204273959252,-50.2668512931705));
#7719=CARTESIAN_POINT('Ctrl Pts',(-5.18005918803431,40.3933546309149,-50.581718363329));
#7720=CARTESIAN_POINT('Ctrl Pts',(-5.25617575121109,38.1027450191634,-51.0539843007965));
#7721=CARTESIAN_POINT('Ctrl Pts',(-5.38392719161052,34.2850250574331,-51.8406237264128));
#7722=CARTESIAN_POINT('Ctrl Pts',(-5.51163907205297,30.4575749823804,-52.6285776918389));
#7723=CARTESIAN_POINT('Ctrl Pts',(-5.61286882124226,27.3937031543671,-53.2597170546708));
#7724=CARTESIAN_POINT('Ctrl Pts',(-5.66420447456884,25.8568965484456,-53.5765368018396));
#7725=CARTESIAN_POINT('Ctrl Pts',(-5.79114979406831,41.9204441451224,-50.266786357916));
#7726=CARTESIAN_POINT('Ctrl Pts',(-5.84747141659859,40.3933672643508,-50.5816958808701));
#7727=CARTESIAN_POINT('Ctrl Pts',(-5.93212568026674,38.1027513911543,-51.0540196703371));
#7728=CARTESIAN_POINT('Ctrl Pts',(-6.07438147975636,34.2850097942928,-51.840595035048));
#7729=CARTESIAN_POINT('Ctrl Pts',(-6.216541012048,30.4575355909485,-52.6282706694528));
#7730=CARTESIAN_POINT('Ctrl Pts',(-6.32902433658415,27.3936557788319,-53.2593277574358));
#7731=CARTESIAN_POINT('Ctrl Pts',(-6.38618650096643,25.8568422211167,-53.5761713485198));
#7732=CARTESIAN_POINT('Ctrl Pts',(-6.37028301727133,41.9204490587792,-50.2667663520499));
#7733=CARTESIAN_POINT('Ctrl Pts',(-6.43164557036212,40.3933711379802,-50.5816887856196));
#7734=CARTESIAN_POINT('Ctrl Pts',(-6.52387243129174,38.1027536671562,-51.0540297369991));
#7735=CARTESIAN_POINT('Ctrl Pts',(-6.67883204452916,34.2850059786248,-51.8405865637164));
#7736=CARTESIAN_POINT('Ctrl Pts',(-6.83369740521372,30.4575248380685,-52.6281790228119));
#7737=CARTESIAN_POINT('Ctrl Pts',(-6.95625740305243,27.3936427565139,-53.2592098036228));
#7738=CARTESIAN_POINT('Ctrl Pts',(-7.01852800448705,25.8568271247405,-53.5760609570052));
#7739=CARTESIAN_POINT('Ctrl Pts',(-6.70122464514528,41.9204512186631,-50.2667576231735));
#7740=CARTESIAN_POINT('Ctrl Pts',(-6.76546775542247,40.3933725975977,-50.5816857513242));
#7741=CARTESIAN_POINT('Ctrl Pts',(-6.86202050491104,38.1027540697003,-51.054034316406));
#7742=CARTESIAN_POINT('Ctrl Pts',(-7.02422666662337,34.285003142445,-51.8405830616428));
#7743=CARTESIAN_POINT('Ctrl Pts',(-7.18634433628444,30.45751841998,-52.6281391132012));
#7744=CARTESIAN_POINT('Ctrl Pts',(-7.31466893311229,27.3936349421778,-53.259158580614));
#7745=CARTESIAN_POINT('Ctrl Pts',(-7.37985485538578,25.8568182086012,-53.5760130571144));
#7746=CARTESIAN_POINT('Ctrl Pts',(-7.03216347339467,41.9204535468466,-50.2667480330852));
#7747=CARTESIAN_POINT('Ctrl Pts',(-7.09930039741231,40.393374899779,-50.5816822365221));
#7748=CARTESIAN_POINT('Ctrl Pts',(-7.2001989141928,38.1027562962459,-51.0540388014142));
#7749=CARTESIAN_POINT('Ctrl Pts',(-7.36968660603456,34.2850035616259,-51.8405786269413));
#7750=CARTESIAN_POINT('Ctrl Pts',(-7.53908878730752,30.457516578208,-52.6280949848851));
#7751=CARTESIAN_POINT('Ctrl Pts',(-7.67319885909267,27.3936327947545,-53.2591015451185));
#7752=CARTESIAN_POINT('Ctrl Pts',(-7.74131216372543,25.8568154466644,-53.5759595987676));
#7753=CARTESIAN_POINT('Ctrl Pts',(-7.44578134395527,41.9204606456452,-50.2667185199506));
#7754=CARTESIAN_POINT('Ctrl Pts',(-7.51643876876326,40.393378050337,-50.5816722008241));
#7755=CARTESIAN_POINT('Ctrl Pts',(-7.62263675209007,38.1027535621447,-51.0540545412631));
#7756=CARTESIAN_POINT('Ctrl Pts',(-7.80108312033707,34.28498620319,-51.8405687001133));
#7757=CARTESIAN_POINT('Ctrl Pts',(-7.97942603234472,30.457483526821,-52.6279645625478));
#7758=CARTESIAN_POINT('Ctrl Pts',(-8.12055920764768,27.3935921650597,-53.258932795148));
#7759=CARTESIAN_POINT('Ctrl Pts',(-8.19227534405041,25.856769672817,-53.5758025445799));
#7760=CARTESIAN_POINT('Ctrl Pts',(-7.77664510230799,41.9204688894924,-50.2666844098069));
#7761=CARTESIAN_POINT('Ctrl Pts',(-7.85022568776371,40.3933886490243,-50.5816591494981));
#7762=CARTESIAN_POINT('Ctrl Pts',(-7.96082450643053,38.1027674670489,-51.0540689863624));
#7763=CARTESIAN_POINT('Ctrl Pts',(-8.14673760167123,34.2849994272926,-51.8405507168272));
#7764=CARTESIAN_POINT('Ctrl Pts',(-8.33250605235361,30.4574942296262,-52.6278052546317));
#7765=CARTESIAN_POINT('Ctrl Pts',(-8.47941668873503,27.3936059104727,-53.2587263712951));
#7766=CARTESIAN_POINT('Ctrl Pts',(-8.55411955620997,25.8567832476462,-53.5756084858465));
#7767=CARTESIAN_POINT('Ctrl Pts',(-7.9843795573759,41.9204708736511,-50.2666754510346));
#7768=CARTESIAN_POINT('Ctrl Pts',(-8.05958753625083,40.3933817289531,-50.5816576555769));
#7769=CARTESIAN_POINT('Ctrl Pts',(-8.17263952746095,38.102747501539,-51.0540775637282));
#7770=CARTESIAN_POINT('Ctrl Pts',(-8.3626943093034,34.28495697464,-51.8405552447712));
#7771=CARTESIAN_POINT('Ctrl Pts',(-8.55261666791815,30.4574296100282,-52.6277768680181));
#7772=CARTESIAN_POINT('Ctrl Pts',(-8.70282611166911,27.3935257425209,-53.258689035783));
#7773=CARTESIAN_POINT('Ctrl Pts',(-8.77921123012006,25.8566950222853,-53.5755761135279));
#7774=CARTESIAN_POINT('Ctrl Pts',(-8.06883117572937,41.920615726242,-50.266639405065));
#7775=CARTESIAN_POINT('Ctrl Pts',(-8.13995749287681,40.3932945519832,-50.5814685329722));
#7776=CARTESIAN_POINT('Ctrl Pts',(-8.24707882655679,38.1023294591407,-51.0536953202627));
#7777=CARTESIAN_POINT('Ctrl Pts',(-8.42769815044235,34.2840254930962,-51.8399256606073));
#7778=CARTESIAN_POINT('Ctrl Pts',(-8.60858422129927,30.4560195453585,-52.6269660171388));
#7779=CARTESIAN_POINT('Ctrl Pts',(-8.75197422945673,27.3917675821083,-53.2578019989648));
#7780=CARTESIAN_POINT('Ctrl Pts',(-8.82504204935953,25.8547700619365,-53.5746668607459));
#7781=CARTESIAN_POINT('Ctrl Pts',(-8.23779385374396,41.9215067452154,-50.2664248728327));
#7782=CARTESIAN_POINT('Ctrl Pts',(-8.30345054439391,40.3938413693876,-50.5801141357031));
#7783=CARTESIAN_POINT('Ctrl Pts',(-8.40262554150404,38.102420397449,-51.0508604071871));
#7784=CARTESIAN_POINT('Ctrl Pts',(-8.57065569181867,34.2834902137699,-51.8351045364676));
#7785=CARTESIAN_POINT('Ctrl Pts',(-8.73954701791288,30.4549827342566,-52.6205932345121));
#7786=CARTESIAN_POINT('Ctrl Pts',(-8.87397964431242,27.3904492944966,-53.2506086260228));
#7787=CARTESIAN_POINT('Ctrl Pts',(-8.94272997073451,25.8533365424199,-53.567153465512));
#7788=CARTESIAN_POINT('Ctrl Pts',(-8.44893958311486,41.9237385169283,-50.2658887271582));
#7789=CARTESIAN_POINT('Ctrl Pts',(-8.50654788499356,40.3955746265588,-50.5766622868497));
#7790=CARTESIAN_POINT('Ctrl Pts',(-8.59394891089096,38.1035390499206,-51.0436083879656));
#7791=CARTESIAN_POINT('Ctrl Pts',(-8.74329664906201,34.2838817632714,-51.8227312251336));
#7792=CARTESIAN_POINT('Ctrl Pts',(-8.89440166766,30.4549278702256,-52.6041876767811));
#7793=CARTESIAN_POINT('Ctrl Pts',(-9.01566430176093,27.3903053264446,-53.2320118329047));
#7794=CARTESIAN_POINT('Ctrl Pts',(-9.07813672502283,25.8532055864,-53.547678722846));
#7795=CARTESIAN_POINT('Ctrl Pts',(-8.70232605240754,41.9281978238507,-50.2648348615034));
#7796=CARTESIAN_POINT('Ctrl Pts',(-8.75063209314528,40.3994527324166,-50.5697047697114));
#7797=CARTESIAN_POINT('Ctrl Pts',(-8.8241631010804,38.1067772641716,-51.0289469290007));
#7798=CARTESIAN_POINT('Ctrl Pts',(-8.95143711834595,34.2866041830108,-51.79770504077));
#7799=CARTESIAN_POINT('Ctrl Pts',(-9.08167974050758,30.4576653489221,-52.5710246511882));
#7800=CARTESIAN_POINT('Ctrl Pts',(-9.18807859750884,27.3935547647247,-53.1943581911615));
#7801=CARTESIAN_POINT('Ctrl Pts',(-9.24372664866425,25.8568109635771,-53.5081513866336));
#7802=CARTESIAN_POINT('Ctrl Pts',(-9.20907225348477,41.9405927808912,-50.2620128252924));
#7803=CARTESIAN_POINT('Ctrl Pts',(-9.23750788967153,40.4106793402492,-50.5503931733327));
#7804=CARTESIAN_POINT('Ctrl Pts',(-9.2806817257913,38.1168235858931,-50.9880863911518));
#7805=CARTESIAN_POINT('Ctrl Pts',(-9.35917908381631,34.2961357649239,-51.7281567701855));
#7806=CARTESIAN_POINT('Ctrl Pts',(-9.44381979545895,30.4681019275241,-52.4793110411692));
#7807=CARTESIAN_POINT('Ctrl Pts',(-9.51941697599166,27.4059929979377,-53.0900422762592));
#7808=CARTESIAN_POINT('Ctrl Pts',(-9.5613576618031,25.8704856171058,-53.3982620067955));
#7809=CARTESIAN_POINT('Ctrl Pts',(-9.79986479555584,41.9651697884324,-50.2565000046741));
#7810=CARTESIAN_POINT('Ctrl Pts',(-9.80192735351667,40.4340576589827,-50.5122303269632));
#7811=CARTESIAN_POINT('Ctrl Pts',(-9.80200069637516,38.1392284186525,-50.9072510468392));
#7812=CARTESIAN_POINT('Ctrl Pts',(-9.81074775128788,34.3195460054411,-51.5909766359571));
#7813=CARTESIAN_POINT('Ctrl Pts',(-9.83134090541202,30.4952446717472,-52.2989073240062));
#7814=CARTESIAN_POINT('Ctrl Pts',(-9.86882296644428,27.4384019411955,-52.884656980444));
#7815=CARTESIAN_POINT('Ctrl Pts',(-9.89664550396105,25.9057507916437,-53.1808905110071));
#7816=CARTESIAN_POINT('Ctrl Pts',(-10.4746122547728,42.004878558628,-50.249391391849));
#7817=CARTESIAN_POINT('Ctrl Pts',(-10.4388311057115,40.4737055639166,-50.4526955232567));
#7818=CARTESIAN_POINT('Ctrl Pts',(-10.3708114193041,38.1790955737032,-50.7782063147629));
#7819=CARTESIAN_POINT('Ctrl Pts',(-10.263335332121,34.3627428888485,-51.3776013715542));
#7820=CARTESIAN_POINT('Ctrl Pts',(-10.1841479966001,30.5452206871867,-52.0291697472582));
#7821=CARTESIAN_POINT('Ctrl Pts',(-10.17819505534,27.4948539323384,-52.5735054203399));
#7822=CARTESIAN_POINT('Ctrl Pts',(-10.191176299017,25.9648142976806,-52.8434798983776));
#7823=CARTESIAN_POINT('Ctrl Pts',(-10.9816531162101,42.0394897215173,-50.2442096812186));
#7824=CARTESIAN_POINT('Ctrl Pts',(-10.9132130667083,40.5092233665764,-50.4020536488304));
#7825=CARTESIAN_POINT('Ctrl Pts',(-10.7838929891088,38.2158484807414,-50.6658129814978));
#7826=CARTESIAN_POINT('Ctrl Pts',(-10.5667697337326,34.4031561412591,-51.1960612811128));
#7827=CARTESIAN_POINT('Ctrl Pts',(-10.3988959980902,30.5912275631293,-51.8083054919008));
#7828=CARTESIAN_POINT('Ctrl Pts',(-10.3623525305185,27.5442296321002,-52.3134683095682));
#7829=CARTESIAN_POINT('Ctrl Pts',(-10.3633018774632,26.0150053255039,-52.5557121051546));
#7830=CARTESIAN_POINT('Ctrl Pts',(-11.4855605210046,42.0779199234006,-50.2396147729228));
#7831=CARTESIAN_POINT('Ctrl Pts',(-11.3796078260046,40.5496998510269,-50.3480895636205));
#7832=CARTESIAN_POINT('Ctrl Pts',(-11.1790428584022,38.25911155503,-50.5421089604003));
#7833=CARTESIAN_POINT('Ctrl Pts',(-10.8281588997707,34.4513691715684,-51.0019388842661));
#7834=CARTESIAN_POINT('Ctrl Pts',(-10.560260019171,30.6442237139429,-51.5826437895231));
#7835=CARTESIAN_POINT('Ctrl Pts',(-10.4955791724052,27.5972260758801,-52.0365209175955));
#7836=CARTESIAN_POINT('Ctrl Pts',(-10.4810453157974,26.0671547790872,-52.2419225811711));
#7837=CARTESIAN_POINT('Ctrl Pts',(-11.8269466983287,42.1050425479405,-50.2372466911381));
#7838=CARTESIAN_POINT('Ctrl Pts',(-11.6923677778272,40.5789187639015,-50.3111332525189));
#7839=CARTESIAN_POINT('Ctrl Pts',(-11.4381501909587,38.2915213422639,-50.4517115917431));
#7840=CARTESIAN_POINT('Ctrl Pts',(-10.9752367007534,34.4882975044026,-50.8667746871535));
#7841=CARTESIAN_POINT('Ctrl Pts',(-10.6328176815768,30.6825186366644,-51.4390626652119));
#7842=CARTESIAN_POINT('Ctrl Pts',(-10.5514454866134,27.6319989518227,-51.8470832503273));
#7843=CARTESIAN_POINT('Ctrl Pts',(-10.5214733639371,26.1002119002545,-52.0220592791572));
#7844=CARTESIAN_POINT('Ctrl Pts',(-12.0702624739174,42.1258915484108,-50.2358883322335));
#7845=CARTESIAN_POINT('Ctrl Pts',(-11.9127535786287,40.6016061870411,-50.2853972396606));
#7846=CARTESIAN_POINT('Ctrl Pts',(-11.6183945141709,38.3172961652599,-50.3863628332591));
#7847=CARTESIAN_POINT('Ctrl Pts',(-11.069936816621,34.5180790255122,-50.7712557318584));
#7848=CARTESIAN_POINT('Ctrl Pts',(-10.675960590577,30.7115133340302,-51.3389241489649));
#7849=CARTESIAN_POINT('Ctrl Pts',(-10.5812632456735,27.6567215785518,-51.7047398072017));
#7850=CARTESIAN_POINT('Ctrl Pts',(-10.5369661911615,26.1233279821859,-51.8552205359611));
#7851=CARTESIAN_POINT('Ctrl Pts',(-12.1038461963232,42.1331010453494,-50.2335055504081));
#7852=CARTESIAN_POINT('Ctrl Pts',(-11.9389786501027,40.609648998088,-50.2796710895758));
#7853=CARTESIAN_POINT('Ctrl Pts',(-11.6356287591493,38.3267710380993,-50.3785561080423));
#7854=CARTESIAN_POINT('Ctrl Pts',(-11.0842080578445,34.5286468303048,-50.7576044134152));
#7855=CARTESIAN_POINT('Ctrl Pts',(-10.6904855673556,30.7209399854257,-51.3091036139002));
#7856=CARTESIAN_POINT('Ctrl Pts',(-10.5882095269864,27.6646839046921,-51.6574642654043));
#7857=CARTESIAN_POINT('Ctrl Pts',(-10.5396660558724,26.1307742793059,-51.7996011661114));
#7858=CARTESIAN_POINT('Ctrl Pts',(-12.1935312192951,42.1428893644564,-50.2264633223332));
#7859=CARTESIAN_POINT('Ctrl Pts',(-12.0161281865122,40.6207278814415,-50.2643564855549));
#7860=CARTESIAN_POINT('Ctrl Pts',(-11.6943304447548,38.3400017436941,-50.3525043595155));
#7861=CARTESIAN_POINT('Ctrl Pts',(-11.1181263743022,34.5439005897517,-50.7202088476395));
#7862=CARTESIAN_POINT('Ctrl Pts',(-10.7105908680627,30.7349798995705,-51.2570811378764));
#7863=CARTESIAN_POINT('Ctrl Pts',(-10.5965706743814,27.6765826757935,-51.5804196745635));
#7864=CARTESIAN_POINT('Ctrl Pts',(-10.5398572542309,26.1419602727145,-51.7097659392517));
#7865=CARTESIAN_POINT('Ctrl Pts',(-12.2555267050039,42.1498299733452,-50.2199066048199));
#7866=CARTESIAN_POINT('Ctrl Pts',(-12.0670840437464,40.628722125533,-50.2519186925974));
#7867=CARTESIAN_POINT('Ctrl Pts',(-11.7309322286374,38.3497065323033,-50.3362354085808));
#7868=CARTESIAN_POINT('Ctrl Pts',(-11.154470061156,34.5542306756823,-50.6845594774894));
#7869=CARTESIAN_POINT('Ctrl Pts',(-10.7436222258004,30.7436148609725,-51.176203225769));
#7870=CARTESIAN_POINT('Ctrl Pts',(-10.6062470481879,27.6840926963296,-51.4695999235288));
#7871=CARTESIAN_POINT('Ctrl Pts',(-10.5399233083417,26.1490832459624,-51.5871041484115));
#7872=CARTESIAN_POINT('Ctrl Pts',(-12.3815451559373,42.1621960732072,-50.2012867209243));
#7873=CARTESIAN_POINT('Ctrl Pts',(-12.1729642512671,40.6432517307122,-50.2220517123621));
#7874=CARTESIAN_POINT('Ctrl Pts',(-11.8123468963217,38.3673878373048,-50.2960191002311));
#7875=CARTESIAN_POINT('Ctrl Pts',(-11.2247475370814,34.5732581448609,-50.6074866631494));
#7876=CARTESIAN_POINT('Ctrl Pts',(-10.7986471476169,30.760482053796,-51.030056842224));
#7877=CARTESIAN_POINT('Ctrl Pts',(-10.6239071241993,27.6993994621336,-51.2724441464349));
#7878=CARTESIAN_POINT('Ctrl Pts',(-10.5402573841342,26.1638784176651,-51.3678453687485));
#7879=CARTESIAN_POINT('Ctrl Pts',(-12.5370131212225,42.1746721475267,-50.1676446456308));
#7880=CARTESIAN_POINT('Ctrl Pts',(-12.3045565392127,40.6585694095868,-50.1753678979116));
#7881=CARTESIAN_POINT('Ctrl Pts',(-11.9185323669949,38.3862665970166,-50.2359549366263));
#7882=CARTESIAN_POINT('Ctrl Pts',(-11.3200249666901,34.5933426579569,-50.493165353953));
#7883=CARTESIAN_POINT('Ctrl Pts',(-10.8706888829415,30.7790134495607,-50.8241004743614));
#7884=CARTESIAN_POINT('Ctrl Pts',(-10.6471445671558,27.7174699809161,-51.002988959252));
#7885=CARTESIAN_POINT('Ctrl Pts',(-10.5408511263723,26.1818963642478,-51.0706374338643));
#7886=CARTESIAN_POINT('Ctrl Pts',(-12.720933087223,42.1840618193819,-50.110857353892));
#7887=CARTESIAN_POINT('Ctrl Pts',(-12.4635277300546,40.6713720080845,-50.1039866959135));
#7888=CARTESIAN_POINT('Ctrl Pts',(-12.0540990281513,38.4026754894094,-50.1443666254033));
#7889=CARTESIAN_POINT('Ctrl Pts',(-11.436925093146,34.6116577008483,-50.3319896540422));
#7890=CARTESIAN_POINT('Ctrl Pts',(-10.9522667899126,30.7979345492295,-50.5633187583777));
#7891=CARTESIAN_POINT('Ctrl Pts',(-10.6746622178276,27.7378808574837,-50.6718167187147));
#7892=CARTESIAN_POINT('Ctrl Pts',(-10.5419544856363,26.2031596815736,-50.7075304937554));
#7893=CARTESIAN_POINT('Ctrl Pts',(-12.8996297071407,42.1871785708892,-50.0378902320537));
#7894=CARTESIAN_POINT('Ctrl Pts',(-12.6208409159632,40.6777966045898,-50.0168774998414));
#7895=CARTESIAN_POINT('Ctrl Pts',(-12.1928924679907,38.412301628103,-50.0334246828641));
#7896=CARTESIAN_POINT('Ctrl Pts',(-11.5553026380231,34.6240932946034,-50.1475813462117));
#7897=CARTESIAN_POINT('Ctrl Pts',(-11.0321407631174,30.8132452915779,-50.2825805844816));
#7898=CARTESIAN_POINT('Ctrl Pts',(-10.7020644102194,27.7566255344988,-50.3235335066314));
#7899=CARTESIAN_POINT('Ctrl Pts',(-10.5433826153514,26.2236676561239,-50.3282955382837));
#7900=CARTESIAN_POINT('Ctrl Pts',(-13.0429900479884,42.1840575808135,-49.9637789866386));
#7901=CARTESIAN_POINT('Ctrl Pts',(-12.7495087963581,40.6773003762479,-49.9308114622847));
#7902=CARTESIAN_POINT('Ctrl Pts',(-12.3090804857699,38.4143800913917,-49.9243824945341));
#7903=CARTESIAN_POINT('Ctrl Pts',(-11.6522320313436,34.6296613344728,-49.9764793834449));
#7904=CARTESIAN_POINT('Ctrl Pts',(-11.0954218859349,30.8231081127233,-50.0363613276469));
#7905=CARTESIAN_POINT('Ctrl Pts',(-10.7242505405665,27.770836879314,-50.0240994833404));
#7906=CARTESIAN_POINT('Ctrl Pts',(-10.5447785486575,26.2400712583161,-50.0041441332386));
#7907=CARTESIAN_POINT('Ctrl Pts',(-13.2636816673413,42.1716228573225,-49.8301779559138));
#7908=CARTESIAN_POINT('Ctrl Pts',(-12.9501463317705,40.6689476524856,-49.7774534446766));
#7909=CARTESIAN_POINT('Ctrl Pts',(-12.4923020982453,38.4103568600151,-49.7311919418877));
#7910=CARTESIAN_POINT('Ctrl Pts',(-11.8034600343617,34.6328230644118,-49.683893317657));
#7911=CARTESIAN_POINT('Ctrl Pts',(-11.1927441135199,30.8353153337912,-49.6283622878048));
#7912=CARTESIAN_POINT('Ctrl Pts',(-10.7586807470517,27.7917184371505,-49.5338835962734));
#7913=CARTESIAN_POINT('Ctrl Pts',(-10.5473281915603,26.2653058117829,-49.4755425853754));
#7914=CARTESIAN_POINT('Ctrl Pts',(-13.6162266515457,42.1235872995233,-49.5427165225486));
#7915=CARTESIAN_POINT('Ctrl Pts',(-13.2793941037031,40.6277513529454,-49.4520340284444));
#7916=CARTESIAN_POINT('Ctrl Pts',(-12.7983031722791,38.3779733334567,-49.3264533168722));
#7917=CARTESIAN_POINT('Ctrl Pts',(-12.0509142293956,34.6189359760997,-49.1074377027948));
#7918=CARTESIAN_POINT('Ctrl Pts',(-11.348050226266,30.8445144558621,-48.8661779213445));
#7919=CARTESIAN_POINT('Ctrl Pts',(-10.814937871044,27.8216702957621,-48.6388402413669));
#7920=CARTESIAN_POINT('Ctrl Pts',(-10.5520375216919,26.305649508841,-48.5178347275673));
#7921=CARTESIAN_POINT('Ctrl Pts',(-13.9795959135923,41.9571614347456,-48.9697796850694));
#7922=CARTESIAN_POINT('Ctrl Pts',(-13.6365817506523,40.4742234893374,-48.8059169677209));
#7923=CARTESIAN_POINT('Ctrl Pts',(-13.1355053879961,38.2483654871438,-48.5482079394698));
#7924=CARTESIAN_POINT('Ctrl Pts',(-12.3179933747986,34.5382077393111,-48.0961086803074));
#7925=CARTESIAN_POINT('Ctrl Pts',(-11.512587233263,30.8189771868969,-47.6240207069216));
#7926=CARTESIAN_POINT('Ctrl Pts',(-10.876527795488,27.842686942527,-47.2279507208585));
#7927=CARTESIAN_POINT('Ctrl Pts',(-10.5596698172716,26.3500535950402,-47.026087856901));
#7928=CARTESIAN_POINT('Ctrl Pts',(-14.0451198516581,41.7431008370427,-48.4865245714072));
#7929=CARTESIAN_POINT('Ctrl Pts',(-13.7114327103479,40.2798084513255,-48.2505756808833));
#7930=CARTESIAN_POINT('Ctrl Pts',(-13.2127228540868,38.0856576056262,-47.8900431930982));
#7931=CARTESIAN_POINT('Ctrl Pts',(-12.3837783517845,34.4302079355509,-47.2790439757588));
#7932=CARTESIAN_POINT('Ctrl Pts',(-11.5551782001173,30.7667138544187,-46.6587073970969));
#7933=CARTESIAN_POINT('Ctrl Pts',(-10.8935520020507,27.8350118621579,-46.1548461504767));
#7934=CARTESIAN_POINT('Ctrl Pts',(-10.5624286939681,26.3646694211096,-45.9009516904535));
#7935=CARTESIAN_POINT('Ctrl Pts',(-14.0274480484371,41.599215292948,-48.2224170947714));
#7936=CARTESIAN_POINT('Ctrl Pts',(-13.6978242094913,40.1507937322036,-47.9448893289639));
#7937=CARTESIAN_POINT('Ctrl Pts',(-13.2035258428061,37.9784126745353,-47.5268461058293));
#7938=CARTESIAN_POINT('Ctrl Pts',(-12.379516085372,34.3581698940552,-46.8285357549594));
#7939=CARTESIAN_POINT('Ctrl Pts',(-11.5539625273164,30.7290123632225,-46.1277833778691));
#7940=CARTESIAN_POINT('Ctrl Pts',(-10.8935779783842,27.8239833145179,-45.5653140702529));
#7941=CARTESIAN_POINT('Ctrl Pts',(-10.5628335676199,26.3668574983761,-45.2831012513944));
#7942=CARTESIAN_POINT('Ctrl Pts',(-14.0289358412778,41.5727796153847,-48.1001937403766));
#7943=CARTESIAN_POINT('Ctrl Pts',(-13.6990622593205,40.1269331761855,-47.8200849007156));
#7944=CARTESIAN_POINT('Ctrl Pts',(-13.2044569626985,37.9583933595778,-47.3982282802123));
#7945=CARTESIAN_POINT('Ctrl Pts',(-12.3800709924563,34.3445426919596,-46.6934996776757));
#7946=CARTESIAN_POINT('Ctrl Pts',(-11.5542510276546,30.7217987237975,-45.9861878446943));
#7947=CARTESIAN_POINT('Ctrl Pts',(-10.8937380823915,27.8219264891848,-45.4182876501313));
#7948=CARTESIAN_POINT('Ctrl Pts',(-10.5629418318439,26.367394520853,-45.1333028506249));
#7949=CARTESIAN_POINT('Ctrl Pts',(-14.0285947586267,41.5116772344162,-47.8767219430763));
#7950=CARTESIAN_POINT('Ctrl Pts',(-13.6989249688572,40.0718880929375,-47.5887647760493));
#7951=CARTESIAN_POINT('Ctrl Pts',(-13.2045013508141,37.9123462059097,-47.1557544177621));
#7952=CARTESIAN_POINT('Ctrl Pts',(-12.3802717924355,34.3133390303073,-46.4334320515119));
#7953=CARTESIAN_POINT('Ctrl Pts',(-11.5545021406173,30.705351082177,-45.7092633880284));
#7954=CARTESIAN_POINT('Ctrl Pts',(-10.8939820671205,27.8172011511145,-45.1284321622395));
#7955=CARTESIAN_POINT('Ctrl Pts',(-10.5631708291066,26.3685338052041,-44.8370529828134));
#7956=CARTESIAN_POINT('Ctrl Pts',(-14.0295225057853,41.4327879958374,-47.5666878471858));
#7957=CARTESIAN_POINT('Ctrl Pts',(-13.6998035564072,40.0007498731422,-47.2731120133103));
#7958=CARTESIAN_POINT('Ctrl Pts',(-13.2052853233925,37.8527696095594,-46.8320429508821));
#7959=CARTESIAN_POINT('Ctrl Pts',(-12.3809098694577,34.272914555145,-46.096869607477));
#7960=CARTESIAN_POINT('Ctrl Pts',(-11.5549832390897,30.6840291879495,-45.3602667817787));
#7961=CARTESIAN_POINT('Ctrl Pts',(-10.8943508656158,27.8110986439084,-44.7698681774364));
#7962=CARTESIAN_POINT('Ctrl Pts',(-10.5634701842834,26.3700531525711,-44.4737488661545));
#7963=CARTESIAN_POINT('Ctrl Pts',(-14.0298457335085,41.3309509204827,-47.1805220680086));
#7964=CARTESIAN_POINT('Ctrl Pts',(-13.7002310149473,39.908919676597,-46.8826970127666));
#7965=CARTESIAN_POINT('Ctrl Pts',(-13.2057947543373,37.7758802880933,-46.4356876372527));
#7966=CARTESIAN_POINT('Ctrl Pts',(-12.3814650945647,34.2207743659804,-45.691455481711));
#7967=CARTESIAN_POINT('Ctrl Pts',(-11.5554979706283,30.6565585938993,-44.9465145860285));
#7968=CARTESIAN_POINT('Ctrl Pts',(-10.8947966255896,27.8032448448238,-44.3501473080506));
#7969=CARTESIAN_POINT('Ctrl Pts',(-10.5638671125291,26.3720107001778,-44.0511749785687));
#7970=CARTESIAN_POINT('Ctrl Pts',(-14.0306755674025,41.1903368136412,-46.6414636070431));
#7971=CARTESIAN_POINT('Ctrl Pts',(-13.7010930236861,39.7820686390653,-46.3426031740679));
#7972=CARTESIAN_POINT('Ctrl Pts',(-13.2066632352463,37.6696136354055,-45.8943840688517));
#7973=CARTESIAN_POINT('Ctrl Pts',(-12.3823011023896,34.1486696599438,-45.1488473343273));
#7974=CARTESIAN_POINT('Ctrl Pts',(-11.5562352185567,30.618559223508,-44.4032587484144));
#7975=CARTESIAN_POINT('Ctrl Pts',(-10.8954284589408,27.7924016826743,-43.8070965105277));
#7976=CARTESIAN_POINT('Ctrl Pts',(-10.5644275382244,26.3747549591577,-43.5083805040371));
#7977=CARTESIAN_POINT('Ctrl Pts',(-14.0315036667098,41.0083080302722,-45.9476209219988));
#7978=CARTESIAN_POINT('Ctrl Pts',(-13.7020245687489,39.6178791908032,-45.653335346023));
#7979=CARTESIAN_POINT('Ctrl Pts',(-13.2076840849341,37.5321169746751,-45.2124096220046));
#7980=CARTESIAN_POINT('Ctrl Pts',(-12.3833763710881,34.0554630207873,-44.4801029974386));
#7981=CARTESIAN_POINT('Ctrl Pts',(-11.5572264693282,30.5695388766259,-43.7488868087687));
#7982=CARTESIAN_POINT('Ctrl Pts',(-10.8962752615102,27.7784827269066,-43.1656877040458));
#7983=CARTESIAN_POINT('Ctrl Pts',(-10.5651714408058,26.3783645030508,-42.8738590803455));
#7984=CARTESIAN_POINT('Ctrl Pts',(-14.033499881345,40.580076579117,-44.3163603314772));
#7985=CARTESIAN_POINT('Ctrl Pts',(-13.7040216026304,39.2312616511882,-44.0486978151535));
#7986=CARTESIAN_POINT('Ctrl Pts',(-13.2096837712277,37.2079018837166,-43.6477903245734));
#7987=CARTESIAN_POINT('Ctrl Pts',(-12.3853986064367,33.8351796438278,-42.9823841710096));
#7988=CARTESIAN_POINT('Ctrl Pts',(-11.5592210381773,30.4533631637664,-42.3184765831403));
#7989=CARTESIAN_POINT('Ctrl Pts',(-10.8982050914975,27.7455076128033,-41.7897100782682));
#7990=CARTESIAN_POINT('Ctrl Pts',(-10.5670344896951,26.3870725709336,-41.5253593058998));
#7991=CARTESIAN_POINT('Ctrl Pts',(-14.0344753020489,40.2992474326489,-43.2468200018711));
#7992=CARTESIAN_POINT('Ctrl Pts',(-13.7057424294418,38.9787735551656,-43.008031240929));
#7993=CARTESIAN_POINT('Ctrl Pts',(-13.2121406235317,36.9976193869955,-42.6530299974588));
#7994=CARTESIAN_POINT('Ctrl Pts',(-12.3885117406354,33.694187836217,-42.0711365926807));
#7995=CARTESIAN_POINT('Ctrl Pts',(-11.5619940856798,30.380620170702,-41.4985231373512));
#7996=CARTESIAN_POINT('Ctrl Pts',(-10.9000888848817,27.7256626017937,-41.0540629586935));
#7997=CARTESIAN_POINT('Ctrl Pts',(-10.5682344680416,26.3931835201391,-40.8353366123702));
#7998=CARTESIAN_POINT('Ctrl Pts',(-14.0346036404086,40.2707689508291,-43.1385193916166));
#7999=CARTESIAN_POINT('Ctrl Pts',(-13.7049168576417,38.951749683607,-42.9098991926474));
#8000=CARTESIAN_POINT('Ctrl Pts',(-13.2104398202618,36.9731488452929,-42.5672972634762));
#8001=CARTESIAN_POINT('Ctrl Pts',(-12.3864829633843,33.6752788481742,-41.9971845444679));
#8002=CARTESIAN_POINT('Ctrl Pts',(-11.5606221456556,30.3687984816876,-41.4265498633308));
#8003=CARTESIAN_POINT('Ctrl Pts',(-10.8997755263087,27.7216769377216,-40.9708307040828));
#8004=CARTESIAN_POINT('Ctrl Pts',(-10.568386398711,26.3938444373133,-40.742542238221));
#8005=CARTESIAN_POINT('',(10.3770127450287,26.1285271399507,-52.091200523048));
#8006=CARTESIAN_POINT('Ctrl Pts',(-10.5173730351707,26.1284635015784,-52.0271941253021));
#8007=CARTESIAN_POINT('Ctrl Pts',(-10.4877691629398,26.128463501568,-52.2123366851624));
#8008=CARTESIAN_POINT('Ctrl Pts',(-10.4286139060188,26.1284635015426,-52.3918835102114));
#8009=CARTESIAN_POINT('Ctrl Pts',(-10.2529947682409,26.1284635015238,-52.7275730928488));
#8010=CARTESIAN_POINT('Ctrl Pts',(-10.1364606386322,26.1284635015206,-52.8819919088897));
#8011=CARTESIAN_POINT('Ctrl Pts',(-9.82135043413303,26.1284635015037,-53.1839028253484));
#8012=CARTESIAN_POINT('Ctrl Pts',(-9.61957935801462,26.1284635015066,-53.3066306631339));
#8013=CARTESIAN_POINT('Ctrl Pts',(-9.08873844635242,26.1284635014947,-53.5194727845993));
#8014=CARTESIAN_POINT('Ctrl Pts',(-8.80807479028107,26.128463501495,-53.5195164977127));
#8015=CARTESIAN_POINT('Ctrl Pts',(-8.34449502878334,26.128463501495,-53.51967645253));
#8016=CARTESIAN_POINT('Ctrl Pts',(-8.07447610286042,26.1284635014947,-53.5198837439486));
#8017=CARTESIAN_POINT('Ctrl Pts',(-6.94759758954907,26.1284635014947,-53.5200913930742));
#8018=CARTESIAN_POINT('Ctrl Pts',(-6.34379775010862,26.1284635014947,-53.5202575424762));
#8019=CARTESIAN_POINT('Ctrl Pts',(-4.9308142720574,26.1284635014947,-53.5207426586063));
#8020=CARTESIAN_POINT('Ctrl Pts',(-4.71036020513434,26.1284635014947,-53.5206349777527));
#8021=CARTESIAN_POINT('Ctrl Pts',(-2.24163272745675,26.1284635014948,-53.5209402129308));
#8022=CARTESIAN_POINT('Ctrl Pts',(-1.11921044567802,26.1284635014948,-53.5211683743411));
#8023=CARTESIAN_POINT('Ctrl Pts',(0.98637074231761,26.1284635014948,-53.5216121665893));
#8024=CARTESIAN_POINT('Ctrl Pts',(2.03339275107465,26.1284635014949,-53.5218427649624));
#8025=CARTESIAN_POINT('Ctrl Pts',(4.25015960320571,26.1284635014949,-53.5221329095201));
#8026=CARTESIAN_POINT('Ctrl Pts',(4.76941311270028,26.1284635014949,-53.5220917387204));
#8027=CARTESIAN_POINT('Ctrl Pts',(6.14873019550069,26.128463501495,-53.5222090243931));
#8028=CARTESIAN_POINT('Ctrl Pts',(6.76213366287249,26.128463501495,-53.5223147783992));
#8029=CARTESIAN_POINT('Ctrl Pts',(7.52097030150749,26.128463501495,-53.5224115101926));
#8030=CARTESIAN_POINT('Ctrl Pts',(7.70799894026316,26.128463501495,-53.5224322254108));
#8031=CARTESIAN_POINT('Ctrl Pts',(8.66300615823406,26.128463501495,-53.5225087265059));
#8032=CARTESIAN_POINT('Ctrl Pts',(8.90265204418641,26.128463501495,-53.5224342542826));
#8033=CARTESIAN_POINT('Ctrl Pts',(9.42913154945158,26.1284635015052,-53.3411522564964));
#8034=CARTESIAN_POINT('Ctrl Pts',(9.64414462434864,26.1284635015103,-53.2181714665645));
#8035=CARTESIAN_POINT('Ctrl Pts',(9.96638644169654,26.1284635015264,-52.930987758968));
#8036=CARTESIAN_POINT('Ctrl Pts',(10.0877141813458,26.1284635015154,-52.7804918180351));
#8037=CARTESIAN_POINT('Ctrl Pts',(10.2748315877204,26.1284635015338,-52.4523141603378));
#8038=CARTESIAN_POINT('Ctrl Pts',(10.3402946873603,26.1284635015651,-52.275406182057));
#8039=CARTESIAN_POINT('Ctrl Pts',(10.3762213955468,26.1284635015754,-52.0911098003608));
#8040=CARTESIAN_POINT('',(10.4098830303972,26.1704161624855,-51.7984284531312));
#8041=CARTESIAN_POINT('Ctrl Pts',(10.3770127450287,26.1285271399507,-52.091200523048));
#8042=CARTESIAN_POINT('Ctrl Pts',(10.3770204145032,26.1291415570379,-52.0870128636447));
#8043=CARTESIAN_POINT('Ctrl Pts',(10.3830036813405,26.1338790424618,-52.0557817202879));
#8044=CARTESIAN_POINT('Ctrl Pts',(10.392695023035,26.1426142368414,-51.9970507835109));
#8045=CARTESIAN_POINT('Ctrl Pts',(10.3992665757598,26.1504861743775,-51.9420260661666));
#8046=CARTESIAN_POINT('Ctrl Pts',(10.4046188686683,26.1582403542687,-51.8865830669582));
#8047=CARTESIAN_POINT('Ctrl Pts',(10.4074717329971,26.1636239126337,-51.8481971024087));
#8048=CARTESIAN_POINT('Ctrl Pts',(10.4091062382801,26.1689510114316,-51.8091710386645));
#8049=CARTESIAN_POINT('Ctrl Pts',(10.4102746382635,26.1704027645316,-51.7984378099853));
#8050=CARTESIAN_POINT('',(10.410466638053,26.1773317617578,-51.7469947195629));
#8051=CARTESIAN_POINT('Ctrl Pts',(10.4094689674985,26.1704407741855,-51.7983557222164));
#8052=CARTESIAN_POINT('Ctrl Pts',(10.4095751635482,26.1708775198457,-51.7951866457261));
#8053=CARTESIAN_POINT('Ctrl Pts',(10.409673231894,26.1713135105809,-51.7920239948553));
#8054=CARTESIAN_POINT('Ctrl Pts',(10.4097630932155,26.1717496925715,-51.7888758456246));
#8055=CARTESIAN_POINT('Ctrl Pts',(10.4099607313468,26.1727090173631,-51.781951906375));
#8056=CARTESIAN_POINT('Ctrl Pts',(10.4101188087885,26.1736678560142,-51.7750913883248));
#8057=CARTESIAN_POINT('Ctrl Pts',(10.4102369353543,26.1746184430923,-51.7679140838572));
#8058=CARTESIAN_POINT('Ctrl Pts',(10.4102959986372,26.1750937366313,-51.7643254316234));
#8059=CARTESIAN_POINT('Ctrl Pts',(10.4103450742012,26.1755669672772,-51.7606575827853));
#8060=CARTESIAN_POINT('Ctrl Pts',(10.4103845065334,26.1760479565227,-51.7574026515864));
#8061=CARTESIAN_POINT('Ctrl Pts',(10.4104204190272,26.1764860113451,-51.7544382645004));
#8062=CARTESIAN_POINT('Ctrl Pts',(10.4104483332272,26.1769301873644,-51.7518154150423));
#8063=CARTESIAN_POINT('Ctrl Pts',(10.410466638053,26.1773317617578,-51.7469947195629));
#8064=CARTESIAN_POINT('Ctrl Pts',(10.4422471991217,26.403595420439,-46.5361165539448));
#8065=CARTESIAN_POINT('Ctrl Pts',(10.4422442847964,26.4035830475912,-46.5391693721839));
#8066=CARTESIAN_POINT('Ctrl Pts',(10.4422410558603,26.4035704051653,-46.5425259788824));
#8067=CARTESIAN_POINT('Ctrl Pts',(10.4422375486613,26.4035572226786,-46.5460201551902));
#8068=CARTESIAN_POINT('Ctrl Pts',(10.4422338600662,26.4035433583793,-46.5496950541041));
#8069=CARTESIAN_POINT('Ctrl Pts',(10.4422298661214,26.40352890869,-46.553522476649));
#8070=CARTESIAN_POINT('Ctrl Pts',(10.4422256520596,26.4035138949704,-46.55736840506));
#8071=CARTESIAN_POINT('Ctrl Pts',(10.442221199928,26.4034980330637,-46.5614316058463));
#8072=CARTESIAN_POINT('Ctrl Pts',(10.4422165042426,26.4034815522587,-46.5655158494786));
#8073=CARTESIAN_POINT('Ctrl Pts',(10.4422116753244,26.4034646610682,-46.5695218140665));
#8074=CARTESIAN_POINT('Ctrl Pts',(10.4422063678403,26.4034460958905,-46.5739247864009));
#8075=CARTESIAN_POINT('Ctrl Pts',(10.4422009015184,26.4034270449098,-46.5782333314952));
#8076=CARTESIAN_POINT('Ctrl Pts',(10.4421953988574,26.4034078294671,-46.5823807901553));
#8077=CARTESIAN_POINT('Ctrl Pts',(10.4421895230714,26.4033873110619,-46.5868094800644));
#8078=CARTESIAN_POINT('Ctrl Pts',(10.4421836073793,26.4033666134858,-46.5910550803874));
#8079=CARTESIAN_POINT('Ctrl Pts',(10.442177744506,26.4033460230221,-46.5951010425373));
#8080=CARTESIAN_POINT('Ctrl Pts',(10.4421714510781,26.4033239204471,-46.5994441298817));
#8081=CARTESIAN_POINT('Ctrl Pts',(10.4421652194595,26.4033019471014,-46.6035578069229));
#8082=CARTESIAN_POINT('Ctrl Pts',(10.4421590808524,26.4032802228468,-46.6074837844078));
#8083=CARTESIAN_POINT('Ctrl Pts',(10.442152265475,26.4032561035323,-46.611842593816));
#8084=CARTESIAN_POINT('Ctrl Pts',(10.4421455658961,26.4032322973531,-46.6159703938953));
#8085=CARTESIAN_POINT('Ctrl Pts',(10.4421389074295,26.4032085881197,-46.6199901780193));
#8086=CARTESIAN_POINT('Ctrl Pts',(10.4421319471658,26.4031838042582,-46.6241921600782));
#8087=CARTESIAN_POINT('Ctrl Pts',(10.4421250321409,26.4031591292744,-46.6282767473788));
#8088=CARTESIAN_POINT('Ctrl Pts',(10.4421179465958,26.4031338595383,-46.6324432508526));
#8089=CARTESIAN_POINT('Ctrl Pts',(10.4421108500479,26.4031085505617,-46.6366162243425));
#8090=CARTESIAN_POINT('Ctrl Pts',(10.4421035836221,26.4030826507621,-46.6408715495491));
#8091=CARTESIAN_POINT('Ctrl Pts',(10.4420957940714,26.4030549497586,-46.6454601595181));
#8092=CARTESIAN_POINT('Ctrl Pts',(10.4420920525119,26.4030416441191,-46.6476642092591));
#8093=CARTESIAN_POINT('Ctrl Pts',(10.4420881881536,26.4030279150206,-46.6499458821084));
#8094=CARTESIAN_POINT('Ctrl Pts',(10.4420841483755,26.4030135770239,-46.6523373100758));
#8095=CARTESIAN_POINT('Ctrl Pts',(10.4420590325246,26.4029244357455,-46.6672051434388));
#8096=CARTESIAN_POINT('Ctrl Pts',(10.4420313876521,26.4028255652118,-46.6827272783519));
#8097=CARTESIAN_POINT('Ctrl Pts',(10.442001344114,26.4027169720427,-46.6986607857729));
#8098=CARTESIAN_POINT('Ctrl Pts',(10.4419701719482,26.4026042994184,-46.7151928578208));
#8099=CARTESIAN_POINT('Ctrl Pts',(10.4419364209312,26.402481176147,-46.7321680409436));
#8100=CARTESIAN_POINT('Ctrl Pts',(10.4419003561641,26.4023482909102,-46.7493717384753));
#8101=CARTESIAN_POINT('Ctrl Pts',(10.4418628694243,26.4022101662336,-46.7672537486567));
#8102=CARTESIAN_POINT('Ctrl Pts',(10.4418228862794,26.4020615107695,-46.7853829094539));
#8103=CARTESIAN_POINT('Ctrl Pts',(10.4417807775276,26.4019035658878,-46.8035744228595));
#8104=CARTESIAN_POINT('Ctrl Pts',(10.4417359953093,26.4017355931541,-46.8229209075711));
#8105=CARTESIAN_POINT('Ctrl Pts',(10.4416888125175,26.4015571302862,-46.842338008383));
#8106=CARTESIAN_POINT('Ctrl Pts',(10.4416397011874,26.4013699316508,-46.861663232005));
#8107=CARTESIAN_POINT('Ctrl Pts',(10.4415885371487,26.4011749086653,-46.881796192895));
#8108=CARTESIAN_POINT('Ctrl Pts',(10.4415352835525,26.4009704215266,-46.9018297729621));
#8109=CARTESIAN_POINT('Ctrl Pts',(10.4414804448662,26.4007584604474,-46.9216394371465));
#8110=CARTESIAN_POINT('Ctrl Pts',(10.441423202901,26.4005372102763,-46.9423172502899));
#8111=CARTESIAN_POINT('Ctrl Pts',(10.4413642372195,26.4003078329095,-46.9627514386669));
#8112=CARTESIAN_POINT('Ctrl Pts',(10.4413040354506,26.400072334518,-46.9828581697932));
#8113=CARTESIAN_POINT('Ctrl Pts',(10.4412395175299,26.3998199521244,-47.0044064482989));
#8114=CARTESIAN_POINT('Ctrl Pts',(10.4411735838937,26.3995605581041,-47.0255787844882));
#8115=CARTESIAN_POINT('Ctrl Pts',(10.4411066781665,26.3992960496349,-47.0463332760516));
#8116=CARTESIAN_POINT('Ctrl Pts',(10.4410369544801,26.3990204005037,-47.0679619126857));
#8117=CARTESIAN_POINT('Ctrl Pts',(10.4409661779745,26.3987392113241,-47.0891372258527));
#8118=CARTESIAN_POINT('Ctrl Pts',(10.4408946325041,26.3984537690869,-47.1098707770428));
#8119=CARTESIAN_POINT('Ctrl Pts',(10.4408184353447,26.398149768183,-47.1319523665244));
#8120=CARTESIAN_POINT('Ctrl Pts',(10.4407413695964,26.3978409604261,-47.1535331633775));
#8121=CARTESIAN_POINT('Ctrl Pts',(10.4406634823979,26.3975276872172,-47.1746869768947));
#8122=CARTESIAN_POINT('Ctrl Pts',(10.4406263775668,26.3973784463952,-47.1847644824942));
#8123=CARTESIAN_POINT('Ctrl Pts',(10.4405890817895,26.3972281733696,-47.194745898736));
#8124=CARTESIAN_POINT('Ctrl Pts',(10.4405515754834,26.3970768016141,-47.2046432613109));
#8125=CARTESIAN_POINT('Ctrl Pts',(10.4404664239521,26.3967331384241,-47.2271134981397));
#8126=CARTESIAN_POINT('Ctrl Pts',(10.4403802219843,26.396383941958,-47.2491469293442));
#8127=CARTESIAN_POINT('Ctrl Pts',(10.4402926206053,26.3960274070173,-47.2709261889791));
#8128=CARTESIAN_POINT('Ctrl Pts',(10.4401991046962,26.3956468001191,-47.2941759059291));
#8129=CARTESIAN_POINT('Ctrl Pts',(10.4401039955725,26.3952578505714,-47.3171361629151));
#8130=CARTESIAN_POINT('Ctrl Pts',(10.4400062889186,26.394856016418,-47.3400897616138));
#8131=CARTESIAN_POINT('Ctrl Pts',(10.4399057941138,26.3944427155506,-47.3636983627472));
#8132=CARTESIAN_POINT('Ctrl Pts',(10.4398025515199,26.3940157998249,-47.3873002914108));
#8133=CARTESIAN_POINT('Ctrl Pts',(10.4396948685756,26.3935676733313,-47.4112602428508));
#8134=CARTESIAN_POINT('Ctrl Pts',(10.4395846612847,26.3931090416776,-47.4357818730393));
#8135=CARTESIAN_POINT('Ctrl Pts',(10.4394698059535,26.3926282237121,-47.4606786677062));
#8136=CARTESIAN_POINT('Ctrl Pts',(10.4393478474634,26.3921139927888,-47.4863962166465));
#8137=CARTESIAN_POINT('Ctrl Pts',(10.4392539736255,26.3917181791779,-47.5061915176455));
#8138=CARTESIAN_POINT('Ctrl Pts',(10.4391558793834,26.3913025144717,-47.5264741819569));
#8139=CARTESIAN_POINT('Ctrl Pts',(10.4390521711669,26.3908604612713,-47.5474683272371));
#8140=CARTESIAN_POINT('Ctrl Pts',(10.4388226957114,26.3898823289396,-47.5939221302075));
#8141=CARTESIAN_POINT('Ctrl Pts',(10.4385828494824,26.3888478942823,-47.6404851551618));
#8142=CARTESIAN_POINT('Ctrl Pts',(10.4383336061262,26.3877589986314,-47.6870940727332));
#8143=CARTESIAN_POINT('Ctrl Pts',(10.4380747239222,26.3866279927333,-47.735505470682));
#8144=CARTESIAN_POINT('Ctrl Pts',(10.4378057047388,26.3854382561025,-47.7839667941469));
#8145=CARTESIAN_POINT('Ctrl Pts',(10.4375271646677,26.3841902771719,-47.8324654425397));
#8146=CARTESIAN_POINT('Ctrl Pts',(10.4372312884282,26.3828646247745,-47.8839826179796));
#8147=CARTESIAN_POINT('Ctrl Pts',(10.4369246727226,26.3814732920832,-47.9355421675372));
#8148=CARTESIAN_POINT('Ctrl Pts',(10.4366074924206,26.3800146244814,-47.9871885211985));
#8149=CARTESIAN_POINT('Ctrl Pts',(10.4364574139643,26.3793244347675,-48.0116257418624));
#8150=CARTESIAN_POINT('Ctrl Pts',(10.4363049620543,26.3786191348607,-48.0360832020567));
#8151=CARTESIAN_POINT('Ctrl Pts',(10.4361501118609,26.3778983535015,-48.0605695708129));
#8152=CARTESIAN_POINT('Ctrl Pts',(10.4357624326262,26.3760938225577,-48.121873057031));
#8153=CARTESIAN_POINT('Ctrl Pts',(10.4353603222531,26.3741950187347,-48.1832856768658));
#8154=CARTESIAN_POINT('Ctrl Pts',(10.4349446226582,26.3722023261797,-48.2447970293895));
#8155=CARTESIAN_POINT('Ctrl Pts',(10.4347776341372,26.371401852023,-48.2695064347164));
#8156=CARTESIAN_POINT('Ctrl Pts',(10.4346084458351,26.3705862001959,-48.2942323882832));
#8157=CARTESIAN_POINT('Ctrl Pts',(10.4344370844921,26.3697552815026,-48.3189765116528));
#8158=CARTESIAN_POINT('Ctrl Pts',(10.4341381111929,26.3683055817121,-48.3621474629778));
#8159=CARTESIAN_POINT('Ctrl Pts',(10.4338325629951,26.3668095956539,-48.4053699780902));
#8160=CARTESIAN_POINT('Ctrl Pts',(10.4335206535145,26.3652672901103,-48.4486440567742));
#8161=CARTESIAN_POINT('Ctrl Pts',(10.4333646987741,26.3644961373385,-48.4702810961162));
#8162=CARTESIAN_POINT('Ctrl Pts',(10.4332071533333,26.3637134046975,-48.4919310263508));
#8163=CARTESIAN_POINT('Ctrl Pts',(10.4330480415235,26.3629190883388,-48.5135938474461));
#8164=CARTESIAN_POINT('Ctrl Pts',(10.4329088186898,26.3622240615249,-48.5325488159044));
#8165=CARTESIAN_POINT('Ctrl Pts',(10.4327683965846,26.3615201659275,-48.551513653928));
#8166=CARTESIAN_POINT('Ctrl Pts',(10.4326267904069,26.3608073990629,-48.5704883614914));
#8167=CARTESIAN_POINT('Ctrl Pts',(10.4326082095161,26.3607138731766,-48.5729781325943));
#8168=CARTESIAN_POINT('Ctrl Pts',(10.4325978767196,26.3606618530118,-48.5743620862131));
#8169=CARTESIAN_POINT('Ctrl Pts',(10.4325730086846,26.3605365519172,-48.5776877715777));
#8170=CARTESIAN_POINT('Ctrl Pts',(10.4325708023035,26.3605254347554,-48.57798283829));
#8171=CARTESIAN_POINT('Ctrl Pts',(10.4325684812927,26.3605137393163,-48.5782931975662));
#8172=CARTESIAN_POINT('Ctrl Pts',(10.4325660295886,26.3605013844072,-48.5786209832763));
#8173=CARTESIAN_POINT('Ctrl Pts',(10.4318112920415,26.3566980240865,-48.6795272023569));
#8174=CARTESIAN_POINT('Ctrl Pts',(10.431013094292,26.3525934961826,-48.7818664118549));
#8175=CARTESIAN_POINT('Ctrl Pts',(10.4301822414523,26.3481937847209,-48.8856141426686));
#8176=CARTESIAN_POINT('Ctrl Pts',(10.4288934902638,26.3413693109946,-49.0465391645168));
#8177=CARTESIAN_POINT('Ctrl Pts',(10.4275256435104,26.333836343866,-49.2108604915373));
#8178=CARTESIAN_POINT('Ctrl Pts',(10.4261184916906,26.3255712934611,-49.3786154547502));
#8179=CARTESIAN_POINT('Ctrl Pts',(10.425277311473,26.3206305352572,-49.4788975667908));
#8180=CARTESIAN_POINT('Ctrl Pts',(10.4244227348426,26.3154306350978,-49.5803965409088));
#8181=CARTESIAN_POINT('Ctrl Pts',(10.4235664201653,26.3099706630203,-49.6831223152473));
#8182=CARTESIAN_POINT('Ctrl Pts',(10.4232447466002,26.3079196311628,-49.7217111271978));
#8183=CARTESIAN_POINT('Ctrl Pts',(10.4229228444462,26.3058318664367,-49.7604726010481));
#8184=CARTESIAN_POINT('Ctrl Pts',(10.4226014059316,26.3037072238187,-49.7994051931236));
#8185=CARTESIAN_POINT('Ctrl Pts',(10.4220128421949,26.2998169383007,-49.8706919581758));
#8186=CARTESIAN_POINT('Ctrl Pts',(10.4214258139388,26.2958031829085,-49.9425562951487));
#8187=CARTESIAN_POINT('Ctrl Pts',(10.4208451442784,26.2916655120312,-50.0149982060148));
#8188=CARTESIAN_POINT('Ctrl Pts',(10.4205548094482,26.2895966765926,-50.0512191614478));
#8189=CARTESIAN_POINT('Ctrl Pts',(10.4202660750275,26.2874968613988,-50.0875845103638));
#8190=CARTESIAN_POINT('Ctrl Pts',(10.419979617457,26.2853660112208,-50.124094253046));
#8191=CARTESIAN_POINT('Ctrl Pts',(10.4198363886718,26.2843005861318,-50.1423491243871));
#8192=CARTESIAN_POINT('Ctrl Pts',(10.419693729926,26.2832274022539,-50.16064009417));
#8193=CARTESIAN_POINT('Ctrl Pts',(10.4195517311163,26.2821464529069,-50.1789671624302));
#8194=CARTESIAN_POINT('Ctrl Pts',(10.4194807317115,26.2816059782334,-50.1881306965603));
#8195=CARTESIAN_POINT('Ctrl Pts',(10.4194098973483,26.2810635621903,-50.1973032553096));
#8196=CARTESIAN_POINT('Ctrl Pts',(10.419339239625,26.2805192039622,-50.2064848386826));
#8197=CARTESIAN_POINT('Ctrl Pts',(10.4192718193588,26.279999787613,-50.2152457322798));
#8198=CARTESIAN_POINT('Ctrl Pts',(10.4192155147316,26.2795639422427,-50.2225820699176));
#8199=CARTESIAN_POINT('Ctrl Pts',(10.4191389768139,26.2789673820522,-50.2325952383719));
#8200=CARTESIAN_POINT('Ctrl Pts',(10.4191353015359,26.2789387357994,-50.233076061195));
#8201=CARTESIAN_POINT('Ctrl Pts',(10.4191315798063,26.2789097181852,-50.2335630517623));
#8202=CARTESIAN_POINT('Ctrl Pts',(10.4191278082203,26.2788803019096,-50.2340566626749));
#8203=CARTESIAN_POINT('Ctrl Pts',(10.4184934136586,26.273932376747,-50.3170838240342));
#8204=CARTESIAN_POINT('Ctrl Pts',(10.4179018140416,26.2690411987609,-50.3970926709369));
#8205=CARTESIAN_POINT('Ctrl Pts',(10.4173502335828,26.2642386983859,-50.4741514916081));
#8206=CARTESIAN_POINT('Ctrl Pts',(10.4167609197084,26.2591076607328,-50.5564818777625));
#8207=CARTESIAN_POINT('Ctrl Pts',(10.4162172757496,26.2540777679225,-50.6354455563598));
#8208=CARTESIAN_POINT('Ctrl Pts',(10.4157156443885,26.2491740770946,-50.7111878254643));
#8209=CARTESIAN_POINT('Ctrl Pts',(10.4151480727601,26.2436257880436,-50.7968865403947));
#8210=CARTESIAN_POINT('Ctrl Pts',(10.4146342672848,26.2382390678866,-50.8784618905993));
#8211=CARTESIAN_POINT('Ctrl Pts',(10.4141688362102,26.2330334435138,-50.9561905165871));
#8212=CARTESIAN_POINT('Ctrl Pts',(10.4140117287553,26.2312762716327,-50.9824280139855));
#8213=CARTESIAN_POINT('Ctrl Pts',(10.4138601337247,26.2295396074186,-51.0082276617572));
#8214=CARTESIAN_POINT('Ctrl Pts',(10.4137138473896,26.2278238476964,-51.0336012887374));
#8215=CARTESIAN_POINT('Ctrl Pts',(10.4132598820931,26.2224993902162,-51.1123423829734));
#8216=CARTESIAN_POINT('Ctrl Pts',(10.4128569633352,26.2173768698585,-51.1869764508305));
#8217=CARTESIAN_POINT('Ctrl Pts',(10.4124980891088,26.2124535559571,-51.2578124187935));
#8218=CARTESIAN_POINT('Ctrl Pts',(10.4119993140157,26.20561097388,-51.3562625551239));
#8219=CARTESIAN_POINT('Ctrl Pts',(10.4115854622821,26.199153507084,-51.4473782278708));
#8220=CARTESIAN_POINT('Ctrl Pts',(10.411240906397,26.1930526333974,-51.5320919826757));
#8221=CARTESIAN_POINT('Ctrl Pts',(10.4109314741983,26.1875736767449,-51.608170101039));
#8222=CARTESIAN_POINT('Ctrl Pts',(10.4106779781085,26.182381623519,-51.6790902679305));
#8223=CARTESIAN_POINT('Ctrl Pts',(10.4104716804376,26.1774471012878,-51.7455266885177));
#8224=CARTESIAN_POINT('Ctrl Pts',(10.4104700917191,26.1774091000501,-51.7460383218819));
#8225=CARTESIAN_POINT('Ctrl Pts',(10.4104684106294,26.1773706434358,-51.746526813505));
#8226=CARTESIAN_POINT('Ctrl Pts',(10.4104666388176,26.1773317785294,-51.7469945177328));
#8227=CARTESIAN_POINT('',(11.9999212003299,42.0149270584292,-50.2408131977322));
#8228=CARTESIAN_POINT('Ctrl Pts',(14.0000004789672,41.5114732168633,-48.3046953792853));
#8229=CARTESIAN_POINT('Ctrl Pts',(14.0000004976111,41.5167550164312,-48.320274725299));
#8230=CARTESIAN_POINT('Ctrl Pts',(13.9998027965096,41.5234520656274,-48.3387055315479));
#8231=CARTESIAN_POINT('Ctrl Pts',(13.999146204602,41.5313619224853,-48.3597987964082));
#8232=CARTESIAN_POINT('Ctrl Pts',(13.9987187808144,41.5365110279474,-48.3735299482177));
#8233=CARTESIAN_POINT('Ctrl Pts',(13.9980956064538,41.5421740677236,-48.3883890891103));
#8234=CARTESIAN_POINT('Ctrl Pts',(13.9971939620902,41.5482939169697,-48.4043196777793));
#8235=CARTESIAN_POINT('Ctrl Pts',(13.9960506042918,41.5560543795681,-48.4245209495044));
#8236=CARTESIAN_POINT('Ctrl Pts',(13.9944596082534,41.5645508271021,-48.4464484315394));
#8237=CARTESIAN_POINT('Ctrl Pts',(13.9922371091154,41.5736713836371,-48.4699933996487));
#8238=CARTESIAN_POINT('Ctrl Pts',(13.9911258595463,41.5782316619047,-48.4817658837034));
#8239=CARTESIAN_POINT('Ctrl Pts',(13.9898565038262,41.5829479589325,-48.4939427096115));
#8240=CARTESIAN_POINT('Ctrl Pts',(13.988404845848,41.5878064041465,-48.5065100449427));
#8241=CARTESIAN_POINT('Ctrl Pts',(13.9876790168589,41.5902356267536,-48.5127937126083));
#8242=CARTESIAN_POINT('Ctrl Pts',(13.9869076012413,41.5927003850779,-48.5191750030522));
#8243=CARTESIAN_POINT('Ctrl Pts',(13.9860875128013,41.5951989418851,-48.5256521581988));
#8244=CARTESIAN_POINT('Ctrl Pts',(13.9854805191813,41.5970482644302,-48.5304462653436));
#8245=CARTESIAN_POINT('Ctrl Pts',(13.9847503390568,41.5991950193417,-48.5360185338846));
#8246=CARTESIAN_POINT('Ctrl Pts',(13.9841088103799,41.6010191775229,-48.5407568090634));
#8247=CARTESIAN_POINT('Ctrl Pts',(13.9838835914757,41.6016595774325,-48.5424202563604));
#8248=CARTESIAN_POINT('Ctrl Pts',(13.9836698157288,41.6022602167887,-48.5439809841348));
#8249=CARTESIAN_POINT('Ctrl Pts',(13.9834781058721,41.6027942666687,-48.5453694362319));
#8250=CARTESIAN_POINT('Ctrl Pts',(13.9803876621256,41.6114033759759,-48.5677518696328));
#8251=CARTESIAN_POINT('Ctrl Pts',(13.9768705703958,41.6198212446111,-48.5900529414608));
#8252=CARTESIAN_POINT('Ctrl Pts',(13.9730124462392,41.6279288543963,-48.6119059410962));
#8253=CARTESIAN_POINT('Ctrl Pts',(13.9695020959205,41.6353056389264,-48.6317890970344));
#8254=CARTESIAN_POINT('Ctrl Pts',(13.9657103095757,41.6424255361501,-48.6513013006461));
#8255=CARTESIAN_POINT('Ctrl Pts',(13.9617381551274,41.6492007332492,-48.6701745350478));
#8256=CARTESIAN_POINT('Ctrl Pts',(13.957569238067,41.6563115430483,-48.6899826643412));
#8257=CARTESIAN_POINT('Ctrl Pts',(13.9532013024917,41.6630499186545,-48.709091954849));
#8258=CARTESIAN_POINT('Ctrl Pts',(13.9487643740391,41.6693579772973,-48.7272767042358));
#8259=CARTESIAN_POINT('Ctrl Pts',(13.9464610782583,41.6726326131209,-48.7367167610198));
#8260=CARTESIAN_POINT('Ctrl Pts',(13.9439996725608,41.6759768176616,-48.7464627983429));
#8261=CARTESIAN_POINT('Ctrl Pts',(13.9416103747598,41.6790965939907,-48.7556259410213));
#8262=CARTESIAN_POINT('Ctrl Pts',(13.9393970750642,41.6819865644234,-48.764114117293));
#8263=CARTESIAN_POINT('Ctrl Pts',(13.9372470486504,41.6846839930108,-48.7721023659428));
#8264=CARTESIAN_POINT('Ctrl Pts',(13.9353823527914,41.6869574357748,-48.778894105104));
#8265=CARTESIAN_POINT('Ctrl Pts',(13.9253434910096,41.6991968460607,-48.8154584222115));
#8266=CARTESIAN_POINT('Ctrl Pts',(13.9137718358399,41.7115187149403,-48.8532011779224));
#8267=CARTESIAN_POINT('Ctrl Pts',(13.9004988805158,41.723761468674,-48.8918085192564));
#8268=CARTESIAN_POINT('Ctrl Pts',(13.8932642788018,41.7304345452408,-48.9128519667001));
#8269=CARTESIAN_POINT('Ctrl Pts',(13.8855250027941,41.7370839337309,-48.934151945868));
#8270=CARTESIAN_POINT('Ctrl Pts',(13.8772599664696,41.7436823010613,-48.9556556708987));
#8271=CARTESIAN_POINT('Ctrl Pts',(13.865545727694,41.7530343289777,-48.9861334280051));
#8272=CARTESIAN_POINT('Ctrl Pts',(13.8527735886143,41.7622853388336,-49.017023815298));
#8273=CARTESIAN_POINT('Ctrl Pts',(13.8388887712666,41.7713640971172,-49.0481946351435));
#8274=CARTESIAN_POINT('Ctrl Pts',(13.8319463625928,41.7759034762591,-49.0637800450663));
#8275=CARTESIAN_POINT('Ctrl Pts',(13.8247259278835,41.7803998472893,-49.0794357506893));
#8276=CARTESIAN_POINT('Ctrl Pts',(13.8172212903073,41.784844667285,-49.0951464463134));
#8277=CARTESIAN_POINT('Ctrl Pts',(13.8134689715192,41.7870670772828,-49.1030017941254));
#8278=CARTESIAN_POINT('Ctrl Pts',(13.8096456074008,41.7892766034452,-49.1108709029792));
#8279=CARTESIAN_POINT('Ctrl Pts',(13.8057504512801,41.7914722025817,-49.1187519425537));
#8280=CARTESIAN_POINT('Ctrl Pts',(13.8038028732198,41.7925700021499,-49.1226924623409));
#8281=CARTESIAN_POINT('Ctrl Pts',(13.8018373473652,41.7936643202167,-49.1266359656938));
#8282=CARTESIAN_POINT('Ctrl Pts',(13.7998537813974,41.7947550279645,-49.1305822291489));
#8283=CARTESIAN_POINT('Ctrl Pts',(13.7984343541207,41.795535531539,-49.1334061503496));
#8284=CARTESIAN_POINT('Ctrl Pts',(13.7965037520417,41.7965855522947,-49.1372211251545));
#8285=CARTESIAN_POINT('Ctrl Pts',(13.795138302964,41.7973223097942,-49.1399019747021));
#8286=CARTESIAN_POINT('Ctrl Pts',(13.794595617426,41.7976151274808,-49.1409674544062));
#8287=CARTESIAN_POINT('Ctrl Pts',(13.7941427788383,41.7978585445811,-49.1418540577035));
#8288=CARTESIAN_POINT('Ctrl Pts',(13.7938488713158,41.798016192481,-49.1424290799588));
#8289=CARTESIAN_POINT('Ctrl Pts',(13.7867418500579,41.801828299658,-49.1563337781382));
#8290=CARTESIAN_POINT('Ctrl Pts',(13.7785369529532,41.806310791881,-49.1719160241591));
#8291=CARTESIAN_POINT('Ctrl Pts',(13.7690410885022,41.8114110706424,-49.1891834630277));
#8292=CARTESIAN_POINT('Ctrl Pts',(13.7598514268842,41.8163468862509,-49.2058940975391));
#8293=CARTESIAN_POINT('Ctrl Pts',(13.7494525725384,41.8218614213735,-49.2241833217128));
#8294=CARTESIAN_POINT('Ctrl Pts',(13.7376325525366,41.827897685875,-49.2440275230399));
#8295=CARTESIAN_POINT('Ctrl Pts',(13.7332508268219,41.830135351749,-49.2513838428457));
#8296=CARTESIAN_POINT('Ctrl Pts',(13.7286734394677,41.8324446099093,-49.2589535153741));
#8297=CARTESIAN_POINT('Ctrl Pts',(13.7238883101716,41.8348221566021,-49.2667340694834));
#8298=CARTESIAN_POINT('Ctrl Pts',(13.7115411310795,41.8409569949731,-49.2868104120604));
#8299=CARTESIAN_POINT('Ctrl Pts',(13.6978081777272,41.8475427696164,-49.3083034504266));
#8300=CARTESIAN_POINT('Ctrl Pts',(13.6824570970679,41.8545038508335,-49.3311524983903));
#8301=CARTESIAN_POINT('Ctrl Pts',(13.6785175336032,41.8562902801961,-49.3370162728409));
#8302=CARTESIAN_POINT('Ctrl Pts',(13.6744712441762,41.858101359233,-49.3429691506326));
#8303=CARTESIAN_POINT('Ctrl Pts',(13.6703139812483,41.8599356622538,-49.3490096664866));
#8304=CARTESIAN_POINT('Ctrl Pts',(13.6601356606815,41.8644266277005,-49.3637987976569));
#8305=CARTESIAN_POINT('Ctrl Pts',(13.6492932008826,41.8690571894317,-49.3791123929617));
#8306=CARTESIAN_POINT('Ctrl Pts',(13.6377248752927,41.8738043612343,-49.3949189189887));
#8307=CARTESIAN_POINT('Ctrl Pts',(13.6319407124977,41.8761779471357,-49.4028221820022));
#8308=CARTESIAN_POINT('Ctrl Pts',(13.6259749900906,41.8785806652338,-49.4108486081952));
#8309=CARTESIAN_POINT('Ctrl Pts',(13.6198199584064,41.8810092900536,-49.4189931704595));
#8310=CARTESIAN_POINT('Ctrl Pts',(13.6167424425643,41.8822236024635,-49.4230654515917));
#8311=CARTESIAN_POINT('Ctrl Pts',(13.6136175942011,41.8834443902734,-49.4271672623633));
#8312=CARTESIAN_POINT('Ctrl Pts',(13.6104444354032,41.8846712340784,-49.4312979195763));
#8313=CARTESIAN_POINT('Ctrl Pts',(13.6079326451446,41.8856423718357,-49.4345676407626));
#8314=CARTESIAN_POINT('Ctrl Pts',(13.604845596986,41.8868248956232,-49.4385573589998));
#8315=CARTESIAN_POINT('Ctrl Pts',(13.6024764039092,41.8877254977497,-49.441599426271));
#8316=CARTESIAN_POINT('Ctrl Pts',(13.6018525820119,41.8879626313682,-49.442400419738));
#8317=CARTESIAN_POINT('Ctrl Pts',(13.6012787779614,41.8881802711209,-49.4431358907543));
#8318=CARTESIAN_POINT('Ctrl Pts',(13.600779040687,41.8883695043997,-49.443775715461));
#8319=CARTESIAN_POINT('Ctrl Pts',(13.5728705986423,41.8989374693406,-49.4795075122666));
#8320=CARTESIAN_POINT('Ctrl Pts',(13.5433486179728,41.9090119410954,-49.5147957416653));
#8321=CARTESIAN_POINT('Ctrl Pts',(13.5123116627496,41.9185387037987,-49.5493751267601));
#8322=CARTESIAN_POINT('Ctrl Pts',(13.5006854091029,41.9221073708547,-49.5623283529761));
#8323=CARTESIAN_POINT('Ctrl Pts',(13.4888470493841,41.9255992667416,-49.5751823120485));
#8324=CARTESIAN_POINT('Ctrl Pts',(13.4768034466606,41.9290118711346,-49.5879238573457));
#8325=CARTESIAN_POINT('Ctrl Pts',(13.4547060989615,41.9352732455391,-49.6113017753258));
#8326=CARTESIAN_POINT('Ctrl Pts',(13.4319176934497,41.9412672599243,-49.6343004066421));
#8327=CARTESIAN_POINT('Ctrl Pts',(13.4084898074793,41.9469790243185,-49.656842269153));
#8328=CARTESIAN_POINT('Ctrl Pts',(13.3962442267286,41.949964520842,-49.668624732069));
#8329=CARTESIAN_POINT('Ctrl Pts',(13.383595727152,41.9529245865696,-49.6804970969285));
#8330=CARTESIAN_POINT('Ctrl Pts',(13.3709069275528,41.9557751453319,-49.6921087075884));
#8331=CARTESIAN_POINT('Ctrl Pts',(13.3593198878785,41.9583781919963,-49.7027120899134));
#8332=CARTESIAN_POINT('Ctrl Pts',(13.3476998475138,41.9608900435473,-49.7130984285038));
#8333=CARTESIAN_POINT('Ctrl Pts',(13.3363487567341,41.9632548727653,-49.7230275185183));
#8334=CARTESIAN_POINT('Ctrl Pts',(13.2998444807044,41.9708599902128,-49.7549587443052));
#8335=CARTESIAN_POINT('Ctrl Pts',(13.2620655246574,41.9776871738031,-49.7857749235948));
#8336=CARTESIAN_POINT('Ctrl Pts',(13.2232224771725,41.9837065494396,-49.8152963428022));
#8337=CARTESIAN_POINT('Ctrl Pts',(13.2114552250783,41.9855300806801,-49.8242396673992));
#8338=CARTESIAN_POINT('Ctrl Pts',(13.199590549189,41.9872795768002,-49.8330644242066));
#8339=CARTESIAN_POINT('Ctrl Pts',(13.1876348821107,41.9889544778829,-49.8417663132493));
#8340=CARTESIAN_POINT('Ctrl Pts',(13.1619245511153,41.9925563062827,-49.8604794846773));
#8341=CARTESIAN_POINT('Ctrl Pts',(13.1357925689974,41.9958129660361,-49.8786245027246));
#8342=CARTESIAN_POINT('Ctrl Pts',(13.1093015626153,41.9987208011106,-49.896167076838));
#8343=CARTESIAN_POINT('Ctrl Pts',(13.0960560594242,42.0001747186479,-49.9049383638947));
#8344=CARTESIAN_POINT('Ctrl Pts',(13.0827208033099,42.0015414727615,-49.9135591915596));
#8345=CARTESIAN_POINT('Ctrl Pts',(13.069303553117,42.002820858324,-49.9220261729045));
#8346=CARTESIAN_POINT('Ctrl Pts',(13.0625949280205,42.0034605511052,-49.9262596635769));
#8347=CARTESIAN_POINT('Ctrl Pts',(13.0558658027814,42.0040784043506,-49.9304547020664));
#8348=CARTESIAN_POINT('Ctrl Pts',(13.04911713571,42.0046744077371,-49.9346109201786));
#8349=CARTESIAN_POINT('Ctrl Pts',(13.0457428021743,42.0049724094303,-49.9366890292347));
#8350=CARTESIAN_POINT('Ctrl Pts',(13.0423635830238,42.0052649488173,-49.9387574337752));
#8351=CARTESIAN_POINT('Ctrl Pts',(13.0389795970937,42.0055520255449,-49.9408160911797));
#8352=CARTESIAN_POINT('Ctrl Pts',(13.0362578029041,42.0057829259639,-49.9424719023674));
#8353=CARTESIAN_POINT('Ctrl Pts',(13.0324252768169,42.006101129335,-49.9447896729449));
#8354=CARTESIAN_POINT('Ctrl Pts',(13.0301544430294,42.0062872865971,-49.9461563600933));
#8355=CARTESIAN_POINT('Ctrl Pts',(13.0296019665108,42.0063325772373,-49.9464888646393));
#8356=CARTESIAN_POINT('Ctrl Pts',(13.0291420777195,42.0063701251893,-49.9467653107818));
#8357=CARTESIAN_POINT('Ctrl Pts',(13.0288134570612,42.0063968680159,-49.9469627816355));
#8358=CARTESIAN_POINT('Ctrl Pts',(13.0178661367396,42.0072877501976,-49.9535411163649));
#8359=CARTESIAN_POINT('Ctrl Pts',(13.0047010343699,42.0084621194668,-49.96127909623));
#8360=CARTESIAN_POINT('Ctrl Pts',(12.9892732136786,42.0098483512713,-49.9700182405102));
#8361=CARTESIAN_POINT('Ctrl Pts',(12.9736744058016,42.0112499467412,-49.9788542410941));
#8362=CARTESIAN_POINT('Ctrl Pts',(12.9557619260795,42.0128681556478,-49.9887138243247));
#8363=CARTESIAN_POINT('Ctrl Pts',(12.9354732086555,42.0146146316582,-49.9993845325982));
#8364=CARTESIAN_POINT('Ctrl Pts',(12.9265767348761,42.0153804503005,-50.0040635704288));
#8365=CARTESIAN_POINT('Ctrl Pts',(12.9172232064308,42.0161707451513,-50.0088979340531));
#8366=CARTESIAN_POINT('Ctrl Pts',(12.9074068172443,42.0169771935715,-50.0138667292592));
#8367=CARTESIAN_POINT('Ctrl Pts',(12.8839700580077,42.018902599859,-50.0257297936437));
#8368=CARTESIAN_POINT('Ctrl Pts',(12.857899383092,42.0209192248884,-50.0383602540934));
#8369=CARTESIAN_POINT('Ctrl Pts',(12.8291663507582,42.0229007776935,-50.0514115837847));
#8370=CARTESIAN_POINT('Ctrl Pts',(12.8245868738521,42.0232165980081,-50.0534917075329));
#8371=CARTESIAN_POINT('Ctrl Pts',(12.8199397873566,42.0235314983354,-50.0555824205851));
#8372=CARTESIAN_POINT('Ctrl Pts',(12.8152250042729,42.0238449349186,-50.0576822060624));
#8373=CARTESIAN_POINT('Ctrl Pts',(12.7980766204881,42.0249849514845,-50.065319445484));
#8374=CARTESIAN_POINT('Ctrl Pts',(12.7800335591215,42.0261057583895,-50.0730764754649));
#8375=CARTESIAN_POINT('Ctrl Pts',(12.7611020979076,42.0271812804253,-50.0808733108101));
#8376=CARTESIAN_POINT('Ctrl Pts',(12.7516363673006,42.0277190414432,-50.0847717284827));
#8377=CARTESIAN_POINT('Ctrl Pts',(12.7419485239776,42.0282454681353,-50.0886800516796));
#8378=CARTESIAN_POINT('Ctrl Pts',(12.7320406090765,42.0287573125227,-50.0925875264256));
#8379=CARTESIAN_POINT('Ctrl Pts',(12.7270866516259,42.0290132347163,-50.0945412637986));
#8380=CARTESIAN_POINT('Ctrl Pts',(12.7220776764551,42.0292655109959,-50.09649478786));
#8381=CARTESIAN_POINT('Ctrl Pts',(12.7170139900006,42.0295137378321,-50.0984467279843));
#8382=CARTESIAN_POINT('Ctrl Pts',(12.7144821467733,42.0296378512502,-50.0994226980465));
#8383=CARTESIAN_POINT('Ctrl Pts',(12.7119366257609,42.0297609522959,-50.1003982720823));
#8384=CARTESIAN_POINT('Ctrl Pts',(12.7093774704452,42.0298829908181,-50.101373276547));
#8385=CARTESIAN_POINT('Ctrl Pts',(12.7080978927874,42.0299440100791,-50.1018607787793));
#8386=CARTESIAN_POINT('Ctrl Pts',(12.7068149065568,42.0300047637091,-50.1023481386179));
#8387=CARTESIAN_POINT('Ctrl Pts',(12.7055285175494,42.0300652454635,-50.102835334226));
#8388=CARTESIAN_POINT('Ctrl Pts',(12.7042421285421,42.0301257272179,-50.103322529834));
#8389=CARTESIAN_POINT('Ctrl Pts',(12.7018579741896,42.0302366544318,-50.1042215546507));
#8390=CARTESIAN_POINT('Ctrl Pts',(12.7016591481138,42.0302458688639,-50.1042964064785));
#8391=CARTESIAN_POINT('Ctrl Pts',(12.6960702489012,42.0305048818337,-50.1064004530426));
#8392=CARTESIAN_POINT('Ctrl Pts',(12.6880834832752,42.030842675048,-50.1093917279004));
#8393=CARTESIAN_POINT('Ctrl Pts',(12.6777448866174,42.0312223907792,-50.1131568087845));
#8394=CARTESIAN_POINT('Ctrl Pts',(12.6669906894315,42.0316173706767,-50.1170732418932));
#8395=CARTESIAN_POINT('Ctrl Pts',(12.6536914002164,42.0320577036503,-50.1218269566629));
#8396=CARTESIAN_POINT('Ctrl Pts',(12.6378841881009,42.032486395885,-50.1272376706467));
#8397=CARTESIAN_POINT('Ctrl Pts',(12.6217218405264,42.0329247194077,-50.13276994537));
#8398=CARTESIAN_POINT('Ctrl Pts',(12.6029369956068,42.0333508070178,-50.1389889177238));
#8399=CARTESIAN_POINT('Ctrl Pts',(12.5815621418891,42.0336884643,-50.1456492231794));
#8400=CARTESIAN_POINT('Ctrl Pts',(12.5596229291795,42.0340350367273,-50.1524853802839));
#8401=CARTESIAN_POINT('Ctrl Pts',(12.5349543042806,42.0342883635285,-50.1597863071244));
#8402=CARTESIAN_POINT('Ctrl Pts',(12.5075950227464,42.0343512722634,-50.1672342805251));
#8403=CARTESIAN_POINT('Ctrl Pts',(12.4986175791603,42.0343719146044,-50.1696781956167));
#8404=CARTESIAN_POINT('Ctrl Pts',(12.489350515489,42.0343719445351,-50.1721375448838));
#8405=CARTESIAN_POINT('Ctrl Pts',(12.4797955285311,42.0343476219958,-50.1745999773105));
#8406=CARTESIAN_POINT('Ctrl Pts',(12.4494310704722,42.0342703282506,-50.1824252549872));
#8407=CARTESIAN_POINT('Ctrl Pts',(12.4161552658685,42.0339839547618,-50.1902698343307));
#8408=CARTESIAN_POINT('Ctrl Pts',(12.3803194588784,42.0333498758762,-50.1976673798705));
#8409=CARTESIAN_POINT('Ctrl Pts',(12.3476419647281,42.0327716801882,-50.2044129584248));
#8410=CARTESIAN_POINT('Ctrl Pts',(12.3128359864359,42.0319040312315,-50.2107856565448));
#8411=CARTESIAN_POINT('Ctrl Pts',(12.2762036230116,42.0306488170234,-50.2164518326632));
#8412=CARTESIAN_POINT('Ctrl Pts',(12.2411714165044,42.0294484324661,-50.2218705016578));
#8413=CARTESIAN_POINT('Ctrl Pts',(12.2044691247279,42.0278933814558,-50.2266422518799));
#8414=CARTESIAN_POINT('Ctrl Pts',(12.166392585702,42.0259084093156,-50.2305078144348));
#8415=CARTESIAN_POINT('Ctrl Pts',(12.1299154142785,42.0240068139794,-50.2342110078334));
#8416=CARTESIAN_POINT('Ctrl Pts',(12.092177409039,42.0217105380553,-50.2370821043103));
#8417=CARTESIAN_POINT('Ctrl Pts',(12.0534638245118,42.0189656848944,-50.2389321528018));
#8418=CARTESIAN_POINT('Ctrl Pts',(12.0358222111451,42.0177148671567,-50.2397752119138));
#8419=CARTESIAN_POINT('Ctrl Pts',(12.0179783291546,42.0163710815546,-50.2404068291787));
#8420=CARTESIAN_POINT('Ctrl Pts',(11.9999606352106,42.014930212199,-50.240812308991));
#8421=CARTESIAN_POINT('',(-11.9999828724074,42.0137750694374,-50.2411375929976));
#8422=CARTESIAN_POINT('Ctrl Pts',(11.9999212003299,42.0149270584292,-50.2408131977322));
#8423=CARTESIAN_POINT('Ctrl Pts',(11.9855855051802,42.0127442273958,-50.2414280396428));
#8424=CARTESIAN_POINT('Ctrl Pts',(11.971781301522,42.0117460891369,-50.2417086877121));
#8425=CARTESIAN_POINT('Ctrl Pts',(11.9523873959632,42.0108703376503,-50.2419549828543));
#8426=CARTESIAN_POINT('Ctrl Pts',(11.9329934904044,42.0099945861637,-50.2422012779965));
#8427=CARTESIAN_POINT('Ctrl Pts',(11.9100775205231,42.0091974725524,-50.2424253410068));
#8428=CARTESIAN_POINT('Ctrl Pts',(11.8869730363245,42.0084081723191,-50.2426471152667));
#8429=CARTESIAN_POINT('Ctrl Pts',(11.8407640679272,42.0068295718525,-50.2430906637866));
#8430=CARTESIAN_POINT('Ctrl Pts',(11.7970939486764,42.0052111201265,-50.2435450032282));
#8431=CARTESIAN_POINT('Ctrl Pts',(11.7541169291151,42.0035962946843,-50.2439979008801));
#8432=CARTESIAN_POINT('Ctrl Pts',(11.6681628899923,42.0003666437998,-50.2449036961838));
#8433=CARTESIAN_POINT('Ctrl Pts',(11.5810031163469,41.9972384239528,-50.2457793868605));
#8434=CARTESIAN_POINT('Ctrl Pts',(11.4952281094684,41.9941790004741,-50.2466343670057));
#8435=CARTESIAN_POINT('Ctrl Pts',(11.3236780957114,41.9880601535167,-50.248344327296));
#8436=CARTESIAN_POINT('Ctrl Pts',(11.1581339464804,41.9822097695071,-50.2499731797794));
#8437=CARTESIAN_POINT('Ctrl Pts',(10.9964998052267,41.9768132625748,-50.2514712927254));
#8438=CARTESIAN_POINT('Ctrl Pts',(10.6732315227191,41.9660202487104,-50.2544675186174));
#8439=CARTESIAN_POINT('Ctrl Pts',(10.3664245500359,41.9570322125294,-50.2569445634159));
#8440=CARTESIAN_POINT('Ctrl Pts',(10.0784153633589,41.9498877978786,-50.2589074531619));
#8441=CARTESIAN_POINT('Ctrl Pts',(9.79040617668185,41.9427433832279,-50.2608703429078));
#8442=CARTESIAN_POINT('Ctrl Pts',(9.52021295888365,41.9375124258061,-50.2623002950677));
#8443=CARTESIAN_POINT('Ctrl Pts',(9.26831751816173,41.9333800973979,-50.263428389069));
#8444=CARTESIAN_POINT('Ctrl Pts',(9.14236979780077,41.9313139331937,-50.2639924360696));
#8445=CARTESIAN_POINT('Ctrl Pts',(9.02099621756844,41.9295197399763,-50.2644815872557));
#8446=CARTESIAN_POINT('Ctrl Pts',(8.90423774367601,41.9278917227402,-50.2649250758537));
#8447=CARTESIAN_POINT('Ctrl Pts',(8.8458585067298,41.9270777141222,-50.2651468201527));
#8448=CARTESIAN_POINT('Ctrl Pts',(8.78863280995449,41.926305261424,-50.265357140104));
#8449=CARTESIAN_POINT('Ctrl Pts',(8.7325645053616,41.9255612679908,-50.2655596277202));
#8450=CARTESIAN_POINT('Ctrl Pts',(8.70453035306515,41.9251892712742,-50.2656608715283));
#8451=CARTESIAN_POINT('Ctrl Pts',(8.67678554881432,41.9248243893063,-50.2657601570281));
#8452=CARTESIAN_POINT('Ctrl Pts',(8.64933049268152,41.9244649994965,-50.2658579279342));
#8453=CARTESIAN_POINT('Ctrl Pts',(8.63560296461513,41.9242853045916,-50.2659068133873));
#8454=CARTESIAN_POINT('Ctrl Pts',(8.62194787357825,41.9241069827224,-50.2659553201799));
#8455=CARTESIAN_POINT('Ctrl Pts',(8.60836526787832,41.9239298316818,-50.2660035035329));
#8456=CARTESIAN_POINT('Ctrl Pts',(8.59648048789089,41.9237748245212,-50.2660456639667));
#8457=CARTESIAN_POINT('Ctrl Pts',(8.58465120448956,41.9236207137761,-50.2660875767663));
#8458=CARTESIAN_POINT('Ctrl Pts',(8.57287744860768,41.9234673643083,-50.2661292788067));
#8459=CARTESIAN_POINT('Ctrl Pts',(8.5711954834817,41.9234454572414,-50.266135236241));
#8460=CARTESIAN_POINT('Ctrl Pts',(8.56807530887246,41.9234048197266,-50.2661462870493));
#8461=CARTESIAN_POINT('Ctrl Pts',(8.56783495292617,41.9234016893326,-50.2661471383107));
#8462=CARTESIAN_POINT('Ctrl Pts',(8.50630383067835,41.9226003084651,-50.2663650612175));
#8463=CARTESIAN_POINT('Ctrl Pts',(8.26043766992122,41.9184378524164,-50.2674956705982));
#8464=CARTESIAN_POINT('Ctrl Pts',(7.83015979768974,41.9185508804377,-50.2674649925111));
#8465=CARTESIAN_POINT('Ctrl Pts',(7.615020861574,41.9186073944484,-50.2674496534676));
#8466=CARTESIAN_POINT('Ctrl Pts',(7.35380088719926,41.9186508496168,-50.2674378583621));
#8467=CARTESIAN_POINT('Ctrl Pts',(7.04643978679783,41.9186762025225,-50.267430976735));
#8468=CARTESIAN_POINT('Ctrl Pts',(6.89275923659711,41.9186888789754,-50.2674275359214));
#8469=CARTESIAN_POINT('Ctrl Pts',(6.72754481352443,41.9186975032599,-50.2674251949789));
#8470=CARTESIAN_POINT('Ctrl Pts',(6.55079965566834,41.9187019277285,-50.267423994018));
#8471=CARTESIAN_POINT('Ctrl Pts',(6.46242707674029,41.9187041399628,-50.2674233935376));
#8472=CARTESIAN_POINT('Ctrl Pts',(6.37117181411639,41.9187053022432,-50.267423078052));
#8473=CARTESIAN_POINT('Ctrl Pts',(6.27703512878834,41.918705375543,-50.2674230581557));
#8474=CARTESIAN_POINT('Ctrl Pts',(6.22996678612432,41.918705412193,-50.2674230482076));
#8475=CARTESIAN_POINT('Ctrl Pts',(6.18217808778425,41.9187051765977,-50.2674231121568));
#8476=CARTESIAN_POINT('Ctrl Pts',(6.13366920505889,41.9187046625138,-50.2674232516979));
#8477=CARTESIAN_POINT('Ctrl Pts',(6.10941476369621,41.9187044054719,-50.2674233214685));
#8478=CARTESIAN_POINT('Ctrl Pts',(6.08498027623721,41.9187040788078,-50.267423410137));
#8479=CARTESIAN_POINT('Ctrl Pts',(6.06036576773828,41.9187036816554,-50.2674235179386));
#8480=CARTESIAN_POINT('Ctrl Pts',(6.03882807280171,41.9187033341472,-50.267423612265));
#8481=CARTESIAN_POINT('Ctrl Pts',(6.01715254925645,41.9187029326714,-50.2674237212401));
#8482=CARTESIAN_POINT('Ctrl Pts',(5.99533921496477,41.9187024766101,-50.2674238450317));
#8483=CARTESIAN_POINT('Ctrl Pts',(5.99222302435167,41.9187024114585,-50.2674238627162));
#8484=CARTESIAN_POINT('Ctrl Pts',(5.98743880111866,41.9187023092499,-50.2674238904593));
#8485=CARTESIAN_POINT('Ctrl Pts',(5.98598220581615,41.9187022778104,-50.2674238989931));
#8486=CARTESIAN_POINT('Ctrl Pts',(5.2402054109337,41.9186861807744,-50.2674282683119));
#8487=CARTESIAN_POINT('Ctrl Pts',(4.4278465931369,41.9186647366228,-50.267434088962));
#8488=CARTESIAN_POINT('Ctrl Pts',(3.54868336900085,41.9186549849488,-50.2674367358707));
#8489=CARTESIAN_POINT('Ctrl Pts',(3.10910175693283,41.9186501091119,-50.2674380593251));
#8490=CARTESIAN_POINT('Ctrl Pts',(2.65281755920803,41.9186487938465,-50.2674384163273));
#8491=CARTESIAN_POINT('Ctrl Pts',(2.17983833370281,41.9186504510728,-50.2674379665052));
#8492=CARTESIAN_POINT('Ctrl Pts',(1.94334872095021,41.9186512796859,-50.2674377415941));
#8493=CARTESIAN_POINT('Ctrl Pts',(1.7026853512525,41.918652851422,-50.2674373149766));
#8494=CARTESIAN_POINT('Ctrl Pts',(1.45784959431632,41.9186550451128,-50.2674367195404));
#8495=CARTESIAN_POINT('Ctrl Pts',(1.33543171584824,41.9186561419583,-50.2674364218223));
#8496=CARTESIAN_POINT('Ctrl Pts',(1.21197074057054,41.9186573942924,-50.2674360818995));
#8497=CARTESIAN_POINT('Ctrl Pts',(1.0874668554899,41.9186587851741,-50.2674357043702));
#8498=CARTESIAN_POINT('Ctrl Pts',(1.02521491294958,41.918659480615,-50.2674355156056));
#8499=CARTESIAN_POINT('Ctrl Pts',(0.962702242958523,41.9186602106927,-50.2674353174393));
#8500=CARTESIAN_POINT('Ctrl Pts',(0.899928870496606,41.9186609731089,-50.2674351104952));
#8501=CARTESIAN_POINT('Ctrl Pts',(0.852848841150169,41.9186615449211,-50.2674349552872));
#8502=CARTESIAN_POINT('Ctrl Pts',(0.805622166663872,41.9186621349235,-50.2674347951417));
#8503=CARTESIAN_POINT('Ctrl Pts',(0.758248857941681,41.9186627421054,-50.2674346303331));
#8504=CARTESIAN_POINT('Ctrl Pts',(0.742457755034283,41.9186629444993,-50.2674345753969));
#8505=CARTESIAN_POINT('Ctrl Pts',(0.724563309127586,41.9186631759939,-50.2674345125618));
#8506=CARTESIAN_POINT('Ctrl Pts',(0.710826671578295,41.9186633549724,-50.2674344639813));
#8507=CARTESIAN_POINT('Ctrl Pts',(-0.168318131576345,41.9186748095998,-50.2674313548277));
#8508=CARTESIAN_POINT('Ctrl Pts',(-1.04741683461041,41.918688431282,-50.2674276574386));
#8509=CARTESIAN_POINT('Ctrl Pts',(-1.92647365080289,41.9186992375136,-50.2674247242393));
#8510=CARTESIAN_POINT('Ctrl Pts',(-2.36600205889913,41.9187046406295,-50.2674232576397));
#8511=CARTESIAN_POINT('Ctrl Pts',(-2.80552078420511,41.9187092286514,-50.2674220122812));
#8512=CARTESIAN_POINT('Ctrl Pts',(-3.24503285354025,41.9187129020608,-50.2674210151806));
#8513=CARTESIAN_POINT('Ctrl Pts',(-3.46478888820781,41.9187147387655,-50.2674205166304));
#8514=CARTESIAN_POINT('Ctrl Pts',(-3.6845434926938,41.9187164886681,-50.267420041641));
#8515=CARTESIAN_POINT('Ctrl Pts',(-3.90429783926129,41.9187186495841,-50.2674194550864));
#8516=CARTESIAN_POINT('Ctrl Pts',(-4.01417501254504,41.9187197300421,-50.267419161809));
#8517=CARTESIAN_POINT('Ctrl Pts',(-4.12405212134915,41.9187209132535,-50.2674188406403));
#8518=CARTESIAN_POINT('Ctrl Pts',(-4.23392949205643,41.9187220802324,-50.2674185238775));
#8519=CARTESIAN_POINT('Ctrl Pts',(-4.28886817741007,41.9187226637219,-50.2674183654961));
#8520=CARTESIAN_POINT('Ctrl Pts',(-4.34380692823949,41.9187232431532,-50.2674182082162));
#8521=CARTESIAN_POINT('Ctrl Pts',(-4.39874579955825,41.9187237901022,-50.2674180597532));
#8522=CARTESIAN_POINT('Ctrl Pts',(-4.42621523521763,41.9187240635767,-50.2674179855217));
#8523=CARTESIAN_POINT('Ctrl Pts',(-4.45368470099933,41.9187243289306,-50.2674179134944));
#8524=CARTESIAN_POINT('Ctrl Pts',(-4.4811541982829,41.9187245844278,-50.2674178441426));
#8525=CARTESIAN_POINT('Ctrl Pts',(-4.49488894692468,41.9187247121764,-50.2674178094667));
#8526=CARTESIAN_POINT('Ctrl Pts',(-4.50862370344192,41.9187248374608,-50.2674177754596));
#8527=CARTESIAN_POINT('Ctrl Pts',(-4.52235845654876,41.9187249623905,-50.2674177415489));
#8528=CARTESIAN_POINT('Ctrl Pts',(-4.52922583310218,41.9187250248554,-50.2674177245935));
#8529=CARTESIAN_POINT('Ctrl Pts',(-4.536093208803,41.9187250872316,-50.2674177076622));
#8530=CARTESIAN_POINT('Ctrl Pts',(-4.54296058279273,41.9187251496697,-50.2674176907141));
#8531=CARTESIAN_POINT('Ctrl Pts',(-4.54982795678246,41.9187252121079,-50.267417673766));
#8532=CARTESIAN_POINT('Ctrl Pts',(-4.55843518617617,41.9187252905069,-50.2674176524854));
#8533=CARTESIAN_POINT('Ctrl Pts',(-4.56356269856742,41.9187253373623,-50.2674176397671));
#8534=CARTESIAN_POINT('Ctrl Pts',(-4.89172349160783,41.9187283361063,-50.267416825792));
#8535=CARTESIAN_POINT('Ctrl Pts',(-5.27553816941477,41.9187377792596,-50.2674142625536));
#8536=CARTESIAN_POINT('Ctrl Pts',(-5.71503590285169,41.9187491505371,-50.2674111759204));
#8537=CARTESIAN_POINT('Ctrl Pts',(-5.93478476957015,41.9187548361759,-50.2674096326038));
#8538=CARTESIAN_POINT('Ctrl Pts',(-6.1684724555203,41.9187578912087,-50.267408803338));
#8539=CARTESIAN_POINT('Ctrl Pts',(-6.41609795749703,41.9187586217796,-50.2674086050302));
#8540=CARTESIAN_POINT('Ctrl Pts',(-6.53991070848539,41.918758987065,-50.2674085058764));
#8541=CARTESIAN_POINT('Ctrl Pts',(-6.667207198392,41.9187589154146,-50.2674085253253));
#8542=CARTESIAN_POINT('Ctrl Pts',(-6.79798225525978,41.9187591774063,-50.2674084542097));
#8543=CARTESIAN_POINT('Ctrl Pts',(-6.86336978369366,41.9187593084021,-50.2674084186519));
#8544=CARTESIAN_POINT('Ctrl Pts',(-6.92962652820736,41.9187595867557,-50.267408343095));
#8545=CARTESIAN_POINT('Ctrl Pts',(-6.9967509656504,41.9187602432691,-50.2674081648894));
#8546=CARTESIAN_POINT('Ctrl Pts',(-7.03031318437192,41.9187605715258,-50.2674080757867));
#8547=CARTESIAN_POINT('Ctrl Pts',(-7.06409232632577,41.9187609943224,-50.2674079610217));
#8548=CARTESIAN_POINT('Ctrl Pts',(-7.09808852187609,41.9187614935781,-50.2674078255025));
#8549=CARTESIAN_POINT('Ctrl Pts',(-7.11508661965125,41.918761743206,-50.2674077577429));
#8550=CARTESIAN_POINT('Ctrl Pts',(-7.13213898082552,41.9187620119486,-50.2674076847947));
#8551=CARTESIAN_POINT('Ctrl Pts',(-7.14924560401476,41.9187623001438,-50.2674076065663));
#8552=CARTESIAN_POINT('Ctrl Pts',(-7.16207557140669,41.9187625162901,-50.2674075478949));
#8553=CARTESIAN_POINT('Ctrl Pts',(-7.17493606118203,41.9187627433785,-50.2674074862535));
#8554=CARTESIAN_POINT('Ctrl Pts',(-7.18782707573415,41.918762981116,-50.2674074217214));
#8555=CARTESIAN_POINT('Ctrl Pts',(-7.19212408058485,41.9187630603619,-50.2674074002107));
#8556=CARTESIAN_POINT('Ctrl Pts',(-7.19464104678869,41.9187631069765,-50.2674073875575));
#8557=CARTESIAN_POINT('Ctrl Pts',(-7.20072826530932,41.9187632223913,-50.2674073562289));
#8558=CARTESIAN_POINT('Ctrl Pts',(-7.59031025062963,41.9187706089413,-50.267405351204));
#8559=CARTESIAN_POINT('Ctrl Pts',(-7.9038423664838,41.9178463775389,-50.2676562291606));
#8560=CARTESIAN_POINT('Ctrl Pts',(-8.14104985023485,41.9187845849944,-50.2674015574823));
#8561=CARTESIAN_POINT('Ctrl Pts',(-8.25965359211038,41.9192536887222,-50.2672742216432));
#8562=CARTESIAN_POINT('Ctrl Pts',(-8.35923257260389,41.9201432152227,-50.2670327034598));
#8563=CARTESIAN_POINT('Ctrl Pts',(-8.43981064996238,41.9209798673841,-50.2668054038287));
#8564=CARTESIAN_POINT('Ctrl Pts',(-8.48009968864163,41.9213981934648,-50.2666917540132));
#8565=CARTESIAN_POINT('Ctrl Pts',(-8.5156388210895,41.9218062429279,-50.266580866644));
#8566=CARTESIAN_POINT('Ctrl Pts',(-8.54642764632398,41.9221619602578,-50.2664841816587));
#8567=CARTESIAN_POINT('Ctrl Pts',(-8.56182205894121,41.9223398189228,-50.266435839166));
#8568=CARTESIAN_POINT('Ctrl Pts',(-8.57602889475511,41.9225045946559,-50.2663910475877));
#8569=CARTESIAN_POINT('Ctrl Pts',(-8.58904815396213,41.9226523746119,-50.2663508728927));
#8570=CARTESIAN_POINT('Ctrl Pts',(-8.59555778356564,41.9227262645899,-50.2663307855452));
#8571=CARTESIAN_POINT('Ctrl Pts',(-8.60177051901743,41.9227959056258,-50.2663118524249));
#8572=CARTESIAN_POINT('Ctrl Pts',(-8.60768636110861,41.9228608427144,-50.2662941975289));
#8573=CARTESIAN_POINT('Ctrl Pts',(-8.6106442821542,41.9228933112587,-50.2662853700809));
#8574=CARTESIAN_POINT('Ctrl Pts',(-8.61352797985963,41.9229246038162,-50.266276862189));
#8575=CARTESIAN_POINT('Ctrl Pts',(-8.61633745442682,41.9229546679417,-50.266268688148));
#8576=CARTESIAN_POINT('Ctrl Pts',(-8.61844456035221,41.9229772160359,-50.2662625576172));
#8577=CARTESIAN_POINT('Ctrl Pts',(-8.62050991576234,41.9229990731371,-50.2662566148774));
#8578=CARTESIAN_POINT('Ctrl Pts',(-8.62253004156621,41.9230201585454,-50.2662508818853));
#8579=CARTESIAN_POINT('Ctrl Pts',(-8.62320341683417,41.9230271870149,-50.266248970888));
#8580=CARTESIAN_POINT('Ctrl Pts',(-8.62387331290297,41.9230341559717,-50.2662470761057));
#8581=CARTESIAN_POINT('Ctrl Pts',(-8.62666601236172,41.923063077319,-50.2662392124388));
#8582=CARTESIAN_POINT('Ctrl Pts',(-8.8053987777218,41.9249140435447,-50.2657359377551));
#8583=CARTESIAN_POINT('Ctrl Pts',(-8.99311250412335,41.9272514282057,-50.2650999749638));
#8584=CARTESIAN_POINT('Ctrl Pts',(-9.18755877025315,41.9303162361318,-50.2642643018645));
#8585=CARTESIAN_POINT('Ctrl Pts',(-9.28478190331805,41.9318486400948,-50.2638464653148));
#8586=CARTESIAN_POINT('Ctrl Pts',(-9.38369126206914,41.9335577882349,-50.2633800716307));
#8587=CARTESIAN_POINT('Ctrl Pts',(-9.48427656123802,41.9354626244408,-50.2628596450946));
#8588=CARTESIAN_POINT('Ctrl Pts',(-9.53456921082247,41.9364150425438,-50.2625994318266));
#8589=CARTESIAN_POINT('Ctrl Pts',(-9.58528084551136,41.9374163821981,-50.2623257087979));
#8590=CARTESIAN_POINT('Ctrl Pts',(-9.63640993173743,41.9384687624806,-50.2620378488419));
#8591=CARTESIAN_POINT('Ctrl Pts',(-9.66197447485047,41.9389949526218,-50.261893918864));
#8592=CARTESIAN_POINT('Ctrl Pts',(-9.6876433808478,41.939533902887,-50.2617464545468));
#8593=CARTESIAN_POINT('Ctrl Pts',(-9.71341644752059,41.9400858697977,-50.2615953790593));
#8594=CARTESIAN_POINT('Ctrl Pts',(-9.72630298085699,41.9403618532531,-50.2615198413155));
#8595=CARTESIAN_POINT('Ctrl Pts',(-9.73921555436225,41.9406410908676,-50.2614434007721));
#8596=CARTESIAN_POINT('Ctrl Pts',(-9.75215414176256,41.9409236138066,-50.2613660480245));
#8597=CARTESIAN_POINT('Ctrl Pts',(-9.76347540573784,41.9411708213782,-50.2612983643703));
#8598=CARTESIAN_POINT('Ctrl Pts',(-9.7748165866015,41.9414205442763,-50.2612299823094));
#8599=CARTESIAN_POINT('Ctrl Pts',(-9.78617766637593,41.9416728030528,-50.2611608956107));
#8600=CARTESIAN_POINT('Ctrl Pts',(-9.78780067777228,41.9417088400208,-50.2611510260823));
#8601=CARTESIAN_POINT('Ctrl Pts',(-9.78814423598453,41.9417164436295,-50.2611489437849));
#8602=CARTESIAN_POINT('Ctrl Pts',(-9.79104791880236,41.9417810692657,-50.2611312438687));
#8603=CARTESIAN_POINT('Ctrl Pts',(-10.1627193194847,41.9500531506957,-50.2588656545918));
#8604=CARTESIAN_POINT('Ctrl Pts',(-10.5340295020078,41.9613373198964,-50.2557633073977));
#8605=CARTESIAN_POINT('Ctrl Pts',(-10.9033235242382,41.9739880659623,-50.2522551647955));
#8606=CARTESIAN_POINT('Ctrl Pts',(-11.0879705353533,41.9803134389953,-50.2505010934943));
#8607=CARTESIAN_POINT('Ctrl Pts',(-11.2714335956185,41.9869892238778,-50.2486432512531));
#8608=CARTESIAN_POINT('Ctrl Pts',(-11.4559537134822,41.9936987369718,-50.246768568154));
#8609=CARTESIAN_POINT('Ctrl Pts',(-11.5482137724141,41.9970534935188,-50.2458312266044));
#8610=CARTESIAN_POINT('Ctrl Pts',(-11.6409020017406,42.0004146763754,-50.2448902834172));
#8611=CARTESIAN_POINT('Ctrl Pts',(-11.7323434321633,42.003764364587,-50.2439507621023));
#8612=CARTESIAN_POINT('Ctrl Pts',(-11.7780641473746,42.0054392086928,-50.2434810014448));
#8613=CARTESIAN_POINT('Ctrl Pts',(-11.8234694697686,42.007111194071,-50.2430115932502));
#8614=CARTESIAN_POINT('Ctrl Pts',(-11.8683446649498,42.0087779606444,-50.2425432064005));
#8615=CARTESIAN_POINT('Ctrl Pts',(-11.8907822625404,42.0096113439311,-50.2423090129757));
#8616=CARTESIAN_POINT('Ctrl Pts',(-11.9130873283278,42.0104434224411,-50.2420750749856));
#8617=CARTESIAN_POINT('Ctrl Pts',(-11.935233058516,42.0112738854432,-50.2418414809358));
#8618=CARTESIAN_POINT('Ctrl Pts',(-11.9573787887043,42.0121043484453,-50.2416078868861));
#8619=CARTESIAN_POINT('Ctrl Pts',(-11.9803713586404,42.0129205497726,-50.2413781986218));
#8620=CARTESIAN_POINT('Ctrl Pts',(-11.9999828725236,42.0137750700182,-50.2411376095029));
#8621=CARTESIAN_POINT('Ctrl Pts',(-11.9999911667777,42.0137756200498,-50.2411374546236));
#8622=CARTESIAN_POINT('Ctrl Pts',(-12.020598221645,42.0151407538724,-50.240753192228));
#8623=CARTESIAN_POINT('Ctrl Pts',(-12.0404467734317,42.0165471964073,-50.2400307452221));
#8624=CARTESIAN_POINT('Ctrl Pts',(-12.0599464413421,42.0179987946053,-50.2390138120204));
#8625=CARTESIAN_POINT('Ctrl Pts',(-12.0636147384914,42.018271870719,-50.2388225055231));
#8626=CARTESIAN_POINT('Ctrl Pts',(-12.0672706940551,42.0185465045408,-50.2386206347563));
#8627=CARTESIAN_POINT('Ctrl Pts',(-12.0709170397402,42.0188226666152,-50.2384082962249));
#8628=CARTESIAN_POINT('Ctrl Pts',(-12.0809228252897,42.0195804714784,-50.2378256268918));
#8629=CARTESIAN_POINT('Ctrl Pts',(-12.0908000240001,42.0203521088038,-50.2371699014138));
#8630=CARTESIAN_POINT('Ctrl Pts',(-12.1013739710611,42.0211124754938,-50.2363975249177));
#8631=CARTESIAN_POINT('Ctrl Pts',(-12.1110748792126,42.0218100624382,-50.2356889197578));
#8632=CARTESIAN_POINT('Ctrl Pts',(-12.1213623526093,42.0224982159217,-50.2348823074463));
#8633=CARTESIAN_POINT('Ctrl Pts',(-12.1328707231858,42.0231458861125,-50.2339029403602));
#8634=CARTESIAN_POINT('Ctrl Pts',(-12.1376929939336,42.0234172747504,-50.2334925631292));
#8635=CARTESIAN_POINT('Ctrl Pts',(-12.1427295819678,42.0236814008264,-50.2330513102295));
#8636=CARTESIAN_POINT('Ctrl Pts',(-12.1480268748587,42.0239352071873,-50.2325709667003));
#8637=CARTESIAN_POINT('Ctrl Pts',(-12.1657038896772,42.0247821565433,-50.2309680650183));
#8638=CARTESIAN_POINT('Ctrl Pts',(-12.183686637229,42.0256173615142,-50.2291032701725));
#8639=CARTESIAN_POINT('Ctrl Pts',(-12.202386179265,42.0264115104664,-50.2269015347412));
#8640=CARTESIAN_POINT('Ctrl Pts',(-12.2172404701996,42.02704235584,-50.2251525497342));
#8641=CARTESIAN_POINT('Ctrl Pts',(-12.2325470518822,42.0276470911082,-50.2231902337345));
#8642=CARTESIAN_POINT('Ctrl Pts',(-12.2485080740722,42.0282046070063,-50.2209546479924));
#8643=CARTESIAN_POINT('Ctrl Pts',(-12.2665349686227,42.0288342834886,-50.2184297051691));
#8644=CARTESIAN_POINT('Ctrl Pts',(-12.2853990660653,42.0294026685941,-50.2155534841118));
#8645=CARTESIAN_POINT('Ctrl Pts',(-12.3050164016382,42.0298919838575,-50.2122676426664));
#8646=CARTESIAN_POINT('Ctrl Pts',(-12.3148250694247,42.0301366414892,-50.2106247219436));
#8647=CARTESIAN_POINT('Ctrl Pts',(-12.324821312612,42.0303615517943,-50.2088795094857));
#8648=CARTESIAN_POINT('Ctrl Pts',(-12.3349908039668,42.030564654815,-50.2070256344727));
#8649=CARTESIAN_POINT('Ctrl Pts',(-12.3400755496442,42.0306662063253,-50.2060986969662));
#8650=CARTESIAN_POINT('Ctrl Pts',(-12.3452036122642,42.0307623089518,-50.2051446040155));
#8651=CARTESIAN_POINT('Ctrl Pts',(-12.350375134445,42.030852561542,-50.2041622673215));
#8652=CARTESIAN_POINT('Ctrl Pts',(-12.3545760530608,42.0309258753117,-50.2033642979111));
#8653=CARTESIAN_POINT('Ctrl Pts',(-12.3580382529117,42.0309833178949,-50.2026972462191));
#8654=CARTESIAN_POINT('Ctrl Pts',(-12.3626316841083,42.0310541149194,-50.2017966374513));
#8655=CARTESIAN_POINT('Ctrl Pts',(-12.3636929759596,42.0310704722571,-50.2015885558004));
#8656=CARTESIAN_POINT('Ctrl Pts',(-12.3648146184263,42.031087486535,-50.201367813102));
#8657=CARTESIAN_POINT('Ctrl Pts',(-12.366019596823,42.0311054018335,-50.2011295121551));
#8658=CARTESIAN_POINT('Ctrl Pts',(-12.4020184139371,42.0316406226802,-50.1940102540594));
#8659=CARTESIAN_POINT('Ctrl Pts',(-12.4357149358695,42.0318718302522,-50.1863622985053));
#8660=CARTESIAN_POINT('Ctrl Pts',(-12.4671396159475,42.0318855546328,-50.178508918053));
#8661=CARTESIAN_POINT('Ctrl Pts',(-12.4993379535377,42.0318996168997,-50.1704621919001));
#8662=CARTESIAN_POINT('Ctrl Pts',(-12.5291518695602,42.0316854284139,-50.1621999660101));
#8663=CARTESIAN_POINT('Ctrl Pts',(-12.5566358189099,42.0313231239353,-50.1540207914026));
#8664=CARTESIAN_POINT('Ctrl Pts',(-12.578871053856,42.0310300101218,-50.1474036248976));
#8665=CARTESIAN_POINT('Ctrl Pts',(-12.5995818151797,42.0306397014571,-50.140839850173));
#8666=CARTESIAN_POINT('Ctrl Pts',(-12.6188026238269,42.0301882825059,-50.1344641555644));
#8667=CARTESIAN_POINT('Ctrl Pts',(-12.6432618495005,42.0296138343543,-50.1263508364986));
#8668=CARTESIAN_POINT('Ctrl Pts',(-12.6652770196457,42.0289507838213,-50.1185513289292));
#8669=CARTESIAN_POINT('Ctrl Pts',(-12.684895975441,42.0282811369362,-50.1113044349347));
#8670=CARTESIAN_POINT('Ctrl Pts',(-12.6918131259783,42.0280450362814,-50.1087493623196));
#8671=CARTESIAN_POINT('Ctrl Pts',(-12.6984324102176,42.027807986157,-50.1062625290774));
#8672=CARTESIAN_POINT('Ctrl Pts',(-12.7047558668065,42.0275731563968,-50.1038529176916));
#8673=CARTESIAN_POINT('Ctrl Pts',(-12.716885132718,42.0271227203788,-50.0992309491796));
#8674=CARTESIAN_POINT('Ctrl Pts',(-12.7279270626482,42.0266807650325,-50.094893330597));
#8675=CARTESIAN_POINT('Ctrl Pts',(-12.7378979221565,42.0262675291559,-50.0908941342246));
#8676=CARTESIAN_POINT('Ctrl Pts',(-12.7428833519107,42.0260609112176,-50.0888945360384));
#8677=CARTESIAN_POINT('Ctrl Pts',(-12.74760095021,42.0258614296369,-50.0869793918766));
#8678=CARTESIAN_POINT('Ctrl Pts',(-12.7520525997129,42.0256712924076,-50.0851544631551));
#8679=CARTESIAN_POINT('Ctrl Pts',(-12.7542784244643,42.0255762237929,-50.0842419987943));
#8680=CARTESIAN_POINT('Ctrl Pts',(-12.7564377580834,42.0254834884893,-50.0833520786179));
#8681=CARTESIAN_POINT('Ctrl Pts',(-12.7585308154494,42.0253933425411,-50.0824853642394));
#8682=CARTESIAN_POINT('Ctrl Pts',(-12.7595773441323,42.025348269567,-50.0820520070502));
#8683=CARTESIAN_POINT('Ctrl Pts',(-12.7600922383581,42.0253257150779,-50.0818382898411));
#8684=CARTESIAN_POINT('Ctrl Pts',(-12.7608483493874,42.0252930560752,-50.0815240662115));
#8685=CARTESIAN_POINT('Ctrl Pts',(-12.7616044604168,42.0252603970724,-50.0812098425819));
#8686=CARTESIAN_POINT('Ctrl Pts',(-12.7626019570546,42.0252177446245,-50.0807954990878));
#8687=CARTESIAN_POINT('Ctrl Pts',(-12.7646113605627,42.0251309163451,-50.0799554604752));
#8688=CARTESIAN_POINT('Ctrl Pts',(-12.8227238070865,42.0226198210257,-50.0556613359957));
#8689=CARTESIAN_POINT('Ctrl Pts',(-12.8789488933149,42.0192730795391,-50.029074226209));
#8690=CARTESIAN_POINT('Ctrl Pts',(-12.9331153521212,42.0151268571751,-50.0005327783043));
#8691=CARTESIAN_POINT('Ctrl Pts',(-12.9880045827835,42.0109253095619,-49.9716104866869));
#8692=CARTESIAN_POINT('Ctrl Pts',(-13.0407798969068,42.0059029082657,-49.940681836726));
#8693=CARTESIAN_POINT('Ctrl Pts',(-13.0913159493856,42.0001035370086,-49.9081028406799));
#8694=CARTESIAN_POINT('Ctrl Pts',(-13.1012720627306,41.9989610022293,-49.9016844490289));
#8695=CARTESIAN_POINT('Ctrl Pts',(-13.1111414250929,41.9977883271973,-49.8952020006834));
#8696=CARTESIAN_POINT('Ctrl Pts',(-13.1209233134101,41.9965858698973,-49.8886582095526));
#8697=CARTESIAN_POINT('Ctrl Pts',(-13.169784699461,41.9905794907155,-49.8559714016166));
#8698=CARTESIAN_POINT('Ctrl Pts',(-13.2164790424884,41.9838599546537,-49.8217311202485));
#8699=CARTESIAN_POINT('Ctrl Pts',(-13.2609166272947,41.9764986526587,-49.7862834502237));
#8700=CARTESIAN_POINT('Ctrl Pts',(-13.2657862176731,41.9756919813348,-49.7823989989503));
#8701=CARTESIAN_POINT('Ctrl Pts',(-13.2706287593421,41.9748776077233,-49.778500050126));
#8702=CARTESIAN_POINT('Ctrl Pts',(-13.2754441718992,41.9740556286819,-49.7745870593148));
#8703=CARTESIAN_POINT('Ctrl Pts',(-13.2998234699603,41.9698941426592,-49.7547765097167));
#8704=CARTESIAN_POINT('Ctrl Pts',(-13.3235071719204,41.9655379275053,-49.7346059131357));
#8705=CARTESIAN_POINT('Ctrl Pts',(-13.346488769182,41.9610008461266,-49.7141327096946));
#8706=CARTESIAN_POINT('Ctrl Pts',(-13.3579795678129,41.9587323054373,-49.7038961079741));
#8707=CARTESIAN_POINT('Ctrl Pts',(-13.3692948679101,41.9564185576328,-49.6935838870484));
#8708=CARTESIAN_POINT('Ctrl Pts',(-13.3804344331174,41.9540614111808,-49.6832029815577));
#8709=CARTESIAN_POINT('Ctrl Pts',(-13.3860042157211,41.9528828379548,-49.6780125288123));
#8710=CARTESIAN_POINT('Ctrl Pts',(-13.3915300661907,41.9516934154487,-49.6728049062341));
#8711=CARTESIAN_POINT('Ctrl Pts',(-13.3970119761959,41.9504933724692,-49.6675809765568));
#8712=CARTESIAN_POINT('Ctrl Pts',(-13.4007410156521,41.9496770497613,-49.6640274268151));
#8713=CARTESIAN_POINT('Ctrl Pts',(-13.403896472573,41.9489792318612,-49.6609986628625));
#8714=CARTESIAN_POINT('Ctrl Pts',(-13.407608695109,41.9481485164991,-49.6574098730596));
#8715=CARTESIAN_POINT('Ctrl Pts',(-13.4093536607043,41.9477580308232,-49.6557229281974));
#8716=CARTESIAN_POINT('Ctrl Pts',(-13.4112212144861,41.9473380500529,-49.6539118196656));
#8717=CARTESIAN_POINT('Ctrl Pts',(-13.4133258899228,41.9468616126197,-49.6518611266313));
#8718=CARTESIAN_POINT('Ctrl Pts',(-13.4562013157914,41.9371558606125,-49.6100854040472));
#8719=CARTESIAN_POINT('Ctrl Pts',(-13.4967462235296,41.9266812123426,-49.5668979251832));
#8720=CARTESIAN_POINT('Ctrl Pts',(-13.5348632435534,41.9155124277456,-49.5226268469077));
#8721=CARTESIAN_POINT('Ctrl Pts',(-13.5733346768065,41.9042397954443,-49.477944134779));
#8722=CARTESIAN_POINT('Ctrl Pts',(-13.6093328139218,41.8922602388874,-49.432158105312));
#8723=CARTESIAN_POINT('Ctrl Pts',(-13.6428104420197,41.8796559718982,-49.385609920924));
#8724=CARTESIAN_POINT('Ctrl Pts',(-13.6764719056667,41.8669824911541,-49.3388061266999));
#8725=CARTESIAN_POINT('Ctrl Pts',(-13.7075851890602,41.8536776129652,-49.291232300456));
#8726=CARTESIAN_POINT('Ctrl Pts',(-13.7361552031579,41.8398274620208,-49.2432311350438));
#8727=CARTESIAN_POINT('Ctrl Pts',(-13.7650452956879,41.8258221436836,-49.1946921981862));
#8728=CARTESIAN_POINT('Ctrl Pts',(-13.7913349538462,41.8112594636064,-49.1457167954617));
#8729=CARTESIAN_POINT('Ctrl Pts',(-13.8150815630506,41.7962281110079,-49.0966473121818));
#8730=CARTESIAN_POINT('Ctrl Pts',(-13.8350334571352,41.7835987729659,-49.0554191467305));
#8731=CARTESIAN_POINT('Ctrl Pts',(-13.8531911389393,41.770638630222,-49.0141244770812));
#8732=CARTESIAN_POINT('Ctrl Pts',(-13.8696151739611,41.7573985896223,-48.9729562867201));
#8733=CARTESIAN_POINT('Ctrl Pts',(-13.8906052322102,41.7404777036745,-48.9203429847793));
#8734=CARTESIAN_POINT('Ctrl Pts',(-13.9087779229394,41.7230845482353,-48.8679039181578));
#8735=CARTESIAN_POINT('Ctrl Pts',(-13.9243129549305,41.70534800828,-48.8159403758198));
#8736=CARTESIAN_POINT('Ctrl Pts',(-13.9401842425003,41.6872275611327,-48.7628520832389));
#8737=CARTESIAN_POINT('Ctrl Pts',(-13.9533028728346,41.6687488466405,-48.7102603630059));
#8738=CARTESIAN_POINT('Ctrl Pts',(-13.9638938725066,41.6500346072709,-48.6584459075691));
#8739=CARTESIAN_POINT('Ctrl Pts',(-13.9746238009107,41.63107488158,-48.6059517696826));
#8740=CARTESIAN_POINT('Ctrl Pts',(-13.9827598539406,41.6118734992165,-48.5542555310404));
#8741=CARTESIAN_POINT('Ctrl Pts',(-13.9885627859396,41.5925414308902,-48.5036052616892));
#8742=CARTESIAN_POINT('Ctrl Pts',(-13.9944865944749,41.5728066707079,-48.4518999344606));
#8743=CARTESIAN_POINT('Ctrl Pts',(-13.9979795778577,41.5529357959502,-48.4012846926961));
#8744=CARTESIAN_POINT('Ctrl Pts',(-13.9993391154828,41.5330283351008,-48.3519764759352));
#8745=CARTESIAN_POINT('Ctrl Pts',(-13.9997828566879,41.5265307137747,-48.3358827047002));
#8746=CARTESIAN_POINT('Ctrl Pts',(-13.999999442418,41.5200290462699,-48.3199278017438));
#8747=CARTESIAN_POINT('Ctrl Pts',(-13.9999995210102,41.5135263633868,-48.3041182448874));
#8748=CARTESIAN_POINT('',(-13.998786899333,40.1275089874275,-43.1138238810069));
#8749=CARTESIAN_POINT('Origin',(-13.8223160963348,39.5170912255858,-43.3590388070857));
#8750=CARTESIAN_POINT('',(-10.5746737067196,26.4190368742414,-40.7469948854119));
#8751=CARTESIAN_POINT('Ctrl Pts',(-13.9987869013892,40.1275089865172,-43.1138238813014));
#8752=CARTESIAN_POINT('Ctrl Pts',(-13.6810427208929,38.8562501371081,-42.8934853337677));
#8753=CARTESIAN_POINT('Ctrl Pts',(-13.3633313454433,37.5849462374071,-42.6733530917691));
#8754=CARTESIAN_POINT('Ctrl Pts',(-13.04566209437,36.3135918965817,-42.4534443078627));
#8755=CARTESIAN_POINT('Ctrl Pts',(-12.880859471141,35.6540300103946,-42.3393585273333));
#8756=CARTESIAN_POINT('Ctrl Pts',(-12.716068185255,34.9944545484981,-42.2253328882491));
#8757=CARTESIAN_POINT('Ctrl Pts',(-12.551289695806,34.3348646963386,-42.1113699112025));
#8758=CARTESIAN_POINT('Ctrl Pts',(-12.221732716908,33.0156849920196,-41.8834439571093));
#8759=CARTESIAN_POINT('Ctrl Pts',(-11.8922269237798,31.6964477266278,-41.6557686512549));
#8760=CARTESIAN_POINT('Ctrl Pts',(-11.5627859123036,30.3771456813443,-41.4283654031765));
#8761=CARTESIAN_POINT('Ctrl Pts',(-11.2333448933834,29.0578436062504,-41.2009621499598));
#8762=CARTESIAN_POINT('Ctrl Pts',(-10.9039686561311,27.7384767512553,-40.9738309545501));
#8763=CARTESIAN_POINT('Ctrl Pts',(-10.5746737236442,26.4190368705562,-40.7469948854119));
#8764=CARTESIAN_POINT('',(-10.5395683954664,26.1666004512221,-51.7469684785536));
#8765=CARTESIAN_POINT('Ctrl Pts',(-10.5395683954664,26.1666004512221,-51.7469684785536));
#8766=CARTESIAN_POINT('Ctrl Pts',(-10.539786849634,26.1735543279217,-51.6882214104799));
#8767=CARTESIAN_POINT('Ctrl Pts',(-10.5401900635185,26.1847986815072,-51.534355088271));
#8768=CARTESIAN_POINT('Ctrl Pts',(-10.5415386720951,26.2074193645806,-51.1607526704882));
#8769=CARTESIAN_POINT('Ctrl Pts',(-10.542115650167,26.2159182473335,-51.0124180421489));
#8770=CARTESIAN_POINT('Ctrl Pts',(-10.5432642554632,26.2300951830667,-50.7542153660209));
#8771=CARTESIAN_POINT('Ctrl Pts',(-10.5439096641725,26.2375407236562,-50.616188844552));
#8772=CARTESIAN_POINT('Ctrl Pts',(-10.5448105653859,26.2468489910894,-50.4395388318795));
#8773=CARTESIAN_POINT('Ctrl Pts',(-10.5453537477919,26.2521733601444,-50.3374272962953));
#8774=CARTESIAN_POINT('Ctrl Pts',(-10.5456305685278,26.2548014718543,-50.2867110888417));
#8775=CARTESIAN_POINT('Ctrl Pts',(-10.5457818084596,26.2562160056502,-50.2593370475548));
#8776=CARTESIAN_POINT('Ctrl Pts',(-10.5458075577194,26.2564561983324,-50.2546865092247));
#8777=CARTESIAN_POINT('Ctrl Pts',(-10.5473883307187,26.2711790181265,-49.9695443944601));
#8778=CARTESIAN_POINT('Ctrl Pts',(-10.5491059246389,26.2846625584941,-49.6858192171782));
#8779=CARTESIAN_POINT('Ctrl Pts',(-10.5517372604045,26.3032093020563,-49.2590412514969));
#8780=CARTESIAN_POINT('Ctrl Pts',(-10.5530671044509,26.3120631640051,-49.0453547187166));
#8781=CARTESIAN_POINT('Ctrl Pts',(-10.5546111450236,26.3216615943196,-48.7955330514125));
#8782=CARTESIAN_POINT('Ctrl Pts',(-10.5552681217881,26.3256189208843,-48.6883550413407));
#8783=CARTESIAN_POINT('Ctrl Pts',(-10.5557047065117,26.328222449904,-48.616878238798));
#8784=CARTESIAN_POINT('Ctrl Pts',(-10.5559308233707,26.3295567130618,-48.5797206428647));
#8785=CARTESIAN_POINT('Ctrl Pts',(-10.5594702039044,26.3502500285989,-47.9956618368827));
#8786=CARTESIAN_POINT('Ctrl Pts',(-10.5625199212317,26.3653280511495,-47.4264181807293));
#8787=CARTESIAN_POINT('Ctrl Pts',(-10.5659248804482,26.3814733457545,-46.5432408207288));
#8788=CARTESIAN_POINT('Ctrl Pts',(-10.5668694630767,26.3857762905159,-46.2439630547668));
#8789=CARTESIAN_POINT('Ctrl Pts',(-10.5679476176879,26.3906235747496,-45.787718436882));
#8790=CARTESIAN_POINT('Ctrl Pts',(-10.5684024312017,26.3926453640989,-45.5577641357042));
#8791=CARTESIAN_POINT('Ctrl Pts',(-10.5687783422389,26.3943024785186,-45.2862781312515));
#8792=CARTESIAN_POINT('Ctrl Pts',(-10.5689456283958,26.3950374175471,-45.1326655700685));
#8793=CARTESIAN_POINT('Ctrl Pts',(-10.5690138180096,26.395336410216,-45.0567918898255));
#8794=CARTESIAN_POINT('Ctrl Pts',(-10.5690454666964,26.3954750884381,-45.017559718471));
#8795=CARTESIAN_POINT('Ctrl Pts',(-10.5690488217047,26.3954897882643,-45.013355628347));
#8796=CARTESIAN_POINT('Ctrl Pts',(-10.5696195215889,26.3979902125325,-44.2950091600634));
#8797=CARTESIAN_POINT('Ctrl Pts',(-10.5713863876338,26.4058648004071,-42.8731225212243));
#8798=CARTESIAN_POINT('Ctrl Pts',(-10.5746736900481,26.4190368789408,-40.7469948854119));
#8799=CARTESIAN_POINT('',(-10.5307334595176,26.1367022684589,-51.9208406411024));
#8800=CARTESIAN_POINT('Ctrl Pts',(-10.5395685783074,26.1665988377168,-51.7469820980363));
#8801=CARTESIAN_POINT('Ctrl Pts',(-10.5403555754538,26.1596510932261,-51.8056269016982));
#8802=CARTESIAN_POINT('Ctrl Pts',(-10.5371643109287,26.1519043628296,-51.8631264165023));
#8803=CARTESIAN_POINT('Ctrl Pts',(-10.5304563674397,26.1437264872771,-51.9208130583241));
#8804=CARTESIAN_POINT('Ctrl Pts',(-10.5173730351707,26.1284635015784,-52.0271941253021));
#8805=CARTESIAN_POINT('Ctrl Pts',(-10.5201719879028,26.1284635015794,-52.009689480311));
#8806=CARTESIAN_POINT('Ctrl Pts',(-10.5227054801261,26.1284635015803,-51.9921429730125));
#8807=CARTESIAN_POINT('Ctrl Pts',(-10.5272780725993,26.1284635015823,-51.9566856187998));
#8808=CARTESIAN_POINT('Ctrl Pts',(-10.5292960545749,26.1284635015833,-51.9388934038507));
#8809=CARTESIAN_POINT('Ctrl Pts',(-10.5310584632073,26.1284635015843,-51.9208729931812));
#8810=CARTESIAN_POINT('Ctrl Pts',(-14.0421461244003,40.300998891358,-43.1439505359547));
#8811=CARTESIAN_POINT('Ctrl Pts',(-12.8857060656982,35.6742667308037,-42.341959646017));
#8812=CARTESIAN_POINT('Ctrl Pts',(-11.7296689922473,31.0469507397505,-41.5426730155373));
#8813=CARTESIAN_POINT('Ctrl Pts',(-10.5746013868401,26.4187472584407,-40.746999156327));
#8814=CARTESIAN_POINT('Ctrl Pts',(-14.0017283956154,39.9964795490231,-42.5831936422281));
#8815=CARTESIAN_POINT('Ctrl Pts',(-12.8587808006269,35.4545690551719,-41.8036082695505));
#8816=CARTESIAN_POINT('Ctrl Pts',(-11.7080501523798,30.9146801435024,-41.0252471674864));
#8817=CARTESIAN_POINT('Ctrl Pts',(-10.5632353318906,26.3731495772666,-40.2463878620541));
#8818=CARTESIAN_POINT('Ctrl Pts',(-13.7016995912054,39.6265980934868,-42.088577762388));
#8819=CARTESIAN_POINT('Ctrl Pts',(-12.5801950255673,35.1831891778654,-41.3094117778567));
#8820=CARTESIAN_POINT('Ctrl Pts',(-11.4585983291783,30.7401336882344,-40.52722965997));
#8821=CARTESIAN_POINT('Ctrl Pts',(-10.3398582746494,26.2978372040019,-39.7376925106712));
#8822=CARTESIAN_POINT('Ctrl Pts',(-12.9062523514806,39.1510191282443,-41.4916701957996));
#8823=CARTESIAN_POINT('Ctrl Pts',(-11.8729235221326,34.8015364064732,-40.733847646241));
#8824=CARTESIAN_POINT('Ctrl Pts',(-10.8318896787984,30.4557897724237,-39.9643141468555));
#8825=CARTESIAN_POINT('Ctrl Pts',(-9.78529358417528,26.1141030597491,-39.1780727194946));
#8826=CARTESIAN_POINT('Ctrl Pts',(-12.4649950668847,39.0103246634536,-41.3250837912054));
#8827=CARTESIAN_POINT('Ctrl Pts',(-11.4799171611094,34.6813329017298,-40.5604133333055));
#8828=CARTESIAN_POINT('Ctrl Pts',(-10.4816652168933,30.3555856033019,-39.7877952263448));
#8829=CARTESIAN_POINT('Ctrl Pts',(-9.469648446124,26.0376774457897,-38.9926545342971));
#8830=CARTESIAN_POINT('Ctrl Pts',(-11.9999601856669,38.9529962403378,-41.314645310202));
#8831=CARTESIAN_POINT('Ctrl Pts',(-11.0619957004421,34.6201571136117,-40.5214455937424));
#8832=CARTESIAN_POINT('Ctrl Pts',(-10.1079697042931,30.2915152949534,-39.7227690277441));
#8833=CARTESIAN_POINT('Ctrl Pts',(-9.13509060497915,25.9701040133102,-38.905073849533));
#8834=CARTESIAN_POINT('',(-13.7262617464127,39.7340085744145,-42.2488107609613));
#8835=CARTESIAN_POINT('Ctrl Pts',(-13.9987868960868,40.1275089879063,-43.1138238809332));
#8836=CARTESIAN_POINT('Ctrl Pts',(-13.9951818493814,40.0880506025389,-43.0172062834576));
#8837=CARTESIAN_POINT('Ctrl Pts',(-13.983579465007,40.036453894547,-42.8914990920834));
#8838=CARTESIAN_POINT('Ctrl Pts',(-13.9070429898175,39.9045476776039,-42.5959450188491));
#8839=CARTESIAN_POINT('Ctrl Pts',(-13.8417645536924,39.8236116523209,-42.4257954771755));
#8840=CARTESIAN_POINT('Ctrl Pts',(-13.7258775409687,39.7337369180325,-42.2492011432302));
#8841=CARTESIAN_POINT('',(-11.9999980015667,38.9520625892676,-41.3144743759781));
#8842=CARTESIAN_POINT('Ctrl Pts',(-11.9999980018848,38.9520625867721,-41.3144743755212));
#8843=CARTESIAN_POINT('Ctrl Pts',(-12.0637128648485,38.9599216789449,-41.315913049689));
#8844=CARTESIAN_POINT('Ctrl Pts',(-12.1275067928015,38.9693414863619,-41.3202856443838));
#8845=CARTESIAN_POINT('Ctrl Pts',(-12.1910581354128,38.9803591494853,-41.3275383045098));
#8846=CARTESIAN_POINT('Ctrl Pts',(-12.2566014066035,38.9917221459588,-41.3350182891956));
#8847=CARTESIAN_POINT('Ctrl Pts',(-12.3218863045985,39.0047847602131,-41.3455616913686));
#8848=CARTESIAN_POINT('Ctrl Pts',(-12.3865471658008,39.019564536496,-41.3590597135629));
#8849=CARTESIAN_POINT('Ctrl Pts',(-12.4335120741641,39.0302994822707,-41.3688636871514));
#8850=CARTESIAN_POINT('Ctrl Pts',(-12.4801474726231,39.041939819636,-41.3802252989552));
#8851=CARTESIAN_POINT('Ctrl Pts',(-12.526310925964,39.0544849445102,-41.3930875427118));
#8852=CARTESIAN_POINT('Ctrl Pts',(-12.6059059711386,39.0761152539608,-41.4152646286695));
#8853=CARTESIAN_POINT('Ctrl Pts',(-12.6841295472538,39.1004418805215,-41.4419097853357));
#8854=CARTESIAN_POINT('Ctrl Pts',(-12.7603938410904,39.1274296651497,-41.472736145834));
#8855=CARTESIAN_POINT('Ctrl Pts',(-12.7662178048724,39.1294906018256,-41.4750902174191));
#8856=CARTESIAN_POINT('Ctrl Pts',(-12.7720303208241,39.1315670547679,-41.4774686601039));
#8857=CARTESIAN_POINT('Ctrl Pts',(-12.7778311161918,39.1336590069097,-41.479871339898));
#8858=CARTESIAN_POINT('Ctrl Pts',(-12.8187119666188,39.1484019476942,-41.4968041201572));
#8859=CARTESIAN_POINT('Ctrl Pts',(-12.8590134398806,39.1639138581971,-41.5149413742628));
#8860=CARTESIAN_POINT('Ctrl Pts',(-12.8986492078047,39.1801843275697,-41.5342415041786));
#8861=CARTESIAN_POINT('Ctrl Pts',(-12.9184670917667,39.1883195622559,-41.5438915691365));
#8862=CARTESIAN_POINT('Ctrl Pts',(-12.9381185039545,39.1966444431544,-41.5538323815495));
#8863=CARTESIAN_POINT('Ctrl Pts',(-12.9575927646623,39.2051574129671,-41.564059214984));
#8864=CARTESIAN_POINT('Ctrl Pts',(-12.9673298950163,39.2094138978734,-41.5691726317013));
#8865=CARTESIAN_POINT('Ctrl Pts',(-12.9770227301954,39.2137174064226,-41.5743575562183));
#8866=CARTESIAN_POINT('Ctrl Pts',(-12.9866699097432,39.2180677452718,-41.5796134242509));
#8867=CARTESIAN_POINT('Ctrl Pts',(-12.9914934995171,39.2202429146964,-41.5822413582673));
#8868=CARTESIAN_POINT('Ctrl Pts',(-12.9963056748342,39.2224297918086,-41.5848870283187));
#8869=CARTESIAN_POINT('Ctrl Pts',(-13.0011062642567,39.2246283520927,-41.587550365861));
#8870=CARTESIAN_POINT('Ctrl Pts',(-13.003506558968,39.2257276322347,-41.5888820346321));
#8871=CARTESIAN_POINT('Ctrl Pts',(-13.0059039571667,39.2268298331781,-41.5902181202853));
#8872=CARTESIAN_POINT('Ctrl Pts',(-13.0082984373317,39.2279349518402,-41.5915586143843));
#8873=CARTESIAN_POINT('Ctrl Pts',(-13.0106929174967,39.2290400705023,-41.5928991084833));
#8874=CARTESIAN_POINT('Ctrl Pts',(-13.0140718864153,39.2306073509164,-41.5948017846343));
#8875=CARTESIAN_POINT('Ctrl Pts',(-13.0154731020834,39.2312590579163,-41.5955933136429));
#8876=CARTESIAN_POINT('Ctrl Pts',(-13.0379793694139,39.241726748433,-41.6083068194019));
#8877=CARTESIAN_POINT('Ctrl Pts',(-13.062012226189,39.2533288930785,-41.6224196630402));
#8878=CARTESIAN_POINT('Ctrl Pts',(-13.0873714228663,39.2661492841941,-41.6380938774853));
#8879=CARTESIAN_POINT('Ctrl Pts',(-13.1116734236559,39.2784352078763,-41.6531146518683));
#8880=CARTESIAN_POINT('Ctrl Pts',(-13.137193665081,39.2918401292196,-41.6695697796736));
#8881=CARTESIAN_POINT('Ctrl Pts',(-13.1637108791145,39.3064476123015,-41.6876082512627));
#8882=CARTESIAN_POINT('Ctrl Pts',(-13.1883715142624,39.3200323655962,-41.7043837754909));
#8883=CARTESIAN_POINT('Ctrl Pts',(-13.2138943236347,39.3346573729953,-41.7225290354199));
#8884=CARTESIAN_POINT('Ctrl Pts',(-13.2400612404782,39.3503956992119,-41.7421639874324));
#8885=CARTESIAN_POINT('Ctrl Pts',(-13.2697927056118,39.3682779548849,-41.7644736808001));
#8886=CARTESIAN_POINT('Ctrl Pts',(-13.3005361093778,39.3875220144062,-41.7886550320294));
#8887=CARTESIAN_POINT('Ctrl Pts',(-13.3320111758605,39.4081785972152,-41.8148974631719));
#8888=CARTESIAN_POINT('Ctrl Pts',(-13.3358164199921,39.4106759180884,-41.8180700968868));
#8889=CARTESIAN_POINT('Ctrl Pts',(-13.3396323001919,39.4131938618547,-41.8212728641574));
#8890=CARTESIAN_POINT('Ctrl Pts',(-13.3434582725167,39.41573249811,-41.8245061061625));
#8891=CARTESIAN_POINT('Ctrl Pts',(-13.374589825821,39.4363891268558,-41.850814672269));
#8892=CARTESIAN_POINT('Ctrl Pts',(-13.4063734725805,39.4584145777828,-41.8791234038711));
#8893=CARTESIAN_POINT('Ctrl Pts',(-13.4385071119798,39.4818927440264,-41.9096242644032));
#8894=CARTESIAN_POINT('Ctrl Pts',(-13.4685909069503,39.5038732091328,-41.9381794374812));
#8895=CARTESIAN_POINT('Ctrl Pts',(-13.4989813130174,39.5271271700071,-41.9686562262871));
#8896=CARTESIAN_POINT('Ctrl Pts',(-13.5293892802965,39.5516995882594,-42.001211840282));
#8897=CARTESIAN_POINT('Ctrl Pts',(-13.55895455017,39.5755910299466,-42.0328652390386));
#8898=CARTESIAN_POINT('Ctrl Pts',(-13.5885365127173,39.6007291664347,-42.0664840435969));
#8899=CARTESIAN_POINT('Ctrl Pts',(-13.6178293202286,39.6271281325124,-42.1022092601137));
#8900=CARTESIAN_POINT('Ctrl Pts',(-13.6460299858494,39.6525428495825,-42.13660251125));
#8901=CARTESIAN_POINT('Ctrl Pts',(-13.6739626648563,39.6791263364922,-42.1729481963636));
#8902=CARTESIAN_POINT('Ctrl Pts',(-13.7013160915063,39.706862095446,-42.2113662177711));
#8903=CARTESIAN_POINT('Ctrl Pts',(-13.7099686110495,39.7156355555125,-42.2235187237548));
#8904=CARTESIAN_POINT('Ctrl Pts',(-13.7185628727414,39.7245240746206,-42.2358785327751));
#8905=CARTESIAN_POINT('Ctrl Pts',(-13.72708817786,39.7335264398617,-42.2484492699057));
#8906=CARTESIAN_POINT('',(-9.27525054438053,26.0629547964403,-38.9549551810166));
#8907=CARTESIAN_POINT('Ctrl Pts',(-9.27525054438052,26.0629547964403,-38.9549551810166));
#8908=CARTESIAN_POINT('Ctrl Pts',(-10.1215769159896,30.0057862292219,-39.6767340543699));
#8909=CARTESIAN_POINT('Ctrl Pts',(-11.0298408247248,34.3021452145199,-40.4632423247551));
#8910=CARTESIAN_POINT('Ctrl Pts',(-11.9999980015825,38.9520625867348,-41.3144743755144));
#8911=CARTESIAN_POINT('',(-9.80969873238184,26.128439778531,-39.2317359799741));
#8912=CARTESIAN_POINT('Origin',(-9.18229067909228,26.1504491334245,-39.8314942120881));
#8913=CARTESIAN_POINT('Ctrl Pts',(-10.5746736900481,26.4190368789408,-40.7469948854119));
#8914=CARTESIAN_POINT('Ctrl Pts',(-10.5678322022547,26.3916248882121,-40.446092546931));
#8915=CARTESIAN_POINT('Ctrl Pts',(-10.4850726085133,26.3538883651927,-40.1435867794114));
#8916=CARTESIAN_POINT('Ctrl Pts',(-10.2828711934529,26.2802753092684,-39.7467496373186));
#8917=CARTESIAN_POINT('Ctrl Pts',(-10.2028987676423,26.2530615104495,-39.6248101761102));
#8918=CARTESIAN_POINT('Ctrl Pts',(-10.022668987138,26.1929006522742,-39.4094749081242));
#8919=CARTESIAN_POINT('Ctrl Pts',(-9.92279671316758,26.1613681298218,-39.3163391858119));
#8920=CARTESIAN_POINT('Ctrl Pts',(-9.80975583010371,26.1284398873449,-39.2316597163885));
#8921=CARTESIAN_POINT('Origin',(-11.9999972226109,38.9520625948197,-41.3144743769947));
#8922=CARTESIAN_POINT('',(-9.24999491875561,26.0195388149709,-38.9469960204118));
#8923=CARTESIAN_POINT('Ctrl Pts',(-9.24999491875562,26.0195388149709,-38.9469960204118));
#8924=CARTESIAN_POINT('Ctrl Pts',(-9.25428436646594,26.0267286339697,-38.9483122167829));
#8925=CARTESIAN_POINT('Ctrl Pts',(-9.25853135147001,26.0339461945731,-38.9496334916604));
#8926=CARTESIAN_POINT('Ctrl Pts',(-9.26693797372109,26.048421405172,-38.9522833802965));
#8927=CARTESIAN_POINT('Ctrl Pts',(-9.27110036002584,26.0556837380004,-38.9536128513129));
#8928=CARTESIAN_POINT('Ctrl Pts',(-9.27522178634933,26.0629655008758,-38.9549458792892));
#8929=CARTESIAN_POINT('',(11.9999985076781,38.9520625229783,-41.3144743638433));
#8930=CARTESIAN_POINT('',(4.78968411593238E-7,38.9520625948197,-41.3144743769947));
#8931=CARTESIAN_POINT('',(9.14766393015218,26.0648177014603,-38.9553854492458));
#8932=CARTESIAN_POINT('Origin',(21.6644496338241,92.5730146869872,-51.13575591189));
#8933=CARTESIAN_POINT('',(9.12130851679644,26.0195303626251,-38.9469944730923));
#8934=CARTESIAN_POINT('Ctrl Pts',(9.1476133075419,26.0648631633829,-38.9552932728057));
#8935=CARTESIAN_POINT('Ctrl Pts',(9.14331837619508,26.0572582442107,-38.9539010865743));
#8936=CARTESIAN_POINT('Ctrl Pts',(9.13897895197915,26.04967425781,-38.9525127323748));
#8937=CARTESIAN_POINT('Ctrl Pts',(9.13021329621051,26.0345637623583,-38.9497465460103));
#8938=CARTESIAN_POINT('Ctrl Pts',(9.12578398668401,26.0270319074273,-38.9483677352074));
#8939=CARTESIAN_POINT('Ctrl Pts',(9.12130851679646,26.0195303626251,-38.9469944730923));
#8940=CARTESIAN_POINT('',(-10.703355861886,26.0195394836392,-38.9469961428208));
#8941=CARTESIAN_POINT('Ctrl Pts',(11.9999697690165,38.9530245380401,-41.3146504916165));
#8942=CARTESIAN_POINT('Ctrl Pts',(11.0191059866146,34.6208851643097,-40.5215779909909));
#8943=CARTESIAN_POINT('Ctrl Pts',(10.0221519010147,30.2931060339828,-39.7230373088602));
#8944=CARTESIAN_POINT('Ctrl Pts',(9.00632380124498,25.9727596134332,-38.9054138431913));
#8945=CARTESIAN_POINT('Ctrl Pts',(12.4650094016023,39.0126277556088,-41.3255037925216));
#8946=CARTESIAN_POINT('Ctrl Pts',(11.4370125741452,34.6843522273278,-40.5608226298377));
#8947=CARTESIAN_POINT('Ctrl Pts',(10.3956477401228,30.3594961593549,-39.7883125329166));
#8948=CARTESIAN_POINT('Ctrl Pts',(9.34078833272851,26.0425657641722,-38.9931140349064));
#8949=CARTESIAN_POINT('Ctrl Pts',(12.9054771090501,39.1560226526353,-41.4922008051637));
#8950=CARTESIAN_POINT('Ctrl Pts',(11.8291646845923,34.8071662413846,-40.7343487194855));
#8951=CARTESIAN_POINT('Ctrl Pts',(10.7456053390204,30.4621189537569,-39.9643238081787));
#8952=CARTESIAN_POINT('Ctrl Pts',(9.65642300235648,26.121098311641,-39.178024872389));
#8953=CARTESIAN_POINT('Ctrl Pts',(13.7000742720128,39.6374751280056,-42.0862759731144));
#8954=CARTESIAN_POINT('Ctrl Pts',(12.5365864326729,35.1940159671707,-41.3071815703242));
#8955=CARTESIAN_POINT('Ctrl Pts',(11.3735063833512,30.7509274913099,-40.5247051446739));
#8956=CARTESIAN_POINT('Ctrl Pts',(10.2127054953569,26.3084474676482,-39.7359731001686));
#8957=CARTESIAN_POINT('Ctrl Pts',(14.0036133290443,40.0080306326596,-42.5791674392469));
#8958=CARTESIAN_POINT('Ctrl Pts',(12.8180040957364,35.4656909098887,-41.8009094569719));
#8959=CARTESIAN_POINT('Ctrl Pts',(11.6243954789115,30.9257119804187,-41.0232937914361));
#8960=CARTESIAN_POINT('Ctrl Pts',(10.4368361247801,26.3837981252249,-40.2457238480651));
#8961=CARTESIAN_POINT('Ctrl Pts',(14.0451616088291,40.3115010784199,-43.1411452673407));
#8962=CARTESIAN_POINT('Ctrl Pts',(12.8456443477363,35.6846925032393,-42.3399721448378));
#8963=CARTESIAN_POINT('Ctrl Pts',(11.6465549577191,31.0572705138822,-41.5416118205527));
#8964=CARTESIAN_POINT('Ctrl Pts',(10.448501121706,26.4289108844052,-40.7469988874081));
#8965=CARTESIAN_POINT('',(13.7094393648484,39.7261840146815,-42.2222416719679));
#8966=CARTESIAN_POINT('Ctrl Pts',(13.7092340166713,39.7264671111846,-42.2223191936637));
#8967=CARTESIAN_POINT('Ctrl Pts',(13.8312365889073,39.8188300557595,-42.4017703525818));
#8968=CARTESIAN_POINT('Ctrl Pts',(13.9007283402268,39.9021911509109,-42.5758558494608));
#8969=CARTESIAN_POINT('Ctrl Pts',(13.9823430695026,40.0381498076272,-42.8796322441178));
#8970=CARTESIAN_POINT('Ctrl Pts',(13.9948549033351,40.0914142931709,-43.0096293559924));
#8971=CARTESIAN_POINT('Ctrl Pts',(13.9987139139121,40.1323266051069,-43.1100706488126));
#8972=CARTESIAN_POINT('',(9.65597992038982,26.1284972191839,-39.2135343986609));
#8973=CARTESIAN_POINT('Ctrl Pts',(9.65592434936164,26.1285065886894,-39.2136061843716));
#8974=CARTESIAN_POINT('Ctrl Pts',(9.70713619823864,26.142852566139,-39.2504616198219));
#8975=CARTESIAN_POINT('Ctrl Pts',(9.75615023418879,26.1572069831235,-39.2894437938017));
#8976=CARTESIAN_POINT('Ctrl Pts',(9.80268445072645,26.1716079637521,-39.3303481985048));
#8977=CARTESIAN_POINT('Ctrl Pts',(9.80930966800495,26.1736582749593,-39.3361718824296));
#8978=CARTESIAN_POINT('Ctrl Pts',(9.81588455097143,26.1757095327695,-39.3420345831904));
#8979=CARTESIAN_POINT('Ctrl Pts',(9.82240821357925,26.1777618495248,-39.3479357603618));
#8980=CARTESIAN_POINT('Ctrl Pts',(9.84556739680301,26.1850476309373,-39.3688851030182));
#8981=CARTESIAN_POINT('Ctrl Pts',(9.86810320737687,26.1923902280745,-39.3903388828718));
#8982=CARTESIAN_POINT('Ctrl Pts',(9.88990825385922,26.1997333653136,-39.4122092673214));
#8983=CARTESIAN_POINT('Ctrl Pts',(9.89274976061663,26.2006902802233,-39.4150592885424));
#8984=CARTESIAN_POINT('Ctrl Pts',(9.8955833945214,26.2016446031747,-39.4179234885963));
#8985=CARTESIAN_POINT('Ctrl Pts',(9.89840896548401,26.2025962285314,-39.4208016133583));
#8986=CARTESIAN_POINT('Ctrl Pts',(9.91066313045846,26.206723314444,-39.433283697906));
#8987=CARTESIAN_POINT('Ctrl Pts',(9.92275385143065,26.2107956940892,-39.44601561002));
#8988=CARTESIAN_POINT('Ctrl Pts',(9.9346781896024,26.2148146605996,-39.4589866006747));
#8989=CARTESIAN_POINT('Ctrl Pts',(9.94064035868827,26.2168241438548,-39.465472096002));
#8990=CARTESIAN_POINT('Ctrl Pts',(9.94656092061114,26.2188202583289,-39.4720173685184));
#8991=CARTESIAN_POINT('Ctrl Pts',(9.9524524551014,26.2208536669266,-39.4786301533199));
#8992=CARTESIAN_POINT('Ctrl Pts',(9.9561667547653,26.2221356230764,-39.4827991630076));
#8993=CARTESIAN_POINT('Ctrl Pts',(9.9603258091371,26.2235877556707,-39.4875141687766));
#8994=CARTESIAN_POINT('Ctrl Pts',(9.96406055160235,26.2248986379425,-39.4917923574954));
#8995=CARTESIAN_POINT('Ctrl Pts',(9.96624976951651,26.2256670462007,-39.4943001307811));
#8996=CARTESIAN_POINT('Ctrl Pts',(9.9682938267557,26.2263871169929,-39.4966567810242));
#8997=CARTESIAN_POINT('Ctrl Pts',(9.97002205490477,26.2269974551546,-39.4986574771557));
#8998=CARTESIAN_POINT('Ctrl Pts',(9.98935825781705,26.2338261962241,-39.5210421758335));
#8999=CARTESIAN_POINT('Ctrl Pts',(10.0094709557644,26.2407893507636,-39.5455159402955));
#9000=CARTESIAN_POINT('Ctrl Pts',(10.0301470474206,26.2478872029893,-39.5722847733975));
#9001=CARTESIAN_POINT('Ctrl Pts',(10.0494756971609,26.2545224947001,-39.5973091062157));
#9002=CARTESIAN_POINT('Ctrl Pts',(10.0692966212841,26.2612754214322,-39.6243396631432));
#9003=CARTESIAN_POINT('Ctrl Pts',(10.0893976858638,26.2681425365273,-39.6535291057326));
#9004=CARTESIAN_POINT('Ctrl Pts',(10.1101993947549,26.2752490123342,-39.6837359778624));
#9005=CARTESIAN_POINT('Ctrl Pts',(10.1313024880294,26.2824786808746,-39.7162565096381));
#9006=CARTESIAN_POINT('Ctrl Pts',(10.1524276633085,26.2898290286921,-39.7512361712529));
#9007=CARTESIAN_POINT('Ctrl Pts',(10.162990250948,26.2935042026008,-39.7687260020603));
#9008=CARTESIAN_POINT('Ctrl Pts',(10.1735575913264,26.2972095384052,-39.786830142344));
#9009=CARTESIAN_POINT('Ctrl Pts',(10.1840898069171,26.3009446776553,-39.8055633615633));
#9010=CARTESIAN_POINT('Ctrl Pts',(10.1893559147124,26.3028122472803,-39.814929971173));
#9011=CARTESIAN_POINT('Ctrl Pts',(10.1946132157418,26.3046872718771,-39.8244538647588));
#9012=CARTESIAN_POINT('Ctrl Pts',(10.1998563434939,26.306569697934,-39.8341365501266));
#9013=CARTESIAN_POINT('Ctrl Pts',(10.2030710529319,26.3077238664185,-39.8400732774979));
#9014=CARTESIAN_POINT('Ctrl Pts',(10.2066180730551,26.3090029901266,-39.8467024502332));
#9015=CARTESIAN_POINT('Ctrl Pts',(10.2098725056907,26.3101817517347,-39.8528625831266));
#9016=CARTESIAN_POINT('Ctrl Pts',(10.2119259885597,26.3109255270836,-39.8567495056056));
#9017=CARTESIAN_POINT('Ctrl Pts',(10.2138639502904,26.3116295673315,-39.8604488914604));
#9018=CARTESIAN_POINT('Ctrl Pts',(10.2155377086579,26.3122391416602,-39.8636624947623));
#9019=CARTESIAN_POINT('Ctrl Pts',(10.2574142371774,26.3274903614661,-39.9440651101798));
#9020=CARTESIAN_POINT('Ctrl Pts',(10.2946249783765,26.3416816736787,-40.0284224969498));
#9021=CARTESIAN_POINT('Ctrl Pts',(10.3263579728329,26.3548224807715,-40.115542723125));
#9022=CARTESIAN_POINT('Ctrl Pts',(10.3596387928556,26.3686042509228,-40.2069123722032));
#9023=CARTESIAN_POINT('Ctrl Pts',(10.3868938495785,26.3812304818969,-40.3013204191928));
#9024=CARTESIAN_POINT('Ctrl Pts',(10.407188066412,26.3927190080777,-40.3973334511935));
#9025=CARTESIAN_POINT('Ctrl Pts',(10.4290898735418,26.4051175887512,-40.5009520794007));
#9026=CARTESIAN_POINT('Ctrl Pts',(10.4428833236072,26.416190988497,-40.6064392791825));
#9027=CARTESIAN_POINT('Ctrl Pts',(10.4474080751375,26.4259708257904,-40.7119366706648));
#9028=CARTESIAN_POINT('Ctrl Pts',(10.4479093204287,26.4270542217203,-40.7236235158671));
#9029=CARTESIAN_POINT('Ctrl Pts',(10.4482968454712,26.4281217526119,-40.7353104409681));
#9030=CARTESIAN_POINT('Ctrl Pts',(10.4485690923797,26.4291734684172,-40.7469948884265));
#9031=CARTESIAN_POINT('Ctrl Pts',(9.65592460258042,26.1284977958617,-39.2135361702727));
#9032=CARTESIAN_POINT('Ctrl Pts',(9.61753323465389,26.1228013053777,-39.1858330124232));
#9033=CARTESIAN_POINT('Ctrl Pts',(9.57791315645543,26.117240897307,-39.1595285260295));
#9034=CARTESIAN_POINT('Ctrl Pts',(9.5371932427921,26.1118215612138,-39.1347012519334));
#9035=CARTESIAN_POINT('Ctrl Pts',(9.51683328596044,26.1091118931672,-39.1222876148854));
#9036=CARTESIAN_POINT('Ctrl Pts',(9.49619580741771,26.1064374931149,-39.1102423810114));
#9037=CARTESIAN_POINT('Ctrl Pts',(9.47530458288115,26.1038021665225,-39.0985824781548));
#9038=CARTESIAN_POINT('Ctrl Pts',(9.46485897061287,26.1024845032262,-39.0927525267266));
#9039=CARTESIAN_POINT('Ctrl Pts',(9.45434991815907,26.1011766082949,-39.0870189079413));
#9040=CARTESIAN_POINT('Ctrl Pts',(9.44378037551433,26.099878959654,-39.0813837397215));
#9041=CARTESIAN_POINT('Ctrl Pts',(9.43585321853078,26.0989057231733,-39.0771573635567));
#9042=CARTESIAN_POINT('Ctrl Pts',(9.42789203551092,26.0979382502309,-39.0729863658599));
#9043=CARTESIAN_POINT('Ctrl Pts',(9.4198980655923,26.096976743361,-39.0688716414538));
#9044=CARTESIAN_POINT('Ctrl Pts',(9.41723340895276,26.096656241071,-39.0675000666518));
#9045=CARTESIAN_POINT('Ctrl Pts',(9.41353394696671,26.0962132251737,-39.0656102529749));
#9046=CARTESIAN_POINT('Ctrl Pts',(9.41189321237689,26.0960172327656,-39.0647757080273));
#9047=CARTESIAN_POINT('Ctrl Pts',(9.39876733565829,26.094449293501,-39.0580993484467));
#9048=CARTESIAN_POINT('Ctrl Pts',(9.38353322886908,26.0925943655192,-39.0505415533527));
#9049=CARTESIAN_POINT('Ctrl Pts',(9.36610527204643,26.0904746700112,-39.0422706285358));
#9050=CARTESIAN_POINT('Ctrl Pts',(9.34963141751412,26.0884710183034,-39.0344524996716));
#9051=CARTESIAN_POINT('Ctrl Pts',(9.33119672747055,26.086230795206,-39.0259972144849));
#9052=CARTESIAN_POINT('Ctrl Pts',(9.31072506028367,26.0837727685287,-39.0170950127111));
#9053=CARTESIAN_POINT('Ctrl Pts',(9.29085224504314,26.0813866458173,-39.0084532245524));
#9054=CARTESIAN_POINT('Ctrl Pts',(9.26905930931001,26.0787952758409,-38.9993900857779));
#9055=CARTESIAN_POINT('Ctrl Pts',(9.24528139520544,26.0760158270908,-38.9901277999142));
#9056=CARTESIAN_POINT('Ctrl Pts',(9.22258531586805,26.0733628362073,-38.9812869245589));
#9057=CARTESIAN_POINT('Ctrl Pts',(9.19808028653247,26.0705384914376,-38.9722645555001));
#9058=CARTESIAN_POINT('Ctrl Pts',(9.17172187704551,26.0675577229049,-38.9633000792315));
#9059=CARTESIAN_POINT('Ctrl Pts',(9.16385855461641,26.0666684907958,-38.9606257688812));
#9060=CARTESIAN_POINT('Ctrl Pts',(9.15583039826884,26.0657653374925,-38.9579569384157));
#9061=CARTESIAN_POINT('Ctrl Pts',(9.14763654866862,26.064848659386,-38.9553008065098));
#9062=CARTESIAN_POINT('Ctrl Pts',(13.7100932833902,39.7262632755795,-42.2216540976683));
#9063=CARTESIAN_POINT('Ctrl Pts',(13.6828237524861,39.6982558958053,-42.1830190833543));
#9064=CARTESIAN_POINT('Ctrl Pts',(13.6549644636515,39.6713824785267,-42.1464681722093));
#9065=CARTESIAN_POINT('Ctrl Pts',(13.6268292185206,39.6456643774428,-42.1118776521692));
#9066=CARTESIAN_POINT('Ctrl Pts',(13.5973709155947,39.6187368845815,-42.0756605155148));
#9067=CARTESIAN_POINT('Ctrl Pts',(13.5676101254534,39.5930757344309,-42.0415923088462));
#9068=CARTESIAN_POINT('Ctrl Pts',(13.5378606438788,39.5686716253145,-42.009525227136));
#9069=CARTESIAN_POINT('Ctrl Pts',(13.5072637391794,39.5435723576504,-41.9765447047488));
#9070=CARTESIAN_POINT('Ctrl Pts',(13.476678671836,39.5198024319706,-41.9456807176328));
#9071=CARTESIAN_POINT('Ctrl Pts',(13.4463997806024,39.4973209740441,-41.9167695326426));
#9072=CARTESIAN_POINT('Ctrl Pts',(13.4148199984307,39.4738736311827,-41.886616218333));
#9073=CARTESIAN_POINT('Ctrl Pts',(13.3835732283478,39.451827517359,-41.8585868510421));
#9074=CARTESIAN_POINT('Ctrl Pts',(13.3529440630782,39.4311083808228,-41.8324962574254));
#9075=CARTESIAN_POINT('Ctrl Pts',(13.3429884868078,39.4243739190043,-41.8240158795763));
#9076=CARTESIAN_POINT('Ctrl Pts',(13.3330977872976,39.417779459944,-41.8157403510915));
#9077=CARTESIAN_POINT('Ctrl Pts',(13.3232806950162,39.4113219501992,-41.8076633966831));
#9078=CARTESIAN_POINT('Ctrl Pts',(13.2944629985377,39.3923661789281,-41.7839538079432));
#9079=CARTESIAN_POINT('Ctrl Pts',(13.266278863599,39.3746351742905,-41.7619517956045));
#9080=CARTESIAN_POINT('Ctrl Pts',(13.2389806286826,39.358067776741,-41.7415429228561));
#9081=CARTESIAN_POINT('Ctrl Pts',(13.2100626230224,39.3405173344658,-41.7199230672331));
#9082=CARTESIAN_POINT('Ctrl Pts',(13.1819564611757,39.3243535773628,-41.7001306244935));
#9083=CARTESIAN_POINT('Ctrl Pts',(13.1550121815196,39.3094435670858,-41.6820354916441));
#9084=CARTESIAN_POINT('Ctrl Pts',(13.152656639694,39.3081400936481,-41.6804535661738));
#9085=CARTESIAN_POINT('Ctrl Pts',(13.1503099461706,39.3068462029157,-41.6788846044578));
#9086=CARTESIAN_POINT('Ctrl Pts',(13.1479723168257,39.3055618066542,-41.6773285152597));
#9087=CARTESIAN_POINT('Ctrl Pts',(13.1223970114455,39.2915096102753,-41.6603038075025));
#9088=CARTESIAN_POINT('Ctrl Pts',(13.0978505704653,39.2785259510719,-41.6447787512656));
#9089=CARTESIAN_POINT('Ctrl Pts',(13.0745296756306,39.2666315684469,-41.6306098039807));
#9090=CARTESIAN_POINT('Ctrl Pts',(13.0730852804918,39.2658948819448,-41.6297322408029));
#9091=CARTESIAN_POINT('Ctrl Pts',(13.0716455708546,39.2651623775565,-41.6288598827554));
#9092=CARTESIAN_POINT('Ctrl Pts',(13.070210587361,39.2644340616647,-41.6279926970181));
#9093=CARTESIAN_POINT('Ctrl Pts',(13.0579086274013,39.2581902874481,-41.6205584064733));
#9094=CARTESIAN_POINT('Ctrl Pts',(13.0459545347235,39.2522540908235,-41.6135043232097));
#9095=CARTESIAN_POINT('Ctrl Pts',(13.0343708116725,39.2466188449011,-41.6068092012895));
#9096=CARTESIAN_POINT('Ctrl Pts',(13.028578950147,39.2438012219398,-41.6034616403295));
#9097=CARTESIAN_POINT('Ctrl Pts',(13.0228796604407,39.241058836443,-41.6002038506204));
#9098=CARTESIAN_POINT('Ctrl Pts',(13.017275505491,39.238390892516,-41.5970332872338));
#9099=CARTESIAN_POINT('Ctrl Pts',(13.0144734280161,39.2370569205525,-41.5954480055405));
#9100=CARTESIAN_POINT('Ctrl Pts',(13.011695133031,39.2357415589511,-41.5938845323273));
#9101=CARTESIAN_POINT('Ctrl Pts',(13.008940930802,39.2344447093227,-41.5923425590786));
#9102=CARTESIAN_POINT('Ctrl Pts',(13.0075638296876,39.2337962845085,-41.5915715724543));
#9103=CARTESIAN_POINT('Ctrl Pts',(13.0061927516931,39.2331524876844,-41.5908059609379));
#9104=CARTESIAN_POINT('Ctrl Pts',(13.0048277347329,39.2325133066733,-41.5900456864222));
#9105=CARTESIAN_POINT('Ctrl Pts',(13.0034627177728,39.2318741256623,-41.5892854119065));
#9106=CARTESIAN_POINT('Ctrl Pts',(13.0031131627216,39.2317095905225,-41.5890897983007));
#9107=CARTESIAN_POINT('Ctrl Pts',(13.0007509044659,39.2306095989341,-41.5877808361645));
#9108=CARTESIAN_POINT('Ctrl Pts',(12.9335776429279,39.1993301981844,-41.5505591413293));
#9109=CARTESIAN_POINT('Ctrl Pts',(12.8640236010492,39.1703781460711,-41.5167162529956));
#9110=CARTESIAN_POINT('Ctrl Pts',(12.7926670932156,39.1437919779848,-41.486545383757));
#9111=CARTESIAN_POINT('Ctrl Pts',(12.7232273324269,39.117919955821,-41.4571849511024));
#9112=CARTESIAN_POINT('Ctrl Pts',(12.6520807631378,39.0942884172641,-41.4313019143085));
#9113=CARTESIAN_POINT('Ctrl Pts',(12.5797368678127,39.0729165563439,-41.4091263956861));
#9114=CARTESIAN_POINT('Ctrl Pts',(12.5083116461806,39.0518160903535,-41.3872324774046));
#9115=CARTESIAN_POINT('Ctrl Pts',(12.4357194588209,39.0329182987911,-41.3689525767784));
#9116=CARTESIAN_POINT('Ctrl Pts',(12.3624253858566,39.0162253425555,-41.3544679460967));
#9117=CARTESIAN_POINT('Ctrl Pts',(12.2903127394555,38.999801459945,-41.3402167930586));
#9118=CARTESIAN_POINT('Ctrl Pts',(12.2175207498473,38.9855119080941,-41.3296395547236));
#9119=CARTESIAN_POINT('Ctrl Pts',(12.1444660275632,38.9733426912676,-41.322869181747));
#9120=CARTESIAN_POINT('Ctrl Pts',(12.0963872250549,38.9653338815125,-41.3184134612258));
#9121=CARTESIAN_POINT('Ctrl Pts',(12.0481940859912,38.9582431085217,-41.3156057688006));
#9122=CARTESIAN_POINT('Ctrl Pts',(11.9999986822097,38.9520624871101,-41.3144743572776));
#9123=CARTESIAN_POINT('Origin',(12.0000004789684,39.1681483474294,-40.134090139757));
#9124=CARTESIAN_POINT('',(11.9999985932727,39.4787312015525,-41.2932011313043));
#9125=CARTESIAN_POINT('Origin',(12.0000004789684,39.9963692917574,-43.2250527838821));
#9126=CARTESIAN_POINT('',(11.9999990275776,40.0166764848533,-40.982618277181));
#9127=CARTESIAN_POINT('Origin',(11.9999990284276,39.1681483474294,-40.134090139757));
#9128=CARTESIAN_POINT('Origin',(12.0000004789684,41.4308900472263,-42.396831839554));
#9129=CARTESIAN_POINT('Origin',(12.0000004790432,39.1681483474294,-40.134090139757));
#9130=CARTESIAN_POINT('',(12.0000004790433,46.5927695498881,-47.5587113422158));
#9131=CARTESIAN_POINT('Origin',(12.0000004790432,45.1785559875679,-46.1444977798956));
#9132=CARTESIAN_POINT('Origin',(12.0000004790434,39.1681483474294,-40.134090139757));
#9133=CARTESIAN_POINT('Origin',(4.79005959335931E-7,39.1681483474294,-40.134090139757));
#9134=CARTESIAN_POINT('',(-11.9999995210314,46.5927695498886,-47.5587113422163));
#9135=CARTESIAN_POINT('',(12.0000004790433,46.5927695498881,-47.5587113422158));
#9136=CARTESIAN_POINT('Origin',(-11.9999995210315,39.1681483474294,-40.1340901397571));
#9137=CARTESIAN_POINT('Origin',(-11.9999995210316,39.1681483474294,-40.134090139757));
#9138=CARTESIAN_POINT('Origin',(-11.9999995210316,45.178555987515,-46.1444977798427));
#9139=CARTESIAN_POINT('Origin',(-11.9999995210316,39.1681483474294,-40.134090139757));
#9140=CARTESIAN_POINT('',(-11.999998083677,40.0166764848531,-40.9826182771807));
#9141=CARTESIAN_POINT('Origin',(-11.9999995210316,41.4308900472263,-42.396831839554));
#9142=CARTESIAN_POINT('',(-11.9999980845187,39.4787312015523,-41.2932011313036));
#9143=CARTESIAN_POINT('Origin',(-11.9999980845187,39.1681483474294,-40.134090139757));
#9144=CARTESIAN_POINT('Origin',(-11.9999995210316,39.9963692917574,-43.2250527838821));
#9145=CARTESIAN_POINT('Origin',(11.9999981581031,41.4308900472263,-39.5684047148078));
#9146=CARTESIAN_POINT('',(11.9999990275776,41.4308900472264,-39.5684047148079));
#9147=CARTESIAN_POINT('',(-11.999998083677,41.4308900472262,-39.5684047148076));
#9148=CARTESIAN_POINT('',(4.78968411593238E-7,41.4308900472263,-39.5684047148078));
#9149=CARTESIAN_POINT('',(11.9999990284276,41.4308900472261,-39.5684047148076));
#9150=CARTESIAN_POINT('',(4.78968411593238E-7,40.0166764848532,-40.9826182771809));
#9151=CARTESIAN_POINT('',(-11.9999980845187,41.4308900472261,-39.5684047148076));
#9152=CARTESIAN_POINT('Origin',(12.0000004789684,42.8451036095994,-40.9826182771809));
#9153=CARTESIAN_POINT('Origin',(12.0000004789684,42.8451036095994,-40.9826182771809));
#9154=CARTESIAN_POINT('Origin',(12.0000004790432,46.592769549941,-44.7302842175225));
#9155=CARTESIAN_POINT('',(12.0000004790433,48.0069831122612,-46.1444977798427));
#9156=CARTESIAN_POINT('',(12.0000004790433,48.0069831122612,-46.1444977798427));
#9157=CARTESIAN_POINT('Origin',(12.0000004790432,46.592769549941,-44.7302842175225));
#9158=CARTESIAN_POINT('Origin',(-11.9999995210315,48.0069831122617,-46.1444977798432));
#9159=CARTESIAN_POINT('',(-11.9999995210315,48.0069831122617,-46.1444977798432));
#9160=CARTESIAN_POINT('',(-11.9999995210315,48.0069831122617,-46.1444977798432));
#9161=CARTESIAN_POINT('',(12.0000004790433,48.0069831122612,-46.1444977798427));
#9162=CARTESIAN_POINT('Origin',(-11.9999995210316,46.5927695498881,-44.7302842174696));
#9163=CARTESIAN_POINT('Origin',(-11.9999995210316,46.5927695498881,-44.7302842174696));
#9164=CARTESIAN_POINT('Origin',(-11.9999995210316,42.8451036095994,-40.9826182771809));
#9165=CARTESIAN_POINT('Origin',(-11.9999995210316,42.8451036095994,-40.9826182771809));
#9166=CARTESIAN_POINT('Origin',(12.0000004789684,40.5823619098025,-38.7198765773839));
#9167=CARTESIAN_POINT('',(11.9999990275776,41.6215923943439,-39.319876577384));
#9168=CARTESIAN_POINT('Origin',(11.9999990284276,40.5823619098025,-38.7198765773839));
#9169=CARTESIAN_POINT('Origin',(12.0000004789684,43.3536432019127,-40.319876577384));
#9170=CARTESIAN_POINT('Origin',(12.0000004790432,40.5823619098025,-38.7198765773839));
#9171=CARTESIAN_POINT('',(12.0000004790433,49.6756286495391,-43.969876577384));
#9172=CARTESIAN_POINT('Origin',(12.0000004790439,40.5823619098028,-38.7198765773842));
#9173=CARTESIAN_POINT('Origin',(12.0000004790432,47.943577842035,-42.9698765774213));
#9174=CARTESIAN_POINT('Origin',(4.79005959335931E-7,40.5823619098025,-38.7198765773839));
#9175=CARTESIAN_POINT('',(-11.9999995210314,49.6756286495397,-43.9698765773843));
#9176=CARTESIAN_POINT('',(12.0000004790433,49.6756286495391,-43.969876577384));
#9177=CARTESIAN_POINT('Origin',(-11.9999995210315,40.5823619098029,-38.7198765773843));
#9178=CARTESIAN_POINT('Origin',(-11.9999995210316,40.5823619098025,-38.7198765773839));
#9179=CARTESIAN_POINT('Origin',(-11.9999995210316,47.9435778419702,-42.969876577384));
#9180=CARTESIAN_POINT('Origin',(-11.9999995210316,40.5823619098025,-38.7198765773839));
#9181=CARTESIAN_POINT('',(-11.999998083677,41.6215923943436,-39.3198765773838));
#9182=CARTESIAN_POINT('Origin',(-11.9999980845187,40.5823619098025,-38.7198765773839));
#9183=CARTESIAN_POINT('Origin',(-11.9999995210316,43.3536432019127,-40.319876577384));
#9184=CARTESIAN_POINT('Origin',(11.9999981581031,42.1215923943438,-38.4538511735995));
#9185=CARTESIAN_POINT('',(11.9999990275776,42.1215923943439,-38.4538511735996));
#9186=CARTESIAN_POINT('',(-11.999998083677,42.1215923943436,-38.4538511735994));
#9187=CARTESIAN_POINT('',(4.78968411593238E-7,42.1215923943438,-38.4538511735995));
#9188=CARTESIAN_POINT('',(11.9999990284276,42.1215923943435,-38.4538511735994));
#9189=CARTESIAN_POINT('',(4.78968411593238E-7,41.6215923943438,-39.319876577384));
#9190=CARTESIAN_POINT('',(-11.9999980845187,42.1215923943435,-38.4538511735994));
#9191=CARTESIAN_POINT('Origin',(12.0000004789684,43.8536432019127,-39.4538511735995));
#9192=CARTESIAN_POINT('Origin',(12.0000004789684,43.8536432019127,-39.4538511735995));
#9193=CARTESIAN_POINT('Origin',(12.0000004790432,48.443577842035,-42.1038511736369));
#9194=CARTESIAN_POINT('',(12.0000004790433,50.1756286495391,-43.1038511735995));
#9195=CARTESIAN_POINT('',(12.0000004790433,50.1756286495391,-43.1038511735995));
#9196=CARTESIAN_POINT('Origin',(12.0000004790432,48.443577842035,-42.1038511736369));
#9197=CARTESIAN_POINT('Origin',(-11.9999995210315,50.1756286495397,-43.1038511735998));
#9198=CARTESIAN_POINT('',(-11.9999995210315,50.1756286495397,-43.1038511735999));
#9199=CARTESIAN_POINT('',(-11.9999995210315,50.1756286495397,-43.1038511735999));
#9200=CARTESIAN_POINT('',(12.0000004790433,50.1756286495391,-43.1038511735995));
#9201=CARTESIAN_POINT('Origin',(-11.9999995210316,48.4435778419702,-42.1038511735995));
#9202=CARTESIAN_POINT('Origin',(-11.9999995210316,48.4435778419702,-42.1038511735995));
#9203=CARTESIAN_POINT('Origin',(-11.9999995210316,43.8536432019127,-39.4538511735995));
#9204=CARTESIAN_POINT('Origin',(-11.9999995210316,43.8536432019127,-39.4538511735995));
#9205=CARTESIAN_POINT('Origin',(12.0000004789684,41.0823619098025,-37.8538511735995));
#9206=CARTESIAN_POINT('',(11.9999990275776,42.2414729013495,-38.1644340277226));
#9207=CARTESIAN_POINT('Origin',(11.9999990284276,41.0823619098025,-37.8538511735995));
#9208=CARTESIAN_POINT('Origin',(12.0000004789684,44.1733245539275,-38.6820721179276));
#9209=CARTESIAN_POINT('Origin',(12.0000004790432,41.0823619098025,-37.8538511735995));
#9210=CARTESIAN_POINT('',(12.0000004790433,51.2245830858377,-40.571451147176));
#9211=CARTESIAN_POINT('Origin',(12.0000004790428,41.082361909803,-37.8538511735997));
#9212=CARTESIAN_POINT('Origin',(12.0000004790432,49.2927314333318,-40.0538130569903));
#9213=CARTESIAN_POINT('Origin',(4.79005959335931E-7,41.0823619098025,-37.8538511735995));
#9214=CARTESIAN_POINT('',(-11.9999995210314,51.2245830858383,-40.5714511471762));
#9215=CARTESIAN_POINT('',(12.0000004790433,51.2245830858377,-40.571451147176));
#9216=CARTESIAN_POINT('Origin',(-11.9999995210315,41.082361909803,-37.8538511735998));
#9217=CARTESIAN_POINT('Origin',(-11.9999995210316,41.0823619098025,-37.8538511735995));
#9218=CARTESIAN_POINT('Origin',(-11.9999995210316,49.2927314332596,-40.053813056971));
#9219=CARTESIAN_POINT('Origin',(-11.9999995210316,41.0823619098025,-37.8538511735995));
#9220=CARTESIAN_POINT('',(-11.999998083677,42.2414729013491,-38.1644340277225));
#9221=CARTESIAN_POINT('Origin',(-11.9999980845187,41.0823619098025,-37.8538511735995));
#9222=CARTESIAN_POINT('Origin',(-11.9999995210316,44.1733245539275,-38.6820721179276));
#9223=CARTESIAN_POINT('Origin',(11.9999981581031,42.7591109915544,-36.2325823751444));
#9224=CARTESIAN_POINT('',(-11.999998083677,42.7591109915542,-36.2325823751443));
#9225=CARTESIAN_POINT('',(-11.9999980845187,42.7591109915541,-36.2325823751443));
#9226=CARTESIAN_POINT('',(11.9999990275776,42.7591109915545,-36.2325823751444));
#9227=CARTESIAN_POINT('',(4.78968411593238E-7,42.7591109915544,-36.2325823751444));
#9228=CARTESIAN_POINT('',(11.9999990284276,42.7591109915541,-36.2325823751443));
#9229=CARTESIAN_POINT('',(4.78968411593238E-7,42.2414729013494,-38.1644340277225));
#9230=CARTESIAN_POINT('Origin',(12.0000004789684,44.6909626441325,-36.7502204653495));
#9231=CARTESIAN_POINT('Origin',(12.0000004789684,44.6909626441325,-36.7502204653495));
#9232=CARTESIAN_POINT('Origin',(12.0000004790432,49.8103695235368,-38.1219614044122));
#9233=CARTESIAN_POINT('',(12.0000004790433,51.7422211760427,-38.6395994945979));
#9234=CARTESIAN_POINT('',(12.0000004790433,51.7422211760427,-38.6395994945979));
#9235=CARTESIAN_POINT('Origin',(12.0000004790432,49.8103695235368,-38.1219614044122));
#9236=CARTESIAN_POINT('Origin',(-11.9999995210315,51.7422211760434,-38.639599494598));
#9237=CARTESIAN_POINT('',(-11.9999995210315,51.7422211760434,-38.639599494598));
#9238=CARTESIAN_POINT('',(-11.9999995210315,51.7422211760434,-38.639599494598));
#9239=CARTESIAN_POINT('',(12.0000004790433,51.7422211760427,-38.6395994945979));
#9240=CARTESIAN_POINT('Origin',(-11.9999995210316,49.8103695234646,-38.1219614043928));
#9241=CARTESIAN_POINT('Origin',(-11.9999995210316,49.8103695234646,-38.1219614043928));
#9242=CARTESIAN_POINT('Origin',(-11.9999995210316,44.6909626441325,-36.7502204653495));
#9243=CARTESIAN_POINT('Origin',(-11.9999995210316,44.6909626441325,-36.7502204653495));
#9244=CARTESIAN_POINT('Origin',(12.0000004789684,41.6000000000075,-35.9219995210214));
#9245=CARTESIAN_POINT('Origin',(11.9999990284276,41.6000000000075,-35.9219995210214));
#9246=CARTESIAN_POINT('Origin',(12.0000004790432,41.6000000000075,-35.9219995210214));
#9247=CARTESIAN_POINT('Origin',(12.0000004790433,41.6000000000076,-35.9219995210214));
#9248=CARTESIAN_POINT('Origin',(4.79005959335931E-7,41.6000000000075,-35.9219995210214));
#9249=CARTESIAN_POINT('Origin',(-11.9999995210315,41.6000000000079,-35.9219995210214));
#9250=CARTESIAN_POINT('Origin',(-11.9999995210316,41.6000000000075,-35.9219995210214));
#9251=CARTESIAN_POINT('Origin',(-11.9999995210316,41.6000000000075,-35.9219995210214));
#9252=CARTESIAN_POINT('Origin',(-11.9999980845187,41.6000000000075,-35.9219995210214));
#9253=CARTESIAN_POINT('Origin',(11.610280552394,26.1284635035207,-40.7469942634582));
#9254=CARTESIAN_POINT('',(10.4102805523969,26.1284635026483,-40.7469948802216));
#9255=CARTESIAN_POINT('',(10.4102802997676,26.128463503175,-51.6779104269431));
#9256=CARTESIAN_POINT('',(10.410280552394,26.1284635035207,-40.7469943090611));
#9257=CARTESIAN_POINT('Origin',(11.6118741585313,26.1282605935025,-40.7470016226381));
#9258=CARTESIAN_POINT('',(10.4102809704207,26.128463503164,-51.7469944477283));
#9259=CARTESIAN_POINT('Origin',(11.6102809704207,26.1284635035206,-51.7469944021254));
#9260=CARTESIAN_POINT('',(10.410280552394,26.1284635035207,-40.7469943090611));
#9261=CARTESIAN_POINT('Origin',(8.61028097042075,26.1284635035205,-51.7469945161327));
#9262=CARTESIAN_POINT('Origin',(8.61028097042075,26.1284635035205,-51.7469945161327));
#9263=CARTESIAN_POINT('Origin',(-8.7389621794553,26.1284635035206,-51.7469959773699));
#9264=CARTESIAN_POINT('',(-10.5389621794553,26.1284635031639,-51.7469959429385));
#9265=CARTESIAN_POINT('Origin',(-11.7389621794553,26.1284635035206,-51.7469959199843));
#9266=CARTESIAN_POINT('Origin',(-8.7389621794553,26.1284635035206,-51.7469959773699));
#9267=CARTESIAN_POINT('Origin',(-11.7389619116555,26.1284635035207,-37.7469962300445));
#9268=CARTESIAN_POINT('Origin',(-11.7389619690409,26.1284635035207,-40.7469948699452));
#9269=CARTESIAN_POINT('',(-10.5389619116555,26.1284635035207,-37.7469962529988));
#9270=CARTESIAN_POINT('Ctrl Pts',(-10.5746736573436,26.4190368336978,-40.7469950792867));
#9271=CARTESIAN_POINT('Ctrl Pts',(-10.5746733065719,26.4190368336978,-40.2464003573212));
#9272=CARTESIAN_POINT('Ctrl Pts',(-10.3674289607732,26.4189429743457,-39.7251320963511));
#9273=CARTESIAN_POINT('Ctrl Pts',(-9.97826652083591,26.4190437542282,-39.3230444764114));
#9274=CARTESIAN_POINT('Ctrl Pts',(-9.90760687187376,26.4190368336978,-39.2602816698589));
#9275=CARTESIAN_POINT('Ctrl Pts',(-9.83133219893842,26.4190368336979,-39.203023580097));
#9276=CARTESIAN_POINT('Ctrl Pts',(-10.5509837391167,26.3241145178316,-40.7469950958865));
#9277=CARTESIAN_POINT('Ctrl Pts',(-10.5510496549579,26.324114624869,-40.2524891944681));
#9278=CARTESIAN_POINT('Ctrl Pts',(-10.3458560810699,26.3240207286936,-39.7367718169314));
#9279=CARTESIAN_POINT('Ctrl Pts',(-9.96208483282706,26.3241212160265,-39.3404111986729));
#9280=CARTESIAN_POINT('Ctrl Pts',(-9.89239161069101,26.3241147115256,-39.2784714936023));
#9281=CARTESIAN_POINT('Ctrl Pts',(-9.81710996948013,26.3241145178316,-39.2219693029608));
#9282=CARTESIAN_POINT('Ctrl Pts',(-10.5389610201656,26.2262863969318,-40.7469951043109));
#9283=CARTESIAN_POINT('Ctrl Pts',(-10.5389611975133,26.2262863969312,-40.2556214270262));
#9284=CARTESIAN_POINT('Ctrl Pts',(-10.3348950671053,26.2261896589432,-39.7427184452837));
#9285=CARTESIAN_POINT('Ctrl Pts',(-9.95387594397995,26.2262935296872,-39.3492168277457));
#9286=CARTESIAN_POINT('Ctrl Pts',(-9.88466267597622,26.2262863969473,-39.2877122688215));
#9287=CARTESIAN_POINT('Ctrl Pts',(-9.80989213672964,26.2262863969318,-39.2315843256525));
#9288=CARTESIAN_POINT('Ctrl Pts',(-10.5389619117057,26.128452567025,-40.7469951043103));
#9289=CARTESIAN_POINT('Ctrl Pts',(-10.538961567395,26.128452567025,-40.2556210508029));
#9290=CARTESIAN_POINT('Ctrl Pts',(-10.3348957906619,26.1283558290281,-39.7427184979081));
#9291=CARTESIAN_POINT('Ctrl Pts',(-9.95387718724796,26.1284596997974,-39.3492154739216));
#9292=CARTESIAN_POINT('Ctrl Pts',(-9.88466268028093,26.1284525670251,-39.2877121764734));
#9293=CARTESIAN_POINT('Ctrl Pts',(-9.80989267196524,26.1284525670251,-39.2315836126542));
#9294=CARTESIAN_POINT('Ctrl Pts',(-10.538961911656,26.1284635022114,-40.7469950002889));
#9295=CARTESIAN_POINT('Ctrl Pts',(-10.5389617870315,26.1284635022207,-40.5828428345349));
#9296=CARTESIAN_POINT('Ctrl Pts',(-10.5162019161756,26.1284635022295,-40.4174960467838));
#9297=CARTESIAN_POINT('Ctrl Pts',(-10.4328972035038,26.1284635022475,-40.0967269520274));
#9298=CARTESIAN_POINT('Ctrl Pts',(-10.3708288215172,26.1284635022568,-39.9382448508722));
#9299=CARTESIAN_POINT('Ctrl Pts',(-10.2908763697975,26.1284635022651,-39.791600576816));
#9300=CARTESIAN_POINT('Origin',(-9.09426239552123,26.1269515821006,-39.807141087269));
#9301=CARTESIAN_POINT('Origin',(-11.9999995210316,39.9963692917574,-43.2250527838821));
#9302=CARTESIAN_POINT('Origin',(-11.9999972226109,39.1681483474294,-40.134090139757));
#9303=CARTESIAN_POINT('Origin',(4.78968411593238E-7,39.1681483474294,-40.134090139757));
#9304=CARTESIAN_POINT('Origin',(11.9999981581031,39.1681483474294,-40.134090139757));
#9305=CARTESIAN_POINT('Origin',(12.0000004789684,39.9963692917574,-43.2250527838821));
#9306=CARTESIAN_POINT('Ctrl Pts',(9.67868698584365,26.4291753008303,-39.1821574216053));
#9307=CARTESIAN_POINT('Ctrl Pts',(9.76481973786612,26.4291753008361,-39.2444982507895));
#9308=CARTESIAN_POINT('Ctrl Pts',(9.84422285651817,26.4291756136141,-39.3137873472657));
#9309=CARTESIAN_POINT('Ctrl Pts',(10.2411250857197,26.4292637500439,-39.7238224596631));
#9310=CARTESIAN_POINT('Ctrl Pts',(10.4485693752617,26.4291753007625,-40.2457353183621));
#9311=CARTESIAN_POINT('Ctrl Pts',(10.4485695667034,26.4291753008303,-40.7469956616766));
#9312=CARTESIAN_POINT('Ctrl Pts',(9.66379712441501,26.3310670828593,-39.2027298896304));
#9313=CARTESIAN_POINT('Ctrl Pts',(9.74873771815027,26.3310666999031,-39.2641929775275));
#9314=CARTESIAN_POINT('Ctrl Pts',(9.82698025536246,26.3310678460017,-39.3325181876203));
#9315=CARTESIAN_POINT('Ctrl Pts',(10.2179990859758,26.331155307498,-39.7362994844878));
#9316=CARTESIAN_POINT('Ctrl Pts',(10.4232460304665,26.3310670330257,-40.2522626071473));
#9317=CARTESIAN_POINT('Ctrl Pts',(10.4231740077611,26.3310670828567,-40.7469956718643));
#9318=CARTESIAN_POINT('Ctrl Pts',(9.65623381061998,26.2297314443716,-39.2131796867751));
#9319=CARTESIAN_POINT('Ctrl Pts',(9.74055623579174,26.2297314442953,-39.2742121336684));
#9320=CARTESIAN_POINT('Ctrl Pts',(9.8182319834897,26.2297317675558,-39.3420169396472));
#9321=CARTESIAN_POINT('Ctrl Pts',(10.2062027843317,26.2298228090338,-39.7427156430439));
#9322=CARTESIAN_POINT('Ctrl Pts',(10.4102738075735,26.229731444282,-40.2556227291563));
#9323=CARTESIAN_POINT('Ctrl Pts',(10.4102743187646,26.2297314443716,-40.7469956769873));
#9324=CARTESIAN_POINT('Ctrl Pts',(9.65623746683105,26.1283896623324,-39.213174635195));
#9325=CARTESIAN_POINT('Ctrl Pts',(9.74056127539594,26.1283896623309,-39.2742061939353));
#9326=CARTESIAN_POINT('Ctrl Pts',(9.81823495877635,26.1283899854266,-39.3420136637018));
#9327=CARTESIAN_POINT('Ctrl Pts',(10.2062089896317,26.1284810270385,-39.7427116655422));
#9328=CARTESIAN_POINT('Ctrl Pts',(10.4102803689126,26.1283896622614,-40.2556214487445));
#9329=CARTESIAN_POINT('Ctrl Pts',(10.4102805546664,26.1283896623324,-40.7469956769844));
#9330=CARTESIAN_POINT('',(9.88732982726128,26.1284635023843,-39.4134998043166));
#9331=CARTESIAN_POINT('Origin',(8.95525827746402,26.1302325079231,-39.8064184475407));
#9332=CARTESIAN_POINT('',(10.1623103189869,26.1284635023845,-39.7918097298285));
#9333=CARTESIAN_POINT('Ctrl Pts',(10.1623103189873,26.1284635022657,-39.7918097298283));
#9334=CARTESIAN_POINT('Ctrl Pts',(10.242224054441,26.1284635022574,-39.9384285742235));
#9335=CARTESIAN_POINT('Ctrl Pts',(10.3042665975752,26.1284635022491,-40.0968852080679));
#9336=CARTESIAN_POINT('Ctrl Pts',(10.3875313980469,26.1284635022311,-40.4175794045524));
#9337=CARTESIAN_POINT('Ctrl Pts',(10.4102804166156,26.1284635022213,-40.5828840541741));
#9338=CARTESIAN_POINT('Ctrl Pts',(10.4102805524062,26.1284635022121,-40.7469948802216));
#9339=CARTESIAN_POINT('Origin',(9.39850177043386,26.1278098014299,-40.4953759871459));
#9340=CARTESIAN_POINT('Origin',(4.78968411593238E-7,40.5823619098025,-38.7198765773839));
#9341=CARTESIAN_POINT('Origin',(4.78968411593238E-7,41.0823619098025,-37.8538511735995));
#9342=CARTESIAN_POINT('Origin',(4.78968411593238E-7,41.6000000000075,-35.9219995210214));
#9343=CARTESIAN_POINT('Origin',(11.9999981581031,41.0823619098025,-37.8538511735995));
#9344=CARTESIAN_POINT('',(-11.9999972226109,41.0823619098025,-37.8538511735995));
#9345=CARTESIAN_POINT('Origin',(-11.9999995210316,43.8536432019127,-39.4538511735995));
#9346=CARTESIAN_POINT('Origin',(-11.9999995210316,43.3536432019127,-40.319876577384));
#9347=CARTESIAN_POINT('Ctrl Pts',(-15.1999995210316,43.3536420208305,-40.31987413154));
#9348=CARTESIAN_POINT('Ctrl Pts',(-15.1999995210314,43.1429979581673,-40.6847207526158));
#9349=CARTESIAN_POINT('Ctrl Pts',(-15.1999995210317,42.8451020216011,-40.9826166891826));
#9350=CARTESIAN_POINT('Ctrl Pts',(-15.1999982727118,41.8132135234583,-39.4305083044098));
#9351=CARTESIAN_POINT('Ctrl Pts',(-15.1999982727117,41.7196569091676,-39.5925532923941));
#9352=CARTESIAN_POINT('Ctrl Pts',(-15.1999982727118,41.5873477669887,-39.7248624345733));
#9353=CARTESIAN_POINT('Ctrl Pts',(-13.6893239599687,40.9999999275067,-38.9609997334947));
#9354=CARTESIAN_POINT('Ctrl Pts',(-13.6893239599686,40.9682554032246,-39.0159829230304));
#9355=CARTESIAN_POINT('Ctrl Pts',(-13.6893239599687,40.9233618293337,-39.0608764969215));
#9356=CARTESIAN_POINT('Origin',(-11.9999995210316,42.8451036095994,-40.9826182771809));
#9357=CARTESIAN_POINT('Ctrl Pts',(14.6792273311751,40.1936060308392,-41.1595478231666));
#9358=CARTESIAN_POINT('Ctrl Pts',(14.6792273311752,39.9186153626945,-41.4345384913111));
#9359=CARTESIAN_POINT('Ctrl Pts',(14.6792273311752,39.5429308413032,-41.5350416033038));
#9360=CARTESIAN_POINT('Ctrl Pts',(15.2000002323055,40.7574493853683,-41.7233911776958));
#9361=CARTESIAN_POINT('Ctrl Pts',(15.2000002323055,40.3312563192123,-42.1495842438516));
#9362=CARTESIAN_POINT('Ctrl Pts',(15.2000002323055,39.7490033316496,-42.3053485457727));
#9363=CARTESIAN_POINT('Ctrl Pts',(15.2000004789684,41.4308894611897,-42.3968312535174));
#9364=CARTESIAN_POINT('Ctrl Pts',(15.2000004789684,40.8241041196027,-43.0036165951043));
#9365=CARTESIAN_POINT('Ctrl Pts',(15.2000004789685,39.9951310414272,-43.2253834483306));
#9366=CARTESIAN_POINT('Origin',(12.0000004789684,41.4308900472263,-42.396831839554));
#9367=CARTESIAN_POINT('',(14.731541972435,39.5663465980174,-41.6201666488875));
#9368=CARTESIAN_POINT('Ctrl Pts',(14.7291058142549,39.5667238391695,-41.6215549409214));
#9369=CARTESIAN_POINT('Ctrl Pts',(14.7141995919603,39.5602661607657,-41.5977095173961));
#9370=CARTESIAN_POINT('Ctrl Pts',(14.6989125831627,39.55393784047,-41.5739374407567));
#9371=CARTESIAN_POINT('Ctrl Pts',(14.6833600684949,39.5472508749527,-41.5505450017239));
#9372=CARTESIAN_POINT('Ctrl Pts',(14.6815197017242,39.5464595901092,-41.5477769176937));
#9373=CARTESIAN_POINT('Ctrl Pts',(14.6796756693083,39.5456632788297,-41.5450141201416));
#9374=CARTESIAN_POINT('Ctrl Pts',(14.6778282038518,39.5448611287749,-41.5422570925614));
#9375=CARTESIAN_POINT('Ctrl Pts',(15.2000004789684,39.9963690772531,-43.2250519833411));
#9376=CARTESIAN_POINT('Ctrl Pts',(15.2000013070782,39.8455885555931,-42.6623179766024));
#9377=CARTESIAN_POINT('Ctrl Pts',(15.0299543356245,39.6957738854332,-42.10318898237));
#9378=CARTESIAN_POINT('Ctrl Pts',(14.7339785025868,39.5659695199987,-41.6187789656423));
#9379=CARTESIAN_POINT('Origin',(12.0000004789684,42.8451036095994,-40.9826182771809));
#9380=CARTESIAN_POINT('Ctrl Pts',(12.0000156719707,39.1682322480482,-40.1341054989329));
#9381=CARTESIAN_POINT('Ctrl Pts',(11.0926851172791,34.8216426661604,-39.338401819253));
#9382=CARTESIAN_POINT('Ctrl Pts',(10.1853545625874,30.4750530842727,-38.5426981395729));
#9383=CARTESIAN_POINT('Ctrl Pts',(9.27802400789566,26.1284635023848,-37.746994459893));
#9384=CARTESIAN_POINT('Ctrl Pts',(12.7032105087028,39.1682321129543,-40.1341041498662));
#9385=CARTESIAN_POINT('Ctrl Pts',(11.7489855010627,34.821802860491,-39.3827695086256));
#9386=CARTESIAN_POINT('Ctrl Pts',(10.7926509347818,30.4748927610357,-38.6296403219799));
#9387=CARTESIAN_POINT('Ctrl Pts',(9.83842589999518,26.1284635023848,-37.8783056576465));
#9388=CARTESIAN_POINT('Ctrl Pts',(14.3838036054854,39.3157801318896,-40.6847563602231));
#9389=CARTESIAN_POINT('Ctrl Pts',(13.2819227766982,34.919814734854,-39.9813095722952));
#9390=CARTESIAN_POINT('Ctrl Pts',(12.1774446442886,30.5244288919623,-39.2800257098779));
#9391=CARTESIAN_POINT('Ctrl Pts',(11.0755637820783,26.1284635023846,-38.5765789497832));
#9392=CARTESIAN_POINT('Ctrl Pts',(15.2000315166447,39.7448053341589,-42.2858914029234));
#9393=CARTESIAN_POINT('Ctrl Pts',(14.0001582436086,35.2063823348219,-41.5071946751613));
#9394=CARTESIAN_POINT('Ctrl Pts',(12.8101584622513,30.6668865155271,-40.7244941288089));
#9395=CARTESIAN_POINT('Ctrl Pts',(11.6102853162706,26.1284635023847,-39.9457973495244));
#9396=CARTESIAN_POINT('Ctrl Pts',(15.2000235760313,39.9964647850716,-43.2250921046986));
#9397=CARTESIAN_POINT('Ctrl Pts',(14.0034426528573,35.3737976816369,-42.3990663315778));
#9398=CARTESIAN_POINT('Ctrl Pts',(12.8068614755171,30.751130605819,-41.5730406615244));
#9399=CARTESIAN_POINT('Ctrl Pts',(11.6102805523399,26.1284635023847,-40.7470148884049));
#9400=CARTESIAN_POINT('Origin',(-11.9999995210316,42.8451036095994,-40.9826182771809));
#9401=CARTESIAN_POINT('',(-14.8172915383017,40.3578416584226,-41.3237834507503));
#9402=CARTESIAN_POINT('Origin',(-11.9999995210316,41.4308900472263,-42.396831839554));
#9403=CARTESIAN_POINT('',(-14.9310123598648,40.9860669539352,-41.025524997083));
#9404=CARTESIAN_POINT('Ctrl Pts',(-14.9310124403453,40.9860669611632,-41.0255252943019));
#9405=CARTESIAN_POINT('Ctrl Pts',(-14.9281728654781,40.9673565324965,-41.0350702633005));
#9406=CARTESIAN_POINT('Ctrl Pts',(-14.9253750335294,40.9493399743065,-41.044218064851));
#9407=CARTESIAN_POINT('Ctrl Pts',(-14.9225554801279,40.9315440650086,-41.0531543083558));
#9408=CARTESIAN_POINT('Ctrl Pts',(-14.9190600841956,40.9094825041467,-41.0642325554214));
#9409=CARTESIAN_POINT('Ctrl Pts',(-14.9155325447305,40.8877661347345,-41.0749856690383));
#9410=CARTESIAN_POINT('Ctrl Pts',(-14.9118432207696,40.8655425293446,-41.0857672784151));
#9411=CARTESIAN_POINT('Ctrl Pts',(-14.910282952575,40.8561438468143,-41.0903269761744));
#9412=CARTESIAN_POINT('Ctrl Pts',(-14.908693532091,40.846654326113,-41.0948917705878));
#9413=CARTESIAN_POINT('Ctrl Pts',(-14.9070638028608,40.8370060045182,-41.0994884105303));
#9414=CARTESIAN_POINT('Ctrl Pts',(-14.9028374374588,40.8119850796796,-41.1114088447097));
#9415=CARTESIAN_POINT('Ctrl Pts',(-14.8983274879537,40.7860437322292,-41.1235434454402));
#9416=CARTESIAN_POINT('Ctrl Pts',(-14.8933973486225,40.7584124183983,-41.1363587219954));
#9417=CARTESIAN_POINT('Ctrl Pts',(-14.8904458986961,40.7418708089843,-41.1440306445324));
#9418=CARTESIAN_POINT('Ctrl Pts',(-14.8873433005285,40.7247226140652,-41.1519465125512));
#9419=CARTESIAN_POINT('Ctrl Pts',(-14.8840568576501,40.7067945429348,-41.1602064156535));
#9420=CARTESIAN_POINT('Ctrl Pts',(-14.8753937832861,40.6595360877755,-41.1819795477178));
#9421=CARTESIAN_POINT('Ctrl Pts',(-14.8661439832032,40.6106456193992,-41.2042838047266));
#9422=CARTESIAN_POINT('Ctrl Pts',(-14.8564615361376,40.5602184559515,-41.2275962742915));
#9423=CARTESIAN_POINT('Ctrl Pts',(-14.8467335165353,40.5095539461239,-41.2510184690496));
#9424=CARTESIAN_POINT('Ctrl Pts',(-14.836568792784,40.4573382239623,-41.2754583894409));
#9425=CARTESIAN_POINT('Ctrl Pts',(-14.8261678298958,40.403696695563,-41.3013998913823));
#9426=CARTESIAN_POINT('Ctrl Pts',(-14.8232259756292,40.3885244888273,-41.3087373003308));
#9427=CARTESIAN_POINT('Ctrl Pts',(-14.820265490095,40.3732383922753,-41.3161948372498));
#9428=CARTESIAN_POINT('Ctrl Pts',(-14.8172915383002,40.3578416584212,-41.3237834507465));
#9429=CARTESIAN_POINT('Ctrl Pts',(-14.9310121807761,40.9860668200334,-41.025524681327));
#9430=CARTESIAN_POINT('Ctrl Pts',(-14.9317176836608,40.9907155126176,-41.0231531797453));
#9431=CARTESIAN_POINT('Ctrl Pts',(-14.9324170878285,40.9953609019236,-41.0207704035031));
#9432=CARTESIAN_POINT('Ctrl Pts',(-14.9331099613857,40.9999998466335,-41.0183778801313));
#9433=CARTESIAN_POINT('Ctrl Pts',(-15.1999995210316,41.4308884592279,-42.3968302515555));
#9434=CARTESIAN_POINT('Ctrl Pts',(-15.1999995210316,40.8241590920873,-43.0035596186962));
#9435=CARTESIAN_POINT('Ctrl Pts',(-15.1999995210316,39.9952726713115,-43.2253440891967));
#9436=CARTESIAN_POINT('Ctrl Pts',(-15.199998853671,40.7584842030268,-41.7244259953545));
#9437=CARTESIAN_POINT('Ctrl Pts',(-15.199998853671,40.332052788223,-42.1508574101584));
#9438=CARTESIAN_POINT('Ctrl Pts',(-15.199998853671,39.7494813350084,-42.3067355836227));
#9439=CARTESIAN_POINT('Ctrl Pts',(-14.6806964831428,40.1951991883678,-41.1611409806955));
#9440=CARTESIAN_POINT('Ctrl Pts',(-14.6806964831428,39.919806577659,-41.4365335914043));
#9441=CARTESIAN_POINT('Ctrl Pts',(-14.6806964831428,39.5435775573393,-41.5372008866658));
#9442=CARTESIAN_POINT('Ctrl Pts',(-14.7038333693584,39.6765130037032,-41.5330733083565));
#9443=CARTESIAN_POINT('Ctrl Pts',(-14.7095395778866,39.7235390400455,-41.5255762502158));
#9444=CARTESIAN_POINT('Ctrl Pts',(-14.7158369592027,39.770309074899,-41.5169274623224));
#9445=CARTESIAN_POINT('Ctrl Pts',(-14.7225798651962,39.8167390827077,-41.5070684147016));
#9446=CARTESIAN_POINT('Ctrl Pts',(-14.7301190116863,39.8686518085765,-41.4960451549475));
#9447=CARTESIAN_POINT('Ctrl Pts',(-14.738213247276,39.9201353870988,-41.4835101044123));
#9448=CARTESIAN_POINT('Ctrl Pts',(-14.7466717116666,39.9710909545741,-41.4693804754991));
#9449=CARTESIAN_POINT('Ctrl Pts',(-14.7497524618033,39.9896500409774,-41.4642341682978));
#9450=CARTESIAN_POINT('Ctrl Pts',(-14.7528815984888,40.0081385900927,-41.4588763796656));
#9451=CARTESIAN_POINT('Ctrl Pts',(-14.7560501818306,40.0265501471656,-41.453303347287));
#9452=CARTESIAN_POINT('Ctrl Pts',(-14.7631629024313,40.0678797406008,-41.4407932069716));
#9453=CARTESIAN_POINT('Ctrl Pts',(-14.7705053272585,40.1089923252207,-41.4271485788408));
#9454=CARTESIAN_POINT('Ctrl Pts',(-14.7779541702914,40.1496890444603,-41.4123231757805));
#9455=CARTESIAN_POINT('Ctrl Pts',(-14.7807552856183,40.164992925011,-41.4067481269364));
#9456=CARTESIAN_POINT('Ctrl Pts',(-14.7835715267484,40.1802377188931,-41.401006551617));
#9457=CARTESIAN_POINT('Ctrl Pts',(-14.7863966357178,40.1954119479106,-41.3950976274834));
#9458=CARTESIAN_POINT('Ctrl Pts',(-14.7943606756269,40.2381884095608,-41.3784402496158));
#9459=CARTESIAN_POINT('Ctrl Pts',(-14.8023927024562,40.2804058889997,-41.360447874457));
#9460=CARTESIAN_POINT('Ctrl Pts',(-14.8103551742118,40.321842697758,-41.3410685418105));
#9461=CARTESIAN_POINT('Ctrl Pts',(-14.8126741736065,40.3339108014044,-41.3354244827725));
#9462=CARTESIAN_POINT('Ctrl Pts',(-14.8149873571084,40.3459124588137,-41.3296630151783));
#9463=CARTESIAN_POINT('Ctrl Pts',(-14.8172915383021,40.3578416584225,-41.3237834507501));
#9464=CARTESIAN_POINT('Ctrl Pts',(8.61878808965645,18.1284635023849,-38.8697424442517));
#9465=CARTESIAN_POINT('Ctrl Pts',(8.61878808965645,29.6484635023847,-38.8697424442517));
#9466=CARTESIAN_POINT('Ctrl Pts',(9.09718325100484,18.1284635023849,-38.870669119437));
#9467=CARTESIAN_POINT('Ctrl Pts',(9.09718325100484,29.6484635023847,-38.870669119437));
#9468=CARTESIAN_POINT('Ctrl Pts',(10.0206563832053,18.1284635023846,-39.2640073575642));
#9469=CARTESIAN_POINT('Ctrl Pts',(10.0206563832053,29.6484635023844,-39.2640073575642));
#9470=CARTESIAN_POINT('Ctrl Pts',(10.4102802074682,18.1284635023847,-40.2547428764701));
#9471=CARTESIAN_POINT('Ctrl Pts',(10.4102802074682,29.6484635023845,-40.2547428764701));
#9472=CARTESIAN_POINT('Ctrl Pts',(10.4102805523942,18.1284635023847,-40.7469951043101));
#9473=CARTESIAN_POINT('Ctrl Pts',(10.4102805523942,29.6484635023845,-40.7469951043101));
#9474=CARTESIAN_POINT('',(9.88732982667991,26.1284635024095,-39.4134998040032));
#9475=CARTESIAN_POINT('Ctrl Pts',(10.410280552394,26.1284635022121,-40.7469948802216));
#9476=CARTESIAN_POINT('Ctrl Pts',(10.4102802793437,26.1284635022121,-40.414337982878));
#9477=CARTESIAN_POINT('Ctrl Pts',(10.3213122983262,26.128463502212,-40.0802582764804));
#9478=CARTESIAN_POINT('Ctrl Pts',(10.1623103189869,26.128463502212,-39.7918097298285));
#9479=CARTESIAN_POINT('',(10.4102805523942,18.1284635023847,-40.7469951043101));
#9480=CARTESIAN_POINT('Origin',(-9.40671198227068,18.1284635035207,-38.9469960336112));
#9481=CARTESIAN_POINT('',(-9.24999491875561,26.0195388149709,-38.9469960204118));
#9482=CARTESIAN_POINT('',(9.12130851679646,26.0195303626251,-38.9469944730923));
#9483=CARTESIAN_POINT('Ctrl Pts',(-10.0160112139106,19.1284635023847,-39.4134998330415));
#9484=CARTESIAN_POINT('Ctrl Pts',(-10.0160112139106,29.2084635023852,-39.4134998330415));
#9485=CARTESIAN_POINT('Ctrl Pts',(-9.81378732946958,19.1284635023847,-39.2035438911193));
#9486=CARTESIAN_POINT('Ctrl Pts',(-9.81378732946958,29.2084635023852,-39.2035438911193));
#9487=CARTESIAN_POINT('Ctrl Pts',(-9.54136279574651,19.1284635023848,-39.0364008501783));
#9488=CARTESIAN_POINT('Ctrl Pts',(-9.54136279574651,29.2084635023853,-39.0364008501783));
#9489=CARTESIAN_POINT('Ctrl Pts',(-9.24999491875562,19.1284635023849,-38.9469960204118));
#9490=CARTESIAN_POINT('Ctrl Pts',(-9.24999491875562,29.2084635023854,-38.9469960204118));
#9491=CARTESIAN_POINT('Ctrl Pts',(-19.0644012234117,18.1284635016532,-50.6898337888533));
#9492=CARTESIAN_POINT('Ctrl Pts',(-19.0644012234119,29.6490872314372,-50.6898337894999));
#9493=CARTESIAN_POINT('Ctrl Pts',(-19.0718926789778,18.1284635016694,-50.400738003015));
#9494=CARTESIAN_POINT('Ctrl Pts',(-19.071892678978,29.6490872314534,-50.4007380036616));
#9495=CARTESIAN_POINT('Ctrl Pts',(-19.0488930868123,18.128463501682,-50.1122439037281));
#9496=CARTESIAN_POINT('Ctrl Pts',(-19.0488930868125,29.649087231466,-50.1122439043747));
#9497=CARTESIAN_POINT('Ctrl Pts',(-18.9355545020742,18.128463501715,-49.5249375643624));
#9498=CARTESIAN_POINT('Ctrl Pts',(-18.9355545020744,29.649087231499,-49.524937565009));
#9499=CARTESIAN_POINT('Ctrl Pts',(-18.8421738484684,18.1284635017321,-49.2332997549911));
#9500=CARTESIAN_POINT('Ctrl Pts',(-18.8421738484686,29.6490872315161,-49.2332997556377));
#9501=CARTESIAN_POINT('Ctrl Pts',(-18.5383102757043,18.1284635017699,-48.560918292928));
#9502=CARTESIAN_POINT('Ctrl Pts',(-18.5383102757045,29.6490872315539,-48.5609182935746));
#9503=CARTESIAN_POINT('Ctrl Pts',(-18.2801747974327,18.1284635017957,-48.1515998157244));
#9504=CARTESIAN_POINT('Ctrl Pts',(-18.2801747974329,29.6490872315797,-48.151599816371));
#9505=CARTESIAN_POINT('Ctrl Pts',(-17.6048978656061,18.1284635018342,-47.4646182163263));
#9506=CARTESIAN_POINT('Ctrl Pts',(-17.6048978656063,29.6490872316182,-47.4646182169729));
#9507=CARTESIAN_POINT('Ctrl Pts',(-17.2151794250515,18.1284635018495,-47.1959346094509));
#9508=CARTESIAN_POINT('Ctrl Pts',(-17.2151794250517,29.6490872316335,-47.1959346100975));
#9509=CARTESIAN_POINT('Ctrl Pts',(-16.5187768812398,18.1284635018681,-46.8640252857108));
#9510=CARTESIAN_POINT('Ctrl Pts',(-16.51877688124,29.6490872316521,-46.8640252863574));
#9511=CARTESIAN_POINT('Ctrl Pts',(-16.2250050174016,18.128463501874,-46.7604626596636));
#9512=CARTESIAN_POINT('Ctrl Pts',(-16.2250050174018,29.649087231658,-46.7604626603102));
#9513=CARTESIAN_POINT('Ctrl Pts',(-15.6449676774537,18.1284635018817,-46.6247187411746));
#9514=CARTESIAN_POINT('Ctrl Pts',(-15.6449676774539,29.6490872316657,-46.6247187418212));
#9515=CARTESIAN_POINT('Ctrl Pts',(-15.3535362331278,18.1284635018835,-46.587292749192));
#9516=CARTESIAN_POINT('Ctrl Pts',(-15.353536233128,29.6490872316675,-46.5872927498386));
#9517=CARTESIAN_POINT('Ctrl Pts',(-15.0657108488212,18.1284635018835,-46.587292749192));
#9518=CARTESIAN_POINT('Ctrl Pts',(-15.0657108488214,29.6490872316675,-46.5872927498386));
#9519=CARTESIAN_POINT('',(-15.0657108488214,26.1284635023845,-46.5872927496409));
#9520=CARTESIAN_POINT('',(-15.0657108488212,18.1284635023845,-46.5872927491919));
#9521=CARTESIAN_POINT('Ctrl Pts',(-19.0644047313655,26.1284635016532,-50.6896983310627));
#9522=CARTESIAN_POINT('Ctrl Pts',(-19.0718854937656,26.1284635016694,-50.4006478859994));
#9523=CARTESIAN_POINT('Ctrl Pts',(-19.0488845243377,26.128463501682,-50.1121995345059));
#9524=CARTESIAN_POINT('Ctrl Pts',(-18.9940708496066,26.1284635016979,-49.8281619428256));
#9525=CARTESIAN_POINT('Ctrl Pts',(-18.9355545020744,26.128463501715,-49.5249375648114));
#9526=CARTESIAN_POINT('Ctrl Pts',(-18.8421738484686,26.1284635017321,-49.2332997554401));
#9527=CARTESIAN_POINT('Ctrl Pts',(-18.7147223444547,26.128463501748,-48.9512783606692));
#9528=CARTESIAN_POINT('Ctrl Pts',(-18.5383102757045,26.1284635017699,-48.560918293377));
#9529=CARTESIAN_POINT('Ctrl Pts',(-18.2801747974329,26.1284635017957,-48.1515998161734));
#9530=CARTESIAN_POINT('Ctrl Pts',(-17.9304219234018,26.1284635018156,-47.795784627661));
#9531=CARTESIAN_POINT('Ctrl Pts',(-17.6048978656063,26.1284635018342,-47.4646182167753));
#9532=CARTESIAN_POINT('Ctrl Pts',(-17.2151794250517,26.1284635018495,-47.1959346098999));
#9533=CARTESIAN_POINT('Ctrl Pts',(-16.7963985476736,26.1284635018607,-46.9963413157039));
#9534=CARTESIAN_POINT('Ctrl Pts',(-16.51877688124,26.1284635018681,-46.8640252861598));
#9535=CARTESIAN_POINT('Ctrl Pts',(-16.2250050174018,26.128463501874,-46.7604626601126));
#9536=CARTESIAN_POINT('Ctrl Pts',(-15.9259355157428,26.128463501878,-46.6904725693722));
#9537=CARTESIAN_POINT('Ctrl Pts',(-15.6449676774539,26.1284635018817,-46.6247187416236));
#9538=CARTESIAN_POINT('Ctrl Pts',(-15.353536233128,26.1284635018835,-46.587292749641));
#9539=CARTESIAN_POINT('Ctrl Pts',(-15.0657108488214,26.1284635018835,-46.587292749641));
#9540=CARTESIAN_POINT('Origin',(-15.0657108488212,18.1284635023845,-46.587292749192));
#9541=CARTESIAN_POINT('',(-12.2389614618705,26.1284635023847,-46.5872927496428));
#9542=CARTESIAN_POINT('',(-12.2389614618703,18.1284635023847,-46.5872927491938));
#9543=CARTESIAN_POINT('',(-11.7389565114107,26.1284635023847,-46.5872927496432));
#9544=CARTESIAN_POINT('Origin',(-12.23896146187,18.1284635019117,-46.0872927491938));
#9545=CARTESIAN_POINT('',(-11.7389620189708,26.1284635034357,-46.0872927342293));
#9546=CARTESIAN_POINT('',(-11.7389620711934,18.1284635019117,-46.0872927587581));
#9547=CARTESIAN_POINT('',(-11.7394485379745,26.1284635019105,-46.1093571748835));
#9548=CARTESIAN_POINT('Ctrl Pts',(-11.7394485379745,26.1284635019105,-46.1093571748835));
#9549=CARTESIAN_POINT('Ctrl Pts',(-11.739448167036,26.1284635019106,-46.1020063843008));
#9550=CARTESIAN_POINT('Ctrl Pts',(-11.7394477951462,26.1284635019108,-46.0946577053054));
#9551=CARTESIAN_POINT('Ctrl Pts',(-11.7389619126191,26.1284635035212,-46.0872927412456));
#9552=CARTESIAN_POINT('Origin',(-12.2389614618702,26.1284635019117,-46.0872927496428));
#9553=CARTESIAN_POINT('Ctrl Pts',(-8.749793904151,18.1284635023848,-37.6697446955423));
#9554=CARTESIAN_POINT('Ctrl Pts',(-8.74979390415133,29.6484635023848,-37.6697446961889));
#9555=CARTESIAN_POINT('Ctrl Pts',(-5.8546462909345,18.1284635023848,-37.6641366508382));
#9556=CARTESIAN_POINT('Ctrl Pts',(-5.85464629093483,29.6484635023848,-37.6641366514848));
#9557=CARTESIAN_POINT('Ctrl Pts',(-2.9594871243952,18.1284635023845,-37.6660118945801));
#9558=CARTESIAN_POINT('Ctrl Pts',(-2.95948712439553,29.6484635023845,-37.6660118952267));
#9559=CARTESIAN_POINT('Ctrl Pts',(-0.0643406796211998,18.1284635023846,
-37.6660118945801));
#9560=CARTESIAN_POINT('Ctrl Pts',(-0.0643406796215342,29.6484635023846,
-37.6660118952267));
#9561=CARTESIAN_POINT('',(-0.0643406796214312,26.1284635023846,-37.6660118950291));
#9562=CARTESIAN_POINT('',(-0.0643406796211998,18.1284635023846,-37.6660118945801));
#9563=CARTESIAN_POINT('',(-8.74979390415123,26.1284635023848,-37.6697446959913));
#9564=CARTESIAN_POINT('Ctrl Pts',(-8.74979390415123,26.1284635023848,-37.6697446959913));
#9565=CARTESIAN_POINT('Ctrl Pts',(-5.85464629093473,26.1284635023848,-37.6641366512872));
#9566=CARTESIAN_POINT('Ctrl Pts',(-2.95948712439543,26.1284635023845,-37.6660118950291));
#9567=CARTESIAN_POINT('Ctrl Pts',(-0.0643406796214312,26.1284635023846,
-37.6660118950291));
#9568=CARTESIAN_POINT('',(-8.749793904151,18.1284635023848,-37.6697446955423));
#9569=CARTESIAN_POINT('Ctrl Pts',(-0.0643406796211998,18.1284635023847,
-37.6660118945801));
#9570=CARTESIAN_POINT('Ctrl Pts',(-0.0643406796215324,29.6484635023849,
-37.6660118952267));
#9571=CARTESIAN_POINT('Ctrl Pts',(2.83080576514628,18.1284635023848,-37.6660118945801));
#9572=CARTESIAN_POINT('Ctrl Pts',(2.83080576514595,29.648463502385,-37.6660118952267));
#9573=CARTESIAN_POINT('Ctrl Pts',(5.72596493167919,18.1284635023846,-37.6641366508382));
#9574=CARTESIAN_POINT('Ctrl Pts',(5.72596493167886,29.6484635023848,-37.6641366514848));
#9575=CARTESIAN_POINT('Ctrl Pts',(8.62111254488928,18.1284635023848,-37.6697446955421));
#9576=CARTESIAN_POINT('Ctrl Pts',(8.62111254488895,29.648463502385,-37.6697446961887));
#9577=CARTESIAN_POINT('',(8.62111254488902,26.1284635023848,-37.6697446959912));
#9578=CARTESIAN_POINT('',(8.62111254488925,18.1284635023848,-37.6697446955422));
#9579=CARTESIAN_POINT('Ctrl Pts',(-0.0643406796214312,26.1284635023846,
-37.6660118950291));
#9580=CARTESIAN_POINT('Ctrl Pts',(2.83080576514605,26.1284635023848,-37.6660118950291));
#9581=CARTESIAN_POINT('Ctrl Pts',(5.72596493167896,26.1284635023846,-37.6641366512872));
#9582=CARTESIAN_POINT('Ctrl Pts',(8.62111254488902,26.1284635023848,-37.6697446959912));
#9583=CARTESIAN_POINT('Ctrl Pts',(8.62111254488925,18.1284635023849,-37.6697446955422));
#9584=CARTESIAN_POINT('Ctrl Pts',(8.62111254488892,29.6484635028401,-37.6697446961888));
#9585=CARTESIAN_POINT('Ctrl Pts',(9.42287672659972,18.1284635023849,-37.6712977525789));
#9586=CARTESIAN_POINT('Ctrl Pts',(9.42287672659939,29.6484635028401,-37.6712977532255));
#9587=CARTESIAN_POINT('Ctrl Pts',(10.9896682032338,18.1284635023846,-38.3566473260482));
#9588=CARTESIAN_POINT('Ctrl Pts',(10.9896682032335,29.6484635028398,-38.3566473266948));
#9589=CARTESIAN_POINT('Ctrl Pts',(11.6102799909777,18.1284635023847,-39.9457837135369));
#9590=CARTESIAN_POINT('Ctrl Pts',(11.6102799909774,29.6484635028399,-39.9457837141835));
#9591=CARTESIAN_POINT('Ctrl Pts',(11.6102805523939,18.1284635023847,-40.7469942634582));
#9592=CARTESIAN_POINT('Ctrl Pts',(11.6102805523936,29.6484635028399,-40.7469942641048));
#9593=CARTESIAN_POINT('Origin',(8.84543734034323,26.128463550302,-40.3715818477187));
#9594=CARTESIAN_POINT('Origin',(-8.73656119750131,18.128463501497,-53.4779088889722));
#9595=CARTESIAN_POINT('',(-0.364342727758945,26.1284635023649,-53.4779088894212));
#9596=CARTESIAN_POINT('',(-0.364342727758713,18.1284635023649,-53.4779088889722));
#9597=CARTESIAN_POINT('',(-4.40706694160404,26.1284635014971,-53.4779088894212));
#9598=CARTESIAN_POINT('Origin',(0.235624375130961,18.1284635014972,-53.4779088889722));
#9599=CARTESIAN_POINT('',(8.60787983823952,26.1284635023846,-53.4779088894212));
#9600=CARTESIAN_POINT('',(8.60787983823975,18.1284635023846,-53.4779088889722));
#9601=CARTESIAN_POINT('',(0.235624375130698,26.1284635015734,-53.4779089499914));
#9602=CARTESIAN_POINT('',(-4.40706694160404,26.1284635014971,-53.4779088894212));
#9603=CARTESIAN_POINT('',(0.23562437513096,18.1284635023649,-53.4779088889722));
#9604=CARTESIAN_POINT('Ctrl Pts',(8.60787983823975,18.1284635023846,-53.4779088889722));
#9605=CARTESIAN_POINT('Ctrl Pts',(8.60787983823942,29.6484635023846,-53.4779088896188));
#9606=CARTESIAN_POINT('Ctrl Pts',(9.07148951968485,18.1284635023846,-53.4779088889722));
#9607=CARTESIAN_POINT('Ctrl Pts',(9.07148951968452,29.6484635023846,-53.4779088896188));
#9608=CARTESIAN_POINT('Ctrl Pts',(10.0244199327669,18.1284635023855,-53.0901075245166));
#9609=CARTESIAN_POINT('Ctrl Pts',(10.0244199327666,29.6484635023855,-53.0901075251632));
#9610=CARTESIAN_POINT('Ctrl Pts',(10.4102792345688,18.128463502383,-52.1417375190082));
#9611=CARTESIAN_POINT('Ctrl Pts',(10.4102792345685,29.648463502383,-52.1417375196548));
#9612=CARTESIAN_POINT('Ctrl Pts',(10.41027963174,18.128463502383,-51.6779104256588));
#9613=CARTESIAN_POINT('Ctrl Pts',(10.4102796317397,29.648463502383,-51.6779104263054));
#9614=CARTESIAN_POINT('',(10.41027963174,18.128463502383,-51.6779104256588));
#9615=CARTESIAN_POINT('Ctrl Pts',(8.60787983823952,26.1284635023846,-53.4779088894212));
#9616=CARTESIAN_POINT('Ctrl Pts',(9.07148951968462,26.128463502459,-53.4779088894212));
#9617=CARTESIAN_POINT('Ctrl Pts',(9.54795472622565,26.1284635025338,-53.2840082071934));
#9618=CARTESIAN_POINT('Ctrl Pts',(9.88265215494663,26.1284635026078,-52.9499653647024));
#9619=CARTESIAN_POINT('Ctrl Pts',(10.2173495833998,26.1284635026818,-52.6159225224787));
#9620=CARTESIAN_POINT('Ctrl Pts',(10.4102792342598,26.1284635027549,-52.1417375202161));
#9621=CARTESIAN_POINT('Ctrl Pts',(10.4102796317398,26.1284635028293,-51.6779104272212));
#9622=CARTESIAN_POINT('Origin',(14.9370319491303,18.1284635016599,-50.5872927491077));
#9623=CARTESIAN_POINT('',(14.9370319491301,26.1284635017441,-49.0872927502813));
#9624=CARTESIAN_POINT('',(14.9370319491303,18.1284635017441,-49.0872927498323));
#9625=CARTESIAN_POINT('Origin',(14.9370319491301,26.1284635016599,-50.5872927495567));
#9626=CARTESIAN_POINT('Origin',(-15.0657108488212,18.1284635016591,-50.5872927491078));
#9627=CARTESIAN_POINT('',(-15.0657108488214,26.1284635017433,-49.0872927502822));
#9628=CARTESIAN_POINT('',(-15.0657108488212,18.1284635017433,-49.0872927498332));
#9629=CARTESIAN_POINT('Origin',(-15.0657108488214,26.1284635016591,-50.5872927495568));
#9630=CARTESIAN_POINT('Origin',(-0.364342727758713,18.1284635023649,-53.4779088889722));
#9631=CARTESIAN_POINT('',(-2.38570643328277,26.1284635014972,-53.4779084807235));
#9632=CARTESIAN_POINT('Ctrl Pts',(-11.7389619116556,18.1284635023847,-40.7469942634583));
#9633=CARTESIAN_POINT('Ctrl Pts',(-11.7389619116558,29.6484635026271,-40.7469942641049));
#9634=CARTESIAN_POINT('Ctrl Pts',(-11.7389613502394,18.1284635023847,-39.945783713537));
#9635=CARTESIAN_POINT('Ctrl Pts',(-11.7389613502396,29.6484635026271,-39.9457837141836));
#9636=CARTESIAN_POINT('Ctrl Pts',(-11.1183495624958,18.1284635023846,-38.3566473260481));
#9637=CARTESIAN_POINT('Ctrl Pts',(-11.118349562496,29.648463502627,-38.3566473266947));
#9638=CARTESIAN_POINT('Ctrl Pts',(-9.5515580858614,18.1284635023849,-37.671297752579));
#9639=CARTESIAN_POINT('Ctrl Pts',(-9.55155808586164,29.6484635026273,-37.6712977532256));
#9640=CARTESIAN_POINT('Ctrl Pts',(-8.749793904151,18.1284635023849,-37.6697446955423));
#9641=CARTESIAN_POINT('Ctrl Pts',(-8.74979390415124,29.6484635026273,-37.6697446961889));
#9642=CARTESIAN_POINT('',(-9.40671208293624,26.1284635031024,-37.7469960336733));
#9643=CARTESIAN_POINT('Origin',(-8.97411876046977,26.1284635326312,-40.3715793016184));
#9644=CARTESIAN_POINT('',(-9.40671208334045,18.1284635035207,-37.7469960336112));
#9645=CARTESIAN_POINT('Origin',(10.410280552394,18.1284635035207,-40.7469943090611));
#9646=CARTESIAN_POINT('Ctrl Pts',(9.12130851679643,19.1284635023848,-38.9469944730923));
#9647=CARTESIAN_POINT('Ctrl Pts',(9.12130851679646,29.2084635023849,-38.9469944730923));
#9648=CARTESIAN_POINT('Ctrl Pts',(9.41267827246337,19.1284635023848,-39.0363989506138));
#9649=CARTESIAN_POINT('Ctrl Pts',(9.4126782724634,29.2084635023849,-39.0363989506138));
#9650=CARTESIAN_POINT('Ctrl Pts',(9.68510480357972,19.1284635023847,-39.2035426798852));
#9651=CARTESIAN_POINT('Ctrl Pts',(9.68510480357975,29.2084635023848,-39.2035426798852));
#9652=CARTESIAN_POINT('Ctrl Pts',(9.88732985464852,19.1284635023847,-39.4134998330412));
#9653=CARTESIAN_POINT('Ctrl Pts',(9.88732985464855,29.2084635023848,-39.4134998330412));
#9654=CARTESIAN_POINT('Origin',(-11.738962236841,18.1284635035207,-54.7469962300444));
#9655=CARTESIAN_POINT('',(-11.7389619690412,18.1284635035207,-40.7469942634582));
#9656=CARTESIAN_POINT('',(-11.7389620711934,26.1284635035212,-46.0872926733385));
#9657=CARTESIAN_POINT('Ctrl Pts',(-11.7389619116556,18.1284635023847,-40.7469942634583));
#9658=CARTESIAN_POINT('Ctrl Pts',(-11.7389619116556,29.6484635023852,-40.7469942634583));
#9659=CARTESIAN_POINT('Ctrl Pts',(-11.7389613502394,18.1284635023847,-39.945783713537));
#9660=CARTESIAN_POINT('Ctrl Pts',(-11.7389613502394,29.6484635023852,-39.945783713537));
#9661=CARTESIAN_POINT('Ctrl Pts',(-11.2042398775441,18.1284635023846,-38.5765777683498));
#9662=CARTESIAN_POINT('Ctrl Pts',(-11.2042398775441,29.6484635023851,-38.5765777683498));
#9663=CARTESIAN_POINT('Ctrl Pts',(-9.9671114075929,18.1284635023848,-37.8783079990799));
#9664=CARTESIAN_POINT('Ctrl Pts',(-9.9671114075929,29.6484635023853,-37.8783079990799));
#9665=CARTESIAN_POINT('Ctrl Pts',(-9.40671208334046,18.1284635023849,-37.7469960336112));
#9666=CARTESIAN_POINT('Ctrl Pts',(-9.40671208334046,29.6484635023854,-37.7469960336112));
#9667=CARTESIAN_POINT('',(-10.5303120159983,26.1284635023847,-38.2718982638948));
#9668=CARTESIAN_POINT('Origin',(-9.03948571617202,26.1284635101103,-39.9971530440089));
#9669=CARTESIAN_POINT('Ctrl Pts',(-11.5715765616344,26.1284635096107,-39.7312122520595));
#9670=CARTESIAN_POINT('Ctrl Pts',(-11.42714472978,26.1284635077545,-39.3021750275814));
#9671=CARTESIAN_POINT('Ctrl Pts',(-11.1927027210797,26.1284635059601,-38.9058692714662));
#9672=CARTESIAN_POINT('Ctrl Pts',(-10.8818046406977,26.1284635042067,-38.5825940298563));
#9673=CARTESIAN_POINT('Ctrl Pts',(-10.7733735063633,26.1284635035951,-38.4698461444177));
#9674=CARTESIAN_POINT('Ctrl Pts',(-10.6556423516262,26.1284635029883,-38.3659815989142));
#9675=CARTESIAN_POINT('Ctrl Pts',(-10.5303120159983,26.1284635023847,-38.2718982638949));
#9676=CARTESIAN_POINT('Origin',(-4.40706694160403,26.1284635023846,-37.6649753783276));
#9677=CARTESIAN_POINT('Origin',(-4.40706694160403,26.1284635023846,-37.6649753783276));
#9678=CARTESIAN_POINT('Origin',(-4.40706694160403,26.1284635023846,-37.6649753783276));
#9679=CARTESIAN_POINT('Origin',(-4.40706694160403,26.1284635023846,-37.6649753783276));
#9680=CARTESIAN_POINT('Origin',(-4.40706694160403,26.1284635023846,-37.6649753783276));
#9681=CARTESIAN_POINT('Origin',(-4.40706694160403,26.1284635023846,-37.6649753783276));
#9682=CARTESIAN_POINT('',(-11.7398891160219,26.1284635015941,-51.7469959178433));
#9683=CARTESIAN_POINT('Ctrl Pts',(-11.7398891160219,26.1284635015941,-51.7469959178433));
#9684=CARTESIAN_POINT('Ctrl Pts',(-11.7398783088682,26.1284635015987,-51.6654344291887));
#9685=CARTESIAN_POINT('Ctrl Pts',(-11.7398676644994,26.1284635016032,-51.5837738383369));
#9686=CARTESIAN_POINT('Ctrl Pts',(-11.7398572018922,26.1284635016076,-51.502111122262));
#9687=CARTESIAN_POINT('Ctrl Pts',(-11.7398463318068,26.1284635016123,-51.4172679584769));
#9688=CARTESIAN_POINT('Ctrl Pts',(-11.7398356577984,26.1284635016168,-51.3324222389099));
#9689=CARTESIAN_POINT('Ctrl Pts',(-11.7398251922664,26.1284635016214,-51.247625360036));
#9690=CARTESIAN_POINT('Ctrl Pts',(-11.7398142962189,26.1284635016262,-51.1593402340862));
#9691=CARTESIAN_POINT('Ctrl Pts',(-11.7398036260213,26.1284635016309,-51.0711077753667));
#9692=CARTESIAN_POINT('Ctrl Pts',(-11.7397931881781,26.1284635016357,-50.9829291823211));
#9693=CARTESIAN_POINT('Ctrl Pts',(-11.7397820184902,26.1284635016408,-50.8885679869329));
#9694=CARTESIAN_POINT('Ctrl Pts',(-11.739771114742,26.1284635016459,-50.7942683994064));
#9695=CARTESIAN_POINT('Ctrl Pts',(-11.7397604786187,26.128463501651,-50.699970596536));
#9696=CARTESIAN_POINT('Ctrl Pts',(-11.7397511720107,26.1284635016555,-50.6174600190243));
#9697=CARTESIAN_POINT('Ctrl Pts',(-11.7397420701246,26.1284635016601,-50.5349495760807));
#9698=CARTESIAN_POINT('Ctrl Pts',(-11.7397331719183,26.1284635016647,-50.4523661801115));
#9699=CARTESIAN_POINT('Ctrl Pts',(-11.7397283299104,26.1284635016672,-50.4074279707972));
#9700=CARTESIAN_POINT('Ctrl Pts',(-11.7397235477549,26.1284635016698,-50.3624635248527));
#9701=CARTESIAN_POINT('Ctrl Pts',(-11.739718826548,26.1284635016723,-50.3174706874451));
#9702=CARTESIAN_POINT('Ctrl Pts',(-11.7397060207701,26.1284635016792,-50.1954323407605));
#9703=CARTESIAN_POINT('Ctrl Pts',(-11.7396936663947,26.1284635016862,-50.0732117946822));
#9704=CARTESIAN_POINT('Ctrl Pts',(-11.7396818037912,26.1284635016933,-49.9509502954275));
#9705=CARTESIAN_POINT('Ctrl Pts',(-11.739669181413,26.1284635017008,-49.8208582050647));
#9706=CARTESIAN_POINT('Ctrl Pts',(-11.739657115656,26.1284635017084,-49.6907195937458));
#9707=CARTESIAN_POINT('Ctrl Pts',(-11.7396456480703,26.128463501716,-49.5606452150181));
#9708=CARTESIAN_POINT('Ctrl Pts',(-11.7396332006134,26.1284635017242,-49.4194563678193));
#9709=CARTESIAN_POINT('Ctrl Pts',(-11.7396214576776,26.1284635017323,-49.2783430920162));
#9710=CARTESIAN_POINT('Ctrl Pts',(-11.7396104675248,26.1284635017404,-49.1373809428328));
#9711=CARTESIAN_POINT('Ctrl Pts',(-11.7396061995418,26.1284635017435,-49.0826388414086));
#9712=CARTESIAN_POINT('Ctrl Pts',(-11.73960204506,26.1284635017466,-49.0279188806909));
#9713=CARTESIAN_POINT('Ctrl Pts',(-11.73959800686,26.1284635017497,-48.9732231979768));
#9714=CARTESIAN_POINT('Ctrl Pts',(-11.7395969444519,26.1284635017505,-48.9588333376355));
#9715=CARTESIAN_POINT('Ctrl Pts',(-11.7395958900925,26.1284635017513,-48.9444451515775));
#9716=CARTESIAN_POINT('Ctrl Pts',(-11.7395948438327,26.1284635017522,-48.930058665872));
#9717=CARTESIAN_POINT('Ctrl Pts',(-11.7395939778378,26.1284635017528,-48.9181508927449));
#9718=CARTESIAN_POINT('Ctrl Pts',(-11.739593117354,26.1284635017535,-48.9062436990035));
#9719=CARTESIAN_POINT('Ctrl Pts',(-11.7395922635182,26.1284635017542,-48.8943527013939));
#9720=CARTESIAN_POINT('Ctrl Pts',(-11.7395879732863,26.1284635017575,-48.8346045169417));
#9721=CARTESIAN_POINT('Ctrl Pts',(-11.7395838439064,26.1284635017608,-48.7751701476776));
#9722=CARTESIAN_POINT('Ctrl Pts',(-11.7395798734752,26.1284635017642,-48.7160249071021));
#9723=CARTESIAN_POINT('Ctrl Pts',(-11.7395711031281,26.1284635017715,-48.5853780645664));
#9724=CARTESIAN_POINT('Ctrl Pts',(-11.7395631046188,26.1284635017788,-48.4561458462574));
#9725=CARTESIAN_POINT('Ctrl Pts',(-11.7395556584392,26.128463501786,-48.3280129482685));
#9726=CARTESIAN_POINT('Ctrl Pts',(-11.7395473986441,26.128463501794,-48.1858794622391));
#9727=CARTESIAN_POINT('Ctrl Pts',(-11.7395398189533,26.1284635018019,-48.0450977942554));
#9728=CARTESIAN_POINT('Ctrl Pts',(-11.7395326727818,26.1284635018097,-47.9051678671469));
#9729=CARTESIAN_POINT('Ctrl Pts',(-11.7395235130158,26.1284635018198,-47.7258095337067));
#9730=CARTESIAN_POINT('Ctrl Pts',(-11.7395150658984,26.1284635018298,-47.5478490596759));
#9731=CARTESIAN_POINT('Ctrl Pts',(-11.7395068910951,26.1284635018398,-47.3701394403177));
#9732=CARTESIAN_POINT('Ctrl Pts',(-11.7394984566501,26.1284635018501,-47.1867855465033));
#9733=CARTESIAN_POINT('Ctrl Pts',(-11.7394903167436,26.1284635018603,-47.0036914724215));
#9734=CARTESIAN_POINT('Ctrl Pts',(-11.7394820164431,26.1284635018707,-46.8195856788698));
#9735=CARTESIAN_POINT('Ctrl Pts',(-11.7394759526625,26.1284635018782,-46.6850872793815));
#9736=CARTESIAN_POINT('Ctrl Pts',(-11.7394698042366,26.1284635018858,-46.5500481194819));
#9737=CARTESIAN_POINT('Ctrl Pts',(-11.7394633803468,26.1284635018934,-46.4140039561626));
#9738=CARTESIAN_POINT('Ctrl Pts',(-11.739458614082,26.1284635018991,-46.3130647227225));
#9739=CARTESIAN_POINT('Ctrl Pts',(-11.7394536960131,26.1284635019048,-46.2115726632199));
#9740=CARTESIAN_POINT('Ctrl Pts',(-11.7394485379745,26.1284635019105,-46.1093571748835));
#9741=CARTESIAN_POINT('Ctrl Pts',(-11.7398891160219,26.1284635015941,-51.7469959178433));
#9742=CARTESIAN_POINT('Ctrl Pts',(-11.7399008127557,26.1284635015891,-51.8352710590948));
#9743=CARTESIAN_POINT('Ctrl Pts',(-11.739931968458,26.1284635015751,-52.0910682982022));
#9744=CARTESIAN_POINT('Ctrl Pts',(-11.6099928502989,26.1284635015441,-52.6433107337633));
#9745=CARTESIAN_POINT('Ctrl Pts',(-11.5325253309628,26.1284635015317,-52.858430442339));
#9746=CARTESIAN_POINT('Ctrl Pts',(-11.2736973434962,26.1284635015021,-53.3860754497064));
#9747=CARTESIAN_POINT('Ctrl Pts',(-11.039129581285,26.1284635014817,-53.7201786486186));
#9748=CARTESIAN_POINT('Ctrl Pts',(-10.4094772033983,26.1284635014509,-54.2694424622004));
#9749=CARTESIAN_POINT('Ctrl Pts',(-10.0533342643544,26.1284635014413,-54.470298565627));
#9750=CARTESIAN_POINT('Ctrl Pts',(-9.67304633168947,26.1284635014342,-54.5963610025093));
#9751=CARTESIAN_POINT('Origin',(-4.40706694160403,26.1284635023846,-37.6649753783276));
#9752=CARTESIAN_POINT('',(11.6102312162464,26.1284635015948,-51.7469944021207));
#9753=CARTESIAN_POINT('Ctrl Pts',(9.55192423623385,26.1284635014348,-54.5966590088948));
#9754=CARTESIAN_POINT('Ctrl Pts',(9.85947591415791,26.1284635014404,-54.4954591327593));
#9755=CARTESIAN_POINT('Ctrl Pts',(10.1445060499371,26.1284635014482,-54.345680627162));
#9756=CARTESIAN_POINT('Ctrl Pts',(10.6666812596135,26.1284635014703,-53.9529045118518));
#9757=CARTESIAN_POINT('Ctrl Pts',(10.8948458257348,26.1284635014842,-53.7168840571393));
#9758=CARTESIAN_POINT('Ctrl Pts',(11.2535000135703,26.1284635015131,-53.2009753788831));
#9759=CARTESIAN_POINT('Ctrl Pts',(11.3853642592446,26.1284635015289,-52.9295491712796));
#9760=CARTESIAN_POINT('Ctrl Pts',(11.5637427461667,26.1284635015613,-52.3526228387902));
#9761=CARTESIAN_POINT('Ctrl Pts',(11.6102229405166,26.1284635015777,-52.0499738869073));
#9762=CARTESIAN_POINT('Ctrl Pts',(11.6102312162464,26.1284635015947,-51.7469944021207));
#9763=CARTESIAN_POINT('Ctrl Pts',(11.6102807720099,26.1284635018872,-46.5361165095366));
#9764=CARTESIAN_POINT('Ctrl Pts',(11.6102807757335,26.1284635018816,-46.6355094838783));
#9765=CARTESIAN_POINT('Ctrl Pts',(11.610251847293,26.1284635017507,-48.9678646888018));
#9766=CARTESIAN_POINT('Ctrl Pts',(11.6102477270335,26.1284635017151,-49.6018539290382));
#9767=CARTESIAN_POINT('Ctrl Pts',(11.6102477712184,26.128463501713,-49.6466240190961));
#9768=CARTESIAN_POINT('Ctrl Pts',(11.6102393112072,26.1284635016595,-50.5994378864011));
#9769=CARTESIAN_POINT('Ctrl Pts',(11.6102314229656,26.1284635015952,-51.7394262873378));
#9770=CARTESIAN_POINT('Ctrl Pts',(11.6102312162464,26.1284635015947,-51.7469944021207));
#9771=CARTESIAN_POINT('Ctrl Pts',(15.2014522221661,41.3737229115261,-48.343206664017));
#9772=CARTESIAN_POINT('Ctrl Pts',(14.0043374257015,36.2919745220965,-47.740116495724));
#9773=CARTESIAN_POINT('Ctrl Pts',(12.8073953979071,31.2102117932909,-47.1369726681875));
#9774=CARTESIAN_POINT('Ctrl Pts',(11.610280740637,26.1284633923085,-46.5338824566628));
#9775=CARTESIAN_POINT('Ctrl Pts',(15.2012201398992,41.3866261723984,-48.3913404462869));
#9776=CARTESIAN_POINT('Ctrl Pts',(14.0056757254464,36.3004527796893,-47.7898029711812));
#9777=CARTESIAN_POINT('Ctrl Pts',(12.8058289024027,31.2146364972107,-47.1896020743866));
#9778=CARTESIAN_POINT('Ctrl Pts',(11.6102810216297,26.1284633922144,-46.5880656761216));
#9779=CARTESIAN_POINT('Ctrl Pts',(15.2192368667859,41.4990880536468,-48.8108551981545));
#9780=CARTESIAN_POINT('Ctrl Pts',(14.0161562307326,36.3755549592876,-48.2342436562555));
#9781=CARTESIAN_POINT('Ctrl Pts',(12.8133407124151,31.2519965061839,-47.657501449831));
#9782=CARTESIAN_POINT('Ctrl Pts',(11.6102602899591,26.128463391394,-47.0808898026595));
#9783=CARTESIAN_POINT('Ctrl Pts',(14.8282629731063,41.8239717689911,-50.0227531420189));
#9784=CARTESIAN_POINT('Ctrl Pts',(13.756435553666,36.5920133731241,-49.5250267229481));
#9785=CARTESIAN_POINT('Ctrl Pts',(12.682084656927,31.3604214896031,-49.0286375647443));
#9786=CARTESIAN_POINT('Ctrl Pts',(11.6102552043975,26.128463389024,-48.5309122230641));
#9787=CARTESIAN_POINT('Ctrl Pts',(13.6859589309918,42.1193120368711,-51.1242823885845));
#9788=CARTESIAN_POINT('Ctrl Pts',(12.9939462907593,36.7889976538403,-50.8348739889854));
#9789=CARTESIAN_POINT('Ctrl Pts',(12.3022556072449,31.4587776938264,-50.5457487486771));
#9790=CARTESIAN_POINT('Ctrl Pts',(11.6102432264032,26.1284633868695,-50.2563405772107));
#9791=CARTESIAN_POINT('Ctrl Pts',(12.6950782407545,42.1908385893252,-51.3907972498224));
#9792=CARTESIAN_POINT('Ctrl Pts',(12.3344240693184,36.8365984635258,-51.3643462051552));
#9793=CARTESIAN_POINT('Ctrl Pts',(11.9708888824017,31.4827032342744,-51.3391333643585));
#9794=CARTESIAN_POINT('Ctrl Pts',(11.6102323898188,26.1284633863477,-51.3126833172746));
#9795=CARTESIAN_POINT('Ctrl Pts',(12.2212889784188,42.2008796545819,-51.4280771385469));
#9796=CARTESIAN_POINT('Ctrl Pts',(12.0176927772396,36.8433999998643,-51.549898588427));
#9797=CARTESIAN_POINT('Ctrl Pts',(11.8138275042943,31.4859430227214,-51.671692515432));
#9798=CARTESIAN_POINT('Ctrl Pts',(11.6102310863322,26.1284633862744,-51.7935139431378));
#9799=CARTESIAN_POINT('Ctrl Pts',(12.1306982091052,42.2023290647861,-51.4334489349876));
#9800=CARTESIAN_POINT('Ctrl Pts',(11.9568013575099,36.8443543973688,-51.5844206848311));
#9801=CARTESIAN_POINT('Ctrl Pts',(11.7819525193289,31.4864380067294,-51.7357232381877));
#9802=CARTESIAN_POINT('Ctrl Pts',(11.608054900747,26.1284633862639,-51.8866952545495));
#9803=CARTESIAN_POINT('Ctrl Pts',(12.0434910737404,42.2027656867865,-51.4350407715556));
#9804=CARTESIAN_POINT('Ctrl Pts',(11.8964493321157,36.8446517369729,-51.6166419149916));
#9805=CARTESIAN_POINT('Ctrl Pts',(11.7485972647398,31.4865773042365,-51.7980893203211));
#9806=CARTESIAN_POINT('Ctrl Pts',(11.6015548702602,26.1284633862607,-51.979690339895));
#9807=CARTESIAN_POINT('Ctrl Pts',(11.662484143061,42.202768963504,-51.43488689894));
#9808=CARTESIAN_POINT('Ctrl Pts',(11.6289780297712,36.8446531482986,-51.7538687378323));
#9809=CARTESIAN_POINT('Ctrl Pts',(11.5961852343837,31.4865791677612,-52.0747063905741));
#9810=CARTESIAN_POINT('Ctrl Pts',(11.5626796957926,26.1284633862606,-52.3936897246393));
#9811=CARTESIAN_POINT('Ctrl Pts',(10.6475408449164,42.2027741701706,-51.4344663739158));
#9812=CARTESIAN_POINT('Ctrl Pts',(10.851351222923,36.8446593517316,-52.1173568634027));
#9813=CARTESIAN_POINT('Ctrl Pts',(11.053611294803,31.4865781775936,-52.7991582254891));
#9814=CARTESIAN_POINT('Ctrl Pts',(11.257420423775,26.1284633862606,-53.482047837499));
#9815=CARTESIAN_POINT('Ctrl Pts',(9.29465020387782,42.2027798124174,-51.4340599949216));
#9816=CARTESIAN_POINT('Ctrl Pts',(9.56026948114246,36.8446642866213,-52.470494763067));
#9817=CARTESIAN_POINT('Ctrl Pts',(9.82578482050886,31.4865788877844,-53.5076890184634));
#9818=CARTESIAN_POINT('Ctrl Pts',(10.0914040140339,26.1284633862606,-54.5441243985046));
#9819=CARTESIAN_POINT('Ctrl Pts',(8.28009453848452,42.2027811582079,-51.4339831212643));
#9820=CARTESIAN_POINT('Ctrl Pts',(8.51328260749155,36.844665979567,-52.5381586711287));
#9821=CARTESIAN_POINT('Ctrl Pts',(8.7461317504974,31.486578542551,-53.6425695321923));
#9822=CARTESIAN_POINT('Ctrl Pts',(8.97931954644203,26.1284633862606,-54.7467452716398));
#9823=CARTESIAN_POINT('Ctrl Pts',(5.29464844802623,42.2028067043187,-51.4340784726313));
#9824=CARTESIAN_POINT('Ctrl Pts',(5.43631329865089,36.8446910740244,-52.5382419141565));
#9825=CARTESIAN_POINT('Ctrl Pts',(5.5779151188498,31.4865790136786,-53.6438171745374));
#9826=CARTESIAN_POINT('Ctrl Pts',(5.71957991869276,26.1284633862605,-54.7479817535223));
#9827=CARTESIAN_POINT('Ctrl Pts',(3.22642362135369E-5,42.202813071947,-51.4341016419626));
#9828=CARTESIAN_POINT('Ctrl Pts',(-0.021668901053877,36.8446985551882,-52.5387623649713));
#9829=CARTESIAN_POINT('Ctrl Pts',(-0.0428295774206901,31.4865779079583,
-53.6423274234533));
#9830=CARTESIAN_POINT('Ctrl Pts',(-0.0645303072552387,26.1284633862605,
-54.7469872637183));
#9831=CARTESIAN_POINT('Ctrl Pts',(-5.29407466359362,42.2029453109853,-51.4345960527279));
#9832=CARTESIAN_POINT('Ctrl Pts',(-5.47828927656858,36.8448295366532,-52.5385164611524));
#9833=CARTESIAN_POINT('Ctrl Pts',(-5.66261181855806,31.4865792689494,-53.6437400090945));
#9834=CARTESIAN_POINT('Ctrl Pts',(-5.84682651848816,26.12846338626,-54.7476614674189));
#9835=CARTESIAN_POINT('Ctrl Pts',(-8.61753758986996,42.2030358360206,-51.4349327988038));
#9836=CARTESIAN_POINT('Ctrl Pts',(-8.90437233495829,36.8449215165022,-52.5397671756911));
#9837=CARTESIAN_POINT('Ctrl Pts',(-9.18983555238089,31.4865778905234,-53.644601122361));
#9838=CARTESIAN_POINT('Ctrl Pts',(-9.47666919247094,26.1284633862598,-54.7494354989017));
#9839=CARTESIAN_POINT('Ctrl Pts',(-9.97025884574693,42.2030338962327,-51.4351561474265));
#9840=CARTESIAN_POINT('Ctrl Pts',(-10.2963946318175,36.8449158269381,-52.3492505829624));
#9841=CARTESIAN_POINT('Ctrl Pts',(-10.6222311405649,31.4865816296822,-53.259390164885));
#9842=CARTESIAN_POINT('Ctrl Pts',(-10.9483666855168,26.1284633862598,-54.1734814141154));
#9843=CARTESIAN_POINT('Ctrl Pts',(-11.3232410210874,42.2030873996473,-51.435926478041));
#9844=CARTESIAN_POINT('Ctrl Pts',(-11.4361722205276,36.8449763367276,-51.8780379871403));
#9845=CARTESIAN_POINT('Ctrl Pts',(-11.5455674706165,31.4865746832992,-52.3196762509067));
#9846=CARTESIAN_POINT('Ctrl Pts',(-11.6584958212495,26.1284633862596,-52.7617873787267));
#9847=CARTESIAN_POINT('Ctrl Pts',(-12.085197010009,42.2031148874724,-51.4363627673906));
#9848=CARTESIAN_POINT('Ctrl Pts',(-11.9681005085067,36.8449922732903,-51.6024134603778));
#9849=CARTESIAN_POINT('Ctrl Pts',(-11.8526169279569,31.4865862287929,-51.7673724970234));
#9850=CARTESIAN_POINT('Ctrl Pts',(-11.7355217259362,26.1284633862595,-51.9334223104962));
#9851=CARTESIAN_POINT('Ctrl Pts',(-12.1705479780801,42.2022217300972,-51.4330670709141));
#9852=CARTESIAN_POINT('Ctrl Pts',(-12.0266218320465,36.8444403312628,-51.5692807409873));
#9853=CARTESIAN_POINT('Ctrl Pts',(-11.8838267021982,31.4862451184977,-51.704021842463));
#9854=CARTESIAN_POINT('Ctrl Pts',(-11.7399014673901,26.128463386266,-51.8402343261323));
#9855=CARTESIAN_POINT('Ctrl Pts',(-13.0484334691944,42.1841338381267,-51.3659498315532));
#9856=CARTESIAN_POINT('Ctrl Pts',(-12.6117997024375,36.8318815793459,-51.2021242853379));
#9857=CARTESIAN_POINT('Ctrl Pts',(-12.1764068030655,31.4807147706643,-51.0423874559089));
#9858=CARTESIAN_POINT('Ctrl Pts',(-11.7397740360379,26.1284633863979,-50.8785652038488));
#9859=CARTESIAN_POINT('Ctrl Pts',(-14.5774851591006,41.98992520636,-50.6420035125266));
#9860=CARTESIAN_POINT('Ctrl Pts',(-13.6304949007279,36.7027799467747,-50.0179613123771));
#9861=CARTESIAN_POINT('Ctrl Pts',(-12.6865222913603,31.4156086683622,-49.3938636261588));
#9862=CARTESIAN_POINT('Ctrl Pts',(-11.7395344642159,26.1284633878142,-48.7698213813059));
#9863=CARTESIAN_POINT('Ctrl Pts',(-15.2034495850275,41.579915242622,-49.1127624051405));
#9864=CARTESIAN_POINT('Ctrl Pts',(-14.0483130600453,36.4292925086455,-48.2232784788283));
#9865=CARTESIAN_POINT('Ctrl Pts',(-12.8946118229255,31.2790857896111,-47.3353742659362));
#9866=CARTESIAN_POINT('Ctrl Pts',(-11.7394764543114,26.1284633908051,-46.4458916123513));
#9867=CARTESIAN_POINT('Ctrl Pts',(-15.2018939489972,40.9167345669456,-46.6391460879277));
#9868=CARTESIAN_POINT('Ctrl Pts',(-14.0487228041647,35.9873489953829,-45.4110055651962));
#9869=CARTESIAN_POINT('Ctrl Pts',(-12.8924230929089,31.0578490593453,-44.1824581223892));
#9870=CARTESIAN_POINT('Ctrl Pts',(-11.7392494274852,26.1284633956426,-42.9543172718145));
#9871=CARTESIAN_POINT('Ctrl Pts',(-15.2013956124715,40.0603780896154,-43.4439951436111));
#9872=CARTESIAN_POINT('Ctrl Pts',(-14.0466334832118,35.4163642760051,-42.6068118805434));
#9873=CARTESIAN_POINT('Ctrl Pts',(-12.8937225820635,30.7724771134606,-41.7700992782207));
#9874=CARTESIAN_POINT('Ctrl Pts',(-11.7389619442821,26.1284634018892,-40.9329163943501));
#9875=CARTESIAN_POINT('Ctrl Pts',(-15.2013948717434,40.0019587583101,-43.2260461893506));
#9876=CARTESIAN_POINT('Ctrl Pts',(-14.0472505722767,35.3774603069859,-42.3996945549959));
#9877=CARTESIAN_POINT('Ctrl Pts',(-12.8931062432736,30.7529618536411,-41.5733429131319));
#9878=CARTESIAN_POINT('Ctrl Pts',(-11.7389619437832,26.1284634023154,-40.7469912787712));
#9879=CARTESIAN_POINT('Ctrl Pts',(-14.7031804062991,39.6711098274189,-41.9219995210214));
#9880=CARTESIAN_POINT('Ctrl Pts',(-14.7031804062991,39.6711098274189,-27.5219995210214));
#9881=CARTESIAN_POINT('Ctrl Pts',(-14.7517320152575,40.0746147079066,-41.9219995210214));
#9882=CARTESIAN_POINT('Ctrl Pts',(-14.7517320152575,40.0746147079066,-27.5219995210214));
#9883=CARTESIAN_POINT('Ctrl Pts',(-14.8465741674072,40.4788953164335,-41.9219995210214));
#9884=CARTESIAN_POINT('Ctrl Pts',(-14.8465741674072,40.4788953164335,-27.5219995210214));
#9885=CARTESIAN_POINT('Ctrl Pts',(-14.9070638028608,40.8370060045182,-41.9219995210214));
#9886=CARTESIAN_POINT('Ctrl Pts',(-14.9070638028608,40.8370060045182,-27.5219995210214));
#9887=CARTESIAN_POINT('Ctrl Pts',(-14.9155098850108,40.8870084928398,-41.9219995210214));
#9888=CARTESIAN_POINT('Ctrl Pts',(-14.9155098850108,40.8870084928398,-27.5219995210214));
#9889=CARTESIAN_POINT('Ctrl Pts',(-14.9233424394129,40.9355280558582,-41.9219995210214));
#9890=CARTESIAN_POINT('Ctrl Pts',(-14.9233424394129,40.9355280558582,-27.5219995210214));
#9891=CARTESIAN_POINT('Ctrl Pts',(-14.9310124403453,40.9860669611632,-41.9219995210214));
#9892=CARTESIAN_POINT('Ctrl Pts',(-14.9310124403453,40.9860669611632,-27.5219995210214));
#9893=CARTESIAN_POINT('',(-14.9310124474513,40.9860670079852,-41.9219995210214));
#9894=CARTESIAN_POINT('Origin',(-9.003809435748,41.8856011641654,-36.4737620392534));
#9895=UNCERTAINTY_MEASURE_WITH_UNIT(LENGTH_MEASURE(0.01),#9899,
'DISTANCE_ACCURACY_VALUE',
'Maximum model space distance between geometric entities at asserted c
onnectivities');
#9896=UNCERTAINTY_MEASURE_WITH_UNIT(LENGTH_MEASURE(0.01),#9899,
'DISTANCE_ACCURACY_VALUE',
'Maximum model space distance between geometric entities at asserted c
onnectivities');
#9897=(
GEOMETRIC_REPRESENTATION_CONTEXT(3)
GLOBAL_UNCERTAINTY_ASSIGNED_CONTEXT((#9895))
GLOBAL_UNIT_ASSIGNED_CONTEXT((#9899,#9901,#9902))
REPRESENTATION_CONTEXT('','3D')
);
#9898=(
GEOMETRIC_REPRESENTATION_CONTEXT(3)
GLOBAL_UNCERTAINTY_ASSIGNED_CONTEXT((#9896))
GLOBAL_UNIT_ASSIGNED_CONTEXT((#9899,#9901,#9902))
REPRESENTATION_CONTEXT('','3D')
);
#9899=(
LENGTH_UNIT()
NAMED_UNIT(*)
SI_UNIT(.MILLI.,.METRE.)
);
#9900=(
LENGTH_UNIT()
NAMED_UNIT(*)
SI_UNIT($,.METRE.)
);
#9901=(
NAMED_UNIT(*)
PLANE_ANGLE_UNIT()
SI_UNIT($,.RADIAN.)
);
#9902=(
NAMED_UNIT(*)
SI_UNIT($,.STERADIAN.)
SOLID_ANGLE_UNIT()
);
#9903=SHAPE_DEFINITION_REPRESENTATION(#9904,#9905);
#9904=PRODUCT_DEFINITION_SHAPE('',$,#9907);
#9905=SHAPE_REPRESENTATION('',(#3882),#9897);
#9906=PRODUCT_DEFINITION_CONTEXT('part definition',#9911,'design');
#9907=PRODUCT_DEFINITION(
'\X2\4E2D98CE9053\X0\^\X2\98CE905390E85206\X0\_CNC \X2\53CC801767507248\X0\_
CNC \X2\59349002914D53CC8017675070ED7AEF\X0\','\X2\041A043E043B0435043D043E\X0\ 
CHC-XL (1)',#9908,#9906);
#9908=PRODUCT_DEFINITION_FORMATION('',$,#9913);
#9909=PRODUCT_RELATED_PRODUCT_CATEGORY('\X2\041A043E043B0435043D043E\X0\ 
CHC-XL (1)','\X2\041A043E043B0435043D043E\X0\ CHC-XL (1)',(#9913));
#9910=APPLICATION_PROTOCOL_DEFINITION('international standard',
'automotive_design',2009,#9911);
#9911=APPLICATION_CONTEXT(
'Core Data for Automotive Mechanical Design Process');
#9912=PRODUCT_CONTEXT('part definition',#9911,'mechanical');
#9913=PRODUCT(
'\X2\4E2D98CE9053\X0\^\X2\98CE905390E85206\X0\_CNC \X2\53CC801767507248\X0\_
CNC \X2\59349002914D53CC8017675070ED7AEF\X0\','\X2\041A043E043B0435043D043E\X0\ 
CHC-XL (1)',$,(#9912));
#9914=PRESENTATION_STYLE_ASSIGNMENT((#9916));
#9915=PRESENTATION_STYLE_ASSIGNMENT((#9917));
#9916=SURFACE_STYLE_USAGE(.BOTH.,#9918);
#9917=SURFACE_STYLE_USAGE(.BOTH.,#9919);
#9918=SURFACE_SIDE_STYLE('',(#9920));
#9919=SURFACE_SIDE_STYLE('',(#9921));
#9920=SURFACE_STYLE_FILL_AREA(#9922);
#9921=SURFACE_STYLE_FILL_AREA(#9923);
#9922=FILL_AREA_STYLE('Steel - Satin',(#9924));
#9923=FILL_AREA_STYLE('Opaque(85,85,85)',(#9925));
#9924=FILL_AREA_STYLE_COLOUR('Steel - Satin',#9926);
#9925=FILL_AREA_STYLE_COLOUR('Opaque(85,85,85)',#9927);
#9926=COLOUR_RGB('Steel - Satin',0.627450980392157,0.627450980392157,0.627450980392157);
#9927=COLOUR_RGB('Opaque(85,85,85)',0.333333333333333,0.333333333333333,
0.333333333333333);
ENDSEC;
END-ISO-10303-21;
