ISO-10303-21;
HEADER;
/* Generated by software containing ST-Developer
 * from STEP Tools, Inc. (www.steptools.com) 
 */

FILE_DESCRIPTION(
/* description */ (''),
/* implementation_level */ '2;1');

FILE_NAME(
/* name */ '',
/* time_stamp */ '2026-04-23T08:32:14+03:00',
/* author */ (''),
/* organization */ (''),
/* preprocessor_version */ 'ST-DEVELOPER v20.1',
/* originating_system */ 'Autodesk Translation Framework v15.8.0.0',
/* authorisation */ '');

FILE_SCHEMA (('AUTOMOTIVE_DESIGN { 1 0 10303 214 3 1 1 }'));
ENDSEC;

DATA;
#10=MECHANICAL_DESIGN_GEOMETRIC_PRESENTATION_REPRESENTATION('',(#13),#5443);
#11=SHAPE_REPRESENTATION_RELATIONSHIP('SRR','None',#5450,#12);
#12=ADVANCED_BREP_SHAPE_REPRESENTATION('',(#14),#5442);
#13=STYLED_ITEM('',(#5459),#14);
#14=MANIFOLD_SOLID_BREP('Body1',#1213);
#15=FACE_BOUND('',#182,.T.);
#16=FACE_BOUND('',#183,.T.);
#17=FACE_BOUND('',#190,.T.);
#18=FACE_BOUND('',#191,.T.);
#19=FACE_BOUND('',#192,.T.);
#20=FACE_BOUND('',#193,.T.);
#21=FACE_BOUND('',#194,.T.);
#22=FACE_BOUND('',#206,.T.);
#23=FACE_BOUND('',#211,.T.);
#24=FACE_BOUND('',#228,.T.);
#25=FACE_BOUND('',#229,.T.);
#26=(
BOUNDED_SURFACE()
B_SPLINE_SURFACE(5,1,((#3221,#3222),(#3223,#3224),(#3225,#3226),(#3227,
#3228),(#3229,#3230),(#3231,#3232),(#3233,#3234),(#3235,#3236),(#3237,#3238),
(#3239,#3240),(#3241,#3242),(#3243,#3244),(#3245,#3246),(#3247,#3248),(#3249,
#3250),(#3251,#3252),(#3253,#3254),(#3255,#3256),(#3257,#3258),(#3259,#3260),
(#3261,#3262),(#3263,#3264),(#3265,#3266),(#3267,#3268),(#3269,#3270),(#3271,
#3272),(#3273,#3274),(#3275,#3276),(#3277,#3278),(#3279,#3280),(#3281,#3282),
(#3283,#3284),(#3285,#3286),(#3287,#3288),(#3289,#3290),(#3291,#3292),(#3293,
#3294),(#3295,#3296),(#3297,#3298),(#3299,#3300),(#3301,#3302),(#3303,#3304),
(#3305,#3306),(#3307,#3308),(#3309,#3310),(#3311,#3312),(#3313,#3314),(#3315,
#3316),(#3317,#3318),(#3319,#3320),(#3321,#3322),(#3323,#3324),(#3325,#3326),
(#3327,#3328),(#3329,#3330),(#3331,#3332),(#3333,#3334),(#3335,#3336),(#3337,
#3338),(#3339,#3340),(#3341,#3342),(#3343,#3344),(#3345,#3346),(#3347,#3348),
(#3349,#3350),(#3351,#3352),(#3353,#3354),(#3355,#3356),(#3357,#3358),(#3359,
#3360),(#3361,#3362),(#3363,#3364),(#3365,#3366),(#3367,#3368),(#3369,#3370),
(#3371,#3372),(#3373,#3374),(#3375,#3376),(#3377,#3378),(#3379,#3380),(#3381,
#3382),(#3383,#3384),(#3385,#3386),(#3387,#3388),(#3389,#3390),(#3391,#3392),
(#3393,#3394),(#3395,#3396),(#3397,#3398),(#3399,#3400),(#3401,#3402),(#3403,
#3404),(#3405,#3406),(#3407,#3408),(#3409,#3410)),.UNSPECIFIED.,.F.,.F.,
 .F.)
B_SPLINE_SURFACE_WITH_KNOTS((6,1,1,1,1,1,1,1,1,1,1,1,1,1,1,1,1,1,1,1,1,
1,1,1,1,1,1,1,1,1,1,1,1,1,1,1,1,1,1,1,1,1,1,1,1,1,1,1,1,1,1,1,1,1,1,1,1,
1,1,1,1,1,1,1,1,1,1,1,1,1,1,1,1,1,1,1,1,1,1,1,1,1,1,1,1,1,1,1,1,1,6),(2,
2),(-1.,-0.988888888888887,-0.977777777777776,-0.966666666666665,-0.955555555555554,
-0.944444444444443,-0.933333333333332,-0.922222222222221,-0.91111111111111,
-0.899999999999999,-0.888888888888888,-0.877777777777777,-0.866666666666666,
-0.855555555555555,-0.844444444444443,-0.833333333333332,-0.822222222222221,
-0.81111111111111,-0.799999999999999,-0.788888888888888,-0.777777777777777,
-0.766666666666666,-0.755555555555555,-0.744444444444444,-0.733333333333333,
-0.722222222222222,-0.711111111111111,-0.7,-0.688888888888888,-0.677777777777777,
-0.666666666666666,-0.655555555555555,-0.644444444444444,-0.633333333333333,
-0.622222222222222,-0.611111111111111,-0.6,-0.588888888888889,-0.577777777777778,
-0.566666666666667,-0.555555555555556,-0.544444444444445,-0.533333333333333,
-0.522222222222222,-0.511111111111111,-0.5,-0.488888888888889,-0.477777777777778,
-0.466666666666667,-0.455555555555556,-0.444444444444445,-0.433333333333333,
-0.422222222222222,-0.411111111111111,-0.4,-0.388888888888889,-0.377777777777778,
-0.366666666666667,-0.355555555555556,-0.344444444444444,-0.333333333333333,
-0.322222222222222,-0.311111111111111,-0.3,-0.288888888888889,-0.277777777777778,
-0.266666666666667,-0.255555555555555,-0.244444444444444,-0.233333333333333,
-0.222222222222222,-0.211111111111111,-0.2,-0.188888888888889,-0.177777777777778,
-0.166666666666667,-0.155555555555556,-0.144444444444444,-0.133333333333333,
-0.122222222222222,-0.111111111111111,-0.1,-0.0888888888888889,-0.0777777777777778,
-0.0666666666666667,-0.0555555555555556,-0.0444444444444444,-0.0333333333333333,
-0.0222222222222222,-0.0111111111111111,0.),(-2.,2.),.UNSPECIFIED.)
GEOMETRIC_REPRESENTATION_ITEM()
RATIONAL_B_SPLINE_SURFACE(((1.,1.),(1.,1.),(1.,1.),(1.,1.),(1.,1.),(1.,
1.),(1.,1.),(1.,1.),(1.,1.),(1.,1.),(1.,1.),(1.,1.),(1.,1.),(1.,1.),(1.,
1.),(1.,1.),(1.,1.),(1.,1.),(1.,1.),(1.,1.),(1.,1.),(1.,1.),(1.,1.),(1.,
1.),(1.,1.),(1.,1.),(1.,1.),(1.,1.),(1.,1.),(1.,1.),(1.,1.),(1.,1.),(1.,
1.),(1.,1.),(1.,1.),(1.,1.),(1.,1.),(1.,1.),(1.,1.),(1.,1.),(1.,1.),(1.,
1.),(1.,1.),(1.,1.),(1.,1.),(1.,1.),(1.,1.),(1.,1.),(1.,1.),(1.,1.),(1.,
1.),(1.,1.),(1.,1.),(1.,1.),(1.,1.),(1.,1.),(1.,1.),(1.,1.),(1.,1.),(1.,
1.),(1.,1.),(1.,1.),(1.,1.),(1.,1.),(1.,1.),(1.,1.),(1.,1.),(1.,1.),(1.,
1.),(1.,1.),(1.,1.),(1.,1.),(1.,1.),(1.,1.),(1.,1.),(1.,1.),(1.,1.),(1.,
1.),(1.,1.),(1.,1.),(1.,1.),(1.,1.),(1.,1.),(1.,1.),(1.,1.),(1.,1.),(1.,
1.),(1.,1.),(1.,1.),(1.,1.),(1.,1.),(1.,1.),(1.,1.),(1.,1.),(1.,1.)))
REPRESENTATION_ITEM('')
SURFACE()
);
#27=(
BOUNDED_SURFACE()
B_SPLINE_SURFACE(5,1,((#5355,#5356),(#5357,#5358),(#5359,#5360),(#5361,
#5362),(#5363,#5364),(#5365,#5366),(#5367,#5368),(#5369,#5370),(#5371,#5372),
(#5373,#5374),(#5375,#5376),(#5377,#5378),(#5379,#5380),(#5381,#5382),(#5383,
#5384),(#5385,#5386),(#5387,#5388),(#5389,#5390),(#5391,#5392),(#5393,#5394)),
 .UNSPECIFIED.,.F.,.F.,.F.)
B_SPLINE_SURFACE_WITH_KNOTS((6,1,1,1,1,1,1,1,1,1,1,1,1,1,1,6),(2,2),(-1.,
-0.933333333333333,-0.866666666666667,-0.8,-0.733333333333333,-0.666666666666667,
-0.6,-0.533333333333333,-0.466666666666667,-0.4,-0.333333333333333,-0.266666666666667,
-0.2,-0.133333333333333,-0.0666666666666667,0.),(-2.,2.),.UNSPECIFIED.)
GEOMETRIC_REPRESENTATION_ITEM()
RATIONAL_B_SPLINE_SURFACE(((1.,1.),(1.,1.),(1.,1.),(1.,1.),(1.,1.),(1.,
1.),(1.,1.),(1.,1.),(1.,1.),(1.,1.),(1.,1.),(1.,1.),(1.,1.),(1.,1.),(1.,
1.),(1.,1.),(1.,1.),(1.,1.),(1.,1.),(1.,1.)))
REPRESENTATION_ITEM('')
SURFACE()
);
#28=(
BOUNDED_SURFACE()
B_SPLINE_SURFACE(5,1,((#5400,#5401),(#5402,#5403),(#5404,#5405),(#5406,
#5407),(#5408,#5409),(#5410,#5411),(#5412,#5413),(#5414,#5415),(#5416,#5417),
(#5418,#5419),(#5420,#5421),(#5422,#5423),(#5424,#5425),(#5426,#5427),(#5428,
#5429),(#5430,#5431),(#5432,#5433),(#5434,#5435),(#5436,#5437),(#5438,#5439)),
 .UNSPECIFIED.,.F.,.F.,.F.)
B_SPLINE_SURFACE_WITH_KNOTS((6,1,1,1,1,1,1,1,1,1,1,1,1,1,1,6),(2,2),(-1.,
-0.933333333333333,-0.866666666666667,-0.8,-0.733333333333333,-0.666666666666667,
-0.6,-0.533333333333333,-0.466666666666667,-0.4,-0.333333333333333,-0.266666666666667,
-0.2,-0.133333333333333,-0.0666666666666667,0.),(-2.,2.),.UNSPECIFIED.)
GEOMETRIC_REPRESENTATION_ITEM()
RATIONAL_B_SPLINE_SURFACE(((1.,1.),(1.,1.),(1.,1.),(1.,1.),(1.,1.),(1.,
1.),(1.,1.),(1.,1.),(1.,1.),(1.,1.),(1.,1.),(1.,1.),(1.,1.),(1.,1.),(1.,
1.),(1.,1.),(1.,1.),(1.,1.),(1.,1.),(1.,1.)))
REPRESENTATION_ITEM('')
SURFACE()
);
#29=B_SPLINE_SURFACE_WITH_KNOTS('',3,3,((#2166,#2167,#2168,#2169,#2170,
#2171,#2172,#2173,#2174,#2175,#2176,#2177,#2178),(#2179,#2180,#2181,#2182,
#2183,#2184,#2185,#2186,#2187,#2188,#2189,#2190,#2191),(#2192,#2193,#2194,
#2195,#2196,#2197,#2198,#2199,#2200,#2201,#2202,#2203,#2204),(#2205,#2206,
#2207,#2208,#2209,#2210,#2211,#2212,#2213,#2214,#2215,#2216,#2217),(#2218,
#2219,#2220,#2221,#2222,#2223,#2224,#2225,#2226,#2227,#2228,#2229,#2230)),
 .UNSPECIFIED.,.F.,.F.,.F.,(4,1,4),(4,1,1,1,1,1,2,2,4),(0.,0.5,1.),(0.,
0.0857407821730496,0.128611173259574,0.171481564346099,0.257222346519149,
0.342963128692198,0.428703910865248,0.430565970351828,0.466370975319732),
 .UNSPECIFIED.);
#30=B_SPLINE_SURFACE_WITH_KNOTS('',3,3,((#2248,#2249,#2250,#2251,#2252),
(#2253,#2254,#2255,#2256,#2257),(#2258,#2259,#2260,#2261,#2262),(#2263,
#2264,#2265,#2266,#2267)),.UNSPECIFIED.,.F.,.F.,.F.,(4,4),(4,1,4),(0.,1.),
(1.76866400697441E-15,0.476656932845582,0.953313865691163),
 .UNSPECIFIED.);
#31=B_SPLINE_SURFACE_WITH_KNOTS('',3,3,((#2275,#2276,#2277,#2278,#2279,
#2280,#2281,#2282,#2283,#2284,#2285,#2286,#2287,#2288),(#2289,#2290,#2291,
#2292,#2293,#2294,#2295,#2296,#2297,#2298,#2299,#2300,#2301,#2302),(#2303,
#2304,#2305,#2306,#2307,#2308,#2309,#2310,#2311,#2312,#2313,#2314,#2315,
#2316),(#2317,#2318,#2319,#2320,#2321,#2322,#2323,#2324,#2325,#2326,#2327,
#2328,#2329,#2330),(#2331,#2332,#2333,#2334,#2335,#2336,#2337,#2338,#2339,
#2340,#2341,#2342,#2343,#2344)),.UNSPECIFIED.,.F.,.F.,.F.,(4,1,4),(4,2,
2,2,1,1,1,1,4),(0.,0.5,1.),(0.,0.0475081952033237,0.0500141703967743,0.0868734107132741,
0.199523745269092,0.312174079824911,0.424824414380729,0.481149581658638,
0.537474748936547),.UNSPECIFIED.);
#32=B_SPLINE_SURFACE_WITH_KNOTS('',3,3,((#2361,#2362,#2363,#2364,#2365,
#2366,#2367,#2368,#2369,#2370),(#2371,#2372,#2373,#2374,#2375,#2376,#2377,
#2378,#2379,#2380),(#2381,#2382,#2383,#2384,#2385,#2386,#2387,#2388,#2389,
#2390),(#2391,#2392,#2393,#2394,#2395,#2396,#2397,#2398,#2399,#2400),(#2401,
#2402,#2403,#2404,#2405,#2406,#2407,#2408,#2409,#2410)),.UNSPECIFIED.,.F.,
 .F.,.F.,(4,1,4),(4,2,2,1,1,4),(0.,0.571428571428571,1.),(-1.80606924553322,
-1.40413761229615,-0.904314266998069,-0.516751009713182,-0.258375504856591,
0.),.UNSPECIFIED.);
#33=B_SPLINE_SURFACE_WITH_KNOTS('',3,3,((#2423,#2424,#2425,#2426,#2427,
#2428,#2429,#2430,#2431,#2432,#2433,#2434,#2435,#2436),(#2437,#2438,#2439,
#2440,#2441,#2442,#2443,#2444,#2445,#2446,#2447,#2448,#2449,#2450),(#2451,
#2452,#2453,#2454,#2455,#2456,#2457,#2458,#2459,#2460,#2461,#2462,#2463,
#2464),(#2465,#2466,#2467,#2468,#2469,#2470,#2471,#2472,#2473,#2474,#2475,
#2476,#2477,#2478),(#2479,#2480,#2481,#2482,#2483,#2484,#2485,#2486,#2487,
#2488,#2489,#2490,#2491,#2492)),.UNSPECIFIED.,.F.,.F.,.F.,(4,1,4),(4,1,
1,1,1,2,2,2,4),(0.,0.5,1.),(0.,0.0563284277662457,0.112656855532491,0.225313711064983,
0.337970566597474,0.450627422129966,0.487486648319673,0.489992619346379,
0.53750082149843),.UNSPECIFIED.);
#34=B_SPLINE_SURFACE_WITH_KNOTS('',3,3,((#2509,#2510,#2511,#2512,#2513),
(#2514,#2515,#2516,#2517,#2518),(#2519,#2520,#2521,#2522,#2523),(#2524,
#2525,#2526,#2527,#2528)),.UNSPECIFIED.,.F.,.F.,.F.,(4,4),(4,1,4),(0.,1.),
(0.,0.476656936671813,0.953313873343626),.UNSPECIFIED.);
#35=B_SPLINE_SURFACE_WITH_KNOTS('',3,3,((#2536,#2537,#2538,#2539,#2540,
#2541,#2542,#2543,#2544,#2545,#2546,#2547),(#2548,#2549,#2550,#2551,#2552,
#2553,#2554,#2555,#2556,#2557,#2558,#2559),(#2560,#2561,#2562,#2563,#2564,
#2565,#2566,#2567,#2568,#2569,#2570,#2571),(#2572,#2573,#2574,#2575,#2576,
#2577,#2578,#2579,#2580,#2581,#2582,#2583),(#2584,#2585,#2586,#2587,#2588,
#2589,#2590,#2591,#2592,#2593,#2594,#2595)),.UNSPECIFIED.,.F.,.F.,.F.,(4,
1,4),(4,2,2,1,1,1,1,4),(0.,0.5,1.),(0.0998907095443488,0.135695636099467,
0.137557688533628,0.223298479214109,0.30903926989459,0.39478006057507,0.480520851255551,
0.566261641936031),.UNSPECIFIED.);
#36=B_SPLINE_SURFACE_WITH_KNOTS('',3,3,((#2610,#2611,#2612,#2613,#2614,
#2615),(#2616,#2617,#2618,#2619,#2620,#2621),(#2622,#2623,#2624,#2625,#2626,
#2627),(#2628,#2629,#2630,#2631,#2632,#2633),(#2634,#2635,#2636,#2637,#2638,
#2639)),.UNSPECIFIED.,.F.,.F.,.F.,(4,1,4),(4,2,4),(0.,0.571428571428571,
1.),(0.,0.0079047264169359,0.0998907299897238),.UNSPECIFIED.);
#37=B_SPLINE_SURFACE_WITH_KNOTS('',3,3,((#2655,#2656,#2657,#2658,#2659,
#2660),(#2661,#2662,#2663,#2664,#2665,#2666),(#2667,#2668,#2669,#2670,#2671,
#2672),(#2673,#2674,#2675,#2676,#2677,#2678),(#2679,#2680,#2681,#2682,#2683,
#2684)),.UNSPECIFIED.,.F.,.F.,.F.,(4,1,4),(4,2,4),(0.,0.571428571428571,
1.),(-1.25921645463165E-13,0.0919860661636457,0.0998907263480984),
 .UNSPECIFIED.);
#38=B_SPLINE_SURFACE_WITH_KNOTS('',3,3,((#2700,#2701,#2702,#2703,#2704,
#2705,#2706,#2707,#2708,#2709,#2710,#2711),(#2712,#2713,#2714,#2715,#2716,
#2717,#2718,#2719,#2720,#2721,#2722,#2723),(#2724,#2725,#2726,#2727,#2728,
#2729,#2730,#2731,#2732,#2733,#2734,#2735),(#2736,#2737,#2738,#2739,#2740,
#2741,#2742,#2743,#2744,#2745,#2746,#2747),(#2748,#2749,#2750,#2751,#2752,
#2753,#2754,#2755,#2756,#2757,#2758,#2759),(#2760,#2761,#2762,#2763,#2764,
#2765,#2766,#2767,#2768,#2769,#2770,#2771)),.UNSPECIFIED.,.F.,.F.,.F.,(4,
1,1,4),(4,1,2,2,2,1,4),(0.,0.408111676379082,0.680186127298469,0.952260578217857),
(-1.83503431713744,-1.3956570762334,-1.10273891563071,-0.918076261529713,
-0.732742399644299,-0.439690908441465,-0.00011367163721282),
 .UNSPECIFIED.);
#39=B_SPLINE_SURFACE_WITH_KNOTS('',3,3,((#2818,#2819,#2820,#2821,#2822,
#2823,#2824,#2825,#2826,#2827,#2828,#2829,#2830,#2831,#2832,#2833,#2834,
#2835,#2836,#2837,#2838,#2839),(#2840,#2841,#2842,#2843,#2844,#2845,#2846,
#2847,#2848,#2849,#2850,#2851,#2852,#2853,#2854,#2855,#2856,#2857,#2858,
#2859,#2860,#2861),(#2862,#2863,#2864,#2865,#2866,#2867,#2868,#2869,#2870,
#2871,#2872,#2873,#2874,#2875,#2876,#2877,#2878,#2879,#2880,#2881,#2882,
#2883),(#2884,#2885,#2886,#2887,#2888,#2889,#2890,#2891,#2892,#2893,#2894,
#2895,#2896,#2897,#2898,#2899,#2900,#2901,#2902,#2903,#2904,#2905)),
 .UNSPECIFIED.,.F.,.F.,.F.,(4,4),(4,2,2,2,2,2,1,2,2,2,1,4),(0.,1.),(-1.12926779289609,
-0.833886121852652,-0.817480959069658,-0.800423134825464,-0.562070714177327,
-0.55859217948598,-0.458321253184067,-0.291203042680879,-0.289725803210104,
-0.26758934094699,-0.115777030220978,-0.0246896437853706),.UNSPECIFIED.);
#40=B_SPLINE_SURFACE_WITH_KNOTS('',3,3,((#2949,#2950,#2951,#2952,#2953,
#2954),(#2955,#2956,#2957,#2958,#2959,#2960),(#2961,#2962,#2963,#2964,#2965,
#2966),(#2967,#2968,#2969,#2970,#2971,#2972),(#2973,#2974,#2975,#2976,#2977,
#2978),(#2979,#2980,#2981,#2982,#2983,#2984),(#2985,#2986,#2987,#2988,#2989,
#2990),(#2991,#2992,#2993,#2994,#2995,#2996)),.UNSPECIFIED.,.F.,.F.,.F.,
(4,1,2,1,4),(4,1,1,4),(0.000104644872101529,0.200062822541028,0.500000089044417,
0.699958195517837,0.999895355227965),(0.00165245026849513,0.233597917424353,
0.494876138926701,0.706596147327818),.UNSPECIFIED.);
#41=B_SPLINE_SURFACE_WITH_KNOTS('',3,3,((#3022,#3023,#3024,#3025,#3026,
#3027,#3028,#3029,#3030,#3031,#3032,#3033,#3034,#3035,#3036,#3037,#3038,
#3039,#3040,#3041,#3042,#3043),(#3044,#3045,#3046,#3047,#3048,#3049,#3050,
#3051,#3052,#3053,#3054,#3055,#3056,#3057,#3058,#3059,#3060,#3061,#3062,
#3063,#3064,#3065),(#3066,#3067,#3068,#3069,#3070,#3071,#3072,#3073,#3074,
#3075,#3076,#3077,#3078,#3079,#3080,#3081,#3082,#3083,#3084,#3085,#3086,
#3087),(#3088,#3089,#3090,#3091,#3092,#3093,#3094,#3095,#3096,#3097,#3098,
#3099,#3100,#3101,#3102,#3103,#3104,#3105,#3106,#3107,#3108,#3109)),
 .UNSPECIFIED.,.F.,.F.,.F.,(4,4),(4,2,2,2,2,2,2,2,2,2,4),(0.,1.),(0.0229625621843823,
0.318344185167943,0.334749345877225,0.351807180003172,0.590159587891272,
0.593638122774801,0.634875754056709,0.8610272970938,0.862504536669424,0.884641013266369,
1.12777531268076),.UNSPECIFIED.);
#42=B_SPLINE_SURFACE_WITH_KNOTS('',3,3,((#3137,#3138,#3139,#3140,#3141,
#3142,#3143,#3144,#3145,#3146),(#3147,#3148,#3149,#3150,#3151,#3152,#3153,
#3154,#3155,#3156),(#3157,#3158,#3159,#3160,#3161,#3162,#3163,#3164,#3165,
#3166),(#3167,#3168,#3169,#3170,#3171,#3172,#3173,#3174,#3175,#3176),(#3177,
#3178,#3179,#3180,#3181,#3182,#3183,#3184,#3185,#3186)),.UNSPECIFIED.,.F.,
 .F.,.F.,(4,1,4),(4,1,1,1,1,1,1,4),(2.82401657353304E-5,0.428523667017797,
0.999850902820545),(0.00199324407493388,0.219944980223218,0.233597917424353,
0.491043484446613,0.494876138926701,0.752507378176907,0.753811986345015,
0.979520773518641),.UNSPECIFIED.);
#43=B_SPLINE_SURFACE_WITH_KNOTS('',3,3,((#3727,#3728,#3729,#3730,#3731,
#3732,#3733,#3734,#3735,#3736,#3737,#3738,#3739,#3740,#3741,#3742,#3743,
#3744,#3745,#3746,#3747,#3748,#3749,#3750,#3751,#3752,#3753,#3754,#3755,
#3756,#3757,#3758,#3759,#3760,#3761,#3762,#3763,#3764,#3765,#3766,#3767,
#3768,#3769,#3770,#3771,#3772,#3773,#3774,#3775,#3776,#3777,#3778,#3779,
#3780,#3781,#3782,#3783,#3784,#3785,#3786,#3787,#3788,#3789,#3790,#3791,
#3792,#3793,#3794,#3795,#3796,#3797,#3798,#3799,#3800,#3801,#3802,#3803,
#3804,#3805,#3806,#3807,#3808,#3809,#3810,#3811,#3812,#3813,#3814,#3815,
#3816,#3817,#3818,#3819,#3820,#3821,#3822,#3823,#3824,#3825),(#3826,#3827,
#3828,#3829,#3830,#3831,#3832,#3833,#3834,#3835,#3836,#3837,#3838,#3839,
#3840,#3841,#3842,#3843,#3844,#3845,#3846,#3847,#3848,#3849,#3850,#3851,
#3852,#3853,#3854,#3855,#3856,#3857,#3858,#3859,#3860,#3861,#3862,#3863,
#3864,#3865,#3866,#3867,#3868,#3869,#3870,#3871,#3872,#3873,#3874,#3875,
#3876,#3877,#3878,#3879,#3880,#3881,#3882,#3883,#3884,#3885,#3886,#3887,
#3888,#3889,#3890,#3891,#3892,#3893,#3894,#3895,#3896,#3897,#3898,#3899,
#3900,#3901,#3902,#3903,#3904,#3905,#3906,#3907,#3908,#3909,#3910,#3911,
#3912,#3913,#3914,#3915,#3916,#3917,#3918,#3919,#3920,#3921,#3922,#3923,
#3924),(#3925,#3926,#3927,#3928,#3929,#3930,#3931,#3932,#3933,#3934,#3935,
#3936,#3937,#3938,#3939,#3940,#3941,#3942,#3943,#3944,#3945,#3946,#3947,
#3948,#3949,#3950,#3951,#3952,#3953,#3954,#3955,#3956,#3957,#3958,#3959,
#3960,#3961,#3962,#3963,#3964,#3965,#3966,#3967,#3968,#3969,#3970,#3971,
#3972,#3973,#3974,#3975,#3976,#3977,#3978,#3979,#3980,#3981,#3982,#3983,
#3984,#3985,#3986,#3987,#3988,#3989,#3990,#3991,#3992,#3993,#3994,#3995,
#3996,#3997,#3998,#3999,#4000,#4001,#4002,#4003,#4004,#4005,#4006,#4007,
#4008,#4009,#4010,#4011,#4012,#4013,#4014,#4015,#4016,#4017,#4018,#4019,
#4020,#4021,#4022,#4023),(#4024,#4025,#4026,#4027,#4028,#4029,#4030,#4031,
#4032,#4033,#4034,#4035,#4036,#4037,#4038,#4039,#4040,#4041,#4042,#4043,
#4044,#4045,#4046,#4047,#4048,#4049,#4050,#4051,#4052,#4053,#4054,#4055,
#4056,#4057,#4058,#4059,#4060,#4061,#4062,#4063,#4064,#4065,#4066,#4067,
#4068,#4069,#4070,#4071,#4072,#4073,#4074,#4075,#4076,#4077,#4078,#4079,
#4080,#4081,#4082,#4083,#4084,#4085,#4086,#4087,#4088,#4089,#4090,#4091,
#4092,#4093,#4094,#4095,#4096,#4097,#4098,#4099,#4100,#4101,#4102,#4103,
#4104,#4105,#4106,#4107,#4108,#4109,#4110,#4111,#4112,#4113,#4114,#4115,
#4116,#4117,#4118,#4119,#4120,#4121,#4122),(#4123,#4124,#4125,#4126,#4127,
#4128,#4129,#4130,#4131,#4132,#4133,#4134,#4135,#4136,#4137,#4138,#4139,
#4140,#4141,#4142,#4143,#4144,#4145,#4146,#4147,#4148,#4149,#4150,#4151,
#4152,#4153,#4154,#4155,#4156,#4157,#4158,#4159,#4160,#4161,#4162,#4163,
#4164,#4165,#4166,#4167,#4168,#4169,#4170,#4171,#4172,#4173,#4174,#4175,
#4176,#4177,#4178,#4179,#4180,#4181,#4182,#4183,#4184,#4185,#4186,#4187,
#4188,#4189,#4190,#4191,#4192,#4193,#4194,#4195,#4196,#4197,#4198,#4199,
#4200,#4201,#4202,#4203,#4204,#4205,#4206,#4207,#4208,#4209,#4210,#4211,
#4212,#4213,#4214,#4215,#4216,#4217,#4218,#4219,#4220,#4221)),
 .UNSPECIFIED.,.F.,.F.,.F.,(4,1,4),(4,2,1,1,1,1,1,1,1,1,1,1,1,1,1,1,1,1,
1,1,1,1,1,1,1,1,1,1,1,1,1,1,1,1,1,1,1,1,1,1,1,1,1,1,1,1,1,1,1,1,1,1,1,1,
1,1,1,1,1,1,1,1,1,1,1,1,1,1,1,1,1,1,1,1,1,1,1,1,1,1,1,1,1,1,1,1,1,1,1,1,
1,1,1,1,1,4),(0.,0.571428571428571,1.),(-0.000692997608794155,0.,0.0691151004592308,
0.138230200918462,0.207345301377692,0.276460401836923,0.345575502296154,
0.414690602755385,0.483805703214616,0.552920803673847,0.622035904133077,
0.691151004592308,0.760266105051539,0.794823655281155,0.812102430395962,
0.82938120551077,0.863938755740385,0.881217530855193,0.898496305970001,
0.907135693527404,0.915775081084808,0.933053856199616,0.94169324375702,
0.950332631314424,0.967611406429231,0.968691329873907,0.969771253318582,
0.971931100207933,0.976250793986635,0.984890181544039,0.989209875322741,
0.990289798767417,0.991369722212092,0.993529569101443,0.997849262880145,
1.00216895665885,1.00648865043755,1.01080834421625,1.01188826766093,1.0121582485221,
1.01242822938326,1.0129681911056,1.01512803799495,1.01944773177365,1.02160757866301,
1.02376742555236,1.02592727244171,1.02808711933106,1.02916704277573,1.03024696622041,
1.03240681310976,1.03672650688846,1.05400528200327,1.07128405711808,1.07992344467548,
1.10584160734769,1.10692153079237,1.10800145423704,1.10908137768172,1.1101613011264,
1.11232114801575,1.1144809949051,1.11664084179445,1.1188006886838,1.12096053557315,
1.1231203824625,1.12528022935185,1.1274400762412,1.1317597700199,1.14039915757731,
1.14147908102198,1.14201904274432,1.14255900446666,1.14363892791134,1.14471885135601,
1.14579877480069,1.14687869824536,1.14795862169004,1.14903854513471,1.15335823891341,
1.15767793269212,1.16199762647082,1.16631732024952,1.17495670780692,1.18359609536433,
1.19223548292173,1.20951425803654,1.22679303315135,1.23543242070875,1.24407180826615,
1.25271119582356,1.26135058338096,1.27862935849577,1.31318690872539,1.347744458955,
1.38230200918462),.UNSPECIFIED.);
#44=B_SPLINE_SURFACE_WITH_KNOTS('',3,3,((#4279,#4280,#4281,#4282,#4283,
#4284,#4285,#4286,#4287,#4288,#4289,#4290,#4291,#4292,#4293,#4294,#4295,
#4296,#4297,#4298,#4299,#4300,#4301,#4302,#4303,#4304,#4305,#4306,#4307,
#4308,#4309,#4310,#4311,#4312,#4313,#4314,#4315,#4316,#4317,#4318,#4319,
#4320,#4321,#4322,#4323,#4324,#4325,#4326,#4327,#4328,#4329,#4330,#4331,
#4332,#4333,#4334,#4335,#4336,#4337,#4338,#4339),(#4340,#4341,#4342,#4343,
#4344,#4345,#4346,#4347,#4348,#4349,#4350,#4351,#4352,#4353,#4354,#4355,
#4356,#4357,#4358,#4359,#4360,#4361,#4362,#4363,#4364,#4365,#4366,#4367,
#4368,#4369,#4370,#4371,#4372,#4373,#4374,#4375,#4376,#4377,#4378,#4379,
#4380,#4381,#4382,#4383,#4384,#4385,#4386,#4387,#4388,#4389,#4390,#4391,
#4392,#4393,#4394,#4395,#4396,#4397,#4398,#4399,#4400),(#4401,#4402,#4403,
#4404,#4405,#4406,#4407,#4408,#4409,#4410,#4411,#4412,#4413,#4414,#4415,
#4416,#4417,#4418,#4419,#4420,#4421,#4422,#4423,#4424,#4425,#4426,#4427,
#4428,#4429,#4430,#4431,#4432,#4433,#4434,#4435,#4436,#4437,#4438,#4439,
#4440,#4441,#4442,#4443,#4444,#4445,#4446,#4447,#4448,#4449,#4450,#4451,
#4452,#4453,#4454,#4455,#4456,#4457,#4458,#4459,#4460,#4461),(#4462,#4463,
#4464,#4465,#4466,#4467,#4468,#4469,#4470,#4471,#4472,#4473,#4474,#4475,
#4476,#4477,#4478,#4479,#4480,#4481,#4482,#4483,#4484,#4485,#4486,#4487,
#4488,#4489,#4490,#4491,#4492,#4493,#4494,#4495,#4496,#4497,#4498,#4499,
#4500,#4501,#4502,#4503,#4504,#4505,#4506,#4507,#4508,#4509,#4510,#4511,
#4512,#4513,#4514,#4515,#4516,#4517,#4518,#4519,#4520,#4521,#4522),(#4523,
#4524,#4525,#4526,#4527,#4528,#4529,#4530,#4531,#4532,#4533,#4534,#4535,
#4536,#4537,#4538,#4539,#4540,#4541,#4542,#4543,#4544,#4545,#4546,#4547,
#4548,#4549,#4550,#4551,#4552,#4553,#4554,#4555,#4556,#4557,#4558,#4559,
#4560,#4561,#4562,#4563,#4564,#4565,#4566,#4567,#4568,#4569,#4570,#4571,
#4572,#4573,#4574,#4575,#4576,#4577,#4578,#4579,#4580,#4581,#4582,#4583)),
 .UNSPECIFIED.,.F.,.F.,.F.,(4,1,4),(4,1,1,1,1,1,1,1,1,1,1,1,1,1,1,1,1,1,
1,1,1,1,1,1,1,1,1,1,1,1,1,1,1,1,1,1,1,1,1,1,1,1,1,1,1,1,1,1,1,1,1,1,1,1,
1,1,2,4),(0.,0.571428571428571,1.),(-1.84417358954552E-16,0.0172733144480543,
0.0345466288961087,0.0518199433441632,0.0690932577922176,0.103639886688327,
0.138186515584435,0.146823172808463,0.151141501420476,0.15545983003249,
0.172733144480544,0.181369801704572,0.190006458928599,0.207279773376653,
0.224553087824708,0.241826402272762,0.259099716720817,0.267736373944844,
0.276373031168871,0.293646345616926,0.302283002840953,0.306601331452966,
0.308760495758973,0.309840077911977,0.31091966006498,0.328192974513035,
0.345466288961089,0.354102946185116,0.362739603409143,0.367057932021157,
0.371376260633171,0.375694589245184,0.380012917857198,0.414559546753307,
0.449106175649416,0.46637949009747,0.483652804545525,0.500926118993579,
0.518199433441633,0.552746062337742,0.62183932012996,0.690932577922178,
0.760025835714396,0.829119093506614,0.898212351298832,0.932758980194941,
0.967305609091049,1.03639886688327,1.10549212467548,1.1745853824677,1.24367864025992,
1.31277189805214,1.34731852694825,1.3645918413963,1.37322849862033,1.37754682723234,
1.38186515584436,1.38255815345298),.UNSPECIFIED.);
#45=B_SPLINE_SURFACE_WITH_KNOTS('',3,3,((#4628,#4629,#4630,#4631),(#4632,
#4633,#4634,#4635),(#4636,#4637,#4638,#4639),(#4640,#4641,#4642,#4643)),
 .UNSPECIFIED.,.F.,.F.,.F.,(4,4),(4,4),(0.,1.),(6.11900956581211E-13,0.000851974276641026),
 .UNSPECIFIED.);
#46=B_SPLINE_SURFACE_WITH_KNOTS('',3,3,((#4652,#4653,#4654,#4655),(#4656,
#4657,#4658,#4659),(#4660,#4661,#4662,#4663),(#4664,#4665,#4666,#4667)),
 .UNSPECIFIED.,.F.,.F.,.F.,(4,4),(4,4),(0.,1.),(0.,0.000851973763365771),
 .UNSPECIFIED.);
#47=B_SPLINE_SURFACE_WITH_KNOTS('',3,3,((#4676,#4677,#4678,#4679,#4680,
#4681,#4682,#4683),(#4684,#4685,#4686,#4687,#4688,#4689,#4690,#4691),(#4692,
#4693,#4694,#4695,#4696,#4697,#4698,#4699),(#4700,#4701,#4702,#4703,#4704,
#4705,#4706,#4707),(#4708,#4709,#4710,#4711,#4712,#4713,#4714,#4715),(#4716,
#4717,#4718,#4719,#4720,#4721,#4722,#4723),(#4724,#4725,#4726,#4727,#4728,
#4729,#4730,#4731),(#4732,#4733,#4734,#4735,#4736,#4737,#4738,#4739),(#4740,
#4741,#4742,#4743,#4744,#4745,#4746,#4747),(#4748,#4749,#4750,#4751,#4752,
#4753,#4754,#4755)),.UNSPECIFIED.,.F.,.F.,.F.,(4,1,1,1,1,1,1,4),(4,1,2,
1,4),(0.,0.571428571428571,0.607142857142857,0.642857142857143,0.785714285714286,
0.857142857142857,0.928571428571429,1.),(0.000251694247165021,0.720789200346896,
1.20114753774672,1.68150587336025,2.40204337678055),.UNSPECIFIED.);
#48=B_SPLINE_SURFACE_WITH_KNOTS('',3,3,((#4764,#4765,#4766,#4767),(#4768,
#4769,#4770,#4771),(#4772,#4773,#4774,#4775),(#4776,#4777,#4778,#4779)),
 .UNSPECIFIED.,.F.,.F.,.F.,(4,4),(4,4),(0.,1.),(1.48351609678658E-12,0.000160173117338226),
 .UNSPECIFIED.);
#49=B_SPLINE_SURFACE_WITH_KNOTS('',3,3,((#4788,#4789,#4790,#4791),(#4792,
#4793,#4794,#4795),(#4796,#4797,#4798,#4799),(#4800,#4801,#4802,#4803)),
 .UNSPECIFIED.,.F.,.F.,.F.,(4,4),(4,4),(0.,1.),(0.,0.000160173011788513),
 .UNSPECIFIED.);
#50=B_SPLINE_SURFACE_WITH_KNOTS('',3,3,((#4813,#4814,#4815,#4816,#4817,
#4818,#4819),(#4820,#4821,#4822,#4823,#4824,#4825,#4826),(#4827,#4828,#4829,
#4830,#4831,#4832,#4833),(#4834,#4835,#4836,#4837,#4838,#4839,#4840)),
 .UNSPECIFIED.,.F.,.F.,.F.,(4,4),(4,1,1,1,4),(0.,1.),(4.73478108644557E-5,
0.479747939116989,0.959448530423114,1.31922397390271,1.6789994173823),
 .UNSPECIFIED.);
#51=B_SPLINE_SURFACE_WITH_KNOTS('',3,3,((#4860,#4861,#4862,#4863,#4864,
#4865,#4866,#4867),(#4868,#4869,#4870,#4871,#4872,#4873,#4874,#4875),(#4876,
#4877,#4878,#4879,#4880,#4881,#4882,#4883),(#4884,#4885,#4886,#4887,#4888,
#4889,#4890,#4891)),.UNSPECIFIED.,.F.,.F.,.F.,(4,4),(4,1,2,1,4),(0.,1.),
(-2.39372544263718,-1.91499114817318,-1.19688970647717,-0.718152767172118,
-4.73582145449603E-5),.UNSPECIFIED.);
#52=B_SPLINE_SURFACE_WITH_KNOTS('',3,3,((#4908,#4909,#4910,#4911,#4912,
#4913,#4914,#4915,#4916,#4917,#4918,#4919,#4920,#4921,#4922,#4923,#4924,
#4925,#4926,#4927,#4928,#4929,#4930,#4931,#4932,#4933),(#4934,#4935,#4936,
#4937,#4938,#4939,#4940,#4941,#4942,#4943,#4944,#4945,#4946,#4947,#4948,
#4949,#4950,#4951,#4952,#4953,#4954,#4955,#4956,#4957,#4958,#4959),(#4960,
#4961,#4962,#4963,#4964,#4965,#4966,#4967,#4968,#4969,#4970,#4971,#4972,
#4973,#4974,#4975,#4976,#4977,#4978,#4979,#4980,#4981,#4982,#4983,#4984,
#4985),(#4986,#4987,#4988,#4989,#4990,#4991,#4992,#4993,#4994,#4995,#4996,
#4997,#4998,#4999,#5000,#5001,#5002,#5003,#5004,#5005,#5006,#5007,#5008,
#5009,#5010,#5011)),.UNSPECIFIED.,.F.,.F.,.F.,(4,4),(4,1,1,2,2,2,2,2,2,
1,2,2,2,1,4),(0.,1.),(0.000172888253875841,0.0490777231551477,0.0784206240959108,
0.156668359937946,0.197871556203277,0.217646205943587,0.503605497501339,
0.595506127184988,0.601145016134902,0.756776756743254,0.912408497351606,
0.951972079050574,0.953639544302256,1.0585717875587,1.23345885965278),
 .UNSPECIFIED.);
#53=B_SPLINE_SURFACE_WITH_KNOTS('',3,3,((#5057,#5058,#5059,#5060,#5061,
#5062,#5063),(#5064,#5065,#5066,#5067,#5068,#5069,#5070),(#5071,#5072,#5073,
#5074,#5075,#5076,#5077),(#5078,#5079,#5080,#5081,#5082,#5083,#5084)),
 .UNSPECIFIED.,.F.,.F.,.F.,(4,4),(4,1,1,1,4),(0.,1.),(0.000250080153092398,
0.479951424883099,0.959652769613105,1.43935411434311,1.67920478670811),
 .UNSPECIFIED.);
#54=B_SPLINE_SURFACE_WITH_KNOTS('',3,3,((#5092,#5093,#5094,#5095,#5096,
#5097,#5098,#5099,#5100,#5101,#5102,#5103,#5104,#5105,#5106,#5107,#5108,
#5109,#5110,#5111,#5112,#5113,#5114,#5115,#5116,#5117),(#5118,#5119,#5120,
#5121,#5122,#5123,#5124,#5125,#5126,#5127,#5128,#5129,#5130,#5131,#5132,
#5133,#5134,#5135,#5136,#5137,#5138,#5139,#5140,#5141,#5142,#5143),(#5144,
#5145,#5146,#5147,#5148,#5149,#5150,#5151,#5152,#5153,#5154,#5155,#5156,
#5157,#5158,#5159,#5160,#5161,#5162,#5163,#5164,#5165,#5166,#5167,#5168,
#5169),(#5170,#5171,#5172,#5173,#5174,#5175,#5176,#5177,#5178,#5179,#5180,
#5181,#5182,#5183,#5184,#5185,#5186,#5187,#5188,#5189,#5190,#5191,#5192,
#5193,#5194,#5195)),.UNSPECIFIED.,.F.,.F.,.F.,(4,4),(4,1,1,2,2,2,2,2,2,
1,2,2,2,1,4),(0.,1.),(-1.2587291469601,-1.20982431450324,-1.18048141502913,
-1.10223368309816,-1.06103046108291,-1.0412558123866,-0.755296548641631,
-0.663395904021942,-0.657757015667606,-0.502125285635229,-0.346493555602852,
-0.306929955678671,-0.305262490504018,-0.200330238474486,-0.0254431517585991),
 .UNSPECIFIED.);
#55=B_SPLINE_SURFACE_WITH_KNOTS('',3,3,((#5215,#5216,#5217,#5218,#5219,
#5220,#5221,#5222,#5223,#5224,#5225),(#5226,#5227,#5228,#5229,#5230,#5231,
#5232,#5233,#5234,#5235,#5236),(#5237,#5238,#5239,#5240,#5241,#5242,#5243,
#5244,#5245,#5246,#5247),(#5248,#5249,#5250,#5251,#5252,#5253,#5254,#5255,
#5256,#5257,#5258),(#5259,#5260,#5261,#5262,#5263,#5264,#5265,#5266,#5267,
#5268,#5269),(#5270,#5271,#5272,#5273,#5274,#5275,#5276,#5277,#5278,#5279,
#5280),(#5281,#5282,#5283,#5284,#5285,#5286,#5287,#5288,#5289,#5290,#5291),
(#5292,#5293,#5294,#5295,#5296,#5297,#5298,#5299,#5300,#5301,#5302)),
 .UNSPECIFIED.,.F.,.F.,.F.,(4,1,2,1,4),(4,1,1,1,1,1,1,1,4),(1.96800327318297E-5,
0.300007827631638,0.499999926030909,0.699992083599252,0.999980319951767),
(0.000391870834226438,0.14676061003169,0.219944979630422,0.219944980223218,
0.310311148176241,0.400677316129263,0.491043484082285,0.627852630344654,
0.696257203475838),.UNSPECIFIED.);
#56=B_SPLINE_SURFACE_WITH_KNOTS('',3,3,((#5305,#5306,#5307,#5308,#5309,
#5310,#5311,#5312,#5313,#5314),(#5315,#5316,#5317,#5318,#5319,#5320,#5321,
#5322,#5323,#5324),(#5325,#5326,#5327,#5328,#5329,#5330,#5331,#5332,#5333,
#5334),(#5335,#5336,#5337,#5338,#5339,#5340,#5341,#5342,#5343,#5344),(#5345,
#5346,#5347,#5348,#5349,#5350,#5351,#5352,#5353,#5354)),.UNSPECIFIED.,.F.,
 .F.,.F.,(4,1,4),(4,1,1,1,1,1,1,4),(0.00014909706238244,0.571476332946518,
0.999971759859619),(0.00159533915798004,0.219944979630422,0.233597917840774,
0.491043484082285,0.494876138834935,0.752507377907255,0.753811986160275,
0.979520764397289),.UNSPECIFIED.);
#57=PLANE('',#1234);
#58=PLANE('',#1236);
#59=PLANE('',#1248);
#60=PLANE('',#1250);
#61=PLANE('',#1257);
#62=PLANE('',#1264);
#63=PLANE('',#1281);
#64=PLANE('',#1282);
#65=PLANE('',#1288);
#66=PLANE('',#1291);
#67=PLANE('',#1294);
#68=PLANE('',#1298);
#69=PLANE('',#1302);
#70=PLANE('',#1309);
#71=PLANE('',#1310);
#72=PLANE('',#1320);
#73=PLANE('',#1321);
#74=SPHERICAL_SURFACE('',#1232,1.);
#75=SPHERICAL_SURFACE('',#1246,1.);
#76=FACE_OUTER_BOUND('',#148,.T.);
#77=FACE_OUTER_BOUND('',#149,.T.);
#78=FACE_OUTER_BOUND('',#150,.T.);
#79=FACE_OUTER_BOUND('',#151,.T.);
#80=FACE_OUTER_BOUND('',#152,.T.);
#81=FACE_OUTER_BOUND('',#153,.T.);
#82=FACE_OUTER_BOUND('',#154,.T.);
#83=FACE_OUTER_BOUND('',#155,.T.);
#84=FACE_OUTER_BOUND('',#156,.T.);
#85=FACE_OUTER_BOUND('',#157,.T.);
#86=FACE_OUTER_BOUND('',#158,.T.);
#87=FACE_OUTER_BOUND('',#159,.T.);
#88=FACE_OUTER_BOUND('',#160,.T.);
#89=FACE_OUTER_BOUND('',#161,.T.);
#90=FACE_OUTER_BOUND('',#162,.T.);
#91=FACE_OUTER_BOUND('',#163,.T.);
#92=FACE_OUTER_BOUND('',#164,.T.);
#93=FACE_OUTER_BOUND('',#165,.T.);
#94=FACE_OUTER_BOUND('',#166,.T.);
#95=FACE_OUTER_BOUND('',#167,.T.);
#96=FACE_OUTER_BOUND('',#168,.T.);
#97=FACE_OUTER_BOUND('',#169,.T.);
#98=FACE_OUTER_BOUND('',#170,.T.);
#99=FACE_OUTER_BOUND('',#171,.T.);
#100=FACE_OUTER_BOUND('',#172,.T.);
#101=FACE_OUTER_BOUND('',#173,.T.);
#102=FACE_OUTER_BOUND('',#174,.T.);
#103=FACE_OUTER_BOUND('',#175,.T.);
#104=FACE_OUTER_BOUND('',#176,.T.);
#105=FACE_OUTER_BOUND('',#177,.T.);
#106=FACE_OUTER_BOUND('',#178,.T.);
#107=FACE_OUTER_BOUND('',#179,.T.);
#108=FACE_OUTER_BOUND('',#180,.T.);
#109=FACE_OUTER_BOUND('',#181,.T.);
#110=FACE_OUTER_BOUND('',#184,.T.);
#111=FACE_OUTER_BOUND('',#185,.T.);
#112=FACE_OUTER_BOUND('',#186,.T.);
#113=FACE_OUTER_BOUND('',#187,.T.);
#114=FACE_OUTER_BOUND('',#188,.T.);
#115=FACE_OUTER_BOUND('',#189,.T.);
#116=FACE_OUTER_BOUND('',#195,.T.);
#117=FACE_OUTER_BOUND('',#196,.T.);
#118=FACE_OUTER_BOUND('',#197,.T.);
#119=FACE_OUTER_BOUND('',#198,.T.);
#120=FACE_OUTER_BOUND('',#199,.T.);
#121=FACE_OUTER_BOUND('',#200,.T.);
#122=FACE_OUTER_BOUND('',#201,.T.);
#123=FACE_OUTER_BOUND('',#202,.T.);
#124=FACE_OUTER_BOUND('',#203,.T.);
#125=FACE_OUTER_BOUND('',#204,.T.);
#126=FACE_OUTER_BOUND('',#205,.T.);
#127=FACE_OUTER_BOUND('',#207,.T.);
#128=FACE_OUTER_BOUND('',#208,.T.);
#129=FACE_OUTER_BOUND('',#209,.T.);
#130=FACE_OUTER_BOUND('',#210,.T.);
#131=FACE_OUTER_BOUND('',#212,.T.);
#132=FACE_OUTER_BOUND('',#213,.T.);
#133=FACE_OUTER_BOUND('',#214,.T.);
#134=FACE_OUTER_BOUND('',#215,.T.);
#135=FACE_OUTER_BOUND('',#216,.T.);
#136=FACE_OUTER_BOUND('',#217,.T.);
#137=FACE_OUTER_BOUND('',#218,.T.);
#138=FACE_OUTER_BOUND('',#219,.T.);
#139=FACE_OUTER_BOUND('',#220,.T.);
#140=FACE_OUTER_BOUND('',#221,.T.);
#141=FACE_OUTER_BOUND('',#222,.T.);
#142=FACE_OUTER_BOUND('',#223,.T.);
#143=FACE_OUTER_BOUND('',#224,.T.);
#144=FACE_OUTER_BOUND('',#225,.T.);
#145=FACE_OUTER_BOUND('',#226,.T.);
#146=FACE_OUTER_BOUND('',#227,.T.);
#147=FACE_OUTER_BOUND('',#230,.T.);
#148=EDGE_LOOP('',(#761,#762,#763,#764,#765));
#149=EDGE_LOOP('',(#766,#767,#768,#769));
#150=EDGE_LOOP('',(#770,#771,#772));
#151=EDGE_LOOP('',(#773,#774,#775,#776,#777,#778,#779,#780,#781,#782));
#152=EDGE_LOOP('',(#783,#784,#785,#786));
#153=EDGE_LOOP('',(#787,#788,#789,#790));
#154=EDGE_LOOP('',(#791,#792,#793,#794,#795,#796,#797,#798,#799,#800,#801,
#802,#803,#804,#805,#806,#807,#808));
#155=EDGE_LOOP('',(#809,#810,#811,#812));
#156=EDGE_LOOP('',(#813,#814,#815,#816,#817));
#157=EDGE_LOOP('',(#818,#819,#820));
#158=EDGE_LOOP('',(#821,#822,#823,#824));
#159=EDGE_LOOP('',(#825,#826,#827,#828));
#160=EDGE_LOOP('',(#829,#830,#831,#832,#833,#834,#835,#836,#837,#838));
#161=EDGE_LOOP('',(#839,#840,#841,#842));
#162=EDGE_LOOP('',(#843,#844,#845,#846));
#163=EDGE_LOOP('',(#847,#848,#849,#850));
#164=EDGE_LOOP('',(#851,#852,#853,#854));
#165=EDGE_LOOP('',(#855,#856,#857,#858));
#166=EDGE_LOOP('',(#859,#860,#861,#862));
#167=EDGE_LOOP('',(#863,#864,#865,#866));
#168=EDGE_LOOP('',(#867,#868,#869,#870));
#169=EDGE_LOOP('',(#871,#872,#873,#874));
#170=EDGE_LOOP('',(#875,#876,#877,#878));
#171=EDGE_LOOP('',(#879,#880,#881,#882));
#172=EDGE_LOOP('',(#883,#884,#885,#886));
#173=EDGE_LOOP('',(#887,#888,#889,#890));
#174=EDGE_LOOP('',(#891,#892,#893,#894));
#175=EDGE_LOOP('',(#895,#896,#897,#898));
#176=EDGE_LOOP('',(#899,#900,#901,#902));
#177=EDGE_LOOP('',(#903,#904,#905,#906));
#178=EDGE_LOOP('',(#907,#908,#909,#910));
#179=EDGE_LOOP('',(#911,#912,#913,#914));
#180=EDGE_LOOP('',(#915,#916,#917,#918));
#181=EDGE_LOOP('',(#919,#920,#921,#922,#923,#924,#925,#926,#927,#928));
#182=EDGE_LOOP('',(#929,#930));
#183=EDGE_LOOP('',(#931,#932));
#184=EDGE_LOOP('',(#933,#934,#935,#936,#937));
#185=EDGE_LOOP('',(#938,#939,#940,#941,#942));
#186=EDGE_LOOP('',(#943,#944,#945,#946));
#187=EDGE_LOOP('',(#947,#948,#949,#950));
#188=EDGE_LOOP('',(#951,#952,#953,#954));
#189=EDGE_LOOP('',(#955,#956,#957,#958,#959,#960));
#190=EDGE_LOOP('',(#961));
#191=EDGE_LOOP('',(#962));
#192=EDGE_LOOP('',(#963));
#193=EDGE_LOOP('',(#964));
#194=EDGE_LOOP('',(#965));
#195=EDGE_LOOP('',(#966,#967,#968,#969));
#196=EDGE_LOOP('',(#970,#971,#972,#973));
#197=EDGE_LOOP('',(#974,#975,#976,#977));
#198=EDGE_LOOP('',(#978,#979,#980,#981));
#199=EDGE_LOOP('',(#982));
#200=EDGE_LOOP('',(#983,#984,#985,#986));
#201=EDGE_LOOP('',(#987));
#202=EDGE_LOOP('',(#988,#989,#990,#991));
#203=EDGE_LOOP('',(#992,#993,#994,#995));
#204=EDGE_LOOP('',(#996,#997,#998,#999));
#205=EDGE_LOOP('',(#1000,#1001,#1002,#1003,#1004,#1005));
#206=EDGE_LOOP('',(#1006));
#207=EDGE_LOOP('',(#1007,#1008,#1009,#1010));
#208=EDGE_LOOP('',(#1011,#1012,#1013,#1014));
#209=EDGE_LOOP('',(#1015,#1016,#1017,#1018));
#210=EDGE_LOOP('',(#1019,#1020,#1021,#1022,#1023,#1024));
#211=EDGE_LOOP('',(#1025));
#212=EDGE_LOOP('',(#1026,#1027,#1028,#1029));
#213=EDGE_LOOP('',(#1030,#1031,#1032,#1033));
#214=EDGE_LOOP('',(#1034,#1035,#1036,#1037));
#215=EDGE_LOOP('',(#1038,#1039,#1040));
#216=EDGE_LOOP('',(#1041,#1042,#1043));
#217=EDGE_LOOP('',(#1044,#1045,#1046,#1047,#1048));
#218=EDGE_LOOP('',(#1049,#1050,#1051,#1052));
#219=EDGE_LOOP('',(#1053,#1054,#1055,#1056,#1057));
#220=EDGE_LOOP('',(#1058,#1059,#1060,#1061));
#221=EDGE_LOOP('',(#1062,#1063,#1064,#1065,#1066));
#222=EDGE_LOOP('',(#1067,#1068,#1069,#1070));
#223=EDGE_LOOP('',(#1071,#1072,#1073,#1074,#1075,#1076,#1077,#1078,#1079,
#1080));
#224=EDGE_LOOP('',(#1081,#1082,#1083,#1084));
#225=EDGE_LOOP('',(#1085,#1086,#1087,#1088));
#226=EDGE_LOOP('',(#1089,#1090,#1091,#1092));
#227=EDGE_LOOP('',(#1093,#1094,#1095,#1096,#1097,#1098,#1099,#1100,#1101,
#1102,#1103,#1104,#1105,#1106,#1107,#1108,#1109,#1110,#1111,#1112));
#228=EDGE_LOOP('',(#1113));
#229=EDGE_LOOP('',(#1114));
#230=EDGE_LOOP('',(#1115,#1116,#1117,#1118));
#231=CIRCLE('',#1228,1.);
#232=CIRCLE('',#1229,1.);
#233=CIRCLE('',#1231,0.999999999999996);
#234=CIRCLE('',#1233,1.);
#235=CIRCLE('',#1237,10.8999984789735);
#236=CIRCLE('',#1239,10.8999984789735);
#237=CIRCLE('',#1240,10.8999984789735);
#238=CIRCLE('',#1242,1.);
#239=CIRCLE('',#1244,1.);
#240=CIRCLE('',#1245,1.);
#241=CIRCLE('',#1247,1.);
#242=CIRCLE('',#1252,2.);
#243=CIRCLE('',#1253,2.);
#244=CIRCLE('',#1255,2.);
#245=CIRCLE('',#1256,2.);
#246=CIRCLE('',#1259,2.);
#247=CIRCLE('',#1260,2.);
#248=CIRCLE('',#1262,2.);
#249=CIRCLE('',#1263,2.);
#250=CIRCLE('',#1265,1.00000000000003);
#251=CIRCLE('',#1266,1.);
#252=CIRCLE('',#1267,1.);
#253=CIRCLE('',#1268,0.999999999999987);
#254=CIRCLE('',#1269,1.00000000000001);
#255=CIRCLE('',#1270,1.);
#256=CIRCLE('',#1271,1.);
#257=CIRCLE('',#1272,0.999999999999998);
#258=CIRCLE('',#1273,0.999999999999999);
#259=CIRCLE('',#1274,1.);
#260=CIRCLE('',#1276,1.30000035499309);
#261=CIRCLE('',#1278,1.30000015945789);
#262=CIRCLE('',#1280,1.);
#263=CIRCLE('',#1283,1.);
#264=CIRCLE('',#1284,1.30000087074085);
#265=CIRCLE('',#1285,1.29999985915124);
#266=CIRCLE('',#1286,11.0000008007505);
#267=CIRCLE('',#1290,1.30000087074085);
#268=CIRCLE('',#1293,1.29999985915124);
#269=CIRCLE('',#1296,1.54999999004794);
#270=CIRCLE('',#1297,1.54999999004794);
#271=CIRCLE('',#1300,3.50000021199686);
#272=CIRCLE('',#1301,3.50000021199686);
#273=CIRCLE('',#1304,1.54999999004794);
#274=CIRCLE('',#1305,1.54999999004794);
#275=CIRCLE('',#1307,3.50000021199686);
#276=CIRCLE('',#1308,3.50000021199686);
#277=CIRCLE('',#1311,2.);
#278=CIRCLE('',#1312,2.);
#279=CIRCLE('',#1313,2.);
#280=CIRCLE('',#1314,2.);
#281=CIRCLE('',#1315,2.);
#282=CIRCLE('',#1316,2.);
#283=CIRCLE('',#1317,2.);
#284=CIRCLE('',#1318,2.);
#285=LINE('',#1597,#347);
#286=LINE('',#1601,#348);
#287=LINE('',#1617,#349);
#288=LINE('',#1619,#350);
#289=LINE('',#1624,#351);
#290=LINE('',#1688,#352);
#291=LINE('',#1690,#353);
#292=LINE('',#1692,#354);
#293=LINE('',#1694,#355);
#294=LINE('',#1696,#356);
#295=LINE('',#1698,#357);
#296=LINE('',#1699,#358);
#297=LINE('',#1702,#359);
#298=LINE('',#1743,#360);
#299=LINE('',#1746,#361);
#300=LINE('',#1838,#362);
#301=LINE('',#1943,#363);
#302=LINE('',#1946,#364);
#303=LINE('',#1952,#365);
#304=LINE('',#1955,#366);
#305=LINE('',#1974,#367);
#306=LINE('',#1975,#368);
#307=LINE('',#1978,#369);
#308=LINE('',#2018,#370);
#309=LINE('',#2020,#371);
#310=LINE('',#2022,#372);
#311=LINE('',#2024,#373);
#312=LINE('',#2026,#374);
#313=LINE('',#2028,#375);
#314=LINE('',#2030,#376);
#315=LINE('',#2135,#377);
#316=LINE('',#2140,#378);
#317=LINE('',#2144,#379);
#318=LINE('',#2146,#380);
#319=LINE('',#2147,#381);
#320=LINE('',#2153,#382);
#321=LINE('',#2158,#383);
#322=LINE('',#2162,#384);
#323=LINE('',#2164,#385);
#324=LINE('',#2165,#386);
#325=LINE('',#3510,#387);
#326=LINE('',#3675,#388);
#327=LINE('',#3679,#389);
#328=LINE('',#3683,#390);
#329=LINE('',#4224,#391);
#330=LINE('',#4225,#392);
#331=LINE('',#4227,#393);
#332=LINE('',#4585,#394);
#333=LINE('',#4588,#395);
#334=LINE('',#4593,#396);
#335=LINE('',#4600,#397);
#336=LINE('',#4604,#398);
#337=LINE('',#4606,#399);
#338=LINE('',#4607,#400);
#339=LINE('',#4616,#401);
#340=LINE('',#4623,#402);
#341=LINE('',#4625,#403);
#342=LINE('',#4626,#404);
#343=LINE('',#5304,#405);
#344=LINE('',#5395,#406);
#345=LINE('',#5397,#407);
#346=LINE('',#5399,#408);
#347=VECTOR('',#1326,10.);
#348=VECTOR('',#1329,10.);
#349=VECTOR('',#1334,10.);
#350=VECTOR('',#1337,10.);
#351=VECTOR('',#1344,10.);
#352=VECTOR('',#1345,10.);
#353=VECTOR('',#1346,10.);
#354=VECTOR('',#1347,10.);
#355=VECTOR('',#1348,10.);
#356=VECTOR('',#1349,10.);
#357=VECTOR('',#1350,10.);
#358=VECTOR('',#1351,10.);
#359=VECTOR('',#1354,10.);
#360=VECTOR('',#1359,10.);
#361=VECTOR('',#1362,10.);
#362=VECTOR('',#1365,10.);
#363=VECTOR('',#1370,10.);
#364=VECTOR('',#1373,10.);
#365=VECTOR('',#1378,10.);
#366=VECTOR('',#1381,10.);
#367=VECTOR('',#1388,10.);
#368=VECTOR('',#1389,10.);
#369=VECTOR('',#1392,10.);
#370=VECTOR('',#1395,10.);
#371=VECTOR('',#1396,10.);
#372=VECTOR('',#1397,10.);
#373=VECTOR('',#1398,10.);
#374=VECTOR('',#1399,10.);
#375=VECTOR('',#1400,10.);
#376=VECTOR('',#1401,10.);
#377=VECTOR('',#1408,10.);
#378=VECTOR('',#1413,10.);
#379=VECTOR('',#1418,10.);
#380=VECTOR('',#1419,10.);
#381=VECTOR('',#1420,10.);
#382=VECTOR('',#1427,10.);
#383=VECTOR('',#1432,10.);
#384=VECTOR('',#1437,10.);
#385=VECTOR('',#1438,10.);
#386=VECTOR('',#1439,10.);
#387=VECTOR('',#1460,10.);
#388=VECTOR('',#1465,1.30000035499309);
#389=VECTOR('',#1470,1.30000015945789);
#390=VECTOR('',#1475,10.);
#391=VECTOR('',#1478,10.);
#392=VECTOR('',#1479,10.);
#393=VECTOR('',#1482,10.);
#394=VECTOR('',#1495,10.);
#395=VECTOR('',#1498,1.30000087074085);
#396=VECTOR('',#1505,1.29999985915124);
#397=VECTOR('',#1514,1.54999999004794);
#398=VECTOR('',#1519,10.);
#399=VECTOR('',#1520,10.);
#400=VECTOR('',#1521,10.);
#401=VECTOR('',#1534,1.54999999004794);
#402=VECTOR('',#1543,10.);
#403=VECTOR('',#1546,10.);
#404=VECTOR('',#1547,10.);
#405=VECTOR('',#1568,11.0000008007505);
#406=VECTOR('',#1569,10.);
#407=VECTOR('',#1572,10.);
#408=VECTOR('',#1575,10.);
#409=B_SPLINE_CURVE_WITH_KNOTS('',3,(#1580,#1581,#1582,#1583,#1584,#1585,
#1586,#1587,#1588,#1589,#1590,#1591,#1592,#1593,#1594,#1595),
 .UNSPECIFIED.,.F.,.F.,(4,2,2,2,2,2,2,4),(-0.408459357668152,-0.220473572680655,
-0.181299865574173,-0.164055029497337,-0.152693671294014,-0.147603367270376,
-0.144363060018481,-0.144085365058077),.UNSPECIFIED.);
#410=B_SPLINE_CURVE_WITH_KNOTS('',3,(#1606,#1607,#1608,#1609,#1610,#1611,
#1612,#1613,#1614,#1615),.UNSPECIFIED.,.F.,.F.,(4,2,2,2,4),(0.313109576886215,
0.351719503484417,0.390329430082619,0.430700759663071,0.471072089243524),
 .UNSPECIFIED.);
#411=B_SPLINE_CURVE_WITH_KNOTS('',3,(#1626,#1627,#1628,#1629,#1630,#1631,
#1632,#1633,#1634,#1635,#1636,#1637,#1638,#1639,#1640,#1641,#1642,#1643,
#1644,#1645,#1646,#1647,#1648,#1649,#1650,#1651,#1652,#1653,#1654,#1655,
#1656,#1657,#1658,#1659,#1660,#1661,#1662,#1663,#1664,#1665,#1666,#1667,
#1668,#1669,#1670,#1671,#1672,#1673,#1674,#1675,#1676,#1677,#1678,#1679,
#1680,#1681,#1682,#1683,#1684,#1685,#1686),.UNSPECIFIED.,.F.,.F.,(4,1,1,
1,1,1,1,1,1,1,1,1,1,1,1,1,1,1,1,1,1,1,1,1,1,1,1,1,1,1,1,1,1,1,1,1,1,1,1,
1,1,1,1,1,1,1,1,1,1,1,1,1,1,1,1,1,2,4),(0.00101241122265549,0.0172733144480543,
0.0345466288961087,0.0518199433441632,0.0690932577922176,0.103639886688327,
0.138186515584435,0.146823172808463,0.151141501420476,0.15545983003249,
0.172733144480544,0.181369801704572,0.190006458928599,0.207279773376653,
0.224553087824708,0.241826402272762,0.259099716720817,0.267736373944844,
0.276373031168871,0.293646345616926,0.302283002840953,0.306601331452966,
0.308760495758973,0.309840077911977,0.31091966006498,0.328192974513035,
0.345466288961089,0.354102946185116,0.362739603409143,0.367057932021157,
0.371376260633171,0.375694589245184,0.380012917857198,0.414559546753307,
0.449106175649416,0.46637949009747,0.483652804545525,0.500926118993579,
0.518199433441633,0.552746062337742,0.62183932012996,0.690932577922178,
0.760025835714396,0.829119093506614,0.898212351298832,0.932758980194941,
0.967305609091049,1.03639886688327,1.10549212467548,1.1745853824677,1.24367864025992,
1.31277189805214,1.34731852694825,1.3645918413963,1.37322849862033,1.37754682723234,
1.38186515584436,1.38255815345298),.UNSPECIFIED.);
#412=B_SPLINE_CURVE_WITH_KNOTS('',3,(#1703,#1704,#1705,#1706,#1707,#1708,
#1709,#1710,#1711,#1712,#1713,#1714,#1715,#1716,#1717,#1718,#1719,#1720,
#1721,#1722,#1723,#1724,#1725,#1726,#1727,#1728,#1729,#1730,#1731,#1732,
#1733,#1734,#1735,#1736,#1737,#1738,#1739),.UNSPECIFIED.,.F.,.F.,(4,3,3,
3,3,3,3,3,3,3,3,3,4),(0.,0.133019495930758,0.266033792037885,0.399043348677134,
0.53204862603092,0.665092147260618,0.798122219015558,0.931140685173209,
1.064149387897,1.19719019498101,1.33020665100199,1.46324222924831,1.5708116104798),
 .UNSPECIFIED.);
#413=B_SPLINE_CURVE_WITH_KNOTS('',3,(#1748,#1749,#1750,#1751,#1752,#1753,
#1754,#1755,#1756,#1757,#1758,#1759,#1760,#1761,#1762,#1763,#1764,#1765,
#1766,#1767,#1768,#1769,#1770,#1771,#1772,#1773,#1774,#1775,#1776,#1777,
#1778,#1779,#1780,#1781,#1782,#1783,#1784,#1785,#1786,#1787,#1788,#1789,
#1790),.UNSPECIFIED.,.F.,.F.,(4,3,3,3,3,3,3,3,3,3,3,3,3,3,4),(-0.126329170726949,
-0.118011114209019,-0.107917796558284,-0.100043512602735,-0.0928202142512217,
-0.0858443754654775,-0.0783528536873701,-0.0711503191966827,-0.0618387948267149,
-0.0518547504224811,-0.0388910628168608,-0.0280309638203951,-0.0170588223918455,
-0.00405493716013616,0.),.UNSPECIFIED.);
#414=B_SPLINE_CURVE_WITH_KNOTS('',3,(#1794,#1795,#1796,#1797,#1798,#1799,
#1800,#1801,#1802,#1803,#1804,#1805,#1806,#1807,#1808,#1809,#1810,#1811,
#1812,#1813,#1814,#1815,#1816,#1817,#1818,#1819,#1820,#1821,#1822,#1823,
#1824,#1825,#1826,#1827,#1828,#1829,#1830,#1831,#1832,#1833,#1834,#1835,
#1836),.UNSPECIFIED.,.F.,.F.,(4,3,3,3,3,3,3,3,3,3,3,3,3,3,4),(-0.0955391147763133,
-0.0867685795404674,-0.0779177934874733,-0.0697480355588272,-0.0606191194362418,
-0.0522478214989129,-0.0453134297810139,-0.0417297518074597,-0.0356259665942312,
-0.0302214332739598,-0.0250315428549345,-0.0195996323730892,-0.0134478880036142,
-0.00633454342127875,0.),.UNSPECIFIED.);
#415=B_SPLINE_CURVE_WITH_KNOTS('',3,(#1840,#1841,#1842,#1843,#1844,#1845,
#1846,#1847,#1848,#1849),.UNSPECIFIED.,.F.,.F.,(4,2,2,2,4),(0.155157407654957,
0.195528737235409,0.235900066815861,0.274509993414063,0.313119920012265),
 .UNSPECIFIED.);
#416=B_SPLINE_CURVE_WITH_KNOTS('',3,(#1853,#1854,#1855,#1856),
 .UNSPECIFIED.,.F.,.F.,(4,4),(-0.0416167041245196,0.),.UNSPECIFIED.);
#417=B_SPLINE_CURVE_WITH_KNOTS('',3,(#1858,#1859,#1860,#1861,#1862,#1863,
#1864,#1865,#1866,#1867,#1868,#1869,#1870),.UNSPECIFIED.,.F.,.F.,(4,1,1,
1,1,1,2,2,4),(0.,0.0857407821730496,0.128611173259574,0.171481564346099,
0.257222346519149,0.342963128692198,0.428703910865248,0.430565970351828,
0.466370975319732),.UNSPECIFIED.);
#418=B_SPLINE_CURVE_WITH_KNOTS('',3,(#1872,#1873,#1874,#1875,#1876),
 .UNSPECIFIED.,.F.,.F.,(4,1,4),(-0.953313865691163,-0.476656932845582,-1.76866400697441E-15),
 .UNSPECIFIED.);
#419=B_SPLINE_CURVE_WITH_KNOTS('',3,(#1878,#1879,#1880,#1881,#1882,#1883,
#1884,#1885,#1886,#1887,#1888,#1889,#1890,#1891),.UNSPECIFIED.,.F.,.F.,
(4,2,2,2,1,1,1,1,4),(0.,0.0475081952033237,0.0500141703967743,0.0868734107132741,
0.199523745269092,0.312174079824911,0.424824414380729,0.481149581658638,
0.537474748936547),.UNSPECIFIED.);
#420=B_SPLINE_CURVE_WITH_KNOTS('',3,(#1893,#1894,#1895,#1896,#1897,#1898,
#1899,#1900,#1901,#1902),.UNSPECIFIED.,.F.,.F.,(4,1,1,2,2,4),(0.,0.258375504856591,
0.516751009713182,0.904314266998069,1.40413761229615,1.80606924553322),
 .UNSPECIFIED.);
#421=B_SPLINE_CURVE_WITH_KNOTS('',3,(#1904,#1905,#1906,#1907,#1908,#1909,
#1910,#1911,#1912,#1913,#1914,#1915,#1916,#1917),.UNSPECIFIED.,.F.,.F.,
(4,1,1,1,1,2,2,2,4),(0.,0.0563284277662457,0.112656855532491,0.225313711064983,
0.337970566597474,0.450627422129966,0.487486648319673,0.489992619346379,
0.53750082149843),.UNSPECIFIED.);
#422=B_SPLINE_CURVE_WITH_KNOTS('',3,(#1919,#1920,#1921,#1922,#1923),
 .UNSPECIFIED.,.F.,.F.,(4,1,4),(-0.953313873343626,-0.476656936671813,0.),
 .UNSPECIFIED.);
#423=B_SPLINE_CURVE_WITH_KNOTS('',3,(#1925,#1926,#1927,#1928,#1929,#1930,
#1931,#1932,#1933,#1934,#1935,#1936),.UNSPECIFIED.,.F.,.F.,(4,2,2,1,1,1,
1,4),(0.0998907095443488,0.135695636099467,0.137557688533628,0.223298479214109,
0.30903926989459,0.39478006057507,0.480520851255551,0.566261641936031),
 .UNSPECIFIED.);
#424=B_SPLINE_CURVE_WITH_KNOTS('',3,(#1937,#1938,#1939,#1940),
 .UNSPECIFIED.,.F.,.F.,(4,4),(-2.65354255306188,-2.6071433891457),
 .UNSPECIFIED.);
#425=B_SPLINE_CURVE_WITH_KNOTS('',3,(#1956,#1957,#1958,#1959,#1960,#1961,
#1962,#1963,#1964,#1965,#1966,#1967,#1968,#1969),.UNSPECIFIED.,.F.,.F.,
(4,2,2,2,2,2,4),(-0.144085403873862,-0.141269537537354,-0.1367992618673,
-0.1260010394269,-0.0535286333990019,-0.026684367332656,0.),
 .UNSPECIFIED.);
#426=B_SPLINE_CURVE_WITH_KNOTS('',3,(#1979,#1980,#1981,#1982,#1983,#1984,
#1985,#1986,#1987,#1988,#1989,#1990,#1991,#1992,#1993,#1994,#1995,#1996,
#1997,#1998,#1999,#2000,#2001,#2002,#2003,#2004,#2005,#2006,#2007,#2008,
#2009,#2010,#2011,#2012,#2013,#2014,#2015),.UNSPECIFIED.,.F.,.F.,(4,3,3,
3,3,3,3,3,3,3,3,3,4),(0.,0.133019495930762,0.266033792037873,0.399043348677119,
0.532048626030924,0.665092147260622,0.798122219015562,0.931140685173199,
1.06414938789698,1.197190194981,1.33020665100199,1.46324222924832,1.5708116104798),
 .UNSPECIFIED.);
#427=B_SPLINE_CURVE_WITH_KNOTS('',3,(#2031,#2032,#2033,#2034,#2035,#2036,
#2037,#2038,#2039,#2040,#2041,#2042,#2043,#2044,#2045,#2046,#2047,#2048,
#2049,#2050,#2051,#2052,#2053,#2054,#2055,#2056,#2057,#2058,#2059,#2060,
#2061,#2062,#2063,#2064,#2065,#2066,#2067,#2068,#2069,#2070,#2071,#2072,
#2073,#2074,#2075,#2076,#2077,#2078,#2079,#2080,#2081,#2082,#2083,#2084,
#2085,#2086,#2087,#2088,#2089,#2090,#2091,#2092,#2093,#2094,#2095,#2096,
#2097,#2098,#2099,#2100,#2101,#2102,#2103,#2104,#2105,#2106,#2107,#2108,
#2109,#2110,#2111,#2112,#2113,#2114,#2115,#2116,#2117,#2118,#2119,#2120,
#2121,#2122,#2123,#2124,#2125,#2126,#2127,#2128,#2129),.UNSPECIFIED.,.F.,
 .F.,(4,2,1,1,1,1,1,1,1,1,1,1,1,1,1,1,1,1,1,1,1,1,1,1,1,1,1,1,1,1,1,1,1,
1,1,1,1,1,1,1,1,1,1,1,1,1,1,1,1,1,1,1,1,1,1,1,1,1,1,1,1,1,1,1,1,1,1,1,1,
1,1,1,1,1,1,1,1,1,1,1,1,1,1,1,1,1,1,1,1,1,1,1,1,1,1,4),(-0.000692997608794155,
0.,0.0691151004592308,0.138230200918462,0.207345301377692,0.276460401836923,
0.345575502296154,0.414690602755385,0.483805703214616,0.552920803673847,
0.622035904133077,0.691151004592308,0.760266105051539,0.794823655281155,
0.812102430395962,0.82938120551077,0.863938755740385,0.881217530855193,
0.898496305970001,0.907135693527404,0.915775081084808,0.933053856199616,
0.94169324375702,0.950332631314424,0.967611406429231,0.968691329873907,
0.969771253318582,0.971931100207933,0.976250793986635,0.984890181544039,
0.989209875322741,0.990289798767417,0.991369722212092,0.993529569101443,
0.997849262880145,1.00216895665885,1.00648865043755,1.01080834421625,1.01188826766093,
1.0121582485221,1.01242822938326,1.0129681911056,1.01512803799495,1.01944773177365,
1.02160757866301,1.02376742555236,1.02592727244171,1.02808711933106,1.02916704277573,
1.03024696622041,1.03240681310976,1.03672650688846,1.05400528200327,1.07128405711808,
1.07992344467548,1.10584160734769,1.10692153079237,1.10800145423704,1.10908137768172,
1.1101613011264,1.11232114801575,1.1144809949051,1.11664084179445,1.1188006886838,
1.12096053557315,1.1231203824625,1.12528022935185,1.1274400762412,1.1317597700199,
1.14039915757731,1.14147908102198,1.14201904274432,1.14255900446666,1.14363892791134,
1.14471885135601,1.14579877480069,1.14687869824536,1.14795862169004,1.14903854513471,
1.15335823891341,1.15767793269212,1.16199762647082,1.16631732024952,1.17495670780692,
1.18359609536433,1.19223548292173,1.20951425803654,1.22679303315135,1.23543242070875,
1.24407180826615,1.25271119582356,1.26135058338096,1.27862935849577,1.31318690872539,
1.347744458955,1.38128970475717),.UNSPECIFIED.);
#428=B_SPLINE_CURVE_WITH_KNOTS('',3,(#2234,#2235,#2236,#2237,#2238,#2239,
#2240,#2241,#2242,#2243,#2244,#2245,#2246),.UNSPECIFIED.,.F.,.F.,(4,2,2,
1,1,1,1,1,4),(-0.466370975319732,-0.430565970351828,-0.428703910865248,
-0.342963128692198,-0.257222346519149,-0.171481564346099,-0.128611173259574,
-0.0857407821730496,0.),.UNSPECIFIED.);
#429=B_SPLINE_CURVE_WITH_KNOTS('',3,(#2270,#2271,#2272,#2273,#2274),
 .UNSPECIFIED.,.F.,.F.,(4,1,4),(1.76866400697441E-15,0.476656932845582,
0.953313865691163),.UNSPECIFIED.);
#430=B_SPLINE_CURVE_WITH_KNOTS('',3,(#2346,#2347,#2348,#2349,#2350,#2351,
#2352,#2353,#2354,#2355,#2356,#2357,#2358,#2359),.UNSPECIFIED.,.F.,.F.,
(4,1,1,1,1,2,2,2,4),(-0.537474748936547,-0.481149581658638,-0.424824414380729,
-0.312174079824911,-0.199523745269092,-0.0868734107132741,-0.0500141703967743,
-0.0475081952033237,0.),.UNSPECIFIED.);
#431=B_SPLINE_CURVE_WITH_KNOTS('',3,(#2413,#2414,#2415,#2416,#2417,#2418,
#2419,#2420,#2421,#2422),.UNSPECIFIED.,.F.,.F.,(4,2,2,1,1,4),(-1.80606924553322,
-1.40413761229615,-0.904314266998069,-0.516751009713182,-0.258375504856591,
0.),.UNSPECIFIED.);
#432=B_SPLINE_CURVE_WITH_KNOTS('',3,(#2494,#2495,#2496,#2497,#2498,#2499,
#2500,#2501,#2502,#2503,#2504,#2505,#2506,#2507),.UNSPECIFIED.,.F.,.F.,
(4,2,2,2,1,1,1,1,4),(-0.53750082149843,-0.489992619346379,-0.487486648319673,
-0.450627422129966,-0.337970566597474,-0.225313711064983,-0.112656855532491,
-0.0563284277662457,0.),.UNSPECIFIED.);
#433=B_SPLINE_CURVE_WITH_KNOTS('',3,(#2531,#2532,#2533,#2534,#2535),
 .UNSPECIFIED.,.F.,.F.,(4,1,4),(0.,0.476656936671813,0.953313873343626),
 .UNSPECIFIED.);
#434=B_SPLINE_CURVE_WITH_KNOTS('',3,(#2598,#2599,#2600,#2601,#2602,#2603,
#2604,#2605,#2606,#2607,#2608,#2609),.UNSPECIFIED.,.F.,.F.,(4,1,1,1,1,2,
2,4),(-0.566261641936031,-0.480520851255551,-0.39478006057507,-0.30903926989459,
-0.223298479214109,-0.137557688533628,-0.135695636099467,-0.0998907095443488),
 .UNSPECIFIED.);
#435=B_SPLINE_CURVE_WITH_KNOTS('',3,(#2641,#2642,#2643,#2644,#2645,#2646),
 .UNSPECIFIED.,.F.,.F.,(4,2,4),(0.161847574834953,0.1903847628538,0.237666457508361),
 .UNSPECIFIED.);
#436=B_SPLINE_CURVE_WITH_KNOTS('',3,(#2648,#2649,#2650,#2651,#2652,#2653),
 .UNSPECIFIED.,.F.,.F.,(4,2,4),(0.,0.0079047264169359,0.0998907299897238),
 .UNSPECIFIED.);
#437=B_SPLINE_CURVE_WITH_KNOTS('',3,(#2686,#2687,#2688,#2689,#2690,#2691),
 .UNSPECIFIED.,.F.,.F.,(4,2,4),(0.,0.0649590652837572,0.0915444812095713),
 .UNSPECIFIED.);
#438=B_SPLINE_CURVE_WITH_KNOTS('',3,(#2694,#2695,#2696,#2697,#2698,#2699),
 .UNSPECIFIED.,.F.,.F.,(4,2,4),(-1.25921645463165E-13,0.0919860661636457,
0.0998907263480984),.UNSPECIFIED.);
#439=B_SPLINE_CURVE_WITH_KNOTS('',3,(#2772,#2773,#2774,#2775,#2776,#2777,
#2778,#2779,#2780,#2781,#2782,#2783,#2784,#2785,#2786,#2787,#2788,#2789,
#2790,#2791,#2792,#2793,#2794,#2795,#2796,#2797,#2798,#2799),
 .UNSPECIFIED.,.F.,.F.,(4,2,2,2,2,2,2,2,2,2,2,2,2,4),(0.,0.156837922680879,
0.229235439341331,0.32815323353859,0.485481057832662,0.794092028666572,
0.860593308344914,0.935393720543068,1.03480772238281,1.2307262883208,1.50838585659298,
1.63308372367777,1.78573104259712,1.98016194612805),.UNSPECIFIED.);
#440=B_SPLINE_CURVE_WITH_KNOTS('',3,(#2800,#2801,#2802,#2803,#2804,#2805,
#2806,#2807,#2808,#2809,#2810,#2811,#2812,#2813,#2814,#2815,#2816,#2817),
 .UNSPECIFIED.,.F.,.F.,(4,2,2,2,2,2,2,2,4),(-1.83503431713744,-1.48244406690803,
-1.2005692532368,-1.10273891563071,-0.918076261529713,-0.77068861998558,
-0.495900871198594,-0.265608831964427,0.),.UNSPECIFIED.);
#441=B_SPLINE_CURVE_WITH_KNOTS('',3,(#2907,#2908,#2909,#2910,#2911,#2912,
#2913,#2914,#2915,#2916,#2917,#2918,#2919,#2920,#2921),.UNSPECIFIED.,.F.,
 .F.,(4,1,2,2,2,2,2,4),(0.318470883048783,0.458321253184067,0.55859217948598,
0.562070714177327,0.800423134825464,0.817480959069658,0.833886121852652,
1.12909942971928),.UNSPECIFIED.);
#442=B_SPLINE_CURVE_WITH_KNOTS('',3,(#2923,#2924,#2925,#2926),
 .UNSPECIFIED.,.F.,.F.,(4,4),(0.,0.000851973763365771),.UNSPECIFIED.);
#443=B_SPLINE_CURVE_WITH_KNOTS('',3,(#2927,#2928,#2929,#2930,#2931,#2932,
#2933,#2934,#2935,#2936,#2937,#2938,#2939,#2940,#2941,#2942,#2943,#2944,
#2945,#2946,#2947,#2948),.UNSPECIFIED.,.F.,.F.,(4,2,2,2,2,2,1,2,2,2,1,4),
(-1.12926779289609,-0.833886121852652,-0.817480959069658,-0.800423134825464,
-0.562070714177327,-0.55859217948598,-0.458321253184067,-0.291203042680879,
-0.289725803210104,-0.26758934094699,-0.115777030220978,-0.025155126519962),
 .UNSPECIFIED.);
#444=B_SPLINE_CURVE_WITH_KNOTS('',3,(#2998,#2999,#3000,#3001,#3002,#3003,
#3004,#3005,#3006,#3007,#3008,#3009,#3010,#3011,#3012,#3013),
 .UNSPECIFIED.,.F.,.F.,(4,2,2,2,2,2,2,4),(0.023130925599396,0.318344185167943,
0.334749345877225,0.351807180003172,0.590159587891272,0.593638122774801,
0.634875754056709,0.833614338500573),.UNSPECIFIED.);
#445=B_SPLINE_CURVE_WITH_KNOTS('',3,(#3014,#3015,#3016,#3017,#3018,#3019,
#3020,#3021),.UNSPECIFIED.,.F.,.F.,(4,1,2,1,4),(0.000251694247165021,0.720789200346896,
1.20114753774672,1.68150587336025,2.40204337678055),.UNSPECIFIED.);
#446=B_SPLINE_CURVE_WITH_KNOTS('',3,(#3111,#3112,#3113,#3114,#3115,#3116,
#3117,#3118,#3119,#3120,#3121,#3122,#3123,#3124,#3125,#3126,#3127,#3128,
#3129,#3130,#3131,#3132),.UNSPECIFIED.,.F.,.F.,(4,2,2,2,2,2,2,2,2,2,4),
(-1.12707536208914,-0.884641013266369,-0.862504536669424,-0.8610272970938,
-0.634875754056709,-0.593638122774801,-0.590159587891272,-0.351807180003172,
-0.334749345877225,-0.318344185167943,-0.0229625621843823),
 .UNSPECIFIED.);
#447=B_SPLINE_CURVE_WITH_KNOTS('',3,(#3133,#3134,#3135,#3136),
 .UNSPECIFIED.,.F.,.F.,(4,4),(6.11900956581211E-13,0.000851974276641026),
 .UNSPECIFIED.);
#448=B_SPLINE_CURVE_WITH_KNOTS('',3,(#3188,#3189,#3190,#3191,#3192,#3193,
#3194,#3195,#3196,#3197,#3198,#3199,#3200,#3201,#3202,#3203,#3204,#3205,
#3206,#3207,#3208,#3209,#3210,#3211,#3212,#3213),.UNSPECIFIED.,.F.,.F.,
(4,1,1,2,2,2,2,2,2,1,2,2,2,1,4),(-1.25872756627049,-1.20982431450324,-1.18048141502913,
-1.10223368309816,-1.06103046108291,-1.0412558123866,-0.755296548641631,
-0.663395904021942,-0.657757015667606,-0.502125285635229,-0.346493555602852,
-0.306929955678671,-0.305262490504018,-0.200330238474486,-0.0254431517585991),
 .UNSPECIFIED.);
#449=B_SPLINE_CURVE_WITH_KNOTS('',3,(#3214,#3215,#3216,#3217,#3218,#3219,
#3220),.UNSPECIFIED.,.F.,.F.,(4,1,1,1,4),(0.000250080153092398,0.479951424883099,
0.959652769613105,1.43935411434311,1.67920478670811),.UNSPECIFIED.);
#450=B_SPLINE_CURVE_WITH_KNOTS('',3,(#3412,#3413,#3414,#3415,#3416,#3417,
#3418,#3419,#3420,#3421,#3422,#3423,#3424,#3425,#3426,#3427,#3428,#3429,
#3430,#3431,#3432,#3433,#3434,#3435,#3436,#3437,#3438,#3439,#3440,#3441,
#3442,#3443,#3444,#3445,#3446,#3447,#3448,#3449,#3450,#3451,#3452,#3453,
#3454,#3455,#3456,#3457,#3458,#3459,#3460,#3461,#3462,#3463,#3464,#3465,
#3466,#3467,#3468,#3469,#3470,#3471,#3472,#3473,#3474,#3475,#3476,#3477,
#3478,#3479,#3480,#3481,#3482,#3483,#3484,#3485,#3486,#3487,#3488,#3489,
#3490,#3491,#3492,#3493,#3494,#3495,#3496,#3497,#3498,#3499,#3500,#3501,
#3502,#3503,#3504,#3505,#3506,#3507,#3508),.UNSPECIFIED.,.F.,.F.,(4,1,1,
1,1,1,1,1,1,1,1,1,1,1,1,1,1,1,1,1,1,1,1,1,1,1,1,1,1,1,1,1,1,1,1,1,1,1,1,
1,1,1,1,1,1,1,1,1,1,1,1,1,1,1,1,1,1,1,1,1,1,1,1,1,1,1,1,1,1,1,1,1,1,1,1,
1,1,1,1,1,1,1,1,1,1,1,1,1,1,1,1,1,1,1,4),(-1.38230200918462,-1.347744458955,
-1.31318690872539,-1.27862935849577,-1.26135058338096,-1.25271119582356,
-1.24407180826615,-1.23543242070875,-1.22679303315135,-1.20951425803654,
-1.19223548292173,-1.18359609536433,-1.17495670780692,-1.16631732024952,
-1.16199762647082,-1.15767793269212,-1.15335823891341,-1.14903854513471,
-1.14795862169004,-1.14687869824536,-1.14579877480069,-1.14471885135601,
-1.14363892791134,-1.14255900446666,-1.14201904274432,-1.14147908102198,
-1.14039915757731,-1.1317597700199,-1.1274400762412,-1.12528022935185,-1.1231203824625,
-1.12096053557315,-1.1188006886838,-1.11664084179445,-1.1144809949051,-1.11232114801575,
-1.1101613011264,-1.10908137768172,-1.10800145423704,-1.10692153079237,
-1.10584160734769,-1.07992344467548,-1.07128405711808,-1.05400528200327,
-1.03672650688846,-1.03240681310976,-1.03024696622041,-1.02916704277573,
-1.02808711933106,-1.02592727244171,-1.02376742555236,-1.02160757866301,
-1.01944773177365,-1.01512803799495,-1.0129681911056,-1.01242822938326,
-1.0121582485221,-1.01188826766093,-1.01080834421625,-1.00648865043755,
-1.00216895665885,-0.997849262880145,-0.993529569101443,-0.991369722212092,
-0.990289798767417,-0.989209875322741,-0.984890181544039,-0.976250793986635,
-0.971931100207933,-0.969771253318582,-0.968691329873907,-0.967611406429231,
-0.950332631314424,-0.94169324375702,-0.933053856199616,-0.915775081084808,
-0.907135693527404,-0.898496305970001,-0.881217530855193,-0.863938755740385,
-0.82938120551077,-0.812102430395962,-0.794823655281155,-0.760266105051539,
-0.691151004592308,-0.622035904133077,-0.552920803673847,-0.483805703214616,
-0.414690602755385,-0.345575502296154,-0.276460401836923,-0.207345301377692,
-0.138230200918462,-0.0691151004592308,-1.00677179567699E-5),
 .UNSPECIFIED.);
#451=B_SPLINE_CURVE_WITH_KNOTS('',3,(#3511,#3512,#3513,#3514,#3515,#3516,
#3517,#3518,#3519,#3520,#3521,#3522,#3523,#3524,#3525,#3526,#3527,#3528,
#3529,#3530,#3531,#3532,#3533,#3534,#3535,#3536,#3537,#3538,#3539,#3540,
#3541,#3542,#3543,#3544,#3545,#3546,#3547,#3548,#3549,#3550,#3551,#3552,
#3553,#3554,#3555,#3556,#3557,#3558,#3559,#3560,#3561,#3562,#3563,#3564,
#3565,#3566,#3567,#3568,#3569),.UNSPECIFIED.,.F.,.F.,(4,1,1,1,1,1,1,1,1,
1,1,1,1,1,1,1,1,1,1,1,1,1,1,1,1,1,1,1,1,1,1,1,1,1,1,1,1,1,1,1,1,1,1,1,1,
1,1,1,1,1,1,1,1,1,1,1,4),(-1.38186496636282,-1.37754682723234,-1.37322849862033,
-1.3645918413963,-1.34731852694825,-1.31277189805214,-1.24367864025992,
-1.1745853824677,-1.10549212467548,-1.03639886688327,-0.967305609091049,
-0.932758980194941,-0.898212351298832,-0.829119093506614,-0.760025835714396,
-0.690932577922178,-0.62183932012996,-0.552746062337742,-0.518199433441633,
-0.500926118993579,-0.483652804545525,-0.46637949009747,-0.449106175649416,
-0.414559546753307,-0.380012917857198,-0.375694589245184,-0.371376260633171,
-0.367057932021157,-0.362739603409143,-0.354102946185116,-0.345466288961089,
-0.328192974513035,-0.31091966006498,-0.309840077911977,-0.308760495758973,
-0.306601331452966,-0.302283002840953,-0.293646345616926,-0.276373031168871,
-0.267736373944844,-0.259099716720817,-0.241826402272762,-0.224553087824708,
-0.207279773376653,-0.190006458928599,-0.181369801704572,-0.172733144480544,
-0.15545983003249,-0.151141501420476,-0.146823172808463,-0.138186515584435,
-0.103639886688327,-0.0690932577922176,-0.0518199433441632,-0.0345466288961087,
-0.0172733144480543,1.84417358954552E-16),.UNSPECIFIED.);
#452=B_SPLINE_CURVE_WITH_KNOTS('',3,(#3572,#3573,#3574,#3575,#3576,#3577),
 .UNSPECIFIED.,.F.,.F.,(4,2,4),(-0.0923461531816541,-0.0800042237683825,
-0.050146277216484),.UNSPECIFIED.);
#453=B_SPLINE_CURVE_WITH_KNOTS('',3,(#3578,#3579,#3580,#3581,#3582,#3583,
#3584,#3585,#3586,#3587,#3588,#3589,#3590,#3591,#3592,#3593,#3594,#3595,
#3596,#3597,#3598,#3599,#3600,#3601,#3602,#3603,#3604,#3605,#3606,#3607,
#3608,#3609,#3610,#3611,#3612,#3613,#3614,#3615,#3616,#3617,#3618,#3619,
#3620),.UNSPECIFIED.,.F.,.F.,(4,2,3,2,2,2,2,2,2,2,2,2,2,2,2,2,2,2,2,2,4),
(-0.050146277216484,-0.0402818480674241,0.,0.05377448543324,0.109098528819252,
0.143188383145494,0.16817201263255,0.192687241085366,0.223953109187373,
0.274628963111447,0.324051403149009,0.388522213027815,0.47373902586179,
0.56849794715868,0.646382771387095,0.720230008983214,0.792370509883038,
0.863675380092764,0.934788940845033,1.01119460428763,1.06007203616721),
 .UNSPECIFIED.);
#454=B_SPLINE_CURVE_WITH_KNOTS('',3,(#3623,#3624,#3625,#3626,#3627,#3628),
 .UNSPECIFIED.,.F.,.F.,(4,2,4),(-0.0923460581928699,-0.080004177401183,
-0.0501462889242698),.UNSPECIFIED.);
#455=B_SPLINE_CURVE_WITH_KNOTS('',3,(#3629,#3630,#3631,#3632,#3633,#3634,
#3635,#3636,#3637,#3638,#3639,#3640,#3641,#3642,#3643,#3644,#3645,#3646,
#3647,#3648,#3649,#3650,#3651,#3652,#3653,#3654,#3655,#3656,#3657,#3658,
#3659,#3660,#3661,#3662,#3663,#3664,#3665,#3666,#3667,#3668,#3669,#3670,
#3671),.UNSPECIFIED.,.F.,.F.,(4,2,3,2,2,2,2,2,2,2,2,2,2,2,2,2,2,2,2,2,4),
(-0.0501462889242698,-0.040281835562781,0.,0.0537745133729408,0.109098670940563,
0.143188593526634,0.168172273964949,0.192687550743247,0.223953475138821,
0.274629413859452,0.324051952180746,0.388522908777906,0.473739938081041,
0.568499028064354,0.646383945441269,0.720231279992572,0.792371870988373,
0.863676832692147,0.934790490165593,1.01119623821157,1.0600737538531),
 .UNSPECIFIED.);
#456=B_SPLINE_CURVE_WITH_KNOTS('',3,(#3684,#3685,#3686,#3687,#3688,#3689,
#3690,#3691,#3692,#3693,#3694,#3695,#3696,#3697,#3698,#3699,#3700,#3701,
#3702,#3703,#3704,#3705,#3706,#3707,#3708,#3709,#3710,#3711,#3712,#3713,
#3714,#3715,#3716,#3717,#3718,#3719,#3720,#3721,#3722,#3723,#3724,#3725,
#3726),.UNSPECIFIED.,.F.,.F.,(4,3,3,3,3,3,3,3,3,3,3,3,3,3,4),(-0.156852253306355,
-0.143687239159556,-0.130285491628307,-0.117789840088691,-0.104396614968823,
-0.0911468295528116,-0.0893084973076938,-0.0787262764350475,-0.0654727299549774,
-0.0519929218996785,-0.0396602874960998,-0.0261791325863028,-0.0130007084662345,
0.,0.000729156243919498),.UNSPECIFIED.);
#457=B_SPLINE_CURVE_WITH_KNOTS('',3,(#4236,#4237,#4238,#4239,#4240,#4241,
#4242,#4243,#4244,#4245,#4246,#4247,#4248,#4249,#4250,#4251,#4252,#4253,
#4254,#4255,#4256,#4257,#4258,#4259,#4260,#4261,#4262,#4263,#4264,#4265,
#4266,#4267,#4268,#4269,#4270,#4271,#4272,#4273,#4274,#4275,#4276,#4277,
#4278),.UNSPECIFIED.,.F.,.F.,(4,3,3,3,3,3,3,3,3,3,3,3,3,3,4),(-0.157580898420931,
-0.156851744541735,-0.143782679323746,-0.130321292269539,-0.11719158560531,
-0.103741305760116,-0.0904101342438752,-0.0781257233812737,-0.0675435369148823,
-0.0543047845767897,-0.0409084500457631,-0.0390622864335994,-0.0256874672374069,
-0.0124336592424123,0.),.UNSPECIFIED.);
#458=B_SPLINE_CURVE_WITH_KNOTS('',3,(#4647,#4648,#4649,#4650),
 .UNSPECIFIED.,.F.,.F.,(4,4),(-0.000851974276641026,-6.11900956581211E-13),
 .UNSPECIFIED.);
#459=B_SPLINE_CURVE_WITH_KNOTS('',3,(#4671,#4672,#4673,#4674),
 .UNSPECIFIED.,.F.,.F.,(4,4),(-0.000851973763365771,0.),.UNSPECIFIED.);
#460=B_SPLINE_CURVE_WITH_KNOTS('',3,(#4756,#4757,#4758,#4759,#4760,#4761,
#4762,#4763),.UNSPECIFIED.,.F.,.F.,(4,1,2,1,4),(-2.40204337678055,-1.68150587336025,
-1.20114753774672,-0.720789200346896,-0.000251694247165021),
 .UNSPECIFIED.);
#461=B_SPLINE_CURVE_WITH_KNOTS('',3,(#4783,#4784,#4785,#4786),
 .UNSPECIFIED.,.F.,.F.,(4,4),(1.48351609678658E-12,0.000160173117338226),
 .UNSPECIFIED.);
#462=B_SPLINE_CURVE_WITH_KNOTS('',3,(#4808,#4809,#4810,#4811),
 .UNSPECIFIED.,.F.,.F.,(4,4),(0.,0.000160173011788513),.UNSPECIFIED.);
#463=B_SPLINE_CURVE_WITH_KNOTS('',3,(#4842,#4843,#4844,#4845,#4846,#4847),
 .UNSPECIFIED.,.F.,.F.,(4,1,1,4),(-1.6789994173823,-1.31922397390271,-0.959448530423114,
-0.838537073182232),.UNSPECIFIED.);
#464=B_SPLINE_CURVE_WITH_KNOTS('',3,(#4848,#4849,#4850,#4851,#4852),
 .UNSPECIFIED.,.F.,.F.,(4,1,4),(-0.838537073182232,-0.479747939116989,-4.73478108644557E-5),
 .UNSPECIFIED.);
#465=B_SPLINE_CURVE_WITH_KNOTS('',3,(#4853,#4854,#4855,#4856,#4857,#4858,
#4859),.UNSPECIFIED.,.F.,.F.,(4,1,1,1,4),(4.73478108644557E-5,0.479747939116989,
0.959448530423114,1.31922397390271,1.6789994173823),.UNSPECIFIED.);
#466=B_SPLINE_CURVE_WITH_KNOTS('',3,(#4892,#4893,#4894,#4895,#4896,#4897,
#4898,#4899),.UNSPECIFIED.,.F.,.F.,(4,1,2,1,4),(4.73582145449603E-5,0.718152767172118,
1.19688970647717,1.91499114817318,2.39372544263718),.UNSPECIFIED.);
#467=B_SPLINE_CURVE_WITH_KNOTS('',3,(#4900,#4901,#4902,#4903,#4904,#4905,
#4906,#4907),.UNSPECIFIED.,.F.,.F.,(4,1,2,1,4),(-2.39372544263718,-1.91499114817318,
-1.19688970647717,-0.718152767172118,-4.73582145449603E-5),
 .UNSPECIFIED.);
#468=B_SPLINE_CURVE_WITH_KNOTS('',3,(#5012,#5013,#5014,#5015,#5016,#5017,
#5018,#5019,#5020,#5021,#5022,#5023,#5024,#5025,#5026,#5027,#5028,#5029,
#5030,#5031,#5032,#5033,#5034,#5035,#5036,#5037),.UNSPECIFIED.,.F.,.F.,
(4,1,2,2,2,1,2,2,2,2,2,2,1,1,4),(-1.23345885965278,-1.0585717875587,-0.953639544302256,
-0.951972079050574,-0.912408497351606,-0.756776756743254,-0.601145016134902,
-0.595506127184988,-0.503605497501339,-0.217646205943587,-0.197871556203277,
-0.156668359937946,-0.0784206240959108,-0.0490777231551477,-0.00017446892535165),
 .UNSPECIFIED.);
#469=B_SPLINE_CURVE_WITH_KNOTS('',3,(#5038,#5039,#5040,#5041,#5042,#5043,
#5044,#5045,#5046,#5047,#5048,#5049,#5050,#5051,#5052,#5053,#5054,#5055,
#5056),.UNSPECIFIED.,.F.,.F.,(4,1,1,2,2,2,2,2,2,1,4),(0.000172888253875841,
0.0490777231551477,0.0784206240959108,0.156668359937946,0.197871556203277,
0.217646205943587,0.503605497501339,0.595506127184988,0.601145016134902,
0.756776756743254,0.827403760075172),.UNSPECIFIED.);
#470=B_SPLINE_CURVE_WITH_KNOTS('',3,(#5085,#5086,#5087,#5088,#5089,#5090,
#5091),.UNSPECIFIED.,.F.,.F.,(4,1,1,1,4),(-1.67920478670811,-1.43935411434311,
-0.959652769613105,-0.479951424883099,-0.000250080153092398),
 .UNSPECIFIED.);
#471=B_SPLINE_CURVE_WITH_KNOTS('',3,(#5196,#5197,#5198,#5199,#5200,#5201,
#5202,#5203,#5204,#5205,#5206,#5207,#5208,#5209,#5210,#5211,#5212,#5213,
#5214),.UNSPECIFIED.,.F.,.F.,(4,1,2,2,2,2,2,2,1,1,4),(0.43149835890395,
0.502125285635229,0.657757015667606,0.663395904021942,0.755296548641631,
1.0412558123866,1.06103046108291,1.10223368309816,1.18048141502913,1.20982431450324,
1.2587291469601),.UNSPECIFIED.);
#472=VERTEX_POINT('',#1578);
#473=VERTEX_POINT('',#1579);
#474=VERTEX_POINT('',#1596);
#475=VERTEX_POINT('',#1598);
#476=VERTEX_POINT('',#1600);
#477=VERTEX_POINT('',#1604);
#478=VERTEX_POINT('',#1605);
#479=VERTEX_POINT('',#1616);
#480=VERTEX_POINT('',#1623);
#481=VERTEX_POINT('',#1625);
#482=VERTEX_POINT('',#1687);
#483=VERTEX_POINT('',#1689);
#484=VERTEX_POINT('',#1691);
#485=VERTEX_POINT('',#1693);
#486=VERTEX_POINT('',#1695);
#487=VERTEX_POINT('',#1697);
#488=VERTEX_POINT('',#1701);
#489=VERTEX_POINT('',#1741);
#490=VERTEX_POINT('',#1745);
#491=VERTEX_POINT('',#1747);
#492=VERTEX_POINT('',#1791);
#493=VERTEX_POINT('',#1793);
#494=VERTEX_POINT('',#1837);
#495=VERTEX_POINT('',#1839);
#496=VERTEX_POINT('',#1850);
#497=VERTEX_POINT('',#1852);
#498=VERTEX_POINT('',#1857);
#499=VERTEX_POINT('',#1871);
#500=VERTEX_POINT('',#1877);
#501=VERTEX_POINT('',#1892);
#502=VERTEX_POINT('',#1903);
#503=VERTEX_POINT('',#1918);
#504=VERTEX_POINT('',#1924);
#505=VERTEX_POINT('',#1942);
#506=VERTEX_POINT('',#1944);
#507=VERTEX_POINT('',#1948);
#508=VERTEX_POINT('',#1949);
#509=VERTEX_POINT('',#1951);
#510=VERTEX_POINT('',#1954);
#511=VERTEX_POINT('',#1973);
#512=VERTEX_POINT('',#1977);
#513=VERTEX_POINT('',#2017);
#514=VERTEX_POINT('',#2019);
#515=VERTEX_POINT('',#2021);
#516=VERTEX_POINT('',#2023);
#517=VERTEX_POINT('',#2025);
#518=VERTEX_POINT('',#2027);
#519=VERTEX_POINT('',#2029);
#520=VERTEX_POINT('',#2131);
#521=VERTEX_POINT('',#2133);
#522=VERTEX_POINT('',#2137);
#523=VERTEX_POINT('',#2139);
#524=VERTEX_POINT('',#2143);
#525=VERTEX_POINT('',#2145);
#526=VERTEX_POINT('',#2149);
#527=VERTEX_POINT('',#2151);
#528=VERTEX_POINT('',#2155);
#529=VERTEX_POINT('',#2157);
#530=VERTEX_POINT('',#2161);
#531=VERTEX_POINT('',#2163);
#532=VERTEX_POINT('',#2231);
#533=VERTEX_POINT('',#2233);
#534=VERTEX_POINT('',#2268);
#535=VERTEX_POINT('',#2345);
#536=VERTEX_POINT('',#2411);
#537=VERTEX_POINT('',#2493);
#538=VERTEX_POINT('',#2529);
#539=VERTEX_POINT('',#2596);
#540=VERTEX_POINT('',#2640);
#541=VERTEX_POINT('',#2647);
#542=VERTEX_POINT('',#2685);
#543=VERTEX_POINT('',#2692);
#544=VERTEX_POINT('',#2906);
#545=VERTEX_POINT('',#2922);
#546=VERTEX_POINT('',#2997);
#547=VERTEX_POINT('',#3110);
#548=VERTEX_POINT('',#3187);
#549=VERTEX_POINT('',#3411);
#550=VERTEX_POINT('',#3509);
#551=VERTEX_POINT('',#3570);
#552=VERTEX_POINT('',#3571);
#553=VERTEX_POINT('',#3621);
#554=VERTEX_POINT('',#3622);
#555=VERTEX_POINT('',#3673);
#556=VERTEX_POINT('',#3677);
#557=VERTEX_POINT('',#3681);
#558=VERTEX_POINT('',#4223);
#559=VERTEX_POINT('',#4229);
#560=VERTEX_POINT('',#4231);
#561=VERTEX_POINT('',#4233);
#562=VERTEX_POINT('',#4587);
#563=VERTEX_POINT('',#4592);
#564=VERTEX_POINT('',#4597);
#565=VERTEX_POINT('',#4599);
#566=VERTEX_POINT('',#4603);
#567=VERTEX_POINT('',#4605);
#568=VERTEX_POINT('',#4613);
#569=VERTEX_POINT('',#4615);
#570=VERTEX_POINT('',#4619);
#571=VERTEX_POINT('',#4621);
#572=VERTEX_POINT('',#4644);
#573=VERTEX_POINT('',#4646);
#574=VERTEX_POINT('',#4668);
#575=VERTEX_POINT('',#4670);
#576=VERTEX_POINT('',#4780);
#577=VERTEX_POINT('',#4782);
#578=VERTEX_POINT('',#4804);
#579=VERTEX_POINT('',#4805);
#580=VERTEX_POINT('',#4807);
#581=VERTEX_POINT('',#4841);
#582=EDGE_CURVE('',#472,#473,#409,.T.);
#583=EDGE_CURVE('',#473,#474,#285,.T.);
#584=EDGE_CURVE('',#474,#475,#231,.T.);
#585=EDGE_CURVE('',#475,#476,#286,.T.);
#586=EDGE_CURVE('',#476,#472,#232,.T.);
#587=EDGE_CURVE('',#477,#478,#410,.T.);
#588=EDGE_CURVE('',#478,#479,#287,.T.);
#589=EDGE_CURVE('',#479,#474,#233,.T.);
#590=EDGE_CURVE('',#474,#477,#288,.T.);
#591=EDGE_CURVE('',#479,#475,#234,.T.);
#592=EDGE_CURVE('',#480,#475,#289,.T.);
#593=EDGE_CURVE('',#481,#480,#411,.T.);
#594=EDGE_CURVE('',#482,#481,#290,.T.);
#595=EDGE_CURVE('',#483,#482,#291,.T.);
#596=EDGE_CURVE('',#484,#483,#292,.T.);
#597=EDGE_CURVE('',#485,#484,#293,.T.);
#598=EDGE_CURVE('',#485,#486,#294,.T.);
#599=EDGE_CURVE('',#487,#486,#295,.T.);
#600=EDGE_CURVE('',#476,#487,#296,.T.);
#601=EDGE_CURVE('',#479,#488,#297,.T.);
#602=EDGE_CURVE('',#488,#480,#412,.T.);
#603=EDGE_CURVE('',#478,#489,#235,.T.);
#604=EDGE_CURVE('',#488,#489,#298,.T.);
#605=EDGE_CURVE('',#490,#477,#299,.T.);
#606=EDGE_CURVE('',#491,#490,#413,.T.);
#607=EDGE_CURVE('',#492,#491,#236,.T.);
#608=EDGE_CURVE('',#493,#492,#414,.T.);
#609=EDGE_CURVE('',#494,#493,#300,.T.);
#610=EDGE_CURVE('',#495,#494,#415,.T.);
#611=EDGE_CURVE('',#496,#495,#237,.T.);
#612=EDGE_CURVE('',#497,#496,#416,.T.);
#613=EDGE_CURVE('',#498,#497,#417,.T.);
#614=EDGE_CURVE('',#499,#498,#418,.T.);
#615=EDGE_CURVE('',#500,#499,#419,.T.);
#616=EDGE_CURVE('',#501,#500,#420,.T.);
#617=EDGE_CURVE('',#502,#501,#421,.T.);
#618=EDGE_CURVE('',#503,#502,#422,.T.);
#619=EDGE_CURVE('',#504,#503,#423,.T.);
#620=EDGE_CURVE('',#489,#504,#424,.T.);
#621=EDGE_CURVE('',#494,#505,#301,.T.);
#622=EDGE_CURVE('',#505,#506,#238,.T.);
#623=EDGE_CURVE('',#506,#495,#302,.T.);
#624=EDGE_CURVE('',#507,#508,#239,.T.);
#625=EDGE_CURVE('',#508,#509,#303,.T.);
#626=EDGE_CURVE('',#509,#505,#240,.T.);
#627=EDGE_CURVE('',#505,#510,#304,.T.);
#628=EDGE_CURVE('',#510,#507,#425,.T.);
#629=EDGE_CURVE('',#509,#506,#241,.T.);
#630=EDGE_CURVE('',#511,#506,#305,.T.);
#631=EDGE_CURVE('',#496,#511,#306,.T.);
#632=EDGE_CURVE('',#509,#512,#307,.T.);
#633=EDGE_CURVE('',#512,#511,#426,.T.);
#634=EDGE_CURVE('',#513,#508,#308,.T.);
#635=EDGE_CURVE('',#514,#513,#309,.T.);
#636=EDGE_CURVE('',#514,#515,#310,.T.);
#637=EDGE_CURVE('',#516,#515,#311,.T.);
#638=EDGE_CURVE('',#517,#516,#312,.T.);
#639=EDGE_CURVE('',#518,#517,#313,.T.);
#640=EDGE_CURVE('',#519,#518,#314,.T.);
#641=EDGE_CURVE('',#512,#519,#427,.T.);
#642=EDGE_CURVE('',#520,#514,#242,.T.);
#643=EDGE_CURVE('',#513,#521,#243,.T.);
#644=EDGE_CURVE('',#521,#520,#315,.T.);
#645=EDGE_CURVE('',#486,#522,#244,.T.);
#646=EDGE_CURVE('',#522,#523,#316,.T.);
#647=EDGE_CURVE('',#523,#487,#245,.T.);
#648=EDGE_CURVE('',#522,#524,#317,.T.);
#649=EDGE_CURVE('',#525,#524,#318,.T.);
#650=EDGE_CURVE('',#525,#523,#319,.T.);
#651=EDGE_CURVE('',#526,#485,#246,.T.);
#652=EDGE_CURVE('',#484,#527,#247,.T.);
#653=EDGE_CURVE('',#527,#526,#320,.T.);
#654=EDGE_CURVE('',#515,#528,#248,.T.);
#655=EDGE_CURVE('',#528,#529,#321,.T.);
#656=EDGE_CURVE('',#529,#516,#249,.T.);
#657=EDGE_CURVE('',#530,#528,#322,.T.);
#658=EDGE_CURVE('',#531,#530,#323,.T.);
#659=EDGE_CURVE('',#531,#529,#324,.T.);
#660=EDGE_CURVE('',#497,#532,#250,.T.);
#661=EDGE_CURVE('',#532,#533,#428,.T.);
#662=EDGE_CURVE('',#533,#498,#251,.T.);
#663=EDGE_CURVE('',#534,#499,#252,.T.);
#664=EDGE_CURVE('',#533,#534,#429,.T.);
#665=EDGE_CURVE('',#534,#535,#430,.T.);
#666=EDGE_CURVE('',#535,#500,#253,.T.);
#667=EDGE_CURVE('',#536,#501,#254,.T.);
#668=EDGE_CURVE('',#535,#536,#431,.T.);
#669=EDGE_CURVE('',#536,#537,#432,.T.);
#670=EDGE_CURVE('',#537,#502,#255,.T.);
#671=EDGE_CURVE('',#538,#503,#256,.T.);
#672=EDGE_CURVE('',#537,#538,#433,.T.);
#673=EDGE_CURVE('',#539,#504,#257,.T.);
#674=EDGE_CURVE('',#538,#539,#434,.T.);
#675=EDGE_CURVE('',#540,#504,#435,.T.);
#676=EDGE_CURVE('',#539,#541,#436,.T.);
#677=EDGE_CURVE('',#541,#540,#258,.T.);
#678=EDGE_CURVE('',#497,#542,#437,.T.);
#679=EDGE_CURVE('',#542,#543,#259,.T.);
#680=EDGE_CURVE('',#543,#532,#438,.T.);
#681=EDGE_CURVE('',#542,#540,#439,.T.);
#682=EDGE_CURVE('',#541,#543,#440,.T.);
#683=EDGE_CURVE('',#536,#544,#441,.T.);
#684=EDGE_CURVE('',#544,#545,#442,.F.);
#685=EDGE_CURVE('',#545,#537,#443,.T.);
#686=EDGE_CURVE('',#546,#535,#444,.T.);
#687=EDGE_CURVE('',#544,#546,#445,.T.);
#688=EDGE_CURVE('',#534,#547,#446,.T.);
#689=EDGE_CURVE('',#547,#546,#447,.F.);
#690=EDGE_CURVE('',#548,#533,#448,.T.);
#691=EDGE_CURVE('',#547,#548,#449,.T.);
#692=EDGE_CURVE('',#549,#511,#450,.T.);
#693=EDGE_CURVE('',#550,#549,#325,.T.);
#694=EDGE_CURVE('',#488,#550,#451,.T.);
#695=EDGE_CURVE('',#551,#552,#452,.T.);
#696=EDGE_CURVE('',#552,#551,#453,.T.);
#697=EDGE_CURVE('',#553,#554,#454,.T.);
#698=EDGE_CURVE('',#554,#553,#455,.T.);
#699=EDGE_CURVE('',#555,#555,#260,.T.);
#700=EDGE_CURVE('',#555,#554,#326,.T.);
#701=EDGE_CURVE('',#556,#556,#261,.T.);
#702=EDGE_CURVE('',#556,#552,#327,.T.);
#703=EDGE_CURVE('',#518,#557,#262,.T.);
#704=EDGE_CURVE('',#557,#549,#328,.T.);
#705=EDGE_CURVE('',#549,#519,#456,.T.);
#706=EDGE_CURVE('',#558,#557,#329,.T.);
#707=EDGE_CURVE('',#550,#558,#330,.T.);
#708=EDGE_CURVE('',#517,#483,#331,.T.);
#709=EDGE_CURVE('',#558,#482,#263,.T.);
#710=EDGE_CURVE('',#559,#559,#264,.T.);
#711=EDGE_CURVE('',#560,#560,#265,.T.);
#712=EDGE_CURVE('',#561,#561,#266,.T.);
#713=EDGE_CURVE('',#481,#550,#457,.T.);
#714=EDGE_CURVE('',#473,#490,#332,.T.);
#715=EDGE_CURVE('',#559,#562,#333,.T.);
#716=EDGE_CURVE('',#562,#562,#267,.T.);
#717=EDGE_CURVE('',#560,#563,#334,.T.);
#718=EDGE_CURVE('',#563,#563,#268,.T.);
#719=EDGE_CURVE('',#564,#564,#269,.T.);
#720=EDGE_CURVE('',#564,#565,#335,.T.);
#721=EDGE_CURVE('',#565,#565,#270,.T.);
#722=EDGE_CURVE('',#566,#527,#336,.T.);
#723=EDGE_CURVE('',#566,#567,#337,.T.);
#724=EDGE_CURVE('',#567,#526,#338,.T.);
#725=EDGE_CURVE('',#566,#525,#271,.T.);
#726=EDGE_CURVE('',#524,#567,#272,.T.);
#727=EDGE_CURVE('',#568,#568,#273,.T.);
#728=EDGE_CURVE('',#568,#569,#339,.T.);
#729=EDGE_CURVE('',#569,#569,#274,.T.);
#730=EDGE_CURVE('',#531,#570,#275,.T.);
#731=EDGE_CURVE('',#571,#530,#276,.T.);
#732=EDGE_CURVE('',#570,#571,#340,.T.);
#733=EDGE_CURVE('',#570,#521,#341,.T.);
#734=EDGE_CURVE('',#520,#571,#342,.T.);
#735=EDGE_CURVE('',#572,#547,#277,.T.);
#736=EDGE_CURVE('',#572,#573,#458,.T.);
#737=EDGE_CURVE('',#546,#573,#278,.T.);
#738=EDGE_CURVE('',#574,#544,#279,.T.);
#739=EDGE_CURVE('',#574,#575,#459,.T.);
#740=EDGE_CURVE('',#545,#575,#280,.T.);
#741=EDGE_CURVE('',#573,#574,#460,.T.);
#742=EDGE_CURVE('',#548,#576,#281,.T.);
#743=EDGE_CURVE('',#577,#548,#461,.F.);
#744=EDGE_CURVE('',#576,#577,#282,.T.);
#745=EDGE_CURVE('',#578,#579,#283,.T.);
#746=EDGE_CURVE('',#580,#578,#462,.F.);
#747=EDGE_CURVE('',#579,#580,#284,.T.);
#748=EDGE_CURVE('',#575,#581,#463,.T.);
#749=EDGE_CURVE('',#581,#579,#464,.T.);
#750=EDGE_CURVE('',#580,#545,#465,.T.);
#751=EDGE_CURVE('',#579,#576,#466,.T.);
#752=EDGE_CURVE('',#577,#578,#467,.T.);
#753=EDGE_CURVE('',#538,#580,#468,.T.);
#754=EDGE_CURVE('',#578,#541,#469,.T.);
#755=EDGE_CURVE('',#576,#572,#470,.T.);
#756=EDGE_CURVE('',#543,#577,#471,.T.);
#757=EDGE_CURVE('',#561,#581,#343,.T.);
#758=EDGE_CURVE('',#472,#491,#344,.T.);
#759=EDGE_CURVE('',#493,#510,#345,.T.);
#760=EDGE_CURVE('',#492,#507,#346,.T.);
#761=ORIENTED_EDGE('',*,*,#582,.T.);
#762=ORIENTED_EDGE('',*,*,#583,.T.);
#763=ORIENTED_EDGE('',*,*,#584,.T.);
#764=ORIENTED_EDGE('',*,*,#585,.T.);
#765=ORIENTED_EDGE('',*,*,#586,.T.);
#766=ORIENTED_EDGE('',*,*,#587,.T.);
#767=ORIENTED_EDGE('',*,*,#588,.T.);
#768=ORIENTED_EDGE('',*,*,#589,.T.);
#769=ORIENTED_EDGE('',*,*,#590,.T.);
#770=ORIENTED_EDGE('',*,*,#589,.F.);
#771=ORIENTED_EDGE('',*,*,#591,.T.);
#772=ORIENTED_EDGE('',*,*,#584,.F.);
#773=ORIENTED_EDGE('',*,*,#585,.F.);
#774=ORIENTED_EDGE('',*,*,#592,.F.);
#775=ORIENTED_EDGE('',*,*,#593,.F.);
#776=ORIENTED_EDGE('',*,*,#594,.F.);
#777=ORIENTED_EDGE('',*,*,#595,.F.);
#778=ORIENTED_EDGE('',*,*,#596,.F.);
#779=ORIENTED_EDGE('',*,*,#597,.F.);
#780=ORIENTED_EDGE('',*,*,#598,.T.);
#781=ORIENTED_EDGE('',*,*,#599,.F.);
#782=ORIENTED_EDGE('',*,*,#600,.F.);
#783=ORIENTED_EDGE('',*,*,#591,.F.);
#784=ORIENTED_EDGE('',*,*,#601,.T.);
#785=ORIENTED_EDGE('',*,*,#602,.T.);
#786=ORIENTED_EDGE('',*,*,#592,.T.);
#787=ORIENTED_EDGE('',*,*,#588,.F.);
#788=ORIENTED_EDGE('',*,*,#603,.T.);
#789=ORIENTED_EDGE('',*,*,#604,.F.);
#790=ORIENTED_EDGE('',*,*,#601,.F.);
#791=ORIENTED_EDGE('',*,*,#587,.F.);
#792=ORIENTED_EDGE('',*,*,#605,.F.);
#793=ORIENTED_EDGE('',*,*,#606,.F.);
#794=ORIENTED_EDGE('',*,*,#607,.F.);
#795=ORIENTED_EDGE('',*,*,#608,.F.);
#796=ORIENTED_EDGE('',*,*,#609,.F.);
#797=ORIENTED_EDGE('',*,*,#610,.F.);
#798=ORIENTED_EDGE('',*,*,#611,.F.);
#799=ORIENTED_EDGE('',*,*,#612,.F.);
#800=ORIENTED_EDGE('',*,*,#613,.F.);
#801=ORIENTED_EDGE('',*,*,#614,.F.);
#802=ORIENTED_EDGE('',*,*,#615,.F.);
#803=ORIENTED_EDGE('',*,*,#616,.F.);
#804=ORIENTED_EDGE('',*,*,#617,.F.);
#805=ORIENTED_EDGE('',*,*,#618,.F.);
#806=ORIENTED_EDGE('',*,*,#619,.F.);
#807=ORIENTED_EDGE('',*,*,#620,.F.);
#808=ORIENTED_EDGE('',*,*,#603,.F.);
#809=ORIENTED_EDGE('',*,*,#610,.T.);
#810=ORIENTED_EDGE('',*,*,#621,.T.);
#811=ORIENTED_EDGE('',*,*,#622,.T.);
#812=ORIENTED_EDGE('',*,*,#623,.T.);
#813=ORIENTED_EDGE('',*,*,#624,.T.);
#814=ORIENTED_EDGE('',*,*,#625,.T.);
#815=ORIENTED_EDGE('',*,*,#626,.T.);
#816=ORIENTED_EDGE('',*,*,#627,.T.);
#817=ORIENTED_EDGE('',*,*,#628,.T.);
#818=ORIENTED_EDGE('',*,*,#626,.F.);
#819=ORIENTED_EDGE('',*,*,#629,.T.);
#820=ORIENTED_EDGE('',*,*,#622,.F.);
#821=ORIENTED_EDGE('',*,*,#623,.F.);
#822=ORIENTED_EDGE('',*,*,#630,.F.);
#823=ORIENTED_EDGE('',*,*,#631,.F.);
#824=ORIENTED_EDGE('',*,*,#611,.T.);
#825=ORIENTED_EDGE('',*,*,#629,.F.);
#826=ORIENTED_EDGE('',*,*,#632,.T.);
#827=ORIENTED_EDGE('',*,*,#633,.T.);
#828=ORIENTED_EDGE('',*,*,#630,.T.);
#829=ORIENTED_EDGE('',*,*,#625,.F.);
#830=ORIENTED_EDGE('',*,*,#634,.F.);
#831=ORIENTED_EDGE('',*,*,#635,.F.);
#832=ORIENTED_EDGE('',*,*,#636,.T.);
#833=ORIENTED_EDGE('',*,*,#637,.F.);
#834=ORIENTED_EDGE('',*,*,#638,.F.);
#835=ORIENTED_EDGE('',*,*,#639,.F.);
#836=ORIENTED_EDGE('',*,*,#640,.F.);
#837=ORIENTED_EDGE('',*,*,#641,.F.);
#838=ORIENTED_EDGE('',*,*,#632,.F.);
#839=ORIENTED_EDGE('',*,*,#642,.T.);
#840=ORIENTED_EDGE('',*,*,#635,.T.);
#841=ORIENTED_EDGE('',*,*,#643,.T.);
#842=ORIENTED_EDGE('',*,*,#644,.T.);
#843=ORIENTED_EDGE('',*,*,#645,.T.);
#844=ORIENTED_EDGE('',*,*,#646,.T.);
#845=ORIENTED_EDGE('',*,*,#647,.T.);
#846=ORIENTED_EDGE('',*,*,#599,.T.);
#847=ORIENTED_EDGE('',*,*,#646,.F.);
#848=ORIENTED_EDGE('',*,*,#648,.T.);
#849=ORIENTED_EDGE('',*,*,#649,.F.);
#850=ORIENTED_EDGE('',*,*,#650,.T.);
#851=ORIENTED_EDGE('',*,*,#651,.T.);
#852=ORIENTED_EDGE('',*,*,#597,.T.);
#853=ORIENTED_EDGE('',*,*,#652,.T.);
#854=ORIENTED_EDGE('',*,*,#653,.T.);
#855=ORIENTED_EDGE('',*,*,#654,.T.);
#856=ORIENTED_EDGE('',*,*,#655,.T.);
#857=ORIENTED_EDGE('',*,*,#656,.T.);
#858=ORIENTED_EDGE('',*,*,#637,.T.);
#859=ORIENTED_EDGE('',*,*,#655,.F.);
#860=ORIENTED_EDGE('',*,*,#657,.F.);
#861=ORIENTED_EDGE('',*,*,#658,.F.);
#862=ORIENTED_EDGE('',*,*,#659,.T.);
#863=ORIENTED_EDGE('',*,*,#660,.T.);
#864=ORIENTED_EDGE('',*,*,#661,.T.);
#865=ORIENTED_EDGE('',*,*,#662,.T.);
#866=ORIENTED_EDGE('',*,*,#613,.T.);
#867=ORIENTED_EDGE('',*,*,#663,.T.);
#868=ORIENTED_EDGE('',*,*,#614,.T.);
#869=ORIENTED_EDGE('',*,*,#662,.F.);
#870=ORIENTED_EDGE('',*,*,#664,.T.);
#871=ORIENTED_EDGE('',*,*,#663,.F.);
#872=ORIENTED_EDGE('',*,*,#665,.T.);
#873=ORIENTED_EDGE('',*,*,#666,.T.);
#874=ORIENTED_EDGE('',*,*,#615,.T.);
#875=ORIENTED_EDGE('',*,*,#667,.T.);
#876=ORIENTED_EDGE('',*,*,#616,.T.);
#877=ORIENTED_EDGE('',*,*,#666,.F.);
#878=ORIENTED_EDGE('',*,*,#668,.T.);
#879=ORIENTED_EDGE('',*,*,#667,.F.);
#880=ORIENTED_EDGE('',*,*,#669,.T.);
#881=ORIENTED_EDGE('',*,*,#670,.T.);
#882=ORIENTED_EDGE('',*,*,#617,.T.);
#883=ORIENTED_EDGE('',*,*,#671,.T.);
#884=ORIENTED_EDGE('',*,*,#618,.T.);
#885=ORIENTED_EDGE('',*,*,#670,.F.);
#886=ORIENTED_EDGE('',*,*,#672,.T.);
#887=ORIENTED_EDGE('',*,*,#673,.T.);
#888=ORIENTED_EDGE('',*,*,#619,.T.);
#889=ORIENTED_EDGE('',*,*,#671,.F.);
#890=ORIENTED_EDGE('',*,*,#674,.T.);
#891=ORIENTED_EDGE('',*,*,#675,.T.);
#892=ORIENTED_EDGE('',*,*,#673,.F.);
#893=ORIENTED_EDGE('',*,*,#676,.T.);
#894=ORIENTED_EDGE('',*,*,#677,.T.);
#895=ORIENTED_EDGE('',*,*,#678,.T.);
#896=ORIENTED_EDGE('',*,*,#679,.T.);
#897=ORIENTED_EDGE('',*,*,#680,.T.);
#898=ORIENTED_EDGE('',*,*,#660,.F.);
#899=ORIENTED_EDGE('',*,*,#681,.T.);
#900=ORIENTED_EDGE('',*,*,#677,.F.);
#901=ORIENTED_EDGE('',*,*,#682,.T.);
#902=ORIENTED_EDGE('',*,*,#679,.F.);
#903=ORIENTED_EDGE('',*,*,#669,.F.);
#904=ORIENTED_EDGE('',*,*,#683,.T.);
#905=ORIENTED_EDGE('',*,*,#684,.T.);
#906=ORIENTED_EDGE('',*,*,#685,.T.);
#907=ORIENTED_EDGE('',*,*,#668,.F.);
#908=ORIENTED_EDGE('',*,*,#686,.F.);
#909=ORIENTED_EDGE('',*,*,#687,.F.);
#910=ORIENTED_EDGE('',*,*,#683,.F.);
#911=ORIENTED_EDGE('',*,*,#665,.F.);
#912=ORIENTED_EDGE('',*,*,#688,.T.);
#913=ORIENTED_EDGE('',*,*,#689,.T.);
#914=ORIENTED_EDGE('',*,*,#686,.T.);
#915=ORIENTED_EDGE('',*,*,#664,.F.);
#916=ORIENTED_EDGE('',*,*,#690,.F.);
#917=ORIENTED_EDGE('',*,*,#691,.F.);
#918=ORIENTED_EDGE('',*,*,#688,.F.);
#919=ORIENTED_EDGE('',*,*,#675,.F.);
#920=ORIENTED_EDGE('',*,*,#681,.F.);
#921=ORIENTED_EDGE('',*,*,#678,.F.);
#922=ORIENTED_EDGE('',*,*,#612,.T.);
#923=ORIENTED_EDGE('',*,*,#631,.T.);
#924=ORIENTED_EDGE('',*,*,#692,.F.);
#925=ORIENTED_EDGE('',*,*,#693,.F.);
#926=ORIENTED_EDGE('',*,*,#694,.F.);
#927=ORIENTED_EDGE('',*,*,#604,.T.);
#928=ORIENTED_EDGE('',*,*,#620,.T.);
#929=ORIENTED_EDGE('',*,*,#695,.T.);
#930=ORIENTED_EDGE('',*,*,#696,.T.);
#931=ORIENTED_EDGE('',*,*,#697,.T.);
#932=ORIENTED_EDGE('',*,*,#698,.T.);
#933=ORIENTED_EDGE('',*,*,#699,.F.);
#934=ORIENTED_EDGE('',*,*,#700,.T.);
#935=ORIENTED_EDGE('',*,*,#697,.F.);
#936=ORIENTED_EDGE('',*,*,#698,.F.);
#937=ORIENTED_EDGE('',*,*,#700,.F.);
#938=ORIENTED_EDGE('',*,*,#701,.F.);
#939=ORIENTED_EDGE('',*,*,#702,.T.);
#940=ORIENTED_EDGE('',*,*,#695,.F.);
#941=ORIENTED_EDGE('',*,*,#696,.F.);
#942=ORIENTED_EDGE('',*,*,#702,.F.);
#943=ORIENTED_EDGE('',*,*,#640,.T.);
#944=ORIENTED_EDGE('',*,*,#703,.T.);
#945=ORIENTED_EDGE('',*,*,#704,.T.);
#946=ORIENTED_EDGE('',*,*,#705,.T.);
#947=ORIENTED_EDGE('',*,*,#633,.F.);
#948=ORIENTED_EDGE('',*,*,#641,.T.);
#949=ORIENTED_EDGE('',*,*,#705,.F.);
#950=ORIENTED_EDGE('',*,*,#692,.T.);
#951=ORIENTED_EDGE('',*,*,#704,.F.);
#952=ORIENTED_EDGE('',*,*,#706,.F.);
#953=ORIENTED_EDGE('',*,*,#707,.F.);
#954=ORIENTED_EDGE('',*,*,#693,.T.);
#955=ORIENTED_EDGE('',*,*,#703,.F.);
#956=ORIENTED_EDGE('',*,*,#639,.T.);
#957=ORIENTED_EDGE('',*,*,#708,.T.);
#958=ORIENTED_EDGE('',*,*,#595,.T.);
#959=ORIENTED_EDGE('',*,*,#709,.F.);
#960=ORIENTED_EDGE('',*,*,#706,.T.);
#961=ORIENTED_EDGE('',*,*,#701,.T.);
#962=ORIENTED_EDGE('',*,*,#699,.T.);
#963=ORIENTED_EDGE('',*,*,#710,.T.);
#964=ORIENTED_EDGE('',*,*,#711,.T.);
#965=ORIENTED_EDGE('',*,*,#712,.T.);
#966=ORIENTED_EDGE('',*,*,#707,.T.);
#967=ORIENTED_EDGE('',*,*,#709,.T.);
#968=ORIENTED_EDGE('',*,*,#594,.T.);
#969=ORIENTED_EDGE('',*,*,#713,.T.);
#970=ORIENTED_EDGE('',*,*,#602,.F.);
#971=ORIENTED_EDGE('',*,*,#694,.T.);
#972=ORIENTED_EDGE('',*,*,#713,.F.);
#973=ORIENTED_EDGE('',*,*,#593,.T.);
#974=ORIENTED_EDGE('',*,*,#583,.F.);
#975=ORIENTED_EDGE('',*,*,#714,.T.);
#976=ORIENTED_EDGE('',*,*,#605,.T.);
#977=ORIENTED_EDGE('',*,*,#590,.F.);
#978=ORIENTED_EDGE('',*,*,#710,.F.);
#979=ORIENTED_EDGE('',*,*,#715,.T.);
#980=ORIENTED_EDGE('',*,*,#716,.T.);
#981=ORIENTED_EDGE('',*,*,#715,.F.);
#982=ORIENTED_EDGE('',*,*,#716,.F.);
#983=ORIENTED_EDGE('',*,*,#711,.F.);
#984=ORIENTED_EDGE('',*,*,#717,.T.);
#985=ORIENTED_EDGE('',*,*,#718,.T.);
#986=ORIENTED_EDGE('',*,*,#717,.F.);
#987=ORIENTED_EDGE('',*,*,#718,.F.);
#988=ORIENTED_EDGE('',*,*,#719,.F.);
#989=ORIENTED_EDGE('',*,*,#720,.T.);
#990=ORIENTED_EDGE('',*,*,#721,.F.);
#991=ORIENTED_EDGE('',*,*,#720,.F.);
#992=ORIENTED_EDGE('',*,*,#653,.F.);
#993=ORIENTED_EDGE('',*,*,#722,.F.);
#994=ORIENTED_EDGE('',*,*,#723,.T.);
#995=ORIENTED_EDGE('',*,*,#724,.T.);
#996=ORIENTED_EDGE('',*,*,#725,.T.);
#997=ORIENTED_EDGE('',*,*,#649,.T.);
#998=ORIENTED_EDGE('',*,*,#726,.T.);
#999=ORIENTED_EDGE('',*,*,#723,.F.);
#1000=ORIENTED_EDGE('',*,*,#598,.F.);
#1001=ORIENTED_EDGE('',*,*,#651,.F.);
#1002=ORIENTED_EDGE('',*,*,#724,.F.);
#1003=ORIENTED_EDGE('',*,*,#726,.F.);
#1004=ORIENTED_EDGE('',*,*,#648,.F.);
#1005=ORIENTED_EDGE('',*,*,#645,.F.);
#1006=ORIENTED_EDGE('',*,*,#721,.T.);
#1007=ORIENTED_EDGE('',*,*,#727,.F.);
#1008=ORIENTED_EDGE('',*,*,#728,.T.);
#1009=ORIENTED_EDGE('',*,*,#729,.F.);
#1010=ORIENTED_EDGE('',*,*,#728,.F.);
#1011=ORIENTED_EDGE('',*,*,#730,.F.);
#1012=ORIENTED_EDGE('',*,*,#658,.T.);
#1013=ORIENTED_EDGE('',*,*,#731,.F.);
#1014=ORIENTED_EDGE('',*,*,#732,.F.);
#1015=ORIENTED_EDGE('',*,*,#644,.F.);
#1016=ORIENTED_EDGE('',*,*,#733,.F.);
#1017=ORIENTED_EDGE('',*,*,#732,.T.);
#1018=ORIENTED_EDGE('',*,*,#734,.F.);
#1019=ORIENTED_EDGE('',*,*,#734,.T.);
#1020=ORIENTED_EDGE('',*,*,#731,.T.);
#1021=ORIENTED_EDGE('',*,*,#657,.T.);
#1022=ORIENTED_EDGE('',*,*,#654,.F.);
#1023=ORIENTED_EDGE('',*,*,#636,.F.);
#1024=ORIENTED_EDGE('',*,*,#642,.F.);
#1025=ORIENTED_EDGE('',*,*,#729,.T.);
#1026=ORIENTED_EDGE('',*,*,#689,.F.);
#1027=ORIENTED_EDGE('',*,*,#735,.F.);
#1028=ORIENTED_EDGE('',*,*,#736,.T.);
#1029=ORIENTED_EDGE('',*,*,#737,.F.);
#1030=ORIENTED_EDGE('',*,*,#684,.F.);
#1031=ORIENTED_EDGE('',*,*,#738,.F.);
#1032=ORIENTED_EDGE('',*,*,#739,.T.);
#1033=ORIENTED_EDGE('',*,*,#740,.F.);
#1034=ORIENTED_EDGE('',*,*,#737,.T.);
#1035=ORIENTED_EDGE('',*,*,#741,.T.);
#1036=ORIENTED_EDGE('',*,*,#738,.T.);
#1037=ORIENTED_EDGE('',*,*,#687,.T.);
#1038=ORIENTED_EDGE('',*,*,#742,.F.);
#1039=ORIENTED_EDGE('',*,*,#743,.F.);
#1040=ORIENTED_EDGE('',*,*,#744,.F.);
#1041=ORIENTED_EDGE('',*,*,#745,.F.);
#1042=ORIENTED_EDGE('',*,*,#746,.F.);
#1043=ORIENTED_EDGE('',*,*,#747,.F.);
#1044=ORIENTED_EDGE('',*,*,#740,.T.);
#1045=ORIENTED_EDGE('',*,*,#748,.T.);
#1046=ORIENTED_EDGE('',*,*,#749,.T.);
#1047=ORIENTED_EDGE('',*,*,#747,.T.);
#1048=ORIENTED_EDGE('',*,*,#750,.T.);
#1049=ORIENTED_EDGE('',*,*,#745,.T.);
#1050=ORIENTED_EDGE('',*,*,#751,.T.);
#1051=ORIENTED_EDGE('',*,*,#744,.T.);
#1052=ORIENTED_EDGE('',*,*,#752,.T.);
#1053=ORIENTED_EDGE('',*,*,#674,.F.);
#1054=ORIENTED_EDGE('',*,*,#753,.T.);
#1055=ORIENTED_EDGE('',*,*,#746,.T.);
#1056=ORIENTED_EDGE('',*,*,#754,.T.);
#1057=ORIENTED_EDGE('',*,*,#676,.F.);
#1058=ORIENTED_EDGE('',*,*,#742,.T.);
#1059=ORIENTED_EDGE('',*,*,#755,.T.);
#1060=ORIENTED_EDGE('',*,*,#735,.T.);
#1061=ORIENTED_EDGE('',*,*,#691,.T.);
#1062=ORIENTED_EDGE('',*,*,#680,.F.);
#1063=ORIENTED_EDGE('',*,*,#756,.T.);
#1064=ORIENTED_EDGE('',*,*,#743,.T.);
#1065=ORIENTED_EDGE('',*,*,#690,.T.);
#1066=ORIENTED_EDGE('',*,*,#661,.F.);
#1067=ORIENTED_EDGE('',*,*,#682,.F.);
#1068=ORIENTED_EDGE('',*,*,#754,.F.);
#1069=ORIENTED_EDGE('',*,*,#752,.F.);
#1070=ORIENTED_EDGE('',*,*,#756,.F.);
#1071=ORIENTED_EDGE('',*,*,#749,.F.);
#1072=ORIENTED_EDGE('',*,*,#757,.F.);
#1073=ORIENTED_EDGE('',*,*,#712,.F.);
#1074=ORIENTED_EDGE('',*,*,#757,.T.);
#1075=ORIENTED_EDGE('',*,*,#748,.F.);
#1076=ORIENTED_EDGE('',*,*,#739,.F.);
#1077=ORIENTED_EDGE('',*,*,#741,.F.);
#1078=ORIENTED_EDGE('',*,*,#736,.F.);
#1079=ORIENTED_EDGE('',*,*,#755,.F.);
#1080=ORIENTED_EDGE('',*,*,#751,.F.);
#1081=ORIENTED_EDGE('',*,*,#672,.F.);
#1082=ORIENTED_EDGE('',*,*,#685,.F.);
#1083=ORIENTED_EDGE('',*,*,#750,.F.);
#1084=ORIENTED_EDGE('',*,*,#753,.F.);
#1085=ORIENTED_EDGE('',*,*,#582,.F.);
#1086=ORIENTED_EDGE('',*,*,#758,.T.);
#1087=ORIENTED_EDGE('',*,*,#606,.T.);
#1088=ORIENTED_EDGE('',*,*,#714,.F.);
#1089=ORIENTED_EDGE('',*,*,#621,.F.);
#1090=ORIENTED_EDGE('',*,*,#609,.T.);
#1091=ORIENTED_EDGE('',*,*,#759,.T.);
#1092=ORIENTED_EDGE('',*,*,#627,.F.);
#1093=ORIENTED_EDGE('',*,*,#586,.F.);
#1094=ORIENTED_EDGE('',*,*,#600,.T.);
#1095=ORIENTED_EDGE('',*,*,#647,.F.);
#1096=ORIENTED_EDGE('',*,*,#650,.F.);
#1097=ORIENTED_EDGE('',*,*,#725,.F.);
#1098=ORIENTED_EDGE('',*,*,#722,.T.);
#1099=ORIENTED_EDGE('',*,*,#652,.F.);
#1100=ORIENTED_EDGE('',*,*,#596,.T.);
#1101=ORIENTED_EDGE('',*,*,#708,.F.);
#1102=ORIENTED_EDGE('',*,*,#638,.T.);
#1103=ORIENTED_EDGE('',*,*,#656,.F.);
#1104=ORIENTED_EDGE('',*,*,#659,.F.);
#1105=ORIENTED_EDGE('',*,*,#730,.T.);
#1106=ORIENTED_EDGE('',*,*,#733,.T.);
#1107=ORIENTED_EDGE('',*,*,#643,.F.);
#1108=ORIENTED_EDGE('',*,*,#634,.T.);
#1109=ORIENTED_EDGE('',*,*,#624,.F.);
#1110=ORIENTED_EDGE('',*,*,#760,.F.);
#1111=ORIENTED_EDGE('',*,*,#607,.T.);
#1112=ORIENTED_EDGE('',*,*,#758,.F.);
#1113=ORIENTED_EDGE('',*,*,#719,.T.);
#1114=ORIENTED_EDGE('',*,*,#727,.T.);
#1115=ORIENTED_EDGE('',*,*,#628,.F.);
#1116=ORIENTED_EDGE('',*,*,#759,.F.);
#1117=ORIENTED_EDGE('',*,*,#608,.T.);
#1118=ORIENTED_EDGE('',*,*,#760,.T.);
#1119=CYLINDRICAL_SURFACE('',#1227,1.);
#1120=CYLINDRICAL_SURFACE('',#1230,1.);
#1121=CYLINDRICAL_SURFACE('',#1235,1.);
#1122=CYLINDRICAL_SURFACE('',#1238,10.8999984789735);
#1123=CYLINDRICAL_SURFACE('',#1241,1.);
#1124=CYLINDRICAL_SURFACE('',#1243,1.);
#1125=CYLINDRICAL_SURFACE('',#1249,1.);
#1126=CYLINDRICAL_SURFACE('',#1251,2.);
#1127=CYLINDRICAL_SURFACE('',#1254,2.);
#1128=CYLINDRICAL_SURFACE('',#1258,2.);
#1129=CYLINDRICAL_SURFACE('',#1261,2.);
#1130=CYLINDRICAL_SURFACE('',#1275,1.30000035499309);
#1131=CYLINDRICAL_SURFACE('',#1277,1.30000015945789);
#1132=CYLINDRICAL_SURFACE('',#1279,1.);
#1133=CYLINDRICAL_SURFACE('',#1287,1.);
#1134=CYLINDRICAL_SURFACE('',#1289,1.30000087074085);
#1135=CYLINDRICAL_SURFACE('',#1292,1.29999985915124);
#1136=CYLINDRICAL_SURFACE('',#1295,1.54999999004794);
#1137=CYLINDRICAL_SURFACE('',#1299,3.50000021199686);
#1138=CYLINDRICAL_SURFACE('',#1303,1.54999999004794);
#1139=CYLINDRICAL_SURFACE('',#1306,3.50000021199686);
#1140=CYLINDRICAL_SURFACE('',#1319,11.0000008007505);
#1141=ADVANCED_FACE('',(#76),#1119,.T.);
#1142=ADVANCED_FACE('',(#77),#1120,.T.);
#1143=ADVANCED_FACE('',(#78),#74,.T.);
#1144=ADVANCED_FACE('',(#79),#57,.F.);
#1145=ADVANCED_FACE('',(#80),#1121,.T.);
#1146=ADVANCED_FACE('',(#81),#58,.T.);
#1147=ADVANCED_FACE('',(#82),#1122,.F.);
#1148=ADVANCED_FACE('',(#83),#1123,.T.);
#1149=ADVANCED_FACE('',(#84),#1124,.T.);
#1150=ADVANCED_FACE('',(#85),#75,.T.);
#1151=ADVANCED_FACE('',(#86),#59,.T.);
#1152=ADVANCED_FACE('',(#87),#1125,.T.);
#1153=ADVANCED_FACE('',(#88),#60,.F.);
#1154=ADVANCED_FACE('',(#89),#1126,.F.);
#1155=ADVANCED_FACE('',(#90),#1127,.F.);
#1156=ADVANCED_FACE('',(#91),#61,.F.);
#1157=ADVANCED_FACE('',(#92),#1128,.F.);
#1158=ADVANCED_FACE('',(#93),#1129,.F.);
#1159=ADVANCED_FACE('',(#94),#62,.T.);
#1160=ADVANCED_FACE('',(#95),#29,.F.);
#1161=ADVANCED_FACE('',(#96),#30,.F.);
#1162=ADVANCED_FACE('',(#97),#31,.F.);
#1163=ADVANCED_FACE('',(#98),#32,.F.);
#1164=ADVANCED_FACE('',(#99),#33,.F.);
#1165=ADVANCED_FACE('',(#100),#34,.F.);
#1166=ADVANCED_FACE('',(#101),#35,.F.);
#1167=ADVANCED_FACE('',(#102),#36,.F.);
#1168=ADVANCED_FACE('',(#103),#37,.F.);
#1169=ADVANCED_FACE('',(#104),#38,.F.);
#1170=ADVANCED_FACE('',(#105),#39,.T.);
#1171=ADVANCED_FACE('',(#106),#40,.T.);
#1172=ADVANCED_FACE('',(#107),#41,.T.);
#1173=ADVANCED_FACE('',(#108),#42,.T.);
#1174=ADVANCED_FACE('',(#109,#15,#16),#26,.T.);
#1175=ADVANCED_FACE('',(#110),#1130,.F.);
#1176=ADVANCED_FACE('',(#111),#1131,.F.);
#1177=ADVANCED_FACE('',(#112),#1132,.T.);
#1178=ADVANCED_FACE('',(#113),#43,.F.);
#1179=ADVANCED_FACE('',(#114),#63,.T.);
#1180=ADVANCED_FACE('',(#115,#17,#18,#19,#20,#21),#64,.T.);
#1181=ADVANCED_FACE('',(#116),#1133,.T.);
#1182=ADVANCED_FACE('',(#117),#44,.F.);
#1183=ADVANCED_FACE('',(#118),#65,.T.);
#1184=ADVANCED_FACE('',(#119),#1134,.F.);
#1185=ADVANCED_FACE('',(#120),#66,.T.);
#1186=ADVANCED_FACE('',(#121),#1135,.F.);
#1187=ADVANCED_FACE('',(#122),#67,.T.);
#1188=ADVANCED_FACE('',(#123),#1136,.F.);
#1189=ADVANCED_FACE('',(#124),#68,.F.);
#1190=ADVANCED_FACE('',(#125),#1137,.T.);
#1191=ADVANCED_FACE('',(#126,#22),#69,.T.);
#1192=ADVANCED_FACE('',(#127),#1138,.F.);
#1193=ADVANCED_FACE('',(#128),#1139,.T.);
#1194=ADVANCED_FACE('',(#129),#70,.T.);
#1195=ADVANCED_FACE('',(#130,#23),#71,.F.);
#1196=ADVANCED_FACE('',(#131),#45,.F.);
#1197=ADVANCED_FACE('',(#132),#46,.F.);
#1198=ADVANCED_FACE('',(#133),#47,.F.);
#1199=ADVANCED_FACE('',(#134),#48,.F.);
#1200=ADVANCED_FACE('',(#135),#49,.F.);
#1201=ADVANCED_FACE('',(#136),#50,.F.);
#1202=ADVANCED_FACE('',(#137),#51,.F.);
#1203=ADVANCED_FACE('',(#138),#52,.T.);
#1204=ADVANCED_FACE('',(#139),#53,.F.);
#1205=ADVANCED_FACE('',(#140),#54,.T.);
#1206=ADVANCED_FACE('',(#141),#55,.T.);
#1207=ADVANCED_FACE('',(#142),#1140,.F.);
#1208=ADVANCED_FACE('',(#143),#56,.T.);
#1209=ADVANCED_FACE('',(#144),#27,.T.);
#1210=ADVANCED_FACE('',(#145),#72,.T.);
#1211=ADVANCED_FACE('',(#146,#24,#25),#73,.T.);
#1212=ADVANCED_FACE('',(#147),#28,.T.);
#1213=CLOSED_SHELL('',(#1141,#1142,#1143,#1144,#1145,#1146,#1147,#1148,
#1149,#1150,#1151,#1152,#1153,#1154,#1155,#1156,#1157,#1158,#1159,#1160,
#1161,#1162,#1163,#1164,#1165,#1166,#1167,#1168,#1169,#1170,#1171,#1172,
#1173,#1174,#1175,#1176,#1177,#1178,#1179,#1180,#1181,#1182,#1183,#1184,
#1185,#1186,#1187,#1188,#1189,#1190,#1191,#1192,#1193,#1194,#1195,#1196,
#1197,#1198,#1199,#1200,#1201,#1202,#1203,#1204,#1205,#1206,#1207,#1208,
#1209,#1210,#1211,#1212));
#1214=DERIVED_UNIT_ELEMENT(#1216,1.);
#1215=DERIVED_UNIT_ELEMENT(#5445,-3.);
#1216=(
MASS_UNIT()
NAMED_UNIT(*)
SI_UNIT(.KILO.,.GRAM.)
);
#1217=DERIVED_UNIT((#1214,#1215));
#1218=MEASURE_REPRESENTATION_ITEM('density measure',
POSITIVE_RATIO_MEASURE(7850.),#1217);
#1219=PROPERTY_DEFINITION_REPRESENTATION(#1224,#1221);
#1220=PROPERTY_DEFINITION_REPRESENTATION(#1225,#1222);
#1221=REPRESENTATION('material name',(#1223),#5442);
#1222=REPRESENTATION('density',(#1218),#5442);
#1223=DESCRIPTIVE_REPRESENTATION_ITEM('Steel','Steel');
#1224=PROPERTY_DEFINITION('material property','material name',#5452);
#1225=PROPERTY_DEFINITION('material property','density of part',#5452);
#1226=AXIS2_PLACEMENT_3D('',#1576,#1322,#1323);
#1227=AXIS2_PLACEMENT_3D('',#1577,#1324,#1325);
#1228=AXIS2_PLACEMENT_3D('',#1599,#1327,#1328);
#1229=AXIS2_PLACEMENT_3D('',#1602,#1330,#1331);
#1230=AXIS2_PLACEMENT_3D('',#1603,#1332,#1333);
#1231=AXIS2_PLACEMENT_3D('',#1618,#1335,#1336);
#1232=AXIS2_PLACEMENT_3D('',#1620,#1338,#1339);
#1233=AXIS2_PLACEMENT_3D('',#1621,#1340,#1341);
#1234=AXIS2_PLACEMENT_3D('',#1622,#1342,#1343);
#1235=AXIS2_PLACEMENT_3D('',#1700,#1352,#1353);
#1236=AXIS2_PLACEMENT_3D('',#1740,#1355,#1356);
#1237=AXIS2_PLACEMENT_3D('',#1742,#1357,#1358);
#1238=AXIS2_PLACEMENT_3D('',#1744,#1360,#1361);
#1239=AXIS2_PLACEMENT_3D('',#1792,#1363,#1364);
#1240=AXIS2_PLACEMENT_3D('',#1851,#1366,#1367);
#1241=AXIS2_PLACEMENT_3D('',#1941,#1368,#1369);
#1242=AXIS2_PLACEMENT_3D('',#1945,#1371,#1372);
#1243=AXIS2_PLACEMENT_3D('',#1947,#1374,#1375);
#1244=AXIS2_PLACEMENT_3D('',#1950,#1376,#1377);
#1245=AXIS2_PLACEMENT_3D('',#1953,#1379,#1380);
#1246=AXIS2_PLACEMENT_3D('',#1970,#1382,#1383);
#1247=AXIS2_PLACEMENT_3D('',#1971,#1384,#1385);
#1248=AXIS2_PLACEMENT_3D('',#1972,#1386,#1387);
#1249=AXIS2_PLACEMENT_3D('',#1976,#1390,#1391);
#1250=AXIS2_PLACEMENT_3D('',#2016,#1393,#1394);
#1251=AXIS2_PLACEMENT_3D('',#2130,#1402,#1403);
#1252=AXIS2_PLACEMENT_3D('',#2132,#1404,#1405);
#1253=AXIS2_PLACEMENT_3D('',#2134,#1406,#1407);
#1254=AXIS2_PLACEMENT_3D('',#2136,#1409,#1410);
#1255=AXIS2_PLACEMENT_3D('',#2138,#1411,#1412);
#1256=AXIS2_PLACEMENT_3D('',#2141,#1414,#1415);
#1257=AXIS2_PLACEMENT_3D('',#2142,#1416,#1417);
#1258=AXIS2_PLACEMENT_3D('',#2148,#1421,#1422);
#1259=AXIS2_PLACEMENT_3D('',#2150,#1423,#1424);
#1260=AXIS2_PLACEMENT_3D('',#2152,#1425,#1426);
#1261=AXIS2_PLACEMENT_3D('',#2154,#1428,#1429);
#1262=AXIS2_PLACEMENT_3D('',#2156,#1430,#1431);
#1263=AXIS2_PLACEMENT_3D('',#2159,#1433,#1434);
#1264=AXIS2_PLACEMENT_3D('',#2160,#1435,#1436);
#1265=AXIS2_PLACEMENT_3D('',#2232,#1440,#1441);
#1266=AXIS2_PLACEMENT_3D('',#2247,#1442,#1443);
#1267=AXIS2_PLACEMENT_3D('',#2269,#1444,#1445);
#1268=AXIS2_PLACEMENT_3D('',#2360,#1446,#1447);
#1269=AXIS2_PLACEMENT_3D('',#2412,#1448,#1449);
#1270=AXIS2_PLACEMENT_3D('',#2508,#1450,#1451);
#1271=AXIS2_PLACEMENT_3D('',#2530,#1452,#1453);
#1272=AXIS2_PLACEMENT_3D('',#2597,#1454,#1455);
#1273=AXIS2_PLACEMENT_3D('',#2654,#1456,#1457);
#1274=AXIS2_PLACEMENT_3D('',#2693,#1458,#1459);
#1275=AXIS2_PLACEMENT_3D('',#3672,#1461,#1462);
#1276=AXIS2_PLACEMENT_3D('',#3674,#1463,#1464);
#1277=AXIS2_PLACEMENT_3D('',#3676,#1466,#1467);
#1278=AXIS2_PLACEMENT_3D('',#3678,#1468,#1469);
#1279=AXIS2_PLACEMENT_3D('',#3680,#1471,#1472);
#1280=AXIS2_PLACEMENT_3D('',#3682,#1473,#1474);
#1281=AXIS2_PLACEMENT_3D('',#4222,#1476,#1477);
#1282=AXIS2_PLACEMENT_3D('',#4226,#1480,#1481);
#1283=AXIS2_PLACEMENT_3D('',#4228,#1483,#1484);
#1284=AXIS2_PLACEMENT_3D('',#4230,#1485,#1486);
#1285=AXIS2_PLACEMENT_3D('',#4232,#1487,#1488);
#1286=AXIS2_PLACEMENT_3D('',#4234,#1489,#1490);
#1287=AXIS2_PLACEMENT_3D('',#4235,#1491,#1492);
#1288=AXIS2_PLACEMENT_3D('',#4584,#1493,#1494);
#1289=AXIS2_PLACEMENT_3D('',#4586,#1496,#1497);
#1290=AXIS2_PLACEMENT_3D('',#4589,#1499,#1500);
#1291=AXIS2_PLACEMENT_3D('',#4590,#1501,#1502);
#1292=AXIS2_PLACEMENT_3D('',#4591,#1503,#1504);
#1293=AXIS2_PLACEMENT_3D('',#4594,#1506,#1507);
#1294=AXIS2_PLACEMENT_3D('',#4595,#1508,#1509);
#1295=AXIS2_PLACEMENT_3D('',#4596,#1510,#1511);
#1296=AXIS2_PLACEMENT_3D('',#4598,#1512,#1513);
#1297=AXIS2_PLACEMENT_3D('',#4601,#1515,#1516);
#1298=AXIS2_PLACEMENT_3D('',#4602,#1517,#1518);
#1299=AXIS2_PLACEMENT_3D('',#4608,#1522,#1523);
#1300=AXIS2_PLACEMENT_3D('',#4609,#1524,#1525);
#1301=AXIS2_PLACEMENT_3D('',#4610,#1526,#1527);
#1302=AXIS2_PLACEMENT_3D('',#4611,#1528,#1529);
#1303=AXIS2_PLACEMENT_3D('',#4612,#1530,#1531);
#1304=AXIS2_PLACEMENT_3D('',#4614,#1532,#1533);
#1305=AXIS2_PLACEMENT_3D('',#4617,#1535,#1536);
#1306=AXIS2_PLACEMENT_3D('',#4618,#1537,#1538);
#1307=AXIS2_PLACEMENT_3D('',#4620,#1539,#1540);
#1308=AXIS2_PLACEMENT_3D('',#4622,#1541,#1542);
#1309=AXIS2_PLACEMENT_3D('',#4624,#1544,#1545);
#1310=AXIS2_PLACEMENT_3D('',#4627,#1548,#1549);
#1311=AXIS2_PLACEMENT_3D('',#4645,#1550,#1551);
#1312=AXIS2_PLACEMENT_3D('',#4651,#1552,#1553);
#1313=AXIS2_PLACEMENT_3D('',#4669,#1554,#1555);
#1314=AXIS2_PLACEMENT_3D('',#4675,#1556,#1557);
#1315=AXIS2_PLACEMENT_3D('',#4781,#1558,#1559);
#1316=AXIS2_PLACEMENT_3D('',#4787,#1560,#1561);
#1317=AXIS2_PLACEMENT_3D('',#4806,#1562,#1563);
#1318=AXIS2_PLACEMENT_3D('',#4812,#1564,#1565);
#1319=AXIS2_PLACEMENT_3D('',#5303,#1566,#1567);
#1320=AXIS2_PLACEMENT_3D('',#5396,#1570,#1571);
#1321=AXIS2_PLACEMENT_3D('',#5398,#1573,#1574);
#1322=DIRECTION('axis',(0.,0.,1.));
#1323=DIRECTION('refdir',(1.,0.,0.));
#1324=DIRECTION('center_axis',(0.,0.,1.));
#1325=DIRECTION('ref_axis',(-0.707106781186548,0.707106781186548,0.));
#1326=DIRECTION('',(0.,0.,-1.));
#1327=DIRECTION('center_axis',(0.,0.,1.));
#1328=DIRECTION('ref_axis',(0.,1.,0.));
#1329=DIRECTION('',(0.,0.,1.));
#1330=DIRECTION('center_axis',(0.,0.,-1.));
#1331=DIRECTION('ref_axis',(-0.707106781186548,0.707106781186548,0.));
#1332=DIRECTION('center_axis',(1.,0.,0.));
#1333=DIRECTION('ref_axis',(0.,0.707106781186549,-0.707106781186546));
#1334=DIRECTION('',(-1.,0.,0.));
#1335=DIRECTION('center_axis',(1.,0.,0.));
#1336=DIRECTION('ref_axis',(0.,-5.5511151231258E-16,-1.));
#1337=DIRECTION('',(1.,0.,0.));
#1338=DIRECTION('center_axis',(-0.816496580927727,-0.408248290463865,0.40824829046386));
#1339=DIRECTION('ref_axis',(-0.577350269189627,0.577350269189628,-0.577350269189623));
#1340=DIRECTION('center_axis',(0.,1.,0.));
#1341=DIRECTION('ref_axis',(-0.707106781186549,0.,-0.707106781186546));
#1342=DIRECTION('center_axis',(1.,0.,0.));
#1343=DIRECTION('ref_axis',(0.,0.,-1.));
#1344=DIRECTION('',(0.,1.,0.));
#1345=DIRECTION('',(0.,1.,0.));
#1346=DIRECTION('',(0.,0.,-1.));
#1347=DIRECTION('',(0.,-1.,0.));
#1348=DIRECTION('',(0.,0.,1.));
#1349=DIRECTION('',(0.,1.,0.));
#1350=DIRECTION('',(0.,0.,-1.));
#1351=DIRECTION('',(0.,-1.,0.));
#1352=DIRECTION('center_axis',(0.,1.,0.));
#1353=DIRECTION('ref_axis',(-0.707106781186549,0.,-0.707106781186546));
#1354=DIRECTION('',(0.,-1.,0.));
#1355=DIRECTION('center_axis',(0.,0.,-1.));
#1356=DIRECTION('ref_axis',(0.,1.,0.));
#1357=DIRECTION('center_axis',(0.,0.,1.));
#1358=DIRECTION('ref_axis',(-1.,0.,0.));
#1359=DIRECTION('',(1.,0.,0.));
#1360=DIRECTION('center_axis',(0.,0.,-1.));
#1361=DIRECTION('ref_axis',(-6.12323399573677E-17,-1.,0.));
#1362=DIRECTION('',(0.,0.,-1.));
#1363=DIRECTION('center_axis',(0.,0.,-1.));
#1364=DIRECTION('ref_axis',(-1.,0.,0.));
#1365=DIRECTION('',(0.,0.,1.));
#1366=DIRECTION('center_axis',(0.,0.,1.));
#1367=DIRECTION('ref_axis',(-1.,0.,0.));
#1368=DIRECTION('center_axis',(1.,0.,0.));
#1369=DIRECTION('ref_axis',(0.,0.707106781186549,-0.707106781186546));
#1370=DIRECTION('',(1.,0.,0.));
#1371=DIRECTION('center_axis',(-1.,0.,0.));
#1372=DIRECTION('ref_axis',(0.,1.,0.));
#1373=DIRECTION('',(-1.,0.,0.));
#1374=DIRECTION('center_axis',(0.,0.,-1.));
#1375=DIRECTION('ref_axis',(0.707106781186548,0.707106781186548,0.));
#1376=DIRECTION('center_axis',(0.,0.,-1.));
#1377=DIRECTION('ref_axis',(0.707106781186548,0.707106781186548,0.));
#1378=DIRECTION('',(0.,0.,-1.));
#1379=DIRECTION('center_axis',(0.,0.,1.));
#1380=DIRECTION('ref_axis',(1.,0.,0.));
#1381=DIRECTION('',(0.,0.,1.));
#1382=DIRECTION('center_axis',(-0.816496580927727,0.408248290463865,-0.40824829046386));
#1383=DIRECTION('ref_axis',(0.577350269189627,0.577350269189628,-0.577350269189623));
#1384=DIRECTION('center_axis',(0.,1.,0.));
#1385=DIRECTION('ref_axis',(0.707106781186549,0.,-0.707106781186546));
#1386=DIRECTION('center_axis',(0.,0.,-1.));
#1387=DIRECTION('ref_axis',(0.,1.,0.));
#1388=DIRECTION('',(0.,1.,0.));
#1389=DIRECTION('',(1.,0.,0.));
#1390=DIRECTION('center_axis',(0.,-1.,0.));
#1391=DIRECTION('ref_axis',(0.707106781186549,0.,-0.707106781186546));
#1392=DIRECTION('',(0.,-1.,0.));
#1393=DIRECTION('center_axis',(-1.,0.,0.));
#1394=DIRECTION('ref_axis',(0.,0.,1.));
#1395=DIRECTION('',(0.,1.,0.));
#1396=DIRECTION('',(0.,0.,1.));
#1397=DIRECTION('',(0.,-1.,0.));
#1398=DIRECTION('',(0.,0.,-1.));
#1399=DIRECTION('',(0.,1.,0.));
#1400=DIRECTION('',(0.,0.,1.));
#1401=DIRECTION('',(0.,-1.,0.));
#1402=DIRECTION('center_axis',(0.,0.,-1.));
#1403=DIRECTION('ref_axis',(-0.707106781186548,-0.707106781186547,0.));
#1404=DIRECTION('center_axis',(0.,0.,-1.));
#1405=DIRECTION('ref_axis',(-0.707106781186548,-0.707106781186547,0.));
#1406=DIRECTION('center_axis',(0.,0.,1.));
#1407=DIRECTION('ref_axis',(-0.707106781186548,-0.707106781186547,0.));
#1408=DIRECTION('',(0.,0.,-1.));
#1409=DIRECTION('center_axis',(0.,0.,1.));
#1410=DIRECTION('ref_axis',(0.707106781186548,-0.707106781186547,0.));
#1411=DIRECTION('center_axis',(0.,0.,-1.));
#1412=DIRECTION('ref_axis',(0.707106781186548,-0.707106781186547,0.));
#1413=DIRECTION('',(0.,0.,1.));
#1414=DIRECTION('center_axis',(0.,0.,1.));
#1415=DIRECTION('ref_axis',(0.707106781186548,-0.707106781186547,0.));
#1416=DIRECTION('center_axis',(5.77803576675163E-17,-1.,0.));
#1417=DIRECTION('ref_axis',(-1.,-5.77803576675163E-17,0.));
#1418=DIRECTION('',(-1.,-5.77803576675163E-17,0.));
#1419=DIRECTION('',(0.,0.,-1.));
#1420=DIRECTION('',(1.,5.77803576675163E-17,0.));
#1421=DIRECTION('center_axis',(0.,0.,-1.));
#1422=DIRECTION('ref_axis',(0.954829553361069,0.297154040908586,0.));
#1423=DIRECTION('center_axis',(0.,0.,-1.));
#1424=DIRECTION('ref_axis',(0.954829553361069,0.297154040908586,0.));
#1425=DIRECTION('center_axis',(0.,0.,1.));
#1426=DIRECTION('ref_axis',(0.954829553361069,0.297154040908586,0.));
#1427=DIRECTION('',(0.,0.,-1.));
#1428=DIRECTION('center_axis',(0.,0.,1.));
#1429=DIRECTION('ref_axis',(-0.954829553361069,0.297154040908586,0.));
#1430=DIRECTION('center_axis',(0.,0.,-1.));
#1431=DIRECTION('ref_axis',(-0.954829553361069,0.297154040908586,0.));
#1432=DIRECTION('',(0.,0.,1.));
#1433=DIRECTION('center_axis',(0.,0.,1.));
#1434=DIRECTION('ref_axis',(-0.954829553361069,0.297154040908586,0.));
#1435=DIRECTION('center_axis',(0.823398951943396,-0.567462920320364,0.));
#1436=DIRECTION('ref_axis',(-0.567462920320364,-0.823398951943396,0.));
#1437=DIRECTION('',(-0.567462920320364,-0.823398951943396,0.));
#1438=DIRECTION('',(0.,0.,-1.));
#1439=DIRECTION('',(-0.567462920320364,-0.823398951943396,0.));
#1440=DIRECTION('center_axis',(0.626853199731179,0.693430548858536,0.355259257298851));
#1441=DIRECTION('ref_axis',(-0.741821167618949,0.670597759668536,0.));
#1442=DIRECTION('center_axis',(-0.00882054603391409,-0.0180458934401029,
-0.999798251497577));
#1443=DIRECTION('ref_axis',(-0.999640371852552,-0.0251621250898715,0.00927331782336615));
#1444=DIRECTION('center_axis',(0.00911570923014232,0.0186430652183437,-0.999784646793746));
#1445=DIRECTION('ref_axis',(-0.999722653487535,-0.0215417262215078,-0.00951683430762351));
#1446=DIRECTION('center_axis',(0.722710088607291,0.690662555881664,-0.0259877226445239));
#1447=DIRECTION('ref_axis',(-0.158277127858617,0.128785811423676,-0.978959940739545));
#1448=DIRECTION('center_axis',(0.72271005745688,-0.690662585212627,0.0259878094129515));
#1449=DIRECTION('ref_axis',(0.15827711592306,0.128785662529322,-0.978959962256865));
#1450=DIRECTION('center_axis',(0.0091157143673987,-0.0186430761585691,0.999784646542903));
#1451=DIRECTION('ref_axis',(0.999722649667726,-0.0215418997046579,-0.00951684288279964));
#1452=DIRECTION('center_axis',(-0.0088205488636228,0.0180458997032814,0.999798251359565));
#1453=DIRECTION('ref_axis',(0.999640366155801,-0.0251623488381536,0.00927332479983001));
#1454=DIRECTION('center_axis',(-0.626853164410874,0.693430592743557,0.355259233962178));
#1455=DIRECTION('ref_axis',(0.354871132759281,-0.151820026929898,0.922505912478153));
#1456=DIRECTION('center_axis',(-0.704015893107094,0.663671283414639,0.252788547650773));
#1457=DIRECTION('ref_axis',(0.132072159961975,-0.227388354318503,0.964806447368228));
#1458=DIRECTION('center_axis',(0.704015916430415,0.663671231759047,0.252788618311966));
#1459=DIRECTION('ref_axis',(-0.685949831566203,0.727648836028958,-2.66453525910036E-14));
#1460=DIRECTION('',(1.,0.,0.));
#1461=DIRECTION('center_axis',(0.,1.,0.));
#1462=DIRECTION('ref_axis',(1.,0.,0.));
#1463=DIRECTION('center_axis',(0.,1.,0.));
#1464=DIRECTION('ref_axis',(1.,0.,0.));
#1465=DIRECTION('',(0.,1.,0.));
#1466=DIRECTION('center_axis',(0.,1.,0.));
#1467=DIRECTION('ref_axis',(1.,0.,0.));
#1468=DIRECTION('center_axis',(0.,1.,0.));
#1469=DIRECTION('ref_axis',(1.,0.,0.));
#1470=DIRECTION('',(0.,1.,0.));
#1471=DIRECTION('center_axis',(0.,-1.,0.));
#1472=DIRECTION('ref_axis',(0.707106781186549,0.,-0.707106781186546));
#1473=DIRECTION('center_axis',(0.,1.,0.));
#1474=DIRECTION('ref_axis',(0.707106781186549,0.,-0.707106781186546));
#1475=DIRECTION('',(0.,1.,0.));
#1476=DIRECTION('center_axis',(0.,0.,-1.));
#1477=DIRECTION('ref_axis',(0.,1.,0.));
#1478=DIRECTION('',(1.,0.,0.));
#1479=DIRECTION('',(0.,-1.,0.));
#1480=DIRECTION('center_axis',(0.,-1.,0.));
#1481=DIRECTION('ref_axis',(0.,0.,-1.));
#1482=DIRECTION('',(-1.,0.,0.));
#1483=DIRECTION('center_axis',(0.,1.,0.));
#1484=DIRECTION('ref_axis',(-0.707106781186549,0.,-0.707106781186546));
#1485=DIRECTION('center_axis',(0.,1.,0.));
#1486=DIRECTION('ref_axis',(1.,0.,0.));
#1487=DIRECTION('center_axis',(0.,1.,0.));
#1488=DIRECTION('ref_axis',(1.,0.,0.));
#1489=DIRECTION('center_axis',(0.,1.,0.));
#1490=DIRECTION('ref_axis',(1.,0.,0.));
#1491=DIRECTION('center_axis',(0.,1.,0.));
#1492=DIRECTION('ref_axis',(-0.707106781186549,0.,-0.707106781186546));
#1493=DIRECTION('center_axis',(0.,1.,0.));
#1494=DIRECTION('ref_axis',(0.,0.,1.));
#1495=DIRECTION('',(1.,0.,0.));
#1496=DIRECTION('center_axis',(0.,1.,0.));
#1497=DIRECTION('ref_axis',(1.,0.,0.));
#1498=DIRECTION('',(0.,1.,0.));
#1499=DIRECTION('center_axis',(0.,1.,0.));
#1500=DIRECTION('ref_axis',(1.,0.,0.));
#1501=DIRECTION('center_axis',(0.,-1.,0.));
#1502=DIRECTION('ref_axis',(1.,0.,0.));
#1503=DIRECTION('center_axis',(0.,1.,0.));
#1504=DIRECTION('ref_axis',(1.,0.,0.));
#1505=DIRECTION('',(0.,1.,0.));
#1506=DIRECTION('center_axis',(0.,1.,0.));
#1507=DIRECTION('ref_axis',(1.,0.,0.));
#1508=DIRECTION('center_axis',(0.,-1.,0.));
#1509=DIRECTION('ref_axis',(1.,0.,0.));
#1510=DIRECTION('center_axis',(0.,0.,1.));
#1511=DIRECTION('ref_axis',(1.,0.,0.));
#1512=DIRECTION('center_axis',(0.,0.,-1.));
#1513=DIRECTION('ref_axis',(1.,0.,0.));
#1514=DIRECTION('',(0.,0.,-1.));
#1515=DIRECTION('center_axis',(0.,0.,1.));
#1516=DIRECTION('ref_axis',(1.,0.,0.));
#1517=DIRECTION('center_axis',(0.823398951943396,0.567462920320364,0.));
#1518=DIRECTION('ref_axis',(0.567462920320364,-0.823398951943396,0.));
#1519=DIRECTION('',(0.567462920320364,-0.823398951943396,0.));
#1520=DIRECTION('',(0.,0.,-1.));
#1521=DIRECTION('',(0.567462920320364,-0.823398951943396,0.));
#1522=DIRECTION('center_axis',(0.,0.,1.));
#1523=DIRECTION('ref_axis',(-0.885286089442381,0.465046814675488,0.));
#1524=DIRECTION('center_axis',(0.,0.,-1.));
#1525=DIRECTION('ref_axis',(1.,0.,0.));
#1526=DIRECTION('center_axis',(0.,0.,1.));
#1527=DIRECTION('ref_axis',(1.,0.,0.));
#1528=DIRECTION('center_axis',(0.,0.,-1.));
#1529=DIRECTION('ref_axis',(1.,0.,0.));
#1530=DIRECTION('center_axis',(0.,0.,-1.));
#1531=DIRECTION('ref_axis',(-1.,0.,0.));
#1532=DIRECTION('center_axis',(0.,0.,-1.));
#1533=DIRECTION('ref_axis',(-1.,0.,0.));
#1534=DIRECTION('',(0.,0.,-1.));
#1535=DIRECTION('center_axis',(0.,0.,1.));
#1536=DIRECTION('ref_axis',(-1.,0.,0.));
#1537=DIRECTION('center_axis',(0.,0.,-1.));
#1538=DIRECTION('ref_axis',(0.885286089442381,0.465046814675488,0.));
#1539=DIRECTION('center_axis',(0.,0.,1.));
#1540=DIRECTION('ref_axis',(-1.,0.,0.));
#1541=DIRECTION('center_axis',(0.,0.,-1.));
#1542=DIRECTION('ref_axis',(-1.,0.,0.));
#1543=DIRECTION('',(0.,0.,-1.));
#1544=DIRECTION('center_axis',(5.77803576675163E-17,1.,0.));
#1545=DIRECTION('ref_axis',(1.,-5.77803576675163E-17,0.));
#1546=DIRECTION('',(-1.,5.77803576675163E-17,0.));
#1547=DIRECTION('',(1.,-5.77803576675163E-17,0.));
#1548=DIRECTION('center_axis',(0.,0.,1.));
#1549=DIRECTION('ref_axis',(-1.,0.,0.));
#1550=DIRECTION('center_axis',(0.602281791644541,0.0142326513435791,-0.798156673272344));
#1551=DIRECTION('ref_axis',(-0.798237526202102,0.,-0.602342802532535));
#1552=DIRECTION('center_axis',(-0.602852870898945,-0.00654421493962572,
0.797825538134575));
#1553=DIRECTION('ref_axis',(-0.7842132045612,0.188966735050147,-0.591017108750958));
#1554=DIRECTION('center_axis',(0.602853046106843,-0.00654421274217296,0.797825405761991));
#1555=DIRECTION('ref_axis',(0.79784249043355,0.,-0.602865955630927));
#1556=DIRECTION('center_axis',(-0.602281967204601,0.0142326544562583,-0.798156540740777));
#1557=DIRECTION('ref_axis',(0.785536555129345,0.18852920335417,-0.589397200568653));
#1558=DIRECTION('center_axis',(0.601199767902581,0.00341039186663771,0.799091489318462));
#1559=DIRECTION('ref_axis',(-0.797492563410448,0.0659319589028173,0.599715422596643));
#1560=DIRECTION('center_axis',(-0.601301526092874,0.000795025912995361,
-0.799021803615007));
#1561=DIRECTION('ref_axis',(-0.799022056132465,0.,0.60130171612415));
#1562=DIRECTION('center_axis',(0.601301549749884,0.000795015583437198,-0.799021785822271));
#1563=DIRECTION('ref_axis',(0.797252133061736,0.0659284042065723,0.600035400495077));
#1564=DIRECTION('center_axis',(-0.601199791588027,0.00341040826634515,0.799091471428628));
#1565=DIRECTION('ref_axis',(0.799096118539488,0.,0.601203287861207));
#1566=DIRECTION('center_axis',(0.,1.,0.));
#1567=DIRECTION('ref_axis',(1.,0.,0.));
#1568=DIRECTION('',(0.,1.,0.));
#1569=DIRECTION('',(1.,0.,0.));
#1570=DIRECTION('center_axis',(0.,1.,0.));
#1571=DIRECTION('ref_axis',(0.,0.,1.));
#1572=DIRECTION('',(1.,0.,0.));
#1573=DIRECTION('center_axis',(0.,0.,1.));
#1574=DIRECTION('ref_axis',(0.,-1.,0.));
#1575=DIRECTION('',(1.,0.,0.));
#1576=CARTESIAN_POINT('',(0.,0.,0.));
#1577=CARTESIAN_POINT('Origin',(-11.5,4.,49.375));
#1578=CARTESIAN_POINT('',(-11.9787491410867,4.87795174121857,57.2499990463257));
#1579=CARTESIAN_POINT('',(-11.5,5.,56.6567659378052));
#1580=CARTESIAN_POINT('Ctrl Pts',(-11.9787491410867,4.87795174121857,57.2499990463257));
#1581=CARTESIAN_POINT('Ctrl Pts',(-11.8644683017864,4.94026935059166,57.0992737857772));
#1582=CARTESIAN_POINT('Ctrl Pts',(-11.8198776195503,4.95770582630388,57.1151797867999));
#1583=CARTESIAN_POINT('Ctrl Pts',(-11.6538754166338,4.98851914708565,56.8213021932036));
#1584=CARTESIAN_POINT('Ctrl Pts',(-11.6256434458674,4.99249354720726,56.7696355475592));
#1585=CARTESIAN_POINT('Ctrl Pts',(-11.5843538721834,4.99651653980473,56.7121159669637));
#1586=CARTESIAN_POINT('Ctrl Pts',(-11.5711893725326,4.99755737605793,56.696149229177));
#1587=CARTESIAN_POINT('Ctrl Pts',(-11.54844335169,4.99886691989258,56.6754298846605));
#1588=CARTESIAN_POINT('Ctrl Pts',(-11.538161826146,4.99933448285968,56.6677969373204));
#1589=CARTESIAN_POINT('Ctrl Pts',(-11.5219307462773,4.99977211489733,56.6605673816355));
#1590=CARTESIAN_POINT('Ctrl Pts',(-11.5167149068052,4.99987490579915,56.6588545432362));
#1591=CARTESIAN_POINT('Ctrl Pts',(-11.5078696394776,4.9999749533161,56.6571850450249));
#1592=CARTESIAN_POINT('Ctrl Pts',(-11.5044007607705,4.99999644556137,56.6568253782272));
#1593=CARTESIAN_POINT('Ctrl Pts',(-11.5005995972763,4.9999998652555,56.6567681911646));
#1594=CARTESIAN_POINT('Ctrl Pts',(-11.5002997169463,5.,56.6567659378052));
#1595=CARTESIAN_POINT('Ctrl Pts',(-11.5,5.,56.6567659378052));
#1596=CARTESIAN_POINT('',(-11.5,5.,42.5000009536743));
#1597=CARTESIAN_POINT('',(-11.5,5.,49.375));
#1598=CARTESIAN_POINT('',(-12.5,4.,42.5000009536743));
#1599=CARTESIAN_POINT('Origin',(-11.5,4.,42.5000009536743));
#1600=CARTESIAN_POINT('',(-12.5,4.,57.2499990463257));
#1601=CARTESIAN_POINT('',(-12.5,4.,49.375));
#1602=CARTESIAN_POINT('Origin',(-11.5,4.,57.2499990463257));
#1603=CARTESIAN_POINT('Origin',(0.,4.,42.5000009536743));
#1604=CARTESIAN_POINT('',(-9.68555266964094,5.,42.5000009536743));
#1605=CARTESIAN_POINT('',(-10.1395230491168,4.,41.5000009536743));
#1606=CARTESIAN_POINT('Ctrl Pts',(-9.68555266964094,5.,42.5000009536743));
#1607=CARTESIAN_POINT('Ctrl Pts',(-9.68555266964094,5.,42.371301198347));
#1608=CARTESIAN_POINT('Ctrl Pts',(-9.69930422261577,4.97360888878253,42.2356254121278));
#1609=CARTESIAN_POINT('Ctrl Pts',(-9.75163213223857,4.87021130554655,41.9895687184243));
#1610=CARTESIAN_POINT('Ctrl Pts',(-9.78995856781581,4.79330518377972,41.8790925750809));
#1611=CARTESIAN_POINT('Ctrl Pts',(-9.87438342873055,4.61697596698915,41.7027633582904));
#1612=CARTESIAN_POINT('Ctrl Pts',(-9.92675699280955,4.50415918831841,41.6262123292715));
#1613=CARTESIAN_POINT('Ctrl Pts',(-10.0346866570465,4.25828808266328,41.5248238782945));
#1614=CARTESIAN_POINT('Ctrl Pts',(-10.0901391585827,4.12518231478344,41.5000009536743));
#1615=CARTESIAN_POINT('Ctrl Pts',(-10.1395230491168,4.,41.5000009536743));
#1616=CARTESIAN_POINT('',(-11.5,4.,41.5000009536743));
#1617=CARTESIAN_POINT('',(0.,4.,41.5000009536743));
#1618=CARTESIAN_POINT('Origin',(-11.5,4.,42.5000009536743));
#1619=CARTESIAN_POINT('',(0.,5.,42.5000009536743));
#1620=CARTESIAN_POINT('Origin',(-11.5,4.,42.5000009536743));
#1621=CARTESIAN_POINT('Origin',(-11.5,4.,42.5000009536743));
#1622=CARTESIAN_POINT('Origin',(-12.5,-17.0000004768372,57.2499990463257));
#1623=CARTESIAN_POINT('',(-12.5,-7.00692919142125,42.5000009536743));
#1624=CARTESIAN_POINT('',(-12.5,-12.0000001788139,42.5000009536743));
#1625=CARTESIAN_POINT('',(-12.5,-15.0116071093824,33.2500014305115));
#1626=CARTESIAN_POINT('Ctrl Pts',(-12.5,-15.0116071043452,33.2500012280958));
#1627=CARTESIAN_POINT('Ctrl Pts',(-12.5,-14.9574326688326,33.2513493804468));
#1628=CARTESIAN_POINT('Ctrl Pts',(-12.5,-14.8459679287761,33.256966457967));
#1629=CARTESIAN_POINT('Ctrl Pts',(-12.5,-14.6774617530508,33.2757129275286));
#1630=CARTESIAN_POINT('Ctrl Pts',(-12.5,-14.5074955701041,33.3074872509373));
#1631=CARTESIAN_POINT('Ctrl Pts',(-12.5,-14.2859942018071,33.3726223023812));
#1632=CARTESIAN_POINT('Ctrl Pts',(-12.5,-14.0253883854032,33.4962247284066));
#1633=CARTESIAN_POINT('Ctrl Pts',(-12.5000000000001,-13.8090823494615,33.6400765373164));
#1634=CARTESIAN_POINT('Ctrl Pts',(-12.5000000000001,-13.6867419412054,33.7408062493879));
#1635=CARTESIAN_POINT('Ctrl Pts',(-12.5000000000001,-13.6435980815071,33.7788542186309));
#1636=CARTESIAN_POINT('Ctrl Pts',(-12.5000000000001,-13.5802193983228,33.8373729577879));
#1637=CARTESIAN_POINT('Ctrl Pts',(-12.5000000000001,-13.5104479805995,33.9099832293091));
#1638=CARTESIAN_POINT('Ctrl Pts',(-12.5000000000001,-13.4370797339438,33.99885405873));
#1639=CARTESIAN_POINT('Ctrl Pts',(-12.5000000000001,-13.3680796602786,34.0913176805567));
#1640=CARTESIAN_POINT('Ctrl Pts',(-12.5000000000001,-13.2896103264814,34.2127599748393));
#1641=CARTESIAN_POINT('Ctrl Pts',(-12.5000000000001,-13.2065592610711,34.3642880729584));
#1642=CARTESIAN_POINT('Ctrl Pts',(-12.5000000000001,-13.1317332260234,34.5200333342726));
#1643=CARTESIAN_POINT('Ctrl Pts',(-12.5000000000001,-13.0863165230478,34.6572142423947));
#1644=CARTESIAN_POINT('Ctrl Pts',(-12.5000000000001,-13.059663729819,34.7695303423952));
#1645=CARTESIAN_POINT('Ctrl Pts',(-12.5000000000001,-13.0367110712842,34.8826443593521));
#1646=CARTESIAN_POINT('Ctrl Pts',(-12.5000000000001,-13.0186500645595,34.9966545208003));
#1647=CARTESIAN_POINT('Ctrl Pts',(-12.5000000000001,-13.0067858022756,35.0967925018774));
#1648=CARTESIAN_POINT('Ctrl Pts',(-12.5000000000001,-13.002245940813,35.1469655288515));
#1649=CARTESIAN_POINT('Ctrl Pts',(-12.5000000000001,-13.0003897784514,35.1720774486791));
#1650=CARTESIAN_POINT('Ctrl Pts',(-12.5000000000001,-12.999467929189,35.1864341119057));
#1651=CARTESIAN_POINT('Ctrl Pts',(-12.5000000000001,-12.9956721389495,35.2510653353564));
#1652=CARTESIAN_POINT('Ctrl Pts',(-12.5000000000001,-12.9965980491134,35.3698208980991));
#1653=CARTESIAN_POINT('Ctrl Pts',(-12.5000000000001,-13.0010392682503,35.5133312785598));
#1654=CARTESIAN_POINT('Ctrl Pts',(-12.5000000000001,-13.0039053580072,35.6281899024643));
#1655=CARTESIAN_POINT('Ctrl Pts',(-12.5000000000001,-13.0054844418969,35.7000145969963));
#1656=CARTESIAN_POINT('Ctrl Pts',(-12.5000000000001,-13.0065214877775,35.7575110342576));
#1657=CARTESIAN_POINT('Ctrl Pts',(-12.5000000000001,-13.0071991866531,35.8006497385583));
#1658=CARTESIAN_POINT('Ctrl Pts',(-12.5000000000001,-13.0077632673045,35.8438047834959));
#1659=CARTESIAN_POINT('Ctrl Pts',(-12.5000000000001,-13.0092665204765,35.9877019879152));
#1660=CARTESIAN_POINT('Ctrl Pts',(-12.5000000000001,-13.0088226777602,36.2326213096868));
#1661=CARTESIAN_POINT('Ctrl Pts',(-12.5000000000001,-13.0010262017173,36.520153768686));
#1662=CARTESIAN_POINT('Ctrl Pts',(-12.5000000000001,-12.989372642095,36.7500599831721));
#1663=CARTESIAN_POINT('Ctrl Pts',(-12.5000000000001,-12.9775520060639,36.9225259165539));
#1664=CARTESIAN_POINT('Ctrl Pts',(-12.5000000000001,-12.9622876703915,37.0949460421121));
#1665=CARTESIAN_POINT('Ctrl Pts',(-12.5,-12.9368136847509,37.3245512271678));
#1666=CARTESIAN_POINT('Ctrl Pts',(-12.5,-12.8775842189969,37.7248990187192));
#1667=CARTESIAN_POINT('Ctrl Pts',(-12.5,-12.7447576466037,38.2870920514595));
#1668=CARTESIAN_POINT('Ctrl Pts',(-12.5,-12.5005909713897,38.931963494512));
#1669=CARTESIAN_POINT('Ctrl Pts',(-12.5,-12.1768164661061,39.5451209836873));
#1670=CARTESIAN_POINT('Ctrl Pts',(-12.5,-11.7966078572611,40.1245775835987));
#1671=CARTESIAN_POINT('Ctrl Pts',(-12.5,-11.4280727577717,40.5653435045787));
#1672=CARTESIAN_POINT('Ctrl Pts',(-12.5,-11.0956773099693,40.884616042497));
#1673=CARTESIAN_POINT('Ctrl Pts',(-12.5,-10.7456480979378,41.1858043197181));
#1674=CARTESIAN_POINT('Ctrl Pts',(-12.5,-10.2846475002915,41.5343210785606));
#1675=CARTESIAN_POINT('Ctrl Pts',(-12.5,-9.68922673985563,41.883504368439));
#1676=CARTESIAN_POINT('Ctrl Pts',(-12.5,-9.04784945501285,42.1440621938093));
#1677=CARTESIAN_POINT('Ctrl Pts',(-12.5,-8.38680182793461,42.3478959339364));
#1678=CARTESIAN_POINT('Ctrl Pts',(-12.5,-7.82013314863683,42.4508659967633));
#1679=CARTESIAN_POINT('Ctrl Pts',(-12.5,-7.41688123724468,42.4842764392014));
#1680=CARTESIAN_POINT('Ctrl Pts',(-12.5,-7.21523769233037,42.494588240301));
#1681=CARTESIAN_POINT('Ctrl Pts',(-12.5,-7.11467597011385,42.4978515526819));
#1682=CARTESIAN_POINT('Ctrl Pts',(-12.5,-7.05708424348136,42.4992141203692));
#1683=CARTESIAN_POINT('Ctrl Pts',(-12.5,-7.02825151389677,42.499705293366));
#1684=CARTESIAN_POINT('Ctrl Pts',(-12.5,-7.01154873624314,42.4999369471534));
#1685=CARTESIAN_POINT('Ctrl Pts',(-12.5,-7.00923896167312,42.4999689449806));
#1686=CARTESIAN_POINT('Ctrl Pts',(-12.5,-7.00692919148515,42.5000009582853));
#1687=CARTESIAN_POINT('',(-12.5,-17.0000004768372,33.2500014305115));
#1688=CARTESIAN_POINT('',(-12.5,-17.0000004768372,33.2500014305115));
#1689=CARTESIAN_POINT('',(-12.5,-17.0000004768372,57.2499990463257));
#1690=CARTESIAN_POINT('',(-12.5,-17.0000004768372,57.2499990463257));
#1691=CARTESIAN_POINT('',(-12.5,-15.1224236933423,57.2499990463257));
#1692=CARTESIAN_POINT('',(-12.5,-6.0610243678093,57.2499990463257));
#1693=CARTESIAN_POINT('',(-12.5,-15.1224236933423,55.2499990463257));
#1694=CARTESIAN_POINT('',(-12.5,-15.1224236933423,57.2499990463257));
#1695=CARTESIAN_POINT('',(-12.5,2.39542502495394,55.2499990463257));
#1696=CARTESIAN_POINT('',(-12.5,-12.0261441013894,55.2499990463257));
#1697=CARTESIAN_POINT('',(-12.5,2.39542502495394,57.2499990463257));
#1698=CARTESIAN_POINT('',(-12.5,2.39542502495394,57.2499990463257));
#1699=CARTESIAN_POINT('',(-12.5,-6.0610243678093,57.2499990463257));
#1700=CARTESIAN_POINT('Origin',(-11.5,-12.0000001788139,42.5000009536743));
#1701=CARTESIAN_POINT('',(-11.5,-6.99999988079071,41.5000009536743));
#1702=CARTESIAN_POINT('',(-11.5,-12.0000001788139,41.5000009536743));
#1703=CARTESIAN_POINT('Ctrl Pts',(-11.5,-6.99999988079071,41.5000009536743));
#1704=CARTESIAN_POINT('Ctrl Pts',(-11.5443394005592,-7.00019547679154,41.5000009536743));
#1705=CARTESIAN_POINT('Ctrl Pts',(-11.5886785699561,-7.00039107279238,41.5029542678704));
#1706=CARTESIAN_POINT('Ctrl Pts',(-11.6326262813936,-7.00058666879321,41.5088348376858));
#1707=CARTESIAN_POINT('Ctrl Pts',(-11.6765722748848,-7.00078225714807,41.5147151776257));
#1708=CARTESIAN_POINT('Ctrl Pts',(-11.7201263828879,-7.00097784550292,41.5235224826887));
#1709=CARTESIAN_POINT('Ctrl Pts',(-11.7629043355623,-7.00117343385777,41.535179047651));
#1710=CARTESIAN_POINT('Ctrl Pts',(-11.8056807640041,-7.00136901524356,41.5468351972751));
#1711=CARTESIAN_POINT('Ctrl Pts',(-11.8476806465902,-7.00156459662935,41.5613402819505));
#1712=CARTESIAN_POINT('Ctrl Pts',(-11.8885334524598,-7.00176017801514,41.5785663350932));
#1713=CARTESIAN_POINT('Ctrl Pts',(-11.9293849439816,-7.00195575310854,41.5957918340261));
#1714=CARTESIAN_POINT('Ctrl Pts',(-11.9690890069086,-7.00215132820194,41.6157379465489));
#1715=CARTESIAN_POINT('Ctrl Pts',(-12.0072953870115,-7.00234690329533,41.6382287155993));
#1716=CARTESIAN_POINT('Ctrl Pts',(-12.0455127528443,-7.00254253462371,41.6607259515674));
#1717=CARTESIAN_POINT('Ctrl Pts',(-12.0822311745814,-7.00273816595209,41.6857690751391));
#1718=CARTESIAN_POINT('Ctrl Pts',(-12.1171265503821,-7.00293379728048,41.7131370386207));
#1719=CARTESIAN_POINT('Ctrl Pts',(-12.1520183985817,-7.00312940883233,41.7405022354532));
#1720=CARTESIAN_POINT('Ctrl Pts',(-12.1850872059673,-7.00332502038418,41.7701915160206));
#1721=CARTESIAN_POINT('Ctrl Pts',(-12.2160411435396,-7.00352063193604,41.801942875318));
#1722=CARTESIAN_POINT('Ctrl Pts',(-12.246992380678,-7.00371622642266,41.833691464614));
#1723=CARTESIAN_POINT('Ctrl Pts',(-12.2758287947734,-7.00391182090929,41.867501441261));
#1724=CARTESIAN_POINT('Ctrl Pts',(-12.3022959515669,-7.00410741539591,41.9030744874329));
#1725=CARTESIAN_POINT('Ctrl Pts',(-12.3287611656952,-7.00430299552608,41.9386449225758));
#1726=CARTESIAN_POINT('Ctrl Pts',(-12.3528571949293,-7.00449857565625,41.9759777972467));
#1727=CARTESIAN_POINT('Ctrl Pts',(-12.3743714622913,-7.00469415578641,42.0147437580239));
#1728=CARTESIAN_POINT('Ctrl Pts',(-12.3958909225601,-7.00488978312383,42.0535190757556));
#1729=CARTESIAN_POINT('Ctrl Pts',(-12.4148271482105,-7.00508541046125,42.0937277680806));
#1730=CARTESIAN_POINT('Ctrl Pts',(-12.4310130019977,-7.00528103779866,42.1350149400912));
#1731=CARTESIAN_POINT('Ctrl Pts',(-12.4471958932145,-7.00547662932952,42.1762945551233));
#1732=CARTESIAN_POINT('Ctrl Pts',(-12.46062925201,-7.00567222086038,42.2186518240008));
#1733=CARTESIAN_POINT('Ctrl Pts',(-12.4711945545047,-7.00586781239123,42.2617130242689));
#1734=CARTESIAN_POINT('Ctrl Pts',(-12.4817613758499,-7.00606343204,42.3047804149437));
#1735=CARTESIAN_POINT('Ctrl Pts',(-12.4894592048015,-7.00625905168877,42.3485514905309));
#1736=CARTESIAN_POINT('Ctrl Pts',(-12.4942201031611,-7.00645467133755,42.3926399436642));
#1737=CARTESIAN_POINT('Ctrl Pts',(-12.4980696515104,-7.00661284469878,42.4282888105727));
#1738=CARTESIAN_POINT('Ctrl Pts',(-12.5,-7.00677101806001,42.4641448421401));
#1739=CARTESIAN_POINT('Ctrl Pts',(-12.5,-7.00692919142125,42.5000009536743));
#1740=CARTESIAN_POINT('Origin',(0.,-6.99999988079071,41.5000009536743));
#1741=CARTESIAN_POINT('',(-8.35523348760914,-6.99999988079071,41.5000009536743));
#1742=CARTESIAN_POINT('Origin',(2.11575126862762E-6,4.65920941827846E-7,
41.5000009536743));
#1743=CARTESIAN_POINT('',(0.,-6.99999988079071,41.5000009536743));
#1744=CARTESIAN_POINT('Origin',(2.11575126862762E-6,4.65920941827846E-7,
57.2499990463257));
#1745=CARTESIAN_POINT('',(-9.68555266964094,5.,56.6567659378052));
#1746=CARTESIAN_POINT('',(-9.68555266964094,5.,57.2499990463257));
#1747=CARTESIAN_POINT('',(-9.7475903150722,4.87795174121857,57.2499990463257));
#1748=CARTESIAN_POINT('Ctrl Pts',(-9.7475903150722,4.87795174121857,57.2499990463257));
#1749=CARTESIAN_POINT('Ctrl Pts',(-9.74365231418112,4.88582103418851,57.2309658830648));
#1750=CARTESIAN_POINT('Ctrl Pts',(-9.74012752539229,4.89277388159446,57.2140319881554));
#1751=CARTESIAN_POINT('Ctrl Pts',(-9.73696188334257,4.89898693680008,57.198791154548));
#1752=CARTESIAN_POINT('Ctrl Pts',(-9.73312062178015,4.90652599831484,57.1802975828189));
#1753=CARTESIAN_POINT('Ctrl Pts',(-9.72980816585523,4.91297497895993,57.1642991489931));
#1754=CARTESIAN_POINT('Ctrl Pts',(-9.72692792041193,4.91859194855613,57.1500818579713));
#1755=CARTESIAN_POINT('Ctrl Pts',(-9.72468090201155,4.92297401747546,57.138990263467));
#1756=CARTESIAN_POINT('Ctrl Pts',(-9.72269694042521,4.926848694624,57.1289805619207));
#1757=CARTESIAN_POINT('Ctrl Pts',(-9.72093017008884,4.93032098373029,57.1197428978483));
#1758=CARTESIAN_POINT('Ctrl Pts',(-9.71930946281815,4.9335062105165,57.111268933226));
#1759=CARTESIAN_POINT('Ctrl Pts',(-9.71787151981392,4.93635274051998,57.103443809917));
#1760=CARTESIAN_POINT('Ctrl Pts',(-9.71658093643605,4.93893006167059,57.0960747902769));
#1761=CARTESIAN_POINT('Ctrl Pts',(-9.71533456654442,4.9414190875935,57.0889582223994));
#1762=CARTESIAN_POINT('Ctrl Pts',(-9.71422563257966,4.94365702308639,57.0822668031978));
#1763=CARTESIAN_POINT('Ctrl Pts',(-9.71322224540011,4.94569555629065,57.0758809388606));
#1764=CARTESIAN_POINT('Ctrl Pts',(-9.71214468367051,4.94788478634086,57.0690230048941));
#1765=CARTESIAN_POINT('Ctrl Pts',(-9.71118885043012,4.94984405508787,57.0625181109457));
#1766=CARTESIAN_POINT('Ctrl Pts',(-9.71031524871963,4.95162434822184,57.0562792020779));
#1767=CARTESIAN_POINT('Ctrl Pts',(-9.70947534640909,4.95333596611213,57.0502809606477));
#1768=CARTESIAN_POINT('Ctrl Pts',(-9.70871145379022,4.95488191700748,57.0445303438545));
#1769=CARTESIAN_POINT('Ctrl Pts',(-9.70798847066525,4.95629803726062,57.038983517996));
#1770=CARTESIAN_POINT('Ctrl Pts',(-9.70705378926997,4.95812881478276,57.0318125139246));
#1771=CARTESIAN_POINT('Ctrl Pts',(-9.70610459955817,4.95999013883947,57.0240151218235));
#1772=CARTESIAN_POINT('Ctrl Pts',(-9.70514433423762,4.96187134963306,57.0153878883216));
#1773=CARTESIAN_POINT('Ctrl Pts',(-9.70411471425069,4.96388842990377,57.0061375573396));
#1774=CARTESIAN_POINT('Ctrl Pts',(-9.70307236102024,4.96592834472199,56.9959325669953));
#1775=CARTESIAN_POINT('Ctrl Pts',(-9.70202150604285,4.96798104822819,56.9844563475669));
#1776=CARTESIAN_POINT('Ctrl Pts',(-9.70065703338085,4.97064636159459,56.9695551594772));
#1777=CARTESIAN_POINT('Ctrl Pts',(-9.6992782272179,4.97333322992172,56.9525041241161));
#1778=CARTESIAN_POINT('Ctrl Pts',(-9.69789435073504,4.9760257016517,56.9325455561355));
#1779=CARTESIAN_POINT('Ctrl Pts',(-9.69673503279559,4.97828127201273,56.9158256203663));
#1780=CARTESIAN_POINT('Ctrl Pts',(-9.69557215652947,4.98054099390104,56.8970633923186));
#1781=CARTESIAN_POINT('Ctrl Pts',(-9.69441116791409,4.98279653282055,56.8758533863518));
#1782=CARTESIAN_POINT('Ctrl Pts',(-9.69323820150843,4.98507534188394,56.8544245591152));
#1783=CARTESIAN_POINT('Ctrl Pts',(-9.6920671619038,4.98735005309777,56.8304969158412));
#1784=CARTESIAN_POINT('Ctrl Pts',(-9.69090366537917,4.98961062650555,56.8037069012336));
#1785=CARTESIAN_POINT('Ctrl Pts',(-9.68952472077001,4.99228979696139,56.7719561005735));
#1786=CARTESIAN_POINT('Ctrl Pts',(-9.68815637143445,4.99494953066413,56.7361901954384));
#1787=CARTESIAN_POINT('Ctrl Pts',(-9.68680796699046,4.99756605210451,56.6958528963797));
#1788=CARTESIAN_POINT('Ctrl Pts',(-9.68638750070754,4.998381949033,56.6832747160915));
#1789=CARTESIAN_POINT('Ctrl Pts',(-9.6859689737634,4.99919357264775,56.6702518927604));
#1790=CARTESIAN_POINT('Ctrl Pts',(-9.68555266964094,5.,56.6567659378052));
#1791=CARTESIAN_POINT('',(9.74759454657474,4.87795174121857,57.2499990463257));
#1792=CARTESIAN_POINT('Origin',(2.11575126862762E-6,4.65920941827846E-7,
57.2499990463257));
#1793=CARTESIAN_POINT('',(9.68555690114347,5.,56.6567659378052));
#1794=CARTESIAN_POINT('Ctrl Pts',(9.68555690114348,5.,56.6567659378052));
#1795=CARTESIAN_POINT('Ctrl Pts',(9.68674752322359,4.99769363270795,56.6953355192112));
#1796=CARTESIAN_POINT('Ctrl Pts',(9.68795632706552,4.99534524326244,56.7301221208327));
#1797=CARTESIAN_POINT('Ctrl Pts',(9.68917668129172,4.99297428005568,56.7615335742948));
#1798=CARTESIAN_POINT('Ctrl Pts',(9.69040820181749,4.99058162242212,56.7932324440593));
#1799=CARTESIAN_POINT('Ctrl Pts',(9.6916514850677,4.98816585377056,56.8214870355146));
#1800=CARTESIAN_POINT('Ctrl Pts',(9.69289971596184,4.98574099473269,56.8467137201249));
#1801=CARTESIAN_POINT('Ctrl Pts',(9.69405190111049,4.98350271767663,56.8699993249712));
#1802=CARTESIAN_POINT('Ctrl Pts',(9.69520830179832,4.98125649211783,56.8907042539577));
#1803=CARTESIAN_POINT('Ctrl Pts',(9.69636355817046,4.97901082071149,56.9092053005355));
#1804=CARTESIAN_POINT('Ctrl Pts',(9.69765444568678,4.97650149961699,56.9298784347782));
#1805=CARTESIAN_POINT('Ctrl Pts',(9.69894390442133,4.9739926694172,56.9477997629521));
#1806=CARTESIAN_POINT('Ctrl Pts',(9.70022445641453,4.97149614456432,56.9635644442134));
#1807=CARTESIAN_POINT('Ctrl Pts',(9.70139873407416,4.96920680888955,56.9780207982814));
#1808=CARTESIAN_POINT('Ctrl Pts',(9.70256552200651,4.96692764812299,56.9906706162408));
#1809=CARTESIAN_POINT('Ctrl Pts',(9.70371905382361,4.9646703744737,57.0019752891001));
#1810=CARTESIAN_POINT('Ctrl Pts',(9.70467458563465,4.96280055454663,57.0113395514206));
#1811=CARTESIAN_POINT('Ctrl Pts',(9.70562102150929,4.96094579296144,57.0197816805294));
#1812=CARTESIAN_POINT('Ctrl Pts',(9.70655508388809,4.95911509941157,57.0275226480878));
#1813=CARTESIAN_POINT('Ctrl Pts',(9.70703780521521,4.95816900112092,57.0315231626335));
#1814=CARTESIAN_POINT('Ctrl Pts',(9.70751722183024,4.95722936936654,57.0353356004131));
#1815=CARTESIAN_POINT('Ctrl Pts',(9.70799288134381,4.95629768630559,57.0389848926516));
#1816=CARTESIAN_POINT('Ctrl Pts',(9.70880303323995,4.95471082684644,57.0452004332688));
#1817=CARTESIAN_POINT('Ctrl Pts',(9.70966455471251,4.95296116541614,57.0516712143355));
#1818=CARTESIAN_POINT('Ctrl Pts',(9.71062683465601,4.95099756581819,57.0584610143699));
#1819=CARTESIAN_POINT('Ctrl Pts',(9.71147887545306,4.94925891691688,57.0644729723995));
#1820=CARTESIAN_POINT('Ctrl Pts',(9.71240991122767,4.94735251486271,57.0707341137357));
#1821=CARTESIAN_POINT('Ctrl Pts',(9.71345422713928,4.94523310558171,57.0773242146653));
#1822=CARTESIAN_POINT('Ctrl Pts',(9.71445706768497,4.94319786936989,57.0836525874679));
#1823=CARTESIAN_POINT('Ctrl Pts',(9.71556436912611,4.94096623951352,57.0902836711662));
#1824=CARTESIAN_POINT('Ctrl Pts',(9.71680649176849,4.93848831391024,57.097334805836));
#1825=CARTESIAN_POINT('Ctrl Pts',(9.71810653829281,4.93589483524866,57.104714755937));
#1826=CARTESIAN_POINT('Ctrl Pts',(9.71955427343438,4.93303157595888,57.1125551080477));
#1827=CARTESIAN_POINT('Ctrl Pts',(9.72118450602027,4.92982959920756,57.1210482127444));
#1828=CARTESIAN_POINT('Ctrl Pts',(9.72303077616126,4.9262032982004,57.1306668191577));
#1829=CARTESIAN_POINT('Ctrl Pts',(9.72511111758741,4.92214277708356,57.141123447231));
#1830=CARTESIAN_POINT('Ctrl Pts',(9.72747609255181,4.9175312422375,57.1527627975715));
#1831=CARTESIAN_POINT('Ctrl Pts',(9.73021074484554,4.91219886259959,57.166221534592));
#1832=CARTESIAN_POINT('Ctrl Pts',(9.73332596946559,4.90613067096673,57.181265299855));
#1833=CARTESIAN_POINT('Ctrl Pts',(9.73689993875312,4.89911681095803,57.1984725502218));
#1834=CARTESIAN_POINT('Ctrl Pts',(9.74008261370667,4.89287086008898,57.2137958729357));
#1835=CARTESIAN_POINT('Ctrl Pts',(9.74362908135136,4.88587591606463,57.2308331423329));
#1836=CARTESIAN_POINT('Ctrl Pts',(9.74759454657474,4.87795174121857,57.2499990463257));
#1837=CARTESIAN_POINT('',(9.68555690114347,5.,42.5000009536743));
#1838=CARTESIAN_POINT('',(9.68555690114347,5.,57.2499990463257));
#1839=CARTESIAN_POINT('',(10.1395272806193,4.,41.5000009536743));
#1840=CARTESIAN_POINT('Ctrl Pts',(10.1395272806193,4.,41.5000009536743));
#1841=CARTESIAN_POINT('Ctrl Pts',(10.0901433900853,4.12518231478344,41.5000009536743));
#1842=CARTESIAN_POINT('Ctrl Pts',(10.034690888549,4.25828808266328,41.5248238782945));
#1843=CARTESIAN_POINT('Ctrl Pts',(9.92676122431208,4.5041591883184,41.6262123292715));
#1844=CARTESIAN_POINT('Ctrl Pts',(9.87438766023309,4.61697596698915,41.7027633582904));
#1845=CARTESIAN_POINT('Ctrl Pts',(9.78996279931835,4.79330518377972,41.8790925750809));
#1846=CARTESIAN_POINT('Ctrl Pts',(9.7516363637411,4.87021130554655,41.9895687184243));
#1847=CARTESIAN_POINT('Ctrl Pts',(9.69930845411831,4.97360888878253,42.2356254121278));
#1848=CARTESIAN_POINT('Ctrl Pts',(9.68555690114348,5.,42.371301198347));
#1849=CARTESIAN_POINT('Ctrl Pts',(9.68555690114348,5.,42.5000009536743));
#1850=CARTESIAN_POINT('',(8.35523771911168,-6.99999988079071,41.5000009536743));
#1851=CARTESIAN_POINT('Origin',(2.11575126862762E-6,4.65920941827846E-7,
41.5000009536743));
#1852=CARTESIAN_POINT('',(8.08585171446818,-7.30951409446912,41.4877951896918));
#1853=CARTESIAN_POINT('Ctrl Pts',(8.08585171446818,-7.30951409446912,41.4877951896918));
#1854=CARTESIAN_POINT('Ctrl Pts',(8.1762522398979,-7.20951223439612,41.4941773994271));
#1855=CARTESIAN_POINT('Ctrl Pts',(8.26615498378703,-7.10632948149978,41.4985272304799));
#1856=CARTESIAN_POINT('Ctrl Pts',(8.35523771911154,-6.99999988079088,41.5000009536743));
#1857=CARTESIAN_POINT('',(9.79279510272336,-4.78656117642055,44.4260065897252));
#1858=CARTESIAN_POINT('Ctrl Pts',(9.79279510272336,-4.78656117642055,44.4260065897252));
#1859=CARTESIAN_POINT('Ctrl Pts',(9.79048601097846,-4.7912853310717,44.1402616427298));
#1860=CARTESIAN_POINT('Ctrl Pts',(9.73081096080831,-4.91501588507544,43.7239976727336));
#1861=CARTESIAN_POINT('Ctrl Pts',(9.58479665785509,-5.19279540224684,43.2655707055995));
#1862=CARTESIAN_POINT('Ctrl Pts',(9.40648582010427,-5.51299735025536,42.8554019281269));
#1863=CARTESIAN_POINT('Ctrl Pts',(9.13521046562959,-5.95843351096326,42.4206453924485));
#1864=CARTESIAN_POINT('Ctrl Pts',(8.74832302998176,-6.51447408625384,41.9840316357348));
#1865=CARTESIAN_POINT('Ctrl Pts',(8.45337797176938,-6.88539520701341,41.7395361128703));
#1866=CARTESIAN_POINT('Ctrl Pts',(8.29363300261711,-7.07288620114474,41.6257174025477));
#1867=CARTESIAN_POINT('Ctrl Pts',(8.29023318678946,-7.07687100737119,41.6233043821747));
#1868=CARTESIAN_POINT('Ctrl Pts',(8.22137673807594,-7.15745404579301,41.5745864596618));
#1869=CARTESIAN_POINT('Ctrl Pts',(8.15438003649328,-7.23370745908047,41.5301956062137));
#1870=CARTESIAN_POINT('Ctrl Pts',(8.08585171446816,-7.30951409446913,41.4877951896918));
#1871=CARTESIAN_POINT('',(9.79211632682314,-4.78794962978275,53.9584825467688));
#1872=CARTESIAN_POINT('Ctrl Pts',(9.79211632682314,-4.78794962978275,53.9584825467688));
#1873=CARTESIAN_POINT('Ctrl Pts',(9.80538277596463,-4.76081764582882,52.3699682693454));
#1874=CARTESIAN_POINT('Ctrl Pts',(9.81879090380131,-4.73297501858181,49.1922545840386));
#1875=CARTESIAN_POINT('Ctrl Pts',(9.80563198805244,-4.76029828250666,46.0145424831359));
#1876=CARTESIAN_POINT('Ctrl Pts',(9.79279510272336,-4.78656117642054,44.4260065897252));
#1877=CARTESIAN_POINT('',(7.53076634882451,-7.88019984292207,56.6409714894683));
#1878=CARTESIAN_POINT('Ctrl Pts',(7.53076634882451,-7.88019984292207,56.6409714894683));
#1879=CARTESIAN_POINT('Ctrl Pts',(7.63559763790842,-7.78001714560483,56.6368560568006));
#1880=CARTESIAN_POINT('Ctrl Pts',(7.73829209487149,-7.67786545851398,56.6254506217672));
#1881=CARTESIAN_POINT('Ctrl Pts',(7.84369918992745,-7.5687814889952,56.60627743732));
#1882=CARTESIAN_POINT('Ctrl Pts',(7.84897356484129,-7.56331169960471,56.6052978892528));
#1883=CARTESIAN_POINT('Ctrl Pts',(7.9317137891122,-7.47732747315115,56.5896122437771));
#1884=CARTESIAN_POINT('Ctrl Pts',(8.00763545375685,-7.39594354080602,56.5708428710365));
#1885=CARTESIAN_POINT('Ctrl Pts',(8.30867980608942,-7.06331499405824,56.4789633912688));
#1886=CARTESIAN_POINT('Ctrl Pts',(8.73044315633369,-6.54956972998429,56.2686399201942));
#1887=CARTESIAN_POINT('Ctrl Pts',(9.25133482159795,-5.78637809591312,55.7564792253682));
#1888=CARTESIAN_POINT('Ctrl Pts',(9.58320826318676,-5.20161941949265,55.1547801522649));
#1889=CARTESIAN_POINT('Ctrl Pts',(9.75508383872938,-4.86441635158454,54.5180265611756));
#1890=CARTESIAN_POINT('Ctrl Pts',(9.79054866901566,-4.79115573761342,54.1461926714524));
#1891=CARTESIAN_POINT('Ctrl Pts',(9.79211632682495,-4.78794962977904,53.9584825465513));
#1892=CARTESIAN_POINT('',(-7.53076245413018,-7.88019952104912,56.6409720577817));
#1893=CARTESIAN_POINT('Ctrl Pts',(-7.53076245413018,-7.88019952104912,56.6409720577817));
#1894=CARTESIAN_POINT('Ctrl Pts',(-6.96063269106839,-8.42504775167777,56.6633541018775));
#1895=CARTESIAN_POINT('Ctrl Pts',(-5.70652973090332,-9.38979777449841,56.7444418317225));
#1896=CARTESIAN_POINT('Ctrl Pts',(-3.15561774809087,-10.5783180369975,56.7773904581602));
#1897=CARTESIAN_POINT('Ctrl Pts',(-1.18642217255954,-10.8999979660597,56.8247123014585));
#1898=CARTESIAN_POINT('Ctrl Pts',(1.53008052866437,-10.8999980736571,56.8247120870492));
#1899=CARTESIAN_POINT('Ctrl Pts',(3.07807895796603,-10.5687512034118,56.779104881448));
#1900=CARTESIAN_POINT('Ctrl Pts',(5.59430369864182,-9.43529867946204,56.7446335920747));
#1901=CARTESIAN_POINT('Ctrl Pts',(6.64386649806148,-8.72777140362836,56.6757891154903));
#1902=CARTESIAN_POINT('Ctrl Pts',(7.5307663488245,-7.88019984292208,56.6409714894683));
#1903=CARTESIAN_POINT('',(-9.79211213927467,-4.78794953988973,53.9584826042628));
#1904=CARTESIAN_POINT('Ctrl Pts',(-9.79211213927467,-4.78794953988973,53.9584826042628));
#1905=CARTESIAN_POINT('Ctrl Pts',(-9.79054438997787,-4.79115583490512,54.1462035950781));
#1906=CARTESIAN_POINT('Ctrl Pts',(-9.7551334341776,-4.86426229986112,54.518152711828));
#1907=CARTESIAN_POINT('Ctrl Pts',(-9.58313154375425,-5.20183653091043,55.1547005802234));
#1908=CARTESIAN_POINT('Ctrl Pts',(-9.25094752559107,-5.78717888076532,55.7568181005822));
#1909=CARTESIAN_POINT('Ctrl Pts',(-8.73064921302046,-6.54923217092852,56.268385349458));
#1910=CARTESIAN_POINT('Ctrl Pts',(-8.30867105601484,-7.06333948881455,56.4789737283352));
#1911=CARTESIAN_POINT('Ctrl Pts',(-8.00763061397665,-7.39594682810663,56.5708413679494));
#1912=CARTESIAN_POINT('Ctrl Pts',(-7.93170787910527,-7.47733334483173,56.5896132765892));
#1913=CARTESIAN_POINT('Ctrl Pts',(-7.84896830424973,-7.56331615460949,56.605298535927));
#1914=CARTESIAN_POINT('Ctrl Pts',(-7.84369386977213,-7.56878604831216,56.6062781080717));
#1915=CARTESIAN_POINT('Ctrl Pts',(-7.73828754475437,-7.67786867968719,56.6254511825666));
#1916=CARTESIAN_POINT('Ctrl Pts',(-7.63559375394301,-7.78001680490829,56.6368566108127));
#1917=CARTESIAN_POINT('Ctrl Pts',(-7.53076245404278,-7.88019952113264,56.6409720577851));
#1918=CARTESIAN_POINT('',(-9.79279092081226,-4.78656107496178,44.4260065712531));
#1919=CARTESIAN_POINT('Ctrl Pts',(-9.79279092081225,-4.78656107496179,44.4260065712531));
#1920=CARTESIAN_POINT('Ctrl Pts',(-9.8056278103763,-4.76029817169391,46.0145424771954));
#1921=CARTESIAN_POINT('Ctrl Pts',(-9.81878672906986,-4.73297490077735,49.1922546036498));
#1922=CARTESIAN_POINT('Ctrl Pts',(-9.80537859472045,-4.76081754241135,52.3699683144204));
#1923=CARTESIAN_POINT('Ctrl Pts',(-9.79211213927467,-4.78794953988973,53.9584826042626));
#1924=CARTESIAN_POINT('',(-8.08584791797461,-7.30951361325832,41.4877952204032));
#1925=CARTESIAN_POINT('Ctrl Pts',(-8.08584791797459,-7.30951361325835,41.4877952204032));
#1926=CARTESIAN_POINT('Ctrl Pts',(-8.1543760999044,-7.23370712377546,41.5301955498481));
#1927=CARTESIAN_POINT('Ctrl Pts',(-8.22136954791975,-7.15746166294103,41.5745901991625));
#1928=CARTESIAN_POINT('Ctrl Pts',(-8.29022566811545,-7.07687956263643,41.6233085458238));
#1929=CARTESIAN_POINT('Ctrl Pts',(-8.29362546660054,-7.07289480872562,41.6257216446549));
#1930=CARTESIAN_POINT('Ctrl Pts',(-8.45337276422646,-6.88539848432417,41.7395354902508));
#1931=CARTESIAN_POINT('Ctrl Pts',(-8.74808536708255,-6.51508412134963,41.9844082253262));
#1932=CARTESIAN_POINT('Ctrl Pts',(-9.13530581197031,-5.95817405332056,42.4204505313191));
#1933=CARTESIAN_POINT('Ctrl Pts',(-9.45982795524697,-5.42629375819972,42.9438560040294));
#1934=CARTESIAN_POINT('Ctrl Pts',(-9.71025031101257,-4.95800315172599,43.5865075303417));
#1935=CARTESIAN_POINT('Ctrl Pts',(-9.7904818280917,-4.7912852317331,44.1402615959311));
#1936=CARTESIAN_POINT('Ctrl Pts',(-9.79279092081215,-4.78656107496201,44.4260065712394));
#1937=CARTESIAN_POINT('Ctrl Pts',(-8.355233487609,-6.99999988079088,41.5000009536743));
#1938=CARTESIAN_POINT('Ctrl Pts',(-8.26697772581783,-7.10534240173313,41.4985409113583));
#1939=CARTESIAN_POINT('Ctrl Pts',(-8.1771848216754,-7.20847591117999,41.4942435308592));
#1940=CARTESIAN_POINT('Ctrl Pts',(-8.08584791797462,-7.30951361325831,41.4877952204031));
#1941=CARTESIAN_POINT('Origin',(0.,4.,42.5000009536743));
#1942=CARTESIAN_POINT('',(11.5,5.,42.5000009536743));
#1943=CARTESIAN_POINT('',(0.,5.,42.5000009536743));
#1944=CARTESIAN_POINT('',(11.5,4.,41.5000009536743));
#1945=CARTESIAN_POINT('Origin',(11.5,4.,42.5000009536743));
#1946=CARTESIAN_POINT('',(0.,4.,41.5000009536743));
#1947=CARTESIAN_POINT('Origin',(11.5,4.,36.8750011920929));
#1948=CARTESIAN_POINT('',(11.9787491410867,4.87795174121857,57.2499990463257));
#1949=CARTESIAN_POINT('',(12.5,4.,57.2499990463257));
#1950=CARTESIAN_POINT('Origin',(11.5,4.,57.2499990463257));
#1951=CARTESIAN_POINT('',(12.5,4.,42.5000009536743));
#1952=CARTESIAN_POINT('',(12.5,4.,36.8750011920929));
#1953=CARTESIAN_POINT('Origin',(11.5,4.,42.5000009536743));
#1954=CARTESIAN_POINT('',(11.5,5.,56.6567659378052));
#1955=CARTESIAN_POINT('',(11.5,5.,36.8750011920929));
#1956=CARTESIAN_POINT('Ctrl Pts',(11.5,5.,56.6567659378052));
#1957=CARTESIAN_POINT('Ctrl Pts',(11.5030391616121,5.,56.6567659378052));
#1958=CARTESIAN_POINT('Ctrl Pts',(11.5060615245242,4.99998615440796,56.6569976345212));
#1959=CARTESIAN_POINT('Ctrl Pts',(11.5138457983664,4.9999155488931,56.6581767397693));
#1960=CARTESIAN_POINT('Ctrl Pts',(11.5184895508646,4.99983923943901,56.6594500875414));
#1961=CARTESIAN_POINT('Ctrl Pts',(11.5339002933553,4.99948467586267,56.6653268619022));
#1962=CARTESIAN_POINT('Ctrl Pts',(11.544308757089,4.99906790208561,56.6721903747413));
#1963=CARTESIAN_POINT('Ctrl Pts',(11.6212866397985,4.99488252617612,56.7388054443358));
#1964=CARTESIAN_POINT('Ctrl Pts',(11.6802427138333,4.98721167951454,56.8870630769559));
#1965=CARTESIAN_POINT('Ctrl Pts',(11.7914978648101,4.95707868107097,57.0407103470921));
#1966=CARTESIAN_POINT('Ctrl Pts',(11.8199655319988,4.94807098476768,57.0708777756964));
#1967=CARTESIAN_POINT('Ctrl Pts',(11.8850484506437,4.92354738643981,57.1388356024447));
#1968=CARTESIAN_POINT('Ctrl Pts',(11.9277076420421,4.9057847902122,57.1826802963989));
#1969=CARTESIAN_POINT('Ctrl Pts',(11.9787491410867,4.87795174121857,57.2499990463257));
#1970=CARTESIAN_POINT('Origin',(11.5,4.,42.5000009536743));
#1971=CARTESIAN_POINT('Origin',(11.5,4.,42.5000009536743));
#1972=CARTESIAN_POINT('Origin',(0.,-6.99999988079071,41.5000009536743));
#1973=CARTESIAN_POINT('',(11.5,-6.99999988079071,41.5000009536743));
#1974=CARTESIAN_POINT('',(11.5,-12.0000001788139,41.5000009536743));
#1975=CARTESIAN_POINT('',(0.,-6.99999988079071,41.5000009536743));
#1976=CARTESIAN_POINT('Origin',(11.5,-12.0000001788139,42.5000009536743));
#1977=CARTESIAN_POINT('',(12.5,-7.00692919142076,42.5000009536743));
#1978=CARTESIAN_POINT('',(12.5,-12.0000001788139,42.5000009536743));
#1979=CARTESIAN_POINT('Ctrl Pts',(12.5,-7.00692919142077,42.5000009536743));
#1980=CARTESIAN_POINT('Ctrl Pts',(12.5,-7.00673359541995,42.4556615531151));
#1981=CARTESIAN_POINT('Ctrl Pts',(12.4970466858039,-7.00653799941913,42.4113223837182));
#1982=CARTESIAN_POINT('Ctrl Pts',(12.4911661159885,-7.0063424034183,42.3673746722808));
#1983=CARTESIAN_POINT('Ctrl Pts',(12.4852857760486,-7.00614681506347,42.3234286787896));
#1984=CARTESIAN_POINT('Ctrl Pts',(12.4764784709856,-7.00595122670863,42.2798745707864));
#1985=CARTESIAN_POINT('Ctrl Pts',(12.4648219060234,-7.00575563835379,42.237096618112));
#1986=CARTESIAN_POINT('Ctrl Pts',(12.4531657563993,-7.00556005696801,42.1943201896702));
#1987=CARTESIAN_POINT('Ctrl Pts',(12.4386606717238,-7.00536447558223,42.1523203070842));
#1988=CARTESIAN_POINT('Ctrl Pts',(12.4214346185811,-7.00516889419646,42.1114675012145));
#1989=CARTESIAN_POINT('Ctrl Pts',(12.4042091196482,-7.00497331910307,42.0706160096927));
#1990=CARTESIAN_POINT('Ctrl Pts',(12.3842630071255,-7.00477774400969,42.0309119467657));
#1991=CARTESIAN_POINT('Ctrl Pts',(12.3617722380751,-7.00458216891631,41.9927055666628));
#1992=CARTESIAN_POINT('Ctrl Pts',(12.339275002107,-7.00438653758794,41.95448820083));
#1993=CARTESIAN_POINT('Ctrl Pts',(12.3142318785352,-7.00419090625957,41.917769779093));
#1994=CARTESIAN_POINT('Ctrl Pts',(12.2868639150536,-7.00399527493121,41.8828744032922));
#1995=CARTESIAN_POINT('Ctrl Pts',(12.2594987182211,-7.00379966337937,41.8479825550926));
#1996=CARTESIAN_POINT('Ctrl Pts',(12.2298094376537,-7.00360405182752,41.814913747707));
#1997=CARTESIAN_POINT('Ctrl Pts',(12.1980580783563,-7.00340844027568,41.7839598101347));
#1998=CARTESIAN_POINT('Ctrl Pts',(12.1663094890603,-7.00321284578907,41.7530085729964));
#1999=CARTESIAN_POINT('Ctrl Pts',(12.1324995124133,-7.00301725130246,41.7241721589009));
#2000=CARTESIAN_POINT('Ctrl Pts',(12.0969264662414,-7.00282165681585,41.6977050021075));
#2001=CARTESIAN_POINT('Ctrl Pts',(12.0613560310986,-7.0026260766857,41.6712397879792));
#2002=CARTESIAN_POINT('Ctrl Pts',(12.0240231564277,-7.00243049655554,41.647143758745));
#2003=CARTESIAN_POINT('Ctrl Pts',(11.9852571956504,-7.00223491642539,41.625629491383));
#2004=CARTESIAN_POINT('Ctrl Pts',(11.9464818779187,-7.00203928908799,41.6041100311142));
#2005=CARTESIAN_POINT('Ctrl Pts',(11.9062731855937,-7.00184366175059,41.5851738054638));
#2006=CARTESIAN_POINT('Ctrl Pts',(11.8649860135831,-7.00164803441318,41.5689879516766));
#2007=CARTESIAN_POINT('Ctrl Pts',(11.8237063985511,-7.00145244288234,41.5528050604598));
#2008=CARTESIAN_POINT('Ctrl Pts',(11.7813491296735,-7.0012568513515,41.5393717016643));
#2009=CARTESIAN_POINT('Ctrl Pts',(11.7382879294055,-7.00106125982065,41.5288063991696));
#2010=CARTESIAN_POINT('Ctrl Pts',(11.6952205387306,-7.0008656401719,41.5182395778245));
#2011=CARTESIAN_POINT('Ctrl Pts',(11.6514494631435,-7.00067002052314,41.5105417488728));
#2012=CARTESIAN_POINT('Ctrl Pts',(11.6073610100101,-7.00047440087438,41.5057808505132));
#2013=CARTESIAN_POINT('Ctrl Pts',(11.5717121431016,-7.00031622751316,41.5019313021639));
#2014=CARTESIAN_POINT('Ctrl Pts',(11.5358561115343,-7.00015805415193,41.5000009536743));
#2015=CARTESIAN_POINT('Ctrl Pts',(11.5,-6.99999988079071,41.5000009536743));
#2016=CARTESIAN_POINT('Origin',(12.5,-17.0000004768372,32.2500014305115));
#2017=CARTESIAN_POINT('',(12.5,2.39542502495394,57.2499990463257));
#2018=CARTESIAN_POINT('',(12.5,-6.0610243678093,57.2499990463257));
#2019=CARTESIAN_POINT('',(12.5,2.39542502495394,55.2499990463257));
#2020=CARTESIAN_POINT('',(12.5,2.39542502495394,44.7500002384186));
#2021=CARTESIAN_POINT('',(12.5,-15.1224236933423,55.2499990463257));
#2022=CARTESIAN_POINT('',(12.5,-12.0261441013894,55.2499990463257));
#2023=CARTESIAN_POINT('',(12.5,-15.1224236933423,57.2499990463257));
#2024=CARTESIAN_POINT('',(12.5,-15.1224236933423,44.7500002384186));
#2025=CARTESIAN_POINT('',(12.5,-17.0000004768372,57.2499990463257));
#2026=CARTESIAN_POINT('',(12.5,-6.0610243678093,57.2499990463257));
#2027=CARTESIAN_POINT('',(12.5,-17.0000004768372,33.2500014305115));
#2028=CARTESIAN_POINT('',(12.5,-17.0000004768372,44.7500002384186));
#2029=CARTESIAN_POINT('',(12.5,-15.0116071093816,33.2500014305115));
#2030=CARTESIAN_POINT('',(12.5,-17.0000004768372,33.2500014305115));
#2031=CARTESIAN_POINT('Ctrl Pts',(12.5,-7.00692919148468,42.5000009582853));
#2032=CARTESIAN_POINT('Ctrl Pts',(12.5,-7.00923896167321,42.4999689449806));
#2033=CARTESIAN_POINT('Ctrl Pts',(12.5,-7.01155111654314,42.4999389717016));
#2034=CARTESIAN_POINT('Ctrl Pts',(12.4999999999999,-7.24387863935641,42.4964201792403));
#2035=CARTESIAN_POINT('Ctrl Pts',(12.5,-7.70347006538804,42.4710245702284));
#2036=CARTESIAN_POINT('Ctrl Pts',(12.5,-8.38731469028692,42.3486409304248));
#2037=CARTESIAN_POINT('Ctrl Pts',(12.5,-9.04799227190631,42.1437874295455));
#2038=CARTESIAN_POINT('Ctrl Pts',(12.5,-9.68921678479581,41.8834819961656));
#2039=CARTESIAN_POINT('Ctrl Pts',(12.5,-10.286180967417,41.5333528999791));
#2040=CARTESIAN_POINT('Ctrl Pts',(12.5000000000001,-10.83898099238,41.1145715083553));
#2041=CARTESIAN_POINT('Ctrl Pts',(12.5000000000002,-11.3534588620502,40.6544079680555));
#2042=CARTESIAN_POINT('Ctrl Pts',(12.5000000000003,-11.7980151451951,40.1231901423513));
#2043=CARTESIAN_POINT('Ctrl Pts',(12.5000000000006,-12.1770962563223,39.5443474577906));
#2044=CARTESIAN_POINT('Ctrl Pts',(12.5000000000009,-12.5001325016113,38.9333303662383));
#2045=CARTESIAN_POINT('Ctrl Pts',(12.5000000000018,-12.7047054131417,38.3927162108974));
#2046=CARTESIAN_POINT('Ctrl Pts',(12.5000000000022,-12.8097186305072,38.0042848271462));
#2047=CARTESIAN_POINT('Ctrl Pts',(12.5000000000024,-12.8595438972379,37.7799225076957));
#2048=CARTESIAN_POINT('Ctrl Pts',(12.5000000000025,-12.9027855085548,37.5541115694304));
#2049=CARTESIAN_POINT('Ctrl Pts',(12.5000000000036,-12.9365774225169,37.326357516095));
#2050=CARTESIAN_POINT('Ctrl Pts',(12.5000000000039,-12.9620488999272,37.0972816934112));
#2051=CARTESIAN_POINT('Ctrl Pts',(12.5000000000043,-12.9748087242743,36.9536949268193));
#2052=CARTESIAN_POINT('Ctrl Pts',(12.5000000000045,-12.9832981848827,36.8386487174081));
#2053=CARTESIAN_POINT('Ctrl Pts',(12.5000000000046,-12.9907037816433,36.7235058499608));
#2054=CARTESIAN_POINT('Ctrl Pts',(12.5000000000053,-12.9965720951603,36.608247704221));
#2055=CARTESIAN_POINT('Ctrl Pts',(12.5000000000056,-13.0010700407807,36.4929270316929));
#2056=CARTESIAN_POINT('Ctrl Pts',(12.5000000000057,-13.004703967098,36.3775794080069));
#2057=CARTESIAN_POINT('Ctrl Pts',(12.5000000000068,-13.0065878936424,36.2874487855924));
#2058=CARTESIAN_POINT('Ctrl Pts',(12.5000000000068,-13.0075039090796,36.222564291843));
#2059=CARTESIAN_POINT('Ctrl Pts',(12.5000000000068,-13.0076959782788,36.2081457822552));
#2060=CARTESIAN_POINT('Ctrl Pts',(12.5000000000069,-13.0080022188398,36.1829140818578));
#2061=CARTESIAN_POINT('Ctrl Pts',(12.500000000007,-13.0084963511393,36.1324540697021));
#2062=CARTESIAN_POINT('Ctrl Pts',(12.5000000000075,-13.0087967595091,36.0747951600816));
#2063=CARTESIAN_POINT('Ctrl Pts',(12.5000000000076,-13.00883418539,36.0279587611653));
#2064=CARTESIAN_POINT('Ctrl Pts',(12.5000000000077,-13.00881247274,36.0063443417573));
#2065=CARTESIAN_POINT('Ctrl Pts',(12.5000000000077,-13.0087876559639,35.9919353718213));
#2066=CARTESIAN_POINT('Ctrl Pts',(12.5000000000077,-13.0087172415096,35.9667213383207));
#2067=CARTESIAN_POINT('Ctrl Pts',(12.5000000000079,-13.0085402962612,35.9307061606119));
#2068=CARTESIAN_POINT('Ctrl Pts',(12.500000000008,-13.0082080557577,35.8874959942846));
#2069=CARTESIAN_POINT('Ctrl Pts',(12.5000000000082,-13.0077584303334,35.8442935048918));
#2070=CARTESIAN_POINT('Ctrl Pts',(12.5000000000084,-13.0073353431492,35.8118966029821));
#2071=CARTESIAN_POINT('Ctrl Pts',(12.5000000000084,-13.0070580562952,35.7929998775196));
#2072=CARTESIAN_POINT('Ctrl Pts',(12.5000000000084,-13.0069766743213,35.7876009048418));
#2073=CARTESIAN_POINT('Ctrl Pts',(12.5000000000084,-13.0069218466363,35.784001612105));
#2074=CARTESIAN_POINT('Ctrl Pts',(12.5000000000084,-13.0067687184476,35.7741036386196));
#2075=CARTESIAN_POINT('Ctrl Pts',(12.5000000000084,-13.0063883063028,35.75070904618));
#2076=CARTESIAN_POINT('Ctrl Pts',(12.5000000000082,-13.0058668064676,35.7219166151528));
#2077=CARTESIAN_POINT('Ctrl Pts',(12.5000000000082,-13.0052942807045,35.6931237185579));
#2078=CARTESIAN_POINT('Ctrl Pts',(12.5000000000081,-13.0048405174109,35.6715279935082));
#2079=CARTESIAN_POINT('Ctrl Pts',(12.5000000000081,-13.0043630576288,35.6499309642205));
#2080=CARTESIAN_POINT('Ctrl Pts',(12.5000000000081,-13.0039470580653,35.6319319023462));
#2081=CARTESIAN_POINT('Ctrl Pts',(12.5000000000081,-13.0036032248478,35.6175321668329));
#2082=CARTESIAN_POINT('Ctrl Pts',(12.5000000000081,-13.0032543020917,35.6031314133751));
#2083=CARTESIAN_POINT('Ctrl Pts',(12.500000000008,-13.0026189073062,35.5779321375246));
#2084=CARTESIAN_POINT('Ctrl Pts',(12.5000000000078,-13.0006025167088,35.4987050703319));
#2085=CARTESIAN_POINT('Ctrl Pts',(12.5000000000074,-12.9965691186994,35.3692531470702));
#2086=CARTESIAN_POINT('Ctrl Pts',(12.5000000000069,-12.9954949983499,35.2253798743079));
#2087=CARTESIAN_POINT('Ctrl Pts',(12.5000000000066,-13.0100738720003,35.0529585540034));
#2088=CARTESIAN_POINT('Ctrl Pts',(12.5000000000063,-13.027621511104,34.9352279358151));
#2089=CARTESIAN_POINT('Ctrl Pts',(12.5000000000063,-13.0449676738522,34.8434738161748));
#2090=CARTESIAN_POINT('Ctrl Pts',(12.5000000000063,-13.0470133905864,34.8328966483327));
#2091=CARTESIAN_POINT('Ctrl Pts',(12.5000000000063,-13.0490959956662,34.8223288059741));
#2092=CARTESIAN_POINT('Ctrl Pts',(12.5000000000063,-13.0519282881412,34.8082514352908));
#2093=CARTESIAN_POINT('Ctrl Pts',(12.5000000000062,-13.055572115173,34.7906793271687));
#2094=CARTESIAN_POINT('Ctrl Pts',(12.5000000000062,-13.0601224645527,34.769634164714));
#2095=CARTESIAN_POINT('Ctrl Pts',(12.5000000000062,-13.0648626604746,34.7486324891924));
#2096=CARTESIAN_POINT('Ctrl Pts',(12.5000000000062,-13.0698081321947,34.727677446336));
#2097=CARTESIAN_POINT('Ctrl Pts',(12.5000000000062,-13.0749758957846,34.7067730549842));
#2098=CARTESIAN_POINT('Ctrl Pts',(12.5000000000062,-13.0803864679139,34.685925153392));
#2099=CARTESIAN_POINT('Ctrl Pts',(12.5000000000062,-13.0860598979292,34.6651402575164));
#2100=CARTESIAN_POINT('Ctrl Pts',(12.5000000000062,-13.0940095336684,34.6375245038247));
#2101=CARTESIAN_POINT('Ctrl Pts',(12.5000000000062,-13.1089878277983,34.5894788334333));
#2102=CARTESIAN_POINT('Ctrl Pts',(12.5000000000063,-13.1252078377173,34.5455664068684));
#2103=CARTESIAN_POINT('Ctrl Pts',(12.5000000000063,-13.1382167709838,34.5139318743698));
#2104=CARTESIAN_POINT('Ctrl Pts',(12.5000000000063,-13.1409912311556,34.507286477717));
#2105=CARTESIAN_POINT('Ctrl Pts',(12.5000000000063,-13.1437901006839,34.5006510821978));
#2106=CARTESIAN_POINT('Ctrl Pts',(12.5000000000063,-13.1473323670794,34.4923749999742));
#2107=CARTESIAN_POINT('Ctrl Pts',(12.5000000000063,-13.1516496864141,34.4824721513499));
#2108=CARTESIAN_POINT('Ctrl Pts',(12.5000000000063,-13.1560297447516,34.4725967910859));
#2109=CARTESIAN_POINT('Ctrl Pts',(12.5000000000063,-13.1604691592987,34.4627480644649));
#2110=CARTESIAN_POINT('Ctrl Pts',(12.5000000000063,-13.1649644956939,34.4529250362101));
#2111=CARTESIAN_POINT('Ctrl Pts',(12.5000000000063,-13.1740614994576,34.4333288299222));
#2112=CARTESIAN_POINT('Ctrl Pts',(12.5000000000062,-13.188081232,34.4041140183165));
#2113=CARTESIAN_POINT('Ctrl Pts',(12.5000000000061,-13.2074479292779,34.3655084188735));
#2114=CARTESIAN_POINT('Ctrl Pts',(12.500000000006,-13.227423365956,34.3272327661559));
#2115=CARTESIAN_POINT('Ctrl Pts',(12.5000000000059,-13.2548410602935,34.2766381803658));
#2116=CARTESIAN_POINT('Ctrl Pts',(12.5000000000056,-13.2905762889037,34.2142387893698));
#2117=CARTESIAN_POINT('Ctrl Pts',(12.5000000000053,-13.3360422086299,34.1409054564349));
#2118=CARTESIAN_POINT('Ctrl Pts',(12.500000000005,-13.4005349963011,34.045602885417));
#2119=CARTESIAN_POINT('Ctrl Pts',(12.5000000000042,-13.4893290190478,33.9320111529328));
#2120=CARTESIAN_POINT('Ctrl Pts',(12.5000000000035,-13.5891258753439,33.8280079312851));
#2121=CARTESIAN_POINT('Ctrl Pts',(12.5000000000033,-13.6745728513589,33.7508515164509));
#2122=CARTESIAN_POINT('Ctrl Pts',(12.5000000000032,-13.7412100290728,33.6958630826349));
#2123=CARTESIAN_POINT('Ctrl Pts',(12.500000000003,-13.8100934851008,33.6437285083014));
#2124=CARTESIAN_POINT('Ctrl Pts',(12.5000000000029,-13.9046753668201,33.5777141249122));
#2125=CARTESIAN_POINT('Ctrl Pts',(12.5000000000023,-14.0762677933675,33.472259185423));
#2126=CARTESIAN_POINT('Ctrl Pts',(12.5000000000019,-14.3378410464258,33.3473714817341));
#2127=CARTESIAN_POINT('Ctrl Pts',(12.5000000000009,-14.6732065669654,33.2693895568433));
#2128=CARTESIAN_POINT('Ctrl Pts',(12.5,-14.8998247209221,33.2527549475565));
#2129=CARTESIAN_POINT('Ctrl Pts',(12.5,-15.0116070741331,33.2500000002932));
#2130=CARTESIAN_POINT('Origin',(14.5,2.39542502495394,44.7500002384186));
#2131=CARTESIAN_POINT('',(14.5,0.395425024953941,55.2499990463257));
#2132=CARTESIAN_POINT('Origin',(14.5,2.39542502495394,55.2499990463257));
#2133=CARTESIAN_POINT('',(14.5,0.395425024953941,57.2499990463257));
#2134=CARTESIAN_POINT('Origin',(14.5,2.39542502495394,57.2499990463257));
#2135=CARTESIAN_POINT('',(14.5,0.395425024953941,44.7500002384186));
#2136=CARTESIAN_POINT('Origin',(-14.5,2.39542502495394,57.2499990463257));
#2137=CARTESIAN_POINT('',(-14.5,0.395425024953941,55.2499990463257));
#2138=CARTESIAN_POINT('Origin',(-14.5,2.39542502495394,55.2499990463257));
#2139=CARTESIAN_POINT('',(-14.5,0.395425024953941,57.2499990463257));
#2140=CARTESIAN_POINT('',(-14.5,0.395425024953941,57.2499990463257));
#2141=CARTESIAN_POINT('Origin',(-14.5,2.39542502495394,57.2499990463257));
#2142=CARTESIAN_POINT('Origin',(-12.5,0.395425024953941,57.2499990463257));
#2143=CARTESIAN_POINT('',(-16.1027263506236,0.39542502495394,55.2499990463257));
#2144=CARTESIAN_POINT('',(-16.1027263506236,0.39542502495394,55.2499990463257));
#2145=CARTESIAN_POINT('',(-16.1027263506236,0.39542502495394,57.2499990463257));
#2146=CARTESIAN_POINT('',(-16.1027263506236,0.39542502495394,57.2499990463257));
#2147=CARTESIAN_POINT('',(-16.1027263506236,0.39542502495394,57.2499990463257));
#2148=CARTESIAN_POINT('Origin',(-14.5,-15.1224236933423,57.2499990463257));
#2149=CARTESIAN_POINT('',(-12.8532020961132,-13.9874978527016,55.2499990463257));
#2150=CARTESIAN_POINT('Origin',(-14.5,-15.1224236933423,55.2499990463257));
#2151=CARTESIAN_POINT('',(-12.8532020961132,-13.9874978527016,57.2499990463257));
#2152=CARTESIAN_POINT('Origin',(-14.5,-15.1224236933423,57.2499990463257));
#2153=CARTESIAN_POINT('',(-12.8532020961132,-13.9874978527016,57.2499990463257));
#2154=CARTESIAN_POINT('Origin',(14.5,-15.1224236933423,44.7500002384186));
#2155=CARTESIAN_POINT('',(12.8532020961132,-13.9874978527016,55.2499990463257));
#2156=CARTESIAN_POINT('Origin',(14.5,-15.1224236933423,55.2499990463257));
#2157=CARTESIAN_POINT('',(12.8532020961132,-13.9874978527016,57.2499990463257));
#2158=CARTESIAN_POINT('',(12.8532020961132,-13.9874978527016,44.7500002384186));
#2159=CARTESIAN_POINT('Origin',(14.5,-15.1224236933423,57.2499990463257));
#2160=CARTESIAN_POINT('Origin',(18.9846228569835,-5.09069552846455,57.2499990463257));
#2161=CARTESIAN_POINT('',(18.9846228569835,-5.09069552846455,55.2499990463257));
#2162=CARTESIAN_POINT('',(18.9846228569835,-5.09069552846455,55.2499990463257));
#2163=CARTESIAN_POINT('',(18.9846228569835,-5.09069552846455,57.2499990463257));
#2164=CARTESIAN_POINT('',(18.9846228569835,-5.09069552846455,57.2499990463257));
#2165=CARTESIAN_POINT('',(18.9846228569835,-5.09069552846455,57.2499990463257));
#2166=CARTESIAN_POINT('Ctrl Pts',(9.79279510272336,-4.78656117642055,44.4260065897252));
#2167=CARTESIAN_POINT('Ctrl Pts',(9.79048601097846,-4.7912853310717,44.1402616427298));
#2168=CARTESIAN_POINT('Ctrl Pts',(9.73081096080831,-4.91501588507544,43.7239976727336));
#2169=CARTESIAN_POINT('Ctrl Pts',(9.58479665785509,-5.19279540224684,43.2655707055995));
#2170=CARTESIAN_POINT('Ctrl Pts',(9.40648582010427,-5.51299735025536,42.8554019281269));
#2171=CARTESIAN_POINT('Ctrl Pts',(9.13521046562959,-5.95843351096326,42.4206453924485));
#2172=CARTESIAN_POINT('Ctrl Pts',(8.74832302998176,-6.51447408625384,41.9840316357348));
#2173=CARTESIAN_POINT('Ctrl Pts',(8.45337797176938,-6.88539520701341,41.7395361128703));
#2174=CARTESIAN_POINT('Ctrl Pts',(8.29363300261711,-7.07288620114474,41.6257174025477));
#2175=CARTESIAN_POINT('Ctrl Pts',(8.29023318678946,-7.07687100737119,41.6233043821747));
#2176=CARTESIAN_POINT('Ctrl Pts',(8.22137673807594,-7.15745404579301,41.5745864596618));
#2177=CARTESIAN_POINT('Ctrl Pts',(8.15438003649328,-7.23370745908047,41.5301956062137));
#2178=CARTESIAN_POINT('Ctrl Pts',(8.08585171446816,-7.30951409446913,41.4877951896918));
#2179=CARTESIAN_POINT('Ctrl Pts',(9.75768000474079,-4.85840290978896,44.4276130964387));
#2180=CARTESIAN_POINT('Ctrl Pts',(9.75540184371284,-4.862997330524,44.1585282733528));
#2181=CARTESIAN_POINT('Ctrl Pts',(9.6944103902988,-4.98713037199733,43.7663191738508));
#2182=CARTESIAN_POINT('Ctrl Pts',(9.54537026340954,-5.26560241999103,43.3364429268099));
#2183=CARTESIAN_POINT('Ctrl Pts',(9.36357769842797,-5.58627619717833,42.953095792888));
#2184=CARTESIAN_POINT('Ctrl Pts',(9.08761452611928,-6.03148706524689,42.5496731292213));
#2185=CARTESIAN_POINT('Ctrl Pts',(8.69558012191198,-6.58530321258083,42.1496318993308));
#2186=CARTESIAN_POINT('Ctrl Pts',(8.39828586593542,-6.95299183011672,41.9297562017878));
#2187=CARTESIAN_POINT('Ctrl Pts',(8.23797717848699,-7.138147884148,41.8287666188018));
#2188=CARTESIAN_POINT('Ctrl Pts',(8.23456604892827,-7.14208256339728,41.8266261082599));
#2189=CARTESIAN_POINT('Ctrl Pts',(8.16548469525269,-7.22164596574508,41.7834256589139));
#2190=CARTESIAN_POINT('Ctrl Pts',(8.09838669502409,-7.29681402793385,41.7443206452993));
#2191=CARTESIAN_POINT('Ctrl Pts',(8.02992000570717,-7.37138624495248,41.707254664062));
#2192=CARTESIAN_POINT('Ctrl Pts',(9.70477881292946,-5.01055078918873,44.4308260064549));
#2193=CARTESIAN_POINT('Ctrl Pts',(9.70265695014085,-5.01504279245512,44.1945403899446));
#2194=CARTESIAN_POINT('Ctrl Pts',(9.6430440178042,-5.14203427142188,43.8510458815037));
#2195=CARTESIAN_POINT('Ctrl Pts',(9.49780325893085,-5.4280819405974,43.4780459629273));
#2196=CARTESIAN_POINT('Ctrl Pts',(9.32101175031729,-5.75787252928282,43.1484144622252));
#2197=CARTESIAN_POINT('Ctrl Pts',(9.05366929011648,-6.21672506539605,42.8075829228542));
#2198=CARTESIAN_POINT('Ctrl Pts',(8.6765841057007,-6.79013818573549,42.4805039756159));
#2199=CARTESIAN_POINT('Ctrl Pts',(8.39345769786983,-7.17320705585272,42.3095963601679));
#2200=CARTESIAN_POINT('Ctrl Pts',(8.24206945954392,-7.36662043385513,42.2340201449819));
#2201=CARTESIAN_POINT('Ctrl Pts',(8.23884897194413,-7.37073085720073,42.2324198830298));
#2202=CARTESIAN_POINT('Ctrl Pts',(8.17363897693491,-7.45385209468561,42.2001525728831));
#2203=CARTESIAN_POINT('Ctrl Pts',(8.11051387336862,-7.53247838912219,42.1715093550929));
#2204=CARTESIAN_POINT('Ctrl Pts',(8.04639579665698,-7.61053767498546,42.1449828918793));
#2205=CARTESIAN_POINT('Ctrl Pts',(9.68955077266912,-5.17091527697263,44.4338548576094));
#2206=CARTESIAN_POINT('Ctrl Pts',(9.68777108676425,-5.17537825825016,44.2284953375623));
#2207=CARTESIAN_POINT('Ctrl Pts',(9.63821297843076,-5.30739952065626,43.9305621758068));
#2208=CARTESIAN_POINT('Ctrl Pts',(9.51776206052552,-5.60729808708681,43.6051965890987));
#2209=CARTESIAN_POINT('Ctrl Pts',(9.37115928405549,-5.95463745520331,43.3161807570719));
#2210=CARTESIAN_POINT('Ctrl Pts',(9.14946214091288,-6.44175926357921,43.0133112858828));
#2211=CARTESIAN_POINT('Ctrl Pts',(8.83634960834471,-7.0596133686823,42.7130343189706));
#2212=CARTESIAN_POINT('Ctrl Pts',(8.60049184767956,-7.48008423548562,42.5462861342523));
#2213=CARTESIAN_POINT('Ctrl Pts',(8.47389651316932,-7.69464483729973,42.4687626091888));
#2214=CARTESIAN_POINT('Ctrl Pts',(8.47120309599435,-7.6992058562602,42.4671189962546));
#2215=CARTESIAN_POINT('Ctrl Pts',(8.41666167154352,-7.79145974464677,42.4339371759958));
#2216=CARTESIAN_POINT('Ctrl Pts',(8.36378358419447,-7.87912523947207,42.4037217113119));
#2217=CARTESIAN_POINT('Ctrl Pts',(8.30995537715857,-7.96656926240221,42.3748713776491));
#2218=CARTESIAN_POINT('Ctrl Pts',(9.69157623119145,-5.25085745841627,44.4352799075486));
#2219=CARTESIAN_POINT('Ctrl Pts',(9.68991977036861,-5.25525295099342,44.2447909066751));
#2220=CARTESIAN_POINT('Ctrl Pts',(9.64759843600088,-5.38980932707845,43.9677258776503));
#2221=CARTESIAN_POINT('Ctrl Pts',(9.54413652891662,-5.69642146770668,43.6619796708309));
#2222=CARTESIAN_POINT('Ctrl Pts',(9.4177508264515,-6.0522223328471,43.3872459095982));
#2223=CARTESIAN_POINT('Ctrl Pts',(9.22523868246145,-6.55270345824146,43.0926016644024));
#2224=CARTESIAN_POINT('Ctrl Pts',(8.94950947335422,-7.19051875897354,42.7871344067771));
#2225=CARTESIAN_POINT('Ctrl Pts',(8.73790340402517,-7.62648979171702,42.6062845801885));
#2226=CARTESIAN_POINT('Ctrl Pts',(8.6227935134479,-7.84932466284701,42.5186574149888));
#2227=CARTESIAN_POINT('Ctrl Pts',(8.62034344521107,-7.85406171904866,42.5167978509449));
#2228=CARTESIAN_POINT('Ctrl Pts',(8.57071781611815,-7.94987951384083,42.479219829193));
#2229=CARTESIAN_POINT('Ctrl Pts',(8.52235222716634,-8.04099457956744,42.4443281342455));
#2230=CARTESIAN_POINT('Ctrl Pts',(8.47280170698646,-8.13193185889487,42.410301089531));
#2231=CARTESIAN_POINT('',(8.47280170698649,-8.13193185889486,42.410301089531));
#2232=CARTESIAN_POINT('Origin',(8.82767288208715,-7.98011185413767,41.4877951896918));
#2233=CARTESIAN_POINT('',(9.69157623119145,-5.25085745841649,44.4352799075486));
#2234=CARTESIAN_POINT('Ctrl Pts',(8.47280170698646,-8.13193185889487,42.410301089531));
#2235=CARTESIAN_POINT('Ctrl Pts',(8.52235222716634,-8.04099457956744,42.4443281342455));
#2236=CARTESIAN_POINT('Ctrl Pts',(8.57071781611815,-7.94987951384083,42.479219829193));
#2237=CARTESIAN_POINT('Ctrl Pts',(8.62034344521107,-7.85406171904866,42.5167978509449));
#2238=CARTESIAN_POINT('Ctrl Pts',(8.6227935134479,-7.84932466284701,42.5186574149888));
#2239=CARTESIAN_POINT('Ctrl Pts',(8.73790340402517,-7.62648979171702,42.6062845801885));
#2240=CARTESIAN_POINT('Ctrl Pts',(8.94950947335422,-7.19051875897354,42.7871344067771));
#2241=CARTESIAN_POINT('Ctrl Pts',(9.22523868246145,-6.55270345824146,43.0926016644024));
#2242=CARTESIAN_POINT('Ctrl Pts',(9.4177508264515,-6.0522223328471,43.3872459095982));
#2243=CARTESIAN_POINT('Ctrl Pts',(9.54413652891662,-5.69642146770668,43.6619796708309));
#2244=CARTESIAN_POINT('Ctrl Pts',(9.64759843600088,-5.38980932707845,43.9677258776503));
#2245=CARTESIAN_POINT('Ctrl Pts',(9.68991977036861,-5.25525295099342,44.2447909066751));
#2246=CARTESIAN_POINT('Ctrl Pts',(9.69157623119145,-5.25085745841627,44.4352799075486));
#2247=CARTESIAN_POINT('Origin',(10.691216603044,-5.22569533332662,44.4260065897252));
#2248=CARTESIAN_POINT('Ctrl Pts',(9.69157623119145,-5.25085745841626,44.4352799075486));
#2249=CARTESIAN_POINT('Ctrl Pts',(9.70709128796651,-5.28249307173435,46.021924315149));
#2250=CARTESIAN_POINT('Ctrl Pts',(9.73096227734448,-5.31324395320423,49.192256876087));
#2251=CARTESIAN_POINT('Ctrl Pts',(9.70656379949153,-5.28158327386128,52.3623781749167));
#2252=CARTESIAN_POINT('Ctrl Pts',(9.69075290013141,-5.24875287065403,53.9489657119737));
#2253=CARTESIAN_POINT('Ctrl Pts',(9.68752531414681,-5.09097309552898,44.4324298076701));
#2254=CARTESIAN_POINT('Ctrl Pts',(9.69284715760537,-5.1036360770446,46.0197145685521));
#2255=CARTESIAN_POINT('Ctrl Pts',(9.70139075975099,-5.11687475548036,49.1922554018742));
#2256=CARTESIAN_POINT('Ctrl Pts',(9.69270622925983,-5.10315806935171,52.3646515953672));
#2257=CARTESIAN_POINT('Ctrl Pts',(9.68730457732504,-5.09001445761118,53.9518942796115));
#2258=CARTESIAN_POINT('Ctrl Pts',(9.72256490675823,-4.93024464315736,44.4292196031522));
#2259=CARTESIAN_POINT('Ctrl Pts',(9.72727407274292,-4.9214203971442,46.0171303851405));
#2260=CARTESIAN_POINT('Ctrl Pts',(9.7324268861893,-4.91183951042707,49.1922549763971));
#2261=CARTESIAN_POINT('Ctrl Pts',(9.72722032815934,-4.92150493930903,52.3673080438183));
#2262=CARTESIAN_POINT('Ctrl Pts',(9.72237535651663,-4.93058092977168,53.9551870137128));
#2263=CARTESIAN_POINT('Ctrl Pts',(9.79279510272336,-4.78656117642054,44.4260065897252));
#2264=CARTESIAN_POINT('Ctrl Pts',(9.80563198805244,-4.76029828250666,46.0145424831359));
#2265=CARTESIAN_POINT('Ctrl Pts',(9.81879090380131,-4.73297501858181,49.1922545840386));
#2266=CARTESIAN_POINT('Ctrl Pts',(9.80538277596463,-4.76081764582882,52.3699682693454));
#2267=CARTESIAN_POINT('Ctrl Pts',(9.79211632682314,-4.78794962978275,53.9584825467688));
#2268=CARTESIAN_POINT('',(9.69075290062919,-5.24875289397051,53.9489657124612));
#2269=CARTESIAN_POINT('Origin',(10.6904755541167,-5.227211167749,53.9584825467688));
#2270=CARTESIAN_POINT('Ctrl Pts',(9.69157623119145,-5.25085745841626,44.4352799075486));
#2271=CARTESIAN_POINT('Ctrl Pts',(9.70709128796651,-5.28249307173435,46.021924315149));
#2272=CARTESIAN_POINT('Ctrl Pts',(9.73096227734448,-5.31324395320423,49.192256876087));
#2273=CARTESIAN_POINT('Ctrl Pts',(9.70656379949153,-5.28158327386128,52.3623781749167));
#2274=CARTESIAN_POINT('Ctrl Pts',(9.69075290013141,-5.24875287065403,53.9489657119737));
#2275=CARTESIAN_POINT('Ctrl Pts',(7.53076634882451,-7.88019984292207,56.6409714894683));
#2276=CARTESIAN_POINT('Ctrl Pts',(7.63559763790842,-7.78001714560483,56.6368560568006));
#2277=CARTESIAN_POINT('Ctrl Pts',(7.73829209487149,-7.67786545851398,56.6254506217672));
#2278=CARTESIAN_POINT('Ctrl Pts',(7.84369918992745,-7.5687814889952,56.60627743732));
#2279=CARTESIAN_POINT('Ctrl Pts',(7.84897356484129,-7.56331169960471,56.6052978892528));
#2280=CARTESIAN_POINT('Ctrl Pts',(7.9317137891122,-7.47732747315115,56.5896122437771));
#2281=CARTESIAN_POINT('Ctrl Pts',(8.00763545375685,-7.39594354080602,56.5708428710365));
#2282=CARTESIAN_POINT('Ctrl Pts',(8.30867980608942,-7.06331499405824,56.4789633912688));
#2283=CARTESIAN_POINT('Ctrl Pts',(8.73044315633369,-6.54956972998429,56.2686399201942));
#2284=CARTESIAN_POINT('Ctrl Pts',(9.25133482159795,-5.78637809591312,55.7564792253682));
#2285=CARTESIAN_POINT('Ctrl Pts',(9.58320826318676,-5.20161941949265,55.1547801522649));
#2286=CARTESIAN_POINT('Ctrl Pts',(9.75508383872938,-4.86441635158454,54.5180265611756));
#2287=CARTESIAN_POINT('Ctrl Pts',(9.79054866901566,-4.79115573761342,54.1461926714524));
#2288=CARTESIAN_POINT('Ctrl Pts',(9.79211632682495,-4.78794962977904,53.9584825465513));
#2289=CARTESIAN_POINT('Ctrl Pts',(7.52648605717479,-7.88429033123449,56.4132271368349));
#2290=CARTESIAN_POINT('Ctrl Pts',(7.62638734612378,-7.78892788954418,56.4129719427674));
#2291=CARTESIAN_POINT('Ctrl Pts',(7.72476031498369,-7.6913958616193,56.4058962813323));
#2292=CARTESIAN_POINT('Ctrl Pts',(7.82621579775241,-7.58689964166977,56.3916603482368));
#2293=CARTESIAN_POINT('Ctrl Pts',(7.83129395774894,-7.58165868437473,56.3909288743425));
#2294=CARTESIAN_POINT('Ctrl Pts',(7.91097041117962,-7.49926628355493,56.3791640496451));
#2295=CARTESIAN_POINT('Ctrl Pts',(7.98437017872503,-7.42107618230493,56.3642692069652));
#2296=CARTESIAN_POINT('Ctrl Pts',(8.27640664125315,-7.10073649257408,56.2888485031863));
#2297=CARTESIAN_POINT('Ctrl Pts',(8.69023465396423,-6.60231575031553,56.1061861029857));
#2298=CARTESIAN_POINT('Ctrl Pts',(9.21024138697531,-5.85183450389112,55.6403382916412));
#2299=CARTESIAN_POINT('Ctrl Pts',(9.54581392274866,-5.27054358496977,55.0812745674212));
#2300=CARTESIAN_POINT('Ctrl Pts',(9.72016812392413,-4.93443182650905,54.4838888319265));
#2301=CARTESIAN_POINT('Ctrl Pts',(9.75591012683535,-4.86194725857257,54.133724344572));
#2302=CARTESIAN_POINT('Ctrl Pts',(9.75724584167134,-4.8592652797743,53.9568347800321));
#2303=CARTESIAN_POINT('Ctrl Pts',(7.6299692218801,-8.00967239250202,55.9588445837838));
#2304=CARTESIAN_POINT('Ctrl Pts',(7.71782870282569,-7.91849773604586,55.9662150495976));
#2305=CARTESIAN_POINT('Ctrl Pts',(7.80511501760702,-7.82481572098906,55.9677097772232));
#2306=CARTESIAN_POINT('Ctrl Pts',(7.89586125114127,-7.72394518191921,55.9632604304582));
#2307=CARTESIAN_POINT('Ctrl Pts',(7.90040550047115,-7.71888480122759,55.9630211490688));
#2308=CARTESIAN_POINT('Ctrl Pts',(7.97173013133852,-7.63931113626468,55.9590247935463));
#2309=CARTESIAN_POINT('Ctrl Pts',(8.03786160260796,-7.56351574850488,55.9518283794323));
#2310=CARTESIAN_POINT('Ctrl Pts',(8.30245934141877,-7.25183583385979,55.9090700867417));
#2311=CARTESIAN_POINT('Ctrl Pts',(8.68431105471487,-6.76218468227016,55.781490542183));
#2312=CARTESIAN_POINT('Ctrl Pts',(9.17671162092054,-6.01208963381268,55.4081445797743));
#2313=CARTESIAN_POINT('Ctrl Pts',(9.50020858409744,-5.42391883558567,54.9342626407575));
#2314=CARTESIAN_POINT('Ctrl Pts',(9.66915662046635,-5.08382984677,54.4156868197343));
#2315=CARTESIAN_POINT('Ctrl Pts',(9.70355637021181,-5.01181813301732,54.1088266909798));
#2316=CARTESIAN_POINT('Ctrl Pts',(9.70458184620213,-5.01024088784559,53.9535393522736));
#2317=CARTESIAN_POINT('Ctrl Pts',(7.91011056697945,-8.31224667050272,55.7081205038858));
#2318=CARTESIAN_POINT('Ctrl Pts',(7.98841080231752,-8.21435305575191,55.7133967344001));
#2319=CARTESIAN_POINT('Ctrl Pts',(8.06569325842048,-8.11409157664111,55.7134844241197));
#2320=CARTESIAN_POINT('Ctrl Pts',(8.14557255302818,-8.00646265714897,55.7083355633225));
#2321=CARTESIAN_POINT('Ctrl Pts',(8.14957145881045,-8.00106432281321,55.7080634769594));
#2322=CARTESIAN_POINT('Ctrl Pts',(8.21231558564244,-7.91618244874168,55.7035791589052));
#2323=CARTESIAN_POINT('Ctrl Pts',(8.27022588924333,-7.835520962719,55.6963808030762));
#2324=CARTESIAN_POINT('Ctrl Pts',(8.50097241027877,-7.50446955151257,55.6554766177652));
#2325=CARTESIAN_POINT('Ctrl Pts',(8.82976753926216,-6.98827944809211,55.5395889940589));
#2326=CARTESIAN_POINT('Ctrl Pts',(9.24650257593355,-6.20463954078629,55.2114743623562));
#2327=CARTESIAN_POINT('Ctrl Pts',(9.51750080442602,-5.59351230176599,54.8002020995066));
#2328=CARTESIAN_POINT('Ctrl Pts',(9.65893736479073,-5.24258150704936,54.3513458120378));
#2329=CARTESIAN_POINT('Ctrl Pts',(9.68796132432811,-5.16985998171471,54.0853314836693));
#2330=CARTESIAN_POINT('Ctrl Pts',(9.68902873872955,-5.16938366413319,53.9504299956177));
#2331=CARTESIAN_POINT('Ctrl Pts',(8.06338511857545,-8.47436828915671,55.6620115487287));
#2332=CARTESIAN_POINT('Ctrl Pts',(8.13954810052279,-8.37214684094019,55.6631452152614));
#2333=CARTESIAN_POINT('Ctrl Pts',(8.21409160009683,-8.26769108134404,55.6592518163783));
#2334=CARTESIAN_POINT('Ctrl Pts',(8.29052471896025,-8.15580975827317,55.6502085965172));
#2335=CARTESIAN_POINT('Ctrl Pts',(8.29434907665567,-8.15019884566261,55.6497424670733));
#2336=CARTESIAN_POINT('Ctrl Pts',(8.35433919997038,-8.06198235087405,55.6422144301791));
#2337=CARTESIAN_POINT('Ctrl Pts',(8.40933869893203,-7.97829450550258,55.6323492732916));
#2338=CARTESIAN_POINT('Ctrl Pts',(8.62722080476109,-7.63534575422208,55.5814790770833));
#2339=CARTESIAN_POINT('Ctrl Pts',(8.93152870065203,-7.10333998755667,55.455065776529));
#2340=CARTESIAN_POINT('Ctrl Pts',(9.30493386028953,-6.30126583530594,55.1296806627344));
#2341=CARTESIAN_POINT('Ctrl Pts',(9.54161475472811,-5.67830460852666,54.7393767126242));
#2342=CARTESIAN_POINT('Ctrl Pts',(9.66417772697223,-5.32180665882253,54.3210184951759));
#2343=CARTESIAN_POINT('Ctrl Pts',(9.68955943623889,-5.24870963859541,54.0742386235953));
#2344=CARTESIAN_POINT('Ctrl Pts',(9.69075290013303,-5.24875287065544,53.9489657118065));
#2345=CARTESIAN_POINT('',(8.06338511857545,-8.47436828915671,55.6620115487287));
#2346=CARTESIAN_POINT('Ctrl Pts',(9.69075290013303,-5.24875287065544,53.9489657118065));
#2347=CARTESIAN_POINT('Ctrl Pts',(9.68955943623889,-5.24870963859541,54.0742386235953));
#2348=CARTESIAN_POINT('Ctrl Pts',(9.66417772697223,-5.32180665882253,54.3210184951759));
#2349=CARTESIAN_POINT('Ctrl Pts',(9.54161475472811,-5.67830460852666,54.7393767126242));
#2350=CARTESIAN_POINT('Ctrl Pts',(9.30493386028953,-6.30126583530594,55.1296806627344));
#2351=CARTESIAN_POINT('Ctrl Pts',(8.93152870065203,-7.10333998755667,55.455065776529));
#2352=CARTESIAN_POINT('Ctrl Pts',(8.62722080476109,-7.63534575422208,55.5814790770833));
#2353=CARTESIAN_POINT('Ctrl Pts',(8.40933869893203,-7.97829450550258,55.6323492732916));
#2354=CARTESIAN_POINT('Ctrl Pts',(8.35433919997038,-8.06198235087405,55.6422144301791));
#2355=CARTESIAN_POINT('Ctrl Pts',(8.29434907665567,-8.15019884566261,55.6497424670733));
#2356=CARTESIAN_POINT('Ctrl Pts',(8.29052471896025,-8.15580975827317,55.6502085965172));
#2357=CARTESIAN_POINT('Ctrl Pts',(8.21409160009683,-8.26769108134404,55.6592518163783));
#2358=CARTESIAN_POINT('Ctrl Pts',(8.13954810052279,-8.37214684094019,55.6631452152614));
#2359=CARTESIAN_POINT('Ctrl Pts',(8.06338511857545,-8.47436828915671,55.6620115487287));
#2360=CARTESIAN_POINT('Origin',(8.22166224643407,-8.60315410058038,56.6409714894683));
#2361=CARTESIAN_POINT('Ctrl Pts',(8.06338511857544,-8.47436828915671,55.6620115487287));
#2362=CARTESIAN_POINT('Ctrl Pts',(7.09593113552987,-9.41305357384191,55.694940875426));
#2363=CARTESIAN_POINT('Ctrl Pts',(6.00629901844281,-10.158787347386,55.7597713150319));
#2364=CARTESIAN_POINT('Ctrl Pts',(3.3168116668643,-11.4222795604501,55.7853105388527));
#2365=CARTESIAN_POINT('Ctrl Pts',(1.66221641760842,-11.881819597432,55.8248773298914));
#2366=CARTESIAN_POINT('Ctrl Pts',(-1.2888806431287,-11.8818195061264,55.8248775427781));
#2367=CARTESIAN_POINT('Ctrl Pts',(-3.40289071386402,-11.425709197523,55.7837708196604));
#2368=CARTESIAN_POINT('Ctrl Pts',(-6.12455637109376,-10.1092690896266,55.7603011229274));
#2369=CARTESIAN_POINT('Ctrl Pts',(-7.44146855044824,-9.07778735135455,55.683180275647));
#2370=CARTESIAN_POINT('Ctrl Pts',(-8.063381267384,-8.47436808653552,55.6620120954317));
#2371=CARTESIAN_POINT('Ctrl Pts',(7.88821420246573,-8.28908643926644,55.7147074974796));
#2372=CARTESIAN_POINT('Ctrl Pts',(6.93949058512734,-9.20378881405886,55.7436612083366));
#2373=CARTESIAN_POINT('Ctrl Pts',(5.8721085184186,-9.93142779481877,55.8051092173758));
#2374=CARTESIAN_POINT('Ctrl Pts',(3.23827138592137,-11.156952423168,55.8199423145731));
#2375=CARTESIAN_POINT('Ctrl Pts',(1.61906511509725,-11.5847667256107,55.829544088791));
#2376=CARTESIAN_POINT('Ctrl Pts',(-1.25549635977853,-11.5845269956732,55.8289922736184));
#2377=CARTESIAN_POINT('Ctrl Pts',(-3.32226031315694,-11.1611547290781,55.8197064722136));
#2378=CARTESIAN_POINT('Ctrl Pts',(-5.98801968930326,-9.88343977843946,55.8060105408383));
#2379=CARTESIAN_POINT('Ctrl Pts',(-7.27840608914557,-8.87672959325085,55.7331475981692));
#2380=CARTESIAN_POINT('Ctrl Pts',(-7.8882103267203,-8.28908622110657,55.7147080186193));
#2381=CARTESIAN_POINT('Ctrl Pts',(7.61324980440027,-7.99101213741647,55.9898071961488));
#2382=CARTESIAN_POINT('Ctrl Pts',(6.69883863551428,-8.86370424914463,56.0172111617848));
#2383=CARTESIAN_POINT('Ctrl Pts',(5.65879897716035,-9.56417147087364,56.0779380131108));
#2384=CARTESIAN_POINT('Ctrl Pts',(3.11185724855604,-10.7216609484021,56.0894335010649));
#2385=CARTESIAN_POINT('Ctrl Pts',(1.54569561117367,-11.0782488136389,56.083307479504));
#2386=CARTESIAN_POINT('Ctrl Pts',(-1.19815722649816,-11.0783342022503,56.0826717219986));
#2387=CARTESIAN_POINT('Ctrl Pts',(-3.19176115365056,-10.7290751548357,56.0899753499234));
#2388=CARTESIAN_POINT('Ctrl Pts',(-5.77130583911431,-9.51871370959971,56.0787416599345));
#2389=CARTESIAN_POINT('Ctrl Pts',(-7.02449824786534,-8.55255358517988,56.0071735780157));
#2390=CARTESIAN_POINT('Ctrl Pts',(-7.61324588960319,-7.99101186940371,55.9898077097755));
#2391=CARTESIAN_POINT('Ctrl Pts',(7.52709752741045,-7.8837059757613,56.445762044354));
#2392=CARTESIAN_POINT('Ctrl Pts',(6.6343291434191,-8.73496704945161,56.4781074298901));
#2393=CARTESIAN_POINT('Ctrl Pts',(5.59146565676679,-9.43661829527487,56.5447530086378));
#2394=CARTESIAN_POINT('Ctrl Pts',(3.07463198217807,-10.570030372744,56.5723626032653));
#2395=CARTESIAN_POINT('Ctrl Pts',(1.52565437250158,-10.9001945456503,56.6022052951321));
#2396=CARTESIAN_POINT('Ctrl Pts',(-1.18270431689448,-10.9003241256064,56.6019880238565));
#2397=CARTESIAN_POINT('Ctrl Pts',(-3.15249187967031,-10.5793292733635,56.5713012460911));
#2398=CARTESIAN_POINT('Ctrl Pts',(-5.70331624222018,-9.39147348403646,56.5448430729787));
#2399=CARTESIAN_POINT('Ctrl Pts',(-6.95251114892502,-8.43141753470973,56.4664401962122));
#2400=CARTESIAN_POINT('Ctrl Pts',(-7.52709362038186,-7.88370566597568,56.4457625963081));
#2401=CARTESIAN_POINT('Ctrl Pts',(7.5307663488245,-7.88019984292208,56.6409714894683));
#2402=CARTESIAN_POINT('Ctrl Pts',(6.64386649806148,-8.72777140362836,56.6757891154903));
#2403=CARTESIAN_POINT('Ctrl Pts',(5.59430369864182,-9.43529867946204,56.7446335920747));
#2404=CARTESIAN_POINT('Ctrl Pts',(3.07807895796603,-10.5687512034118,56.779104881448));
#2405=CARTESIAN_POINT('Ctrl Pts',(1.53008052866437,-10.8999980736571,56.8247120870492));
#2406=CARTESIAN_POINT('Ctrl Pts',(-1.18642217255954,-10.8999979660597,56.8247123014585));
#2407=CARTESIAN_POINT('Ctrl Pts',(-3.15561774809087,-10.5783180369975,56.7773904581602));
#2408=CARTESIAN_POINT('Ctrl Pts',(-5.70652973090332,-9.38979777449841,56.7444418317225));
#2409=CARTESIAN_POINT('Ctrl Pts',(-6.96063269106839,-8.42504775167777,56.6633541018775));
#2410=CARTESIAN_POINT('Ctrl Pts',(-7.53076245413018,-7.88019952104912,56.6409720577817));
#2411=CARTESIAN_POINT('',(-8.06338126671652,-8.47436808664848,55.6620120955248));
#2412=CARTESIAN_POINT('Origin',(-8.22165838263958,-8.6031537491778,56.6409720577817));
#2413=CARTESIAN_POINT('Ctrl Pts',(8.06338511857544,-8.47436828915671,55.6620115487287));
#2414=CARTESIAN_POINT('Ctrl Pts',(7.09593113552987,-9.41305357384191,55.694940875426));
#2415=CARTESIAN_POINT('Ctrl Pts',(6.00629901844281,-10.158787347386,55.7597713150319));
#2416=CARTESIAN_POINT('Ctrl Pts',(3.3168116668643,-11.4222795604501,55.7853105388527));
#2417=CARTESIAN_POINT('Ctrl Pts',(1.66221641760842,-11.881819597432,55.8248773298914));
#2418=CARTESIAN_POINT('Ctrl Pts',(-1.2888806431287,-11.8818195061264,55.8248775427781));
#2419=CARTESIAN_POINT('Ctrl Pts',(-3.40289071386402,-11.425709197523,55.7837708196604));
#2420=CARTESIAN_POINT('Ctrl Pts',(-6.12455637109376,-10.1092690896266,55.7603011229274));
#2421=CARTESIAN_POINT('Ctrl Pts',(-7.44146855044824,-9.07778735135455,55.683180275647));
#2422=CARTESIAN_POINT('Ctrl Pts',(-8.063381267384,-8.47436808653552,55.6620120954317));
#2423=CARTESIAN_POINT('Ctrl Pts',(-9.79211213927467,-4.78794953988973,53.9584826042628));
#2424=CARTESIAN_POINT('Ctrl Pts',(-9.79054438997787,-4.79115583490512,54.1462035950781));
#2425=CARTESIAN_POINT('Ctrl Pts',(-9.7551334341776,-4.86426229986112,54.518152711828));
#2426=CARTESIAN_POINT('Ctrl Pts',(-9.58313154375425,-5.20183653091043,55.1547005802234));
#2427=CARTESIAN_POINT('Ctrl Pts',(-9.25094752559107,-5.78717888076532,55.7568181005822));
#2428=CARTESIAN_POINT('Ctrl Pts',(-8.73064921302046,-6.54923217092852,56.268385349458));
#2429=CARTESIAN_POINT('Ctrl Pts',(-8.30867105601484,-7.06333948881455,56.4789737283352));
#2430=CARTESIAN_POINT('Ctrl Pts',(-8.00763061397665,-7.39594682810663,56.5708413679494));
#2431=CARTESIAN_POINT('Ctrl Pts',(-7.93170787910527,-7.47733334483173,56.5896132765892));
#2432=CARTESIAN_POINT('Ctrl Pts',(-7.84896830424973,-7.56331615460949,56.605298535927));
#2433=CARTESIAN_POINT('Ctrl Pts',(-7.84369386977213,-7.56878604831216,56.6062781080717));
#2434=CARTESIAN_POINT('Ctrl Pts',(-7.73828754475437,-7.67786867968719,56.6254511825666));
#2435=CARTESIAN_POINT('Ctrl Pts',(-7.63559375394301,-7.78001680490829,56.6368566108127));
#2436=CARTESIAN_POINT('Ctrl Pts',(-7.53076245404278,-7.88019952113264,56.6409720577851));
#2437=CARTESIAN_POINT('Ctrl Pts',(-9.75724164103834,-4.85926521830022,53.9568348362846));
#2438=CARTESIAN_POINT('Ctrl Pts',(-9.75590518706062,-4.86194924685221,54.1337454115062));
#2439=CARTESIAN_POINT('Ctrl Pts',(-9.72021872189239,-4.9342753730456,54.4840081634892));
#2440=CARTESIAN_POINT('Ctrl Pts',(-9.54573559095751,-5.27076514789766,55.0812068952721));
#2441=CARTESIAN_POINT('Ctrl Pts',(-9.20985414261378,-5.85263104324951,55.640658268947));
#2442=CARTESIAN_POINT('Ctrl Pts',(-8.69044185683628,-6.60198022659458,56.105945951049));
#2443=CARTESIAN_POINT('Ctrl Pts',(-8.27639655619724,-7.10076121337582,56.288853871107));
#2444=CARTESIAN_POINT('Ctrl Pts',(-7.98436561468584,-7.42107950129349,56.3642690425768));
#2445=CARTESIAN_POINT('Ctrl Pts',(-7.91096431781746,-7.49927211945209,56.3791640648418));
#2446=CARTESIAN_POINT('Ctrl Pts',(-7.83128869383955,-7.58166316535703,56.3909295984194));
#2447=CARTESIAN_POINT('Ctrl Pts',(-7.82621046146586,-7.58690421462882,56.39166097969));
#2448=CARTESIAN_POINT('Ctrl Pts',(-7.72475567070189,-7.69139919049381,56.4058969356486));
#2449=CARTESIAN_POINT('Ctrl Pts',(-7.62638350829326,-7.78892749652765,56.4129724036907));
#2450=CARTESIAN_POINT('Ctrl Pts',(-7.52648214794845,-7.88429002359908,56.4132276861006));
#2451=CARTESIAN_POINT('Ctrl Pts',(-9.70457763301116,-5.01024088965009,53.9535394056085));
#2452=CARTESIAN_POINT('Ctrl Pts',(-9.70355131765468,-5.01181866118998,54.1088379939302));
#2453=CARTESIAN_POINT('Ctrl Pts',(-9.66920266148691,-5.08366329589562,54.4157897885655));
#2454=CARTESIAN_POINT('Ctrl Pts',(-9.50013651162541,-5.42415345689257,54.9342000932792));
#2455=CARTESIAN_POINT('Ctrl Pts',(-9.17634736406327,-6.01289779238128,55.4083980950754));
#2456=CARTESIAN_POINT('Ctrl Pts',(-8.68451716231663,-6.76186410624008,55.7813020090783));
#2457=CARTESIAN_POINT('Ctrl Pts',(-8.30244065050616,-7.25185829254547,55.9090762286665));
#2458=CARTESIAN_POINT('Ctrl Pts',(-8.0378596714464,-7.56352113458292,55.9518283002594));
#2459=CARTESIAN_POINT('Ctrl Pts',(-7.97172255117701,-7.63931675468577,55.959025130775));
#2460=CARTESIAN_POINT('Ctrl Pts',(-7.90040059187572,-7.71889002714159,55.9630219485138));
#2461=CARTESIAN_POINT('Ctrl Pts',(-7.89585607843884,-7.72395039466186,55.9632611610096));
#2462=CARTESIAN_POINT('Ctrl Pts',(-7.80511057882885,-7.82481968427342,55.9677105776086));
#2463=CARTESIAN_POINT('Ctrl Pts',(-7.71782478712386,-7.91849734711946,55.9662154492759));
#2464=CARTESIAN_POINT('Ctrl Pts',(-7.62996530887194,-8.00967212926193,55.9588450954374));
#2465=CARTESIAN_POINT('Ctrl Pts',(-9.68902454320865,-5.16938373186093,53.9504300463457));
#2466=CARTESIAN_POINT('Ctrl Pts',(-9.68795633482465,-5.16985880052075,54.0853318528159));
#2467=CARTESIAN_POINT('Ctrl Pts',(-9.65897358129489,-5.24240430019695,54.3514371431548));
#2468=CARTESIAN_POINT('Ctrl Pts',(-9.51744183674967,-5.59376074741287,54.800137721646));
#2469=CARTESIAN_POINT('Ctrl Pts',(-9.24620555420594,-6.20547487977912,55.2116807876316));
#2470=CARTESIAN_POINT('Ctrl Pts',(-8.82994392346925,-6.98795772373279,55.5394298408893));
#2471=CARTESIAN_POINT('Ctrl Pts',(-8.50095210618177,-7.50449210025143,55.6554844532476));
#2472=CARTESIAN_POINT('Ctrl Pts',(-8.27022502560363,-7.835527491967,55.6963798097932));
#2473=CARTESIAN_POINT('Ctrl Pts',(-8.21230780606009,-7.91618840952532,55.7035800391285));
#2474=CARTESIAN_POINT('Ctrl Pts',(-8.14956693869506,-8.001070152571,55.7080640408489));
#2475=CARTESIAN_POINT('Ctrl Pts',(-8.14556770242482,-8.00646844681178,55.7083361444423));
#2476=CARTESIAN_POINT('Ctrl Pts',(-8.06568912247481,-8.11409597519822,55.7134850317826));
#2477=CARTESIAN_POINT('Ctrl Pts',(-7.98840686402761,-8.21435274519317,55.7133971899814));
#2478=CARTESIAN_POINT('Ctrl Pts',(-7.91010669388208,-8.31224645447844,55.7081210283093));
#2479=CARTESIAN_POINT('Ctrl Pts',(-9.6907487209331,-5.24875296931741,53.94896576138));
#2480=CARTESIAN_POINT('Ctrl Pts',(-9.68955518718058,-5.24870974643597,54.0742459238504));
#2481=CARTESIAN_POINT('Ctrl Pts',(-9.66421161715899,-5.32162753706638,54.3211066959808));
#2482=CARTESIAN_POINT('Ctrl Pts',(-9.54155888744912,-5.67855607071763,54.7393173458766));
#2483=CARTESIAN_POINT('Ctrl Pts',(-9.30465109540033,-6.30210684276136,55.129881774936));
#2484=CARTESIAN_POINT('Ctrl Pts',(-8.93167886962949,-7.10300489303059,55.4549081469655));
#2485=CARTESIAN_POINT('Ctrl Pts',(-8.62721386176301,-7.6353751069061,55.5814859712394));
#2486=CARTESIAN_POINT('Ctrl Pts',(-8.40933428930861,-7.97829918940059,55.6323484701581));
#2487=CARTESIAN_POINT('Ctrl Pts',(-8.3543340142677,-8.06198969157284,55.6422152515371));
#2488=CARTESIAN_POINT('Ctrl Pts',(-8.29434434452368,-8.15020456232503,55.6497430535778));
#2489=CARTESIAN_POINT('Ctrl Pts',(-8.29051994486858,-8.15581559186164,55.6502091975035));
#2490=CARTESIAN_POINT('Ctrl Pts',(-8.21408736818932,-8.26769537823125,55.6592523689161));
#2491=CARTESIAN_POINT('Ctrl Pts',(-8.13954425525054,-8.37214662149804,55.6631457486028));
#2492=CARTESIAN_POINT('Ctrl Pts',(-8.06338126692077,-8.47436808671214,55.6620120954834));
#2493=CARTESIAN_POINT('',(-9.69074872093302,-5.24875296931357,53.94896576138));
#2494=CARTESIAN_POINT('Ctrl Pts',(-8.06338126692077,-8.47436808671214,55.6620120954834));
#2495=CARTESIAN_POINT('Ctrl Pts',(-8.13954425525054,-8.37214662149804,55.6631457486028));
#2496=CARTESIAN_POINT('Ctrl Pts',(-8.21408736818932,-8.26769537823125,55.6592523689161));
#2497=CARTESIAN_POINT('Ctrl Pts',(-8.29051994486858,-8.15581559186164,55.6502091975035));
#2498=CARTESIAN_POINT('Ctrl Pts',(-8.29434434452368,-8.15020456232503,55.6497430535778));
#2499=CARTESIAN_POINT('Ctrl Pts',(-8.3543340142677,-8.06198969157284,55.6422152515371));
#2500=CARTESIAN_POINT('Ctrl Pts',(-8.40933428930861,-7.97829918940059,55.6323484701581));
#2501=CARTESIAN_POINT('Ctrl Pts',(-8.62721386176301,-7.6353751069061,55.5814859712394));
#2502=CARTESIAN_POINT('Ctrl Pts',(-8.93167886962949,-7.10300489303059,55.4549081469655));
#2503=CARTESIAN_POINT('Ctrl Pts',(-9.30465109540033,-6.30210684276136,55.129881774936));
#2504=CARTESIAN_POINT('Ctrl Pts',(-9.54155888744912,-5.67855607071763,54.7393173458766));
#2505=CARTESIAN_POINT('Ctrl Pts',(-9.66421161715899,-5.32162753706638,54.3211066959808));
#2506=CARTESIAN_POINT('Ctrl Pts',(-9.68955518718058,-5.24870974643597,54.0742459238504));
#2507=CARTESIAN_POINT('Ctrl Pts',(-9.6907487209331,-5.24875296931741,53.94896576138));
#2508=CARTESIAN_POINT('Origin',(-10.6904713706007,-5.22721106960891,53.9584826042628));
#2509=CARTESIAN_POINT('Ctrl Pts',(-9.6907487209331,-5.24875296931742,53.9489657613797));
#2510=CARTESIAN_POINT('Ctrl Pts',(-9.70655964002711,-5.28158338478646,52.3623782135194));
#2511=CARTESIAN_POINT('Ctrl Pts',(-9.73095814489516,-5.31324407180091,49.1922568949366));
#2512=CARTESIAN_POINT('Ctrl Pts',(-9.70708713479671,-5.28249319087269,46.0219243141478));
#2513=CARTESIAN_POINT('Ctrl Pts',(-9.69157205952025,-5.25085757113669,44.4352798960582));
#2514=CARTESIAN_POINT('Ctrl Pts',(-9.68730036548421,-5.09001449440446,53.9518943313112));
#2515=CARTESIAN_POINT('Ctrl Pts',(-9.69270202474727,-5.10315811197963,52.3646516356998));
#2516=CARTESIAN_POINT('Ctrl Pts',(-9.70138656601911,-5.11687480306955,49.192255420938));
#2517=CARTESIAN_POINT('Ctrl Pts',(-9.69284295538696,-5.10363612313805,46.019714566295));
#2518=CARTESIAN_POINT('Ctrl Pts',(-9.68752110490413,-5.09097313810488,44.4324297942515));
#2519=CARTESIAN_POINT('Ctrl Pts',(-9.722371142802,-4.93058089671071,53.9551870683062));
#2520=CARTESIAN_POINT('Ctrl Pts',(-9.72721611734484,-4.92150490072344,52.3673080865174));
#2521=CARTESIAN_POINT('Ctrl Pts',(-9.73242267893188,-4.91183946512153,49.1922549957341));
#2522=CARTESIAN_POINT('Ctrl Pts',(-9.72726986336833,-4.92142035592444,46.0171303810461));
#2523=CARTESIAN_POINT('Ctrl Pts',(-9.72256069513078,-4.93024460626828,44.4292195872104));
#2524=CARTESIAN_POINT('Ctrl Pts',(-9.79211213927467,-4.78794953988973,53.9584826042626));
#2525=CARTESIAN_POINT('Ctrl Pts',(-9.80537859472045,-4.76081754241135,52.3699683144204));
#2526=CARTESIAN_POINT('Ctrl Pts',(-9.81878672906986,-4.73297490077735,49.1922546036498));
#2527=CARTESIAN_POINT('Ctrl Pts',(-9.8056278103763,-4.76029817169391,46.0145424771954));
#2528=CARTESIAN_POINT('Ctrl Pts',(-9.79279092081225,-4.78656107496179,44.4260065712531));
#2529=CARTESIAN_POINT('',(-9.69157205952677,-5.25085757139786,44.4352798960529));
#2530=CARTESIAN_POINT('Origin',(-10.6912124256826,-5.22569522255971,44.4260065712531));
#2531=CARTESIAN_POINT('Ctrl Pts',(-9.6907487209331,-5.24875296931742,53.9489657613797));
#2532=CARTESIAN_POINT('Ctrl Pts',(-9.70655964002711,-5.28158338478646,52.3623782135194));
#2533=CARTESIAN_POINT('Ctrl Pts',(-9.73095814489516,-5.31324407180091,49.1922568949366));
#2534=CARTESIAN_POINT('Ctrl Pts',(-9.70708713479671,-5.28249319087269,46.0219243141478));
#2535=CARTESIAN_POINT('Ctrl Pts',(-9.69157205952025,-5.25085757113669,44.4352798960582));
#2536=CARTESIAN_POINT('Ctrl Pts',(-8.08584791797459,-7.30951361325835,41.4877952204032));
#2537=CARTESIAN_POINT('Ctrl Pts',(-8.1543760999044,-7.23370712377546,41.5301955498481));
#2538=CARTESIAN_POINT('Ctrl Pts',(-8.22136954791975,-7.15746166294103,41.5745901991625));
#2539=CARTESIAN_POINT('Ctrl Pts',(-8.29022566811545,-7.07687956263643,41.6233085458238));
#2540=CARTESIAN_POINT('Ctrl Pts',(-8.29362546660054,-7.07289480872562,41.6257216446549));
#2541=CARTESIAN_POINT('Ctrl Pts',(-8.45337276422646,-6.88539848432417,41.7395354902508));
#2542=CARTESIAN_POINT('Ctrl Pts',(-8.74808536708255,-6.51508412134963,41.9844082253262));
#2543=CARTESIAN_POINT('Ctrl Pts',(-9.13530581197031,-5.95817405332056,42.4204505313191));
#2544=CARTESIAN_POINT('Ctrl Pts',(-9.45982795524697,-5.42629375819972,42.9438560040294));
#2545=CARTESIAN_POINT('Ctrl Pts',(-9.71025031101257,-4.95800315172599,43.5865075303417));
#2546=CARTESIAN_POINT('Ctrl Pts',(-9.7904818280917,-4.7912852317331,44.1402615959311));
#2547=CARTESIAN_POINT('Ctrl Pts',(-9.79279092081215,-4.78656107496201,44.4260065712394));
#2548=CARTESIAN_POINT('Ctrl Pts',(-8.02991621554739,-7.37138576413709,41.7072547008677));
#2549=CARTESIAN_POINT('Ctrl Pts',(-8.09838277045974,-7.29681368642752,41.7443206046065));
#2550=CARTESIAN_POINT('Ctrl Pts',(-8.16547749687125,-7.22165358974709,41.7834294312017));
#2551=CARTESIAN_POINT('Ctrl Pts',(-8.23455854263102,-7.14209110537209,41.8266303210299));
#2552=CARTESIAN_POINT('Ctrl Pts',(-8.23796960106872,-7.13815653135896,41.8287708699446));
#2553=CARTESIAN_POINT('Ctrl Pts',(-8.39828239548333,-6.95299340713031,41.9297568687428));
#2554=CARTESIAN_POINT('Ctrl Pts',(-8.69533919723565,-6.58591639417554,42.1500064153824));
#2555=CARTESIAN_POINT('Ctrl Pts',(-9.08771459166266,-6.03122303310836,42.549481514317));
#2556=CARTESIAN_POINT('Ctrl Pts',(-9.41784843882502,-5.49962637721678,43.0352771246238));
#2557=CARTESIAN_POINT('Ctrl Pts',(-9.67339203983979,-5.03027010156542,43.6368378307509));
#2558=CARTESIAN_POINT('Ctrl Pts',(-9.75540660091532,-4.86298859624251,44.158532873454));
#2559=CARTESIAN_POINT('Ctrl Pts',(-9.75767580797135,-4.85840284061537,44.4276130792203));
#2560=CARTESIAN_POINT('Ctrl Pts',(-8.04639203091517,-7.61053719172176,42.144982940755));
#2561=CARTESIAN_POINT('Ctrl Pts',(-8.11050999857783,-7.5324780657615,42.1715093446171));
#2562=CARTESIAN_POINT('Ctrl Pts',(-8.17363204006764,-7.45386013777963,42.2001557975355));
#2563=CARTESIAN_POINT('Ctrl Pts',(-8.23884180399734,-7.37073990192225,42.2324234735555));
#2564=CARTESIAN_POINT('Ctrl Pts',(-8.24206208995792,-7.36662950572125,42.2340237668018));
#2565=CARTESIAN_POINT('Ctrl Pts',(-8.39345861230084,-7.17321144615697,42.3095969477135));
#2566=CARTESIAN_POINT('Ctrl Pts',(-8.6763543618817,-6.79077999135173,42.480820015721));
#2567=CARTESIAN_POINT('Ctrl Pts',(-9.05377293038818,-6.21645364830458,42.8074210067883));
#2568=CARTESIAN_POINT('Ctrl Pts',(-9.37361101919044,-5.66861209675134,43.2178434706706));
#2569=CARTESIAN_POINT('Ctrl Pts',(-9.62249235725492,-5.18619576887356,43.7376027812744));
#2570=CARTESIAN_POINT('Ctrl Pts',(-9.70268406985238,-5.01504790052003,44.1945464093182));
#2571=CARTESIAN_POINT('Ctrl Pts',(-9.70477460201467,-5.0105507919608,44.4308259917711));
#2572=CARTESIAN_POINT('Ctrl Pts',(-8.30995164735866,-7.96656876745877,42.3748714255928));
#2573=CARTESIAN_POINT('Ctrl Pts',(-8.36377977219956,-7.87912493263358,42.4037216959764));
#2574=CARTESIAN_POINT('Ctrl Pts',(-8.41665541973922,-7.79146828668602,42.4339397348788));
#2575=CARTESIAN_POINT('Ctrl Pts',(-8.471196703074,-7.69921547958864,42.4671218521831));
#2576=CARTESIAN_POINT('Ctrl Pts',(-8.4738898651816,-7.69465442316945,42.468765499645));
#2577=CARTESIAN_POINT('Ctrl Pts',(-8.60049491367314,-7.48009100752267,42.546286349149));
#2578=CARTESIAN_POINT('Ctrl Pts',(-8.83616430467296,-7.06028853949547,42.7132896073005));
#2579=CARTESIAN_POINT('Ctrl Pts',(-9.14955029491828,-6.44147751487286,43.013180143778));
#2580=CARTESIAN_POINT('Ctrl Pts',(-9.41480650762955,-5.85985801947469,43.3777745122431));
#2581=CARTESIAN_POINT('Ctrl Pts',(-9.62112993357574,-5.35332245634986,43.8320996998503));
#2582=CARTESIAN_POINT('Ctrl Pts',(-9.68780799816693,-5.17539482756657,44.2285009017344));
#2583=CARTESIAN_POINT('Ctrl Pts',(-9.6895465822121,-5.17091535462172,44.4338548451521));
#2584=CARTESIAN_POINT('Ctrl Pts',(-8.47279799274333,-8.13193135570896,42.4103011328813));
#2585=CARTESIAN_POINT('Ctrl Pts',(-8.52234840643813,-8.04099425720888,42.4443281063188));
#2586=CARTESIAN_POINT('Ctrl Pts',(-8.57071166580204,-7.94988809405238,42.4792223563161));
#2587=CARTESIAN_POINT('Ctrl Pts',(-8.62033705498439,-7.85407134127196,42.5168006700182));
#2588=CARTESIAN_POINT('Ctrl Pts',(-8.62278711085246,-7.8493343441719,42.5186602878966));
#2589=CARTESIAN_POINT('Ctrl Pts',(-8.73789864069212,-7.62649343634278,42.6062841702464));
#2590=CARTESIAN_POINT('Ctrl Pts',(-8.94933909645384,-7.19119993568437,42.7873906891114));
#2591=CARTESIAN_POINT('Ctrl Pts',(-9.22530532913295,-6.55241308320114,43.0924689907271));
#2592=CARTESIAN_POINT('Ctrl Pts',(-9.45560185226784,-5.95478741385913,43.4471978015228));
#2593=CARTESIAN_POINT('Ctrl Pts',(-9.6330144154351,-5.43661213243733,43.8762317534998));
#2594=CARTESIAN_POINT('Ctrl Pts',(-9.68991559826116,-5.25525306762594,44.2447908763068));
#2595=CARTESIAN_POINT('Ctrl Pts',(-9.69157205952026,-5.25085757113777,44.4352798960574));
#2596=CARTESIAN_POINT('',(-8.47279799274332,-8.13193135570896,42.4103011328814));
#2597=CARTESIAN_POINT('Origin',(-8.8276691255026,-7.98011132877907,41.4877952204032));
#2598=CARTESIAN_POINT('Ctrl Pts',(-9.69157205952026,-5.25085757113777,44.4352798960574));
#2599=CARTESIAN_POINT('Ctrl Pts',(-9.68991559826116,-5.25525306762594,44.2447908763068));
#2600=CARTESIAN_POINT('Ctrl Pts',(-9.6330144154351,-5.43661213243733,43.8762317534998));
#2601=CARTESIAN_POINT('Ctrl Pts',(-9.45560185226784,-5.95478741385913,43.4471978015228));
#2602=CARTESIAN_POINT('Ctrl Pts',(-9.22530532913295,-6.55241308320114,43.0924689907271));
#2603=CARTESIAN_POINT('Ctrl Pts',(-8.94933909645384,-7.19119993568437,42.7873906891114));
#2604=CARTESIAN_POINT('Ctrl Pts',(-8.73789864069212,-7.62649343634278,42.6062841702464));
#2605=CARTESIAN_POINT('Ctrl Pts',(-8.62278711085246,-7.8493343441719,42.5186602878966));
#2606=CARTESIAN_POINT('Ctrl Pts',(-8.62033705498439,-7.85407134127196,42.5168006700182));
#2607=CARTESIAN_POINT('Ctrl Pts',(-8.57071166580204,-7.94988809405238,42.4792223563161));
#2608=CARTESIAN_POINT('Ctrl Pts',(-8.52234840643813,-8.04099425720888,42.4443281063188));
#2609=CARTESIAN_POINT('Ctrl Pts',(-8.47279799274333,-8.13193135570896,42.4103011328813));
#2610=CARTESIAN_POINT('Ctrl Pts',(-8.47279799274328,-8.1319313557091,42.4103011328814));
#2611=CARTESIAN_POINT('Ctrl Pts',(-8.46185870571606,-8.15200761638457,42.4027889689791));
#2612=CARTESIAN_POINT('Ctrl Pts',(-8.45086161025696,-8.17207554286068,42.3953175348137));
#2613=CARTESIAN_POINT('Ctrl Pts',(-8.3111689702809,-8.42550654672243,42.3014865066768));
#2614=CARTESIAN_POINT('Ctrl Pts',(-8.1747197030368,-8.65806597593598,42.2205004362329));
#2615=CARTESIAN_POINT('Ctrl Pts',(-8.03072815615279,-8.88640747827572,42.146973281386));
#2616=CARTESIAN_POINT('Ctrl Pts',(-8.28668788373222,-7.94294554056601,42.3698100388374));
#2617=CARTESIAN_POINT('Ctrl Pts',(-8.27467084279361,-7.96214011722194,42.363603036067));
#2618=CARTESIAN_POINT('Ctrl Pts',(-8.26260432448704,-7.98132487663681,42.3574676138631));
#2619=CARTESIAN_POINT('Ctrl Pts',(-8.10964270432052,-8.22355407082361,42.2808298531069));
#2620=CARTESIAN_POINT('Ctrl Pts',(-7.96270057143839,-8.44546323170401,42.2196078033553));
#2621=CARTESIAN_POINT('Ctrl Pts',(-7.8119884824997,-8.66301904026048,42.1696788801982));
#2622=CARTESIAN_POINT('Ctrl Pts',(-8.03411583716298,-7.58424531496606,42.1153251028287));
#2623=CARTESIAN_POINT('Ctrl Pts',(-8.0198013580573,-7.60130981761285,42.1093370630224));
#2624=CARTESIAN_POINT('Ctrl Pts',(-8.00542849018319,-7.61834796933564,42.1034544178396));
#2625=CARTESIAN_POINT('Ctrl Pts',(-7.8233149879518,-7.83320666858639,42.030443914593));
#2626=CARTESIAN_POINT('Ctrl Pts',(-7.64866494369239,-8.02721473937935,41.9772809451072));
#2627=CARTESIAN_POINT('Ctrl Pts',(-7.47083321962467,-8.2141335058828,41.941291509955));
#2628=CARTESIAN_POINT('Ctrl Pts',(-8.0379064587512,-7.36254688544023,41.6759033465156));
#2629=CARTESIAN_POINT('Ctrl Pts',(-8.02279025041214,-7.37904864923114,41.6675515711724));
#2630=CARTESIAN_POINT('Ctrl Pts',(-8.00760268399685,-7.39552371167534,41.6592985278323));
#2631=CARTESIAN_POINT('Ctrl Pts',(-7.81488311477058,-7.60332293889534,41.5563001494632));
#2632=CARTESIAN_POINT('Ctrl Pts',(-7.62817778191149,-7.79076058438251,41.4747261796577));
#2633=CARTESIAN_POINT('Ctrl Pts',(-7.43360504940004,-7.97213748328254,41.4096353544848));
#2634=CARTESIAN_POINT('Ctrl Pts',(-8.08584791797451,-7.30951361325845,41.4877952204032));
#2635=CARTESIAN_POINT('Ctrl Pts',(-8.07071889289309,-7.32624947649637,41.4784344635647));
#2636=CARTESIAN_POINT('Ctrl Pts',(-8.05551523526178,-7.34296332408752,41.4691689899497));
#2637=CARTESIAN_POINT('Ctrl Pts',(-7.86244946025248,-7.55388503078393,41.3533703867007));
#2638=CARTESIAN_POINT('Ctrl Pts',(-7.67457585711128,-7.74497584277842,41.259676861509));
#2639=CARTESIAN_POINT('Ctrl Pts',(-7.47685044424802,-7.93137032591928,41.1821668340178));
#2640=CARTESIAN_POINT('',(-7.45307523689648,-7.98874024840503,41.3989998133292));
#2641=CARTESIAN_POINT('Ctrl Pts',(-7.45307523689647,-7.98874024840502,41.3989998133293));
#2642=CARTESIAN_POINT('Ctrl Pts',(-7.53565920821443,-7.90683933416901,41.4161349506907));
#2643=CARTESIAN_POINT('Ctrl Pts',(-7.61544210536753,-7.82404562560719,41.4310379688736));
#2644=CARTESIAN_POINT('Ctrl Pts',(-7.8289405850096,-7.59580472744304,41.46483641526));
#2645=CARTESIAN_POINT('Ctrl Pts',(-7.95829113622648,-7.45061806929021,41.4787898162765));
#2646=CARTESIAN_POINT('Ctrl Pts',(-8.08584791797451,-7.30951361325843,41.4877952204031));
#2647=CARTESIAN_POINT('',(-8.0307281561528,-8.88640747827572,42.146973281386));
#2648=CARTESIAN_POINT('Ctrl Pts',(-8.47279799274328,-8.1319313557091,42.4103011328814));
#2649=CARTESIAN_POINT('Ctrl Pts',(-8.46185870571606,-8.15200761638457,42.4027889689791));
#2650=CARTESIAN_POINT('Ctrl Pts',(-8.45086161025696,-8.17207554286068,42.3953175348137));
#2651=CARTESIAN_POINT('Ctrl Pts',(-8.3111689702809,-8.42550654672243,42.3014865066768));
#2652=CARTESIAN_POINT('Ctrl Pts',(-8.1747197030368,-8.65806597593598,42.2205004362329));
#2653=CARTESIAN_POINT('Ctrl Pts',(-8.03072815615279,-8.88640747827572,42.146973281386));
#2654=CARTESIAN_POINT('Origin',(-8.16280031611478,-8.65901912395722,41.1821668340178));
#2655=CARTESIAN_POINT('Ctrl Pts',(8.03073182551369,-8.88640795229324,42.1469731989637));
#2656=CARTESIAN_POINT('Ctrl Pts',(8.17472348742746,-8.65806629540556,42.2205004247472));
#2657=CARTESIAN_POINT('Ctrl Pts',(8.31117286059779,-8.42550670637158,42.3014865703368));
#2658=CARTESIAN_POINT('Ctrl Pts',(8.45086550527277,-8.17207570975816,42.3953176150196));
#2659=CARTESIAN_POINT('Ctrl Pts',(8.46186250985633,-8.15200795136427,42.4027889877703));
#2660=CARTESIAN_POINT('Ctrl Pts',(8.47280170698642,-8.13193185889489,42.410301089531));
#2661=CARTESIAN_POINT('Ctrl Pts',(7.81199216769731,-8.66301950502791,42.1696787888686));
#2662=CARTESIAN_POINT('Ctrl Pts',(7.96270437855645,-8.44546354867294,42.2196077669599));
#2663=CARTESIAN_POINT('Ctrl Pts',(8.10964662793469,-8.22355423552473,42.2808298819066));
#2664=CARTESIAN_POINT('Ctrl Pts',(8.26260825518207,-7.98132504874269,42.3574676663648));
#2665=CARTESIAN_POINT('Ctrl Pts',(8.27467467376751,-7.96214045007519,42.3636030386221));
#2666=CARTESIAN_POINT('Ctrl Pts',(8.28669161575455,-7.94294603433185,42.3698099902374));
#2667=CARTESIAN_POINT('Ctrl Pts',(7.47083695348922,-8.21413395045672,41.9412914171155));
#2668=CARTESIAN_POINT('Ctrl Pts',(7.64866881622476,-8.0272150606283,41.9772808982744));
#2669=CARTESIAN_POINT('Ctrl Pts',(7.82331899311921,-7.8332068583137,42.0304439322101));
#2670=CARTESIAN_POINT('Ctrl Pts',(8.00543249656074,-7.61834816581416,42.1034544665478));
#2671=CARTESIAN_POINT('Ctrl Pts',(8.01980524505373,-7.60131015702638,42.1093370641827));
#2672=CARTESIAN_POINT('Ctrl Pts',(8.03411960564974,-7.58424579778617,42.1153250546604));
#2673=CARTESIAN_POINT('Ctrl Pts',(7.43360882798409,-7.97213790572231,41.4096352804874));
#2674=CARTESIAN_POINT('Ctrl Pts',(7.62818170266876,-7.79076089494355,41.4747261715709));
#2675=CARTESIAN_POINT('Ctrl Pts',(7.81488716699957,-7.60332312923558,41.5563002233706));
#2676=CARTESIAN_POINT('Ctrl Pts',(8.00760672752174,-7.39552391471254,41.6592986287919));
#2677=CARTESIAN_POINT('Ctrl Pts',(8.02279416712859,-7.37904899095781,41.6675516045313));
#2678=CARTESIAN_POINT('Ctrl Pts',(8.03791024981584,-7.36254736631203,41.6759033105806));
#2679=CARTESIAN_POINT('Ctrl Pts',(7.47685423647403,-7.93137074002249,41.1821667680647));
#2680=CARTESIAN_POINT('Ctrl Pts',(7.67457979042812,-7.74497614455899,41.2596768699629));
#2681=CARTESIAN_POINT('Ctrl Pts',(7.86245352212393,-7.55388521326869,41.3533704846344));
#2682=CARTESIAN_POINT('Ctrl Pts',(8.05551928483896,-7.34296352308105,41.4691691132187));
#2683=CARTESIAN_POINT('Ctrl Pts',(8.07072281529802,-7.32624981642073,41.4784345106706));
#2684=CARTESIAN_POINT('Ctrl Pts',(8.08585171446812,-7.30951409446917,41.4877951896917));
#2685=CARTESIAN_POINT('',(7.45307901489049,-7.98874066597076,41.398999725967));
#2686=CARTESIAN_POINT('Ctrl Pts',(8.08585171446812,-7.30951409446917,41.4877951896918));
#2687=CARTESIAN_POINT('Ctrl Pts',(7.94080949536238,-7.46996107893904,41.477555317098));
#2688=CARTESIAN_POINT('Ctrl Pts',(7.79513662212045,-7.63381549827716,41.4610367234179));
#2689=CARTESIAN_POINT('Ctrl Pts',(7.57949686080572,-7.8611662841731,41.4242417781654));
#2690=CARTESIAN_POINT('Ctrl Pts',(7.51694618466357,-7.92540175238505,41.4122513668877));
#2691=CARTESIAN_POINT('Ctrl Pts',(7.45307901489049,-7.98874066597076,41.398999725967));
#2692=CARTESIAN_POINT('',(8.03073182551428,-8.88640795229231,42.146973198964));
#2693=CARTESIAN_POINT('Origin',(8.16280406804103,-8.65901957605068,41.182166768065));
#2694=CARTESIAN_POINT('Ctrl Pts',(8.03073182551369,-8.88640795229324,42.1469731989637));
#2695=CARTESIAN_POINT('Ctrl Pts',(8.17472348742746,-8.65806629540556,42.2205004247472));
#2696=CARTESIAN_POINT('Ctrl Pts',(8.31117286059779,-8.42550670637158,42.3014865703368));
#2697=CARTESIAN_POINT('Ctrl Pts',(8.45086550527277,-8.17207570975816,42.3953176150196));
#2698=CARTESIAN_POINT('Ctrl Pts',(8.46186250985633,-8.15200795136427,42.4027889877703));
#2699=CARTESIAN_POINT('Ctrl Pts',(8.47280170698642,-8.13193185889489,42.410301089531));
#2700=CARTESIAN_POINT('Ctrl Pts',(-8.03072815603971,-8.88640747840499,42.1469732813401));
#2701=CARTESIAN_POINT('Ctrl Pts',(-7.03535259950965,-10.0241792063488,41.7425632137925));
#2702=CARTESIAN_POINT('Ctrl Pts',(-5.26293156718072,-11.5461222470094,40.7104627520231));
#2703=CARTESIAN_POINT('Ctrl Pts',(-2.9249693360159,-12.3099414513941,40.2753189729394));
#2704=CARTESIAN_POINT('Ctrl Pts',(-1.31027104021767,-12.5822684092763,40.1835263296126));
#2705=CARTESIAN_POINT('Ctrl Pts',(-0.661606666585442,-12.6344160825735,
40.1847329083408));
#2706=CARTESIAN_POINT('Ctrl Pts',(0.664093649327787,-12.6344163661271,40.1847325341338));
#2707=CARTESIAN_POINT('Ctrl Pts',(1.30949981080171,-12.582446070796,40.1834247666866));
#2708=CARTESIAN_POINT('Ctrl Pts',(2.92634742177371,-12.3096584098144,40.2755250458388));
#2709=CARTESIAN_POINT('Ctrl Pts',(5.26834520763412,-11.5426994935602,40.7125999964347));
#2710=CARTESIAN_POINT('Ctrl Pts',(7.03477981471534,-10.0248384777383,41.7423288354345));
#2711=CARTESIAN_POINT('Ctrl Pts',(8.03073182551428,-8.8864079522923,42.146973198964));
#2712=CARTESIAN_POINT('Ctrl Pts',(-7.87450527995522,-8.72686447603838,42.1631895163348));
#2713=CARTESIAN_POINT('Ctrl Pts',(-6.87262408298034,-9.83747857599244,41.7970271259241));
#2714=CARTESIAN_POINT('Ctrl Pts',(-5.09776347997818,-11.3400522070024,40.8829708301464));
#2715=CARTESIAN_POINT('Ctrl Pts',(-2.85004644863873,-12.0946208942146,40.5050559748153));
#2716=CARTESIAN_POINT('Ctrl Pts',(-1.28316555836524,-12.3617553242482,40.4222342119783));
#2717=CARTESIAN_POINT('Ctrl Pts',(-0.651219779566201,-12.4133837237152,
40.4246359448261));
#2718=CARTESIAN_POINT('Ctrl Pts',(0.653541207975828,-12.41339485154,40.4246041028735));
#2719=CARTESIAN_POINT('Ctrl Pts',(1.28251228431019,-12.3619230321504,40.422171096915));
#2720=CARTESIAN_POINT('Ctrl Pts',(2.85125136045697,-12.0943512170413,40.5052021591267));
#2721=CARTESIAN_POINT('Ctrl Pts',(5.10306999308108,-11.3366736074344,40.8848164820221));
#2722=CARTESIAN_POINT('Ctrl Pts',(6.87210603368877,-9.83814721164461,41.7968027414501));
#2723=CARTESIAN_POINT('Ctrl Pts',(7.87450896074075,-8.72686494332228,42.1631894275926));
#2724=CARTESIAN_POINT('Ctrl Pts',(-7.6323153284437,-8.43226841085807,42.0642555500668));
#2725=CARTESIAN_POINT('Ctrl Pts',(-6.62395671906791,-9.47436696982539,41.7394021366772));
#2726=CARTESIAN_POINT('Ctrl Pts',(-4.81074160936286,-10.8548853236244,40.969674328709));
#2727=CARTESIAN_POINT('Ctrl Pts',(-2.69677288996127,-11.5426948823722,40.6862084900274));
#2728=CARTESIAN_POINT('Ctrl Pts',(-1.22016313376788,-11.7903620628138,40.6192260805131));
#2729=CARTESIAN_POINT('Ctrl Pts',(-0.621811536272358,-11.8392120675322,
40.6220789203524));
#2730=CARTESIAN_POINT('Ctrl Pts',(0.624066297376773,-11.8392078329502,40.6220452993065));
#2731=CARTESIAN_POINT('Ctrl Pts',(1.21952294983013,-11.790521916928,40.6191849571294));
#2732=CARTESIAN_POINT('Ctrl Pts',(2.69791039134762,-11.5424429329733,40.6862963502737));
#2733=CARTESIAN_POINT('Ctrl Pts',(4.81594936003331,-10.8517722310515,40.971168231585));
#2734=CARTESIAN_POINT('Ctrl Pts',(6.62344980711845,-9.47493576590926,41.7392044213697));
#2735=CARTESIAN_POINT('Ctrl Pts',(7.63231903813932,-8.43226886525982,42.0642554571645));
#2736=CARTESIAN_POINT('Ctrl Pts',(-7.45412812621696,-8.09851034798644,41.6842580363179));
#2737=CARTESIAN_POINT('Ctrl Pts',(-6.46229756774322,-9.04160426293088,41.3520430507093));
#2738=CARTESIAN_POINT('Ctrl Pts',(-4.63159691296594,-10.250156995851,40.5797511416233));
#2739=CARTESIAN_POINT('Ctrl Pts',(-2.56610664481595,-10.8546683101891,40.3103229013257));
#2740=CARTESIAN_POINT('Ctrl Pts',(-1.15106856894544,-11.079982843542,40.245674044399));
#2741=CARTESIAN_POINT('Ctrl Pts',(-0.58321565668632,-11.1250546005658,40.2493161935067));
#2742=CARTESIAN_POINT('Ctrl Pts',(0.585210440113495,-11.1251054381552,40.2492695590337));
#2743=CARTESIAN_POINT('Ctrl Pts',(1.15053394961936,-11.0800831020182,40.2456477171385));
#2744=CARTESIAN_POINT('Ctrl Pts',(2.56711908172037,-10.8545042539905,40.3103860706804));
#2745=CARTESIAN_POINT('Ctrl Pts',(4.63679182572294,-10.247457423085,40.5812251345588));
#2746=CARTESIAN_POINT('Ctrl Pts',(6.46181421047608,-9.04217007113628,41.3518549447195));
#2747=CARTESIAN_POINT('Ctrl Pts',(7.45413188174235,-8.09851078192936,41.684257952894));
#2748=CARTESIAN_POINT('Ctrl Pts',(-7.44519585907071,-7.98154898111911,41.4020639136598));
#2749=CARTESIAN_POINT('Ctrl Pts',(-6.47810146199085,-8.88854225957184,41.049666674518));
#2750=CARTESIAN_POINT('Ctrl Pts',(-4.66582494736198,-10.0566267784516,40.2088073738307));
#2751=CARTESIAN_POINT('Ctrl Pts',(-2.5601854876216,-10.6635370225178,39.9027998959573));
#2752=CARTESIAN_POINT('Ctrl Pts',(-1.13707441245234,-10.8864350608693,39.8340732908273));
#2753=CARTESIAN_POINT('Ctrl Pts',(-0.57147799379467,-10.9310793027069,39.8362334454209));
#2754=CARTESIAN_POINT('Ctrl Pts',(0.573582566545453,-10.9310898029258,39.836222101466));
#2755=CARTESIAN_POINT('Ctrl Pts',(1.1364216193041,-10.8865654168948,39.8340088786421));
#2756=CARTESIAN_POINT('Ctrl Pts',(2.5613675792652,-10.6633224079721,39.9029165202398));
#2757=CARTESIAN_POINT('Ctrl Pts',(4.67102962911077,-10.0539666623408,40.2104656289142));
#2758=CARTESIAN_POINT('Ctrl Pts',(6.47758084339469,-8.8890460209598,41.0494611485406));
#2759=CARTESIAN_POINT('Ctrl Pts',(7.44519963728948,-7.98154940339264,41.4020638399874));
#2760=CARTESIAN_POINT('Ctrl Pts',(-7.46452971166034,-7.94722432454049,41.258103165758));
#2761=CARTESIAN_POINT('Ctrl Pts',(-6.51240392475526,-8.84244479154435,40.8942697393172));
#2762=CARTESIAN_POINT('Ctrl Pts',(-4.71405336852267,-10.014465992064,40.0164268593768));
#2763=CARTESIAN_POINT('Ctrl Pts',(-2.57499734448258,-10.6365693956812,39.6898363545795));
#2764=CARTESIAN_POINT('Ctrl Pts',(-1.13773894191536,-10.8614559223109,39.6184959471605));
#2765=CARTESIAN_POINT('Ctrl Pts',(-0.56940368614285,-10.9065304422576,39.6201513482059));
#2766=CARTESIAN_POINT('Ctrl Pts',(0.571544448935457,-10.9065306459735,39.6201510458475));
#2767=CARTESIAN_POINT('Ctrl Pts',(1.13704484454736,-10.8615996100694,39.6184178101526));
#2768=CARTESIAN_POINT('Ctrl Pts',(2.57624515293057,-10.6363318360569,39.6899750929265));
#2769=CARTESIAN_POINT('Ctrl Pts',(4.71927521501445,-10.0117765874625,40.018180956732));
#2770=CARTESIAN_POINT('Ctrl Pts',(6.51185633315935,-8.84296353332384,40.8940588823415));
#2771=CARTESIAN_POINT('Ctrl Pts',(7.46453349924751,-7.94722474136881,41.2581030971636));
#2772=CARTESIAN_POINT('Ctrl Pts',(7.45307901478686,-7.98874066607354,41.3989997259455));
#2773=CARTESIAN_POINT('Ctrl Pts',(7.08584047120993,-8.352941717397,41.3228023098163));
#2774=CARTESIAN_POINT('Ctrl Pts',(6.66425977808558,-8.72144970211451,41.1991486083703));
#2775=CARTESIAN_POINT('Ctrl Pts',(6.0744096366364,-9.16409365517613,41.0102989624019));
#2776=CARTESIAN_POINT('Ctrl Pts',(5.88809165886238,-9.29343807184054,40.9471957462086));
#2777=CARTESIAN_POINT('Ctrl Pts',(5.42659595271674,-9.5852607498265,40.7848754075245));
#2778=CARTESIAN_POINT('Ctrl Pts',(5.15299966123753,-9.73638410734122,40.6845936820829));
#2779=CARTESIAN_POINT('Ctrl Pts',(4.42711468583563,-10.0891638190963,40.4302867342175));
#2780=CARTESIAN_POINT('Ctrl Pts',(3.96383217752251,-10.2693289544873,40.2801358331446));
#2781=CARTESIAN_POINT('Ctrl Pts',(2.5194634928763,-10.7052782144349,39.8839591429892));
#2782=CARTESIAN_POINT('Ctrl Pts',(1.511180456292,-10.8518995373514,39.6906240636698));
#2783=CARTESIAN_POINT('Ctrl Pts',(0.355315056975311,-10.9032903063533,39.6254976010296));
#2784=CARTESIAN_POINT('Ctrl Pts',(0.151693510839954,-10.9074015306693,39.6202042287251));
#2785=CARTESIAN_POINT('Ctrl Pts',(-0.283889833158104,-10.9055610062573,
39.6225584562009));
#2786=CARTESIAN_POINT('Ctrl Pts',(-0.512326020799004,-10.8982724571919,
39.631934880108));
#2787=CARTESIAN_POINT('Ctrl Pts',(-1.04574668992498,-10.8669850925566,39.6713052632107));
#2788=CARTESIAN_POINT('Ctrl Pts',(-1.34958102575767,-10.838347866981,39.7070038871562));
#2789=CARTESIAN_POINT('Ctrl Pts',(-2.23808891658444,-10.7237634527581,39.8419977283345));
#2790=CARTESIAN_POINT('Ctrl Pts',(-2.82242759704838,-10.6077524110936,39.9703611464943));
#2791=CARTESIAN_POINT('Ctrl Pts',(-4.19034617749488,-10.2085174341255,40.3381644058109));
#2792=CARTESIAN_POINT('Ctrl Pts',(-4.82058930435599,-9.91562920921563,40.5663984758242));
#2793=CARTESIAN_POINT('Ctrl Pts',(-5.48888233415583,-9.54561919680895,40.8061975885805));
#2794=CARTESIAN_POINT('Ctrl Pts',(-5.69009083663395,-9.42278869848316,40.8785339158139));
#2795=CARTESIAN_POINT('Ctrl Pts',(-6.13410254463571,-9.1239255617002,41.0306374380826));
#2796=CARTESIAN_POINT('Ctrl Pts',(-6.37021289224867,-8.94588985912905,41.1062102720727));
#2797=CARTESIAN_POINT('Ctrl Pts',(-6.88507184684952,-8.52533653463956,41.2604133209797));
#2798=CARTESIAN_POINT('Ctrl Pts',(-7.18071960608634,-8.25884320911434,41.3424894388451));
#2799=CARTESIAN_POINT('Ctrl Pts',(-7.45307523678633,-7.98874024851426,41.3989998133064));
#2800=CARTESIAN_POINT('Ctrl Pts',(-8.03072815603971,-8.88640747840499,42.1469732813401));
#2801=CARTESIAN_POINT('Ctrl Pts',(-7.23196189352904,-9.79944343227969,41.8224433930407));
#2802=CARTESIAN_POINT('Ctrl Pts',(-6.38805285214384,-10.5705418459358,41.3564134474124));
#2803=CARTESIAN_POINT('Ctrl Pts',(-4.66996157569627,-11.6436165049832,40.6792273500606));
#2804=CARTESIAN_POINT('Ctrl Pts',(-3.81759022837481,-12.0178991510979,40.4363564809336));
#2805=CARTESIAN_POINT('Ctrl Pts',(-2.59080905737498,-12.34982486254,40.2699647617313));
#2806=CARTESIAN_POINT('Ctrl Pts',(-2.26628510204524,-12.4207970102963,40.2398278399043));
#2807=CARTESIAN_POINT('Ctrl Pts',(-1.3099530518289,-12.5824576298158,40.1830379415251));
#2808=CARTESIAN_POINT('Ctrl Pts',(-0.661606666585442,-12.6344160825735,
40.1847329083408));
#2809=CARTESIAN_POINT('Ctrl Pts',(0.528058266450519,-12.6344163370305,40.1847325725327));
#2810=CARTESIAN_POINT('Ctrl Pts',(1.04578370241943,-12.6014069765246,40.1831905948213));
#2811=CARTESIAN_POINT('Ctrl Pts',(2.4857581563389,-12.4110562000838,40.2362544370751));
#2812=CARTESIAN_POINT('Ctrl Pts',(3.3912145684732,-12.1646754145056,40.3537830653954));
#2813=CARTESIAN_POINT('Ctrl Pts',(4.90104978005663,-11.5098809486884,40.7586277477375));
#2814=CARTESIAN_POINT('Ctrl Pts',(5.53617422398326,-11.1344282940974,41.00852289373));
#2815=CARTESIAN_POINT('Ctrl Pts',(6.80408139461919,-10.1806822248697,41.577716261229));
#2816=CARTESIAN_POINT('Ctrl Pts',(7.4290152784829,-9.57420463061256,41.9025023744998));
#2817=CARTESIAN_POINT('Ctrl Pts',(8.03073182540786,-8.88640795241395,42.1469731989208));
#2818=CARTESIAN_POINT('Ctrl Pts',(-8.80344994508978,-15.7875233046297,51.4049525734565));
#2819=CARTESIAN_POINT('Ctrl Pts',(-8.84660367636042,-15.103444333068,51.5612307841855));
#2820=CARTESIAN_POINT('Ctrl Pts',(-8.88379817105803,-14.4349582290081,52.0048376857036));
#2821=CARTESIAN_POINT('Ctrl Pts',(-8.86757530456576,-13.7020815836208,52.6494371935269));
#2822=CARTESIAN_POINT('Ctrl Pts',(-8.86632253275427,-13.6620978606693,52.6844160228643));
#2823=CARTESIAN_POINT('Ctrl Pts',(-8.86367726021652,-13.5811277528217,52.7558801904626));
#2824=CARTESIAN_POINT('Ctrl Pts',(-8.86195431475443,-13.5402391570872,52.7936632408555));
#2825=CARTESIAN_POINT('Ctrl Pts',(-8.83638744332485,-12.9016534641141,53.3536274120351));
#2826=CARTESIAN_POINT('Ctrl Pts',(-8.7652444566191,-12.3170192489625,53.9714689683968));
#2827=CARTESIAN_POINT('Ctrl Pts',(-8.58851997249324,-11.4280516288589,54.5940550679935));
#2828=CARTESIAN_POINT('Ctrl Pts',(-8.58603289359665,-11.4155326874936,54.6017294651977));
#2829=CARTESIAN_POINT('Ctrl Pts',(-8.51020585958289,-11.0182402154254,54.8771522907917));
#2830=CARTESIAN_POINT('Ctrl Pts',(-8.27693318550957,-9.82950693595781,55.4483231718555));
#2831=CARTESIAN_POINT('Ctrl Pts',(-8.10462073130207,-8.78522360782818,55.6173724148139));
#2832=CARTESIAN_POINT('Ctrl Pts',(-8.01881714240701,-8.1645263940462,55.70699664223));
#2833=CARTESIAN_POINT('Ctrl Pts',(-8.01794818079912,-8.15929344056354,55.7072001326899));
#2834=CARTESIAN_POINT('Ctrl Pts',(-8.00579531028793,-8.0724575711279,55.7188634134813));
#2835=CARTESIAN_POINT('Ctrl Pts',(-7.99462502742372,-7.99183978021454,55.72888122197));
#2836=CARTESIAN_POINT('Ctrl Pts',(-7.90922467507671,-7.36265912485588,55.802850518478));
#2837=CARTESIAN_POINT('Ctrl Pts',(-7.80836887994979,-6.5107821902055,55.865426299517));
#2838=CARTESIAN_POINT('Ctrl Pts',(-7.73525472071536,-5.69800674466942,55.9101193148801));
#2839=CARTESIAN_POINT('Ctrl Pts',(-7.71182327471511,-5.39837697484483,55.9269923100705));
#2840=CARTESIAN_POINT('Ctrl Pts',(-8.80430530085637,-15.7873961508509,51.4038581963054));
#2841=CARTESIAN_POINT('Ctrl Pts',(-8.85253026773778,-15.1029197286424,51.5547017624618));
#2842=CARTESIAN_POINT('Ctrl Pts',(-8.9044588132953,-14.4272977667407,51.9764351179287));
#2843=CARTESIAN_POINT('Ctrl Pts',(-8.95088973105792,-13.6678445245714,52.5871625420642));
#2844=CARTESIAN_POINT('Ctrl Pts',(-8.95343013144194,-13.6262911797104,52.6201659058848));
#2845=CARTESIAN_POINT('Ctrl Pts',(-8.95820482194188,-13.542424057838,52.6878122033895));
#2846=CARTESIAN_POINT('Ctrl Pts',(-8.96093195467804,-13.4995543700332,52.7233388509603));
#2847=CARTESIAN_POINT('Ctrl Pts',(-8.99476476638307,-12.8429257368491,53.252391047479));
#2848=CARTESIAN_POINT('Ctrl Pts',(-9.03206131726935,-12.2129832907012,53.8255483659772));
#2849=CARTESIAN_POINT('Ctrl Pts',(-9.01628587724924,-11.3313687195644,54.416164729522));
#2850=CARTESIAN_POINT('Ctrl Pts',(-9.01599756721977,-11.3188687135902,54.4237513832551));
#2851=CARTESIAN_POINT('Ctrl Pts',(-9.0056995261078,-10.931454833094,54.6827860554501));
#2852=CARTESIAN_POINT('Ctrl Pts',(-8.95273845024609,-9.80681108278344,55.2515366660904));
#2853=CARTESIAN_POINT('Ctrl Pts',(-8.90480424865187,-8.76523148852933,55.485558540254));
#2854=CARTESIAN_POINT('Ctrl Pts',(-8.87775535174055,-8.14514706744017,55.6033916413663));
#2855=CARTESIAN_POINT('Ctrl Pts',(-8.87750092509274,-8.13978047568689,55.604078962085));
#2856=CARTESIAN_POINT('Ctrl Pts',(-8.87367652409414,-8.05286541088966,55.6200384762906));
#2857=CARTESIAN_POINT('Ctrl Pts',(-8.87011831291973,-7.97204136485594,55.6341183604027));
#2858=CARTESIAN_POINT('Ctrl Pts',(-8.84234949232087,-7.34066754637076,55.7397948752166));
#2859=CARTESIAN_POINT('Ctrl Pts',(-8.80444314870254,-6.48399919376413,55.8426401781542));
#2860=CARTESIAN_POINT('Ctrl Pts',(-8.7758358106744,-5.67353392374395,55.9171459320915));
#2861=CARTESIAN_POINT('Ctrl Pts',(-8.76701610120019,-5.37605032478726,55.9438533767228));
#2862=CARTESIAN_POINT('Ctrl Pts',(-8.80515951231787,-15.7872687217106,51.4027629567687));
#2863=CARTESIAN_POINT('Ctrl Pts',(-8.8580905386992,-15.1019635399296,51.5477147294068));
#2864=CARTESIAN_POINT('Ctrl Pts',(-8.92611398286686,-14.4209279125868,51.9492727078033));
#2865=CARTESIAN_POINT('Ctrl Pts',(-9.02845369915767,-13.6291785452443,52.5196443704919));
#2866=CARTESIAN_POINT('Ctrl Pts',(-9.03427363658205,-13.5855520773656,52.5502140429531));
#2867=CARTESIAN_POINT('Ctrl Pts',(-9.04562935307197,-13.4981261892882,52.6129944871539));
#2868=CARTESIAN_POINT('Ctrl Pts',(-9.05209109272618,-13.4524718689994,52.6458759631154));
#2869=CARTESIAN_POINT('Ctrl Pts',(-9.13844775872253,-12.7729152648766,53.1328409664379));
#2870=CARTESIAN_POINT('Ctrl Pts',(-9.26159346652512,-12.0709710578912,53.6499608071181));
#2871=CARTESIAN_POINT('Ctrl Pts',(-9.36635019981238,-11.156370994516,54.1014004182398));
#2872=CARTESIAN_POINT('Ctrl Pts',(-9.36781004822271,-11.1435117335258,54.1072387581322));
#2873=CARTESIAN_POINT('Ctrl Pts',(-9.40717759036806,-10.7517700111136,54.3044014200712));
#2874=CARTESIAN_POINT('Ctrl Pts',(-9.50123968564309,-9.68228815469203,54.7019661455281));
#2875=CARTESIAN_POINT('Ctrl Pts',(-9.57616225235591,-8.66572495121099,54.8281183345411));
#2876=CARTESIAN_POINT('Ctrl Pts',(-9.60906684842831,-8.05630927710445,54.8849763468532));
#2877=CARTESIAN_POINT('Ctrl Pts',(-9.60944393680007,-8.05088037708027,54.885221691109));
#2878=CARTESIAN_POINT('Ctrl Pts',(-9.61415376117749,-7.96531217122521,54.8927550781708));
#2879=CARTESIAN_POINT('Ctrl Pts',(-9.61841626528148,-7.88549746164275,54.8991553333991));
#2880=CARTESIAN_POINT('Ctrl Pts',(-9.6505242295525,-7.261254544785,54.9456173647904));
#2881=CARTESIAN_POINT('Ctrl Pts',(-9.68135138623978,-6.41189917447089,54.9767477529853));
#2882=CARTESIAN_POINT('Ctrl Pts',(-9.7014688420919,-5.60136562927875,54.9949663046589));
#2883=CARTESIAN_POINT('Ctrl Pts',(-9.70855045160805,-5.30266347085547,55.0026509985212));
#2884=CARTESIAN_POINT('Ctrl Pts',(-8.80601257760465,-15.7871410174878,51.4016668572441));
#2885=CARTESIAN_POINT('Ctrl Pts',(-8.86307721378324,-15.1006844648095,51.5404373019696));
#2886=CARTESIAN_POINT('Ctrl Pts',(-8.94932101289701,-14.4155584386911,51.9228930116185));
#2887=CARTESIAN_POINT('Ctrl Pts',(-9.09924455515591,-13.5865859297118,52.4477815581902));
#2888=CARTESIAN_POINT('Ctrl Pts',(-9.1077041496275,-13.5404916084522,52.4755246227256));
#2889=CARTESIAN_POINT('Ctrl Pts',(-9.12442645008998,-13.448948258544,52.5327863064161));
#2890=CARTESIAN_POINT('Ctrl Pts',(-9.13388774085372,-13.3998952065565,52.5624865307585));
#2891=CARTESIAN_POINT('Ctrl Pts',(-9.26088730924723,-12.6935005079768,53.0018964757588));
#2892=CARTESIAN_POINT('Ctrl Pts',(-9.4472340087454,-11.8982637703804,53.4457987176679));
#2893=CARTESIAN_POINT('Ctrl Pts',(-9.55661163318976,-10.9441460180715,53.7235396122741));
#2894=CARTESIAN_POINT('Ctrl Pts',(-9.55814097955679,-10.9309273137409,53.7271838279209));
#2895=CARTESIAN_POINT('Ctrl Pts',(-9.59992869143419,-10.5329656323356,53.8489040977891));
#2896=CARTESIAN_POINT('Ctrl Pts',(-9.6842225958657,-9.52045460341915,54.037294627785));
#2897=CARTESIAN_POINT('Ctrl Pts',(-9.71738486788425,-8.54665970832063,54.0389934582156));
#2898=CARTESIAN_POINT('Ctrl Pts',(-9.7230445666297,-7.95756221227796,54.0327518850658));
#2899=CARTESIAN_POINT('Ctrl Pts',(-9.72315223132684,-7.95216661222869,54.0325019247398));
#2900=CARTESIAN_POINT('Ctrl Pts',(-9.72397375884914,-7.86933229557327,54.0312781197651));
#2901=CARTESIAN_POINT('Ctrl Pts',(-9.72455913104836,-7.79178243262335,54.0297823158175));
#2902=CARTESIAN_POINT('Ctrl Pts',(-9.72728830560927,-7.18464183902628,54.0162238465294));
#2903=CARTESIAN_POINT('Ctrl Pts',(-9.71536536182625,-6.35427368642184,53.9820508893135));
#2904=CARTESIAN_POINT('Ctrl Pts',(-9.69706777360239,-5.54505311989357,53.9555728253408));
#2905=CARTESIAN_POINT('Ctrl Pts',(-9.69065032024258,-5.24413948867824,53.9488629720451));
#2906=CARTESIAN_POINT('',(-8.80352572408747,-15.7863549058225,51.4052253452483));
#2907=CARTESIAN_POINT('Ctrl Pts',(-8.0630149513639,-8.47420208592927,55.6607727200497));
#2908=CARTESIAN_POINT('Ctrl Pts',(-8.14039888814213,-8.99971391272827,55.5787118897548));
#2909=CARTESIAN_POINT('Ctrl Pts',(-8.3007218932889,-9.95073171603616,55.390076241581));
#2910=CARTESIAN_POINT('Ctrl Pts',(-8.51020585958289,-11.0182402154254,54.8771522907917));
#2911=CARTESIAN_POINT('Ctrl Pts',(-8.58603289359665,-11.4155326874936,54.6017294651977));
#2912=CARTESIAN_POINT('Ctrl Pts',(-8.58851997249324,-11.4280516288589,54.5940550679935));
#2913=CARTESIAN_POINT('Ctrl Pts',(-8.7652444566191,-12.3170192489625,53.9714689683968));
#2914=CARTESIAN_POINT('Ctrl Pts',(-8.83638744332485,-12.9016534641141,53.3536274120351));
#2915=CARTESIAN_POINT('Ctrl Pts',(-8.86195431475443,-13.5402391570872,52.7936632408555));
#2916=CARTESIAN_POINT('Ctrl Pts',(-8.86367726021652,-13.5811277528217,52.7558801904626));
#2917=CARTESIAN_POINT('Ctrl Pts',(-8.86632253275427,-13.6620978606693,52.6844160228643));
#2918=CARTESIAN_POINT('Ctrl Pts',(-8.86757530456576,-13.7020815836208,52.6494371935269));
#2919=CARTESIAN_POINT('Ctrl Pts',(-8.88378941079928,-14.4345624796472,52.0051857658954));
#2920=CARTESIAN_POINT('Ctrl Pts',(-8.84664605990532,-15.1026822703234,51.5617365371905));
#2921=CARTESIAN_POINT('Ctrl Pts',(-8.80352373023566,-15.7863535751794,51.4052200822742));
#2922=CARTESIAN_POINT('',(-8.80601257760464,-15.7871410174878,51.4016668572441));
#2923=CARTESIAN_POINT('Ctrl Pts',(-8.8060125776044,-15.787141017487,51.4016668572447));
#2924=CARTESIAN_POINT('Ctrl Pts',(-8.80518276773877,-15.7868975096429,51.4028507012169));
#2925=CARTESIAN_POINT('Ctrl Pts',(-8.80435380746321,-15.7866354564342,51.4040368715895));
#2926=CARTESIAN_POINT('Ctrl Pts',(-8.80352572408841,-15.7863549058222,51.4052253452472));
#2927=CARTESIAN_POINT('Ctrl Pts',(-8.80601257760465,-15.7871410174878,51.4016668572441));
#2928=CARTESIAN_POINT('Ctrl Pts',(-8.86307721378324,-15.1006844648095,51.5404373019696));
#2929=CARTESIAN_POINT('Ctrl Pts',(-8.94932101289701,-14.4155584386911,51.9228930116185));
#2930=CARTESIAN_POINT('Ctrl Pts',(-9.09924455515591,-13.5865859297118,52.4477815581902));
#2931=CARTESIAN_POINT('Ctrl Pts',(-9.1077041496275,-13.5404916084522,52.4755246227256));
#2932=CARTESIAN_POINT('Ctrl Pts',(-9.12442645008998,-13.448948258544,52.5327863064161));
#2933=CARTESIAN_POINT('Ctrl Pts',(-9.13388774085372,-13.3998952065565,52.5624865307585));
#2934=CARTESIAN_POINT('Ctrl Pts',(-9.26088730924723,-12.6935005079768,53.0018964757588));
#2935=CARTESIAN_POINT('Ctrl Pts',(-9.4472340087454,-11.8982637703804,53.4457987176679));
#2936=CARTESIAN_POINT('Ctrl Pts',(-9.55661163318976,-10.9441460180715,53.7235396122741));
#2937=CARTESIAN_POINT('Ctrl Pts',(-9.55814097955679,-10.9309273137409,53.7271838279209));
#2938=CARTESIAN_POINT('Ctrl Pts',(-9.59992869143419,-10.5329656323356,53.8489040977891));
#2939=CARTESIAN_POINT('Ctrl Pts',(-9.6842225958657,-9.52045460341915,54.037294627785));
#2940=CARTESIAN_POINT('Ctrl Pts',(-9.71738486788425,-8.54665970832063,54.0389934582156));
#2941=CARTESIAN_POINT('Ctrl Pts',(-9.7230445666297,-7.95756221227796,54.0327518850658));
#2942=CARTESIAN_POINT('Ctrl Pts',(-9.72315223132684,-7.95216661222869,54.0325019247398));
#2943=CARTESIAN_POINT('Ctrl Pts',(-9.72397375884914,-7.86933229557327,54.0312781197651));
#2944=CARTESIAN_POINT('Ctrl Pts',(-9.72455913104836,-7.79178243262335,54.0297823158175));
#2945=CARTESIAN_POINT('Ctrl Pts',(-9.72728830560927,-7.18464183902628,54.0162238465294));
#2946=CARTESIAN_POINT('Ctrl Pts',(-9.71538821045283,-6.35586496892614,53.9821163769274));
#2947=CARTESIAN_POINT('Ctrl Pts',(-9.6971378796446,-5.54815470988116,53.9556743364898));
#2948=CARTESIAN_POINT('Ctrl Pts',(-9.69074873995559,-5.24875295357909,53.9489660918245));
#2949=CARTESIAN_POINT('Ctrl Pts',(8.78944407640478,-15.9802303352106,51.3688839343148));
#2950=CARTESIAN_POINT('Ctrl Pts',(8.85536348884079,-15.0561049831402,51.5103920718771));
#2951=CARTESIAN_POINT('Ctrl Pts',(9.01398863513079,-13.3543588390505,52.739125000863));
#2952=CARTESIAN_POINT('Ctrl Pts',(9.2259823478718,-11.1904043155148,54.5721755296181));
#2953=CARTESIAN_POINT('Ctrl Pts',(9.36921828834795,-9.34558021401288,55.1617501442372));
#2954=CARTESIAN_POINT('Ctrl Pts',(9.43177028990829,-8.50615005618534,55.3618619764883));
#2955=CARTESIAN_POINT('Ctrl Pts',(7.97325594894109,-15.9803483510393,52.4529995625427));
#2956=CARTESIAN_POINT('Ctrl Pts',(8.04852512180723,-15.0617091765721,52.5797374750814));
#2957=CARTESIAN_POINT('Ctrl Pts',(8.1811418165825,-13.361025521342,53.6928340033497));
#2958=CARTESIAN_POINT('Ctrl Pts',(8.26542838004583,-11.1830818391141,55.2108023178617));
#2959=CARTESIAN_POINT('Ctrl Pts',(8.30018314328013,-9.3310418326713,55.5693178734667));
#2960=CARTESIAN_POINT('Ctrl Pts',(8.31536881417447,-8.49076280076114,55.6744990465303));
#2961=CARTESIAN_POINT('Ctrl Pts',(5.42492965415248,-15.9810446343776,54.7827400415077));
#2962=CARTESIAN_POINT('Ctrl Pts',(5.47290719310661,-15.0946120022746,54.8516478277632));
#2963=CARTESIAN_POINT('Ctrl Pts',(5.51580644092342,-13.3517633045237,55.4245256784909));
#2964=CARTESIAN_POINT('Ctrl Pts',(5.43025343522993,-10.998489433456,56.0582254689376));
#2965=CARTESIAN_POINT('Ctrl Pts',(5.3391930325684,-9.18704038022013,56.0696576581497));
#2966=CARTESIAN_POINT('Ctrl Pts',(5.29949296175725,-8.37158629586511,56.0498929306742));
#2967=CARTESIAN_POINT('Ctrl Pts',(2.03693002968946,-15.981823523816,55.7531911444401));
#2968=CARTESIAN_POINT('Ctrl Pts',(2.02855210065098,-15.1313568077547,55.7686517099316));
#2969=CARTESIAN_POINT('Ctrl Pts',(2.01170916914079,-13.3228699475112,55.8012021644283));
#2970=CARTESIAN_POINT('Ctrl Pts',(1.98917674834911,-10.7380763967941,55.8471956878558));
#2971=CARTESIAN_POINT('Ctrl Pts',(1.97402367820724,-9.00374955721909,55.8780495503847));
#2972=CARTESIAN_POINT('Ctrl Pts',(1.96706755643086,-8.22744286042777,55.8919130657349));
#2973=CARTESIAN_POINT('Ctrl Pts',(-1.35589577232292,-15.9818235239289,55.7495981030758));
#2974=CARTESIAN_POINT('Ctrl Pts',(-1.35031206257845,-15.1313568131217,55.7650613911503));
#2975=CARTESIAN_POINT('Ctrl Pts',(-1.33932135138396,-13.3228699559409,55.7980273677747));
#2976=CARTESIAN_POINT('Ctrl Pts',(-1.325020858765,-10.7380763966013,55.8452804732795));
#2977=CARTESIAN_POINT('Ctrl Pts',(-1.31540738127387,-9.00374955136506,55.8769877201549));
#2978=CARTESIAN_POINT('Ctrl Pts',(-1.31095055577246,-8.22744285343342,55.8911666655721));
#2979=CARTESIAN_POINT('Ctrl Pts',(-4.75226129903553,-15.9813042645524,55.1177859187454));
#2980=CARTESIAN_POINT('Ctrl Pts',(-4.77958879490607,-15.1068602878417,55.168869024955));
#2981=CARTESIAN_POINT('Ctrl Pts',(-4.79836665143524,-13.3421321704854,55.5603004815425));
#2982=CARTESIAN_POINT('Ctrl Pts',(-4.72740571593685,-10.9116850128093,55.9940451794552));
#2983=CARTESIAN_POINT('Ctrl Pts',(-4.65732675312693,-9.12594337683906,56.0092053043652));
#2984=CARTESIAN_POINT('Ctrl Pts',(-4.62664302477544,-8.32353843132318,55.9996350001283));
#2985=CARTESIAN_POINT('Ctrl Pts',(-7.5651579027721,-15.9804073595839,52.9950590625274));
#2986=CARTESIAN_POINT('Ctrl Pts',(-7.64510180769824,-15.0645113029007,53.1144117119857));
#2987=CARTESIAN_POINT('Ctrl Pts',(-7.76471420765685,-13.3643588027011,54.1696896993358));
#2988=CARTESIAN_POINT('Ctrl Pts',(-7.785147621226,-11.1794204080248,55.5301165191262));
#2989=CARTESIAN_POINT('Ctrl Pts',(-7.76566208391974,-9.32377249366867,55.7731022937943));
#2990=CARTESIAN_POINT('Ctrl Pts',(-7.75716467686678,-8.48306905188174,55.8308180280813));
#2991=CARTESIAN_POINT('Ctrl Pts',(-8.78944045709937,-15.9802303358805,51.368885893349));
#2992=CARTESIAN_POINT('Ctrl Pts',(-8.85535970358769,-15.0561050146248,51.5103938898177));
#2993=CARTESIAN_POINT('Ctrl Pts',(-9.01398464398052,-13.3543587796701,52.7391264668239));
#2994=CARTESIAN_POINT('Ctrl Pts',(-9.22597841537182,-11.1904041141274,54.5721765307041));
#2995=CARTESIAN_POINT('Ctrl Pts',(-9.36921438301697,-9.3455800536812,55.1617508279485));
#2996=CARTESIAN_POINT('Ctrl Pts',(-9.4317663674537,-8.50614992302528,55.36186252273));
#2997=CARTESIAN_POINT('',(8.80352939574214,-15.7863546531602,51.4052234710806));
#2998=CARTESIAN_POINT('Ctrl Pts',(8.80352740186789,-15.7863533224482,51.405218207817));
#2999=CARTESIAN_POINT('Ctrl Pts',(8.84664982215376,-15.1026822160329,51.5617346134344));
#3000=CARTESIAN_POINT('Ctrl Pts',(8.88379333378547,-14.4345621058329,52.0051845733018));
#3001=CARTESIAN_POINT('Ctrl Pts',(8.86757916428361,-13.7020819394245,52.6494353087698));
#3002=CARTESIAN_POINT('Ctrl Pts',(8.86632667921753,-13.6620965652984,52.6844164597482));
#3003=CARTESIAN_POINT('Ctrl Pts',(8.86368072591161,-13.5811304171366,52.7558751223436));
#3004=CARTESIAN_POINT('Ctrl Pts',(8.86195901296196,-13.5402346285078,52.7936682150153));
#3005=CARTESIAN_POINT('Ctrl Pts',(8.83638136428398,-12.9017117002532,53.353544977397));
#3006=CARTESIAN_POINT('Ctrl Pts',(8.76526996745167,-12.3168938185292,53.9716434609689));
#3007=CARTESIAN_POINT('Ctrl Pts',(8.58850337632926,-11.428170436383,54.5938882113017));
#3008=CARTESIAN_POINT('Ctrl Pts',(8.58613293545105,-11.4150361501082,54.6024896966892));
#3009=CARTESIAN_POINT('Ctrl Pts',(8.5525560801992,-11.2461866867196,54.7148070572505));
#3010=CARTESIAN_POINT('Ctrl Pts',(8.52190687101067,-11.0826366824895,54.8173217012593));
#3011=CARTESIAN_POINT('Ctrl Pts',(8.319666025994,-10.0410072161922,55.3656794720228));
#3012=CARTESIAN_POINT('Ctrl Pts',(8.17241155373014,-9.21965691759047,55.5448708980239));
#3013=CARTESIAN_POINT('Ctrl Pts',(8.06275124525533,-8.47422529117405,55.6609313950378));
#3014=CARTESIAN_POINT('Ctrl Pts',(-8.80352572408747,-15.7863549058225,51.4052253452483));
#3015=CARTESIAN_POINT('Ctrl Pts',(-7.5850116832581,-15.7639065453989,53.0292330640515));
#3016=CARTESIAN_POINT('Ctrl Pts',(-4.73887021353673,-15.9460468151626,55.1160051905524));
#3017=CARTESIAN_POINT('Ctrl Pts',(-1.3555117226221,-15.9812287498085,55.7501143492732));
#3018=CARTESIAN_POINT('Ctrl Pts',(1.35551631651659,-15.9812287301267,55.7501140483974));
#3019=CARTESIAN_POINT('Ctrl Pts',(4.73887464234709,-15.946046711292,55.1160041325107));
#3020=CARTESIAN_POINT('Ctrl Pts',(7.58501572423418,-15.7639062933459,53.0292314569487));
#3021=CARTESIAN_POINT('Ctrl Pts',(8.80352939574347,-15.7863546531597,51.405223471079));
#3022=CARTESIAN_POINT('Ctrl Pts',(8.806016249816,-15.7871407657053,51.4016649801174));
#3023=CARTESIAN_POINT('Ctrl Pts',(8.863081030386,-15.1006842098704,51.5404355109224));
#3024=CARTESIAN_POINT('Ctrl Pts',(8.94932482414204,-14.415558443319,51.922891522161));
#3025=CARTESIAN_POINT('Ctrl Pts',(9.09924852631422,-13.5865858932891,52.4477798631086));
#3026=CARTESIAN_POINT('Ctrl Pts',(9.10770778410208,-13.5404921269351,52.4755236967904));
#3027=CARTESIAN_POINT('Ctrl Pts',(9.12443090763464,-13.4489474429116,52.5327835774761));
#3028=CARTESIAN_POINT('Ctrl Pts',(9.13389074042678,-13.3998967352786,52.5624871339068));
#3029=CARTESIAN_POINT('Ctrl Pts',(9.26090320245343,-12.693481279471,53.0018682426795));
#3030=CARTESIAN_POINT('Ctrl Pts',(9.44721222681004,-11.8983054591391,53.445855470533));
#3031=CARTESIAN_POINT('Ctrl Pts',(9.55663990350327,-10.9441067970331,53.7234834750696));
#3032=CARTESIAN_POINT('Ctrl Pts',(9.55802326148734,-10.9311182859472,53.7274493825076));
#3033=CARTESIAN_POINT('Ctrl Pts',(9.5774257583693,-10.7576172002785,53.7771130548117));
#3034=CARTESIAN_POINT('Ctrl Pts',(9.5914255840548,-10.6016833845985,53.8200479953796));
#3035=CARTESIAN_POINT('Ctrl Pts',(9.68020478277964,-9.5882112327464,54.0380115159013));
#3036=CARTESIAN_POINT('Ctrl Pts',(9.71536298761242,-8.75294940893648,54.040348343637));
#3037=CARTESIAN_POINT('Ctrl Pts',(9.72307462793481,-7.95744787291767,54.0326867102576));
#3038=CARTESIAN_POINT('Ctrl Pts',(9.72314895139127,-7.95219970740176,54.0325214127291));
#3039=CARTESIAN_POINT('Ctrl Pts',(9.72397877433954,-7.86930690369359,54.0312504081707));
#3040=CARTESIAN_POINT('Ctrl Pts',(9.72456960008828,-7.79178199569841,54.0297997335294));
#3041=CARTESIAN_POINT('Ctrl Pts',(9.72863010698167,-6.8659468673876,54.0088763623191));
#3042=CARTESIAN_POINT('Ctrl Pts',(9.70754187249575,-6.04509884077845,53.9662494652817));
#3043=CARTESIAN_POINT('Ctrl Pts',(9.69060493932605,-5.24181467414253,53.9488113181666));
#3044=CARTESIAN_POINT('Ctrl Pts',(8.80516318424715,-15.7872684701147,51.4027610804203));
#3045=CARTESIAN_POINT('Ctrl Pts',(8.85809436048434,-15.1019633562585,51.547712910363));
#3046=CARTESIAN_POINT('Ctrl Pts',(8.9261177853643,-14.4209277834816,51.9492712843055));
#3047=CARTESIAN_POINT('Ctrl Pts',(9.02845767540806,-13.6291786479428,52.5196426408457));
#3048=CARTESIAN_POINT('Ctrl Pts',(9.03427722704782,-13.5855519583921,52.5502134139941));
#3049=CARTESIAN_POINT('Ctrl Pts',(9.04563388151337,-13.4981266004037,52.6129912664975));
#3050=CARTESIAN_POINT('Ctrl Pts',(9.05209394932755,-13.4524712671442,52.645877507795));
#3051=CARTESIAN_POINT('Ctrl Pts',(9.1384653520204,-12.7729233143532,53.1328011880571));
#3052=CARTESIAN_POINT('Ctrl Pts',(9.26156795949033,-12.0709539271913,53.650042694583));
#3053=CARTESIAN_POINT('Ctrl Pts',(9.3663820104063,-11.156387423195,54.1013207259247));
#3054=CARTESIAN_POINT('Ctrl Pts',(9.367676828152,-11.1434615006828,54.107604546116));
#3055=CARTESIAN_POINT('Ctrl Pts',(9.38614435662281,-10.9741396528702,54.189258218074));
#3056=CARTESIAN_POINT('Ctrl Pts',(9.40021705125827,-10.8171857417529,54.2619747632065));
#3057=CARTESIAN_POINT('Ctrl Pts',(9.49473201324402,-9.75983248896923,54.6879300534871));
#3058=CARTESIAN_POINT('Ctrl Pts',(9.56453132435835,-8.87622728137268,54.8095231196305));
#3059=CARTESIAN_POINT('Ctrl Pts',(9.60911317746511,-8.05632401173512,54.8848369006942));
#3060=CARTESIAN_POINT('Ctrl Pts',(9.60943561173498,-8.05087860011442,54.8852621524614));
#3061=CARTESIAN_POINT('Ctrl Pts',(9.61416794375255,-7.96530606743767,54.8927041594713));
#3062=CARTESIAN_POINT('Ctrl Pts',(9.61841834633394,-7.88551015202259,54.899182690817));
#3063=CARTESIAN_POINT('Ctrl Pts',(9.66741159829652,-6.93334315744463,54.9696895845937));
#3064=CARTESIAN_POINT('Ctrl Pts',(9.68975263150625,-6.09723636547556,54.9815858938671));
#3065=CARTESIAN_POINT('Ctrl Pts',(9.708609209919,-5.30035611294551,55.0027104743976));
#3066=CARTESIAN_POINT('Ctrl Pts',(8.80430897250212,-15.7873958994408,51.4038563207345));
#3067=CARTESIAN_POINT('Ctrl Pts',(8.85253406086653,-15.1029196167667,51.5546999054101));
#3068=CARTESIAN_POINT('Ctrl Pts',(8.90446267356522,-14.4272975029406,51.9764337800301));
#3069=CARTESIAN_POINT('Ctrl Pts',(8.95089365232651,-13.667844765551,52.5871607608085));
#3070=CARTESIAN_POINT('Ctrl Pts',(8.95343399064122,-13.6262904152013,52.6201656678709));
#3071=CARTESIAN_POINT('Ctrl Pts',(8.95820884045024,-13.5424257040402,52.6878083190933));
#3072=CARTESIAN_POINT('Ctrl Pts',(8.96093569912167,-13.4995516147902,52.7233416447513));
#3073=CARTESIAN_POINT('Ctrl Pts',(8.99477097356612,-12.8429613043105,53.2523358303053));
#3074=CARTESIAN_POINT('Ctrl Pts',(9.03206036673087,-12.2129067902622,53.825663809582));
#3075=CARTESIAN_POINT('Ctrl Pts',(9.01629441709076,-11.3314412899388,54.4160535222846));
#3076=CARTESIAN_POINT('Ctrl Pts',(9.01597589215054,-11.3185755035517,54.4242556999359));
#3077=CARTESIAN_POINT('Ctrl Pts',(9.01191660524894,-11.152611357644,54.5316636580253));
#3078=CARTESIAN_POINT('Ctrl Pts',(9.00635172410034,-10.9944175546609,54.6290946586673));
#3079=CARTESIAN_POINT('Ctrl Pts',(8.95869508940589,-9.89306684280201,55.2258625785114));
#3080=CARTESIAN_POINT('Ctrl Pts',(8.91316564763753,-8.97643736798668,55.4472977076412));
#3081=CARTESIAN_POINT('Ctrl Pts',(8.87777804484771,-8.14529996864094,55.6031739396027));
#3082=CARTESIAN_POINT('Ctrl Pts',(8.8775000809446,-8.13974037418175,55.6041415494557));
#3083=CARTESIAN_POINT('Ctrl Pts',(8.87368309704607,-8.05289050256841,55.6199664799133));
#3084=CARTESIAN_POINT('Ctrl Pts',(8.87012373202631,-7.97205261482913,55.6341514356241));
#3085=CARTESIAN_POINT('Ctrl Pts',(8.82774967852747,-7.00897345570391,55.7949149466077));
#3086=CARTESIAN_POINT('Ctrl Pts',(8.7904166557143,-6.16727772420731,55.8721168226397));
#3087=CARTESIAN_POINT('Ctrl Pts',(8.76695216601356,-5.37375238961131,55.9440597694112));
#3088=CARTESIAN_POINT('Ctrl Pts',(8.80345361645056,-15.7875230534048,51.4049506986627));
#3089=CARTESIAN_POINT('Ctrl Pts',(8.84660743835852,-15.1034442803451,51.5612288587967));
#3090=CARTESIAN_POINT('Ctrl Pts',(8.88380209409221,-14.4349578554235,52.0048364929352));
#3091=CARTESIAN_POINT('Ctrl Pts',(8.86757916428361,-13.7020819394245,52.6494353087698));
#3092=CARTESIAN_POINT('Ctrl Pts',(8.86632667921753,-13.6620965652984,52.6844164597482));
#3093=CARTESIAN_POINT('Ctrl Pts',(8.86368072591161,-13.5811304171366,52.7558751223436));
#3094=CARTESIAN_POINT('Ctrl Pts',(8.86195901296196,-13.5402346285078,52.7936682150153));
#3095=CARTESIAN_POINT('Ctrl Pts',(8.83638136428398,-12.9017117002532,53.353544977397));
#3096=CARTESIAN_POINT('Ctrl Pts',(8.76526996745167,-12.3168938185292,53.9716434609689));
#3097=CARTESIAN_POINT('Ctrl Pts',(8.58850337632926,-11.428170436383,54.5938882113017));
#3098=CARTESIAN_POINT('Ctrl Pts',(8.58613293545105,-11.4150361501082,54.6024896966892));
#3099=CARTESIAN_POINT('Ctrl Pts',(8.5525560801992,-11.2461866867196,54.7148070572505));
#3100=CARTESIAN_POINT('Ctrl Pts',(8.52190687101067,-11.0826366824895,54.8173217012593));
#3101=CARTESIAN_POINT('Ctrl Pts',(8.2965636535629,-9.92201981845056,55.4283194666521));
#3102=CARTESIAN_POINT('Ctrl Pts',(8.13217349060541,-8.99385689708657,55.5890734131768));
#3103=CARTESIAN_POINT('Ctrl Pts',(8.01882913199443,-8.16480639539313,55.7066733756746));
#3104=CARTESIAN_POINT('Ctrl Pts',(8.01795058582345,-8.15921687753159,55.707293946177));
#3105=CARTESIAN_POINT('Ctrl Pts',(8.00580513140346,-8.0725242693143,55.7187580595857));
#3106=CARTESIAN_POINT('Ctrl Pts',(7.99462176628588,-7.99183083483543,55.7289293431321));
#3107=CARTESIAN_POINT('Ctrl Pts',(7.86448301043197,-7.03233848110167,55.8411310896905));
#3108=CARTESIAN_POINT('Ctrl Pts',(7.77430820437293,-6.19574775197835,55.8810648563948));
#3109=CARTESIAN_POINT('Ctrl Pts',(7.71164647162275,-5.39606210864722,55.9271230299421));
#3110=CARTESIAN_POINT('',(8.80601624981525,-15.7871407657053,51.4016649801183));
#3111=CARTESIAN_POINT('Ctrl Pts',(9.69075131923482,-5.24875274879051,53.9489625494524));
#3112=CARTESIAN_POINT('Ctrl Pts',(9.70766308719472,-6.04982529031283,53.9664947050173));
#3113=CARTESIAN_POINT('Ctrl Pts',(9.72861939281916,-6.86838980081415,54.0089315712881));
#3114=CARTESIAN_POINT('Ctrl Pts',(9.72456960008828,-7.79178199569841,54.0297997335294));
#3115=CARTESIAN_POINT('Ctrl Pts',(9.72397877433954,-7.86930690369359,54.0312504081707));
#3116=CARTESIAN_POINT('Ctrl Pts',(9.72314895139127,-7.95219970740176,54.0325214127291));
#3117=CARTESIAN_POINT('Ctrl Pts',(9.72307462793481,-7.95744787291767,54.0326867102576));
#3118=CARTESIAN_POINT('Ctrl Pts',(9.71536298761242,-8.75294940893648,54.040348343637));
#3119=CARTESIAN_POINT('Ctrl Pts',(9.68020478277964,-9.5882112327464,54.0380115159013));
#3120=CARTESIAN_POINT('Ctrl Pts',(9.5914255840548,-10.6016833845985,53.8200479953796));
#3121=CARTESIAN_POINT('Ctrl Pts',(9.5774257583693,-10.7576172002785,53.7771130548117));
#3122=CARTESIAN_POINT('Ctrl Pts',(9.55802326148734,-10.9311182859472,53.7274493825076));
#3123=CARTESIAN_POINT('Ctrl Pts',(9.55663990350327,-10.9441067970331,53.7234834750696));
#3124=CARTESIAN_POINT('Ctrl Pts',(9.44721222681004,-11.8983054591391,53.445855470533));
#3125=CARTESIAN_POINT('Ctrl Pts',(9.26090320245343,-12.693481279471,53.0018682426795));
#3126=CARTESIAN_POINT('Ctrl Pts',(9.13389074042678,-13.3998967352786,52.5624871339068));
#3127=CARTESIAN_POINT('Ctrl Pts',(9.12443090763464,-13.4489474429116,52.5327835774761));
#3128=CARTESIAN_POINT('Ctrl Pts',(9.10770778410208,-13.5404921269351,52.4755236967904));
#3129=CARTESIAN_POINT('Ctrl Pts',(9.09924852631422,-13.5865858932891,52.4477798631086));
#3130=CARTESIAN_POINT('Ctrl Pts',(8.94932482414204,-14.415558443319,51.922891522161));
#3131=CARTESIAN_POINT('Ctrl Pts',(8.863081030386,-15.1006842098704,51.5404355109224));
#3132=CARTESIAN_POINT('Ctrl Pts',(8.806016249816,-15.7871407657053,51.4016649801174));
#3133=CARTESIAN_POINT('Ctrl Pts',(8.80352939574054,-15.7863546531607,51.4052234710826));
#3134=CARTESIAN_POINT('Ctrl Pts',(8.80435747929853,-15.7866352040576,51.404034996439));
#3135=CARTESIAN_POINT('Ctrl Pts',(8.80518643976455,-15.7868972575583,51.4028488250739));
#3136=CARTESIAN_POINT('Ctrl Pts',(8.80601624981576,-15.7871407657051,51.4016649801177));
#3137=CARTESIAN_POINT('Ctrl Pts',(8.79114012224783,-15.9754969517824,38.1348600341847));
#3138=CARTESIAN_POINT('Ctrl Pts',(8.84896800384344,-15.0836576312386,38.0965333649471));
#3139=CARTESIAN_POINT('Ctrl Pts',(8.93099455114889,-14.2839381347347,38.8518416241273));
#3140=CARTESIAN_POINT('Ctrl Pts',(9.0898838195038,-12.7888757041068,40.4092173119428));
#3141=CARTESIAN_POINT('Ctrl Pts',(9.17043707833826,-12.0575249738184,41.2452811116628));
#3142=CARTESIAN_POINT('Ctrl Pts',(9.3288244645904,-10.2491949496908,42.245005032717));
#3143=CARTESIAN_POINT('Ctrl Pts',(9.41208536532479,-9.120272204104,42.4603398255751));
#3144=CARTESIAN_POINT('Ctrl Pts',(9.55133683963526,-7.09815102074183,42.5873726182153));
#3145=CARTESIAN_POINT('Ctrl Pts',(9.61071853567394,-6.17544244427296,42.5364848037655));
#3146=CARTESIAN_POINT('Ctrl Pts',(9.66954484926146,-5.25163945935022,42.469075371241));
#3147=CARTESIAN_POINT('Ctrl Pts',(10.0094669961124,-15.9759019025274,39.7544201217371));
#3148=CARTESIAN_POINT('Ctrl Pts',(10.0477776808368,-15.0987574823871,39.7074557838901));
#3149=CARTESIAN_POINT('Ctrl Pts',(10.0767793801399,-14.3071193398246,40.4628364612499));
#3150=CARTESIAN_POINT('Ctrl Pts',(10.0751237993125,-12.8182668170377,42.0381471512357));
#3151=CARTESIAN_POINT('Ctrl Pts',(10.0344398030838,-12.0835142186902,42.895870666728));
#3152=CARTESIAN_POINT('Ctrl Pts',(9.94138145255736,-10.2647880154068,43.953295501402));
#3153=CARTESIAN_POINT('Ctrl Pts',(9.88610538465958,-9.12865064995796,44.2063405812273));
#3154=CARTESIAN_POINT('Ctrl Pts',(9.78062168901534,-7.0975806326496,44.4145054246894));
#3155=CARTESIAN_POINT('Ctrl Pts',(9.72985821335973,-6.17248634678345,44.4063681669362));
#3156=CARTESIAN_POINT('Ctrl Pts',(9.69472740169193,-5.2509159300524,44.3847579729968));
#3157=CARTESIAN_POINT('Ctrl Pts',(11.7862955792785,-15.976079871574,44.3444502329907));
#3158=CARTESIAN_POINT('Ctrl Pts',(11.8000333227184,-15.1053239642493,44.3840381570654));
#3159=CARTESIAN_POINT('Ctrl Pts',(11.7472760297347,-14.3090500369465,45.0561784729287));
#3160=CARTESIAN_POINT('Ctrl Pts',(11.5035783695582,-12.7723110440853,46.4884693065877));
#3161=CARTESIAN_POINT('Ctrl Pts',(11.2820949326222,-11.9904347360025,47.2790148114935));
#3162=CARTESIAN_POINT('Ctrl Pts',(10.8144523293497,-10.166952573645,48.2803076232262));
#3163=CARTESIAN_POINT('Ctrl Pts',(10.553100683543,-9.06838670777671,48.538538127177));
#3164=CARTESIAN_POINT('Ctrl Pts',(10.0944035689904,-7.07940359462246,48.8055096782221));
#3165=CARTESIAN_POINT('Ctrl Pts',(9.88931087056013,-6.16311815595488,48.8451167194066));
#3166=CARTESIAN_POINT('Ctrl Pts',(9.72829901345321,-5.24893265490122,48.8710359108549));
#3167=CARTESIAN_POINT('Ctrl Pts',(10.4163797748191,-15.9758372528828,49.2067024333078));
#3168=CARTESIAN_POINT('Ctrl Pts',(10.4520528858373,-15.0961818655247,49.3615622838178));
#3169=CARTESIAN_POINT('Ctrl Pts',(10.4555538538858,-14.2838641613113,49.91843935293));
#3170=CARTESIAN_POINT('Ctrl Pts',(10.395216991384,-12.6750891878561,51.1418824534783));
#3171=CARTESIAN_POINT('Ctrl Pts',(10.3171198059448,-11.8338175224852,51.8266478169872));
#3172=CARTESIAN_POINT('Ctrl Pts',(10.1396562580821,-10.0155704337646,52.7116955910656));
#3173=CARTESIAN_POINT('Ctrl Pts',(10.0349369698859,-8.97546907472397,52.9503976845964));
#3174=CARTESIAN_POINT('Ctrl Pts',(9.84945864991641,-7.0537454250249,53.2370979817948));
#3175=CARTESIAN_POINT('Ctrl Pts',(9.76579795246337,-6.15264384335327,53.3088078501646));
#3176=CARTESIAN_POINT('Ctrl Pts',(9.7023322337289,-5.24681686797225,53.3627315598527));
#3177=CARTESIAN_POINT('Ctrl Pts',(8.79228754505991,-15.9761572551259,51.3661179395674));
#3178=CARTESIAN_POINT('Ctrl Pts',(8.8542195673874,-15.1081108947852,51.5003306905591));
#3179=CARTESIAN_POINT('Ctrl Pts',(8.92815540340185,-14.3017986850533,52.0518054985466));
#3180=CARTESIAN_POINT('Ctrl Pts',(9.0808353003415,-12.6968270213762,53.2939824397012));
#3181=CARTESIAN_POINT('Ctrl Pts',(9.16351030402646,-11.8520733430103,54.008815919371));
#3182=CARTESIAN_POINT('Ctrl Pts',(9.32005992309933,-10.0246185957903,54.9760793362533));
#3183=CARTESIAN_POINT('Ctrl Pts',(9.39963879534609,-8.97857481433339,55.2692413587763));
#3184=CARTESIAN_POINT('Ctrl Pts',(9.54096906435045,-7.05049723546519,55.6704633140848));
#3185=CARTESIAN_POINT('Ctrl Pts',(9.60492201699127,-6.14832560878974,55.8015779568596));
#3186=CARTESIAN_POINT('Ctrl Pts',(9.66830645499878,-5.24580660881495,55.916928055639));
#3187=CARTESIAN_POINT('',(8.79326635539251,-15.9429004489326,38.1337899902169));
#3188=CARTESIAN_POINT('Ctrl Pts',(8.79326667538441,-15.9428990731029,38.1337943525404));
#3189=CARTESIAN_POINT('Ctrl Pts',(8.83546477931168,-15.3778328781461,38.1699390512589));
#3190=CARTESIAN_POINT('Ctrl Pts',(8.89500682883225,-14.9816108073587,38.4193801281589));
#3191=CARTESIAN_POINT('Ctrl Pts',(9.00120778222146,-14.4009740111145,38.8787564909421));
#3192=CARTESIAN_POINT('Ctrl Pts',(9.0644801980691,-14.1373253812336,39.2063312788131));
#3193=CARTESIAN_POINT('Ctrl Pts',(9.12865315307338,-13.8418044329638,39.5416746940548));
#3194=CARTESIAN_POINT('Ctrl Pts',(9.14977386140571,-13.7525593808732,39.6596466942953));
#3195=CARTESIAN_POINT('Ctrl Pts',(9.18378825067951,-13.621247952814,39.828932313551));
#3196=CARTESIAN_POINT('Ctrl Pts',(9.19424526287358,-13.5799839226085,39.884124386914));
#3197=CARTESIAN_POINT('Ctrl Pts',(9.36568796612722,-12.9470677519913,40.7398379757612));
#3198=CARTESIAN_POINT('Ctrl Pts',(9.47575096743386,-12.4160647146419,41.4935769649563));
#3199=CARTESIAN_POINT('Ctrl Pts',(9.56621325257304,-11.601772019725,42.2763863767106));
#3200=CARTESIAN_POINT('Ctrl Pts',(9.58653242824124,-11.3963666215472,42.4535259079944));
#3201=CARTESIAN_POINT('Ctrl Pts',(9.60683310520663,-11.1659104966526,42.6276681643263));
#3202=CARTESIAN_POINT('Ctrl Pts',(9.60805101702343,-11.152525567066,42.6377570021775));
#3203=CARTESIAN_POINT('Ctrl Pts',(9.64158921747936,-10.7677724722324,42.9243227777781));
#3204=CARTESIAN_POINT('Ctrl Pts',(9.69847557297678,-9.91347438682151,43.4132287414785));
#3205=CARTESIAN_POINT('Ctrl Pts',(9.72820006709524,-8.93445562186336,43.7655520391063));
#3206=CARTESIAN_POINT('Ctrl Pts',(9.73576623581895,-8.3076496231453,43.945934335605));
#3207=CARTESIAN_POINT('Ctrl Pts',(9.73685361511466,-8.17873338760046,43.9807693909247));
#3208=CARTESIAN_POINT('Ctrl Pts',(9.73734002528841,-8.04419451341525,44.0148070545642));
#3209=CARTESIAN_POINT('Ctrl Pts',(9.73736148252717,-8.0387206409595,44.0161914212211));
#3210=CARTESIAN_POINT('Ctrl Pts',(9.73857864456481,-7.69027295245619,44.1039160556672));
#3211=CARTESIAN_POINT('Ctrl Pts',(9.73136975681561,-6.76302390888385,44.2967564443155));
#3212=CARTESIAN_POINT('Ctrl Pts',(9.70573873379645,-5.82667401932614,44.396347121905));
#3213=CARTESIAN_POINT('Ctrl Pts',(9.69157623119145,-5.25085745841627,44.4352799075486));
#3214=CARTESIAN_POINT('Ctrl Pts',(8.80601624981524,-15.7871407657053,51.4016649801183));
#3215=CARTESIAN_POINT('Ctrl Pts',(9.61219533995268,-15.8345088656206,50.3120538936599));
#3216=CARTESIAN_POINT('Ctrl Pts',(10.8229906800042,-15.9393690983054,47.8332461961841));
#3217=CARTESIAN_POINT('Ctrl Pts',(11.2063970213268,-15.9910547471231,43.722136767742));
#3218=CARTESIAN_POINT('Ctrl Pts',(10.2692128414868,-15.9560743066659,40.4100012037013));
#3219=CARTESIAN_POINT('Ctrl Pts',(9.19969680277873,-15.9443509815113,38.6744145657609));
#3220=CARTESIAN_POINT('Ctrl Pts',(8.79326635538447,-15.9429004489306,38.133789990206));
#3221=CARTESIAN_POINT('Ctrl Pts',(-20.,-15.,32.2500014305115));
#3222=CARTESIAN_POINT('Ctrl Pts',(20.,-15.,32.2500014305115));
#3223=CARTESIAN_POINT('Ctrl Pts',(-20.,-14.9716982059912,32.2506164985477));
#3224=CARTESIAN_POINT('Ctrl Pts',(20.,-14.9716982059912,32.2506164985477));
#3225=CARTESIAN_POINT('Ctrl Pts',(-20.,-14.9153792481659,32.2523192635631));
#3226=CARTESIAN_POINT('Ctrl Pts',(20.,-14.9153792481659,32.2523192635631));
#3227=CARTESIAN_POINT('Ctrl Pts',(-20.,-14.8317547596557,32.2562912644031));
#3228=CARTESIAN_POINT('Ctrl Pts',(20.,-14.8317547596557,32.2562912644031));
#3229=CARTESIAN_POINT('Ctrl Pts',(-20.,-14.7219631816312,32.2644238324798));
#3230=CARTESIAN_POINT('Ctrl Pts',(20.,-14.7219631816312,32.2644238324798));
#3231=CARTESIAN_POINT('Ctrl Pts',(-20.,-14.5874771671497,32.2793882545636));
#3232=CARTESIAN_POINT('Ctrl Pts',(20.,-14.5874771671497,32.2793882545636));
#3233=CARTESIAN_POINT('Ctrl Pts',(-20.,-14.4554534753956,32.2993644369143));
#3234=CARTESIAN_POINT('Ctrl Pts',(20.,-14.4554534753956,32.2993644369143));
#3235=CARTESIAN_POINT('Ctrl Pts',(-20.,-14.325323512555,32.3247647580483));
#3236=CARTESIAN_POINT('Ctrl Pts',(20.,-14.325323512555,32.3247647580483));
#3237=CARTESIAN_POINT('Ctrl Pts',(-20.,-14.1960999954842,32.3562944386678));
#3238=CARTESIAN_POINT('Ctrl Pts',(20.,-14.1960999954842,32.3562944386678));
#3239=CARTESIAN_POINT('Ctrl Pts',(-20.,-14.0664326410901,32.3949303422417));
#3240=CARTESIAN_POINT('Ctrl Pts',(20.,-14.0664326410901,32.3949303422417));
#3241=CARTESIAN_POINT('Ctrl Pts',(-20.,-13.9350050133144,32.4416983411146));
#3242=CARTESIAN_POINT('Ctrl Pts',(20.,-13.9350050133144,32.4416983411146));
#3243=CARTESIAN_POINT('Ctrl Pts',(-20.,-13.8008755568825,32.4974870018766));
#3244=CARTESIAN_POINT('Ctrl Pts',(20.,-13.8008755568825,32.4974870018766));
#3245=CARTESIAN_POINT('Ctrl Pts',(-20.,-13.6637989326027,32.5628644617111));
#3246=CARTESIAN_POINT('Ctrl Pts',(20.,-13.6637989326027,32.5628644617111));
#3247=CARTESIAN_POINT('Ctrl Pts',(-20.,-13.5246620963324,32.6378490454596));
#3248=CARTESIAN_POINT('Ctrl Pts',(20.,-13.5246620963324,32.6378490454596));
#3249=CARTESIAN_POINT('Ctrl Pts',(-20.,-13.385330525586,32.7219282693342));
#3250=CARTESIAN_POINT('Ctrl Pts',(20.,-13.385330525586,32.7219282693342));
#3251=CARTESIAN_POINT('Ctrl Pts',(-20.,-13.2482008175437,32.8142037262583));
#3252=CARTESIAN_POINT('Ctrl Pts',(20.,-13.2482008175437,32.8142037262583));
#3253=CARTESIAN_POINT('Ctrl Pts',(-20.,-13.1158344302279,32.9134985757952));
#3254=CARTESIAN_POINT('Ctrl Pts',(20.,-13.1158344302279,32.9134985757952));
#3255=CARTESIAN_POINT('Ctrl Pts',(-20.,-12.9905839157405,33.0184745235585));
#3256=CARTESIAN_POINT('Ctrl Pts',(20.,-12.9905839157405,33.0184745235585));
#3257=CARTESIAN_POINT('Ctrl Pts',(-20.,-12.8741593269287,33.1277584683408));
#3258=CARTESIAN_POINT('Ctrl Pts',(20.,-12.8741593269287,33.1277584683408));
#3259=CARTESIAN_POINT('Ctrl Pts',(-20.,-12.7674429252293,33.2400163168173));
#3260=CARTESIAN_POINT('Ctrl Pts',(20.,-12.7674429252293,33.2400163168173));
#3261=CARTESIAN_POINT('Ctrl Pts',(-20.,-12.6706943047191,33.3539475074805));
#3262=CARTESIAN_POINT('Ctrl Pts',(20.,-12.6706943047191,33.3539475074805));
#3263=CARTESIAN_POINT('Ctrl Pts',(-20.,-12.5836629688821,33.4682899167706));
#3264=CARTESIAN_POINT('Ctrl Pts',(20.,-12.5836629688821,33.4682899167706));
#3265=CARTESIAN_POINT('Ctrl Pts',(-20.,-12.5057351382318,33.5818393074029));
#3266=CARTESIAN_POINT('Ctrl Pts',(20.,-12.5057351382318,33.5818393074029));
#3267=CARTESIAN_POINT('Ctrl Pts',(-20.,-12.4360719776874,33.6934173877975));
#3268=CARTESIAN_POINT('Ctrl Pts',(20.,-12.4360719776874,33.6934173877975));
#3269=CARTESIAN_POINT('Ctrl Pts',(-20.,-12.3737284693196,33.8020237719602));
#3270=CARTESIAN_POINT('Ctrl Pts',(20.,-12.3737284693196,33.8020237719602));
#3271=CARTESIAN_POINT('Ctrl Pts',(-20.,-12.3177300480255,33.907281564338));
#3272=CARTESIAN_POINT('Ctrl Pts',(20.,-12.3177300480255,33.907281564338));
#3273=CARTESIAN_POINT('Ctrl Pts',(-20.,-12.2671593422093,34.0097973249779));
#3274=CARTESIAN_POINT('Ctrl Pts',(20.,-12.2671593422093,34.0097973249779));
#3275=CARTESIAN_POINT('Ctrl Pts',(-20.,-12.2212398336702,34.1115914010489));
#3276=CARTESIAN_POINT('Ctrl Pts',(20.,-12.2212398336702,34.1115914010489));
#3277=CARTESIAN_POINT('Ctrl Pts',(-20.,-12.1794179475465,34.2164032528856));
#3278=CARTESIAN_POINT('Ctrl Pts',(20.,-12.1794179475465,34.2164032528856));
#3279=CARTESIAN_POINT('Ctrl Pts',(-20.,-12.1413693098537,34.3281878976822));
#3280=CARTESIAN_POINT('Ctrl Pts',(20.,-12.1413693098537,34.3281878976822));
#3281=CARTESIAN_POINT('Ctrl Pts',(-20.,-12.1070122585042,34.4496354727403));
#3282=CARTESIAN_POINT('Ctrl Pts',(20.,-12.1070122585042,34.4496354727403));
#3283=CARTESIAN_POINT('Ctrl Pts',(-20.,-12.0765124329702,34.5808074026352));
#3284=CARTESIAN_POINT('Ctrl Pts',(20.,-12.0765124329702,34.5808074026352));
#3285=CARTESIAN_POINT('Ctrl Pts',(-20.,-12.0503079637216,34.7173930715783));
#3286=CARTESIAN_POINT('Ctrl Pts',(20.,-12.0503079637216,34.7173930715783));
#3287=CARTESIAN_POINT('Ctrl Pts',(-20.,-12.0289444802242,34.8526545022233));
#3288=CARTESIAN_POINT('Ctrl Pts',(20.,-12.0289444802242,34.8526545022233));
#3289=CARTESIAN_POINT('Ctrl Pts',(-20.,-12.0128714635621,34.9800795998041));
#3290=CARTESIAN_POINT('Ctrl Pts',(20.,-12.0128714635621,34.9800795998041));
#3291=CARTESIAN_POINT('Ctrl Pts',(-20.,-12.0022686593157,35.0955527270971));
#3292=CARTESIAN_POINT('Ctrl Pts',(20.,-12.0022686593157,35.0955527270971));
#3293=CARTESIAN_POINT('Ctrl Pts',(-20.,-11.9968209061924,35.2002763948171));
#3294=CARTESIAN_POINT('Ctrl Pts',(20.,-11.9968209061924,35.2002763948171));
#3295=CARTESIAN_POINT('Ctrl Pts',(-20.,-11.9956443368403,35.3015404850114));
#3296=CARTESIAN_POINT('Ctrl Pts',(20.,-11.9956443368403,35.3015404850114));
#3297=CARTESIAN_POINT('Ctrl Pts',(-20.,-11.9975264486181,35.4089912649672));
#3298=CARTESIAN_POINT('Ctrl Pts',(20.,-11.9975264486181,35.4089912649672));
#3299=CARTESIAN_POINT('Ctrl Pts',(-20.,-12.0010906988324,35.532050310765));
#3300=CARTESIAN_POINT('Ctrl Pts',(20.,-12.0010906988324,35.532050310765));
#3301=CARTESIAN_POINT('Ctrl Pts',(-20.,-12.0050114512759,35.6764265139817));
#3302=CARTESIAN_POINT('Ctrl Pts',(20.,-12.0050114512759,35.6764265139817));
#3303=CARTESIAN_POINT('Ctrl Pts',(-20.,-12.0081403886698,35.842487876991));
#3304=CARTESIAN_POINT('Ctrl Pts',(20.,-12.0081403886698,35.842487876991));
#3305=CARTESIAN_POINT('Ctrl Pts',(-20.,-12.0094773282878,36.0271202111643));
#3306=CARTESIAN_POINT('Ctrl Pts',(20.,-12.0094773282878,36.0271202111643));
#3307=CARTESIAN_POINT('Ctrl Pts',(-20.,-12.0081722341597,36.2248476144529));
#3308=CARTESIAN_POINT('Ctrl Pts',(20.,-12.0081722341597,36.2248476144529));
#3309=CARTESIAN_POINT('Ctrl Pts',(-20.,-12.003515916264,36.4292870105119));
#3310=CARTESIAN_POINT('Ctrl Pts',(20.,-12.003515916264,36.4292870105119));
#3311=CARTESIAN_POINT('Ctrl Pts',(-20.,-11.9949334849458,36.6343608675641));
#3312=CARTESIAN_POINT('Ctrl Pts',(20.,-11.9949334849458,36.6343608675641));
#3313=CARTESIAN_POINT('Ctrl Pts',(-20.,-11.9819823399622,36.8358617299549));
#3314=CARTESIAN_POINT('Ctrl Pts',(20.,-11.9819823399622,36.8358617299549));
#3315=CARTESIAN_POINT('Ctrl Pts',(-20.,-11.9643193328322,37.0316012090302));
#3316=CARTESIAN_POINT('Ctrl Pts',(20.,-11.9643193328322,37.0316012090302));
#3317=CARTESIAN_POINT('Ctrl Pts',(-20.,-11.941649938614,37.2208555641439));
#3318=CARTESIAN_POINT('Ctrl Pts',(20.,-11.941649938614,37.2208555641439));
#3319=CARTESIAN_POINT('Ctrl Pts',(-20.,-11.9136853582754,37.404034906472));
#3320=CARTESIAN_POINT('Ctrl Pts',(20.,-11.9136853582754,37.404034906472));
#3321=CARTESIAN_POINT('Ctrl Pts',(-20.,-11.8800915099982,37.5822527756511));
#3322=CARTESIAN_POINT('Ctrl Pts',(20.,-11.8800915099982,37.5822527756511));
#3323=CARTESIAN_POINT('Ctrl Pts',(-20.,-11.8404527530953,37.7569576619092));
#3324=CARTESIAN_POINT('Ctrl Pts',(20.,-11.8404527530953,37.7569576619092));
#3325=CARTESIAN_POINT('Ctrl Pts',(-20.,-11.79420092278,37.9294919018981));
#3326=CARTESIAN_POINT('Ctrl Pts',(20.,-11.79420092278,37.9294919018981));
#3327=CARTESIAN_POINT('Ctrl Pts',(-20.,-11.7406910101582,38.1008960336607));
#3328=CARTESIAN_POINT('Ctrl Pts',(20.,-11.7406910101582,38.1008960336607));
#3329=CARTESIAN_POINT('Ctrl Pts',(-20.,-11.6793729138514,38.2718598742744));
#3330=CARTESIAN_POINT('Ctrl Pts',(20.,-11.6793729138514,38.2718598742744));
#3331=CARTESIAN_POINT('Ctrl Pts',(-20.,-11.6099303526272,38.4426332329473));
#3332=CARTESIAN_POINT('Ctrl Pts',(20.,-11.6099303526272,38.4426332329473));
#3333=CARTESIAN_POINT('Ctrl Pts',(-20.,-11.5324423954766,38.6129450450338));
#3334=CARTESIAN_POINT('Ctrl Pts',(20.,-11.5324423954766,38.6129450450338));
#3335=CARTESIAN_POINT('Ctrl Pts',(-20.,-11.4475149308129,38.7819368616021));
#3336=CARTESIAN_POINT('Ctrl Pts',(20.,-11.4475149308129,38.7819368616021));
#3337=CARTESIAN_POINT('Ctrl Pts',(-20.,-11.3564796318211,38.9480415545776));
#3338=CARTESIAN_POINT('Ctrl Pts',(20.,-11.3564796318211,38.9480415545776));
#3339=CARTESIAN_POINT('Ctrl Pts',(-20.,-11.2611219122533,39.1092784395531));
#3340=CARTESIAN_POINT('Ctrl Pts',(20.,-11.2611219122533,39.1092784395531));
#3341=CARTESIAN_POINT('Ctrl Pts',(-20.,-11.1633066275883,39.2636401850428));
#3342=CARTESIAN_POINT('Ctrl Pts',(20.,-11.1633066275883,39.2636401850428));
#3343=CARTESIAN_POINT('Ctrl Pts',(-20.,-11.0646378663241,39.4094492648176));
#3344=CARTESIAN_POINT('Ctrl Pts',(20.,-11.0646378663241,39.4094492648176));
#3345=CARTESIAN_POINT('Ctrl Pts',(-20.,-10.9661069120633,39.5457246609187));
#3346=CARTESIAN_POINT('Ctrl Pts',(20.,-10.9661069120633,39.5457246609187));
#3347=CARTESIAN_POINT('Ctrl Pts',(-20.,-10.8677386922235,39.6725511779675));
#3348=CARTESIAN_POINT('Ctrl Pts',(20.,-10.8677386922235,39.6725511779675));
#3349=CARTESIAN_POINT('Ctrl Pts',(-20.,-10.7682556250441,39.7914300837555));
#3350=CARTESIAN_POINT('Ctrl Pts',(20.,-10.7682556250441,39.7914300837555));
#3351=CARTESIAN_POINT('Ctrl Pts',(-20.,-10.6656480764596,39.9046801855692));
#3352=CARTESIAN_POINT('Ctrl Pts',(20.,-10.6656480764596,39.9046801855692));
#3353=CARTESIAN_POINT('Ctrl Pts',(-20.,-10.5577153074834,40.0148693164788));
#3354=CARTESIAN_POINT('Ctrl Pts',(20.,-10.5577153074834,40.0148693164788));
#3355=CARTESIAN_POINT('Ctrl Pts',(-20.,-10.4426323552719,40.1242198525026));
#3356=CARTESIAN_POINT('Ctrl Pts',(20.,-10.4426323552719,40.1242198525026));
#3357=CARTESIAN_POINT('Ctrl Pts',(-20.,-10.3194713327685,40.2340593771179));
#3358=CARTESIAN_POINT('Ctrl Pts',(20.,-10.3194713327685,40.2340593771179));
#3359=CARTESIAN_POINT('Ctrl Pts',(-20.,-10.1888349391964,40.3441606460504));
#3360=CARTESIAN_POINT('Ctrl Pts',(20.,-10.1888349391964,40.3441606460504));
#3361=CARTESIAN_POINT('Ctrl Pts',(-20.,-10.052419979079,40.4531391445859));
#3362=CARTESIAN_POINT('Ctrl Pts',(20.,-10.052419979079,40.4531391445859));
#3363=CARTESIAN_POINT('Ctrl Pts',(-20.,-9.91244367307639,40.5589882998934));
#3364=CARTESIAN_POINT('Ctrl Pts',(20.,-9.91244367307639,40.5589882998934));
#3365=CARTESIAN_POINT('Ctrl Pts',(-20.,-9.77109733225216,40.6595829873196));
#3366=CARTESIAN_POINT('Ctrl Pts',(20.,-9.77109733225216,40.6595829873196));
#3367=CARTESIAN_POINT('Ctrl Pts',(-20.,-9.63003735112835,40.7531567521565));
#3368=CARTESIAN_POINT('Ctrl Pts',(20.,-9.63003735112835,40.7531567521565));
#3369=CARTESIAN_POINT('Ctrl Pts',(-20.,-9.48974214039325,40.8388857567289));
#3370=CARTESIAN_POINT('Ctrl Pts',(20.,-9.48974214039325,40.8388857567289));
#3371=CARTESIAN_POINT('Ctrl Pts',(-20.,-9.34932229532171,40.9171067083785));
#3372=CARTESIAN_POINT('Ctrl Pts',(20.,-9.34932229532171,40.9171067083785));
#3373=CARTESIAN_POINT('Ctrl Pts',(-20.,-9.20722414921434,40.988811039069));
#3374=CARTESIAN_POINT('Ctrl Pts',(20.,-9.20722414921434,40.988811039069));
#3375=CARTESIAN_POINT('Ctrl Pts',(-20.,-9.06174404881045,41.0552932110908));
#3376=CARTESIAN_POINT('Ctrl Pts',(20.,-9.06174404881045,41.0552932110908));
#3377=CARTESIAN_POINT('Ctrl Pts',(-20.,-8.91161023858736,41.1177427613032));
#3378=CARTESIAN_POINT('Ctrl Pts',(20.,-8.91161023858736,41.1177427613032));
#3379=CARTESIAN_POINT('Ctrl Pts',(-20.,-8.75655466492231,41.1768484794013));
#3380=CARTESIAN_POINT('Ctrl Pts',(20.,-8.75655466492231,41.1768484794013));
#3381=CARTESIAN_POINT('Ctrl Pts',(-20.,-8.59783678618906,41.2324311348236));
#3382=CARTESIAN_POINT('Ctrl Pts',(20.,-8.59783678618906,41.2324311348236));
#3383=CARTESIAN_POINT('Ctrl Pts',(-20.,-8.43768617327687,41.2837715524279));
#3384=CARTESIAN_POINT('Ctrl Pts',(20.,-8.43768617327687,41.2837715524279));
#3385=CARTESIAN_POINT('Ctrl Pts',(-20.,-8.27881391620802,41.3298942229117));
#3386=CARTESIAN_POINT('Ctrl Pts',(20.,-8.27881391620802,41.3298942229117));
#3387=CARTESIAN_POINT('Ctrl Pts',(-20.,-8.12387898969198,41.3698798375902));
#3388=CARTESIAN_POINT('Ctrl Pts',(20.,-8.12387898969198,41.3698798375902));
#3389=CARTESIAN_POINT('Ctrl Pts',(-20.,-7.97501837019655,41.4031373657323));
#3390=CARTESIAN_POINT('Ctrl Pts',(20.,-7.97501837019655,41.4031373657323));
#3391=CARTESIAN_POINT('Ctrl Pts',(-20.,-7.83323551769534,41.4297657614728));
#3392=CARTESIAN_POINT('Ctrl Pts',(20.,-7.83323551769534,41.4297657614728));
#3393=CARTESIAN_POINT('Ctrl Pts',(-20.,-7.69852184167493,41.4504520428021));
#3394=CARTESIAN_POINT('Ctrl Pts',(20.,-7.69852184167493,41.4504520428021));
#3395=CARTESIAN_POINT('Ctrl Pts',(-20.,-7.57025783082354,41.4661921491955));
#3396=CARTESIAN_POINT('Ctrl Pts',(20.,-7.57025783082354,41.4661921491955));
#3397=CARTESIAN_POINT('Ctrl Pts',(-20.,-7.44751874817564,41.4780727852947));
#3398=CARTESIAN_POINT('Ctrl Pts',(20.,-7.44751874817564,41.4780727852947));
#3399=CARTESIAN_POINT('Ctrl Pts',(-20.,-7.32942841748208,41.4870212178736));
#3400=CARTESIAN_POINT('Ctrl Pts',(20.,-7.32942841748208,41.4870212178736));
#3401=CARTESIAN_POINT('Ctrl Pts',(-20.,-7.21546778042999,41.4935879360744));
#3402=CARTESIAN_POINT('Ctrl Pts',(20.,-7.21546778042999,41.4935879360744));
#3403=CARTESIAN_POINT('Ctrl Pts',(-20.,-7.12739202233037,41.4971584672778));
#3404=CARTESIAN_POINT('Ctrl Pts',(20.,-7.12739202233037,41.4971584672778));
#3405=CARTESIAN_POINT('Ctrl Pts',(-20.,-7.0630350691158,41.4989314977888));
#3406=CARTESIAN_POINT('Ctrl Pts',(20.,-7.0630350691158,41.4989314977888));
#3407=CARTESIAN_POINT('Ctrl Pts',(-20.,-7.02088572616654,41.4997114768536));
#3408=CARTESIAN_POINT('Ctrl Pts',(20.,-7.02088572616654,41.4997114768536));
#3409=CARTESIAN_POINT('Ctrl Pts',(-20.,-6.99999988079071,41.5000009536743));
#3410=CARTESIAN_POINT('Ctrl Pts',(20.,-6.99999988079071,41.5000009536743));
#3411=CARTESIAN_POINT('',(11.5,-15.0000000000001,32.2500014305115));
#3412=CARTESIAN_POINT('Ctrl Pts',(11.5,-14.9999999999997,32.2500014305115));
#3413=CARTESIAN_POINT('Ctrl Pts',(11.5,-14.8486782986661,32.253290025632));
#3414=CARTESIAN_POINT('Ctrl Pts',(11.5000000000008,-14.5497573241204,32.2706641886831));
#3415=CARTESIAN_POINT('Ctrl Pts',(11.5000000000018,-13.9972423231893,32.39963990005));
#3416=CARTESIAN_POINT('Ctrl Pts',(11.5000000000021,-13.5996624823689,32.5915822855326));
#3417=CARTESIAN_POINT('Ctrl Pts',(11.5000000000027,-13.3597849100187,32.7394565411383));
#3418=CARTESIAN_POINT('Ctrl Pts',(11.5000000000028,-13.2224978655145,32.835129404377));
#3419=CARTESIAN_POINT('Ctrl Pts',(11.5000000000029,-13.1217021590876,32.9114740096344));
#3420=CARTESIAN_POINT('Ctrl Pts',(11.500000000003,-13.0215495236637,32.9940740391509));
#3421=CARTESIAN_POINT('Ctrl Pts',(11.5000000000032,-12.8903911640751,33.1124905997333));
#3422=CARTESIAN_POINT('Ctrl Pts',(11.5000000000039,-12.7324813595066,33.2769753352047));
#3423=CARTESIAN_POINT('Ctrl Pts',(11.5000000000046,-12.5927225336469,33.4562328595481));
#3424=CARTESIAN_POINT('Ctrl Pts',(11.5000000000049,-12.4962333353575,33.5990489228044));
#3425=CARTESIAN_POINT('Ctrl Pts',(11.5000000000051,-12.4310997411387,33.704230997555));
#3426=CARTESIAN_POINT('Ctrl Pts',(11.5000000000054,-12.3818724718703,33.7903012131121));
#3427=CARTESIAN_POINT('Ctrl Pts',(11.5000000000055,-12.3445620288226,33.8591655621523));
#3428=CARTESIAN_POINT('Ctrl Pts',(11.5000000000056,-12.3173308572615,33.9113615279924));
#3429=CARTESIAN_POINT('Ctrl Pts',(11.5000000000057,-12.2905131122771,33.9648226356664));
#3430=CARTESIAN_POINT('Ctrl Pts',(11.5000000000058,-12.2704059007572,34.0067209610696));
#3431=CARTESIAN_POINT('Ctrl Pts',(11.5000000000058,-12.2568581271772,34.035905040664));
#3432=CARTESIAN_POINT('Ctrl Pts',(11.5000000000058,-12.2500494322222,34.0507839837747));
#3433=CARTESIAN_POINT('Ctrl Pts',(11.5000000000058,-12.2432024418714,34.0659743357176));
#3434=CARTESIAN_POINT('Ctrl Pts',(11.5000000000058,-12.2363163640466,34.0815006540993));
#3435=CARTESIAN_POINT('Ctrl Pts',(11.5000000000058,-12.2293936166522,34.0973798923117));
#3436=CARTESIAN_POINT('Ctrl Pts',(11.5000000000058,-12.2235994945107,34.1109185068792));
#3437=CARTESIAN_POINT('Ctrl Pts',(11.5000000000058,-12.2189543687348,34.1219307100691));
#3438=CARTESIAN_POINT('Ctrl Pts',(11.5000000000058,-12.2143058174671,34.133067095758));
#3439=CARTESIAN_POINT('Ctrl Pts',(11.5000000000058,-12.1922077669865,34.1867812092935));
#3440=CARTESIAN_POINT('Ctrl Pts',(11.5000000000057,-12.1623499133904,34.2677182878929));
#3441=CARTESIAN_POINT('Ctrl Pts',(11.5000000000057,-12.1363453215889,34.3513966873514));
#3442=CARTESIAN_POINT('Ctrl Pts',(11.5000000000057,-12.123134196526,34.3973078154233));
#3443=CARTESIAN_POINT('Ctrl Pts',(11.5000000000057,-12.1140030711515,34.4307921213435));
#3444=CARTESIAN_POINT('Ctrl Pts',(11.5000000000057,-12.1055649268007,34.4633280207535));
#3445=CARTESIAN_POINT('Ctrl Pts',(11.5000000000057,-12.0977457763447,34.494983654301));
#3446=CARTESIAN_POINT('Ctrl Pts',(11.5000000000057,-12.0904669201818,34.5258469907491));
#3447=CARTESIAN_POINT('Ctrl Pts',(11.5000000000057,-12.0836593730119,34.5560329976967));
#3448=CARTESIAN_POINT('Ctrl Pts',(11.5000000000058,-12.0772631377253,34.5856306448425));
#3449=CARTESIAN_POINT('Ctrl Pts',(11.5000000000058,-12.0722341872479,34.6099107723489));
#3450=CARTESIAN_POINT('Ctrl Pts',(11.5000000000058,-12.0683709957515,34.6291051481343));
#3451=CARTESIAN_POINT('Ctrl Pts',(11.5000000000058,-12.0655497637389,34.6434517119633));
#3452=CARTESIAN_POINT('Ctrl Pts',(11.5000000000058,-12.0627983013722,34.6576231045068));
#3453=CARTESIAN_POINT('Ctrl Pts',(11.5000000000058,-12.0395697452476,34.7815922904092));
#3454=CARTESIAN_POINT('Ctrl Pts',(11.5000000000061,-12.0178995465541,34.9190690014714));
#3455=CARTESIAN_POINT('Ctrl Pts',(11.5000000000064,-11.9950618070151,35.1904170327815));
#3456=CARTESIAN_POINT('Ctrl Pts',(11.5000000000068,-11.9969840784693,35.4034061277369));
#3457=CARTESIAN_POINT('Ctrl Pts',(11.5000000000072,-12.0010691526739,35.5224424887197));
#3458=CARTESIAN_POINT('Ctrl Pts',(11.5000000000074,-12.0030051839425,35.6017532261063));
#3459=CARTESIAN_POINT('Ctrl Pts',(11.5000000000074,-12.0036172147596,35.6257277068264));
#3460=CARTESIAN_POINT('Ctrl Pts',(11.5000000000074,-12.0039511580836,35.6395876954762));
#3461=CARTESIAN_POINT('Ctrl Pts',(11.5000000000074,-12.0042800126079,35.6533490082461));
#3462=CARTESIAN_POINT('Ctrl Pts',(11.5000000000075,-12.0046762166495,35.6705501146746));
#3463=CARTESIAN_POINT('Ctrl Pts',(11.5000000000075,-12.0051299006639,35.6910977158021));
#3464=CARTESIAN_POINT('Ctrl Pts',(11.5000000000075,-12.00555973291,35.7116060481038));
#3465=CARTESIAN_POINT('Ctrl Pts',(11.5000000000076,-12.0061012674452,35.7388713125615));
#3466=CARTESIAN_POINT('Ctrl Pts',(11.5000000000077,-12.0065915627865,35.7661166914238));
#3467=CARTESIAN_POINT('Ctrl Pts',(11.5000000000078,-12.0069496861702,35.788162426315));
#3468=CARTESIAN_POINT('Ctrl Pts',(11.5000000000078,-12.0070937702693,35.797481482282));
#3469=CARTESIAN_POINT('Ctrl Pts',(11.5000000000078,-12.0071453627125,35.8008690128148));
#3470=CARTESIAN_POINT('Ctrl Pts',(11.5000000000078,-12.0072219290994,35.8059497025521));
#3471=CARTESIAN_POINT('Ctrl Pts',(11.5000000000077,-12.007482571784,35.8237310287973));
#3472=CARTESIAN_POINT('Ctrl Pts',(11.5000000000076,-12.0078787092973,35.8542088843312));
#3473=CARTESIAN_POINT('Ctrl Pts',(11.5000000000074,-12.0082992480995,35.8947613946454));
#3474=CARTESIAN_POINT('Ctrl Pts',(11.5000000000072,-12.0086091731833,35.9352638090181));
#3475=CARTESIAN_POINT('Ctrl Pts',(11.5000000000071,-12.0087735890414,35.9689785564422));
#3476=CARTESIAN_POINT('Ctrl Pts',(11.5000000000071,-12.0088390618756,35.9925445622662));
#3477=CARTESIAN_POINT('Ctrl Pts',(11.500000000007,-12.0088621687682,36.0060013067973));
#3478=CARTESIAN_POINT('Ctrl Pts',(11.500000000007,-12.0088822870334,36.0261823625146));
#3479=CARTESIAN_POINT('Ctrl Pts',(11.5000000000069,-12.0088465859381,36.0698913637137));
#3480=CARTESIAN_POINT('Ctrl Pts',(11.5000000000064,-12.0085637890682,36.1236587679738));
#3481=CARTESIAN_POINT('Ctrl Pts',(11.5000000000063,-12.0081043408539,36.1705322401412));
#3482=CARTESIAN_POINT('Ctrl Pts',(11.5000000000063,-12.0078200878859,36.1939395810972));
#3483=CARTESIAN_POINT('Ctrl Pts',(11.5000000000063,-12.0076420808712,36.2073019441364));
#3484=CARTESIAN_POINT('Ctrl Pts',(11.5000000000062,-12.0067930661453,36.2674227400867));
#3485=CARTESIAN_POINT('Ctrl Pts',(11.5000000000053,-12.0050454726905,36.3508218453213));
#3486=CARTESIAN_POINT('Ctrl Pts',(11.5000000000051,-12.0017148085758,36.4565107453765));
#3487=CARTESIAN_POINT('Ctrl Pts',(11.5000000000049,-11.997614327182,36.5616301205815));
#3488=CARTESIAN_POINT('Ctrl Pts',(11.5000000000043,-11.9923052526703,36.6658615273045));
#3489=CARTESIAN_POINT('Ctrl Pts',(11.5000000000041,-11.9856816924388,36.7688364910781));
#3490=CARTESIAN_POINT('Ctrl Pts',(11.500000000004,-11.9781412279022,36.87102096685));
#3491=CARTESIAN_POINT('Ctrl Pts',(11.5000000000036,-11.9669208882266,36.9972437410541));
#3492=CARTESIAN_POINT('Ctrl Pts',(11.5000000000033,-11.9448539641447,37.1955904945441));
#3493=CARTESIAN_POINT('Ctrl Pts',(11.5000000000023,-11.9161478426375,37.38880301395));
#3494=CARTESIAN_POINT('Ctrl Pts',(11.5000000000022,-11.8800839181738,37.577119779531));
#3495=CARTESIAN_POINT('Ctrl Pts',(11.500000000002,-11.8388688670496,37.7626378592596));
#3496=CARTESIAN_POINT('Ctrl Pts',(11.5000000000016,-11.7531610134299,38.0796900687717));
#3497=CARTESIAN_POINT('Ctrl Pts',(11.5000000000009,-11.5873969723239,38.5173720680678));
#3498=CARTESIAN_POINT('Ctrl Pts',(11.5000000000005,-11.3178094837198,39.0311552656428));
#3499=CARTESIAN_POINT('Ctrl Pts',(11.5000000000003,-10.9849562864009,39.5362557932058));
#3500=CARTESIAN_POINT('Ctrl Pts',(11.5000000000002,-10.6379105709758,39.9505553999516));
#3501=CARTESIAN_POINT('Ctrl Pts',(11.5000000000001,-10.2070110943957,40.3391336790375));
#3502=CARTESIAN_POINT('Ctrl Pts',(11.5,-9.71764448749953,40.7075368309193));
#3503=CARTESIAN_POINT('Ctrl Pts',(11.5,-9.25297927428323,40.9793768060853));
#3504=CARTESIAN_POINT('Ctrl Pts',(11.5,-8.71711074717389,41.199615413454));
#3505=CARTESIAN_POINT('Ctrl Pts',(11.5,-8.13889438352105,41.3773164798073));
#3506=CARTESIAN_POINT('Ctrl Pts',(11.5,-7.60085036845188,41.4733453201586));
#3507=CARTESIAN_POINT('Ctrl Pts',(11.4999999999999,-7.20097018099607,41.4970783735681));
#3508=CARTESIAN_POINT('Ctrl Pts',(11.5,-6.99999987395657,41.5000004884385));
#3509=CARTESIAN_POINT('',(-11.5,-15.,32.2500014305115));
#3510=CARTESIAN_POINT('',(0.,-15.,32.2500014305115));
#3511=CARTESIAN_POINT('Ctrl Pts',(-11.5,-6.99999988071328,41.5000009493727));
#3512=CARTESIAN_POINT('Ctrl Pts',(-11.5,-7.01435469619538,41.4998019202352));
#3513=CARTESIAN_POINT('Ctrl Pts',(-11.5,-7.03763046539732,41.4994000838107));
#3514=CARTESIAN_POINT('Ctrl Pts',(-11.5,-7.08761340178794,41.4982287747463));
#3515=CARTESIAN_POINT('Ctrl Pts',(-11.5,-7.1735374434435,41.4954140035486));
#3516=CARTESIAN_POINT('Ctrl Pts',(-11.5,-7.34945222409222,41.4865255746557));
#3517=CARTESIAN_POINT('Ctrl Pts',(-11.5,-7.692293542171,41.4573719006554));
#3518=CARTESIAN_POINT('Ctrl Pts',(-11.5,-8.13823291903817,41.3769010880828));
#3519=CARTESIAN_POINT('Ctrl Pts',(-11.5,-8.71660677569145,41.1999155356255));
#3520=CARTESIAN_POINT('Ctrl Pts',(-11.5,-9.25241889228861,40.9798456515608));
#3521=CARTESIAN_POINT('Ctrl Pts',(-11.5,-9.71701859356576,40.7076351150145));
#3522=CARTESIAN_POINT('Ctrl Pts',(-11.5,-10.1227276352021,40.4031459569581));
#3523=CARTESIAN_POINT('Ctrl Pts',(-11.5,-10.424169179364,40.1429671293832));
#3524=CARTESIAN_POINT('Ctrl Pts',(-11.5,-10.6946513754493,39.8826315660212));
#3525=CARTESIAN_POINT('Ctrl Pts',(-11.5,-10.9850338519112,39.5362493098826));
#3526=CARTESIAN_POINT('Ctrl Pts',(-11.5,-11.3171673957118,39.0322504117783));
#3527=CARTESIAN_POINT('Ctrl Pts',(-11.5,-11.588116602704,38.5158678940927));
#3528=CARTESIAN_POINT('Ctrl Pts',(-11.5,-11.785421185246,37.9945616586178));
#3529=CARTESIAN_POINT('Ctrl Pts',(-11.5,-11.8946961508135,37.5335947447065));
#3530=CARTESIAN_POINT('Ctrl Pts',(-11.5,-11.9450447180675,37.1941770268603));
#3531=CARTESIAN_POINT('Ctrl Pts',(-11.5,-11.9671073938449,36.9953668328467));
#3532=CARTESIAN_POINT('Ctrl Pts',(-11.5000000000001,-11.9805318782134,36.843841299119));
#3533=CARTESIAN_POINT('Ctrl Pts',(-11.5000000000001,-11.9910747746622,36.6900802961526));
#3534=CARTESIAN_POINT('Ctrl Pts',(-11.5000000000001,-12.0016118000554,36.4823704018715));
#3535=CARTESIAN_POINT('Ctrl Pts',(-11.5000000000001,-12.008813291769,36.2177893835578));
#3536=CARTESIAN_POINT('Ctrl Pts',(-11.5000000000001,-12.0092395736681,35.9889813324664));
#3537=CARTESIAN_POINT('Ctrl Pts',(-11.5000000000001,-12.0078300426681,35.8540338794728));
#3538=CARTESIAN_POINT('Ctrl Pts',(-11.5000000000001,-12.0072999147667,35.8134495643949));
#3539=CARTESIAN_POINT('Ctrl Pts',(-11.5000000000001,-12.0066625592365,35.7729160997603));
#3540=CARTESIAN_POINT('Ctrl Pts',(-11.5000000000001,-12.0056818872794,35.7183651046331));
#3541=CARTESIAN_POINT('Ctrl Pts',(-11.5000000000001,-12.0041909820017,35.651193631817));
#3542=CARTESIAN_POINT('Ctrl Pts',(-11.5000000000001,-12.0014123474061,35.5374555797424));
#3543=CARTESIAN_POINT('Ctrl Pts',(-11.5000000000001,-11.9970510519425,35.4054296053858));
#3544=CARTESIAN_POINT('Ctrl Pts',(-11.5000000000001,-11.9951820379615,35.2324548224676));
#3545=CARTESIAN_POINT('Ctrl Pts',(-11.5000000000001,-12.0013053096594,35.1265301236375));
#3546=CARTESIAN_POINT('Ctrl Pts',(-11.5000000000001,-12.0027622122492,35.1039743148704));
#3547=CARTESIAN_POINT('Ctrl Pts',(-11.5000000000001,-12.0056428362965,35.0650341544279));
#3548=CARTESIAN_POINT('Ctrl Pts',(-11.5000000000001,-12.0122903980958,34.9917082185181));
#3549=CARTESIAN_POINT('Ctrl Pts',(-11.5000000000001,-12.0285120142648,34.8563350237056));
#3550=CARTESIAN_POINT('Ctrl Pts',(-11.5000000000001,-12.0511156595818,34.7112374777841));
#3551=CARTESIAN_POINT('Ctrl Pts',(-11.5000000000001,-12.0829551121651,34.5559915417729));
#3552=CARTESIAN_POINT('Ctrl Pts',(-11.5000000000001,-12.1204206692111,34.3928681526844));
#3553=CARTESIAN_POINT('Ctrl Pts',(-11.5000000000001,-12.2086074025775,34.1294183712122));
#3554=CARTESIAN_POINT('Ctrl Pts',(-11.5000000000001,-12.3184514725156,33.9055791259245));
#3555=CARTESIAN_POINT('Ctrl Pts',(-11.5000000000001,-12.4279056489524,33.7043113087965));
#3556=CARTESIAN_POINT('Ctrl Pts',(-11.5000000000001,-12.5436249081849,33.524645566256));
#3557=CARTESIAN_POINT('Ctrl Pts',(-11.5000000000001,-12.650359036482,33.3815038319098));
#3558=CARTESIAN_POINT('Ctrl Pts',(-11.5000000000001,-12.7660929104802,33.2412582230292));
#3559=CARTESIAN_POINT('Ctrl Pts',(-11.5000000000001,-12.8763259478168,33.1265853791968));
#3560=CARTESIAN_POINT('Ctrl Pts',(-11.5000000000001,-12.9740937093789,33.0363483941466));
#3561=CARTESIAN_POINT('Ctrl Pts',(-11.5000000000001,-13.0398732167586,32.9783113270028));
#3562=CARTESIAN_POINT('Ctrl Pts',(-11.5000000000001,-13.2240392437441,32.8269723668192));
#3563=CARTESIAN_POINT('Ctrl Pts',(-11.5,-13.5263566008464,32.6261906155937));
#3564=CARTESIAN_POINT('Ctrl Pts',(-11.5,-13.913323682086,32.4401235610112));
#3565=CARTESIAN_POINT('Ctrl Pts',(-11.5,-14.2791212460303,32.3319570458326));
#3566=CARTESIAN_POINT('Ctrl Pts',(-11.5,-14.5326685002358,32.2856177222962));
#3567=CARTESIAN_POINT('Ctrl Pts',(-11.5,-14.771445068145,32.2589177435069));
#3568=CARTESIAN_POINT('Ctrl Pts',(-11.5,-14.9243630606749,32.2516452084191));
#3569=CARTESIAN_POINT('Ctrl Pts',(-11.5,-15.,32.2500014305115));
#3570=CARTESIAN_POINT('',(-11.2370727956956,-12.0000004768372,35.1495649900808));
#3571=CARTESIAN_POINT('',(-11.3000003665991,-12.0458757088466,34.7500004455601));
#3572=CARTESIAN_POINT('Ctrl Pts',(-11.2370727956956,-12.0000004768372,35.1495649900807));
#3573=CARTESIAN_POINT('Ctrl Pts',(-11.2483768110356,-12.0018216019293,35.1145671713066));
#3574=CARTESIAN_POINT('Ctrl Pts',(-11.2586892424271,-12.0044655164821,35.0775742566495));
#3575=CARTESIAN_POINT('Ctrl Pts',(-11.2890676494106,-12.0166770433604,34.9441218578052));
#3576=CARTESIAN_POINT('Ctrl Pts',(-11.3000003665991,-12.0296408255245,34.8470852720765));
#3577=CARTESIAN_POINT('Ctrl Pts',(-11.3000003665991,-12.0458757088466,34.7500004455601));
#3578=CARTESIAN_POINT('Ctrl Pts',(-11.3000003665991,-12.0458757088466,34.7500004455601));
#3579=CARTESIAN_POINT('Ctrl Pts',(-11.3000003665991,-12.0512393682662,34.7179256881432));
#3580=CARTESIAN_POINT('Ctrl Pts',(-11.2988124190139,-12.0569797604893,34.6858489403576));
#3581=CARTESIAN_POINT('Ctrl Pts',(-11.2867590813093,-12.088154821606,34.5232914163352));
#3582=CARTESIAN_POINT('Ctrl Pts',(-11.2577639701099,-12.1191635154002,34.3972309598577));
#3583=CARTESIAN_POINT('Ctrl Pts',(-11.2112311705846,-12.1593333193825,34.2778564338575));
#3584=CARTESIAN_POINT('Ctrl Pts',(-11.1491119414455,-12.2129582309181,34.1184967217919));
#3585=CARTESIAN_POINT('Ctrl Pts',(-11.0591261771727,-12.2799546476381,33.979922928838));
#3586=CARTESIAN_POINT('Ctrl Pts',(-10.8416891407943,-12.4036743714428,33.7461205429832));
#3587=CARTESIAN_POINT('Ctrl Pts',(-10.7078383238396,-12.4646743226242,33.6466156661857));
#3588=CARTESIAN_POINT('Ctrl Pts',(-10.461163176652,-12.541637137549,33.5301040457974));
#3589=CARTESIAN_POINT('Ctrl Pts',(-10.3601296873005,-12.5656907782512,33.4961700299739));
#3590=CARTESIAN_POINT('Ctrl Pts',(-10.1756383022022,-12.5921369862193,33.4594654034984));
#3591=CARTESIAN_POINT('Ctrl Pts',(-10.0955960801854,-12.5984525500156,33.450962639237));
#3592=CARTESIAN_POINT('Ctrl Pts',(-9.93419282600532,-12.5997455734307,33.4492081349083));
#3593=CARTESIAN_POINT('Ctrl Pts',(-9.85429029875213,-12.5949145545601,33.4556912242809));
#3594=CARTESIAN_POINT('Ctrl Pts',(-9.67406566870306,-12.5719930534795,33.4873498382201));
#3595=CARTESIAN_POINT('Ctrl Pts',(-9.5762367050338,-12.5508776918355,33.5168449012291));
#3596=CARTESIAN_POINT('Ctrl Pts',(-9.33278279705776,-12.480189068541,33.6222850179893));
#3597=CARTESIAN_POINT('Ctrl Pts',(-9.19714009713614,-12.4220386044685,33.7148910190366));
#3598=CARTESIAN_POINT('Ctrl Pts',(-8.97127450244562,-12.2999073831798,33.9397613983753));
#3599=CARTESIAN_POINT('Ctrl Pts',(-8.87976600516756,-12.234514701396,34.0709864201801));
#3600=CARTESIAN_POINT('Ctrl Pts',(-8.72776727877969,-12.1097786527548,34.4099405212122));
#3601=CARTESIAN_POINT('Ctrl Pts',(-8.70589678266177,-12.0757234814112,34.5829510851417));
#3602=CARTESIAN_POINT('Ctrl Pts',(-8.69489465255733,-12.0285908830122,34.8434294635439));
#3603=CARTESIAN_POINT('Ctrl Pts',(-8.71423599543076,-12.008483362294,34.9954709811807));
#3604=CARTESIAN_POINT('Ctrl Pts',(-8.8116183325884,-11.9914826081339,35.3038400887743));
#3605=CARTESIAN_POINT('Ctrl Pts',(-8.89328800471719,-11.9989495927715,35.4519222064167));
#3606=CARTESIAN_POINT('Ctrl Pts',(-9.08611668262524,-12.0050817972348,35.6845586814832));
#3607=CARTESIAN_POINT('Ctrl Pts',(-9.18966869046461,-12.0068281756263,35.7758991048269));
#3608=CARTESIAN_POINT('Ctrl Pts',(-9.41743895759078,-12.0085741858283,35.9195294765395));
#3609=CARTESIAN_POINT('Ctrl Pts',(-9.539020591408,-12.008755381493,35.9727666257828));
#3610=CARTESIAN_POINT('Ctrl Pts',(-9.79298435855557,-12.0088516317578,36.0399605040181));
#3611=CARTESIAN_POINT('Ctrl Pts',(-9.92364202737124,-12.0087921005751,36.05441436932));
#3612=CARTESIAN_POINT('Ctrl Pts',(-10.1851370243538,-12.0088097541235,36.0433107548729));
#3613=CARTESIAN_POINT('Ctrl Pts',(-10.3144818125251,-12.0088856309064,36.0182682252186));
#3614=CARTESIAN_POINT('Ctrl Pts',(-10.5625041542803,-12.008551424097,35.9293637909469));
#3615=CARTESIAN_POINT('Ctrl Pts',(-10.6797724226287,-12.0081213981085,35.8661110882326));
#3616=CARTESIAN_POINT('Ctrl Pts',(-10.9001706962298,-12.0054062596793,35.6988065675424));
#3617=CARTESIAN_POINT('Ctrl Pts',(-10.9999169704364,-12.0026253900318,35.5933496546495));
#3618=CARTESIAN_POINT('Ctrl Pts',(-11.1322343100389,-11.997389796888,35.3954996348032));
#3619=CARTESIAN_POINT('Ctrl Pts',(-11.1923057887516,-11.9927883210507,35.2881659693756));
#3620=CARTESIAN_POINT('Ctrl Pts',(-11.2370727956956,-12.0000004768372,35.1495649900807));
#3621=CARTESIAN_POINT('',(8.76292755657504,-12.0000004768372,35.1495649900807));
#3622=CARTESIAN_POINT('',(8.70000029558781,-12.0458755535421,34.7500013742835));
#3623=CARTESIAN_POINT('Ctrl Pts',(8.76292755657503,-12.0000004768372,35.1495649900807));
#3624=CARTESIAN_POINT('Ctrl Pts',(8.75162360936855,-12.0018215959297,35.1145672866054));
#3625=CARTESIAN_POINT('Ctrl Pts',(8.74131124069232,-12.0044654988636,35.0775745029584));
#3626=CARTESIAN_POINT('Ctrl Pts',(8.71093296979502,-12.0166769799515,34.9441224206899));
#3627=CARTESIAN_POINT('Ctrl Pts',(8.70000029558781,-12.0296407228649,34.8470860181958));
#3628=CARTESIAN_POINT('Ctrl Pts',(8.70000029558781,-12.0458755535421,34.7500013742835));
#3629=CARTESIAN_POINT('Ctrl Pts',(8.70000029558781,-12.0458755535421,34.7500013742835));
#3630=CARTESIAN_POINT('Ctrl Pts',(8.70000029558781,-12.0512392191667,34.7179265360802));
#3631=CARTESIAN_POINT('Ctrl Pts',(8.70118824898271,-12.0569796193042,34.6858497073936));
#3632=CARTESIAN_POINT('Ctrl Pts',(8.7132416188587,-12.0881546593689,34.523292136327));
#3633=CARTESIAN_POINT('Ctrl Pts',(8.74223674032172,-12.1191633128746,34.3972317025722));
#3634=CARTESIAN_POINT('Ctrl Pts',(8.78876953905539,-12.1593330602002,34.2778572040825));
#3635=CARTESIAN_POINT('Ctrl Pts',(8.85088881869656,-12.2129579406102,34.1184973964735));
#3636=CARTESIAN_POINT('Ctrl Pts',(8.94087460545474,-12.2799542935127,33.9799236719715));
#3637=CARTESIAN_POINT('Ctrl Pts',(9.15831151240076,-12.4036738866335,33.7461213831177));
#3638=CARTESIAN_POINT('Ctrl Pts',(9.29216235465559,-12.4646738207069,33.6466164736007));
#3639=CARTESIAN_POINT('Ctrl Pts',(9.53883754606369,-12.5416366096177,33.5301048157));
#3640=CARTESIAN_POINT('Ctrl Pts',(9.63987104838553,-12.5656902410506,33.4961707898829));
#3641=CARTESIAN_POINT('Ctrl Pts',(9.82436245648815,-12.5921364422585,33.4594661479588));
#3642=CARTESIAN_POINT('Ctrl Pts',(9.90440469000962,-12.5984520059833,33.4509633780283));
#3643=CARTESIAN_POINT('Ctrl Pts',(10.0658079605348,-12.599745035472,33.4492088642828));
#3644=CARTESIAN_POINT('Ctrl Pts',(10.145710493902,-12.5949140233481,33.4556919489313));
#3645=CARTESIAN_POINT('Ctrl Pts',(10.3259351217119,-12.5719925471528,33.4873505490842));
#3646=CARTESIAN_POINT('Ctrl Pts',(10.4237640798004,-12.5508772080498,33.5168455993658));
#3647=CARTESIAN_POINT('Ctrl Pts',(10.6672179646418,-12.4801886574533,33.622285669238));
#3648=CARTESIAN_POINT('Ctrl Pts',(10.8028606539089,-12.422038250954,33.7148916244568));
#3649=CARTESIAN_POINT('Ctrl Pts',(11.0287262968498,-12.2999071154701,33.9397619356406));
#3650=CARTESIAN_POINT('Ctrl Pts',(11.1202348448597,-12.2345144619238,34.0709869539805));
#3651=CARTESIAN_POINT('Ctrl Pts',(11.2722337133351,-12.1097784807473,34.4099411411599));
#3652=CARTESIAN_POINT('Ctrl Pts',(11.2941042368302,-12.0757233371639,34.5829517802741));
#3653=CARTESIAN_POINT('Ctrl Pts',(11.3051064192996,-12.0285907967525,34.843430075148));
#3654=CARTESIAN_POINT('Ctrl Pts',(11.2857651223502,-12.0084832976491,34.9954715682449));
#3655=CARTESIAN_POINT('Ctrl Pts',(11.1883829410566,-11.9914826193719,35.3038405359972));
#3656=CARTESIAN_POINT('Ctrl Pts',(11.1067133698307,-11.9989496089289,35.4519227259796));
#3657=CARTESIAN_POINT('Ctrl Pts',(10.9138846107329,-12.0050818159092,35.6845594666957));
#3658=CARTESIAN_POINT('Ctrl Pts',(10.8103325754024,-12.006828190588,35.7758999685038));
#3659=CARTESIAN_POINT('Ctrl Pts',(10.5825622125454,-12.0085741937497,35.9195304762482));
#3660=CARTESIAN_POINT('Ctrl Pts',(10.4609805110657,-12.0087553856264,35.9727676790224));
#3661=CARTESIAN_POINT('Ctrl Pts',(10.2070166017744,-12.008851630793,36.0399616205473));
#3662=CARTESIAN_POINT('Ctrl Pts',(10.0763588616057,-12.0087920983251,36.054415498241));
#3663=CARTESIAN_POINT('Ctrl Pts',(9.81486371960231,-12.0088097527983,36.0433118713544));
#3664=CARTESIAN_POINT('Ctrl Pts',(9.68551885982283,-12.0088856317466,36.0182693160737));
#3665=CARTESIAN_POINT('Ctrl Pts',(9.43749638312746,-12.008551431111,35.9293647917643));
#3666=CARTESIAN_POINT('Ctrl Pts',(9.3202280544287,-12.0081214090377,35.8661120227821));
#3667=CARTESIAN_POINT('Ctrl Pts',(9.09982972178524,-12.0054062770116,35.6988073550076));
#3668=CARTESIAN_POINT('Ctrl Pts',(9.00008344499053,-12.0026254116677,35.5933503696342));
#3669=CARTESIAN_POINT('Ctrl Pts',(8.86776609770818,-11.9973898096071,35.3955001810973));
#3670=CARTESIAN_POINT('Ctrl Pts',(8.80769454677056,-11.9927883040386,35.2881662963083));
#3671=CARTESIAN_POINT('Ctrl Pts',(8.76292755657503,-12.0000004768372,35.1495649900807));
#3672=CARTESIAN_POINT('Origin',(10.0000006505809,-17.0000004768372,34.7500013742835));
#3673=CARTESIAN_POINT('',(8.70000029558781,-17.0000004768372,34.7500013742835));
#3674=CARTESIAN_POINT('Origin',(10.0000006505809,-17.0000004768372,34.7500013742835));
#3675=CARTESIAN_POINT('',(8.70000029558781,-17.0000004768372,34.7500013742835));
#3676=CARTESIAN_POINT('Origin',(-10.0000002071412,-17.0000004768372,34.7500004455602));
#3677=CARTESIAN_POINT('',(-11.3000003665991,-17.0000004768372,34.7500004455602));
#3678=CARTESIAN_POINT('Origin',(-10.0000002071412,-17.0000004768372,34.7500004455602));
#3679=CARTESIAN_POINT('',(-11.3000003665991,-17.0000004768372,34.7500004455602));
#3680=CARTESIAN_POINT('Origin',(11.5,-17.0000004768372,33.2500014305115));
#3681=CARTESIAN_POINT('',(11.5,-17.0000004768372,32.2500014305115));
#3682=CARTESIAN_POINT('Origin',(11.5,-17.0000004768372,33.2500014305115));
#3683=CARTESIAN_POINT('',(11.5,-17.0000004768372,32.2500014305115));
#3684=CARTESIAN_POINT('Ctrl Pts',(11.5,-14.9999999999995,32.2500014305115));
#3685=CARTESIAN_POINT('Ctrl Pts',(11.5438832381499,-14.9999999999995,32.2500014305115));
#3686=CARTESIAN_POINT('Ctrl Pts',(11.5876393882486,-15.0000340144898,32.2529946628905));
#3687=CARTESIAN_POINT('Ctrl Pts',(11.6309891650059,-15.0000987636423,32.2588253185149));
#3688=CARTESIAN_POINT('Ctrl Pts',(11.6751184577784,-15.0001646771145,32.264760821033));
#3689=CARTESIAN_POINT('Ctrl Pts',(11.7188277742411,-15.0002624449063,32.2736369498972));
#3690=CARTESIAN_POINT('Ctrl Pts',(11.7618207575378,-15.0003905055669,32.2853431295125));
#3691=CARTESIAN_POINT('Ctrl Pts',(11.8019069729117,-15.0005099080096,32.2962578509689));
#3692=CARTESIAN_POINT('Ctrl Pts',(11.8413711877175,-15.0006556683052,32.3096336305685));
#3693=CARTESIAN_POINT('Ctrl Pts',(11.8799584154622,-15.0008279200801,32.3254188714171));
#3694=CARTESIAN_POINT('Ctrl Pts',(11.9213173975286,-15.0010125448506,32.3423379799234));
#3695=CARTESIAN_POINT('Ctrl Pts',(11.9614006447729,-15.0012263271876,32.3619148942704));
#3696=CARTESIAN_POINT('Ctrl Pts',(11.9999190377509,-15.001468382957,32.3840275281862));
#3697=CARTESIAN_POINT('Ctrl Pts',(12.0380249037362,-15.0017078463405,32.4059033386608));
#3698=CARTESIAN_POINT('Ctrl Pts',(12.0746003312448,-15.001974989972,32.4302613178914));
#3699=CARTESIAN_POINT('Ctrl Pts',(12.1093439129301,-15.0022706071468,32.4570287601663));
#3700=CARTESIAN_POINT('Ctrl Pts',(12.1141643869618,-15.0023116223458,32.4607425902933));
#3701=CARTESIAN_POINT('Ctrl Pts',(12.1189495489658,-15.0023531881621,32.4645028684513));
#3702=CARTESIAN_POINT('Ctrl Pts',(12.1236985427375,-15.0023953091178,32.4683094629242));
#3703=CARTESIAN_POINT('Ctrl Pts',(12.1510357670877,-15.002637775221,32.4902218368121));
#3704=CARTESIAN_POINT('Ctrl Pts',(12.1771757934242,-15.0028985923561,32.5136679711246));
#3705=CARTESIAN_POINT('Ctrl Pts',(12.2020519940075,-15.0031766177551,32.5385233709264));
#3706=CARTESIAN_POINT('Ctrl Pts',(12.2332078245885,-15.0035248265662,32.5696531498753));
#3707=CARTESIAN_POINT('Ctrl Pts',(12.2621827001606,-15.0038976007311,32.6027924393609));
#3708=CARTESIAN_POINT('Ctrl Pts',(12.2888932884716,-15.0042920219042,32.6376491449744));
#3709=CARTESIAN_POINT('Ctrl Pts',(12.3160598739602,-15.0046931765472,32.6731009164544));
#3710=CARTESIAN_POINT('Ctrl Pts',(12.3408848305872,-15.0051167407776,32.7103301961262));
#3711=CARTESIAN_POINT('Ctrl Pts',(12.3632412873806,-15.0055610171595,32.7490663975035));
#3712=CARTESIAN_POINT('Ctrl Pts',(12.3836951400662,-15.0059674842374,32.78450602749));
#3713=CARTESIAN_POINT('Ctrl Pts',(12.4020826435967,-15.0063913156243,32.821208030043));
#3714=CARTESIAN_POINT('Ctrl Pts',(12.4182718193645,-15.0068320019659,32.8589809313225));
#3715=CARTESIAN_POINT('Ctrl Pts',(12.4359686697896,-15.0073137287928,32.9002715685763));
#3716=CARTESIAN_POINT('Ctrl Pts',(12.4509228691936,-15.007812142511,32.942570101233));
#3717=CARTESIAN_POINT('Ctrl Pts',(12.4630214301309,-15.0083269037044,32.9856012017451));
#3718=CARTESIAN_POINT('Ctrl Pts',(12.4748483076009,-15.0088301054978,33.0276660023275));
#3719=CARTESIAN_POINT('Ctrl Pts',(12.4839466734321,-15.0093489533862,33.070431898607));
#3720=CARTESIAN_POINT('Ctrl Pts',(12.4901657502994,-15.0098837142322,33.1136587837907));
#3721=CARTESIAN_POINT('Ctrl Pts',(12.4963009607422,-15.0104112636413,33.156302739324));
#3722=CARTESIAN_POINT('Ctrl Pts',(12.4996343852506,-15.0109543211454,33.1993962495869));
#3723=CARTESIAN_POINT('Ctrl Pts',(12.4999716147468,-15.0115133826702,33.2427111957325));
#3724=CARTESIAN_POINT('Ctrl Pts',(12.4999905285617,-15.0115447381308,33.245140552834));
#3725=CARTESIAN_POINT('Ctrl Pts',(12.5,-15.0115761390905,33.2475701638004));
#3726=CARTESIAN_POINT('Ctrl Pts',(12.5,-15.0116075857208,33.2499999876848));
#3727=CARTESIAN_POINT('Ctrl Pts',(12.5,-7.00692919148468,42.5000009582853));
#3728=CARTESIAN_POINT('Ctrl Pts',(12.5,-7.00923896167321,42.4999689449806));
#3729=CARTESIAN_POINT('Ctrl Pts',(12.5,-7.01155111654314,42.4999389717016));
#3730=CARTESIAN_POINT('Ctrl Pts',(12.4999999999999,-7.24387863935641,42.4964201792403));
#3731=CARTESIAN_POINT('Ctrl Pts',(12.5,-7.70347006538804,42.4710245702284));
#3732=CARTESIAN_POINT('Ctrl Pts',(12.5,-8.38731469028692,42.3486409304248));
#3733=CARTESIAN_POINT('Ctrl Pts',(12.5,-9.04799227190631,42.1437874295455));
#3734=CARTESIAN_POINT('Ctrl Pts',(12.5,-9.68921678479581,41.8834819961656));
#3735=CARTESIAN_POINT('Ctrl Pts',(12.5,-10.286180967417,41.5333528999791));
#3736=CARTESIAN_POINT('Ctrl Pts',(12.5000000000001,-10.83898099238,41.1145715083553));
#3737=CARTESIAN_POINT('Ctrl Pts',(12.5000000000002,-11.3534588620502,40.6544079680555));
#3738=CARTESIAN_POINT('Ctrl Pts',(12.5000000000003,-11.7980151451951,40.1231901423513));
#3739=CARTESIAN_POINT('Ctrl Pts',(12.5000000000006,-12.1770962563223,39.5443474577906));
#3740=CARTESIAN_POINT('Ctrl Pts',(12.5000000000009,-12.5001325016113,38.9333303662383));
#3741=CARTESIAN_POINT('Ctrl Pts',(12.5000000000018,-12.7047054131417,38.3927162108974));
#3742=CARTESIAN_POINT('Ctrl Pts',(12.5000000000022,-12.8097186305072,38.0042848271462));
#3743=CARTESIAN_POINT('Ctrl Pts',(12.5000000000024,-12.8595438972379,37.7799225076957));
#3744=CARTESIAN_POINT('Ctrl Pts',(12.5000000000025,-12.9027855085548,37.5541115694304));
#3745=CARTESIAN_POINT('Ctrl Pts',(12.5000000000036,-12.9365774225169,37.326357516095));
#3746=CARTESIAN_POINT('Ctrl Pts',(12.5000000000039,-12.9620488999272,37.0972816934112));
#3747=CARTESIAN_POINT('Ctrl Pts',(12.5000000000043,-12.9748087242743,36.9536949268193));
#3748=CARTESIAN_POINT('Ctrl Pts',(12.5000000000045,-12.9832981848827,36.8386487174081));
#3749=CARTESIAN_POINT('Ctrl Pts',(12.5000000000046,-12.9907037816433,36.7235058499608));
#3750=CARTESIAN_POINT('Ctrl Pts',(12.5000000000053,-12.9965720951603,36.608247704221));
#3751=CARTESIAN_POINT('Ctrl Pts',(12.5000000000056,-13.0010700407807,36.4929270316929));
#3752=CARTESIAN_POINT('Ctrl Pts',(12.5000000000057,-13.004703967098,36.3775794080069));
#3753=CARTESIAN_POINT('Ctrl Pts',(12.5000000000068,-13.0065878936424,36.2874487855924));
#3754=CARTESIAN_POINT('Ctrl Pts',(12.5000000000068,-13.0075039090796,36.222564291843));
#3755=CARTESIAN_POINT('Ctrl Pts',(12.5000000000068,-13.0076959782788,36.2081457822552));
#3756=CARTESIAN_POINT('Ctrl Pts',(12.5000000000069,-13.0080022188398,36.1829140818578));
#3757=CARTESIAN_POINT('Ctrl Pts',(12.500000000007,-13.0084963511393,36.1324540697021));
#3758=CARTESIAN_POINT('Ctrl Pts',(12.5000000000075,-13.0087967595091,36.0747951600816));
#3759=CARTESIAN_POINT('Ctrl Pts',(12.5000000000076,-13.00883418539,36.0279587611653));
#3760=CARTESIAN_POINT('Ctrl Pts',(12.5000000000077,-13.00881247274,36.0063443417573));
#3761=CARTESIAN_POINT('Ctrl Pts',(12.5000000000077,-13.0087876559639,35.9919353718213));
#3762=CARTESIAN_POINT('Ctrl Pts',(12.5000000000077,-13.0087172415096,35.9667213383207));
#3763=CARTESIAN_POINT('Ctrl Pts',(12.5000000000079,-13.0085402962612,35.9307061606119));
#3764=CARTESIAN_POINT('Ctrl Pts',(12.500000000008,-13.0082080557577,35.8874959942846));
#3765=CARTESIAN_POINT('Ctrl Pts',(12.5000000000082,-13.0077584303334,35.8442935048918));
#3766=CARTESIAN_POINT('Ctrl Pts',(12.5000000000084,-13.0073353431492,35.8118966029821));
#3767=CARTESIAN_POINT('Ctrl Pts',(12.5000000000084,-13.0070580562952,35.7929998775196));
#3768=CARTESIAN_POINT('Ctrl Pts',(12.5000000000084,-13.0069766743213,35.7876009048418));
#3769=CARTESIAN_POINT('Ctrl Pts',(12.5000000000084,-13.0069218466363,35.784001612105));
#3770=CARTESIAN_POINT('Ctrl Pts',(12.5000000000084,-13.0067687184476,35.7741036386196));
#3771=CARTESIAN_POINT('Ctrl Pts',(12.5000000000084,-13.0063883063028,35.75070904618));
#3772=CARTESIAN_POINT('Ctrl Pts',(12.5000000000082,-13.0058668064676,35.7219166151528));
#3773=CARTESIAN_POINT('Ctrl Pts',(12.5000000000082,-13.0052942807045,35.6931237185579));
#3774=CARTESIAN_POINT('Ctrl Pts',(12.5000000000081,-13.0048405174109,35.6715279935082));
#3775=CARTESIAN_POINT('Ctrl Pts',(12.5000000000081,-13.0043630576288,35.6499309642205));
#3776=CARTESIAN_POINT('Ctrl Pts',(12.5000000000081,-13.0039470580653,35.6319319023462));
#3777=CARTESIAN_POINT('Ctrl Pts',(12.5000000000081,-13.0036032248478,35.6175321668329));
#3778=CARTESIAN_POINT('Ctrl Pts',(12.5000000000081,-13.0032543020917,35.6031314133751));
#3779=CARTESIAN_POINT('Ctrl Pts',(12.500000000008,-13.0026189073062,35.5779321375246));
#3780=CARTESIAN_POINT('Ctrl Pts',(12.5000000000078,-13.0006025167088,35.4987050703319));
#3781=CARTESIAN_POINT('Ctrl Pts',(12.5000000000074,-12.9965691186994,35.3692531470702));
#3782=CARTESIAN_POINT('Ctrl Pts',(12.5000000000069,-12.9954949983499,35.2253798743079));
#3783=CARTESIAN_POINT('Ctrl Pts',(12.5000000000066,-13.0100738720003,35.0529585540034));
#3784=CARTESIAN_POINT('Ctrl Pts',(12.5000000000063,-13.027621511104,34.9352279358151));
#3785=CARTESIAN_POINT('Ctrl Pts',(12.5000000000063,-13.0449676738522,34.8434738161748));
#3786=CARTESIAN_POINT('Ctrl Pts',(12.5000000000063,-13.0470133905864,34.8328966483327));
#3787=CARTESIAN_POINT('Ctrl Pts',(12.5000000000063,-13.0490959956662,34.8223288059741));
#3788=CARTESIAN_POINT('Ctrl Pts',(12.5000000000063,-13.0519282881412,34.8082514352908));
#3789=CARTESIAN_POINT('Ctrl Pts',(12.5000000000062,-13.055572115173,34.7906793271687));
#3790=CARTESIAN_POINT('Ctrl Pts',(12.5000000000062,-13.0601224645527,34.769634164714));
#3791=CARTESIAN_POINT('Ctrl Pts',(12.5000000000062,-13.0648626604746,34.7486324891924));
#3792=CARTESIAN_POINT('Ctrl Pts',(12.5000000000062,-13.0698081321947,34.727677446336));
#3793=CARTESIAN_POINT('Ctrl Pts',(12.5000000000062,-13.0749758957846,34.7067730549842));
#3794=CARTESIAN_POINT('Ctrl Pts',(12.5000000000062,-13.0803864679139,34.685925153392));
#3795=CARTESIAN_POINT('Ctrl Pts',(12.5000000000062,-13.0860598979292,34.6651402575164));
#3796=CARTESIAN_POINT('Ctrl Pts',(12.5000000000062,-13.0940095336684,34.6375245038247));
#3797=CARTESIAN_POINT('Ctrl Pts',(12.5000000000062,-13.1089878277983,34.5894788334333));
#3798=CARTESIAN_POINT('Ctrl Pts',(12.5000000000063,-13.1252078377173,34.5455664068684));
#3799=CARTESIAN_POINT('Ctrl Pts',(12.5000000000063,-13.1382167709838,34.5139318743698));
#3800=CARTESIAN_POINT('Ctrl Pts',(12.5000000000063,-13.1409912311556,34.507286477717));
#3801=CARTESIAN_POINT('Ctrl Pts',(12.5000000000063,-13.1437901006839,34.5006510821978));
#3802=CARTESIAN_POINT('Ctrl Pts',(12.5000000000063,-13.1473323670794,34.4923749999742));
#3803=CARTESIAN_POINT('Ctrl Pts',(12.5000000000063,-13.1516496864141,34.4824721513499));
#3804=CARTESIAN_POINT('Ctrl Pts',(12.5000000000063,-13.1560297447516,34.4725967910859));
#3805=CARTESIAN_POINT('Ctrl Pts',(12.5000000000063,-13.1604691592987,34.4627480644649));
#3806=CARTESIAN_POINT('Ctrl Pts',(12.5000000000063,-13.1649644956939,34.4529250362101));
#3807=CARTESIAN_POINT('Ctrl Pts',(12.5000000000063,-13.1740614994576,34.4333288299222));
#3808=CARTESIAN_POINT('Ctrl Pts',(12.5000000000062,-13.188081232,34.4041140183165));
#3809=CARTESIAN_POINT('Ctrl Pts',(12.5000000000061,-13.2074479292779,34.3655084188735));
#3810=CARTESIAN_POINT('Ctrl Pts',(12.500000000006,-13.227423365956,34.3272327661559));
#3811=CARTESIAN_POINT('Ctrl Pts',(12.5000000000059,-13.2548410602935,34.2766381803658));
#3812=CARTESIAN_POINT('Ctrl Pts',(12.5000000000056,-13.2905762889037,34.2142387893698));
#3813=CARTESIAN_POINT('Ctrl Pts',(12.5000000000053,-13.3360422086299,34.1409054564349));
#3814=CARTESIAN_POINT('Ctrl Pts',(12.500000000005,-13.4005349963011,34.045602885417));
#3815=CARTESIAN_POINT('Ctrl Pts',(12.5000000000042,-13.4893290190478,33.9320111529328));
#3816=CARTESIAN_POINT('Ctrl Pts',(12.5000000000035,-13.5891258753439,33.8280079312851));
#3817=CARTESIAN_POINT('Ctrl Pts',(12.5000000000033,-13.6745728513589,33.7508515164509));
#3818=CARTESIAN_POINT('Ctrl Pts',(12.5000000000032,-13.7412100290728,33.6958630826349));
#3819=CARTESIAN_POINT('Ctrl Pts',(12.500000000003,-13.8100934851008,33.6437285083014));
#3820=CARTESIAN_POINT('Ctrl Pts',(12.5000000000029,-13.9046753668201,33.5777141249122));
#3821=CARTESIAN_POINT('Ctrl Pts',(12.5000000000023,-14.0762677933675,33.472259185423));
#3822=CARTESIAN_POINT('Ctrl Pts',(12.5000000000019,-14.3378410464258,33.3473714817341));
#3823=CARTESIAN_POINT('Ctrl Pts',(12.5000000000009,-14.6765135108207,33.2686205992983));
#3824=CARTESIAN_POINT('Ctrl Pts',(12.5,-14.9065627037297,33.252268176597));
#3825=CARTESIAN_POINT('Ctrl Pts',(12.5,-15.0217273448813,33.24976536389));
#3826=CARTESIAN_POINT('Ctrl Pts',(12.5,-7.00278270169984,42.2008303916388));
#3827=CARTESIAN_POINT('Ctrl Pts',(12.5,-7.00506852827244,42.2008119525864));
#3828=CARTESIAN_POINT('Ctrl Pts',(12.5,-7.00745704820947,42.2007548308175));
#3829=CARTESIAN_POINT('Ctrl Pts',(12.4999999999999,-7.22975136342628,42.1976055963694));
#3830=CARTESIAN_POINT('Ctrl Pts',(12.5,-7.67274903966709,42.1724426822805));
#3831=CARTESIAN_POINT('Ctrl Pts',(12.5,-8.31244231710523,42.0580826354658));
#3832=CARTESIAN_POINT('Ctrl Pts',(12.5,-8.94892830350099,41.8613305161563));
#3833=CARTESIAN_POINT('Ctrl Pts',(12.5,-9.55848519285568,41.6129981827796));
#3834=CARTESIAN_POINT('Ctrl Pts',(12.5,-10.115945705689,41.2864304508145));
#3835=CARTESIAN_POINT('Ctrl Pts',(12.5000000000001,-10.6501040993261,40.8823311413576));
#3836=CARTESIAN_POINT('Ctrl Pts',(12.5000000000002,-11.1392896359326,40.4438790905117));
#3837=CARTESIAN_POINT('Ctrl Pts',(12.5000000000003,-11.5547910064474,39.9475437336874));
#3838=CARTESIAN_POINT('Ctrl Pts',(12.5000000000006,-11.9200306461639,39.3908109075627));
#3839=CARTESIAN_POINT('Ctrl Pts',(12.5000000000009,-12.2269851301199,38.8089787822184));
#3840=CARTESIAN_POINT('Ctrl Pts',(12.5000000000018,-12.4200617094141,38.2991353075736));
#3841=CARTESIAN_POINT('Ctrl Pts',(12.5000000000022,-12.5192046739072,37.9321560643832));
#3842=CARTESIAN_POINT('Ctrl Pts',(12.5000000000024,-12.5665016730056,37.7193919804225));
#3843=CARTESIAN_POINT('Ctrl Pts',(12.5000000000025,-12.6075657287539,37.5048336683064));
#3844=CARTESIAN_POINT('Ctrl Pts',(12.5000000000036,-12.6398550022408,37.2874692430319));
#3845=CARTESIAN_POINT('Ctrl Pts',(12.5000000000039,-12.6642963195163,37.0676141856637));
#3846=CARTESIAN_POINT('Ctrl Pts',(12.5000000000043,-12.6766000452542,36.9292493173833));
#3847=CARTESIAN_POINT('Ctrl Pts',(12.5000000000045,-12.684802648709,36.818063642557));
#3848=CARTESIAN_POINT('Ctrl Pts',(12.5000000000046,-12.6919754414184,36.7065705120557));
#3849=CARTESIAN_POINT('Ctrl Pts',(12.5000000000053,-12.6976740644478,36.5946584040575));
#3850=CARTESIAN_POINT('Ctrl Pts',(12.5000000000056,-12.7020530846912,36.4824070959105));
#3851=CARTESIAN_POINT('Ctrl Pts',(12.5000000000057,-12.7055956400717,36.3699600934095));
#3852=CARTESIAN_POINT('Ctrl Pts',(12.5000000000068,-12.7074370633853,36.2819141560336));
#3853=CARTESIAN_POINT('Ctrl Pts',(12.5000000000068,-12.7083327087514,36.2184603130226));
#3854=CARTESIAN_POINT('Ctrl Pts',(12.5000000000068,-12.7085205944348,36.2043578649382));
#3855=CARTESIAN_POINT('Ctrl Pts',(12.5000000000069,-12.7088201628972,36.1796746587044));
#3856=CARTESIAN_POINT('Ctrl Pts',(12.500000000007,-12.7093037650725,36.1302935459939));
#3857=CARTESIAN_POINT('Ctrl Pts',(12.5000000000075,-12.7095980155191,36.0738295413045));
#3858=CARTESIAN_POINT('Ctrl Pts',(12.5000000000076,-12.7096347060153,36.0279366904372));
#3859=CARTESIAN_POINT('Ctrl Pts',(12.5000000000077,-12.7096134250201,36.0067526473836));
#3860=CARTESIAN_POINT('Ctrl Pts',(12.5000000000077,-12.709589100937,35.9926292719431));
#3861=CARTESIAN_POINT('Ctrl Pts',(12.5000000000077,-12.7095200746884,35.9679114438555));
#3862=CARTESIAN_POINT('Ctrl Pts',(12.5000000000079,-12.7093465744181,35.9325951869648));
#3863=CARTESIAN_POINT('Ctrl Pts',(12.500000000008,-12.7090206703503,35.89020699166));
#3864=CARTESIAN_POINT('Ctrl Pts',(12.5000000000082,-12.7085794257328,35.8478086965138));
#3865=CARTESIAN_POINT('Ctrl Pts',(12.5000000000084,-12.7081640277412,35.8159988572008));
#3866=CARTESIAN_POINT('Ctrl Pts',(12.5000000000084,-12.7078916615512,35.7974381309239));
#3867=CARTESIAN_POINT('Ctrl Pts',(12.5000000000084,-12.7078117243319,35.7921340027557));
#3868=CARTESIAN_POINT('Ctrl Pts',(12.5000000000084,-12.7077578429197,35.7885994509604));
#3869=CARTESIAN_POINT('Ctrl Pts',(12.5000000000084,-12.707607463197,35.7788713560379));
#3870=CARTESIAN_POINT('Ctrl Pts',(12.5000000000084,-12.707233482335,35.7558939521771));
#3871=CARTESIAN_POINT('Ctrl Pts',(12.5000000000082,-12.7067210717304,35.7275629967295));
#3872=CARTESIAN_POINT('Ctrl Pts',(12.5000000000082,-12.7061572883456,35.6992588253));
#3873=CARTESIAN_POINT('Ctrl Pts',(12.5000000000081,-12.705711203837,35.6779487956443));
#3874=CARTESIAN_POINT('Ctrl Pts',(12.5000000000081,-12.7052393214641,35.6567633087835));
#3875=CARTESIAN_POINT('Ctrl Pts',(12.5000000000081,-12.7048316931463,35.6388364139915));
#3876=CARTESIAN_POINT('Ctrl Pts',(12.5000000000081,-12.7044884300253,35.624884387224));
#3877=CARTESIAN_POINT('Ctrl Pts',(12.5000000000081,-12.7041510625565,35.6101800091556));
#3878=CARTESIAN_POINT('Ctrl Pts',(12.500000000008,-12.7035075874681,35.586299203475));
#3879=CARTESIAN_POINT('Ctrl Pts',(12.5000000000078,-12.7015476104662,35.5051869550255));
#3880=CARTESIAN_POINT('Ctrl Pts',(12.5000000000074,-12.697432067678,35.3815770715648));
#3881=CARTESIAN_POINT('Ctrl Pts',(12.5000000000069,-12.6961901893897,35.2144182516403));
#3882=CARTESIAN_POINT('Ctrl Pts',(12.5000000000066,-12.7132035893116,35.012293747568));
#3883=CARTESIAN_POINT('Ctrl Pts',(12.5000000000063,-12.7319927156376,34.8898458125728));
#3884=CARTESIAN_POINT('Ctrl Pts',(12.5000000000063,-12.7510982237372,34.7871050647381));
#3885=CARTESIAN_POINT('Ctrl Pts',(12.5000000000063,-12.7533535062314,34.7756727930482));
#3886=CARTESIAN_POINT('Ctrl Pts',(12.5000000000063,-12.7556580067056,34.7638516415804));
#3887=CARTESIAN_POINT('Ctrl Pts',(12.5000000000063,-12.7587981470746,34.7483138116302));
#3888=CARTESIAN_POINT('Ctrl Pts',(12.5000000000062,-12.7628565413349,34.7286953940424));
#3889=CARTESIAN_POINT('Ctrl Pts',(12.5000000000062,-12.7679587840894,34.7051209643304));
#3890=CARTESIAN_POINT('Ctrl Pts',(12.5000000000062,-12.7733174172352,34.6813640344094));
#3891=CARTESIAN_POINT('Ctrl Pts',(12.5000000000062,-12.778960738501,34.6574565214354));
#3892=CARTESIAN_POINT('Ctrl Pts',(12.5000000000062,-12.7849216664124,34.6333358934536));
#3893=CARTESIAN_POINT('Ctrl Pts',(12.5000000000062,-12.7912377004436,34.6089989903402));
#3894=CARTESIAN_POINT('Ctrl Pts',(12.5000000000062,-12.7979457939935,34.5844153761031));
#3895=CARTESIAN_POINT('Ctrl Pts',(12.5000000000062,-12.8074682436079,34.5513362999546));
#3896=CARTESIAN_POINT('Ctrl Pts',(12.5000000000062,-12.825751698333,34.4926393352969));
#3897=CARTESIAN_POINT('Ctrl Pts',(12.5000000000063,-12.8460284188415,34.4377031165607));
#3898=CARTESIAN_POINT('Ctrl Pts',(12.5000000000063,-12.8617702431566,34.3994934194188));
#3899=CARTESIAN_POINT('Ctrl Pts',(12.5000000000063,-12.8651023917931,34.3914977629063));
#3900=CARTESIAN_POINT('Ctrl Pts',(12.5000000000063,-12.8684553218551,34.3835569661778));
#3901=CARTESIAN_POINT('Ctrl Pts',(12.5000000000063,-12.8726701462408,34.3737044659472));
#3902=CARTESIAN_POINT('Ctrl Pts',(12.5000000000063,-12.8777675511851,34.3620157196754));
#3903=CARTESIAN_POINT('Ctrl Pts',(12.5000000000063,-12.8828970616505,34.3504494249209));
#3904=CARTESIAN_POINT('Ctrl Pts',(12.5000000000063,-12.8880568481351,34.3390038652759));
#3905=CARTESIAN_POINT('Ctrl Pts',(12.5000000000063,-12.8932443079036,34.3276680008861));
#3906=CARTESIAN_POINT('Ctrl Pts',(12.5000000000063,-12.9036726337488,34.3052056768221));
#3907=CARTESIAN_POINT('Ctrl Pts',(12.5000000000062,-12.9195128046956,34.2722037696905));
#3908=CARTESIAN_POINT('Ctrl Pts',(12.5000000000061,-12.9411075866183,34.2291613911705));
#3909=CARTESIAN_POINT('Ctrl Pts',(12.500000000006,-12.9632529899991,34.1867279145049));
#3910=CARTESIAN_POINT('Ctrl Pts',(12.5000000000059,-12.9936284344497,34.1306767523804));
#3911=CARTESIAN_POINT('Ctrl Pts',(12.5000000000056,-13.03339753792,34.0612185621546));
#3912=CARTESIAN_POINT('Ctrl Pts',(12.5000000000053,-13.0847386583837,33.9783810633658));
#3913=CARTESIAN_POINT('Ctrl Pts',(12.500000000005,-13.1588098792964,33.8688808197071));
#3914=CARTESIAN_POINT('Ctrl Pts',(12.5000000000042,-13.2627910066489,33.7357362052823));
#3915=CARTESIAN_POINT('Ctrl Pts',(12.5000000000035,-13.3800272626228,33.6136569583596));
#3916=CARTESIAN_POINT('Ctrl Pts',(12.5000000000033,-13.4790323900628,33.5242402970429));
#3917=CARTESIAN_POINT('Ctrl Pts',(12.5000000000032,-13.5558752875933,33.4609024874783));
#3918=CARTESIAN_POINT('Ctrl Pts',(12.500000000003,-13.6339665372337,33.4017176454888));
#3919=CARTESIAN_POINT('Ctrl Pts',(12.5000000000029,-13.7418800405676,33.3265438090069));
#3920=CARTESIAN_POINT('Ctrl Pts',(12.5000000000023,-13.9333673732522,33.2087084143164));
#3921=CARTESIAN_POINT('Ctrl Pts',(12.5000000000019,-14.2355970958452,33.0638188730105));
#3922=CARTESIAN_POINT('Ctrl Pts',(12.5000000000009,-14.6391348882639,32.9696946656951));
#3923=CARTESIAN_POINT('Ctrl Pts',(12.5,-14.8874788614299,32.9541324408749));
#3924=CARTESIAN_POINT('Ctrl Pts',(12.5,-15.0152265384945,32.9506366945161));
#3925=CARTESIAN_POINT('Ctrl Pts',(12.2487848745848,-6.99560535630059,41.6829826212287));
#3926=CARTESIAN_POINT('Ctrl Pts',(12.2487848745848,-6.99790591837228,41.6829558282425));
#3927=CARTESIAN_POINT('Ctrl Pts',(12.2487848745848,-7.00039077738862,41.6829126310312));
#3928=CARTESIAN_POINT('Ctrl Pts',(12.2487848745847,-7.20828162543734,41.6799358254283));
#3929=CARTESIAN_POINT('Ctrl Pts',(12.2487848745848,-7.619594850183,41.6557977191972));
#3930=CARTESIAN_POINT('Ctrl Pts',(12.2487848745847,-8.18412158386077,41.5549983979349));
#3931=CARTESIAN_POINT('Ctrl Pts',(12.2487848745848,-8.77760524950748,41.3723223702025));
#3932=CARTESIAN_POINT('Ctrl Pts',(12.2487848745848,-9.33268788777024,41.1447496952206));
#3933=CARTESIAN_POINT('Ctrl Pts',(12.2487848745848,-9.82158180523807,40.8586431973893));
#3934=CARTESIAN_POINT('Ctrl Pts',(12.2487848745848,-10.3226804205048,40.480875315808));
#3935=CARTESIAN_POINT('Ctrl Pts',(12.2487848745849,-10.7687567649736,40.0793166325878));
#3936=CARTESIAN_POINT('Ctrl Pts',(12.248784874585,-11.1336836931814,39.6435940910657));
#3937=CARTESIAN_POINT('Ctrl Pts',(12.2487848745853,-11.4749882347318,39.1250236766987));
#3938=CARTESIAN_POINT('Ctrl Pts',(12.2487848745856,-11.7543170864722,38.5934917215585));
#3939=CARTESIAN_POINT('Ctrl Pts',(12.2487848745864,-11.9272237179454,38.1369728924374));
#3940=CARTESIAN_POINT('Ctrl Pts',(12.2487848745868,-12.0164263951271,37.8069019469594));
#3941=CARTESIAN_POINT('Ctrl Pts',(12.248784874587,-12.0592347044176,37.6142699273996));
#3942=CARTESIAN_POINT('Ctrl Pts',(12.2487848745872,-12.0965999147481,37.4191085857332));
#3943=CARTESIAN_POINT('Ctrl Pts',(12.2487848745882,-12.1262435604997,37.2195993939197));
#3944=CARTESIAN_POINT('Ctrl Pts',(12.2487848745885,-12.1489287578892,37.0156424442225));
#3945=CARTESIAN_POINT('Ctrl Pts',(12.2487848745889,-12.1604324102471,36.8862539715811));
#3946=CARTESIAN_POINT('Ctrl Pts',(12.248784874589,-12.1681453269311,36.7817217788873));
#3947=CARTESIAN_POINT('Ctrl Pts',(12.2487848745892,-12.1749123782204,36.6765247696531));
#3948=CARTESIAN_POINT('Ctrl Pts',(12.2487848745898,-12.1803228292086,36.5702945526299));
#3949=CARTESIAN_POINT('Ctrl Pts',(12.2487848745901,-12.1844960064022,36.4633159204817));
#3950=CARTESIAN_POINT('Ctrl Pts',(12.2487848745902,-12.1878818938992,36.3558645385383));
#3951=CARTESIAN_POINT('Ctrl Pts',(12.2487848745912,-12.1896537645398,36.2712613759339));
#3952=CARTESIAN_POINT('Ctrl Pts',(12.2487848745913,-12.1905149094978,36.2102713441112));
#3953=CARTESIAN_POINT('Ctrl Pts',(12.2487848745913,-12.1906954977146,36.1967158327994));
#3954=CARTESIAN_POINT('Ctrl Pts',(12.2487848745913,-12.1909837363541,36.1729758286835));
#3955=CARTESIAN_POINT('Ctrl Pts',(12.2487848745914,-12.1914494696852,36.1254486009705));
#3956=CARTESIAN_POINT('Ctrl Pts',(12.2487848745919,-12.191735146031,36.0709811841255));
#3957=CARTESIAN_POINT('Ctrl Pts',(12.248784874592,-12.1917710782462,36.0267031842135));
#3958=CARTESIAN_POINT('Ctrl Pts',(12.2487848745921,-12.1917506509094,36.0062605443092));
#3959=CARTESIAN_POINT('Ctrl Pts',(12.2487848745921,-12.191727224004,35.9926298998068));
#3960=CARTESIAN_POINT('Ctrl Pts',(12.2487848745921,-12.1916608125956,35.9687636630582));
#3961=CARTESIAN_POINT('Ctrl Pts',(12.2487848745923,-12.1914939882355,35.9346322490405));
#3962=CARTESIAN_POINT('Ctrl Pts',(12.2487848745924,-12.1911798507107,35.8936391213795));
#3963=CARTESIAN_POINT('Ctrl Pts',(12.2487848745926,-12.1907538680815,35.852606275728));
#3964=CARTESIAN_POINT('Ctrl Pts',(12.2487848745928,-12.1903526575063,35.8217823758355));
#3965=CARTESIAN_POINT('Ctrl Pts',(12.2487848745928,-12.1900889477601,35.8037979134668));
#3966=CARTESIAN_POINT('Ctrl Pts',(12.2487848745928,-12.1900115021,35.7986588605007));
#3967=CARTESIAN_POINT('Ctrl Pts',(12.2487848745928,-12.1899593095719,35.7952331294051));
#3968=CARTESIAN_POINT('Ctrl Pts',(12.2487848745928,-12.189813587617,35.7858069057281));
#3969=CARTESIAN_POINT('Ctrl Pts',(12.2487848745928,-12.1894512962116,35.7635196950677));
#3970=CARTESIAN_POINT('Ctrl Pts',(12.2487848745926,-12.1889551984279,35.7359908165024));
#3971=CARTESIAN_POINT('Ctrl Pts',(12.2487848745926,-12.1884077916059,35.7084583183944));
#3972=CARTESIAN_POINT('Ctrl Pts',(12.2487848745925,-12.1879737817479,35.6877358494123));
#3973=CARTESIAN_POINT('Ctrl Pts',(12.2487848745925,-12.1875151582532,35.6670338214545));
#3974=CARTESIAN_POINT('Ctrl Pts',(12.2487848745925,-12.1871162751561,35.6496227036768));
#3975=CARTESIAN_POINT('Ctrl Pts',(12.2487848745925,-12.1867831767088,35.6358433391085));
#3976=CARTESIAN_POINT('Ctrl Pts',(12.2487848745924,-12.1864492138718,35.6217054535292));
#3977=CARTESIAN_POINT('Ctrl Pts',(12.2487848745924,-12.1858271138623,35.597873074038));
#3978=CARTESIAN_POINT('Ctrl Pts',(12.2487848745922,-12.1838888333637,35.5178622740328));
#3979=CARTESIAN_POINT('Ctrl Pts',(12.2487848745918,-12.1797875661691,35.3979691137902));
#3980=CARTESIAN_POINT('Ctrl Pts',(12.2487848745913,-12.1780535008962,35.196619266432));
#3981=CARTESIAN_POINT('Ctrl Pts',(12.2487848745911,-12.1993666225751,34.943325104073));
#3982=CARTESIAN_POINT('Ctrl Pts',(12.2487848745908,-12.2202858763555,34.8099179300726));
#3983=CARTESIAN_POINT('Ctrl Pts',(12.2487848745907,-12.2424382691189,34.6913226128434));
#3984=CARTESIAN_POINT('Ctrl Pts',(12.2487848745907,-12.2450600357898,34.6778933318411));
#3985=CARTESIAN_POINT('Ctrl Pts',(12.2487848745907,-12.2477465162083,34.6641907138439));
#3986=CARTESIAN_POINT('Ctrl Pts',(12.2487848745907,-12.2514209236325,34.6459593845054));
#3987=CARTESIAN_POINT('Ctrl Pts',(12.2487848745907,-12.2561965841662,34.6228910710701));
#3988=CARTESIAN_POINT('Ctrl Pts',(12.2487848745907,-12.2622550493517,34.5948690957075));
#3989=CARTESIAN_POINT('Ctrl Pts',(12.2487848745907,-12.2686844279887,34.5663601214954));
#3990=CARTESIAN_POINT('Ctrl Pts',(12.2487848745907,-12.2755363862963,34.5373136909361));
#3991=CARTESIAN_POINT('Ctrl Pts',(12.2487848745907,-12.282870540106,34.507624696781));
#3992=CARTESIAN_POINT('Ctrl Pts',(12.2487848745907,-12.2907547835433,34.4772296611836));
#3993=CARTESIAN_POINT('Ctrl Pts',(12.2487848745907,-12.2992535328927,34.4460684779612));
#3994=CARTESIAN_POINT('Ctrl Pts',(12.2487848745907,-12.311501768644,34.4035077244465));
#3995=CARTESIAN_POINT('Ctrl Pts',(12.2487848745907,-12.3354919613221,34.3263505080917));
#3996=CARTESIAN_POINT('Ctrl Pts',(12.2487848745908,-12.3628462866098,34.2522061073894));
#3997=CARTESIAN_POINT('Ctrl Pts',(12.2487848745908,-12.3832870747353,34.2025423532979));
#3998=CARTESIAN_POINT('Ctrl Pts',(12.2487848745908,-12.3875916803114,34.1922248613833));
#3999=CARTESIAN_POINT('Ctrl Pts',(12.2487848745908,-12.3918997590716,34.1820147811174));
#4000=CARTESIAN_POINT('Ctrl Pts',(12.2487848745908,-12.3972815497813,34.1694379805888));
#4001=CARTESIAN_POINT('Ctrl Pts',(12.2487848745908,-12.4037279650265,34.1546527022295));
#4002=CARTESIAN_POINT('Ctrl Pts',(12.2487848745908,-12.4101555503809,34.1401598960694));
#4003=CARTESIAN_POINT('Ctrl Pts',(12.2487848745908,-12.4165621977913,34.1259470742182));
#4004=CARTESIAN_POINT('Ctrl Pts',(12.2487848745908,-12.4229477598158,34.1119928317941));
#4005=CARTESIAN_POINT('Ctrl Pts',(12.2487848745907,-12.4356813406563,34.0845633921241));
#4006=CARTESIAN_POINT('Ctrl Pts',(12.2487848745906,-12.4546747747778,34.0449879227018));
#4007=CARTESIAN_POINT('Ctrl Pts',(12.2487848745905,-12.4801292133918,33.9942470032812));
#4008=CARTESIAN_POINT('Ctrl Pts',(12.2487848745905,-12.5060329248003,33.9445998468682));
#4009=CARTESIAN_POINT('Ctrl Pts',(12.2487848745904,-12.5415331243873,33.879080835484));
#4010=CARTESIAN_POINT('Ctrl Pts',(12.2487848745901,-12.5882915278968,33.797349124874));
#4011=CARTESIAN_POINT('Ctrl Pts',(12.2487848745898,-12.6498242444526,33.6980018839175));
#4012=CARTESIAN_POINT('Ctrl Pts',(12.2487848745895,-12.7404631697866,33.5638832397353));
#4013=CARTESIAN_POINT('Ctrl Pts',(12.2487848745888,-12.8708767079855,33.3966724549765));
#4014=CARTESIAN_POINT('Ctrl Pts',(12.2487848745881,-13.0181774844461,33.2432576735068));
#4015=CARTESIAN_POINT('Ctrl Pts',(12.2487848745879,-13.1409294513747,33.1324203219959));
#4016=CARTESIAN_POINT('Ctrl Pts',(12.2487848745878,-13.2350204255183,33.0548366967222));
#4017=CARTESIAN_POINT('Ctrl Pts',(12.2487848745876,-13.329848397276,32.9829945435612));
#4018=CARTESIAN_POINT('Ctrl Pts',(12.2487848745875,-13.4595376883249,32.892636454557));
#4019=CARTESIAN_POINT('Ctrl Pts',(12.248784874587,-13.6867195719953,32.7526405741642));
#4020=CARTESIAN_POINT('Ctrl Pts',(12.2487848745866,-14.0594092957774,32.5729861155638));
#4021=CARTESIAN_POINT('Ctrl Pts',(12.2487848745856,-14.5731516978579,32.4530635877312));
#4022=CARTESIAN_POINT('Ctrl Pts',(12.2487848745848,-14.858586816691,32.4362977607511));
#4023=CARTESIAN_POINT('Ctrl Pts',(12.2487848745848,-15.0039740007497,32.4328614459766));
#4024=CARTESIAN_POINT('Ctrl Pts',(11.7243994752564,-6.99307057022418,41.5000969935883));
#4025=CARTESIAN_POINT('Ctrl Pts',(11.7243994752564,-6.99538034041271,41.5000649802836));
#4026=CARTESIAN_POINT('Ctrl Pts',(11.7243994752564,-6.99789666831466,41.5000310423705));
#4027=CARTESIAN_POINT('Ctrl Pts',(11.7243994752563,-7.2009119276005,41.4970818307044));
#4028=CARTESIAN_POINT('Ctrl Pts',(11.7243994752564,-7.6008242422827,41.4733499830963));
#4029=CARTESIAN_POINT('Ctrl Pts',(11.7243994752564,-8.13889438352105,41.3773164798073));
#4030=CARTESIAN_POINT('Ctrl Pts',(11.7243994752564,-8.71711074717389,41.199615413454));
#4031=CARTESIAN_POINT('Ctrl Pts',(11.7243994752564,-9.25297927428323,40.9793768060853));
#4032=CARTESIAN_POINT('Ctrl Pts',(11.7243994752565,-9.71764448749953,40.7075368309193));
#4033=CARTESIAN_POINT('Ctrl Pts',(11.7243994752565,-10.2070110943957,40.3391336790375));
#4034=CARTESIAN_POINT('Ctrl Pts',(11.7243994752566,-10.6379105709758,39.9505553999516));
#4035=CARTESIAN_POINT('Ctrl Pts',(11.7243994752567,-10.9849562864009,39.5362557932058));
#4036=CARTESIAN_POINT('Ctrl Pts',(11.7243994752569,-11.3178094837198,39.0311552656428));
#4037=CARTESIAN_POINT('Ctrl Pts',(11.7243994752573,-11.5873969723239,38.5173720680678));
#4038=CARTESIAN_POINT('Ctrl Pts',(11.724399475258,-11.7531610134299,38.0796900687717));
#4039=CARTESIAN_POINT('Ctrl Pts',(11.7243994752584,-11.8388688670496,37.7626378592596));
#4040=CARTESIAN_POINT('Ctrl Pts',(11.7243994752586,-11.8800839181738,37.577119779531));
#4041=CARTESIAN_POINT('Ctrl Pts',(11.7243994752588,-11.9161478426375,37.38880301395));
#4042=CARTESIAN_POINT('Ctrl Pts',(11.7243994752597,-11.9448539641447,37.1955904945441));
#4043=CARTESIAN_POINT('Ctrl Pts',(11.72439947526,-11.9669208882266,36.9972437410541));
#4044=CARTESIAN_POINT('Ctrl Pts',(11.7243994752604,-11.9781412279022,36.87102096685));
#4045=CARTESIAN_POINT('Ctrl Pts',(11.7243994752605,-11.9856816924388,36.7688364910781));
#4046=CARTESIAN_POINT('Ctrl Pts',(11.7243994752607,-11.9923052526703,36.6658615273045));
#4047=CARTESIAN_POINT('Ctrl Pts',(11.7243994752613,-11.997614327182,36.5616301205815));
#4048=CARTESIAN_POINT('Ctrl Pts',(11.7243994752615,-12.0017148085758,36.4565107453765));
#4049=CARTESIAN_POINT('Ctrl Pts',(11.7243994752617,-12.0050454726905,36.3508218453213));
#4050=CARTESIAN_POINT('Ctrl Pts',(11.7243994752626,-12.0067930661453,36.2674227400867));
#4051=CARTESIAN_POINT('Ctrl Pts',(11.7243994752627,-12.0076420808712,36.2073019441364));
#4052=CARTESIAN_POINT('Ctrl Pts',(11.7243994752627,-12.0078200878859,36.1939395810972));
#4053=CARTESIAN_POINT('Ctrl Pts',(11.7243994752627,-12.0081043408539,36.1705322401412));
#4054=CARTESIAN_POINT('Ctrl Pts',(11.7243994752628,-12.0085637890682,36.1236587679738));
#4055=CARTESIAN_POINT('Ctrl Pts',(11.7243994752633,-12.0088465859381,36.0698913637137));
#4056=CARTESIAN_POINT('Ctrl Pts',(11.7243994752634,-12.0088822870334,36.0261823625146));
#4057=CARTESIAN_POINT('Ctrl Pts',(11.7243994752635,-12.0088621687682,36.0060013067973));
#4058=CARTESIAN_POINT('Ctrl Pts',(11.7243994752635,-12.0088390618756,35.9925445622662));
#4059=CARTESIAN_POINT('Ctrl Pts',(11.7243994752635,-12.0087735890414,35.9689785564422));
#4060=CARTESIAN_POINT('Ctrl Pts',(11.7243994752637,-12.0086091731833,35.9352638090181));
#4061=CARTESIAN_POINT('Ctrl Pts',(11.7243994752638,-12.0082992480995,35.8947613946454));
#4062=CARTESIAN_POINT('Ctrl Pts',(11.724399475264,-12.0078787092973,35.8542088843312));
#4063=CARTESIAN_POINT('Ctrl Pts',(11.7243994752642,-12.007482571784,35.8237310287973));
#4064=CARTESIAN_POINT('Ctrl Pts',(11.7243994752642,-12.0072219290994,35.8059497025521));
#4065=CARTESIAN_POINT('Ctrl Pts',(11.7243994752642,-12.0071453627125,35.8008690128148));
#4066=CARTESIAN_POINT('Ctrl Pts',(11.7243994752642,-12.0070937702693,35.797481482282));
#4067=CARTESIAN_POINT('Ctrl Pts',(11.7243994752642,-12.0069496861702,35.788162426315));
#4068=CARTESIAN_POINT('Ctrl Pts',(11.7243994752641,-12.0065915627865,35.7661166914238));
#4069=CARTESIAN_POINT('Ctrl Pts',(11.724399475264,-12.0061012674452,35.7388713125615));
#4070=CARTESIAN_POINT('Ctrl Pts',(11.7243994752639,-12.00555973291,35.7116060481038));
#4071=CARTESIAN_POINT('Ctrl Pts',(11.7243994752639,-12.0051299006639,35.6910977158021));
#4072=CARTESIAN_POINT('Ctrl Pts',(11.7243994752639,-12.0046762166495,35.6705501146746));
#4073=CARTESIAN_POINT('Ctrl Pts',(11.7243994752638,-12.0042800126079,35.6533490082461));
#4074=CARTESIAN_POINT('Ctrl Pts',(11.7243994752638,-12.0039511580836,35.6395876954762));
#4075=CARTESIAN_POINT('Ctrl Pts',(11.7243994752638,-12.0036172147596,35.6257277068264));
#4076=CARTESIAN_POINT('Ctrl Pts',(11.7243994752638,-12.0030051839425,35.6017532261063));
#4077=CARTESIAN_POINT('Ctrl Pts',(11.7243994752636,-12.0010691526739,35.5224424887197));
#4078=CARTESIAN_POINT('Ctrl Pts',(11.7243994752632,-11.9969840784693,35.4034061277369));
#4079=CARTESIAN_POINT('Ctrl Pts',(11.7243994752628,-11.9950618070151,35.1904170327815));
#4080=CARTESIAN_POINT('Ctrl Pts',(11.7243994752625,-12.0178995465541,34.9190690014714));
#4081=CARTESIAN_POINT('Ctrl Pts',(11.7243994752622,-12.0395697452476,34.7815922904092));
#4082=CARTESIAN_POINT('Ctrl Pts',(11.7243994752622,-12.0627983013722,34.6576231045068));
#4083=CARTESIAN_POINT('Ctrl Pts',(11.7243994752622,-12.0655497637389,34.6434517119633));
#4084=CARTESIAN_POINT('Ctrl Pts',(11.7243994752622,-12.0683709957515,34.6291051481343));
#4085=CARTESIAN_POINT('Ctrl Pts',(11.7243994752622,-12.0722341872479,34.6099107723489));
#4086=CARTESIAN_POINT('Ctrl Pts',(11.7243994752622,-12.0772631377253,34.5856306448425));
#4087=CARTESIAN_POINT('Ctrl Pts',(11.7243994752622,-12.0836593730119,34.5560329976967));
#4088=CARTESIAN_POINT('Ctrl Pts',(11.7243994752622,-12.0904669201818,34.5258469907491));
#4089=CARTESIAN_POINT('Ctrl Pts',(11.7243994752621,-12.0977457763447,34.494983654301));
#4090=CARTESIAN_POINT('Ctrl Pts',(11.7243994752621,-12.1055649268007,34.4633280207535));
#4091=CARTESIAN_POINT('Ctrl Pts',(11.7243994752621,-12.1140030711515,34.4307921213435));
#4092=CARTESIAN_POINT('Ctrl Pts',(11.7243994752621,-12.123134196526,34.3973078154233));
#4093=CARTESIAN_POINT('Ctrl Pts',(11.7243994752621,-12.1363453215889,34.3513966873514));
#4094=CARTESIAN_POINT('Ctrl Pts',(11.7243994752622,-12.1623499133904,34.2677182878929));
#4095=CARTESIAN_POINT('Ctrl Pts',(11.7243994752622,-12.1922077669865,34.1867812092935));
#4096=CARTESIAN_POINT('Ctrl Pts',(11.7243994752622,-12.2143058174671,34.133067095758));
#4097=CARTESIAN_POINT('Ctrl Pts',(11.7243994752622,-12.2189543687348,34.1219307100691));
#4098=CARTESIAN_POINT('Ctrl Pts',(11.7243994752622,-12.2235994945107,34.1109185068792));
#4099=CARTESIAN_POINT('Ctrl Pts',(11.7243994752622,-12.2293936166522,34.0973798923117));
#4100=CARTESIAN_POINT('Ctrl Pts',(11.7243994752622,-12.2363163640466,34.0815006540993));
#4101=CARTESIAN_POINT('Ctrl Pts',(11.7243994752622,-12.2432024418714,34.0659743357176));
#4102=CARTESIAN_POINT('Ctrl Pts',(11.7243994752622,-12.2500494322222,34.0507839837747));
#4103=CARTESIAN_POINT('Ctrl Pts',(11.7243994752622,-12.2568581271772,34.035905040664));
#4104=CARTESIAN_POINT('Ctrl Pts',(11.7243994752622,-12.2704059007572,34.0067209610696));
#4105=CARTESIAN_POINT('Ctrl Pts',(11.7243994752621,-12.2905131122771,33.9648226356664));
#4106=CARTESIAN_POINT('Ctrl Pts',(11.724399475262,-12.3173308572615,33.9113615279924));
#4107=CARTESIAN_POINT('Ctrl Pts',(11.7243994752619,-12.3445620288226,33.8591655621523));
#4108=CARTESIAN_POINT('Ctrl Pts',(11.7243994752618,-12.3818724718703,33.7903012131121));
#4109=CARTESIAN_POINT('Ctrl Pts',(11.7243994752615,-12.4310997411387,33.704230997555));
#4110=CARTESIAN_POINT('Ctrl Pts',(11.7243994752613,-12.4962333353575,33.5990489228044));
#4111=CARTESIAN_POINT('Ctrl Pts',(11.724399475261,-12.5927225336469,33.4562328595481));
#4112=CARTESIAN_POINT('Ctrl Pts',(11.7243994752603,-12.7324813595066,33.2769753352047));
#4113=CARTESIAN_POINT('Ctrl Pts',(11.7243994752597,-12.8903911640751,33.1124905997333));
#4114=CARTESIAN_POINT('Ctrl Pts',(11.7243994752595,-13.0215495236637,32.9940740391509));
#4115=CARTESIAN_POINT('Ctrl Pts',(11.7243994752593,-13.1217021590876,32.9114740096344));
#4116=CARTESIAN_POINT('Ctrl Pts',(11.7243994752592,-13.2224978655145,32.835129404377));
#4117=CARTESIAN_POINT('Ctrl Pts',(11.7243994752591,-13.3597849100187,32.7394565411383));
#4118=CARTESIAN_POINT('Ctrl Pts',(11.7243994752585,-13.5996624823689,32.5915822855326));
#4119=CARTESIAN_POINT('Ctrl Pts',(11.7243994752582,-13.9972423231893,32.39963990005));
#4120=CARTESIAN_POINT('Ctrl Pts',(11.7243994752572,-14.5497573241204,32.2706641886831));
#4121=CARTESIAN_POINT('Ctrl Pts',(11.7243994752564,-14.8486782986661,32.253290025632));
#4122=CARTESIAN_POINT('Ctrl Pts',(11.7243994752564,-14.9999999999997,32.2500014305115));
#4123=CARTESIAN_POINT('Ctrl Pts',(11.5,-6.99307057022418,41.5000969935883));
#4124=CARTESIAN_POINT('Ctrl Pts',(11.5,-6.99538034041271,41.5000649802836));
#4125=CARTESIAN_POINT('Ctrl Pts',(11.5,-6.99789666831466,41.5000310423705));
#4126=CARTESIAN_POINT('Ctrl Pts',(11.4999999999999,-7.2009119276005,41.4970818307044));
#4127=CARTESIAN_POINT('Ctrl Pts',(11.5,-7.6008242422827,41.4733499830963));
#4128=CARTESIAN_POINT('Ctrl Pts',(11.5,-8.13889438352105,41.3773164798073));
#4129=CARTESIAN_POINT('Ctrl Pts',(11.5,-8.71711074717389,41.199615413454));
#4130=CARTESIAN_POINT('Ctrl Pts',(11.5,-9.25297927428323,40.9793768060853));
#4131=CARTESIAN_POINT('Ctrl Pts',(11.5,-9.71764448749953,40.7075368309193));
#4132=CARTESIAN_POINT('Ctrl Pts',(11.5000000000001,-10.2070110943957,40.3391336790375));
#4133=CARTESIAN_POINT('Ctrl Pts',(11.5000000000002,-10.6379105709758,39.9505553999516));
#4134=CARTESIAN_POINT('Ctrl Pts',(11.5000000000003,-10.9849562864009,39.5362557932058));
#4135=CARTESIAN_POINT('Ctrl Pts',(11.5000000000005,-11.3178094837198,39.0311552656428));
#4136=CARTESIAN_POINT('Ctrl Pts',(11.5000000000009,-11.5873969723239,38.5173720680678));
#4137=CARTESIAN_POINT('Ctrl Pts',(11.5000000000016,-11.7531610134299,38.0796900687717));
#4138=CARTESIAN_POINT('Ctrl Pts',(11.500000000002,-11.8388688670496,37.7626378592596));
#4139=CARTESIAN_POINT('Ctrl Pts',(11.5000000000022,-11.8800839181738,37.577119779531));
#4140=CARTESIAN_POINT('Ctrl Pts',(11.5000000000023,-11.9161478426375,37.38880301395));
#4141=CARTESIAN_POINT('Ctrl Pts',(11.5000000000033,-11.9448539641447,37.1955904945441));
#4142=CARTESIAN_POINT('Ctrl Pts',(11.5000000000036,-11.9669208882266,36.9972437410541));
#4143=CARTESIAN_POINT('Ctrl Pts',(11.500000000004,-11.9781412279022,36.87102096685));
#4144=CARTESIAN_POINT('Ctrl Pts',(11.5000000000041,-11.9856816924388,36.7688364910781));
#4145=CARTESIAN_POINT('Ctrl Pts',(11.5000000000043,-11.9923052526703,36.6658615273045));
#4146=CARTESIAN_POINT('Ctrl Pts',(11.5000000000049,-11.997614327182,36.5616301205815));
#4147=CARTESIAN_POINT('Ctrl Pts',(11.5000000000051,-12.0017148085758,36.4565107453765));
#4148=CARTESIAN_POINT('Ctrl Pts',(11.5000000000053,-12.0050454726905,36.3508218453213));
#4149=CARTESIAN_POINT('Ctrl Pts',(11.5000000000062,-12.0067930661453,36.2674227400867));
#4150=CARTESIAN_POINT('Ctrl Pts',(11.5000000000063,-12.0076420808712,36.2073019441364));
#4151=CARTESIAN_POINT('Ctrl Pts',(11.5000000000063,-12.0078200878859,36.1939395810972));
#4152=CARTESIAN_POINT('Ctrl Pts',(11.5000000000063,-12.0081043408539,36.1705322401412));
#4153=CARTESIAN_POINT('Ctrl Pts',(11.5000000000064,-12.0085637890682,36.1236587679738));
#4154=CARTESIAN_POINT('Ctrl Pts',(11.5000000000069,-12.0088465859381,36.0698913637137));
#4155=CARTESIAN_POINT('Ctrl Pts',(11.500000000007,-12.0088822870334,36.0261823625146));
#4156=CARTESIAN_POINT('Ctrl Pts',(11.500000000007,-12.0088621687682,36.0060013067973));
#4157=CARTESIAN_POINT('Ctrl Pts',(11.5000000000071,-12.0088390618756,35.9925445622662));
#4158=CARTESIAN_POINT('Ctrl Pts',(11.5000000000071,-12.0087735890414,35.9689785564422));
#4159=CARTESIAN_POINT('Ctrl Pts',(11.5000000000072,-12.0086091731833,35.9352638090181));
#4160=CARTESIAN_POINT('Ctrl Pts',(11.5000000000074,-12.0082992480995,35.8947613946454));
#4161=CARTESIAN_POINT('Ctrl Pts',(11.5000000000076,-12.0078787092973,35.8542088843312));
#4162=CARTESIAN_POINT('Ctrl Pts',(11.5000000000077,-12.007482571784,35.8237310287973));
#4163=CARTESIAN_POINT('Ctrl Pts',(11.5000000000078,-12.0072219290994,35.8059497025521));
#4164=CARTESIAN_POINT('Ctrl Pts',(11.5000000000078,-12.0071453627125,35.8008690128148));
#4165=CARTESIAN_POINT('Ctrl Pts',(11.5000000000078,-12.0070937702693,35.797481482282));
#4166=CARTESIAN_POINT('Ctrl Pts',(11.5000000000078,-12.0069496861702,35.788162426315));
#4167=CARTESIAN_POINT('Ctrl Pts',(11.5000000000077,-12.0065915627865,35.7661166914238));
#4168=CARTESIAN_POINT('Ctrl Pts',(11.5000000000076,-12.0061012674452,35.7388713125615));
#4169=CARTESIAN_POINT('Ctrl Pts',(11.5000000000075,-12.00555973291,35.7116060481038));
#4170=CARTESIAN_POINT('Ctrl Pts',(11.5000000000075,-12.0051299006639,35.6910977158021));
#4171=CARTESIAN_POINT('Ctrl Pts',(11.5000000000075,-12.0046762166495,35.6705501146746));
#4172=CARTESIAN_POINT('Ctrl Pts',(11.5000000000074,-12.0042800126079,35.6533490082461));
#4173=CARTESIAN_POINT('Ctrl Pts',(11.5000000000074,-12.0039511580836,35.6395876954762));
#4174=CARTESIAN_POINT('Ctrl Pts',(11.5000000000074,-12.0036172147596,35.6257277068264));
#4175=CARTESIAN_POINT('Ctrl Pts',(11.5000000000074,-12.0030051839425,35.6017532261063));
#4176=CARTESIAN_POINT('Ctrl Pts',(11.5000000000072,-12.0010691526739,35.5224424887197));
#4177=CARTESIAN_POINT('Ctrl Pts',(11.5000000000068,-11.9969840784693,35.4034061277369));
#4178=CARTESIAN_POINT('Ctrl Pts',(11.5000000000064,-11.9950618070151,35.1904170327815));
#4179=CARTESIAN_POINT('Ctrl Pts',(11.5000000000061,-12.0178995465541,34.9190690014714));
#4180=CARTESIAN_POINT('Ctrl Pts',(11.5000000000058,-12.0395697452476,34.7815922904092));
#4181=CARTESIAN_POINT('Ctrl Pts',(11.5000000000058,-12.0627983013722,34.6576231045068));
#4182=CARTESIAN_POINT('Ctrl Pts',(11.5000000000058,-12.0655497637389,34.6434517119633));
#4183=CARTESIAN_POINT('Ctrl Pts',(11.5000000000058,-12.0683709957515,34.6291051481343));
#4184=CARTESIAN_POINT('Ctrl Pts',(11.5000000000058,-12.0722341872479,34.6099107723489));
#4185=CARTESIAN_POINT('Ctrl Pts',(11.5000000000058,-12.0772631377253,34.5856306448425));
#4186=CARTESIAN_POINT('Ctrl Pts',(11.5000000000057,-12.0836593730119,34.5560329976967));
#4187=CARTESIAN_POINT('Ctrl Pts',(11.5000000000057,-12.0904669201818,34.5258469907491));
#4188=CARTESIAN_POINT('Ctrl Pts',(11.5000000000057,-12.0977457763447,34.494983654301));
#4189=CARTESIAN_POINT('Ctrl Pts',(11.5000000000057,-12.1055649268007,34.4633280207535));
#4190=CARTESIAN_POINT('Ctrl Pts',(11.5000000000057,-12.1140030711515,34.4307921213435));
#4191=CARTESIAN_POINT('Ctrl Pts',(11.5000000000057,-12.123134196526,34.3973078154233));
#4192=CARTESIAN_POINT('Ctrl Pts',(11.5000000000057,-12.1363453215889,34.3513966873514));
#4193=CARTESIAN_POINT('Ctrl Pts',(11.5000000000057,-12.1623499133904,34.2677182878929));
#4194=CARTESIAN_POINT('Ctrl Pts',(11.5000000000058,-12.1922077669865,34.1867812092935));
#4195=CARTESIAN_POINT('Ctrl Pts',(11.5000000000058,-12.2143058174671,34.133067095758));
#4196=CARTESIAN_POINT('Ctrl Pts',(11.5000000000058,-12.2189543687348,34.1219307100691));
#4197=CARTESIAN_POINT('Ctrl Pts',(11.5000000000058,-12.2235994945107,34.1109185068792));
#4198=CARTESIAN_POINT('Ctrl Pts',(11.5000000000058,-12.2293936166522,34.0973798923117));
#4199=CARTESIAN_POINT('Ctrl Pts',(11.5000000000058,-12.2363163640466,34.0815006540993));
#4200=CARTESIAN_POINT('Ctrl Pts',(11.5000000000058,-12.2432024418714,34.0659743357176));
#4201=CARTESIAN_POINT('Ctrl Pts',(11.5000000000058,-12.2500494322222,34.0507839837747));
#4202=CARTESIAN_POINT('Ctrl Pts',(11.5000000000058,-12.2568581271772,34.035905040664));
#4203=CARTESIAN_POINT('Ctrl Pts',(11.5000000000058,-12.2704059007572,34.0067209610696));
#4204=CARTESIAN_POINT('Ctrl Pts',(11.5000000000057,-12.2905131122771,33.9648226356664));
#4205=CARTESIAN_POINT('Ctrl Pts',(11.5000000000056,-12.3173308572615,33.9113615279924));
#4206=CARTESIAN_POINT('Ctrl Pts',(11.5000000000055,-12.3445620288226,33.8591655621523));
#4207=CARTESIAN_POINT('Ctrl Pts',(11.5000000000054,-12.3818724718703,33.7903012131121));
#4208=CARTESIAN_POINT('Ctrl Pts',(11.5000000000051,-12.4310997411387,33.704230997555));
#4209=CARTESIAN_POINT('Ctrl Pts',(11.5000000000049,-12.4962333353575,33.5990489228044));
#4210=CARTESIAN_POINT('Ctrl Pts',(11.5000000000046,-12.5927225336469,33.4562328595481));
#4211=CARTESIAN_POINT('Ctrl Pts',(11.5000000000039,-12.7324813595066,33.2769753352047));
#4212=CARTESIAN_POINT('Ctrl Pts',(11.5000000000032,-12.8903911640751,33.1124905997333));
#4213=CARTESIAN_POINT('Ctrl Pts',(11.500000000003,-13.0215495236637,32.9940740391509));
#4214=CARTESIAN_POINT('Ctrl Pts',(11.5000000000029,-13.1217021590876,32.9114740096344));
#4215=CARTESIAN_POINT('Ctrl Pts',(11.5000000000028,-13.2224978655145,32.835129404377));
#4216=CARTESIAN_POINT('Ctrl Pts',(11.5000000000027,-13.3597849100187,32.7394565411383));
#4217=CARTESIAN_POINT('Ctrl Pts',(11.5000000000021,-13.5996624823689,32.5915822855326));
#4218=CARTESIAN_POINT('Ctrl Pts',(11.5000000000018,-13.9972423231893,32.39963990005));
#4219=CARTESIAN_POINT('Ctrl Pts',(11.5000000000008,-14.5497573241204,32.2706641886831));
#4220=CARTESIAN_POINT('Ctrl Pts',(11.5,-14.8486782986661,32.253290025632));
#4221=CARTESIAN_POINT('Ctrl Pts',(11.5,-14.9999999999997,32.2500014305115));
#4222=CARTESIAN_POINT('Origin',(0.,-17.0000004768372,32.2500014305115));
#4223=CARTESIAN_POINT('',(-11.5,-17.0000004768372,32.2500014305115));
#4224=CARTESIAN_POINT('',(0.,-17.0000004768372,32.2500014305115));
#4225=CARTESIAN_POINT('',(-11.5,-17.0000004768372,32.2500014305115));
#4226=CARTESIAN_POINT('Origin',(0.,-17.0000004768372,57.2499990463257));
#4227=CARTESIAN_POINT('',(0.,-17.0000004768372,57.2499990463257));
#4228=CARTESIAN_POINT('Origin',(-11.5,-17.0000004768372,33.2500014305115));
#4229=CARTESIAN_POINT('',(-11.3000008298846,-17.0000004768372,54.7499996684033));
#4230=CARTESIAN_POINT('Origin',(-9.99999995914371,-17.0000004768372,54.7499996684033));
#4231=CARTESIAN_POINT('',(8.70000041154382,-17.0000004768372,54.7500007789841));
#4232=CARTESIAN_POINT('Origin',(10.0000002706951,-17.0000004768372,54.7500007789841));
#4233=CARTESIAN_POINT('',(-10.9999997314232,-17.0000004768372,44.7500020602725));
#4234=CARTESIAN_POINT('Origin',(1.06932727950149E-6,-17.0000004768372,44.7500020602725));
#4235=CARTESIAN_POINT('Origin',(-11.5,-17.0000004768372,33.2500014305115));
#4236=CARTESIAN_POINT('Ctrl Pts',(-12.5,-15.0116066706454,33.2500012388887));
#4237=CARTESIAN_POINT('Ctrl Pts',(-12.5,-15.0115763212239,33.2475709758297));
#4238=CARTESIAN_POINT('Ctrl Pts',(-12.4999905285617,-15.0115459960066,33.2451409342311));
#4239=CARTESIAN_POINT('Ctrl Pts',(-12.4999716147468,-15.0115156953095,33.2427111548415));
#4240=CARTESIAN_POINT('Ctrl Pts',(-12.4996326110236,-15.0109725976209,33.199160751814));
#4241=CARTESIAN_POINT('Ctrl Pts',(-12.4962658486438,-15.0104389202606,33.1558368096399));
#4242=CARTESIAN_POINT('Ctrl Pts',(-12.4900686818532,-15.0099165807498,33.1129700950613));
#4243=CARTESIAN_POINT('Ctrl Pts',(-12.4836854815695,-15.0093785610666,33.0688165594367));
#4244=CARTESIAN_POINT('Ctrl Pts',(-12.4742991258119,-15.0088525411451,33.0251470874103));
#4245=CARTESIAN_POINT('Ctrl Pts',(-12.4620695045688,-15.0083402393287,32.9822169780708));
#4246=CARTESIAN_POINT('Ctrl Pts',(-12.4501412137552,-15.0078405603174,32.9403446405158));
#4247=CARTESIAN_POINT('Ctrl Pts',(-12.435507375682,-15.0073539041759,32.8991747753483));
#4248=CARTESIAN_POINT('Ctrl Pts',(-12.4182718190393,-15.0068819366311,32.8589615041484));
#4249=CARTESIAN_POINT('Ctrl Pts',(-12.4006154413257,-15.0063984455891,32.8177663910388));
#4250=CARTESIAN_POINT('Ctrl Pts',(-12.3803448830837,-15.0059338104373,32.7778453467055));
#4251=CARTESIAN_POINT('Ctrl Pts',(-12.3576292718587,-15.0054897219437,32.7394470157047));
#4252=CARTESIAN_POINT('Ctrl Pts',(-12.3351148176747,-15.0050495660552,32.7013887193421));
#4253=CARTESIAN_POINT('Ctrl Pts',(-12.3101978163507,-15.0046295679822,32.6648253035407));
#4254=CARTESIAN_POINT('Ctrl Pts',(-12.282997750442,-15.0042320069386,32.6300205009742));
#4255=CARTESIAN_POINT('Ctrl Pts',(-12.2579334277226,-15.0038656623007,32.5979485638456));
#4256=CARTESIAN_POINT('Ctrl Pts',(-12.2309297180437,-15.0035183603367,32.5673695283545));
#4257=CARTESIAN_POINT('Ctrl Pts',(-12.2020519934334,-15.0031926543698,32.5385171053015));
#4258=CARTESIAN_POINT('Ctrl Pts',(-12.1771757930222,-15.0029120807784,32.5136627004652));
#4259=CARTESIAN_POINT('Ctrl Pts',(-12.1510357668783,-15.0026490775633,32.4902174202361));
#4260=CARTESIAN_POINT('Ctrl Pts',(-12.1236985427393,-15.0024047960377,32.4683057557194));
#4261=CARTESIAN_POINT('Ctrl Pts',(-12.0894985462513,-15.0020991897597,32.440893358407));
#4262=CARTESIAN_POINT('Ctrl Pts',(-12.0534255239578,-15.0018228154655,32.4158794434357));
#4263=CARTESIAN_POINT('Ctrl Pts',(-12.0157844100242,-15.0015745063827,32.3933307633627));
#4264=CARTESIAN_POINT('Ctrl Pts',(-11.9776952501473,-15.0013232416522,32.3705136840961));
#4265=CARTESIAN_POINT('Ctrl Pts',(-11.9379993541574,-15.0011007039712,32.3502203927845));
#4266=CARTESIAN_POINT('Ctrl Pts',(-11.8969880993656,-15.0009073820495,32.3325662357322));
#4267=CARTESIAN_POINT('Ctrl Pts',(-11.8913362931861,-15.0008807401426,32.3301332969102));
#4268=CARTESIAN_POINT('Ctrl Pts',(-11.8856594833276,-15.0008546558538,32.3277505579811));
#4269=CARTESIAN_POINT('Ctrl Pts',(-11.8799584147101,-15.0008291331345,32.3254183968167));
#4270=CARTESIAN_POINT('Ctrl Pts',(-11.838656137121,-15.0006442298279,32.3085226928255));
#4271=CARTESIAN_POINT('Ctrl Pts',(-11.7963493863086,-15.0004899109332,32.2943868575266));
#4272=CARTESIAN_POINT('Ctrl Pts',(-11.7533500181927,-15.0003659350293,32.2830757314494));
#4273=CARTESIAN_POINT('Ctrl Pts',(-11.7107396949761,-15.0002430808208,32.2718669449203));
#4274=CARTESIAN_POINT('Ctrl Pts',(-11.667448076982,-15.0001500174448,32.2634316977101));
#4275=CARTESIAN_POINT('Ctrl Pts',(-11.6237612334939,-15.0000882739728,32.2578799670713));
#4276=CARTESIAN_POINT('Ctrl Pts',(-11.5827777421446,-15.0000303512013,32.2526717788288));
#4277=CARTESIAN_POINT('Ctrl Pts',(-11.541445530808,-15.,32.2500014305115));
#4278=CARTESIAN_POINT('Ctrl Pts',(-11.5,-15.,32.2500014305115));
#4279=CARTESIAN_POINT('Ctrl Pts',(-12.5,-15.0217273448818,33.2497653638899));
#4280=CARTESIAN_POINT('Ctrl Pts',(-12.5,-14.9641632222315,33.2510163747575));
#4281=CARTESIAN_POINT('Ctrl Pts',(-12.5,-14.8493256502844,33.2565929083105));
#4282=CARTESIAN_POINT('Ctrl Pts',(-12.5,-14.6774617530508,33.2757129275286));
#4283=CARTESIAN_POINT('Ctrl Pts',(-12.5,-14.5074955701041,33.3074872509373));
#4284=CARTESIAN_POINT('Ctrl Pts',(-12.5,-14.2859942018071,33.3726223023812));
#4285=CARTESIAN_POINT('Ctrl Pts',(-12.5,-14.0253883854032,33.4962247284066));
#4286=CARTESIAN_POINT('Ctrl Pts',(-12.5000000000001,-13.8090823494615,33.6400765373164));
#4287=CARTESIAN_POINT('Ctrl Pts',(-12.5000000000001,-13.6867419412054,33.7408062493879));
#4288=CARTESIAN_POINT('Ctrl Pts',(-12.5000000000001,-13.6435980815071,33.7788542186309));
#4289=CARTESIAN_POINT('Ctrl Pts',(-12.5000000000001,-13.5802193983228,33.8373729577879));
#4290=CARTESIAN_POINT('Ctrl Pts',(-12.5000000000001,-13.5104479805995,33.9099832293091));
#4291=CARTESIAN_POINT('Ctrl Pts',(-12.5000000000001,-13.4370797339438,33.99885405873));
#4292=CARTESIAN_POINT('Ctrl Pts',(-12.5000000000001,-13.3680796602786,34.0913176805567));
#4293=CARTESIAN_POINT('Ctrl Pts',(-12.5000000000001,-13.2896103264814,34.2127599748393));
#4294=CARTESIAN_POINT('Ctrl Pts',(-12.5000000000001,-13.2065592610711,34.3642880729584));
#4295=CARTESIAN_POINT('Ctrl Pts',(-12.5000000000001,-13.1317332260234,34.5200333342726));
#4296=CARTESIAN_POINT('Ctrl Pts',(-12.5000000000001,-13.0863165230478,34.6572142423947));
#4297=CARTESIAN_POINT('Ctrl Pts',(-12.5000000000001,-13.059663729819,34.7695303423952));
#4298=CARTESIAN_POINT('Ctrl Pts',(-12.5000000000001,-13.0367110712842,34.8826443593521));
#4299=CARTESIAN_POINT('Ctrl Pts',(-12.5000000000001,-13.0186500645595,34.9966545208003));
#4300=CARTESIAN_POINT('Ctrl Pts',(-12.5000000000001,-13.0067858022756,35.0967925018774));
#4301=CARTESIAN_POINT('Ctrl Pts',(-12.5000000000001,-13.002245940813,35.1469655288515));
#4302=CARTESIAN_POINT('Ctrl Pts',(-12.5000000000001,-13.0003897784514,35.1720774486791));
#4303=CARTESIAN_POINT('Ctrl Pts',(-12.5000000000001,-12.999467929189,35.1864341119057));
#4304=CARTESIAN_POINT('Ctrl Pts',(-12.5000000000001,-12.9956721389495,35.2510653353564));
#4305=CARTESIAN_POINT('Ctrl Pts',(-12.5000000000001,-12.9965980491134,35.3698208980991));
#4306=CARTESIAN_POINT('Ctrl Pts',(-12.5000000000001,-13.0010392682503,35.5133312785598));
#4307=CARTESIAN_POINT('Ctrl Pts',(-12.5000000000001,-13.0039053580072,35.6281899024643));
#4308=CARTESIAN_POINT('Ctrl Pts',(-12.5000000000001,-13.0054844418969,35.7000145969963));
#4309=CARTESIAN_POINT('Ctrl Pts',(-12.5000000000001,-13.0065214877775,35.7575110342576));
#4310=CARTESIAN_POINT('Ctrl Pts',(-12.5000000000001,-13.0071991866531,35.8006497385583));
#4311=CARTESIAN_POINT('Ctrl Pts',(-12.5000000000001,-13.0077632673045,35.8438047834959));
#4312=CARTESIAN_POINT('Ctrl Pts',(-12.5000000000001,-13.0092665204765,35.9877019879152));
#4313=CARTESIAN_POINT('Ctrl Pts',(-12.5000000000001,-13.0088226777602,36.2326213096868));
#4314=CARTESIAN_POINT('Ctrl Pts',(-12.5000000000001,-13.0010262017173,36.520153768686));
#4315=CARTESIAN_POINT('Ctrl Pts',(-12.5000000000001,-12.989372642095,36.7500599831721));
#4316=CARTESIAN_POINT('Ctrl Pts',(-12.5000000000001,-12.9775520060639,36.9225259165539));
#4317=CARTESIAN_POINT('Ctrl Pts',(-12.5000000000001,-12.9622876703915,37.0949460421121));
#4318=CARTESIAN_POINT('Ctrl Pts',(-12.5,-12.9368136847509,37.3245512271678));
#4319=CARTESIAN_POINT('Ctrl Pts',(-12.5,-12.8775842189969,37.7248990187192));
#4320=CARTESIAN_POINT('Ctrl Pts',(-12.5,-12.7447576466037,38.2870920514595));
#4321=CARTESIAN_POINT('Ctrl Pts',(-12.5,-12.5005909713897,38.931963494512));
#4322=CARTESIAN_POINT('Ctrl Pts',(-12.5,-12.1768164661061,39.5451209836873));
#4323=CARTESIAN_POINT('Ctrl Pts',(-12.5,-11.7966078572611,40.1245775835987));
#4324=CARTESIAN_POINT('Ctrl Pts',(-12.5,-11.4280727577717,40.5653435045787));
#4325=CARTESIAN_POINT('Ctrl Pts',(-12.5,-11.0956773099693,40.884616042497));
#4326=CARTESIAN_POINT('Ctrl Pts',(-12.5,-10.7456480979378,41.1858043197181));
#4327=CARTESIAN_POINT('Ctrl Pts',(-12.5,-10.2846475002915,41.5343210785606));
#4328=CARTESIAN_POINT('Ctrl Pts',(-12.5,-9.68922673985563,41.883504368439));
#4329=CARTESIAN_POINT('Ctrl Pts',(-12.5,-9.04784945501285,42.1440621938093));
#4330=CARTESIAN_POINT('Ctrl Pts',(-12.5,-8.38680182793461,42.3478959339364));
#4331=CARTESIAN_POINT('Ctrl Pts',(-12.5,-7.82013314863683,42.4508659967633));
#4332=CARTESIAN_POINT('Ctrl Pts',(-12.5,-7.41688123724468,42.4842764392014));
#4333=CARTESIAN_POINT('Ctrl Pts',(-12.5,-7.21523769233037,42.494588240301));
#4334=CARTESIAN_POINT('Ctrl Pts',(-12.5,-7.11467597011385,42.4978515526819));
#4335=CARTESIAN_POINT('Ctrl Pts',(-12.5,-7.05708424348136,42.4992141203692));
#4336=CARTESIAN_POINT('Ctrl Pts',(-12.5,-7.02825151389677,42.499705293366));
#4337=CARTESIAN_POINT('Ctrl Pts',(-12.5,-7.01154873624314,42.4999369471534));
#4338=CARTESIAN_POINT('Ctrl Pts',(-12.5,-7.00923896167312,42.4999689449806));
#4339=CARTESIAN_POINT('Ctrl Pts',(-12.5,-7.00692919148515,42.5000009582853));
#4340=CARTESIAN_POINT('Ctrl Pts',(-12.5,-15.0152265384949,32.9506366945161));
#4341=CARTESIAN_POINT('Ctrl Pts',(-12.5,-14.952197647212,32.9520605738433));
#4342=CARTESIAN_POINT('Ctrl Pts',(-12.5,-14.8261041318177,32.9580167372322));
#4343=CARTESIAN_POINT('Ctrl Pts',(-12.5,-14.6340781759303,32.9795145038253));
#4344=CARTESIAN_POINT('Ctrl Pts',(-12.5,-14.4392645208002,33.015517663072));
#4345=CARTESIAN_POINT('Ctrl Pts',(-12.5,-14.1745125824782,33.0935843571987));
#4346=CARTESIAN_POINT('Ctrl Pts',(-12.5,-13.8760197361958,33.2358874491305));
#4347=CARTESIAN_POINT('Ctrl Pts',(-12.5000000000001,-13.6342539228019,33.3966327123823));
#4348=CARTESIAN_POINT('Ctrl Pts',(-12.5000000000001,-13.4929520264449,33.5127135924891));
#4349=CARTESIAN_POINT('Ctrl Pts',(-12.5000000000001,-13.4432226513288,33.5566500844039));
#4350=CARTESIAN_POINT('Ctrl Pts',(-12.5000000000001,-13.369419510291,33.6247324355855));
#4351=CARTESIAN_POINT('Ctrl Pts',(-12.5000000000001,-13.2876975455318,33.7097957627369));
#4352=CARTESIAN_POINT('Ctrl Pts',(-12.5000000000001,-13.2015366048287,33.8141556910039));
#4353=CARTESIAN_POINT('Ctrl Pts',(-12.5000000000001,-13.1213696619233,33.9216202272433));
#4354=CARTESIAN_POINT('Ctrl Pts',(-12.5000000000001,-13.0316371034237,34.0606451123378));
#4355=CARTESIAN_POINT('Ctrl Pts',(-12.5000000000001,-12.9407773355926,34.2268402535642));
#4356=CARTESIAN_POINT('Ctrl Pts',(-12.5000000000001,-12.8554491579069,34.4031044099707));
#4357=CARTESIAN_POINT('Ctrl Pts',(-12.5000000000001,-12.7971502543407,34.5780306779699));
#4358=CARTESIAN_POINT('Ctrl Pts',(-12.5000000000001,-12.7676019989742,34.7050496152977));
#4359=CARTESIAN_POINT('Ctrl Pts',(-12.5000000000001,-12.741713787106,34.8311953368738));
#4360=CARTESIAN_POINT('Ctrl Pts',(-12.5000000000001,-12.7225234409032,34.9540789001571));
#4361=CARTESIAN_POINT('Ctrl Pts',(-12.5000000000001,-12.7091955826529,35.0650353588664));
#4362=CARTESIAN_POINT('Ctrl Pts',(-12.5000000000001,-12.7040938567882,35.1219538350973));
#4363=CARTESIAN_POINT('Ctrl Pts',(-12.5000000000001,-12.7018990197119,35.1514296787628));
#4364=CARTESIAN_POINT('Ctrl Pts',(-12.5000000000001,-12.700832132247,35.1678781188281));
#4365=CARTESIAN_POINT('Ctrl Pts',(-12.5000000000001,-12.6963062283175,35.2466569417503));
#4366=CARTESIAN_POINT('Ctrl Pts',(-12.5000000000001,-12.6975458545847,35.3797820931039));
#4367=CARTESIAN_POINT('Ctrl Pts',(-12.5000000000001,-12.7019435691341,35.5210763581511));
#4368=CARTESIAN_POINT('Ctrl Pts',(-12.5000000000001,-12.7047969696734,35.6356377595392));
#4369=CARTESIAN_POINT('Ctrl Pts',(-12.5000000000001,-12.7063415540368,35.7058697949678));
#4370=CARTESIAN_POINT('Ctrl Pts',(-12.5000000000001,-12.7073663556877,35.7626524369253));
#4371=CARTESIAN_POINT('Ctrl Pts',(-12.5000000000001,-12.7080297957457,35.8049161333914));
#4372=CARTESIAN_POINT('Ctrl Pts',(-12.5000000000001,-12.7085844710509,35.8473417785407));
#4373=CARTESIAN_POINT('Ctrl Pts',(-12.5000000000001,-12.7100599037241,35.9885197290123));
#4374=CARTESIAN_POINT('Ctrl Pts',(-12.5000000000001,-12.7096192450594,36.2285384397276));
#4375=CARTESIAN_POINT('Ctrl Pts',(-12.5000000000001,-12.7020029859848,36.5091132185053));
#4376=CARTESIAN_POINT('Ctrl Pts',(-12.5000000000001,-12.6906794964842,36.7323600406888));
#4377=CARTESIAN_POINT('Ctrl Pts',(-12.5000000000001,-12.679247272754,36.899205984367));
#4378=CARTESIAN_POINT('Ctrl Pts',(-12.5000000000001,-12.6645216462947,37.0653743283654));
#4379=CARTESIAN_POINT('Ctrl Pts',(-12.5,-12.64008969923,37.285730408363));
#4380=CARTESIAN_POINT('Ctrl Pts',(-12.5,-12.5834763294108,37.6678566789655));
#4381=CARTESIAN_POINT('Ctrl Pts',(-12.5,-12.4577426214259,38.1996606914531));
#4382=CARTESIAN_POINT('Ctrl Pts',(-12.5,-12.227534684863,38.8075531541164));
#4383=CARTESIAN_POINT('Ctrl Pts',(-12.5,-11.9195912643602,39.3917332003738));
#4384=CARTESIAN_POINT('Ctrl Pts',(-12.5,-11.5537446604485,39.948535812701));
#4385=CARTESIAN_POINT('Ctrl Pts',(-12.5,-11.2085858285377,40.361139256546));
#4386=CARTESIAN_POINT('Ctrl Pts',(-12.5,-10.8947403602988,40.6626520562902));
#4387=CARTESIAN_POINT('Ctrl Pts',(-12.5,-10.559374942346,40.9516119693147));
#4388=CARTESIAN_POINT('Ctrl Pts',(-12.5,-10.114815962257,41.2869947371269));
#4389=CARTESIAN_POINT('Ctrl Pts',(-12.5,-9.55844344607897,41.6131826020932));
#4390=CARTESIAN_POINT('Ctrl Pts',(-12.5,-8.94861985049792,41.8615493194592));
#4391=CARTESIAN_POINT('Ctrl Pts',(-12.5,-8.31215018685116,42.0574251953975));
#4392=CARTESIAN_POINT('Ctrl Pts',(-12.5,-7.78161387915704,42.1535120341431));
#4393=CARTESIAN_POINT('Ctrl Pts',(-12.5,-7.39636774731872,42.185837750106));
#4394=CARTESIAN_POINT('Ctrl Pts',(-12.5,-7.20238258566223,42.1955932508914));
#4395=CARTESIAN_POINT('Ctrl Pts',(-12.5,-7.10612016069514,42.1987950446669));
#4396=CARTESIAN_POINT('Ctrl Pts',(-12.5,-7.05096641142611,42.2000603777484));
#4397=CARTESIAN_POINT('Ctrl Pts',(-12.5,-7.02347362610841,42.200552913264));
#4398=CARTESIAN_POINT('Ctrl Pts',(-12.5,-7.00747862533269,42.2007640225002));
#4399=CARTESIAN_POINT('Ctrl Pts',(-12.5,-7.00504183730894,42.2008000017643));
#4400=CARTESIAN_POINT('Ctrl Pts',(-12.5,-7.00278270170031,42.2008303916388));
#4401=CARTESIAN_POINT('Ctrl Pts',(-12.2487848745885,-15.0039740007499,32.4328614459721));
#4402=CARTESIAN_POINT('Ctrl Pts',(-12.2487848745885,-14.9316205647953,32.4344546728525));
#4403=CARTESIAN_POINT('Ctrl Pts',(-12.2487848745885,-14.7857205555807,32.4413678502965));
#4404=CARTESIAN_POINT('Ctrl Pts',(-12.2487848745885,-14.5591279828073,32.4667236676828));
#4405=CARTESIAN_POINT('Ctrl Pts',(-12.2487848745885,-14.3209294768841,32.5103493952415));
#4406=CARTESIAN_POINT('Ctrl Pts',(-12.2487848745886,-13.9814944397019,32.6106671078873));
#4407=CARTESIAN_POINT('Ctrl Pts',(-12.2487848745886,-13.6176085374497,32.7853135253778));
#4408=CARTESIAN_POINT('Ctrl Pts',(-12.2487848745886,-13.3311285874625,32.9756287892022));
#4409=CARTESIAN_POINT('Ctrl Pts',(-12.2487848745886,-13.1580924875324,33.1177915003545));
#4410=CARTESIAN_POINT('Ctrl Pts',(-12.2487848745886,-13.0965250488859,33.1721370393019));
#4411=CARTESIAN_POINT('Ctrl Pts',(-12.2487848745886,-13.0049951382222,33.2566009356502));
#4412=CARTESIAN_POINT('Ctrl Pts',(-12.2487848745886,-12.9022224775763,33.36352962274));
#4413=CARTESIAN_POINT('Ctrl Pts',(-12.2487848745886,-12.7941924445,33.4944239236647));
#4414=CARTESIAN_POINT('Ctrl Pts',(-12.2487848745886,-12.6944073493431,33.6282341908095));
#4415=CARTESIAN_POINT('Ctrl Pts',(-12.2487848745886,-12.5854558124487,33.7973130475418));
#4416=CARTESIAN_POINT('Ctrl Pts',(-12.2487848745886,-12.4808658802287,33.9894006099256));
#4417=CARTESIAN_POINT('Ctrl Pts',(-12.2487848745886,-12.3774171943315,34.2008410971693));
#4418=CARTESIAN_POINT('Ctrl Pts',(-12.2487848745886,-12.2970203789809,34.4411827465947));
#4419=CARTESIAN_POINT('Ctrl Pts',(-12.2487848745886,-12.2616631546465,34.5948215450246));
#4420=CARTESIAN_POINT('Ctrl Pts',(-12.2487848745886,-12.2313427397821,34.7425251951487));
#4421=CARTESIAN_POINT('Ctrl Pts',(-12.2487848745886,-12.2096583386041,34.8817721911381));
#4422=CARTESIAN_POINT('Ctrl Pts',(-12.2487848745886,-12.1941722110051,35.010806944152));
#4423=CARTESIAN_POINT('Ctrl Pts',(-12.2487848745886,-12.187936596961,35.0798281907056));
#4424=CARTESIAN_POINT('Ctrl Pts',(-12.2487848745886,-12.185230983642,35.1163262372316));
#4425=CARTESIAN_POINT('Ctrl Pts',(-12.2487848745886,-12.1838777316293,35.1372434100059));
#4426=CARTESIAN_POINT('Ctrl Pts',(-12.2487848745886,-12.1781671909034,35.2363047974341));
#4427=CARTESIAN_POINT('Ctrl Pts',(-12.2487848745886,-12.1798758377204,35.3986501850572));
#4428=CARTESIAN_POINT('Ctrl Pts',(-12.2487848745886,-12.1842442170849,35.5332458796651));
#4429=CARTESIAN_POINT('Ctrl Pts',(-12.2487848745886,-12.1870440305439,35.6472035216737));
#4430=CARTESIAN_POINT('Ctrl Pts',(-12.2487848745886,-12.1885479425499,35.7151490076787));
#4431=CARTESIAN_POINT('Ctrl Pts',(-12.2487848745886,-12.1895407032944,35.7703031417872));
#4432=CARTESIAN_POINT('Ctrl Pts',(-12.2487848745887,-12.1901845962561,35.8112763777186));
#4433=CARTESIAN_POINT('Ctrl Pts',(-12.2487848745886,-12.1907212239215,35.8523461785014));
#4434=CARTESIAN_POINT('Ctrl Pts',(-12.2487848745886,-12.1921479820392,35.9889146118253));
#4435=CARTESIAN_POINT('Ctrl Pts',(-12.2487848745886,-12.1917176920893,36.2206386497129));
#4436=CARTESIAN_POINT('Ctrl Pts',(-12.2487848745886,-12.1844082211663,36.4893827076085));
#4437=CARTESIAN_POINT('Ctrl Pts',(-12.2487848745886,-12.1736654412826,36.7011453539889));
#4438=CARTESIAN_POINT('Ctrl Pts',(-12.2487848745886,-12.1628911932886,36.858318515701));
#4439=CARTESIAN_POINT('Ctrl Pts',(-12.2487848745886,-12.1491256666368,37.013665685337));
#4440=CARTESIAN_POINT('Ctrl Pts',(-12.2487848745886,-12.126447272474,37.2180948193868));
#4441=CARTESIAN_POINT('Ctrl Pts',(-12.2487848745886,-12.0744585688471,37.5686601936201));
#4442=CARTESIAN_POINT('Ctrl Pts',(-12.2487848745886,-11.9608937219926,38.0481023703234));
#4443=CARTESIAN_POINT('Ctrl Pts',(-12.2487848745885,-11.7549939284086,38.5920058629915));
#4444=CARTESIAN_POINT('Ctrl Pts',(-12.2487848745885,-11.4743927248465,39.126080202406));
#4445=CARTESIAN_POINT('Ctrl Pts',(-12.2487848745885,-11.1334576294702,39.6438509058966));
#4446=CARTESIAN_POINT('Ctrl Pts',(-12.2487848745885,-10.8287781187991,40.0075258669384));
#4447=CARTESIAN_POINT('Ctrl Pts',(-12.2487848745885,-10.5469816279458,40.2785927974982));
#4448=CARTESIAN_POINT('Ctrl Pts',(-12.2487848745885,-10.2367018536551,40.5462883959161));
#4449=CARTESIAN_POINT('Ctrl Pts',(-12.2487848745885,-9.82084074579086,40.8588453551216));
#4450=CARTESIAN_POINT('Ctrl Pts',(-12.2487848745885,-9.33227756460064,41.1451478253117));
#4451=CARTESIAN_POINT('Ctrl Pts',(-12.2487848745885,-8.77714519094074,41.3725934153424));
#4452=CARTESIAN_POINT('Ctrl Pts',(-12.2487848745885,-8.18358928607747,41.5545184666213));
#4453=CARTESIAN_POINT('Ctrl Pts',(-12.2487848745885,-7.71557207575831,41.6390462145728));
#4454=CARTESIAN_POINT('Ctrl Pts',(-12.2487848745885,-7.36165492095455,41.6690511096659));
#4455=CARTESIAN_POINT('Ctrl Pts',(-12.2487848745885,-7.18101902069445,41.6781497183954));
#4456=CARTESIAN_POINT('Ctrl Pts',(-12.2487848745885,-7.09238682433358,41.6810744818906));
#4457=CARTESIAN_POINT('Ctrl Pts',(-12.2487848745885,-7.04107391395484,41.68226539488));
#4458=CARTESIAN_POINT('Ctrl Pts',(-12.2487848745885,-7.01665732667256,41.6826943780726));
#4459=CARTESIAN_POINT('Ctrl Pts',(-12.2487848745885,-7.0002571539967,41.6829176571591));
#4460=CARTESIAN_POINT('Ctrl Pts',(-12.2487848745885,-6.99789565369431,41.6829512322502));
#4461=CARTESIAN_POINT('Ctrl Pts',(-12.2487848745885,-6.99560535630101,41.6829826212242));
#4462=CARTESIAN_POINT('Ctrl Pts',(-11.7243994752564,-15.,32.2500014305115));
#4463=CARTESIAN_POINT('Ctrl Pts',(-11.7243994752564,-14.9243630606749,32.2516452084191));
#4464=CARTESIAN_POINT('Ctrl Pts',(-11.7243994752564,-14.771445068145,32.2589177435069));
#4465=CARTESIAN_POINT('Ctrl Pts',(-11.7243994752564,-14.5326685002358,32.2856177222962));
#4466=CARTESIAN_POINT('Ctrl Pts',(-11.7243994752564,-14.2791212460303,32.3319570458326));
#4467=CARTESIAN_POINT('Ctrl Pts',(-11.7243994752564,-13.913323682086,32.4401235610112));
#4468=CARTESIAN_POINT('Ctrl Pts',(-11.7243994752564,-13.5263566008464,32.6261906155937));
#4469=CARTESIAN_POINT('Ctrl Pts',(-11.7243994752565,-13.2240392437441,32.8269723668192));
#4470=CARTESIAN_POINT('Ctrl Pts',(-11.7243994752565,-13.0398732167586,32.9783113270028));
#4471=CARTESIAN_POINT('Ctrl Pts',(-11.7243994752565,-12.9740937093789,33.0363483941466));
#4472=CARTESIAN_POINT('Ctrl Pts',(-11.7243994752565,-12.8763259478168,33.1265853791968));
#4473=CARTESIAN_POINT('Ctrl Pts',(-11.7243994752565,-12.7660929104802,33.2412582230292));
#4474=CARTESIAN_POINT('Ctrl Pts',(-11.7243994752565,-12.650359036482,33.3815038319098));
#4475=CARTESIAN_POINT('Ctrl Pts',(-11.7243994752565,-12.5436249081849,33.524645566256));
#4476=CARTESIAN_POINT('Ctrl Pts',(-11.7243994752565,-12.4279056489524,33.7043113087965));
#4477=CARTESIAN_POINT('Ctrl Pts',(-11.7243994752565,-12.3184514725156,33.9055791259245));
#4478=CARTESIAN_POINT('Ctrl Pts',(-11.7243994752565,-12.2086074025775,34.1294183712122));
#4479=CARTESIAN_POINT('Ctrl Pts',(-11.7243994752565,-12.1204206692111,34.3928681526844));
#4480=CARTESIAN_POINT('Ctrl Pts',(-11.7243994752565,-12.0829551121651,34.5559915417729));
#4481=CARTESIAN_POINT('Ctrl Pts',(-11.7243994752565,-12.0511156595818,34.7112374777841));
#4482=CARTESIAN_POINT('Ctrl Pts',(-11.7243994752565,-12.0285120142648,34.8563350237056));
#4483=CARTESIAN_POINT('Ctrl Pts',(-11.7243994752565,-12.0122903980958,34.9917082185181));
#4484=CARTESIAN_POINT('Ctrl Pts',(-11.7243994752565,-12.0056428362965,35.0650341544279));
#4485=CARTESIAN_POINT('Ctrl Pts',(-11.7243994752565,-12.0027622122492,35.1039743148704));
#4486=CARTESIAN_POINT('Ctrl Pts',(-11.7243994752565,-12.0013053096594,35.1265301236375));
#4487=CARTESIAN_POINT('Ctrl Pts',(-11.7243994752565,-11.9951820379615,35.2324548224676));
#4488=CARTESIAN_POINT('Ctrl Pts',(-11.7243994752565,-11.9970510519425,35.4054296053858));
#4489=CARTESIAN_POINT('Ctrl Pts',(-11.7243994752565,-12.0014123474061,35.5374555797424));
#4490=CARTESIAN_POINT('Ctrl Pts',(-11.7243994752565,-12.0041909820017,35.651193631817));
#4491=CARTESIAN_POINT('Ctrl Pts',(-11.7243994752565,-12.0056818872794,35.7183651046331));
#4492=CARTESIAN_POINT('Ctrl Pts',(-11.7243994752565,-12.0066625592365,35.7729160997603));
#4493=CARTESIAN_POINT('Ctrl Pts',(-11.7243994752565,-12.0072999147667,35.8134495643949));
#4494=CARTESIAN_POINT('Ctrl Pts',(-11.7243994752565,-12.0078300426681,35.8540338794728));
#4495=CARTESIAN_POINT('Ctrl Pts',(-11.7243994752565,-12.0092395736681,35.9889813324664));
#4496=CARTESIAN_POINT('Ctrl Pts',(-11.7243994752565,-12.008813291769,36.2177893835578));
#4497=CARTESIAN_POINT('Ctrl Pts',(-11.7243994752565,-12.0016118000554,36.4823704018715));
#4498=CARTESIAN_POINT('Ctrl Pts',(-11.7243994752565,-11.9910747746622,36.6900802961526));
#4499=CARTESIAN_POINT('Ctrl Pts',(-11.7243994752565,-11.9805318782134,36.843841299119));
#4500=CARTESIAN_POINT('Ctrl Pts',(-11.7243994752565,-11.9671073938449,36.9953668328467));
#4501=CARTESIAN_POINT('Ctrl Pts',(-11.7243994752565,-11.9450447180675,37.1941770268603));
#4502=CARTESIAN_POINT('Ctrl Pts',(-11.7243994752565,-11.8946961508135,37.5335947447065));
#4503=CARTESIAN_POINT('Ctrl Pts',(-11.7243994752564,-11.785421185246,37.9945616586178));
#4504=CARTESIAN_POINT('Ctrl Pts',(-11.7243994752564,-11.588116602704,38.5158678940927));
#4505=CARTESIAN_POINT('Ctrl Pts',(-11.7243994752564,-11.3171673957118,39.0322504117783));
#4506=CARTESIAN_POINT('Ctrl Pts',(-11.7243994752564,-10.9850338519112,39.5362493098826));
#4507=CARTESIAN_POINT('Ctrl Pts',(-11.7243994752564,-10.6946513754493,39.8826315660212));
#4508=CARTESIAN_POINT('Ctrl Pts',(-11.7243994752564,-10.424169179364,40.1429671293832));
#4509=CARTESIAN_POINT('Ctrl Pts',(-11.7243994752564,-10.1227276352021,40.4031459569581));
#4510=CARTESIAN_POINT('Ctrl Pts',(-11.7243994752564,-9.71701859356576,40.7076351150145));
#4511=CARTESIAN_POINT('Ctrl Pts',(-11.7243994752564,-9.25241889228861,40.9798456515608));
#4512=CARTESIAN_POINT('Ctrl Pts',(-11.7243994752564,-8.71660677569145,41.1999155356255));
#4513=CARTESIAN_POINT('Ctrl Pts',(-11.7243994752564,-8.13823291903817,41.3769010880828));
#4514=CARTESIAN_POINT('Ctrl Pts',(-11.7243994752564,-7.692293542171,41.4573719006554));
#4515=CARTESIAN_POINT('Ctrl Pts',(-11.7243994752564,-7.34945222409222,41.4865255746557));
#4516=CARTESIAN_POINT('Ctrl Pts',(-11.7243994752564,-7.1735374434435,41.4954140035486));
#4517=CARTESIAN_POINT('Ctrl Pts',(-11.7243994752564,-7.08761340178794,41.4982287747463));
#4518=CARTESIAN_POINT('Ctrl Pts',(-11.7243994752564,-7.03762991709794,41.4994000966597));
#4519=CARTESIAN_POINT('Ctrl Pts',(-11.7243994752564,-7.01435367486927,41.4998019378675));
#4520=CARTESIAN_POINT('Ctrl Pts',(-11.7243994752564,-6.99769421668907,41.5000329167861));
#4521=CARTESIAN_POINT('Ctrl Pts',(-11.7243994752564,-6.99538034041265,41.5000649802836));
#4522=CARTESIAN_POINT('Ctrl Pts',(-11.7243994752564,-6.99307057022468,41.5000969935883));
#4523=CARTESIAN_POINT('Ctrl Pts',(-11.5,-15.,32.2500014305115));
#4524=CARTESIAN_POINT('Ctrl Pts',(-11.5,-14.9243630606749,32.2516452084191));
#4525=CARTESIAN_POINT('Ctrl Pts',(-11.5,-14.771445068145,32.2589177435069));
#4526=CARTESIAN_POINT('Ctrl Pts',(-11.5,-14.5326685002358,32.2856177222962));
#4527=CARTESIAN_POINT('Ctrl Pts',(-11.5,-14.2791212460303,32.3319570458326));
#4528=CARTESIAN_POINT('Ctrl Pts',(-11.5,-13.913323682086,32.4401235610112));
#4529=CARTESIAN_POINT('Ctrl Pts',(-11.5,-13.5263566008464,32.6261906155937));
#4530=CARTESIAN_POINT('Ctrl Pts',(-11.5000000000001,-13.2240392437441,32.8269723668192));
#4531=CARTESIAN_POINT('Ctrl Pts',(-11.5000000000001,-13.0398732167586,32.9783113270028));
#4532=CARTESIAN_POINT('Ctrl Pts',(-11.5000000000001,-12.9740937093789,33.0363483941466));
#4533=CARTESIAN_POINT('Ctrl Pts',(-11.5000000000001,-12.8763259478168,33.1265853791968));
#4534=CARTESIAN_POINT('Ctrl Pts',(-11.5000000000001,-12.7660929104802,33.2412582230292));
#4535=CARTESIAN_POINT('Ctrl Pts',(-11.5000000000001,-12.650359036482,33.3815038319098));
#4536=CARTESIAN_POINT('Ctrl Pts',(-11.5000000000001,-12.5436249081849,33.524645566256));
#4537=CARTESIAN_POINT('Ctrl Pts',(-11.5000000000001,-12.4279056489524,33.7043113087965));
#4538=CARTESIAN_POINT('Ctrl Pts',(-11.5000000000001,-12.3184514725156,33.9055791259245));
#4539=CARTESIAN_POINT('Ctrl Pts',(-11.5000000000001,-12.2086074025775,34.1294183712122));
#4540=CARTESIAN_POINT('Ctrl Pts',(-11.5000000000001,-12.1204206692111,34.3928681526844));
#4541=CARTESIAN_POINT('Ctrl Pts',(-11.5000000000001,-12.0829551121651,34.5559915417729));
#4542=CARTESIAN_POINT('Ctrl Pts',(-11.5000000000001,-12.0511156595818,34.7112374777841));
#4543=CARTESIAN_POINT('Ctrl Pts',(-11.5000000000001,-12.0285120142648,34.8563350237056));
#4544=CARTESIAN_POINT('Ctrl Pts',(-11.5000000000001,-12.0122903980958,34.9917082185181));
#4545=CARTESIAN_POINT('Ctrl Pts',(-11.5000000000001,-12.0056428362965,35.0650341544279));
#4546=CARTESIAN_POINT('Ctrl Pts',(-11.5000000000001,-12.0027622122492,35.1039743148704));
#4547=CARTESIAN_POINT('Ctrl Pts',(-11.5000000000001,-12.0013053096594,35.1265301236375));
#4548=CARTESIAN_POINT('Ctrl Pts',(-11.5000000000001,-11.9951820379615,35.2324548224676));
#4549=CARTESIAN_POINT('Ctrl Pts',(-11.5000000000001,-11.9970510519425,35.4054296053858));
#4550=CARTESIAN_POINT('Ctrl Pts',(-11.5000000000001,-12.0014123474061,35.5374555797424));
#4551=CARTESIAN_POINT('Ctrl Pts',(-11.5000000000001,-12.0041909820017,35.651193631817));
#4552=CARTESIAN_POINT('Ctrl Pts',(-11.5000000000001,-12.0056818872794,35.7183651046331));
#4553=CARTESIAN_POINT('Ctrl Pts',(-11.5000000000001,-12.0066625592365,35.7729160997603));
#4554=CARTESIAN_POINT('Ctrl Pts',(-11.5000000000001,-12.0072999147667,35.8134495643949));
#4555=CARTESIAN_POINT('Ctrl Pts',(-11.5000000000001,-12.0078300426681,35.8540338794728));
#4556=CARTESIAN_POINT('Ctrl Pts',(-11.5000000000001,-12.0092395736681,35.9889813324664));
#4557=CARTESIAN_POINT('Ctrl Pts',(-11.5000000000001,-12.008813291769,36.2177893835578));
#4558=CARTESIAN_POINT('Ctrl Pts',(-11.5000000000001,-12.0016118000554,36.4823704018715));
#4559=CARTESIAN_POINT('Ctrl Pts',(-11.5000000000001,-11.9910747746622,36.6900802961526));
#4560=CARTESIAN_POINT('Ctrl Pts',(-11.5000000000001,-11.9805318782134,36.843841299119));
#4561=CARTESIAN_POINT('Ctrl Pts',(-11.5,-11.9671073938449,36.9953668328467));
#4562=CARTESIAN_POINT('Ctrl Pts',(-11.5,-11.9450447180675,37.1941770268603));
#4563=CARTESIAN_POINT('Ctrl Pts',(-11.5,-11.8946961508135,37.5335947447065));
#4564=CARTESIAN_POINT('Ctrl Pts',(-11.5,-11.785421185246,37.9945616586178));
#4565=CARTESIAN_POINT('Ctrl Pts',(-11.5,-11.588116602704,38.5158678940927));
#4566=CARTESIAN_POINT('Ctrl Pts',(-11.5,-11.3171673957118,39.0322504117783));
#4567=CARTESIAN_POINT('Ctrl Pts',(-11.5,-10.9850338519112,39.5362493098826));
#4568=CARTESIAN_POINT('Ctrl Pts',(-11.5,-10.6946513754493,39.8826315660212));
#4569=CARTESIAN_POINT('Ctrl Pts',(-11.5,-10.424169179364,40.1429671293832));
#4570=CARTESIAN_POINT('Ctrl Pts',(-11.5,-10.1227276352021,40.4031459569581));
#4571=CARTESIAN_POINT('Ctrl Pts',(-11.5,-9.71701859356576,40.7076351150145));
#4572=CARTESIAN_POINT('Ctrl Pts',(-11.5,-9.25241889228861,40.9798456515608));
#4573=CARTESIAN_POINT('Ctrl Pts',(-11.5,-8.71660677569145,41.1999155356255));
#4574=CARTESIAN_POINT('Ctrl Pts',(-11.5,-8.13823291903817,41.3769010880828));
#4575=CARTESIAN_POINT('Ctrl Pts',(-11.5,-7.692293542171,41.4573719006554));
#4576=CARTESIAN_POINT('Ctrl Pts',(-11.5,-7.34945222409222,41.4865255746557));
#4577=CARTESIAN_POINT('Ctrl Pts',(-11.5,-7.1735374434435,41.4954140035486));
#4578=CARTESIAN_POINT('Ctrl Pts',(-11.5,-7.08761340178794,41.4982287747463));
#4579=CARTESIAN_POINT('Ctrl Pts',(-11.5,-7.03762991709794,41.4994000966597));
#4580=CARTESIAN_POINT('Ctrl Pts',(-11.5,-7.01435367486927,41.4998019378675));
#4581=CARTESIAN_POINT('Ctrl Pts',(-11.5,-6.99769421668907,41.5000329167861));
#4582=CARTESIAN_POINT('Ctrl Pts',(-11.5,-6.99538034041265,41.5000649802836));
#4583=CARTESIAN_POINT('Ctrl Pts',(-11.5,-6.99307057022468,41.5000969935883));
#4584=CARTESIAN_POINT('Origin',(0.,5.,41.5000009536743));
#4585=CARTESIAN_POINT('',(0.,5.,56.6567659378052));
#4586=CARTESIAN_POINT('Origin',(-9.99999995914371,-17.0000004768372,54.7499996684033));
#4587=CARTESIAN_POINT('',(-11.3000008298846,-12.0000004768372,54.7499996684033));
#4588=CARTESIAN_POINT('',(-11.3000008298846,-17.0000004768372,54.7499996684033));
#4589=CARTESIAN_POINT('Origin',(-9.99999995914371,-12.0000004768372,54.7499996684033));
#4590=CARTESIAN_POINT('Origin',(-9.99999995914371,-12.0000004768372,54.7499996684033));
#4591=CARTESIAN_POINT('Origin',(10.0000002706951,-17.0000004768372,54.7500007789841));
#4592=CARTESIAN_POINT('',(8.70000041154382,-12.0000004768372,54.7500007789841));
#4593=CARTESIAN_POINT('',(8.70000041154382,-17.0000004768372,54.7500007789841));
#4594=CARTESIAN_POINT('Origin',(10.0000002706951,-12.0000004768372,54.7500007789841));
#4595=CARTESIAN_POINT('Origin',(10.0000002706951,-12.0000004768372,54.7500007789841));
#4596=CARTESIAN_POINT('Origin',(-16.1027264111092,-3.10457477698982,57.2499990463257));
#4597=CARTESIAN_POINT('',(-17.6527264011571,-3.10457477698982,57.2499990463257));
#4598=CARTESIAN_POINT('Origin',(-16.1027264111092,-3.10457477698982,57.2499990463257));
#4599=CARTESIAN_POINT('',(-17.6527264011571,-3.10457477698982,55.2499990463257));
#4600=CARTESIAN_POINT('',(-17.6527264011571,-3.10457477698982,57.2499990463257));
#4601=CARTESIAN_POINT('Origin',(-16.1027264111092,-3.10457477698982,55.2499990463257));
#4602=CARTESIAN_POINT('Origin',(-18.9846228569835,-5.09069552846455,57.2499990463257));
#4603=CARTESIAN_POINT('',(-18.9846228569835,-5.09069552846455,57.2499990463257));
#4604=CARTESIAN_POINT('',(-18.9846228569835,-5.09069552846455,57.2499990463257));
#4605=CARTESIAN_POINT('',(-18.9846228569835,-5.09069552846455,55.2499990463257));
#4606=CARTESIAN_POINT('',(-18.9846228569835,-5.09069552846455,57.2499990463257));
#4607=CARTESIAN_POINT('',(-18.9846228569835,-5.09069552846455,55.2499990463257));
#4608=CARTESIAN_POINT('Origin',(-16.1027263506236,-3.10457518704292,57.2499990463257));
#4609=CARTESIAN_POINT('Origin',(-16.1027263506236,-3.10457518704292,57.2499990463257));
#4610=CARTESIAN_POINT('Origin',(-16.1027263506236,-3.10457518704292,55.2499990463257));
#4611=CARTESIAN_POINT('Origin',(-16.0513632813102,-7.05228772594161,55.2499990463257));
#4612=CARTESIAN_POINT('Origin',(16.1027264111092,-3.10457477698982,57.2499990463257));
#4613=CARTESIAN_POINT('',(17.6527264011571,-3.10457477698982,57.2499990463257));
#4614=CARTESIAN_POINT('Origin',(16.1027264111092,-3.10457477698982,57.2499990463257));
#4615=CARTESIAN_POINT('',(17.6527264011571,-3.10457477698982,55.2499990463257));
#4616=CARTESIAN_POINT('',(17.6527264011571,-3.10457477698982,57.2499990463257));
#4617=CARTESIAN_POINT('Origin',(16.1027264111092,-3.10457477698982,55.2499990463257));
#4618=CARTESIAN_POINT('Origin',(16.1027263506236,-3.10457518704292,57.2499990463257));
#4619=CARTESIAN_POINT('',(16.1027263506236,0.39542502495394,57.2499990463257));
#4620=CARTESIAN_POINT('Origin',(16.1027263506236,-3.10457518704292,57.2499990463257));
#4621=CARTESIAN_POINT('',(16.1027263506236,0.39542502495394,55.2499990463257));
#4622=CARTESIAN_POINT('Origin',(16.1027263506236,-3.10457518704292,55.2499990463257));
#4623=CARTESIAN_POINT('',(16.1027263506236,0.39542502495394,57.2499990463257));
#4624=CARTESIAN_POINT('Origin',(12.5,0.395425024953941,57.2499990463257));
#4625=CARTESIAN_POINT('',(16.1027263506236,0.39542502495394,57.2499990463257));
#4626=CARTESIAN_POINT('',(16.1027263506236,0.39542502495394,55.2499990463257));
#4627=CARTESIAN_POINT('Origin',(16.0513632813102,-7.05228772594161,55.2499990463257));
#4628=CARTESIAN_POINT('Ctrl Pts',(8.80352939574054,-15.7863546531607,51.4052234710826));
#4629=CARTESIAN_POINT('Ctrl Pts',(8.80435747929853,-15.7866352040576,51.404034996439));
#4630=CARTESIAN_POINT('Ctrl Pts',(8.80518643976455,-15.7868972575583,51.4028488250739));
#4631=CARTESIAN_POINT('Ctrl Pts',(8.80601624981576,-15.7871407657051,51.4016649801177));
#4632=CARTESIAN_POINT('Ctrl Pts',(8.78491157020317,-15.9108110549673,51.3901346096152));
#4633=CARTESIAN_POINT('Ctrl Pts',(8.78595743502076,-15.9109954936265,51.3887196025153));
#4634=CARTESIAN_POINT('Ctrl Pts',(8.78700304148659,-15.9111638322045,51.387305473342));
#4635=CARTESIAN_POINT('Ctrl Pts',(8.78804845462982,-15.9113160353337,51.385892363518));
#4636=CARTESIAN_POINT('Ctrl Pts',(8.77577052366625,-16.0375482117761,51.3821878831184));
#4637=CARTESIAN_POINT('Ctrl Pts',(8.77702457989549,-16.0376311447891,51.38052858504));
#4638=CARTESIAN_POINT('Ctrl Pts',(8.77827785029366,-16.0377005849661,51.3788692545219));
#4639=CARTESIAN_POINT('Ctrl Pts',(8.7795303978365,-16.0377564824656,51.3772100414401));
#4640=CARTESIAN_POINT('Ctrl Pts',(8.77627055922387,-16.1642881232602,51.3815261277264));
#4641=CARTESIAN_POINT('Ctrl Pts',(8.7777192173223,-16.1642695382509,51.3796089494517));
#4642=CARTESIAN_POINT('Ctrl Pts',(8.7791672109464,-16.1642400725761,51.3776913444514));
#4643=CARTESIAN_POINT('Ctrl Pts',(8.7806144967389,-16.1641996530667,51.3757733704575));
#4644=CARTESIAN_POINT('',(8.78061449673947,-16.1641996530666,51.3757733704567));
#4645=CARTESIAN_POINT('Origin',(10.3770895491437,-16.1641996530666,52.5804589755218));
#4646=CARTESIAN_POINT('',(8.77627055922499,-16.16428812326,51.381526127725));
#4647=CARTESIAN_POINT('Ctrl Pts',(8.7806144967389,-16.1641996530667,51.3757733704575));
#4648=CARTESIAN_POINT('Ctrl Pts',(8.7791672109464,-16.1642400725761,51.3776913444514));
#4649=CARTESIAN_POINT('Ctrl Pts',(8.7777192173223,-16.1642695382509,51.3796089494517));
#4650=CARTESIAN_POINT('Ctrl Pts',(8.77627055922387,-16.1642881232602,51.3815261277264));
#4651=CARTESIAN_POINT('Origin',(10.3719558048659,-16.16428812326,52.5872576885809));
#4652=CARTESIAN_POINT('Ctrl Pts',(-8.8060125776044,-15.787141017487,51.4016668572447));
#4653=CARTESIAN_POINT('Ctrl Pts',(-8.80518276773877,-15.7868975096429,51.4028507012169));
#4654=CARTESIAN_POINT('Ctrl Pts',(-8.80435380746321,-15.7866354564342,51.4040368715895));
#4655=CARTESIAN_POINT('Ctrl Pts',(-8.80352572408841,-15.7863549058222,51.4052253452472));
#4656=CARTESIAN_POINT('Ctrl Pts',(-8.78804483361433,-15.9113161327325,51.3858942749737));
#4657=CARTESIAN_POINT('Ctrl Pts',(-8.78699942076911,-15.9111639298124,51.3873073836902));
#4658=CARTESIAN_POINT('Ctrl Pts',(-8.78595381460553,-15.9109955914363,51.3887215117496));
#4659=CARTESIAN_POINT('Ctrl Pts',(-8.78490795008572,-15.9108111529743,51.3901365177415));
#4660=CARTESIAN_POINT('Ctrl Pts',(-8.77952680242096,-16.0377564167381,51.377211971313));
#4661=CARTESIAN_POINT('Ctrl Pts',(-8.77827425526808,-16.0377005193355,51.37887118312));
#4662=CARTESIAN_POINT('Ctrl Pts',(-8.77702098526336,-16.0376310792511,51.3805305123593));
#4663=CARTESIAN_POINT('Ctrl Pts',(-8.77576692942528,-16.037548146328,51.3821898091632));
#4664=CARTESIAN_POINT('Ctrl Pts',(-8.78061090047814,-16.1641994241953,51.3757753021078));
#4665=CARTESIAN_POINT('Ctrl Pts',(-8.77916361513468,-16.1642398436892,51.3776932746292));
#4666=CARTESIAN_POINT('Ctrl Pts',(-8.77771562196221,-16.1642693093474,51.379610878155));
#4667=CARTESIAN_POINT('Ctrl Pts',(-8.77626696431446,-16.1642878943393,51.381528054958));
#4668=CARTESIAN_POINT('',(-8.7762669643145,-16.1642878943392,51.3815280549579));
#4669=CARTESIAN_POINT('Origin',(-10.3719519451816,-16.1642878943392,52.5872599662198));
#4670=CARTESIAN_POINT('',(-8.78060479219238,-16.1634686826267,51.375783723365));
#4671=CARTESIAN_POINT('Ctrl Pts',(-8.77626696431446,-16.1642878943393,51.381528054958));
#4672=CARTESIAN_POINT('Ctrl Pts',(-8.77771562196221,-16.1642693093474,51.379610878155));
#4673=CARTESIAN_POINT('Ctrl Pts',(-8.77916361513468,-16.1642398436892,51.3776932746292));
#4674=CARTESIAN_POINT('Ctrl Pts',(-8.78061090047814,-16.1641994241953,51.3757753021078));
#4675=CARTESIAN_POINT('Origin',(-10.3770856878639,-16.1641994241952,52.5804612583809));
#4676=CARTESIAN_POINT('Ctrl Pts',(-8.80352572408747,-15.7863549058225,51.4052253452483));
#4677=CARTESIAN_POINT('Ctrl Pts',(-7.5850116832581,-15.7639065453989,53.0292330640515));
#4678=CARTESIAN_POINT('Ctrl Pts',(-4.73887021353673,-15.9460468151626,55.1160051905524));
#4679=CARTESIAN_POINT('Ctrl Pts',(-1.3555117226221,-15.9812287498085,55.7501143492732));
#4680=CARTESIAN_POINT('Ctrl Pts',(1.35551631651659,-15.9812287301267,55.7501140483974));
#4681=CARTESIAN_POINT('Ctrl Pts',(4.73887464234709,-15.946046711292,55.1160041325107));
#4682=CARTESIAN_POINT('Ctrl Pts',(7.58501572423418,-15.7639062933459,53.0292314569487));
#4683=CARTESIAN_POINT('Ctrl Pts',(8.80352939574347,-15.7863546531597,51.405223471079));
#4684=CARTESIAN_POINT('Ctrl Pts',(-8.79288699608613,-15.8574727613379,51.396603158102));
#4685=CARTESIAN_POINT('Ctrl Pts',(-7.57447449744891,-15.8422598180782,53.0186076017879));
#4686=CARTESIAN_POINT('Ctrl Pts',(-4.74145344417861,-15.9678249263883,55.117070251851));
#4687=CARTESIAN_POINT('Ctrl Pts',(-1.35445758089929,-15.9881192065502,55.7497502048099));
#4688=CARTESIAN_POINT('Ctrl Pts',(1.35446217389668,-15.9881191938615,55.7497499027919));
#4689=CARTESIAN_POINT('Ctrl Pts',(4.74145787672248,-15.9678248628728,55.1170691952915));
#4690=CARTESIAN_POINT('Ctrl Pts',(7.57447851078587,-15.8422596586862,53.0186059697366));
#4691=CARTESIAN_POINT('Ctrl Pts',(8.79289063829318,-15.8574725970494,51.3966012645266));
#4692=CARTESIAN_POINT('Ctrl Pts',(-8.78486426905864,-15.933825897875,51.3899147315902));
#4693=CARTESIAN_POINT('Ctrl Pts',(-7.56340553143506,-15.9264920200692,53.0095534070253));
#4694=CARTESIAN_POINT('Ctrl Pts',(-4.74311781829198,-15.9910528083506,55.1182672111407));
#4695=CARTESIAN_POINT('Ctrl Pts',(-1.3544854041698,-15.9953012278475,55.7490697806844));
#4696=CARTESIAN_POINT('Ctrl Pts',(1.35448999496286,-15.995301224357,55.7490694791658));
#4697=CARTESIAN_POINT('Ctrl Pts',(4.74312225455729,-15.9910527884381,55.1182661548293));
#4698=CARTESIAN_POINT('Ctrl Pts',(7.56340951781858,-15.9264919483213,53.0095517572003));
#4699=CARTESIAN_POINT('Ctrl Pts',(8.78486788884121,-15.9338258305317,51.3899128229365));
#4700=CARTESIAN_POINT('Ctrl Pts',(-8.78011447644987,-16.0150537424242,51.3856594155607));
#4701=CARTESIAN_POINT('Ctrl Pts',(-7.55770308980868,-16.0158318225965,53.0054411968872));
#4702=CARTESIAN_POINT('Ctrl Pts',(-4.74385816531817,-16.0151418482716,55.1187113645916));
#4703=CARTESIAN_POINT('Ctrl Pts',(-1.35409872595922,-16.0031289358349,55.7488948275538));
#4704=CARTESIAN_POINT('Ctrl Pts',(1.35410331639687,-16.0031289409629,55.7488945254759));
#4705=CARTESIAN_POINT('Ctrl Pts',(4.7438626020982,-16.0151418718745,55.1187103091296));
#4706=CARTESIAN_POINT('Ctrl Pts',(7.55770706154863,-16.0158318593091,53.0054395375762));
#4707=CARTESIAN_POINT('Ctrl Pts',(8.78011808275103,-16.0150537792128,51.3856574973913));
#4708=CARTESIAN_POINT('Ctrl Pts',(-8.77867778647762,-16.0421434187668,51.3843516187374));
#4709=CARTESIAN_POINT('Ctrl Pts',(-7.55586843083679,-16.0456260582556,53.0042058824529));
#4710=CARTESIAN_POINT('Ctrl Pts',(-4.74405960490133,-16.0231740203816,55.1188512836781));
#4711=CARTESIAN_POINT('Ctrl Pts',(-1.35400195188468,-16.0057347530877,55.7488343743241));
#4712=CARTESIAN_POINT('Ctrl Pts',(1.35400654218231,-16.005734761122,55.7488340721042));
#4713=CARTESIAN_POINT('Ctrl Pts',(4.74406404180815,-16.0231740585033,55.1188502284587));
#4714=CARTESIAN_POINT('Ctrl Pts',(7.55587239791769,-16.0456261309191,53.0042042203746));
#4715=CARTESIAN_POINT('Ctrl Pts',(8.77868138868591,-16.0421434903191,51.3843496976482));
#4716=CARTESIAN_POINT('Ctrl Pts',(-8.77743002397351,-16.0737845452685,51.3831492457837));
#4717=CARTESIAN_POINT('Ctrl Pts',(-7.55405641982374,-16.0804519859109,53.00316405429));
#4718=CARTESIAN_POINT('Ctrl Pts',(-4.74415559797125,-16.0325455676441,55.1189864597257));
#4719=CARTESIAN_POINT('Ctrl Pts',(-1.35395973709529,-16.0087736742705,55.7487577492867));
#4720=CARTESIAN_POINT('Ctrl Pts',(1.35396432725709,-16.0087736857703,55.7487574469787));
#4721=CARTESIAN_POINT('Ctrl Pts',(4.74416003481788,-16.032545622748,55.1189854047233));
#4722=CARTESIAN_POINT('Ctrl Pts',(7.55406038240741,-16.0804520999999,53.0031623900213));
#4723=CARTESIAN_POINT('Ctrl Pts',(8.77743362258084,-16.0737846575196,51.383147322026));
#4724=CARTESIAN_POINT('Ctrl Pts',(-8.77659212960405,-16.1099758684079,51.3822192542272));
#4725=CARTESIAN_POINT('Ctrl Pts',(-7.55254517633149,-16.1202652649634,53.0026618132665));
#4726=CARTESIAN_POINT('Ctrl Pts',(-4.74409383621435,-16.0432350403782,55.1190640149724));
#4727=CARTESIAN_POINT('Ctrl Pts',(-1.35395421537299,-16.0122526692394,55.748705177162));
#4728=CARTESIAN_POINT('Ctrl Pts',(1.35395880546347,-16.012252684677,55.7487048747791));
#4729=CARTESIAN_POINT('Ctrl Pts',(4.74409827265614,-16.0432351147712,55.1190629601627));
#4730=CARTESIAN_POINT('Ctrl Pts',(7.5525491352237,-16.1202654269796,53.0026601480417));
#4731=CARTESIAN_POINT('Ctrl Pts',(8.77659572570961,-16.1099760272881,51.3822173284352));
#4732=CARTESIAN_POINT('Ctrl Pts',(-8.77625790534414,-16.1371293780696,51.381743979243));
#4733=CARTESIAN_POINT('Ctrl Pts',(-7.55168859397698,-16.1501200490828,53.0026416576172));
#4734=CARTESIAN_POINT('Ctrl Pts',(-4.74396407598581,-16.0512411820784,55.1190806292718));
#4735=CARTESIAN_POINT('Ctrl Pts',(-1.35396876602787,-16.0148649829157,55.7486871368718));
#4736=CARTESIAN_POINT('Ctrl Pts',(1.35397335610222,-16.014865001283,55.7486868344433));
#4737=CARTESIAN_POINT('Ctrl Pts',(4.74396851195856,-16.0512412708676,55.1190795745768));
#4738=CARTESIAN_POINT('Ctrl Pts',(7.5516925508118,-16.1501202474369,53.0026399924712));
#4739=CARTESIAN_POINT('Ctrl Pts',(8.77626150038093,-16.1371295719605,51.3817420524338));
#4740=CARTESIAN_POINT('Ctrl Pts',(-8.77623124753668,-16.1552350551956,51.3815753231155));
#4741=CARTESIAN_POINT('Ctrl Pts',(-7.5512518253826,-16.1700563767605,53.0027745343789));
#4742=CARTESIAN_POINT('Ctrl Pts',(-4.74380801738388,-16.0565909601681,55.1190884776209));
#4743=CARTESIAN_POINT('Ctrl Pts',(-1.354023094797,-16.0166028900406,55.7486610151481));
#4744=CARTESIAN_POINT('Ctrl Pts',(1.35402768486963,-16.016602910417,55.7486607127414));
#4745=CARTESIAN_POINT('Ctrl Pts',(4.74381245295371,-16.0565910586517,55.1190874229674));
#4746=CARTESIAN_POINT('Ctrl Pts',(7.55125578126223,-16.170056598694,53.0027728697186));
#4747=CARTESIAN_POINT('Ctrl Pts',(8.77623484239949,-16.1552352724397,51.3815733959672));
#4748=CARTESIAN_POINT('Ctrl Pts',(-8.7762669643145,-16.1642878943392,51.3815280549579));
#4749=CARTESIAN_POINT('Ctrl Pts',(-7.55109751160341,-16.1800057310152,53.0029369904337));
#4750=CARTESIAN_POINT('Ctrl Pts',(-4.74372174608718,-16.0592572756176,55.1190757287319));
#4751=CARTESIAN_POINT('Ctrl Pts',(-1.35404087423205,-16.0174743187899,55.7486628982095));
#4752=CARTESIAN_POINT('Ctrl Pts',(1.35404546431487,-16.0174743401365,55.7486625957982));
#4753=CARTESIAN_POINT('Ctrl Pts',(4.74372618142114,-16.0592573788837,55.1190746740993));
#4754=CARTESIAN_POINT('Ctrl Pts',(7.55110146714251,-16.1800059651554,53.0029353261899));
#4755=CARTESIAN_POINT('Ctrl Pts',(8.77627055922499,-16.16428812326,51.381526127725));
#4756=CARTESIAN_POINT('Ctrl Pts',(8.77627055922499,-16.16428812326,51.381526127725));
#4757=CARTESIAN_POINT('Ctrl Pts',(7.55110146714251,-16.1800059651554,53.0029353261899));
#4758=CARTESIAN_POINT('Ctrl Pts',(4.74372618142114,-16.0592573788837,55.1190746740993));
#4759=CARTESIAN_POINT('Ctrl Pts',(1.35404546431487,-16.0174743401365,55.7486625957982));
#4760=CARTESIAN_POINT('Ctrl Pts',(-1.35404087423205,-16.0174743187899,55.7486628982095));
#4761=CARTESIAN_POINT('Ctrl Pts',(-4.74372174608718,-16.0592572756176,55.1190757287319));
#4762=CARTESIAN_POINT('Ctrl Pts',(-7.55109751160341,-16.1800057310152,53.0029369904337));
#4763=CARTESIAN_POINT('Ctrl Pts',(-8.7762669643145,-16.1642878943392,51.3815280549579));
#4764=CARTESIAN_POINT('Ctrl Pts',(8.79326635538916,-15.9429004489316,38.1337899902124));
#4765=CARTESIAN_POINT('Ctrl Pts',(8.79310562629812,-15.942904085928,38.1335766549275));
#4766=CARTESIAN_POINT('Ctrl Pts',(8.7929448916807,-15.9429070609037,38.1333633286264));
#4767=CARTESIAN_POINT('Ctrl Pts',(8.79278415290531,-15.9429093742037,38.1331500131676));
#4768=CARTESIAN_POINT('Ctrl Pts',(8.79103884596386,-15.986791285823,38.1356531850052));
#4769=CARTESIAN_POINT('Ctrl Pts',(8.79084129106484,-15.9867943206859,38.1353907129118));
#4770=CARTESIAN_POINT('Ctrl Pts',(8.7906437256444,-15.9867965403072,38.1351282505398));
#4771=CARTESIAN_POINT('Ctrl Pts',(8.79044615150575,-15.9867979448525,38.1348658002117));
#4772=CARTESIAN_POINT('Ctrl Pts',(8.78996902159374,-16.0307778193349,38.1366457991037));
#4773=CARTESIAN_POINT('Ctrl Pts',(8.78973448152907,-16.0307802471889,38.1363340677508));
#4774=CARTESIAN_POINT('Ctrl Pts',(8.78949992472258,-16.0307817061435,38.1360223478443));
#4775=CARTESIAN_POINT('Ctrl Pts',(8.78926535332178,-16.0307821961806,38.1357106421515));
#4776=CARTESIAN_POINT('Ctrl Pts',(8.79005920943915,-16.0747643667378,38.1367656733012));
#4777=CARTESIAN_POINT('Ctrl Pts',(8.78978760522051,-16.0747661875815,38.1364046674739));
#4778=CARTESIAN_POINT('Ctrl Pts',(8.78951597680752,-16.0747668858684,38.1360436757809));
#4779=CARTESIAN_POINT('Ctrl Pts',(8.78924432661755,-16.0747664613958,38.1356827014355));
#4780=CARTESIAN_POINT('',(8.78924432660167,-16.0747664613944,38.1356827014143));
#4781=CARTESIAN_POINT('Origin',(10.3882514822054,-16.0747643667362,36.9343591450127));
#4782=CARTESIAN_POINT('',(8.79278415288941,-15.942909374203,38.1331500131464));
#4783=CARTESIAN_POINT('Ctrl Pts',(8.79326635538916,-15.9429004489316,38.1337899902124));
#4784=CARTESIAN_POINT('Ctrl Pts',(8.79310562629812,-15.942904085928,38.1335766549275));
#4785=CARTESIAN_POINT('Ctrl Pts',(8.7929448916807,-15.9429070609037,38.1333633286264));
#4786=CARTESIAN_POINT('Ctrl Pts',(8.79278415290531,-15.9429093742037,38.1331500131676));
#4787=CARTESIAN_POINT('Origin',(10.3872884388666,-16.0747664613944,36.933079269166));
#4788=CARTESIAN_POINT('Ctrl Pts',(-8.79278180269417,-15.9429094954898,38.1331497626739));
#4789=CARTESIAN_POINT('Ctrl Pts',(-8.7929425413678,-15.9429071822168,38.1333630779882));
#4790=CARTESIAN_POINT('Ctrl Pts',(-8.79310327588411,-15.942904207271,38.133576404146));
#4791=CARTESIAN_POINT('Ctrl Pts',(-8.79326400487331,-15.9429005703007,38.1337897392863));
#4792=CARTESIAN_POINT('Ctrl Pts',(-8.79044381146702,-15.9867979736162,38.1348655428297));
#4793=CARTESIAN_POINT('Ctrl Pts',(-8.79064138548364,-15.986796569087,38.1351279929806));
#4794=CARTESIAN_POINT('Ctrl Pts',(-8.79083895077931,-15.986794349485,38.1353904551724));
#4795=CARTESIAN_POINT('Ctrl Pts',(-8.79103650555625,-15.9867913146371,38.1356529270885));
#4796=CARTESIAN_POINT('Ctrl Pts',(-8.78926301853886,-16.0307821318142,38.1357103815292));
#4797=CARTESIAN_POINT('Ctrl Pts',(-8.78949758979615,-16.0307816417822,38.1360220870121));
#4798=CARTESIAN_POINT('Ctrl Pts',(-8.78973214645302,-16.0307801828364,38.136333806701));
#4799=CARTESIAN_POINT('Ctrl Pts',(-8.78996668637419,-16.0307777549862,38.1366455378439));
#4800=CARTESIAN_POINT('Ctrl Pts',(-8.7892419921515,-16.0747663038991,38.135682441236));
#4801=CARTESIAN_POINT('Ctrl Pts',(-8.78951364217566,-16.0747667283659,38.1360434153388));
#4802=CARTESIAN_POINT('Ctrl Pts',(-8.78978527041342,-16.0747660300773,38.1364044067773));
#4803=CARTESIAN_POINT('Ctrl Pts',(-8.7900568744663,-16.0747642092261,38.1367654123619));
#4804=CARTESIAN_POINT('',(-8.79278180271064,-15.9429094955008,38.133149762697));
#4805=CARTESIAN_POINT('',(-8.78924199215478,-16.0747663039084,38.1356824412414));
#4806=CARTESIAN_POINT('Origin',(-10.3872860688211,-16.0747663039084,36.9330789616889));
#4807=CARTESIAN_POINT('',(-8.79326400489077,-15.9429005703033,38.1337897393098));
#4808=CARTESIAN_POINT('Ctrl Pts',(-8.79278180269417,-15.9429094954898,38.1331497626739));
#4809=CARTESIAN_POINT('Ctrl Pts',(-8.7929425413678,-15.9429071822168,38.1333630779882));
#4810=CARTESIAN_POINT('Ctrl Pts',(-8.79310327588411,-15.942904207271,38.133576404146));
#4811=CARTESIAN_POINT('Ctrl Pts',(-8.79326400487331,-15.9429005703007,38.1337897392863));
#4812=CARTESIAN_POINT('Origin',(-10.3882491115627,-16.0747642092302,36.9343588366631));
#4813=CARTESIAN_POINT('Ctrl Pts',(-8.79326400489077,-15.9429005703033,38.1337897393098));
#4814=CARTESIAN_POINT('Ctrl Pts',(-9.6061236534155,-15.9458016536533,39.2150371690342));
#4815=CARTESIAN_POINT('Ctrl Pts',(-10.8274266085525,-15.9743960986668,41.683575514718));
#4816=CARTESIAN_POINT('Ctrl Pts',(-11.1721755636609,-15.9816511149739,45.4520789582171));
#4817=CARTESIAN_POINT('Ctrl Pts',(-10.3936694215655,-15.898765796905,48.7813332026819));
#4818=CARTESIAN_POINT('Ctrl Pts',(-9.4106461326146,-15.8226670349702,50.5844599698892));
#4819=CARTESIAN_POINT('Ctrl Pts',(-8.80601257760478,-15.7871410174868,51.4016668572442));
#4820=CARTESIAN_POINT('Ctrl Pts',(-8.79103650557366,-15.9867913146402,38.1356529271121));
#4821=CARTESIAN_POINT('Ctrl Pts',(-9.60412378238995,-15.9869197597287,39.2166220105343));
#4822=CARTESIAN_POINT('Ctrl Pts',(-10.8269053965534,-15.9921019104151,41.6834847918732));
#4823=CARTESIAN_POINT('Ctrl Pts',(-11.1722240532713,-15.9946519111579,45.4522067109012));
#4824=CARTESIAN_POINT('Ctrl Pts',(-10.3894410250509,-15.963464370273,48.77916990644));
#4825=CARTESIAN_POINT('Ctrl Pts',(-9.3968536211385,-15.9299494348252,50.5739942053247));
#4826=CARTESIAN_POINT('Ctrl Pts',(-8.7880448336147,-15.9113161327324,51.3858942749732));
#4827=CARTESIAN_POINT('Ctrl Pts',(-8.78996668639156,-16.0307777549897,38.1366455378675));
#4828=CARTESIAN_POINT('Ctrl Pts',(-9.60324242524931,-16.0281153552784,39.2175894036696));
#4829=CARTESIAN_POINT('Ctrl Pts',(-10.8266581784057,-16.0098005646579,41.6834687971713));
#4830=CARTESIAN_POINT('Ctrl Pts',(-11.1722059340671,-16.0076978656654,45.4523156518915));
#4831=CARTESIAN_POINT('Ctrl Pts',(-10.3874969211414,-16.0282562941481,48.7774369433968));
#4832=CARTESIAN_POINT('Ctrl Pts',(-9.39054062441839,-16.0385398980442,50.5677666025397));
#4833=CARTESIAN_POINT('Ctrl Pts',(-8.77952680242133,-16.037756416738,51.3772119713126));
#4834=CARTESIAN_POINT('Ctrl Pts',(-8.79005687448368,-16.0747642092302,38.1367654123855));
#4835=CARTESIAN_POINT('Ctrl Pts',(-9.60348120413109,-16.0693109596914,39.2179375178463));
#4836=CARTESIAN_POINT('Ctrl Pts',(-10.8266836903473,-16.0274991598776,41.6835267566074));
#4837=CARTESIAN_POINT('Ctrl Pts',(-11.1721265152521,-16.0207437514959,45.452410885822));
#4838=CARTESIAN_POINT('Ctrl Pts',(-10.3878359765751,-16.0930479865621,48.776132676481));
#4839=CARTESIAN_POINT('Ctrl Pts',(-9.39177728426121,-16.1471308923726,50.5658449484541));
#4840=CARTESIAN_POINT('Ctrl Pts',(-8.78061090047851,-16.1641994241952,51.3757753021073));
#4841=CARTESIAN_POINT('',(-10.999611001932,-16.0296372284852,44.7500018348196));
#4842=CARTESIAN_POINT('Ctrl Pts',(-8.78060193218649,-16.1631265366837,51.3757876663444));
#4843=CARTESIAN_POINT('Ctrl Pts',(-9.39176697220393,-16.1462094817598,50.5658613573114));
#4844=CARTESIAN_POINT('Ctrl Pts',(-10.3878331544337,-16.0924982194613,48.7761437536672));
#4845=CARTESIAN_POINT('Ctrl Pts',(-10.9374840105344,-16.0421334998873,46.4467966170041));
#4846=CARTESIAN_POINT('Ctrl Pts',(-10.9997655218501,-16.0312235327436,45.0910389852002));
#4847=CARTESIAN_POINT('Ctrl Pts',(-10.999611096419,-16.0294731582903,44.75000223856));
#4848=CARTESIAN_POINT('Ctrl Pts',(-10.999611001932,-16.0296372284852,44.7500018348196));
#4849=CARTESIAN_POINT('Ctrl Pts',(-10.9991526070949,-16.0244105590915,43.7380204428766));
#4850=CARTESIAN_POINT('Ctrl Pts',(-10.6725258700428,-16.0327686193456,41.3727933603817));
#4851=CARTESIAN_POINT('Ctrl Pts',(-9.60348120413109,-16.0693109596914,39.2179375178463));
#4852=CARTESIAN_POINT('Ctrl Pts',(-8.79005687448368,-16.0747642092302,38.1367654123855));
#4853=CARTESIAN_POINT('Ctrl Pts',(-8.79326400489077,-15.9429005703033,38.1337897393098));
#4854=CARTESIAN_POINT('Ctrl Pts',(-9.6061236534155,-15.9458016536533,39.2150371690342));
#4855=CARTESIAN_POINT('Ctrl Pts',(-10.8274266085525,-15.9743960986668,41.683575514718));
#4856=CARTESIAN_POINT('Ctrl Pts',(-11.1721755636609,-15.9816511149739,45.4520789582171));
#4857=CARTESIAN_POINT('Ctrl Pts',(-10.3936694215655,-15.898765796905,48.7813332026819));
#4858=CARTESIAN_POINT('Ctrl Pts',(-9.4106461326146,-15.8226670349702,50.5844599698892));
#4859=CARTESIAN_POINT('Ctrl Pts',(-8.80601257760478,-15.7871410174868,51.4016668572442));
#4860=CARTESIAN_POINT('Ctrl Pts',(8.79278415288941,-15.942909374203,38.1331500131464));
#4861=CARTESIAN_POINT('Ctrl Pts',(7.98091311329074,-15.9467321845252,37.0548570923684));
#4862=CARTESIAN_POINT('Ctrl Pts',(5.42902940355004,-15.9829397176588,34.7185894858541));
#4863=CARTESIAN_POINT('Ctrl Pts',(2.0361430352766,-15.9957447891418,33.7462971208781));
#4864=CARTESIAN_POINT('Ctrl Pts',(-1.35601176872865,-15.9939087765622,33.7517601753175));
#4865=CARTESIAN_POINT('Ctrl Pts',(-4.75853364381008,-15.9918085032619,34.3815523996003));
#4866=CARTESIAN_POINT('Ctrl Pts',(-7.5749684917391,-15.9486437136864,36.5157015068241));
#4867=CARTESIAN_POINT('Ctrl Pts',(-8.79278180271093,-15.9429094954952,38.1331497626968));
#4868=CARTESIAN_POINT('Ctrl Pts',(8.79044615148987,-15.9867979448516,38.1348658001905));
#4869=CARTESIAN_POINT('Ctrl Pts',(7.97890321920639,-15.9891240701622,37.0563971325306));
#4870=CARTESIAN_POINT('Ctrl Pts',(5.42938915255586,-15.9965316964455,34.7185588874641));
#4871=CARTESIAN_POINT('Ctrl Pts',(2.0359943131327,-15.998908546751,33.7462926784247));
#4872=CARTESIAN_POINT('Ctrl Pts',(-1.3558483804829,-15.9987727110798,33.7518638525454));
#4873=CARTESIAN_POINT('Ctrl Pts',(-4.75897398078789,-15.9982865221892,34.3813219755484));
#4874=CARTESIAN_POINT('Ctrl Pts',(-7.5733795744823,-15.9885952968079,36.5170142970777));
#4875=CARTESIAN_POINT('Ctrl Pts',(-8.79044381148366,-15.9867979736229,38.1348655428526));
#4876=CARTESIAN_POINT('Ctrl Pts',(8.78926535330591,-16.0307821961795,38.1357106421302));
#4877=CARTESIAN_POINT('Ctrl Pts',(7.97762247471142,-16.031039495441,37.0570893278955));
#4878=CARTESIAN_POINT('Ctrl Pts',(5.42950660710575,-16.0109920890302,34.718490327038));
#4879=CARTESIAN_POINT('Ctrl Pts',(2.03600019040528,-16.0022674177746,33.7463543010126));
#4880=CARTESIAN_POINT('Ctrl Pts',(-1.35573303766999,-16.0035305649552,33.7519195638928));
#4881=CARTESIAN_POINT('Ctrl Pts',(-4.75936877577585,-16.0044073458213,34.3811960885967));
#4882=CARTESIAN_POINT('Ctrl Pts',(-7.5717381441288,-16.0328677565332,36.5176989363357));
#4883=CARTESIAN_POINT('Ctrl Pts',(-8.78926301855543,-16.0307821318222,38.1357103815522));
#4884=CARTESIAN_POINT('Ctrl Pts',(8.78924432660167,-16.0747664613944,38.1356827014143));
#4885=CARTESIAN_POINT('Ctrl Pts',(7.97732008750089,-16.0734977724732,37.0567811158147));
#4886=CARTESIAN_POINT('Ctrl Pts',(5.42936726847995,-16.0245633123253,34.7184816484928));
#4887=CARTESIAN_POINT('Ctrl Pts',(2.03602537762437,-16.0054331975483,33.746377371142));
#4888=CARTESIAN_POINT('Ctrl Pts',(-1.35574000464783,-16.0083989320141,33.7518832159532));
#4889=CARTESIAN_POINT('Ctrl Pts',(-4.75935154203779,-16.0108671958593,34.3813138629111));
#4890=CARTESIAN_POINT('Ctrl Pts',(-7.57134887896555,-16.0728632847729,36.5173211869756));
#4891=CARTESIAN_POINT('Ctrl Pts',(-8.78924199216808,-16.0747663039084,38.1356824412591));
#4892=CARTESIAN_POINT('Ctrl Pts',(-8.78924199216808,-16.0747663039084,38.1356824412591));
#4893=CARTESIAN_POINT('Ctrl Pts',(-7.57134887896555,-16.0728632847729,36.5173211869756));
#4894=CARTESIAN_POINT('Ctrl Pts',(-4.75935154203779,-16.0108671958593,34.3813138629111));
#4895=CARTESIAN_POINT('Ctrl Pts',(-1.35574000464783,-16.0083989320141,33.7518832159532));
#4896=CARTESIAN_POINT('Ctrl Pts',(2.03602537762437,-16.0054331975483,33.746377371142));
#4897=CARTESIAN_POINT('Ctrl Pts',(5.42936726847995,-16.0245633123253,34.7184816484928));
#4898=CARTESIAN_POINT('Ctrl Pts',(7.97732008750089,-16.0734977724732,37.0567811158147));
#4899=CARTESIAN_POINT('Ctrl Pts',(8.78924432660167,-16.0747664613944,38.1356827014143));
#4900=CARTESIAN_POINT('Ctrl Pts',(8.79278415288941,-15.942909374203,38.1331500131464));
#4901=CARTESIAN_POINT('Ctrl Pts',(7.98091311329074,-15.9467321845252,37.0548570923684));
#4902=CARTESIAN_POINT('Ctrl Pts',(5.42902940355004,-15.9829397176588,34.7185894858541));
#4903=CARTESIAN_POINT('Ctrl Pts',(2.0361430352766,-15.9957447891418,33.7462971208781));
#4904=CARTESIAN_POINT('Ctrl Pts',(-1.35601176872865,-15.9939087765622,33.7517601753175));
#4905=CARTESIAN_POINT('Ctrl Pts',(-4.75853364381008,-15.9918085032619,34.3815523996003));
#4906=CARTESIAN_POINT('Ctrl Pts',(-7.5749684917391,-15.9486437136864,36.5157015068241));
#4907=CARTESIAN_POINT('Ctrl Pts',(-8.79278180271093,-15.9429094954952,38.1331497626968));
#4908=CARTESIAN_POINT('Ctrl Pts',(-8.79326023303516,-15.9429539884278,38.1337905971046));
#4909=CARTESIAN_POINT('Ctrl Pts',(-8.83545992356717,-15.3778487557465,38.1699287497208));
#4910=CARTESIAN_POINT('Ctrl Pts',(-8.89500321187779,-14.9816165549269,38.4193753355627));
#4911=CARTESIAN_POINT('Ctrl Pts',(-9.00120507985249,-14.4009738342062,38.8787563766411));
#4912=CARTESIAN_POINT('Ctrl Pts',(-9.06447741515843,-14.1373252176706,39.2063311816451));
#4913=CARTESIAN_POINT('Ctrl Pts',(-9.1286502769845,-13.8418043220659,39.5416745208323));
#4914=CARTESIAN_POINT('Ctrl Pts',(-9.14977094748888,-13.7525593320519,39.6596464456112));
#4915=CARTESIAN_POINT('Ctrl Pts',(-9.18378528826887,-13.6212479525563,39.8289319903967));
#4916=CARTESIAN_POINT('Ctrl Pts',(-9.19424228993728,-13.5799839200246,39.8841240651704));
#4917=CARTESIAN_POINT('Ctrl Pts',(-9.36568485447506,-12.9470676917706,40.7398377101098));
#4918=CARTESIAN_POINT('Ctrl Pts',(-9.47574780751768,-12.416064660327,41.4935767781209));
#4919=CARTESIAN_POINT('Ctrl Pts',(-9.56620999101481,-11.6017719638175,42.2763862081697));
#4920=CARTESIAN_POINT('Ctrl Pts',(-9.58652914157533,-11.3963666080883,42.4535257136109));
#4921=CARTESIAN_POINT('Ctrl Pts',(-9.60682978879899,-11.1659105253383,42.6276679491403));
#4922=CARTESIAN_POINT('Ctrl Pts',(-9.60804769931366,-11.1525255949078,42.6377567883896));
#4923=CARTESIAN_POINT('Ctrl Pts',(-9.64158585862953,-10.7677724879868,42.9243225924597));
#4924=CARTESIAN_POINT('Ctrl Pts',(-9.69847212352294,-9.91347435945324,43.4132286096099));
#4925=CARTESIAN_POINT('Ctrl Pts',(-9.72819650227603,-8.9344555177517,43.7655519530985));
#4926=CARTESIAN_POINT('Ctrl Pts',(-9.73576258695056,-8.30764952926052,43.9459342557109));
#4927=CARTESIAN_POINT('Ctrl Pts',(-9.73684994835678,-8.17873334983156,43.980769298817));
#4928=CARTESIAN_POINT('Ctrl Pts',(-9.73733633990081,-8.04419453166122,44.0148069524146));
#4929=CARTESIAN_POINT('Ctrl Pts',(-9.73735779639492,-8.03872065881619,44.0161913193399));
#4930=CARTESIAN_POINT('Ctrl Pts',(-9.73857491045499,-7.69027299005427,44.1039159594369));
#4931=CARTESIAN_POINT('Ctrl Pts',(-9.7313658874465,-6.76302399251118,44.2967563706975));
#4932=CARTESIAN_POINT('Ctrl Pts',(-9.70573469050156,-5.82667412492825,44.3963470855097));
#4933=CARTESIAN_POINT('Ctrl Pts',(-9.69157205952049,-5.2508575711372,44.4352798960831));
#4934=CARTESIAN_POINT('Ctrl Pts',(-8.79310079889154,-15.9429391609777,38.1335769535677));
#4935=CARTESIAN_POINT('Ctrl Pts',(-8.83327373428039,-15.37624804178,38.1653168232727));
#4936=CARTESIAN_POINT('Ctrl Pts',(-8.87705128331524,-14.9551499141791,38.4038573960449));
#4937=CARTESIAN_POINT('Ctrl Pts',(-8.94673811324088,-14.3354357111458,38.8437852336961));
#4938=CARTESIAN_POINT('Ctrl Pts',(-8.98429935213107,-14.0490316286166,39.1556981222309));
#4939=CARTESIAN_POINT('Ctrl Pts',(-9.02246109657778,-13.7323899349826,39.469665757371));
#4940=CARTESIAN_POINT('Ctrl Pts',(-9.03279896024246,-13.6323351602954,39.5793667669125));
#4941=CARTESIAN_POINT('Ctrl Pts',(-9.05001548616605,-13.4831424099398,39.7351009201223));
#4942=CARTESIAN_POINT('Ctrl Pts',(-9.05552973586208,-13.4363991509556,39.7857650186337));
#4943=CARTESIAN_POINT('Ctrl Pts',(-9.13796758389549,-12.7098619487771,40.5654874314803));
#4944=CARTESIAN_POINT('Ctrl Pts',(-9.22425206259691,-12.1508357463359,41.2127652229385));
#4945=CARTESIAN_POINT('Ctrl Pts',(-9.3237461257733,-11.3422608616251,41.8394495087057));
#4946=CARTESIAN_POINT('Ctrl Pts',(-9.34689646407144,-11.1379864379459,41.9779343757691));
#4947=CARTESIAN_POINT('Ctrl Pts',(-9.37312371988056,-10.9101608543504,42.1116837344461));
#4948=CARTESIAN_POINT('Ctrl Pts',(-9.37464801605356,-10.8969635576272,42.1194422720414));
#4949=CARTESIAN_POINT('Ctrl Pts',(-9.41797361488481,-10.5178548444561,42.3394737884369));
#4950=CARTESIAN_POINT('Ctrl Pts',(-9.50064736179466,-9.69485096562763,42.7054233288775));
#4951=CARTESIAN_POINT('Ctrl Pts',(-9.56974726234334,-8.76634310667458,42.9542926677363));
#4952=CARTESIAN_POINT('Ctrl Pts',(-9.60560260549307,-8.17299181696718,43.078219829109));
#4953=CARTESIAN_POINT('Ctrl Pts',(-9.61259573367422,-8.05112556309813,43.1019042601217));
#4954=CARTESIAN_POINT('Ctrl Pts',(-9.6194186862943,-7.92400539173813,43.1248251507935));
#4955=CARTESIAN_POINT('Ctrl Pts',(-9.61969879394046,-7.9188417943079,43.12575839543));
#4956=CARTESIAN_POINT('Ctrl Pts',(-9.63729201777736,-7.58951655955327,43.1847348971835));
#4957=CARTESIAN_POINT('Ctrl Pts',(-9.67643992300369,-6.71462571760854,43.309961897277));
#4958=CARTESIAN_POINT('Ctrl Pts',(-9.69762067543246,-5.81854202334172,43.3625256679956));
#4959=CARTESIAN_POINT('Ctrl Pts',(-9.70863080194673,-5.25885943500235,43.3775548009295));
#4960=CARTESIAN_POINT('Ctrl Pts',(-8.79294132211242,-15.9429243300015,38.1333633420929));
#4961=CARTESIAN_POINT('Ctrl Pts',(-8.83118033978291,-15.3746330867006,38.1606326161598));
#4962=CARTESIAN_POINT('Ctrl Pts',(-8.85877360010084,-14.9286629153469,38.3885980355105));
#4963=CARTESIAN_POINT('Ctrl Pts',(-8.88798242582685,-14.2717341582014,38.8118189081251));
#4964=CARTESIAN_POINT('Ctrl Pts',(-8.89494282238133,-13.9655132205433,39.1112180073167));
#4965=CARTESIAN_POINT('Ctrl Pts',(-8.8999447235803,-13.6319863710543,39.4080694818218));
#4966=CARTESIAN_POINT('Ctrl Pts',(-8.89608969689973,-13.5230621879806,39.5115278725139));
#4967=CARTESIAN_POINT('Ctrl Pts',(-8.88952366140256,-13.3598273046133,39.6577172863272));
#4968=CARTESIAN_POINT('Ctrl Pts',(-8.88799929470545,-13.3086912020598,39.7050374904347));
#4969=CARTESIAN_POINT('Ctrl Pts',(-8.83731960848607,-12.5125357578434,40.4334261715004));
#4970=CARTESIAN_POINT('Ctrl Pts',(-8.84511615894189,-11.9485848217105,40.9985687973309));
#4971=CARTESIAN_POINT('Ctrl Pts',(-8.85744961059451,-11.1446198432182,41.4988655299875));
#4972=CARTESIAN_POINT('Ctrl Pts',(-8.85486314790768,-10.940738442054,41.6071645756041));
#4973=CARTESIAN_POINT('Ctrl Pts',(-8.8548565533803,-10.7121368401271,41.7086872576191));
#4974=CARTESIAN_POINT('Ctrl Pts',(-8.85478925076361,-10.6989698259331,41.714597140183));
#4975=CARTESIAN_POINT('Ctrl Pts',(-8.85438907550041,-10.3200141098674,41.8814939310741));
#4976=CARTESIAN_POINT('Ctrl Pts',(-8.85097959169544,-9.51574984218993,42.1445567306137));
#4977=CARTESIAN_POINT('Ctrl Pts',(-8.83722865370776,-8.63043638499265,42.2960971258509));
#4978=CARTESIAN_POINT('Ctrl Pts',(-8.82665376347093,-8.06850365714821,42.362593440433));
#4979=CARTESIAN_POINT('Ctrl Pts',(-8.82441634746196,-7.95336749732245,42.3747098165546));
#4980=CARTESIAN_POINT('Ctrl Pts',(-8.82199910573348,-7.8334766869021,42.3858121242217));
#4981=CARTESIAN_POINT('Ctrl Pts',(-8.82190540029999,-7.82861555638178,42.3862648753621));
#4982=CARTESIAN_POINT('Ctrl Pts',(-8.81556138423224,-7.51790452158824,42.41467164236));
#4983=CARTESIAN_POINT('Ctrl Pts',(-8.79756094592091,-6.69493566947172,42.4630749701539));
#4984=CARTESIAN_POINT('Ctrl Pts',(-8.77497818390985,-5.83794561047491,42.4522733689294));
#4985=CARTESIAN_POINT('Ctrl Pts',(-8.76199837561957,-5.29028315187004,42.4335827465327));
#4986=CARTESIAN_POINT('Ctrl Pts',(-8.79278180271063,-15.9429094955008,38.133149762697));
#4987=CARTESIAN_POINT('Ctrl Pts',(-8.82918900320892,-15.3730100525927,38.1558782992331));
#4988=CARTESIAN_POINT('Ctrl Pts',(-8.84013570392853,-14.902123965318,38.3735852666268));
#4989=CARTESIAN_POINT('Ctrl Pts',(-8.8252897653369,-14.210278802682,38.7830691109133));
#4990=CARTESIAN_POINT('Ctrl Pts',(-8.79779792939043,-13.8881476469371,39.073594923843));
#4991=CARTESIAN_POINT('Ctrl Pts',(-8.76492786962088,-13.5437473881678,39.3587991092914));
#4992=CARTESIAN_POINT('Ctrl Pts',(-8.7446730338755,-13.428785405396,39.4586565903402));
#4993=CARTESIAN_POINT('Ctrl Pts',(-8.71045435415952,-13.2575686432391,39.600691608762));
#4994=CARTESIAN_POINT('Ctrl Pts',(-8.70068935707548,-13.2037475769176,39.6463434905523));
#4995=CARTESIAN_POINT('Ctrl Pts',(-8.49538068219562,-12.3774863451373,40.3574679014565));
#4996=CARTESIAN_POINT('Ctrl Pts',(-8.41440948752104,-11.8536543612997,40.8886862645331));
#4997=CARTESIAN_POINT('Ctrl Pts',(-8.31650168554982,-11.0721718806439,41.3633438164631));
#4998=CARTESIAN_POINT('Ctrl Pts',(-8.283047896556,-10.8742857374691,41.4708571301176));
#4999=CARTESIAN_POINT('Ctrl Pts',(-8.2515666714911,-10.6480659498269,41.5738414072477));
#5000=CARTESIAN_POINT('Ctrl Pts',(-8.24962955127252,-10.6351589834754,41.5798734802793));
#5001=CARTESIAN_POINT('Ctrl Pts',(-8.19714956800879,-10.2616124111599,41.7496317706139));
#5002=CARTESIAN_POINT('Ctrl Pts',(-8.09722619855584,-9.47627213739947,42.0288092625649));
#5003=CARTESIAN_POINT('Ctrl Pts',(-7.99899064059078,-8.61515641246633,42.211281022277));
#5004=CARTESIAN_POINT('Ctrl Pts',(-7.94141433568372,-8.06701600333922,42.2974121238691));
#5005=CARTESIAN_POINT('Ctrl Pts',(-7.92982703046745,-7.95471109473926,42.313535243151));
#5006=CARTESIAN_POINT('Ctrl Pts',(-7.91803865125646,-7.83765417695213,42.3287622644916));
#5007=CARTESIAN_POINT('Ctrl Pts',(-7.91756419117572,-7.83291082753277,42.3293818900843));
#5008=CARTESIAN_POINT('Ctrl Pts',(-7.88696027462252,-7.52951671734523,42.3684903571874));
#5009=CARTESIAN_POINT('Ctrl Pts',(-7.81039140475931,-6.72252607414952,42.4445970184557));
#5010=CARTESIAN_POINT('Ctrl Pts',(-7.74190925425883,-5.86834097090882,42.458583330805));
#5011=CARTESIAN_POINT('Ctrl Pts',(-7.70463388907365,-5.3168145157392,42.4539257246508));
#5012=CARTESIAN_POINT('Ctrl Pts',(-9.69157205952049,-5.2508575711372,44.4352798960831));
#5013=CARTESIAN_POINT('Ctrl Pts',(-9.70573469050156,-5.82667412492825,44.3963470855097));
#5014=CARTESIAN_POINT('Ctrl Pts',(-9.7313658874465,-6.76302399251118,44.2967563706975));
#5015=CARTESIAN_POINT('Ctrl Pts',(-9.73857491045499,-7.69027299005427,44.1039159594369));
#5016=CARTESIAN_POINT('Ctrl Pts',(-9.73735779639492,-8.03872065881619,44.0161913193399));
#5017=CARTESIAN_POINT('Ctrl Pts',(-9.73733633990081,-8.04419453166122,44.0148069524146));
#5018=CARTESIAN_POINT('Ctrl Pts',(-9.73684994835678,-8.17873334983156,43.980769298817));
#5019=CARTESIAN_POINT('Ctrl Pts',(-9.73576258695056,-8.30764952926052,43.9459342557109));
#5020=CARTESIAN_POINT('Ctrl Pts',(-9.72819650227603,-8.9344555177517,43.7655519530985));
#5021=CARTESIAN_POINT('Ctrl Pts',(-9.69847212352294,-9.91347435945324,43.4132286096099));
#5022=CARTESIAN_POINT('Ctrl Pts',(-9.64158585862953,-10.7677724879868,42.9243225924597));
#5023=CARTESIAN_POINT('Ctrl Pts',(-9.60804769931366,-11.1525255949078,42.6377567883896));
#5024=CARTESIAN_POINT('Ctrl Pts',(-9.60682978879899,-11.1659105253383,42.6276679491403));
#5025=CARTESIAN_POINT('Ctrl Pts',(-9.58652914157533,-11.3963666080883,42.4535257136109));
#5026=CARTESIAN_POINT('Ctrl Pts',(-9.56620999101481,-11.6017719638175,42.2763862081697));
#5027=CARTESIAN_POINT('Ctrl Pts',(-9.47574780751768,-12.416064660327,41.4935767781209));
#5028=CARTESIAN_POINT('Ctrl Pts',(-9.36568485447506,-12.9470676917706,40.7398377101098));
#5029=CARTESIAN_POINT('Ctrl Pts',(-9.19424228993728,-13.5799839200246,39.8841240651704));
#5030=CARTESIAN_POINT('Ctrl Pts',(-9.18378528826887,-13.6212479525563,39.8289319903967));
#5031=CARTESIAN_POINT('Ctrl Pts',(-9.14977094748888,-13.7525593320519,39.6596464456112));
#5032=CARTESIAN_POINT('Ctrl Pts',(-9.1286502769845,-13.8418043220659,39.5416745208323));
#5033=CARTESIAN_POINT('Ctrl Pts',(-9.06447741515843,-14.1373252176706,39.2063311816451));
#5034=CARTESIAN_POINT('Ctrl Pts',(-9.00120507985249,-14.4009738342062,38.8787563766411));
#5035=CARTESIAN_POINT('Ctrl Pts',(-8.89500428456227,-14.981610690186,38.4193799755085));
#5036=CARTESIAN_POINT('Ctrl Pts',(-8.83546232921568,-15.3778327473281,38.1699388277833));
#5037=CARTESIAN_POINT('Ctrl Pts',(-8.79326432487552,-15.9428991944895,38.1337941015842));
#5038=CARTESIAN_POINT('Ctrl Pts',(-8.79278180271063,-15.9429094955008,38.133149762697));
#5039=CARTESIAN_POINT('Ctrl Pts',(-8.82918900320892,-15.3730100525927,38.1558782992331));
#5040=CARTESIAN_POINT('Ctrl Pts',(-8.84013570392853,-14.902123965318,38.3735852666268));
#5041=CARTESIAN_POINT('Ctrl Pts',(-8.8252897653369,-14.210278802682,38.7830691109133));
#5042=CARTESIAN_POINT('Ctrl Pts',(-8.79779792939043,-13.8881476469371,39.073594923843));
#5043=CARTESIAN_POINT('Ctrl Pts',(-8.76492786962088,-13.5437473881678,39.3587991092914));
#5044=CARTESIAN_POINT('Ctrl Pts',(-8.7446730338755,-13.428785405396,39.4586565903402));
#5045=CARTESIAN_POINT('Ctrl Pts',(-8.71045435415952,-13.2575686432391,39.600691608762));
#5046=CARTESIAN_POINT('Ctrl Pts',(-8.70068935707548,-13.2037475769176,39.6463434905523));
#5047=CARTESIAN_POINT('Ctrl Pts',(-8.49538068219562,-12.3774863451373,40.3574679014565));
#5048=CARTESIAN_POINT('Ctrl Pts',(-8.41440948752104,-11.8536543612997,40.8886862645331));
#5049=CARTESIAN_POINT('Ctrl Pts',(-8.31650168554982,-11.0721718806439,41.3633438164631));
#5050=CARTESIAN_POINT('Ctrl Pts',(-8.283047896556,-10.8742857374691,41.4708571301176));
#5051=CARTESIAN_POINT('Ctrl Pts',(-8.2515666714911,-10.6480659498269,41.5738414072477));
#5052=CARTESIAN_POINT('Ctrl Pts',(-8.24962955127252,-10.6351589834754,41.5798734802793));
#5053=CARTESIAN_POINT('Ctrl Pts',(-8.19714956800879,-10.2616124111599,41.7496317706139));
#5054=CARTESIAN_POINT('Ctrl Pts',(-8.12451484717894,-9.69074523711119,41.9525670729446));
#5055=CARTESIAN_POINT('Ctrl Pts',(-8.05277194867747,-9.07983908964363,42.1044040554021));
#5056=CARTESIAN_POINT('Ctrl Pts',(-8.03072489580025,-8.88640719568963,42.1469720895641));
#5057=CARTESIAN_POINT('Ctrl Pts',(8.80601624981524,-15.7871407657053,51.4016649801183));
#5058=CARTESIAN_POINT('Ctrl Pts',(9.61219533995268,-15.8345088656206,50.3120538936599));
#5059=CARTESIAN_POINT('Ctrl Pts',(10.8229906800042,-15.9393690983054,47.8332461961841));
#5060=CARTESIAN_POINT('Ctrl Pts',(11.2063970213268,-15.9910547471231,43.722136767742));
#5061=CARTESIAN_POINT('Ctrl Pts',(10.2692128414868,-15.9560743066659,40.4100012037013));
#5062=CARTESIAN_POINT('Ctrl Pts',(9.19969680277873,-15.9443509815113,38.6744145657609));
#5063=CARTESIAN_POINT('Ctrl Pts',(8.79326635538447,-15.9429004489306,38.133789990206));
#5064=CARTESIAN_POINT('Ctrl Pts',(8.78804845462967,-15.9113160353339,51.3858923635182));
#5065=CARTESIAN_POINT('Ctrl Pts',(9.59979453701163,-15.9361604824729,50.3033570553231));
#5066=CARTESIAN_POINT('Ctrl Pts',(10.8222216070681,-15.9798123170942,47.8334565961087));
#5067=CARTESIAN_POINT('Ctrl Pts',(11.2060321039993,-15.9971691856119,43.7216939540026));
#5068=CARTESIAN_POINT('Ctrl Pts',(10.2682265545344,-15.9881273485313,40.4107256655663));
#5069=CARTESIAN_POINT('Ctrl Pts',(9.19758310696583,-15.9868555052455,38.6761385873378));
#5070=CARTESIAN_POINT('Ctrl Pts',(8.79103884595967,-15.9867912858218,38.1356531849994));
#5071=CARTESIAN_POINT('Ctrl Pts',(8.77953039783671,-16.0377564824657,51.3772100414398));
#5072=CARTESIAN_POINT('Ctrl Pts',(9.59421653474071,-16.038801131015,50.297947677466));
#5073=CARTESIAN_POINT('Ctrl Pts',(10.8218109397815,-16.0201421877639,47.8332874057774));
#5074=CARTESIAN_POINT('Ctrl Pts',(11.2058551830224,-16.0033739503082,43.7215121712398));
#5075=CARTESIAN_POINT('Ctrl Pts',(10.2677864253719,-16.0201740280389,40.4112386518773));
#5076=CARTESIAN_POINT('Ctrl Pts',(9.19660751355129,-16.0294466223315,38.677118592856));
#5077=CARTESIAN_POINT('Ctrl Pts',(8.78996902159003,-16.0307778193335,38.1366457990986));
#5078=CARTESIAN_POINT('Ctrl Pts',(8.78061449673946,-16.1641996530666,51.3757733704567));
#5079=CARTESIAN_POINT('Ctrl Pts',(9.59550405029187,-16.1414415798836,50.2958643574815));
#5080=CARTESIAN_POINT('Ctrl Pts',(10.8217523136046,-16.0604719261729,47.8327329561644));
#5081=CARTESIAN_POINT('Ctrl Pts',(11.2058713547476,-16.009578616017,43.7215959494817));
#5082=CARTESIAN_POINT('Ctrl Pts',(10.2678913751603,-16.0522206837473,40.4115390218897));
#5083=CARTESIAN_POINT('Ctrl Pts',(9.19677199719348,-16.0720377507948,38.6773525874067));
#5084=CARTESIAN_POINT('Ctrl Pts',(8.79005920943591,-16.0747643667362,38.1367656732968));
#5085=CARTESIAN_POINT('Ctrl Pts',(8.79005920943591,-16.0747643667362,38.1367656732968));
#5086=CARTESIAN_POINT('Ctrl Pts',(9.19677199719348,-16.0720377507948,38.6773525874067));
#5087=CARTESIAN_POINT('Ctrl Pts',(10.2678913751603,-16.0522206837473,40.4115390218897));
#5088=CARTESIAN_POINT('Ctrl Pts',(11.2058713547476,-16.009578616017,43.7215959494817));
#5089=CARTESIAN_POINT('Ctrl Pts',(10.8217523136046,-16.0604719261729,47.8327329561644));
#5090=CARTESIAN_POINT('Ctrl Pts',(9.59550405029187,-16.1414415798836,50.2958643574815));
#5091=CARTESIAN_POINT('Ctrl Pts',(8.78061449673946,-16.1641996530666,51.3757733704567));
#5092=CARTESIAN_POINT('Ctrl Pts',(8.79278415289392,-15.9429093742075,38.1331500131529));
#5093=CARTESIAN_POINT('Ctrl Pts',(8.82919146770235,-15.3730102013623,38.1558785377484));
#5094=CARTESIAN_POINT('Ctrl Pts',(8.84013828299455,-14.9021240747324,38.3735854241995));
#5095=CARTESIAN_POINT('Ctrl Pts',(8.82529246085849,-14.2102788577706,38.7830692129828));
#5096=CARTESIAN_POINT('Ctrl Pts',(8.79780066543182,-13.888147648301,39.0735950014576));
#5097=CARTESIAN_POINT('Ctrl Pts',(8.76493065333419,-13.5437473029737,39.3587992454691));
#5098=CARTESIAN_POINT('Ctrl Pts',(8.74467580990255,-13.4287852253042,39.4586567870794));
#5099=CARTESIAN_POINT('Ctrl Pts',(8.71045713409804,-13.2575683857813,39.6006918633402));
#5100=CARTESIAN_POINT('Ctrl Pts',(8.70069213815969,-13.2037473151558,39.6463437423241));
#5101=CARTESIAN_POINT('Ctrl Pts',(8.49538364869303,-12.3774861874149,40.3574680902304));
#5102=CARTESIAN_POINT('Ctrl Pts',(8.41441267662475,-11.8536542667903,40.8886863904395));
#5103=CARTESIAN_POINT('Ctrl Pts',(8.31650498018626,-11.0721717777886,41.3633439238799));
#5104=CARTESIAN_POINT('Ctrl Pts',(8.28305122736742,-10.8742855987253,41.4708572505237));
#5105=CARTESIAN_POINT('Ctrl Pts',(8.25157002471627,-10.6480657653678,41.5738415366944));
#5106=CARTESIAN_POINT('Ctrl Pts',(8.24963290706026,-10.63515880003,41.5798736087075));
#5107=CARTESIAN_POINT('Ctrl Pts',(8.19715298024981,-10.2616122366972,41.7496318768159));
#5108=CARTESIAN_POINT('Ctrl Pts',(8.0972297205237,-9.47627199317973,42.0288093284251));
#5109=CARTESIAN_POINT('Ctrl Pts',(7.99899427955017,-8.61515630919676,42.2112810597637));
#5110=CARTESIAN_POINT('Ctrl Pts',(7.94141804529657,-8.06701586681105,42.2974121579524));
#5111=CARTESIAN_POINT('Ctrl Pts',(7.92983075009786,-7.95471090426624,42.3135352826069));
#5112=CARTESIAN_POINT('Ctrl Pts',(7.91804238200347,-7.83765393204332,42.3287623079697));
#5113=CARTESIAN_POINT('Ctrl Pts',(7.91756792260967,-7.83291058273339,42.3293819334235));
#5114=CARTESIAN_POINT('Ctrl Pts',(7.88696404594397,-7.52951644052179,42.368490396787));
#5115=CARTESIAN_POINT('Ctrl Pts',(7.81039528808699,-6.72252570933783,42.4445970454489));
#5116=CARTESIAN_POINT('Ctrl Pts',(7.74191328464293,-5.86834051285094,42.4585833400929));
#5117=CARTESIAN_POINT('Ctrl Pts',(7.70463803566757,-5.31681399992758,42.4539257224115));
#5118=CARTESIAN_POINT('Ctrl Pts',(8.79294367238539,-15.9429242088795,38.1333635927029));
#5119=CARTESIAN_POINT('Ctrl Pts',(8.83118279948653,-15.3746332294455,38.1606328496007));
#5120=CARTESIAN_POINT('Ctrl Pts',(8.85877616700101,-14.92866302777,38.3885981918786));
#5121=CARTESIAN_POINT('Ctrl Pts',(8.8879851263353,-14.2717342539757,38.8118190123236));
#5122=CARTESIAN_POINT('Ctrl Pts',(8.89494558115085,-13.9655132734935,39.1112180858973));
#5123=CARTESIAN_POINT('Ctrl Pts',(8.89994754988932,-13.6319863451565,39.4080696203877));
#5124=CARTESIAN_POINT('Ctrl Pts',(8.89609253488528,-13.5230620744487,39.5115280726539));
#5125=CARTESIAN_POINT('Ctrl Pts',(8.88952652377012,-13.3598271176449,39.6577175436931));
#5126=CARTESIAN_POINT('Ctrl Pts',(8.88800216284794,-13.3086910115917,39.7050377439314));
#5127=CARTESIAN_POINT('Ctrl Pts',(8.83732265487861,-12.5125356459413,40.433426349599));
#5128=CARTESIAN_POINT('Ctrl Pts',(8.84511935949195,-11.9485847820676,40.9985689251588));
#5129=CARTESIAN_POINT('Ctrl Pts',(8.85745291814963,-11.1446198058325,41.4988656437748));
#5130=CARTESIAN_POINT('Ctrl Pts',(8.85486648966786,-10.9407383707525,41.6071647049589));
#5131=CARTESIAN_POINT('Ctrl Pts',(8.85485992336544,-10.7121367266383,41.7086873961329));
#5132=CARTESIAN_POINT('Ctrl Pts',(8.85479262279677,-10.6989697136785,41.7145972777936));
#5133=CARTESIAN_POINT('Ctrl Pts',(8.85439249844264,-10.3200140130601,41.8814940480934));
#5134=CARTESIAN_POINT('Ctrl Pts',(8.85098311654191,-9.51574978862878,42.1445568115074));
#5135=CARTESIAN_POINT('Ctrl Pts',(8.83723229158983,-8.63043639168871,42.2960971811908));
#5136=CARTESIAN_POINT('Ctrl Pts',(8.82665747568566,-8.06850364440914,42.3625934901274));
#5137=CARTESIAN_POINT('Ctrl Pts',(8.82442007419279,-7.95336743249874,42.3747098694363));
#5138=CARTESIAN_POINT('Ctrl Pts',(8.82200284780573,-7.83347656994217,42.385812178882));
#5139=CARTESIAN_POINT('Ctrl Pts',(8.82190914304373,-7.82861543968019,42.3862649298759));
#5140=CARTESIAN_POINT('Ctrl Pts',(8.81556516908286,-7.51790438153038,42.4146716911465));
#5141=CARTESIAN_POINT('Ctrl Pts',(8.79756484732341,-6.69493546908366,42.4630750002381));
#5142=CARTESIAN_POINT('Ctrl Pts',(8.7749822323451,-5.83794535897733,42.452273374439));
#5143=CARTESIAN_POINT('Ctrl Pts',(8.76200253723501,-5.29028287255122,42.4335827376685));
#5144=CARTESIAN_POINT('Ctrl Pts',(8.79310314925408,-15.9429390400266,38.133577204332));
#5145=CARTESIAN_POINT('Ctrl Pts',(8.83327618917898,-15.3762481786101,38.1653170516657));
#5146=CARTESIAN_POINT('Ctrl Pts',(8.87705383859616,-14.9551500291834,38.4038575507431));
#5147=CARTESIAN_POINT('Ctrl Pts',(8.94674081606379,-14.3354358476531,38.8437853420092));
#5148=CARTESIAN_POINT('Ctrl Pts',(8.98430212694618,-14.0490317362931,39.1556982075407));
#5149=CARTESIAN_POINT('Ctrl Pts',(9.02246395497546,-13.7323899759419,39.4696659089013));
#5150=CARTESIAN_POINT('Ctrl Pts',(9.03280184621917,-13.6323351252241,39.5793669853178));
#5151=CARTESIAN_POINT('Ctrl Pts',(9.05001841304656,-13.4831423123761,39.7351012020149));
#5152=CARTESIAN_POINT('Ctrl Pts',(9.05553267201394,-13.4363990524553,39.7857652972794));
#5153=CARTESIAN_POINT('Ctrl Pts',(9.13797068965841,-12.7098619185327,40.5654876399204));
#5154=CARTESIAN_POINT('Ctrl Pts',(9.22425525791536,-12.1508357622012,41.2127653757232));
#5155=CARTESIAN_POINT('Ctrl Pts',(9.32374942431228,-11.3422608849813,41.8394496477892));
#5156=CARTESIAN_POINT('Ctrl Pts',(9.34689979361917,-11.1379864259023,41.9779345362525));
#5157=CARTESIAN_POINT('Ctrl Pts',(9.37312708126647,-10.9101608025275,42.1116839100191));
#5158=CARTESIAN_POINT('Ctrl Pts',(9.37465137897662,-10.8969635070006,42.1194424465702));
#5159=CARTESIAN_POINT('Ctrl Pts',(9.4179770220713,-10.5178548113563,42.33947394049));
#5160=CARTESIAN_POINT('Ctrl Pts',(9.50065086082314,-9.69485098240789,42.7054234399583));
#5161=CARTESIAN_POINT('Ctrl Pts',(9.56975086990811,-8.76634320122188,42.9542927447753));
#5162=CARTESIAN_POINT('Ctrl Pts',(9.60560629290493,-8.17299190448639,43.0782199001247));
#5163=CARTESIAN_POINT('Ctrl Pts',(9.61259944054848,-8.05112559825307,43.1019043389231));
#5164=CARTESIAN_POINT('Ctrl Pts',(9.61942241331626,-7.92400537467575,43.1248252356475));
#5165=CARTESIAN_POINT('Ctrl Pts',(9.61970252164305,-7.91884177764179,43.1257584800762));
#5166=CARTESIAN_POINT('Ctrl Pts',(9.63729579147199,-7.58951652611196,43.1847349761714));
#5167=CARTESIAN_POINT('Ctrl Pts',(9.67644382431414,-6.71462564556825,43.3099619551718));
#5168=CARTESIAN_POINT('Ctrl Pts',(9.69762473600451,-5.81854193694459,43.362525692439));
#5169=CARTESIAN_POINT('Ctrl Pts',(9.70863498041265,-5.25885934756436,43.3775548034842));
#5170=CARTESIAN_POINT('Ctrl Pts',(8.79326258348725,-15.942953867648,38.1337908480231));
#5171=CARTESIAN_POINT('Ctrl Pts',(8.83546237363166,-15.3778488867494,38.1699289730832));
#5172=CARTESIAN_POINT('Ctrl Pts',(8.89500575613382,-14.9816166721665,38.41937548816));
#5173=CARTESIAN_POINT('Ctrl Pts',(9.00120778222146,-14.4009740111145,38.8787564909421));
#5174=CARTESIAN_POINT('Ctrl Pts',(9.0644801980691,-14.1373253812336,39.2063312788131));
#5175=CARTESIAN_POINT('Ctrl Pts',(9.12865315307338,-13.8418044329638,39.5416746940548));
#5176=CARTESIAN_POINT('Ctrl Pts',(9.14977386140571,-13.7525593808732,39.6596466942953));
#5177=CARTESIAN_POINT('Ctrl Pts',(9.18378825067951,-13.621247952814,39.828932313551));
#5178=CARTESIAN_POINT('Ctrl Pts',(9.19424526287358,-13.5799839226085,39.884124386914));
#5179=CARTESIAN_POINT('Ctrl Pts',(9.36568796612722,-12.9470677519913,40.7398379757612));
#5180=CARTESIAN_POINT('Ctrl Pts',(9.47575096743386,-12.4160647146419,41.4935769649563));
#5181=CARTESIAN_POINT('Ctrl Pts',(9.56621325257304,-11.601772019725,42.2763863767106));
#5182=CARTESIAN_POINT('Ctrl Pts',(9.58653242824124,-11.3963666215472,42.4535259079944));
#5183=CARTESIAN_POINT('Ctrl Pts',(9.60683310520663,-11.1659104966526,42.6276681643263));
#5184=CARTESIAN_POINT('Ctrl Pts',(9.60805101702343,-11.152525567066,42.6377570021775));
#5185=CARTESIAN_POINT('Ctrl Pts',(9.64158921747936,-10.7677724722324,42.9243227777781));
#5186=CARTESIAN_POINT('Ctrl Pts',(9.69847557297678,-9.91347438682151,43.4132287414785));
#5187=CARTESIAN_POINT('Ctrl Pts',(9.72820006709524,-8.93445562186336,43.7655520391063));
#5188=CARTESIAN_POINT('Ctrl Pts',(9.73576623581895,-8.3076496231453,43.945934335605));
#5189=CARTESIAN_POINT('Ctrl Pts',(9.73685361511466,-8.17873338760046,43.9807693909247));
#5190=CARTESIAN_POINT('Ctrl Pts',(9.73734002528841,-8.04419451341525,44.0148070545642));
#5191=CARTESIAN_POINT('Ctrl Pts',(9.73736148252717,-8.0387206409595,44.0161914212211));
#5192=CARTESIAN_POINT('Ctrl Pts',(9.73857864456481,-7.69027295245619,44.1039160556672));
#5193=CARTESIAN_POINT('Ctrl Pts',(9.73136975681561,-6.76302390888385,44.2967564443155));
#5194=CARTESIAN_POINT('Ctrl Pts',(9.70573873379645,-5.82667401932614,44.396347121905));
#5195=CARTESIAN_POINT('Ctrl Pts',(9.69157623119145,-5.25085745841627,44.4352799075486));
#5196=CARTESIAN_POINT('Ctrl Pts',(8.03072856519987,-8.88640766970881,42.1469720071551));
#5197=CARTESIAN_POINT('Ctrl Pts',(8.05277556981276,-9.0798393525371,42.1044040129106));
#5198=CARTESIAN_POINT('Ctrl Pts',(8.12451836223081,-9.69074526579179,41.9525670854223));
#5199=CARTESIAN_POINT('Ctrl Pts',(8.19715298024981,-10.2616122366972,41.7496318768159));
#5200=CARTESIAN_POINT('Ctrl Pts',(8.24963290706026,-10.63515880003,41.5798736087075));
#5201=CARTESIAN_POINT('Ctrl Pts',(8.25157002471627,-10.6480657653678,41.5738415366944));
#5202=CARTESIAN_POINT('Ctrl Pts',(8.28305122736742,-10.8742855987253,41.4708572505237));
#5203=CARTESIAN_POINT('Ctrl Pts',(8.31650498018626,-11.0721717777886,41.3633439238799));
#5204=CARTESIAN_POINT('Ctrl Pts',(8.41441267662475,-11.8536542667903,40.8886863904395));
#5205=CARTESIAN_POINT('Ctrl Pts',(8.49538364869303,-12.3774861874149,40.3574680902304));
#5206=CARTESIAN_POINT('Ctrl Pts',(8.70069213815969,-13.2037473151558,39.6463437423241));
#5207=CARTESIAN_POINT('Ctrl Pts',(8.71045713409804,-13.2575683857813,39.6006918633402));
#5208=CARTESIAN_POINT('Ctrl Pts',(8.74467580990255,-13.4287852253042,39.4586567870794));
#5209=CARTESIAN_POINT('Ctrl Pts',(8.76493065333419,-13.5437473029737,39.3587992454691));
#5210=CARTESIAN_POINT('Ctrl Pts',(8.79780066543182,-13.888147648301,39.0735950014576));
#5211=CARTESIAN_POINT('Ctrl Pts',(8.82529246085849,-14.2102788577706,38.7830692129828));
#5212=CARTESIAN_POINT('Ctrl Pts',(8.84013828299455,-14.9021240747324,38.3735854241995));
#5213=CARTESIAN_POINT('Ctrl Pts',(8.82919146770235,-15.3730102013623,38.1558785377484));
#5214=CARTESIAN_POINT('Ctrl Pts',(8.79278415289392,-15.9429093742075,38.1331500131529));
#5215=CARTESIAN_POINT('Ctrl Pts',(-8.78938433415798,-15.9951775313017,38.135185740077));
#5216=CARTESIAN_POINT('Ctrl Pts',(-8.82803151040389,-15.394869087875,38.1020296391537));
#5217=CARTESIAN_POINT('Ctrl Pts',(-8.89922789651203,-14.5889097323652,38.5628757714945));
#5218=CARTESIAN_POINT('Ctrl Pts',(-8.9729756948455,-13.8851327670784,39.2683724645109));
#5219=CARTESIAN_POINT('Ctrl Pts',(-9.02639953452712,-13.3813315414977,39.7899515452351));
#5220=CARTESIAN_POINT('Ctrl Pts',(-9.08337172067358,-12.8525205197903,40.360917830331));
#5221=CARTESIAN_POINT('Ctrl Pts',(-9.16546677599019,-12.0635844715535,41.1368929534994));
#5222=CARTESIAN_POINT('Ctrl Pts',(-9.26100019070682,-11.0514213540063,41.8762829992439));
#5223=CARTESIAN_POINT('Ctrl Pts',(-9.35307149281531,-9.89730118722892,42.2781337322308));
#5224=CARTESIAN_POINT('Ctrl Pts',(-9.41542142420914,-9.04318885484185,42.4240601532581));
#5225=CARTESIAN_POINT('Ctrl Pts',(-9.43583300761925,-8.75706393072589,42.4605030617695));
#5226=CARTESIAN_POINT('Ctrl Pts',(-7.56491077888058,-15.9950933792022,36.5081550531836));
#5227=CARTESIAN_POINT('Ctrl Pts',(-7.61168912109557,-15.3843310746292,36.4845272892362));
#5228=CARTESIAN_POINT('Ctrl Pts',(-7.67598413086797,-14.575920629409,36.9977780162105));
#5229=CARTESIAN_POINT('Ctrl Pts',(-7.72055773539478,-13.882337351005,37.7978664903408));
#5230=CARTESIAN_POINT('Ctrl Pts',(-7.74750987721473,-13.3883731061077,38.3985222601532));
#5231=CARTESIAN_POINT('Ctrl Pts',(-7.76876288457288,-12.8734940179694,39.0686253377737));
#5232=CARTESIAN_POINT('Ctrl Pts',(-7.78187920609203,-12.1101090448807,40.0191327900433));
#5233=CARTESIAN_POINT('Ctrl Pts',(-7.78326336651733,-11.128027090689,40.9821675463383));
#5234=CARTESIAN_POINT('Ctrl Pts',(-7.77755409042742,-9.99591023029288,41.6017760217323));
#5235=CARTESIAN_POINT('Ctrl Pts',(-7.77086097421189,-9.14744416986755,41.8926472788183));
#5236=CARTESIAN_POINT('Ctrl Pts',(-7.76841886543374,-8.86180452231251,41.9760312409875));
#5237=CARTESIAN_POINT('Ctrl Pts',(-4.75321902315701,-15.9946978594658,34.3842915016571));
#5238=CARTESIAN_POINT('Ctrl Pts',(-4.76822487280388,-15.3339843161969,34.3737762479504));
#5239=CARTESIAN_POINT('Ctrl Pts',(-4.78342665710497,-14.5908845021027,34.8736698047223));
#5240=CARTESIAN_POINT('Ctrl Pts',(-4.78493928098601,-14.1431112485813,35.8755797952749));
#5241=CARTESIAN_POINT('Ctrl Pts',(-4.78232816427656,-13.8410438262018,36.6797206062641));
#5242=CARTESIAN_POINT('Ctrl Pts',(-4.7743423867632,-13.5531007094556,37.6506816244447));
#5243=CARTESIAN_POINT('Ctrl Pts',(-4.75082082873015,-12.9882448030542,39.0686265047214));
#5244=CARTESIAN_POINT('Ctrl Pts',(-4.71415132978052,-11.9753161968047,40.4370519015655));
#5245=CARTESIAN_POINT('Ctrl Pts',(-4.67449959680637,-10.6792969156878,41.3047186057526));
#5246=CARTESIAN_POINT('Ctrl Pts',(-4.64550937151525,-9.73162282850724,41.7150988843938));
#5247=CARTESIAN_POINT('Ctrl Pts',(-4.63579473059472,-9.41189791101462,41.8312224284356));
#5248=CARTESIAN_POINT('Ctrl Pts',(-1.35681100419681,-15.9944715805804,33.7514844803439));
#5249=CARTESIAN_POINT('Ctrl Pts',(-1.3528965579518,-15.3039327730847,33.7443279369404));
#5250=CARTESIAN_POINT('Ctrl Pts',(-1.34751219549255,-14.6065015875987,34.2110655761713));
#5251=CARTESIAN_POINT('Ctrl Pts',(-1.34264185290181,-14.3178151531785,35.3012782233279));
#5252=CARTESIAN_POINT('Ctrl Pts',(-1.33911451563853,-14.1388966408128,36.2021033999357));
#5253=CARTESIAN_POINT('Ctrl Pts',(-1.33535402030944,-13.996617286872,37.3258439721197));
#5254=CARTESIAN_POINT('Ctrl Pts',(-1.32998935735533,-13.5526098805561,38.9701989017767));
#5255=CARTESIAN_POINT('Ctrl Pts',(-1.32386956746077,-12.5065336503783,40.5004469355993));
#5256=CARTESIAN_POINT('Ctrl Pts',(-1.3181782415768,-11.0904285261418,41.427561950545));
#5257=CARTESIAN_POINT('Ctrl Pts',(-1.31405301469846,-10.0752493918289,41.8480740452341));
#5258=CARTESIAN_POINT('Ctrl Pts',(-1.31264877721635,-9.7320754616609,41.9632429577469));
#5259=CARTESIAN_POINT('Ctrl Pts',(1.35681140880118,-15.9944715805878,33.751484216));
#5260=CARTESIAN_POINT('Ctrl Pts',(1.35289696139775,-15.303932774132,33.7443276857954));
#5261=CARTESIAN_POINT('Ctrl Pts',(1.34751259724261,-14.6065015893265,34.2110653444426));
#5262=CARTESIAN_POINT('Ctrl Pts',(1.34264225300007,-14.3178151550717,35.3012780110091));
#5263=CARTESIAN_POINT('Ctrl Pts',(1.33911491451436,-14.1388966427278,36.2021032020825));
#5264=CARTESIAN_POINT('Ctrl Pts',(1.33535441784633,-13.9966172885343,37.3258437901121));
#5265=CARTESIAN_POINT('Ctrl Pts',(1.32998975290645,-13.5526098815856,38.9701987435604));
#5266=CARTESIAN_POINT('Ctrl Pts',(1.32386996069701,-12.506533650361,40.5004468051519));
#5267=CARTESIAN_POINT('Ctrl Pts',(1.31817863265775,-11.0904285252835,41.4275618459919));
#5268=CARTESIAN_POINT('Ctrl Pts',(1.31405340426435,-10.0752493904102,41.8480739586442));
#5269=CARTESIAN_POINT('Ctrl Pts',(1.31264916627518,-9.73207546017204,41.9632428771787));
#5270=CARTESIAN_POINT('Ctrl Pts',(4.75322039496417,-15.9946978595031,34.384290946048));
#5271=CARTESIAN_POINT('Ctrl Pts',(4.76822629007619,-15.3339843211594,34.3737757013178));
#5272=CARTESIAN_POINT('Ctrl Pts',(4.78342813956377,-14.5908845095372,34.8736692760194));
#5273=CARTESIAN_POINT('Ctrl Pts',(4.78494081008677,-14.1431112548341,35.8755792944638));
#5274=CARTESIAN_POINT('Ctrl Pts',(4.78232972177554,-13.8410438309292,36.679720128942));
#5275=CARTESIAN_POINT('Ctrl Pts',(4.77434396697199,-13.5531007113433,37.6506811761929));
#5276=CARTESIAN_POINT('Ctrl Pts',(4.75082242559171,-12.9882447998886,39.0686261080601));
#5277=CARTESIAN_POINT('Ctrl Pts',(4.71415293582318,-11.9753161883609,40.437051571595));
#5278=CARTESIAN_POINT('Ctrl Pts',(4.67450121111562,-10.6792969058828,41.3047183421345));
#5279=CARTESIAN_POINT('Ctrl Pts',(4.64551099328087,-9.73162281856264,41.7150986677061));
#5280=CARTESIAN_POINT('Ctrl Pts',(4.63579635514156,-9.41189790136851,41.8312222275092));
#5281=CARTESIAN_POINT('Ctrl Pts',(7.56491286147193,-15.9950933792636,36.5081548792508));
#5282=CARTESIAN_POINT('Ctrl Pts',(7.61169132546554,-15.3843310823233,36.4845270945445));
#5283=CARTESIAN_POINT('Ctrl Pts',(7.67598651609632,-14.5759206402963,36.9977777965985));
#5284=CARTESIAN_POINT('Ctrl Pts',(7.72056026213309,-13.8823373576143,37.7978662619303));
#5285=CARTESIAN_POINT('Ctrl Pts',(7.74751249504851,-13.3883731082833,38.3985220300339));
#5286=CARTESIAN_POINT('Ctrl Pts',(7.76876558350359,-12.8734940136837,39.0686251118172));
#5287=CARTESIAN_POINT('Ctrl Pts',(7.78188198849147,-12.1101090297658,40.0191325837573));
#5288=CARTESIAN_POINT('Ctrl Pts',(7.78326622599702,-11.1280270661523,40.9821673735939));
#5289=CARTESIAN_POINT('Ctrl Pts',(7.7775570256061,-9.99591020516172,41.6017758856623));
#5290=CARTESIAN_POINT('Ctrl Pts',(7.77086396788079,-9.1474441470256,41.8926471693088));
#5291=CARTESIAN_POINT('Ctrl Pts',(7.76842187944945,-8.86180450043293,41.9760311403487));
#5292=CARTESIAN_POINT('Ctrl Pts',(8.78938666519302,-15.9951775313574,38.1351859942554));
#5293=CARTESIAN_POINT('Ctrl Pts',(8.82803396887558,-15.3948690948462,38.1020298824481));
#5294=CARTESIAN_POINT('Ctrl Pts',(8.89923055336978,-14.5889097414692,38.5628759911032));
#5295=CARTESIAN_POINT('Ctrl Pts',(8.97297852174714,-13.8851327709589,39.2683726606748));
#5296=CARTESIAN_POINT('Ctrl Pts',(9.02640247619563,-13.3813315402814,39.7899517253942));
#5297=CARTESIAN_POINT('Ctrl Pts',(9.0833747728935,-12.8525205114359,40.3609179942354));
#5298=CARTESIAN_POINT('Ctrl Pts',(9.16546996414866,-12.0635844515866,41.136893095418));
#5299=CARTESIAN_POINT('Ctrl Pts',(9.26100352523707,-11.0514213240419,41.8762831163012));
#5300=CARTESIAN_POINT('Ctrl Pts',(9.35307497451472,-9.89730115660524,42.2781338242181));
#5301=CARTESIAN_POINT('Ctrl Pts',(9.41542501630627,-9.04318882682723,42.4240602279782));
#5302=CARTESIAN_POINT('Ctrl Pts',(9.43583663750408,-8.75706390382503,42.4605031308484));
#5303=CARTESIAN_POINT('Origin',(1.06932727950149E-6,-17.0000004768372,44.7500020602725));
#5304=CARTESIAN_POINT('',(-10.9999997314232,-17.0000004768372,44.7500020602725));
#5305=CARTESIAN_POINT('Ctrl Pts',(-8.79194480189371,-15.980912611146,51.3653886716227));
#5306=CARTESIAN_POINT('Ctrl Pts',(-8.85396173748662,-15.1108816083699,51.4984377217472));
#5307=CARTESIAN_POINT('Ctrl Pts',(-8.92802730147866,-14.3031045266727,52.0507964928));
#5308=CARTESIAN_POINT('Ctrl Pts',(-9.08083132685529,-12.6968269205012,53.2939837654246));
#5309=CARTESIAN_POINT('Ctrl Pts',(-9.1635063523334,-11.8520731850048,54.0088170644036));
#5310=CARTESIAN_POINT('Ctrl Pts',(-9.32005600678763,-10.0246184174422,54.9760801349157));
#5311=CARTESIAN_POINT('Ctrl Pts',(-9.39963489337152,-8.97857466557565,55.2692419812829));
#5312=CARTESIAN_POINT('Ctrl Pts',(-9.540965087855,-7.05049719160436,55.6704636196371));
#5313=CARTESIAN_POINT('Ctrl Pts',(-9.60491796388524,-6.14832563764723,55.8015781210834));
#5314=CARTESIAN_POINT('Ctrl Pts',(-9.6683022564519,-5.24580670878899,55.9169280802826));
#5315=CARTESIAN_POINT('Ctrl Pts',(-10.416181250337,-15.9806562507223,49.2058598665884));
#5316=CARTESIAN_POINT('Ctrl Pts',(-10.4520377392399,-15.0989732251331,49.359650649874));
#5317=CARTESIAN_POINT('Ctrl Pts',(-10.4555997651651,-14.2851730966213,49.9174455312701));
#5318=CARTESIAN_POINT('Ctrl Pts',(-10.3952135833587,-12.6750890907839,51.141883729449));
#5319=CARTESIAN_POINT('Ctrl Pts',(-10.3171163387456,-11.8338173724611,51.8266489195373));
#5320=CARTESIAN_POINT('Ctrl Pts',(-10.1396526737666,-10.0155702694109,52.7116963621709));
#5321=CARTESIAN_POINT('Ctrl Pts',(-10.034933322071,-8.97546894204073,52.9503982874593));
#5322=CARTESIAN_POINT('Ctrl Pts',(-9.84945480069129,-7.05374539472949,53.2370982818948));
#5323=CARTESIAN_POINT('Ctrl Pts',(-9.76579397416241,-6.15264388212403,53.3088080160452));
#5324=CARTESIAN_POINT('Ctrl Pts',(-9.70232806384635,-5.24681697056686,53.3627315910229));
#5325=CARTESIAN_POINT('Ctrl Pts',(-11.7862178863793,-15.9808501888946,44.3442403857159));
#5326=CARTESIAN_POINT('Ctrl Pts',(-11.8002123469047,-15.1080602373834,44.3817296376034));
#5327=CARTESIAN_POINT('Ctrl Pts',(-11.7474719934698,-14.3103003764903,45.0550140312897));
#5328=CARTESIAN_POINT('Ctrl Pts',(-11.5035756455186,-12.7723110233263,46.4884700481792));
#5329=CARTESIAN_POINT('Ctrl Pts',(-11.2820920493566,-11.9904346961297,47.2790154534599));
#5330=CARTESIAN_POINT('Ctrl Pts',(-10.8144491321529,-10.166952526164,48.2803080711852));
#5331=CARTESIAN_POINT('Ctrl Pts',(-10.5530973189017,-9.06838666635183,48.5385384761429));
#5332=CARTESIAN_POINT('Ctrl Pts',(-10.0943998490155,-7.0794036087929,48.8055098466596));
#5333=CARTESIAN_POINT('Ctrl Pts',(-9.88930696486135,-6.16311821635491,48.8451168104623));
#5334=CARTESIAN_POINT('Ctrl Pts',(-9.72829486860956,-5.24893276274487,48.871035928231));
#5335=CARTESIAN_POINT('Ctrl Pts',(-10.0092550099424,-15.9807073165973,39.7546849531761));
#5336=CARTESIAN_POINT('Ctrl Pts',(-10.0476756705562,-15.1014778614491,39.7048602512775));
#5337=CARTESIAN_POINT('Ctrl Pts',(-10.0767782177579,-14.3083307147892,40.4615547936215));
#5338=CARTESIAN_POINT('Ctrl Pts',(-10.0751209070791,-12.8182668370209,42.0381472063889));
#5339=CARTESIAN_POINT('Ctrl Pts',(-10.0344367709101,-12.0835142478816,42.8958707151636));
#5340=CARTESIAN_POINT('Ctrl Pts',(-9.94137813506832,-10.2647880494969,43.9532955342182));
#5341=CARTESIAN_POINT('Ctrl Pts',(-9.8861019115785,-9.12865067561719,44.2063406072047));
#5342=CARTESIAN_POINT('Ctrl Pts',(-9.78061789495071,-7.09758068340448,44.4145054321635));
#5343=CARTESIAN_POINT('Ctrl Pts',(-9.72985425507843,-6.17248642718017,44.406368171328));
#5344=CARTESIAN_POINT('Ctrl Pts',(-9.69472323292617,-5.25091604289172,44.3847579762684));
#5345=CARTESIAN_POINT('Ctrl Pts',(-8.79082126003509,-15.9803829200987,38.1350771888054));
#5346=CARTESIAN_POINT('Ctrl Pts',(-8.84868360999585,-15.0864057859296,38.0939377826613));
#5347=CARTESIAN_POINT('Ctrl Pts',(-8.93086253642862,-14.2851545515341,38.8505742899842));
#5348=CARTESIAN_POINT('Ctrl Pts',(-9.08988074461316,-12.7888757133248,40.4092171483622));
#5349=CARTESIAN_POINT('Ctrl Pts',(-9.17043388433361,-12.0575249962152,41.2452809697103));
#5350=CARTESIAN_POINT('Ctrl Pts',(-9.32882102322675,-10.2491949851223,42.2450049324114));
#5351=CARTESIAN_POINT('Ctrl Pts',(-9.41208178762227,-9.12027223552493,42.4603397491266));
#5352=CARTESIAN_POINT('Ctrl Pts',(-9.55133297960677,-7.0981510796459,42.5873725781793));
#5353=CARTESIAN_POINT('Ctrl Pts',(-9.61071453080006,-6.1754425316829,42.5364847861616));
#5354=CARTESIAN_POINT('Ctrl Pts',(-9.66954066092501,-5.25163957408926,42.4690753744719));
#5355=CARTESIAN_POINT('Ctrl Pts',(-20.,5.,56.6567659378052));
#5356=CARTESIAN_POINT('Ctrl Pts',(20.,5.,56.6567659378052));
#5357=CARTESIAN_POINT('Ctrl Pts',(-20.,4.99909262198363,56.6719400995223));
#5358=CARTESIAN_POINT('Ctrl Pts',(20.,4.99909262198363,56.6719400995223));
#5359=CARTESIAN_POINT('Ctrl Pts',(-20.,4.99724849358495,56.7016184186193));
#5360=CARTESIAN_POINT('Ctrl Pts',(20.,4.99724849358495,56.7016184186193));
#5361=CARTESIAN_POINT('Ctrl Pts',(-20.,4.99439418384953,56.7441259235136));
#5362=CARTESIAN_POINT('Ctrl Pts',(20.,4.99439418384953,56.7441259235136));
#5363=CARTESIAN_POINT('Ctrl Pts',(-20.,4.9904109229489,56.796753084287));
#5364=CARTESIAN_POINT('Ctrl Pts',(20.,4.9904109229489,56.796753084287));
#5365=CARTESIAN_POINT('Ctrl Pts',(-20.,4.98512302861326,56.8556621083842));
#5366=CARTESIAN_POINT('Ctrl Pts',(20.,4.98512302861326,56.8556621083842));
#5367=CARTESIAN_POINT('Ctrl Pts',(-20.,4.9795008948061,56.907623146135));
#5368=CARTESIAN_POINT('Ctrl Pts',(20.,4.9795008948061,56.907623146135));
#5369=CARTESIAN_POINT('Ctrl Pts',(-20.,4.97350417098399,56.952751276573));
#5370=CARTESIAN_POINT('Ctrl Pts',(20.,4.97350417098399,56.952751276573));
#5371=CARTESIAN_POINT('Ctrl Pts',(-20.,4.96707622010435,56.9914780933011));
#5372=CARTESIAN_POINT('Ctrl Pts',(20.,4.96707622010435,56.9914780933011));
#5373=CARTESIAN_POINT('Ctrl Pts',(-20.,4.96014183010979,57.0247743642906));
#5374=CARTESIAN_POINT('Ctrl Pts',(20.,4.96014183010979,57.0247743642906));
#5375=CARTESIAN_POINT('Ctrl Pts',(-20.,4.95261371278008,57.0540153680574));
#5376=CARTESIAN_POINT('Ctrl Pts',(20.,4.95261371278008,57.0540153680574));
#5377=CARTESIAN_POINT('Ctrl Pts',(-20.,4.94440261601761,57.0807332140258));
#5378=CARTESIAN_POINT('Ctrl Pts',(20.,4.94440261601761,57.0807332140258));
#5379=CARTESIAN_POINT('Ctrl Pts',(-20.,4.93542850738152,57.1064220487396));
#5380=CARTESIAN_POINT('Ctrl Pts',(20.,4.93542850738152,57.1064220487396));
#5381=CARTESIAN_POINT('Ctrl Pts',(-20.,4.92563265780594,57.1323430978421));
#5382=CARTESIAN_POINT('Ctrl Pts',(20.,4.92563265780594,57.1323430978421));
#5383=CARTESIAN_POINT('Ctrl Pts',(-20.,4.91499548069291,57.1593009422428));
#5384=CARTESIAN_POINT('Ctrl Pts',(20.,4.91499548069291,57.1593009422428));
#5385=CARTESIAN_POINT('Ctrl Pts',(-20.,4.9035237871245,57.1877283109323));
#5386=CARTESIAN_POINT('Ctrl Pts',(20.,4.9035237871245,57.1877283109323));
#5387=CARTESIAN_POINT('Ctrl Pts',(-20.,4.89369326607024,57.2117937846678));
#5388=CARTESIAN_POINT('Ctrl Pts',(20.,4.89369326607024,57.2117937846678));
#5389=CARTESIAN_POINT('Ctrl Pts',(-20.,4.88596118231197,57.2306029411359));
#5390=CARTESIAN_POINT('Ctrl Pts',(20.,4.88596118231197,57.2306029411359));
#5391=CARTESIAN_POINT('Ctrl Pts',(-20.,4.88064796987695,57.2434777793657));
#5392=CARTESIAN_POINT('Ctrl Pts',(20.,4.88064796987695,57.2434777793657));
#5393=CARTESIAN_POINT('Ctrl Pts',(-20.,4.87795174121857,57.2499990463257));
#5394=CARTESIAN_POINT('Ctrl Pts',(20.,4.87795174121857,57.2499990463257));
#5395=CARTESIAN_POINT('',(0.,4.87795174121857,57.2499990463257));
#5396=CARTESIAN_POINT('Origin',(0.,5.,41.5000009536743));
#5397=CARTESIAN_POINT('',(0.,5.,56.6567659378052));
#5398=CARTESIAN_POINT('Origin',(0.,4.87795174121857,57.2499990463257));
#5399=CARTESIAN_POINT('',(0.,4.87795174121857,57.2499990463257));
#5400=CARTESIAN_POINT('Ctrl Pts',(-20.,5.,56.6567659378052));
#5401=CARTESIAN_POINT('Ctrl Pts',(20.,5.,56.6567659378052));
#5402=CARTESIAN_POINT('Ctrl Pts',(-20.,4.99909262198363,56.6719400995223));
#5403=CARTESIAN_POINT('Ctrl Pts',(20.,4.99909262198363,56.6719400995223));
#5404=CARTESIAN_POINT('Ctrl Pts',(-20.,4.99724849358495,56.7016184186193));
#5405=CARTESIAN_POINT('Ctrl Pts',(20.,4.99724849358495,56.7016184186193));
#5406=CARTESIAN_POINT('Ctrl Pts',(-20.,4.99439418384953,56.7441259235136));
#5407=CARTESIAN_POINT('Ctrl Pts',(20.,4.99439418384953,56.7441259235136));
#5408=CARTESIAN_POINT('Ctrl Pts',(-20.,4.9904109229489,56.796753084287));
#5409=CARTESIAN_POINT('Ctrl Pts',(20.,4.9904109229489,56.796753084287));
#5410=CARTESIAN_POINT('Ctrl Pts',(-20.,4.98512302861326,56.8556621083842));
#5411=CARTESIAN_POINT('Ctrl Pts',(20.,4.98512302861326,56.8556621083842));
#5412=CARTESIAN_POINT('Ctrl Pts',(-20.,4.9795008948061,56.907623146135));
#5413=CARTESIAN_POINT('Ctrl Pts',(20.,4.9795008948061,56.907623146135));
#5414=CARTESIAN_POINT('Ctrl Pts',(-20.,4.97350417098399,56.952751276573));
#5415=CARTESIAN_POINT('Ctrl Pts',(20.,4.97350417098399,56.952751276573));
#5416=CARTESIAN_POINT('Ctrl Pts',(-20.,4.96707622010435,56.9914780933011));
#5417=CARTESIAN_POINT('Ctrl Pts',(20.,4.96707622010435,56.9914780933011));
#5418=CARTESIAN_POINT('Ctrl Pts',(-20.,4.96014183010979,57.0247743642906));
#5419=CARTESIAN_POINT('Ctrl Pts',(20.,4.96014183010979,57.0247743642906));
#5420=CARTESIAN_POINT('Ctrl Pts',(-20.,4.95261371278008,57.0540153680574));
#5421=CARTESIAN_POINT('Ctrl Pts',(20.,4.95261371278008,57.0540153680574));
#5422=CARTESIAN_POINT('Ctrl Pts',(-20.,4.94440261601761,57.0807332140258));
#5423=CARTESIAN_POINT('Ctrl Pts',(20.,4.94440261601761,57.0807332140258));
#5424=CARTESIAN_POINT('Ctrl Pts',(-20.,4.93542850738152,57.1064220487396));
#5425=CARTESIAN_POINT('Ctrl Pts',(20.,4.93542850738152,57.1064220487396));
#5426=CARTESIAN_POINT('Ctrl Pts',(-20.,4.92563265780594,57.1323430978421));
#5427=CARTESIAN_POINT('Ctrl Pts',(20.,4.92563265780594,57.1323430978421));
#5428=CARTESIAN_POINT('Ctrl Pts',(-20.,4.91499548069291,57.1593009422428));
#5429=CARTESIAN_POINT('Ctrl Pts',(20.,4.91499548069291,57.1593009422428));
#5430=CARTESIAN_POINT('Ctrl Pts',(-20.,4.9035237871245,57.1877283109323));
#5431=CARTESIAN_POINT('Ctrl Pts',(20.,4.9035237871245,57.1877283109323));
#5432=CARTESIAN_POINT('Ctrl Pts',(-20.,4.89369326607024,57.2117937846678));
#5433=CARTESIAN_POINT('Ctrl Pts',(20.,4.89369326607024,57.2117937846678));
#5434=CARTESIAN_POINT('Ctrl Pts',(-20.,4.88596118231197,57.2306029411359));
#5435=CARTESIAN_POINT('Ctrl Pts',(20.,4.88596118231197,57.2306029411359));
#5436=CARTESIAN_POINT('Ctrl Pts',(-20.,4.88064796987695,57.2434777793657));
#5437=CARTESIAN_POINT('Ctrl Pts',(20.,4.88064796987695,57.2434777793657));
#5438=CARTESIAN_POINT('Ctrl Pts',(-20.,4.87795174121857,57.2499990463257));
#5439=CARTESIAN_POINT('Ctrl Pts',(20.,4.87795174121857,57.2499990463257));
#5440=UNCERTAINTY_MEASURE_WITH_UNIT(LENGTH_MEASURE(0.01),#5444,
'DISTANCE_ACCURACY_VALUE',
'Maximum model space distance between geometric entities at asserted c
onnectivities');
#5441=UNCERTAINTY_MEASURE_WITH_UNIT(LENGTH_MEASURE(0.01),#5444,
'DISTANCE_ACCURACY_VALUE',
'Maximum model space distance between geometric entities at asserted c
onnectivities');
#5442=(
GEOMETRIC_REPRESENTATION_CONTEXT(3)
GLOBAL_UNCERTAINTY_ASSIGNED_CONTEXT((#5440))
GLOBAL_UNIT_ASSIGNED_CONTEXT((#5444,#5446,#5447))
REPRESENTATION_CONTEXT('','3D')
);
#5443=(
GEOMETRIC_REPRESENTATION_CONTEXT(3)
GLOBAL_UNCERTAINTY_ASSIGNED_CONTEXT((#5441))
GLOBAL_UNIT_ASSIGNED_CONTEXT((#5444,#5446,#5447))
REPRESENTATION_CONTEXT('','3D')
);
#5444=(
LENGTH_UNIT()
NAMED_UNIT(*)
SI_UNIT(.MILLI.,.METRE.)
);
#5445=(
LENGTH_UNIT()
NAMED_UNIT(*)
SI_UNIT($,.METRE.)
);
#5446=(
NAMED_UNIT(*)
PLANE_ANGLE_UNIT()
SI_UNIT($,.RADIAN.)
);
#5447=(
NAMED_UNIT(*)
SI_UNIT($,.STERADIAN.)
SOLID_ANGLE_UNIT()
);
#5448=SHAPE_DEFINITION_REPRESENTATION(#5449,#5450);
#5449=PRODUCT_DEFINITION_SHAPE('',$,#5452);
#5450=SHAPE_REPRESENTATION('',(#1226),#5442);
#5451=PRODUCT_DEFINITION_CONTEXT('part definition',#5456,'design');
#5452=PRODUCT_DEFINITION('\X2\041C04300443043D0442\X0\ 2510',
'\X2\041C04300443043D0442\X0\ 2510',#5453,#5451);
#5453=PRODUCT_DEFINITION_FORMATION('',$,#5458);
#5454=PRODUCT_RELATED_PRODUCT_CATEGORY('\X2\041C04300443043D0442\X0\ 2
510','\X2\041C04300443043D0442\X0\ 2510',(#5458));
#5455=APPLICATION_PROTOCOL_DEFINITION('international standard',
'automotive_design',2009,#5456);
#5456=APPLICATION_CONTEXT(
'Core Data for Automotive Mechanical Design Process');
#5457=PRODUCT_CONTEXT('part definition',#5456,'mechanical');
#5458=PRODUCT('\X2\041C04300443043D0442\X0\ 2510','\X2\041C04300443043D0442\X0\ 
2510',$,(#5457));
#5459=PRESENTATION_STYLE_ASSIGNMENT((#5460));
#5460=SURFACE_STYLE_USAGE(.BOTH.,#5461);
#5461=SURFACE_SIDE_STYLE('',(#5462));
#5462=SURFACE_STYLE_FILL_AREA(#5463);
#5463=FILL_AREA_STYLE('Steel - Satin',(#5464));
#5464=FILL_AREA_STYLE_COLOUR('Steel - Satin',#5465);
#5465=COLOUR_RGB('Steel - Satin',0.627450980392157,0.627450980392157,0.627450980392157);
ENDSEC;
END-ISO-10303-21;
