ISO-10303-21;
HEADER;
/* Generated by software containing ST-Developer
 * from STEP Tools, Inc. (www.steptools.com) 
 */

FILE_DESCRIPTION(
/* description */ (''),
/* implementation_level */ '2;1');

FILE_NAME(
/* name */ '',
/* time_stamp */ '2026-05-21T10:19:22+03:00',
/* author */ (''),
/* organization */ (''),
/* preprocessor_version */ 'ST-DEVELOPER v20.1',
/* originating_system */ 'Autodesk Translation Framework v15.8.0.0',
/* authorisation */ '');

FILE_SCHEMA (('AUTOMOTIVE_DESIGN { 1 0 10303 214 3 1 1 }'));
ENDSEC;

DATA;
#10=MECHANICAL_DESIGN_GEOMETRIC_PRESENTATION_REPRESENTATION('',(#13),#2498);
#11=SHAPE_REPRESENTATION_RELATIONSHIP('SRR','None',#2505,#12);
#12=ADVANCED_BREP_SHAPE_REPRESENTATION('',(#14),#2497);
#13=STYLED_ITEM('',(#2515),#14);
#14=MANIFOLD_SOLID_BREP('Body2',#1418);
#15=B_SPLINE_CURVE_WITH_KNOTS('',3,(#2112,#2113,#2114,#2115,#2116,#2117,
#2118,#2119,#2120,#2121,#2122,#2123,#2124,#2125,#2126,#2127,#2128,#2129,
#2130),.UNSPECIFIED.,.F.,.F.,(4,2,2,2,3,2,2,2,4),(-0.677496091334461,-0.62971813707477,
-0.389395139444324,-0.194697569722162,0.,0.194697569722162,0.389395139444324,
0.629718137074771,0.870041134705217),.UNSPECIFIED.);
#16=B_SPLINE_CURVE_WITH_KNOTS('',3,(#2131,#2132,#2133,#2134,#2135,#2136,
#2137,#2138,#2139,#2140,#2141,#2142,#2143,#2144,#2145,#2146,#2147,#2148,
#2149,#2150,#2151,#2152,#2153,#2154),.UNSPECIFIED.,.F.,.F.,(4,2,2,2,2,2,
2,2,2,2,2,4),(0.870041134705217,1.14798100573379,1.42592087676235,1.62814797961898,
1.7292615310473,1.83037508247561,1.93148863390393,2.03260218533224,2.23482928818887,
2.51276915921744,2.79070903024601,2.98325407361677),.UNSPECIFIED.);
#17=B_SPLINE_CURVE_WITH_KNOTS('',3,(#2303,#2304,#2305,#2306,#2307,#2308,
#2309,#2310,#2311,#2312,#2313,#2314,#2315,#2316,#2317,#2318,#2319,#2320,
#2321),.UNSPECIFIED.,.F.,.F.,(4,2,2,2,3,2,2,2,4),(-0.677496091334461,-0.62971813707477,
-0.389395139444324,-0.194697569722162,0.,0.194697569722162,0.389395139444324,
0.629718137074771,0.870041134705217),.UNSPECIFIED.);
#18=B_SPLINE_CURVE_WITH_KNOTS('',3,(#2322,#2323,#2324,#2325,#2326,#2327,
#2328,#2329,#2330,#2331,#2332,#2333,#2334,#2335,#2336,#2337,#2338,#2339,
#2340,#2341,#2342,#2343,#2344,#2345),.UNSPECIFIED.,.F.,.F.,(4,2,2,2,2,2,
2,2,2,2,2,4),(0.870041134705217,1.14798100573379,1.42592087676235,1.62814797961898,
1.7292615310473,1.83037508247561,1.93148863390393,2.03260218533224,2.23482928818887,
2.51276915921744,2.79070903024601,2.98325407361677),.UNSPECIFIED.);
#19=B_SPLINE_CURVE_WITH_KNOTS('',3,(#2396,#2397,#2398,#2399,#2400,#2401,
#2402,#2403,#2404,#2405),.UNSPECIFIED.,.F.,.F.,(4,2,2,2,4),(1.37380341612129,
1.55502224510997,1.75443752061046,1.95385279611096,2.13507162509964),
 .UNSPECIFIED.);
#20=B_SPLINE_CURVE_WITH_KNOTS('',3,(#2462,#2463,#2464,#2465,#2466,#2467,
#2468,#2469,#2470,#2471),.UNSPECIFIED.,.F.,.F.,(4,2,2,2,4),(1.37380341612129,
1.55502224510997,1.75443752061046,1.95385279611096,2.13507162509964),
 .UNSPECIFIED.);
#21=CYLINDRICAL_SURFACE('',#1461,30.);
#22=CYLINDRICAL_SURFACE('',#1478,20.);
#23=CYLINDRICAL_SURFACE('',#1510,30.);
#24=CYLINDRICAL_SURFACE('',#1523,20.);
#25=CYLINDRICAL_SURFACE('',#1524,15.);
#26=CYLINDRICAL_SURFACE('',#1525,15.);
#27=CYLINDRICAL_SURFACE('',#1526,5.25);
#28=CYLINDRICAL_SURFACE('',#1528,5.25);
#29=CYLINDRICAL_SURFACE('',#1532,5.25);
#30=CYLINDRICAL_SURFACE('',#1534,10.);
#31=CYLINDRICAL_SURFACE('',#1535,5.25);
#32=CYLINDRICAL_SURFACE('',#1537,5.25);
#33=CYLINDRICAL_SURFACE('',#1539,2.65000000000001);
#34=CYLINDRICAL_SURFACE('',#1542,2.64999999999999);
#35=CYLINDRICAL_SURFACE('',#1545,2.65);
#36=CYLINDRICAL_SURFACE('',#1551,5.25);
#37=CYLINDRICAL_SURFACE('',#1553,5.25);
#38=CYLINDRICAL_SURFACE('',#1563,5.25);
#39=CYLINDRICAL_SURFACE('',#1565,10.);
#40=CYLINDRICAL_SURFACE('',#1566,5.25);
#41=CYLINDRICAL_SURFACE('',#1568,5.25);
#42=CYLINDRICAL_SURFACE('',#1570,2.65000000000001);
#43=CYLINDRICAL_SURFACE('',#1572,2.64999999999999);
#44=CYLINDRICAL_SURFACE('',#1574,2.65);
#45=ELLIPSE('',#1450,11.7393568818739,5.25);
#46=ELLIPSE('',#1500,11.7393568818739,5.25);
#47=ELLIPSE('',#1527,5.25002736339082,5.25);
#48=ELLIPSE('',#1529,5.25002736339081,5.25);
#49=ELLIPSE('',#1530,5.25002736339081,5.25);
#50=ELLIPSE('',#1552,5.25002736339082,5.25);
#51=ELLIPSE('',#1554,5.25002736339081,5.25);
#52=ELLIPSE('',#1555,5.25002736339081,5.25);
#53=FACE_BOUND('',#243,.T.);
#54=FACE_BOUND('',#244,.T.);
#55=FACE_BOUND('',#246,.T.);
#56=FACE_BOUND('',#255,.T.);
#57=FACE_BOUND('',#257,.T.);
#58=FACE_BOUND('',#265,.T.);
#59=FACE_BOUND('',#268,.T.);
#60=FACE_BOUND('',#276,.T.);
#61=FACE_BOUND('',#277,.T.);
#62=FACE_BOUND('',#279,.T.);
#63=FACE_BOUND('',#288,.T.);
#64=FACE_BOUND('',#296,.T.);
#65=FACE_BOUND('',#303,.T.);
#66=FACE_BOUND('',#304,.T.);
#67=FACE_BOUND('',#313,.T.);
#68=FACE_BOUND('',#315,.T.);
#69=FACE_BOUND('',#317,.T.);
#70=FACE_BOUND('',#321,.T.);
#71=FACE_BOUND('',#322,.T.);
#72=FACE_BOUND('',#326,.T.);
#73=FACE_BOUND('',#327,.T.);
#74=FACE_BOUND('',#328,.T.);
#75=FACE_BOUND('',#329,.T.);
#76=FACE_BOUND('',#330,.T.);
#77=FACE_BOUND('',#331,.T.);
#78=FACE_BOUND('',#340,.T.);
#79=FACE_BOUND('',#342,.T.);
#80=FACE_BOUND('',#344,.T.);
#81=CIRCLE('',#1434,15.);
#82=CIRCLE('',#1435,7.);
#83=CIRCLE('',#1439,15.);
#84=CIRCLE('',#1440,7.);
#85=CIRCLE('',#1443,38.);
#86=CIRCLE('',#1444,18.);
#87=CIRCLE('',#1445,28.);
#88=CIRCLE('',#1446,28.);
#89=CIRCLE('',#1447,18.);
#90=CIRCLE('',#1448,38.);
#91=CIRCLE('',#1453,20.);
#92=CIRCLE('',#1456,10.);
#93=CIRCLE('',#1459,30.);
#94=CIRCLE('',#1462,30.);
#95=CIRCLE('',#1464,5.25);
#96=CIRCLE('',#1467,20.);
#97=CIRCLE('',#1470,10.);
#98=CIRCLE('',#1473,30.);
#99=CIRCLE('',#1475,5.25);
#100=CIRCLE('',#1476,5.25);
#101=CIRCLE('',#1477,5.25);
#102=CIRCLE('',#1479,20.);
#103=CIRCLE('',#1481,5.25);
#104=CIRCLE('',#1484,15.);
#105=CIRCLE('',#1485,7.);
#106=CIRCLE('',#1489,15.);
#107=CIRCLE('',#1490,7.);
#108=CIRCLE('',#1493,38.);
#109=CIRCLE('',#1494,18.);
#110=CIRCLE('',#1495,28.);
#111=CIRCLE('',#1496,28.);
#112=CIRCLE('',#1497,18.);
#113=CIRCLE('',#1498,38.);
#114=CIRCLE('',#1503,30.);
#115=CIRCLE('',#1506,10.);
#116=CIRCLE('',#1515,10.);
#117=CIRCLE('',#1518,20.);
#118=CIRCLE('',#1520,5.25);
#119=CIRCLE('',#1521,5.25);
#120=CIRCLE('',#1522,5.25);
#121=CIRCLE('',#1533,5.25);
#122=CIRCLE('',#1536,5.25);
#123=CIRCLE('',#1538,5.25);
#124=CIRCLE('',#1540,2.65000000000001);
#125=CIRCLE('',#1541,2.65000000000001);
#126=CIRCLE('',#1543,2.64999999999999);
#127=CIRCLE('',#1544,2.64999999999999);
#128=CIRCLE('',#1546,2.65);
#129=CIRCLE('',#1547,2.65);
#130=CIRCLE('',#1560,2.65000000000001);
#131=CIRCLE('',#1561,2.64999999999999);
#132=CIRCLE('',#1562,2.65);
#133=CIRCLE('',#1564,5.25);
#134=CIRCLE('',#1567,5.25);
#135=CIRCLE('',#1569,5.25);
#136=CIRCLE('',#1571,2.65000000000001);
#137=CIRCLE('',#1573,2.64999999999999);
#138=CIRCLE('',#1575,2.65);
#139=CONICAL_SURFACE('',#1433,11.,0.785398163397449);
#140=CONICAL_SURFACE('',#1438,11.,0.785398163397449);
#141=CONICAL_SURFACE('',#1452,24.,0.785398163397449);
#142=CONICAL_SURFACE('',#1455,14.,0.785398163397448);
#143=CONICAL_SURFACE('',#1458,34.,0.785398163397449);
#144=CONICAL_SURFACE('',#1466,24.,0.785398163397449);
#145=CONICAL_SURFACE('',#1469,14.,0.785398163397448);
#146=CONICAL_SURFACE('',#1472,34.,0.785398163397449);
#147=CONICAL_SURFACE('',#1483,11.,0.785398163397449);
#148=CONICAL_SURFACE('',#1488,11.,0.785398163397449);
#149=CONICAL_SURFACE('',#1502,34.,0.785398163397449);
#150=CONICAL_SURFACE('',#1505,14.,0.785398163397447);
#151=CONICAL_SURFACE('',#1508,24.,0.785398163397449);
#152=CONICAL_SURFACE('',#1512,34.,0.785398163397449);
#153=CONICAL_SURFACE('',#1514,14.,0.785398163397447);
#154=CONICAL_SURFACE('',#1517,24.,0.785398163397449);
#155=FACE_OUTER_BOUND('',#236,.T.);
#156=FACE_OUTER_BOUND('',#237,.T.);
#157=FACE_OUTER_BOUND('',#238,.T.);
#158=FACE_OUTER_BOUND('',#239,.T.);
#159=FACE_OUTER_BOUND('',#240,.T.);
#160=FACE_OUTER_BOUND('',#241,.T.);
#161=FACE_OUTER_BOUND('',#242,.T.);
#162=FACE_OUTER_BOUND('',#245,.T.);
#163=FACE_OUTER_BOUND('',#247,.T.);
#164=FACE_OUTER_BOUND('',#248,.T.);
#165=FACE_OUTER_BOUND('',#249,.T.);
#166=FACE_OUTER_BOUND('',#250,.T.);
#167=FACE_OUTER_BOUND('',#251,.T.);
#168=FACE_OUTER_BOUND('',#252,.T.);
#169=FACE_OUTER_BOUND('',#253,.T.);
#170=FACE_OUTER_BOUND('',#254,.T.);
#171=FACE_OUTER_BOUND('',#256,.T.);
#172=FACE_OUTER_BOUND('',#258,.T.);
#173=FACE_OUTER_BOUND('',#259,.T.);
#174=FACE_OUTER_BOUND('',#260,.T.);
#175=FACE_OUTER_BOUND('',#261,.T.);
#176=FACE_OUTER_BOUND('',#262,.T.);
#177=FACE_OUTER_BOUND('',#263,.T.);
#178=FACE_OUTER_BOUND('',#264,.T.);
#179=FACE_OUTER_BOUND('',#266,.T.);
#180=FACE_OUTER_BOUND('',#267,.T.);
#181=FACE_OUTER_BOUND('',#269,.T.);
#182=FACE_OUTER_BOUND('',#270,.T.);
#183=FACE_OUTER_BOUND('',#271,.T.);
#184=FACE_OUTER_BOUND('',#272,.T.);
#185=FACE_OUTER_BOUND('',#273,.T.);
#186=FACE_OUTER_BOUND('',#274,.T.);
#187=FACE_OUTER_BOUND('',#275,.T.);
#188=FACE_OUTER_BOUND('',#278,.T.);
#189=FACE_OUTER_BOUND('',#280,.T.);
#190=FACE_OUTER_BOUND('',#281,.T.);
#191=FACE_OUTER_BOUND('',#282,.T.);
#192=FACE_OUTER_BOUND('',#283,.T.);
#193=FACE_OUTER_BOUND('',#284,.T.);
#194=FACE_OUTER_BOUND('',#285,.T.);
#195=FACE_OUTER_BOUND('',#286,.T.);
#196=FACE_OUTER_BOUND('',#287,.T.);
#197=FACE_OUTER_BOUND('',#289,.T.);
#198=FACE_OUTER_BOUND('',#290,.T.);
#199=FACE_OUTER_BOUND('',#291,.T.);
#200=FACE_OUTER_BOUND('',#292,.T.);
#201=FACE_OUTER_BOUND('',#293,.T.);
#202=FACE_OUTER_BOUND('',#294,.T.);
#203=FACE_OUTER_BOUND('',#295,.T.);
#204=FACE_OUTER_BOUND('',#297,.T.);
#205=FACE_OUTER_BOUND('',#298,.T.);
#206=FACE_OUTER_BOUND('',#299,.T.);
#207=FACE_OUTER_BOUND('',#300,.T.);
#208=FACE_OUTER_BOUND('',#301,.T.);
#209=FACE_OUTER_BOUND('',#302,.T.);
#210=FACE_OUTER_BOUND('',#305,.T.);
#211=FACE_OUTER_BOUND('',#306,.T.);
#212=FACE_OUTER_BOUND('',#307,.T.);
#213=FACE_OUTER_BOUND('',#308,.T.);
#214=FACE_OUTER_BOUND('',#309,.T.);
#215=FACE_OUTER_BOUND('',#310,.T.);
#216=FACE_OUTER_BOUND('',#311,.T.);
#217=FACE_OUTER_BOUND('',#312,.T.);
#218=FACE_OUTER_BOUND('',#314,.T.);
#219=FACE_OUTER_BOUND('',#316,.T.);
#220=FACE_OUTER_BOUND('',#318,.T.);
#221=FACE_OUTER_BOUND('',#319,.T.);
#222=FACE_OUTER_BOUND('',#320,.T.);
#223=FACE_OUTER_BOUND('',#323,.T.);
#224=FACE_OUTER_BOUND('',#324,.T.);
#225=FACE_OUTER_BOUND('',#325,.T.);
#226=FACE_OUTER_BOUND('',#332,.T.);
#227=FACE_OUTER_BOUND('',#333,.T.);
#228=FACE_OUTER_BOUND('',#334,.T.);
#229=FACE_OUTER_BOUND('',#335,.T.);
#230=FACE_OUTER_BOUND('',#336,.T.);
#231=FACE_OUTER_BOUND('',#337,.T.);
#232=FACE_OUTER_BOUND('',#338,.T.);
#233=FACE_OUTER_BOUND('',#339,.T.);
#234=FACE_OUTER_BOUND('',#341,.T.);
#235=FACE_OUTER_BOUND('',#343,.T.);
#236=EDGE_LOOP('',(#906,#907,#908,#909));
#237=EDGE_LOOP('',(#910,#911,#912,#913));
#238=EDGE_LOOP('',(#914,#915,#916,#917));
#239=EDGE_LOOP('',(#918,#919,#920,#921));
#240=EDGE_LOOP('',(#922,#923,#924,#925));
#241=EDGE_LOOP('',(#926,#927,#928,#929));
#242=EDGE_LOOP('',(#930,#931,#932,#933,#934,#935,#936));
#243=EDGE_LOOP('',(#937,#938,#939,#940,#941,#942));
#244=EDGE_LOOP('',(#943,#944,#945,#946,#947,#948));
#245=EDGE_LOOP('',(#949,#950,#951,#952,#953,#954));
#246=EDGE_LOOP('',(#955));
#247=EDGE_LOOP('',(#956,#957,#958,#959));
#248=EDGE_LOOP('',(#960,#961,#962,#963));
#249=EDGE_LOOP('',(#964,#965,#966,#967));
#250=EDGE_LOOP('',(#968,#969,#970,#971));
#251=EDGE_LOOP('',(#972,#973,#974,#975));
#252=EDGE_LOOP('',(#976,#977,#978,#979));
#253=EDGE_LOOP('',(#980,#981,#982,#983));
#254=EDGE_LOOP('',(#984,#985,#986,#987));
#255=EDGE_LOOP('',(#988,#989));
#256=EDGE_LOOP('',(#990,#991,#992,#993));
#257=EDGE_LOOP('',(#994));
#258=EDGE_LOOP('',(#995,#996,#997,#998));
#259=EDGE_LOOP('',(#999,#1000,#1001,#1002));
#260=EDGE_LOOP('',(#1003,#1004,#1005,#1006));
#261=EDGE_LOOP('',(#1007,#1008,#1009,#1010));
#262=EDGE_LOOP('',(#1011,#1012,#1013,#1014));
#263=EDGE_LOOP('',(#1015,#1016,#1017,#1018));
#264=EDGE_LOOP('',(#1019,#1020,#1021,#1022,#1023,#1024,#1025));
#265=EDGE_LOOP('',(#1026));
#266=EDGE_LOOP('',(#1027,#1028,#1029,#1030));
#267=EDGE_LOOP('',(#1031,#1032,#1033,#1034));
#268=EDGE_LOOP('',(#1035));
#269=EDGE_LOOP('',(#1036,#1037,#1038,#1039));
#270=EDGE_LOOP('',(#1040,#1041,#1042,#1043));
#271=EDGE_LOOP('',(#1044,#1045,#1046,#1047));
#272=EDGE_LOOP('',(#1048,#1049,#1050,#1051));
#273=EDGE_LOOP('',(#1052,#1053,#1054,#1055));
#274=EDGE_LOOP('',(#1056,#1057,#1058,#1059));
#275=EDGE_LOOP('',(#1060,#1061,#1062,#1063,#1064,#1065,#1066));
#276=EDGE_LOOP('',(#1067,#1068,#1069,#1070,#1071,#1072));
#277=EDGE_LOOP('',(#1073,#1074,#1075,#1076,#1077,#1078));
#278=EDGE_LOOP('',(#1079,#1080,#1081,#1082,#1083,#1084));
#279=EDGE_LOOP('',(#1085));
#280=EDGE_LOOP('',(#1086,#1087,#1088,#1089));
#281=EDGE_LOOP('',(#1090,#1091,#1092,#1093));
#282=EDGE_LOOP('',(#1094,#1095,#1096,#1097));
#283=EDGE_LOOP('',(#1098,#1099,#1100,#1101));
#284=EDGE_LOOP('',(#1102,#1103,#1104,#1105));
#285=EDGE_LOOP('',(#1106,#1107,#1108,#1109));
#286=EDGE_LOOP('',(#1110,#1111,#1112,#1113));
#287=EDGE_LOOP('',(#1114,#1115,#1116,#1117));
#288=EDGE_LOOP('',(#1118,#1119));
#289=EDGE_LOOP('',(#1120,#1121,#1122,#1123));
#290=EDGE_LOOP('',(#1124,#1125,#1126,#1127));
#291=EDGE_LOOP('',(#1128,#1129,#1130,#1131));
#292=EDGE_LOOP('',(#1132,#1133,#1134,#1135));
#293=EDGE_LOOP('',(#1136,#1137,#1138,#1139));
#294=EDGE_LOOP('',(#1140,#1141,#1142,#1143));
#295=EDGE_LOOP('',(#1144,#1145,#1146,#1147,#1148,#1149,#1150));
#296=EDGE_LOOP('',(#1151));
#297=EDGE_LOOP('',(#1152,#1153,#1154,#1155));
#298=EDGE_LOOP('',(#1156,#1157,#1158,#1159));
#299=EDGE_LOOP('',(#1160,#1161,#1162,#1163));
#300=EDGE_LOOP('',(#1164,#1165,#1166,#1167));
#301=EDGE_LOOP('',(#1168,#1169,#1170,#1171,#1172,#1173));
#302=EDGE_LOOP('',(#1174,#1175,#1176,#1177));
#303=EDGE_LOOP('',(#1178));
#304=EDGE_LOOP('',(#1179,#1180));
#305=EDGE_LOOP('',(#1181,#1182,#1183,#1184));
#306=EDGE_LOOP('',(#1185,#1186,#1187,#1188,#1189,#1190));
#307=EDGE_LOOP('',(#1191,#1192,#1193,#1194));
#308=EDGE_LOOP('',(#1195,#1196,#1197,#1198,#1199,#1200));
#309=EDGE_LOOP('',(#1201,#1202,#1203,#1204));
#310=EDGE_LOOP('',(#1205,#1206,#1207,#1208));
#311=EDGE_LOOP('',(#1209,#1210,#1211,#1212));
#312=EDGE_LOOP('',(#1213));
#313=EDGE_LOOP('',(#1214));
#314=EDGE_LOOP('',(#1215));
#315=EDGE_LOOP('',(#1216));
#316=EDGE_LOOP('',(#1217));
#317=EDGE_LOOP('',(#1218));
#318=EDGE_LOOP('',(#1219,#1220,#1221,#1222));
#319=EDGE_LOOP('',(#1223,#1224,#1225,#1226,#1227,#1228));
#320=EDGE_LOOP('',(#1229,#1230,#1231,#1232));
#321=EDGE_LOOP('',(#1233));
#322=EDGE_LOOP('',(#1234,#1235));
#323=EDGE_LOOP('',(#1236,#1237,#1238,#1239,#1240,#1241));
#324=EDGE_LOOP('',(#1242,#1243,#1244,#1245));
#325=EDGE_LOOP('',(#1246,#1247,#1248,#1249,#1250,#1251));
#326=EDGE_LOOP('',(#1252));
#327=EDGE_LOOP('',(#1253));
#328=EDGE_LOOP('',(#1254));
#329=EDGE_LOOP('',(#1255));
#330=EDGE_LOOP('',(#1256));
#331=EDGE_LOOP('',(#1257));
#332=EDGE_LOOP('',(#1258,#1259,#1260,#1261));
#333=EDGE_LOOP('',(#1262,#1263,#1264,#1265,#1266,#1267));
#334=EDGE_LOOP('',(#1268,#1269,#1270,#1271));
#335=EDGE_LOOP('',(#1272,#1273,#1274,#1275,#1276,#1277));
#336=EDGE_LOOP('',(#1278,#1279,#1280,#1281));
#337=EDGE_LOOP('',(#1282,#1283,#1284,#1285));
#338=EDGE_LOOP('',(#1286,#1287,#1288,#1289));
#339=EDGE_LOOP('',(#1290));
#340=EDGE_LOOP('',(#1291));
#341=EDGE_LOOP('',(#1292));
#342=EDGE_LOOP('',(#1293));
#343=EDGE_LOOP('',(#1294));
#344=EDGE_LOOP('',(#1295));
#345=LINE('',#2002,#468);
#346=LINE('',#2004,#469);
#347=LINE('',#2006,#470);
#348=LINE('',#2007,#471);
#349=LINE('',#2012,#472);
#350=LINE('',#2017,#473);
#351=LINE('',#2018,#474);
#352=LINE('',#2019,#475);
#353=LINE('',#2023,#476);
#354=LINE('',#2025,#477);
#355=LINE('',#2027,#478);
#356=LINE('',#2028,#479);
#357=LINE('',#2032,#480);
#358=LINE('',#2036,#481);
#359=LINE('',#2037,#482);
#360=LINE('',#2039,#483);
#361=LINE('',#2042,#484);
#362=LINE('',#2046,#485);
#363=LINE('',#2050,#486);
#364=LINE('',#2054,#487);
#365=LINE('',#2058,#488);
#366=LINE('',#2062,#489);
#367=LINE('',#2066,#490);
#368=LINE('',#2068,#491);
#369=LINE('',#2070,#492);
#370=LINE('',#2072,#493);
#371=LINE('',#2073,#494);
#372=LINE('',#2078,#495);
#373=LINE('',#2080,#496);
#374=LINE('',#2081,#497);
#375=LINE('',#2084,#498);
#376=LINE('',#2088,#499);
#377=LINE('',#2089,#500);
#378=LINE('',#2092,#501);
#379=LINE('',#2096,#502);
#380=LINE('',#2097,#503);
#381=LINE('',#2102,#504);
#382=LINE('',#2104,#505);
#383=LINE('',#2105,#506);
#384=LINE('',#2108,#507);
#385=LINE('',#2157,#508);
#386=LINE('',#2158,#509);
#387=LINE('',#2163,#510);
#388=LINE('',#2165,#511);
#389=LINE('',#2166,#512);
#390=LINE('',#2169,#513);
#391=LINE('',#2173,#514);
#392=LINE('',#2174,#515);
#393=LINE('',#2177,#516);
#394=LINE('',#2181,#517);
#395=LINE('',#2182,#518);
#396=LINE('',#2187,#519);
#397=LINE('',#2189,#520);
#398=LINE('',#2191,#521);
#399=LINE('',#2196,#522);
#400=LINE('',#2201,#523);
#401=LINE('',#2205,#524);
#402=LINE('',#2206,#525);
#403=LINE('',#2211,#526);
#404=LINE('',#2213,#527);
#405=LINE('',#2214,#528);
#406=LINE('',#2219,#529);
#407=LINE('',#2224,#530);
#408=LINE('',#2225,#531);
#409=LINE('',#2226,#532);
#410=LINE('',#2230,#533);
#411=LINE('',#2232,#534);
#412=LINE('',#2234,#535);
#413=LINE('',#2235,#536);
#414=LINE('',#2239,#537);
#415=LINE('',#2243,#538);
#416=LINE('',#2244,#539);
#417=LINE('',#2246,#540);
#418=LINE('',#2249,#541);
#419=LINE('',#2253,#542);
#420=LINE('',#2257,#543);
#421=LINE('',#2261,#544);
#422=LINE('',#2265,#545);
#423=LINE('',#2269,#546);
#424=LINE('',#2273,#547);
#425=LINE('',#2275,#548);
#426=LINE('',#2276,#549);
#427=LINE('',#2277,#550);
#428=LINE('',#2281,#551);
#429=LINE('',#2282,#552);
#430=LINE('',#2285,#553);
#431=LINE('',#2289,#554);
#432=LINE('',#2290,#555);
#433=LINE('',#2293,#556);
#434=LINE('',#2295,#557);
#435=LINE('',#2298,#558);
#436=LINE('',#2299,#559);
#437=LINE('',#2347,#560);
#438=LINE('',#2348,#561);
#439=LINE('',#2350,#562);
#440=LINE('',#2352,#563);
#441=LINE('',#2355,#564);
#442=LINE('',#2359,#565);
#443=LINE('',#2360,#566);
#444=LINE('',#2365,#567);
#445=LINE('',#2370,#568);
#446=LINE('',#2371,#569);
#447=LINE('',#2376,#570);
#448=LINE('',#2378,#571);
#449=LINE('',#2381,#572);
#450=LINE('',#2385,#573);
#451=LINE('',#2390,#574);
#452=LINE('',#2393,#575);
#453=LINE('',#2408,#576);
#454=LINE('',#2412,#577);
#455=LINE('',#2418,#578);
#456=LINE('',#2424,#579);
#457=LINE('',#2430,#580);
#458=LINE('',#2437,#581);
#459=LINE('',#2441,#582);
#460=LINE('',#2447,#583);
#461=LINE('',#2449,#584);
#462=LINE('',#2459,#585);
#463=LINE('',#2474,#586);
#464=LINE('',#2478,#587);
#465=LINE('',#2483,#588);
#466=LINE('',#2487,#589);
#467=LINE('',#2491,#590);
#468=VECTOR('',#1583,10.);
#469=VECTOR('',#1584,10.);
#470=VECTOR('',#1585,10.);
#471=VECTOR('',#1586,10.);
#472=VECTOR('',#1591,10.);
#473=VECTOR('',#1596,10.);
#474=VECTOR('',#1597,10.);
#475=VECTOR('',#1598,10.);
#476=VECTOR('',#1601,10.);
#477=VECTOR('',#1602,10.);
#478=VECTOR('',#1603,10.);
#479=VECTOR('',#1604,10.);
#480=VECTOR('',#1607,10.);
#481=VECTOR('',#1614,10.);
#482=VECTOR('',#1615,10.);
#483=VECTOR('',#1618,10.);
#484=VECTOR('',#1619,10.);
#485=VECTOR('',#1622,10.);
#486=VECTOR('',#1625,10.);
#487=VECTOR('',#1628,10.);
#488=VECTOR('',#1631,10.);
#489=VECTOR('',#1634,10.);
#490=VECTOR('',#1639,10.);
#491=VECTOR('',#1640,10.);
#492=VECTOR('',#1641,10.);
#493=VECTOR('',#1642,10.);
#494=VECTOR('',#1643,10.);
#495=VECTOR('',#1648,10.);
#496=VECTOR('',#1649,10.);
#497=VECTOR('',#1650,10.);
#498=VECTOR('',#1653,10.);
#499=VECTOR('',#1658,10.);
#500=VECTOR('',#1659,10.);
#501=VECTOR('',#1662,10.);
#502=VECTOR('',#1667,10.);
#503=VECTOR('',#1668,10.);
#504=VECTOR('',#1675,10.);
#505=VECTOR('',#1676,10.);
#506=VECTOR('',#1677,10.);
#507=VECTOR('',#1680,30.);
#508=VECTOR('',#1685,10.);
#509=VECTOR('',#1686,10.);
#510=VECTOR('',#1691,10.);
#511=VECTOR('',#1692,10.);
#512=VECTOR('',#1693,10.);
#513=VECTOR('',#1696,10.);
#514=VECTOR('',#1701,10.);
#515=VECTOR('',#1702,10.);
#516=VECTOR('',#1705,10.);
#517=VECTOR('',#1710,10.);
#518=VECTOR('',#1711,10.);
#519=VECTOR('',#1718,20.);
#520=VECTOR('',#1719,10.);
#521=VECTOR('',#1720,10.);
#522=VECTOR('',#1725,10.);
#523=VECTOR('',#1730,10.);
#524=VECTOR('',#1735,30.);
#525=VECTOR('',#1736,10.);
#526=VECTOR('',#1741,10.);
#527=VECTOR('',#1742,10.);
#528=VECTOR('',#1743,10.);
#529=VECTOR('',#1748,10.);
#530=VECTOR('',#1753,10.);
#531=VECTOR('',#1754,10.);
#532=VECTOR('',#1755,10.);
#533=VECTOR('',#1758,10.);
#534=VECTOR('',#1759,10.);
#535=VECTOR('',#1760,10.);
#536=VECTOR('',#1761,10.);
#537=VECTOR('',#1764,10.);
#538=VECTOR('',#1771,10.);
#539=VECTOR('',#1772,10.);
#540=VECTOR('',#1775,10.);
#541=VECTOR('',#1776,10.);
#542=VECTOR('',#1779,10.);
#543=VECTOR('',#1782,10.);
#544=VECTOR('',#1785,10.);
#545=VECTOR('',#1788,10.);
#546=VECTOR('',#1791,10.);
#547=VECTOR('',#1796,10.);
#548=VECTOR('',#1797,10.);
#549=VECTOR('',#1798,10.);
#550=VECTOR('',#1799,10.);
#551=VECTOR('',#1804,10.);
#552=VECTOR('',#1805,10.);
#553=VECTOR('',#1808,10.);
#554=VECTOR('',#1813,10.);
#555=VECTOR('',#1814,10.);
#556=VECTOR('',#1819,10.);
#557=VECTOR('',#1822,10.);
#558=VECTOR('',#1827,10.);
#559=VECTOR('',#1828,10.);
#560=VECTOR('',#1833,10.);
#561=VECTOR('',#1834,10.);
#562=VECTOR('',#1837,10.);
#563=VECTOR('',#1840,10.);
#564=VECTOR('',#1843,10.);
#565=VECTOR('',#1848,10.);
#566=VECTOR('',#1849,10.);
#567=VECTOR('',#1856,10.);
#568=VECTOR('',#1861,10.);
#569=VECTOR('',#1862,20.);
#570=VECTOR('',#1869,10.);
#571=VECTOR('',#1872,10.);
#572=VECTOR('',#1875,5.25);
#573=VECTOR('',#1880,5.25);
#574=VECTOR('',#1887,10.);
#575=VECTOR('',#1890,5.25);
#576=VECTOR('',#1897,5.25);
#577=VECTOR('',#1902,5.25);
#578=VECTOR('',#1909,2.65000000000001);
#579=VECTOR('',#1916,2.64999999999999);
#580=VECTOR('',#1923,2.65);
#581=VECTOR('',#1934,5.25);
#582=VECTOR('',#1939,5.25);
#583=VECTOR('',#1948,10.);
#584=VECTOR('',#1951,10.);
#585=VECTOR('',#1962,5.25);
#586=VECTOR('',#1969,5.25);
#587=VECTOR('',#1974,5.25);
#588=VECTOR('',#1981,2.65000000000001);
#589=VECTOR('',#1986,2.64999999999999);
#590=VECTOR('',#1991,2.65);
#591=VERTEX_POINT('',#2000);
#592=VERTEX_POINT('',#2001);
#593=VERTEX_POINT('',#2003);
#594=VERTEX_POINT('',#2005);
#595=VERTEX_POINT('',#2009);
#596=VERTEX_POINT('',#2011);
#597=VERTEX_POINT('',#2015);
#598=VERTEX_POINT('',#2016);
#599=VERTEX_POINT('',#2021);
#600=VERTEX_POINT('',#2022);
#601=VERTEX_POINT('',#2024);
#602=VERTEX_POINT('',#2026);
#603=VERTEX_POINT('',#2030);
#604=VERTEX_POINT('',#2031);
#605=VERTEX_POINT('',#2040);
#606=VERTEX_POINT('',#2041);
#607=VERTEX_POINT('',#2043);
#608=VERTEX_POINT('',#2045);
#609=VERTEX_POINT('',#2047);
#610=VERTEX_POINT('',#2049);
#611=VERTEX_POINT('',#2052);
#612=VERTEX_POINT('',#2053);
#613=VERTEX_POINT('',#2055);
#614=VERTEX_POINT('',#2057);
#615=VERTEX_POINT('',#2059);
#616=VERTEX_POINT('',#2061);
#617=VERTEX_POINT('',#2065);
#618=VERTEX_POINT('',#2067);
#619=VERTEX_POINT('',#2069);
#620=VERTEX_POINT('',#2071);
#621=VERTEX_POINT('',#2074);
#622=VERTEX_POINT('',#2077);
#623=VERTEX_POINT('',#2079);
#624=VERTEX_POINT('',#2083);
#625=VERTEX_POINT('',#2087);
#626=VERTEX_POINT('',#2091);
#627=VERTEX_POINT('',#2095);
#628=VERTEX_POINT('',#2101);
#629=VERTEX_POINT('',#2103);
#630=VERTEX_POINT('',#2107);
#631=VERTEX_POINT('',#2110);
#632=VERTEX_POINT('',#2111);
#633=VERTEX_POINT('',#2156);
#634=VERTEX_POINT('',#2159);
#635=VERTEX_POINT('',#2162);
#636=VERTEX_POINT('',#2164);
#637=VERTEX_POINT('',#2168);
#638=VERTEX_POINT('',#2172);
#639=VERTEX_POINT('',#2176);
#640=VERTEX_POINT('',#2180);
#641=VERTEX_POINT('',#2186);
#642=VERTEX_POINT('',#2188);
#643=VERTEX_POINT('',#2190);
#644=VERTEX_POINT('',#2192);
#645=VERTEX_POINT('',#2194);
#646=VERTEX_POINT('',#2197);
#647=VERTEX_POINT('',#2200);
#648=VERTEX_POINT('',#2204);
#649=VERTEX_POINT('',#2207);
#650=VERTEX_POINT('',#2210);
#651=VERTEX_POINT('',#2212);
#652=VERTEX_POINT('',#2216);
#653=VERTEX_POINT('',#2218);
#654=VERTEX_POINT('',#2222);
#655=VERTEX_POINT('',#2223);
#656=VERTEX_POINT('',#2228);
#657=VERTEX_POINT('',#2229);
#658=VERTEX_POINT('',#2231);
#659=VERTEX_POINT('',#2233);
#660=VERTEX_POINT('',#2237);
#661=VERTEX_POINT('',#2238);
#662=VERTEX_POINT('',#2247);
#663=VERTEX_POINT('',#2248);
#664=VERTEX_POINT('',#2250);
#665=VERTEX_POINT('',#2252);
#666=VERTEX_POINT('',#2254);
#667=VERTEX_POINT('',#2256);
#668=VERTEX_POINT('',#2259);
#669=VERTEX_POINT('',#2260);
#670=VERTEX_POINT('',#2262);
#671=VERTEX_POINT('',#2264);
#672=VERTEX_POINT('',#2266);
#673=VERTEX_POINT('',#2268);
#674=VERTEX_POINT('',#2272);
#675=VERTEX_POINT('',#2274);
#676=VERTEX_POINT('',#2278);
#677=VERTEX_POINT('',#2284);
#678=VERTEX_POINT('',#2288);
#679=VERTEX_POINT('',#2301);
#680=VERTEX_POINT('',#2302);
#681=VERTEX_POINT('',#2354);
#682=VERTEX_POINT('',#2358);
#683=VERTEX_POINT('',#2364);
#684=VERTEX_POINT('',#2366);
#685=VERTEX_POINT('',#2368);
#686=VERTEX_POINT('',#2372);
#687=VERTEX_POINT('',#2380);
#688=VERTEX_POINT('',#2384);
#689=VERTEX_POINT('',#2386);
#690=VERTEX_POINT('',#2392);
#691=VERTEX_POINT('',#2407);
#692=VERTEX_POINT('',#2411);
#693=VERTEX_POINT('',#2415);
#694=VERTEX_POINT('',#2417);
#695=VERTEX_POINT('',#2421);
#696=VERTEX_POINT('',#2423);
#697=VERTEX_POINT('',#2427);
#698=VERTEX_POINT('',#2429);
#699=VERTEX_POINT('',#2436);
#700=VERTEX_POINT('',#2440);
#701=VERTEX_POINT('',#2442);
#702=VERTEX_POINT('',#2451);
#703=VERTEX_POINT('',#2453);
#704=VERTEX_POINT('',#2455);
#705=VERTEX_POINT('',#2458);
#706=VERTEX_POINT('',#2473);
#707=VERTEX_POINT('',#2477);
#708=VERTEX_POINT('',#2481);
#709=VERTEX_POINT('',#2485);
#710=VERTEX_POINT('',#2489);
#711=EDGE_CURVE('',#591,#592,#345,.T.);
#712=EDGE_CURVE('',#592,#593,#346,.T.);
#713=EDGE_CURVE('',#593,#594,#347,.T.);
#714=EDGE_CURVE('',#594,#591,#348,.T.);
#715=EDGE_CURVE('',#593,#595,#81,.T.);
#716=EDGE_CURVE('',#595,#596,#349,.T.);
#717=EDGE_CURVE('',#596,#594,#82,.T.);
#718=EDGE_CURVE('',#597,#598,#350,.T.);
#719=EDGE_CURVE('',#598,#596,#351,.T.);
#720=EDGE_CURVE('',#595,#597,#352,.T.);
#721=EDGE_CURVE('',#599,#600,#353,.T.);
#722=EDGE_CURVE('',#600,#601,#354,.T.);
#723=EDGE_CURVE('',#601,#602,#355,.T.);
#724=EDGE_CURVE('',#602,#599,#356,.T.);
#725=EDGE_CURVE('',#603,#604,#357,.T.);
#726=EDGE_CURVE('',#604,#602,#83,.T.);
#727=EDGE_CURVE('',#601,#603,#84,.T.);
#728=EDGE_CURVE('',#597,#604,#358,.T.);
#729=EDGE_CURVE('',#603,#598,#359,.T.);
#730=EDGE_CURVE('',#591,#600,#360,.T.);
#731=EDGE_CURVE('',#605,#606,#361,.T.);
#732=EDGE_CURVE('',#607,#605,#85,.T.);
#733=EDGE_CURVE('',#608,#607,#362,.T.);
#734=EDGE_CURVE('',#609,#608,#86,.T.);
#735=EDGE_CURVE('',#610,#609,#363,.T.);
#736=EDGE_CURVE('',#606,#610,#87,.T.);
#737=EDGE_CURVE('',#611,#612,#364,.T.);
#738=EDGE_CURVE('',#613,#611,#88,.T.);
#739=EDGE_CURVE('',#614,#613,#365,.T.);
#740=EDGE_CURVE('',#615,#614,#89,.T.);
#741=EDGE_CURVE('',#616,#615,#366,.T.);
#742=EDGE_CURVE('',#612,#616,#90,.T.);
#743=EDGE_CURVE('',#617,#602,#367,.T.);
#744=EDGE_CURVE('',#618,#617,#368,.T.);
#745=EDGE_CURVE('',#619,#618,#369,.T.);
#746=EDGE_CURVE('',#620,#619,#370,.T.);
#747=EDGE_CURVE('',#599,#620,#371,.T.);
#748=EDGE_CURVE('',#621,#621,#45,.T.);
#749=EDGE_CURVE('',#606,#622,#372,.T.);
#750=EDGE_CURVE('',#622,#623,#373,.T.);
#751=EDGE_CURVE('',#623,#605,#374,.T.);
#752=EDGE_CURVE('',#610,#624,#375,.T.);
#753=EDGE_CURVE('',#624,#622,#91,.T.);
#754=EDGE_CURVE('',#609,#625,#376,.T.);
#755=EDGE_CURVE('',#625,#624,#377,.T.);
#756=EDGE_CURVE('',#608,#626,#378,.T.);
#757=EDGE_CURVE('',#626,#625,#92,.T.);
#758=EDGE_CURVE('',#607,#627,#379,.T.);
#759=EDGE_CURVE('',#627,#626,#380,.T.);
#760=EDGE_CURVE('',#623,#627,#93,.T.);
#761=EDGE_CURVE('',#628,#627,#381,.T.);
#762=EDGE_CURVE('',#629,#628,#382,.T.);
#763=EDGE_CURVE('',#626,#629,#383,.T.);
#764=EDGE_CURVE('',#630,#623,#384,.T.);
#765=EDGE_CURVE('',#628,#630,#94,.T.);
#766=EDGE_CURVE('',#631,#632,#15,.T.);
#767=EDGE_CURVE('',#632,#631,#16,.T.);
#768=EDGE_CURVE('',#633,#622,#385,.T.);
#769=EDGE_CURVE('',#630,#633,#386,.T.);
#770=EDGE_CURVE('',#634,#634,#95,.T.);
#771=EDGE_CURVE('',#635,#611,#387,.T.);
#772=EDGE_CURVE('',#612,#636,#388,.T.);
#773=EDGE_CURVE('',#636,#635,#389,.T.);
#774=EDGE_CURVE('',#637,#613,#390,.T.);
#775=EDGE_CURVE('',#635,#637,#96,.T.);
#776=EDGE_CURVE('',#638,#614,#391,.T.);
#777=EDGE_CURVE('',#637,#638,#392,.T.);
#778=EDGE_CURVE('',#639,#615,#393,.T.);
#779=EDGE_CURVE('',#638,#639,#97,.T.);
#780=EDGE_CURVE('',#640,#616,#394,.T.);
#781=EDGE_CURVE('',#639,#640,#395,.T.);
#782=EDGE_CURVE('',#640,#636,#98,.T.);
#783=EDGE_CURVE('',#641,#637,#396,.T.);
#784=EDGE_CURVE('',#642,#641,#397,.T.);
#785=EDGE_CURVE('',#643,#642,#398,.T.);
#786=EDGE_CURVE('',#644,#643,#99,.T.);
#787=EDGE_CURVE('',#645,#644,#100,.T.);
#788=EDGE_CURVE('',#645,#638,#399,.T.);
#789=EDGE_CURVE('',#646,#646,#101,.T.);
#790=EDGE_CURVE('',#647,#635,#400,.T.);
#791=EDGE_CURVE('',#641,#647,#102,.T.);
#792=EDGE_CURVE('',#648,#636,#401,.T.);
#793=EDGE_CURVE('',#647,#648,#402,.T.);
#794=EDGE_CURVE('',#649,#649,#103,.T.);
#795=EDGE_CURVE('',#650,#618,#403,.T.);
#796=EDGE_CURVE('',#617,#651,#404,.T.);
#797=EDGE_CURVE('',#651,#650,#405,.T.);
#798=EDGE_CURVE('',#617,#652,#104,.T.);
#799=EDGE_CURVE('',#652,#653,#406,.T.);
#800=EDGE_CURVE('',#653,#651,#105,.T.);
#801=EDGE_CURVE('',#654,#655,#407,.T.);
#802=EDGE_CURVE('',#655,#653,#408,.T.);
#803=EDGE_CURVE('',#652,#654,#409,.T.);
#804=EDGE_CURVE('',#656,#657,#410,.T.);
#805=EDGE_CURVE('',#657,#658,#411,.T.);
#806=EDGE_CURVE('',#658,#659,#412,.T.);
#807=EDGE_CURVE('',#659,#656,#413,.T.);
#808=EDGE_CURVE('',#660,#661,#414,.T.);
#809=EDGE_CURVE('',#661,#659,#106,.T.);
#810=EDGE_CURVE('',#658,#660,#107,.T.);
#811=EDGE_CURVE('',#654,#661,#415,.T.);
#812=EDGE_CURVE('',#660,#655,#416,.T.);
#813=EDGE_CURVE('',#650,#657,#417,.T.);
#814=EDGE_CURVE('',#662,#663,#418,.T.);
#815=EDGE_CURVE('',#664,#662,#108,.T.);
#816=EDGE_CURVE('',#665,#664,#419,.T.);
#817=EDGE_CURVE('',#666,#665,#109,.T.);
#818=EDGE_CURVE('',#667,#666,#420,.T.);
#819=EDGE_CURVE('',#663,#667,#110,.T.);
#820=EDGE_CURVE('',#668,#669,#421,.T.);
#821=EDGE_CURVE('',#670,#668,#111,.T.);
#822=EDGE_CURVE('',#671,#670,#422,.T.);
#823=EDGE_CURVE('',#672,#671,#112,.T.);
#824=EDGE_CURVE('',#673,#672,#423,.T.);
#825=EDGE_CURVE('',#669,#673,#113,.T.);
#826=EDGE_CURVE('',#592,#674,#424,.T.);
#827=EDGE_CURVE('',#674,#675,#425,.T.);
#828=EDGE_CURVE('',#675,#656,#426,.T.);
#829=EDGE_CURVE('',#593,#659,#427,.T.);
#830=EDGE_CURVE('',#676,#676,#46,.T.);
#831=EDGE_CURVE('',#648,#662,#428,.T.);
#832=EDGE_CURVE('',#663,#647,#429,.T.);
#833=EDGE_CURVE('',#677,#664,#430,.T.);
#834=EDGE_CURVE('',#648,#677,#114,.T.);
#835=EDGE_CURVE('',#678,#665,#431,.T.);
#836=EDGE_CURVE('',#677,#678,#432,.T.);
#837=EDGE_CURVE('',#678,#642,#115,.T.);
#838=EDGE_CURVE('',#642,#666,#433,.T.);
#839=EDGE_CURVE('',#641,#667,#434,.T.);
#840=EDGE_CURVE('',#639,#678,#435,.T.);
#841=EDGE_CURVE('',#677,#640,#436,.T.);
#842=EDGE_CURVE('',#679,#680,#17,.T.);
#843=EDGE_CURVE('',#680,#679,#18,.T.);
#844=EDGE_CURVE('',#669,#630,#437,.T.);
#845=EDGE_CURVE('',#633,#668,#438,.T.);
#846=EDGE_CURVE('',#673,#628,#439,.T.);
#847=EDGE_CURVE('',#672,#629,#440,.T.);
#848=EDGE_CURVE('',#671,#681,#441,.T.);
#849=EDGE_CURVE('',#681,#629,#116,.T.);
#850=EDGE_CURVE('',#670,#682,#442,.T.);
#851=EDGE_CURVE('',#682,#681,#443,.T.);
#852=EDGE_CURVE('',#633,#682,#117,.T.);
#853=EDGE_CURVE('',#683,#625,#444,.T.);
#854=EDGE_CURVE('',#683,#684,#118,.T.);
#855=EDGE_CURVE('',#684,#685,#119,.T.);
#856=EDGE_CURVE('',#685,#681,#445,.T.);
#857=EDGE_CURVE('',#682,#624,#446,.T.);
#858=EDGE_CURVE('',#686,#686,#120,.T.);
#859=EDGE_CURVE('',#661,#595,#447,.T.);
#860=EDGE_CURVE('',#604,#652,#448,.T.);
#861=EDGE_CURVE('',#649,#687,#449,.T.);
#862=EDGE_CURVE('',#687,#687,#47,.T.);
#863=EDGE_CURVE('',#680,#688,#450,.T.);
#864=EDGE_CURVE('',#688,#689,#48,.T.);
#865=EDGE_CURVE('',#689,#688,#49,.T.);
#866=EDGE_CURVE('',#654,#597,#451,.T.);
#867=EDGE_CURVE('',#621,#690,#452,.T.);
#868=EDGE_CURVE('',#690,#690,#121,.T.);
#869=EDGE_CURVE('',#645,#643,#19,.F.);
#870=EDGE_CURVE('',#646,#691,#453,.T.);
#871=EDGE_CURVE('',#691,#691,#122,.T.);
#872=EDGE_CURVE('',#644,#692,#454,.T.);
#873=EDGE_CURVE('',#692,#692,#123,.T.);
#874=EDGE_CURVE('',#693,#693,#124,.T.);
#875=EDGE_CURVE('',#693,#694,#455,.T.);
#876=EDGE_CURVE('',#694,#694,#125,.T.);
#877=EDGE_CURVE('',#695,#695,#126,.T.);
#878=EDGE_CURVE('',#695,#696,#456,.T.);
#879=EDGE_CURVE('',#696,#696,#127,.T.);
#880=EDGE_CURVE('',#697,#697,#128,.T.);
#881=EDGE_CURVE('',#697,#698,#457,.T.);
#882=EDGE_CURVE('',#698,#698,#129,.T.);
#883=EDGE_CURVE('',#634,#699,#458,.T.);
#884=EDGE_CURVE('',#699,#699,#50,.T.);
#885=EDGE_CURVE('',#632,#700,#459,.T.);
#886=EDGE_CURVE('',#701,#700,#51,.T.);
#887=EDGE_CURVE('',#700,#701,#52,.T.);
#888=EDGE_CURVE('',#674,#620,#460,.T.);
#889=EDGE_CURVE('',#675,#619,#461,.T.);
#890=EDGE_CURVE('',#702,#702,#130,.T.);
#891=EDGE_CURVE('',#703,#703,#131,.T.);
#892=EDGE_CURVE('',#704,#704,#132,.T.);
#893=EDGE_CURVE('',#676,#705,#462,.T.);
#894=EDGE_CURVE('',#705,#705,#133,.T.);
#895=EDGE_CURVE('',#683,#685,#20,.F.);
#896=EDGE_CURVE('',#686,#706,#463,.T.);
#897=EDGE_CURVE('',#706,#706,#134,.T.);
#898=EDGE_CURVE('',#684,#707,#464,.T.);
#899=EDGE_CURVE('',#707,#707,#135,.T.);
#900=EDGE_CURVE('',#708,#708,#136,.T.);
#901=EDGE_CURVE('',#708,#702,#465,.T.);
#902=EDGE_CURVE('',#709,#709,#137,.T.);
#903=EDGE_CURVE('',#709,#703,#466,.T.);
#904=EDGE_CURVE('',#710,#710,#138,.T.);
#905=EDGE_CURVE('',#710,#704,#467,.T.);
#906=ORIENTED_EDGE('',*,*,#711,.T.);
#907=ORIENTED_EDGE('',*,*,#712,.T.);
#908=ORIENTED_EDGE('',*,*,#713,.T.);
#909=ORIENTED_EDGE('',*,*,#714,.T.);
#910=ORIENTED_EDGE('',*,*,#713,.F.);
#911=ORIENTED_EDGE('',*,*,#715,.T.);
#912=ORIENTED_EDGE('',*,*,#716,.T.);
#913=ORIENTED_EDGE('',*,*,#717,.T.);
#914=ORIENTED_EDGE('',*,*,#718,.T.);
#915=ORIENTED_EDGE('',*,*,#719,.T.);
#916=ORIENTED_EDGE('',*,*,#716,.F.);
#917=ORIENTED_EDGE('',*,*,#720,.T.);
#918=ORIENTED_EDGE('',*,*,#721,.T.);
#919=ORIENTED_EDGE('',*,*,#722,.T.);
#920=ORIENTED_EDGE('',*,*,#723,.T.);
#921=ORIENTED_EDGE('',*,*,#724,.T.);
#922=ORIENTED_EDGE('',*,*,#725,.T.);
#923=ORIENTED_EDGE('',*,*,#726,.T.);
#924=ORIENTED_EDGE('',*,*,#723,.F.);
#925=ORIENTED_EDGE('',*,*,#727,.T.);
#926=ORIENTED_EDGE('',*,*,#718,.F.);
#927=ORIENTED_EDGE('',*,*,#728,.T.);
#928=ORIENTED_EDGE('',*,*,#725,.F.);
#929=ORIENTED_EDGE('',*,*,#729,.T.);
#930=ORIENTED_EDGE('',*,*,#714,.F.);
#931=ORIENTED_EDGE('',*,*,#717,.F.);
#932=ORIENTED_EDGE('',*,*,#719,.F.);
#933=ORIENTED_EDGE('',*,*,#729,.F.);
#934=ORIENTED_EDGE('',*,*,#727,.F.);
#935=ORIENTED_EDGE('',*,*,#722,.F.);
#936=ORIENTED_EDGE('',*,*,#730,.F.);
#937=ORIENTED_EDGE('',*,*,#731,.F.);
#938=ORIENTED_EDGE('',*,*,#732,.F.);
#939=ORIENTED_EDGE('',*,*,#733,.F.);
#940=ORIENTED_EDGE('',*,*,#734,.F.);
#941=ORIENTED_EDGE('',*,*,#735,.F.);
#942=ORIENTED_EDGE('',*,*,#736,.F.);
#943=ORIENTED_EDGE('',*,*,#737,.F.);
#944=ORIENTED_EDGE('',*,*,#738,.F.);
#945=ORIENTED_EDGE('',*,*,#739,.F.);
#946=ORIENTED_EDGE('',*,*,#740,.F.);
#947=ORIENTED_EDGE('',*,*,#741,.F.);
#948=ORIENTED_EDGE('',*,*,#742,.F.);
#949=ORIENTED_EDGE('',*,*,#724,.F.);
#950=ORIENTED_EDGE('',*,*,#743,.F.);
#951=ORIENTED_EDGE('',*,*,#744,.F.);
#952=ORIENTED_EDGE('',*,*,#745,.F.);
#953=ORIENTED_EDGE('',*,*,#746,.F.);
#954=ORIENTED_EDGE('',*,*,#747,.F.);
#955=ORIENTED_EDGE('',*,*,#748,.F.);
#956=ORIENTED_EDGE('',*,*,#749,.T.);
#957=ORIENTED_EDGE('',*,*,#750,.T.);
#958=ORIENTED_EDGE('',*,*,#751,.T.);
#959=ORIENTED_EDGE('',*,*,#731,.T.);
#960=ORIENTED_EDGE('',*,*,#752,.T.);
#961=ORIENTED_EDGE('',*,*,#753,.T.);
#962=ORIENTED_EDGE('',*,*,#749,.F.);
#963=ORIENTED_EDGE('',*,*,#736,.T.);
#964=ORIENTED_EDGE('',*,*,#754,.T.);
#965=ORIENTED_EDGE('',*,*,#755,.T.);
#966=ORIENTED_EDGE('',*,*,#752,.F.);
#967=ORIENTED_EDGE('',*,*,#735,.T.);
#968=ORIENTED_EDGE('',*,*,#756,.T.);
#969=ORIENTED_EDGE('',*,*,#757,.T.);
#970=ORIENTED_EDGE('',*,*,#754,.F.);
#971=ORIENTED_EDGE('',*,*,#734,.T.);
#972=ORIENTED_EDGE('',*,*,#758,.T.);
#973=ORIENTED_EDGE('',*,*,#759,.T.);
#974=ORIENTED_EDGE('',*,*,#756,.F.);
#975=ORIENTED_EDGE('',*,*,#733,.T.);
#976=ORIENTED_EDGE('',*,*,#758,.F.);
#977=ORIENTED_EDGE('',*,*,#732,.T.);
#978=ORIENTED_EDGE('',*,*,#751,.F.);
#979=ORIENTED_EDGE('',*,*,#760,.T.);
#980=ORIENTED_EDGE('',*,*,#759,.F.);
#981=ORIENTED_EDGE('',*,*,#761,.F.);
#982=ORIENTED_EDGE('',*,*,#762,.F.);
#983=ORIENTED_EDGE('',*,*,#763,.F.);
#984=ORIENTED_EDGE('',*,*,#760,.F.);
#985=ORIENTED_EDGE('',*,*,#764,.F.);
#986=ORIENTED_EDGE('',*,*,#765,.F.);
#987=ORIENTED_EDGE('',*,*,#761,.T.);
#988=ORIENTED_EDGE('',*,*,#766,.T.);
#989=ORIENTED_EDGE('',*,*,#767,.T.);
#990=ORIENTED_EDGE('',*,*,#750,.F.);
#991=ORIENTED_EDGE('',*,*,#768,.F.);
#992=ORIENTED_EDGE('',*,*,#769,.F.);
#993=ORIENTED_EDGE('',*,*,#764,.T.);
#994=ORIENTED_EDGE('',*,*,#770,.T.);
#995=ORIENTED_EDGE('',*,*,#771,.T.);
#996=ORIENTED_EDGE('',*,*,#737,.T.);
#997=ORIENTED_EDGE('',*,*,#772,.T.);
#998=ORIENTED_EDGE('',*,*,#773,.T.);
#999=ORIENTED_EDGE('',*,*,#774,.T.);
#1000=ORIENTED_EDGE('',*,*,#738,.T.);
#1001=ORIENTED_EDGE('',*,*,#771,.F.);
#1002=ORIENTED_EDGE('',*,*,#775,.T.);
#1003=ORIENTED_EDGE('',*,*,#776,.T.);
#1004=ORIENTED_EDGE('',*,*,#739,.T.);
#1005=ORIENTED_EDGE('',*,*,#774,.F.);
#1006=ORIENTED_EDGE('',*,*,#777,.T.);
#1007=ORIENTED_EDGE('',*,*,#778,.T.);
#1008=ORIENTED_EDGE('',*,*,#740,.T.);
#1009=ORIENTED_EDGE('',*,*,#776,.F.);
#1010=ORIENTED_EDGE('',*,*,#779,.T.);
#1011=ORIENTED_EDGE('',*,*,#780,.T.);
#1012=ORIENTED_EDGE('',*,*,#741,.T.);
#1013=ORIENTED_EDGE('',*,*,#778,.F.);
#1014=ORIENTED_EDGE('',*,*,#781,.T.);
#1015=ORIENTED_EDGE('',*,*,#780,.F.);
#1016=ORIENTED_EDGE('',*,*,#782,.T.);
#1017=ORIENTED_EDGE('',*,*,#772,.F.);
#1018=ORIENTED_EDGE('',*,*,#742,.T.);
#1019=ORIENTED_EDGE('',*,*,#777,.F.);
#1020=ORIENTED_EDGE('',*,*,#783,.F.);
#1021=ORIENTED_EDGE('',*,*,#784,.F.);
#1022=ORIENTED_EDGE('',*,*,#785,.F.);
#1023=ORIENTED_EDGE('',*,*,#786,.F.);
#1024=ORIENTED_EDGE('',*,*,#787,.F.);
#1025=ORIENTED_EDGE('',*,*,#788,.T.);
#1026=ORIENTED_EDGE('',*,*,#789,.F.);
#1027=ORIENTED_EDGE('',*,*,#775,.F.);
#1028=ORIENTED_EDGE('',*,*,#790,.F.);
#1029=ORIENTED_EDGE('',*,*,#791,.F.);
#1030=ORIENTED_EDGE('',*,*,#783,.T.);
#1031=ORIENTED_EDGE('',*,*,#773,.F.);
#1032=ORIENTED_EDGE('',*,*,#792,.F.);
#1033=ORIENTED_EDGE('',*,*,#793,.F.);
#1034=ORIENTED_EDGE('',*,*,#790,.T.);
#1035=ORIENTED_EDGE('',*,*,#794,.F.);
#1036=ORIENTED_EDGE('',*,*,#795,.T.);
#1037=ORIENTED_EDGE('',*,*,#744,.T.);
#1038=ORIENTED_EDGE('',*,*,#796,.T.);
#1039=ORIENTED_EDGE('',*,*,#797,.T.);
#1040=ORIENTED_EDGE('',*,*,#796,.F.);
#1041=ORIENTED_EDGE('',*,*,#798,.T.);
#1042=ORIENTED_EDGE('',*,*,#799,.T.);
#1043=ORIENTED_EDGE('',*,*,#800,.T.);
#1044=ORIENTED_EDGE('',*,*,#801,.T.);
#1045=ORIENTED_EDGE('',*,*,#802,.T.);
#1046=ORIENTED_EDGE('',*,*,#799,.F.);
#1047=ORIENTED_EDGE('',*,*,#803,.T.);
#1048=ORIENTED_EDGE('',*,*,#804,.T.);
#1049=ORIENTED_EDGE('',*,*,#805,.T.);
#1050=ORIENTED_EDGE('',*,*,#806,.T.);
#1051=ORIENTED_EDGE('',*,*,#807,.T.);
#1052=ORIENTED_EDGE('',*,*,#808,.T.);
#1053=ORIENTED_EDGE('',*,*,#809,.T.);
#1054=ORIENTED_EDGE('',*,*,#806,.F.);
#1055=ORIENTED_EDGE('',*,*,#810,.T.);
#1056=ORIENTED_EDGE('',*,*,#801,.F.);
#1057=ORIENTED_EDGE('',*,*,#811,.T.);
#1058=ORIENTED_EDGE('',*,*,#808,.F.);
#1059=ORIENTED_EDGE('',*,*,#812,.T.);
#1060=ORIENTED_EDGE('',*,*,#797,.F.);
#1061=ORIENTED_EDGE('',*,*,#800,.F.);
#1062=ORIENTED_EDGE('',*,*,#802,.F.);
#1063=ORIENTED_EDGE('',*,*,#812,.F.);
#1064=ORIENTED_EDGE('',*,*,#810,.F.);
#1065=ORIENTED_EDGE('',*,*,#805,.F.);
#1066=ORIENTED_EDGE('',*,*,#813,.F.);
#1067=ORIENTED_EDGE('',*,*,#814,.F.);
#1068=ORIENTED_EDGE('',*,*,#815,.F.);
#1069=ORIENTED_EDGE('',*,*,#816,.F.);
#1070=ORIENTED_EDGE('',*,*,#817,.F.);
#1071=ORIENTED_EDGE('',*,*,#818,.F.);
#1072=ORIENTED_EDGE('',*,*,#819,.F.);
#1073=ORIENTED_EDGE('',*,*,#820,.F.);
#1074=ORIENTED_EDGE('',*,*,#821,.F.);
#1075=ORIENTED_EDGE('',*,*,#822,.F.);
#1076=ORIENTED_EDGE('',*,*,#823,.F.);
#1077=ORIENTED_EDGE('',*,*,#824,.F.);
#1078=ORIENTED_EDGE('',*,*,#825,.F.);
#1079=ORIENTED_EDGE('',*,*,#712,.F.);
#1080=ORIENTED_EDGE('',*,*,#826,.T.);
#1081=ORIENTED_EDGE('',*,*,#827,.T.);
#1082=ORIENTED_EDGE('',*,*,#828,.T.);
#1083=ORIENTED_EDGE('',*,*,#807,.F.);
#1084=ORIENTED_EDGE('',*,*,#829,.F.);
#1085=ORIENTED_EDGE('',*,*,#830,.T.);
#1086=ORIENTED_EDGE('',*,*,#831,.T.);
#1087=ORIENTED_EDGE('',*,*,#814,.T.);
#1088=ORIENTED_EDGE('',*,*,#832,.T.);
#1089=ORIENTED_EDGE('',*,*,#793,.T.);
#1090=ORIENTED_EDGE('',*,*,#833,.T.);
#1091=ORIENTED_EDGE('',*,*,#815,.T.);
#1092=ORIENTED_EDGE('',*,*,#831,.F.);
#1093=ORIENTED_EDGE('',*,*,#834,.T.);
#1094=ORIENTED_EDGE('',*,*,#835,.T.);
#1095=ORIENTED_EDGE('',*,*,#816,.T.);
#1096=ORIENTED_EDGE('',*,*,#833,.F.);
#1097=ORIENTED_EDGE('',*,*,#836,.T.);
#1098=ORIENTED_EDGE('',*,*,#835,.F.);
#1099=ORIENTED_EDGE('',*,*,#837,.T.);
#1100=ORIENTED_EDGE('',*,*,#838,.T.);
#1101=ORIENTED_EDGE('',*,*,#817,.T.);
#1102=ORIENTED_EDGE('',*,*,#839,.T.);
#1103=ORIENTED_EDGE('',*,*,#818,.T.);
#1104=ORIENTED_EDGE('',*,*,#838,.F.);
#1105=ORIENTED_EDGE('',*,*,#784,.T.);
#1106=ORIENTED_EDGE('',*,*,#832,.F.);
#1107=ORIENTED_EDGE('',*,*,#819,.T.);
#1108=ORIENTED_EDGE('',*,*,#839,.F.);
#1109=ORIENTED_EDGE('',*,*,#791,.T.);
#1110=ORIENTED_EDGE('',*,*,#781,.F.);
#1111=ORIENTED_EDGE('',*,*,#840,.T.);
#1112=ORIENTED_EDGE('',*,*,#836,.F.);
#1113=ORIENTED_EDGE('',*,*,#841,.T.);
#1114=ORIENTED_EDGE('',*,*,#782,.F.);
#1115=ORIENTED_EDGE('',*,*,#841,.F.);
#1116=ORIENTED_EDGE('',*,*,#834,.F.);
#1117=ORIENTED_EDGE('',*,*,#792,.T.);
#1118=ORIENTED_EDGE('',*,*,#842,.F.);
#1119=ORIENTED_EDGE('',*,*,#843,.F.);
#1120=ORIENTED_EDGE('',*,*,#844,.T.);
#1121=ORIENTED_EDGE('',*,*,#769,.T.);
#1122=ORIENTED_EDGE('',*,*,#845,.T.);
#1123=ORIENTED_EDGE('',*,*,#820,.T.);
#1124=ORIENTED_EDGE('',*,*,#846,.T.);
#1125=ORIENTED_EDGE('',*,*,#765,.T.);
#1126=ORIENTED_EDGE('',*,*,#844,.F.);
#1127=ORIENTED_EDGE('',*,*,#825,.T.);
#1128=ORIENTED_EDGE('',*,*,#847,.T.);
#1129=ORIENTED_EDGE('',*,*,#762,.T.);
#1130=ORIENTED_EDGE('',*,*,#846,.F.);
#1131=ORIENTED_EDGE('',*,*,#824,.T.);
#1132=ORIENTED_EDGE('',*,*,#847,.F.);
#1133=ORIENTED_EDGE('',*,*,#823,.T.);
#1134=ORIENTED_EDGE('',*,*,#848,.T.);
#1135=ORIENTED_EDGE('',*,*,#849,.T.);
#1136=ORIENTED_EDGE('',*,*,#850,.T.);
#1137=ORIENTED_EDGE('',*,*,#851,.T.);
#1138=ORIENTED_EDGE('',*,*,#848,.F.);
#1139=ORIENTED_EDGE('',*,*,#822,.T.);
#1140=ORIENTED_EDGE('',*,*,#845,.F.);
#1141=ORIENTED_EDGE('',*,*,#852,.T.);
#1142=ORIENTED_EDGE('',*,*,#850,.F.);
#1143=ORIENTED_EDGE('',*,*,#821,.T.);
#1144=ORIENTED_EDGE('',*,*,#755,.F.);
#1145=ORIENTED_EDGE('',*,*,#853,.F.);
#1146=ORIENTED_EDGE('',*,*,#854,.T.);
#1147=ORIENTED_EDGE('',*,*,#855,.T.);
#1148=ORIENTED_EDGE('',*,*,#856,.T.);
#1149=ORIENTED_EDGE('',*,*,#851,.F.);
#1150=ORIENTED_EDGE('',*,*,#857,.T.);
#1151=ORIENTED_EDGE('',*,*,#858,.T.);
#1152=ORIENTED_EDGE('',*,*,#753,.F.);
#1153=ORIENTED_EDGE('',*,*,#857,.F.);
#1154=ORIENTED_EDGE('',*,*,#852,.F.);
#1155=ORIENTED_EDGE('',*,*,#768,.T.);
#1156=ORIENTED_EDGE('',*,*,#715,.F.);
#1157=ORIENTED_EDGE('',*,*,#829,.T.);
#1158=ORIENTED_EDGE('',*,*,#809,.F.);
#1159=ORIENTED_EDGE('',*,*,#859,.T.);
#1160=ORIENTED_EDGE('',*,*,#726,.F.);
#1161=ORIENTED_EDGE('',*,*,#860,.T.);
#1162=ORIENTED_EDGE('',*,*,#798,.F.);
#1163=ORIENTED_EDGE('',*,*,#743,.T.);
#1164=ORIENTED_EDGE('',*,*,#794,.T.);
#1165=ORIENTED_EDGE('',*,*,#861,.T.);
#1166=ORIENTED_EDGE('',*,*,#862,.T.);
#1167=ORIENTED_EDGE('',*,*,#861,.F.);
#1168=ORIENTED_EDGE('',*,*,#842,.T.);
#1169=ORIENTED_EDGE('',*,*,#863,.T.);
#1170=ORIENTED_EDGE('',*,*,#864,.T.);
#1171=ORIENTED_EDGE('',*,*,#865,.T.);
#1172=ORIENTED_EDGE('',*,*,#863,.F.);
#1173=ORIENTED_EDGE('',*,*,#843,.T.);
#1174=ORIENTED_EDGE('',*,*,#728,.F.);
#1175=ORIENTED_EDGE('',*,*,#866,.F.);
#1176=ORIENTED_EDGE('',*,*,#803,.F.);
#1177=ORIENTED_EDGE('',*,*,#860,.F.);
#1178=ORIENTED_EDGE('',*,*,#862,.F.);
#1179=ORIENTED_EDGE('',*,*,#865,.F.);
#1180=ORIENTED_EDGE('',*,*,#864,.F.);
#1181=ORIENTED_EDGE('',*,*,#748,.T.);
#1182=ORIENTED_EDGE('',*,*,#867,.T.);
#1183=ORIENTED_EDGE('',*,*,#868,.F.);
#1184=ORIENTED_EDGE('',*,*,#867,.F.);
#1185=ORIENTED_EDGE('',*,*,#779,.F.);
#1186=ORIENTED_EDGE('',*,*,#788,.F.);
#1187=ORIENTED_EDGE('',*,*,#869,.T.);
#1188=ORIENTED_EDGE('',*,*,#785,.T.);
#1189=ORIENTED_EDGE('',*,*,#837,.F.);
#1190=ORIENTED_EDGE('',*,*,#840,.F.);
#1191=ORIENTED_EDGE('',*,*,#789,.T.);
#1192=ORIENTED_EDGE('',*,*,#870,.T.);
#1193=ORIENTED_EDGE('',*,*,#871,.F.);
#1194=ORIENTED_EDGE('',*,*,#870,.F.);
#1195=ORIENTED_EDGE('',*,*,#787,.T.);
#1196=ORIENTED_EDGE('',*,*,#872,.T.);
#1197=ORIENTED_EDGE('',*,*,#873,.F.);
#1198=ORIENTED_EDGE('',*,*,#872,.F.);
#1199=ORIENTED_EDGE('',*,*,#786,.T.);
#1200=ORIENTED_EDGE('',*,*,#869,.F.);
#1201=ORIENTED_EDGE('',*,*,#874,.T.);
#1202=ORIENTED_EDGE('',*,*,#875,.T.);
#1203=ORIENTED_EDGE('',*,*,#876,.T.);
#1204=ORIENTED_EDGE('',*,*,#875,.F.);
#1205=ORIENTED_EDGE('',*,*,#877,.T.);
#1206=ORIENTED_EDGE('',*,*,#878,.T.);
#1207=ORIENTED_EDGE('',*,*,#879,.T.);
#1208=ORIENTED_EDGE('',*,*,#878,.F.);
#1209=ORIENTED_EDGE('',*,*,#880,.T.);
#1210=ORIENTED_EDGE('',*,*,#881,.T.);
#1211=ORIENTED_EDGE('',*,*,#882,.T.);
#1212=ORIENTED_EDGE('',*,*,#881,.F.);
#1213=ORIENTED_EDGE('',*,*,#868,.T.);
#1214=ORIENTED_EDGE('',*,*,#874,.F.);
#1215=ORIENTED_EDGE('',*,*,#873,.T.);
#1216=ORIENTED_EDGE('',*,*,#877,.F.);
#1217=ORIENTED_EDGE('',*,*,#871,.T.);
#1218=ORIENTED_EDGE('',*,*,#880,.F.);
#1219=ORIENTED_EDGE('',*,*,#770,.F.);
#1220=ORIENTED_EDGE('',*,*,#883,.T.);
#1221=ORIENTED_EDGE('',*,*,#884,.F.);
#1222=ORIENTED_EDGE('',*,*,#883,.F.);
#1223=ORIENTED_EDGE('',*,*,#766,.F.);
#1224=ORIENTED_EDGE('',*,*,#767,.F.);
#1225=ORIENTED_EDGE('',*,*,#885,.T.);
#1226=ORIENTED_EDGE('',*,*,#886,.F.);
#1227=ORIENTED_EDGE('',*,*,#887,.F.);
#1228=ORIENTED_EDGE('',*,*,#885,.F.);
#1229=ORIENTED_EDGE('',*,*,#720,.F.);
#1230=ORIENTED_EDGE('',*,*,#859,.F.);
#1231=ORIENTED_EDGE('',*,*,#811,.F.);
#1232=ORIENTED_EDGE('',*,*,#866,.T.);
#1233=ORIENTED_EDGE('',*,*,#884,.T.);
#1234=ORIENTED_EDGE('',*,*,#886,.T.);
#1235=ORIENTED_EDGE('',*,*,#887,.T.);
#1236=ORIENTED_EDGE('',*,*,#711,.F.);
#1237=ORIENTED_EDGE('',*,*,#730,.T.);
#1238=ORIENTED_EDGE('',*,*,#721,.F.);
#1239=ORIENTED_EDGE('',*,*,#747,.T.);
#1240=ORIENTED_EDGE('',*,*,#888,.F.);
#1241=ORIENTED_EDGE('',*,*,#826,.F.);
#1242=ORIENTED_EDGE('',*,*,#889,.F.);
#1243=ORIENTED_EDGE('',*,*,#827,.F.);
#1244=ORIENTED_EDGE('',*,*,#888,.T.);
#1245=ORIENTED_EDGE('',*,*,#746,.T.);
#1246=ORIENTED_EDGE('',*,*,#795,.F.);
#1247=ORIENTED_EDGE('',*,*,#813,.T.);
#1248=ORIENTED_EDGE('',*,*,#804,.F.);
#1249=ORIENTED_EDGE('',*,*,#828,.F.);
#1250=ORIENTED_EDGE('',*,*,#889,.T.);
#1251=ORIENTED_EDGE('',*,*,#745,.T.);
#1252=ORIENTED_EDGE('',*,*,#882,.F.);
#1253=ORIENTED_EDGE('',*,*,#879,.F.);
#1254=ORIENTED_EDGE('',*,*,#876,.F.);
#1255=ORIENTED_EDGE('',*,*,#890,.T.);
#1256=ORIENTED_EDGE('',*,*,#891,.T.);
#1257=ORIENTED_EDGE('',*,*,#892,.T.);
#1258=ORIENTED_EDGE('',*,*,#830,.F.);
#1259=ORIENTED_EDGE('',*,*,#893,.T.);
#1260=ORIENTED_EDGE('',*,*,#894,.T.);
#1261=ORIENTED_EDGE('',*,*,#893,.F.);
#1262=ORIENTED_EDGE('',*,*,#757,.F.);
#1263=ORIENTED_EDGE('',*,*,#763,.T.);
#1264=ORIENTED_EDGE('',*,*,#849,.F.);
#1265=ORIENTED_EDGE('',*,*,#856,.F.);
#1266=ORIENTED_EDGE('',*,*,#895,.F.);
#1267=ORIENTED_EDGE('',*,*,#853,.T.);
#1268=ORIENTED_EDGE('',*,*,#858,.F.);
#1269=ORIENTED_EDGE('',*,*,#896,.T.);
#1270=ORIENTED_EDGE('',*,*,#897,.T.);
#1271=ORIENTED_EDGE('',*,*,#896,.F.);
#1272=ORIENTED_EDGE('',*,*,#854,.F.);
#1273=ORIENTED_EDGE('',*,*,#895,.T.);
#1274=ORIENTED_EDGE('',*,*,#855,.F.);
#1275=ORIENTED_EDGE('',*,*,#898,.T.);
#1276=ORIENTED_EDGE('',*,*,#899,.T.);
#1277=ORIENTED_EDGE('',*,*,#898,.F.);
#1278=ORIENTED_EDGE('',*,*,#900,.F.);
#1279=ORIENTED_EDGE('',*,*,#901,.T.);
#1280=ORIENTED_EDGE('',*,*,#890,.F.);
#1281=ORIENTED_EDGE('',*,*,#901,.F.);
#1282=ORIENTED_EDGE('',*,*,#902,.F.);
#1283=ORIENTED_EDGE('',*,*,#903,.T.);
#1284=ORIENTED_EDGE('',*,*,#891,.F.);
#1285=ORIENTED_EDGE('',*,*,#903,.F.);
#1286=ORIENTED_EDGE('',*,*,#904,.F.);
#1287=ORIENTED_EDGE('',*,*,#905,.T.);
#1288=ORIENTED_EDGE('',*,*,#892,.F.);
#1289=ORIENTED_EDGE('',*,*,#905,.F.);
#1290=ORIENTED_EDGE('',*,*,#894,.F.);
#1291=ORIENTED_EDGE('',*,*,#900,.T.);
#1292=ORIENTED_EDGE('',*,*,#899,.F.);
#1293=ORIENTED_EDGE('',*,*,#902,.T.);
#1294=ORIENTED_EDGE('',*,*,#897,.F.);
#1295=ORIENTED_EDGE('',*,*,#904,.T.);
#1296=PLANE('',#1432);
#1297=PLANE('',#1436);
#1298=PLANE('',#1437);
#1299=PLANE('',#1441);
#1300=PLANE('',#1442);
#1301=PLANE('',#1449);
#1302=PLANE('',#1451);
#1303=PLANE('',#1454);
#1304=PLANE('',#1457);
#1305=PLANE('',#1460);
#1306=PLANE('',#1463);
#1307=PLANE('',#1465);
#1308=PLANE('',#1468);
#1309=PLANE('',#1471);
#1310=PLANE('',#1474);
#1311=PLANE('',#1480);
#1312=PLANE('',#1482);
#1313=PLANE('',#1486);
#1314=PLANE('',#1487);
#1315=PLANE('',#1491);
#1316=PLANE('',#1492);
#1317=PLANE('',#1499);
#1318=PLANE('',#1501);
#1319=PLANE('',#1504);
#1320=PLANE('',#1507);
#1321=PLANE('',#1509);
#1322=PLANE('',#1511);
#1323=PLANE('',#1513);
#1324=PLANE('',#1516);
#1325=PLANE('',#1519);
#1326=PLANE('',#1531);
#1327=PLANE('',#1548);
#1328=PLANE('',#1549);
#1329=PLANE('',#1550);
#1330=PLANE('',#1556);
#1331=PLANE('',#1557);
#1332=PLANE('',#1558);
#1333=PLANE('',#1559);
#1334=PLANE('',#1576);
#1335=PLANE('',#1577);
#1336=PLANE('',#1578);
#1337=ADVANCED_FACE('',(#155),#1296,.T.);
#1338=ADVANCED_FACE('',(#156),#139,.T.);
#1339=ADVANCED_FACE('',(#157),#1297,.T.);
#1340=ADVANCED_FACE('',(#158),#1298,.T.);
#1341=ADVANCED_FACE('',(#159),#140,.T.);
#1342=ADVANCED_FACE('',(#160),#1299,.T.);
#1343=ADVANCED_FACE('',(#161,#53,#54),#1300,.T.);
#1344=ADVANCED_FACE('',(#162,#55),#1301,.F.);
#1345=ADVANCED_FACE('',(#163),#1302,.T.);
#1346=ADVANCED_FACE('',(#164),#141,.F.);
#1347=ADVANCED_FACE('',(#165),#1303,.T.);
#1348=ADVANCED_FACE('',(#166),#142,.F.);
#1349=ADVANCED_FACE('',(#167),#1304,.T.);
#1350=ADVANCED_FACE('',(#168),#143,.F.);
#1351=ADVANCED_FACE('',(#169),#1305,.T.);
#1352=ADVANCED_FACE('',(#170,#56),#21,.F.);
#1353=ADVANCED_FACE('',(#171,#57),#1306,.T.);
#1354=ADVANCED_FACE('',(#172),#1307,.T.);
#1355=ADVANCED_FACE('',(#173),#144,.F.);
#1356=ADVANCED_FACE('',(#174),#1308,.T.);
#1357=ADVANCED_FACE('',(#175),#145,.F.);
#1358=ADVANCED_FACE('',(#176),#1309,.T.);
#1359=ADVANCED_FACE('',(#177),#146,.F.);
#1360=ADVANCED_FACE('',(#178,#58),#1310,.F.);
#1361=ADVANCED_FACE('',(#179),#22,.F.);
#1362=ADVANCED_FACE('',(#180,#59),#1311,.F.);
#1363=ADVANCED_FACE('',(#181),#1312,.T.);
#1364=ADVANCED_FACE('',(#182),#147,.T.);
#1365=ADVANCED_FACE('',(#183),#1313,.T.);
#1366=ADVANCED_FACE('',(#184),#1314,.T.);
#1367=ADVANCED_FACE('',(#185),#148,.T.);
#1368=ADVANCED_FACE('',(#186),#1315,.T.);
#1369=ADVANCED_FACE('',(#187,#60,#61),#1316,.T.);
#1370=ADVANCED_FACE('',(#188,#62),#1317,.T.);
#1371=ADVANCED_FACE('',(#189),#1318,.T.);
#1372=ADVANCED_FACE('',(#190),#149,.F.);
#1373=ADVANCED_FACE('',(#191),#1319,.T.);
#1374=ADVANCED_FACE('',(#192),#150,.F.);
#1375=ADVANCED_FACE('',(#193),#1320,.T.);
#1376=ADVANCED_FACE('',(#194),#151,.F.);
#1377=ADVANCED_FACE('',(#195),#1321,.F.);
#1378=ADVANCED_FACE('',(#196,#63),#23,.F.);
#1379=ADVANCED_FACE('',(#197),#1322,.T.);
#1380=ADVANCED_FACE('',(#198),#152,.F.);
#1381=ADVANCED_FACE('',(#199),#1323,.T.);
#1382=ADVANCED_FACE('',(#200),#153,.F.);
#1383=ADVANCED_FACE('',(#201),#1324,.T.);
#1384=ADVANCED_FACE('',(#202),#154,.F.);
#1385=ADVANCED_FACE('',(#203,#64),#1325,.T.);
#1386=ADVANCED_FACE('',(#204),#24,.F.);
#1387=ADVANCED_FACE('',(#205),#25,.T.);
#1388=ADVANCED_FACE('',(#206),#26,.T.);
#1389=ADVANCED_FACE('',(#207),#27,.F.);
#1390=ADVANCED_FACE('',(#208),#28,.F.);
#1391=ADVANCED_FACE('',(#209,#65,#66),#1326,.F.);
#1392=ADVANCED_FACE('',(#210),#29,.F.);
#1393=ADVANCED_FACE('',(#211),#30,.F.);
#1394=ADVANCED_FACE('',(#212),#31,.F.);
#1395=ADVANCED_FACE('',(#213),#32,.F.);
#1396=ADVANCED_FACE('',(#214),#33,.F.);
#1397=ADVANCED_FACE('',(#215),#34,.F.);
#1398=ADVANCED_FACE('',(#216),#35,.F.);
#1399=ADVANCED_FACE('',(#217,#67),#1327,.F.);
#1400=ADVANCED_FACE('',(#218,#68),#1328,.F.);
#1401=ADVANCED_FACE('',(#219,#69),#1329,.F.);
#1402=ADVANCED_FACE('',(#220),#36,.F.);
#1403=ADVANCED_FACE('',(#221),#37,.F.);
#1404=ADVANCED_FACE('',(#222,#70,#71),#1330,.T.);
#1405=ADVANCED_FACE('',(#223),#1331,.F.);
#1406=ADVANCED_FACE('',(#224),#1332,.F.);
#1407=ADVANCED_FACE('',(#225,#72,#73,#74,#75,#76,#77),#1333,.T.);
#1408=ADVANCED_FACE('',(#226),#38,.F.);
#1409=ADVANCED_FACE('',(#227),#39,.F.);
#1410=ADVANCED_FACE('',(#228),#40,.F.);
#1411=ADVANCED_FACE('',(#229),#41,.F.);
#1412=ADVANCED_FACE('',(#230),#42,.F.);
#1413=ADVANCED_FACE('',(#231),#43,.F.);
#1414=ADVANCED_FACE('',(#232),#44,.F.);
#1415=ADVANCED_FACE('',(#233,#78),#1334,.T.);
#1416=ADVANCED_FACE('',(#234,#79),#1335,.T.);
#1417=ADVANCED_FACE('',(#235,#80),#1336,.T.);
#1418=CLOSED_SHELL('',(#1337,#1338,#1339,#1340,#1341,#1342,#1343,#1344,
#1345,#1346,#1347,#1348,#1349,#1350,#1351,#1352,#1353,#1354,#1355,#1356,
#1357,#1358,#1359,#1360,#1361,#1362,#1363,#1364,#1365,#1366,#1367,#1368,
#1369,#1370,#1371,#1372,#1373,#1374,#1375,#1376,#1377,#1378,#1379,#1380,
#1381,#1382,#1383,#1384,#1385,#1386,#1387,#1388,#1389,#1390,#1391,#1392,
#1393,#1394,#1395,#1396,#1397,#1398,#1399,#1400,#1401,#1402,#1403,#1404,
#1405,#1406,#1407,#1408,#1409,#1410,#1411,#1412,#1413,#1414,#1415,#1416,
#1417));
#1419=DERIVED_UNIT_ELEMENT(#1421,1.);
#1420=DERIVED_UNIT_ELEMENT(#2500,-3.);
#1421=(
MASS_UNIT()
NAMED_UNIT(*)
SI_UNIT(.KILO.,.GRAM.)
);
#1422=DERIVED_UNIT((#1419,#1420));
#1423=MEASURE_REPRESENTATION_ITEM('density measure',
POSITIVE_RATIO_MEASURE(7850.),#1422);
#1424=PROPERTY_DEFINITION_REPRESENTATION(#1429,#1426);
#1425=PROPERTY_DEFINITION_REPRESENTATION(#1430,#1427);
#1426=REPRESENTATION('material name',(#1428),#2497);
#1427=REPRESENTATION('density',(#1423),#2497);
#1428=DESCRIPTIVE_REPRESENTATION_ITEM('Steel','Steel');
#1429=PROPERTY_DEFINITION('material property','material name',#2507);
#1430=PROPERTY_DEFINITION('material property','density of part',#2507);
#1431=AXIS2_PLACEMENT_3D('',#1998,#1579,#1580);
#1432=AXIS2_PLACEMENT_3D('',#1999,#1581,#1582);
#1433=AXIS2_PLACEMENT_3D('',#2008,#1587,#1588);
#1434=AXIS2_PLACEMENT_3D('',#2010,#1589,#1590);
#1435=AXIS2_PLACEMENT_3D('',#2013,#1592,#1593);
#1436=AXIS2_PLACEMENT_3D('',#2014,#1594,#1595);
#1437=AXIS2_PLACEMENT_3D('',#2020,#1599,#1600);
#1438=AXIS2_PLACEMENT_3D('',#2029,#1605,#1606);
#1439=AXIS2_PLACEMENT_3D('',#2033,#1608,#1609);
#1440=AXIS2_PLACEMENT_3D('',#2034,#1610,#1611);
#1441=AXIS2_PLACEMENT_3D('',#2035,#1612,#1613);
#1442=AXIS2_PLACEMENT_3D('',#2038,#1616,#1617);
#1443=AXIS2_PLACEMENT_3D('',#2044,#1620,#1621);
#1444=AXIS2_PLACEMENT_3D('',#2048,#1623,#1624);
#1445=AXIS2_PLACEMENT_3D('',#2051,#1626,#1627);
#1446=AXIS2_PLACEMENT_3D('',#2056,#1629,#1630);
#1447=AXIS2_PLACEMENT_3D('',#2060,#1632,#1633);
#1448=AXIS2_PLACEMENT_3D('',#2063,#1635,#1636);
#1449=AXIS2_PLACEMENT_3D('',#2064,#1637,#1638);
#1450=AXIS2_PLACEMENT_3D('',#2075,#1644,#1645);
#1451=AXIS2_PLACEMENT_3D('',#2076,#1646,#1647);
#1452=AXIS2_PLACEMENT_3D('',#2082,#1651,#1652);
#1453=AXIS2_PLACEMENT_3D('',#2085,#1654,#1655);
#1454=AXIS2_PLACEMENT_3D('',#2086,#1656,#1657);
#1455=AXIS2_PLACEMENT_3D('',#2090,#1660,#1661);
#1456=AXIS2_PLACEMENT_3D('',#2093,#1663,#1664);
#1457=AXIS2_PLACEMENT_3D('',#2094,#1665,#1666);
#1458=AXIS2_PLACEMENT_3D('',#2098,#1669,#1670);
#1459=AXIS2_PLACEMENT_3D('',#2099,#1671,#1672);
#1460=AXIS2_PLACEMENT_3D('',#2100,#1673,#1674);
#1461=AXIS2_PLACEMENT_3D('',#2106,#1678,#1679);
#1462=AXIS2_PLACEMENT_3D('',#2109,#1681,#1682);
#1463=AXIS2_PLACEMENT_3D('',#2155,#1683,#1684);
#1464=AXIS2_PLACEMENT_3D('',#2160,#1687,#1688);
#1465=AXIS2_PLACEMENT_3D('',#2161,#1689,#1690);
#1466=AXIS2_PLACEMENT_3D('',#2167,#1694,#1695);
#1467=AXIS2_PLACEMENT_3D('',#2170,#1697,#1698);
#1468=AXIS2_PLACEMENT_3D('',#2171,#1699,#1700);
#1469=AXIS2_PLACEMENT_3D('',#2175,#1703,#1704);
#1470=AXIS2_PLACEMENT_3D('',#2178,#1706,#1707);
#1471=AXIS2_PLACEMENT_3D('',#2179,#1708,#1709);
#1472=AXIS2_PLACEMENT_3D('',#2183,#1712,#1713);
#1473=AXIS2_PLACEMENT_3D('',#2184,#1714,#1715);
#1474=AXIS2_PLACEMENT_3D('',#2185,#1716,#1717);
#1475=AXIS2_PLACEMENT_3D('',#2193,#1721,#1722);
#1476=AXIS2_PLACEMENT_3D('',#2195,#1723,#1724);
#1477=AXIS2_PLACEMENT_3D('',#2198,#1726,#1727);
#1478=AXIS2_PLACEMENT_3D('',#2199,#1728,#1729);
#1479=AXIS2_PLACEMENT_3D('',#2202,#1731,#1732);
#1480=AXIS2_PLACEMENT_3D('',#2203,#1733,#1734);
#1481=AXIS2_PLACEMENT_3D('',#2208,#1737,#1738);
#1482=AXIS2_PLACEMENT_3D('',#2209,#1739,#1740);
#1483=AXIS2_PLACEMENT_3D('',#2215,#1744,#1745);
#1484=AXIS2_PLACEMENT_3D('',#2217,#1746,#1747);
#1485=AXIS2_PLACEMENT_3D('',#2220,#1749,#1750);
#1486=AXIS2_PLACEMENT_3D('',#2221,#1751,#1752);
#1487=AXIS2_PLACEMENT_3D('',#2227,#1756,#1757);
#1488=AXIS2_PLACEMENT_3D('',#2236,#1762,#1763);
#1489=AXIS2_PLACEMENT_3D('',#2240,#1765,#1766);
#1490=AXIS2_PLACEMENT_3D('',#2241,#1767,#1768);
#1491=AXIS2_PLACEMENT_3D('',#2242,#1769,#1770);
#1492=AXIS2_PLACEMENT_3D('',#2245,#1773,#1774);
#1493=AXIS2_PLACEMENT_3D('',#2251,#1777,#1778);
#1494=AXIS2_PLACEMENT_3D('',#2255,#1780,#1781);
#1495=AXIS2_PLACEMENT_3D('',#2258,#1783,#1784);
#1496=AXIS2_PLACEMENT_3D('',#2263,#1786,#1787);
#1497=AXIS2_PLACEMENT_3D('',#2267,#1789,#1790);
#1498=AXIS2_PLACEMENT_3D('',#2270,#1792,#1793);
#1499=AXIS2_PLACEMENT_3D('',#2271,#1794,#1795);
#1500=AXIS2_PLACEMENT_3D('',#2279,#1800,#1801);
#1501=AXIS2_PLACEMENT_3D('',#2280,#1802,#1803);
#1502=AXIS2_PLACEMENT_3D('',#2283,#1806,#1807);
#1503=AXIS2_PLACEMENT_3D('',#2286,#1809,#1810);
#1504=AXIS2_PLACEMENT_3D('',#2287,#1811,#1812);
#1505=AXIS2_PLACEMENT_3D('',#2291,#1815,#1816);
#1506=AXIS2_PLACEMENT_3D('',#2292,#1817,#1818);
#1507=AXIS2_PLACEMENT_3D('',#2294,#1820,#1821);
#1508=AXIS2_PLACEMENT_3D('',#2296,#1823,#1824);
#1509=AXIS2_PLACEMENT_3D('',#2297,#1825,#1826);
#1510=AXIS2_PLACEMENT_3D('',#2300,#1829,#1830);
#1511=AXIS2_PLACEMENT_3D('',#2346,#1831,#1832);
#1512=AXIS2_PLACEMENT_3D('',#2349,#1835,#1836);
#1513=AXIS2_PLACEMENT_3D('',#2351,#1838,#1839);
#1514=AXIS2_PLACEMENT_3D('',#2353,#1841,#1842);
#1515=AXIS2_PLACEMENT_3D('',#2356,#1844,#1845);
#1516=AXIS2_PLACEMENT_3D('',#2357,#1846,#1847);
#1517=AXIS2_PLACEMENT_3D('',#2361,#1850,#1851);
#1518=AXIS2_PLACEMENT_3D('',#2362,#1852,#1853);
#1519=AXIS2_PLACEMENT_3D('',#2363,#1854,#1855);
#1520=AXIS2_PLACEMENT_3D('',#2367,#1857,#1858);
#1521=AXIS2_PLACEMENT_3D('',#2369,#1859,#1860);
#1522=AXIS2_PLACEMENT_3D('',#2373,#1863,#1864);
#1523=AXIS2_PLACEMENT_3D('',#2374,#1865,#1866);
#1524=AXIS2_PLACEMENT_3D('',#2375,#1867,#1868);
#1525=AXIS2_PLACEMENT_3D('',#2377,#1870,#1871);
#1526=AXIS2_PLACEMENT_3D('',#2379,#1873,#1874);
#1527=AXIS2_PLACEMENT_3D('',#2382,#1876,#1877);
#1528=AXIS2_PLACEMENT_3D('',#2383,#1878,#1879);
#1529=AXIS2_PLACEMENT_3D('',#2387,#1881,#1882);
#1530=AXIS2_PLACEMENT_3D('',#2388,#1883,#1884);
#1531=AXIS2_PLACEMENT_3D('',#2389,#1885,#1886);
#1532=AXIS2_PLACEMENT_3D('',#2391,#1888,#1889);
#1533=AXIS2_PLACEMENT_3D('',#2394,#1891,#1892);
#1534=AXIS2_PLACEMENT_3D('',#2395,#1893,#1894);
#1535=AXIS2_PLACEMENT_3D('',#2406,#1895,#1896);
#1536=AXIS2_PLACEMENT_3D('',#2409,#1898,#1899);
#1537=AXIS2_PLACEMENT_3D('',#2410,#1900,#1901);
#1538=AXIS2_PLACEMENT_3D('',#2413,#1903,#1904);
#1539=AXIS2_PLACEMENT_3D('',#2414,#1905,#1906);
#1540=AXIS2_PLACEMENT_3D('',#2416,#1907,#1908);
#1541=AXIS2_PLACEMENT_3D('',#2419,#1910,#1911);
#1542=AXIS2_PLACEMENT_3D('',#2420,#1912,#1913);
#1543=AXIS2_PLACEMENT_3D('',#2422,#1914,#1915);
#1544=AXIS2_PLACEMENT_3D('',#2425,#1917,#1918);
#1545=AXIS2_PLACEMENT_3D('',#2426,#1919,#1920);
#1546=AXIS2_PLACEMENT_3D('',#2428,#1921,#1922);
#1547=AXIS2_PLACEMENT_3D('',#2431,#1924,#1925);
#1548=AXIS2_PLACEMENT_3D('',#2432,#1926,#1927);
#1549=AXIS2_PLACEMENT_3D('',#2433,#1928,#1929);
#1550=AXIS2_PLACEMENT_3D('',#2434,#1930,#1931);
#1551=AXIS2_PLACEMENT_3D('',#2435,#1932,#1933);
#1552=AXIS2_PLACEMENT_3D('',#2438,#1935,#1936);
#1553=AXIS2_PLACEMENT_3D('',#2439,#1937,#1938);
#1554=AXIS2_PLACEMENT_3D('',#2443,#1940,#1941);
#1555=AXIS2_PLACEMENT_3D('',#2444,#1942,#1943);
#1556=AXIS2_PLACEMENT_3D('',#2445,#1944,#1945);
#1557=AXIS2_PLACEMENT_3D('',#2446,#1946,#1947);
#1558=AXIS2_PLACEMENT_3D('',#2448,#1949,#1950);
#1559=AXIS2_PLACEMENT_3D('',#2450,#1952,#1953);
#1560=AXIS2_PLACEMENT_3D('',#2452,#1954,#1955);
#1561=AXIS2_PLACEMENT_3D('',#2454,#1956,#1957);
#1562=AXIS2_PLACEMENT_3D('',#2456,#1958,#1959);
#1563=AXIS2_PLACEMENT_3D('',#2457,#1960,#1961);
#1564=AXIS2_PLACEMENT_3D('',#2460,#1963,#1964);
#1565=AXIS2_PLACEMENT_3D('',#2461,#1965,#1966);
#1566=AXIS2_PLACEMENT_3D('',#2472,#1967,#1968);
#1567=AXIS2_PLACEMENT_3D('',#2475,#1970,#1971);
#1568=AXIS2_PLACEMENT_3D('',#2476,#1972,#1973);
#1569=AXIS2_PLACEMENT_3D('',#2479,#1975,#1976);
#1570=AXIS2_PLACEMENT_3D('',#2480,#1977,#1978);
#1571=AXIS2_PLACEMENT_3D('',#2482,#1979,#1980);
#1572=AXIS2_PLACEMENT_3D('',#2484,#1982,#1983);
#1573=AXIS2_PLACEMENT_3D('',#2486,#1984,#1985);
#1574=AXIS2_PLACEMENT_3D('',#2488,#1987,#1988);
#1575=AXIS2_PLACEMENT_3D('',#2490,#1989,#1990);
#1576=AXIS2_PLACEMENT_3D('',#2492,#1992,#1993);
#1577=AXIS2_PLACEMENT_3D('',#2493,#1994,#1995);
#1578=AXIS2_PLACEMENT_3D('',#2494,#1996,#1997);
#1579=DIRECTION('axis',(0.,0.,1.));
#1580=DIRECTION('refdir',(1.,0.,0.));
#1581=DIRECTION('center_axis',(-0.707106781186548,0.632455532033676,-0.316227766016838));
#1582=DIRECTION('ref_axis',(-0.408248290463863,0.,0.912870929175277));
#1583=DIRECTION('',(0.666666666666667,0.74535599249993,0.));
#1584=DIRECTION('',(0.,-0.447213595499958,-0.894427190999916));
#1585=DIRECTION('',(-0.707106781186547,-0.632455532033676,0.316227766016838));
#1586=DIRECTION('',(0.,0.447213595499958,0.894427190999916));
#1587=DIRECTION('center_axis',(1.,0.,0.));
#1588=DIRECTION('ref_axis',(0.,0.524357205901088,-0.851498397308887));
#1589=DIRECTION('center_axis',(-1.,0.,0.));
#1590=DIRECTION('ref_axis',(0.,0.524357205901088,-0.851498397308887));
#1591=DIRECTION('',(-0.707106781186548,0.00228298788720201,0.707103095712574));
#1592=DIRECTION('center_axis',(1.,0.,0.));
#1593=DIRECTION('ref_axis',(0.,0.524357205901088,-0.851498397308887));
#1594=DIRECTION('center_axis',(-0.707106781186549,-0.00228298788720137,
-0.707103095712573));
#1595=DIRECTION('ref_axis',(-0.707104938442356,0.,0.707108623925937));
#1596=DIRECTION('',(-0.707104938480774,2.37979565566107E-8,0.707108623887519));
#1597=DIRECTION('',(0.,0.999994787952724,-0.00322863243281368));
#1598=DIRECTION('',(0.,-0.999994787952724,0.00322863243281368));
#1599=DIRECTION('center_axis',(-0.707106781186548,-0.632455532033676,-0.316227766016838));
#1600=DIRECTION('ref_axis',(-0.408248290463863,0.,0.912870929175277));
#1601=DIRECTION('',(-0.666666666666667,0.74535599249993,0.));
#1602=DIRECTION('',(0.,0.447213595499958,-0.894427190999916));
#1603=DIRECTION('',(0.707106781186547,-0.632455532033676,-0.316227766016838));
#1604=DIRECTION('',(0.,-0.447213595499958,0.894427190999916));
#1605=DIRECTION('center_axis',(1.,0.,0.));
#1606=DIRECTION('ref_axis',(0.,-0.524357205901088,-0.851498397308887));
#1607=DIRECTION('',(0.707106781186548,0.00228298788720201,-0.707103095712574));
#1608=DIRECTION('center_axis',(-1.,0.,0.));
#1609=DIRECTION('ref_axis',(0.,-0.524357205901088,-0.851498397308887));
#1610=DIRECTION('center_axis',(1.,0.,0.));
#1611=DIRECTION('ref_axis',(0.,-0.524357205901088,-0.851498397308887));
#1612=DIRECTION('center_axis',(-0.707106781186549,0.00228298788720137,-0.707103095712574));
#1613=DIRECTION('ref_axis',(-0.707104938442357,0.,0.707108623925936));
#1614=DIRECTION('',(0.,-0.999994787952724,-0.00322863243281368));
#1615=DIRECTION('',(0.,0.999994787952724,0.00322863243281368));
#1616=DIRECTION('center_axis',(-1.,0.,0.));
#1617=DIRECTION('ref_axis',(0.,0.,1.));
#1618=DIRECTION('',(0.,-1.,0.));
#1619=DIRECTION('',(0.,-1.,0.));
#1620=DIRECTION('center_axis',(-1.,0.,0.));
#1621=DIRECTION('ref_axis',(0.,0.525731112119133,-0.85065080835204));
#1622=DIRECTION('',(0.,-0.447213595499958,-0.894427190999916));
#1623=DIRECTION('center_axis',(-1.,0.,0.));
#1624=DIRECTION('ref_axis',(0.,0.850650808352039,0.525731112119135));
#1625=DIRECTION('',(0.,1.,0.));
#1626=DIRECTION('center_axis',(-1.,0.,0.));
#1627=DIRECTION('ref_axis',(0.,-0.707106781186548,0.707106781186548));
#1628=DIRECTION('',(0.,-1.,0.));
#1629=DIRECTION('center_axis',(-1.,0.,0.));
#1630=DIRECTION('ref_axis',(0.,0.707106781186548,0.707106781186548));
#1631=DIRECTION('',(0.,1.,0.));
#1632=DIRECTION('center_axis',(-1.,0.,0.));
#1633=DIRECTION('ref_axis',(0.,-0.850650808352039,0.525731112119135));
#1634=DIRECTION('',(0.,-0.447213595499958,0.894427190999916));
#1635=DIRECTION('center_axis',(-1.,0.,0.));
#1636=DIRECTION('ref_axis',(0.,-0.525731112119133,-0.85065080835204));
#1637=DIRECTION('center_axis',(0.,0.894427190999916,0.447213595499958));
#1638=DIRECTION('ref_axis',(0.,0.447213595499958,-0.894427190999916));
#1639=DIRECTION('',(-1.,0.,0.));
#1640=DIRECTION('',(0.,0.447213595499958,-0.894427190999916));
#1641=DIRECTION('',(1.,0.,0.));
#1642=DIRECTION('',(0.,-0.447213595499958,0.894427190999916));
#1643=DIRECTION('',(1.,0.,0.));
#1644=DIRECTION('center_axis',(0.,-0.894427190999916,-0.447213595499958));
#1645=DIRECTION('ref_axis',(0.,0.447213595499958,-0.894427190999916));
#1646=DIRECTION('center_axis',(-0.707106781186548,0.,0.707106781186547));
#1647=DIRECTION('ref_axis',(0.707106781186547,0.,0.707106781186548));
#1648=DIRECTION('',(0.707106781186547,0.,0.707106781186548));
#1649=DIRECTION('',(0.,1.,0.));
#1650=DIRECTION('',(-0.707106781186547,0.,-0.707106781186548));
#1651=DIRECTION('center_axis',(-1.,0.,0.));
#1652=DIRECTION('ref_axis',(0.,-0.707106781186548,0.707106781186548));
#1653=DIRECTION('',(0.707106781186547,3.92523114670944E-16,-0.707106781186548));
#1654=DIRECTION('center_axis',(1.,0.,0.));
#1655=DIRECTION('ref_axis',(0.,-0.707106781186547,0.707106781186547));
#1656=DIRECTION('center_axis',(-0.707106781186548,0.,-0.707106781186548));
#1657=DIRECTION('ref_axis',(-0.707106781186548,0.,0.707106781186548));
#1658=DIRECTION('',(0.707106781186547,0.,-0.707106781186547));
#1659=DIRECTION('',(0.,-1.,0.));
#1660=DIRECTION('center_axis',(-1.,0.,0.));
#1661=DIRECTION('ref_axis',(0.,0.850650808352039,0.525731112119135));
#1662=DIRECTION('',(0.707106781186548,-0.632455532033673,0.316227766016843));
#1663=DIRECTION('center_axis',(1.,0.,0.));
#1664=DIRECTION('ref_axis',(0.,0.850650808352039,0.525731112119135));
#1665=DIRECTION('center_axis',(-0.707106781186549,-0.632455532033674,0.316227766016837));
#1666=DIRECTION('ref_axis',(0.408248290463861,0.,0.912870929175278));
#1667=DIRECTION('',(0.70710678118656,-0.632455532033665,0.316227766016832));
#1668=DIRECTION('',(0.,0.447213595499958,0.894427190999916));
#1669=DIRECTION('center_axis',(-1.,0.,0.));
#1670=DIRECTION('ref_axis',(0.,0.525731112119133,-0.85065080835204));
#1671=DIRECTION('center_axis',(1.,0.,0.));
#1672=DIRECTION('ref_axis',(0.,0.525731112119133,-0.85065080835204));
#1673=DIRECTION('center_axis',(0.,-0.894427190999916,0.447213595499958));
#1674=DIRECTION('ref_axis',(0.,0.447213595499958,0.894427190999916));
#1675=DIRECTION('',(-1.,0.,0.));
#1676=DIRECTION('',(0.,-0.447213595499958,-0.894427190999916));
#1677=DIRECTION('',(1.,0.,0.));
#1678=DIRECTION('center_axis',(-1.,0.,0.));
#1679=DIRECTION('ref_axis',(0.,0.525731112119133,-0.85065080835204));
#1680=DIRECTION('',(-1.,0.,0.));
#1681=DIRECTION('center_axis',(-1.,0.,0.));
#1682=DIRECTION('ref_axis',(0.,0.525731112119133,-0.85065080835204));
#1683=DIRECTION('center_axis',(0.,0.,1.));
#1684=DIRECTION('ref_axis',(0.,1.,0.));
#1685=DIRECTION('',(-1.,0.,0.));
#1686=DIRECTION('',(0.,-1.,0.));
#1687=DIRECTION('center_axis',(0.,0.,-1.));
#1688=DIRECTION('ref_axis',(1.,0.,0.));
#1689=DIRECTION('center_axis',(-0.707106781186548,0.,0.707106781186547));
#1690=DIRECTION('ref_axis',(0.707106781186547,0.,0.707106781186548));
#1691=DIRECTION('',(-0.707106781186547,0.,-0.707106781186548));
#1692=DIRECTION('',(0.707106781186547,0.,0.707106781186548));
#1693=DIRECTION('',(0.,1.,0.));
#1694=DIRECTION('center_axis',(-1.,0.,0.));
#1695=DIRECTION('ref_axis',(0.,0.707106781186548,0.707106781186548));
#1696=DIRECTION('',(-0.707106781186547,3.92523114670944E-16,0.707106781186548));
#1697=DIRECTION('center_axis',(1.,0.,0.));
#1698=DIRECTION('ref_axis',(0.,0.707106781186547,0.707106781186547));
#1699=DIRECTION('center_axis',(-0.707106781186548,0.,-0.707106781186548));
#1700=DIRECTION('ref_axis',(-0.707106781186548,0.,0.707106781186548));
#1701=DIRECTION('',(-0.707106781186547,0.,0.707106781186547));
#1702=DIRECTION('',(0.,-1.,0.));
#1703=DIRECTION('center_axis',(-1.,0.,0.));
#1704=DIRECTION('ref_axis',(0.,-0.850650808352039,0.525731112119135));
#1705=DIRECTION('',(-0.707106781186548,-0.632455532033673,-0.316227766016843));
#1706=DIRECTION('center_axis',(1.,0.,0.));
#1707=DIRECTION('ref_axis',(0.,-0.850650808352039,0.525731112119135));
#1708=DIRECTION('center_axis',(-0.707106781186548,0.632455532033676,0.316227766016838));
#1709=DIRECTION('ref_axis',(0.408248290463863,0.,0.912870929175277));
#1710=DIRECTION('',(-0.707106781186562,-0.632455532033663,-0.316227766016831));
#1711=DIRECTION('',(0.,0.447213595499958,-0.894427190999916));
#1712=DIRECTION('center_axis',(-1.,0.,0.));
#1713=DIRECTION('ref_axis',(0.,-0.525731112119133,-0.85065080835204));
#1714=DIRECTION('center_axis',(1.,0.,0.));
#1715=DIRECTION('ref_axis',(0.,-0.525731112119133,-0.85065080835204));
#1716=DIRECTION('center_axis',(0.,0.,1.));
#1717=DIRECTION('ref_axis',(0.,1.,0.));
#1718=DIRECTION('',(-1.,0.,0.));
#1719=DIRECTION('',(0.,1.,0.));
#1720=DIRECTION('',(1.,0.,0.));
#1721=DIRECTION('center_axis',(0.,0.,-1.));
#1722=DIRECTION('ref_axis',(1.,0.,0.));
#1723=DIRECTION('center_axis',(0.,0.,-1.));
#1724=DIRECTION('ref_axis',(1.,0.,0.));
#1725=DIRECTION('',(-1.,0.,0.));
#1726=DIRECTION('center_axis',(0.,0.,-1.));
#1727=DIRECTION('ref_axis',(1.,0.,0.));
#1728=DIRECTION('center_axis',(1.,0.,0.));
#1729=DIRECTION('ref_axis',(0.,0.707106781186548,0.707106781186548));
#1730=DIRECTION('',(-1.,0.,0.));
#1731=DIRECTION('center_axis',(-1.,0.,0.));
#1732=DIRECTION('ref_axis',(0.,0.707106781186547,0.707106781186547));
#1733=DIRECTION('center_axis',(0.,0.,-1.));
#1734=DIRECTION('ref_axis',(0.,-1.,0.));
#1735=DIRECTION('',(-1.,0.,0.));
#1736=DIRECTION('',(0.,-1.,0.));
#1737=DIRECTION('center_axis',(0.,0.,1.));
#1738=DIRECTION('ref_axis',(1.,0.,0.));
#1739=DIRECTION('center_axis',(0.707106781186546,-0.632455532033678,-0.316227766016839));
#1740=DIRECTION('ref_axis',(-0.408248290463865,0.,-0.912870929175276));
#1741=DIRECTION('',(-0.666666666666669,-0.745355992499928,0.));
#1742=DIRECTION('',(0.707106781186549,0.632455532033674,0.316227766016837));
#1743=DIRECTION('',(0.,-0.447213595499958,0.894427190999916));
#1744=DIRECTION('center_axis',(-1.,0.,0.));
#1745=DIRECTION('ref_axis',(0.,-0.524357205901088,-0.851498397308887));
#1746=DIRECTION('center_axis',(1.,0.,0.));
#1747=DIRECTION('ref_axis',(0.,-0.524357205901088,-0.851498397308887));
#1748=DIRECTION('',(0.707106781186548,-0.00228298788720201,0.707103095712574));
#1749=DIRECTION('center_axis',(-1.,0.,0.));
#1750=DIRECTION('ref_axis',(0.,-0.524357205901088,-0.851498397308887));
#1751=DIRECTION('center_axis',(0.707106781186548,0.00228298788720137,-0.707103095712575));
#1752=DIRECTION('ref_axis',(-0.707104938442358,0.,-0.707108623925935));
#1753=DIRECTION('',(0.707104938480775,-2.37979565566107E-8,0.707108623887517));
#1754=DIRECTION('',(0.,-0.999994787952724,-0.00322863243281368));
#1755=DIRECTION('',(0.,0.999994787952724,0.00322863243281368));
#1756=DIRECTION('center_axis',(0.707106781186544,0.632455532033679,-0.316227766016839));
#1757=DIRECTION('ref_axis',(-0.408248290463866,0.,-0.912870929175275));
#1758=DIRECTION('',(0.66666666666667,-0.745355992499927,0.));
#1759=DIRECTION('',(0.,-0.447213595499958,-0.894427190999916));
#1760=DIRECTION('',(-0.707106781186551,0.632455532033673,-0.316227766016836));
#1761=DIRECTION('',(0.,0.447213595499958,0.894427190999916));
#1762=DIRECTION('center_axis',(-1.,0.,0.));
#1763=DIRECTION('ref_axis',(0.,0.524357205901088,-0.851498397308887));
#1764=DIRECTION('',(-0.707106781186548,-0.00228298788720201,-0.707103095712574));
#1765=DIRECTION('center_axis',(1.,0.,0.));
#1766=DIRECTION('ref_axis',(0.,0.524357205901088,-0.851498397308887));
#1767=DIRECTION('center_axis',(-1.,0.,0.));
#1768=DIRECTION('ref_axis',(0.,0.524357205901088,-0.851498397308887));
#1769=DIRECTION('center_axis',(0.707106781186548,-0.00228298788720137,-0.707103095712575));
#1770=DIRECTION('ref_axis',(-0.707104938442358,0.,-0.707108623925935));
#1771=DIRECTION('',(0.,0.999994787952724,-0.00322863243281368));
#1772=DIRECTION('',(0.,-0.999994787952724,0.00322863243281368));
#1773=DIRECTION('center_axis',(1.,0.,0.));
#1774=DIRECTION('ref_axis',(0.,1.,0.));
#1775=DIRECTION('',(0.,1.,0.));
#1776=DIRECTION('',(0.,1.,0.));
#1777=DIRECTION('center_axis',(1.,0.,0.));
#1778=DIRECTION('ref_axis',(0.,-0.525731112119133,-0.85065080835204));
#1779=DIRECTION('',(0.,0.447213595499958,-0.894427190999916));
#1780=DIRECTION('center_axis',(1.,0.,0.));
#1781=DIRECTION('ref_axis',(0.,-0.850650808352039,0.525731112119135));
#1782=DIRECTION('',(0.,-1.,0.));
#1783=DIRECTION('center_axis',(1.,0.,0.));
#1784=DIRECTION('ref_axis',(0.,0.707106781186548,0.707106781186548));
#1785=DIRECTION('',(0.,1.,0.));
#1786=DIRECTION('center_axis',(1.,0.,0.));
#1787=DIRECTION('ref_axis',(0.,-0.707106781186548,0.707106781186548));
#1788=DIRECTION('',(0.,-1.,0.));
#1789=DIRECTION('center_axis',(1.,0.,0.));
#1790=DIRECTION('ref_axis',(0.,0.850650808352039,0.525731112119135));
#1791=DIRECTION('',(0.,0.447213595499958,0.894427190999916));
#1792=DIRECTION('center_axis',(1.,0.,0.));
#1793=DIRECTION('ref_axis',(0.,0.525731112119133,-0.85065080835204));
#1794=DIRECTION('center_axis',(0.,0.894427190999916,-0.447213595499958));
#1795=DIRECTION('ref_axis',(0.,-0.447213595499958,-0.894427190999916));
#1796=DIRECTION('',(1.,0.,0.));
#1797=DIRECTION('',(0.,0.447213595499958,0.894427190999916));
#1798=DIRECTION('',(1.,0.,0.));
#1799=DIRECTION('',(1.,0.,0.));
#1800=DIRECTION('center_axis',(0.,-0.894427190999916,0.447213595499958));
#1801=DIRECTION('ref_axis',(0.,-0.447213595499958,-0.894427190999916));
#1802=DIRECTION('center_axis',(0.707106781186548,0.,0.707106781186547));
#1803=DIRECTION('ref_axis',(0.707106781186547,0.,-0.707106781186548));
#1804=DIRECTION('',(0.707106781186547,0.,-0.707106781186548));
#1805=DIRECTION('',(-0.707106781186547,0.,0.707106781186548));
#1806=DIRECTION('center_axis',(1.,0.,0.));
#1807=DIRECTION('ref_axis',(0.,-0.525731112119133,-0.85065080835204));
#1808=DIRECTION('',(0.707106781186568,-0.63245553203366,-0.316227766016823));
#1809=DIRECTION('center_axis',(-1.,0.,0.));
#1810=DIRECTION('ref_axis',(0.,-0.525731112119133,-0.85065080835204));
#1811=DIRECTION('center_axis',(0.707106781186548,0.632455532033676,0.316227766016838));
#1812=DIRECTION('ref_axis',(0.408248290463863,0.,-0.912870929175277));
#1813=DIRECTION('',(0.707106781186546,-0.632455532033677,-0.316227766016839));
#1814=DIRECTION('',(0.,-0.447213595499958,0.894427190999916));
#1815=DIRECTION('center_axis',(1.,0.,0.));
#1816=DIRECTION('ref_axis',(0.,-0.850650808352039,0.525731112119135));
#1817=DIRECTION('center_axis',(-1.,0.,0.));
#1818=DIRECTION('ref_axis',(0.,-0.850650808352039,0.525731112119135));
#1819=DIRECTION('',(0.707106781186548,0.,0.707106781186547));
#1820=DIRECTION('center_axis',(0.707106781186547,0.,-0.707106781186548));
#1821=DIRECTION('ref_axis',(-0.707106781186548,0.,-0.707106781186547));
#1822=DIRECTION('',(0.707106781186548,0.,0.707106781186547));
#1823=DIRECTION('center_axis',(1.,0.,0.));
#1824=DIRECTION('ref_axis',(0.,0.707106781186548,0.707106781186548));
#1825=DIRECTION('center_axis',(0.,-0.894427190999916,-0.447213595499958));
#1826=DIRECTION('ref_axis',(0.,-0.447213595499958,0.894427190999916));
#1827=DIRECTION('',(1.,0.,0.));
#1828=DIRECTION('',(-1.,0.,0.));
#1829=DIRECTION('center_axis',(1.,0.,0.));
#1830=DIRECTION('ref_axis',(0.,-0.525731112119133,-0.85065080835204));
#1831=DIRECTION('center_axis',(0.707106781186548,0.,0.707106781186547));
#1832=DIRECTION('ref_axis',(0.707106781186547,0.,-0.707106781186548));
#1833=DIRECTION('',(-0.707106781186547,0.,0.707106781186548));
#1834=DIRECTION('',(0.707106781186547,0.,-0.707106781186548));
#1835=DIRECTION('center_axis',(1.,0.,0.));
#1836=DIRECTION('ref_axis',(0.,0.525731112119133,-0.85065080835204));
#1837=DIRECTION('',(-0.707106781186568,-0.63245553203366,0.316227766016823));
#1838=DIRECTION('center_axis',(0.707106781186549,-0.632455532033674,0.316227766016837));
#1839=DIRECTION('ref_axis',(0.408248290463861,0.,-0.912870929175278));
#1840=DIRECTION('',(-0.707106781186544,-0.632455532033679,0.316227766016839));
#1841=DIRECTION('center_axis',(1.,0.,0.));
#1842=DIRECTION('ref_axis',(0.,0.850650808352039,0.525731112119135));
#1843=DIRECTION('',(-0.707106781186548,0.,-0.707106781186547));
#1844=DIRECTION('center_axis',(-1.,0.,0.));
#1845=DIRECTION('ref_axis',(0.,0.850650808352039,0.525731112119135));
#1846=DIRECTION('center_axis',(0.707106781186547,0.,-0.707106781186548));
#1847=DIRECTION('ref_axis',(-0.707106781186548,0.,-0.707106781186547));
#1848=DIRECTION('',(-0.707106781186548,0.,-0.707106781186547));
#1849=DIRECTION('',(0.,1.,0.));
#1850=DIRECTION('center_axis',(1.,0.,0.));
#1851=DIRECTION('ref_axis',(0.,-0.707106781186548,0.707106781186548));
#1852=DIRECTION('center_axis',(-1.,0.,0.));
#1853=DIRECTION('ref_axis',(0.,-0.707106781186547,0.707106781186547));
#1854=DIRECTION('center_axis',(0.,0.,-1.));
#1855=DIRECTION('ref_axis',(0.,-1.,0.));
#1856=DIRECTION('',(-1.,0.,0.));
#1857=DIRECTION('center_axis',(0.,0.,1.));
#1858=DIRECTION('ref_axis',(1.,0.,0.));
#1859=DIRECTION('center_axis',(0.,0.,1.));
#1860=DIRECTION('ref_axis',(1.,0.,0.));
#1861=DIRECTION('',(1.,0.,0.));
#1862=DIRECTION('',(-1.,0.,0.));
#1863=DIRECTION('center_axis',(0.,0.,1.));
#1864=DIRECTION('ref_axis',(1.,0.,0.));
#1865=DIRECTION('center_axis',(-1.,0.,0.));
#1866=DIRECTION('ref_axis',(0.,-0.707106781186548,0.707106781186548));
#1867=DIRECTION('center_axis',(1.,0.,0.));
#1868=DIRECTION('ref_axis',(0.,0.524357205901088,-0.851498397308887));
#1869=DIRECTION('',(-1.,0.,0.));
#1870=DIRECTION('center_axis',(1.,0.,0.));
#1871=DIRECTION('ref_axis',(0.,-0.524357205901088,-0.851498397308887));
#1872=DIRECTION('',(1.,0.,0.));
#1873=DIRECTION('center_axis',(0.,0.,1.));
#1874=DIRECTION('ref_axis',(1.,0.,0.));
#1875=DIRECTION('',(0.,0.,-1.));
#1876=DIRECTION('center_axis',(0.,0.00322863243281368,-0.999994787952724));
#1877=DIRECTION('ref_axis',(0.,0.999994787952724,0.00322863243281368));
#1878=DIRECTION('center_axis',(0.,0.,1.));
#1879=DIRECTION('ref_axis',(1.,0.,0.));
#1880=DIRECTION('',(0.,0.,-1.));
#1881=DIRECTION('center_axis',(0.,0.00322863243281368,-0.999994787952724));
#1882=DIRECTION('ref_axis',(0.,0.999994787952724,0.00322863243281368));
#1883=DIRECTION('center_axis',(0.,0.00322863243281368,-0.999994787952724));
#1884=DIRECTION('ref_axis',(0.,0.999994787952724,0.00322863243281368));
#1885=DIRECTION('center_axis',(0.,-0.00322863243281368,0.999994787952724));
#1886=DIRECTION('ref_axis',(0.,0.999994787952724,0.00322863243281368));
#1887=DIRECTION('',(-1.,0.,0.));
#1888=DIRECTION('center_axis',(0.,0.,-1.));
#1889=DIRECTION('ref_axis',(1.,0.,0.));
#1890=DIRECTION('',(0.,0.,1.));
#1891=DIRECTION('center_axis',(0.,0.,-1.));
#1892=DIRECTION('ref_axis',(1.,0.,0.));
#1893=DIRECTION('center_axis',(-1.,0.,0.));
#1894=DIRECTION('ref_axis',(0.,-0.850650808352039,0.525731112119135));
#1895=DIRECTION('center_axis',(0.,0.,-1.));
#1896=DIRECTION('ref_axis',(1.,0.,0.));
#1897=DIRECTION('',(0.,0.,1.));
#1898=DIRECTION('center_axis',(0.,0.,-1.));
#1899=DIRECTION('ref_axis',(1.,0.,0.));
#1900=DIRECTION('center_axis',(0.,0.,-1.));
#1901=DIRECTION('ref_axis',(1.,0.,0.));
#1902=DIRECTION('',(0.,0.,1.));
#1903=DIRECTION('center_axis',(0.,0.,-1.));
#1904=DIRECTION('ref_axis',(1.,0.,0.));
#1905=DIRECTION('center_axis',(0.,0.,-1.));
#1906=DIRECTION('ref_axis',(1.,0.,0.));
#1907=DIRECTION('center_axis',(0.,0.,-1.));
#1908=DIRECTION('ref_axis',(1.,0.,0.));
#1909=DIRECTION('',(0.,0.,1.));
#1910=DIRECTION('center_axis',(0.,0.,1.));
#1911=DIRECTION('ref_axis',(1.,0.,0.));
#1912=DIRECTION('center_axis',(0.,0.,-1.));
#1913=DIRECTION('ref_axis',(1.,0.,0.));
#1914=DIRECTION('center_axis',(0.,0.,-1.));
#1915=DIRECTION('ref_axis',(1.,0.,0.));
#1916=DIRECTION('',(0.,0.,1.));
#1917=DIRECTION('center_axis',(0.,0.,1.));
#1918=DIRECTION('ref_axis',(1.,0.,0.));
#1919=DIRECTION('center_axis',(0.,0.,-1.));
#1920=DIRECTION('ref_axis',(1.,0.,0.));
#1921=DIRECTION('center_axis',(0.,0.,-1.));
#1922=DIRECTION('ref_axis',(1.,0.,0.));
#1923=DIRECTION('',(0.,0.,1.));
#1924=DIRECTION('center_axis',(0.,0.,1.));
#1925=DIRECTION('ref_axis',(1.,0.,0.));
#1926=DIRECTION('center_axis',(0.,0.,1.));
#1927=DIRECTION('ref_axis',(1.,0.,0.));
#1928=DIRECTION('center_axis',(0.,0.,1.));
#1929=DIRECTION('ref_axis',(1.,0.,0.));
#1930=DIRECTION('center_axis',(0.,0.,1.));
#1931=DIRECTION('ref_axis',(1.,0.,0.));
#1932=DIRECTION('center_axis',(0.,0.,-1.));
#1933=DIRECTION('ref_axis',(1.,0.,0.));
#1934=DIRECTION('',(0.,0.,-1.));
#1935=DIRECTION('center_axis',(0.,0.00322863243281368,0.999994787952724));
#1936=DIRECTION('ref_axis',(0.,-0.999994787952724,0.00322863243281368));
#1937=DIRECTION('center_axis',(0.,0.,-1.));
#1938=DIRECTION('ref_axis',(1.,0.,0.));
#1939=DIRECTION('',(0.,0.,-1.));
#1940=DIRECTION('center_axis',(0.,0.00322863243281368,0.999994787952724));
#1941=DIRECTION('ref_axis',(0.,-0.999994787952724,0.00322863243281368));
#1942=DIRECTION('center_axis',(0.,0.00322863243281368,0.999994787952724));
#1943=DIRECTION('ref_axis',(0.,-0.999994787952724,0.00322863243281368));
#1944=DIRECTION('center_axis',(0.,-0.00322863243281368,-0.999994787952724));
#1945=DIRECTION('ref_axis',(0.,-0.999994787952724,0.00322863243281368));
#1946=DIRECTION('center_axis',(0.,0.,-1.));
#1947=DIRECTION('ref_axis',(-1.,0.,0.));
#1948=DIRECTION('',(0.,-1.,0.));
#1949=DIRECTION('center_axis',(1.,0.,0.));
#1950=DIRECTION('ref_axis',(0.,-1.,0.));
#1951=DIRECTION('',(0.,-1.,0.));
#1952=DIRECTION('center_axis',(0.,0.,1.));
#1953=DIRECTION('ref_axis',(0.,1.,0.));
#1954=DIRECTION('center_axis',(0.,0.,-1.));
#1955=DIRECTION('ref_axis',(1.,0.,0.));
#1956=DIRECTION('center_axis',(0.,0.,-1.));
#1957=DIRECTION('ref_axis',(1.,0.,0.));
#1958=DIRECTION('center_axis',(0.,0.,-1.));
#1959=DIRECTION('ref_axis',(1.,0.,0.));
#1960=DIRECTION('center_axis',(0.,0.,1.));
#1961=DIRECTION('ref_axis',(1.,0.,0.));
#1962=DIRECTION('',(0.,0.,1.));
#1963=DIRECTION('center_axis',(0.,0.,1.));
#1964=DIRECTION('ref_axis',(1.,0.,0.));
#1965=DIRECTION('center_axis',(1.,0.,0.));
#1966=DIRECTION('ref_axis',(0.,0.850650808352039,0.525731112119135));
#1967=DIRECTION('center_axis',(0.,0.,1.));
#1968=DIRECTION('ref_axis',(1.,0.,0.));
#1969=DIRECTION('',(0.,0.,1.));
#1970=DIRECTION('center_axis',(0.,0.,1.));
#1971=DIRECTION('ref_axis',(1.,0.,0.));
#1972=DIRECTION('center_axis',(0.,0.,1.));
#1973=DIRECTION('ref_axis',(1.,0.,0.));
#1974=DIRECTION('',(0.,0.,1.));
#1975=DIRECTION('center_axis',(0.,0.,1.));
#1976=DIRECTION('ref_axis',(1.,0.,0.));
#1977=DIRECTION('center_axis',(0.,0.,1.));
#1978=DIRECTION('ref_axis',(1.,0.,0.));
#1979=DIRECTION('center_axis',(0.,0.,1.));
#1980=DIRECTION('ref_axis',(1.,0.,0.));
#1981=DIRECTION('',(0.,0.,1.));
#1982=DIRECTION('center_axis',(0.,0.,1.));
#1983=DIRECTION('ref_axis',(1.,0.,0.));
#1984=DIRECTION('center_axis',(0.,0.,1.));
#1985=DIRECTION('ref_axis',(1.,0.,0.));
#1986=DIRECTION('',(0.,0.,1.));
#1987=DIRECTION('center_axis',(0.,0.,1.));
#1988=DIRECTION('ref_axis',(1.,0.,0.));
#1989=DIRECTION('center_axis',(0.,0.,1.));
#1990=DIRECTION('ref_axis',(1.,0.,0.));
#1991=DIRECTION('',(0.,0.,1.));
#1992=DIRECTION('center_axis',(0.,0.,-1.));
#1993=DIRECTION('ref_axis',(1.,0.,0.));
#1994=DIRECTION('center_axis',(0.,0.,-1.));
#1995=DIRECTION('ref_axis',(1.,0.,0.));
#1996=DIRECTION('center_axis',(0.,0.,-1.));
#1997=DIRECTION('ref_axis',(1.,0.,0.));
#1998=CARTESIAN_POINT('',(0.,0.,0.));
#1999=CARTESIAN_POINT('Origin',(-26.,223.422291236,-79.2111456180002));
#2000=CARTESIAN_POINT('',(-30.,249.555728090001,-18.));
#2001=CARTESIAN_POINT('',(-22.,258.5,-18.));
#2002=CARTESIAN_POINT('',(-102.357021117617,168.658119155812,-18.));
#2003=CARTESIAN_POINT('',(-22.,220.744470688245,-93.5110586235101));
#2004=CARTESIAN_POINT('',(-22.,227.,-81.));
#2005=CARTESIAN_POINT('',(-30.,213.589053160246,-89.9333498595104));
#2006=CARTESIAN_POINT('',(-22.,220.744470688245,-93.5110586235101));
#2007=CARTESIAN_POINT('',(-30.,219.844582472001,-77.4222912360003));
#2008=CARTESIAN_POINT('Origin',(-26.,207.328062823246,-86.8028546910107));
#2009=CARTESIAN_POINT('',(-22.,207.279633336754,-101.802776510302));
#2010=CARTESIAN_POINT('Origin',(-22.,207.328062823246,-86.8028546910107));
#2011=CARTESIAN_POINT('',(-30.,207.305462396217,-93.8028182066798));
#2012=CARTESIAN_POINT('',(-22.,207.279633336754,-101.802776510302));
#2013=CARTESIAN_POINT('Origin',(-30.,207.328062823246,-86.8028546910107));
#2014=CARTESIAN_POINT('Origin',(-26.,108.181807624289,-97.4828035402817));
#2015=CARTESIAN_POINT('',(-22.,0.,-101.133543275374));
#2016=CARTESIAN_POINT('',(-30.,2.69243844996936E-7,-93.1335015796473));
#2017=CARTESIAN_POINT('',(-22.,0.,-101.133543275374));
#2018=CARTESIAN_POINT('',(-30.,108.194722154021,-93.4828243884707));
#2019=CARTESIAN_POINT('',(-22.,108.168893094558,-101.482782692093));
#2020=CARTESIAN_POINT('Origin',(-26.,-223.422291236,-79.2111456180002));
#2021=CARTESIAN_POINT('',(-22.,-258.5,-18.));
#2022=CARTESIAN_POINT('',(-30.,-249.555728090001,-18.));
#2023=CARTESIAN_POINT('',(-102.357021117616,-168.658119155812,-18.));
#2024=CARTESIAN_POINT('',(-30.,-213.589053160246,-89.9333498595104));
#2025=CARTESIAN_POINT('',(-30.,-219.844582472001,-77.4222912360003));
#2026=CARTESIAN_POINT('',(-22.,-220.744470688245,-93.5110586235101));
#2027=CARTESIAN_POINT('',(-30.,-213.589053160246,-89.9333498595104));
#2028=CARTESIAN_POINT('',(-22.,-227.,-81.));
#2029=CARTESIAN_POINT('Origin',(-26.,-207.328062823246,-86.8028546910107));
#2030=CARTESIAN_POINT('',(-30.,-207.305462396217,-93.8028182066798));
#2031=CARTESIAN_POINT('',(-22.,-207.279633336754,-101.802776510302));
#2032=CARTESIAN_POINT('',(-30.,-207.305462396217,-93.8028182066798));
#2033=CARTESIAN_POINT('Origin',(-22.,-207.328062823246,-86.8028546910107));
#2034=CARTESIAN_POINT('Origin',(-30.,-207.328062823246,-86.8028546910107));
#2035=CARTESIAN_POINT('Origin',(-26.,-108.181807624289,-97.4828035402817));
#2036=CARTESIAN_POINT('',(-22.,-108.168893094558,-101.482782692093));
#2037=CARTESIAN_POINT('',(-30.,-108.194722154021,-93.4828243884707));
#2038=CARTESIAN_POINT('Origin',(-30.,0.,-25.));
#2039=CARTESIAN_POINT('',(-30.,1.06581410364015E-13,-18.));
#2040=CARTESIAN_POINT('',(-30.,181.458980337503,-83.));
#2041=CARTESIAN_POINT('',(-30.,35.,-83.));
#2042=CARTESIAN_POINT('',(-30.,7.5,-83.));
#2043=CARTESIAN_POINT('',(-30.,215.4472135955,-61.9941166289982));
#2044=CARTESIAN_POINT('Origin',(-30.,181.458980337503,-45.));
#2045=CARTESIAN_POINT('',(-30.,219.919349550499,-53.0498447189994));
#2046=CARTESIAN_POINT('',(-30.,197.155417527999,-98.5777087639997));
#2047=CARTESIAN_POINT('',(-30.,203.819660112501,-27.));
#2048=CARTESIAN_POINT('Origin',(-30.,203.819660112501,-45.));
#2049=CARTESIAN_POINT('',(-30.,35.,-27.));
#2050=CARTESIAN_POINT('',(-30.,125.,-27.));
#2051=CARTESIAN_POINT('Origin',(-30.,35.,-55.));
#2052=CARTESIAN_POINT('',(-30.,-35.,-83.));
#2053=CARTESIAN_POINT('',(-30.,-181.458980337503,-83.));
#2054=CARTESIAN_POINT('',(-30.,-7.5,-83.));
#2055=CARTESIAN_POINT('',(-30.,-35.,-27.));
#2056=CARTESIAN_POINT('Origin',(-30.,-35.,-55.));
#2057=CARTESIAN_POINT('',(-30.,-203.819660112501,-27.));
#2058=CARTESIAN_POINT('',(-30.,-125.,-27.));
#2059=CARTESIAN_POINT('',(-30.,-219.919349550499,-53.0498447189994));
#2060=CARTESIAN_POINT('Origin',(-30.,-203.819660112501,-45.));
#2061=CARTESIAN_POINT('',(-30.,-215.4472135955,-61.9941166289982));
#2062=CARTESIAN_POINT('',(-30.,-197.155417527999,-98.5777087639997));
#2063=CARTESIAN_POINT('Origin',(-30.,-181.458980337503,-45.));
#2064=CARTESIAN_POINT('Origin',(0.,-250.,-35.));
#2065=CARTESIAN_POINT('',(-8.,-220.744470688245,-93.5110586235101));
#2066=CARTESIAN_POINT('',(0.,-220.744470688245,-93.5110586235101));
#2067=CARTESIAN_POINT('',(-8.,-260.,-15.));
#2068=CARTESIAN_POINT('',(-8.,-227.,-81.));
#2069=CARTESIAN_POINT('',(-19.,-260.,-15.));
#2070=CARTESIAN_POINT('',(0.,-260.,-15.));
#2071=CARTESIAN_POINT('',(-19.,-258.5,-18.));
#2072=CARTESIAN_POINT('',(-19.,-263.25,-8.5));
#2073=CARTESIAN_POINT('',(-25.6883691459024,-258.5,-18.));
#2074=CARTESIAN_POINT('',(-20.25,-240.,-55.));
#2075=CARTESIAN_POINT('Origin',(-15.,-240.,-55.));
#2076=CARTESIAN_POINT('Origin',(-26.,7.5,-79.));
#2077=CARTESIAN_POINT('',(-22.,35.,-75.));
#2078=CARTESIAN_POINT('',(-30.,35.,-83.));
#2079=CARTESIAN_POINT('',(-22.,181.458980337503,-75.));
#2080=CARTESIAN_POINT('',(-22.,7.5,-75.));
#2081=CARTESIAN_POINT('',(-22.,181.458980337503,-75.));
#2082=CARTESIAN_POINT('Origin',(-26.,35.,-55.));
#2083=CARTESIAN_POINT('',(-22.,35.,-35.));
#2084=CARTESIAN_POINT('',(-30.,35.,-27.));
#2085=CARTESIAN_POINT('Origin',(-22.,35.,-55.));
#2086=CARTESIAN_POINT('Origin',(-26.,125.,-31.));
#2087=CARTESIAN_POINT('',(-22.,203.819660112501,-35.));
#2088=CARTESIAN_POINT('',(-30.,203.819660112501,-27.));
#2089=CARTESIAN_POINT('',(-22.,125.,-35.));
#2090=CARTESIAN_POINT('Origin',(-26.,203.819660112501,-45.));
#2091=CARTESIAN_POINT('',(-22.,212.7639320225,-49.4721359549997));
#2092=CARTESIAN_POINT('',(-30.,219.919349550499,-53.0498447189994));
#2093=CARTESIAN_POINT('Origin',(-22.,203.819660112501,-45.));
#2094=CARTESIAN_POINT('Origin',(-26.,193.577708764,-96.7888543819998));
#2095=CARTESIAN_POINT('',(-22.,208.291796067501,-58.4164078649987));
#2096=CARTESIAN_POINT('',(-30.,215.4472135955,-61.9941166289982));
#2097=CARTESIAN_POINT('',(-22.,190.,-95.));
#2098=CARTESIAN_POINT('Origin',(-26.,181.458980337503,-45.));
#2099=CARTESIAN_POINT('Origin',(-22.,181.458980337503,-45.));
#2100=CARTESIAN_POINT('Origin',(0.,200.,-75.));
#2101=CARTESIAN_POINT('',(-8.,208.291796067501,-58.4164078649987));
#2102=CARTESIAN_POINT('',(0.,208.291796067501,-58.4164078649987));
#2103=CARTESIAN_POINT('',(-8.,212.7639320225,-49.4721359549997));
#2104=CARTESIAN_POINT('',(-8.,190.,-95.));
#2105=CARTESIAN_POINT('',(0.,212.7639320225,-49.4721359549997));
#2106=CARTESIAN_POINT('Origin',(0.,181.458980337503,-45.));
#2107=CARTESIAN_POINT('',(-8.,181.458980337503,-75.));
#2108=CARTESIAN_POINT('',(0.,181.458980337503,-75.));
#2109=CARTESIAN_POINT('Origin',(-8.,181.458980337503,-45.));
#2110=CARTESIAN_POINT('',(-10.,198.399218940642,-69.7594086372987));
#2111=CARTESIAN_POINT('',(-20.25,200.,-68.5845413327226));
#2112=CARTESIAN_POINT('Ctrl Pts',(-9.99999999999999,198.399218940642,-69.7594086372984));
#2113=CARTESIAN_POINT('Ctrl Pts',(-10.0432927673723,198.26399505378,-69.8519280080896));
#2114=CARTESIAN_POINT('Ctrl Pts',(-10.092516387134,198.129172293567,-69.9425407005746));
#2115=CARTESIAN_POINT('Ctrl Pts',(-10.4252803078616,197.323616760432,-70.4747310348292));
#2116=CARTESIAN_POINT('Ctrl Pts',(-10.8619368917814,196.683712647566,-70.8563757213201));
#2117=CARTESIAN_POINT('Ctrl Pts',(-11.8485671359186,195.757624083204,-71.3775470508795));
#2118=CARTESIAN_POINT('Ctrl Pts',(-12.4124442043804,195.382426044267,-71.5747595954365));
#2119=CARTESIAN_POINT('Ctrl Pts',(-13.6636886756657,194.8783097728,-71.8328489218031));
#2120=CARTESIAN_POINT('Ctrl Pts',(-14.3510081009261,194.75,-71.8951444749999));
#2121=CARTESIAN_POINT('Ctrl Pts',(-15.,194.75,-71.8951444749999));
#2122=CARTESIAN_POINT('Ctrl Pts',(-15.6489918990739,194.75,-71.8951444749999));
#2123=CARTESIAN_POINT('Ctrl Pts',(-16.3363113243343,194.8783097728,-71.8328489218031));
#2124=CARTESIAN_POINT('Ctrl Pts',(-17.5875557956196,195.382426044267,-71.5747595954365));
#2125=CARTESIAN_POINT('Ctrl Pts',(-18.1514328640814,195.757624083204,-71.3775470508795));
#2126=CARTESIAN_POINT('Ctrl Pts',(-19.1380631082186,196.683712647566,-70.8563757213201));
#2127=CARTESIAN_POINT('Ctrl Pts',(-19.5747196921384,197.323616760432,-70.4747310348292));
#2128=CARTESIAN_POINT('Ctrl Pts',(-20.1298780309626,198.667545124505,-69.5868646421712));
#2129=CARTESIAN_POINT('Ctrl Pts',(-20.25,199.37023248102,-69.0796339354355));
#2130=CARTESIAN_POINT('Ctrl Pts',(-20.25,200.,-68.5845413327226));
#2131=CARTESIAN_POINT('Ctrl Pts',(-20.25,200.,-68.5845413327226));
#2132=CARTESIAN_POINT('Ctrl Pts',(-20.25,200.728342708476,-68.0119537089745));
#2133=CARTESIAN_POINT('Ctrl Pts',(-20.0922132661922,201.481240773193,-67.3606853299843));
#2134=CARTESIAN_POINT('Ctrl Pts',(-19.4739826026634,202.847488439716,-66.0576086150827));
#2135=CARTESIAN_POINT('Ctrl Pts',(-19.0159035337232,203.462143661171,-65.4060486222379));
#2136=CARTESIAN_POINT('Ctrl Pts',(-18.0504231279114,204.306893984808,-64.4489562331422));
#2137=CARTESIAN_POINT('Ctrl Pts',(-17.5330567700592,204.64261702465,-64.043673410784));
#2138=CARTESIAN_POINT('Ctrl Pts',(-16.6429779909813,204.996505208176,-63.6016276142052));
#2139=CARTESIAN_POINT('Ctrl Pts',(-16.327181081818,205.090352523092,-63.4815835578986));
#2140=CARTESIAN_POINT('Ctrl Pts',(-15.6742491136942,205.217133939305,-63.3183192360794));
#2141=CARTESIAN_POINT('Ctrl Pts',(-15.3370451714277,205.25,-63.2753217049299));
#2142=CARTESIAN_POINT('Ctrl Pts',(-14.6629548285723,205.25,-63.2753217049299));
#2143=CARTESIAN_POINT('Ctrl Pts',(-14.3257508863058,205.217133939305,-63.3183192360794));
#2144=CARTESIAN_POINT('Ctrl Pts',(-13.672818918182,205.090352523092,-63.4815835578986));
#2145=CARTESIAN_POINT('Ctrl Pts',(-13.3570220090188,204.996505208176,-63.6016276142052));
#2146=CARTESIAN_POINT('Ctrl Pts',(-12.4669432299408,204.64261702465,-64.043673410784));
#2147=CARTESIAN_POINT('Ctrl Pts',(-11.9495768720886,204.306893984808,-64.4489562331422));
#2148=CARTESIAN_POINT('Ctrl Pts',(-10.9840964662768,203.462143661171,-65.4060486222379));
#2149=CARTESIAN_POINT('Ctrl Pts',(-10.5260173973366,202.847488439716,-66.0576086150827));
#2150=CARTESIAN_POINT('Ctrl Pts',(-9.90778673380782,201.481240773193,-67.3606853299843));
#2151=CARTESIAN_POINT('Ctrl Pts',(-9.75,200.728342708476,-68.0119537089745));
#2152=CARTESIAN_POINT('Ctrl Pts',(-9.75,199.495434829579,-68.9812059366174));
#2153=CARTESIAN_POINT('Ctrl Pts',(-9.82553024924357,198.94417088687,-69.3865557904642));
#2154=CARTESIAN_POINT('Ctrl Pts',(-9.99999999999999,198.399218940642,-69.7594086372984));
#2155=CARTESIAN_POINT('Origin',(0.,15.,-75.));
#2156=CARTESIAN_POINT('',(-8.,35.,-75.));
#2157=CARTESIAN_POINT('',(0.,35.,-75.));
#2158=CARTESIAN_POINT('',(-8.,7.5,-75.));
#2159=CARTESIAN_POINT('',(-20.25,100.,-75.));
#2160=CARTESIAN_POINT('Origin',(-15.,100.,-75.));
#2161=CARTESIAN_POINT('Origin',(-26.,-7.5,-79.));
#2162=CARTESIAN_POINT('',(-22.,-35.,-75.));
#2163=CARTESIAN_POINT('',(-22.,-35.,-75.));
#2164=CARTESIAN_POINT('',(-22.,-181.458980337503,-75.));
#2165=CARTESIAN_POINT('',(-30.,-181.458980337503,-83.));
#2166=CARTESIAN_POINT('',(-22.,-7.5,-75.));
#2167=CARTESIAN_POINT('Origin',(-26.,-35.,-55.));
#2168=CARTESIAN_POINT('',(-22.,-35.,-35.));
#2169=CARTESIAN_POINT('',(-22.,-35.,-35.));
#2170=CARTESIAN_POINT('Origin',(-22.,-35.,-55.));
#2171=CARTESIAN_POINT('Origin',(-26.,-125.,-31.));
#2172=CARTESIAN_POINT('',(-22.,-203.819660112501,-35.));
#2173=CARTESIAN_POINT('',(-22.,-203.819660112501,-35.));
#2174=CARTESIAN_POINT('',(-22.,-125.,-35.));
#2175=CARTESIAN_POINT('Origin',(-26.,-203.819660112501,-45.));
#2176=CARTESIAN_POINT('',(-22.,-212.7639320225,-49.4721359549997));
#2177=CARTESIAN_POINT('',(-22.,-212.7639320225,-49.4721359549997));
#2178=CARTESIAN_POINT('Origin',(-22.,-203.819660112501,-45.));
#2179=CARTESIAN_POINT('Origin',(-26.,-193.577708764,-96.7888543819998));
#2180=CARTESIAN_POINT('',(-22.,-208.291796067501,-58.4164078649987));
#2181=CARTESIAN_POINT('',(-22.,-208.291796067501,-58.4164078649987));
#2182=CARTESIAN_POINT('',(-22.,-190.,-95.));
#2183=CARTESIAN_POINT('Origin',(-26.,-181.458980337503,-45.));
#2184=CARTESIAN_POINT('Origin',(-22.,-181.458980337503,-45.));
#2185=CARTESIAN_POINT('Origin',(0.,-250.,-35.));
#2186=CARTESIAN_POINT('',(-8.,-35.,-35.));
#2187=CARTESIAN_POINT('',(0.,-35.,-35.));
#2188=CARTESIAN_POINT('',(-8.,-203.819660112501,-35.));
#2189=CARTESIAN_POINT('',(-8.,-125.,-35.));
#2190=CARTESIAN_POINT('',(-11.39823701155,-203.819660112501,-35.));
#2191=CARTESIAN_POINT('',(0.,-203.819660112501,-35.));
#2192=CARTESIAN_POINT('',(-20.25,-200.,-35.));
#2193=CARTESIAN_POINT('Origin',(-15.,-200.,-35.));
#2194=CARTESIAN_POINT('',(-18.60176298845,-203.819660112501,-35.));
#2195=CARTESIAN_POINT('Origin',(-15.,-200.,-35.));
#2196=CARTESIAN_POINT('',(0.,-203.819660112501,-35.));
#2197=CARTESIAN_POINT('',(-20.25,-100.,-35.));
#2198=CARTESIAN_POINT('Origin',(-15.,-100.,-35.));
#2199=CARTESIAN_POINT('Origin',(0.,-35.,-55.));
#2200=CARTESIAN_POINT('',(-8.,-35.,-75.));
#2201=CARTESIAN_POINT('',(0.,-35.,-75.));
#2202=CARTESIAN_POINT('Origin',(-8.,-35.,-55.));
#2203=CARTESIAN_POINT('Origin',(0.,-15.,-75.));
#2204=CARTESIAN_POINT('',(-8.,-181.458980337503,-75.));
#2205=CARTESIAN_POINT('',(0.,-181.458980337503,-75.));
#2206=CARTESIAN_POINT('',(-8.,-7.5,-75.));
#2207=CARTESIAN_POINT('',(-20.25,-100.,-75.));
#2208=CARTESIAN_POINT('Origin',(-15.,-100.,-75.));
#2209=CARTESIAN_POINT('Origin',(-4.,-223.422291236,-79.2111456180002));
#2210=CARTESIAN_POINT('',(0.,-251.055728090001,-15.));
#2211=CARTESIAN_POINT('',(6.23899144805456,-244.080323595556,-15.));
#2212=CARTESIAN_POINT('',(0.,-213.589053160246,-89.9333498595104));
#2213=CARTESIAN_POINT('',(-8.,-220.744470688245,-93.5110586235101));
#2214=CARTESIAN_POINT('',(0.,-219.844582472001,-77.4222912360003));
#2215=CARTESIAN_POINT('Origin',(-4.,-207.328062823246,-86.8028546910107));
#2216=CARTESIAN_POINT('',(-8.,-207.279633336754,-101.802776510302));
#2217=CARTESIAN_POINT('Origin',(-8.,-207.328062823246,-86.8028546910107));
#2218=CARTESIAN_POINT('',(0.,-207.305462396217,-93.8028182066798));
#2219=CARTESIAN_POINT('',(-8.,-207.279633336754,-101.802776510302));
#2220=CARTESIAN_POINT('Origin',(0.,-207.328062823246,-86.8028546910107));
#2221=CARTESIAN_POINT('Origin',(-4.,-108.181807624289,-97.4828035402817));
#2222=CARTESIAN_POINT('',(-8.,0.,-101.133543275374));
#2223=CARTESIAN_POINT('',(0.,-2.69243844996936E-7,-93.1335015796473));
#2224=CARTESIAN_POINT('',(-8.,0.,-101.133543275374));
#2225=CARTESIAN_POINT('',(0.,-108.194722154021,-93.4828243884708));
#2226=CARTESIAN_POINT('',(-8.,-108.168893094558,-101.482782692093));
#2227=CARTESIAN_POINT('Origin',(-4.,223.422291236,-79.2111456180002));
#2228=CARTESIAN_POINT('',(-8.,260.,-15.));
#2229=CARTESIAN_POINT('',(0.,251.055728090001,-15.));
#2230=CARTESIAN_POINT('',(130.464990198043,105.191434706668,-15.));
#2231=CARTESIAN_POINT('',(0.,213.589053160246,-89.9333498595105));
#2232=CARTESIAN_POINT('',(0.,219.844582472001,-77.4222912360004));
#2233=CARTESIAN_POINT('',(-8.,220.744470688245,-93.5110586235101));
#2234=CARTESIAN_POINT('',(0.,213.589053160246,-89.9333498595105));
#2235=CARTESIAN_POINT('',(-8.,227.,-81.));
#2236=CARTESIAN_POINT('Origin',(-4.,207.328062823246,-86.8028546910107));
#2237=CARTESIAN_POINT('',(0.,207.305462396217,-93.8028182066798));
#2238=CARTESIAN_POINT('',(-8.,207.279633336754,-101.802776510302));
#2239=CARTESIAN_POINT('',(0.,207.305462396217,-93.8028182066798));
#2240=CARTESIAN_POINT('Origin',(-8.,207.328062823246,-86.8028546910107));
#2241=CARTESIAN_POINT('Origin',(0.,207.328062823246,-86.8028546910107));
#2242=CARTESIAN_POINT('Origin',(-4.,108.181807624289,-97.4828035402817));
#2243=CARTESIAN_POINT('',(-8.,108.168893094558,-101.482782692093));
#2244=CARTESIAN_POINT('',(0.,108.194722154021,-93.4828243884708));
#2245=CARTESIAN_POINT('Origin',(0.,0.,-25.));
#2246=CARTESIAN_POINT('',(0.,-342.5,-15.));
#2247=CARTESIAN_POINT('',(0.,-181.458980337503,-83.));
#2248=CARTESIAN_POINT('',(0.,-35.,-83.));
#2249=CARTESIAN_POINT('',(0.,-7.5,-83.));
#2250=CARTESIAN_POINT('',(0.,-215.4472135955,-61.9941166289981));
#2251=CARTESIAN_POINT('Origin',(0.,-181.458980337503,-45.));
#2252=CARTESIAN_POINT('',(0.,-219.919349550499,-53.0498447189993));
#2253=CARTESIAN_POINT('',(0.,-197.155417527999,-98.5777087639997));
#2254=CARTESIAN_POINT('',(0.,-203.819660112501,-27.));
#2255=CARTESIAN_POINT('Origin',(0.,-203.819660112501,-45.));
#2256=CARTESIAN_POINT('',(0.,-35.,-27.));
#2257=CARTESIAN_POINT('',(0.,-125.,-27.));
#2258=CARTESIAN_POINT('Origin',(0.,-35.,-55.));
#2259=CARTESIAN_POINT('',(0.,35.,-83.));
#2260=CARTESIAN_POINT('',(0.,181.458980337503,-83.));
#2261=CARTESIAN_POINT('',(0.,7.5,-83.));
#2262=CARTESIAN_POINT('',(0.,35.,-27.));
#2263=CARTESIAN_POINT('Origin',(0.,35.,-55.));
#2264=CARTESIAN_POINT('',(0.,203.819660112501,-27.));
#2265=CARTESIAN_POINT('',(0.,125.,-27.));
#2266=CARTESIAN_POINT('',(0.,219.9193495505,-53.0498447189994));
#2267=CARTESIAN_POINT('Origin',(0.,203.819660112501,-45.));
#2268=CARTESIAN_POINT('',(0.,215.4472135955,-61.9941166289981));
#2269=CARTESIAN_POINT('',(0.,197.155417527999,-98.5777087639997));
#2270=CARTESIAN_POINT('Origin',(0.,181.458980337503,-45.));
#2271=CARTESIAN_POINT('Origin',(0.,250.,-35.));
#2272=CARTESIAN_POINT('',(-19.,258.5,-18.));
#2273=CARTESIAN_POINT('',(-25.6883691459024,258.5,-18.));
#2274=CARTESIAN_POINT('',(-19.,260.,-15.));
#2275=CARTESIAN_POINT('',(-19.,263.25,-8.5));
#2276=CARTESIAN_POINT('',(0.,260.,-15.));
#2277=CARTESIAN_POINT('',(0.,220.744470688245,-93.5110586235101));
#2278=CARTESIAN_POINT('',(-20.25,240.,-55.));
#2279=CARTESIAN_POINT('Origin',(-15.,240.,-55.));
#2280=CARTESIAN_POINT('Origin',(-4.,-7.5,-79.));
#2281=CARTESIAN_POINT('',(-8.,-181.458980337503,-75.));
#2282=CARTESIAN_POINT('',(0.,-35.,-83.));
#2283=CARTESIAN_POINT('Origin',(-4.,-181.458980337503,-45.));
#2284=CARTESIAN_POINT('',(-8.,-208.291796067501,-58.4164078649987));
#2285=CARTESIAN_POINT('',(-8.,-208.291796067501,-58.4164078649987));
#2286=CARTESIAN_POINT('Origin',(-8.,-181.458980337503,-45.));
#2287=CARTESIAN_POINT('Origin',(-4.,-193.577708764,-96.7888543819998));
#2288=CARTESIAN_POINT('',(-8.,-212.7639320225,-49.4721359549997));
#2289=CARTESIAN_POINT('',(-8.,-212.7639320225,-49.4721359549997));
#2290=CARTESIAN_POINT('',(-8.,-190.,-95.));
#2291=CARTESIAN_POINT('Origin',(-4.,-203.819660112501,-45.));
#2292=CARTESIAN_POINT('Origin',(-8.,-203.819660112501,-45.));
#2293=CARTESIAN_POINT('',(-8.,-203.819660112501,-35.));
#2294=CARTESIAN_POINT('Origin',(-4.,-125.,-31.));
#2295=CARTESIAN_POINT('',(-8.,-35.,-35.));
#2296=CARTESIAN_POINT('Origin',(-4.,-35.,-55.));
#2297=CARTESIAN_POINT('Origin',(0.,-200.,-75.));
#2298=CARTESIAN_POINT('',(0.,-212.7639320225,-49.4721359549997));
#2299=CARTESIAN_POINT('',(0.,-208.291796067501,-58.4164078649987));
#2300=CARTESIAN_POINT('Origin',(0.,-181.458980337503,-45.));
#2301=CARTESIAN_POINT('',(-10.,-198.399218940642,-69.7594086372987));
#2302=CARTESIAN_POINT('',(-20.25,-200.,-68.5845413327226));
#2303=CARTESIAN_POINT('Ctrl Pts',(-9.99999999999999,-198.399218940642,-69.7594086372984));
#2304=CARTESIAN_POINT('Ctrl Pts',(-10.0432927673723,-198.26399505378,-69.8519280080896));
#2305=CARTESIAN_POINT('Ctrl Pts',(-10.092516387134,-198.129172293567,-69.9425407005746));
#2306=CARTESIAN_POINT('Ctrl Pts',(-10.4252803078616,-197.323616760432,-70.4747310348292));
#2307=CARTESIAN_POINT('Ctrl Pts',(-10.8619368917814,-196.683712647566,-70.8563757213201));
#2308=CARTESIAN_POINT('Ctrl Pts',(-11.8485671359186,-195.757624083204,-71.3775470508795));
#2309=CARTESIAN_POINT('Ctrl Pts',(-12.4124442043804,-195.382426044267,-71.5747595954365));
#2310=CARTESIAN_POINT('Ctrl Pts',(-13.6636886756657,-194.8783097728,-71.8328489218031));
#2311=CARTESIAN_POINT('Ctrl Pts',(-14.3510081009261,-194.75,-71.8951444749999));
#2312=CARTESIAN_POINT('Ctrl Pts',(-15.,-194.75,-71.8951444749999));
#2313=CARTESIAN_POINT('Ctrl Pts',(-15.6489918990739,-194.75,-71.8951444749999));
#2314=CARTESIAN_POINT('Ctrl Pts',(-16.3363113243343,-194.8783097728,-71.8328489218031));
#2315=CARTESIAN_POINT('Ctrl Pts',(-17.5875557956196,-195.382426044267,-71.5747595954365));
#2316=CARTESIAN_POINT('Ctrl Pts',(-18.1514328640814,-195.757624083204,-71.3775470508795));
#2317=CARTESIAN_POINT('Ctrl Pts',(-19.1380631082186,-196.683712647566,-70.8563757213201));
#2318=CARTESIAN_POINT('Ctrl Pts',(-19.5747196921384,-197.323616760432,-70.4747310348292));
#2319=CARTESIAN_POINT('Ctrl Pts',(-20.1298780309626,-198.667545124505,-69.5868646421712));
#2320=CARTESIAN_POINT('Ctrl Pts',(-20.25,-199.37023248102,-69.0796339354355));
#2321=CARTESIAN_POINT('Ctrl Pts',(-20.25,-200.,-68.5845413327226));
#2322=CARTESIAN_POINT('Ctrl Pts',(-20.25,-200.,-68.5845413327226));
#2323=CARTESIAN_POINT('Ctrl Pts',(-20.25,-200.728342708476,-68.0119537089745));
#2324=CARTESIAN_POINT('Ctrl Pts',(-20.0922132661922,-201.481240773193,-67.3606853299843));
#2325=CARTESIAN_POINT('Ctrl Pts',(-19.4739826026634,-202.847488439716,-66.0576086150827));
#2326=CARTESIAN_POINT('Ctrl Pts',(-19.0159035337232,-203.462143661171,-65.4060486222379));
#2327=CARTESIAN_POINT('Ctrl Pts',(-18.0504231279114,-204.306893984808,-64.4489562331422));
#2328=CARTESIAN_POINT('Ctrl Pts',(-17.5330567700592,-204.64261702465,-64.043673410784));
#2329=CARTESIAN_POINT('Ctrl Pts',(-16.6429779909813,-204.996505208176,-63.6016276142052));
#2330=CARTESIAN_POINT('Ctrl Pts',(-16.327181081818,-205.090352523092,-63.4815835578986));
#2331=CARTESIAN_POINT('Ctrl Pts',(-15.6742491136942,-205.217133939305,-63.3183192360794));
#2332=CARTESIAN_POINT('Ctrl Pts',(-15.3370451714277,-205.25,-63.2753217049299));
#2333=CARTESIAN_POINT('Ctrl Pts',(-14.6629548285723,-205.25,-63.2753217049299));
#2334=CARTESIAN_POINT('Ctrl Pts',(-14.3257508863058,-205.217133939305,-63.3183192360794));
#2335=CARTESIAN_POINT('Ctrl Pts',(-13.672818918182,-205.090352523092,-63.4815835578986));
#2336=CARTESIAN_POINT('Ctrl Pts',(-13.3570220090188,-204.996505208176,-63.6016276142052));
#2337=CARTESIAN_POINT('Ctrl Pts',(-12.4669432299408,-204.64261702465,-64.043673410784));
#2338=CARTESIAN_POINT('Ctrl Pts',(-11.9495768720886,-204.306893984808,-64.4489562331422));
#2339=CARTESIAN_POINT('Ctrl Pts',(-10.9840964662768,-203.462143661171,-65.4060486222379));
#2340=CARTESIAN_POINT('Ctrl Pts',(-10.5260173973366,-202.847488439716,-66.0576086150827));
#2341=CARTESIAN_POINT('Ctrl Pts',(-9.90778673380782,-201.481240773193,-67.3606853299843));
#2342=CARTESIAN_POINT('Ctrl Pts',(-9.75,-200.728342708476,-68.0119537089745));
#2343=CARTESIAN_POINT('Ctrl Pts',(-9.75,-199.495434829579,-68.9812059366174));
#2344=CARTESIAN_POINT('Ctrl Pts',(-9.82553024924357,-198.94417088687,-69.3865557904642));
#2345=CARTESIAN_POINT('Ctrl Pts',(-9.99999999999999,-198.399218940642,-69.7594086372984));
#2346=CARTESIAN_POINT('Origin',(-4.,7.5,-79.));
#2347=CARTESIAN_POINT('',(0.,181.458980337503,-83.));
#2348=CARTESIAN_POINT('',(-8.,35.,-75.));
#2349=CARTESIAN_POINT('Origin',(-4.,181.458980337503,-45.));
#2350=CARTESIAN_POINT('',(0.,215.4472135955,-61.9941166289981));
#2351=CARTESIAN_POINT('Origin',(-4.,193.577708764,-96.7888543819998));
#2352=CARTESIAN_POINT('',(0.,219.9193495505,-53.0498447189994));
#2353=CARTESIAN_POINT('Origin',(-4.,203.819660112501,-45.));
#2354=CARTESIAN_POINT('',(-8.,203.819660112501,-35.));
#2355=CARTESIAN_POINT('',(0.,203.819660112501,-27.));
#2356=CARTESIAN_POINT('Origin',(-8.,203.819660112501,-45.));
#2357=CARTESIAN_POINT('Origin',(-4.,125.,-31.));
#2358=CARTESIAN_POINT('',(-8.,35.,-35.));
#2359=CARTESIAN_POINT('',(0.,35.,-27.));
#2360=CARTESIAN_POINT('',(-8.,125.,-35.));
#2361=CARTESIAN_POINT('Origin',(-4.,35.,-55.));
#2362=CARTESIAN_POINT('Origin',(-8.,35.,-55.));
#2363=CARTESIAN_POINT('Origin',(0.,250.,-35.));
#2364=CARTESIAN_POINT('',(-18.60176298845,203.819660112501,-35.));
#2365=CARTESIAN_POINT('',(0.,203.819660112501,-35.));
#2366=CARTESIAN_POINT('',(-20.25,200.,-35.));
#2367=CARTESIAN_POINT('Origin',(-15.,200.,-35.));
#2368=CARTESIAN_POINT('',(-11.39823701155,203.819660112501,-35.));
#2369=CARTESIAN_POINT('Origin',(-15.,200.,-35.));
#2370=CARTESIAN_POINT('',(0.,203.819660112501,-35.));
#2371=CARTESIAN_POINT('',(0.,35.,-35.));
#2372=CARTESIAN_POINT('',(-20.25,100.,-35.));
#2373=CARTESIAN_POINT('Origin',(-15.,100.,-35.));
#2374=CARTESIAN_POINT('Origin',(0.,35.,-55.));
#2375=CARTESIAN_POINT('Origin',(0.,207.328062823246,-86.8028546910107));
#2376=CARTESIAN_POINT('',(0.,207.279633336754,-101.802776510302));
#2377=CARTESIAN_POINT('Origin',(0.,-207.328062823246,-86.8028546910107));
#2378=CARTESIAN_POINT('',(0.,-207.279633336754,-101.802776510302));
#2379=CARTESIAN_POINT('Origin',(-15.,-100.,-35.));
#2380=CARTESIAN_POINT('',(-20.25,-100.,-101.456408201443));
#2381=CARTESIAN_POINT('',(-20.25,-100.,-35.));
#2382=CARTESIAN_POINT('Origin',(-15.,-100.,-101.456408201443));
#2383=CARTESIAN_POINT('Origin',(-15.,-200.,-35.));
#2384=CARTESIAN_POINT('',(-20.2499999999997,-199.999998161318,-101.779273121575));
#2385=CARTESIAN_POINT('',(-20.25,-200.,-35.));
#2386=CARTESIAN_POINT('',(-20.,-198.399218940642,-101.774104766927));
#2387=CARTESIAN_POINT('Origin',(-15.,-200.,-101.779273127511));
#2388=CARTESIAN_POINT('Origin',(-15.,-200.,-101.779273127511));
#2389=CARTESIAN_POINT('Origin',(0.,-216.583592135001,-101.832815729997));
#2390=CARTESIAN_POINT('',(-7.5,0.,-101.133543275374));
#2391=CARTESIAN_POINT('Origin',(-15.,-240.,-35.));
#2392=CARTESIAN_POINT('',(-20.25,-240.,-28.));
#2393=CARTESIAN_POINT('',(-20.25,-240.,-35.));
#2394=CARTESIAN_POINT('Origin',(-15.,-240.,-28.));
#2395=CARTESIAN_POINT('Origin',(0.,-203.819660112501,-45.));
#2396=CARTESIAN_POINT('Ctrl Pts',(-11.39823701155,-203.819660112501,-35.));
#2397=CARTESIAN_POINT('Ctrl Pts',(-11.842605147077,-204.238678731082,-35.));
#2398=CARTESIAN_POINT('Ctrl Pts',(-12.3865892643599,-204.598089871339,-35.0272609092012));
#2399=CARTESIAN_POINT('Ctrl Pts',(-13.6274550798297,-205.116141418682,-35.08064608629));
#2400=CARTESIAN_POINT('Ctrl Pts',(-14.3352824149983,-205.25,-35.1028222302401));
#2401=CARTESIAN_POINT('Ctrl Pts',(-15.6647175850017,-205.25,-35.1028222302401));
#2402=CARTESIAN_POINT('Ctrl Pts',(-16.3725449201703,-205.116141418682,-35.08064608629));
#2403=CARTESIAN_POINT('Ctrl Pts',(-17.6134107356401,-204.598089871339,-35.0272609092012));
#2404=CARTESIAN_POINT('Ctrl Pts',(-18.157394852923,-204.238678731082,-35.));
#2405=CARTESIAN_POINT('Ctrl Pts',(-18.6017629884501,-203.819660112501,-35.));
#2406=CARTESIAN_POINT('Origin',(-15.,-100.,-35.));
#2407=CARTESIAN_POINT('',(-20.25,-100.,-28.));
#2408=CARTESIAN_POINT('',(-20.25,-100.,-35.));
#2409=CARTESIAN_POINT('Origin',(-15.,-100.,-28.));
#2410=CARTESIAN_POINT('Origin',(-15.,-200.,-35.));
#2411=CARTESIAN_POINT('',(-20.25,-200.,-28.));
#2412=CARTESIAN_POINT('',(-20.25,-200.,-35.));
#2413=CARTESIAN_POINT('Origin',(-15.,-200.,-28.));
#2414=CARTESIAN_POINT('Origin',(-15.,-240.,-35.));
#2415=CARTESIAN_POINT('',(-17.65,-240.,-28.));
#2416=CARTESIAN_POINT('Origin',(-15.,-240.,-28.));
#2417=CARTESIAN_POINT('',(-17.65,-240.,-15.));
#2418=CARTESIAN_POINT('',(-17.65,-240.,-35.));
#2419=CARTESIAN_POINT('Origin',(-15.,-240.,-15.));
#2420=CARTESIAN_POINT('Origin',(-15.,-200.,-35.));
#2421=CARTESIAN_POINT('',(-17.65,-200.,-28.));
#2422=CARTESIAN_POINT('Origin',(-15.,-200.,-28.));
#2423=CARTESIAN_POINT('',(-17.65,-200.,-15.));
#2424=CARTESIAN_POINT('',(-17.65,-200.,-35.));
#2425=CARTESIAN_POINT('Origin',(-15.,-200.,-15.));
#2426=CARTESIAN_POINT('Origin',(-15.,-100.,-35.));
#2427=CARTESIAN_POINT('',(-17.65,-100.,-28.));
#2428=CARTESIAN_POINT('Origin',(-15.,-100.,-28.));
#2429=CARTESIAN_POINT('',(-17.65,-100.,-15.));
#2430=CARTESIAN_POINT('',(-17.65,-100.,-35.));
#2431=CARTESIAN_POINT('Origin',(-15.,-100.,-15.));
#2432=CARTESIAN_POINT('Origin',(-15.,-240.,-28.));
#2433=CARTESIAN_POINT('Origin',(-15.,-200.,-28.));
#2434=CARTESIAN_POINT('Origin',(-15.,-100.,-28.));
#2435=CARTESIAN_POINT('Origin',(-15.,100.,-35.));
#2436=CARTESIAN_POINT('',(-20.25,100.,-101.456408201443));
#2437=CARTESIAN_POINT('',(-20.25,100.,-35.));
#2438=CARTESIAN_POINT('Origin',(-15.,100.,-101.456408201443));
#2439=CARTESIAN_POINT('Origin',(-15.,200.,-35.));
#2440=CARTESIAN_POINT('',(-20.2499999999997,199.999998161318,-101.779273121575));
#2441=CARTESIAN_POINT('',(-20.25,200.,-35.));
#2442=CARTESIAN_POINT('',(-20.,198.399218940642,-101.774104766927));
#2443=CARTESIAN_POINT('Origin',(-15.,200.,-101.779273127511));
#2444=CARTESIAN_POINT('Origin',(-15.,200.,-101.779273127511));
#2445=CARTESIAN_POINT('Origin',(0.,216.583592135001,-101.832815729997));
#2446=CARTESIAN_POINT('Origin',(-51.3767382918048,-2.1316282072803E-13,
-18.));
#2447=CARTESIAN_POINT('',(-19.,-342.5,-18.));
#2448=CARTESIAN_POINT('Origin',(-19.,342.5,-15.));
#2449=CARTESIAN_POINT('',(-19.,46.25,-15.));
#2450=CARTESIAN_POINT('Origin',(0.,-250.,-15.));
#2451=CARTESIAN_POINT('',(-17.65,240.,-15.));
#2452=CARTESIAN_POINT('Origin',(-15.,240.,-15.));
#2453=CARTESIAN_POINT('',(-17.65,200.,-15.));
#2454=CARTESIAN_POINT('Origin',(-15.,200.,-15.));
#2455=CARTESIAN_POINT('',(-17.65,100.,-15.));
#2456=CARTESIAN_POINT('Origin',(-15.,100.,-15.));
#2457=CARTESIAN_POINT('Origin',(-15.,240.,-35.));
#2458=CARTESIAN_POINT('',(-20.25,240.,-28.));
#2459=CARTESIAN_POINT('',(-20.25,240.,-35.));
#2460=CARTESIAN_POINT('Origin',(-15.,240.,-28.));
#2461=CARTESIAN_POINT('Origin',(0.,203.819660112501,-45.));
#2462=CARTESIAN_POINT('Ctrl Pts',(-11.39823701155,203.819660112501,-35.));
#2463=CARTESIAN_POINT('Ctrl Pts',(-11.842605147077,204.238678731082,-35.));
#2464=CARTESIAN_POINT('Ctrl Pts',(-12.3865892643599,204.598089871339,-35.0272609092012));
#2465=CARTESIAN_POINT('Ctrl Pts',(-13.6274550798297,205.116141418682,-35.08064608629));
#2466=CARTESIAN_POINT('Ctrl Pts',(-14.3352824149983,205.25,-35.1028222302401));
#2467=CARTESIAN_POINT('Ctrl Pts',(-15.6647175850017,205.25,-35.1028222302401));
#2468=CARTESIAN_POINT('Ctrl Pts',(-16.3725449201703,205.116141418682,-35.08064608629));
#2469=CARTESIAN_POINT('Ctrl Pts',(-17.6134107356401,204.598089871339,-35.0272609092012));
#2470=CARTESIAN_POINT('Ctrl Pts',(-18.157394852923,204.238678731082,-35.));
#2471=CARTESIAN_POINT('Ctrl Pts',(-18.6017629884501,203.819660112501,-35.));
#2472=CARTESIAN_POINT('Origin',(-15.,100.,-35.));
#2473=CARTESIAN_POINT('',(-20.25,100.,-28.));
#2474=CARTESIAN_POINT('',(-20.25,100.,-35.));
#2475=CARTESIAN_POINT('Origin',(-15.,100.,-28.));
#2476=CARTESIAN_POINT('Origin',(-15.,200.,-35.));
#2477=CARTESIAN_POINT('',(-20.25,200.,-28.));
#2478=CARTESIAN_POINT('',(-20.25,200.,-35.));
#2479=CARTESIAN_POINT('Origin',(-15.,200.,-28.));
#2480=CARTESIAN_POINT('Origin',(-15.,240.,-35.));
#2481=CARTESIAN_POINT('',(-17.65,240.,-28.));
#2482=CARTESIAN_POINT('Origin',(-15.,240.,-28.));
#2483=CARTESIAN_POINT('',(-17.65,240.,-35.));
#2484=CARTESIAN_POINT('Origin',(-15.,200.,-35.));
#2485=CARTESIAN_POINT('',(-17.65,200.,-28.));
#2486=CARTESIAN_POINT('Origin',(-15.,200.,-28.));
#2487=CARTESIAN_POINT('',(-17.65,200.,-35.));
#2488=CARTESIAN_POINT('Origin',(-15.,100.,-35.));
#2489=CARTESIAN_POINT('',(-17.65,100.,-28.));
#2490=CARTESIAN_POINT('Origin',(-15.,100.,-28.));
#2491=CARTESIAN_POINT('',(-17.65,100.,-35.));
#2492=CARTESIAN_POINT('Origin',(-15.,240.,-28.));
#2493=CARTESIAN_POINT('Origin',(-15.,200.,-28.));
#2494=CARTESIAN_POINT('Origin',(-15.,100.,-28.));
#2495=UNCERTAINTY_MEASURE_WITH_UNIT(LENGTH_MEASURE(0.01),#2499,
'DISTANCE_ACCURACY_VALUE',
'Maximum model space distance between geometric entities at asserted c
onnectivities');
#2496=UNCERTAINTY_MEASURE_WITH_UNIT(LENGTH_MEASURE(0.01),#2499,
'DISTANCE_ACCURACY_VALUE',
'Maximum model space distance between geometric entities at asserted c
onnectivities');
#2497=(
GEOMETRIC_REPRESENTATION_CONTEXT(3)
GLOBAL_UNCERTAINTY_ASSIGNED_CONTEXT((#2495))
GLOBAL_UNIT_ASSIGNED_CONTEXT((#2499,#2501,#2502))
REPRESENTATION_CONTEXT('','3D')
);
#2498=(
GEOMETRIC_REPRESENTATION_CONTEXT(3)
GLOBAL_UNCERTAINTY_ASSIGNED_CONTEXT((#2496))
GLOBAL_UNIT_ASSIGNED_CONTEXT((#2499,#2501,#2502))
REPRESENTATION_CONTEXT('','3D')
);
#2499=(
LENGTH_UNIT()
NAMED_UNIT(*)
SI_UNIT(.MILLI.,.METRE.)
);
#2500=(
LENGTH_UNIT()
NAMED_UNIT(*)
SI_UNIT($,.METRE.)
);
#2501=(
NAMED_UNIT(*)
PLANE_ANGLE_UNIT()
SI_UNIT($,.RADIAN.)
);
#2502=(
NAMED_UNIT(*)
SI_UNIT($,.STERADIAN.)
SOLID_ANGLE_UNIT()
);
#2503=SHAPE_DEFINITION_REPRESENTATION(#2504,#2505);
#2504=PRODUCT_DEFINITION_SHAPE('',$,#2507);
#2505=SHAPE_REPRESENTATION('',(#1431),#2497);
#2506=PRODUCT_DEFINITION_CONTEXT('part definition',#2511,'design');
#2507=PRODUCT_DEFINITION('Voron \X2\044304410438043B0435043D04380435\X0\ 
\X2\04400430043C044B\X0\.','(Unsaved)',#2508,#2506);
#2508=PRODUCT_DEFINITION_FORMATION('',$,#2513);
#2509=PRODUCT_RELATED_PRODUCT_CATEGORY('(Unsaved)','(Unsaved)',(#2513));
#2510=APPLICATION_PROTOCOL_DEFINITION('international standard',
'automotive_design',2009,#2511);
#2511=APPLICATION_CONTEXT(
'Core Data for Automotive Mechanical Design Process');
#2512=PRODUCT_CONTEXT('part definition',#2511,'mechanical');
#2513=PRODUCT('Voron \X2\044304410438043B0435043D04380435\X0\ \X2\04400430043C044B\X0\.',
'(Unsaved)',$,(#2512));
#2514=PRESENTATION_STYLE_ASSIGNMENT((#2516));
#2515=PRESENTATION_STYLE_ASSIGNMENT((#2517));
#2516=SURFACE_STYLE_USAGE(.BOTH.,#2518);
#2517=SURFACE_STYLE_USAGE(.BOTH.,#2519);
#2518=SURFACE_SIDE_STYLE('',(#2520));
#2519=SURFACE_SIDE_STYLE('',(#2521));
#2520=SURFACE_STYLE_FILL_AREA(#2522);
#2521=SURFACE_STYLE_FILL_AREA(#2523);
#2522=FILL_AREA_STYLE('Steel - Satin',(#2524));
#2523=FILL_AREA_STYLE('Opaque(160,160,160)',(#2525));
#2524=FILL_AREA_STYLE_COLOUR('Steel - Satin',#2526);
#2525=FILL_AREA_STYLE_COLOUR('Opaque(160,160,160)',#2527);
#2526=COLOUR_RGB('Steel - Satin',0.627450980392157,0.627450980392157,0.627450980392157);
#2527=COLOUR_RGB('Opaque(160,160,160)',0.627450980392157,0.627450980392157,
0.627450980392157);
ENDSEC;
END-ISO-10303-21;
